[2026-04-19T03:24:14.574Z INFO  benchmark_client] Node address: 10.10.1.3:5013
[2026-04-19T03:24:14.574Z INFO  benchmark_client] Transactions size: 512 B
[2026-04-19T03:24:14.574Z INFO  benchmark_client] Transactions rate: 8000 tx/s
[2026-04-19T03:24:14.574Z INFO  benchmark_client] Waiting for all nodes to be online...
[2026-04-19T03:24:54.754Z INFO  benchmark_client] Start sending transactions
[2026-04-19T03:24:54.755Z INFO  benchmark_client] Sending sample transaction 0
[2026-04-19T03:24:54.805Z INFO  benchmark_client] Sending sample transaction 1
[2026-04-19T03:24:54.855Z INFO  benchmark_client] Sending sample transaction 2
[2026-04-19T03:24:54.905Z INFO  benchmark_client] Sending sample transaction 3
[2026-04-19T03:24:54.955Z INFO  benchmark_client] Sending sample transaction 4
[2026-04-19T03:24:55.005Z INFO  benchmark_client] Sending sample transaction 5
[2026-04-19T03:24:55.056Z INFO  benchmark_client] Sending sample transaction 6
[2026-04-19T03:24:55.105Z INFO  benchmark_client] Sending sample transaction 7
[2026-04-19T03:24:55.155Z INFO  benchmark_client] Sending sample transaction 8
[2026-04-19T03:24:55.205Z INFO  benchmark_client] Sending sample transaction 9
[2026-04-19T03:24:55.255Z INFO  benchmark_client] Sending sample transaction 10
[2026-04-19T03:24:55.305Z INFO  benchmark_client] Sending sample transaction 11
[2026-04-19T03:24:55.355Z INFO  benchmark_client] Sending sample transaction 12
[2026-04-19T03:24:55.405Z INFO  benchmark_client] Sending sample transaction 13
[2026-04-19T03:24:55.455Z INFO  benchmark_client] Sending sample transaction 14
[2026-04-19T03:24:55.505Z INFO  benchmark_client] Sending sample transaction 15
[2026-04-19T03:24:55.555Z INFO  benchmark_client] Sending sample transaction 16
[2026-04-19T03:24:55.605Z INFO  benchmark_client] Sending sample transaction 17
[2026-04-19T03:24:55.655Z INFO  benchmark_client] Sending sample transaction 18
[2026-04-19T03:24:55.705Z INFO  benchmark_client] Sending sample transaction 19
[2026-04-19T03:24:55.755Z INFO  benchmark_client] Sending sample transaction 20
[2026-04-19T03:24:55.805Z INFO  benchmark_client] Sending sample transaction 21
[2026-04-19T03:24:55.855Z INFO  benchmark_client] Sending sample transaction 22
[2026-04-19T03:24:55.905Z INFO  benchmark_client] Sending sample transaction 23
[2026-04-19T03:24:55.955Z INFO  benchmark_client] Sending sample transaction 24
[2026-04-19T03:24:56.005Z INFO  benchmark_client] Sending sample transaction 25
[2026-04-19T03:24:56.055Z INFO  benchmark_client] Sending sample transaction 26
[2026-04-19T03:24:56.105Z INFO  benchmark_client] Sending sample transaction 27
[2026-04-19T03:24:56.155Z INFO  benchmark_client] Sending sample transaction 28
[2026-04-19T03:24:56.205Z INFO  benchmark_client] Sending sample transaction 29
[2026-04-19T03:24:56.255Z INFO  benchmark_client] Sending sample transaction 30
[2026-04-19T03:24:56.305Z INFO  benchmark_client] Sending sample transaction 31
[2026-04-19T03:24:56.355Z INFO  benchmark_client] Sending sample transaction 32
[2026-04-19T03:24:56.405Z INFO  benchmark_client] Sending sample transaction 33
[2026-04-19T03:24:56.455Z INFO  benchmark_client] Sending sample transaction 34
[2026-04-19T03:24:56.505Z INFO  benchmark_client] Sending sample transaction 35
[2026-04-19T03:24:56.555Z INFO  benchmark_client] Sending sample transaction 36
[2026-04-19T03:24:56.605Z INFO  benchmark_client] Sending sample transaction 37
[2026-04-19T03:24:56.655Z INFO  benchmark_client] Sending sample transaction 38
[2026-04-19T03:24:56.705Z INFO  benchmark_client] Sending sample transaction 39
[2026-04-19T03:24:56.755Z INFO  benchmark_client] Sending sample transaction 40
[2026-04-19T03:24:56.805Z INFO  benchmark_client] Sending sample transaction 41
[2026-04-19T03:24:56.855Z INFO  benchmark_client] Sending sample transaction 42
[2026-04-19T03:24:56.905Z INFO  benchmark_client] Sending sample transaction 43
[2026-04-19T03:24:56.955Z INFO  benchmark_client] Sending sample transaction 44
[2026-04-19T03:24:57.005Z INFO  benchmark_client] Sending sample transaction 45
[2026-04-19T03:24:57.055Z INFO  benchmark_client] Sending sample transaction 46
[2026-04-19T03:24:57.172Z WARN  benchmark_client] Transaction rate too high for this client
[2026-04-19T03:24:57.173Z INFO  benchmark_client] Sending sample transaction 47
[2026-04-19T03:24:57.173Z INFO  benchmark_client] Sending sample transaction 48
[2026-04-19T03:24:57.205Z INFO  benchmark_client] Sending sample transaction 49
[2026-04-19T03:24:57.255Z INFO  benchmark_client] Sending sample transaction 50
[2026-04-19T03:24:57.305Z INFO  benchmark_client] Sending sample transaction 51
[2026-04-19T03:24:57.355Z INFO  benchmark_client] Sending sample transaction 52
[2026-04-19T03:24:57.405Z INFO  benchmark_client] Sending sample transaction 53
[2026-04-19T03:24:57.455Z INFO  benchmark_client] Sending sample transaction 54
[2026-04-19T03:24:57.505Z INFO  benchmark_client] Sending sample transaction 55
[2026-04-19T03:24:57.555Z INFO  benchmark_client] Sending sample transaction 56
[2026-04-19T03:24:57.605Z INFO  benchmark_client] Sending sample transaction 57
[2026-04-19T03:24:57.655Z INFO  benchmark_client] Sending sample transaction 58
[2026-04-19T03:24:57.705Z INFO  benchmark_client] Sending sample transaction 59
[2026-04-19T03:24:57.756Z INFO  benchmark_client] Sending sample transaction 60
[2026-04-19T03:24:57.805Z INFO  benchmark_client] Sending sample transaction 61
[2026-04-19T03:24:57.856Z INFO  benchmark_client] Sending sample transaction 62
[2026-04-19T03:24:57.906Z INFO  benchmark_client] Sending sample transaction 63
[2026-04-19T03:24:57.956Z INFO  benchmark_client] Sending sample transaction 64
[2026-04-19T03:24:58.005Z INFO  benchmark_client] Sending sample transaction 65
[2026-04-19T03:24:58.055Z INFO  benchmark_client] Sending sample transaction 66
[2026-04-19T03:24:58.106Z INFO  benchmark_client] Sending sample transaction 67
[2026-04-19T03:24:58.155Z INFO  benchmark_client] Sending sample transaction 68
[2026-04-19T03:24:58.206Z INFO  benchmark_client] Sending sample transaction 69
[2026-04-19T03:24:58.256Z INFO  benchmark_client] Sending sample transaction 70
[2026-04-19T03:24:58.305Z INFO  benchmark_client] Sending sample transaction 71
[2026-04-19T03:24:58.355Z INFO  benchmark_client] Sending sample transaction 72
[2026-04-19T03:24:58.405Z INFO  benchmark_client] Sending sample transaction 73
[2026-04-19T03:24:58.455Z INFO  benchmark_client] Sending sample transaction 74
[2026-04-19T03:24:58.505Z INFO  benchmark_client] Sending sample transaction 75
[2026-04-19T03:24:58.555Z INFO  benchmark_client] Sending sample transaction 76
[2026-04-19T03:24:58.605Z INFO  benchmark_client] Sending sample transaction 77
[2026-04-19T03:24:58.655Z INFO  benchmark_client] Sending sample transaction 78
[2026-04-19T03:24:58.705Z INFO  benchmark_client] Sending sample transaction 79
[2026-04-19T03:24:58.756Z INFO  benchmark_client] Sending sample transaction 80
[2026-04-19T03:24:58.806Z INFO  benchmark_client] Sending sample transaction 81
[2026-04-19T03:24:58.855Z INFO  benchmark_client] Sending sample transaction 82
[2026-04-19T03:24:58.906Z INFO  benchmark_client] Sending sample transaction 83
[2026-04-19T03:24:58.955Z INFO  benchmark_client] Sending sample transaction 84
[2026-04-19T03:24:59.006Z INFO  benchmark_client] Sending sample transaction 85
[2026-04-19T03:24:59.055Z INFO  benchmark_client] Sending sample transaction 86
[2026-04-19T03:24:59.105Z INFO  benchmark_client] Sending sample transaction 87
[2026-04-19T03:24:59.155Z INFO  benchmark_client] Sending sample transaction 88
[2026-04-19T03:24:59.206Z INFO  benchmark_client] Sending sample transaction 89
[2026-04-19T03:24:59.255Z INFO  benchmark_client] Sending sample transaction 90
[2026-04-19T03:24:59.306Z INFO  benchmark_client] Sending sample transaction 91
[2026-04-19T03:24:59.355Z INFO  benchmark_client] Sending sample transaction 92
[2026-04-19T03:24:59.405Z INFO  benchmark_client] Sending sample transaction 93
[2026-04-19T03:24:59.455Z INFO  benchmark_client] Sending sample transaction 94
[2026-04-19T03:24:59.506Z INFO  benchmark_client] Sending sample transaction 95
[2026-04-19T03:24:59.556Z INFO  benchmark_client] Sending sample transaction 96
[2026-04-19T03:24:59.606Z INFO  benchmark_client] Sending sample transaction 97
[2026-04-19T03:24:59.655Z INFO  benchmark_client] Sending sample transaction 98
[2026-04-19T03:24:59.705Z INFO  benchmark_client] Sending sample transaction 99
[2026-04-19T03:24:59.755Z INFO  benchmark_client] Sending sample transaction 100
[2026-04-19T03:24:59.805Z INFO  benchmark_client] Sending sample transaction 101
[2026-04-19T03:24:59.856Z INFO  benchmark_client] Sending sample transaction 102
[2026-04-19T03:24:59.905Z INFO  benchmark_client] Sending sample transaction 103
[2026-04-19T03:24:59.957Z WARN  benchmark_client] Transaction rate too high for this client
[2026-04-19T03:24:59.957Z INFO  benchmark_client] Sending sample transaction 104
[2026-04-19T03:25:00.005Z INFO  benchmark_client] Sending sample transaction 105
[2026-04-19T03:25:00.055Z INFO  benchmark_client] Sending sample transaction 106
[2026-04-19T03:25:00.106Z INFO  benchmark_client] Sending sample transaction 107
[2026-04-19T03:25:00.155Z INFO  benchmark_client] Sending sample transaction 108
[2026-04-19T03:25:00.206Z INFO  benchmark_client] Sending sample transaction 109
[2026-04-19T03:25:00.255Z INFO  benchmark_client] Sending sample transaction 110
[2026-04-19T03:25:00.306Z INFO  benchmark_client] Sending sample transaction 111
[2026-04-19T03:25:00.355Z INFO  benchmark_client] Sending sample transaction 112
[2026-04-19T03:25:00.405Z INFO  benchmark_client] Sending sample transaction 113
[2026-04-19T03:25:00.456Z INFO  benchmark_client] Sending sample transaction 114
[2026-04-19T03:25:00.506Z INFO  benchmark_client] Sending sample transaction 115
[2026-04-19T03:25:00.555Z INFO  benchmark_client] Sending sample transaction 116
[2026-04-19T03:25:00.606Z INFO  benchmark_client] Sending sample transaction 117
[2026-04-19T03:25:00.655Z INFO  benchmark_client] Sending sample transaction 118
[2026-04-19T03:25:00.705Z INFO  benchmark_client] Sending sample transaction 119
[2026-04-19T03:25:00.756Z INFO  benchmark_client] Sending sample transaction 120
[2026-04-19T03:25:00.805Z INFO  benchmark_client] Sending sample transaction 121
[2026-04-19T03:25:00.856Z INFO  benchmark_client] Sending sample transaction 122
[2026-04-19T03:25:00.905Z INFO  benchmark_client] Sending sample transaction 123
[2026-04-19T03:25:00.955Z INFO  benchmark_client] Sending sample transaction 124
[2026-04-19T03:25:01.005Z INFO  benchmark_client] Sending sample transaction 125
[2026-04-19T03:25:01.056Z INFO  benchmark_client] Sending sample transaction 126
[2026-04-19T03:25:01.105Z INFO  benchmark_client] Sending sample transaction 127
[2026-04-19T03:25:01.155Z INFO  benchmark_client] Sending sample transaction 128
[2026-04-19T03:25:01.206Z INFO  benchmark_client] Sending sample transaction 129
[2026-04-19T03:25:01.255Z INFO  benchmark_client] Sending sample transaction 130
[2026-04-19T03:25:01.305Z INFO  benchmark_client] Sending sample transaction 131
[2026-04-19T03:25:01.355Z INFO  benchmark_client] Sending sample transaction 132
[2026-04-19T03:25:01.406Z INFO  benchmark_client] Sending sample transaction 133
[2026-04-19T03:25:01.455Z INFO  benchmark_client] Sending sample transaction 134
[2026-04-19T03:25:01.506Z INFO  benchmark_client] Sending sample transaction 135
[2026-04-19T03:25:01.555Z INFO  benchmark_client] Sending sample transaction 136
[2026-04-19T03:25:01.605Z INFO  benchmark_client] Sending sample transaction 137
[2026-04-19T03:25:01.655Z INFO  benchmark_client] Sending sample transaction 138
[2026-04-19T03:25:01.706Z INFO  benchmark_client] Sending sample transaction 139
[2026-04-19T03:25:01.756Z INFO  benchmark_client] Sending sample transaction 140
[2026-04-19T03:25:01.806Z INFO  benchmark_client] Sending sample transaction 141
[2026-04-19T03:25:01.855Z INFO  benchmark_client] Sending sample transaction 142
[2026-04-19T03:25:01.905Z INFO  benchmark_client] Sending sample transaction 143
[2026-04-19T03:25:01.956Z INFO  benchmark_client] Sending sample transaction 144
[2026-04-19T03:25:02.005Z INFO  benchmark_client] Sending sample transaction 145
[2026-04-19T03:25:02.056Z INFO  benchmark_client] Sending sample transaction 146
[2026-04-19T03:25:02.105Z INFO  benchmark_client] Sending sample transaction 147
[2026-04-19T03:25:02.156Z INFO  benchmark_client] Sending sample transaction 148
[2026-04-19T03:25:02.205Z INFO  benchmark_client] Sending sample transaction 149
[2026-04-19T03:25:02.256Z INFO  benchmark_client] Sending sample transaction 150
[2026-04-19T03:25:02.305Z INFO  benchmark_client] Sending sample transaction 151
[2026-04-19T03:25:02.356Z INFO  benchmark_client] Sending sample transaction 152
[2026-04-19T03:25:02.406Z INFO  benchmark_client] Sending sample transaction 153
[2026-04-19T03:25:02.455Z INFO  benchmark_client] Sending sample transaction 154
[2026-04-19T03:25:02.506Z INFO  benchmark_client] Sending sample transaction 155
[2026-04-19T03:25:02.556Z INFO  benchmark_client] Sending sample transaction 156
[2026-04-19T03:25:02.606Z INFO  benchmark_client] Sending sample transaction 157
[2026-04-19T03:25:02.656Z INFO  benchmark_client] Sending sample transaction 158
[2026-04-19T03:25:02.706Z INFO  benchmark_client] Sending sample transaction 159
[2026-04-19T03:25:02.755Z INFO  benchmark_client] Sending sample transaction 160
[2026-04-19T03:25:02.805Z INFO  benchmark_client] Sending sample transaction 161
[2026-04-19T03:25:02.855Z INFO  benchmark_client] Sending sample transaction 162
[2026-04-19T03:25:02.906Z INFO  benchmark_client] Sending sample transaction 163
[2026-04-19T03:25:02.956Z INFO  benchmark_client] Sending sample transaction 164
[2026-04-19T03:25:03.006Z INFO  benchmark_client] Sending sample transaction 165
[2026-04-19T03:25:03.056Z INFO  benchmark_client] Sending sample transaction 166
[2026-04-19T03:25:03.105Z INFO  benchmark_client] Sending sample transaction 167
[2026-04-19T03:25:03.155Z INFO  benchmark_client] Sending sample transaction 168
[2026-04-19T03:25:03.206Z INFO  benchmark_client] Sending sample transaction 169
[2026-04-19T03:25:03.255Z INFO  benchmark_client] Sending sample transaction 170
[2026-04-19T03:25:03.305Z INFO  benchmark_client] Sending sample transaction 171
[2026-04-19T03:25:03.356Z INFO  benchmark_client] Sending sample transaction 172
[2026-04-19T03:25:03.406Z INFO  benchmark_client] Sending sample transaction 173
[2026-04-19T03:25:03.456Z INFO  benchmark_client] Sending sample transaction 174
[2026-04-19T03:25:03.506Z INFO  benchmark_client] Sending sample transaction 175
[2026-04-19T03:25:03.556Z INFO  benchmark_client] Sending sample transaction 176
[2026-04-19T03:25:03.606Z INFO  benchmark_client] Sending sample transaction 177
[2026-04-19T03:25:03.656Z INFO  benchmark_client] Sending sample transaction 178
[2026-04-19T03:25:03.706Z INFO  benchmark_client] Sending sample transaction 179
[2026-04-19T03:25:03.755Z INFO  benchmark_client] Sending sample transaction 180
[2026-04-19T03:25:03.805Z INFO  benchmark_client] Sending sample transaction 181
[2026-04-19T03:25:03.856Z INFO  benchmark_client] Sending sample transaction 182
[2026-04-19T03:25:03.906Z INFO  benchmark_client] Sending sample transaction 183
[2026-04-19T03:25:03.956Z INFO  benchmark_client] Sending sample transaction 184
[2026-04-19T03:25:04.005Z INFO  benchmark_client] Sending sample transaction 185
[2026-04-19T03:25:04.056Z INFO  benchmark_client] Sending sample transaction 186
[2026-04-19T03:25:04.106Z INFO  benchmark_client] Sending sample transaction 187
[2026-04-19T03:25:04.155Z INFO  benchmark_client] Sending sample transaction 188
[2026-04-19T03:25:04.206Z INFO  benchmark_client] Sending sample transaction 189
[2026-04-19T03:25:04.256Z INFO  benchmark_client] Sending sample transaction 190
[2026-04-19T03:25:04.305Z INFO  benchmark_client] Sending sample transaction 191
[2026-04-19T03:25:04.356Z INFO  benchmark_client] Sending sample transaction 192
[2026-04-19T03:25:04.406Z INFO  benchmark_client] Sending sample transaction 193
[2026-04-19T03:25:04.456Z INFO  benchmark_client] Sending sample transaction 194
[2026-04-19T03:25:04.506Z INFO  benchmark_client] Sending sample transaction 195
[2026-04-19T03:25:04.556Z INFO  benchmark_client] Sending sample transaction 196
[2026-04-19T03:25:04.605Z INFO  benchmark_client] Sending sample transaction 197
[2026-04-19T03:25:04.655Z INFO  benchmark_client] Sending sample transaction 198
[2026-04-19T03:25:04.705Z INFO  benchmark_client] Sending sample transaction 199
[2026-04-19T03:25:04.756Z INFO  benchmark_client] Sending sample transaction 200
[2026-04-19T03:25:04.805Z INFO  benchmark_client] Sending sample transaction 201
[2026-04-19T03:25:04.856Z INFO  benchmark_client] Sending sample transaction 202
[2026-04-19T03:25:04.906Z INFO  benchmark_client] Sending sample transaction 203
[2026-04-19T03:25:04.956Z INFO  benchmark_client] Sending sample transaction 204
[2026-04-19T03:25:05.005Z INFO  benchmark_client] Sending sample transaction 205
[2026-04-19T03:25:05.055Z INFO  benchmark_client] Sending sample transaction 206
[2026-04-19T03:25:05.106Z INFO  benchmark_client] Sending sample transaction 207
[2026-04-19T03:25:05.156Z INFO  benchmark_client] Sending sample transaction 208
[2026-04-19T03:25:05.206Z INFO  benchmark_client] Sending sample transaction 209
[2026-04-19T03:25:05.255Z INFO  benchmark_client] Sending sample transaction 210
[2026-04-19T03:25:05.306Z INFO  benchmark_client] Sending sample transaction 211
[2026-04-19T03:25:05.355Z INFO  benchmark_client] Sending sample transaction 212
[2026-04-19T03:25:05.405Z INFO  benchmark_client] Sending sample transaction 213
[2026-04-19T03:25:05.456Z INFO  benchmark_client] Sending sample transaction 214
[2026-04-19T03:25:05.506Z INFO  benchmark_client] Sending sample transaction 215
[2026-04-19T03:25:05.555Z INFO  benchmark_client] Sending sample transaction 216
[2026-04-19T03:25:05.605Z INFO  benchmark_client] Sending sample transaction 217
[2026-04-19T03:25:05.655Z INFO  benchmark_client] Sending sample transaction 218
[2026-04-19T03:25:05.705Z INFO  benchmark_client] Sending sample transaction 219
[2026-04-19T03:25:05.756Z INFO  benchmark_client] Sending sample transaction 220
[2026-04-19T03:25:05.805Z INFO  benchmark_client] Sending sample transaction 221
[2026-04-19T03:25:05.855Z INFO  benchmark_client] Sending sample transaction 222
[2026-04-19T03:25:05.906Z INFO  benchmark_client] Sending sample transaction 223
[2026-04-19T03:25:05.955Z INFO  benchmark_client] Sending sample transaction 224
[2026-04-19T03:25:06.006Z INFO  benchmark_client] Sending sample transaction 225
[2026-04-19T03:25:06.056Z INFO  benchmark_client] Sending sample transaction 226
[2026-04-19T03:25:06.106Z INFO  benchmark_client] Sending sample transaction 227
[2026-04-19T03:25:06.156Z INFO  benchmark_client] Sending sample transaction 228
[2026-04-19T03:25:06.206Z INFO  benchmark_client] Sending sample transaction 229
[2026-04-19T03:25:06.256Z INFO  benchmark_client] Sending sample transaction 230
[2026-04-19T03:25:06.306Z INFO  benchmark_client] Sending sample transaction 231
[2026-04-19T03:25:06.357Z INFO  benchmark_client] Sending sample transaction 232
[2026-04-19T03:25:06.405Z INFO  benchmark_client] Sending sample transaction 233
[2026-04-19T03:25:06.456Z INFO  benchmark_client] Sending sample transaction 234
[2026-04-19T03:25:06.506Z INFO  benchmark_client] Sending sample transaction 235
[2026-04-19T03:25:06.555Z INFO  benchmark_client] Sending sample transaction 236
[2026-04-19T03:25:06.607Z INFO  benchmark_client] Sending sample transaction 237
[2026-04-19T03:25:06.656Z INFO  benchmark_client] Sending sample transaction 238
[2026-04-19T03:25:06.705Z INFO  benchmark_client] Sending sample transaction 239
[2026-04-19T03:25:06.756Z INFO  benchmark_client] Sending sample transaction 240
[2026-04-19T03:25:06.806Z INFO  benchmark_client] Sending sample transaction 241
[2026-04-19T03:25:06.855Z INFO  benchmark_client] Sending sample transaction 242
[2026-04-19T03:25:06.905Z INFO  benchmark_client] Sending sample transaction 243
[2026-04-19T03:25:06.955Z INFO  benchmark_client] Sending sample transaction 244
[2026-04-19T03:25:07.005Z INFO  benchmark_client] Sending sample transaction 245
[2026-04-19T03:25:07.055Z INFO  benchmark_client] Sending sample transaction 246
[2026-04-19T03:25:07.106Z INFO  benchmark_client] Sending sample transaction 247
[2026-04-19T03:25:07.156Z INFO  benchmark_client] Sending sample transaction 248
[2026-04-19T03:25:07.206Z INFO  benchmark_client] Sending sample transaction 249
[2026-04-19T03:25:07.256Z INFO  benchmark_client] Sending sample transaction 250
[2026-04-19T03:25:07.306Z INFO  benchmark_client] Sending sample transaction 251
[2026-04-19T03:25:07.356Z INFO  benchmark_client] Sending sample transaction 252
[2026-04-19T03:25:07.405Z INFO  benchmark_client] Sending sample transaction 253
[2026-04-19T03:25:07.456Z INFO  benchmark_client] Sending sample transaction 254
[2026-04-19T03:25:07.506Z INFO  benchmark_client] Sending sample transaction 255
[2026-04-19T03:25:07.557Z INFO  benchmark_client] Sending sample transaction 256
[2026-04-19T03:25:07.606Z INFO  benchmark_client] Sending sample transaction 257
[2026-04-19T03:25:07.656Z INFO  benchmark_client] Sending sample transaction 258
[2026-04-19T03:25:07.705Z INFO  benchmark_client] Sending sample transaction 259
[2026-04-19T03:25:07.756Z INFO  benchmark_client] Sending sample transaction 260
[2026-04-19T03:25:07.806Z INFO  benchmark_client] Sending sample transaction 261
[2026-04-19T03:25:07.855Z INFO  benchmark_client] Sending sample transaction 262
[2026-04-19T03:25:07.906Z INFO  benchmark_client] Sending sample transaction 263
[2026-04-19T03:25:07.956Z INFO  benchmark_client] Sending sample transaction 264
[2026-04-19T03:25:08.006Z INFO  benchmark_client] Sending sample transaction 265
[2026-04-19T03:25:08.055Z INFO  benchmark_client] Sending sample transaction 266
[2026-04-19T03:25:08.106Z INFO  benchmark_client] Sending sample transaction 267
[2026-04-19T03:25:08.156Z INFO  benchmark_client] Sending sample transaction 268
[2026-04-19T03:25:08.205Z INFO  benchmark_client] Sending sample transaction 269
[2026-04-19T03:25:08.256Z INFO  benchmark_client] Sending sample transaction 270
[2026-04-19T03:25:08.306Z INFO  benchmark_client] Sending sample transaction 271
[2026-04-19T03:25:08.355Z INFO  benchmark_client] Sending sample transaction 272
[2026-04-19T03:25:08.406Z INFO  benchmark_client] Sending sample transaction 273
[2026-04-19T03:25:08.457Z INFO  benchmark_client] Sending sample transaction 274
[2026-04-19T03:25:08.507Z INFO  benchmark_client] Sending sample transaction 275
[2026-04-19T03:25:08.556Z INFO  benchmark_client] Sending sample transaction 276
[2026-04-19T03:25:08.606Z INFO  benchmark_client] Sending sample transaction 277
[2026-04-19T03:25:08.656Z INFO  benchmark_client] Sending sample transaction 278
[2026-04-19T03:25:08.706Z INFO  benchmark_client] Sending sample transaction 279
[2026-04-19T03:25:08.756Z INFO  benchmark_client] Sending sample transaction 280
[2026-04-19T03:25:08.806Z INFO  benchmark_client] Sending sample transaction 281
[2026-04-19T03:25:08.856Z INFO  benchmark_client] Sending sample transaction 282
[2026-04-19T03:25:08.907Z INFO  benchmark_client] Sending sample transaction 283
[2026-04-19T03:25:08.956Z INFO  benchmark_client] Sending sample transaction 284
[2026-04-19T03:25:09.006Z INFO  benchmark_client] Sending sample transaction 285
[2026-04-19T03:25:09.056Z INFO  benchmark_client] Sending sample transaction 286
[2026-04-19T03:25:09.106Z INFO  benchmark_client] Sending sample transaction 287
[2026-04-19T03:25:09.156Z INFO  benchmark_client] Sending sample transaction 288
[2026-04-19T03:25:09.206Z INFO  benchmark_client] Sending sample transaction 289
[2026-04-19T03:25:09.256Z INFO  benchmark_client] Sending sample transaction 290
[2026-04-19T03:25:09.307Z INFO  benchmark_client] Sending sample transaction 291
[2026-04-19T03:25:09.356Z INFO  benchmark_client] Sending sample transaction 292
[2026-04-19T03:25:09.406Z INFO  benchmark_client] Sending sample transaction 293
[2026-04-19T03:25:09.457Z INFO  benchmark_client] Sending sample transaction 294
[2026-04-19T03:25:09.506Z INFO  benchmark_client] Sending sample transaction 295
[2026-04-19T03:25:09.556Z INFO  benchmark_client] Sending sample transaction 296
[2026-04-19T03:25:09.606Z INFO  benchmark_client] Sending sample transaction 297
[2026-04-19T03:25:09.656Z INFO  benchmark_client] Sending sample transaction 298
[2026-04-19T03:25:09.706Z INFO  benchmark_client] Sending sample transaction 299
[2026-04-19T03:25:09.756Z INFO  benchmark_client] Sending sample transaction 300
[2026-04-19T03:25:09.806Z INFO  benchmark_client] Sending sample transaction 301
[2026-04-19T03:25:09.857Z INFO  benchmark_client] Sending sample transaction 302
[2026-04-19T03:25:09.906Z INFO  benchmark_client] Sending sample transaction 303
[2026-04-19T03:25:09.956Z INFO  benchmark_client] Sending sample transaction 304
[2026-04-19T03:25:10.005Z INFO  benchmark_client] Sending sample transaction 305
[2026-04-19T03:25:10.056Z INFO  benchmark_client] Sending sample transaction 306
[2026-04-19T03:25:10.107Z INFO  benchmark_client] Sending sample transaction 307
[2026-04-19T03:25:10.156Z INFO  benchmark_client] Sending sample transaction 308
[2026-04-19T03:25:10.207Z INFO  benchmark_client] Sending sample transaction 309
[2026-04-19T03:25:10.256Z INFO  benchmark_client] Sending sample transaction 310
[2026-04-19T03:25:10.306Z INFO  benchmark_client] Sending sample transaction 311
[2026-04-19T03:25:10.356Z INFO  benchmark_client] Sending sample transaction 312
[2026-04-19T03:25:10.406Z INFO  benchmark_client] Sending sample transaction 313
[2026-04-19T03:25:10.456Z INFO  benchmark_client] Sending sample transaction 314
[2026-04-19T03:25:10.506Z INFO  benchmark_client] Sending sample transaction 315
[2026-04-19T03:25:10.556Z INFO  benchmark_client] Sending sample transaction 316
[2026-04-19T03:25:10.606Z INFO  benchmark_client] Sending sample transaction 317
[2026-04-19T03:25:10.656Z INFO  benchmark_client] Sending sample transaction 318
[2026-04-19T03:25:10.707Z INFO  benchmark_client] Sending sample transaction 319
[2026-04-19T03:25:10.757Z INFO  benchmark_client] Sending sample transaction 320
[2026-04-19T03:25:10.806Z INFO  benchmark_client] Sending sample transaction 321
[2026-04-19T03:25:10.856Z INFO  benchmark_client] Sending sample transaction 322
[2026-04-19T03:25:10.907Z INFO  benchmark_client] Sending sample transaction 323
[2026-04-19T03:25:10.956Z INFO  benchmark_client] Sending sample transaction 324
[2026-04-19T03:25:11.005Z INFO  benchmark_client] Sending sample transaction 325
[2026-04-19T03:25:11.057Z INFO  benchmark_client] Sending sample transaction 326
[2026-04-19T03:25:11.106Z INFO  benchmark_client] Sending sample transaction 327
[2026-04-19T03:25:11.156Z INFO  benchmark_client] Sending sample transaction 328
[2026-04-19T03:25:11.206Z INFO  benchmark_client] Sending sample transaction 329
[2026-04-19T03:25:11.255Z INFO  benchmark_client] Sending sample transaction 330
[2026-04-19T03:25:11.307Z INFO  benchmark_client] Sending sample transaction 331
[2026-04-19T03:25:11.357Z INFO  benchmark_client] Sending sample transaction 332
[2026-04-19T03:25:11.406Z INFO  benchmark_client] Sending sample transaction 333
[2026-04-19T03:25:11.455Z INFO  benchmark_client] Sending sample transaction 334
[2026-04-19T03:25:11.506Z INFO  benchmark_client] Sending sample transaction 335
[2026-04-19T03:25:11.556Z INFO  benchmark_client] Sending sample transaction 336
[2026-04-19T03:25:11.606Z INFO  benchmark_client] Sending sample transaction 337
[2026-04-19T03:25:11.656Z INFO  benchmark_client] Sending sample transaction 338
[2026-04-19T03:25:11.706Z INFO  benchmark_client] Sending sample transaction 339
[2026-04-19T03:25:11.756Z INFO  benchmark_client] Sending sample transaction 340
[2026-04-19T03:25:11.806Z INFO  benchmark_client] Sending sample transaction 341
[2026-04-19T03:25:11.856Z INFO  benchmark_client] Sending sample transaction 342
[2026-04-19T03:25:11.906Z INFO  benchmark_client] Sending sample transaction 343
[2026-04-19T03:25:11.956Z INFO  benchmark_client] Sending sample transaction 344
[2026-04-19T03:25:12.006Z INFO  benchmark_client] Sending sample transaction 345
[2026-04-19T03:25:12.056Z INFO  benchmark_client] Sending sample transaction 346
[2026-04-19T03:25:12.106Z INFO  benchmark_client] Sending sample transaction 347
[2026-04-19T03:25:12.156Z INFO  benchmark_client] Sending sample transaction 348
[2026-04-19T03:25:12.206Z INFO  benchmark_client] Sending sample transaction 349
[2026-04-19T03:25:12.256Z INFO  benchmark_client] Sending sample transaction 350
[2026-04-19T03:25:12.307Z INFO  benchmark_client] Sending sample transaction 351
[2026-04-19T03:25:12.356Z INFO  benchmark_client] Sending sample transaction 352
[2026-04-19T03:25:12.407Z INFO  benchmark_client] Sending sample transaction 353
[2026-04-19T03:25:12.456Z INFO  benchmark_client] Sending sample transaction 354
[2026-04-19T03:25:12.506Z INFO  benchmark_client] Sending sample transaction 355
[2026-04-19T03:25:12.556Z INFO  benchmark_client] Sending sample transaction 356
[2026-04-19T03:25:12.607Z INFO  benchmark_client] Sending sample transaction 357
[2026-04-19T03:25:12.656Z INFO  benchmark_client] Sending sample transaction 358
[2026-04-19T03:25:12.706Z INFO  benchmark_client] Sending sample transaction 359
[2026-04-19T03:25:12.757Z INFO  benchmark_client] Sending sample transaction 360
[2026-04-19T03:25:12.807Z INFO  benchmark_client] Sending sample transaction 361
[2026-04-19T03:25:12.856Z INFO  benchmark_client] Sending sample transaction 362
[2026-04-19T03:25:12.907Z INFO  benchmark_client] Sending sample transaction 363
[2026-04-19T03:25:12.956Z INFO  benchmark_client] Sending sample transaction 364
[2026-04-19T03:25:13.006Z INFO  benchmark_client] Sending sample transaction 365
[2026-04-19T03:25:13.057Z INFO  benchmark_client] Sending sample transaction 366
[2026-04-19T03:25:13.106Z INFO  benchmark_client] Sending sample transaction 367
[2026-04-19T03:25:13.156Z INFO  benchmark_client] Sending sample transaction 368
[2026-04-19T03:25:13.206Z INFO  benchmark_client] Sending sample transaction 369
[2026-04-19T03:25:13.256Z INFO  benchmark_client] Sending sample transaction 370
[2026-04-19T03:25:13.307Z INFO  benchmark_client] Sending sample transaction 371
[2026-04-19T03:25:13.357Z INFO  benchmark_client] Sending sample transaction 372
[2026-04-19T03:25:13.407Z INFO  benchmark_client] Sending sample transaction 373
[2026-04-19T03:25:13.456Z INFO  benchmark_client] Sending sample transaction 374
[2026-04-19T03:25:13.506Z INFO  benchmark_client] Sending sample transaction 375
[2026-04-19T03:25:13.556Z INFO  benchmark_client] Sending sample transaction 376
[2026-04-19T03:25:13.607Z INFO  benchmark_client] Sending sample transaction 377
[2026-04-19T03:25:13.656Z INFO  benchmark_client] Sending sample transaction 378
[2026-04-19T03:25:13.706Z INFO  benchmark_client] Sending sample transaction 379
[2026-04-19T03:25:13.756Z INFO  benchmark_client] Sending sample transaction 380
[2026-04-19T03:25:13.806Z INFO  benchmark_client] Sending sample transaction 381
[2026-04-19T03:25:13.856Z INFO  benchmark_client] Sending sample transaction 382
[2026-04-19T03:25:13.906Z INFO  benchmark_client] Sending sample transaction 383
[2026-04-19T03:25:13.956Z INFO  benchmark_client] Sending sample transaction 384
[2026-04-19T03:25:14.006Z INFO  benchmark_client] Sending sample transaction 385
[2026-04-19T03:25:14.057Z INFO  benchmark_client] Sending sample transaction 386
[2026-04-19T03:25:14.106Z INFO  benchmark_client] Sending sample transaction 387
[2026-04-19T03:25:14.156Z INFO  benchmark_client] Sending sample transaction 388
[2026-04-19T03:25:14.206Z INFO  benchmark_client] Sending sample transaction 389
[2026-04-19T03:25:14.256Z INFO  benchmark_client] Sending sample transaction 390
[2026-04-19T03:25:14.306Z INFO  benchmark_client] Sending sample transaction 391
[2026-04-19T03:25:14.356Z INFO  benchmark_client] Sending sample transaction 392
[2026-04-19T03:25:14.407Z INFO  benchmark_client] Sending sample transaction 393
[2026-04-19T03:25:14.456Z INFO  benchmark_client] Sending sample transaction 394
[2026-04-19T03:25:14.506Z INFO  benchmark_client] Sending sample transaction 395
[2026-04-19T03:25:14.557Z INFO  benchmark_client] Sending sample transaction 396
[2026-04-19T03:25:14.606Z INFO  benchmark_client] Sending sample transaction 397
[2026-04-19T03:25:14.656Z INFO  benchmark_client] Sending sample transaction 398
[2026-04-19T03:25:14.706Z INFO  benchmark_client] Sending sample transaction 399
[2026-04-19T03:25:14.755Z INFO  benchmark_client] Sending sample transaction 400
[2026-04-19T03:25:14.805Z INFO  benchmark_client] Sending sample transaction 401
[2026-04-19T03:25:14.855Z INFO  benchmark_client] Sending sample transaction 402
[2026-04-19T03:25:14.905Z INFO  benchmark_client] Sending sample transaction 403
[2026-04-19T03:25:14.955Z INFO  benchmark_client] Sending sample transaction 404
[2026-04-19T03:25:15.005Z INFO  benchmark_client] Sending sample transaction 405
[2026-04-19T03:25:15.055Z INFO  benchmark_client] Sending sample transaction 406
[2026-04-19T03:25:15.105Z INFO  benchmark_client] Sending sample transaction 407
[2026-04-19T03:25:15.155Z INFO  benchmark_client] Sending sample transaction 408
[2026-04-19T03:25:15.205Z INFO  benchmark_client] Sending sample transaction 409
[2026-04-19T03:25:15.255Z INFO  benchmark_client] Sending sample transaction 410
[2026-04-19T03:25:15.305Z INFO  benchmark_client] Sending sample transaction 411
[2026-04-19T03:25:15.355Z INFO  benchmark_client] Sending sample transaction 412
[2026-04-19T03:25:15.405Z INFO  benchmark_client] Sending sample transaction 413
[2026-04-19T03:25:15.455Z INFO  benchmark_client] Sending sample transaction 414
[2026-04-19T03:25:15.505Z INFO  benchmark_client] Sending sample transaction 415
[2026-04-19T03:25:15.555Z INFO  benchmark_client] Sending sample transaction 416
[2026-04-19T03:25:15.605Z INFO  benchmark_client] Sending sample transaction 417
[2026-04-19T03:25:15.655Z INFO  benchmark_client] Sending sample transaction 418
[2026-04-19T03:25:15.705Z INFO  benchmark_client] Sending sample transaction 419
[2026-04-19T03:25:15.755Z INFO  benchmark_client] Sending sample transaction 420
[2026-04-19T03:25:15.805Z INFO  benchmark_client] Sending sample transaction 421
[2026-04-19T03:25:15.855Z INFO  benchmark_client] Sending sample transaction 422
[2026-04-19T03:25:15.905Z INFO  benchmark_client] Sending sample transaction 423
[2026-04-19T03:25:15.955Z INFO  benchmark_client] Sending sample transaction 424
[2026-04-19T03:25:16.006Z INFO  benchmark_client] Sending sample transaction 425
[2026-04-19T03:25:16.055Z INFO  benchmark_client] Sending sample transaction 426
[2026-04-19T03:25:16.105Z INFO  benchmark_client] Sending sample transaction 427
[2026-04-19T03:25:16.155Z INFO  benchmark_client] Sending sample transaction 428
[2026-04-19T03:25:16.205Z INFO  benchmark_client] Sending sample transaction 429
[2026-04-19T03:25:16.255Z INFO  benchmark_client] Sending sample transaction 430
[2026-04-19T03:25:16.305Z INFO  benchmark_client] Sending sample transaction 431
[2026-04-19T03:25:16.356Z INFO  benchmark_client] Sending sample transaction 432
[2026-04-19T03:25:16.405Z INFO  benchmark_client] Sending sample transaction 433
[2026-04-19T03:25:16.455Z INFO  benchmark_client] Sending sample transaction 434
[2026-04-19T03:25:16.505Z INFO  benchmark_client] Sending sample transaction 435
[2026-04-19T03:25:16.555Z INFO  benchmark_client] Sending sample transaction 436
[2026-04-19T03:25:16.605Z INFO  benchmark_client] Sending sample transaction 437
[2026-04-19T03:25:16.655Z INFO  benchmark_client] Sending sample transaction 438
[2026-04-19T03:25:16.705Z INFO  benchmark_client] Sending sample transaction 439
[2026-04-19T03:25:16.755Z INFO  benchmark_client] Sending sample transaction 440
[2026-04-19T03:25:16.805Z INFO  benchmark_client] Sending sample transaction 441
[2026-04-19T03:25:16.855Z INFO  benchmark_client] Sending sample transaction 442
[2026-04-19T03:25:16.905Z INFO  benchmark_client] Sending sample transaction 443
[2026-04-19T03:25:16.955Z INFO  benchmark_client] Sending sample transaction 444
[2026-04-19T03:25:17.005Z INFO  benchmark_client] Sending sample transaction 445
[2026-04-19T03:25:17.055Z INFO  benchmark_client] Sending sample transaction 446
[2026-04-19T03:25:17.106Z INFO  benchmark_client] Sending sample transaction 447
[2026-04-19T03:25:17.155Z INFO  benchmark_client] Sending sample transaction 448
[2026-04-19T03:25:17.206Z INFO  benchmark_client] Sending sample transaction 449
[2026-04-19T03:25:17.255Z INFO  benchmark_client] Sending sample transaction 450
[2026-04-19T03:25:17.306Z INFO  benchmark_client] Sending sample transaction 451
[2026-04-19T03:25:17.355Z INFO  benchmark_client] Sending sample transaction 452
[2026-04-19T03:25:17.405Z INFO  benchmark_client] Sending sample transaction 453
[2026-04-19T03:25:17.455Z INFO  benchmark_client] Sending sample transaction 454
[2026-04-19T03:25:17.505Z INFO  benchmark_client] Sending sample transaction 455
[2026-04-19T03:25:17.555Z INFO  benchmark_client] Sending sample transaction 456
[2026-04-19T03:25:17.606Z INFO  benchmark_client] Sending sample transaction 457
[2026-04-19T03:25:17.655Z INFO  benchmark_client] Sending sample transaction 458
[2026-04-19T03:25:17.706Z INFO  benchmark_client] Sending sample transaction 459
[2026-04-19T03:25:17.755Z INFO  benchmark_client] Sending sample transaction 460
[2026-04-19T03:25:17.805Z INFO  benchmark_client] Sending sample transaction 461
[2026-04-19T03:25:17.856Z INFO  benchmark_client] Sending sample transaction 462
[2026-04-19T03:25:17.906Z INFO  benchmark_client] Sending sample transaction 463
[2026-04-19T03:25:17.955Z INFO  benchmark_client] Sending sample transaction 464
[2026-04-19T03:25:18.005Z INFO  benchmark_client] Sending sample transaction 465
[2026-04-19T03:25:18.056Z INFO  benchmark_client] Sending sample transaction 466
[2026-04-19T03:25:18.105Z INFO  benchmark_client] Sending sample transaction 467
[2026-04-19T03:25:18.156Z INFO  benchmark_client] Sending sample transaction 468
[2026-04-19T03:25:18.205Z INFO  benchmark_client] Sending sample transaction 469
[2026-04-19T03:25:18.256Z INFO  benchmark_client] Sending sample transaction 470
[2026-04-19T03:25:18.305Z INFO  benchmark_client] Sending sample transaction 471
[2026-04-19T03:25:18.355Z INFO  benchmark_client] Sending sample transaction 472
[2026-04-19T03:25:18.406Z INFO  benchmark_client] Sending sample transaction 473
[2026-04-19T03:25:18.455Z INFO  benchmark_client] Sending sample transaction 474
[2026-04-19T03:25:18.506Z INFO  benchmark_client] Sending sample transaction 475
[2026-04-19T03:25:18.555Z INFO  benchmark_client] Sending sample transaction 476
[2026-04-19T03:25:18.605Z INFO  benchmark_client] Sending sample transaction 477
[2026-04-19T03:25:18.656Z INFO  benchmark_client] Sending sample transaction 478
[2026-04-19T03:25:18.705Z INFO  benchmark_client] Sending sample transaction 479
[2026-04-19T03:25:18.755Z INFO  benchmark_client] Sending sample transaction 480
[2026-04-19T03:25:18.805Z INFO  benchmark_client] Sending sample transaction 481
[2026-04-19T03:25:18.855Z INFO  benchmark_client] Sending sample transaction 482
[2026-04-19T03:25:18.905Z INFO  benchmark_client] Sending sample transaction 483
[2026-04-19T03:25:18.955Z INFO  benchmark_client] Sending sample transaction 484
[2026-04-19T03:25:19.005Z INFO  benchmark_client] Sending sample transaction 485
[2026-04-19T03:25:19.055Z INFO  benchmark_client] Sending sample transaction 486
[2026-04-19T03:25:19.106Z INFO  benchmark_client] Sending sample transaction 487
[2026-04-19T03:25:19.156Z INFO  benchmark_client] Sending sample transaction 488
[2026-04-19T03:25:19.206Z INFO  benchmark_client] Sending sample transaction 489
[2026-04-19T03:25:19.256Z INFO  benchmark_client] Sending sample transaction 490
[2026-04-19T03:25:19.305Z INFO  benchmark_client] Sending sample transaction 491
[2026-04-19T03:25:19.355Z INFO  benchmark_client] Sending sample transaction 492
[2026-04-19T03:25:19.405Z INFO  benchmark_client] Sending sample transaction 493
[2026-04-19T03:25:19.455Z INFO  benchmark_client] Sending sample transaction 494
[2026-04-19T03:25:19.505Z INFO  benchmark_client] Sending sample transaction 495
[2026-04-19T03:25:19.555Z INFO  benchmark_client] Sending sample transaction 496
[2026-04-19T03:25:19.605Z INFO  benchmark_client] Sending sample transaction 497
[2026-04-19T03:25:19.656Z INFO  benchmark_client] Sending sample transaction 498
[2026-04-19T03:25:19.705Z INFO  benchmark_client] Sending sample transaction 499
[2026-04-19T03:25:19.756Z INFO  benchmark_client] Sending sample transaction 500
[2026-04-19T03:25:19.806Z INFO  benchmark_client] Sending sample transaction 501
[2026-04-19T03:25:19.855Z INFO  benchmark_client] Sending sample transaction 502
[2026-04-19T03:25:19.905Z INFO  benchmark_client] Sending sample transaction 503
[2026-04-19T03:25:19.956Z INFO  benchmark_client] Sending sample transaction 504
[2026-04-19T03:25:20.005Z INFO  benchmark_client] Sending sample transaction 505
[2026-04-19T03:25:20.056Z INFO  benchmark_client] Sending sample transaction 506
[2026-04-19T03:25:20.105Z INFO  benchmark_client] Sending sample transaction 507
[2026-04-19T03:25:20.155Z INFO  benchmark_client] Sending sample transaction 508
[2026-04-19T03:25:20.205Z INFO  benchmark_client] Sending sample transaction 509
[2026-04-19T03:25:20.255Z INFO  benchmark_client] Sending sample transaction 510
[2026-04-19T03:25:20.305Z INFO  benchmark_client] Sending sample transaction 511
[2026-04-19T03:25:20.355Z INFO  benchmark_client] Sending sample transaction 512
[2026-04-19T03:25:20.405Z INFO  benchmark_client] Sending sample transaction 513
[2026-04-19T03:25:20.455Z INFO  benchmark_client] Sending sample transaction 514
[2026-04-19T03:25:20.505Z INFO  benchmark_client] Sending sample transaction 515
[2026-04-19T03:25:20.555Z INFO  benchmark_client] Sending sample transaction 516
[2026-04-19T03:25:20.605Z INFO  benchmark_client] Sending sample transaction 517
[2026-04-19T03:25:20.655Z INFO  benchmark_client] Sending sample transaction 518
[2026-04-19T03:25:20.705Z INFO  benchmark_client] Sending sample transaction 519
[2026-04-19T03:25:20.755Z INFO  benchmark_client] Sending sample transaction 520
[2026-04-19T03:25:20.805Z INFO  benchmark_client] Sending sample transaction 521
[2026-04-19T03:25:20.855Z INFO  benchmark_client] Sending sample transaction 522
[2026-04-19T03:25:20.905Z INFO  benchmark_client] Sending sample transaction 523
[2026-04-19T03:25:20.955Z INFO  benchmark_client] Sending sample transaction 524
[2026-04-19T03:25:21.005Z INFO  benchmark_client] Sending sample transaction 525
[2026-04-19T03:25:21.055Z INFO  benchmark_client] Sending sample transaction 526
[2026-04-19T03:25:21.105Z INFO  benchmark_client] Sending sample transaction 527
[2026-04-19T03:25:21.155Z INFO  benchmark_client] Sending sample transaction 528
[2026-04-19T03:25:21.205Z INFO  benchmark_client] Sending sample transaction 529
[2026-04-19T03:25:21.255Z INFO  benchmark_client] Sending sample transaction 530
[2026-04-19T03:25:21.305Z INFO  benchmark_client] Sending sample transaction 531
[2026-04-19T03:25:21.356Z INFO  benchmark_client] Sending sample transaction 532
[2026-04-19T03:25:21.405Z INFO  benchmark_client] Sending sample transaction 533
[2026-04-19T03:25:21.455Z INFO  benchmark_client] Sending sample transaction 534
[2026-04-19T03:25:21.505Z INFO  benchmark_client] Sending sample transaction 535
[2026-04-19T03:25:21.556Z INFO  benchmark_client] Sending sample transaction 536
[2026-04-19T03:25:21.606Z INFO  benchmark_client] Sending sample transaction 537
[2026-04-19T03:25:21.655Z INFO  benchmark_client] Sending sample transaction 538
[2026-04-19T03:25:21.705Z INFO  benchmark_client] Sending sample transaction 539
[2026-04-19T03:25:21.755Z INFO  benchmark_client] Sending sample transaction 540
[2026-04-19T03:25:21.806Z INFO  benchmark_client] Sending sample transaction 541
[2026-04-19T03:25:21.855Z INFO  benchmark_client] Sending sample transaction 542
[2026-04-19T03:25:21.906Z INFO  benchmark_client] Sending sample transaction 543
[2026-04-19T03:25:21.956Z INFO  benchmark_client] Sending sample transaction 544
[2026-04-19T03:25:22.005Z INFO  benchmark_client] Sending sample transaction 545
[2026-04-19T03:25:22.055Z INFO  benchmark_client] Sending sample transaction 546
[2026-04-19T03:25:22.105Z INFO  benchmark_client] Sending sample transaction 547
[2026-04-19T03:25:22.155Z INFO  benchmark_client] Sending sample transaction 548
[2026-04-19T03:25:22.205Z INFO  benchmark_client] Sending sample transaction 549
[2026-04-19T03:25:22.256Z INFO  benchmark_client] Sending sample transaction 550
[2026-04-19T03:25:22.305Z INFO  benchmark_client] Sending sample transaction 551
[2026-04-19T03:25:22.356Z INFO  benchmark_client] Sending sample transaction 552
[2026-04-19T03:25:22.405Z INFO  benchmark_client] Sending sample transaction 553
[2026-04-19T03:25:22.455Z INFO  benchmark_client] Sending sample transaction 554
[2026-04-19T03:25:22.506Z INFO  benchmark_client] Sending sample transaction 555
[2026-04-19T03:25:22.556Z INFO  benchmark_client] Sending sample transaction 556
[2026-04-19T03:25:22.606Z INFO  benchmark_client] Sending sample transaction 557
[2026-04-19T03:25:22.656Z INFO  benchmark_client] Sending sample transaction 558
[2026-04-19T03:25:22.705Z INFO  benchmark_client] Sending sample transaction 559
[2026-04-19T03:25:22.755Z INFO  benchmark_client] Sending sample transaction 560
[2026-04-19T03:25:22.805Z INFO  benchmark_client] Sending sample transaction 561
[2026-04-19T03:25:22.856Z INFO  benchmark_client] Sending sample transaction 562
[2026-04-19T03:25:22.905Z INFO  benchmark_client] Sending sample transaction 563
[2026-04-19T03:25:22.956Z INFO  benchmark_client] Sending sample transaction 564
[2026-04-19T03:25:23.005Z INFO  benchmark_client] Sending sample transaction 565
[2026-04-19T03:25:23.056Z INFO  benchmark_client] Sending sample transaction 566
[2026-04-19T03:25:23.106Z INFO  benchmark_client] Sending sample transaction 567
[2026-04-19T03:25:23.155Z INFO  benchmark_client] Sending sample transaction 568
[2026-04-19T03:25:23.206Z INFO  benchmark_client] Sending sample transaction 569
[2026-04-19T03:25:23.256Z INFO  benchmark_client] Sending sample transaction 570
[2026-04-19T03:25:23.306Z INFO  benchmark_client] Sending sample transaction 571
[2026-04-19T03:25:23.356Z INFO  benchmark_client] Sending sample transaction 572
[2026-04-19T03:25:23.405Z INFO  benchmark_client] Sending sample transaction 573
[2026-04-19T03:25:23.455Z INFO  benchmark_client] Sending sample transaction 574
[2026-04-19T03:25:23.506Z INFO  benchmark_client] Sending sample transaction 575
[2026-04-19T03:25:23.556Z INFO  benchmark_client] Sending sample transaction 576
[2026-04-19T03:25:23.606Z INFO  benchmark_client] Sending sample transaction 577
[2026-04-19T03:25:23.655Z INFO  benchmark_client] Sending sample transaction 578
[2026-04-19T03:25:23.706Z INFO  benchmark_client] Sending sample transaction 579
[2026-04-19T03:25:23.756Z INFO  benchmark_client] Sending sample transaction 580
[2026-04-19T03:25:23.805Z INFO  benchmark_client] Sending sample transaction 581
[2026-04-19T03:25:23.856Z INFO  benchmark_client] Sending sample transaction 582
[2026-04-19T03:25:23.906Z INFO  benchmark_client] Sending sample transaction 583
[2026-04-19T03:25:23.955Z INFO  benchmark_client] Sending sample transaction 584
[2026-04-19T03:25:24.006Z INFO  benchmark_client] Sending sample transaction 585
[2026-04-19T03:25:24.056Z INFO  benchmark_client] Sending sample transaction 586
[2026-04-19T03:25:24.106Z INFO  benchmark_client] Sending sample transaction 587
[2026-04-19T03:25:24.156Z INFO  benchmark_client] Sending sample transaction 588
[2026-04-19T03:25:24.206Z INFO  benchmark_client] Sending sample transaction 589
[2026-04-19T03:25:24.256Z INFO  benchmark_client] Sending sample transaction 590
[2026-04-19T03:25:24.305Z INFO  benchmark_client] Sending sample transaction 591
[2026-04-19T03:25:24.356Z INFO  benchmark_client] Sending sample transaction 592
[2026-04-19T03:25:24.406Z INFO  benchmark_client] Sending sample transaction 593
[2026-04-19T03:25:24.456Z INFO  benchmark_client] Sending sample transaction 594
[2026-04-19T03:25:24.506Z INFO  benchmark_client] Sending sample transaction 595
[2026-04-19T03:25:24.556Z INFO  benchmark_client] Sending sample transaction 596
[2026-04-19T03:25:24.606Z INFO  benchmark_client] Sending sample transaction 597
[2026-04-19T03:25:24.655Z INFO  benchmark_client] Sending sample transaction 598
[2026-04-19T03:25:24.706Z INFO  benchmark_client] Sending sample transaction 599
[2026-04-19T03:25:24.755Z INFO  benchmark_client] Sending sample transaction 600
[2026-04-19T03:25:24.806Z INFO  benchmark_client] Sending sample transaction 601
[2026-04-19T03:25:24.855Z INFO  benchmark_client] Sending sample transaction 602
[2026-04-19T03:25:24.906Z INFO  benchmark_client] Sending sample transaction 603
[2026-04-19T03:25:24.956Z INFO  benchmark_client] Sending sample transaction 604
[2026-04-19T03:25:25.006Z INFO  benchmark_client] Sending sample transaction 605
[2026-04-19T03:25:25.055Z INFO  benchmark_client] Sending sample transaction 606
[2026-04-19T03:25:25.106Z INFO  benchmark_client] Sending sample transaction 607
[2026-04-19T03:25:25.155Z INFO  benchmark_client] Sending sample transaction 608
[2026-04-19T03:25:25.206Z INFO  benchmark_client] Sending sample transaction 609
[2026-04-19T03:25:25.256Z INFO  benchmark_client] Sending sample transaction 610
[2026-04-19T03:25:25.305Z INFO  benchmark_client] Sending sample transaction 611
[2026-04-19T03:25:25.355Z INFO  benchmark_client] Sending sample transaction 612
[2026-04-19T03:25:25.406Z INFO  benchmark_client] Sending sample transaction 613
[2026-04-19T03:25:25.456Z INFO  benchmark_client] Sending sample transaction 614
[2026-04-19T03:25:25.506Z INFO  benchmark_client] Sending sample transaction 615
[2026-04-19T03:25:25.556Z INFO  benchmark_client] Sending sample transaction 616
[2026-04-19T03:25:25.606Z INFO  benchmark_client] Sending sample transaction 617
[2026-04-19T03:25:25.656Z INFO  benchmark_client] Sending sample transaction 618
[2026-04-19T03:25:25.705Z INFO  benchmark_client] Sending sample transaction 619
[2026-04-19T03:25:25.756Z INFO  benchmark_client] Sending sample transaction 620
[2026-04-19T03:25:25.805Z INFO  benchmark_client] Sending sample transaction 621
[2026-04-19T03:25:25.856Z INFO  benchmark_client] Sending sample transaction 622
[2026-04-19T03:25:25.906Z INFO  benchmark_client] Sending sample transaction 623
[2026-04-19T03:25:25.956Z INFO  benchmark_client] Sending sample transaction 624
[2026-04-19T03:25:26.006Z INFO  benchmark_client] Sending sample transaction 625
[2026-04-19T03:25:26.056Z INFO  benchmark_client] Sending sample transaction 626
[2026-04-19T03:25:26.106Z INFO  benchmark_client] Sending sample transaction 627
[2026-04-19T03:25:26.156Z INFO  benchmark_client] Sending sample transaction 628
[2026-04-19T03:25:26.206Z INFO  benchmark_client] Sending sample transaction 629
[2026-04-19T03:25:26.256Z INFO  benchmark_client] Sending sample transaction 630
[2026-04-19T03:25:26.306Z INFO  benchmark_client] Sending sample transaction 631
[2026-04-19T03:25:26.356Z INFO  benchmark_client] Sending sample transaction 632
[2026-04-19T03:25:26.406Z INFO  benchmark_client] Sending sample transaction 633
[2026-04-19T03:25:26.456Z INFO  benchmark_client] Sending sample transaction 634
[2026-04-19T03:25:26.506Z INFO  benchmark_client] Sending sample transaction 635
[2026-04-19T03:25:26.556Z INFO  benchmark_client] Sending sample transaction 636
[2026-04-19T03:25:26.606Z INFO  benchmark_client] Sending sample transaction 637
[2026-04-19T03:25:26.656Z INFO  benchmark_client] Sending sample transaction 638
[2026-04-19T03:25:26.706Z INFO  benchmark_client] Sending sample transaction 639
[2026-04-19T03:25:26.756Z INFO  benchmark_client] Sending sample transaction 640
[2026-04-19T03:25:26.806Z INFO  benchmark_client] Sending sample transaction 641
[2026-04-19T03:25:26.856Z INFO  benchmark_client] Sending sample transaction 642
[2026-04-19T03:25:26.906Z INFO  benchmark_client] Sending sample transaction 643
[2026-04-19T03:25:26.956Z INFO  benchmark_client] Sending sample transaction 644
[2026-04-19T03:25:27.006Z INFO  benchmark_client] Sending sample transaction 645
[2026-04-19T03:25:27.056Z INFO  benchmark_client] Sending sample transaction 646
[2026-04-19T03:25:27.106Z INFO  benchmark_client] Sending sample transaction 647
[2026-04-19T03:25:27.155Z INFO  benchmark_client] Sending sample transaction 648
[2026-04-19T03:25:27.205Z INFO  benchmark_client] Sending sample transaction 649
[2026-04-19T03:25:27.256Z INFO  benchmark_client] Sending sample transaction 650
[2026-04-19T03:25:27.306Z INFO  benchmark_client] Sending sample transaction 651
[2026-04-19T03:25:27.355Z INFO  benchmark_client] Sending sample transaction 652
[2026-04-19T03:25:27.406Z INFO  benchmark_client] Sending sample transaction 653
[2026-04-19T03:25:27.456Z INFO  benchmark_client] Sending sample transaction 654
[2026-04-19T03:25:27.506Z INFO  benchmark_client] Sending sample transaction 655
[2026-04-19T03:25:27.556Z INFO  benchmark_client] Sending sample transaction 656
[2026-04-19T03:25:27.606Z INFO  benchmark_client] Sending sample transaction 657
[2026-04-19T03:25:27.656Z INFO  benchmark_client] Sending sample transaction 658
[2026-04-19T03:25:27.705Z INFO  benchmark_client] Sending sample transaction 659
[2026-04-19T03:25:27.756Z INFO  benchmark_client] Sending sample transaction 660
[2026-04-19T03:25:27.805Z INFO  benchmark_client] Sending sample transaction 661
[2026-04-19T03:25:27.856Z INFO  benchmark_client] Sending sample transaction 662
[2026-04-19T03:25:27.906Z INFO  benchmark_client] Sending sample transaction 663
[2026-04-19T03:25:27.955Z INFO  benchmark_client] Sending sample transaction 664
[2026-04-19T03:25:28.006Z INFO  benchmark_client] Sending sample transaction 665
[2026-04-19T03:25:28.056Z INFO  benchmark_client] Sending sample transaction 666
[2026-04-19T03:25:28.106Z INFO  benchmark_client] Sending sample transaction 667
[2026-04-19T03:25:28.156Z INFO  benchmark_client] Sending sample transaction 668
[2026-04-19T03:25:28.206Z INFO  benchmark_client] Sending sample transaction 669
[2026-04-19T03:25:28.256Z INFO  benchmark_client] Sending sample transaction 670
[2026-04-19T03:25:28.306Z INFO  benchmark_client] Sending sample transaction 671
[2026-04-19T03:25:28.356Z INFO  benchmark_client] Sending sample transaction 672
[2026-04-19T03:25:28.406Z INFO  benchmark_client] Sending sample transaction 673
[2026-04-19T03:25:28.456Z INFO  benchmark_client] Sending sample transaction 674
[2026-04-19T03:25:28.506Z INFO  benchmark_client] Sending sample transaction 675
[2026-04-19T03:25:28.556Z INFO  benchmark_client] Sending sample transaction 676
[2026-04-19T03:25:28.606Z INFO  benchmark_client] Sending sample transaction 677
[2026-04-19T03:25:28.656Z INFO  benchmark_client] Sending sample transaction 678
[2026-04-19T03:25:28.706Z INFO  benchmark_client] Sending sample transaction 679
[2026-04-19T03:25:28.755Z INFO  benchmark_client] Sending sample transaction 680
[2026-04-19T03:25:28.806Z INFO  benchmark_client] Sending sample transaction 681
[2026-04-19T03:25:28.856Z INFO  benchmark_client] Sending sample transaction 682
[2026-04-19T03:25:28.906Z INFO  benchmark_client] Sending sample transaction 683
[2026-04-19T03:25:28.956Z INFO  benchmark_client] Sending sample transaction 684
[2026-04-19T03:25:29.006Z INFO  benchmark_client] Sending sample transaction 685
[2026-04-19T03:25:29.056Z INFO  benchmark_client] Sending sample transaction 686
[2026-04-19T03:25:29.106Z INFO  benchmark_client] Sending sample transaction 687
[2026-04-19T03:25:29.156Z INFO  benchmark_client] Sending sample transaction 688
[2026-04-19T03:25:29.206Z INFO  benchmark_client] Sending sample transaction 689
[2026-04-19T03:25:29.256Z INFO  benchmark_client] Sending sample transaction 690
[2026-04-19T03:25:29.307Z INFO  benchmark_client] Sending sample transaction 691
[2026-04-19T03:25:29.356Z INFO  benchmark_client] Sending sample transaction 692
[2026-04-19T03:25:29.406Z INFO  benchmark_client] Sending sample transaction 693
[2026-04-19T03:25:29.456Z INFO  benchmark_client] Sending sample transaction 694
[2026-04-19T03:25:29.506Z INFO  benchmark_client] Sending sample transaction 695
[2026-04-19T03:25:29.556Z INFO  benchmark_client] Sending sample transaction 696
[2026-04-19T03:25:29.606Z INFO  benchmark_client] Sending sample transaction 697
[2026-04-19T03:25:29.656Z INFO  benchmark_client] Sending sample transaction 698
[2026-04-19T03:25:29.706Z INFO  benchmark_client] Sending sample transaction 699
[2026-04-19T03:25:29.756Z INFO  benchmark_client] Sending sample transaction 700
[2026-04-19T03:25:29.806Z INFO  benchmark_client] Sending sample transaction 701
[2026-04-19T03:25:29.857Z INFO  benchmark_client] Sending sample transaction 702
[2026-04-19T03:25:29.906Z INFO  benchmark_client] Sending sample transaction 703
[2026-04-19T03:25:29.956Z INFO  benchmark_client] Sending sample transaction 704
[2026-04-19T03:25:30.006Z INFO  benchmark_client] Sending sample transaction 705
[2026-04-19T03:25:30.056Z INFO  benchmark_client] Sending sample transaction 706
[2026-04-19T03:25:30.106Z INFO  benchmark_client] Sending sample transaction 707
[2026-04-19T03:25:30.157Z INFO  benchmark_client] Sending sample transaction 708
[2026-04-19T03:25:30.206Z INFO  benchmark_client] Sending sample transaction 709
[2026-04-19T03:25:30.256Z INFO  benchmark_client] Sending sample transaction 710
[2026-04-19T03:25:30.307Z INFO  benchmark_client] Sending sample transaction 711
[2026-04-19T03:25:30.357Z INFO  benchmark_client] Sending sample transaction 712
[2026-04-19T03:25:30.407Z INFO  benchmark_client] Sending sample transaction 713
[2026-04-19T03:25:30.456Z INFO  benchmark_client] Sending sample transaction 714
[2026-04-19T03:25:30.507Z INFO  benchmark_client] Sending sample transaction 715
[2026-04-19T03:25:30.556Z INFO  benchmark_client] Sending sample transaction 716
[2026-04-19T03:25:30.606Z INFO  benchmark_client] Sending sample transaction 717
[2026-04-19T03:25:30.656Z INFO  benchmark_client] Sending sample transaction 718
[2026-04-19T03:25:30.707Z INFO  benchmark_client] Sending sample transaction 719
[2026-04-19T03:25:30.756Z INFO  benchmark_client] Sending sample transaction 720
[2026-04-19T03:25:30.807Z INFO  benchmark_client] Sending sample transaction 721
[2026-04-19T03:25:30.856Z INFO  benchmark_client] Sending sample transaction 722
[2026-04-19T03:25:30.906Z INFO  benchmark_client] Sending sample transaction 723
[2026-04-19T03:25:30.956Z INFO  benchmark_client] Sending sample transaction 724
[2026-04-19T03:25:31.006Z INFO  benchmark_client] Sending sample transaction 725
[2026-04-19T03:25:31.056Z INFO  benchmark_client] Sending sample transaction 726
[2026-04-19T03:25:31.107Z INFO  benchmark_client] Sending sample transaction 727
[2026-04-19T03:25:31.157Z INFO  benchmark_client] Sending sample transaction 728
[2026-04-19T03:25:31.206Z INFO  benchmark_client] Sending sample transaction 729
[2026-04-19T03:25:31.256Z INFO  benchmark_client] Sending sample transaction 730
[2026-04-19T03:25:31.307Z INFO  benchmark_client] Sending sample transaction 731
[2026-04-19T03:25:31.356Z INFO  benchmark_client] Sending sample transaction 732
[2026-04-19T03:25:31.406Z INFO  benchmark_client] Sending sample transaction 733
[2026-04-19T03:25:31.456Z INFO  benchmark_client] Sending sample transaction 734
[2026-04-19T03:25:31.506Z INFO  benchmark_client] Sending sample transaction 735
[2026-04-19T03:25:31.556Z INFO  benchmark_client] Sending sample transaction 736
[2026-04-19T03:25:31.606Z INFO  benchmark_client] Sending sample transaction 737
[2026-04-19T03:25:31.657Z INFO  benchmark_client] Sending sample transaction 738
[2026-04-19T03:25:31.706Z INFO  benchmark_client] Sending sample transaction 739
[2026-04-19T03:25:31.757Z INFO  benchmark_client] Sending sample transaction 740
[2026-04-19T03:25:31.807Z INFO  benchmark_client] Sending sample transaction 741
[2026-04-19T03:25:31.857Z INFO  benchmark_client] Sending sample transaction 742
[2026-04-19T03:25:31.907Z INFO  benchmark_client] Sending sample transaction 743
[2026-04-19T03:25:31.956Z INFO  benchmark_client] Sending sample transaction 744
[2026-04-19T03:25:32.007Z INFO  benchmark_client] Sending sample transaction 745
[2026-04-19T03:25:32.056Z INFO  benchmark_client] Sending sample transaction 746
[2026-04-19T03:25:32.107Z INFO  benchmark_client] Sending sample transaction 747
[2026-04-19T03:25:32.157Z INFO  benchmark_client] Sending sample transaction 748
[2026-04-19T03:25:32.207Z INFO  benchmark_client] Sending sample transaction 749
[2026-04-19T03:25:32.257Z INFO  benchmark_client] Sending sample transaction 750
[2026-04-19T03:25:32.307Z INFO  benchmark_client] Sending sample transaction 751
[2026-04-19T03:25:32.357Z INFO  benchmark_client] Sending sample transaction 752
[2026-04-19T03:25:32.407Z INFO  benchmark_client] Sending sample transaction 753
[2026-04-19T03:25:32.456Z INFO  benchmark_client] Sending sample transaction 754
[2026-04-19T03:25:32.506Z INFO  benchmark_client] Sending sample transaction 755
[2026-04-19T03:25:32.556Z INFO  benchmark_client] Sending sample transaction 756
[2026-04-19T03:25:32.607Z INFO  benchmark_client] Sending sample transaction 757
[2026-04-19T03:25:32.657Z INFO  benchmark_client] Sending sample transaction 758
[2026-04-19T03:25:32.706Z INFO  benchmark_client] Sending sample transaction 759
[2026-04-19T03:25:32.757Z INFO  benchmark_client] Sending sample transaction 760
[2026-04-19T03:25:32.806Z INFO  benchmark_client] Sending sample transaction 761
[2026-04-19T03:25:32.856Z INFO  benchmark_client] Sending sample transaction 762
[2026-04-19T03:25:32.906Z INFO  benchmark_client] Sending sample transaction 763
[2026-04-19T03:25:32.957Z INFO  benchmark_client] Sending sample transaction 764
[2026-04-19T03:25:33.007Z INFO  benchmark_client] Sending sample transaction 765
[2026-04-19T03:25:33.057Z INFO  benchmark_client] Sending sample transaction 766
[2026-04-19T03:25:33.106Z INFO  benchmark_client] Sending sample transaction 767
[2026-04-19T03:25:33.157Z INFO  benchmark_client] Sending sample transaction 768
[2026-04-19T03:25:33.206Z INFO  benchmark_client] Sending sample transaction 769
[2026-04-19T03:25:33.257Z INFO  benchmark_client] Sending sample transaction 770
[2026-04-19T03:25:33.307Z INFO  benchmark_client] Sending sample transaction 771
[2026-04-19T03:25:33.356Z INFO  benchmark_client] Sending sample transaction 772
[2026-04-19T03:25:33.406Z INFO  benchmark_client] Sending sample transaction 773
[2026-04-19T03:25:33.456Z INFO  benchmark_client] Sending sample transaction 774
[2026-04-19T03:25:33.506Z INFO  benchmark_client] Sending sample transaction 775
[2026-04-19T03:25:33.557Z INFO  benchmark_client] Sending sample transaction 776
[2026-04-19T03:25:33.607Z INFO  benchmark_client] Sending sample transaction 777
[2026-04-19T03:25:33.656Z INFO  benchmark_client] Sending sample transaction 778
[2026-04-19T03:25:33.707Z INFO  benchmark_client] Sending sample transaction 779
[2026-04-19T03:25:33.756Z INFO  benchmark_client] Sending sample transaction 780
[2026-04-19T03:25:33.807Z INFO  benchmark_client] Sending sample transaction 781
[2026-04-19T03:25:33.856Z INFO  benchmark_client] Sending sample transaction 782
[2026-04-19T03:25:33.907Z INFO  benchmark_client] Sending sample transaction 783
[2026-04-19T03:25:33.957Z INFO  benchmark_client] Sending sample transaction 784
[2026-04-19T03:25:34.006Z INFO  benchmark_client] Sending sample transaction 785
[2026-04-19T03:25:34.056Z INFO  benchmark_client] Sending sample transaction 786
[2026-04-19T03:25:34.106Z INFO  benchmark_client] Sending sample transaction 787
[2026-04-19T03:25:34.157Z INFO  benchmark_client] Sending sample transaction 788
[2026-04-19T03:25:34.207Z INFO  benchmark_client] Sending sample transaction 789
[2026-04-19T03:25:34.256Z INFO  benchmark_client] Sending sample transaction 790
[2026-04-19T03:25:34.306Z INFO  benchmark_client] Sending sample transaction 791
[2026-04-19T03:25:34.357Z INFO  benchmark_client] Sending sample transaction 792
[2026-04-19T03:25:34.407Z INFO  benchmark_client] Sending sample transaction 793
[2026-04-19T03:25:34.457Z INFO  benchmark_client] Sending sample transaction 794
[2026-04-19T03:25:34.507Z INFO  benchmark_client] Sending sample transaction 795
[2026-04-19T03:25:34.557Z INFO  benchmark_client] Sending sample transaction 796
[2026-04-19T03:25:34.606Z INFO  benchmark_client] Sending sample transaction 797
[2026-04-19T03:25:34.656Z INFO  benchmark_client] Sending sample transaction 798
[2026-04-19T03:25:34.706Z INFO  benchmark_client] Sending sample transaction 799
[2026-04-19T03:25:34.755Z INFO  benchmark_client] Sending sample transaction 800
[2026-04-19T03:25:34.805Z INFO  benchmark_client] Sending sample transaction 801
[2026-04-19T03:25:34.855Z INFO  benchmark_client] Sending sample transaction 802
[2026-04-19T03:25:34.905Z INFO  benchmark_client] Sending sample transaction 803
[2026-04-19T03:25:34.955Z INFO  benchmark_client] Sending sample transaction 804
[2026-04-19T03:25:35.005Z INFO  benchmark_client] Sending sample transaction 805
[2026-04-19T03:25:35.055Z INFO  benchmark_client] Sending sample transaction 806
[2026-04-19T03:25:35.105Z INFO  benchmark_client] Sending sample transaction 807
[2026-04-19T03:25:35.155Z INFO  benchmark_client] Sending sample transaction 808
[2026-04-19T03:25:35.205Z INFO  benchmark_client] Sending sample transaction 809
[2026-04-19T03:25:35.255Z INFO  benchmark_client] Sending sample transaction 810
[2026-04-19T03:25:35.305Z INFO  benchmark_client] Sending sample transaction 811
[2026-04-19T03:25:35.355Z INFO  benchmark_client] Sending sample transaction 812
[2026-04-19T03:25:35.405Z INFO  benchmark_client] Sending sample transaction 813
[2026-04-19T03:25:35.455Z INFO  benchmark_client] Sending sample transaction 814
[2026-04-19T03:25:35.505Z INFO  benchmark_client] Sending sample transaction 815
[2026-04-19T03:25:35.555Z INFO  benchmark_client] Sending sample transaction 816
[2026-04-19T03:25:35.605Z INFO  benchmark_client] Sending sample transaction 817
[2026-04-19T03:25:35.655Z INFO  benchmark_client] Sending sample transaction 818
[2026-04-19T03:25:35.705Z INFO  benchmark_client] Sending sample transaction 819
[2026-04-19T03:25:35.755Z INFO  benchmark_client] Sending sample transaction 820
[2026-04-19T03:25:35.805Z INFO  benchmark_client] Sending sample transaction 821
[2026-04-19T03:25:35.855Z INFO  benchmark_client] Sending sample transaction 822
[2026-04-19T03:25:35.905Z INFO  benchmark_client] Sending sample transaction 823
[2026-04-19T03:25:35.955Z INFO  benchmark_client] Sending sample transaction 824
[2026-04-19T03:25:36.005Z INFO  benchmark_client] Sending sample transaction 825
[2026-04-19T03:25:36.055Z INFO  benchmark_client] Sending sample transaction 826
[2026-04-19T03:25:36.105Z INFO  benchmark_client] Sending sample transaction 827
[2026-04-19T03:25:36.155Z INFO  benchmark_client] Sending sample transaction 828
[2026-04-19T03:25:36.205Z INFO  benchmark_client] Sending sample transaction 829
[2026-04-19T03:25:36.255Z INFO  benchmark_client] Sending sample transaction 830
[2026-04-19T03:25:36.305Z INFO  benchmark_client] Sending sample transaction 831
[2026-04-19T03:25:36.355Z INFO  benchmark_client] Sending sample transaction 832
[2026-04-19T03:25:36.405Z INFO  benchmark_client] Sending sample transaction 833
[2026-04-19T03:25:36.456Z INFO  benchmark_client] Sending sample transaction 834
[2026-04-19T03:25:36.505Z INFO  benchmark_client] Sending sample transaction 835
[2026-04-19T03:25:36.555Z INFO  benchmark_client] Sending sample transaction 836
[2026-04-19T03:25:36.606Z INFO  benchmark_client] Sending sample transaction 837
[2026-04-19T03:25:36.655Z INFO  benchmark_client] Sending sample transaction 838
[2026-04-19T03:25:36.705Z INFO  benchmark_client] Sending sample transaction 839
[2026-04-19T03:25:36.755Z INFO  benchmark_client] Sending sample transaction 840
[2026-04-19T03:25:36.805Z INFO  benchmark_client] Sending sample transaction 841
[2026-04-19T03:25:36.856Z INFO  benchmark_client] Sending sample transaction 842
[2026-04-19T03:25:36.905Z INFO  benchmark_client] Sending sample transaction 843
[2026-04-19T03:25:36.956Z INFO  benchmark_client] Sending sample transaction 844
[2026-04-19T03:25:37.006Z INFO  benchmark_client] Sending sample transaction 845
[2026-04-19T03:25:37.055Z INFO  benchmark_client] Sending sample transaction 846
[2026-04-19T03:25:37.105Z INFO  benchmark_client] Sending sample transaction 847
[2026-04-19T03:25:37.156Z INFO  benchmark_client] Sending sample transaction 848
[2026-04-19T03:25:37.205Z INFO  benchmark_client] Sending sample transaction 849
[2026-04-19T03:25:37.255Z INFO  benchmark_client] Sending sample transaction 850
[2026-04-19T03:25:37.306Z INFO  benchmark_client] Sending sample transaction 851
[2026-04-19T03:25:37.356Z INFO  benchmark_client] Sending sample transaction 852
[2026-04-19T03:25:37.406Z INFO  benchmark_client] Sending sample transaction 853
[2026-04-19T03:25:37.456Z INFO  benchmark_client] Sending sample transaction 854
[2026-04-19T03:25:37.505Z INFO  benchmark_client] Sending sample transaction 855
[2026-04-19T03:25:37.555Z INFO  benchmark_client] Sending sample transaction 856
[2026-04-19T03:25:37.605Z INFO  benchmark_client] Sending sample transaction 857
[2026-04-19T03:25:37.655Z INFO  benchmark_client] Sending sample transaction 858
[2026-04-19T03:25:37.705Z INFO  benchmark_client] Sending sample transaction 859
[2026-04-19T03:25:37.755Z INFO  benchmark_client] Sending sample transaction 860
[2026-04-19T03:25:37.805Z INFO  benchmark_client] Sending sample transaction 861
[2026-04-19T03:25:37.856Z INFO  benchmark_client] Sending sample transaction 862
[2026-04-19T03:25:37.905Z INFO  benchmark_client] Sending sample transaction 863
[2026-04-19T03:25:37.955Z INFO  benchmark_client] Sending sample transaction 864
[2026-04-19T03:25:38.005Z INFO  benchmark_client] Sending sample transaction 865
[2026-04-19T03:25:38.056Z INFO  benchmark_client] Sending sample transaction 866
[2026-04-19T03:25:38.106Z INFO  benchmark_client] Sending sample transaction 867
[2026-04-19T03:25:38.156Z INFO  benchmark_client] Sending sample transaction 868
[2026-04-19T03:25:38.205Z INFO  benchmark_client] Sending sample transaction 869
[2026-04-19T03:25:38.255Z INFO  benchmark_client] Sending sample transaction 870
[2026-04-19T03:25:38.305Z INFO  benchmark_client] Sending sample transaction 871
[2026-04-19T03:25:38.355Z INFO  benchmark_client] Sending sample transaction 872
[2026-04-19T03:25:38.406Z INFO  benchmark_client] Sending sample transaction 873
[2026-04-19T03:25:38.455Z INFO  benchmark_client] Sending sample transaction 874
[2026-04-19T03:25:38.505Z INFO  benchmark_client] Sending sample transaction 875
[2026-04-19T03:25:38.555Z INFO  benchmark_client] Sending sample transaction 876
[2026-04-19T03:25:38.605Z INFO  benchmark_client] Sending sample transaction 877
[2026-04-19T03:25:38.655Z INFO  benchmark_client] Sending sample transaction 878
[2026-04-19T03:25:38.705Z INFO  benchmark_client] Sending sample transaction 879
[2026-04-19T03:25:38.755Z INFO  benchmark_client] Sending sample transaction 880
[2026-04-19T03:25:38.805Z INFO  benchmark_client] Sending sample transaction 881
[2026-04-19T03:25:38.856Z INFO  benchmark_client] Sending sample transaction 882
[2026-04-19T03:25:38.905Z INFO  benchmark_client] Sending sample transaction 883
[2026-04-19T03:25:38.955Z INFO  benchmark_client] Sending sample transaction 884
[2026-04-19T03:25:39.005Z INFO  benchmark_client] Sending sample transaction 885
[2026-04-19T03:25:39.055Z INFO  benchmark_client] Sending sample transaction 886
[2026-04-19T03:25:39.106Z INFO  benchmark_client] Sending sample transaction 887
[2026-04-19T03:25:39.156Z INFO  benchmark_client] Sending sample transaction 888
[2026-04-19T03:25:39.205Z INFO  benchmark_client] Sending sample transaction 889
[2026-04-19T03:25:39.256Z INFO  benchmark_client] Sending sample transaction 890
[2026-04-19T03:25:39.305Z INFO  benchmark_client] Sending sample transaction 891
[2026-04-19T03:25:39.355Z INFO  benchmark_client] Sending sample transaction 892
[2026-04-19T03:25:39.405Z INFO  benchmark_client] Sending sample transaction 893
[2026-04-19T03:25:39.455Z INFO  benchmark_client] Sending sample transaction 894
[2026-04-19T03:25:39.506Z INFO  benchmark_client] Sending sample transaction 895
[2026-04-19T03:25:39.555Z INFO  benchmark_client] Sending sample transaction 896
[2026-04-19T03:25:39.605Z INFO  benchmark_client] Sending sample transaction 897
[2026-04-19T03:25:39.656Z INFO  benchmark_client] Sending sample transaction 898
[2026-04-19T03:25:39.705Z INFO  benchmark_client] Sending sample transaction 899
[2026-04-19T03:25:39.755Z INFO  benchmark_client] Sending sample transaction 900
[2026-04-19T03:25:39.806Z INFO  benchmark_client] Sending sample transaction 901
[2026-04-19T03:25:39.855Z INFO  benchmark_client] Sending sample transaction 902
[2026-04-19T03:25:39.905Z INFO  benchmark_client] Sending sample transaction 903
[2026-04-19T03:25:39.955Z INFO  benchmark_client] Sending sample transaction 904
[2026-04-19T03:25:40.006Z INFO  benchmark_client] Sending sample transaction 905
[2026-04-19T03:25:40.056Z INFO  benchmark_client] Sending sample transaction 906
[2026-04-19T03:25:40.105Z INFO  benchmark_client] Sending sample transaction 907
[2026-04-19T03:25:40.155Z INFO  benchmark_client] Sending sample transaction 908
[2026-04-19T03:25:40.205Z INFO  benchmark_client] Sending sample transaction 909
[2026-04-19T03:25:40.255Z INFO  benchmark_client] Sending sample transaction 910
[2026-04-19T03:25:40.305Z INFO  benchmark_client] Sending sample transaction 911
[2026-04-19T03:25:40.355Z INFO  benchmark_client] Sending sample transaction 912
[2026-04-19T03:25:40.405Z INFO  benchmark_client] Sending sample transaction 913
[2026-04-19T03:25:40.455Z INFO  benchmark_client] Sending sample transaction 914
[2026-04-19T03:25:40.506Z INFO  benchmark_client] Sending sample transaction 915
[2026-04-19T03:25:40.555Z INFO  benchmark_client] Sending sample transaction 916
[2026-04-19T03:25:40.605Z INFO  benchmark_client] Sending sample transaction 917
[2026-04-19T03:25:40.655Z INFO  benchmark_client] Sending sample transaction 918
[2026-04-19T03:25:40.706Z INFO  benchmark_client] Sending sample transaction 919
[2026-04-19T03:25:40.756Z INFO  benchmark_client] Sending sample transaction 920
[2026-04-19T03:25:40.805Z INFO  benchmark_client] Sending sample transaction 921
[2026-04-19T03:25:40.855Z INFO  benchmark_client] Sending sample transaction 922
[2026-04-19T03:25:40.906Z INFO  benchmark_client] Sending sample transaction 923
[2026-04-19T03:25:40.955Z INFO  benchmark_client] Sending sample transaction 924
[2026-04-19T03:25:41.005Z INFO  benchmark_client] Sending sample transaction 925
[2026-04-19T03:25:41.055Z INFO  benchmark_client] Sending sample transaction 926
[2026-04-19T03:25:41.105Z INFO  benchmark_client] Sending sample transaction 927
[2026-04-19T03:25:41.155Z INFO  benchmark_client] Sending sample transaction 928
[2026-04-19T03:25:41.205Z INFO  benchmark_client] Sending sample transaction 929
[2026-04-19T03:25:41.256Z INFO  benchmark_client] Sending sample transaction 930
[2026-04-19T03:25:41.305Z INFO  benchmark_client] Sending sample transaction 931
[2026-04-19T03:25:41.356Z INFO  benchmark_client] Sending sample transaction 932
[2026-04-19T03:25:41.405Z INFO  benchmark_client] Sending sample transaction 933
[2026-04-19T03:25:41.455Z INFO  benchmark_client] Sending sample transaction 934
[2026-04-19T03:25:41.506Z INFO  benchmark_client] Sending sample transaction 935
[2026-04-19T03:25:41.556Z INFO  benchmark_client] Sending sample transaction 936
[2026-04-19T03:25:41.605Z INFO  benchmark_client] Sending sample transaction 937
[2026-04-19T03:25:41.656Z INFO  benchmark_client] Sending sample transaction 938
[2026-04-19T03:25:41.706Z INFO  benchmark_client] Sending sample transaction 939
[2026-04-19T03:25:41.755Z INFO  benchmark_client] Sending sample transaction 940
[2026-04-19T03:25:41.805Z INFO  benchmark_client] Sending sample transaction 941
[2026-04-19T03:25:41.855Z INFO  benchmark_client] Sending sample transaction 942
[2026-04-19T03:25:41.905Z INFO  benchmark_client] Sending sample transaction 943
[2026-04-19T03:25:41.956Z INFO  benchmark_client] Sending sample transaction 944
[2026-04-19T03:25:42.005Z INFO  benchmark_client] Sending sample transaction 945
[2026-04-19T03:25:42.055Z INFO  benchmark_client] Sending sample transaction 946
[2026-04-19T03:25:42.105Z INFO  benchmark_client] Sending sample transaction 947
[2026-04-19T03:25:42.155Z INFO  benchmark_client] Sending sample transaction 948
[2026-04-19T03:25:42.205Z INFO  benchmark_client] Sending sample transaction 949
[2026-04-19T03:25:42.255Z INFO  benchmark_client] Sending sample transaction 950
[2026-04-19T03:25:42.306Z INFO  benchmark_client] Sending sample transaction 951
[2026-04-19T03:25:42.355Z INFO  benchmark_client] Sending sample transaction 952
[2026-04-19T03:25:42.405Z INFO  benchmark_client] Sending sample transaction 953
[2026-04-19T03:25:42.456Z INFO  benchmark_client] Sending sample transaction 954
[2026-04-19T03:25:42.506Z INFO  benchmark_client] Sending sample transaction 955
[2026-04-19T03:25:42.555Z INFO  benchmark_client] Sending sample transaction 956
[2026-04-19T03:25:42.606Z INFO  benchmark_client] Sending sample transaction 957
[2026-04-19T03:25:42.656Z INFO  benchmark_client] Sending sample transaction 958
[2026-04-19T03:25:42.705Z INFO  benchmark_client] Sending sample transaction 959
[2026-04-19T03:25:42.756Z INFO  benchmark_client] Sending sample transaction 960
[2026-04-19T03:25:42.805Z INFO  benchmark_client] Sending sample transaction 961
[2026-04-19T03:25:42.856Z INFO  benchmark_client] Sending sample transaction 962
[2026-04-19T03:25:42.906Z INFO  benchmark_client] Sending sample transaction 963
[2026-04-19T03:25:42.956Z INFO  benchmark_client] Sending sample transaction 964
[2026-04-19T03:25:43.005Z INFO  benchmark_client] Sending sample transaction 965
[2026-04-19T03:25:43.056Z INFO  benchmark_client] Sending sample transaction 966
[2026-04-19T03:25:43.106Z INFO  benchmark_client] Sending sample transaction 967
[2026-04-19T03:25:43.156Z INFO  benchmark_client] Sending sample transaction 968
[2026-04-19T03:25:43.206Z INFO  benchmark_client] Sending sample transaction 969
[2026-04-19T03:25:43.255Z INFO  benchmark_client] Sending sample transaction 970
[2026-04-19T03:25:43.306Z INFO  benchmark_client] Sending sample transaction 971
[2026-04-19T03:25:43.355Z INFO  benchmark_client] Sending sample transaction 972
[2026-04-19T03:25:43.405Z INFO  benchmark_client] Sending sample transaction 973
[2026-04-19T03:25:43.456Z INFO  benchmark_client] Sending sample transaction 974
[2026-04-19T03:25:43.505Z INFO  benchmark_client] Sending sample transaction 975
[2026-04-19T03:25:43.555Z INFO  benchmark_client] Sending sample transaction 976
[2026-04-19T03:25:43.605Z INFO  benchmark_client] Sending sample transaction 977
[2026-04-19T03:25:43.655Z INFO  benchmark_client] Sending sample transaction 978
[2026-04-19T03:25:43.706Z INFO  benchmark_client] Sending sample transaction 979
[2026-04-19T03:25:43.756Z INFO  benchmark_client] Sending sample transaction 980
[2026-04-19T03:25:43.806Z INFO  benchmark_client] Sending sample transaction 981
[2026-04-19T03:25:43.856Z INFO  benchmark_client] Sending sample transaction 982
[2026-04-19T03:25:43.907Z INFO  benchmark_client] Sending sample transaction 983
[2026-04-19T03:25:43.955Z INFO  benchmark_client] Sending sample transaction 984
[2026-04-19T03:25:44.005Z INFO  benchmark_client] Sending sample transaction 985
[2026-04-19T03:25:44.056Z INFO  benchmark_client] Sending sample transaction 986
[2026-04-19T03:25:44.105Z INFO  benchmark_client] Sending sample transaction 987
[2026-04-19T03:25:44.155Z INFO  benchmark_client] Sending sample transaction 988
[2026-04-19T03:25:44.206Z INFO  benchmark_client] Sending sample transaction 989
[2026-04-19T03:25:44.256Z INFO  benchmark_client] Sending sample transaction 990
[2026-04-19T03:25:44.311Z WARN  benchmark_client] Transaction rate too high for this client
[2026-04-19T03:25:44.312Z INFO  benchmark_client] Sending sample transaction 991
[2026-04-19T03:25:44.356Z INFO  benchmark_client] Sending sample transaction 992
[2026-04-19T03:25:44.406Z INFO  benchmark_client] Sending sample transaction 993
[2026-04-19T03:25:44.456Z INFO  benchmark_client] Sending sample transaction 994
[2026-04-19T03:25:44.505Z INFO  benchmark_client] Sending sample transaction 995
[2026-04-19T03:25:44.555Z INFO  benchmark_client] Sending sample transaction 996
[2026-04-19T03:25:44.605Z INFO  benchmark_client] Sending sample transaction 997
[2026-04-19T03:25:44.655Z INFO  benchmark_client] Sending sample transaction 998
[2026-04-19T03:25:44.705Z INFO  benchmark_client] Sending sample transaction 999
[2026-04-19T03:25:44.755Z INFO  benchmark_client] Sending sample transaction 1000
[2026-04-19T03:25:44.805Z INFO  benchmark_client] Sending sample transaction 1001
[2026-04-19T03:25:44.855Z INFO  benchmark_client] Sending sample transaction 1002
[2026-04-19T03:25:44.906Z INFO  benchmark_client] Sending sample transaction 1003
[2026-04-19T03:25:44.955Z INFO  benchmark_client] Sending sample transaction 1004
[2026-04-19T03:25:45.006Z INFO  benchmark_client] Sending sample transaction 1005
[2026-04-19T03:25:45.056Z INFO  benchmark_client] Sending sample transaction 1006
[2026-04-19T03:25:45.105Z INFO  benchmark_client] Sending sample transaction 1007
[2026-04-19T03:25:45.156Z INFO  benchmark_client] Sending sample transaction 1008
[2026-04-19T03:25:45.206Z INFO  benchmark_client] Sending sample transaction 1009
[2026-04-19T03:25:45.256Z INFO  benchmark_client] Sending sample transaction 1010
[2026-04-19T03:25:45.305Z INFO  benchmark_client] Sending sample transaction 1011
[2026-04-19T03:25:45.356Z INFO  benchmark_client] Sending sample transaction 1012
[2026-04-19T03:25:45.405Z INFO  benchmark_client] Sending sample transaction 1013
[2026-04-19T03:25:45.456Z INFO  benchmark_client] Sending sample transaction 1014
[2026-04-19T03:25:45.506Z INFO  benchmark_client] Sending sample transaction 1015
[2026-04-19T03:25:45.555Z INFO  benchmark_client] Sending sample transaction 1016
[2026-04-19T03:25:45.606Z INFO  benchmark_client] Sending sample transaction 1017
[2026-04-19T03:25:45.656Z INFO  benchmark_client] Sending sample transaction 1018
[2026-04-19T03:25:45.706Z INFO  benchmark_client] Sending sample transaction 1019
[2026-04-19T03:25:45.756Z INFO  benchmark_client] Sending sample transaction 1020
[2026-04-19T03:25:45.806Z INFO  benchmark_client] Sending sample transaction 1021
[2026-04-19T03:25:45.855Z INFO  benchmark_client] Sending sample transaction 1022
[2026-04-19T03:25:45.906Z INFO  benchmark_client] Sending sample transaction 1023
[2026-04-19T03:25:45.956Z INFO  benchmark_client] Sending sample transaction 1024
[2026-04-19T03:25:46.005Z INFO  benchmark_client] Sending sample transaction 1025
[2026-04-19T03:25:46.056Z INFO  benchmark_client] Sending sample transaction 1026
[2026-04-19T03:25:46.106Z INFO  benchmark_client] Sending sample transaction 1027
[2026-04-19T03:25:46.156Z INFO  benchmark_client] Sending sample transaction 1028
[2026-04-19T03:25:46.206Z INFO  benchmark_client] Sending sample transaction 1029
[2026-04-19T03:25:46.255Z INFO  benchmark_client] Sending sample transaction 1030
[2026-04-19T03:25:46.305Z INFO  benchmark_client] Sending sample transaction 1031
[2026-04-19T03:25:46.355Z INFO  benchmark_client] Sending sample transaction 1032
[2026-04-19T03:25:46.405Z INFO  benchmark_client] Sending sample transaction 1033
[2026-04-19T03:25:46.456Z INFO  benchmark_client] Sending sample transaction 1034
[2026-04-19T03:25:46.506Z INFO  benchmark_client] Sending sample transaction 1035
[2026-04-19T03:25:46.556Z INFO  benchmark_client] Sending sample transaction 1036
[2026-04-19T03:25:46.606Z INFO  benchmark_client] Sending sample transaction 1037
[2026-04-19T03:25:46.656Z INFO  benchmark_client] Sending sample transaction 1038
[2026-04-19T03:25:46.706Z INFO  benchmark_client] Sending sample transaction 1039
[2026-04-19T03:25:46.756Z INFO  benchmark_client] Sending sample transaction 1040
[2026-04-19T03:25:46.806Z INFO  benchmark_client] Sending sample transaction 1041
[2026-04-19T03:25:46.856Z INFO  benchmark_client] Sending sample transaction 1042
[2026-04-19T03:25:46.906Z INFO  benchmark_client] Sending sample transaction 1043
[2026-04-19T03:25:46.955Z INFO  benchmark_client] Sending sample transaction 1044
[2026-04-19T03:25:47.005Z INFO  benchmark_client] Sending sample transaction 1045
[2026-04-19T03:25:47.056Z INFO  benchmark_client] Sending sample transaction 1046
[2026-04-19T03:25:47.106Z INFO  benchmark_client] Sending sample transaction 1047
[2026-04-19T03:25:47.156Z INFO  benchmark_client] Sending sample transaction 1048
[2026-04-19T03:25:47.205Z INFO  benchmark_client] Sending sample transaction 1049
[2026-04-19T03:25:47.255Z INFO  benchmark_client] Sending sample transaction 1050
[2026-04-19T03:25:47.306Z INFO  benchmark_client] Sending sample transaction 1051
[2026-04-19T03:25:47.356Z INFO  benchmark_client] Sending sample transaction 1052
[2026-04-19T03:25:47.405Z INFO  benchmark_client] Sending sample transaction 1053
[2026-04-19T03:25:47.455Z INFO  benchmark_client] Sending sample transaction 1054
[2026-04-19T03:25:47.505Z INFO  benchmark_client] Sending sample transaction 1055
[2026-04-19T03:25:47.555Z INFO  benchmark_client] Sending sample transaction 1056
[2026-04-19T03:25:47.605Z INFO  benchmark_client] Sending sample transaction 1057
[2026-04-19T03:25:47.655Z INFO  benchmark_client] Sending sample transaction 1058
[2026-04-19T03:25:47.706Z INFO  benchmark_client] Sending sample transaction 1059
[2026-04-19T03:25:47.756Z INFO  benchmark_client] Sending sample transaction 1060
[2026-04-19T03:25:47.806Z INFO  benchmark_client] Sending sample transaction 1061
[2026-04-19T03:25:47.856Z INFO  benchmark_client] Sending sample transaction 1062
[2026-04-19T03:25:47.905Z INFO  benchmark_client] Sending sample transaction 1063
[2026-04-19T03:25:47.956Z INFO  benchmark_client] Sending sample transaction 1064
[2026-04-19T03:25:48.006Z INFO  benchmark_client] Sending sample transaction 1065
[2026-04-19T03:25:48.056Z INFO  benchmark_client] Sending sample transaction 1066
[2026-04-19T03:25:48.106Z INFO  benchmark_client] Sending sample transaction 1067
[2026-04-19T03:25:48.156Z INFO  benchmark_client] Sending sample transaction 1068
[2026-04-19T03:25:48.206Z INFO  benchmark_client] Sending sample transaction 1069
[2026-04-19T03:25:48.256Z INFO  benchmark_client] Sending sample transaction 1070
[2026-04-19T03:25:48.306Z INFO  benchmark_client] Sending sample transaction 1071
[2026-04-19T03:25:48.356Z INFO  benchmark_client] Sending sample transaction 1072
[2026-04-19T03:25:48.406Z INFO  benchmark_client] Sending sample transaction 1073
[2026-04-19T03:25:48.455Z INFO  benchmark_client] Sending sample transaction 1074
[2026-04-19T03:25:48.506Z INFO  benchmark_client] Sending sample transaction 1075
[2026-04-19T03:25:48.556Z INFO  benchmark_client] Sending sample transaction 1076
[2026-04-19T03:25:48.606Z INFO  benchmark_client] Sending sample transaction 1077
[2026-04-19T03:25:48.656Z INFO  benchmark_client] Sending sample transaction 1078
[2026-04-19T03:25:48.706Z INFO  benchmark_client] Sending sample transaction 1079
[2026-04-19T03:25:48.756Z INFO  benchmark_client] Sending sample transaction 1080
[2026-04-19T03:25:48.806Z INFO  benchmark_client] Sending sample transaction 1081
[2026-04-19T03:25:48.856Z INFO  benchmark_client] Sending sample transaction 1082
[2026-04-19T03:25:48.906Z INFO  benchmark_client] Sending sample transaction 1083
[2026-04-19T03:25:48.956Z INFO  benchmark_client] Sending sample transaction 1084
[2026-04-19T03:25:49.006Z INFO  benchmark_client] Sending sample transaction 1085
[2026-04-19T03:25:49.056Z INFO  benchmark_client] Sending sample transaction 1086
[2026-04-19T03:25:49.106Z INFO  benchmark_client] Sending sample transaction 1087
[2026-04-19T03:25:49.156Z INFO  benchmark_client] Sending sample transaction 1088
[2026-04-19T03:25:49.207Z INFO  benchmark_client] Sending sample transaction 1089
[2026-04-19T03:25:49.256Z INFO  benchmark_client] Sending sample transaction 1090
[2026-04-19T03:25:49.306Z INFO  benchmark_client] Sending sample transaction 1091
[2026-04-19T03:25:49.357Z INFO  benchmark_client] Sending sample transaction 1092
[2026-04-19T03:25:49.406Z INFO  benchmark_client] Sending sample transaction 1093
[2026-04-19T03:25:49.456Z INFO  benchmark_client] Sending sample transaction 1094
[2026-04-19T03:25:49.506Z INFO  benchmark_client] Sending sample transaction 1095
[2026-04-19T03:25:49.556Z INFO  benchmark_client] Sending sample transaction 1096
[2026-04-19T03:25:49.605Z INFO  benchmark_client] Sending sample transaction 1097
[2026-04-19T03:25:49.655Z INFO  benchmark_client] Sending sample transaction 1098
[2026-04-19T03:25:49.705Z INFO  benchmark_client] Sending sample transaction 1099
[2026-04-19T03:25:49.755Z INFO  benchmark_client] Sending sample transaction 1100
[2026-04-19T03:25:49.805Z INFO  benchmark_client] Sending sample transaction 1101
[2026-04-19T03:25:49.855Z INFO  benchmark_client] Sending sample transaction 1102
[2026-04-19T03:25:49.906Z INFO  benchmark_client] Sending sample transaction 1103
[2026-04-19T03:25:49.956Z INFO  benchmark_client] Sending sample transaction 1104
[2026-04-19T03:25:50.007Z INFO  benchmark_client] Sending sample transaction 1105
[2026-04-19T03:25:50.056Z INFO  benchmark_client] Sending sample transaction 1106
[2026-04-19T03:25:50.106Z INFO  benchmark_client] Sending sample transaction 1107
[2026-04-19T03:25:50.156Z INFO  benchmark_client] Sending sample transaction 1108
[2026-04-19T03:25:50.206Z INFO  benchmark_client] Sending sample transaction 1109
[2026-04-19T03:25:50.256Z INFO  benchmark_client] Sending sample transaction 1110
[2026-04-19T03:25:50.306Z INFO  benchmark_client] Sending sample transaction 1111
[2026-04-19T03:25:50.357Z INFO  benchmark_client] Sending sample transaction 1112
[2026-04-19T03:25:50.406Z INFO  benchmark_client] Sending sample transaction 1113
[2026-04-19T03:25:50.457Z INFO  benchmark_client] Sending sample transaction 1114
[2026-04-19T03:25:50.507Z INFO  benchmark_client] Sending sample transaction 1115
[2026-04-19T03:25:50.556Z INFO  benchmark_client] Sending sample transaction 1116
[2026-04-19T03:25:50.607Z INFO  benchmark_client] Sending sample transaction 1117
[2026-04-19T03:25:50.655Z INFO  benchmark_client] Sending sample transaction 1118
[2026-04-19T03:25:50.706Z INFO  benchmark_client] Sending sample transaction 1119
[2026-04-19T03:25:50.756Z INFO  benchmark_client] Sending sample transaction 1120
[2026-04-19T03:25:50.806Z INFO  benchmark_client] Sending sample transaction 1121
[2026-04-19T03:25:50.856Z INFO  benchmark_client] Sending sample transaction 1122
[2026-04-19T03:25:50.905Z INFO  benchmark_client] Sending sample transaction 1123
[2026-04-19T03:25:50.956Z INFO  benchmark_client] Sending sample transaction 1124
[2026-04-19T03:25:51.005Z INFO  benchmark_client] Sending sample transaction 1125
[2026-04-19T03:25:51.055Z INFO  benchmark_client] Sending sample transaction 1126
[2026-04-19T03:25:51.105Z INFO  benchmark_client] Sending sample transaction 1127
[2026-04-19T03:25:51.156Z INFO  benchmark_client] Sending sample transaction 1128
[2026-04-19T03:25:51.206Z INFO  benchmark_client] Sending sample transaction 1129
[2026-04-19T03:25:51.256Z INFO  benchmark_client] Sending sample transaction 1130
[2026-04-19T03:25:51.306Z INFO  benchmark_client] Sending sample transaction 1131
[2026-04-19T03:25:51.356Z INFO  benchmark_client] Sending sample transaction 1132
[2026-04-19T03:25:51.406Z INFO  benchmark_client] Sending sample transaction 1133
[2026-04-19T03:25:51.456Z INFO  benchmark_client] Sending sample transaction 1134
[2026-04-19T03:25:51.506Z INFO  benchmark_client] Sending sample transaction 1135
[2026-04-19T03:25:51.556Z INFO  benchmark_client] Sending sample transaction 1136
[2026-04-19T03:25:51.605Z INFO  benchmark_client] Sending sample transaction 1137
[2026-04-19T03:25:51.655Z INFO  benchmark_client] Sending sample transaction 1138
[2026-04-19T03:25:51.706Z INFO  benchmark_client] Sending sample transaction 1139
[2026-04-19T03:25:51.756Z INFO  benchmark_client] Sending sample transaction 1140
[2026-04-19T03:25:51.806Z INFO  benchmark_client] Sending sample transaction 1141
[2026-04-19T03:25:51.856Z INFO  benchmark_client] Sending sample transaction 1142
[2026-04-19T03:25:51.907Z INFO  benchmark_client] Sending sample transaction 1143
[2026-04-19T03:25:51.957Z INFO  benchmark_client] Sending sample transaction 1144
[2026-04-19T03:25:52.006Z INFO  benchmark_client] Sending sample transaction 1145
[2026-04-19T03:25:52.056Z INFO  benchmark_client] Sending sample transaction 1146
[2026-04-19T03:25:52.106Z INFO  benchmark_client] Sending sample transaction 1147
[2026-04-19T03:25:52.156Z INFO  benchmark_client] Sending sample transaction 1148
[2026-04-19T03:25:52.206Z INFO  benchmark_client] Sending sample transaction 1149
[2026-04-19T03:25:52.256Z INFO  benchmark_client] Sending sample transaction 1150
[2026-04-19T03:25:52.306Z INFO  benchmark_client] Sending sample transaction 1151
[2026-04-19T03:25:52.356Z INFO  benchmark_client] Sending sample transaction 1152
[2026-04-19T03:25:52.406Z INFO  benchmark_client] Sending sample transaction 1153
[2026-04-19T03:25:52.456Z INFO  benchmark_client] Sending sample transaction 1154
[2026-04-19T03:25:52.507Z INFO  benchmark_client] Sending sample transaction 1155
[2026-04-19T03:25:52.557Z INFO  benchmark_client] Sending sample transaction 1156
[2026-04-19T03:25:52.607Z INFO  benchmark_client] Sending sample transaction 1157
[2026-04-19T03:25:52.656Z INFO  benchmark_client] Sending sample transaction 1158
[2026-04-19T03:25:52.706Z INFO  benchmark_client] Sending sample transaction 1159
[2026-04-19T03:25:52.756Z INFO  benchmark_client] Sending sample transaction 1160
[2026-04-19T03:25:52.806Z INFO  benchmark_client] Sending sample transaction 1161
[2026-04-19T03:25:52.855Z INFO  benchmark_client] Sending sample transaction 1162
[2026-04-19T03:25:52.905Z INFO  benchmark_client] Sending sample transaction 1163
[2026-04-19T03:25:52.955Z INFO  benchmark_client] Sending sample transaction 1164
[2026-04-19T03:25:53.005Z INFO  benchmark_client] Sending sample transaction 1165
[2026-04-19T03:25:53.056Z INFO  benchmark_client] Sending sample transaction 1166
[2026-04-19T03:25:53.106Z INFO  benchmark_client] Sending sample transaction 1167
[2026-04-19T03:25:53.156Z INFO  benchmark_client] Sending sample transaction 1168
[2026-04-19T03:25:53.206Z INFO  benchmark_client] Sending sample transaction 1169
[2026-04-19T03:25:53.256Z INFO  benchmark_client] Sending sample transaction 1170
[2026-04-19T03:25:53.305Z INFO  benchmark_client] Sending sample transaction 1171
[2026-04-19T03:25:53.355Z INFO  benchmark_client] Sending sample transaction 1172
[2026-04-19T03:25:53.405Z INFO  benchmark_client] Sending sample transaction 1173
[2026-04-19T03:25:53.455Z INFO  benchmark_client] Sending sample transaction 1174
[2026-04-19T03:25:53.506Z INFO  benchmark_client] Sending sample transaction 1175
[2026-04-19T03:25:53.555Z INFO  benchmark_client] Sending sample transaction 1176
[2026-04-19T03:25:53.606Z INFO  benchmark_client] Sending sample transaction 1177
[2026-04-19T03:25:53.656Z INFO  benchmark_client] Sending sample transaction 1178
[2026-04-19T03:25:53.706Z INFO  benchmark_client] Sending sample transaction 1179
[2026-04-19T03:25:53.756Z INFO  benchmark_client] Sending sample transaction 1180
[2026-04-19T03:25:53.806Z INFO  benchmark_client] Sending sample transaction 1181
[2026-04-19T03:25:53.856Z INFO  benchmark_client] Sending sample transaction 1182
[2026-04-19T03:25:53.906Z INFO  benchmark_client] Sending sample transaction 1183
[2026-04-19T03:25:53.956Z INFO  benchmark_client] Sending sample transaction 1184
[2026-04-19T03:25:54.007Z INFO  benchmark_client] Sending sample transaction 1185
[2026-04-19T03:25:54.057Z INFO  benchmark_client] Sending sample transaction 1186
[2026-04-19T03:25:54.106Z INFO  benchmark_client] Sending sample transaction 1187
[2026-04-19T03:25:54.156Z INFO  benchmark_client] Sending sample transaction 1188
[2026-04-19T03:25:54.206Z INFO  benchmark_client] Sending sample transaction 1189
[2026-04-19T03:25:54.257Z INFO  benchmark_client] Sending sample transaction 1190
[2026-04-19T03:25:54.307Z INFO  benchmark_client] Sending sample transaction 1191
[2026-04-19T03:25:54.357Z INFO  benchmark_client] Sending sample transaction 1192
[2026-04-19T03:25:54.406Z INFO  benchmark_client] Sending sample transaction 1193
[2026-04-19T03:25:54.456Z INFO  benchmark_client] Sending sample transaction 1194
[2026-04-19T03:25:54.506Z INFO  benchmark_client] Sending sample transaction 1195
[2026-04-19T03:25:54.557Z INFO  benchmark_client] Sending sample transaction 1196
[2026-04-19T03:25:54.607Z INFO  benchmark_client] Sending sample transaction 1197
[2026-04-19T03:25:54.657Z INFO  benchmark_client] Sending sample transaction 1198
[2026-04-19T03:25:54.706Z INFO  benchmark_client] Sending sample transaction 1199
[2026-04-19T03:25:54.755Z INFO  benchmark_client] Sending sample transaction 1200
[2026-04-19T03:25:54.805Z INFO  benchmark_client] Sending sample transaction 1201
[2026-04-19T03:25:54.855Z INFO  benchmark_client] Sending sample transaction 1202
[2026-04-19T03:25:54.905Z INFO  benchmark_client] Sending sample transaction 1203
[2026-04-19T03:25:54.955Z INFO  benchmark_client] Sending sample transaction 1204
[2026-04-19T03:25:55.005Z INFO  benchmark_client] Sending sample transaction 1205
[2026-04-19T03:25:55.055Z INFO  benchmark_client] Sending sample transaction 1206
[2026-04-19T03:25:55.105Z INFO  benchmark_client] Sending sample transaction 1207
[2026-04-19T03:25:55.155Z INFO  benchmark_client] Sending sample transaction 1208
[2026-04-19T03:25:55.205Z INFO  benchmark_client] Sending sample transaction 1209
[2026-04-19T03:25:55.255Z INFO  benchmark_client] Sending sample transaction 1210
[2026-04-19T03:25:55.305Z INFO  benchmark_client] Sending sample transaction 1211
[2026-04-19T03:25:55.355Z INFO  benchmark_client] Sending sample transaction 1212
[2026-04-19T03:25:55.405Z INFO  benchmark_client] Sending sample transaction 1213
[2026-04-19T03:25:55.455Z INFO  benchmark_client] Sending sample transaction 1214
[2026-04-19T03:25:55.505Z INFO  benchmark_client] Sending sample transaction 1215
[2026-04-19T03:25:55.555Z INFO  benchmark_client] Sending sample transaction 1216
[2026-04-19T03:25:55.605Z INFO  benchmark_client] Sending sample transaction 1217
[2026-04-19T03:25:55.655Z INFO  benchmark_client] Sending sample transaction 1218
[2026-04-19T03:25:55.705Z INFO  benchmark_client] Sending sample transaction 1219
[2026-04-19T03:25:55.755Z INFO  benchmark_client] Sending sample transaction 1220
[2026-04-19T03:25:55.805Z INFO  benchmark_client] Sending sample transaction 1221
[2026-04-19T03:25:55.855Z INFO  benchmark_client] Sending sample transaction 1222
[2026-04-19T03:25:55.905Z INFO  benchmark_client] Sending sample transaction 1223
[2026-04-19T03:25:55.955Z INFO  benchmark_client] Sending sample transaction 1224
[2026-04-19T03:25:56.005Z INFO  benchmark_client] Sending sample transaction 1225
[2026-04-19T03:25:56.055Z INFO  benchmark_client] Sending sample transaction 1226
[2026-04-19T03:25:56.105Z INFO  benchmark_client] Sending sample transaction 1227
[2026-04-19T03:25:56.156Z INFO  benchmark_client] Sending sample transaction 1228
[2026-04-19T03:25:56.205Z INFO  benchmark_client] Sending sample transaction 1229
[2026-04-19T03:25:56.255Z INFO  benchmark_client] Sending sample transaction 1230
[2026-04-19T03:25:56.305Z INFO  benchmark_client] Sending sample transaction 1231
[2026-04-19T03:25:56.355Z INFO  benchmark_client] Sending sample transaction 1232
[2026-04-19T03:25:56.405Z INFO  benchmark_client] Sending sample transaction 1233
[2026-04-19T03:25:56.456Z INFO  benchmark_client] Sending sample transaction 1234
[2026-04-19T03:25:56.505Z INFO  benchmark_client] Sending sample transaction 1235
[2026-04-19T03:25:56.555Z INFO  benchmark_client] Sending sample transaction 1236
[2026-04-19T03:25:56.605Z INFO  benchmark_client] Sending sample transaction 1237
[2026-04-19T03:25:56.655Z INFO  benchmark_client] Sending sample transaction 1238
[2026-04-19T03:25:56.705Z INFO  benchmark_client] Sending sample transaction 1239
[2026-04-19T03:25:56.755Z INFO  benchmark_client] Sending sample transaction 1240
[2026-04-19T03:25:56.806Z INFO  benchmark_client] Sending sample transaction 1241
[2026-04-19T03:25:56.855Z INFO  benchmark_client] Sending sample transaction 1242
[2026-04-19T03:25:56.905Z INFO  benchmark_client] Sending sample transaction 1243
[2026-04-19T03:25:56.955Z INFO  benchmark_client] Sending sample transaction 1244
[2026-04-19T03:25:57.005Z INFO  benchmark_client] Sending sample transaction 1245
[2026-04-19T03:25:57.055Z INFO  benchmark_client] Sending sample transaction 1246
[2026-04-19T03:25:57.105Z INFO  benchmark_client] Sending sample transaction 1247
[2026-04-19T03:25:57.155Z INFO  benchmark_client] Sending sample transaction 1248
[2026-04-19T03:25:57.204Z INFO  benchmark_client] Sending sample transaction 1249
[2026-04-19T03:25:57.255Z INFO  benchmark_client] Sending sample transaction 1250
[2026-04-19T03:25:57.305Z INFO  benchmark_client] Sending sample transaction 1251
[2026-04-19T03:25:57.355Z INFO  benchmark_client] Sending sample transaction 1252
[2026-04-19T03:25:57.405Z INFO  benchmark_client] Sending sample transaction 1253
[2026-04-19T03:25:57.455Z INFO  benchmark_client] Sending sample transaction 1254
[2026-04-19T03:25:57.505Z INFO  benchmark_client] Sending sample transaction 1255
[2026-04-19T03:25:57.555Z INFO  benchmark_client] Sending sample transaction 1256
[2026-04-19T03:25:57.605Z INFO  benchmark_client] Sending sample transaction 1257
[2026-04-19T03:25:57.655Z INFO  benchmark_client] Sending sample transaction 1258
[2026-04-19T03:25:57.705Z INFO  benchmark_client] Sending sample transaction 1259
[2026-04-19T03:25:57.755Z INFO  benchmark_client] Sending sample transaction 1260
[2026-04-19T03:25:57.805Z INFO  benchmark_client] Sending sample transaction 1261
[2026-04-19T03:25:57.855Z INFO  benchmark_client] Sending sample transaction 1262
[2026-04-19T03:25:57.905Z INFO  benchmark_client] Sending sample transaction 1263
[2026-04-19T03:25:57.956Z INFO  benchmark_client] Sending sample transaction 1264
[2026-04-19T03:25:58.005Z INFO  benchmark_client] Sending sample transaction 1265
[2026-04-19T03:25:58.055Z INFO  benchmark_client] Sending sample transaction 1266
[2026-04-19T03:25:58.106Z INFO  benchmark_client] Sending sample transaction 1267
[2026-04-19T03:25:58.155Z INFO  benchmark_client] Sending sample transaction 1268
[2026-04-19T03:25:58.205Z INFO  benchmark_client] Sending sample transaction 1269
[2026-04-19T03:25:58.255Z INFO  benchmark_client] Sending sample transaction 1270
[2026-04-19T03:25:58.305Z INFO  benchmark_client] Sending sample transaction 1271
[2026-04-19T03:25:58.355Z INFO  benchmark_client] Sending sample transaction 1272
[2026-04-19T03:25:58.405Z INFO  benchmark_client] Sending sample transaction 1273
[2026-04-19T03:25:58.455Z INFO  benchmark_client] Sending sample transaction 1274
[2026-04-19T03:25:58.506Z INFO  benchmark_client] Sending sample transaction 1275
[2026-04-19T03:25:58.555Z INFO  benchmark_client] Sending sample transaction 1276
[2026-04-19T03:25:58.605Z INFO  benchmark_client] Sending sample transaction 1277
[2026-04-19T03:25:58.655Z INFO  benchmark_client] Sending sample transaction 1278
[2026-04-19T03:25:58.705Z INFO  benchmark_client] Sending sample transaction 1279
[2026-04-19T03:25:58.756Z INFO  benchmark_client] Sending sample transaction 1280
[2026-04-19T03:25:58.805Z INFO  benchmark_client] Sending sample transaction 1281
[2026-04-19T03:25:58.855Z INFO  benchmark_client] Sending sample transaction 1282
[2026-04-19T03:25:58.905Z INFO  benchmark_client] Sending sample transaction 1283
[2026-04-19T03:25:58.955Z INFO  benchmark_client] Sending sample transaction 1284
[2026-04-19T03:25:59.005Z INFO  benchmark_client] Sending sample transaction 1285
[2026-04-19T03:25:59.055Z INFO  benchmark_client] Sending sample transaction 1286
[2026-04-19T03:25:59.105Z INFO  benchmark_client] Sending sample transaction 1287
[2026-04-19T03:25:59.155Z INFO  benchmark_client] Sending sample transaction 1288
[2026-04-19T03:25:59.205Z INFO  benchmark_client] Sending sample transaction 1289
[2026-04-19T03:25:59.255Z INFO  benchmark_client] Sending sample transaction 1290
[2026-04-19T03:25:59.305Z INFO  benchmark_client] Sending sample transaction 1291
[2026-04-19T03:25:59.355Z INFO  benchmark_client] Sending sample transaction 1292
[2026-04-19T03:25:59.405Z INFO  benchmark_client] Sending sample transaction 1293
[2026-04-19T03:25:59.455Z INFO  benchmark_client] Sending sample transaction 1294
[2026-04-19T03:25:59.505Z INFO  benchmark_client] Sending sample transaction 1295
[2026-04-19T03:25:59.555Z INFO  benchmark_client] Sending sample transaction 1296
[2026-04-19T03:25:59.605Z INFO  benchmark_client] Sending sample transaction 1297
[2026-04-19T03:25:59.656Z INFO  benchmark_client] Sending sample transaction 1298
[2026-04-19T03:25:59.705Z INFO  benchmark_client] Sending sample transaction 1299
[2026-04-19T03:25:59.755Z INFO  benchmark_client] Sending sample transaction 1300
[2026-04-19T03:25:59.805Z INFO  benchmark_client] Sending sample transaction 1301
[2026-04-19T03:25:59.855Z INFO  benchmark_client] Sending sample transaction 1302
[2026-04-19T03:25:59.905Z INFO  benchmark_client] Sending sample transaction 1303
[2026-04-19T03:25:59.955Z INFO  benchmark_client] Sending sample transaction 1304
[2026-04-19T03:26:00.005Z INFO  benchmark_client] Sending sample transaction 1305
[2026-04-19T03:26:00.055Z INFO  benchmark_client] Sending sample transaction 1306
[2026-04-19T03:26:00.105Z INFO  benchmark_client] Sending sample transaction 1307
[2026-04-19T03:26:00.155Z INFO  benchmark_client] Sending sample transaction 1308
[2026-04-19T03:26:00.205Z INFO  benchmark_client] Sending sample transaction 1309
[2026-04-19T03:26:00.256Z INFO  benchmark_client] Sending sample transaction 1310
[2026-04-19T03:26:00.305Z INFO  benchmark_client] Sending sample transaction 1311
[2026-04-19T03:26:00.355Z INFO  benchmark_client] Sending sample transaction 1312
[2026-04-19T03:26:00.406Z INFO  benchmark_client] Sending sample transaction 1313
[2026-04-19T03:26:00.455Z INFO  benchmark_client] Sending sample transaction 1314
[2026-04-19T03:26:00.505Z INFO  benchmark_client] Sending sample transaction 1315
[2026-04-19T03:26:00.555Z INFO  benchmark_client] Sending sample transaction 1316
[2026-04-19T03:26:00.605Z INFO  benchmark_client] Sending sample transaction 1317
[2026-04-19T03:26:00.655Z INFO  benchmark_client] Sending sample transaction 1318
[2026-04-19T03:26:00.705Z INFO  benchmark_client] Sending sample transaction 1319
[2026-04-19T03:26:00.756Z INFO  benchmark_client] Sending sample transaction 1320
[2026-04-19T03:26:00.805Z INFO  benchmark_client] Sending sample transaction 1321
[2026-04-19T03:26:00.856Z INFO  benchmark_client] Sending sample transaction 1322
[2026-04-19T03:26:00.905Z INFO  benchmark_client] Sending sample transaction 1323
[2026-04-19T03:26:00.956Z INFO  benchmark_client] Sending sample transaction 1324
[2026-04-19T03:26:01.006Z INFO  benchmark_client] Sending sample transaction 1325
[2026-04-19T03:26:01.056Z INFO  benchmark_client] Sending sample transaction 1326
[2026-04-19T03:26:01.105Z INFO  benchmark_client] Sending sample transaction 1327
[2026-04-19T03:26:01.155Z INFO  benchmark_client] Sending sample transaction 1328
[2026-04-19T03:26:01.205Z INFO  benchmark_client] Sending sample transaction 1329
[2026-04-19T03:26:01.255Z INFO  benchmark_client] Sending sample transaction 1330
[2026-04-19T03:26:01.305Z INFO  benchmark_client] Sending sample transaction 1331
[2026-04-19T03:26:01.355Z INFO  benchmark_client] Sending sample transaction 1332
[2026-04-19T03:26:01.405Z INFO  benchmark_client] Sending sample transaction 1333
[2026-04-19T03:26:01.456Z INFO  benchmark_client] Sending sample transaction 1334
[2026-04-19T03:26:01.506Z INFO  benchmark_client] Sending sample transaction 1335
[2026-04-19T03:26:01.556Z INFO  benchmark_client] Sending sample transaction 1336
[2026-04-19T03:26:01.606Z INFO  benchmark_client] Sending sample transaction 1337
[2026-04-19T03:26:01.656Z INFO  benchmark_client] Sending sample transaction 1338
[2026-04-19T03:26:01.705Z INFO  benchmark_client] Sending sample transaction 1339
[2026-04-19T03:26:01.756Z INFO  benchmark_client] Sending sample transaction 1340
[2026-04-19T03:26:01.805Z INFO  benchmark_client] Sending sample transaction 1341
[2026-04-19T03:26:01.856Z INFO  benchmark_client] Sending sample transaction 1342
[2026-04-19T03:26:01.906Z INFO  benchmark_client] Sending sample transaction 1343
[2026-04-19T03:26:01.956Z INFO  benchmark_client] Sending sample transaction 1344
[2026-04-19T03:26:02.005Z INFO  benchmark_client] Sending sample transaction 1345
[2026-04-19T03:26:02.055Z INFO  benchmark_client] Sending sample transaction 1346
[2026-04-19T03:26:02.105Z INFO  benchmark_client] Sending sample transaction 1347
[2026-04-19T03:26:02.156Z INFO  benchmark_client] Sending sample transaction 1348
[2026-04-19T03:26:02.206Z INFO  benchmark_client] Sending sample transaction 1349
[2026-04-19T03:26:02.255Z INFO  benchmark_client] Sending sample transaction 1350
[2026-04-19T03:26:02.306Z INFO  benchmark_client] Sending sample transaction 1351
[2026-04-19T03:26:02.356Z INFO  benchmark_client] Sending sample transaction 1352
[2026-04-19T03:26:02.405Z INFO  benchmark_client] Sending sample transaction 1353
[2026-04-19T03:26:02.455Z INFO  benchmark_client] Sending sample transaction 1354
[2026-04-19T03:26:02.506Z INFO  benchmark_client] Sending sample transaction 1355
[2026-04-19T03:26:02.556Z INFO  benchmark_client] Sending sample transaction 1356
[2026-04-19T03:26:02.605Z INFO  benchmark_client] Sending sample transaction 1357
[2026-04-19T03:26:02.656Z INFO  benchmark_client] Sending sample transaction 1358
[2026-04-19T03:26:02.706Z INFO  benchmark_client] Sending sample transaction 1359
[2026-04-19T03:26:02.756Z INFO  benchmark_client] Sending sample transaction 1360
[2026-04-19T03:26:02.806Z INFO  benchmark_client] Sending sample transaction 1361
[2026-04-19T03:26:02.856Z INFO  benchmark_client] Sending sample transaction 1362
[2026-04-19T03:26:02.905Z INFO  benchmark_client] Sending sample transaction 1363
[2026-04-19T03:26:02.955Z INFO  benchmark_client] Sending sample transaction 1364
[2026-04-19T03:26:03.006Z INFO  benchmark_client] Sending sample transaction 1365
[2026-04-19T03:26:03.055Z INFO  benchmark_client] Sending sample transaction 1366
[2026-04-19T03:26:03.105Z INFO  benchmark_client] Sending sample transaction 1367
[2026-04-19T03:26:03.155Z INFO  benchmark_client] Sending sample transaction 1368
[2026-04-19T03:26:03.205Z INFO  benchmark_client] Sending sample transaction 1369
[2026-04-19T03:26:03.255Z INFO  benchmark_client] Sending sample transaction 1370
[2026-04-19T03:26:03.305Z INFO  benchmark_client] Sending sample transaction 1371
[2026-04-19T03:26:03.355Z INFO  benchmark_client] Sending sample transaction 1372
[2026-04-19T03:26:03.406Z INFO  benchmark_client] Sending sample transaction 1373
[2026-04-19T03:26:03.455Z INFO  benchmark_client] Sending sample transaction 1374
[2026-04-19T03:26:03.505Z INFO  benchmark_client] Sending sample transaction 1375
[2026-04-19T03:26:03.555Z INFO  benchmark_client] Sending sample transaction 1376
[2026-04-19T03:26:03.605Z INFO  benchmark_client] Sending sample transaction 1377
[2026-04-19T03:26:03.655Z INFO  benchmark_client] Sending sample transaction 1378
[2026-04-19T03:26:03.705Z INFO  benchmark_client] Sending sample transaction 1379
[2026-04-19T03:26:03.756Z INFO  benchmark_client] Sending sample transaction 1380
[2026-04-19T03:26:03.806Z INFO  benchmark_client] Sending sample transaction 1381
[2026-04-19T03:26:03.856Z INFO  benchmark_client] Sending sample transaction 1382
[2026-04-19T03:26:03.906Z INFO  benchmark_client] Sending sample transaction 1383
[2026-04-19T03:26:03.956Z INFO  benchmark_client] Sending sample transaction 1384
[2026-04-19T03:26:04.005Z INFO  benchmark_client] Sending sample transaction 1385
[2026-04-19T03:26:04.055Z INFO  benchmark_client] Sending sample transaction 1386
[2026-04-19T03:26:04.105Z INFO  benchmark_client] Sending sample transaction 1387
[2026-04-19T03:26:04.155Z INFO  benchmark_client] Sending sample transaction 1388
[2026-04-19T03:26:04.205Z INFO  benchmark_client] Sending sample transaction 1389
[2026-04-19T03:26:04.256Z INFO  benchmark_client] Sending sample transaction 1390
[2026-04-19T03:26:04.306Z INFO  benchmark_client] Sending sample transaction 1391
[2026-04-19T03:26:04.356Z INFO  benchmark_client] Sending sample transaction 1392
[2026-04-19T03:26:04.406Z INFO  benchmark_client] Sending sample transaction 1393
[2026-04-19T03:26:04.456Z INFO  benchmark_client] Sending sample transaction 1394
[2026-04-19T03:26:04.506Z INFO  benchmark_client] Sending sample transaction 1395
[2026-04-19T03:26:04.556Z INFO  benchmark_client] Sending sample transaction 1396
[2026-04-19T03:26:04.605Z INFO  benchmark_client] Sending sample transaction 1397
[2026-04-19T03:26:04.656Z INFO  benchmark_client] Sending sample transaction 1398
[2026-04-19T03:26:04.706Z INFO  benchmark_client] Sending sample transaction 1399
[2026-04-19T03:26:04.756Z INFO  benchmark_client] Sending sample transaction 1400
[2026-04-19T03:26:04.806Z INFO  benchmark_client] Sending sample transaction 1401
[2026-04-19T03:26:04.856Z INFO  benchmark_client] Sending sample transaction 1402
[2026-04-19T03:26:04.906Z INFO  benchmark_client] Sending sample transaction 1403
[2026-04-19T03:26:04.956Z INFO  benchmark_client] Sending sample transaction 1404
[2026-04-19T03:26:05.006Z INFO  benchmark_client] Sending sample transaction 1405
[2026-04-19T03:26:05.056Z INFO  benchmark_client] Sending sample transaction 1406
[2026-04-19T03:26:05.106Z INFO  benchmark_client] Sending sample transaction 1407
[2026-04-19T03:26:05.156Z INFO  benchmark_client] Sending sample transaction 1408
[2026-04-19T03:26:05.205Z INFO  benchmark_client] Sending sample transaction 1409
[2026-04-19T03:26:05.255Z INFO  benchmark_client] Sending sample transaction 1410
[2026-04-19T03:26:05.305Z INFO  benchmark_client] Sending sample transaction 1411
[2026-04-19T03:26:05.355Z INFO  benchmark_client] Sending sample transaction 1412
[2026-04-19T03:26:05.405Z INFO  benchmark_client] Sending sample transaction 1413
[2026-04-19T03:26:05.455Z INFO  benchmark_client] Sending sample transaction 1414
[2026-04-19T03:26:05.506Z INFO  benchmark_client] Sending sample transaction 1415
[2026-04-19T03:26:05.556Z INFO  benchmark_client] Sending sample transaction 1416
[2026-04-19T03:26:05.606Z INFO  benchmark_client] Sending sample transaction 1417
[2026-04-19T03:26:05.655Z INFO  benchmark_client] Sending sample transaction 1418
[2026-04-19T03:26:05.705Z INFO  benchmark_client] Sending sample transaction 1419
[2026-04-19T03:26:05.755Z INFO  benchmark_client] Sending sample transaction 1420
[2026-04-19T03:26:05.805Z INFO  benchmark_client] Sending sample transaction 1421
[2026-04-19T03:26:05.855Z INFO  benchmark_client] Sending sample transaction 1422
[2026-04-19T03:26:05.905Z INFO  benchmark_client] Sending sample transaction 1423
[2026-04-19T03:26:05.955Z INFO  benchmark_client] Sending sample transaction 1424
[2026-04-19T03:26:06.006Z INFO  benchmark_client] Sending sample transaction 1425
[2026-04-19T03:26:06.055Z INFO  benchmark_client] Sending sample transaction 1426
[2026-04-19T03:26:06.105Z INFO  benchmark_client] Sending sample transaction 1427
[2026-04-19T03:26:06.155Z INFO  benchmark_client] Sending sample transaction 1428
[2026-04-19T03:26:06.205Z INFO  benchmark_client] Sending sample transaction 1429
[2026-04-19T03:26:06.255Z INFO  benchmark_client] Sending sample transaction 1430
[2026-04-19T03:26:06.306Z INFO  benchmark_client] Sending sample transaction 1431
[2026-04-19T03:26:06.356Z INFO  benchmark_client] Sending sample transaction 1432
[2026-04-19T03:26:06.406Z INFO  benchmark_client] Sending sample transaction 1433
[2026-04-19T03:26:06.455Z INFO  benchmark_client] Sending sample transaction 1434
[2026-04-19T03:26:06.506Z INFO  benchmark_client] Sending sample transaction 1435
[2026-04-19T03:26:06.556Z INFO  benchmark_client] Sending sample transaction 1436
[2026-04-19T03:26:06.606Z INFO  benchmark_client] Sending sample transaction 1437
[2026-04-19T03:26:06.655Z INFO  benchmark_client] Sending sample transaction 1438
[2026-04-19T03:26:06.706Z INFO  benchmark_client] Sending sample transaction 1439
[2026-04-19T03:26:06.755Z INFO  benchmark_client] Sending sample transaction 1440
[2026-04-19T03:26:06.805Z INFO  benchmark_client] Sending sample transaction 1441
[2026-04-19T03:26:06.855Z INFO  benchmark_client] Sending sample transaction 1442
[2026-04-19T03:26:06.905Z INFO  benchmark_client] Sending sample transaction 1443
[2026-04-19T03:26:06.955Z INFO  benchmark_client] Sending sample transaction 1444
[2026-04-19T03:26:07.005Z INFO  benchmark_client] Sending sample transaction 1445
[2026-04-19T03:26:07.056Z INFO  benchmark_client] Sending sample transaction 1446
[2026-04-19T03:26:07.106Z INFO  benchmark_client] Sending sample transaction 1447
[2026-04-19T03:26:07.156Z INFO  benchmark_client] Sending sample transaction 1448
[2026-04-19T03:26:07.205Z INFO  benchmark_client] Sending sample transaction 1449
[2026-04-19T03:26:07.256Z INFO  benchmark_client] Sending sample transaction 1450
[2026-04-19T03:26:07.306Z INFO  benchmark_client] Sending sample transaction 1451
[2026-04-19T03:26:07.356Z INFO  benchmark_client] Sending sample transaction 1452
[2026-04-19T03:26:07.406Z INFO  benchmark_client] Sending sample transaction 1453
[2026-04-19T03:26:07.456Z INFO  benchmark_client] Sending sample transaction 1454
[2026-04-19T03:26:07.506Z INFO  benchmark_client] Sending sample transaction 1455
[2026-04-19T03:26:07.556Z INFO  benchmark_client] Sending sample transaction 1456
[2026-04-19T03:26:07.606Z INFO  benchmark_client] Sending sample transaction 1457
[2026-04-19T03:26:07.656Z INFO  benchmark_client] Sending sample transaction 1458
[2026-04-19T03:26:07.706Z INFO  benchmark_client] Sending sample transaction 1459
[2026-04-19T03:26:07.756Z INFO  benchmark_client] Sending sample transaction 1460
[2026-04-19T03:26:07.806Z INFO  benchmark_client] Sending sample transaction 1461
[2026-04-19T03:26:07.856Z INFO  benchmark_client] Sending sample transaction 1462
[2026-04-19T03:26:07.906Z INFO  benchmark_client] Sending sample transaction 1463
[2026-04-19T03:26:07.956Z INFO  benchmark_client] Sending sample transaction 1464
[2026-04-19T03:26:08.006Z INFO  benchmark_client] Sending sample transaction 1465
[2026-04-19T03:26:08.056Z INFO  benchmark_client] Sending sample transaction 1466
[2026-04-19T03:26:08.106Z INFO  benchmark_client] Sending sample transaction 1467
[2026-04-19T03:26:08.157Z INFO  benchmark_client] Sending sample transaction 1468
[2026-04-19T03:26:08.206Z INFO  benchmark_client] Sending sample transaction 1469
[2026-04-19T03:26:08.256Z INFO  benchmark_client] Sending sample transaction 1470
[2026-04-19T03:26:08.306Z INFO  benchmark_client] Sending sample transaction 1471
[2026-04-19T03:26:08.356Z INFO  benchmark_client] Sending sample transaction 1472
[2026-04-19T03:26:08.406Z INFO  benchmark_client] Sending sample transaction 1473
[2026-04-19T03:26:08.456Z INFO  benchmark_client] Sending sample transaction 1474
[2026-04-19T03:26:08.506Z INFO  benchmark_client] Sending sample transaction 1475
[2026-04-19T03:26:08.556Z INFO  benchmark_client] Sending sample transaction 1476
[2026-04-19T03:26:08.606Z INFO  benchmark_client] Sending sample transaction 1477
[2026-04-19T03:26:08.656Z INFO  benchmark_client] Sending sample transaction 1478
[2026-04-19T03:26:08.706Z INFO  benchmark_client] Sending sample transaction 1479
[2026-04-19T03:26:08.756Z INFO  benchmark_client] Sending sample transaction 1480
[2026-04-19T03:26:08.806Z INFO  benchmark_client] Sending sample transaction 1481
[2026-04-19T03:26:08.856Z INFO  benchmark_client] Sending sample transaction 1482
[2026-04-19T03:26:08.906Z INFO  benchmark_client] Sending sample transaction 1483
[2026-04-19T03:26:08.956Z INFO  benchmark_client] Sending sample transaction 1484
[2026-04-19T03:26:09.005Z INFO  benchmark_client] Sending sample transaction 1485
[2026-04-19T03:26:09.055Z INFO  benchmark_client] Sending sample transaction 1486
[2026-04-19T03:26:09.105Z INFO  benchmark_client] Sending sample transaction 1487
[2026-04-19T03:26:09.156Z INFO  benchmark_client] Sending sample transaction 1488
[2026-04-19T03:26:09.206Z INFO  benchmark_client] Sending sample transaction 1489
[2026-04-19T03:26:09.256Z INFO  benchmark_client] Sending sample transaction 1490
[2026-04-19T03:26:09.305Z INFO  benchmark_client] Sending sample transaction 1491
[2026-04-19T03:26:09.355Z INFO  benchmark_client] Sending sample transaction 1492
[2026-04-19T03:26:09.405Z INFO  benchmark_client] Sending sample transaction 1493
[2026-04-19T03:26:09.455Z INFO  benchmark_client] Sending sample transaction 1494
[2026-04-19T03:26:09.505Z INFO  benchmark_client] Sending sample transaction 1495
[2026-04-19T03:26:09.556Z INFO  benchmark_client] Sending sample transaction 1496
[2026-04-19T03:26:09.606Z INFO  benchmark_client] Sending sample transaction 1497
[2026-04-19T03:26:09.655Z INFO  benchmark_client] Sending sample transaction 1498
[2026-04-19T03:26:09.705Z INFO  benchmark_client] Sending sample transaction 1499
[2026-04-19T03:26:09.755Z INFO  benchmark_client] Sending sample transaction 1500
[2026-04-19T03:26:09.805Z INFO  benchmark_client] Sending sample transaction 1501
[2026-04-19T03:26:09.856Z INFO  benchmark_client] Sending sample transaction 1502
[2026-04-19T03:26:09.906Z INFO  benchmark_client] Sending sample transaction 1503
[2026-04-19T03:26:09.956Z INFO  benchmark_client] Sending sample transaction 1504
[2026-04-19T03:26:10.005Z INFO  benchmark_client] Sending sample transaction 1505
[2026-04-19T03:26:10.055Z INFO  benchmark_client] Sending sample transaction 1506
[2026-04-19T03:26:10.106Z INFO  benchmark_client] Sending sample transaction 1507
[2026-04-19T03:26:10.155Z INFO  benchmark_client] Sending sample transaction 1508
[2026-04-19T03:26:10.205Z INFO  benchmark_client] Sending sample transaction 1509
[2026-04-19T03:26:10.255Z INFO  benchmark_client] Sending sample transaction 1510
[2026-04-19T03:26:10.306Z INFO  benchmark_client] Sending sample transaction 1511
[2026-04-19T03:26:10.355Z INFO  benchmark_client] Sending sample transaction 1512
[2026-04-19T03:26:10.406Z INFO  benchmark_client] Sending sample transaction 1513
[2026-04-19T03:26:10.456Z INFO  benchmark_client] Sending sample transaction 1514
[2026-04-19T03:26:10.507Z INFO  benchmark_client] Sending sample transaction 1515
[2026-04-19T03:26:10.556Z INFO  benchmark_client] Sending sample transaction 1516
[2026-04-19T03:26:10.606Z INFO  benchmark_client] Sending sample transaction 1517
[2026-04-19T03:26:10.656Z INFO  benchmark_client] Sending sample transaction 1518
[2026-04-19T03:26:10.707Z INFO  benchmark_client] Sending sample transaction 1519
[2026-04-19T03:26:10.756Z INFO  benchmark_client] Sending sample transaction 1520
[2026-04-19T03:26:10.807Z INFO  benchmark_client] Sending sample transaction 1521
[2026-04-19T03:26:10.856Z INFO  benchmark_client] Sending sample transaction 1522
[2026-04-19T03:26:10.906Z INFO  benchmark_client] Sending sample transaction 1523
[2026-04-19T03:26:10.957Z INFO  benchmark_client] Sending sample transaction 1524
[2026-04-19T03:26:11.006Z INFO  benchmark_client] Sending sample transaction 1525
[2026-04-19T03:26:11.057Z INFO  benchmark_client] Sending sample transaction 1526
[2026-04-19T03:26:11.106Z INFO  benchmark_client] Sending sample transaction 1527
[2026-04-19T03:26:11.156Z INFO  benchmark_client] Sending sample transaction 1528
[2026-04-19T03:26:11.206Z INFO  benchmark_client] Sending sample transaction 1529
[2026-04-19T03:26:11.257Z INFO  benchmark_client] Sending sample transaction 1530
[2026-04-19T03:26:11.306Z INFO  benchmark_client] Sending sample transaction 1531
[2026-04-19T03:26:11.356Z INFO  benchmark_client] Sending sample transaction 1532
[2026-04-19T03:26:11.406Z INFO  benchmark_client] Sending sample transaction 1533
[2026-04-19T03:26:11.455Z INFO  benchmark_client] Sending sample transaction 1534
[2026-04-19T03:26:11.505Z INFO  benchmark_client] Sending sample transaction 1535
[2026-04-19T03:26:11.555Z INFO  benchmark_client] Sending sample transaction 1536
[2026-04-19T03:26:11.605Z INFO  benchmark_client] Sending sample transaction 1537
[2026-04-19T03:26:11.655Z INFO  benchmark_client] Sending sample transaction 1538
[2026-04-19T03:26:11.705Z INFO  benchmark_client] Sending sample transaction 1539
[2026-04-19T03:26:11.756Z INFO  benchmark_client] Sending sample transaction 1540
[2026-04-19T03:26:11.806Z INFO  benchmark_client] Sending sample transaction 1541
[2026-04-19T03:26:11.855Z INFO  benchmark_client] Sending sample transaction 1542
[2026-04-19T03:26:11.905Z INFO  benchmark_client] Sending sample transaction 1543
[2026-04-19T03:26:11.955Z INFO  benchmark_client] Sending sample transaction 1544
[2026-04-19T03:26:12.005Z INFO  benchmark_client] Sending sample transaction 1545
[2026-04-19T03:26:12.055Z INFO  benchmark_client] Sending sample transaction 1546
[2026-04-19T03:26:12.105Z INFO  benchmark_client] Sending sample transaction 1547
[2026-04-19T03:26:12.155Z INFO  benchmark_client] Sending sample transaction 1548
[2026-04-19T03:26:12.205Z INFO  benchmark_client] Sending sample transaction 1549
[2026-04-19T03:26:12.255Z INFO  benchmark_client] Sending sample transaction 1550
[2026-04-19T03:26:12.306Z INFO  benchmark_client] Sending sample transaction 1551
[2026-04-19T03:26:12.356Z INFO  benchmark_client] Sending sample transaction 1552
[2026-04-19T03:26:12.406Z INFO  benchmark_client] Sending sample transaction 1553
[2026-04-19T03:26:12.455Z INFO  benchmark_client] Sending sample transaction 1554
[2026-04-19T03:26:12.506Z INFO  benchmark_client] Sending sample transaction 1555
[2026-04-19T03:26:12.556Z INFO  benchmark_client] Sending sample transaction 1556
[2026-04-19T03:26:12.605Z INFO  benchmark_client] Sending sample transaction 1557
[2026-04-19T03:26:12.656Z INFO  benchmark_client] Sending sample transaction 1558
[2026-04-19T03:26:12.707Z INFO  benchmark_client] Sending sample transaction 1559
[2026-04-19T03:26:12.756Z INFO  benchmark_client] Sending sample transaction 1560
[2026-04-19T03:26:12.807Z INFO  benchmark_client] Sending sample transaction 1561
[2026-04-19T03:26:12.856Z INFO  benchmark_client] Sending sample transaction 1562
[2026-04-19T03:26:12.906Z INFO  benchmark_client] Sending sample transaction 1563
[2026-04-19T03:26:12.956Z INFO  benchmark_client] Sending sample transaction 1564
[2026-04-19T03:26:13.005Z INFO  benchmark_client] Sending sample transaction 1565
[2026-04-19T03:26:13.055Z INFO  benchmark_client] Sending sample transaction 1566
[2026-04-19T03:26:13.105Z INFO  benchmark_client] Sending sample transaction 1567
[2026-04-19T03:26:13.156Z INFO  benchmark_client] Sending sample transaction 1568
[2026-04-19T03:26:13.206Z INFO  benchmark_client] Sending sample transaction 1569
[2026-04-19T03:26:13.256Z INFO  benchmark_client] Sending sample transaction 1570
[2026-04-19T03:26:13.306Z INFO  benchmark_client] Sending sample transaction 1571
[2026-04-19T03:26:13.355Z INFO  benchmark_client] Sending sample transaction 1572
[2026-04-19T03:26:13.405Z INFO  benchmark_client] Sending sample transaction 1573
[2026-04-19T03:26:13.455Z INFO  benchmark_client] Sending sample transaction 1574
[2026-04-19T03:26:13.505Z INFO  benchmark_client] Sending sample transaction 1575
[2026-04-19T03:26:13.556Z INFO  benchmark_client] Sending sample transaction 1576
[2026-04-19T03:26:13.606Z INFO  benchmark_client] Sending sample transaction 1577
[2026-04-19T03:26:13.656Z INFO  benchmark_client] Sending sample transaction 1578
[2026-04-19T03:26:13.706Z INFO  benchmark_client] Sending sample transaction 1579
[2026-04-19T03:26:13.756Z INFO  benchmark_client] Sending sample transaction 1580
[2026-04-19T03:26:13.805Z INFO  benchmark_client] Sending sample transaction 1581
[2026-04-19T03:26:13.856Z INFO  benchmark_client] Sending sample transaction 1582
[2026-04-19T03:26:13.907Z INFO  benchmark_client] Sending sample transaction 1583
[2026-04-19T03:26:13.956Z INFO  benchmark_client] Sending sample transaction 1584
[2026-04-19T03:26:14.007Z INFO  benchmark_client] Sending sample transaction 1585
[2026-04-19T03:26:14.056Z INFO  benchmark_client] Sending sample transaction 1586
[2026-04-19T03:26:14.106Z INFO  benchmark_client] Sending sample transaction 1587
[2026-04-19T03:26:14.158Z INFO  benchmark_client] Sending sample transaction 1588
[2026-04-19T03:26:14.206Z INFO  benchmark_client] Sending sample transaction 1589
[2026-04-19T03:26:14.256Z INFO  benchmark_client] Sending sample transaction 1590
[2026-04-19T03:26:14.307Z INFO  benchmark_client] Sending sample transaction 1591
[2026-04-19T03:26:14.357Z INFO  benchmark_client] Sending sample transaction 1592
[2026-04-19T03:26:14.407Z INFO  benchmark_client] Sending sample transaction 1593
[2026-04-19T03:26:14.456Z INFO  benchmark_client] Sending sample transaction 1594
[2026-04-19T03:26:14.507Z INFO  benchmark_client] Sending sample transaction 1595
[2026-04-19T03:26:14.557Z INFO  benchmark_client] Sending sample transaction 1596
[2026-04-19T03:26:14.606Z INFO  benchmark_client] Sending sample transaction 1597
[2026-04-19T03:26:14.657Z INFO  benchmark_client] Sending sample transaction 1598
[2026-04-19T03:26:14.706Z INFO  benchmark_client] Sending sample transaction 1599
[2026-04-19T03:26:14.755Z INFO  benchmark_client] Sending sample transaction 1600
[2026-04-19T03:26:14.805Z INFO  benchmark_client] Sending sample transaction 1601
[2026-04-19T03:26:14.855Z INFO  benchmark_client] Sending sample transaction 1602
[2026-04-19T03:26:14.905Z INFO  benchmark_client] Sending sample transaction 1603
[2026-04-19T03:26:14.955Z INFO  benchmark_client] Sending sample transaction 1604
[2026-04-19T03:26:15.005Z INFO  benchmark_client] Sending sample transaction 1605
[2026-04-19T03:26:15.055Z INFO  benchmark_client] Sending sample transaction 1606
[2026-04-19T03:26:15.104Z INFO  benchmark_client] Sending sample transaction 1607
[2026-04-19T03:26:15.155Z INFO  benchmark_client] Sending sample transaction 1608
[2026-04-19T03:26:15.205Z INFO  benchmark_client] Sending sample transaction 1609
[2026-04-19T03:26:15.255Z INFO  benchmark_client] Sending sample transaction 1610
[2026-04-19T03:26:15.305Z INFO  benchmark_client] Sending sample transaction 1611
[2026-04-19T03:26:15.355Z INFO  benchmark_client] Sending sample transaction 1612
[2026-04-19T03:26:15.405Z INFO  benchmark_client] Sending sample transaction 1613
[2026-04-19T03:26:15.455Z INFO  benchmark_client] Sending sample transaction 1614
[2026-04-19T03:26:15.505Z INFO  benchmark_client] Sending sample transaction 1615
[2026-04-19T03:26:15.555Z INFO  benchmark_client] Sending sample transaction 1616
[2026-04-19T03:26:15.605Z INFO  benchmark_client] Sending sample transaction 1617
[2026-04-19T03:26:15.655Z INFO  benchmark_client] Sending sample transaction 1618
[2026-04-19T03:26:15.705Z INFO  benchmark_client] Sending sample transaction 1619
[2026-04-19T03:26:15.755Z INFO  benchmark_client] Sending sample transaction 1620
[2026-04-19T03:26:15.805Z INFO  benchmark_client] Sending sample transaction 1621
[2026-04-19T03:26:15.855Z INFO  benchmark_client] Sending sample transaction 1622
[2026-04-19T03:26:15.905Z INFO  benchmark_client] Sending sample transaction 1623
[2026-04-19T03:26:15.955Z INFO  benchmark_client] Sending sample transaction 1624
[2026-04-19T03:26:16.005Z INFO  benchmark_client] Sending sample transaction 1625
[2026-04-19T03:26:16.055Z INFO  benchmark_client] Sending sample transaction 1626
[2026-04-19T03:26:16.105Z INFO  benchmark_client] Sending sample transaction 1627
[2026-04-19T03:26:16.155Z INFO  benchmark_client] Sending sample transaction 1628
[2026-04-19T03:26:16.205Z INFO  benchmark_client] Sending sample transaction 1629
[2026-04-19T03:26:16.255Z INFO  benchmark_client] Sending sample transaction 1630
[2026-04-19T03:26:16.305Z INFO  benchmark_client] Sending sample transaction 1631
[2026-04-19T03:26:16.355Z INFO  benchmark_client] Sending sample transaction 1632
[2026-04-19T03:26:16.405Z INFO  benchmark_client] Sending sample transaction 1633
[2026-04-19T03:26:16.456Z INFO  benchmark_client] Sending sample transaction 1634
[2026-04-19T03:26:16.505Z INFO  benchmark_client] Sending sample transaction 1635
[2026-04-19T03:26:16.555Z INFO  benchmark_client] Sending sample transaction 1636
[2026-04-19T03:26:16.605Z INFO  benchmark_client] Sending sample transaction 1637
[2026-04-19T03:26:16.655Z INFO  benchmark_client] Sending sample transaction 1638
[2026-04-19T03:26:16.705Z INFO  benchmark_client] Sending sample transaction 1639
[2026-04-19T03:26:16.755Z INFO  benchmark_client] Sending sample transaction 1640
[2026-04-19T03:26:16.805Z INFO  benchmark_client] Sending sample transaction 1641
[2026-04-19T03:26:16.855Z INFO  benchmark_client] Sending sample transaction 1642
[2026-04-19T03:26:16.905Z INFO  benchmark_client] Sending sample transaction 1643
[2026-04-19T03:26:16.955Z INFO  benchmark_client] Sending sample transaction 1644
[2026-04-19T03:26:17.005Z INFO  benchmark_client] Sending sample transaction 1645
[2026-04-19T03:26:17.055Z INFO  benchmark_client] Sending sample transaction 1646
[2026-04-19T03:26:17.106Z INFO  benchmark_client] Sending sample transaction 1647
[2026-04-19T03:26:17.155Z INFO  benchmark_client] Sending sample transaction 1648
[2026-04-19T03:26:17.205Z INFO  benchmark_client] Sending sample transaction 1649
[2026-04-19T03:26:17.255Z INFO  benchmark_client] Sending sample transaction 1650
[2026-04-19T03:26:17.305Z INFO  benchmark_client] Sending sample transaction 1651
[2026-04-19T03:26:17.355Z INFO  benchmark_client] Sending sample transaction 1652
[2026-04-19T03:26:17.406Z INFO  benchmark_client] Sending sample transaction 1653
[2026-04-19T03:26:17.455Z INFO  benchmark_client] Sending sample transaction 1654
[2026-04-19T03:26:17.505Z INFO  benchmark_client] Sending sample transaction 1655
[2026-04-19T03:26:17.555Z INFO  benchmark_client] Sending sample transaction 1656
[2026-04-19T03:26:17.605Z INFO  benchmark_client] Sending sample transaction 1657
[2026-04-19T03:26:17.655Z INFO  benchmark_client] Sending sample transaction 1658
[2026-04-19T03:26:17.705Z INFO  benchmark_client] Sending sample transaction 1659
[2026-04-19T03:26:17.755Z INFO  benchmark_client] Sending sample transaction 1660
[2026-04-19T03:26:17.805Z INFO  benchmark_client] Sending sample transaction 1661
[2026-04-19T03:26:17.855Z INFO  benchmark_client] Sending sample transaction 1662
[2026-04-19T03:26:17.905Z INFO  benchmark_client] Sending sample transaction 1663
[2026-04-19T03:26:17.956Z INFO  benchmark_client] Sending sample transaction 1664
[2026-04-19T03:26:18.005Z INFO  benchmark_client] Sending sample transaction 1665
[2026-04-19T03:26:18.055Z INFO  benchmark_client] Sending sample transaction 1666
[2026-04-19T03:26:18.105Z INFO  benchmark_client] Sending sample transaction 1667
[2026-04-19T03:26:18.155Z INFO  benchmark_client] Sending sample transaction 1668
[2026-04-19T03:26:18.205Z INFO  benchmark_client] Sending sample transaction 1669
[2026-04-19T03:26:18.255Z INFO  benchmark_client] Sending sample transaction 1670
[2026-04-19T03:26:18.305Z INFO  benchmark_client] Sending sample transaction 1671
[2026-04-19T03:26:18.356Z INFO  benchmark_client] Sending sample transaction 1672
[2026-04-19T03:26:18.405Z INFO  benchmark_client] Sending sample transaction 1673
[2026-04-19T03:26:18.455Z INFO  benchmark_client] Sending sample transaction 1674
[2026-04-19T03:26:18.505Z INFO  benchmark_client] Sending sample transaction 1675
[2026-04-19T03:26:18.555Z INFO  benchmark_client] Sending sample transaction 1676
[2026-04-19T03:26:18.605Z INFO  benchmark_client] Sending sample transaction 1677
[2026-04-19T03:26:18.655Z INFO  benchmark_client] Sending sample transaction 1678
[2026-04-19T03:26:18.705Z INFO  benchmark_client] Sending sample transaction 1679
[2026-04-19T03:26:18.755Z INFO  benchmark_client] Sending sample transaction 1680
[2026-04-19T03:26:18.805Z INFO  benchmark_client] Sending sample transaction 1681
[2026-04-19T03:26:18.855Z INFO  benchmark_client] Sending sample transaction 1682
[2026-04-19T03:26:18.906Z INFO  benchmark_client] Sending sample transaction 1683
[2026-04-19T03:26:18.955Z INFO  benchmark_client] Sending sample transaction 1684
[2026-04-19T03:26:19.005Z INFO  benchmark_client] Sending sample transaction 1685
[2026-04-19T03:26:19.055Z INFO  benchmark_client] Sending sample transaction 1686
[2026-04-19T03:26:19.106Z INFO  benchmark_client] Sending sample transaction 1687
[2026-04-19T03:26:19.155Z INFO  benchmark_client] Sending sample transaction 1688
[2026-04-19T03:26:19.205Z INFO  benchmark_client] Sending sample transaction 1689
[2026-04-19T03:26:19.255Z INFO  benchmark_client] Sending sample transaction 1690
[2026-04-19T03:26:19.306Z INFO  benchmark_client] Sending sample transaction 1691
[2026-04-19T03:26:19.355Z INFO  benchmark_client] Sending sample transaction 1692
[2026-04-19T03:26:19.405Z INFO  benchmark_client] Sending sample transaction 1693
[2026-04-19T03:26:19.455Z INFO  benchmark_client] Sending sample transaction 1694
[2026-04-19T03:26:19.506Z INFO  benchmark_client] Sending sample transaction 1695
[2026-04-19T03:26:19.555Z INFO  benchmark_client] Sending sample transaction 1696
[2026-04-19T03:26:19.605Z INFO  benchmark_client] Sending sample transaction 1697
[2026-04-19T03:26:19.655Z INFO  benchmark_client] Sending sample transaction 1698
[2026-04-19T03:26:19.705Z INFO  benchmark_client] Sending sample transaction 1699
[2026-04-19T03:26:19.755Z INFO  benchmark_client] Sending sample transaction 1700
[2026-04-19T03:26:19.805Z INFO  benchmark_client] Sending sample transaction 1701
[2026-04-19T03:26:19.855Z INFO  benchmark_client] Sending sample transaction 1702
[2026-04-19T03:26:19.905Z INFO  benchmark_client] Sending sample transaction 1703
[2026-04-19T03:26:19.955Z INFO  benchmark_client] Sending sample transaction 1704
[2026-04-19T03:26:20.005Z INFO  benchmark_client] Sending sample transaction 1705
[2026-04-19T03:26:20.056Z INFO  benchmark_client] Sending sample transaction 1706
[2026-04-19T03:26:20.105Z INFO  benchmark_client] Sending sample transaction 1707
[2026-04-19T03:26:20.155Z INFO  benchmark_client] Sending sample transaction 1708
[2026-04-19T03:26:20.205Z INFO  benchmark_client] Sending sample transaction 1709
[2026-04-19T03:26:20.255Z INFO  benchmark_client] Sending sample transaction 1710
[2026-04-19T03:26:20.305Z INFO  benchmark_client] Sending sample transaction 1711
[2026-04-19T03:26:20.355Z INFO  benchmark_client] Sending sample transaction 1712
[2026-04-19T03:26:20.405Z INFO  benchmark_client] Sending sample transaction 1713
[2026-04-19T03:26:20.456Z INFO  benchmark_client] Sending sample transaction 1714
[2026-04-19T03:26:20.505Z INFO  benchmark_client] Sending sample transaction 1715
[2026-04-19T03:26:20.556Z INFO  benchmark_client] Sending sample transaction 1716
[2026-04-19T03:26:20.606Z INFO  benchmark_client] Sending sample transaction 1717
[2026-04-19T03:26:20.656Z INFO  benchmark_client] Sending sample transaction 1718
[2026-04-19T03:26:20.705Z INFO  benchmark_client] Sending sample transaction 1719
[2026-04-19T03:26:20.755Z INFO  benchmark_client] Sending sample transaction 1720
[2026-04-19T03:26:20.805Z INFO  benchmark_client] Sending sample transaction 1721
[2026-04-19T03:26:20.855Z INFO  benchmark_client] Sending sample transaction 1722
[2026-04-19T03:26:20.906Z INFO  benchmark_client] Sending sample transaction 1723
[2026-04-19T03:26:20.956Z INFO  benchmark_client] Sending sample transaction 1724
[2026-04-19T03:26:21.005Z INFO  benchmark_client] Sending sample transaction 1725
[2026-04-19T03:26:21.055Z INFO  benchmark_client] Sending sample transaction 1726
[2026-04-19T03:26:21.106Z INFO  benchmark_client] Sending sample transaction 1727
[2026-04-19T03:26:21.155Z INFO  benchmark_client] Sending sample transaction 1728
[2026-04-19T03:26:21.206Z INFO  benchmark_client] Sending sample transaction 1729
[2026-04-19T03:26:21.255Z INFO  benchmark_client] Sending sample transaction 1730
[2026-04-19T03:26:21.305Z INFO  benchmark_client] Sending sample transaction 1731
[2026-04-19T03:26:21.355Z INFO  benchmark_client] Sending sample transaction 1732
[2026-04-19T03:26:21.405Z INFO  benchmark_client] Sending sample transaction 1733
[2026-04-19T03:26:21.456Z INFO  benchmark_client] Sending sample transaction 1734
[2026-04-19T03:26:21.506Z INFO  benchmark_client] Sending sample transaction 1735
[2026-04-19T03:26:21.556Z INFO  benchmark_client] Sending sample transaction 1736
[2026-04-19T03:26:21.605Z INFO  benchmark_client] Sending sample transaction 1737
[2026-04-19T03:26:21.656Z INFO  benchmark_client] Sending sample transaction 1738
[2026-04-19T03:26:21.705Z INFO  benchmark_client] Sending sample transaction 1739
[2026-04-19T03:26:21.755Z INFO  benchmark_client] Sending sample transaction 1740
[2026-04-19T03:26:21.805Z INFO  benchmark_client] Sending sample transaction 1741
[2026-04-19T03:26:21.855Z INFO  benchmark_client] Sending sample transaction 1742
[2026-04-19T03:26:21.905Z INFO  benchmark_client] Sending sample transaction 1743
[2026-04-19T03:26:21.955Z INFO  benchmark_client] Sending sample transaction 1744
[2026-04-19T03:26:22.005Z INFO  benchmark_client] Sending sample transaction 1745
[2026-04-19T03:26:22.055Z INFO  benchmark_client] Sending sample transaction 1746
[2026-04-19T03:26:22.106Z INFO  benchmark_client] Sending sample transaction 1747
[2026-04-19T03:26:22.155Z INFO  benchmark_client] Sending sample transaction 1748
[2026-04-19T03:26:22.205Z INFO  benchmark_client] Sending sample transaction 1749
[2026-04-19T03:26:22.255Z INFO  benchmark_client] Sending sample transaction 1750
[2026-04-19T03:26:22.305Z INFO  benchmark_client] Sending sample transaction 1751
[2026-04-19T03:26:22.355Z INFO  benchmark_client] Sending sample transaction 1752
[2026-04-19T03:26:22.405Z INFO  benchmark_client] Sending sample transaction 1753
[2026-04-19T03:26:22.455Z INFO  benchmark_client] Sending sample transaction 1754
[2026-04-19T03:26:22.505Z INFO  benchmark_client] Sending sample transaction 1755
[2026-04-19T03:26:22.555Z INFO  benchmark_client] Sending sample transaction 1756
[2026-04-19T03:26:22.605Z INFO  benchmark_client] Sending sample transaction 1757
[2026-04-19T03:26:22.656Z INFO  benchmark_client] Sending sample transaction 1758
[2026-04-19T03:26:22.706Z INFO  benchmark_client] Sending sample transaction 1759
[2026-04-19T03:26:22.756Z INFO  benchmark_client] Sending sample transaction 1760
[2026-04-19T03:26:22.805Z INFO  benchmark_client] Sending sample transaction 1761
[2026-04-19T03:26:22.855Z INFO  benchmark_client] Sending sample transaction 1762
[2026-04-19T03:26:22.905Z INFO  benchmark_client] Sending sample transaction 1763
[2026-04-19T03:26:22.956Z INFO  benchmark_client] Sending sample transaction 1764
[2026-04-19T03:26:23.005Z INFO  benchmark_client] Sending sample transaction 1765
[2026-04-19T03:26:23.056Z INFO  benchmark_client] Sending sample transaction 1766
[2026-04-19T03:26:23.106Z INFO  benchmark_client] Sending sample transaction 1767
[2026-04-19T03:26:23.156Z INFO  benchmark_client] Sending sample transaction 1768
[2026-04-19T03:26:23.205Z INFO  benchmark_client] Sending sample transaction 1769
[2026-04-19T03:26:23.256Z INFO  benchmark_client] Sending sample transaction 1770
[2026-04-19T03:26:23.306Z INFO  benchmark_client] Sending sample transaction 1771
[2026-04-19T03:26:23.356Z INFO  benchmark_client] Sending sample transaction 1772
[2026-04-19T03:26:23.405Z INFO  benchmark_client] Sending sample transaction 1773
[2026-04-19T03:26:23.455Z INFO  benchmark_client] Sending sample transaction 1774
[2026-04-19T03:26:23.505Z INFO  benchmark_client] Sending sample transaction 1775
[2026-04-19T03:26:23.555Z INFO  benchmark_client] Sending sample transaction 1776
[2026-04-19T03:26:23.605Z INFO  benchmark_client] Sending sample transaction 1777
[2026-04-19T03:26:23.656Z INFO  benchmark_client] Sending sample transaction 1778
[2026-04-19T03:26:23.706Z INFO  benchmark_client] Sending sample transaction 1779
[2026-04-19T03:26:23.755Z INFO  benchmark_client] Sending sample transaction 1780
[2026-04-19T03:26:23.805Z INFO  benchmark_client] Sending sample transaction 1781
[2026-04-19T03:26:23.855Z INFO  benchmark_client] Sending sample transaction 1782
[2026-04-19T03:26:23.905Z INFO  benchmark_client] Sending sample transaction 1783
[2026-04-19T03:26:23.955Z INFO  benchmark_client] Sending sample transaction 1784
[2026-04-19T03:26:24.005Z INFO  benchmark_client] Sending sample transaction 1785
[2026-04-19T03:26:24.056Z INFO  benchmark_client] Sending sample transaction 1786
[2026-04-19T03:26:24.105Z INFO  benchmark_client] Sending sample transaction 1787
[2026-04-19T03:26:24.155Z INFO  benchmark_client] Sending sample transaction 1788
[2026-04-19T03:26:24.205Z INFO  benchmark_client] Sending sample transaction 1789
[2026-04-19T03:26:24.255Z INFO  benchmark_client] Sending sample transaction 1790
[2026-04-19T03:26:24.305Z INFO  benchmark_client] Sending sample transaction 1791
[2026-04-19T03:26:24.355Z INFO  benchmark_client] Sending sample transaction 1792
[2026-04-19T03:26:24.405Z INFO  benchmark_client] Sending sample transaction 1793
[2026-04-19T03:26:24.455Z INFO  benchmark_client] Sending sample transaction 1794
[2026-04-19T03:26:24.505Z INFO  benchmark_client] Sending sample transaction 1795
[2026-04-19T03:26:24.555Z INFO  benchmark_client] Sending sample transaction 1796
[2026-04-19T03:26:24.605Z INFO  benchmark_client] Sending sample transaction 1797
[2026-04-19T03:26:24.655Z INFO  benchmark_client] Sending sample transaction 1798
[2026-04-19T03:26:24.705Z INFO  benchmark_client] Sending sample transaction 1799
[2026-04-19T03:26:24.755Z INFO  benchmark_client] Sending sample transaction 1800
[2026-04-19T03:26:24.806Z INFO  benchmark_client] Sending sample transaction 1801
[2026-04-19T03:26:24.856Z INFO  benchmark_client] Sending sample transaction 1802
[2026-04-19T03:26:24.906Z INFO  benchmark_client] Sending sample transaction 1803
[2026-04-19T03:26:24.956Z INFO  benchmark_client] Sending sample transaction 1804
[2026-04-19T03:26:25.006Z INFO  benchmark_client] Sending sample transaction 1805
[2026-04-19T03:26:25.055Z INFO  benchmark_client] Sending sample transaction 1806
[2026-04-19T03:26:25.105Z INFO  benchmark_client] Sending sample transaction 1807
[2026-04-19T03:26:25.155Z INFO  benchmark_client] Sending sample transaction 1808
[2026-04-19T03:26:25.205Z INFO  benchmark_client] Sending sample transaction 1809
[2026-04-19T03:26:25.255Z INFO  benchmark_client] Sending sample transaction 1810
[2026-04-19T03:26:25.305Z INFO  benchmark_client] Sending sample transaction 1811
[2026-04-19T03:26:25.356Z INFO  benchmark_client] Sending sample transaction 1812
[2026-04-19T03:26:25.406Z INFO  benchmark_client] Sending sample transaction 1813
[2026-04-19T03:26:25.456Z INFO  benchmark_client] Sending sample transaction 1814
[2026-04-19T03:26:25.505Z INFO  benchmark_client] Sending sample transaction 1815
[2026-04-19T03:26:25.555Z INFO  benchmark_client] Sending sample transaction 1816
[2026-04-19T03:26:25.605Z INFO  benchmark_client] Sending sample transaction 1817
[2026-04-19T03:26:25.655Z INFO  benchmark_client] Sending sample transaction 1818
[2026-04-19T03:26:25.705Z INFO  benchmark_client] Sending sample transaction 1819
[2026-04-19T03:26:25.755Z INFO  benchmark_client] Sending sample transaction 1820
[2026-04-19T03:26:25.806Z INFO  benchmark_client] Sending sample transaction 1821
[2026-04-19T03:26:25.855Z INFO  benchmark_client] Sending sample transaction 1822
[2026-04-19T03:26:25.905Z INFO  benchmark_client] Sending sample transaction 1823
[2026-04-19T03:26:25.955Z INFO  benchmark_client] Sending sample transaction 1824
[2026-04-19T03:26:26.005Z INFO  benchmark_client] Sending sample transaction 1825
[2026-04-19T03:26:26.055Z INFO  benchmark_client] Sending sample transaction 1826
[2026-04-19T03:26:26.105Z INFO  benchmark_client] Sending sample transaction 1827
[2026-04-19T03:26:26.156Z INFO  benchmark_client] Sending sample transaction 1828
[2026-04-19T03:26:26.206Z INFO  benchmark_client] Sending sample transaction 1829
[2026-04-19T03:26:26.256Z INFO  benchmark_client] Sending sample transaction 1830
[2026-04-19T03:26:26.305Z INFO  benchmark_client] Sending sample transaction 1831
[2026-04-19T03:26:26.356Z INFO  benchmark_client] Sending sample transaction 1832
[2026-04-19T03:26:26.406Z INFO  benchmark_client] Sending sample transaction 1833
[2026-04-19T03:26:26.456Z INFO  benchmark_client] Sending sample transaction 1834
[2026-04-19T03:26:26.506Z INFO  benchmark_client] Sending sample transaction 1835
[2026-04-19T03:26:26.556Z INFO  benchmark_client] Sending sample transaction 1836
[2026-04-19T03:26:26.605Z INFO  benchmark_client] Sending sample transaction 1837
[2026-04-19T03:26:26.655Z INFO  benchmark_client] Sending sample transaction 1838
[2026-04-19T03:26:26.705Z INFO  benchmark_client] Sending sample transaction 1839
[2026-04-19T03:26:26.755Z INFO  benchmark_client] Sending sample transaction 1840
[2026-04-19T03:26:26.806Z INFO  benchmark_client] Sending sample transaction 1841
[2026-04-19T03:26:26.856Z INFO  benchmark_client] Sending sample transaction 1842
[2026-04-19T03:26:26.906Z INFO  benchmark_client] Sending sample transaction 1843
[2026-04-19T03:26:26.956Z INFO  benchmark_client] Sending sample transaction 1844
[2026-04-19T03:26:27.006Z INFO  benchmark_client] Sending sample transaction 1845
[2026-04-19T03:26:27.056Z INFO  benchmark_client] Sending sample transaction 1846
[2026-04-19T03:26:27.106Z INFO  benchmark_client] Sending sample transaction 1847
[2026-04-19T03:26:27.155Z INFO  benchmark_client] Sending sample transaction 1848
[2026-04-19T03:26:27.206Z INFO  benchmark_client] Sending sample transaction 1849
[2026-04-19T03:26:27.255Z INFO  benchmark_client] Sending sample transaction 1850
[2026-04-19T03:26:27.306Z INFO  benchmark_client] Sending sample transaction 1851
[2026-04-19T03:26:27.356Z INFO  benchmark_client] Sending sample transaction 1852
[2026-04-19T03:26:27.406Z INFO  benchmark_client] Sending sample transaction 1853
[2026-04-19T03:26:27.456Z INFO  benchmark_client] Sending sample transaction 1854
[2026-04-19T03:26:27.506Z INFO  benchmark_client] Sending sample transaction 1855
[2026-04-19T03:26:27.556Z INFO  benchmark_client] Sending sample transaction 1856
[2026-04-19T03:26:27.606Z INFO  benchmark_client] Sending sample transaction 1857
[2026-04-19T03:26:27.656Z INFO  benchmark_client] Sending sample transaction 1858
[2026-04-19T03:26:27.706Z INFO  benchmark_client] Sending sample transaction 1859
[2026-04-19T03:26:27.756Z INFO  benchmark_client] Sending sample transaction 1860
[2026-04-19T03:26:27.805Z INFO  benchmark_client] Sending sample transaction 1861
[2026-04-19T03:26:27.855Z INFO  benchmark_client] Sending sample transaction 1862
[2026-04-19T03:26:27.905Z INFO  benchmark_client] Sending sample transaction 1863
[2026-04-19T03:26:27.955Z INFO  benchmark_client] Sending sample transaction 1864
[2026-04-19T03:26:28.005Z INFO  benchmark_client] Sending sample transaction 1865
[2026-04-19T03:26:28.056Z INFO  benchmark_client] Sending sample transaction 1866
[2026-04-19T03:26:28.105Z INFO  benchmark_client] Sending sample transaction 1867
[2026-04-19T03:26:28.156Z INFO  benchmark_client] Sending sample transaction 1868
[2026-04-19T03:26:28.206Z INFO  benchmark_client] Sending sample transaction 1869
[2026-04-19T03:26:28.255Z INFO  benchmark_client] Sending sample transaction 1870
[2026-04-19T03:26:28.305Z INFO  benchmark_client] Sending sample transaction 1871
[2026-04-19T03:26:28.355Z INFO  benchmark_client] Sending sample transaction 1872
[2026-04-19T03:26:28.405Z INFO  benchmark_client] Sending sample transaction 1873
[2026-04-19T03:26:28.455Z INFO  benchmark_client] Sending sample transaction 1874
[2026-04-19T03:26:28.505Z INFO  benchmark_client] Sending sample transaction 1875
[2026-04-19T03:26:28.555Z INFO  benchmark_client] Sending sample transaction 1876
[2026-04-19T03:26:28.605Z INFO  benchmark_client] Sending sample transaction 1877
[2026-04-19T03:26:28.656Z INFO  benchmark_client] Sending sample transaction 1878
[2026-04-19T03:26:28.706Z INFO  benchmark_client] Sending sample transaction 1879
[2026-04-19T03:26:28.756Z INFO  benchmark_client] Sending sample transaction 1880
[2026-04-19T03:26:28.806Z INFO  benchmark_client] Sending sample transaction 1881
[2026-04-19T03:26:28.856Z INFO  benchmark_client] Sending sample transaction 1882
[2026-04-19T03:26:28.906Z INFO  benchmark_client] Sending sample transaction 1883
[2026-04-19T03:26:28.956Z INFO  benchmark_client] Sending sample transaction 1884
[2026-04-19T03:26:29.005Z INFO  benchmark_client] Sending sample transaction 1885
[2026-04-19T03:26:29.056Z INFO  benchmark_client] Sending sample transaction 1886
[2026-04-19T03:26:29.107Z INFO  benchmark_client] Sending sample transaction 1887
[2026-04-19T03:26:29.157Z INFO  benchmark_client] Sending sample transaction 1888
[2026-04-19T03:26:29.206Z INFO  benchmark_client] Sending sample transaction 1889
[2026-04-19T03:26:29.256Z INFO  benchmark_client] Sending sample transaction 1890
[2026-04-19T03:26:29.307Z INFO  benchmark_client] Sending sample transaction 1891
[2026-04-19T03:26:29.356Z INFO  benchmark_client] Sending sample transaction 1892
[2026-04-19T03:26:29.407Z INFO  benchmark_client] Sending sample transaction 1893
[2026-04-19T03:26:29.457Z INFO  benchmark_client] Sending sample transaction 1894
[2026-04-19T03:26:29.507Z INFO  benchmark_client] Sending sample transaction 1895
[2026-04-19T03:26:29.556Z INFO  benchmark_client] Sending sample transaction 1896
[2026-04-19T03:26:29.605Z INFO  benchmark_client] Sending sample transaction 1897
[2026-04-19T03:26:29.655Z INFO  benchmark_client] Sending sample transaction 1898
[2026-04-19T03:26:29.705Z INFO  benchmark_client] Sending sample transaction 1899
[2026-04-19T03:26:29.755Z INFO  benchmark_client] Sending sample transaction 1900
[2026-04-19T03:26:29.805Z INFO  benchmark_client] Sending sample transaction 1901
[2026-04-19T03:26:29.855Z INFO  benchmark_client] Sending sample transaction 1902
[2026-04-19T03:26:29.906Z INFO  benchmark_client] Sending sample transaction 1903
[2026-04-19T03:26:29.956Z INFO  benchmark_client] Sending sample transaction 1904
[2026-04-19T03:26:30.006Z INFO  benchmark_client] Sending sample transaction 1905
[2026-04-19T03:26:30.056Z INFO  benchmark_client] Sending sample transaction 1906
[2026-04-19T03:26:30.106Z INFO  benchmark_client] Sending sample transaction 1907
[2026-04-19T03:26:30.156Z INFO  benchmark_client] Sending sample transaction 1908
[2026-04-19T03:26:30.205Z INFO  benchmark_client] Sending sample transaction 1909
[2026-04-19T03:26:30.255Z INFO  benchmark_client] Sending sample transaction 1910
[2026-04-19T03:26:30.305Z INFO  benchmark_client] Sending sample transaction 1911
[2026-04-19T03:26:30.355Z INFO  benchmark_client] Sending sample transaction 1912
[2026-04-19T03:26:30.405Z INFO  benchmark_client] Sending sample transaction 1913
[2026-04-19T03:26:30.456Z INFO  benchmark_client] Sending sample transaction 1914
[2026-04-19T03:26:30.506Z INFO  benchmark_client] Sending sample transaction 1915
[2026-04-19T03:26:30.555Z INFO  benchmark_client] Sending sample transaction 1916
[2026-04-19T03:26:30.605Z INFO  benchmark_client] Sending sample transaction 1917
[2026-04-19T03:26:30.655Z INFO  benchmark_client] Sending sample transaction 1918
[2026-04-19T03:26:30.705Z INFO  benchmark_client] Sending sample transaction 1919
[2026-04-19T03:26:30.756Z INFO  benchmark_client] Sending sample transaction 1920
[2026-04-19T03:26:30.807Z INFO  benchmark_client] Sending sample transaction 1921
[2026-04-19T03:26:30.856Z INFO  benchmark_client] Sending sample transaction 1922
[2026-04-19T03:26:30.906Z INFO  benchmark_client] Sending sample transaction 1923
[2026-04-19T03:26:30.956Z INFO  benchmark_client] Sending sample transaction 1924
[2026-04-19T03:26:31.006Z INFO  benchmark_client] Sending sample transaction 1925
[2026-04-19T03:26:31.056Z INFO  benchmark_client] Sending sample transaction 1926
[2026-04-19T03:26:31.106Z INFO  benchmark_client] Sending sample transaction 1927
[2026-04-19T03:26:31.156Z INFO  benchmark_client] Sending sample transaction 1928
[2026-04-19T03:26:31.206Z INFO  benchmark_client] Sending sample transaction 1929
[2026-04-19T03:26:31.256Z INFO  benchmark_client] Sending sample transaction 1930
[2026-04-19T03:26:31.305Z INFO  benchmark_client] Sending sample transaction 1931
[2026-04-19T03:26:31.355Z INFO  benchmark_client] Sending sample transaction 1932
[2026-04-19T03:26:31.405Z INFO  benchmark_client] Sending sample transaction 1933
[2026-04-19T03:26:31.455Z INFO  benchmark_client] Sending sample transaction 1934
[2026-04-19T03:26:31.506Z INFO  benchmark_client] Sending sample transaction 1935
[2026-04-19T03:26:31.556Z INFO  benchmark_client] Sending sample transaction 1936
[2026-04-19T03:26:31.606Z INFO  benchmark_client] Sending sample transaction 1937
[2026-04-19T03:26:31.656Z INFO  benchmark_client] Sending sample transaction 1938
[2026-04-19T03:26:31.706Z INFO  benchmark_client] Sending sample transaction 1939
[2026-04-19T03:26:31.756Z INFO  benchmark_client] Sending sample transaction 1940
[2026-04-19T03:26:31.805Z INFO  benchmark_client] Sending sample transaction 1941
[2026-04-19T03:26:31.856Z INFO  benchmark_client] Sending sample transaction 1942
[2026-04-19T03:26:31.905Z INFO  benchmark_client] Sending sample transaction 1943
[2026-04-19T03:26:31.955Z INFO  benchmark_client] Sending sample transaction 1944
[2026-04-19T03:26:32.005Z INFO  benchmark_client] Sending sample transaction 1945
[2026-04-19T03:26:32.056Z INFO  benchmark_client] Sending sample transaction 1946
[2026-04-19T03:26:32.106Z INFO  benchmark_client] Sending sample transaction 1947
[2026-04-19T03:26:32.156Z INFO  benchmark_client] Sending sample transaction 1948
[2026-04-19T03:26:32.207Z INFO  benchmark_client] Sending sample transaction 1949
[2026-04-19T03:26:32.256Z INFO  benchmark_client] Sending sample transaction 1950
[2026-04-19T03:26:32.306Z INFO  benchmark_client] Sending sample transaction 1951
[2026-04-19T03:26:32.357Z INFO  benchmark_client] Sending sample transaction 1952
[2026-04-19T03:26:32.407Z INFO  benchmark_client] Sending sample transaction 1953
[2026-04-19T03:26:32.457Z INFO  benchmark_client] Sending sample transaction 1954
[2026-04-19T03:26:32.507Z INFO  benchmark_client] Sending sample transaction 1955
[2026-04-19T03:26:32.557Z INFO  benchmark_client] Sending sample transaction 1956
[2026-04-19T03:26:32.606Z INFO  benchmark_client] Sending sample transaction 1957
[2026-04-19T03:26:32.656Z INFO  benchmark_client] Sending sample transaction 1958
[2026-04-19T03:26:32.706Z INFO  benchmark_client] Sending sample transaction 1959
[2026-04-19T03:26:32.756Z INFO  benchmark_client] Sending sample transaction 1960
[2026-04-19T03:26:32.806Z INFO  benchmark_client] Sending sample transaction 1961
[2026-04-19T03:26:32.856Z INFO  benchmark_client] Sending sample transaction 1962
[2026-04-19T03:26:32.906Z INFO  benchmark_client] Sending sample transaction 1963
[2026-04-19T03:26:32.956Z INFO  benchmark_client] Sending sample transaction 1964
[2026-04-19T03:26:33.006Z INFO  benchmark_client] Sending sample transaction 1965
[2026-04-19T03:26:33.056Z INFO  benchmark_client] Sending sample transaction 1966
[2026-04-19T03:26:33.106Z INFO  benchmark_client] Sending sample transaction 1967
[2026-04-19T03:26:33.156Z INFO  benchmark_client] Sending sample transaction 1968
[2026-04-19T03:26:33.206Z INFO  benchmark_client] Sending sample transaction 1969
[2026-04-19T03:26:33.255Z INFO  benchmark_client] Sending sample transaction 1970
[2026-04-19T03:26:33.306Z INFO  benchmark_client] Sending sample transaction 1971
[2026-04-19T03:26:33.356Z INFO  benchmark_client] Sending sample transaction 1972
[2026-04-19T03:26:33.407Z INFO  benchmark_client] Sending sample transaction 1973
[2026-04-19T03:26:33.456Z INFO  benchmark_client] Sending sample transaction 1974
[2026-04-19T03:26:33.506Z INFO  benchmark_client] Sending sample transaction 1975
[2026-04-19T03:26:33.556Z INFO  benchmark_client] Sending sample transaction 1976
[2026-04-19T03:26:33.606Z INFO  benchmark_client] Sending sample transaction 1977
[2026-04-19T03:26:33.656Z INFO  benchmark_client] Sending sample transaction 1978
[2026-04-19T03:26:33.707Z INFO  benchmark_client] Sending sample transaction 1979
[2026-04-19T03:26:33.757Z INFO  benchmark_client] Sending sample transaction 1980
[2026-04-19T03:26:33.806Z INFO  benchmark_client] Sending sample transaction 1981
[2026-04-19T03:26:33.856Z INFO  benchmark_client] Sending sample transaction 1982
[2026-04-19T03:26:33.907Z INFO  benchmark_client] Sending sample transaction 1983
[2026-04-19T03:26:33.957Z INFO  benchmark_client] Sending sample transaction 1984
[2026-04-19T03:26:34.007Z INFO  benchmark_client] Sending sample transaction 1985
[2026-04-19T03:26:34.057Z INFO  benchmark_client] Sending sample transaction 1986
[2026-04-19T03:26:34.107Z INFO  benchmark_client] Sending sample transaction 1987
[2026-04-19T03:26:34.157Z INFO  benchmark_client] Sending sample transaction 1988
[2026-04-19T03:26:34.206Z INFO  benchmark_client] Sending sample transaction 1989
[2026-04-19T03:26:34.256Z INFO  benchmark_client] Sending sample transaction 1990
[2026-04-19T03:26:34.306Z INFO  benchmark_client] Sending sample transaction 1991
[2026-04-19T03:26:34.356Z INFO  benchmark_client] Sending sample transaction 1992
[2026-04-19T03:26:34.407Z INFO  benchmark_client] Sending sample transaction 1993
[2026-04-19T03:26:34.456Z INFO  benchmark_client] Sending sample transaction 1994
[2026-04-19T03:26:34.506Z INFO  benchmark_client] Sending sample transaction 1995
[2026-04-19T03:26:34.556Z INFO  benchmark_client] Sending sample transaction 1996
[2026-04-19T03:26:34.607Z INFO  benchmark_client] Sending sample transaction 1997
[2026-04-19T03:26:34.656Z INFO  benchmark_client] Sending sample transaction 1998
[2026-04-19T03:26:34.705Z INFO  benchmark_client] Sending sample transaction 1999
[2026-04-19T03:26:34.755Z INFO  benchmark_client] Sending sample transaction 2000
[2026-04-19T03:26:34.805Z INFO  benchmark_client] Sending sample transaction 2001
[2026-04-19T03:26:34.855Z INFO  benchmark_client] Sending sample transaction 2002
[2026-04-19T03:26:34.905Z INFO  benchmark_client] Sending sample transaction 2003
[2026-04-19T03:26:34.955Z INFO  benchmark_client] Sending sample transaction 2004
[2026-04-19T03:26:35.005Z INFO  benchmark_client] Sending sample transaction 2005
[2026-04-19T03:26:35.054Z INFO  benchmark_client] Sending sample transaction 2006
[2026-04-19T03:26:35.105Z INFO  benchmark_client] Sending sample transaction 2007
[2026-04-19T03:26:35.155Z INFO  benchmark_client] Sending sample transaction 2008
[2026-04-19T03:26:35.205Z INFO  benchmark_client] Sending sample transaction 2009
[2026-04-19T03:26:35.255Z INFO  benchmark_client] Sending sample transaction 2010
[2026-04-19T03:26:35.305Z INFO  benchmark_client] Sending sample transaction 2011
[2026-04-19T03:26:35.355Z INFO  benchmark_client] Sending sample transaction 2012
[2026-04-19T03:26:35.405Z INFO  benchmark_client] Sending sample transaction 2013
[2026-04-19T03:26:35.455Z INFO  benchmark_client] Sending sample transaction 2014
[2026-04-19T03:26:35.505Z INFO  benchmark_client] Sending sample transaction 2015
[2026-04-19T03:26:35.555Z INFO  benchmark_client] Sending sample transaction 2016
[2026-04-19T03:26:35.605Z INFO  benchmark_client] Sending sample transaction 2017
[2026-04-19T03:26:35.655Z INFO  benchmark_client] Sending sample transaction 2018
[2026-04-19T03:26:35.705Z INFO  benchmark_client] Sending sample transaction 2019
[2026-04-19T03:26:35.755Z INFO  benchmark_client] Sending sample transaction 2020
[2026-04-19T03:26:35.805Z INFO  benchmark_client] Sending sample transaction 2021
[2026-04-19T03:26:35.855Z INFO  benchmark_client] Sending sample transaction 2022
[2026-04-19T03:26:35.905Z INFO  benchmark_client] Sending sample transaction 2023
[2026-04-19T03:26:35.955Z INFO  benchmark_client] Sending sample transaction 2024
[2026-04-19T03:26:36.005Z INFO  benchmark_client] Sending sample transaction 2025
[2026-04-19T03:26:36.055Z INFO  benchmark_client] Sending sample transaction 2026
[2026-04-19T03:26:36.105Z INFO  benchmark_client] Sending sample transaction 2027
[2026-04-19T03:26:36.155Z INFO  benchmark_client] Sending sample transaction 2028
[2026-04-19T03:26:36.205Z INFO  benchmark_client] Sending sample transaction 2029
[2026-04-19T03:26:36.255Z INFO  benchmark_client] Sending sample transaction 2030
[2026-04-19T03:26:36.305Z INFO  benchmark_client] Sending sample transaction 2031
[2026-04-19T03:26:36.355Z INFO  benchmark_client] Sending sample transaction 2032
[2026-04-19T03:26:36.405Z INFO  benchmark_client] Sending sample transaction 2033
[2026-04-19T03:26:36.455Z INFO  benchmark_client] Sending sample transaction 2034
[2026-04-19T03:26:36.505Z INFO  benchmark_client] Sending sample transaction 2035
[2026-04-19T03:26:36.555Z INFO  benchmark_client] Sending sample transaction 2036
[2026-04-19T03:26:36.605Z INFO  benchmark_client] Sending sample transaction 2037
[2026-04-19T03:26:36.655Z INFO  benchmark_client] Sending sample transaction 2038
[2026-04-19T03:26:36.705Z INFO  benchmark_client] Sending sample transaction 2039
[2026-04-19T03:26:36.755Z INFO  benchmark_client] Sending sample transaction 2040
[2026-04-19T03:26:36.805Z INFO  benchmark_client] Sending sample transaction 2041
[2026-04-19T03:26:36.855Z INFO  benchmark_client] Sending sample transaction 2042
[2026-04-19T03:26:36.905Z INFO  benchmark_client] Sending sample transaction 2043
[2026-04-19T03:26:36.955Z INFO  benchmark_client] Sending sample transaction 2044
[2026-04-19T03:26:37.005Z INFO  benchmark_client] Sending sample transaction 2045
[2026-04-19T03:26:37.055Z INFO  benchmark_client] Sending sample transaction 2046
[2026-04-19T03:26:37.105Z INFO  benchmark_client] Sending sample transaction 2047
[2026-04-19T03:26:37.155Z INFO  benchmark_client] Sending sample transaction 2048
[2026-04-19T03:26:37.205Z INFO  benchmark_client] Sending sample transaction 2049
[2026-04-19T03:26:37.255Z INFO  benchmark_client] Sending sample transaction 2050
[2026-04-19T03:26:37.305Z INFO  benchmark_client] Sending sample transaction 2051
[2026-04-19T03:26:37.356Z INFO  benchmark_client] Sending sample transaction 2052
[2026-04-19T03:26:37.405Z INFO  benchmark_client] Sending sample transaction 2053
[2026-04-19T03:26:37.455Z INFO  benchmark_client] Sending sample transaction 2054
[2026-04-19T03:26:37.505Z INFO  benchmark_client] Sending sample transaction 2055
[2026-04-19T03:26:37.555Z INFO  benchmark_client] Sending sample transaction 2056
[2026-04-19T03:26:37.605Z INFO  benchmark_client] Sending sample transaction 2057
[2026-04-19T03:26:37.655Z INFO  benchmark_client] Sending sample transaction 2058
[2026-04-19T03:26:37.705Z INFO  benchmark_client] Sending sample transaction 2059
[2026-04-19T03:26:37.755Z INFO  benchmark_client] Sending sample transaction 2060
[2026-04-19T03:26:37.805Z INFO  benchmark_client] Sending sample transaction 2061
[2026-04-19T03:26:37.855Z INFO  benchmark_client] Sending sample transaction 2062
[2026-04-19T03:26:37.905Z INFO  benchmark_client] Sending sample transaction 2063
[2026-04-19T03:26:37.956Z INFO  benchmark_client] Sending sample transaction 2064
[2026-04-19T03:26:38.005Z INFO  benchmark_client] Sending sample transaction 2065
[2026-04-19T03:26:38.055Z INFO  benchmark_client] Sending sample transaction 2066
[2026-04-19T03:26:38.105Z INFO  benchmark_client] Sending sample transaction 2067
[2026-04-19T03:26:38.155Z INFO  benchmark_client] Sending sample transaction 2068
[2026-04-19T03:26:38.205Z INFO  benchmark_client] Sending sample transaction 2069
[2026-04-19T03:26:38.256Z INFO  benchmark_client] Sending sample transaction 2070
[2026-04-19T03:26:38.305Z INFO  benchmark_client] Sending sample transaction 2071
[2026-04-19T03:26:38.355Z INFO  benchmark_client] Sending sample transaction 2072
[2026-04-19T03:26:38.405Z INFO  benchmark_client] Sending sample transaction 2073
[2026-04-19T03:26:38.455Z INFO  benchmark_client] Sending sample transaction 2074
[2026-04-19T03:26:38.505Z INFO  benchmark_client] Sending sample transaction 2075
[2026-04-19T03:26:38.555Z INFO  benchmark_client] Sending sample transaction 2076
[2026-04-19T03:26:38.605Z INFO  benchmark_client] Sending sample transaction 2077
[2026-04-19T03:26:38.655Z INFO  benchmark_client] Sending sample transaction 2078
[2026-04-19T03:26:38.705Z INFO  benchmark_client] Sending sample transaction 2079
[2026-04-19T03:26:38.755Z INFO  benchmark_client] Sending sample transaction 2080
[2026-04-19T03:26:38.805Z INFO  benchmark_client] Sending sample transaction 2081
[2026-04-19T03:26:38.855Z INFO  benchmark_client] Sending sample transaction 2082
[2026-04-19T03:26:38.905Z INFO  benchmark_client] Sending sample transaction 2083
[2026-04-19T03:26:38.955Z INFO  benchmark_client] Sending sample transaction 2084
[2026-04-19T03:26:39.005Z INFO  benchmark_client] Sending sample transaction 2085
[2026-04-19T03:26:39.055Z INFO  benchmark_client] Sending sample transaction 2086
[2026-04-19T03:26:39.105Z INFO  benchmark_client] Sending sample transaction 2087
[2026-04-19T03:26:39.155Z INFO  benchmark_client] Sending sample transaction 2088
[2026-04-19T03:26:39.205Z INFO  benchmark_client] Sending sample transaction 2089
[2026-04-19T03:26:39.255Z INFO  benchmark_client] Sending sample transaction 2090
[2026-04-19T03:26:39.305Z INFO  benchmark_client] Sending sample transaction 2091
[2026-04-19T03:26:39.355Z INFO  benchmark_client] Sending sample transaction 2092
[2026-04-19T03:26:39.405Z INFO  benchmark_client] Sending sample transaction 2093
[2026-04-19T03:26:39.455Z INFO  benchmark_client] Sending sample transaction 2094
[2026-04-19T03:26:39.505Z INFO  benchmark_client] Sending sample transaction 2095
[2026-04-19T03:26:39.555Z INFO  benchmark_client] Sending sample transaction 2096
[2026-04-19T03:26:39.605Z INFO  benchmark_client] Sending sample transaction 2097
[2026-04-19T03:26:39.656Z INFO  benchmark_client] Sending sample transaction 2098
[2026-04-19T03:26:39.705Z INFO  benchmark_client] Sending sample transaction 2099
[2026-04-19T03:26:39.756Z INFO  benchmark_client] Sending sample transaction 2100
[2026-04-19T03:26:39.806Z INFO  benchmark_client] Sending sample transaction 2101
[2026-04-19T03:26:39.855Z INFO  benchmark_client] Sending sample transaction 2102
[2026-04-19T03:26:39.905Z INFO  benchmark_client] Sending sample transaction 2103
[2026-04-19T03:26:39.955Z INFO  benchmark_client] Sending sample transaction 2104
[2026-04-19T03:26:40.006Z INFO  benchmark_client] Sending sample transaction 2105
[2026-04-19T03:26:40.056Z INFO  benchmark_client] Sending sample transaction 2106
[2026-04-19T03:26:40.105Z INFO  benchmark_client] Sending sample transaction 2107
[2026-04-19T03:26:40.155Z INFO  benchmark_client] Sending sample transaction 2108
[2026-04-19T03:26:40.206Z INFO  benchmark_client] Sending sample transaction 2109
[2026-04-19T03:26:40.256Z INFO  benchmark_client] Sending sample transaction 2110
[2026-04-19T03:26:40.306Z INFO  benchmark_client] Sending sample transaction 2111
[2026-04-19T03:26:40.355Z INFO  benchmark_client] Sending sample transaction 2112
[2026-04-19T03:26:40.406Z INFO  benchmark_client] Sending sample transaction 2113
[2026-04-19T03:26:40.455Z INFO  benchmark_client] Sending sample transaction 2114
[2026-04-19T03:26:40.505Z INFO  benchmark_client] Sending sample transaction 2115
[2026-04-19T03:26:40.555Z INFO  benchmark_client] Sending sample transaction 2116
[2026-04-19T03:26:40.605Z INFO  benchmark_client] Sending sample transaction 2117
[2026-04-19T03:26:40.655Z INFO  benchmark_client] Sending sample transaction 2118
[2026-04-19T03:26:40.705Z INFO  benchmark_client] Sending sample transaction 2119
[2026-04-19T03:26:40.755Z INFO  benchmark_client] Sending sample transaction 2120
[2026-04-19T03:26:40.805Z INFO  benchmark_client] Sending sample transaction 2121
[2026-04-19T03:26:40.856Z INFO  benchmark_client] Sending sample transaction 2122
[2026-04-19T03:26:40.906Z INFO  benchmark_client] Sending sample transaction 2123
[2026-04-19T03:26:40.956Z INFO  benchmark_client] Sending sample transaction 2124
[2026-04-19T03:26:41.006Z INFO  benchmark_client] Sending sample transaction 2125
[2026-04-19T03:26:41.056Z INFO  benchmark_client] Sending sample transaction 2126
[2026-04-19T03:26:41.105Z INFO  benchmark_client] Sending sample transaction 2127
[2026-04-19T03:26:41.156Z INFO  benchmark_client] Sending sample transaction 2128
[2026-04-19T03:26:41.206Z INFO  benchmark_client] Sending sample transaction 2129
[2026-04-19T03:26:41.255Z INFO  benchmark_client] Sending sample transaction 2130
[2026-04-19T03:26:41.306Z INFO  benchmark_client] Sending sample transaction 2131
[2026-04-19T03:26:41.355Z INFO  benchmark_client] Sending sample transaction 2132
[2026-04-19T03:26:41.406Z INFO  benchmark_client] Sending sample transaction 2133
[2026-04-19T03:26:41.456Z INFO  benchmark_client] Sending sample transaction 2134
[2026-04-19T03:26:41.505Z INFO  benchmark_client] Sending sample transaction 2135
[2026-04-19T03:26:41.556Z INFO  benchmark_client] Sending sample transaction 2136
[2026-04-19T03:26:41.605Z INFO  benchmark_client] Sending sample transaction 2137
[2026-04-19T03:26:41.656Z INFO  benchmark_client] Sending sample transaction 2138
[2026-04-19T03:26:41.705Z INFO  benchmark_client] Sending sample transaction 2139
[2026-04-19T03:26:41.756Z INFO  benchmark_client] Sending sample transaction 2140
[2026-04-19T03:26:41.806Z INFO  benchmark_client] Sending sample transaction 2141
[2026-04-19T03:26:41.855Z INFO  benchmark_client] Sending sample transaction 2142
[2026-04-19T03:26:41.906Z INFO  benchmark_client] Sending sample transaction 2143
[2026-04-19T03:26:41.955Z INFO  benchmark_client] Sending sample transaction 2144
[2026-04-19T03:26:42.005Z INFO  benchmark_client] Sending sample transaction 2145
[2026-04-19T03:26:42.055Z INFO  benchmark_client] Sending sample transaction 2146
[2026-04-19T03:26:42.105Z INFO  benchmark_client] Sending sample transaction 2147
[2026-04-19T03:26:42.156Z INFO  benchmark_client] Sending sample transaction 2148
[2026-04-19T03:26:42.205Z INFO  benchmark_client] Sending sample transaction 2149
[2026-04-19T03:26:42.255Z INFO  benchmark_client] Sending sample transaction 2150
[2026-04-19T03:26:42.305Z INFO  benchmark_client] Sending sample transaction 2151
[2026-04-19T03:26:42.355Z INFO  benchmark_client] Sending sample transaction 2152
[2026-04-19T03:26:42.405Z INFO  benchmark_client] Sending sample transaction 2153
[2026-04-19T03:26:42.455Z INFO  benchmark_client] Sending sample transaction 2154
[2026-04-19T03:26:42.505Z INFO  benchmark_client] Sending sample transaction 2155
[2026-04-19T03:26:42.555Z INFO  benchmark_client] Sending sample transaction 2156
[2026-04-19T03:26:42.605Z INFO  benchmark_client] Sending sample transaction 2157
[2026-04-19T03:26:42.655Z INFO  benchmark_client] Sending sample transaction 2158
[2026-04-19T03:26:42.705Z INFO  benchmark_client] Sending sample transaction 2159
[2026-04-19T03:26:42.755Z INFO  benchmark_client] Sending sample transaction 2160
[2026-04-19T03:26:42.805Z INFO  benchmark_client] Sending sample transaction 2161
[2026-04-19T03:26:42.855Z INFO  benchmark_client] Sending sample transaction 2162
[2026-04-19T03:26:42.906Z INFO  benchmark_client] Sending sample transaction 2163
[2026-04-19T03:26:42.955Z INFO  benchmark_client] Sending sample transaction 2164
[2026-04-19T03:26:43.005Z INFO  benchmark_client] Sending sample transaction 2165
[2026-04-19T03:26:43.055Z INFO  benchmark_client] Sending sample transaction 2166
[2026-04-19T03:26:43.105Z INFO  benchmark_client] Sending sample transaction 2167
[2026-04-19T03:26:43.155Z INFO  benchmark_client] Sending sample transaction 2168
[2026-04-19T03:26:43.205Z INFO  benchmark_client] Sending sample transaction 2169
[2026-04-19T03:26:43.255Z INFO  benchmark_client] Sending sample transaction 2170
[2026-04-19T03:26:43.305Z INFO  benchmark_client] Sending sample transaction 2171
[2026-04-19T03:26:43.356Z INFO  benchmark_client] Sending sample transaction 2172
[2026-04-19T03:26:43.406Z INFO  benchmark_client] Sending sample transaction 2173
[2026-04-19T03:26:43.455Z INFO  benchmark_client] Sending sample transaction 2174
[2026-04-19T03:26:43.505Z INFO  benchmark_client] Sending sample transaction 2175
[2026-04-19T03:26:43.555Z INFO  benchmark_client] Sending sample transaction 2176
[2026-04-19T03:26:43.605Z INFO  benchmark_client] Sending sample transaction 2177
[2026-04-19T03:26:43.655Z INFO  benchmark_client] Sending sample transaction 2178
[2026-04-19T03:26:43.705Z INFO  benchmark_client] Sending sample transaction 2179
[2026-04-19T03:26:43.755Z INFO  benchmark_client] Sending sample transaction 2180
[2026-04-19T03:26:43.805Z INFO  benchmark_client] Sending sample transaction 2181
[2026-04-19T03:26:43.856Z INFO  benchmark_client] Sending sample transaction 2182
[2026-04-19T03:26:43.906Z INFO  benchmark_client] Sending sample transaction 2183
[2026-04-19T03:26:43.956Z INFO  benchmark_client] Sending sample transaction 2184
[2026-04-19T03:26:44.006Z INFO  benchmark_client] Sending sample transaction 2185
[2026-04-19T03:26:44.055Z INFO  benchmark_client] Sending sample transaction 2186
[2026-04-19T03:26:44.105Z INFO  benchmark_client] Sending sample transaction 2187
[2026-04-19T03:26:44.156Z INFO  benchmark_client] Sending sample transaction 2188
[2026-04-19T03:26:44.205Z INFO  benchmark_client] Sending sample transaction 2189
[2026-04-19T03:26:44.255Z INFO  benchmark_client] Sending sample transaction 2190
[2026-04-19T03:26:44.305Z INFO  benchmark_client] Sending sample transaction 2191
[2026-04-19T03:26:44.355Z INFO  benchmark_client] Sending sample transaction 2192
[2026-04-19T03:26:44.405Z INFO  benchmark_client] Sending sample transaction 2193
[2026-04-19T03:26:44.455Z INFO  benchmark_client] Sending sample transaction 2194
[2026-04-19T03:26:44.506Z INFO  benchmark_client] Sending sample transaction 2195
[2026-04-19T03:26:44.556Z INFO  benchmark_client] Sending sample transaction 2196
[2026-04-19T03:26:44.606Z INFO  benchmark_client] Sending sample transaction 2197
[2026-04-19T03:26:44.655Z INFO  benchmark_client] Sending sample transaction 2198
[2026-04-19T03:26:44.706Z INFO  benchmark_client] Sending sample transaction 2199
[2026-04-19T03:26:44.755Z INFO  benchmark_client] Sending sample transaction 2200
[2026-04-19T03:26:44.806Z INFO  benchmark_client] Sending sample transaction 2201
[2026-04-19T03:26:44.856Z INFO  benchmark_client] Sending sample transaction 2202
[2026-04-19T03:26:44.905Z INFO  benchmark_client] Sending sample transaction 2203
[2026-04-19T03:26:44.956Z INFO  benchmark_client] Sending sample transaction 2204
[2026-04-19T03:26:45.006Z INFO  benchmark_client] Sending sample transaction 2205
[2026-04-19T03:26:45.056Z INFO  benchmark_client] Sending sample transaction 2206
[2026-04-19T03:26:45.106Z INFO  benchmark_client] Sending sample transaction 2207
[2026-04-19T03:26:45.155Z INFO  benchmark_client] Sending sample transaction 2208
[2026-04-19T03:26:45.205Z INFO  benchmark_client] Sending sample transaction 2209
[2026-04-19T03:26:45.256Z INFO  benchmark_client] Sending sample transaction 2210
[2026-04-19T03:26:45.305Z INFO  benchmark_client] Sending sample transaction 2211
[2026-04-19T03:26:45.356Z INFO  benchmark_client] Sending sample transaction 2212
[2026-04-19T03:26:45.406Z INFO  benchmark_client] Sending sample transaction 2213
[2026-04-19T03:26:45.456Z INFO  benchmark_client] Sending sample transaction 2214
[2026-04-19T03:26:45.506Z INFO  benchmark_client] Sending sample transaction 2215
[2026-04-19T03:26:45.556Z INFO  benchmark_client] Sending sample transaction 2216
[2026-04-19T03:26:45.605Z INFO  benchmark_client] Sending sample transaction 2217
[2026-04-19T03:26:45.656Z INFO  benchmark_client] Sending sample transaction 2218
[2026-04-19T03:26:45.706Z INFO  benchmark_client] Sending sample transaction 2219
[2026-04-19T03:26:45.756Z INFO  benchmark_client] Sending sample transaction 2220
[2026-04-19T03:26:45.806Z INFO  benchmark_client] Sending sample transaction 2221
[2026-04-19T03:26:45.856Z INFO  benchmark_client] Sending sample transaction 2222
[2026-04-19T03:26:45.906Z INFO  benchmark_client] Sending sample transaction 2223
[2026-04-19T03:26:45.955Z INFO  benchmark_client] Sending sample transaction 2224
[2026-04-19T03:26:46.005Z INFO  benchmark_client] Sending sample transaction 2225
[2026-04-19T03:26:46.056Z INFO  benchmark_client] Sending sample transaction 2226
[2026-04-19T03:26:46.106Z INFO  benchmark_client] Sending sample transaction 2227
[2026-04-19T03:26:46.156Z INFO  benchmark_client] Sending sample transaction 2228
[2026-04-19T03:26:46.206Z INFO  benchmark_client] Sending sample transaction 2229
[2026-04-19T03:26:46.256Z INFO  benchmark_client] Sending sample transaction 2230
[2026-04-19T03:26:46.306Z INFO  benchmark_client] Sending sample transaction 2231
[2026-04-19T03:26:46.355Z INFO  benchmark_client] Sending sample transaction 2232
[2026-04-19T03:26:46.405Z INFO  benchmark_client] Sending sample transaction 2233
[2026-04-19T03:26:46.456Z INFO  benchmark_client] Sending sample transaction 2234
[2026-04-19T03:26:46.506Z INFO  benchmark_client] Sending sample transaction 2235
[2026-04-19T03:26:46.555Z INFO  benchmark_client] Sending sample transaction 2236
[2026-04-19T03:26:46.606Z INFO  benchmark_client] Sending sample transaction 2237
[2026-04-19T03:26:46.655Z INFO  benchmark_client] Sending sample transaction 2238
[2026-04-19T03:26:46.705Z INFO  benchmark_client] Sending sample transaction 2239
[2026-04-19T03:26:46.755Z INFO  benchmark_client] Sending sample transaction 2240
[2026-04-19T03:26:46.805Z INFO  benchmark_client] Sending sample transaction 2241
[2026-04-19T03:26:46.855Z INFO  benchmark_client] Sending sample transaction 2242
[2026-04-19T03:26:46.905Z INFO  benchmark_client] Sending sample transaction 2243
[2026-04-19T03:26:46.955Z INFO  benchmark_client] Sending sample transaction 2244
[2026-04-19T03:26:47.005Z INFO  benchmark_client] Sending sample transaction 2245
[2026-04-19T03:26:47.055Z INFO  benchmark_client] Sending sample transaction 2246
[2026-04-19T03:26:47.105Z INFO  benchmark_client] Sending sample transaction 2247
[2026-04-19T03:26:47.155Z INFO  benchmark_client] Sending sample transaction 2248
[2026-04-19T03:26:47.206Z INFO  benchmark_client] Sending sample transaction 2249
[2026-04-19T03:26:47.256Z INFO  benchmark_client] Sending sample transaction 2250
[2026-04-19T03:26:47.306Z INFO  benchmark_client] Sending sample transaction 2251
[2026-04-19T03:26:47.356Z INFO  benchmark_client] Sending sample transaction 2252
[2026-04-19T03:26:47.405Z INFO  benchmark_client] Sending sample transaction 2253
[2026-04-19T03:26:47.455Z INFO  benchmark_client] Sending sample transaction 2254
[2026-04-19T03:26:47.505Z INFO  benchmark_client] Sending sample transaction 2255
[2026-04-19T03:26:47.555Z INFO  benchmark_client] Sending sample transaction 2256
[2026-04-19T03:26:47.605Z INFO  benchmark_client] Sending sample transaction 2257
[2026-04-19T03:26:47.655Z INFO  benchmark_client] Sending sample transaction 2258
[2026-04-19T03:26:47.706Z INFO  benchmark_client] Sending sample transaction 2259
[2026-04-19T03:26:47.756Z INFO  benchmark_client] Sending sample transaction 2260
[2026-04-19T03:26:47.806Z INFO  benchmark_client] Sending sample transaction 2261
[2026-04-19T03:26:47.856Z INFO  benchmark_client] Sending sample transaction 2262
[2026-04-19T03:26:47.906Z INFO  benchmark_client] Sending sample transaction 2263
[2026-04-19T03:26:47.956Z INFO  benchmark_client] Sending sample transaction 2264
[2026-04-19T03:26:48.007Z INFO  benchmark_client] Sending sample transaction 2265
[2026-04-19T03:26:48.056Z INFO  benchmark_client] Sending sample transaction 2266
[2026-04-19T03:26:48.106Z INFO  benchmark_client] Sending sample transaction 2267
[2026-04-19T03:26:48.155Z INFO  benchmark_client] Sending sample transaction 2268
[2026-04-19T03:26:48.206Z INFO  benchmark_client] Sending sample transaction 2269
[2026-04-19T03:26:48.256Z INFO  benchmark_client] Sending sample transaction 2270
[2026-04-19T03:26:48.306Z INFO  benchmark_client] Sending sample transaction 2271
[2026-04-19T03:26:48.356Z INFO  benchmark_client] Sending sample transaction 2272
[2026-04-19T03:26:48.405Z INFO  benchmark_client] Sending sample transaction 2273
[2026-04-19T03:26:48.456Z INFO  benchmark_client] Sending sample transaction 2274
[2026-04-19T03:26:48.506Z INFO  benchmark_client] Sending sample transaction 2275
[2026-04-19T03:26:48.557Z INFO  benchmark_client] Sending sample transaction 2276
[2026-04-19T03:26:48.606Z INFO  benchmark_client] Sending sample transaction 2277
[2026-04-19T03:26:48.655Z INFO  benchmark_client] Sending sample transaction 2278
[2026-04-19T03:26:48.705Z INFO  benchmark_client] Sending sample transaction 2279
[2026-04-19T03:26:48.756Z INFO  benchmark_client] Sending sample transaction 2280
[2026-04-19T03:26:48.806Z INFO  benchmark_client] Sending sample transaction 2281
[2026-04-19T03:26:48.856Z INFO  benchmark_client] Sending sample transaction 2282
[2026-04-19T03:26:48.906Z INFO  benchmark_client] Sending sample transaction 2283
[2026-04-19T03:26:48.956Z INFO  benchmark_client] Sending sample transaction 2284
[2026-04-19T03:26:49.005Z INFO  benchmark_client] Sending sample transaction 2285
[2026-04-19T03:26:49.055Z INFO  benchmark_client] Sending sample transaction 2286
[2026-04-19T03:26:49.105Z INFO  benchmark_client] Sending sample transaction 2287
[2026-04-19T03:26:49.155Z INFO  benchmark_client] Sending sample transaction 2288
[2026-04-19T03:26:49.205Z INFO  benchmark_client] Sending sample transaction 2289
[2026-04-19T03:26:49.255Z INFO  benchmark_client] Sending sample transaction 2290
[2026-04-19T03:26:49.305Z INFO  benchmark_client] Sending sample transaction 2291
[2026-04-19T03:26:49.356Z INFO  benchmark_client] Sending sample transaction 2292
[2026-04-19T03:26:49.406Z INFO  benchmark_client] Sending sample transaction 2293
[2026-04-19T03:26:49.456Z INFO  benchmark_client] Sending sample transaction 2294
[2026-04-19T03:26:49.506Z INFO  benchmark_client] Sending sample transaction 2295
[2026-04-19T03:26:49.555Z INFO  benchmark_client] Sending sample transaction 2296
[2026-04-19T03:26:49.606Z INFO  benchmark_client] Sending sample transaction 2297
[2026-04-19T03:26:49.656Z INFO  benchmark_client] Sending sample transaction 2298
[2026-04-19T03:26:49.707Z INFO  benchmark_client] Sending sample transaction 2299
[2026-04-19T03:26:49.756Z INFO  benchmark_client] Sending sample transaction 2300
[2026-04-19T03:26:49.806Z INFO  benchmark_client] Sending sample transaction 2301
[2026-04-19T03:26:49.856Z INFO  benchmark_client] Sending sample transaction 2302
[2026-04-19T03:26:49.906Z INFO  benchmark_client] Sending sample transaction 2303
[2026-04-19T03:26:49.956Z INFO  benchmark_client] Sending sample transaction 2304
[2026-04-19T03:26:50.006Z INFO  benchmark_client] Sending sample transaction 2305
[2026-04-19T03:26:50.056Z INFO  benchmark_client] Sending sample transaction 2306
[2026-04-19T03:26:50.106Z INFO  benchmark_client] Sending sample transaction 2307
[2026-04-19T03:26:50.156Z INFO  benchmark_client] Sending sample transaction 2308
[2026-04-19T03:26:50.206Z INFO  benchmark_client] Sending sample transaction 2309
[2026-04-19T03:26:50.256Z INFO  benchmark_client] Sending sample transaction 2310
[2026-04-19T03:26:50.306Z INFO  benchmark_client] Sending sample transaction 2311
[2026-04-19T03:26:50.357Z INFO  benchmark_client] Sending sample transaction 2312
[2026-04-19T03:26:50.405Z INFO  benchmark_client] Sending sample transaction 2313
[2026-04-19T03:26:50.455Z INFO  benchmark_client] Sending sample transaction 2314
[2026-04-19T03:26:50.505Z INFO  benchmark_client] Sending sample transaction 2315
[2026-04-19T03:26:50.555Z INFO  benchmark_client] Sending sample transaction 2316
[2026-04-19T03:26:50.605Z INFO  benchmark_client] Sending sample transaction 2317
[2026-04-19T03:26:50.655Z INFO  benchmark_client] Sending sample transaction 2318
[2026-04-19T03:26:50.706Z INFO  benchmark_client] Sending sample transaction 2319
[2026-04-19T03:26:50.756Z INFO  benchmark_client] Sending sample transaction 2320
[2026-04-19T03:26:50.806Z INFO  benchmark_client] Sending sample transaction 2321
[2026-04-19T03:26:50.855Z INFO  benchmark_client] Sending sample transaction 2322
[2026-04-19T03:26:50.905Z INFO  benchmark_client] Sending sample transaction 2323
[2026-04-19T03:26:50.955Z INFO  benchmark_client] Sending sample transaction 2324
[2026-04-19T03:26:51.005Z INFO  benchmark_client] Sending sample transaction 2325
[2026-04-19T03:26:51.055Z INFO  benchmark_client] Sending sample transaction 2326
[2026-04-19T03:26:51.106Z INFO  benchmark_client] Sending sample transaction 2327
[2026-04-19T03:26:51.156Z INFO  benchmark_client] Sending sample transaction 2328
[2026-04-19T03:26:51.205Z INFO  benchmark_client] Sending sample transaction 2329
[2026-04-19T03:26:51.255Z INFO  benchmark_client] Sending sample transaction 2330
[2026-04-19T03:26:51.305Z INFO  benchmark_client] Sending sample transaction 2331
[2026-04-19T03:26:51.356Z INFO  benchmark_client] Sending sample transaction 2332
[2026-04-19T03:26:51.406Z INFO  benchmark_client] Sending sample transaction 2333
[2026-04-19T03:26:51.456Z INFO  benchmark_client] Sending sample transaction 2334
[2026-04-19T03:26:51.506Z INFO  benchmark_client] Sending sample transaction 2335
[2026-04-19T03:26:51.556Z INFO  benchmark_client] Sending sample transaction 2336
[2026-04-19T03:26:51.606Z INFO  benchmark_client] Sending sample transaction 2337
[2026-04-19T03:26:51.657Z INFO  benchmark_client] Sending sample transaction 2338
[2026-04-19T03:26:51.706Z INFO  benchmark_client] Sending sample transaction 2339
[2026-04-19T03:26:51.757Z INFO  benchmark_client] Sending sample transaction 2340
[2026-04-19T03:26:51.806Z INFO  benchmark_client] Sending sample transaction 2341
[2026-04-19T03:26:51.856Z INFO  benchmark_client] Sending sample transaction 2342
[2026-04-19T03:26:51.906Z INFO  benchmark_client] Sending sample transaction 2343
[2026-04-19T03:26:51.956Z INFO  benchmark_client] Sending sample transaction 2344
[2026-04-19T03:26:52.006Z INFO  benchmark_client] Sending sample transaction 2345
[2026-04-19T03:26:52.056Z INFO  benchmark_client] Sending sample transaction 2346
[2026-04-19T03:26:52.107Z INFO  benchmark_client] Sending sample transaction 2347
[2026-04-19T03:26:52.157Z INFO  benchmark_client] Sending sample transaction 2348
[2026-04-19T03:26:52.206Z INFO  benchmark_client] Sending sample transaction 2349
[2026-04-19T03:26:52.255Z INFO  benchmark_client] Sending sample transaction 2350
[2026-04-19T03:26:52.306Z INFO  benchmark_client] Sending sample transaction 2351
[2026-04-19T03:26:52.355Z INFO  benchmark_client] Sending sample transaction 2352
[2026-04-19T03:26:52.406Z INFO  benchmark_client] Sending sample transaction 2353
[2026-04-19T03:26:52.456Z INFO  benchmark_client] Sending sample transaction 2354
[2026-04-19T03:26:52.505Z INFO  benchmark_client] Sending sample transaction 2355
[2026-04-19T03:26:52.555Z INFO  benchmark_client] Sending sample transaction 2356
[2026-04-19T03:26:52.606Z INFO  benchmark_client] Sending sample transaction 2357
[2026-04-19T03:26:52.656Z INFO  benchmark_client] Sending sample transaction 2358
[2026-04-19T03:26:52.706Z INFO  benchmark_client] Sending sample transaction 2359
[2026-04-19T03:26:52.755Z INFO  benchmark_client] Sending sample transaction 2360
[2026-04-19T03:26:52.805Z INFO  benchmark_client] Sending sample transaction 2361
[2026-04-19T03:26:52.855Z INFO  benchmark_client] Sending sample transaction 2362
[2026-04-19T03:26:52.906Z INFO  benchmark_client] Sending sample transaction 2363
[2026-04-19T03:26:52.956Z INFO  benchmark_client] Sending sample transaction 2364
[2026-04-19T03:26:53.006Z INFO  benchmark_client] Sending sample transaction 2365
[2026-04-19T03:26:53.056Z INFO  benchmark_client] Sending sample transaction 2366
[2026-04-19T03:26:53.106Z INFO  benchmark_client] Sending sample transaction 2367
[2026-04-19T03:26:53.155Z INFO  benchmark_client] Sending sample transaction 2368
[2026-04-19T03:26:53.205Z INFO  benchmark_client] Sending sample transaction 2369
[2026-04-19T03:26:53.255Z INFO  benchmark_client] Sending sample transaction 2370
[2026-04-19T03:26:53.306Z INFO  benchmark_client] Sending sample transaction 2371
[2026-04-19T03:26:53.356Z INFO  benchmark_client] Sending sample transaction 2372
[2026-04-19T03:26:53.405Z INFO  benchmark_client] Sending sample transaction 2373
[2026-04-19T03:26:53.456Z INFO  benchmark_client] Sending sample transaction 2374
[2026-04-19T03:26:53.506Z INFO  benchmark_client] Sending sample transaction 2375
[2026-04-19T03:26:53.557Z INFO  benchmark_client] Sending sample transaction 2376
[2026-04-19T03:26:53.607Z INFO  benchmark_client] Sending sample transaction 2377
[2026-04-19T03:26:53.656Z INFO  benchmark_client] Sending sample transaction 2378
[2026-04-19T03:26:53.706Z INFO  benchmark_client] Sending sample transaction 2379
[2026-04-19T03:26:53.756Z INFO  benchmark_client] Sending sample transaction 2380
[2026-04-19T03:26:53.806Z INFO  benchmark_client] Sending sample transaction 2381
[2026-04-19T03:26:53.856Z INFO  benchmark_client] Sending sample transaction 2382
[2026-04-19T03:26:53.906Z INFO  benchmark_client] Sending sample transaction 2383
[2026-04-19T03:26:53.956Z INFO  benchmark_client] Sending sample transaction 2384
[2026-04-19T03:26:54.006Z INFO  benchmark_client] Sending sample transaction 2385
[2026-04-19T03:26:54.057Z INFO  benchmark_client] Sending sample transaction 2386
[2026-04-19T03:26:54.106Z INFO  benchmark_client] Sending sample transaction 2387
[2026-04-19T03:26:54.156Z INFO  benchmark_client] Sending sample transaction 2388
[2026-04-19T03:26:54.207Z INFO  benchmark_client] Sending sample transaction 2389
[2026-04-19T03:26:54.256Z INFO  benchmark_client] Sending sample transaction 2390
[2026-04-19T03:26:54.306Z INFO  benchmark_client] Sending sample transaction 2391
[2026-04-19T03:26:54.356Z INFO  benchmark_client] Sending sample transaction 2392
[2026-04-19T03:26:54.406Z INFO  benchmark_client] Sending sample transaction 2393
[2026-04-19T03:26:54.455Z INFO  benchmark_client] Sending sample transaction 2394
[2026-04-19T03:26:54.505Z INFO  benchmark_client] Sending sample transaction 2395
[2026-04-19T03:26:54.555Z INFO  benchmark_client] Sending sample transaction 2396
[2026-04-19T03:26:54.605Z INFO  benchmark_client] Sending sample transaction 2397
[2026-04-19T03:26:54.655Z INFO  benchmark_client] Sending sample transaction 2398
[2026-04-19T03:26:54.705Z INFO  benchmark_client] Sending sample transaction 2399
[2026-04-19T03:26:54.755Z INFO  benchmark_client] Sending sample transaction 2400
[2026-04-19T03:26:54.805Z INFO  benchmark_client] Sending sample transaction 2401
[2026-04-19T03:26:54.855Z INFO  benchmark_client] Sending sample transaction 2402
[2026-04-19T03:26:54.905Z INFO  benchmark_client] Sending sample transaction 2403
[2026-04-19T03:26:54.955Z INFO  benchmark_client] Sending sample transaction 2404
[2026-04-19T03:26:55.005Z INFO  benchmark_client] Sending sample transaction 2405
[2026-04-19T03:26:55.055Z INFO  benchmark_client] Sending sample transaction 2406
[2026-04-19T03:26:55.105Z INFO  benchmark_client] Sending sample transaction 2407
[2026-04-19T03:26:55.155Z INFO  benchmark_client] Sending sample transaction 2408
[2026-04-19T03:26:55.206Z INFO  benchmark_client] Sending sample transaction 2409
[2026-04-19T03:26:55.255Z INFO  benchmark_client] Sending sample transaction 2410
[2026-04-19T03:26:55.305Z INFO  benchmark_client] Sending sample transaction 2411
[2026-04-19T03:26:55.355Z INFO  benchmark_client] Sending sample transaction 2412
[2026-04-19T03:26:55.405Z INFO  benchmark_client] Sending sample transaction 2413
[2026-04-19T03:26:55.455Z INFO  benchmark_client] Sending sample transaction 2414
[2026-04-19T03:26:55.505Z INFO  benchmark_client] Sending sample transaction 2415
[2026-04-19T03:26:55.555Z INFO  benchmark_client] Sending sample transaction 2416
[2026-04-19T03:26:55.605Z INFO  benchmark_client] Sending sample transaction 2417
[2026-04-19T03:26:55.655Z INFO  benchmark_client] Sending sample transaction 2418
[2026-04-19T03:26:55.706Z INFO  benchmark_client] Sending sample transaction 2419
[2026-04-19T03:26:55.756Z INFO  benchmark_client] Sending sample transaction 2420
[2026-04-19T03:26:55.805Z INFO  benchmark_client] Sending sample transaction 2421
[2026-04-19T03:26:55.855Z INFO  benchmark_client] Sending sample transaction 2422
[2026-04-19T03:26:55.905Z INFO  benchmark_client] Sending sample transaction 2423
[2026-04-19T03:26:55.955Z INFO  benchmark_client] Sending sample transaction 2424
[2026-04-19T03:26:56.005Z INFO  benchmark_client] Sending sample transaction 2425
[2026-04-19T03:26:56.055Z INFO  benchmark_client] Sending sample transaction 2426
[2026-04-19T03:26:56.105Z INFO  benchmark_client] Sending sample transaction 2427
[2026-04-19T03:26:56.155Z INFO  benchmark_client] Sending sample transaction 2428
[2026-04-19T03:26:56.205Z INFO  benchmark_client] Sending sample transaction 2429
[2026-04-19T03:26:56.255Z INFO  benchmark_client] Sending sample transaction 2430
[2026-04-19T03:26:56.305Z INFO  benchmark_client] Sending sample transaction 2431
[2026-04-19T03:26:56.355Z INFO  benchmark_client] Sending sample transaction 2432
[2026-04-19T03:26:56.405Z INFO  benchmark_client] Sending sample transaction 2433
[2026-04-19T03:26:56.455Z INFO  benchmark_client] Sending sample transaction 2434
[2026-04-19T03:26:56.506Z INFO  benchmark_client] Sending sample transaction 2435
[2026-04-19T03:26:56.555Z INFO  benchmark_client] Sending sample transaction 2436
[2026-04-19T03:26:56.605Z INFO  benchmark_client] Sending sample transaction 2437
[2026-04-19T03:26:56.655Z INFO  benchmark_client] Sending sample transaction 2438
[2026-04-19T03:26:56.705Z INFO  benchmark_client] Sending sample transaction 2439
[2026-04-19T03:26:56.755Z INFO  benchmark_client] Sending sample transaction 2440
[2026-04-19T03:26:56.805Z INFO  benchmark_client] Sending sample transaction 2441
[2026-04-19T03:26:56.855Z INFO  benchmark_client] Sending sample transaction 2442
[2026-04-19T03:26:56.905Z INFO  benchmark_client] Sending sample transaction 2443
[2026-04-19T03:26:56.955Z INFO  benchmark_client] Sending sample transaction 2444
[2026-04-19T03:26:57.005Z INFO  benchmark_client] Sending sample transaction 2445
[2026-04-19T03:26:57.055Z INFO  benchmark_client] Sending sample transaction 2446
[2026-04-19T03:26:57.105Z INFO  benchmark_client] Sending sample transaction 2447
[2026-04-19T03:26:57.155Z INFO  benchmark_client] Sending sample transaction 2448
[2026-04-19T03:26:57.205Z INFO  benchmark_client] Sending sample transaction 2449
[2026-04-19T03:26:57.255Z INFO  benchmark_client] Sending sample transaction 2450
[2026-04-19T03:26:57.305Z INFO  benchmark_client] Sending sample transaction 2451
[2026-04-19T03:26:57.355Z INFO  benchmark_client] Sending sample transaction 2452
[2026-04-19T03:26:57.405Z INFO  benchmark_client] Sending sample transaction 2453
[2026-04-19T03:26:57.455Z INFO  benchmark_client] Sending sample transaction 2454
[2026-04-19T03:26:57.505Z INFO  benchmark_client] Sending sample transaction 2455
[2026-04-19T03:26:57.555Z INFO  benchmark_client] Sending sample transaction 2456
[2026-04-19T03:26:57.605Z INFO  benchmark_client] Sending sample transaction 2457
[2026-04-19T03:26:57.655Z INFO  benchmark_client] Sending sample transaction 2458
[2026-04-19T03:26:57.705Z INFO  benchmark_client] Sending sample transaction 2459
[2026-04-19T03:26:57.755Z INFO  benchmark_client] Sending sample transaction 2460
[2026-04-19T03:26:57.805Z INFO  benchmark_client] Sending sample transaction 2461
[2026-04-19T03:26:57.855Z INFO  benchmark_client] Sending sample transaction 2462
[2026-04-19T03:26:57.906Z INFO  benchmark_client] Sending sample transaction 2463
[2026-04-19T03:26:57.956Z INFO  benchmark_client] Sending sample transaction 2464
[2026-04-19T03:26:58.005Z INFO  benchmark_client] Sending sample transaction 2465
[2026-04-19T03:26:58.056Z INFO  benchmark_client] Sending sample transaction 2466
[2026-04-19T03:26:58.105Z INFO  benchmark_client] Sending sample transaction 2467
[2026-04-19T03:26:58.155Z INFO  benchmark_client] Sending sample transaction 2468
[2026-04-19T03:26:58.206Z INFO  benchmark_client] Sending sample transaction 2469
[2026-04-19T03:26:58.255Z INFO  benchmark_client] Sending sample transaction 2470
[2026-04-19T03:26:58.305Z INFO  benchmark_client] Sending sample transaction 2471
[2026-04-19T03:26:58.355Z INFO  benchmark_client] Sending sample transaction 2472
[2026-04-19T03:26:58.405Z INFO  benchmark_client] Sending sample transaction 2473
[2026-04-19T03:26:58.455Z INFO  benchmark_client] Sending sample transaction 2474
[2026-04-19T03:26:58.505Z INFO  benchmark_client] Sending sample transaction 2475
[2026-04-19T03:26:58.555Z INFO  benchmark_client] Sending sample transaction 2476
[2026-04-19T03:26:58.605Z INFO  benchmark_client] Sending sample transaction 2477
[2026-04-19T03:26:58.656Z INFO  benchmark_client] Sending sample transaction 2478
[2026-04-19T03:26:58.705Z INFO  benchmark_client] Sending sample transaction 2479
[2026-04-19T03:26:58.755Z INFO  benchmark_client] Sending sample transaction 2480
[2026-04-19T03:26:58.806Z INFO  benchmark_client] Sending sample transaction 2481
[2026-04-19T03:26:58.855Z INFO  benchmark_client] Sending sample transaction 2482
[2026-04-19T03:26:58.905Z INFO  benchmark_client] Sending sample transaction 2483
[2026-04-19T03:26:58.956Z INFO  benchmark_client] Sending sample transaction 2484
