[2026-04-19T03:24:24.778Z INFO  benchmark_client] Node address: 10.10.1.10:5048
[2026-04-19T03:24:24.778Z INFO  benchmark_client] Transactions size: 512 B
[2026-04-19T03:24:24.778Z INFO  benchmark_client] Transactions rate: 8000 tx/s
[2026-04-19T03:24:24.778Z INFO  benchmark_client] Waiting for all nodes to be online...
[2026-04-19T03:24:54.749Z INFO  benchmark_client] Start sending transactions
[2026-04-19T03:24:54.750Z INFO  benchmark_client] Sending sample transaction 0
[2026-04-19T03:24:54.800Z INFO  benchmark_client] Sending sample transaction 1
[2026-04-19T03:24:54.849Z INFO  benchmark_client] Sending sample transaction 2
[2026-04-19T03:24:54.900Z INFO  benchmark_client] Sending sample transaction 3
[2026-04-19T03:24:54.950Z INFO  benchmark_client] Sending sample transaction 4
[2026-04-19T03:24:55.000Z INFO  benchmark_client] Sending sample transaction 5
[2026-04-19T03:24:55.049Z INFO  benchmark_client] Sending sample transaction 6
[2026-04-19T03:24:55.099Z INFO  benchmark_client] Sending sample transaction 7
[2026-04-19T03:24:55.149Z INFO  benchmark_client] Sending sample transaction 8
[2026-04-19T03:24:55.199Z INFO  benchmark_client] Sending sample transaction 9
[2026-04-19T03:24:55.250Z INFO  benchmark_client] Sending sample transaction 10
[2026-04-19T03:24:55.300Z INFO  benchmark_client] Sending sample transaction 11
[2026-04-19T03:24:55.350Z INFO  benchmark_client] Sending sample transaction 12
[2026-04-19T03:24:55.400Z INFO  benchmark_client] Sending sample transaction 13
[2026-04-19T03:24:55.449Z INFO  benchmark_client] Sending sample transaction 14
[2026-04-19T03:24:55.499Z INFO  benchmark_client] Sending sample transaction 15
[2026-04-19T03:24:55.550Z INFO  benchmark_client] Sending sample transaction 16
[2026-04-19T03:24:55.600Z INFO  benchmark_client] Sending sample transaction 17
[2026-04-19T03:24:55.650Z INFO  benchmark_client] Sending sample transaction 18
[2026-04-19T03:24:55.700Z INFO  benchmark_client] Sending sample transaction 19
[2026-04-19T03:24:55.750Z INFO  benchmark_client] Sending sample transaction 20
[2026-04-19T03:24:55.800Z INFO  benchmark_client] Sending sample transaction 21
[2026-04-19T03:24:55.849Z INFO  benchmark_client] Sending sample transaction 22
[2026-04-19T03:24:55.900Z INFO  benchmark_client] Sending sample transaction 23
[2026-04-19T03:24:55.950Z INFO  benchmark_client] Sending sample transaction 24
[2026-04-19T03:24:56.000Z INFO  benchmark_client] Sending sample transaction 25
[2026-04-19T03:24:56.050Z INFO  benchmark_client] Sending sample transaction 26
[2026-04-19T03:24:56.100Z INFO  benchmark_client] Sending sample transaction 27
[2026-04-19T03:24:56.150Z INFO  benchmark_client] Sending sample transaction 28
[2026-04-19T03:24:56.200Z INFO  benchmark_client] Sending sample transaction 29
[2026-04-19T03:24:56.250Z INFO  benchmark_client] Sending sample transaction 30
[2026-04-19T03:24:56.300Z INFO  benchmark_client] Sending sample transaction 31
[2026-04-19T03:24:56.350Z INFO  benchmark_client] Sending sample transaction 32
[2026-04-19T03:24:56.399Z INFO  benchmark_client] Sending sample transaction 33
[2026-04-19T03:24:56.449Z INFO  benchmark_client] Sending sample transaction 34
[2026-04-19T03:24:56.500Z INFO  benchmark_client] Sending sample transaction 35
[2026-04-19T03:24:56.550Z INFO  benchmark_client] Sending sample transaction 36
[2026-04-19T03:24:56.600Z INFO  benchmark_client] Sending sample transaction 37
[2026-04-19T03:24:56.650Z INFO  benchmark_client] Sending sample transaction 38
[2026-04-19T03:24:56.700Z INFO  benchmark_client] Sending sample transaction 39
[2026-04-19T03:24:56.749Z INFO  benchmark_client] Sending sample transaction 40
[2026-04-19T03:24:56.800Z INFO  benchmark_client] Sending sample transaction 41
[2026-04-19T03:24:56.849Z INFO  benchmark_client] Sending sample transaction 42
[2026-04-19T03:24:56.900Z INFO  benchmark_client] Sending sample transaction 43
[2026-04-19T03:24:56.950Z INFO  benchmark_client] Sending sample transaction 44
[2026-04-19T03:24:57.000Z INFO  benchmark_client] Sending sample transaction 45
[2026-04-19T03:24:57.050Z INFO  benchmark_client] Sending sample transaction 46
[2026-04-19T03:24:57.100Z INFO  benchmark_client] Sending sample transaction 47
[2026-04-19T03:24:57.150Z INFO  benchmark_client] Sending sample transaction 48
[2026-04-19T03:24:57.200Z INFO  benchmark_client] Sending sample transaction 49
[2026-04-19T03:24:57.250Z INFO  benchmark_client] Sending sample transaction 50
[2026-04-19T03:24:57.300Z INFO  benchmark_client] Sending sample transaction 51
[2026-04-19T03:24:57.350Z INFO  benchmark_client] Sending sample transaction 52
[2026-04-19T03:24:57.400Z INFO  benchmark_client] Sending sample transaction 53
[2026-04-19T03:24:57.450Z INFO  benchmark_client] Sending sample transaction 54
[2026-04-19T03:24:57.500Z INFO  benchmark_client] Sending sample transaction 55
[2026-04-19T03:24:57.550Z INFO  benchmark_client] Sending sample transaction 56
[2026-04-19T03:24:57.600Z INFO  benchmark_client] Sending sample transaction 57
[2026-04-19T03:24:57.650Z INFO  benchmark_client] Sending sample transaction 58
[2026-04-19T03:24:57.700Z INFO  benchmark_client] Sending sample transaction 59
[2026-04-19T03:24:57.750Z INFO  benchmark_client] Sending sample transaction 60
[2026-04-19T03:24:57.800Z INFO  benchmark_client] Sending sample transaction 61
[2026-04-19T03:24:57.850Z INFO  benchmark_client] Sending sample transaction 62
[2026-04-19T03:24:57.900Z INFO  benchmark_client] Sending sample transaction 63
[2026-04-19T03:24:57.950Z INFO  benchmark_client] Sending sample transaction 64
[2026-04-19T03:24:58.000Z INFO  benchmark_client] Sending sample transaction 65
[2026-04-19T03:24:58.050Z INFO  benchmark_client] Sending sample transaction 66
[2026-04-19T03:24:58.100Z INFO  benchmark_client] Sending sample transaction 67
[2026-04-19T03:24:58.150Z INFO  benchmark_client] Sending sample transaction 68
[2026-04-19T03:24:58.200Z INFO  benchmark_client] Sending sample transaction 69
[2026-04-19T03:24:58.251Z INFO  benchmark_client] Sending sample transaction 70
[2026-04-19T03:24:58.300Z INFO  benchmark_client] Sending sample transaction 71
[2026-04-19T03:24:58.350Z INFO  benchmark_client] Sending sample transaction 72
[2026-04-19T03:24:58.400Z INFO  benchmark_client] Sending sample transaction 73
[2026-04-19T03:24:58.450Z INFO  benchmark_client] Sending sample transaction 74
[2026-04-19T03:24:58.500Z INFO  benchmark_client] Sending sample transaction 75
[2026-04-19T03:24:58.550Z INFO  benchmark_client] Sending sample transaction 76
[2026-04-19T03:24:58.600Z INFO  benchmark_client] Sending sample transaction 77
[2026-04-19T03:24:58.650Z INFO  benchmark_client] Sending sample transaction 78
[2026-04-19T03:24:58.700Z INFO  benchmark_client] Sending sample transaction 79
[2026-04-19T03:24:58.749Z INFO  benchmark_client] Sending sample transaction 80
[2026-04-19T03:24:58.799Z INFO  benchmark_client] Sending sample transaction 81
[2026-04-19T03:24:58.850Z INFO  benchmark_client] Sending sample transaction 82
[2026-04-19T03:24:58.901Z INFO  benchmark_client] Sending sample transaction 83
[2026-04-19T03:24:58.950Z INFO  benchmark_client] Sending sample transaction 84
[2026-04-19T03:24:59.000Z INFO  benchmark_client] Sending sample transaction 85
[2026-04-19T03:24:59.050Z INFO  benchmark_client] Sending sample transaction 86
[2026-04-19T03:24:59.100Z INFO  benchmark_client] Sending sample transaction 87
[2026-04-19T03:24:59.150Z INFO  benchmark_client] Sending sample transaction 88
[2026-04-19T03:24:59.200Z INFO  benchmark_client] Sending sample transaction 89
[2026-04-19T03:24:59.250Z INFO  benchmark_client] Sending sample transaction 90
[2026-04-19T03:24:59.300Z INFO  benchmark_client] Sending sample transaction 91
[2026-04-19T03:24:59.350Z INFO  benchmark_client] Sending sample transaction 92
[2026-04-19T03:24:59.400Z INFO  benchmark_client] Sending sample transaction 93
[2026-04-19T03:24:59.450Z INFO  benchmark_client] Sending sample transaction 94
[2026-04-19T03:24:59.500Z INFO  benchmark_client] Sending sample transaction 95
[2026-04-19T03:24:59.550Z INFO  benchmark_client] Sending sample transaction 96
[2026-04-19T03:24:59.600Z INFO  benchmark_client] Sending sample transaction 97
[2026-04-19T03:24:59.650Z INFO  benchmark_client] Sending sample transaction 98
[2026-04-19T03:24:59.700Z INFO  benchmark_client] Sending sample transaction 99
[2026-04-19T03:24:59.749Z INFO  benchmark_client] Sending sample transaction 100
[2026-04-19T03:24:59.800Z INFO  benchmark_client] Sending sample transaction 101
[2026-04-19T03:24:59.850Z INFO  benchmark_client] Sending sample transaction 102
[2026-04-19T03:24:59.899Z INFO  benchmark_client] Sending sample transaction 103
[2026-04-19T03:24:59.950Z INFO  benchmark_client] Sending sample transaction 104
[2026-04-19T03:25:00.000Z INFO  benchmark_client] Sending sample transaction 105
[2026-04-19T03:25:00.050Z INFO  benchmark_client] Sending sample transaction 106
[2026-04-19T03:25:00.100Z INFO  benchmark_client] Sending sample transaction 107
[2026-04-19T03:25:00.150Z INFO  benchmark_client] Sending sample transaction 108
[2026-04-19T03:25:00.200Z INFO  benchmark_client] Sending sample transaction 109
[2026-04-19T03:25:00.250Z INFO  benchmark_client] Sending sample transaction 110
[2026-04-19T03:25:00.300Z INFO  benchmark_client] Sending sample transaction 111
[2026-04-19T03:25:00.351Z INFO  benchmark_client] Sending sample transaction 112
[2026-04-19T03:25:00.400Z INFO  benchmark_client] Sending sample transaction 113
[2026-04-19T03:25:00.450Z INFO  benchmark_client] Sending sample transaction 114
[2026-04-19T03:25:00.500Z INFO  benchmark_client] Sending sample transaction 115
[2026-04-19T03:25:00.550Z INFO  benchmark_client] Sending sample transaction 116
[2026-04-19T03:25:00.601Z INFO  benchmark_client] Sending sample transaction 117
[2026-04-19T03:25:00.650Z INFO  benchmark_client] Sending sample transaction 118
[2026-04-19T03:25:00.700Z INFO  benchmark_client] Sending sample transaction 119
[2026-04-19T03:25:00.750Z INFO  benchmark_client] Sending sample transaction 120
[2026-04-19T03:25:00.801Z INFO  benchmark_client] Sending sample transaction 121
[2026-04-19T03:25:00.850Z INFO  benchmark_client] Sending sample transaction 122
[2026-04-19T03:25:00.900Z INFO  benchmark_client] Sending sample transaction 123
[2026-04-19T03:25:00.951Z INFO  benchmark_client] Sending sample transaction 124
[2026-04-19T03:25:01.000Z INFO  benchmark_client] Sending sample transaction 125
[2026-04-19T03:25:01.050Z INFO  benchmark_client] Sending sample transaction 126
[2026-04-19T03:25:01.100Z INFO  benchmark_client] Sending sample transaction 127
[2026-04-19T03:25:01.150Z INFO  benchmark_client] Sending sample transaction 128
[2026-04-19T03:25:01.200Z INFO  benchmark_client] Sending sample transaction 129
[2026-04-19T03:25:01.250Z INFO  benchmark_client] Sending sample transaction 130
[2026-04-19T03:25:01.300Z INFO  benchmark_client] Sending sample transaction 131
[2026-04-19T03:25:01.350Z INFO  benchmark_client] Sending sample transaction 132
[2026-04-19T03:25:01.400Z INFO  benchmark_client] Sending sample transaction 133
[2026-04-19T03:25:01.450Z INFO  benchmark_client] Sending sample transaction 134
[2026-04-19T03:25:01.501Z INFO  benchmark_client] Sending sample transaction 135
[2026-04-19T03:25:01.550Z INFO  benchmark_client] Sending sample transaction 136
[2026-04-19T03:25:01.601Z INFO  benchmark_client] Sending sample transaction 137
[2026-04-19T03:25:01.651Z INFO  benchmark_client] Sending sample transaction 138
[2026-04-19T03:25:01.700Z INFO  benchmark_client] Sending sample transaction 139
[2026-04-19T03:25:01.751Z INFO  benchmark_client] Sending sample transaction 140
[2026-04-19T03:25:01.801Z INFO  benchmark_client] Sending sample transaction 141
[2026-04-19T03:25:01.850Z INFO  benchmark_client] Sending sample transaction 142
[2026-04-19T03:25:01.900Z INFO  benchmark_client] Sending sample transaction 143
[2026-04-19T03:25:01.950Z INFO  benchmark_client] Sending sample transaction 144
[2026-04-19T03:25:02.000Z INFO  benchmark_client] Sending sample transaction 145
[2026-04-19T03:25:02.050Z INFO  benchmark_client] Sending sample transaction 146
[2026-04-19T03:25:02.100Z INFO  benchmark_client] Sending sample transaction 147
[2026-04-19T03:25:02.151Z INFO  benchmark_client] Sending sample transaction 148
[2026-04-19T03:25:02.200Z INFO  benchmark_client] Sending sample transaction 149
[2026-04-19T03:25:02.251Z INFO  benchmark_client] Sending sample transaction 150
[2026-04-19T03:25:02.300Z INFO  benchmark_client] Sending sample transaction 151
[2026-04-19T03:25:02.350Z INFO  benchmark_client] Sending sample transaction 152
[2026-04-19T03:25:02.400Z INFO  benchmark_client] Sending sample transaction 153
[2026-04-19T03:25:02.450Z INFO  benchmark_client] Sending sample transaction 154
[2026-04-19T03:25:02.500Z INFO  benchmark_client] Sending sample transaction 155
[2026-04-19T03:25:02.551Z INFO  benchmark_client] Sending sample transaction 156
[2026-04-19T03:25:02.600Z INFO  benchmark_client] Sending sample transaction 157
[2026-04-19T03:25:02.650Z INFO  benchmark_client] Sending sample transaction 158
[2026-04-19T03:25:02.700Z INFO  benchmark_client] Sending sample transaction 159
[2026-04-19T03:25:02.751Z INFO  benchmark_client] Sending sample transaction 160
[2026-04-19T03:25:02.801Z INFO  benchmark_client] Sending sample transaction 161
[2026-04-19T03:25:02.851Z INFO  benchmark_client] Sending sample transaction 162
[2026-04-19T03:25:02.901Z INFO  benchmark_client] Sending sample transaction 163
[2026-04-19T03:25:02.951Z INFO  benchmark_client] Sending sample transaction 164
[2026-04-19T03:25:03.000Z INFO  benchmark_client] Sending sample transaction 165
[2026-04-19T03:25:03.050Z INFO  benchmark_client] Sending sample transaction 166
[2026-04-19T03:25:03.100Z INFO  benchmark_client] Sending sample transaction 167
[2026-04-19T03:25:03.151Z INFO  benchmark_client] Sending sample transaction 168
[2026-04-19T03:25:03.201Z INFO  benchmark_client] Sending sample transaction 169
[2026-04-19T03:25:03.250Z INFO  benchmark_client] Sending sample transaction 170
[2026-04-19T03:25:03.301Z INFO  benchmark_client] Sending sample transaction 171
[2026-04-19T03:25:03.350Z INFO  benchmark_client] Sending sample transaction 172
[2026-04-19T03:25:03.400Z INFO  benchmark_client] Sending sample transaction 173
[2026-04-19T03:25:03.450Z INFO  benchmark_client] Sending sample transaction 174
[2026-04-19T03:25:03.500Z INFO  benchmark_client] Sending sample transaction 175
[2026-04-19T03:25:03.550Z INFO  benchmark_client] Sending sample transaction 176
[2026-04-19T03:25:03.600Z INFO  benchmark_client] Sending sample transaction 177
[2026-04-19T03:25:03.651Z INFO  benchmark_client] Sending sample transaction 178
[2026-04-19T03:25:03.700Z INFO  benchmark_client] Sending sample transaction 179
[2026-04-19T03:25:03.751Z INFO  benchmark_client] Sending sample transaction 180
[2026-04-19T03:25:03.801Z INFO  benchmark_client] Sending sample transaction 181
[2026-04-19T03:25:03.851Z INFO  benchmark_client] Sending sample transaction 182
[2026-04-19T03:25:03.900Z INFO  benchmark_client] Sending sample transaction 183
[2026-04-19T03:25:03.950Z INFO  benchmark_client] Sending sample transaction 184
[2026-04-19T03:25:04.000Z INFO  benchmark_client] Sending sample transaction 185
[2026-04-19T03:25:04.051Z INFO  benchmark_client] Sending sample transaction 186
[2026-04-19T03:25:04.101Z INFO  benchmark_client] Sending sample transaction 187
[2026-04-19T03:25:04.150Z INFO  benchmark_client] Sending sample transaction 188
[2026-04-19T03:25:04.200Z INFO  benchmark_client] Sending sample transaction 189
[2026-04-19T03:25:04.250Z INFO  benchmark_client] Sending sample transaction 190
[2026-04-19T03:25:04.300Z INFO  benchmark_client] Sending sample transaction 191
[2026-04-19T03:25:04.351Z INFO  benchmark_client] Sending sample transaction 192
[2026-04-19T03:25:04.401Z INFO  benchmark_client] Sending sample transaction 193
[2026-04-19T03:25:04.450Z INFO  benchmark_client] Sending sample transaction 194
[2026-04-19T03:25:04.500Z INFO  benchmark_client] Sending sample transaction 195
[2026-04-19T03:25:04.551Z INFO  benchmark_client] Sending sample transaction 196
[2026-04-19T03:25:04.601Z INFO  benchmark_client] Sending sample transaction 197
[2026-04-19T03:25:04.651Z INFO  benchmark_client] Sending sample transaction 198
[2026-04-19T03:25:04.701Z INFO  benchmark_client] Sending sample transaction 199
[2026-04-19T03:25:04.751Z INFO  benchmark_client] Sending sample transaction 200
[2026-04-19T03:25:04.800Z INFO  benchmark_client] Sending sample transaction 201
[2026-04-19T03:25:04.851Z INFO  benchmark_client] Sending sample transaction 202
[2026-04-19T03:25:04.901Z INFO  benchmark_client] Sending sample transaction 203
[2026-04-19T03:25:04.951Z INFO  benchmark_client] Sending sample transaction 204
[2026-04-19T03:25:05.000Z INFO  benchmark_client] Sending sample transaction 205
[2026-04-19T03:25:05.051Z INFO  benchmark_client] Sending sample transaction 206
[2026-04-19T03:25:05.101Z INFO  benchmark_client] Sending sample transaction 207
[2026-04-19T03:25:05.151Z INFO  benchmark_client] Sending sample transaction 208
[2026-04-19T03:25:05.200Z INFO  benchmark_client] Sending sample transaction 209
[2026-04-19T03:25:05.250Z INFO  benchmark_client] Sending sample transaction 210
[2026-04-19T03:25:05.300Z INFO  benchmark_client] Sending sample transaction 211
[2026-04-19T03:25:05.351Z INFO  benchmark_client] Sending sample transaction 212
[2026-04-19T03:25:05.401Z INFO  benchmark_client] Sending sample transaction 213
[2026-04-19T03:25:05.451Z INFO  benchmark_client] Sending sample transaction 214
[2026-04-19T03:25:05.501Z INFO  benchmark_client] Sending sample transaction 215
[2026-04-19T03:25:05.551Z INFO  benchmark_client] Sending sample transaction 216
[2026-04-19T03:25:05.600Z INFO  benchmark_client] Sending sample transaction 217
[2026-04-19T03:25:05.651Z INFO  benchmark_client] Sending sample transaction 218
[2026-04-19T03:25:05.701Z INFO  benchmark_client] Sending sample transaction 219
[2026-04-19T03:25:05.751Z INFO  benchmark_client] Sending sample transaction 220
[2026-04-19T03:25:05.801Z INFO  benchmark_client] Sending sample transaction 221
[2026-04-19T03:25:05.850Z INFO  benchmark_client] Sending sample transaction 222
[2026-04-19T03:25:05.957Z WARN  benchmark_client] Transaction rate too high for this client
[2026-04-19T03:25:05.957Z INFO  benchmark_client] Sending sample transaction 223
[2026-04-19T03:25:05.958Z INFO  benchmark_client] Sending sample transaction 224
[2026-04-19T03:25:06.000Z INFO  benchmark_client] Sending sample transaction 225
[2026-04-19T03:25:06.051Z INFO  benchmark_client] Sending sample transaction 226
[2026-04-19T03:25:06.100Z INFO  benchmark_client] Sending sample transaction 227
[2026-04-19T03:25:06.151Z INFO  benchmark_client] Sending sample transaction 228
[2026-04-19T03:25:06.200Z INFO  benchmark_client] Sending sample transaction 229
[2026-04-19T03:25:06.251Z INFO  benchmark_client] Sending sample transaction 230
[2026-04-19T03:25:06.301Z INFO  benchmark_client] Sending sample transaction 231
[2026-04-19T03:25:06.351Z INFO  benchmark_client] Sending sample transaction 232
[2026-04-19T03:25:06.401Z INFO  benchmark_client] Sending sample transaction 233
[2026-04-19T03:25:06.450Z INFO  benchmark_client] Sending sample transaction 234
[2026-04-19T03:25:06.500Z INFO  benchmark_client] Sending sample transaction 235
[2026-04-19T03:25:06.550Z INFO  benchmark_client] Sending sample transaction 236
[2026-04-19T03:25:06.600Z INFO  benchmark_client] Sending sample transaction 237
[2026-04-19T03:25:06.651Z INFO  benchmark_client] Sending sample transaction 238
[2026-04-19T03:25:06.701Z INFO  benchmark_client] Sending sample transaction 239
[2026-04-19T03:25:06.750Z INFO  benchmark_client] Sending sample transaction 240
[2026-04-19T03:25:06.800Z INFO  benchmark_client] Sending sample transaction 241
[2026-04-19T03:25:06.850Z INFO  benchmark_client] Sending sample transaction 242
[2026-04-19T03:25:06.901Z INFO  benchmark_client] Sending sample transaction 243
[2026-04-19T03:25:06.950Z INFO  benchmark_client] Sending sample transaction 244
[2026-04-19T03:25:07.000Z INFO  benchmark_client] Sending sample transaction 245
[2026-04-19T03:25:07.050Z INFO  benchmark_client] Sending sample transaction 246
[2026-04-19T03:25:07.100Z INFO  benchmark_client] Sending sample transaction 247
[2026-04-19T03:25:07.151Z INFO  benchmark_client] Sending sample transaction 248
[2026-04-19T03:25:07.200Z INFO  benchmark_client] Sending sample transaction 249
[2026-04-19T03:25:07.250Z INFO  benchmark_client] Sending sample transaction 250
[2026-04-19T03:25:07.301Z INFO  benchmark_client] Sending sample transaction 251
[2026-04-19T03:25:07.350Z INFO  benchmark_client] Sending sample transaction 252
[2026-04-19T03:25:07.400Z INFO  benchmark_client] Sending sample transaction 253
[2026-04-19T03:25:07.450Z INFO  benchmark_client] Sending sample transaction 254
[2026-04-19T03:25:07.500Z INFO  benchmark_client] Sending sample transaction 255
[2026-04-19T03:25:07.551Z INFO  benchmark_client] Sending sample transaction 256
[2026-04-19T03:25:07.601Z INFO  benchmark_client] Sending sample transaction 257
[2026-04-19T03:25:07.651Z INFO  benchmark_client] Sending sample transaction 258
[2026-04-19T03:25:07.701Z INFO  benchmark_client] Sending sample transaction 259
[2026-04-19T03:25:07.751Z INFO  benchmark_client] Sending sample transaction 260
[2026-04-19T03:25:07.802Z INFO  benchmark_client] Sending sample transaction 261
[2026-04-19T03:25:07.850Z INFO  benchmark_client] Sending sample transaction 262
[2026-04-19T03:25:07.901Z INFO  benchmark_client] Sending sample transaction 263
[2026-04-19T03:25:07.950Z INFO  benchmark_client] Sending sample transaction 264
[2026-04-19T03:25:08.000Z INFO  benchmark_client] Sending sample transaction 265
[2026-04-19T03:25:08.050Z INFO  benchmark_client] Sending sample transaction 266
[2026-04-19T03:25:08.101Z INFO  benchmark_client] Sending sample transaction 267
[2026-04-19T03:25:08.150Z INFO  benchmark_client] Sending sample transaction 268
[2026-04-19T03:25:08.201Z INFO  benchmark_client] Sending sample transaction 269
[2026-04-19T03:25:08.251Z INFO  benchmark_client] Sending sample transaction 270
[2026-04-19T03:25:08.301Z INFO  benchmark_client] Sending sample transaction 271
[2026-04-19T03:25:08.351Z INFO  benchmark_client] Sending sample transaction 272
[2026-04-19T03:25:08.401Z INFO  benchmark_client] Sending sample transaction 273
[2026-04-19T03:25:08.450Z INFO  benchmark_client] Sending sample transaction 274
[2026-04-19T03:25:08.501Z INFO  benchmark_client] Sending sample transaction 275
[2026-04-19T03:25:08.551Z INFO  benchmark_client] Sending sample transaction 276
[2026-04-19T03:25:08.601Z INFO  benchmark_client] Sending sample transaction 277
[2026-04-19T03:25:08.652Z INFO  benchmark_client] Sending sample transaction 278
[2026-04-19T03:25:08.700Z INFO  benchmark_client] Sending sample transaction 279
[2026-04-19T03:25:08.751Z INFO  benchmark_client] Sending sample transaction 280
[2026-04-19T03:25:08.801Z INFO  benchmark_client] Sending sample transaction 281
[2026-04-19T03:25:08.851Z INFO  benchmark_client] Sending sample transaction 282
[2026-04-19T03:25:08.900Z INFO  benchmark_client] Sending sample transaction 283
[2026-04-19T03:25:08.951Z INFO  benchmark_client] Sending sample transaction 284
[2026-04-19T03:25:09.001Z INFO  benchmark_client] Sending sample transaction 285
[2026-04-19T03:25:09.050Z INFO  benchmark_client] Sending sample transaction 286
[2026-04-19T03:25:09.101Z INFO  benchmark_client] Sending sample transaction 287
[2026-04-19T03:25:09.151Z INFO  benchmark_client] Sending sample transaction 288
[2026-04-19T03:25:09.201Z INFO  benchmark_client] Sending sample transaction 289
[2026-04-19T03:25:09.251Z INFO  benchmark_client] Sending sample transaction 290
[2026-04-19T03:25:09.301Z INFO  benchmark_client] Sending sample transaction 291
[2026-04-19T03:25:09.351Z INFO  benchmark_client] Sending sample transaction 292
[2026-04-19T03:25:09.401Z INFO  benchmark_client] Sending sample transaction 293
[2026-04-19T03:25:09.451Z INFO  benchmark_client] Sending sample transaction 294
[2026-04-19T03:25:09.501Z INFO  benchmark_client] Sending sample transaction 295
[2026-04-19T03:25:09.550Z INFO  benchmark_client] Sending sample transaction 296
[2026-04-19T03:25:09.601Z INFO  benchmark_client] Sending sample transaction 297
[2026-04-19T03:25:09.651Z INFO  benchmark_client] Sending sample transaction 298
[2026-04-19T03:25:09.701Z INFO  benchmark_client] Sending sample transaction 299
[2026-04-19T03:25:09.752Z INFO  benchmark_client] Sending sample transaction 300
[2026-04-19T03:25:09.801Z INFO  benchmark_client] Sending sample transaction 301
[2026-04-19T03:25:09.851Z INFO  benchmark_client] Sending sample transaction 302
[2026-04-19T03:25:09.901Z INFO  benchmark_client] Sending sample transaction 303
[2026-04-19T03:25:09.951Z INFO  benchmark_client] Sending sample transaction 304
[2026-04-19T03:25:10.001Z INFO  benchmark_client] Sending sample transaction 305
[2026-04-19T03:25:10.051Z INFO  benchmark_client] Sending sample transaction 306
[2026-04-19T03:25:10.102Z INFO  benchmark_client] Sending sample transaction 307
[2026-04-19T03:25:10.151Z INFO  benchmark_client] Sending sample transaction 308
[2026-04-19T03:25:10.201Z INFO  benchmark_client] Sending sample transaction 309
[2026-04-19T03:25:10.251Z INFO  benchmark_client] Sending sample transaction 310
[2026-04-19T03:25:10.301Z INFO  benchmark_client] Sending sample transaction 311
[2026-04-19T03:25:10.350Z INFO  benchmark_client] Sending sample transaction 312
[2026-04-19T03:25:10.401Z INFO  benchmark_client] Sending sample transaction 313
[2026-04-19T03:25:10.451Z INFO  benchmark_client] Sending sample transaction 314
[2026-04-19T03:25:10.500Z INFO  benchmark_client] Sending sample transaction 315
[2026-04-19T03:25:10.550Z INFO  benchmark_client] Sending sample transaction 316
[2026-04-19T03:25:10.601Z INFO  benchmark_client] Sending sample transaction 317
[2026-04-19T03:25:10.650Z INFO  benchmark_client] Sending sample transaction 318
[2026-04-19T03:25:10.700Z INFO  benchmark_client] Sending sample transaction 319
[2026-04-19T03:25:10.751Z INFO  benchmark_client] Sending sample transaction 320
[2026-04-19T03:25:10.801Z INFO  benchmark_client] Sending sample transaction 321
[2026-04-19T03:25:10.852Z INFO  benchmark_client] Sending sample transaction 322
[2026-04-19T03:25:10.901Z INFO  benchmark_client] Sending sample transaction 323
[2026-04-19T03:25:10.951Z INFO  benchmark_client] Sending sample transaction 324
[2026-04-19T03:25:11.002Z INFO  benchmark_client] Sending sample transaction 325
[2026-04-19T03:25:11.051Z INFO  benchmark_client] Sending sample transaction 326
[2026-04-19T03:25:11.101Z INFO  benchmark_client] Sending sample transaction 327
[2026-04-19T03:25:11.151Z INFO  benchmark_client] Sending sample transaction 328
[2026-04-19T03:25:11.202Z INFO  benchmark_client] Sending sample transaction 329
[2026-04-19T03:25:11.251Z INFO  benchmark_client] Sending sample transaction 330
[2026-04-19T03:25:11.302Z INFO  benchmark_client] Sending sample transaction 331
[2026-04-19T03:25:11.352Z INFO  benchmark_client] Sending sample transaction 332
[2026-04-19T03:25:11.400Z INFO  benchmark_client] Sending sample transaction 333
[2026-04-19T03:25:11.451Z INFO  benchmark_client] Sending sample transaction 334
[2026-04-19T03:25:11.500Z INFO  benchmark_client] Sending sample transaction 335
[2026-04-19T03:25:11.551Z INFO  benchmark_client] Sending sample transaction 336
[2026-04-19T03:25:11.601Z INFO  benchmark_client] Sending sample transaction 337
[2026-04-19T03:25:11.651Z INFO  benchmark_client] Sending sample transaction 338
[2026-04-19T03:25:11.700Z INFO  benchmark_client] Sending sample transaction 339
[2026-04-19T03:25:11.750Z INFO  benchmark_client] Sending sample transaction 340
[2026-04-19T03:25:11.801Z INFO  benchmark_client] Sending sample transaction 341
[2026-04-19T03:25:11.851Z INFO  benchmark_client] Sending sample transaction 342
[2026-04-19T03:25:11.901Z INFO  benchmark_client] Sending sample transaction 343
[2026-04-19T03:25:11.951Z INFO  benchmark_client] Sending sample transaction 344
[2026-04-19T03:25:12.001Z INFO  benchmark_client] Sending sample transaction 345
[2026-04-19T03:25:12.051Z INFO  benchmark_client] Sending sample transaction 346
[2026-04-19T03:25:12.102Z INFO  benchmark_client] Sending sample transaction 347
[2026-04-19T03:25:12.151Z INFO  benchmark_client] Sending sample transaction 348
[2026-04-19T03:25:12.201Z INFO  benchmark_client] Sending sample transaction 349
[2026-04-19T03:25:12.251Z INFO  benchmark_client] Sending sample transaction 350
[2026-04-19T03:25:12.301Z INFO  benchmark_client] Sending sample transaction 351
[2026-04-19T03:25:12.351Z INFO  benchmark_client] Sending sample transaction 352
[2026-04-19T03:25:12.401Z INFO  benchmark_client] Sending sample transaction 353
[2026-04-19T03:25:12.451Z INFO  benchmark_client] Sending sample transaction 354
[2026-04-19T03:25:12.501Z INFO  benchmark_client] Sending sample transaction 355
[2026-04-19T03:25:12.551Z INFO  benchmark_client] Sending sample transaction 356
[2026-04-19T03:25:12.601Z INFO  benchmark_client] Sending sample transaction 357
[2026-04-19T03:25:12.651Z INFO  benchmark_client] Sending sample transaction 358
[2026-04-19T03:25:12.701Z INFO  benchmark_client] Sending sample transaction 359
[2026-04-19T03:25:12.751Z INFO  benchmark_client] Sending sample transaction 360
[2026-04-19T03:25:12.802Z INFO  benchmark_client] Sending sample transaction 361
[2026-04-19T03:25:12.851Z INFO  benchmark_client] Sending sample transaction 362
[2026-04-19T03:25:12.901Z INFO  benchmark_client] Sending sample transaction 363
[2026-04-19T03:25:12.950Z INFO  benchmark_client] Sending sample transaction 364
[2026-04-19T03:25:13.000Z INFO  benchmark_client] Sending sample transaction 365
[2026-04-19T03:25:13.051Z INFO  benchmark_client] Sending sample transaction 366
[2026-04-19T03:25:13.101Z INFO  benchmark_client] Sending sample transaction 367
[2026-04-19T03:25:13.151Z INFO  benchmark_client] Sending sample transaction 368
[2026-04-19T03:25:13.201Z INFO  benchmark_client] Sending sample transaction 369
[2026-04-19T03:25:13.251Z INFO  benchmark_client] Sending sample transaction 370
[2026-04-19T03:25:13.301Z INFO  benchmark_client] Sending sample transaction 371
[2026-04-19T03:25:13.351Z INFO  benchmark_client] Sending sample transaction 372
[2026-04-19T03:25:13.402Z INFO  benchmark_client] Sending sample transaction 373
[2026-04-19T03:25:13.451Z INFO  benchmark_client] Sending sample transaction 374
[2026-04-19T03:25:13.501Z INFO  benchmark_client] Sending sample transaction 375
[2026-04-19T03:25:13.551Z INFO  benchmark_client] Sending sample transaction 376
[2026-04-19T03:25:13.601Z INFO  benchmark_client] Sending sample transaction 377
[2026-04-19T03:25:13.652Z INFO  benchmark_client] Sending sample transaction 378
[2026-04-19T03:25:13.701Z INFO  benchmark_client] Sending sample transaction 379
[2026-04-19T03:25:13.751Z INFO  benchmark_client] Sending sample transaction 380
[2026-04-19T03:25:13.802Z INFO  benchmark_client] Sending sample transaction 381
[2026-04-19T03:25:13.851Z INFO  benchmark_client] Sending sample transaction 382
[2026-04-19T03:25:13.900Z INFO  benchmark_client] Sending sample transaction 383
[2026-04-19T03:25:13.952Z INFO  benchmark_client] Sending sample transaction 384
[2026-04-19T03:25:14.000Z INFO  benchmark_client] Sending sample transaction 385
[2026-04-19T03:25:14.050Z INFO  benchmark_client] Sending sample transaction 386
[2026-04-19T03:25:14.100Z INFO  benchmark_client] Sending sample transaction 387
[2026-04-19T03:25:14.150Z INFO  benchmark_client] Sending sample transaction 388
[2026-04-19T03:25:14.201Z INFO  benchmark_client] Sending sample transaction 389
[2026-04-19T03:25:14.251Z INFO  benchmark_client] Sending sample transaction 390
[2026-04-19T03:25:14.301Z INFO  benchmark_client] Sending sample transaction 391
[2026-04-19T03:25:14.351Z INFO  benchmark_client] Sending sample transaction 392
[2026-04-19T03:25:14.401Z INFO  benchmark_client] Sending sample transaction 393
[2026-04-19T03:25:14.450Z INFO  benchmark_client] Sending sample transaction 394
[2026-04-19T03:25:14.500Z INFO  benchmark_client] Sending sample transaction 395
[2026-04-19T03:25:14.550Z INFO  benchmark_client] Sending sample transaction 396
[2026-04-19T03:25:14.600Z INFO  benchmark_client] Sending sample transaction 397
[2026-04-19T03:25:14.650Z INFO  benchmark_client] Sending sample transaction 398
[2026-04-19T03:25:14.701Z INFO  benchmark_client] Sending sample transaction 399
[2026-04-19T03:25:14.750Z INFO  benchmark_client] Sending sample transaction 400
[2026-04-19T03:25:14.800Z INFO  benchmark_client] Sending sample transaction 401
[2026-04-19T03:25:14.849Z INFO  benchmark_client] Sending sample transaction 402
[2026-04-19T03:25:14.900Z INFO  benchmark_client] Sending sample transaction 403
[2026-04-19T03:25:14.949Z INFO  benchmark_client] Sending sample transaction 404
[2026-04-19T03:25:15.000Z INFO  benchmark_client] Sending sample transaction 405
[2026-04-19T03:25:15.050Z INFO  benchmark_client] Sending sample transaction 406
[2026-04-19T03:25:15.100Z INFO  benchmark_client] Sending sample transaction 407
[2026-04-19T03:25:15.149Z INFO  benchmark_client] Sending sample transaction 408
[2026-04-19T03:25:15.200Z INFO  benchmark_client] Sending sample transaction 409
[2026-04-19T03:25:15.250Z INFO  benchmark_client] Sending sample transaction 410
[2026-04-19T03:25:15.300Z INFO  benchmark_client] Sending sample transaction 411
[2026-04-19T03:25:15.349Z INFO  benchmark_client] Sending sample transaction 412
[2026-04-19T03:25:15.400Z INFO  benchmark_client] Sending sample transaction 413
[2026-04-19T03:25:15.450Z INFO  benchmark_client] Sending sample transaction 414
[2026-04-19T03:25:15.500Z INFO  benchmark_client] Sending sample transaction 415
[2026-04-19T03:25:15.550Z INFO  benchmark_client] Sending sample transaction 416
[2026-04-19T03:25:15.600Z INFO  benchmark_client] Sending sample transaction 417
[2026-04-19T03:25:15.650Z INFO  benchmark_client] Sending sample transaction 418
[2026-04-19T03:25:15.700Z INFO  benchmark_client] Sending sample transaction 419
[2026-04-19T03:25:15.749Z INFO  benchmark_client] Sending sample transaction 420
[2026-04-19T03:25:15.800Z INFO  benchmark_client] Sending sample transaction 421
[2026-04-19T03:25:15.850Z INFO  benchmark_client] Sending sample transaction 422
[2026-04-19T03:25:15.900Z INFO  benchmark_client] Sending sample transaction 423
[2026-04-19T03:25:15.950Z INFO  benchmark_client] Sending sample transaction 424
[2026-04-19T03:25:16.000Z INFO  benchmark_client] Sending sample transaction 425
[2026-04-19T03:25:16.050Z INFO  benchmark_client] Sending sample transaction 426
[2026-04-19T03:25:16.100Z INFO  benchmark_client] Sending sample transaction 427
[2026-04-19T03:25:16.150Z INFO  benchmark_client] Sending sample transaction 428
[2026-04-19T03:25:16.199Z INFO  benchmark_client] Sending sample transaction 429
[2026-04-19T03:25:16.249Z INFO  benchmark_client] Sending sample transaction 430
[2026-04-19T03:25:16.300Z INFO  benchmark_client] Sending sample transaction 431
[2026-04-19T03:25:16.349Z INFO  benchmark_client] Sending sample transaction 432
[2026-04-19T03:25:16.400Z INFO  benchmark_client] Sending sample transaction 433
[2026-04-19T03:25:16.449Z INFO  benchmark_client] Sending sample transaction 434
[2026-04-19T03:25:16.500Z INFO  benchmark_client] Sending sample transaction 435
[2026-04-19T03:25:16.550Z INFO  benchmark_client] Sending sample transaction 436
[2026-04-19T03:25:16.600Z INFO  benchmark_client] Sending sample transaction 437
[2026-04-19T03:25:16.650Z INFO  benchmark_client] Sending sample transaction 438
[2026-04-19T03:25:16.700Z INFO  benchmark_client] Sending sample transaction 439
[2026-04-19T03:25:16.750Z INFO  benchmark_client] Sending sample transaction 440
[2026-04-19T03:25:16.800Z INFO  benchmark_client] Sending sample transaction 441
[2026-04-19T03:25:16.850Z INFO  benchmark_client] Sending sample transaction 442
[2026-04-19T03:25:16.900Z INFO  benchmark_client] Sending sample transaction 443
[2026-04-19T03:25:16.950Z INFO  benchmark_client] Sending sample transaction 444
[2026-04-19T03:25:16.999Z INFO  benchmark_client] Sending sample transaction 445
[2026-04-19T03:25:17.049Z INFO  benchmark_client] Sending sample transaction 446
[2026-04-19T03:25:17.099Z INFO  benchmark_client] Sending sample transaction 447
[2026-04-19T03:25:17.150Z INFO  benchmark_client] Sending sample transaction 448
[2026-04-19T03:25:17.200Z INFO  benchmark_client] Sending sample transaction 449
[2026-04-19T03:25:17.250Z INFO  benchmark_client] Sending sample transaction 450
[2026-04-19T03:25:17.300Z INFO  benchmark_client] Sending sample transaction 451
[2026-04-19T03:25:17.350Z INFO  benchmark_client] Sending sample transaction 452
[2026-04-19T03:25:17.400Z INFO  benchmark_client] Sending sample transaction 453
[2026-04-19T03:25:17.450Z INFO  benchmark_client] Sending sample transaction 454
[2026-04-19T03:25:17.500Z INFO  benchmark_client] Sending sample transaction 455
[2026-04-19T03:25:17.550Z INFO  benchmark_client] Sending sample transaction 456
[2026-04-19T03:25:17.600Z INFO  benchmark_client] Sending sample transaction 457
[2026-04-19T03:25:17.649Z INFO  benchmark_client] Sending sample transaction 458
[2026-04-19T03:25:17.700Z INFO  benchmark_client] Sending sample transaction 459
[2026-04-19T03:25:17.750Z INFO  benchmark_client] Sending sample transaction 460
[2026-04-19T03:25:17.800Z INFO  benchmark_client] Sending sample transaction 461
[2026-04-19T03:25:17.850Z INFO  benchmark_client] Sending sample transaction 462
[2026-04-19T03:25:17.900Z INFO  benchmark_client] Sending sample transaction 463
[2026-04-19T03:25:17.950Z INFO  benchmark_client] Sending sample transaction 464
[2026-04-19T03:25:18.000Z INFO  benchmark_client] Sending sample transaction 465
[2026-04-19T03:25:18.050Z INFO  benchmark_client] Sending sample transaction 466
[2026-04-19T03:25:18.100Z INFO  benchmark_client] Sending sample transaction 467
[2026-04-19T03:25:18.151Z INFO  benchmark_client] Sending sample transaction 468
[2026-04-19T03:25:18.200Z INFO  benchmark_client] Sending sample transaction 469
[2026-04-19T03:25:18.250Z INFO  benchmark_client] Sending sample transaction 470
[2026-04-19T03:25:18.300Z INFO  benchmark_client] Sending sample transaction 471
[2026-04-19T03:25:18.350Z INFO  benchmark_client] Sending sample transaction 472
[2026-04-19T03:25:18.400Z INFO  benchmark_client] Sending sample transaction 473
[2026-04-19T03:25:18.450Z INFO  benchmark_client] Sending sample transaction 474
[2026-04-19T03:25:18.500Z INFO  benchmark_client] Sending sample transaction 475
[2026-04-19T03:25:18.550Z INFO  benchmark_client] Sending sample transaction 476
[2026-04-19T03:25:18.601Z INFO  benchmark_client] Sending sample transaction 477
[2026-04-19T03:25:18.650Z INFO  benchmark_client] Sending sample transaction 478
[2026-04-19T03:25:18.700Z INFO  benchmark_client] Sending sample transaction 479
[2026-04-19T03:25:18.750Z INFO  benchmark_client] Sending sample transaction 480
[2026-04-19T03:25:18.800Z INFO  benchmark_client] Sending sample transaction 481
[2026-04-19T03:25:18.850Z INFO  benchmark_client] Sending sample transaction 482
[2026-04-19T03:25:18.900Z INFO  benchmark_client] Sending sample transaction 483
[2026-04-19T03:25:18.950Z INFO  benchmark_client] Sending sample transaction 484
[2026-04-19T03:25:19.000Z INFO  benchmark_client] Sending sample transaction 485
[2026-04-19T03:25:19.050Z INFO  benchmark_client] Sending sample transaction 486
[2026-04-19T03:25:19.100Z INFO  benchmark_client] Sending sample transaction 487
[2026-04-19T03:25:19.150Z INFO  benchmark_client] Sending sample transaction 488
[2026-04-19T03:25:19.199Z INFO  benchmark_client] Sending sample transaction 489
[2026-04-19T03:25:19.251Z INFO  benchmark_client] Sending sample transaction 490
[2026-04-19T03:25:19.300Z INFO  benchmark_client] Sending sample transaction 491
[2026-04-19T03:25:19.351Z INFO  benchmark_client] Sending sample transaction 492
[2026-04-19T03:25:19.400Z INFO  benchmark_client] Sending sample transaction 493
[2026-04-19T03:25:19.450Z INFO  benchmark_client] Sending sample transaction 494
[2026-04-19T03:25:19.500Z INFO  benchmark_client] Sending sample transaction 495
[2026-04-19T03:25:19.550Z INFO  benchmark_client] Sending sample transaction 496
[2026-04-19T03:25:19.600Z INFO  benchmark_client] Sending sample transaction 497
[2026-04-19T03:25:19.650Z INFO  benchmark_client] Sending sample transaction 498
[2026-04-19T03:25:19.700Z INFO  benchmark_client] Sending sample transaction 499
[2026-04-19T03:25:19.750Z INFO  benchmark_client] Sending sample transaction 500
[2026-04-19T03:25:19.799Z INFO  benchmark_client] Sending sample transaction 501
[2026-04-19T03:25:19.851Z INFO  benchmark_client] Sending sample transaction 502
[2026-04-19T03:25:19.900Z INFO  benchmark_client] Sending sample transaction 503
[2026-04-19T03:25:19.950Z INFO  benchmark_client] Sending sample transaction 504
[2026-04-19T03:25:20.000Z INFO  benchmark_client] Sending sample transaction 505
[2026-04-19T03:25:20.050Z INFO  benchmark_client] Sending sample transaction 506
[2026-04-19T03:25:20.100Z INFO  benchmark_client] Sending sample transaction 507
[2026-04-19T03:25:20.150Z INFO  benchmark_client] Sending sample transaction 508
[2026-04-19T03:25:20.200Z INFO  benchmark_client] Sending sample transaction 509
[2026-04-19T03:25:20.250Z INFO  benchmark_client] Sending sample transaction 510
[2026-04-19T03:25:20.300Z INFO  benchmark_client] Sending sample transaction 511
[2026-04-19T03:25:20.350Z INFO  benchmark_client] Sending sample transaction 512
[2026-04-19T03:25:20.400Z INFO  benchmark_client] Sending sample transaction 513
[2026-04-19T03:25:20.450Z INFO  benchmark_client] Sending sample transaction 514
[2026-04-19T03:25:20.500Z INFO  benchmark_client] Sending sample transaction 515
[2026-04-19T03:25:20.549Z INFO  benchmark_client] Sending sample transaction 516
[2026-04-19T03:25:20.600Z INFO  benchmark_client] Sending sample transaction 517
[2026-04-19T03:25:20.650Z INFO  benchmark_client] Sending sample transaction 518
[2026-04-19T03:25:20.700Z INFO  benchmark_client] Sending sample transaction 519
[2026-04-19T03:25:20.750Z INFO  benchmark_client] Sending sample transaction 520
[2026-04-19T03:25:20.800Z INFO  benchmark_client] Sending sample transaction 521
[2026-04-19T03:25:20.850Z INFO  benchmark_client] Sending sample transaction 522
[2026-04-19T03:25:20.900Z INFO  benchmark_client] Sending sample transaction 523
[2026-04-19T03:25:20.950Z INFO  benchmark_client] Sending sample transaction 524
[2026-04-19T03:25:21.000Z INFO  benchmark_client] Sending sample transaction 525
[2026-04-19T03:25:21.050Z INFO  benchmark_client] Sending sample transaction 526
[2026-04-19T03:25:21.100Z INFO  benchmark_client] Sending sample transaction 527
[2026-04-19T03:25:21.150Z INFO  benchmark_client] Sending sample transaction 528
[2026-04-19T03:25:21.200Z INFO  benchmark_client] Sending sample transaction 529
[2026-04-19T03:25:21.250Z INFO  benchmark_client] Sending sample transaction 530
[2026-04-19T03:25:21.300Z INFO  benchmark_client] Sending sample transaction 531
[2026-04-19T03:25:21.351Z INFO  benchmark_client] Sending sample transaction 532
[2026-04-19T03:25:21.400Z INFO  benchmark_client] Sending sample transaction 533
[2026-04-19T03:25:21.450Z INFO  benchmark_client] Sending sample transaction 534
[2026-04-19T03:25:21.500Z INFO  benchmark_client] Sending sample transaction 535
[2026-04-19T03:25:21.550Z INFO  benchmark_client] Sending sample transaction 536
[2026-04-19T03:25:21.600Z INFO  benchmark_client] Sending sample transaction 537
[2026-04-19T03:25:21.650Z INFO  benchmark_client] Sending sample transaction 538
[2026-04-19T03:25:21.700Z INFO  benchmark_client] Sending sample transaction 539
[2026-04-19T03:25:21.750Z INFO  benchmark_client] Sending sample transaction 540
[2026-04-19T03:25:21.800Z INFO  benchmark_client] Sending sample transaction 541
[2026-04-19T03:25:21.850Z INFO  benchmark_client] Sending sample transaction 542
[2026-04-19T03:25:21.900Z INFO  benchmark_client] Sending sample transaction 543
[2026-04-19T03:25:21.950Z INFO  benchmark_client] Sending sample transaction 544
[2026-04-19T03:25:22.000Z INFO  benchmark_client] Sending sample transaction 545
[2026-04-19T03:25:22.051Z INFO  benchmark_client] Sending sample transaction 546
[2026-04-19T03:25:22.100Z INFO  benchmark_client] Sending sample transaction 547
[2026-04-19T03:25:22.151Z INFO  benchmark_client] Sending sample transaction 548
[2026-04-19T03:25:22.200Z INFO  benchmark_client] Sending sample transaction 549
[2026-04-19T03:25:22.250Z INFO  benchmark_client] Sending sample transaction 550
[2026-04-19T03:25:22.300Z INFO  benchmark_client] Sending sample transaction 551
[2026-04-19T03:25:22.350Z INFO  benchmark_client] Sending sample transaction 552
[2026-04-19T03:25:22.400Z INFO  benchmark_client] Sending sample transaction 553
[2026-04-19T03:25:22.450Z INFO  benchmark_client] Sending sample transaction 554
[2026-04-19T03:25:22.501Z INFO  benchmark_client] Sending sample transaction 555
[2026-04-19T03:25:22.551Z INFO  benchmark_client] Sending sample transaction 556
[2026-04-19T03:25:22.600Z INFO  benchmark_client] Sending sample transaction 557
[2026-04-19T03:25:22.651Z INFO  benchmark_client] Sending sample transaction 558
[2026-04-19T03:25:22.701Z INFO  benchmark_client] Sending sample transaction 559
[2026-04-19T03:25:22.750Z INFO  benchmark_client] Sending sample transaction 560
[2026-04-19T03:25:22.800Z INFO  benchmark_client] Sending sample transaction 561
[2026-04-19T03:25:22.851Z INFO  benchmark_client] Sending sample transaction 562
[2026-04-19T03:25:22.900Z INFO  benchmark_client] Sending sample transaction 563
[2026-04-19T03:25:22.951Z INFO  benchmark_client] Sending sample transaction 564
[2026-04-19T03:25:23.000Z INFO  benchmark_client] Sending sample transaction 565
[2026-04-19T03:25:23.050Z INFO  benchmark_client] Sending sample transaction 566
[2026-04-19T03:25:23.101Z INFO  benchmark_client] Sending sample transaction 567
[2026-04-19T03:25:23.150Z INFO  benchmark_client] Sending sample transaction 568
[2026-04-19T03:25:23.200Z INFO  benchmark_client] Sending sample transaction 569
[2026-04-19T03:25:23.250Z INFO  benchmark_client] Sending sample transaction 570
[2026-04-19T03:25:23.300Z INFO  benchmark_client] Sending sample transaction 571
[2026-04-19T03:25:23.350Z INFO  benchmark_client] Sending sample transaction 572
[2026-04-19T03:25:23.400Z INFO  benchmark_client] Sending sample transaction 573
[2026-04-19T03:25:23.450Z INFO  benchmark_client] Sending sample transaction 574
[2026-04-19T03:25:23.500Z INFO  benchmark_client] Sending sample transaction 575
[2026-04-19T03:25:23.550Z INFO  benchmark_client] Sending sample transaction 576
[2026-04-19T03:25:23.601Z INFO  benchmark_client] Sending sample transaction 577
[2026-04-19T03:25:23.651Z INFO  benchmark_client] Sending sample transaction 578
[2026-04-19T03:25:23.700Z INFO  benchmark_client] Sending sample transaction 579
[2026-04-19T03:25:23.751Z INFO  benchmark_client] Sending sample transaction 580
[2026-04-19T03:25:23.800Z INFO  benchmark_client] Sending sample transaction 581
[2026-04-19T03:25:23.850Z INFO  benchmark_client] Sending sample transaction 582
[2026-04-19T03:25:23.901Z INFO  benchmark_client] Sending sample transaction 583
[2026-04-19T03:25:23.951Z INFO  benchmark_client] Sending sample transaction 584
[2026-04-19T03:25:24.000Z INFO  benchmark_client] Sending sample transaction 585
[2026-04-19T03:25:24.050Z INFO  benchmark_client] Sending sample transaction 586
[2026-04-19T03:25:24.100Z INFO  benchmark_client] Sending sample transaction 587
[2026-04-19T03:25:24.150Z INFO  benchmark_client] Sending sample transaction 588
[2026-04-19T03:25:24.200Z INFO  benchmark_client] Sending sample transaction 589
[2026-04-19T03:25:24.250Z INFO  benchmark_client] Sending sample transaction 590
[2026-04-19T03:25:24.300Z INFO  benchmark_client] Sending sample transaction 591
[2026-04-19T03:25:24.350Z INFO  benchmark_client] Sending sample transaction 592
[2026-04-19T03:25:24.401Z INFO  benchmark_client] Sending sample transaction 593
[2026-04-19T03:25:24.450Z INFO  benchmark_client] Sending sample transaction 594
[2026-04-19T03:25:24.500Z INFO  benchmark_client] Sending sample transaction 595
[2026-04-19T03:25:24.550Z INFO  benchmark_client] Sending sample transaction 596
[2026-04-19T03:25:24.600Z INFO  benchmark_client] Sending sample transaction 597
[2026-04-19T03:25:24.651Z INFO  benchmark_client] Sending sample transaction 598
[2026-04-19T03:25:24.701Z INFO  benchmark_client] Sending sample transaction 599
[2026-04-19T03:25:24.750Z INFO  benchmark_client] Sending sample transaction 600
[2026-04-19T03:25:24.800Z INFO  benchmark_client] Sending sample transaction 601
[2026-04-19T03:25:24.850Z INFO  benchmark_client] Sending sample transaction 602
[2026-04-19T03:25:24.900Z INFO  benchmark_client] Sending sample transaction 603
[2026-04-19T03:25:24.950Z INFO  benchmark_client] Sending sample transaction 604
[2026-04-19T03:25:25.000Z INFO  benchmark_client] Sending sample transaction 605
[2026-04-19T03:25:25.050Z INFO  benchmark_client] Sending sample transaction 606
[2026-04-19T03:25:25.100Z INFO  benchmark_client] Sending sample transaction 607
[2026-04-19T03:25:25.149Z INFO  benchmark_client] Sending sample transaction 608
[2026-04-19T03:25:25.200Z INFO  benchmark_client] Sending sample transaction 609
[2026-04-19T03:25:25.250Z INFO  benchmark_client] Sending sample transaction 610
[2026-04-19T03:25:25.301Z INFO  benchmark_client] Sending sample transaction 611
[2026-04-19T03:25:25.351Z INFO  benchmark_client] Sending sample transaction 612
[2026-04-19T03:25:25.401Z INFO  benchmark_client] Sending sample transaction 613
[2026-04-19T03:25:25.450Z INFO  benchmark_client] Sending sample transaction 614
[2026-04-19T03:25:25.501Z INFO  benchmark_client] Sending sample transaction 615
[2026-04-19T03:25:25.551Z INFO  benchmark_client] Sending sample transaction 616
[2026-04-19T03:25:25.601Z INFO  benchmark_client] Sending sample transaction 617
[2026-04-19T03:25:25.651Z INFO  benchmark_client] Sending sample transaction 618
[2026-04-19T03:25:25.700Z INFO  benchmark_client] Sending sample transaction 619
[2026-04-19T03:25:25.750Z INFO  benchmark_client] Sending sample transaction 620
[2026-04-19T03:25:25.800Z INFO  benchmark_client] Sending sample transaction 621
[2026-04-19T03:25:25.850Z INFO  benchmark_client] Sending sample transaction 622
[2026-04-19T03:25:25.900Z INFO  benchmark_client] Sending sample transaction 623
[2026-04-19T03:25:25.950Z INFO  benchmark_client] Sending sample transaction 624
[2026-04-19T03:25:26.000Z INFO  benchmark_client] Sending sample transaction 625
[2026-04-19T03:25:26.050Z INFO  benchmark_client] Sending sample transaction 626
[2026-04-19T03:25:26.100Z INFO  benchmark_client] Sending sample transaction 627
[2026-04-19T03:25:26.150Z INFO  benchmark_client] Sending sample transaction 628
[2026-04-19T03:25:26.200Z INFO  benchmark_client] Sending sample transaction 629
[2026-04-19T03:25:26.250Z INFO  benchmark_client] Sending sample transaction 630
[2026-04-19T03:25:26.300Z INFO  benchmark_client] Sending sample transaction 631
[2026-04-19T03:25:26.350Z INFO  benchmark_client] Sending sample transaction 632
[2026-04-19T03:25:26.400Z INFO  benchmark_client] Sending sample transaction 633
[2026-04-19T03:25:26.450Z INFO  benchmark_client] Sending sample transaction 634
[2026-04-19T03:25:26.500Z INFO  benchmark_client] Sending sample transaction 635
[2026-04-19T03:25:26.550Z INFO  benchmark_client] Sending sample transaction 636
[2026-04-19T03:25:26.600Z INFO  benchmark_client] Sending sample transaction 637
[2026-04-19T03:25:26.650Z INFO  benchmark_client] Sending sample transaction 638
[2026-04-19T03:25:26.700Z INFO  benchmark_client] Sending sample transaction 639
[2026-04-19T03:25:26.750Z INFO  benchmark_client] Sending sample transaction 640
[2026-04-19T03:25:26.800Z INFO  benchmark_client] Sending sample transaction 641
[2026-04-19T03:25:26.850Z INFO  benchmark_client] Sending sample transaction 642
[2026-04-19T03:25:26.900Z INFO  benchmark_client] Sending sample transaction 643
[2026-04-19T03:25:26.950Z INFO  benchmark_client] Sending sample transaction 644
[2026-04-19T03:25:27.000Z INFO  benchmark_client] Sending sample transaction 645
[2026-04-19T03:25:27.050Z INFO  benchmark_client] Sending sample transaction 646
[2026-04-19T03:25:27.100Z INFO  benchmark_client] Sending sample transaction 647
[2026-04-19T03:25:27.150Z INFO  benchmark_client] Sending sample transaction 648
[2026-04-19T03:25:27.200Z INFO  benchmark_client] Sending sample transaction 649
[2026-04-19T03:25:27.250Z INFO  benchmark_client] Sending sample transaction 650
[2026-04-19T03:25:27.301Z INFO  benchmark_client] Sending sample transaction 651
[2026-04-19T03:25:27.351Z INFO  benchmark_client] Sending sample transaction 652
[2026-04-19T03:25:27.400Z INFO  benchmark_client] Sending sample transaction 653
[2026-04-19T03:25:27.451Z INFO  benchmark_client] Sending sample transaction 654
[2026-04-19T03:25:27.501Z INFO  benchmark_client] Sending sample transaction 655
[2026-04-19T03:25:27.551Z INFO  benchmark_client] Sending sample transaction 656
[2026-04-19T03:25:27.600Z INFO  benchmark_client] Sending sample transaction 657
[2026-04-19T03:25:27.651Z INFO  benchmark_client] Sending sample transaction 658
[2026-04-19T03:25:27.701Z INFO  benchmark_client] Sending sample transaction 659
[2026-04-19T03:25:27.751Z INFO  benchmark_client] Sending sample transaction 660
[2026-04-19T03:25:27.801Z INFO  benchmark_client] Sending sample transaction 661
[2026-04-19T03:25:27.851Z INFO  benchmark_client] Sending sample transaction 662
[2026-04-19T03:25:27.900Z INFO  benchmark_client] Sending sample transaction 663
[2026-04-19T03:25:27.951Z INFO  benchmark_client] Sending sample transaction 664
[2026-04-19T03:25:28.001Z INFO  benchmark_client] Sending sample transaction 665
[2026-04-19T03:25:28.051Z INFO  benchmark_client] Sending sample transaction 666
[2026-04-19T03:25:28.101Z INFO  benchmark_client] Sending sample transaction 667
[2026-04-19T03:25:28.151Z INFO  benchmark_client] Sending sample transaction 668
[2026-04-19T03:25:28.201Z INFO  benchmark_client] Sending sample transaction 669
[2026-04-19T03:25:28.251Z INFO  benchmark_client] Sending sample transaction 670
[2026-04-19T03:25:28.300Z INFO  benchmark_client] Sending sample transaction 671
[2026-04-19T03:25:28.352Z INFO  benchmark_client] Sending sample transaction 672
[2026-04-19T03:25:28.400Z INFO  benchmark_client] Sending sample transaction 673
[2026-04-19T03:25:28.450Z INFO  benchmark_client] Sending sample transaction 674
[2026-04-19T03:25:28.501Z INFO  benchmark_client] Sending sample transaction 675
[2026-04-19T03:25:28.550Z INFO  benchmark_client] Sending sample transaction 676
[2026-04-19T03:25:28.600Z INFO  benchmark_client] Sending sample transaction 677
[2026-04-19T03:25:28.650Z INFO  benchmark_client] Sending sample transaction 678
[2026-04-19T03:25:28.701Z INFO  benchmark_client] Sending sample transaction 679
[2026-04-19T03:25:28.751Z INFO  benchmark_client] Sending sample transaction 680
[2026-04-19T03:25:28.801Z INFO  benchmark_client] Sending sample transaction 681
[2026-04-19T03:25:28.851Z INFO  benchmark_client] Sending sample transaction 682
[2026-04-19T03:25:28.901Z INFO  benchmark_client] Sending sample transaction 683
[2026-04-19T03:25:28.951Z INFO  benchmark_client] Sending sample transaction 684
[2026-04-19T03:25:29.001Z INFO  benchmark_client] Sending sample transaction 685
[2026-04-19T03:25:29.052Z INFO  benchmark_client] Sending sample transaction 686
[2026-04-19T03:25:29.100Z INFO  benchmark_client] Sending sample transaction 687
[2026-04-19T03:25:29.150Z INFO  benchmark_client] Sending sample transaction 688
[2026-04-19T03:25:29.201Z INFO  benchmark_client] Sending sample transaction 689
[2026-04-19T03:25:29.251Z INFO  benchmark_client] Sending sample transaction 690
[2026-04-19T03:25:29.301Z INFO  benchmark_client] Sending sample transaction 691
[2026-04-19T03:25:29.351Z INFO  benchmark_client] Sending sample transaction 692
[2026-04-19T03:25:29.402Z INFO  benchmark_client] Sending sample transaction 693
[2026-04-19T03:25:29.451Z INFO  benchmark_client] Sending sample transaction 694
[2026-04-19T03:25:29.501Z INFO  benchmark_client] Sending sample transaction 695
[2026-04-19T03:25:29.551Z INFO  benchmark_client] Sending sample transaction 696
[2026-04-19T03:25:29.601Z INFO  benchmark_client] Sending sample transaction 697
[2026-04-19T03:25:29.650Z INFO  benchmark_client] Sending sample transaction 698
[2026-04-19T03:25:29.701Z INFO  benchmark_client] Sending sample transaction 699
[2026-04-19T03:25:29.751Z INFO  benchmark_client] Sending sample transaction 700
[2026-04-19T03:25:29.802Z INFO  benchmark_client] Sending sample transaction 701
[2026-04-19T03:25:29.850Z INFO  benchmark_client] Sending sample transaction 702
[2026-04-19T03:25:29.900Z INFO  benchmark_client] Sending sample transaction 703
[2026-04-19T03:25:29.951Z INFO  benchmark_client] Sending sample transaction 704
[2026-04-19T03:25:30.001Z INFO  benchmark_client] Sending sample transaction 705
[2026-04-19T03:25:30.050Z INFO  benchmark_client] Sending sample transaction 706
[2026-04-19T03:25:30.100Z INFO  benchmark_client] Sending sample transaction 707
[2026-04-19T03:25:30.152Z INFO  benchmark_client] Sending sample transaction 708
[2026-04-19T03:25:30.201Z INFO  benchmark_client] Sending sample transaction 709
[2026-04-19T03:25:30.251Z INFO  benchmark_client] Sending sample transaction 710
[2026-04-19T03:25:30.301Z INFO  benchmark_client] Sending sample transaction 711
[2026-04-19T03:25:30.351Z INFO  benchmark_client] Sending sample transaction 712
[2026-04-19T03:25:30.401Z INFO  benchmark_client] Sending sample transaction 713
[2026-04-19T03:25:30.450Z INFO  benchmark_client] Sending sample transaction 714
[2026-04-19T03:25:30.501Z INFO  benchmark_client] Sending sample transaction 715
[2026-04-19T03:25:30.551Z INFO  benchmark_client] Sending sample transaction 716
[2026-04-19T03:25:30.601Z INFO  benchmark_client] Sending sample transaction 717
[2026-04-19T03:25:30.650Z INFO  benchmark_client] Sending sample transaction 718
[2026-04-19T03:25:30.701Z INFO  benchmark_client] Sending sample transaction 719
[2026-04-19T03:25:30.750Z INFO  benchmark_client] Sending sample transaction 720
[2026-04-19T03:25:30.800Z INFO  benchmark_client] Sending sample transaction 721
[2026-04-19T03:25:30.851Z INFO  benchmark_client] Sending sample transaction 722
[2026-04-19T03:25:30.901Z INFO  benchmark_client] Sending sample transaction 723
[2026-04-19T03:25:30.951Z INFO  benchmark_client] Sending sample transaction 724
[2026-04-19T03:25:31.001Z INFO  benchmark_client] Sending sample transaction 725
[2026-04-19T03:25:31.051Z INFO  benchmark_client] Sending sample transaction 726
[2026-04-19T03:25:31.101Z INFO  benchmark_client] Sending sample transaction 727
[2026-04-19T03:25:31.151Z INFO  benchmark_client] Sending sample transaction 728
[2026-04-19T03:25:31.200Z INFO  benchmark_client] Sending sample transaction 729
[2026-04-19T03:25:31.251Z INFO  benchmark_client] Sending sample transaction 730
[2026-04-19T03:25:31.301Z INFO  benchmark_client] Sending sample transaction 731
[2026-04-19T03:25:31.351Z INFO  benchmark_client] Sending sample transaction 732
[2026-04-19T03:25:31.401Z INFO  benchmark_client] Sending sample transaction 733
[2026-04-19T03:25:31.451Z INFO  benchmark_client] Sending sample transaction 734
[2026-04-19T03:25:31.501Z INFO  benchmark_client] Sending sample transaction 735
[2026-04-19T03:25:31.552Z INFO  benchmark_client] Sending sample transaction 736
[2026-04-19T03:25:31.601Z INFO  benchmark_client] Sending sample transaction 737
[2026-04-19T03:25:31.650Z INFO  benchmark_client] Sending sample transaction 738
[2026-04-19T03:25:31.701Z INFO  benchmark_client] Sending sample transaction 739
[2026-04-19T03:25:31.752Z INFO  benchmark_client] Sending sample transaction 740
[2026-04-19T03:25:31.801Z INFO  benchmark_client] Sending sample transaction 741
[2026-04-19T03:25:31.851Z INFO  benchmark_client] Sending sample transaction 742
[2026-04-19T03:25:31.901Z INFO  benchmark_client] Sending sample transaction 743
[2026-04-19T03:25:31.951Z INFO  benchmark_client] Sending sample transaction 744
[2026-04-19T03:25:32.002Z INFO  benchmark_client] Sending sample transaction 745
[2026-04-19T03:25:32.051Z INFO  benchmark_client] Sending sample transaction 746
[2026-04-19T03:25:32.102Z INFO  benchmark_client] Sending sample transaction 747
[2026-04-19T03:25:32.151Z INFO  benchmark_client] Sending sample transaction 748
[2026-04-19T03:25:32.201Z INFO  benchmark_client] Sending sample transaction 749
[2026-04-19T03:25:32.252Z INFO  benchmark_client] Sending sample transaction 750
[2026-04-19T03:25:32.300Z INFO  benchmark_client] Sending sample transaction 751
[2026-04-19T03:25:32.351Z INFO  benchmark_client] Sending sample transaction 752
[2026-04-19T03:25:32.400Z INFO  benchmark_client] Sending sample transaction 753
[2026-04-19T03:25:32.450Z INFO  benchmark_client] Sending sample transaction 754
[2026-04-19T03:25:32.500Z INFO  benchmark_client] Sending sample transaction 755
[2026-04-19T03:25:32.551Z INFO  benchmark_client] Sending sample transaction 756
[2026-04-19T03:25:32.602Z INFO  benchmark_client] Sending sample transaction 757
[2026-04-19T03:25:32.651Z INFO  benchmark_client] Sending sample transaction 758
[2026-04-19T03:25:32.700Z INFO  benchmark_client] Sending sample transaction 759
[2026-04-19T03:25:32.751Z INFO  benchmark_client] Sending sample transaction 760
[2026-04-19T03:25:32.800Z INFO  benchmark_client] Sending sample transaction 761
[2026-04-19T03:25:32.851Z INFO  benchmark_client] Sending sample transaction 762
[2026-04-19T03:25:32.901Z INFO  benchmark_client] Sending sample transaction 763
[2026-04-19T03:25:32.950Z INFO  benchmark_client] Sending sample transaction 764
[2026-04-19T03:25:33.001Z INFO  benchmark_client] Sending sample transaction 765
[2026-04-19T03:25:33.052Z INFO  benchmark_client] Sending sample transaction 766
[2026-04-19T03:25:33.100Z INFO  benchmark_client] Sending sample transaction 767
[2026-04-19T03:25:33.151Z INFO  benchmark_client] Sending sample transaction 768
[2026-04-19T03:25:33.201Z INFO  benchmark_client] Sending sample transaction 769
[2026-04-19T03:25:33.251Z INFO  benchmark_client] Sending sample transaction 770
[2026-04-19T03:25:33.301Z INFO  benchmark_client] Sending sample transaction 771
[2026-04-19T03:25:33.351Z INFO  benchmark_client] Sending sample transaction 772
[2026-04-19T03:25:33.401Z INFO  benchmark_client] Sending sample transaction 773
[2026-04-19T03:25:33.451Z INFO  benchmark_client] Sending sample transaction 774
[2026-04-19T03:25:33.500Z INFO  benchmark_client] Sending sample transaction 775
[2026-04-19T03:25:33.550Z INFO  benchmark_client] Sending sample transaction 776
[2026-04-19T03:25:33.600Z INFO  benchmark_client] Sending sample transaction 777
[2026-04-19T03:25:33.650Z INFO  benchmark_client] Sending sample transaction 778
[2026-04-19T03:25:33.701Z INFO  benchmark_client] Sending sample transaction 779
[2026-04-19T03:25:33.751Z INFO  benchmark_client] Sending sample transaction 780
[2026-04-19T03:25:33.801Z INFO  benchmark_client] Sending sample transaction 781
[2026-04-19T03:25:33.851Z INFO  benchmark_client] Sending sample transaction 782
[2026-04-19T03:25:33.902Z INFO  benchmark_client] Sending sample transaction 783
[2026-04-19T03:25:33.951Z INFO  benchmark_client] Sending sample transaction 784
[2026-04-19T03:25:34.001Z INFO  benchmark_client] Sending sample transaction 785
[2026-04-19T03:25:34.051Z INFO  benchmark_client] Sending sample transaction 786
[2026-04-19T03:25:34.102Z INFO  benchmark_client] Sending sample transaction 787
[2026-04-19T03:25:34.151Z INFO  benchmark_client] Sending sample transaction 788
[2026-04-19T03:25:34.201Z INFO  benchmark_client] Sending sample transaction 789
[2026-04-19T03:25:34.251Z INFO  benchmark_client] Sending sample transaction 790
[2026-04-19T03:25:34.301Z INFO  benchmark_client] Sending sample transaction 791
[2026-04-19T03:25:34.351Z INFO  benchmark_client] Sending sample transaction 792
[2026-04-19T03:25:34.401Z INFO  benchmark_client] Sending sample transaction 793
[2026-04-19T03:25:34.451Z INFO  benchmark_client] Sending sample transaction 794
[2026-04-19T03:25:34.501Z INFO  benchmark_client] Sending sample transaction 795
[2026-04-19T03:25:34.550Z INFO  benchmark_client] Sending sample transaction 796
[2026-04-19T03:25:34.601Z INFO  benchmark_client] Sending sample transaction 797
[2026-04-19T03:25:34.651Z INFO  benchmark_client] Sending sample transaction 798
[2026-04-19T03:25:34.701Z INFO  benchmark_client] Sending sample transaction 799
[2026-04-19T03:25:34.750Z INFO  benchmark_client] Sending sample transaction 800
[2026-04-19T03:25:34.800Z INFO  benchmark_client] Sending sample transaction 801
[2026-04-19T03:25:34.850Z INFO  benchmark_client] Sending sample transaction 802
[2026-04-19T03:25:34.900Z INFO  benchmark_client] Sending sample transaction 803
[2026-04-19T03:25:34.950Z INFO  benchmark_client] Sending sample transaction 804
[2026-04-19T03:25:35.000Z INFO  benchmark_client] Sending sample transaction 805
[2026-04-19T03:25:35.050Z INFO  benchmark_client] Sending sample transaction 806
[2026-04-19T03:25:35.100Z INFO  benchmark_client] Sending sample transaction 807
[2026-04-19T03:25:35.150Z INFO  benchmark_client] Sending sample transaction 808
[2026-04-19T03:25:35.199Z INFO  benchmark_client] Sending sample transaction 809
[2026-04-19T03:25:35.249Z INFO  benchmark_client] Sending sample transaction 810
[2026-04-19T03:25:35.299Z INFO  benchmark_client] Sending sample transaction 811
[2026-04-19T03:25:35.350Z INFO  benchmark_client] Sending sample transaction 812
[2026-04-19T03:25:35.400Z INFO  benchmark_client] Sending sample transaction 813
[2026-04-19T03:25:35.450Z INFO  benchmark_client] Sending sample transaction 814
[2026-04-19T03:25:35.500Z INFO  benchmark_client] Sending sample transaction 815
[2026-04-19T03:25:35.550Z INFO  benchmark_client] Sending sample transaction 816
[2026-04-19T03:25:35.599Z INFO  benchmark_client] Sending sample transaction 817
[2026-04-19T03:25:35.650Z INFO  benchmark_client] Sending sample transaction 818
[2026-04-19T03:25:35.700Z INFO  benchmark_client] Sending sample transaction 819
[2026-04-19T03:25:35.750Z INFO  benchmark_client] Sending sample transaction 820
[2026-04-19T03:25:35.800Z INFO  benchmark_client] Sending sample transaction 821
[2026-04-19T03:25:35.850Z INFO  benchmark_client] Sending sample transaction 822
[2026-04-19T03:25:35.900Z INFO  benchmark_client] Sending sample transaction 823
[2026-04-19T03:25:35.950Z INFO  benchmark_client] Sending sample transaction 824
[2026-04-19T03:25:35.999Z INFO  benchmark_client] Sending sample transaction 825
[2026-04-19T03:25:36.050Z INFO  benchmark_client] Sending sample transaction 826
[2026-04-19T03:25:36.100Z INFO  benchmark_client] Sending sample transaction 827
[2026-04-19T03:25:36.150Z INFO  benchmark_client] Sending sample transaction 828
[2026-04-19T03:25:36.200Z INFO  benchmark_client] Sending sample transaction 829
[2026-04-19T03:25:36.250Z INFO  benchmark_client] Sending sample transaction 830
[2026-04-19T03:25:36.300Z INFO  benchmark_client] Sending sample transaction 831
[2026-04-19T03:25:36.350Z INFO  benchmark_client] Sending sample transaction 832
[2026-04-19T03:25:36.400Z INFO  benchmark_client] Sending sample transaction 833
[2026-04-19T03:25:36.450Z INFO  benchmark_client] Sending sample transaction 834
[2026-04-19T03:25:36.500Z INFO  benchmark_client] Sending sample transaction 835
[2026-04-19T03:25:36.550Z INFO  benchmark_client] Sending sample transaction 836
[2026-04-19T03:25:36.600Z INFO  benchmark_client] Sending sample transaction 837
[2026-04-19T03:25:36.649Z INFO  benchmark_client] Sending sample transaction 838
[2026-04-19T03:25:36.699Z INFO  benchmark_client] Sending sample transaction 839
[2026-04-19T03:25:36.750Z INFO  benchmark_client] Sending sample transaction 840
[2026-04-19T03:25:36.800Z INFO  benchmark_client] Sending sample transaction 841
[2026-04-19T03:25:36.850Z INFO  benchmark_client] Sending sample transaction 842
[2026-04-19T03:25:36.900Z INFO  benchmark_client] Sending sample transaction 843
[2026-04-19T03:25:36.950Z INFO  benchmark_client] Sending sample transaction 844
[2026-04-19T03:25:37.000Z INFO  benchmark_client] Sending sample transaction 845
[2026-04-19T03:25:37.050Z INFO  benchmark_client] Sending sample transaction 846
[2026-04-19T03:25:37.100Z INFO  benchmark_client] Sending sample transaction 847
[2026-04-19T03:25:37.149Z INFO  benchmark_client] Sending sample transaction 848
[2026-04-19T03:25:37.200Z INFO  benchmark_client] Sending sample transaction 849
[2026-04-19T03:25:37.250Z INFO  benchmark_client] Sending sample transaction 850
[2026-04-19T03:25:37.300Z INFO  benchmark_client] Sending sample transaction 851
[2026-04-19T03:25:37.350Z INFO  benchmark_client] Sending sample transaction 852
[2026-04-19T03:25:37.400Z INFO  benchmark_client] Sending sample transaction 853
[2026-04-19T03:25:37.450Z INFO  benchmark_client] Sending sample transaction 854
[2026-04-19T03:25:37.500Z INFO  benchmark_client] Sending sample transaction 855
[2026-04-19T03:25:37.550Z INFO  benchmark_client] Sending sample transaction 856
[2026-04-19T03:25:37.600Z INFO  benchmark_client] Sending sample transaction 857
[2026-04-19T03:25:37.650Z INFO  benchmark_client] Sending sample transaction 858
[2026-04-19T03:25:37.699Z INFO  benchmark_client] Sending sample transaction 859
[2026-04-19T03:25:37.750Z INFO  benchmark_client] Sending sample transaction 860
[2026-04-19T03:25:37.800Z INFO  benchmark_client] Sending sample transaction 861
[2026-04-19T03:25:37.850Z INFO  benchmark_client] Sending sample transaction 862
[2026-04-19T03:25:37.900Z INFO  benchmark_client] Sending sample transaction 863
[2026-04-19T03:25:37.950Z INFO  benchmark_client] Sending sample transaction 864
[2026-04-19T03:25:38.000Z INFO  benchmark_client] Sending sample transaction 865
[2026-04-19T03:25:38.050Z INFO  benchmark_client] Sending sample transaction 866
[2026-04-19T03:25:38.100Z INFO  benchmark_client] Sending sample transaction 867
[2026-04-19T03:25:38.150Z INFO  benchmark_client] Sending sample transaction 868
[2026-04-19T03:25:38.200Z INFO  benchmark_client] Sending sample transaction 869
[2026-04-19T03:25:38.250Z INFO  benchmark_client] Sending sample transaction 870
[2026-04-19T03:25:38.300Z INFO  benchmark_client] Sending sample transaction 871
[2026-04-19T03:25:38.350Z INFO  benchmark_client] Sending sample transaction 872
[2026-04-19T03:25:38.400Z INFO  benchmark_client] Sending sample transaction 873
[2026-04-19T03:25:38.450Z INFO  benchmark_client] Sending sample transaction 874
[2026-04-19T03:25:38.500Z INFO  benchmark_client] Sending sample transaction 875
[2026-04-19T03:25:38.550Z INFO  benchmark_client] Sending sample transaction 876
[2026-04-19T03:25:38.599Z INFO  benchmark_client] Sending sample transaction 877
[2026-04-19T03:25:38.650Z INFO  benchmark_client] Sending sample transaction 878
[2026-04-19T03:25:38.700Z INFO  benchmark_client] Sending sample transaction 879
[2026-04-19T03:25:38.750Z INFO  benchmark_client] Sending sample transaction 880
[2026-04-19T03:25:38.800Z INFO  benchmark_client] Sending sample transaction 881
[2026-04-19T03:25:38.850Z INFO  benchmark_client] Sending sample transaction 882
[2026-04-19T03:25:38.900Z INFO  benchmark_client] Sending sample transaction 883
[2026-04-19T03:25:38.950Z INFO  benchmark_client] Sending sample transaction 884
[2026-04-19T03:25:39.000Z INFO  benchmark_client] Sending sample transaction 885
[2026-04-19T03:25:39.049Z INFO  benchmark_client] Sending sample transaction 886
[2026-04-19T03:25:39.100Z INFO  benchmark_client] Sending sample transaction 887
[2026-04-19T03:25:39.150Z INFO  benchmark_client] Sending sample transaction 888
[2026-04-19T03:25:39.200Z INFO  benchmark_client] Sending sample transaction 889
[2026-04-19T03:25:39.250Z INFO  benchmark_client] Sending sample transaction 890
[2026-04-19T03:25:39.300Z INFO  benchmark_client] Sending sample transaction 891
[2026-04-19T03:25:39.350Z INFO  benchmark_client] Sending sample transaction 892
[2026-04-19T03:25:39.400Z INFO  benchmark_client] Sending sample transaction 893
[2026-04-19T03:25:39.450Z INFO  benchmark_client] Sending sample transaction 894
[2026-04-19T03:25:39.499Z INFO  benchmark_client] Sending sample transaction 895
[2026-04-19T03:25:39.550Z INFO  benchmark_client] Sending sample transaction 896
[2026-04-19T03:25:39.600Z INFO  benchmark_client] Sending sample transaction 897
[2026-04-19T03:25:39.650Z INFO  benchmark_client] Sending sample transaction 898
[2026-04-19T03:25:39.700Z INFO  benchmark_client] Sending sample transaction 899
[2026-04-19T03:25:39.750Z INFO  benchmark_client] Sending sample transaction 900
[2026-04-19T03:25:39.800Z INFO  benchmark_client] Sending sample transaction 901
[2026-04-19T03:25:39.850Z INFO  benchmark_client] Sending sample transaction 902
[2026-04-19T03:25:39.900Z INFO  benchmark_client] Sending sample transaction 903
[2026-04-19T03:25:39.950Z INFO  benchmark_client] Sending sample transaction 904
[2026-04-19T03:25:40.000Z INFO  benchmark_client] Sending sample transaction 905
[2026-04-19T03:25:40.050Z INFO  benchmark_client] Sending sample transaction 906
[2026-04-19T03:25:40.100Z INFO  benchmark_client] Sending sample transaction 907
[2026-04-19T03:25:40.150Z INFO  benchmark_client] Sending sample transaction 908
[2026-04-19T03:25:40.200Z INFO  benchmark_client] Sending sample transaction 909
[2026-04-19T03:25:40.250Z INFO  benchmark_client] Sending sample transaction 910
[2026-04-19T03:25:40.300Z INFO  benchmark_client] Sending sample transaction 911
[2026-04-19T03:25:40.350Z INFO  benchmark_client] Sending sample transaction 912
[2026-04-19T03:25:40.400Z INFO  benchmark_client] Sending sample transaction 913
[2026-04-19T03:25:40.450Z INFO  benchmark_client] Sending sample transaction 914
[2026-04-19T03:25:40.500Z INFO  benchmark_client] Sending sample transaction 915
[2026-04-19T03:25:40.550Z INFO  benchmark_client] Sending sample transaction 916
[2026-04-19T03:25:40.600Z INFO  benchmark_client] Sending sample transaction 917
[2026-04-19T03:25:40.650Z INFO  benchmark_client] Sending sample transaction 918
[2026-04-19T03:25:40.700Z INFO  benchmark_client] Sending sample transaction 919
[2026-04-19T03:25:40.750Z INFO  benchmark_client] Sending sample transaction 920
[2026-04-19T03:25:40.800Z INFO  benchmark_client] Sending sample transaction 921
[2026-04-19T03:25:40.850Z INFO  benchmark_client] Sending sample transaction 922
[2026-04-19T03:25:40.900Z INFO  benchmark_client] Sending sample transaction 923
[2026-04-19T03:25:40.950Z INFO  benchmark_client] Sending sample transaction 924
[2026-04-19T03:25:41.000Z INFO  benchmark_client] Sending sample transaction 925
[2026-04-19T03:25:41.051Z INFO  benchmark_client] Sending sample transaction 926
[2026-04-19T03:25:41.100Z INFO  benchmark_client] Sending sample transaction 927
[2026-04-19T03:25:41.150Z INFO  benchmark_client] Sending sample transaction 928
[2026-04-19T03:25:41.200Z INFO  benchmark_client] Sending sample transaction 929
[2026-04-19T03:25:41.250Z INFO  benchmark_client] Sending sample transaction 930
[2026-04-19T03:25:41.301Z INFO  benchmark_client] Sending sample transaction 931
[2026-04-19T03:25:41.351Z INFO  benchmark_client] Sending sample transaction 932
[2026-04-19T03:25:41.400Z INFO  benchmark_client] Sending sample transaction 933
[2026-04-19T03:25:41.450Z INFO  benchmark_client] Sending sample transaction 934
[2026-04-19T03:25:41.501Z INFO  benchmark_client] Sending sample transaction 935
[2026-04-19T03:25:41.551Z INFO  benchmark_client] Sending sample transaction 936
[2026-04-19T03:25:41.600Z INFO  benchmark_client] Sending sample transaction 937
[2026-04-19T03:25:41.650Z INFO  benchmark_client] Sending sample transaction 938
[2026-04-19T03:25:41.701Z INFO  benchmark_client] Sending sample transaction 939
[2026-04-19T03:25:41.750Z INFO  benchmark_client] Sending sample transaction 940
[2026-04-19T03:25:41.800Z INFO  benchmark_client] Sending sample transaction 941
[2026-04-19T03:25:41.850Z INFO  benchmark_client] Sending sample transaction 942
[2026-04-19T03:25:41.900Z INFO  benchmark_client] Sending sample transaction 943
[2026-04-19T03:25:41.950Z INFO  benchmark_client] Sending sample transaction 944
[2026-04-19T03:25:42.000Z INFO  benchmark_client] Sending sample transaction 945
[2026-04-19T03:25:42.050Z INFO  benchmark_client] Sending sample transaction 946
[2026-04-19T03:25:42.100Z INFO  benchmark_client] Sending sample transaction 947
[2026-04-19T03:25:42.150Z INFO  benchmark_client] Sending sample transaction 948
[2026-04-19T03:25:42.200Z INFO  benchmark_client] Sending sample transaction 949
[2026-04-19T03:25:42.250Z INFO  benchmark_client] Sending sample transaction 950
[2026-04-19T03:25:42.301Z INFO  benchmark_client] Sending sample transaction 951
[2026-04-19T03:25:42.351Z INFO  benchmark_client] Sending sample transaction 952
[2026-04-19T03:25:42.401Z INFO  benchmark_client] Sending sample transaction 953
[2026-04-19T03:25:42.450Z INFO  benchmark_client] Sending sample transaction 954
[2026-04-19T03:25:42.500Z INFO  benchmark_client] Sending sample transaction 955
[2026-04-19T03:25:42.550Z INFO  benchmark_client] Sending sample transaction 956
[2026-04-19T03:25:42.600Z INFO  benchmark_client] Sending sample transaction 957
[2026-04-19T03:25:42.650Z INFO  benchmark_client] Sending sample transaction 958
[2026-04-19T03:25:42.700Z INFO  benchmark_client] Sending sample transaction 959
[2026-04-19T03:25:42.750Z INFO  benchmark_client] Sending sample transaction 960
[2026-04-19T03:25:42.801Z INFO  benchmark_client] Sending sample transaction 961
[2026-04-19T03:25:42.850Z INFO  benchmark_client] Sending sample transaction 962
[2026-04-19T03:25:42.901Z INFO  benchmark_client] Sending sample transaction 963
[2026-04-19T03:25:42.950Z INFO  benchmark_client] Sending sample transaction 964
[2026-04-19T03:25:43.001Z INFO  benchmark_client] Sending sample transaction 965
[2026-04-19T03:25:43.051Z INFO  benchmark_client] Sending sample transaction 966
[2026-04-19T03:25:43.100Z INFO  benchmark_client] Sending sample transaction 967
[2026-04-19T03:25:43.150Z INFO  benchmark_client] Sending sample transaction 968
[2026-04-19T03:25:43.200Z INFO  benchmark_client] Sending sample transaction 969
[2026-04-19T03:25:43.250Z INFO  benchmark_client] Sending sample transaction 970
[2026-04-19T03:25:43.301Z INFO  benchmark_client] Sending sample transaction 971
[2026-04-19T03:25:43.351Z INFO  benchmark_client] Sending sample transaction 972
[2026-04-19T03:25:43.401Z INFO  benchmark_client] Sending sample transaction 973
[2026-04-19T03:25:43.451Z INFO  benchmark_client] Sending sample transaction 974
[2026-04-19T03:25:43.501Z INFO  benchmark_client] Sending sample transaction 975
[2026-04-19T03:25:43.551Z INFO  benchmark_client] Sending sample transaction 976
[2026-04-19T03:25:43.601Z INFO  benchmark_client] Sending sample transaction 977
[2026-04-19T03:25:43.650Z INFO  benchmark_client] Sending sample transaction 978
[2026-04-19T03:25:43.701Z INFO  benchmark_client] Sending sample transaction 979
[2026-04-19T03:25:43.751Z INFO  benchmark_client] Sending sample transaction 980
[2026-04-19T03:25:43.801Z INFO  benchmark_client] Sending sample transaction 981
[2026-04-19T03:25:43.850Z INFO  benchmark_client] Sending sample transaction 982
[2026-04-19T03:25:43.900Z INFO  benchmark_client] Sending sample transaction 983
[2026-04-19T03:25:43.950Z INFO  benchmark_client] Sending sample transaction 984
[2026-04-19T03:25:44.001Z INFO  benchmark_client] Sending sample transaction 985
[2026-04-19T03:25:44.051Z INFO  benchmark_client] Sending sample transaction 986
[2026-04-19T03:25:44.100Z INFO  benchmark_client] Sending sample transaction 987
[2026-04-19T03:25:44.150Z INFO  benchmark_client] Sending sample transaction 988
[2026-04-19T03:25:44.200Z INFO  benchmark_client] Sending sample transaction 989
[2026-04-19T03:25:44.250Z INFO  benchmark_client] Sending sample transaction 990
[2026-04-19T03:25:44.301Z INFO  benchmark_client] Sending sample transaction 991
[2026-04-19T03:25:44.351Z INFO  benchmark_client] Sending sample transaction 992
[2026-04-19T03:25:44.401Z INFO  benchmark_client] Sending sample transaction 993
[2026-04-19T03:25:44.450Z INFO  benchmark_client] Sending sample transaction 994
[2026-04-19T03:25:44.501Z INFO  benchmark_client] Sending sample transaction 995
[2026-04-19T03:25:44.550Z INFO  benchmark_client] Sending sample transaction 996
[2026-04-19T03:25:44.600Z INFO  benchmark_client] Sending sample transaction 997
[2026-04-19T03:25:44.650Z INFO  benchmark_client] Sending sample transaction 998
[2026-04-19T03:25:44.700Z INFO  benchmark_client] Sending sample transaction 999
[2026-04-19T03:25:44.750Z INFO  benchmark_client] Sending sample transaction 1000
[2026-04-19T03:25:44.800Z INFO  benchmark_client] Sending sample transaction 1001
[2026-04-19T03:25:44.850Z INFO  benchmark_client] Sending sample transaction 1002
[2026-04-19T03:25:44.900Z INFO  benchmark_client] Sending sample transaction 1003
[2026-04-19T03:25:44.950Z INFO  benchmark_client] Sending sample transaction 1004
[2026-04-19T03:25:45.000Z INFO  benchmark_client] Sending sample transaction 1005
[2026-04-19T03:25:45.050Z INFO  benchmark_client] Sending sample transaction 1006
[2026-04-19T03:25:45.100Z INFO  benchmark_client] Sending sample transaction 1007
[2026-04-19T03:25:45.150Z INFO  benchmark_client] Sending sample transaction 1008
[2026-04-19T03:25:45.200Z INFO  benchmark_client] Sending sample transaction 1009
[2026-04-19T03:25:45.250Z INFO  benchmark_client] Sending sample transaction 1010
[2026-04-19T03:25:45.300Z INFO  benchmark_client] Sending sample transaction 1011
[2026-04-19T03:25:45.351Z INFO  benchmark_client] Sending sample transaction 1012
[2026-04-19T03:25:45.400Z INFO  benchmark_client] Sending sample transaction 1013
[2026-04-19T03:25:45.450Z INFO  benchmark_client] Sending sample transaction 1014
[2026-04-19T03:25:45.500Z INFO  benchmark_client] Sending sample transaction 1015
[2026-04-19T03:25:45.550Z INFO  benchmark_client] Sending sample transaction 1016
[2026-04-19T03:25:45.600Z INFO  benchmark_client] Sending sample transaction 1017
[2026-04-19T03:25:45.650Z INFO  benchmark_client] Sending sample transaction 1018
[2026-04-19T03:25:45.700Z INFO  benchmark_client] Sending sample transaction 1019
[2026-04-19T03:25:45.750Z INFO  benchmark_client] Sending sample transaction 1020
[2026-04-19T03:25:45.800Z INFO  benchmark_client] Sending sample transaction 1021
[2026-04-19T03:25:45.851Z INFO  benchmark_client] Sending sample transaction 1022
[2026-04-19T03:25:45.901Z INFO  benchmark_client] Sending sample transaction 1023
[2026-04-19T03:25:45.950Z INFO  benchmark_client] Sending sample transaction 1024
[2026-04-19T03:25:46.000Z INFO  benchmark_client] Sending sample transaction 1025
[2026-04-19T03:25:46.050Z INFO  benchmark_client] Sending sample transaction 1026
[2026-04-19T03:25:46.101Z INFO  benchmark_client] Sending sample transaction 1027
[2026-04-19T03:25:46.151Z INFO  benchmark_client] Sending sample transaction 1028
[2026-04-19T03:25:46.200Z INFO  benchmark_client] Sending sample transaction 1029
[2026-04-19T03:25:46.250Z INFO  benchmark_client] Sending sample transaction 1030
[2026-04-19T03:25:46.301Z INFO  benchmark_client] Sending sample transaction 1031
[2026-04-19T03:25:46.351Z INFO  benchmark_client] Sending sample transaction 1032
[2026-04-19T03:25:46.400Z INFO  benchmark_client] Sending sample transaction 1033
[2026-04-19T03:25:46.450Z INFO  benchmark_client] Sending sample transaction 1034
[2026-04-19T03:25:46.501Z INFO  benchmark_client] Sending sample transaction 1035
[2026-04-19T03:25:46.550Z INFO  benchmark_client] Sending sample transaction 1036
[2026-04-19T03:25:46.600Z INFO  benchmark_client] Sending sample transaction 1037
[2026-04-19T03:25:46.650Z INFO  benchmark_client] Sending sample transaction 1038
[2026-04-19T03:25:46.700Z INFO  benchmark_client] Sending sample transaction 1039
[2026-04-19T03:25:46.750Z INFO  benchmark_client] Sending sample transaction 1040
[2026-04-19T03:25:46.800Z INFO  benchmark_client] Sending sample transaction 1041
[2026-04-19T03:25:46.850Z INFO  benchmark_client] Sending sample transaction 1042
[2026-04-19T03:25:46.900Z INFO  benchmark_client] Sending sample transaction 1043
[2026-04-19T03:25:46.950Z INFO  benchmark_client] Sending sample transaction 1044
[2026-04-19T03:25:47.000Z INFO  benchmark_client] Sending sample transaction 1045
[2026-04-19T03:25:47.050Z INFO  benchmark_client] Sending sample transaction 1046
[2026-04-19T03:25:47.100Z INFO  benchmark_client] Sending sample transaction 1047
[2026-04-19T03:25:47.150Z INFO  benchmark_client] Sending sample transaction 1048
[2026-04-19T03:25:47.201Z INFO  benchmark_client] Sending sample transaction 1049
[2026-04-19T03:25:47.251Z INFO  benchmark_client] Sending sample transaction 1050
[2026-04-19T03:25:47.300Z INFO  benchmark_client] Sending sample transaction 1051
[2026-04-19T03:25:47.351Z INFO  benchmark_client] Sending sample transaction 1052
[2026-04-19T03:25:47.400Z INFO  benchmark_client] Sending sample transaction 1053
[2026-04-19T03:25:47.450Z INFO  benchmark_client] Sending sample transaction 1054
[2026-04-19T03:25:47.500Z INFO  benchmark_client] Sending sample transaction 1055
[2026-04-19T03:25:47.550Z INFO  benchmark_client] Sending sample transaction 1056
[2026-04-19T03:25:47.600Z INFO  benchmark_client] Sending sample transaction 1057
[2026-04-19T03:25:47.650Z INFO  benchmark_client] Sending sample transaction 1058
[2026-04-19T03:25:47.701Z INFO  benchmark_client] Sending sample transaction 1059
[2026-04-19T03:25:47.751Z INFO  benchmark_client] Sending sample transaction 1060
[2026-04-19T03:25:47.800Z INFO  benchmark_client] Sending sample transaction 1061
[2026-04-19T03:25:47.851Z INFO  benchmark_client] Sending sample transaction 1062
[2026-04-19T03:25:47.901Z INFO  benchmark_client] Sending sample transaction 1063
[2026-04-19T03:25:47.950Z INFO  benchmark_client] Sending sample transaction 1064
[2026-04-19T03:25:48.001Z INFO  benchmark_client] Sending sample transaction 1065
[2026-04-19T03:25:48.051Z INFO  benchmark_client] Sending sample transaction 1066
[2026-04-19T03:25:48.101Z INFO  benchmark_client] Sending sample transaction 1067
[2026-04-19T03:25:48.151Z INFO  benchmark_client] Sending sample transaction 1068
[2026-04-19T03:25:48.201Z INFO  benchmark_client] Sending sample transaction 1069
[2026-04-19T03:25:48.251Z INFO  benchmark_client] Sending sample transaction 1070
[2026-04-19T03:25:48.301Z INFO  benchmark_client] Sending sample transaction 1071
[2026-04-19T03:25:48.351Z INFO  benchmark_client] Sending sample transaction 1072
[2026-04-19T03:25:48.400Z INFO  benchmark_client] Sending sample transaction 1073
[2026-04-19T03:25:48.450Z INFO  benchmark_client] Sending sample transaction 1074
[2026-04-19T03:25:48.501Z INFO  benchmark_client] Sending sample transaction 1075
[2026-04-19T03:25:48.550Z INFO  benchmark_client] Sending sample transaction 1076
[2026-04-19T03:25:48.600Z INFO  benchmark_client] Sending sample transaction 1077
[2026-04-19T03:25:48.650Z INFO  benchmark_client] Sending sample transaction 1078
[2026-04-19T03:25:48.700Z INFO  benchmark_client] Sending sample transaction 1079
[2026-04-19T03:25:48.751Z INFO  benchmark_client] Sending sample transaction 1080
[2026-04-19T03:25:48.801Z INFO  benchmark_client] Sending sample transaction 1081
[2026-04-19T03:25:48.851Z INFO  benchmark_client] Sending sample transaction 1082
[2026-04-19T03:25:48.901Z INFO  benchmark_client] Sending sample transaction 1083
[2026-04-19T03:25:48.951Z INFO  benchmark_client] Sending sample transaction 1084
[2026-04-19T03:25:49.001Z INFO  benchmark_client] Sending sample transaction 1085
[2026-04-19T03:25:49.051Z INFO  benchmark_client] Sending sample transaction 1086
[2026-04-19T03:25:49.101Z INFO  benchmark_client] Sending sample transaction 1087
[2026-04-19T03:25:49.151Z INFO  benchmark_client] Sending sample transaction 1088
[2026-04-19T03:25:49.201Z INFO  benchmark_client] Sending sample transaction 1089
[2026-04-19T03:25:49.250Z INFO  benchmark_client] Sending sample transaction 1090
[2026-04-19T03:25:49.301Z INFO  benchmark_client] Sending sample transaction 1091
[2026-04-19T03:25:49.351Z INFO  benchmark_client] Sending sample transaction 1092
[2026-04-19T03:25:49.401Z INFO  benchmark_client] Sending sample transaction 1093
[2026-04-19T03:25:49.451Z INFO  benchmark_client] Sending sample transaction 1094
[2026-04-19T03:25:49.501Z INFO  benchmark_client] Sending sample transaction 1095
[2026-04-19T03:25:49.551Z INFO  benchmark_client] Sending sample transaction 1096
[2026-04-19T03:25:49.601Z INFO  benchmark_client] Sending sample transaction 1097
[2026-04-19T03:25:49.651Z INFO  benchmark_client] Sending sample transaction 1098
[2026-04-19T03:25:49.701Z INFO  benchmark_client] Sending sample transaction 1099
[2026-04-19T03:25:49.750Z INFO  benchmark_client] Sending sample transaction 1100
[2026-04-19T03:25:49.800Z INFO  benchmark_client] Sending sample transaction 1101
[2026-04-19T03:25:49.850Z INFO  benchmark_client] Sending sample transaction 1102
[2026-04-19T03:25:49.900Z INFO  benchmark_client] Sending sample transaction 1103
[2026-04-19T03:25:49.951Z INFO  benchmark_client] Sending sample transaction 1104
[2026-04-19T03:25:50.001Z INFO  benchmark_client] Sending sample transaction 1105
[2026-04-19T03:25:50.052Z INFO  benchmark_client] Sending sample transaction 1106
[2026-04-19T03:25:50.101Z INFO  benchmark_client] Sending sample transaction 1107
[2026-04-19T03:25:50.151Z INFO  benchmark_client] Sending sample transaction 1108
[2026-04-19T03:25:50.200Z INFO  benchmark_client] Sending sample transaction 1109
[2026-04-19T03:25:50.250Z INFO  benchmark_client] Sending sample transaction 1110
[2026-04-19T03:25:50.301Z INFO  benchmark_client] Sending sample transaction 1111
[2026-04-19T03:25:50.351Z INFO  benchmark_client] Sending sample transaction 1112
[2026-04-19T03:25:50.401Z INFO  benchmark_client] Sending sample transaction 1113
[2026-04-19T03:25:50.451Z INFO  benchmark_client] Sending sample transaction 1114
[2026-04-19T03:25:50.500Z INFO  benchmark_client] Sending sample transaction 1115
[2026-04-19T03:25:50.550Z INFO  benchmark_client] Sending sample transaction 1116
[2026-04-19T03:25:50.601Z INFO  benchmark_client] Sending sample transaction 1117
[2026-04-19T03:25:50.651Z INFO  benchmark_client] Sending sample transaction 1118
[2026-04-19T03:25:50.700Z INFO  benchmark_client] Sending sample transaction 1119
[2026-04-19T03:25:50.750Z INFO  benchmark_client] Sending sample transaction 1120
[2026-04-19T03:25:50.800Z INFO  benchmark_client] Sending sample transaction 1121
[2026-04-19T03:25:50.850Z INFO  benchmark_client] Sending sample transaction 1122
[2026-04-19T03:25:50.900Z INFO  benchmark_client] Sending sample transaction 1123
[2026-04-19T03:25:50.951Z INFO  benchmark_client] Sending sample transaction 1124
[2026-04-19T03:25:51.001Z INFO  benchmark_client] Sending sample transaction 1125
[2026-04-19T03:25:51.051Z INFO  benchmark_client] Sending sample transaction 1126
[2026-04-19T03:25:51.101Z INFO  benchmark_client] Sending sample transaction 1127
[2026-04-19T03:25:51.151Z INFO  benchmark_client] Sending sample transaction 1128
[2026-04-19T03:25:51.200Z INFO  benchmark_client] Sending sample transaction 1129
[2026-04-19T03:25:51.250Z INFO  benchmark_client] Sending sample transaction 1130
[2026-04-19T03:25:51.300Z INFO  benchmark_client] Sending sample transaction 1131
[2026-04-19T03:25:51.350Z INFO  benchmark_client] Sending sample transaction 1132
[2026-04-19T03:25:51.400Z INFO  benchmark_client] Sending sample transaction 1133
[2026-04-19T03:25:51.450Z INFO  benchmark_client] Sending sample transaction 1134
[2026-04-19T03:25:51.500Z INFO  benchmark_client] Sending sample transaction 1135
[2026-04-19T03:25:51.550Z INFO  benchmark_client] Sending sample transaction 1136
[2026-04-19T03:25:51.600Z INFO  benchmark_client] Sending sample transaction 1137
[2026-04-19T03:25:51.651Z INFO  benchmark_client] Sending sample transaction 1138
[2026-04-19T03:25:51.701Z INFO  benchmark_client] Sending sample transaction 1139
[2026-04-19T03:25:51.750Z INFO  benchmark_client] Sending sample transaction 1140
[2026-04-19T03:25:51.800Z INFO  benchmark_client] Sending sample transaction 1141
[2026-04-19T03:25:51.850Z INFO  benchmark_client] Sending sample transaction 1142
[2026-04-19T03:25:51.901Z INFO  benchmark_client] Sending sample transaction 1143
[2026-04-19T03:25:51.950Z INFO  benchmark_client] Sending sample transaction 1144
[2026-04-19T03:25:52.001Z INFO  benchmark_client] Sending sample transaction 1145
[2026-04-19T03:25:52.051Z INFO  benchmark_client] Sending sample transaction 1146
[2026-04-19T03:25:52.101Z INFO  benchmark_client] Sending sample transaction 1147
[2026-04-19T03:25:52.150Z INFO  benchmark_client] Sending sample transaction 1148
[2026-04-19T03:25:52.202Z INFO  benchmark_client] Sending sample transaction 1149
[2026-04-19T03:25:52.251Z INFO  benchmark_client] Sending sample transaction 1150
[2026-04-19T03:25:52.300Z INFO  benchmark_client] Sending sample transaction 1151
[2026-04-19T03:25:52.350Z INFO  benchmark_client] Sending sample transaction 1152
[2026-04-19T03:25:52.401Z INFO  benchmark_client] Sending sample transaction 1153
[2026-04-19T03:25:52.451Z INFO  benchmark_client] Sending sample transaction 1154
[2026-04-19T03:25:52.502Z INFO  benchmark_client] Sending sample transaction 1155
[2026-04-19T03:25:52.550Z INFO  benchmark_client] Sending sample transaction 1156
[2026-04-19T03:25:52.600Z INFO  benchmark_client] Sending sample transaction 1157
[2026-04-19T03:25:52.651Z INFO  benchmark_client] Sending sample transaction 1158
[2026-04-19T03:25:52.701Z INFO  benchmark_client] Sending sample transaction 1159
[2026-04-19T03:25:52.751Z INFO  benchmark_client] Sending sample transaction 1160
[2026-04-19T03:25:52.800Z INFO  benchmark_client] Sending sample transaction 1161
[2026-04-19T03:25:52.850Z INFO  benchmark_client] Sending sample transaction 1162
[2026-04-19T03:25:52.901Z INFO  benchmark_client] Sending sample transaction 1163
[2026-04-19T03:25:52.951Z INFO  benchmark_client] Sending sample transaction 1164
[2026-04-19T03:25:53.001Z INFO  benchmark_client] Sending sample transaction 1165
[2026-04-19T03:25:53.051Z INFO  benchmark_client] Sending sample transaction 1166
[2026-04-19T03:25:53.100Z INFO  benchmark_client] Sending sample transaction 1167
[2026-04-19T03:25:53.150Z INFO  benchmark_client] Sending sample transaction 1168
[2026-04-19T03:25:53.200Z INFO  benchmark_client] Sending sample transaction 1169
[2026-04-19T03:25:53.250Z INFO  benchmark_client] Sending sample transaction 1170
[2026-04-19T03:25:53.300Z INFO  benchmark_client] Sending sample transaction 1171
[2026-04-19T03:25:53.350Z INFO  benchmark_client] Sending sample transaction 1172
[2026-04-19T03:25:53.400Z INFO  benchmark_client] Sending sample transaction 1173
[2026-04-19T03:25:53.451Z INFO  benchmark_client] Sending sample transaction 1174
[2026-04-19T03:25:53.501Z INFO  benchmark_client] Sending sample transaction 1175
[2026-04-19T03:25:53.550Z INFO  benchmark_client] Sending sample transaction 1176
[2026-04-19T03:25:53.600Z INFO  benchmark_client] Sending sample transaction 1177
[2026-04-19T03:25:53.650Z INFO  benchmark_client] Sending sample transaction 1178
[2026-04-19T03:25:53.700Z INFO  benchmark_client] Sending sample transaction 1179
[2026-04-19T03:25:53.750Z INFO  benchmark_client] Sending sample transaction 1180
[2026-04-19T03:25:53.801Z INFO  benchmark_client] Sending sample transaction 1181
[2026-04-19T03:25:53.851Z INFO  benchmark_client] Sending sample transaction 1182
[2026-04-19T03:25:53.901Z INFO  benchmark_client] Sending sample transaction 1183
[2026-04-19T03:25:53.951Z INFO  benchmark_client] Sending sample transaction 1184
[2026-04-19T03:25:54.001Z INFO  benchmark_client] Sending sample transaction 1185
[2026-04-19T03:25:54.051Z INFO  benchmark_client] Sending sample transaction 1186
[2026-04-19T03:25:54.102Z INFO  benchmark_client] Sending sample transaction 1187
[2026-04-19T03:25:54.152Z INFO  benchmark_client] Sending sample transaction 1188
[2026-04-19T03:25:54.201Z INFO  benchmark_client] Sending sample transaction 1189
[2026-04-19T03:25:54.251Z INFO  benchmark_client] Sending sample transaction 1190
[2026-04-19T03:25:54.301Z INFO  benchmark_client] Sending sample transaction 1191
[2026-04-19T03:25:54.351Z INFO  benchmark_client] Sending sample transaction 1192
[2026-04-19T03:25:54.401Z INFO  benchmark_client] Sending sample transaction 1193
[2026-04-19T03:25:54.452Z INFO  benchmark_client] Sending sample transaction 1194
[2026-04-19T03:25:54.501Z INFO  benchmark_client] Sending sample transaction 1195
[2026-04-19T03:25:54.646Z WARN  benchmark_client] Transaction rate too high for this client
[2026-04-19T03:25:54.647Z INFO  benchmark_client] Sending sample transaction 1196
[2026-04-19T03:25:54.649Z INFO  benchmark_client] Sending sample transaction 1197
[2026-04-19T03:25:54.651Z INFO  benchmark_client] Sending sample transaction 1198
[2026-04-19T03:25:54.701Z INFO  benchmark_client] Sending sample transaction 1199
[2026-04-19T03:25:54.750Z INFO  benchmark_client] Sending sample transaction 1200
[2026-04-19T03:25:54.799Z INFO  benchmark_client] Sending sample transaction 1201
[2026-04-19T03:25:54.850Z INFO  benchmark_client] Sending sample transaction 1202
[2026-04-19T03:25:54.900Z INFO  benchmark_client] Sending sample transaction 1203
[2026-04-19T03:25:54.950Z INFO  benchmark_client] Sending sample transaction 1204
[2026-04-19T03:25:55.000Z INFO  benchmark_client] Sending sample transaction 1205
[2026-04-19T03:25:55.050Z INFO  benchmark_client] Sending sample transaction 1206
[2026-04-19T03:25:55.100Z INFO  benchmark_client] Sending sample transaction 1207
[2026-04-19T03:25:55.150Z INFO  benchmark_client] Sending sample transaction 1208
[2026-04-19T03:25:55.200Z INFO  benchmark_client] Sending sample transaction 1209
[2026-04-19T03:25:55.249Z INFO  benchmark_client] Sending sample transaction 1210
[2026-04-19T03:25:55.300Z INFO  benchmark_client] Sending sample transaction 1211
[2026-04-19T03:25:55.350Z INFO  benchmark_client] Sending sample transaction 1212
[2026-04-19T03:25:55.400Z INFO  benchmark_client] Sending sample transaction 1213
[2026-04-19T03:25:55.449Z INFO  benchmark_client] Sending sample transaction 1214
[2026-04-19T03:25:55.499Z INFO  benchmark_client] Sending sample transaction 1215
[2026-04-19T03:25:55.550Z INFO  benchmark_client] Sending sample transaction 1216
[2026-04-19T03:25:55.600Z INFO  benchmark_client] Sending sample transaction 1217
[2026-04-19T03:25:55.650Z INFO  benchmark_client] Sending sample transaction 1218
[2026-04-19T03:25:55.699Z INFO  benchmark_client] Sending sample transaction 1219
[2026-04-19T03:25:55.750Z INFO  benchmark_client] Sending sample transaction 1220
[2026-04-19T03:25:55.800Z INFO  benchmark_client] Sending sample transaction 1221
[2026-04-19T03:25:55.850Z INFO  benchmark_client] Sending sample transaction 1222
[2026-04-19T03:25:55.900Z INFO  benchmark_client] Sending sample transaction 1223
[2026-04-19T03:25:55.950Z INFO  benchmark_client] Sending sample transaction 1224
[2026-04-19T03:25:56.000Z INFO  benchmark_client] Sending sample transaction 1225
[2026-04-19T03:25:56.050Z INFO  benchmark_client] Sending sample transaction 1226
[2026-04-19T03:25:56.099Z INFO  benchmark_client] Sending sample transaction 1227
[2026-04-19T03:25:56.149Z INFO  benchmark_client] Sending sample transaction 1228
[2026-04-19T03:25:56.200Z INFO  benchmark_client] Sending sample transaction 1229
[2026-04-19T03:25:56.250Z INFO  benchmark_client] Sending sample transaction 1230
[2026-04-19T03:25:56.300Z INFO  benchmark_client] Sending sample transaction 1231
[2026-04-19T03:25:56.350Z INFO  benchmark_client] Sending sample transaction 1232
[2026-04-19T03:25:56.399Z INFO  benchmark_client] Sending sample transaction 1233
[2026-04-19T03:25:56.450Z INFO  benchmark_client] Sending sample transaction 1234
[2026-04-19T03:25:56.500Z INFO  benchmark_client] Sending sample transaction 1235
[2026-04-19T03:25:56.550Z INFO  benchmark_client] Sending sample transaction 1236
[2026-04-19T03:25:56.600Z INFO  benchmark_client] Sending sample transaction 1237
[2026-04-19T03:25:56.650Z INFO  benchmark_client] Sending sample transaction 1238
[2026-04-19T03:25:56.700Z INFO  benchmark_client] Sending sample transaction 1239
[2026-04-19T03:25:56.750Z INFO  benchmark_client] Sending sample transaction 1240
[2026-04-19T03:25:56.800Z INFO  benchmark_client] Sending sample transaction 1241
[2026-04-19T03:25:56.850Z INFO  benchmark_client] Sending sample transaction 1242
[2026-04-19T03:25:56.900Z INFO  benchmark_client] Sending sample transaction 1243
[2026-04-19T03:25:56.949Z INFO  benchmark_client] Sending sample transaction 1244
[2026-04-19T03:25:57.001Z INFO  benchmark_client] Sending sample transaction 1245
[2026-04-19T03:25:57.050Z INFO  benchmark_client] Sending sample transaction 1246
[2026-04-19T03:25:57.099Z INFO  benchmark_client] Sending sample transaction 1247
[2026-04-19T03:25:57.150Z INFO  benchmark_client] Sending sample transaction 1248
[2026-04-19T03:25:57.200Z INFO  benchmark_client] Sending sample transaction 1249
[2026-04-19T03:25:57.250Z INFO  benchmark_client] Sending sample transaction 1250
[2026-04-19T03:25:57.300Z INFO  benchmark_client] Sending sample transaction 1251
[2026-04-19T03:25:57.350Z INFO  benchmark_client] Sending sample transaction 1252
[2026-04-19T03:25:57.400Z INFO  benchmark_client] Sending sample transaction 1253
[2026-04-19T03:25:57.449Z INFO  benchmark_client] Sending sample transaction 1254
[2026-04-19T03:25:57.500Z INFO  benchmark_client] Sending sample transaction 1255
[2026-04-19T03:25:57.550Z INFO  benchmark_client] Sending sample transaction 1256
[2026-04-19T03:25:57.600Z INFO  benchmark_client] Sending sample transaction 1257
[2026-04-19T03:25:57.650Z INFO  benchmark_client] Sending sample transaction 1258
[2026-04-19T03:25:57.700Z INFO  benchmark_client] Sending sample transaction 1259
[2026-04-19T03:25:57.750Z INFO  benchmark_client] Sending sample transaction 1260
[2026-04-19T03:25:57.800Z INFO  benchmark_client] Sending sample transaction 1261
[2026-04-19T03:25:57.849Z INFO  benchmark_client] Sending sample transaction 1262
[2026-04-19T03:25:57.899Z INFO  benchmark_client] Sending sample transaction 1263
[2026-04-19T03:25:57.950Z INFO  benchmark_client] Sending sample transaction 1264
[2026-04-19T03:25:58.000Z INFO  benchmark_client] Sending sample transaction 1265
[2026-04-19T03:25:58.050Z INFO  benchmark_client] Sending sample transaction 1266
[2026-04-19T03:25:58.100Z INFO  benchmark_client] Sending sample transaction 1267
[2026-04-19T03:25:58.150Z INFO  benchmark_client] Sending sample transaction 1268
[2026-04-19T03:25:58.200Z INFO  benchmark_client] Sending sample transaction 1269
[2026-04-19T03:25:58.250Z INFO  benchmark_client] Sending sample transaction 1270
[2026-04-19T03:25:58.300Z INFO  benchmark_client] Sending sample transaction 1271
[2026-04-19T03:25:58.350Z INFO  benchmark_client] Sending sample transaction 1272
[2026-04-19T03:25:58.400Z INFO  benchmark_client] Sending sample transaction 1273
[2026-04-19T03:25:58.450Z INFO  benchmark_client] Sending sample transaction 1274
[2026-04-19T03:25:58.500Z INFO  benchmark_client] Sending sample transaction 1275
[2026-04-19T03:25:58.551Z INFO  benchmark_client] Sending sample transaction 1276
[2026-04-19T03:25:58.600Z INFO  benchmark_client] Sending sample transaction 1277
[2026-04-19T03:25:58.650Z INFO  benchmark_client] Sending sample transaction 1278
[2026-04-19T03:25:58.700Z INFO  benchmark_client] Sending sample transaction 1279
[2026-04-19T03:25:58.751Z INFO  benchmark_client] Sending sample transaction 1280
[2026-04-19T03:25:58.800Z INFO  benchmark_client] Sending sample transaction 1281
[2026-04-19T03:25:58.850Z INFO  benchmark_client] Sending sample transaction 1282
[2026-04-19T03:25:58.900Z INFO  benchmark_client] Sending sample transaction 1283
[2026-04-19T03:25:58.950Z INFO  benchmark_client] Sending sample transaction 1284
[2026-04-19T03:25:58.999Z INFO  benchmark_client] Sending sample transaction 1285
[2026-04-19T03:25:59.050Z INFO  benchmark_client] Sending sample transaction 1286
[2026-04-19T03:25:59.100Z INFO  benchmark_client] Sending sample transaction 1287
[2026-04-19T03:25:59.150Z INFO  benchmark_client] Sending sample transaction 1288
[2026-04-19T03:25:59.200Z INFO  benchmark_client] Sending sample transaction 1289
[2026-04-19T03:25:59.249Z INFO  benchmark_client] Sending sample transaction 1290
[2026-04-19T03:25:59.300Z INFO  benchmark_client] Sending sample transaction 1291
[2026-04-19T03:25:59.350Z INFO  benchmark_client] Sending sample transaction 1292
[2026-04-19T03:25:59.399Z INFO  benchmark_client] Sending sample transaction 1293
[2026-04-19T03:25:59.449Z INFO  benchmark_client] Sending sample transaction 1294
[2026-04-19T03:25:59.500Z INFO  benchmark_client] Sending sample transaction 1295
[2026-04-19T03:25:59.550Z INFO  benchmark_client] Sending sample transaction 1296
[2026-04-19T03:25:59.600Z INFO  benchmark_client] Sending sample transaction 1297
[2026-04-19T03:25:59.650Z INFO  benchmark_client] Sending sample transaction 1298
[2026-04-19T03:25:59.700Z INFO  benchmark_client] Sending sample transaction 1299
[2026-04-19T03:25:59.749Z INFO  benchmark_client] Sending sample transaction 1300
[2026-04-19T03:25:59.799Z INFO  benchmark_client] Sending sample transaction 1301
[2026-04-19T03:25:59.850Z INFO  benchmark_client] Sending sample transaction 1302
[2026-04-19T03:25:59.900Z INFO  benchmark_client] Sending sample transaction 1303
[2026-04-19T03:25:59.951Z INFO  benchmark_client] Sending sample transaction 1304
[2026-04-19T03:26:00.000Z INFO  benchmark_client] Sending sample transaction 1305
[2026-04-19T03:26:00.051Z INFO  benchmark_client] Sending sample transaction 1306
[2026-04-19T03:26:00.101Z INFO  benchmark_client] Sending sample transaction 1307
[2026-04-19T03:26:00.150Z INFO  benchmark_client] Sending sample transaction 1308
[2026-04-19T03:26:00.200Z INFO  benchmark_client] Sending sample transaction 1309
[2026-04-19T03:26:00.250Z INFO  benchmark_client] Sending sample transaction 1310
[2026-04-19T03:26:00.300Z INFO  benchmark_client] Sending sample transaction 1311
[2026-04-19T03:26:00.350Z INFO  benchmark_client] Sending sample transaction 1312
[2026-04-19T03:26:00.400Z INFO  benchmark_client] Sending sample transaction 1313
[2026-04-19T03:26:00.450Z INFO  benchmark_client] Sending sample transaction 1314
[2026-04-19T03:26:00.500Z INFO  benchmark_client] Sending sample transaction 1315
[2026-04-19T03:26:00.550Z INFO  benchmark_client] Sending sample transaction 1316
[2026-04-19T03:26:00.600Z INFO  benchmark_client] Sending sample transaction 1317
[2026-04-19T03:26:00.650Z INFO  benchmark_client] Sending sample transaction 1318
[2026-04-19T03:26:00.700Z INFO  benchmark_client] Sending sample transaction 1319
[2026-04-19T03:26:00.750Z INFO  benchmark_client] Sending sample transaction 1320
[2026-04-19T03:26:00.800Z INFO  benchmark_client] Sending sample transaction 1321
[2026-04-19T03:26:00.850Z INFO  benchmark_client] Sending sample transaction 1322
[2026-04-19T03:26:00.900Z INFO  benchmark_client] Sending sample transaction 1323
[2026-04-19T03:26:00.951Z INFO  benchmark_client] Sending sample transaction 1324
[2026-04-19T03:26:01.000Z INFO  benchmark_client] Sending sample transaction 1325
[2026-04-19T03:26:01.050Z INFO  benchmark_client] Sending sample transaction 1326
[2026-04-19T03:26:01.100Z INFO  benchmark_client] Sending sample transaction 1327
[2026-04-19T03:26:01.151Z INFO  benchmark_client] Sending sample transaction 1328
[2026-04-19T03:26:01.201Z INFO  benchmark_client] Sending sample transaction 1329
[2026-04-19T03:26:01.250Z INFO  benchmark_client] Sending sample transaction 1330
[2026-04-19T03:26:01.301Z INFO  benchmark_client] Sending sample transaction 1331
[2026-04-19T03:26:01.350Z INFO  benchmark_client] Sending sample transaction 1332
[2026-04-19T03:26:01.401Z INFO  benchmark_client] Sending sample transaction 1333
[2026-04-19T03:26:01.450Z INFO  benchmark_client] Sending sample transaction 1334
[2026-04-19T03:26:01.500Z INFO  benchmark_client] Sending sample transaction 1335
[2026-04-19T03:26:01.550Z INFO  benchmark_client] Sending sample transaction 1336
[2026-04-19T03:26:01.600Z INFO  benchmark_client] Sending sample transaction 1337
[2026-04-19T03:26:01.650Z INFO  benchmark_client] Sending sample transaction 1338
[2026-04-19T03:26:01.700Z INFO  benchmark_client] Sending sample transaction 1339
[2026-04-19T03:26:01.750Z INFO  benchmark_client] Sending sample transaction 1340
[2026-04-19T03:26:01.800Z INFO  benchmark_client] Sending sample transaction 1341
[2026-04-19T03:26:01.850Z INFO  benchmark_client] Sending sample transaction 1342
[2026-04-19T03:26:01.901Z INFO  benchmark_client] Sending sample transaction 1343
[2026-04-19T03:26:01.950Z INFO  benchmark_client] Sending sample transaction 1344
[2026-04-19T03:26:02.000Z INFO  benchmark_client] Sending sample transaction 1345
[2026-04-19T03:26:02.050Z INFO  benchmark_client] Sending sample transaction 1346
[2026-04-19T03:26:02.100Z INFO  benchmark_client] Sending sample transaction 1347
[2026-04-19T03:26:02.150Z INFO  benchmark_client] Sending sample transaction 1348
[2026-04-19T03:26:02.200Z INFO  benchmark_client] Sending sample transaction 1349
[2026-04-19T03:26:02.250Z INFO  benchmark_client] Sending sample transaction 1350
[2026-04-19T03:26:02.300Z INFO  benchmark_client] Sending sample transaction 1351
[2026-04-19T03:26:02.350Z INFO  benchmark_client] Sending sample transaction 1352
[2026-04-19T03:26:02.400Z INFO  benchmark_client] Sending sample transaction 1353
[2026-04-19T03:26:02.451Z INFO  benchmark_client] Sending sample transaction 1354
[2026-04-19T03:26:02.500Z INFO  benchmark_client] Sending sample transaction 1355
[2026-04-19T03:26:02.550Z INFO  benchmark_client] Sending sample transaction 1356
[2026-04-19T03:26:02.600Z INFO  benchmark_client] Sending sample transaction 1357
[2026-04-19T03:26:02.651Z INFO  benchmark_client] Sending sample transaction 1358
[2026-04-19T03:26:02.700Z INFO  benchmark_client] Sending sample transaction 1359
[2026-04-19T03:26:02.750Z INFO  benchmark_client] Sending sample transaction 1360
[2026-04-19T03:26:02.800Z INFO  benchmark_client] Sending sample transaction 1361
[2026-04-19T03:26:02.850Z INFO  benchmark_client] Sending sample transaction 1362
[2026-04-19T03:26:02.900Z INFO  benchmark_client] Sending sample transaction 1363
[2026-04-19T03:26:02.950Z INFO  benchmark_client] Sending sample transaction 1364
[2026-04-19T03:26:03.000Z INFO  benchmark_client] Sending sample transaction 1365
[2026-04-19T03:26:03.050Z INFO  benchmark_client] Sending sample transaction 1366
[2026-04-19T03:26:03.101Z INFO  benchmark_client] Sending sample transaction 1367
[2026-04-19T03:26:03.150Z INFO  benchmark_client] Sending sample transaction 1368
[2026-04-19T03:26:03.200Z INFO  benchmark_client] Sending sample transaction 1369
[2026-04-19T03:26:03.251Z INFO  benchmark_client] Sending sample transaction 1370
[2026-04-19T03:26:03.300Z INFO  benchmark_client] Sending sample transaction 1371
[2026-04-19T03:26:03.350Z INFO  benchmark_client] Sending sample transaction 1372
[2026-04-19T03:26:03.400Z INFO  benchmark_client] Sending sample transaction 1373
[2026-04-19T03:26:03.450Z INFO  benchmark_client] Sending sample transaction 1374
[2026-04-19T03:26:03.500Z INFO  benchmark_client] Sending sample transaction 1375
[2026-04-19T03:26:03.550Z INFO  benchmark_client] Sending sample transaction 1376
[2026-04-19T03:26:03.600Z INFO  benchmark_client] Sending sample transaction 1377
[2026-04-19T03:26:03.650Z INFO  benchmark_client] Sending sample transaction 1378
[2026-04-19T03:26:03.700Z INFO  benchmark_client] Sending sample transaction 1379
[2026-04-19T03:26:03.750Z INFO  benchmark_client] Sending sample transaction 1380
[2026-04-19T03:26:03.800Z INFO  benchmark_client] Sending sample transaction 1381
[2026-04-19T03:26:03.850Z INFO  benchmark_client] Sending sample transaction 1382
[2026-04-19T03:26:03.900Z INFO  benchmark_client] Sending sample transaction 1383
[2026-04-19T03:26:03.950Z INFO  benchmark_client] Sending sample transaction 1384
[2026-04-19T03:26:04.000Z INFO  benchmark_client] Sending sample transaction 1385
[2026-04-19T03:26:04.050Z INFO  benchmark_client] Sending sample transaction 1386
[2026-04-19T03:26:04.101Z INFO  benchmark_client] Sending sample transaction 1387
[2026-04-19T03:26:04.151Z INFO  benchmark_client] Sending sample transaction 1388
[2026-04-19T03:26:04.201Z INFO  benchmark_client] Sending sample transaction 1389
[2026-04-19T03:26:04.250Z INFO  benchmark_client] Sending sample transaction 1390
[2026-04-19T03:26:04.300Z INFO  benchmark_client] Sending sample transaction 1391
[2026-04-19T03:26:04.351Z INFO  benchmark_client] Sending sample transaction 1392
[2026-04-19T03:26:04.401Z INFO  benchmark_client] Sending sample transaction 1393
[2026-04-19T03:26:04.450Z INFO  benchmark_client] Sending sample transaction 1394
[2026-04-19T03:26:04.500Z INFO  benchmark_client] Sending sample transaction 1395
[2026-04-19T03:26:04.550Z INFO  benchmark_client] Sending sample transaction 1396
[2026-04-19T03:26:04.600Z INFO  benchmark_client] Sending sample transaction 1397
[2026-04-19T03:26:04.651Z INFO  benchmark_client] Sending sample transaction 1398
[2026-04-19T03:26:04.701Z INFO  benchmark_client] Sending sample transaction 1399
[2026-04-19T03:26:04.750Z INFO  benchmark_client] Sending sample transaction 1400
[2026-04-19T03:26:04.800Z INFO  benchmark_client] Sending sample transaction 1401
[2026-04-19T03:26:04.851Z INFO  benchmark_client] Sending sample transaction 1402
[2026-04-19T03:26:04.901Z INFO  benchmark_client] Sending sample transaction 1403
[2026-04-19T03:26:04.951Z INFO  benchmark_client] Sending sample transaction 1404
[2026-04-19T03:26:05.001Z INFO  benchmark_client] Sending sample transaction 1405
[2026-04-19T03:26:05.051Z INFO  benchmark_client] Sending sample transaction 1406
[2026-04-19T03:26:05.101Z INFO  benchmark_client] Sending sample transaction 1407
[2026-04-19T03:26:05.150Z INFO  benchmark_client] Sending sample transaction 1408
[2026-04-19T03:26:05.201Z INFO  benchmark_client] Sending sample transaction 1409
[2026-04-19T03:26:05.251Z INFO  benchmark_client] Sending sample transaction 1410
[2026-04-19T03:26:05.304Z WARN  benchmark_client] Transaction rate too high for this client
[2026-04-19T03:26:05.305Z INFO  benchmark_client] Sending sample transaction 1411
[2026-04-19T03:26:05.350Z INFO  benchmark_client] Sending sample transaction 1412
[2026-04-19T03:26:05.401Z INFO  benchmark_client] Sending sample transaction 1413
[2026-04-19T03:26:05.451Z INFO  benchmark_client] Sending sample transaction 1414
[2026-04-19T03:26:05.500Z INFO  benchmark_client] Sending sample transaction 1415
[2026-04-19T03:26:05.550Z INFO  benchmark_client] Sending sample transaction 1416
[2026-04-19T03:26:05.600Z INFO  benchmark_client] Sending sample transaction 1417
[2026-04-19T03:26:05.650Z INFO  benchmark_client] Sending sample transaction 1418
[2026-04-19T03:26:05.700Z INFO  benchmark_client] Sending sample transaction 1419
[2026-04-19T03:26:05.750Z INFO  benchmark_client] Sending sample transaction 1420
[2026-04-19T03:26:05.800Z INFO  benchmark_client] Sending sample transaction 1421
[2026-04-19T03:26:05.851Z INFO  benchmark_client] Sending sample transaction 1422
[2026-04-19T03:26:05.900Z INFO  benchmark_client] Sending sample transaction 1423
[2026-04-19T03:26:05.950Z INFO  benchmark_client] Sending sample transaction 1424
[2026-04-19T03:26:06.000Z INFO  benchmark_client] Sending sample transaction 1425
[2026-04-19T03:26:06.050Z INFO  benchmark_client] Sending sample transaction 1426
[2026-04-19T03:26:06.100Z INFO  benchmark_client] Sending sample transaction 1427
[2026-04-19T03:26:06.150Z INFO  benchmark_client] Sending sample transaction 1428
[2026-04-19T03:26:06.200Z INFO  benchmark_client] Sending sample transaction 1429
[2026-04-19T03:26:06.250Z INFO  benchmark_client] Sending sample transaction 1430
[2026-04-19T03:26:06.301Z INFO  benchmark_client] Sending sample transaction 1431
[2026-04-19T03:26:06.351Z INFO  benchmark_client] Sending sample transaction 1432
[2026-04-19T03:26:06.400Z INFO  benchmark_client] Sending sample transaction 1433
[2026-04-19T03:26:06.451Z INFO  benchmark_client] Sending sample transaction 1434
[2026-04-19T03:26:06.500Z INFO  benchmark_client] Sending sample transaction 1435
[2026-04-19T03:26:06.550Z INFO  benchmark_client] Sending sample transaction 1436
[2026-04-19T03:26:06.601Z INFO  benchmark_client] Sending sample transaction 1437
[2026-04-19T03:26:06.651Z INFO  benchmark_client] Sending sample transaction 1438
[2026-04-19T03:26:06.700Z INFO  benchmark_client] Sending sample transaction 1439
[2026-04-19T03:26:06.750Z INFO  benchmark_client] Sending sample transaction 1440
[2026-04-19T03:26:06.800Z INFO  benchmark_client] Sending sample transaction 1441
[2026-04-19T03:26:06.851Z INFO  benchmark_client] Sending sample transaction 1442
[2026-04-19T03:26:06.900Z INFO  benchmark_client] Sending sample transaction 1443
[2026-04-19T03:26:06.951Z INFO  benchmark_client] Sending sample transaction 1444
[2026-04-19T03:26:07.000Z INFO  benchmark_client] Sending sample transaction 1445
[2026-04-19T03:26:07.050Z INFO  benchmark_client] Sending sample transaction 1446
[2026-04-19T03:26:07.100Z INFO  benchmark_client] Sending sample transaction 1447
[2026-04-19T03:26:07.150Z INFO  benchmark_client] Sending sample transaction 1448
[2026-04-19T03:26:07.200Z INFO  benchmark_client] Sending sample transaction 1449
[2026-04-19T03:26:07.250Z INFO  benchmark_client] Sending sample transaction 1450
[2026-04-19T03:26:07.300Z INFO  benchmark_client] Sending sample transaction 1451
[2026-04-19T03:26:07.350Z INFO  benchmark_client] Sending sample transaction 1452
[2026-04-19T03:26:07.401Z INFO  benchmark_client] Sending sample transaction 1453
[2026-04-19T03:26:07.450Z INFO  benchmark_client] Sending sample transaction 1454
[2026-04-19T03:26:07.500Z INFO  benchmark_client] Sending sample transaction 1455
[2026-04-19T03:26:07.550Z INFO  benchmark_client] Sending sample transaction 1456
[2026-04-19T03:26:07.601Z INFO  benchmark_client] Sending sample transaction 1457
[2026-04-19T03:26:07.651Z INFO  benchmark_client] Sending sample transaction 1458
[2026-04-19T03:26:07.701Z INFO  benchmark_client] Sending sample transaction 1459
[2026-04-19T03:26:07.752Z INFO  benchmark_client] Sending sample transaction 1460
[2026-04-19T03:26:07.801Z INFO  benchmark_client] Sending sample transaction 1461
[2026-04-19T03:26:07.850Z INFO  benchmark_client] Sending sample transaction 1462
[2026-04-19T03:26:07.901Z INFO  benchmark_client] Sending sample transaction 1463
[2026-04-19T03:26:07.950Z INFO  benchmark_client] Sending sample transaction 1464
[2026-04-19T03:26:08.001Z INFO  benchmark_client] Sending sample transaction 1465
[2026-04-19T03:26:08.051Z INFO  benchmark_client] Sending sample transaction 1466
[2026-04-19T03:26:08.101Z INFO  benchmark_client] Sending sample transaction 1467
[2026-04-19T03:26:08.151Z INFO  benchmark_client] Sending sample transaction 1468
[2026-04-19T03:26:08.201Z INFO  benchmark_client] Sending sample transaction 1469
[2026-04-19T03:26:08.251Z INFO  benchmark_client] Sending sample transaction 1470
[2026-04-19T03:26:08.301Z INFO  benchmark_client] Sending sample transaction 1471
[2026-04-19T03:26:08.350Z INFO  benchmark_client] Sending sample transaction 1472
[2026-04-19T03:26:08.401Z INFO  benchmark_client] Sending sample transaction 1473
[2026-04-19T03:26:08.450Z INFO  benchmark_client] Sending sample transaction 1474
[2026-04-19T03:26:08.501Z INFO  benchmark_client] Sending sample transaction 1475
[2026-04-19T03:26:08.551Z INFO  benchmark_client] Sending sample transaction 1476
[2026-04-19T03:26:08.601Z INFO  benchmark_client] Sending sample transaction 1477
[2026-04-19T03:26:08.651Z INFO  benchmark_client] Sending sample transaction 1478
[2026-04-19T03:26:08.701Z INFO  benchmark_client] Sending sample transaction 1479
[2026-04-19T03:26:08.751Z INFO  benchmark_client] Sending sample transaction 1480
[2026-04-19T03:26:08.801Z INFO  benchmark_client] Sending sample transaction 1481
[2026-04-19T03:26:08.851Z INFO  benchmark_client] Sending sample transaction 1482
[2026-04-19T03:26:08.901Z INFO  benchmark_client] Sending sample transaction 1483
[2026-04-19T03:26:08.951Z INFO  benchmark_client] Sending sample transaction 1484
[2026-04-19T03:26:09.000Z INFO  benchmark_client] Sending sample transaction 1485
[2026-04-19T03:26:09.050Z INFO  benchmark_client] Sending sample transaction 1486
[2026-04-19T03:26:09.100Z INFO  benchmark_client] Sending sample transaction 1487
[2026-04-19T03:26:09.151Z INFO  benchmark_client] Sending sample transaction 1488
[2026-04-19T03:26:09.200Z INFO  benchmark_client] Sending sample transaction 1489
[2026-04-19T03:26:09.250Z INFO  benchmark_client] Sending sample transaction 1490
[2026-04-19T03:26:09.300Z INFO  benchmark_client] Sending sample transaction 1491
[2026-04-19T03:26:09.350Z INFO  benchmark_client] Sending sample transaction 1492
[2026-04-19T03:26:09.400Z INFO  benchmark_client] Sending sample transaction 1493
[2026-04-19T03:26:09.451Z INFO  benchmark_client] Sending sample transaction 1494
[2026-04-19T03:26:09.500Z INFO  benchmark_client] Sending sample transaction 1495
[2026-04-19T03:26:09.550Z INFO  benchmark_client] Sending sample transaction 1496
[2026-04-19T03:26:09.600Z INFO  benchmark_client] Sending sample transaction 1497
[2026-04-19T03:26:09.650Z INFO  benchmark_client] Sending sample transaction 1498
[2026-04-19T03:26:09.700Z INFO  benchmark_client] Sending sample transaction 1499
[2026-04-19T03:26:09.751Z INFO  benchmark_client] Sending sample transaction 1500
[2026-04-19T03:26:09.801Z INFO  benchmark_client] Sending sample transaction 1501
[2026-04-19T03:26:09.850Z INFO  benchmark_client] Sending sample transaction 1502
[2026-04-19T03:26:09.900Z INFO  benchmark_client] Sending sample transaction 1503
[2026-04-19T03:26:09.950Z INFO  benchmark_client] Sending sample transaction 1504
[2026-04-19T03:26:10.000Z INFO  benchmark_client] Sending sample transaction 1505
[2026-04-19T03:26:10.050Z INFO  benchmark_client] Sending sample transaction 1506
[2026-04-19T03:26:10.100Z INFO  benchmark_client] Sending sample transaction 1507
[2026-04-19T03:26:10.151Z INFO  benchmark_client] Sending sample transaction 1508
[2026-04-19T03:26:10.201Z INFO  benchmark_client] Sending sample transaction 1509
[2026-04-19T03:26:10.250Z INFO  benchmark_client] Sending sample transaction 1510
[2026-04-19T03:26:10.300Z INFO  benchmark_client] Sending sample transaction 1511
[2026-04-19T03:26:10.351Z INFO  benchmark_client] Sending sample transaction 1512
[2026-04-19T03:26:10.401Z INFO  benchmark_client] Sending sample transaction 1513
[2026-04-19T03:26:10.452Z INFO  benchmark_client] Sending sample transaction 1514
[2026-04-19T03:26:10.500Z INFO  benchmark_client] Sending sample transaction 1515
[2026-04-19T03:26:10.550Z INFO  benchmark_client] Sending sample transaction 1516
[2026-04-19T03:26:10.602Z INFO  benchmark_client] Sending sample transaction 1517
[2026-04-19T03:26:10.651Z INFO  benchmark_client] Sending sample transaction 1518
[2026-04-19T03:26:10.701Z INFO  benchmark_client] Sending sample transaction 1519
[2026-04-19T03:26:10.750Z INFO  benchmark_client] Sending sample transaction 1520
[2026-04-19T03:26:10.801Z INFO  benchmark_client] Sending sample transaction 1521
[2026-04-19T03:26:10.851Z INFO  benchmark_client] Sending sample transaction 1522
[2026-04-19T03:26:10.900Z INFO  benchmark_client] Sending sample transaction 1523
[2026-04-19T03:26:10.952Z INFO  benchmark_client] Sending sample transaction 1524
[2026-04-19T03:26:11.000Z INFO  benchmark_client] Sending sample transaction 1525
[2026-04-19T03:26:11.050Z INFO  benchmark_client] Sending sample transaction 1526
[2026-04-19T03:26:11.101Z INFO  benchmark_client] Sending sample transaction 1527
[2026-04-19T03:26:11.151Z INFO  benchmark_client] Sending sample transaction 1528
[2026-04-19T03:26:11.200Z INFO  benchmark_client] Sending sample transaction 1529
[2026-04-19T03:26:11.250Z INFO  benchmark_client] Sending sample transaction 1530
[2026-04-19T03:26:11.300Z INFO  benchmark_client] Sending sample transaction 1531
[2026-04-19T03:26:11.350Z INFO  benchmark_client] Sending sample transaction 1532
[2026-04-19T03:26:11.400Z INFO  benchmark_client] Sending sample transaction 1533
[2026-04-19T03:26:11.450Z INFO  benchmark_client] Sending sample transaction 1534
[2026-04-19T03:26:11.500Z INFO  benchmark_client] Sending sample transaction 1535
[2026-04-19T03:26:11.551Z INFO  benchmark_client] Sending sample transaction 1536
[2026-04-19T03:26:11.601Z INFO  benchmark_client] Sending sample transaction 1537
[2026-04-19T03:26:11.651Z INFO  benchmark_client] Sending sample transaction 1538
[2026-04-19T03:26:11.701Z INFO  benchmark_client] Sending sample transaction 1539
[2026-04-19T03:26:11.751Z INFO  benchmark_client] Sending sample transaction 1540
[2026-04-19T03:26:11.800Z INFO  benchmark_client] Sending sample transaction 1541
[2026-04-19T03:26:11.850Z INFO  benchmark_client] Sending sample transaction 1542
[2026-04-19T03:26:11.900Z INFO  benchmark_client] Sending sample transaction 1543
[2026-04-19T03:26:11.950Z INFO  benchmark_client] Sending sample transaction 1544
[2026-04-19T03:26:12.000Z INFO  benchmark_client] Sending sample transaction 1545
[2026-04-19T03:26:12.050Z INFO  benchmark_client] Sending sample transaction 1546
[2026-04-19T03:26:12.100Z INFO  benchmark_client] Sending sample transaction 1547
[2026-04-19T03:26:12.151Z INFO  benchmark_client] Sending sample transaction 1548
[2026-04-19T03:26:12.201Z INFO  benchmark_client] Sending sample transaction 1549
[2026-04-19T03:26:12.250Z INFO  benchmark_client] Sending sample transaction 1550
[2026-04-19T03:26:12.300Z INFO  benchmark_client] Sending sample transaction 1551
[2026-04-19T03:26:12.350Z INFO  benchmark_client] Sending sample transaction 1552
[2026-04-19T03:26:12.401Z INFO  benchmark_client] Sending sample transaction 1553
[2026-04-19T03:26:12.451Z INFO  benchmark_client] Sending sample transaction 1554
[2026-04-19T03:26:12.501Z INFO  benchmark_client] Sending sample transaction 1555
[2026-04-19T03:26:12.551Z INFO  benchmark_client] Sending sample transaction 1556
[2026-04-19T03:26:12.601Z INFO  benchmark_client] Sending sample transaction 1557
[2026-04-19T03:26:12.652Z INFO  benchmark_client] Sending sample transaction 1558
[2026-04-19T03:26:12.702Z INFO  benchmark_client] Sending sample transaction 1559
[2026-04-19T03:26:12.751Z INFO  benchmark_client] Sending sample transaction 1560
[2026-04-19T03:26:12.800Z INFO  benchmark_client] Sending sample transaction 1561
[2026-04-19T03:26:12.850Z INFO  benchmark_client] Sending sample transaction 1562
[2026-04-19T03:26:12.900Z INFO  benchmark_client] Sending sample transaction 1563
[2026-04-19T03:26:12.950Z INFO  benchmark_client] Sending sample transaction 1564
[2026-04-19T03:26:13.000Z INFO  benchmark_client] Sending sample transaction 1565
[2026-04-19T03:26:13.050Z INFO  benchmark_client] Sending sample transaction 1566
[2026-04-19T03:26:13.101Z INFO  benchmark_client] Sending sample transaction 1567
[2026-04-19T03:26:13.151Z INFO  benchmark_client] Sending sample transaction 1568
[2026-04-19T03:26:13.200Z INFO  benchmark_client] Sending sample transaction 1569
[2026-04-19T03:26:13.250Z INFO  benchmark_client] Sending sample transaction 1570
[2026-04-19T03:26:13.300Z INFO  benchmark_client] Sending sample transaction 1571
[2026-04-19T03:26:13.350Z INFO  benchmark_client] Sending sample transaction 1572
[2026-04-19T03:26:13.400Z INFO  benchmark_client] Sending sample transaction 1573
[2026-04-19T03:26:13.450Z INFO  benchmark_client] Sending sample transaction 1574
[2026-04-19T03:26:13.500Z INFO  benchmark_client] Sending sample transaction 1575
[2026-04-19T03:26:13.551Z INFO  benchmark_client] Sending sample transaction 1576
[2026-04-19T03:26:13.601Z INFO  benchmark_client] Sending sample transaction 1577
[2026-04-19T03:26:13.650Z INFO  benchmark_client] Sending sample transaction 1578
[2026-04-19T03:26:13.701Z INFO  benchmark_client] Sending sample transaction 1579
[2026-04-19T03:26:13.750Z INFO  benchmark_client] Sending sample transaction 1580
[2026-04-19T03:26:13.801Z INFO  benchmark_client] Sending sample transaction 1581
[2026-04-19T03:26:13.851Z INFO  benchmark_client] Sending sample transaction 1582
[2026-04-19T03:26:13.901Z INFO  benchmark_client] Sending sample transaction 1583
[2026-04-19T03:26:13.951Z INFO  benchmark_client] Sending sample transaction 1584
[2026-04-19T03:26:14.001Z INFO  benchmark_client] Sending sample transaction 1585
[2026-04-19T03:26:14.051Z INFO  benchmark_client] Sending sample transaction 1586
[2026-04-19T03:26:14.101Z INFO  benchmark_client] Sending sample transaction 1587
[2026-04-19T03:26:14.150Z INFO  benchmark_client] Sending sample transaction 1588
[2026-04-19T03:26:14.201Z INFO  benchmark_client] Sending sample transaction 1589
[2026-04-19T03:26:14.251Z INFO  benchmark_client] Sending sample transaction 1590
[2026-04-19T03:26:14.301Z INFO  benchmark_client] Sending sample transaction 1591
[2026-04-19T03:26:14.352Z INFO  benchmark_client] Sending sample transaction 1592
[2026-04-19T03:26:14.401Z INFO  benchmark_client] Sending sample transaction 1593
[2026-04-19T03:26:14.452Z INFO  benchmark_client] Sending sample transaction 1594
[2026-04-19T03:26:14.502Z INFO  benchmark_client] Sending sample transaction 1595
[2026-04-19T03:26:14.552Z INFO  benchmark_client] Sending sample transaction 1596
[2026-04-19T03:26:14.601Z INFO  benchmark_client] Sending sample transaction 1597
[2026-04-19T03:26:14.652Z INFO  benchmark_client] Sending sample transaction 1598
[2026-04-19T03:26:14.702Z INFO  benchmark_client] Sending sample transaction 1599
[2026-04-19T03:26:14.750Z INFO  benchmark_client] Sending sample transaction 1600
[2026-04-19T03:26:14.800Z INFO  benchmark_client] Sending sample transaction 1601
[2026-04-19T03:26:14.850Z INFO  benchmark_client] Sending sample transaction 1602
[2026-04-19T03:26:14.899Z INFO  benchmark_client] Sending sample transaction 1603
[2026-04-19T03:26:14.949Z INFO  benchmark_client] Sending sample transaction 1604
[2026-04-19T03:26:14.999Z INFO  benchmark_client] Sending sample transaction 1605
[2026-04-19T03:26:15.049Z INFO  benchmark_client] Sending sample transaction 1606
[2026-04-19T03:26:15.099Z INFO  benchmark_client] Sending sample transaction 1607
[2026-04-19T03:26:15.149Z INFO  benchmark_client] Sending sample transaction 1608
[2026-04-19T03:26:15.199Z INFO  benchmark_client] Sending sample transaction 1609
[2026-04-19T03:26:15.249Z INFO  benchmark_client] Sending sample transaction 1610
[2026-04-19T03:26:15.299Z INFO  benchmark_client] Sending sample transaction 1611
[2026-04-19T03:26:15.350Z INFO  benchmark_client] Sending sample transaction 1612
[2026-04-19T03:26:15.400Z INFO  benchmark_client] Sending sample transaction 1613
[2026-04-19T03:26:15.450Z INFO  benchmark_client] Sending sample transaction 1614
[2026-04-19T03:26:15.500Z INFO  benchmark_client] Sending sample transaction 1615
[2026-04-19T03:26:15.550Z INFO  benchmark_client] Sending sample transaction 1616
[2026-04-19T03:26:15.600Z INFO  benchmark_client] Sending sample transaction 1617
[2026-04-19T03:26:15.650Z INFO  benchmark_client] Sending sample transaction 1618
[2026-04-19T03:26:15.699Z INFO  benchmark_client] Sending sample transaction 1619
[2026-04-19T03:26:15.750Z INFO  benchmark_client] Sending sample transaction 1620
[2026-04-19T03:26:15.800Z INFO  benchmark_client] Sending sample transaction 1621
[2026-04-19T03:26:15.849Z INFO  benchmark_client] Sending sample transaction 1622
[2026-04-19T03:26:15.900Z INFO  benchmark_client] Sending sample transaction 1623
[2026-04-19T03:26:15.950Z INFO  benchmark_client] Sending sample transaction 1624
[2026-04-19T03:26:16.000Z INFO  benchmark_client] Sending sample transaction 1625
[2026-04-19T03:26:16.050Z INFO  benchmark_client] Sending sample transaction 1626
[2026-04-19T03:26:16.100Z INFO  benchmark_client] Sending sample transaction 1627
[2026-04-19T03:26:16.150Z INFO  benchmark_client] Sending sample transaction 1628
[2026-04-19T03:26:16.199Z INFO  benchmark_client] Sending sample transaction 1629
[2026-04-19T03:26:16.249Z INFO  benchmark_client] Sending sample transaction 1630
[2026-04-19T03:26:16.300Z INFO  benchmark_client] Sending sample transaction 1631
[2026-04-19T03:26:16.350Z INFO  benchmark_client] Sending sample transaction 1632
[2026-04-19T03:26:16.400Z INFO  benchmark_client] Sending sample transaction 1633
[2026-04-19T03:26:16.450Z INFO  benchmark_client] Sending sample transaction 1634
[2026-04-19T03:26:16.500Z INFO  benchmark_client] Sending sample transaction 1635
[2026-04-19T03:26:16.550Z INFO  benchmark_client] Sending sample transaction 1636
[2026-04-19T03:26:16.600Z INFO  benchmark_client] Sending sample transaction 1637
[2026-04-19T03:26:16.650Z INFO  benchmark_client] Sending sample transaction 1638
[2026-04-19T03:26:16.700Z INFO  benchmark_client] Sending sample transaction 1639
[2026-04-19T03:26:16.750Z INFO  benchmark_client] Sending sample transaction 1640
[2026-04-19T03:26:16.800Z INFO  benchmark_client] Sending sample transaction 1641
[2026-04-19T03:26:16.850Z INFO  benchmark_client] Sending sample transaction 1642
[2026-04-19T03:26:16.900Z INFO  benchmark_client] Sending sample transaction 1643
[2026-04-19T03:26:16.950Z INFO  benchmark_client] Sending sample transaction 1644
[2026-04-19T03:26:16.999Z INFO  benchmark_client] Sending sample transaction 1645
[2026-04-19T03:26:17.049Z INFO  benchmark_client] Sending sample transaction 1646
[2026-04-19T03:26:17.100Z INFO  benchmark_client] Sending sample transaction 1647
[2026-04-19T03:26:17.150Z INFO  benchmark_client] Sending sample transaction 1648
[2026-04-19T03:26:17.200Z INFO  benchmark_client] Sending sample transaction 1649
[2026-04-19T03:26:17.250Z INFO  benchmark_client] Sending sample transaction 1650
[2026-04-19T03:26:17.300Z INFO  benchmark_client] Sending sample transaction 1651
[2026-04-19T03:26:17.350Z INFO  benchmark_client] Sending sample transaction 1652
[2026-04-19T03:26:17.400Z INFO  benchmark_client] Sending sample transaction 1653
[2026-04-19T03:26:17.450Z INFO  benchmark_client] Sending sample transaction 1654
[2026-04-19T03:26:17.500Z INFO  benchmark_client] Sending sample transaction 1655
[2026-04-19T03:26:17.550Z INFO  benchmark_client] Sending sample transaction 1656
[2026-04-19T03:26:17.600Z INFO  benchmark_client] Sending sample transaction 1657
[2026-04-19T03:26:17.651Z INFO  benchmark_client] Sending sample transaction 1658
[2026-04-19T03:26:17.700Z INFO  benchmark_client] Sending sample transaction 1659
[2026-04-19T03:26:17.749Z INFO  benchmark_client] Sending sample transaction 1660
[2026-04-19T03:26:17.799Z INFO  benchmark_client] Sending sample transaction 1661
[2026-04-19T03:26:17.850Z INFO  benchmark_client] Sending sample transaction 1662
[2026-04-19T03:26:17.900Z INFO  benchmark_client] Sending sample transaction 1663
[2026-04-19T03:26:17.950Z INFO  benchmark_client] Sending sample transaction 1664
[2026-04-19T03:26:18.000Z INFO  benchmark_client] Sending sample transaction 1665
[2026-04-19T03:26:18.050Z INFO  benchmark_client] Sending sample transaction 1666
[2026-04-19T03:26:18.099Z INFO  benchmark_client] Sending sample transaction 1667
[2026-04-19T03:26:18.150Z INFO  benchmark_client] Sending sample transaction 1668
[2026-04-19T03:26:18.200Z INFO  benchmark_client] Sending sample transaction 1669
[2026-04-19T03:26:18.249Z INFO  benchmark_client] Sending sample transaction 1670
[2026-04-19T03:26:18.300Z INFO  benchmark_client] Sending sample transaction 1671
[2026-04-19T03:26:18.350Z INFO  benchmark_client] Sending sample transaction 1672
[2026-04-19T03:26:18.399Z INFO  benchmark_client] Sending sample transaction 1673
[2026-04-19T03:26:18.450Z INFO  benchmark_client] Sending sample transaction 1674
[2026-04-19T03:26:18.500Z INFO  benchmark_client] Sending sample transaction 1675
[2026-04-19T03:26:18.550Z INFO  benchmark_client] Sending sample transaction 1676
[2026-04-19T03:26:18.600Z INFO  benchmark_client] Sending sample transaction 1677
[2026-04-19T03:26:18.650Z INFO  benchmark_client] Sending sample transaction 1678
[2026-04-19T03:26:18.700Z INFO  benchmark_client] Sending sample transaction 1679
[2026-04-19T03:26:18.750Z INFO  benchmark_client] Sending sample transaction 1680
[2026-04-19T03:26:18.800Z INFO  benchmark_client] Sending sample transaction 1681
[2026-04-19T03:26:18.850Z INFO  benchmark_client] Sending sample transaction 1682
[2026-04-19T03:26:18.899Z INFO  benchmark_client] Sending sample transaction 1683
[2026-04-19T03:26:18.950Z INFO  benchmark_client] Sending sample transaction 1684
[2026-04-19T03:26:19.000Z INFO  benchmark_client] Sending sample transaction 1685
[2026-04-19T03:26:19.050Z INFO  benchmark_client] Sending sample transaction 1686
[2026-04-19T03:26:19.101Z INFO  benchmark_client] Sending sample transaction 1687
[2026-04-19T03:26:19.150Z INFO  benchmark_client] Sending sample transaction 1688
[2026-04-19T03:26:19.200Z INFO  benchmark_client] Sending sample transaction 1689
[2026-04-19T03:26:19.250Z INFO  benchmark_client] Sending sample transaction 1690
[2026-04-19T03:26:19.300Z INFO  benchmark_client] Sending sample transaction 1691
[2026-04-19T03:26:19.350Z INFO  benchmark_client] Sending sample transaction 1692
[2026-04-19T03:26:19.400Z INFO  benchmark_client] Sending sample transaction 1693
[2026-04-19T03:26:19.450Z INFO  benchmark_client] Sending sample transaction 1694
[2026-04-19T03:26:19.500Z INFO  benchmark_client] Sending sample transaction 1695
[2026-04-19T03:26:19.550Z INFO  benchmark_client] Sending sample transaction 1696
[2026-04-19T03:26:19.600Z INFO  benchmark_client] Sending sample transaction 1697
[2026-04-19T03:26:19.649Z INFO  benchmark_client] Sending sample transaction 1698
[2026-04-19T03:26:19.699Z INFO  benchmark_client] Sending sample transaction 1699
[2026-04-19T03:26:19.750Z INFO  benchmark_client] Sending sample transaction 1700
[2026-04-19T03:26:19.800Z INFO  benchmark_client] Sending sample transaction 1701
[2026-04-19T03:26:19.850Z INFO  benchmark_client] Sending sample transaction 1702
[2026-04-19T03:26:19.900Z INFO  benchmark_client] Sending sample transaction 1703
[2026-04-19T03:26:19.950Z INFO  benchmark_client] Sending sample transaction 1704
[2026-04-19T03:26:20.000Z INFO  benchmark_client] Sending sample transaction 1705
[2026-04-19T03:26:20.050Z INFO  benchmark_client] Sending sample transaction 1706
[2026-04-19T03:26:20.100Z INFO  benchmark_client] Sending sample transaction 1707
[2026-04-19T03:26:20.149Z INFO  benchmark_client] Sending sample transaction 1708
[2026-04-19T03:26:20.199Z INFO  benchmark_client] Sending sample transaction 1709
[2026-04-19T03:26:20.250Z INFO  benchmark_client] Sending sample transaction 1710
[2026-04-19T03:26:20.300Z INFO  benchmark_client] Sending sample transaction 1711
[2026-04-19T03:26:20.350Z INFO  benchmark_client] Sending sample transaction 1712
[2026-04-19T03:26:20.401Z INFO  benchmark_client] Sending sample transaction 1713
[2026-04-19T03:26:20.451Z INFO  benchmark_client] Sending sample transaction 1714
[2026-04-19T03:26:20.500Z INFO  benchmark_client] Sending sample transaction 1715
[2026-04-19T03:26:20.550Z INFO  benchmark_client] Sending sample transaction 1716
[2026-04-19T03:26:20.600Z INFO  benchmark_client] Sending sample transaction 1717
[2026-04-19T03:26:20.650Z INFO  benchmark_client] Sending sample transaction 1718
[2026-04-19T03:26:20.700Z INFO  benchmark_client] Sending sample transaction 1719
[2026-04-19T03:26:20.750Z INFO  benchmark_client] Sending sample transaction 1720
[2026-04-19T03:26:20.800Z INFO  benchmark_client] Sending sample transaction 1721
[2026-04-19T03:26:20.850Z INFO  benchmark_client] Sending sample transaction 1722
[2026-04-19T03:26:20.901Z INFO  benchmark_client] Sending sample transaction 1723
[2026-04-19T03:26:20.951Z INFO  benchmark_client] Sending sample transaction 1724
[2026-04-19T03:26:21.000Z INFO  benchmark_client] Sending sample transaction 1725
[2026-04-19T03:26:21.051Z INFO  benchmark_client] Sending sample transaction 1726
[2026-04-19T03:26:21.100Z INFO  benchmark_client] Sending sample transaction 1727
[2026-04-19T03:26:21.151Z INFO  benchmark_client] Sending sample transaction 1728
[2026-04-19T03:26:21.201Z INFO  benchmark_client] Sending sample transaction 1729
[2026-04-19T03:26:21.250Z INFO  benchmark_client] Sending sample transaction 1730
[2026-04-19T03:26:21.301Z INFO  benchmark_client] Sending sample transaction 1731
[2026-04-19T03:26:21.351Z INFO  benchmark_client] Sending sample transaction 1732
[2026-04-19T03:26:21.400Z INFO  benchmark_client] Sending sample transaction 1733
[2026-04-19T03:26:21.450Z INFO  benchmark_client] Sending sample transaction 1734
[2026-04-19T03:26:21.500Z INFO  benchmark_client] Sending sample transaction 1735
[2026-04-19T03:26:21.550Z INFO  benchmark_client] Sending sample transaction 1736
[2026-04-19T03:26:21.600Z INFO  benchmark_client] Sending sample transaction 1737
[2026-04-19T03:26:21.650Z INFO  benchmark_client] Sending sample transaction 1738
[2026-04-19T03:26:21.700Z INFO  benchmark_client] Sending sample transaction 1739
[2026-04-19T03:26:21.750Z INFO  benchmark_client] Sending sample transaction 1740
[2026-04-19T03:26:21.800Z INFO  benchmark_client] Sending sample transaction 1741
[2026-04-19T03:26:21.850Z INFO  benchmark_client] Sending sample transaction 1742
[2026-04-19T03:26:21.900Z INFO  benchmark_client] Sending sample transaction 1743
[2026-04-19T03:26:21.950Z INFO  benchmark_client] Sending sample transaction 1744
[2026-04-19T03:26:22.000Z INFO  benchmark_client] Sending sample transaction 1745
[2026-04-19T03:26:22.050Z INFO  benchmark_client] Sending sample transaction 1746
[2026-04-19T03:26:22.100Z INFO  benchmark_client] Sending sample transaction 1747
[2026-04-19T03:26:22.150Z INFO  benchmark_client] Sending sample transaction 1748
[2026-04-19T03:26:22.200Z INFO  benchmark_client] Sending sample transaction 1749
[2026-04-19T03:26:22.250Z INFO  benchmark_client] Sending sample transaction 1750
[2026-04-19T03:26:22.300Z INFO  benchmark_client] Sending sample transaction 1751
[2026-04-19T03:26:22.350Z INFO  benchmark_client] Sending sample transaction 1752
[2026-04-19T03:26:22.400Z INFO  benchmark_client] Sending sample transaction 1753
[2026-04-19T03:26:22.450Z INFO  benchmark_client] Sending sample transaction 1754
[2026-04-19T03:26:22.500Z INFO  benchmark_client] Sending sample transaction 1755
[2026-04-19T03:26:22.550Z INFO  benchmark_client] Sending sample transaction 1756
[2026-04-19T03:26:22.600Z INFO  benchmark_client] Sending sample transaction 1757
[2026-04-19T03:26:22.651Z INFO  benchmark_client] Sending sample transaction 1758
[2026-04-19T03:26:22.701Z INFO  benchmark_client] Sending sample transaction 1759
[2026-04-19T03:26:22.750Z INFO  benchmark_client] Sending sample transaction 1760
[2026-04-19T03:26:22.800Z INFO  benchmark_client] Sending sample transaction 1761
[2026-04-19T03:26:22.850Z INFO  benchmark_client] Sending sample transaction 1762
[2026-04-19T03:26:22.900Z INFO  benchmark_client] Sending sample transaction 1763
[2026-04-19T03:26:22.950Z INFO  benchmark_client] Sending sample transaction 1764
[2026-04-19T03:26:23.001Z INFO  benchmark_client] Sending sample transaction 1765
[2026-04-19T03:26:23.050Z INFO  benchmark_client] Sending sample transaction 1766
[2026-04-19T03:26:23.100Z INFO  benchmark_client] Sending sample transaction 1767
[2026-04-19T03:26:23.150Z INFO  benchmark_client] Sending sample transaction 1768
[2026-04-19T03:26:23.200Z INFO  benchmark_client] Sending sample transaction 1769
[2026-04-19T03:26:23.250Z INFO  benchmark_client] Sending sample transaction 1770
[2026-04-19T03:26:23.300Z INFO  benchmark_client] Sending sample transaction 1771
[2026-04-19T03:26:23.350Z INFO  benchmark_client] Sending sample transaction 1772
[2026-04-19T03:26:23.400Z INFO  benchmark_client] Sending sample transaction 1773
[2026-04-19T03:26:23.450Z INFO  benchmark_client] Sending sample transaction 1774
[2026-04-19T03:26:23.501Z INFO  benchmark_client] Sending sample transaction 1775
[2026-04-19T03:26:23.550Z INFO  benchmark_client] Sending sample transaction 1776
[2026-04-19T03:26:23.600Z INFO  benchmark_client] Sending sample transaction 1777
[2026-04-19T03:26:23.650Z INFO  benchmark_client] Sending sample transaction 1778
[2026-04-19T03:26:23.700Z INFO  benchmark_client] Sending sample transaction 1779
[2026-04-19T03:26:23.750Z INFO  benchmark_client] Sending sample transaction 1780
[2026-04-19T03:26:23.800Z INFO  benchmark_client] Sending sample transaction 1781
[2026-04-19T03:26:23.850Z INFO  benchmark_client] Sending sample transaction 1782
[2026-04-19T03:26:23.900Z INFO  benchmark_client] Sending sample transaction 1783
[2026-04-19T03:26:23.950Z INFO  benchmark_client] Sending sample transaction 1784
[2026-04-19T03:26:24.000Z INFO  benchmark_client] Sending sample transaction 1785
[2026-04-19T03:26:24.050Z INFO  benchmark_client] Sending sample transaction 1786
[2026-04-19T03:26:24.100Z INFO  benchmark_client] Sending sample transaction 1787
[2026-04-19T03:26:24.150Z INFO  benchmark_client] Sending sample transaction 1788
[2026-04-19T03:26:24.200Z INFO  benchmark_client] Sending sample transaction 1789
[2026-04-19T03:26:24.250Z INFO  benchmark_client] Sending sample transaction 1790
[2026-04-19T03:26:24.301Z INFO  benchmark_client] Sending sample transaction 1791
[2026-04-19T03:26:24.350Z INFO  benchmark_client] Sending sample transaction 1792
[2026-04-19T03:26:24.400Z INFO  benchmark_client] Sending sample transaction 1793
[2026-04-19T03:26:24.450Z INFO  benchmark_client] Sending sample transaction 1794
[2026-04-19T03:26:24.500Z INFO  benchmark_client] Sending sample transaction 1795
[2026-04-19T03:26:24.550Z INFO  benchmark_client] Sending sample transaction 1796
[2026-04-19T03:26:24.601Z INFO  benchmark_client] Sending sample transaction 1797
[2026-04-19T03:26:24.650Z INFO  benchmark_client] Sending sample transaction 1798
[2026-04-19T03:26:24.700Z INFO  benchmark_client] Sending sample transaction 1799
[2026-04-19T03:26:24.750Z INFO  benchmark_client] Sending sample transaction 1800
[2026-04-19T03:26:24.800Z INFO  benchmark_client] Sending sample transaction 1801
[2026-04-19T03:26:24.850Z INFO  benchmark_client] Sending sample transaction 1802
[2026-04-19T03:26:24.901Z INFO  benchmark_client] Sending sample transaction 1803
[2026-04-19T03:26:24.951Z INFO  benchmark_client] Sending sample transaction 1804
[2026-04-19T03:26:25.000Z INFO  benchmark_client] Sending sample transaction 1805
[2026-04-19T03:26:25.050Z INFO  benchmark_client] Sending sample transaction 1806
[2026-04-19T03:26:25.100Z INFO  benchmark_client] Sending sample transaction 1807
[2026-04-19T03:26:25.150Z INFO  benchmark_client] Sending sample transaction 1808
[2026-04-19T03:26:25.200Z INFO  benchmark_client] Sending sample transaction 1809
[2026-04-19T03:26:25.250Z INFO  benchmark_client] Sending sample transaction 1810
[2026-04-19T03:26:25.301Z INFO  benchmark_client] Sending sample transaction 1811
[2026-04-19T03:26:25.351Z INFO  benchmark_client] Sending sample transaction 1812
[2026-04-19T03:26:25.400Z INFO  benchmark_client] Sending sample transaction 1813
[2026-04-19T03:26:25.450Z INFO  benchmark_client] Sending sample transaction 1814
[2026-04-19T03:26:25.500Z INFO  benchmark_client] Sending sample transaction 1815
[2026-04-19T03:26:25.550Z INFO  benchmark_client] Sending sample transaction 1816
[2026-04-19T03:26:25.600Z INFO  benchmark_client] Sending sample transaction 1817
[2026-04-19T03:26:25.650Z INFO  benchmark_client] Sending sample transaction 1818
[2026-04-19T03:26:25.700Z INFO  benchmark_client] Sending sample transaction 1819
[2026-04-19T03:26:25.750Z INFO  benchmark_client] Sending sample transaction 1820
[2026-04-19T03:26:25.800Z INFO  benchmark_client] Sending sample transaction 1821
[2026-04-19T03:26:25.851Z INFO  benchmark_client] Sending sample transaction 1822
[2026-04-19T03:26:25.901Z INFO  benchmark_client] Sending sample transaction 1823
[2026-04-19T03:26:25.950Z INFO  benchmark_client] Sending sample transaction 1824
[2026-04-19T03:26:26.001Z INFO  benchmark_client] Sending sample transaction 1825
[2026-04-19T03:26:26.050Z INFO  benchmark_client] Sending sample transaction 1826
[2026-04-19T03:26:26.100Z INFO  benchmark_client] Sending sample transaction 1827
[2026-04-19T03:26:26.150Z INFO  benchmark_client] Sending sample transaction 1828
[2026-04-19T03:26:26.200Z INFO  benchmark_client] Sending sample transaction 1829
[2026-04-19T03:26:26.250Z INFO  benchmark_client] Sending sample transaction 1830
[2026-04-19T03:26:26.300Z INFO  benchmark_client] Sending sample transaction 1831
[2026-04-19T03:26:26.350Z INFO  benchmark_client] Sending sample transaction 1832
[2026-04-19T03:26:26.400Z INFO  benchmark_client] Sending sample transaction 1833
[2026-04-19T03:26:26.450Z INFO  benchmark_client] Sending sample transaction 1834
[2026-04-19T03:26:26.500Z INFO  benchmark_client] Sending sample transaction 1835
[2026-04-19T03:26:26.550Z INFO  benchmark_client] Sending sample transaction 1836
[2026-04-19T03:26:26.601Z INFO  benchmark_client] Sending sample transaction 1837
[2026-04-19T03:26:26.650Z INFO  benchmark_client] Sending sample transaction 1838
[2026-04-19T03:26:26.701Z INFO  benchmark_client] Sending sample transaction 1839
[2026-04-19T03:26:26.750Z INFO  benchmark_client] Sending sample transaction 1840
[2026-04-19T03:26:26.800Z INFO  benchmark_client] Sending sample transaction 1841
[2026-04-19T03:26:26.850Z INFO  benchmark_client] Sending sample transaction 1842
[2026-04-19T03:26:26.900Z INFO  benchmark_client] Sending sample transaction 1843
[2026-04-19T03:26:26.951Z INFO  benchmark_client] Sending sample transaction 1844
[2026-04-19T03:26:27.001Z INFO  benchmark_client] Sending sample transaction 1845
[2026-04-19T03:26:27.051Z INFO  benchmark_client] Sending sample transaction 1846
[2026-04-19T03:26:27.101Z INFO  benchmark_client] Sending sample transaction 1847
[2026-04-19T03:26:27.150Z INFO  benchmark_client] Sending sample transaction 1848
[2026-04-19T03:26:27.200Z INFO  benchmark_client] Sending sample transaction 1849
[2026-04-19T03:26:27.250Z INFO  benchmark_client] Sending sample transaction 1850
[2026-04-19T03:26:27.300Z INFO  benchmark_client] Sending sample transaction 1851
[2026-04-19T03:26:27.350Z INFO  benchmark_client] Sending sample transaction 1852
[2026-04-19T03:26:27.400Z INFO  benchmark_client] Sending sample transaction 1853
[2026-04-19T03:26:27.450Z INFO  benchmark_client] Sending sample transaction 1854
[2026-04-19T03:26:27.501Z INFO  benchmark_client] Sending sample transaction 1855
[2026-04-19T03:26:27.550Z INFO  benchmark_client] Sending sample transaction 1856
[2026-04-19T03:26:27.601Z INFO  benchmark_client] Sending sample transaction 1857
[2026-04-19T03:26:27.650Z INFO  benchmark_client] Sending sample transaction 1858
[2026-04-19T03:26:27.700Z INFO  benchmark_client] Sending sample transaction 1859
[2026-04-19T03:26:27.750Z INFO  benchmark_client] Sending sample transaction 1860
[2026-04-19T03:26:27.800Z INFO  benchmark_client] Sending sample transaction 1861
[2026-04-19T03:26:27.850Z INFO  benchmark_client] Sending sample transaction 1862
[2026-04-19T03:26:27.900Z INFO  benchmark_client] Sending sample transaction 1863
[2026-04-19T03:26:27.951Z INFO  benchmark_client] Sending sample transaction 1864
[2026-04-19T03:26:28.001Z INFO  benchmark_client] Sending sample transaction 1865
[2026-04-19T03:26:28.050Z INFO  benchmark_client] Sending sample transaction 1866
[2026-04-19T03:26:28.101Z INFO  benchmark_client] Sending sample transaction 1867
[2026-04-19T03:26:28.151Z INFO  benchmark_client] Sending sample transaction 1868
[2026-04-19T03:26:28.200Z INFO  benchmark_client] Sending sample transaction 1869
[2026-04-19T03:26:28.250Z INFO  benchmark_client] Sending sample transaction 1870
[2026-04-19T03:26:28.300Z INFO  benchmark_client] Sending sample transaction 1871
[2026-04-19T03:26:28.350Z INFO  benchmark_client] Sending sample transaction 1872
[2026-04-19T03:26:28.400Z INFO  benchmark_client] Sending sample transaction 1873
[2026-04-19T03:26:28.450Z INFO  benchmark_client] Sending sample transaction 1874
[2026-04-19T03:26:28.500Z INFO  benchmark_client] Sending sample transaction 1875
[2026-04-19T03:26:28.550Z INFO  benchmark_client] Sending sample transaction 1876
[2026-04-19T03:26:28.601Z INFO  benchmark_client] Sending sample transaction 1877
[2026-04-19T03:26:28.651Z INFO  benchmark_client] Sending sample transaction 1878
[2026-04-19T03:26:28.701Z INFO  benchmark_client] Sending sample transaction 1879
[2026-04-19T03:26:28.750Z INFO  benchmark_client] Sending sample transaction 1880
[2026-04-19T03:26:28.800Z INFO  benchmark_client] Sending sample transaction 1881
[2026-04-19T03:26:28.850Z INFO  benchmark_client] Sending sample transaction 1882
[2026-04-19T03:26:28.901Z INFO  benchmark_client] Sending sample transaction 1883
[2026-04-19T03:26:28.951Z INFO  benchmark_client] Sending sample transaction 1884
[2026-04-19T03:26:29.001Z INFO  benchmark_client] Sending sample transaction 1885
[2026-04-19T03:26:29.052Z INFO  benchmark_client] Sending sample transaction 1886
[2026-04-19T03:26:29.101Z INFO  benchmark_client] Sending sample transaction 1887
[2026-04-19T03:26:29.151Z INFO  benchmark_client] Sending sample transaction 1888
[2026-04-19T03:26:29.200Z INFO  benchmark_client] Sending sample transaction 1889
[2026-04-19T03:26:29.250Z INFO  benchmark_client] Sending sample transaction 1890
[2026-04-19T03:26:29.300Z INFO  benchmark_client] Sending sample transaction 1891
[2026-04-19T03:26:29.351Z INFO  benchmark_client] Sending sample transaction 1892
[2026-04-19T03:26:29.401Z INFO  benchmark_client] Sending sample transaction 1893
[2026-04-19T03:26:29.451Z INFO  benchmark_client] Sending sample transaction 1894
[2026-04-19T03:26:29.500Z INFO  benchmark_client] Sending sample transaction 1895
[2026-04-19T03:26:29.550Z INFO  benchmark_client] Sending sample transaction 1896
[2026-04-19T03:26:29.600Z INFO  benchmark_client] Sending sample transaction 1897
[2026-04-19T03:26:29.650Z INFO  benchmark_client] Sending sample transaction 1898
[2026-04-19T03:26:29.700Z INFO  benchmark_client] Sending sample transaction 1899
[2026-04-19T03:26:29.750Z INFO  benchmark_client] Sending sample transaction 1900
[2026-04-19T03:26:29.800Z INFO  benchmark_client] Sending sample transaction 1901
[2026-04-19T03:26:29.851Z INFO  benchmark_client] Sending sample transaction 1902
[2026-04-19T03:26:29.901Z INFO  benchmark_client] Sending sample transaction 1903
[2026-04-19T03:26:29.950Z INFO  benchmark_client] Sending sample transaction 1904
[2026-04-19T03:26:30.000Z INFO  benchmark_client] Sending sample transaction 1905
[2026-04-19T03:26:30.050Z INFO  benchmark_client] Sending sample transaction 1906
[2026-04-19T03:26:30.100Z INFO  benchmark_client] Sending sample transaction 1907
[2026-04-19T03:26:30.150Z INFO  benchmark_client] Sending sample transaction 1908
[2026-04-19T03:26:30.200Z INFO  benchmark_client] Sending sample transaction 1909
[2026-04-19T03:26:30.251Z INFO  benchmark_client] Sending sample transaction 1910
[2026-04-19T03:26:30.301Z INFO  benchmark_client] Sending sample transaction 1911
[2026-04-19T03:26:30.350Z INFO  benchmark_client] Sending sample transaction 1912
[2026-04-19T03:26:30.401Z INFO  benchmark_client] Sending sample transaction 1913
[2026-04-19T03:26:30.450Z INFO  benchmark_client] Sending sample transaction 1914
[2026-04-19T03:26:30.501Z INFO  benchmark_client] Sending sample transaction 1915
[2026-04-19T03:26:30.551Z INFO  benchmark_client] Sending sample transaction 1916
[2026-04-19T03:26:30.600Z INFO  benchmark_client] Sending sample transaction 1917
[2026-04-19T03:26:30.650Z INFO  benchmark_client] Sending sample transaction 1918
[2026-04-19T03:26:30.701Z INFO  benchmark_client] Sending sample transaction 1919
[2026-04-19T03:26:30.750Z INFO  benchmark_client] Sending sample transaction 1920
[2026-04-19T03:26:30.801Z INFO  benchmark_client] Sending sample transaction 1921
[2026-04-19T03:26:30.851Z INFO  benchmark_client] Sending sample transaction 1922
[2026-04-19T03:26:30.901Z INFO  benchmark_client] Sending sample transaction 1923
[2026-04-19T03:26:30.951Z INFO  benchmark_client] Sending sample transaction 1924
[2026-04-19T03:26:31.000Z INFO  benchmark_client] Sending sample transaction 1925
[2026-04-19T03:26:31.051Z INFO  benchmark_client] Sending sample transaction 1926
[2026-04-19T03:26:31.101Z INFO  benchmark_client] Sending sample transaction 1927
[2026-04-19T03:26:31.151Z INFO  benchmark_client] Sending sample transaction 1928
[2026-04-19T03:26:31.201Z INFO  benchmark_client] Sending sample transaction 1929
[2026-04-19T03:26:31.250Z INFO  benchmark_client] Sending sample transaction 1930
[2026-04-19T03:26:31.300Z INFO  benchmark_client] Sending sample transaction 1931
[2026-04-19T03:26:31.350Z INFO  benchmark_client] Sending sample transaction 1932
[2026-04-19T03:26:31.401Z INFO  benchmark_client] Sending sample transaction 1933
[2026-04-19T03:26:31.450Z INFO  benchmark_client] Sending sample transaction 1934
[2026-04-19T03:26:31.500Z INFO  benchmark_client] Sending sample transaction 1935
[2026-04-19T03:26:31.551Z INFO  benchmark_client] Sending sample transaction 1936
[2026-04-19T03:26:31.600Z INFO  benchmark_client] Sending sample transaction 1937
[2026-04-19T03:26:31.651Z INFO  benchmark_client] Sending sample transaction 1938
[2026-04-19T03:26:31.701Z INFO  benchmark_client] Sending sample transaction 1939
[2026-04-19T03:26:31.750Z INFO  benchmark_client] Sending sample transaction 1940
[2026-04-19T03:26:31.800Z INFO  benchmark_client] Sending sample transaction 1941
[2026-04-19T03:26:31.850Z INFO  benchmark_client] Sending sample transaction 1942
[2026-04-19T03:26:31.900Z INFO  benchmark_client] Sending sample transaction 1943
[2026-04-19T03:26:31.950Z INFO  benchmark_client] Sending sample transaction 1944
[2026-04-19T03:26:32.000Z INFO  benchmark_client] Sending sample transaction 1945
[2026-04-19T03:26:32.051Z INFO  benchmark_client] Sending sample transaction 1946
[2026-04-19T03:26:32.101Z INFO  benchmark_client] Sending sample transaction 1947
[2026-04-19T03:26:32.151Z INFO  benchmark_client] Sending sample transaction 1948
[2026-04-19T03:26:32.201Z INFO  benchmark_client] Sending sample transaction 1949
[2026-04-19T03:26:32.252Z INFO  benchmark_client] Sending sample transaction 1950
[2026-04-19T03:26:32.301Z INFO  benchmark_client] Sending sample transaction 1951
[2026-04-19T03:26:32.351Z INFO  benchmark_client] Sending sample transaction 1952
[2026-04-19T03:26:32.401Z INFO  benchmark_client] Sending sample transaction 1953
[2026-04-19T03:26:32.450Z INFO  benchmark_client] Sending sample transaction 1954
[2026-04-19T03:26:32.501Z INFO  benchmark_client] Sending sample transaction 1955
[2026-04-19T03:26:32.550Z INFO  benchmark_client] Sending sample transaction 1956
[2026-04-19T03:26:32.600Z INFO  benchmark_client] Sending sample transaction 1957
[2026-04-19T03:26:32.650Z INFO  benchmark_client] Sending sample transaction 1958
[2026-04-19T03:26:32.700Z INFO  benchmark_client] Sending sample transaction 1959
[2026-04-19T03:26:32.750Z INFO  benchmark_client] Sending sample transaction 1960
[2026-04-19T03:26:32.801Z INFO  benchmark_client] Sending sample transaction 1961
[2026-04-19T03:26:32.850Z INFO  benchmark_client] Sending sample transaction 1962
[2026-04-19T03:26:32.901Z INFO  benchmark_client] Sending sample transaction 1963
[2026-04-19T03:26:32.951Z INFO  benchmark_client] Sending sample transaction 1964
[2026-04-19T03:26:33.001Z INFO  benchmark_client] Sending sample transaction 1965
[2026-04-19T03:26:33.050Z INFO  benchmark_client] Sending sample transaction 1966
[2026-04-19T03:26:33.100Z INFO  benchmark_client] Sending sample transaction 1967
[2026-04-19T03:26:33.151Z INFO  benchmark_client] Sending sample transaction 1968
[2026-04-19T03:26:33.201Z INFO  benchmark_client] Sending sample transaction 1969
[2026-04-19T03:26:33.251Z INFO  benchmark_client] Sending sample transaction 1970
[2026-04-19T03:26:33.301Z INFO  benchmark_client] Sending sample transaction 1971
[2026-04-19T03:26:33.352Z INFO  benchmark_client] Sending sample transaction 1972
[2026-04-19T03:26:33.401Z INFO  benchmark_client] Sending sample transaction 1973
[2026-04-19T03:26:33.450Z INFO  benchmark_client] Sending sample transaction 1974
[2026-04-19T03:26:33.501Z INFO  benchmark_client] Sending sample transaction 1975
[2026-04-19T03:26:33.551Z INFO  benchmark_client] Sending sample transaction 1976
[2026-04-19T03:26:33.601Z INFO  benchmark_client] Sending sample transaction 1977
[2026-04-19T03:26:33.651Z INFO  benchmark_client] Sending sample transaction 1978
[2026-04-19T03:26:33.701Z INFO  benchmark_client] Sending sample transaction 1979
[2026-04-19T03:26:33.751Z INFO  benchmark_client] Sending sample transaction 1980
[2026-04-19T03:26:33.801Z INFO  benchmark_client] Sending sample transaction 1981
[2026-04-19T03:26:33.851Z INFO  benchmark_client] Sending sample transaction 1982
[2026-04-19T03:26:33.900Z INFO  benchmark_client] Sending sample transaction 1983
[2026-04-19T03:26:33.951Z INFO  benchmark_client] Sending sample transaction 1984
[2026-04-19T03:26:34.001Z INFO  benchmark_client] Sending sample transaction 1985
[2026-04-19T03:26:34.051Z INFO  benchmark_client] Sending sample transaction 1986
[2026-04-19T03:26:34.101Z INFO  benchmark_client] Sending sample transaction 1987
[2026-04-19T03:26:34.150Z INFO  benchmark_client] Sending sample transaction 1988
[2026-04-19T03:26:34.201Z INFO  benchmark_client] Sending sample transaction 1989
[2026-04-19T03:26:34.251Z INFO  benchmark_client] Sending sample transaction 1990
[2026-04-19T03:26:34.301Z INFO  benchmark_client] Sending sample transaction 1991
[2026-04-19T03:26:34.350Z INFO  benchmark_client] Sending sample transaction 1992
[2026-04-19T03:26:34.400Z INFO  benchmark_client] Sending sample transaction 1993
[2026-04-19T03:26:34.450Z INFO  benchmark_client] Sending sample transaction 1994
[2026-04-19T03:26:34.500Z INFO  benchmark_client] Sending sample transaction 1995
[2026-04-19T03:26:34.550Z INFO  benchmark_client] Sending sample transaction 1996
[2026-04-19T03:26:34.600Z INFO  benchmark_client] Sending sample transaction 1997
[2026-04-19T03:26:34.650Z INFO  benchmark_client] Sending sample transaction 1998
[2026-04-19T03:26:34.700Z INFO  benchmark_client] Sending sample transaction 1999
[2026-04-19T03:26:34.749Z INFO  benchmark_client] Sending sample transaction 2000
[2026-04-19T03:26:34.800Z INFO  benchmark_client] Sending sample transaction 2001
[2026-04-19T03:26:34.850Z INFO  benchmark_client] Sending sample transaction 2002
[2026-04-19T03:26:34.900Z INFO  benchmark_client] Sending sample transaction 2003
[2026-04-19T03:26:34.950Z INFO  benchmark_client] Sending sample transaction 2004
[2026-04-19T03:26:35.000Z INFO  benchmark_client] Sending sample transaction 2005
[2026-04-19T03:26:35.050Z INFO  benchmark_client] Sending sample transaction 2006
[2026-04-19T03:26:35.100Z INFO  benchmark_client] Sending sample transaction 2007
[2026-04-19T03:26:35.150Z INFO  benchmark_client] Sending sample transaction 2008
[2026-04-19T03:26:35.199Z INFO  benchmark_client] Sending sample transaction 2009
[2026-04-19T03:26:35.250Z INFO  benchmark_client] Sending sample transaction 2010
[2026-04-19T03:26:35.300Z INFO  benchmark_client] Sending sample transaction 2011
[2026-04-19T03:26:35.350Z INFO  benchmark_client] Sending sample transaction 2012
[2026-04-19T03:26:35.399Z INFO  benchmark_client] Sending sample transaction 2013
[2026-04-19T03:26:35.449Z INFO  benchmark_client] Sending sample transaction 2014
[2026-04-19T03:26:35.500Z INFO  benchmark_client] Sending sample transaction 2015
[2026-04-19T03:26:35.550Z INFO  benchmark_client] Sending sample transaction 2016
[2026-04-19T03:26:35.600Z INFO  benchmark_client] Sending sample transaction 2017
[2026-04-19T03:26:35.650Z INFO  benchmark_client] Sending sample transaction 2018
[2026-04-19T03:26:35.700Z INFO  benchmark_client] Sending sample transaction 2019
[2026-04-19T03:26:35.750Z INFO  benchmark_client] Sending sample transaction 2020
[2026-04-19T03:26:35.800Z INFO  benchmark_client] Sending sample transaction 2021
[2026-04-19T03:26:35.850Z INFO  benchmark_client] Sending sample transaction 2022
[2026-04-19T03:26:35.900Z INFO  benchmark_client] Sending sample transaction 2023
[2026-04-19T03:26:35.950Z INFO  benchmark_client] Sending sample transaction 2024
[2026-04-19T03:26:36.000Z INFO  benchmark_client] Sending sample transaction 2025
[2026-04-19T03:26:36.049Z INFO  benchmark_client] Sending sample transaction 2026
[2026-04-19T03:26:36.099Z INFO  benchmark_client] Sending sample transaction 2027
[2026-04-19T03:26:36.150Z INFO  benchmark_client] Sending sample transaction 2028
[2026-04-19T03:26:36.200Z INFO  benchmark_client] Sending sample transaction 2029
[2026-04-19T03:26:36.250Z INFO  benchmark_client] Sending sample transaction 2030
[2026-04-19T03:26:36.300Z INFO  benchmark_client] Sending sample transaction 2031
[2026-04-19T03:26:36.350Z INFO  benchmark_client] Sending sample transaction 2032
[2026-04-19T03:26:36.400Z INFO  benchmark_client] Sending sample transaction 2033
[2026-04-19T03:26:36.450Z INFO  benchmark_client] Sending sample transaction 2034
[2026-04-19T03:26:36.500Z INFO  benchmark_client] Sending sample transaction 2035
[2026-04-19T03:26:36.550Z INFO  benchmark_client] Sending sample transaction 2036
[2026-04-19T03:26:36.599Z INFO  benchmark_client] Sending sample transaction 2037
[2026-04-19T03:26:36.649Z INFO  benchmark_client] Sending sample transaction 2038
[2026-04-19T03:26:36.700Z INFO  benchmark_client] Sending sample transaction 2039
[2026-04-19T03:26:36.750Z INFO  benchmark_client] Sending sample transaction 2040
[2026-04-19T03:26:36.800Z INFO  benchmark_client] Sending sample transaction 2041
[2026-04-19T03:26:36.850Z INFO  benchmark_client] Sending sample transaction 2042
[2026-04-19T03:26:36.900Z INFO  benchmark_client] Sending sample transaction 2043
[2026-04-19T03:26:36.950Z INFO  benchmark_client] Sending sample transaction 2044
[2026-04-19T03:26:36.999Z INFO  benchmark_client] Sending sample transaction 2045
[2026-04-19T03:26:37.049Z INFO  benchmark_client] Sending sample transaction 2046
[2026-04-19T03:26:37.100Z INFO  benchmark_client] Sending sample transaction 2047
[2026-04-19T03:26:37.150Z INFO  benchmark_client] Sending sample transaction 2048
[2026-04-19T03:26:37.200Z INFO  benchmark_client] Sending sample transaction 2049
[2026-04-19T03:26:37.250Z INFO  benchmark_client] Sending sample transaction 2050
[2026-04-19T03:26:37.300Z INFO  benchmark_client] Sending sample transaction 2051
[2026-04-19T03:26:37.350Z INFO  benchmark_client] Sending sample transaction 2052
[2026-04-19T03:26:37.400Z INFO  benchmark_client] Sending sample transaction 2053
[2026-04-19T03:26:37.450Z INFO  benchmark_client] Sending sample transaction 2054
[2026-04-19T03:26:37.500Z INFO  benchmark_client] Sending sample transaction 2055
[2026-04-19T03:26:37.550Z INFO  benchmark_client] Sending sample transaction 2056
[2026-04-19T03:26:37.600Z INFO  benchmark_client] Sending sample transaction 2057
[2026-04-19T03:26:37.650Z INFO  benchmark_client] Sending sample transaction 2058
[2026-04-19T03:26:37.700Z INFO  benchmark_client] Sending sample transaction 2059
[2026-04-19T03:26:37.750Z INFO  benchmark_client] Sending sample transaction 2060
[2026-04-19T03:26:37.799Z INFO  benchmark_client] Sending sample transaction 2061
[2026-04-19T03:26:37.850Z INFO  benchmark_client] Sending sample transaction 2062
[2026-04-19T03:26:37.899Z INFO  benchmark_client] Sending sample transaction 2063
[2026-04-19T03:26:37.950Z INFO  benchmark_client] Sending sample transaction 2064
[2026-04-19T03:26:38.000Z INFO  benchmark_client] Sending sample transaction 2065
[2026-04-19T03:26:38.050Z INFO  benchmark_client] Sending sample transaction 2066
[2026-04-19T03:26:38.100Z INFO  benchmark_client] Sending sample transaction 2067
[2026-04-19T03:26:38.150Z INFO  benchmark_client] Sending sample transaction 2068
[2026-04-19T03:26:38.199Z INFO  benchmark_client] Sending sample transaction 2069
[2026-04-19T03:26:38.249Z INFO  benchmark_client] Sending sample transaction 2070
[2026-04-19T03:26:38.300Z INFO  benchmark_client] Sending sample transaction 2071
[2026-04-19T03:26:38.350Z INFO  benchmark_client] Sending sample transaction 2072
[2026-04-19T03:26:38.400Z INFO  benchmark_client] Sending sample transaction 2073
[2026-04-19T03:26:38.449Z INFO  benchmark_client] Sending sample transaction 2074
[2026-04-19T03:26:38.500Z INFO  benchmark_client] Sending sample transaction 2075
[2026-04-19T03:26:38.549Z INFO  benchmark_client] Sending sample transaction 2076
[2026-04-19T03:26:38.600Z INFO  benchmark_client] Sending sample transaction 2077
[2026-04-19T03:26:38.650Z INFO  benchmark_client] Sending sample transaction 2078
[2026-04-19T03:26:38.699Z INFO  benchmark_client] Sending sample transaction 2079
[2026-04-19T03:26:38.749Z INFO  benchmark_client] Sending sample transaction 2080
[2026-04-19T03:26:38.800Z INFO  benchmark_client] Sending sample transaction 2081
[2026-04-19T03:26:38.850Z INFO  benchmark_client] Sending sample transaction 2082
[2026-04-19T03:26:38.900Z INFO  benchmark_client] Sending sample transaction 2083
[2026-04-19T03:26:38.951Z INFO  benchmark_client] Sending sample transaction 2084
[2026-04-19T03:26:39.001Z INFO  benchmark_client] Sending sample transaction 2085
[2026-04-19T03:26:39.050Z INFO  benchmark_client] Sending sample transaction 2086
[2026-04-19T03:26:39.100Z INFO  benchmark_client] Sending sample transaction 2087
[2026-04-19T03:26:39.150Z INFO  benchmark_client] Sending sample transaction 2088
[2026-04-19T03:26:39.200Z INFO  benchmark_client] Sending sample transaction 2089
[2026-04-19T03:26:39.250Z INFO  benchmark_client] Sending sample transaction 2090
[2026-04-19T03:26:39.300Z INFO  benchmark_client] Sending sample transaction 2091
[2026-04-19T03:26:39.349Z INFO  benchmark_client] Sending sample transaction 2092
[2026-04-19T03:26:39.400Z INFO  benchmark_client] Sending sample transaction 2093
[2026-04-19T03:26:39.450Z INFO  benchmark_client] Sending sample transaction 2094
[2026-04-19T03:26:39.500Z INFO  benchmark_client] Sending sample transaction 2095
[2026-04-19T03:26:39.550Z INFO  benchmark_client] Sending sample transaction 2096
[2026-04-19T03:26:39.600Z INFO  benchmark_client] Sending sample transaction 2097
[2026-04-19T03:26:39.650Z INFO  benchmark_client] Sending sample transaction 2098
[2026-04-19T03:26:39.700Z INFO  benchmark_client] Sending sample transaction 2099
[2026-04-19T03:26:39.750Z INFO  benchmark_client] Sending sample transaction 2100
[2026-04-19T03:26:39.800Z INFO  benchmark_client] Sending sample transaction 2101
[2026-04-19T03:26:39.850Z INFO  benchmark_client] Sending sample transaction 2102
[2026-04-19T03:26:39.900Z INFO  benchmark_client] Sending sample transaction 2103
[2026-04-19T03:26:39.950Z INFO  benchmark_client] Sending sample transaction 2104
[2026-04-19T03:26:39.999Z INFO  benchmark_client] Sending sample transaction 2105
[2026-04-19T03:26:40.050Z INFO  benchmark_client] Sending sample transaction 2106
[2026-04-19T03:26:40.100Z INFO  benchmark_client] Sending sample transaction 2107
[2026-04-19T03:26:40.150Z INFO  benchmark_client] Sending sample transaction 2108
[2026-04-19T03:26:40.200Z INFO  benchmark_client] Sending sample transaction 2109
[2026-04-19T03:26:40.250Z INFO  benchmark_client] Sending sample transaction 2110
[2026-04-19T03:26:40.300Z INFO  benchmark_client] Sending sample transaction 2111
[2026-04-19T03:26:40.350Z INFO  benchmark_client] Sending sample transaction 2112
[2026-04-19T03:26:40.400Z INFO  benchmark_client] Sending sample transaction 2113
[2026-04-19T03:26:40.450Z INFO  benchmark_client] Sending sample transaction 2114
[2026-04-19T03:26:40.500Z INFO  benchmark_client] Sending sample transaction 2115
[2026-04-19T03:26:40.550Z INFO  benchmark_client] Sending sample transaction 2116
[2026-04-19T03:26:40.600Z INFO  benchmark_client] Sending sample transaction 2117
[2026-04-19T03:26:40.650Z INFO  benchmark_client] Sending sample transaction 2118
[2026-04-19T03:26:40.700Z INFO  benchmark_client] Sending sample transaction 2119
[2026-04-19T03:26:40.751Z INFO  benchmark_client] Sending sample transaction 2120
[2026-04-19T03:26:40.801Z INFO  benchmark_client] Sending sample transaction 2121
[2026-04-19T03:26:40.850Z INFO  benchmark_client] Sending sample transaction 2122
[2026-04-19T03:26:40.900Z INFO  benchmark_client] Sending sample transaction 2123
[2026-04-19T03:26:40.950Z INFO  benchmark_client] Sending sample transaction 2124
[2026-04-19T03:26:40.999Z INFO  benchmark_client] Sending sample transaction 2125
[2026-04-19T03:26:41.055Z WARN  benchmark_client] Transaction rate too high for this client
[2026-04-19T03:26:41.056Z INFO  benchmark_client] Sending sample transaction 2126
[2026-04-19T03:26:41.100Z INFO  benchmark_client] Sending sample transaction 2127
[2026-04-19T03:26:41.150Z INFO  benchmark_client] Sending sample transaction 2128
[2026-04-19T03:26:41.200Z INFO  benchmark_client] Sending sample transaction 2129
[2026-04-19T03:26:41.250Z INFO  benchmark_client] Sending sample transaction 2130
[2026-04-19T03:26:41.300Z INFO  benchmark_client] Sending sample transaction 2131
[2026-04-19T03:26:41.350Z INFO  benchmark_client] Sending sample transaction 2132
[2026-04-19T03:26:41.400Z INFO  benchmark_client] Sending sample transaction 2133
[2026-04-19T03:26:41.450Z INFO  benchmark_client] Sending sample transaction 2134
[2026-04-19T03:26:41.500Z INFO  benchmark_client] Sending sample transaction 2135
[2026-04-19T03:26:41.550Z INFO  benchmark_client] Sending sample transaction 2136
[2026-04-19T03:26:41.600Z INFO  benchmark_client] Sending sample transaction 2137
[2026-04-19T03:26:41.649Z INFO  benchmark_client] Sending sample transaction 2138
[2026-04-19T03:26:41.700Z INFO  benchmark_client] Sending sample transaction 2139
[2026-04-19T03:26:41.750Z INFO  benchmark_client] Sending sample transaction 2140
[2026-04-19T03:26:41.800Z INFO  benchmark_client] Sending sample transaction 2141
[2026-04-19T03:26:41.850Z INFO  benchmark_client] Sending sample transaction 2142
[2026-04-19T03:26:41.900Z INFO  benchmark_client] Sending sample transaction 2143
[2026-04-19T03:26:41.950Z INFO  benchmark_client] Sending sample transaction 2144
[2026-04-19T03:26:42.000Z INFO  benchmark_client] Sending sample transaction 2145
[2026-04-19T03:26:42.050Z INFO  benchmark_client] Sending sample transaction 2146
[2026-04-19T03:26:42.100Z INFO  benchmark_client] Sending sample transaction 2147
[2026-04-19T03:26:42.150Z INFO  benchmark_client] Sending sample transaction 2148
[2026-04-19T03:26:42.200Z INFO  benchmark_client] Sending sample transaction 2149
[2026-04-19T03:26:42.250Z INFO  benchmark_client] Sending sample transaction 2150
[2026-04-19T03:26:42.300Z INFO  benchmark_client] Sending sample transaction 2151
[2026-04-19T03:26:42.350Z INFO  benchmark_client] Sending sample transaction 2152
[2026-04-19T03:26:42.401Z INFO  benchmark_client] Sending sample transaction 2153
[2026-04-19T03:26:42.450Z INFO  benchmark_client] Sending sample transaction 2154
[2026-04-19T03:26:42.500Z INFO  benchmark_client] Sending sample transaction 2155
[2026-04-19T03:26:42.550Z INFO  benchmark_client] Sending sample transaction 2156
[2026-04-19T03:26:42.600Z INFO  benchmark_client] Sending sample transaction 2157
[2026-04-19T03:26:42.650Z INFO  benchmark_client] Sending sample transaction 2158
[2026-04-19T03:26:42.700Z INFO  benchmark_client] Sending sample transaction 2159
[2026-04-19T03:26:42.750Z INFO  benchmark_client] Sending sample transaction 2160
[2026-04-19T03:26:42.800Z INFO  benchmark_client] Sending sample transaction 2161
[2026-04-19T03:26:42.850Z INFO  benchmark_client] Sending sample transaction 2162
[2026-04-19T03:26:42.900Z INFO  benchmark_client] Sending sample transaction 2163
[2026-04-19T03:26:42.950Z INFO  benchmark_client] Sending sample transaction 2164
[2026-04-19T03:26:43.000Z INFO  benchmark_client] Sending sample transaction 2165
[2026-04-19T03:26:43.050Z INFO  benchmark_client] Sending sample transaction 2166
[2026-04-19T03:26:43.100Z INFO  benchmark_client] Sending sample transaction 2167
[2026-04-19T03:26:43.150Z INFO  benchmark_client] Sending sample transaction 2168
[2026-04-19T03:26:43.200Z INFO  benchmark_client] Sending sample transaction 2169
[2026-04-19T03:26:43.250Z INFO  benchmark_client] Sending sample transaction 2170
[2026-04-19T03:26:43.300Z INFO  benchmark_client] Sending sample transaction 2171
[2026-04-19T03:26:43.350Z INFO  benchmark_client] Sending sample transaction 2172
[2026-04-19T03:26:43.400Z INFO  benchmark_client] Sending sample transaction 2173
[2026-04-19T03:26:43.450Z INFO  benchmark_client] Sending sample transaction 2174
[2026-04-19T03:26:43.500Z INFO  benchmark_client] Sending sample transaction 2175
[2026-04-19T03:26:43.550Z INFO  benchmark_client] Sending sample transaction 2176
[2026-04-19T03:26:43.600Z INFO  benchmark_client] Sending sample transaction 2177
[2026-04-19T03:26:43.651Z INFO  benchmark_client] Sending sample transaction 2178
[2026-04-19T03:26:43.700Z INFO  benchmark_client] Sending sample transaction 2179
[2026-04-19T03:26:43.750Z INFO  benchmark_client] Sending sample transaction 2180
[2026-04-19T03:26:43.800Z INFO  benchmark_client] Sending sample transaction 2181
[2026-04-19T03:26:43.850Z INFO  benchmark_client] Sending sample transaction 2182
[2026-04-19T03:26:43.900Z INFO  benchmark_client] Sending sample transaction 2183
[2026-04-19T03:26:43.950Z INFO  benchmark_client] Sending sample transaction 2184
[2026-04-19T03:26:44.000Z INFO  benchmark_client] Sending sample transaction 2185
[2026-04-19T03:26:44.050Z INFO  benchmark_client] Sending sample transaction 2186
[2026-04-19T03:26:44.100Z INFO  benchmark_client] Sending sample transaction 2187
[2026-04-19T03:26:44.150Z INFO  benchmark_client] Sending sample transaction 2188
[2026-04-19T03:26:44.200Z INFO  benchmark_client] Sending sample transaction 2189
[2026-04-19T03:26:44.251Z INFO  benchmark_client] Sending sample transaction 2190
[2026-04-19T03:26:44.301Z INFO  benchmark_client] Sending sample transaction 2191
[2026-04-19T03:26:44.350Z INFO  benchmark_client] Sending sample transaction 2192
[2026-04-19T03:26:44.401Z INFO  benchmark_client] Sending sample transaction 2193
[2026-04-19T03:26:44.451Z INFO  benchmark_client] Sending sample transaction 2194
[2026-04-19T03:26:44.500Z INFO  benchmark_client] Sending sample transaction 2195
[2026-04-19T03:26:44.550Z INFO  benchmark_client] Sending sample transaction 2196
[2026-04-19T03:26:44.601Z INFO  benchmark_client] Sending sample transaction 2197
[2026-04-19T03:26:44.651Z INFO  benchmark_client] Sending sample transaction 2198
[2026-04-19T03:26:44.701Z INFO  benchmark_client] Sending sample transaction 2199
[2026-04-19T03:26:44.750Z INFO  benchmark_client] Sending sample transaction 2200
[2026-04-19T03:26:44.800Z INFO  benchmark_client] Sending sample transaction 2201
[2026-04-19T03:26:44.850Z INFO  benchmark_client] Sending sample transaction 2202
[2026-04-19T03:26:44.900Z INFO  benchmark_client] Sending sample transaction 2203
[2026-04-19T03:26:44.950Z INFO  benchmark_client] Sending sample transaction 2204
[2026-04-19T03:26:45.000Z INFO  benchmark_client] Sending sample transaction 2205
[2026-04-19T03:26:45.050Z INFO  benchmark_client] Sending sample transaction 2206
[2026-04-19T03:26:45.100Z INFO  benchmark_client] Sending sample transaction 2207
[2026-04-19T03:26:45.150Z INFO  benchmark_client] Sending sample transaction 2208
[2026-04-19T03:26:45.200Z INFO  benchmark_client] Sending sample transaction 2209
[2026-04-19T03:26:45.250Z INFO  benchmark_client] Sending sample transaction 2210
[2026-04-19T03:26:45.300Z INFO  benchmark_client] Sending sample transaction 2211
[2026-04-19T03:26:45.351Z INFO  benchmark_client] Sending sample transaction 2212
[2026-04-19T03:26:45.401Z INFO  benchmark_client] Sending sample transaction 2213
[2026-04-19T03:26:45.450Z INFO  benchmark_client] Sending sample transaction 2214
[2026-04-19T03:26:45.500Z INFO  benchmark_client] Sending sample transaction 2215
[2026-04-19T03:26:45.550Z INFO  benchmark_client] Sending sample transaction 2216
[2026-04-19T03:26:45.600Z INFO  benchmark_client] Sending sample transaction 2217
[2026-04-19T03:26:45.650Z INFO  benchmark_client] Sending sample transaction 2218
[2026-04-19T03:26:45.700Z INFO  benchmark_client] Sending sample transaction 2219
[2026-04-19T03:26:45.750Z INFO  benchmark_client] Sending sample transaction 2220
[2026-04-19T03:26:45.800Z INFO  benchmark_client] Sending sample transaction 2221
[2026-04-19T03:26:45.850Z INFO  benchmark_client] Sending sample transaction 2222
[2026-04-19T03:26:45.900Z INFO  benchmark_client] Sending sample transaction 2223
[2026-04-19T03:26:45.950Z INFO  benchmark_client] Sending sample transaction 2224
[2026-04-19T03:26:46.000Z INFO  benchmark_client] Sending sample transaction 2225
[2026-04-19T03:26:46.050Z INFO  benchmark_client] Sending sample transaction 2226
[2026-04-19T03:26:46.100Z INFO  benchmark_client] Sending sample transaction 2227
[2026-04-19T03:26:46.150Z INFO  benchmark_client] Sending sample transaction 2228
[2026-04-19T03:26:46.201Z INFO  benchmark_client] Sending sample transaction 2229
[2026-04-19T03:26:46.251Z INFO  benchmark_client] Sending sample transaction 2230
[2026-04-19T03:26:46.301Z INFO  benchmark_client] Sending sample transaction 2231
[2026-04-19T03:26:46.350Z INFO  benchmark_client] Sending sample transaction 2232
[2026-04-19T03:26:46.401Z INFO  benchmark_client] Sending sample transaction 2233
[2026-04-19T03:26:46.451Z INFO  benchmark_client] Sending sample transaction 2234
[2026-04-19T03:26:46.500Z INFO  benchmark_client] Sending sample transaction 2235
[2026-04-19T03:26:46.550Z INFO  benchmark_client] Sending sample transaction 2236
[2026-04-19T03:26:46.600Z INFO  benchmark_client] Sending sample transaction 2237
[2026-04-19T03:26:46.651Z INFO  benchmark_client] Sending sample transaction 2238
[2026-04-19T03:26:46.701Z INFO  benchmark_client] Sending sample transaction 2239
[2026-04-19T03:26:46.750Z INFO  benchmark_client] Sending sample transaction 2240
[2026-04-19T03:26:46.800Z INFO  benchmark_client] Sending sample transaction 2241
[2026-04-19T03:26:46.850Z INFO  benchmark_client] Sending sample transaction 2242
[2026-04-19T03:26:46.900Z INFO  benchmark_client] Sending sample transaction 2243
[2026-04-19T03:26:46.950Z INFO  benchmark_client] Sending sample transaction 2244
[2026-04-19T03:26:47.001Z INFO  benchmark_client] Sending sample transaction 2245
[2026-04-19T03:26:47.051Z INFO  benchmark_client] Sending sample transaction 2246
[2026-04-19T03:26:47.100Z INFO  benchmark_client] Sending sample transaction 2247
[2026-04-19T03:26:47.150Z INFO  benchmark_client] Sending sample transaction 2248
[2026-04-19T03:26:47.200Z INFO  benchmark_client] Sending sample transaction 2249
[2026-04-19T03:26:47.250Z INFO  benchmark_client] Sending sample transaction 2250
[2026-04-19T03:26:47.300Z INFO  benchmark_client] Sending sample transaction 2251
[2026-04-19T03:26:47.350Z INFO  benchmark_client] Sending sample transaction 2252
[2026-04-19T03:26:47.400Z INFO  benchmark_client] Sending sample transaction 2253
[2026-04-19T03:26:47.450Z INFO  benchmark_client] Sending sample transaction 2254
[2026-04-19T03:26:47.500Z INFO  benchmark_client] Sending sample transaction 2255
[2026-04-19T03:26:47.550Z INFO  benchmark_client] Sending sample transaction 2256
[2026-04-19T03:26:47.600Z INFO  benchmark_client] Sending sample transaction 2257
[2026-04-19T03:26:47.650Z INFO  benchmark_client] Sending sample transaction 2258
[2026-04-19T03:26:47.700Z INFO  benchmark_client] Sending sample transaction 2259
[2026-04-19T03:26:47.750Z INFO  benchmark_client] Sending sample transaction 2260
[2026-04-19T03:26:47.801Z INFO  benchmark_client] Sending sample transaction 2261
[2026-04-19T03:26:47.850Z INFO  benchmark_client] Sending sample transaction 2262
[2026-04-19T03:26:47.901Z INFO  benchmark_client] Sending sample transaction 2263
[2026-04-19T03:26:47.951Z INFO  benchmark_client] Sending sample transaction 2264
[2026-04-19T03:26:48.001Z INFO  benchmark_client] Sending sample transaction 2265
[2026-04-19T03:26:48.051Z INFO  benchmark_client] Sending sample transaction 2266
[2026-04-19T03:26:48.101Z INFO  benchmark_client] Sending sample transaction 2267
[2026-04-19T03:26:48.150Z INFO  benchmark_client] Sending sample transaction 2268
[2026-04-19T03:26:48.200Z INFO  benchmark_client] Sending sample transaction 2269
[2026-04-19T03:26:48.250Z INFO  benchmark_client] Sending sample transaction 2270
[2026-04-19T03:26:48.300Z INFO  benchmark_client] Sending sample transaction 2271
[2026-04-19T03:26:48.351Z INFO  benchmark_client] Sending sample transaction 2272
[2026-04-19T03:26:48.400Z INFO  benchmark_client] Sending sample transaction 2273
[2026-04-19T03:26:48.451Z INFO  benchmark_client] Sending sample transaction 2274
[2026-04-19T03:26:48.501Z INFO  benchmark_client] Sending sample transaction 2275
[2026-04-19T03:26:48.551Z INFO  benchmark_client] Sending sample transaction 2276
[2026-04-19T03:26:48.601Z INFO  benchmark_client] Sending sample transaction 2277
[2026-04-19T03:26:48.650Z INFO  benchmark_client] Sending sample transaction 2278
[2026-04-19T03:26:48.701Z INFO  benchmark_client] Sending sample transaction 2279
[2026-04-19T03:26:48.750Z INFO  benchmark_client] Sending sample transaction 2280
[2026-04-19T03:26:48.801Z INFO  benchmark_client] Sending sample transaction 2281
[2026-04-19T03:26:48.851Z INFO  benchmark_client] Sending sample transaction 2282
[2026-04-19T03:26:48.901Z INFO  benchmark_client] Sending sample transaction 2283
[2026-04-19T03:26:48.950Z INFO  benchmark_client] Sending sample transaction 2284
[2026-04-19T03:26:49.000Z INFO  benchmark_client] Sending sample transaction 2285
[2026-04-19T03:26:49.050Z INFO  benchmark_client] Sending sample transaction 2286
[2026-04-19T03:26:49.100Z INFO  benchmark_client] Sending sample transaction 2287
[2026-04-19T03:26:49.151Z INFO  benchmark_client] Sending sample transaction 2288
[2026-04-19T03:26:49.200Z INFO  benchmark_client] Sending sample transaction 2289
[2026-04-19T03:26:49.250Z INFO  benchmark_client] Sending sample transaction 2290
[2026-04-19T03:26:49.300Z INFO  benchmark_client] Sending sample transaction 2291
[2026-04-19T03:26:49.350Z INFO  benchmark_client] Sending sample transaction 2292
[2026-04-19T03:26:49.400Z INFO  benchmark_client] Sending sample transaction 2293
[2026-04-19T03:26:49.450Z INFO  benchmark_client] Sending sample transaction 2294
[2026-04-19T03:26:49.500Z INFO  benchmark_client] Sending sample transaction 2295
[2026-04-19T03:26:49.551Z INFO  benchmark_client] Sending sample transaction 2296
[2026-04-19T03:26:49.600Z INFO  benchmark_client] Sending sample transaction 2297
[2026-04-19T03:26:49.650Z INFO  benchmark_client] Sending sample transaction 2298
[2026-04-19T03:26:49.700Z INFO  benchmark_client] Sending sample transaction 2299
[2026-04-19T03:26:49.750Z INFO  benchmark_client] Sending sample transaction 2300
[2026-04-19T03:26:49.800Z INFO  benchmark_client] Sending sample transaction 2301
[2026-04-19T03:26:49.850Z INFO  benchmark_client] Sending sample transaction 2302
[2026-04-19T03:26:49.901Z INFO  benchmark_client] Sending sample transaction 2303
[2026-04-19T03:26:49.950Z INFO  benchmark_client] Sending sample transaction 2304
[2026-04-19T03:26:50.001Z INFO  benchmark_client] Sending sample transaction 2305
[2026-04-19T03:26:50.051Z INFO  benchmark_client] Sending sample transaction 2306
[2026-04-19T03:26:50.101Z INFO  benchmark_client] Sending sample transaction 2307
[2026-04-19T03:26:50.151Z INFO  benchmark_client] Sending sample transaction 2308
[2026-04-19T03:26:50.200Z INFO  benchmark_client] Sending sample transaction 2309
[2026-04-19T03:26:50.250Z INFO  benchmark_client] Sending sample transaction 2310
[2026-04-19T03:26:50.301Z INFO  benchmark_client] Sending sample transaction 2311
[2026-04-19T03:26:50.351Z INFO  benchmark_client] Sending sample transaction 2312
[2026-04-19T03:26:50.400Z INFO  benchmark_client] Sending sample transaction 2313
[2026-04-19T03:26:50.451Z INFO  benchmark_client] Sending sample transaction 2314
[2026-04-19T03:26:50.501Z INFO  benchmark_client] Sending sample transaction 2315
[2026-04-19T03:26:50.551Z INFO  benchmark_client] Sending sample transaction 2316
[2026-04-19T03:26:50.601Z INFO  benchmark_client] Sending sample transaction 2317
[2026-04-19T03:26:50.650Z INFO  benchmark_client] Sending sample transaction 2318
[2026-04-19T03:26:50.701Z INFO  benchmark_client] Sending sample transaction 2319
[2026-04-19T03:26:50.750Z INFO  benchmark_client] Sending sample transaction 2320
[2026-04-19T03:26:50.801Z INFO  benchmark_client] Sending sample transaction 2321
[2026-04-19T03:26:50.851Z INFO  benchmark_client] Sending sample transaction 2322
[2026-04-19T03:26:50.901Z INFO  benchmark_client] Sending sample transaction 2323
[2026-04-19T03:26:50.951Z INFO  benchmark_client] Sending sample transaction 2324
[2026-04-19T03:26:51.001Z INFO  benchmark_client] Sending sample transaction 2325
[2026-04-19T03:26:51.051Z INFO  benchmark_client] Sending sample transaction 2326
[2026-04-19T03:26:51.101Z INFO  benchmark_client] Sending sample transaction 2327
[2026-04-19T03:26:51.150Z INFO  benchmark_client] Sending sample transaction 2328
[2026-04-19T03:26:51.201Z INFO  benchmark_client] Sending sample transaction 2329
[2026-04-19T03:26:51.250Z INFO  benchmark_client] Sending sample transaction 2330
[2026-04-19T03:26:51.300Z INFO  benchmark_client] Sending sample transaction 2331
[2026-04-19T03:26:51.350Z INFO  benchmark_client] Sending sample transaction 2332
[2026-04-19T03:26:51.400Z INFO  benchmark_client] Sending sample transaction 2333
[2026-04-19T03:26:51.450Z INFO  benchmark_client] Sending sample transaction 2334
[2026-04-19T03:26:51.500Z INFO  benchmark_client] Sending sample transaction 2335
[2026-04-19T03:26:51.550Z INFO  benchmark_client] Sending sample transaction 2336
[2026-04-19T03:26:51.601Z INFO  benchmark_client] Sending sample transaction 2337
[2026-04-19T03:26:51.651Z INFO  benchmark_client] Sending sample transaction 2338
[2026-04-19T03:26:51.700Z INFO  benchmark_client] Sending sample transaction 2339
[2026-04-19T03:26:51.750Z INFO  benchmark_client] Sending sample transaction 2340
[2026-04-19T03:26:51.800Z INFO  benchmark_client] Sending sample transaction 2341
[2026-04-19T03:26:51.850Z INFO  benchmark_client] Sending sample transaction 2342
[2026-04-19T03:26:51.900Z INFO  benchmark_client] Sending sample transaction 2343
[2026-04-19T03:26:51.950Z INFO  benchmark_client] Sending sample transaction 2344
[2026-04-19T03:26:52.001Z INFO  benchmark_client] Sending sample transaction 2345
[2026-04-19T03:26:52.051Z INFO  benchmark_client] Sending sample transaction 2346
[2026-04-19T03:26:52.100Z INFO  benchmark_client] Sending sample transaction 2347
[2026-04-19T03:26:52.150Z INFO  benchmark_client] Sending sample transaction 2348
[2026-04-19T03:26:52.200Z INFO  benchmark_client] Sending sample transaction 2349
[2026-04-19T03:26:52.250Z INFO  benchmark_client] Sending sample transaction 2350
[2026-04-19T03:26:52.301Z INFO  benchmark_client] Sending sample transaction 2351
[2026-04-19T03:26:52.351Z INFO  benchmark_client] Sending sample transaction 2352
[2026-04-19T03:26:52.400Z INFO  benchmark_client] Sending sample transaction 2353
[2026-04-19T03:26:52.451Z INFO  benchmark_client] Sending sample transaction 2354
[2026-04-19T03:26:52.501Z INFO  benchmark_client] Sending sample transaction 2355
[2026-04-19T03:26:52.551Z INFO  benchmark_client] Sending sample transaction 2356
[2026-04-19T03:26:52.601Z INFO  benchmark_client] Sending sample transaction 2357
[2026-04-19T03:26:52.652Z INFO  benchmark_client] Sending sample transaction 2358
[2026-04-19T03:26:52.701Z INFO  benchmark_client] Sending sample transaction 2359
[2026-04-19T03:26:52.750Z INFO  benchmark_client] Sending sample transaction 2360
[2026-04-19T03:26:52.801Z INFO  benchmark_client] Sending sample transaction 2361
[2026-04-19T03:26:52.850Z INFO  benchmark_client] Sending sample transaction 2362
[2026-04-19T03:26:52.900Z INFO  benchmark_client] Sending sample transaction 2363
[2026-04-19T03:26:52.950Z INFO  benchmark_client] Sending sample transaction 2364
[2026-04-19T03:26:53.000Z INFO  benchmark_client] Sending sample transaction 2365
[2026-04-19T03:26:53.050Z INFO  benchmark_client] Sending sample transaction 2366
[2026-04-19T03:26:53.100Z INFO  benchmark_client] Sending sample transaction 2367
[2026-04-19T03:26:53.150Z INFO  benchmark_client] Sending sample transaction 2368
[2026-04-19T03:26:53.200Z INFO  benchmark_client] Sending sample transaction 2369
[2026-04-19T03:26:53.250Z INFO  benchmark_client] Sending sample transaction 2370
[2026-04-19T03:26:53.300Z INFO  benchmark_client] Sending sample transaction 2371
[2026-04-19T03:26:53.350Z INFO  benchmark_client] Sending sample transaction 2372
[2026-04-19T03:26:53.400Z INFO  benchmark_client] Sending sample transaction 2373
[2026-04-19T03:26:53.451Z INFO  benchmark_client] Sending sample transaction 2374
[2026-04-19T03:26:53.501Z INFO  benchmark_client] Sending sample transaction 2375
[2026-04-19T03:26:53.551Z INFO  benchmark_client] Sending sample transaction 2376
[2026-04-19T03:26:53.601Z INFO  benchmark_client] Sending sample transaction 2377
[2026-04-19T03:26:53.651Z INFO  benchmark_client] Sending sample transaction 2378
[2026-04-19T03:26:53.701Z INFO  benchmark_client] Sending sample transaction 2379
[2026-04-19T03:26:53.750Z INFO  benchmark_client] Sending sample transaction 2380
[2026-04-19T03:26:53.800Z INFO  benchmark_client] Sending sample transaction 2381
[2026-04-19T03:26:53.850Z INFO  benchmark_client] Sending sample transaction 2382
[2026-04-19T03:26:53.900Z INFO  benchmark_client] Sending sample transaction 2383
[2026-04-19T03:26:53.951Z INFO  benchmark_client] Sending sample transaction 2384
[2026-04-19T03:26:54.001Z INFO  benchmark_client] Sending sample transaction 2385
[2026-04-19T03:26:54.051Z INFO  benchmark_client] Sending sample transaction 2386
[2026-04-19T03:26:54.102Z INFO  benchmark_client] Sending sample transaction 2387
[2026-04-19T03:26:54.151Z INFO  benchmark_client] Sending sample transaction 2388
[2026-04-19T03:26:54.200Z INFO  benchmark_client] Sending sample transaction 2389
[2026-04-19T03:26:54.250Z INFO  benchmark_client] Sending sample transaction 2390
[2026-04-19T03:26:54.300Z INFO  benchmark_client] Sending sample transaction 2391
[2026-04-19T03:26:54.351Z INFO  benchmark_client] Sending sample transaction 2392
[2026-04-19T03:26:54.400Z INFO  benchmark_client] Sending sample transaction 2393
[2026-04-19T03:26:54.451Z INFO  benchmark_client] Sending sample transaction 2394
[2026-04-19T03:26:54.500Z INFO  benchmark_client] Sending sample transaction 2395
[2026-04-19T03:26:54.551Z INFO  benchmark_client] Sending sample transaction 2396
[2026-04-19T03:26:54.601Z INFO  benchmark_client] Sending sample transaction 2397
[2026-04-19T03:26:54.650Z INFO  benchmark_client] Sending sample transaction 2398
[2026-04-19T03:26:54.700Z INFO  benchmark_client] Sending sample transaction 2399
[2026-04-19T03:26:54.750Z INFO  benchmark_client] Sending sample transaction 2400
[2026-04-19T03:26:54.799Z INFO  benchmark_client] Sending sample transaction 2401
[2026-04-19T03:26:54.849Z INFO  benchmark_client] Sending sample transaction 2402
[2026-04-19T03:26:54.900Z INFO  benchmark_client] Sending sample transaction 2403
[2026-04-19T03:26:54.950Z INFO  benchmark_client] Sending sample transaction 2404
[2026-04-19T03:26:55.000Z INFO  benchmark_client] Sending sample transaction 2405
[2026-04-19T03:26:55.050Z INFO  benchmark_client] Sending sample transaction 2406
[2026-04-19T03:26:55.100Z INFO  benchmark_client] Sending sample transaction 2407
[2026-04-19T03:26:55.150Z INFO  benchmark_client] Sending sample transaction 2408
[2026-04-19T03:26:55.199Z INFO  benchmark_client] Sending sample transaction 2409
[2026-04-19T03:26:55.249Z INFO  benchmark_client] Sending sample transaction 2410
[2026-04-19T03:26:55.300Z INFO  benchmark_client] Sending sample transaction 2411
[2026-04-19T03:26:55.350Z INFO  benchmark_client] Sending sample transaction 2412
[2026-04-19T03:26:55.400Z INFO  benchmark_client] Sending sample transaction 2413
[2026-04-19T03:26:55.450Z INFO  benchmark_client] Sending sample transaction 2414
[2026-04-19T03:26:55.500Z INFO  benchmark_client] Sending sample transaction 2415
[2026-04-19T03:26:55.550Z INFO  benchmark_client] Sending sample transaction 2416
[2026-04-19T03:26:55.600Z INFO  benchmark_client] Sending sample transaction 2417
[2026-04-19T03:26:55.650Z INFO  benchmark_client] Sending sample transaction 2418
[2026-04-19T03:26:55.700Z INFO  benchmark_client] Sending sample transaction 2419
[2026-04-19T03:26:55.750Z INFO  benchmark_client] Sending sample transaction 2420
[2026-04-19T03:26:55.800Z INFO  benchmark_client] Sending sample transaction 2421
[2026-04-19T03:26:55.850Z INFO  benchmark_client] Sending sample transaction 2422
[2026-04-19T03:26:55.900Z INFO  benchmark_client] Sending sample transaction 2423
[2026-04-19T03:26:55.950Z INFO  benchmark_client] Sending sample transaction 2424
[2026-04-19T03:26:56.000Z INFO  benchmark_client] Sending sample transaction 2425
[2026-04-19T03:26:56.050Z INFO  benchmark_client] Sending sample transaction 2426
[2026-04-19T03:26:56.100Z INFO  benchmark_client] Sending sample transaction 2427
[2026-04-19T03:26:56.150Z INFO  benchmark_client] Sending sample transaction 2428
[2026-04-19T03:26:56.200Z INFO  benchmark_client] Sending sample transaction 2429
[2026-04-19T03:26:56.250Z INFO  benchmark_client] Sending sample transaction 2430
[2026-04-19T03:26:56.300Z INFO  benchmark_client] Sending sample transaction 2431
[2026-04-19T03:26:56.350Z INFO  benchmark_client] Sending sample transaction 2432
[2026-04-19T03:26:56.401Z INFO  benchmark_client] Sending sample transaction 2433
[2026-04-19T03:26:56.450Z INFO  benchmark_client] Sending sample transaction 2434
[2026-04-19T03:26:56.500Z INFO  benchmark_client] Sending sample transaction 2435
[2026-04-19T03:26:56.550Z INFO  benchmark_client] Sending sample transaction 2436
[2026-04-19T03:26:56.600Z INFO  benchmark_client] Sending sample transaction 2437
[2026-04-19T03:26:56.650Z INFO  benchmark_client] Sending sample transaction 2438
[2026-04-19T03:26:56.700Z INFO  benchmark_client] Sending sample transaction 2439
[2026-04-19T03:26:56.750Z INFO  benchmark_client] Sending sample transaction 2440
[2026-04-19T03:26:56.800Z INFO  benchmark_client] Sending sample transaction 2441
[2026-04-19T03:26:56.850Z INFO  benchmark_client] Sending sample transaction 2442
[2026-04-19T03:26:56.900Z INFO  benchmark_client] Sending sample transaction 2443
[2026-04-19T03:26:56.950Z INFO  benchmark_client] Sending sample transaction 2444
[2026-04-19T03:26:57.000Z INFO  benchmark_client] Sending sample transaction 2445
[2026-04-19T03:26:57.050Z INFO  benchmark_client] Sending sample transaction 2446
[2026-04-19T03:26:57.099Z INFO  benchmark_client] Sending sample transaction 2447
[2026-04-19T03:26:57.150Z INFO  benchmark_client] Sending sample transaction 2448
[2026-04-19T03:26:57.200Z INFO  benchmark_client] Sending sample transaction 2449
[2026-04-19T03:26:57.250Z INFO  benchmark_client] Sending sample transaction 2450
[2026-04-19T03:26:57.300Z INFO  benchmark_client] Sending sample transaction 2451
[2026-04-19T03:26:57.350Z INFO  benchmark_client] Sending sample transaction 2452
[2026-04-19T03:26:57.400Z INFO  benchmark_client] Sending sample transaction 2453
[2026-04-19T03:26:57.450Z INFO  benchmark_client] Sending sample transaction 2454
[2026-04-19T03:26:57.500Z INFO  benchmark_client] Sending sample transaction 2455
[2026-04-19T03:26:57.549Z INFO  benchmark_client] Sending sample transaction 2456
[2026-04-19T03:26:57.600Z INFO  benchmark_client] Sending sample transaction 2457
[2026-04-19T03:26:57.650Z INFO  benchmark_client] Sending sample transaction 2458
[2026-04-19T03:26:57.700Z INFO  benchmark_client] Sending sample transaction 2459
[2026-04-19T03:26:57.750Z INFO  benchmark_client] Sending sample transaction 2460
[2026-04-19T03:26:57.800Z INFO  benchmark_client] Sending sample transaction 2461
[2026-04-19T03:26:57.850Z INFO  benchmark_client] Sending sample transaction 2462
[2026-04-19T03:26:57.900Z INFO  benchmark_client] Sending sample transaction 2463
[2026-04-19T03:26:57.950Z INFO  benchmark_client] Sending sample transaction 2464
[2026-04-19T03:26:58.000Z INFO  benchmark_client] Sending sample transaction 2465
[2026-04-19T03:26:58.050Z INFO  benchmark_client] Sending sample transaction 2466
[2026-04-19T03:26:58.100Z INFO  benchmark_client] Sending sample transaction 2467
[2026-04-19T03:26:58.150Z INFO  benchmark_client] Sending sample transaction 2468
[2026-04-19T03:26:58.200Z INFO  benchmark_client] Sending sample transaction 2469
[2026-04-19T03:26:58.250Z INFO  benchmark_client] Sending sample transaction 2470
[2026-04-19T03:26:58.300Z INFO  benchmark_client] Sending sample transaction 2471
[2026-04-19T03:26:58.350Z INFO  benchmark_client] Sending sample transaction 2472
[2026-04-19T03:26:58.400Z INFO  benchmark_client] Sending sample transaction 2473
[2026-04-19T03:26:58.450Z INFO  benchmark_client] Sending sample transaction 2474
[2026-04-19T03:26:58.500Z INFO  benchmark_client] Sending sample transaction 2475
[2026-04-19T03:26:58.550Z INFO  benchmark_client] Sending sample transaction 2476
[2026-04-19T03:26:58.600Z INFO  benchmark_client] Sending sample transaction 2477
[2026-04-19T03:26:58.650Z INFO  benchmark_client] Sending sample transaction 2478
[2026-04-19T03:26:58.700Z INFO  benchmark_client] Sending sample transaction 2479
[2026-04-19T03:26:58.750Z INFO  benchmark_client] Sending sample transaction 2480
[2026-04-19T03:26:58.800Z INFO  benchmark_client] Sending sample transaction 2481
[2026-04-19T03:26:58.850Z INFO  benchmark_client] Sending sample transaction 2482
[2026-04-19T03:26:58.900Z INFO  benchmark_client] Sending sample transaction 2483
[2026-04-19T03:26:58.950Z INFO  benchmark_client] Sending sample transaction 2484
[2026-04-19T03:26:59.000Z INFO  benchmark_client] Sending sample transaction 2485
[2026-04-19T03:26:59.049Z INFO  benchmark_client] Sending sample transaction 2486
[2026-04-19T03:26:59.100Z INFO  benchmark_client] Sending sample transaction 2487
[2026-04-19T03:26:59.150Z INFO  benchmark_client] Sending sample transaction 2488
[2026-04-19T03:26:59.200Z INFO  benchmark_client] Sending sample transaction 2489
[2026-04-19T03:26:59.250Z INFO  benchmark_client] Sending sample transaction 2490
[2026-04-19T03:26:59.300Z INFO  benchmark_client] Sending sample transaction 2491
[2026-04-19T03:26:59.350Z INFO  benchmark_client] Sending sample transaction 2492
[2026-04-19T03:26:59.400Z INFO  benchmark_client] Sending sample transaction 2493
[2026-04-19T03:26:59.450Z INFO  benchmark_client] Sending sample transaction 2494
[2026-04-19T03:26:59.500Z INFO  benchmark_client] Sending sample transaction 2495
[2026-04-19T03:26:59.550Z INFO  benchmark_client] Sending sample transaction 2496
[2026-04-19T03:26:59.599Z INFO  benchmark_client] Sending sample transaction 2497
[2026-04-19T03:26:59.650Z INFO  benchmark_client] Sending sample transaction 2498
[2026-04-19T03:26:59.700Z INFO  benchmark_client] Sending sample transaction 2499
[2026-04-19T03:26:59.750Z INFO  benchmark_client] Sending sample transaction 2500
[2026-04-19T03:26:59.800Z INFO  benchmark_client] Sending sample transaction 2501
[2026-04-19T03:26:59.850Z INFO  benchmark_client] Sending sample transaction 2502
[2026-04-19T03:26:59.900Z INFO  benchmark_client] Sending sample transaction 2503
[2026-04-19T03:26:59.951Z INFO  benchmark_client] Sending sample transaction 2504
[2026-04-19T03:27:00.000Z INFO  benchmark_client] Sending sample transaction 2505
[2026-04-19T03:27:00.051Z INFO  benchmark_client] Sending sample transaction 2506
[2026-04-19T03:27:00.100Z INFO  benchmark_client] Sending sample transaction 2507
[2026-04-19T03:27:00.150Z INFO  benchmark_client] Sending sample transaction 2508
[2026-04-19T03:27:00.201Z INFO  benchmark_client] Sending sample transaction 2509
[2026-04-19T03:27:00.250Z INFO  benchmark_client] Sending sample transaction 2510
[2026-04-19T03:27:00.300Z INFO  benchmark_client] Sending sample transaction 2511
[2026-04-19T03:27:00.350Z INFO  benchmark_client] Sending sample transaction 2512
[2026-04-19T03:27:00.400Z INFO  benchmark_client] Sending sample transaction 2513
[2026-04-19T03:27:00.450Z INFO  benchmark_client] Sending sample transaction 2514
[2026-04-19T03:27:00.500Z INFO  benchmark_client] Sending sample transaction 2515
[2026-04-19T03:27:00.550Z INFO  benchmark_client] Sending sample transaction 2516
[2026-04-19T03:27:00.600Z INFO  benchmark_client] Sending sample transaction 2517
[2026-04-19T03:27:00.650Z INFO  benchmark_client] Sending sample transaction 2518
[2026-04-19T03:27:00.700Z INFO  benchmark_client] Sending sample transaction 2519
[2026-04-19T03:27:00.750Z INFO  benchmark_client] Sending sample transaction 2520
[2026-04-19T03:27:00.800Z INFO  benchmark_client] Sending sample transaction 2521
[2026-04-19T03:27:00.850Z INFO  benchmark_client] Sending sample transaction 2522
[2026-04-19T03:27:00.900Z INFO  benchmark_client] Sending sample transaction 2523
[2026-04-19T03:27:00.950Z INFO  benchmark_client] Sending sample transaction 2524
[2026-04-19T03:27:00.999Z INFO  benchmark_client] Sending sample transaction 2525
[2026-04-19T03:27:01.050Z INFO  benchmark_client] Sending sample transaction 2526
[2026-04-19T03:27:01.100Z INFO  benchmark_client] Sending sample transaction 2527
[2026-04-19T03:27:01.150Z INFO  benchmark_client] Sending sample transaction 2528
[2026-04-19T03:27:01.200Z INFO  benchmark_client] Sending sample transaction 2529
[2026-04-19T03:27:01.250Z INFO  benchmark_client] Sending sample transaction 2530
[2026-04-19T03:27:01.300Z INFO  benchmark_client] Sending sample transaction 2531
[2026-04-19T03:27:01.350Z INFO  benchmark_client] Sending sample transaction 2532
[2026-04-19T03:27:01.400Z INFO  benchmark_client] Sending sample transaction 2533
[2026-04-19T03:27:01.449Z INFO  benchmark_client] Sending sample transaction 2534
[2026-04-19T03:27:01.500Z INFO  benchmark_client] Sending sample transaction 2535
[2026-04-19T03:27:01.550Z INFO  benchmark_client] Sending sample transaction 2536
[2026-04-19T03:27:01.601Z INFO  benchmark_client] Sending sample transaction 2537
[2026-04-19T03:27:01.651Z INFO  benchmark_client] Sending sample transaction 2538
[2026-04-19T03:27:01.700Z INFO  benchmark_client] Sending sample transaction 2539
[2026-04-19T03:27:01.750Z INFO  benchmark_client] Sending sample transaction 2540
[2026-04-19T03:27:01.800Z INFO  benchmark_client] Sending sample transaction 2541
[2026-04-19T03:27:01.850Z INFO  benchmark_client] Sending sample transaction 2542
[2026-04-19T03:27:01.900Z INFO  benchmark_client] Sending sample transaction 2543
[2026-04-19T03:27:01.949Z INFO  benchmark_client] Sending sample transaction 2544
[2026-04-19T03:27:02.000Z INFO  benchmark_client] Sending sample transaction 2545
[2026-04-19T03:27:02.050Z INFO  benchmark_client] Sending sample transaction 2546
[2026-04-19T03:27:02.100Z INFO  benchmark_client] Sending sample transaction 2547
[2026-04-19T03:27:02.150Z INFO  benchmark_client] Sending sample transaction 2548
[2026-04-19T03:27:02.200Z INFO  benchmark_client] Sending sample transaction 2549
[2026-04-19T03:27:02.250Z INFO  benchmark_client] Sending sample transaction 2550
[2026-04-19T03:27:02.300Z INFO  benchmark_client] Sending sample transaction 2551
[2026-04-19T03:27:02.350Z INFO  benchmark_client] Sending sample transaction 2552
[2026-04-19T03:27:02.400Z INFO  benchmark_client] Sending sample transaction 2553
[2026-04-19T03:27:02.450Z INFO  benchmark_client] Sending sample transaction 2554
[2026-04-19T03:27:02.500Z INFO  benchmark_client] Sending sample transaction 2555
[2026-04-19T03:27:02.550Z INFO  benchmark_client] Sending sample transaction 2556
[2026-04-19T03:27:02.600Z INFO  benchmark_client] Sending sample transaction 2557
[2026-04-19T03:27:02.650Z INFO  benchmark_client] Sending sample transaction 2558
[2026-04-19T03:27:02.700Z INFO  benchmark_client] Sending sample transaction 2559
[2026-04-19T03:27:02.750Z INFO  benchmark_client] Sending sample transaction 2560
[2026-04-19T03:27:02.800Z INFO  benchmark_client] Sending sample transaction 2561
[2026-04-19T03:27:02.850Z INFO  benchmark_client] Sending sample transaction 2562
[2026-04-19T03:27:02.901Z INFO  benchmark_client] Sending sample transaction 2563
[2026-04-19T03:27:02.950Z INFO  benchmark_client] Sending sample transaction 2564
[2026-04-19T03:27:03.000Z INFO  benchmark_client] Sending sample transaction 2565
[2026-04-19T03:27:03.051Z INFO  benchmark_client] Sending sample transaction 2566
[2026-04-19T03:27:03.100Z INFO  benchmark_client] Sending sample transaction 2567
[2026-04-19T03:27:03.150Z INFO  benchmark_client] Sending sample transaction 2568
[2026-04-19T03:27:03.200Z INFO  benchmark_client] Sending sample transaction 2569
[2026-04-19T03:27:03.250Z INFO  benchmark_client] Sending sample transaction 2570
[2026-04-19T03:27:03.300Z INFO  benchmark_client] Sending sample transaction 2571
[2026-04-19T03:27:03.350Z INFO  benchmark_client] Sending sample transaction 2572
[2026-04-19T03:27:03.400Z INFO  benchmark_client] Sending sample transaction 2573
[2026-04-19T03:27:03.450Z INFO  benchmark_client] Sending sample transaction 2574
[2026-04-19T03:27:03.500Z INFO  benchmark_client] Sending sample transaction 2575
[2026-04-19T03:27:03.550Z INFO  benchmark_client] Sending sample transaction 2576
[2026-04-19T03:27:03.600Z INFO  benchmark_client] Sending sample transaction 2577
[2026-04-19T03:27:03.650Z INFO  benchmark_client] Sending sample transaction 2578
[2026-04-19T03:27:03.700Z INFO  benchmark_client] Sending sample transaction 2579
[2026-04-19T03:27:03.750Z INFO  benchmark_client] Sending sample transaction 2580
[2026-04-19T03:27:03.800Z INFO  benchmark_client] Sending sample transaction 2581
[2026-04-19T03:27:03.850Z INFO  benchmark_client] Sending sample transaction 2582
[2026-04-19T03:27:03.900Z INFO  benchmark_client] Sending sample transaction 2583
[2026-04-19T03:27:03.950Z INFO  benchmark_client] Sending sample transaction 2584
[2026-04-19T03:27:04.000Z INFO  benchmark_client] Sending sample transaction 2585
[2026-04-19T03:27:04.050Z INFO  benchmark_client] Sending sample transaction 2586
[2026-04-19T03:27:04.100Z INFO  benchmark_client] Sending sample transaction 2587
[2026-04-19T03:27:04.150Z INFO  benchmark_client] Sending sample transaction 2588
[2026-04-19T03:27:04.201Z INFO  benchmark_client] Sending sample transaction 2589
[2026-04-19T03:27:04.251Z INFO  benchmark_client] Sending sample transaction 2590
[2026-04-19T03:27:04.300Z INFO  benchmark_client] Sending sample transaction 2591
[2026-04-19T03:27:04.350Z INFO  benchmark_client] Sending sample transaction 2592
[2026-04-19T03:27:04.400Z INFO  benchmark_client] Sending sample transaction 2593
[2026-04-19T03:27:04.451Z INFO  benchmark_client] Sending sample transaction 2594
[2026-04-19T03:27:04.500Z INFO  benchmark_client] Sending sample transaction 2595
[2026-04-19T03:27:04.550Z INFO  benchmark_client] Sending sample transaction 2596
[2026-04-19T03:27:04.600Z INFO  benchmark_client] Sending sample transaction 2597
[2026-04-19T03:27:04.651Z INFO  benchmark_client] Sending sample transaction 2598
[2026-04-19T03:27:04.701Z INFO  benchmark_client] Sending sample transaction 2599
[2026-04-19T03:27:04.750Z INFO  benchmark_client] Sending sample transaction 2600
[2026-04-19T03:27:04.800Z INFO  benchmark_client] Sending sample transaction 2601
[2026-04-19T03:27:04.850Z INFO  benchmark_client] Sending sample transaction 2602
[2026-04-19T03:27:04.900Z INFO  benchmark_client] Sending sample transaction 2603
[2026-04-19T03:27:04.950Z INFO  benchmark_client] Sending sample transaction 2604
[2026-04-19T03:27:05.001Z INFO  benchmark_client] Sending sample transaction 2605
[2026-04-19T03:27:05.050Z INFO  benchmark_client] Sending sample transaction 2606
[2026-04-19T03:27:05.100Z INFO  benchmark_client] Sending sample transaction 2607
[2026-04-19T03:27:05.150Z INFO  benchmark_client] Sending sample transaction 2608
[2026-04-19T03:27:05.200Z INFO  benchmark_client] Sending sample transaction 2609
[2026-04-19T03:27:05.250Z INFO  benchmark_client] Sending sample transaction 2610
[2026-04-19T03:27:05.300Z INFO  benchmark_client] Sending sample transaction 2611
[2026-04-19T03:27:05.350Z INFO  benchmark_client] Sending sample transaction 2612
[2026-04-19T03:27:05.400Z INFO  benchmark_client] Sending sample transaction 2613
[2026-04-19T03:27:05.450Z INFO  benchmark_client] Sending sample transaction 2614
[2026-04-19T03:27:05.500Z INFO  benchmark_client] Sending sample transaction 2615
[2026-04-19T03:27:05.550Z INFO  benchmark_client] Sending sample transaction 2616
[2026-04-19T03:27:05.600Z INFO  benchmark_client] Sending sample transaction 2617
[2026-04-19T03:27:05.650Z INFO  benchmark_client] Sending sample transaction 2618
[2026-04-19T03:27:05.700Z INFO  benchmark_client] Sending sample transaction 2619
[2026-04-19T03:27:05.750Z INFO  benchmark_client] Sending sample transaction 2620
[2026-04-19T03:27:05.800Z INFO  benchmark_client] Sending sample transaction 2621
[2026-04-19T03:27:05.851Z INFO  benchmark_client] Sending sample transaction 2622
[2026-04-19T03:27:05.900Z INFO  benchmark_client] Sending sample transaction 2623
[2026-04-19T03:27:05.950Z INFO  benchmark_client] Sending sample transaction 2624
[2026-04-19T03:27:06.000Z INFO  benchmark_client] Sending sample transaction 2625
[2026-04-19T03:27:06.051Z INFO  benchmark_client] Sending sample transaction 2626
[2026-04-19T03:27:06.100Z INFO  benchmark_client] Sending sample transaction 2627
[2026-04-19T03:27:06.150Z INFO  benchmark_client] Sending sample transaction 2628
[2026-04-19T03:27:06.201Z INFO  benchmark_client] Sending sample transaction 2629
[2026-04-19T03:27:06.250Z INFO  benchmark_client] Sending sample transaction 2630
[2026-04-19T03:27:06.300Z INFO  benchmark_client] Sending sample transaction 2631
[2026-04-19T03:27:06.350Z INFO  benchmark_client] Sending sample transaction 2632
[2026-04-19T03:27:06.400Z INFO  benchmark_client] Sending sample transaction 2633
[2026-04-19T03:27:06.450Z INFO  benchmark_client] Sending sample transaction 2634
[2026-04-19T03:27:06.500Z INFO  benchmark_client] Sending sample transaction 2635
