[2026-04-19T03:24:51.743Z INFO  worker::worker] Worker 0 listening to primary messages on 0.0.0.0:5037
[2026-04-19T03:24:51.743Z INFO  worker::worker] Worker 0 listening to client transactions on 0.0.0.0:5038
[2026-04-19T03:24:51.743Z INFO  worker::worker] Worker 0 listening to worker messages on 0.0.0.0:5039
[2026-04-19T03:24:51.743Z INFO  worker::worker] Worker 0 successfully booted on 10.10.1.8
[2026-04-19T03:24:51.745Z INFO  network::receiver] Incoming connection established with 10.10.1.10:33116
[2026-04-19T03:24:51.745Z WARN  network::receiver] Connection closed by peer 10.10.1.10:33116
[2026-04-19T03:24:51.746Z INFO  network::receiver] Incoming connection established with 10.10.1.5:58242
[2026-04-19T03:24:51.746Z INFO  network::receiver] Incoming connection established with 10.10.1.2:45952
[2026-04-19T03:24:51.746Z WARN  network::receiver] Connection closed by peer 10.10.1.5:58242
[2026-04-19T03:24:51.746Z WARN  network::receiver] Connection closed by peer 10.10.1.2:45952
[2026-04-19T03:24:51.746Z INFO  network::receiver] Incoming connection established with 10.10.1.3:60322
[2026-04-19T03:24:51.746Z WARN  network::receiver] Connection closed by peer 10.10.1.3:60322
[2026-04-19T03:24:51.747Z INFO  network::receiver] Incoming connection established with 10.10.1.1:58084
[2026-04-19T03:24:51.747Z WARN  network::receiver] Connection closed by peer 10.10.1.1:58084
[2026-04-19T03:24:51.752Z INFO  network::receiver] Incoming connection established with 10.10.1.6:48006
[2026-04-19T03:24:51.752Z INFO  network::receiver] Incoming connection established with 10.10.1.4:51854
[2026-04-19T03:24:51.752Z WARN  network::receiver] Connection closed by peer 10.10.1.4:51854
[2026-04-19T03:24:51.752Z WARN  network::receiver] Connection closed by peer 10.10.1.6:48006
[2026-04-19T03:24:51.753Z INFO  network::receiver] Incoming connection established with 10.10.1.7:51616
[2026-04-19T03:24:51.753Z WARN  network::receiver] Connection closed by peer 10.10.1.7:51616
[2026-04-19T03:24:51.754Z INFO  network::receiver] Incoming connection established with 10.10.1.8:37448
[2026-04-19T03:24:51.754Z WARN  network::receiver] Connection closed by peer 10.10.1.8:37448
[2026-04-19T03:24:51.754Z INFO  network::receiver] Incoming connection established with 10.10.1.9:39174
[2026-04-19T03:24:51.754Z WARN  network::receiver] Connection closed by peer 10.10.1.9:39174
[2026-04-19T03:24:51.781Z INFO  network::receiver] Incoming connection established with 10.10.1.8:35692
[2026-04-19T03:24:54.750Z INFO  network::receiver] Incoming connection established with 10.10.1.8:38882
[2026-04-19T03:24:54.761Z INFO  worker::batch_maker] Batch 7nZtlNqbNSv7denQmRI6iwwO2Jvw0kYnNJYddZMCCns= contains sample tx 0
[2026-04-19T03:24:54.761Z INFO  worker::batch_maker] Batch 7nZtlNqbNSv7denQmRI6iwwO2Jvw0kYnNJYddZMCCns= contains 204800 B
[2026-04-19T03:24:54.762Z INFO  network::reliable_sender] Outgoing connection established with 10.10.1.5:5024
[2026-04-19T03:24:54.762Z INFO  network::reliable_sender] Outgoing connection established with 10.10.1.3:5014
[2026-04-19T03:24:54.762Z INFO  network::reliable_sender] Outgoing connection established with 10.10.1.9:5044
[2026-04-19T03:24:54.762Z INFO  network::reliable_sender] Outgoing connection established with 10.10.1.2:5009
[2026-04-19T03:24:54.762Z INFO  network::receiver] Incoming connection established with 10.10.1.5:58626
[2026-04-19T03:24:54.762Z INFO  network::reliable_sender] Outgoing connection established with 10.10.1.6:5029
[2026-04-19T03:24:54.762Z INFO  network::reliable_sender] Outgoing connection established with 10.10.1.1:5004
[2026-04-19T03:24:54.762Z INFO  network::reliable_sender] Outgoing connection established with 10.10.1.10:5049
[2026-04-19T03:24:54.762Z INFO  network::reliable_sender] Outgoing connection established with 10.10.1.7:5034
[2026-04-19T03:24:54.762Z INFO  network::reliable_sender] Outgoing connection established with 10.10.1.4:5019
[2026-04-19T03:24:54.766Z INFO  network::simple_sender] Outgoing connection established with 10.10.1.8:5036
[2026-04-19T03:24:54.778Z INFO  network::receiver] Incoming connection established with 10.10.1.7:35766
[2026-04-19T03:24:54.781Z INFO  network::receiver] Incoming connection established with 10.10.1.2:43676
[2026-04-19T03:24:54.795Z INFO  network::receiver] Incoming connection established with 10.10.1.1:41304
[2026-04-19T03:24:54.796Z INFO  network::receiver] Incoming connection established with 10.10.1.4:38646
[2026-04-19T03:24:54.798Z INFO  network::receiver] Incoming connection established with 10.10.1.9:41292
[2026-04-19T03:24:54.799Z INFO  network::receiver] Incoming connection established with 10.10.1.10:45282
[2026-04-19T03:24:54.801Z INFO  network::receiver] Incoming connection established with 10.10.1.6:45600
[2026-04-19T03:24:54.802Z INFO  network::receiver] Incoming connection established with 10.10.1.3:43748
[2026-04-19T03:24:54.817Z INFO  worker::batch_maker] Batch jrsxnfgWAlU1TBRcVu3odtTYW/zKlvoTXbcNkbZVCt0= contains sample tx 1
[2026-04-19T03:24:54.817Z INFO  worker::batch_maker] Batch jrsxnfgWAlU1TBRcVu3odtTYW/zKlvoTXbcNkbZVCt0= contains 204800 B
[2026-04-19T03:24:54.871Z INFO  worker::batch_maker] Batch AB2ffYLNIz2D/yh9ufoK/6JPvkxBI6joaHUtJg6Rbng= contains sample tx 2
[2026-04-19T03:24:54.871Z INFO  worker::batch_maker] Batch AB2ffYLNIz2D/yh9ufoK/6JPvkxBI6joaHUtJg6Rbng= contains 204800 B
[2026-04-19T03:24:54.923Z INFO  worker::batch_maker] Batch Re/14Ms07VLeL6FeDu9MRr7TkXIZKGgGT6Cq0INX8Yc= contains sample tx 3
[2026-04-19T03:24:54.923Z INFO  worker::batch_maker] Batch Re/14Ms07VLeL6FeDu9MRr7TkXIZKGgGT6Cq0INX8Yc= contains 204800 B
[2026-04-19T03:24:54.975Z INFO  worker::batch_maker] Batch uA/wDgaPgbHAK6h837K/Xcvf8CIKA518FmsX6yaN6ns= contains sample tx 4
[2026-04-19T03:24:54.975Z INFO  worker::batch_maker] Batch uA/wDgaPgbHAK6h837K/Xcvf8CIKA518FmsX6yaN6ns= contains 204800 B
[2026-04-19T03:24:54.981Z INFO  network::receiver] Incoming connection established with 10.10.1.4:37720
[2026-04-19T03:24:54.981Z INFO  network::receiver] Incoming connection established with 10.10.1.2:53560
[2026-04-19T03:24:54.981Z INFO  network::receiver] Incoming connection established with 10.10.1.7:35824
[2026-04-19T03:24:54.981Z INFO  network::simple_sender] Outgoing connection established with 10.10.1.8:5039
[2026-04-19T03:24:54.981Z INFO  network::receiver] Incoming connection established with 10.10.1.8:34370
[2026-04-19T03:24:55.029Z INFO  worker::batch_maker] Batch +OW+z0zzO02hJxvZCRdvHllG4uVu7exI6HpWIJ4wJfY= contains sample tx 5
[2026-04-19T03:24:55.029Z INFO  worker::batch_maker] Batch +OW+z0zzO02hJxvZCRdvHllG4uVu7exI6HpWIJ4wJfY= contains 204800 B
[2026-04-19T03:24:55.082Z INFO  worker::batch_maker] Batch p0R8FJ0IO6HIFGYzjALoiJW5lPKI88fsCFAHhdmoHag= contains sample tx 6
[2026-04-19T03:24:55.083Z INFO  worker::batch_maker] Batch p0R8FJ0IO6HIFGYzjALoiJW5lPKI88fsCFAHhdmoHag= contains 204800 B
[2026-04-19T03:24:55.135Z INFO  worker::batch_maker] Batch qZmH2PJjo7jbw2dO+1y2tmF2ztyY0IC0IC7LPfX0siM= contains sample tx 7
[2026-04-19T03:24:55.135Z INFO  worker::batch_maker] Batch qZmH2PJjo7jbw2dO+1y2tmF2ztyY0IC0IC7LPfX0siM= contains 204800 B
[2026-04-19T03:24:55.188Z INFO  worker::batch_maker] Batch 6gny+aJEpsJ2ASg1ZZafSZceX7rV/0bVane5st29ow4= contains sample tx 8
[2026-04-19T03:24:55.188Z INFO  worker::batch_maker] Batch 6gny+aJEpsJ2ASg1ZZafSZceX7rV/0bVane5st29ow4= contains 204800 B
[2026-04-19T03:24:55.241Z INFO  worker::batch_maker] Batch vjvrMHsR91OcMrPU4EMvkRD0SiZHzYwrZQNy8eQSaC8= contains sample tx 9
[2026-04-19T03:24:55.241Z INFO  worker::batch_maker] Batch vjvrMHsR91OcMrPU4EMvkRD0SiZHzYwrZQNy8eQSaC8= contains 204800 B
[2026-04-19T03:24:55.294Z INFO  worker::batch_maker] Batch WFczcQ/wUfE0we5WMgslDpFLudd80ys2H0yuDNenVAY= contains sample tx 10
[2026-04-19T03:24:55.294Z INFO  worker::batch_maker] Batch WFczcQ/wUfE0we5WMgslDpFLudd80ys2H0yuDNenVAY= contains 204800 B
[2026-04-19T03:24:55.348Z INFO  worker::batch_maker] Batch 8FXFn+WErH1RR3AhCMVwTkr4Zoz6mT58eaKXbkBQjm0= contains sample tx 11
[2026-04-19T03:24:55.348Z INFO  worker::batch_maker] Batch 8FXFn+WErH1RR3AhCMVwTkr4Zoz6mT58eaKXbkBQjm0= contains 204800 B
[2026-04-19T03:24:55.400Z INFO  worker::batch_maker] Batch 4cLPHWmrfuhmamlftKPOa/dWguZ9pRSLPmkB882YUuk= contains sample tx 12
[2026-04-19T03:24:55.401Z INFO  worker::batch_maker] Batch 4cLPHWmrfuhmamlftKPOa/dWguZ9pRSLPmkB882YUuk= contains 204800 B
[2026-04-19T03:24:55.454Z INFO  worker::batch_maker] Batch 0on5MYcTqXmgBCg4WlBRrZRBbwa5GNa75gYo/3ftLws= contains sample tx 13
[2026-04-19T03:24:55.454Z INFO  worker::batch_maker] Batch 0on5MYcTqXmgBCg4WlBRrZRBbwa5GNa75gYo/3ftLws= contains 204800 B
[2026-04-19T03:24:55.509Z INFO  worker::batch_maker] Batch Fc35E8tg2tqAUrKpt3Sz5qLcyfEavTDft24ecJUrxcw= contains sample tx 14
[2026-04-19T03:24:55.509Z INFO  worker::batch_maker] Batch Fc35E8tg2tqAUrKpt3Sz5qLcyfEavTDft24ecJUrxcw= contains sample tx 15
[2026-04-19T03:24:55.509Z INFO  worker::batch_maker] Batch Fc35E8tg2tqAUrKpt3Sz5qLcyfEavTDft24ecJUrxcw= contains 365056 B
[2026-04-19T03:24:55.563Z INFO  worker::batch_maker] Batch WP9qIbwBsJwYCsmf0BCq+mxbbQtW02Rdyyx4g1eW3AI= contains sample tx 16
[2026-04-19T03:24:55.563Z INFO  worker::batch_maker] Batch WP9qIbwBsJwYCsmf0BCq+mxbbQtW02Rdyyx4g1eW3AI= contains 249344 B
[2026-04-19T03:24:55.618Z INFO  worker::batch_maker] Batch 7zRLkmdTjGbYl1+EVzLy2wBHsip79DVFPJlfZ7oa/Ow= contains sample tx 17
[2026-04-19T03:24:55.618Z INFO  worker::batch_maker] Batch 7zRLkmdTjGbYl1+EVzLy2wBHsip79DVFPJlfZ7oa/Ow= contains 204800 B
[2026-04-19T03:24:55.672Z INFO  worker::batch_maker] Batch iIkaVnX+9PlRwMji4twVHqZ9aWLEAByYTr/AAJVUhzM= contains sample tx 18
[2026-04-19T03:24:55.672Z INFO  worker::batch_maker] Batch iIkaVnX+9PlRwMji4twVHqZ9aWLEAByYTr/AAJVUhzM= contains 204800 B
[2026-04-19T03:24:55.724Z INFO  worker::batch_maker] Batch E4BRzM1R5QxIYMyyBEfHQQc3Iq27gdG5WGjLxPjvaRM= contains sample tx 19
[2026-04-19T03:24:55.724Z INFO  worker::batch_maker] Batch E4BRzM1R5QxIYMyyBEfHQQc3Iq27gdG5WGjLxPjvaRM= contains 65536 B
[2026-04-19T03:24:55.780Z INFO  worker::batch_maker] Batch xmtHuuWKmmkAHxcov2sv0LXHsPwpQ0S4Mh8LJeiWoAo= contains sample tx 20
[2026-04-19T03:24:55.780Z INFO  worker::batch_maker] Batch xmtHuuWKmmkAHxcov2sv0LXHsPwpQ0S4Mh8LJeiWoAo= contains 344064 B
[2026-04-19T03:24:55.833Z INFO  worker::batch_maker] Batch VyIlm0bhobZz79MvIWwlQIgNHjsSbSJ0ZZU2ViKAbNg= contains sample tx 21
[2026-04-19T03:24:55.833Z INFO  worker::batch_maker] Batch VyIlm0bhobZz79MvIWwlQIgNHjsSbSJ0ZZU2ViKAbNg= contains 204800 B
[2026-04-19T03:24:55.887Z INFO  worker::batch_maker] Batch VRPDYBFQvBgVYdwP8nUl3lYJa3/W21bj6xDOBy+1yso= contains sample tx 22
[2026-04-19T03:24:55.887Z INFO  worker::batch_maker] Batch VRPDYBFQvBgVYdwP8nUl3lYJa3/W21bj6xDOBy+1yso= contains 204800 B
[2026-04-19T03:24:55.939Z INFO  worker::batch_maker] Batch xAQA4uH+XiujTMxiHy1Fffm6BlKbU4qyKuLqVQXhUk0= contains sample tx 23
[2026-04-19T03:24:55.939Z INFO  worker::batch_maker] Batch xAQA4uH+XiujTMxiHy1Fffm6BlKbU4qyKuLqVQXhUk0= contains 204800 B
[2026-04-19T03:24:55.994Z INFO  worker::batch_maker] Batch zkb3AiA8/qAjnkjCaPYO4GSvxCvjkhrXJKjFpYAtPsE= contains sample tx 24
[2026-04-19T03:24:55.994Z INFO  worker::batch_maker] Batch zkb3AiA8/qAjnkjCaPYO4GSvxCvjkhrXJKjFpYAtPsE= contains 204800 B
[2026-04-19T03:24:56.047Z INFO  worker::batch_maker] Batch Zdyd2wAtdft+d4GBeDlYkuPZnyN7upeuk4a/7IkoQqU= contains sample tx 25
[2026-04-19T03:24:56.047Z INFO  worker::batch_maker] Batch Zdyd2wAtdft+d4GBeDlYkuPZnyN7upeuk4a/7IkoQqU= contains 204800 B
[2026-04-19T03:24:56.100Z INFO  worker::batch_maker] Batch HK1y6Xz1vRvLTOhHJU4iwrjyt8LafFwf2eHlbS2vLUQ= contains sample tx 26
[2026-04-19T03:24:56.100Z INFO  worker::batch_maker] Batch HK1y6Xz1vRvLTOhHJU4iwrjyt8LafFwf2eHlbS2vLUQ= contains 204800 B
[2026-04-19T03:24:56.153Z INFO  worker::batch_maker] Batch AB8nkSC2JVl7X61yUYEA7aykrD+e4ANzx/VEbRJHajQ= contains sample tx 27
[2026-04-19T03:24:56.153Z INFO  worker::batch_maker] Batch AB8nkSC2JVl7X61yUYEA7aykrD+e4ANzx/VEbRJHajQ= contains 204800 B
[2026-04-19T03:24:56.206Z INFO  worker::batch_maker] Batch Rbga5GMvOGmTyPrvcyxXOcr++oCJHAXPSrCrJxX4A5E= contains sample tx 28
[2026-04-19T03:24:56.206Z INFO  worker::batch_maker] Batch Rbga5GMvOGmTyPrvcyxXOcr++oCJHAXPSrCrJxX4A5E= contains sample tx 29
[2026-04-19T03:24:56.206Z INFO  worker::batch_maker] Batch Rbga5GMvOGmTyPrvcyxXOcr++oCJHAXPSrCrJxX4A5E= contains 340480 B
[2026-04-19T03:24:56.261Z INFO  worker::batch_maker] Batch rGo1GvpC/xk2YuR34OCyfjoeIqgNEy1r64IqxKGzO7Y= contains sample tx 30
[2026-04-19T03:24:56.261Z INFO  worker::batch_maker] Batch rGo1GvpC/xk2YuR34OCyfjoeIqgNEy1r64IqxKGzO7Y= contains 273920 B
[2026-04-19T03:24:56.313Z INFO  worker::batch_maker] Batch uvVc0nxQUd0+MYDAl4+zQLV+lJos3fgJj8lMjxTaI4Y= contains sample tx 31
[2026-04-19T03:24:56.313Z INFO  worker::batch_maker] Batch uvVc0nxQUd0+MYDAl4+zQLV+lJos3fgJj8lMjxTaI4Y= contains 204800 B
[2026-04-19T03:24:56.366Z INFO  worker::batch_maker] Batch avCnYJOUyJTZAE6eZne8CuNkXVHIu+Brubt9wMFZNoE= contains sample tx 32
[2026-04-19T03:24:56.366Z INFO  worker::batch_maker] Batch avCnYJOUyJTZAE6eZne8CuNkXVHIu+Brubt9wMFZNoE= contains 204800 B
[2026-04-19T03:24:56.420Z INFO  worker::batch_maker] Batch KYhO0MSvk9+Hv/4vmRDVStNB+FT2olYh12ZUNF6J9yA= contains sample tx 33
[2026-04-19T03:24:56.420Z INFO  worker::batch_maker] Batch KYhO0MSvk9+Hv/4vmRDVStNB+FT2olYh12ZUNF6J9yA= contains 204800 B
[2026-04-19T03:24:56.474Z INFO  worker::batch_maker] Batch /Jk3U9GbL5tOHCYr+vaL/KAhZsQX/0QsYvx3D2lIbpU= contains sample tx 34
[2026-04-19T03:24:56.474Z INFO  worker::batch_maker] Batch /Jk3U9GbL5tOHCYr+vaL/KAhZsQX/0QsYvx3D2lIbpU= contains 204800 B
[2026-04-19T03:24:56.530Z INFO  worker::batch_maker] Batch 8NfhG5ntyOMRWeXRh9WJV+mxFxWsjZfeWNEGbpUg/tY= contains sample tx 35
[2026-04-19T03:24:56.530Z INFO  worker::batch_maker] Batch 8NfhG5ntyOMRWeXRh9WJV+mxFxWsjZfeWNEGbpUg/tY= contains 204800 B
[2026-04-19T03:24:56.582Z INFO  worker::batch_maker] Batch SmbWVZ6kBYpvtB4kDY0b2vLLIysvYGtiFLnVSD8q9m4= contains sample tx 36
[2026-04-19T03:24:56.582Z INFO  worker::batch_maker] Batch SmbWVZ6kBYpvtB4kDY0b2vLLIysvYGtiFLnVSD8q9m4= contains 204800 B
[2026-04-19T03:24:56.637Z INFO  worker::batch_maker] Batch 5ChlAaLlVkKA1lPxO2aMC4T/9oE2TtkuLtDZmM8yiCU= contains sample tx 37
[2026-04-19T03:24:56.637Z INFO  worker::batch_maker] Batch 5ChlAaLlVkKA1lPxO2aMC4T/9oE2TtkuLtDZmM8yiCU= contains 204800 B
[2026-04-19T03:24:56.690Z INFO  worker::batch_maker] Batch K1o0mqCEvZAIsQEexb5m+7YDAPxo27vjisCnCKNlvpQ= contains sample tx 38
[2026-04-19T03:24:56.690Z INFO  worker::batch_maker] Batch K1o0mqCEvZAIsQEexb5m+7YDAPxo27vjisCnCKNlvpQ= contains 204800 B
[2026-04-19T03:24:56.744Z INFO  worker::batch_maker] Batch J+PwjaN4Vm9FInTampoxaHqqkm0WDIigPRpMVnkwzDo= contains sample tx 39
[2026-04-19T03:24:56.744Z INFO  worker::batch_maker] Batch J+PwjaN4Vm9FInTampoxaHqqkm0WDIigPRpMVnkwzDo= contains 204800 B
[2026-04-19T03:24:56.795Z INFO  worker::batch_maker] Batch IFrEUip51UhBW2mJoc9UsCD4C4A/PzqAuExDnxe4emI= contains sample tx 40
[2026-04-19T03:24:56.795Z INFO  worker::batch_maker] Batch IFrEUip51UhBW2mJoc9UsCD4C4A/PzqAuExDnxe4emI= contains 204800 B
[2026-04-19T03:24:56.848Z INFO  worker::batch_maker] Batch 7RyYNcmj7ri8PVrvgj1e1GAbHfKWkCfp2LH/aGjo9NY= contains sample tx 41
[2026-04-19T03:24:56.849Z INFO  worker::batch_maker] Batch 7RyYNcmj7ri8PVrvgj1e1GAbHfKWkCfp2LH/aGjo9NY= contains 204800 B
[2026-04-19T03:24:56.902Z INFO  worker::batch_maker] Batch kLjOw+6YA3jEdETjAqHq6MUIM1pumnnKgjm3BFmOW98= contains sample tx 42
[2026-04-19T03:24:56.903Z INFO  worker::batch_maker] Batch kLjOw+6YA3jEdETjAqHq6MUIM1pumnnKgjm3BFmOW98= contains 204800 B
[2026-04-19T03:24:56.956Z INFO  worker::batch_maker] Batch ssS/ydqelb0FQNi5lvlWopU9H/vpVOS2KZSIC/8v73k= contains sample tx 43
[2026-04-19T03:24:56.956Z INFO  worker::batch_maker] Batch ssS/ydqelb0FQNi5lvlWopU9H/vpVOS2KZSIC/8v73k= contains sample tx 44
[2026-04-19T03:24:56.956Z INFO  worker::batch_maker] Batch ssS/ydqelb0FQNi5lvlWopU9H/vpVOS2KZSIC/8v73k= contains 293376 B
[2026-04-19T03:24:57.010Z INFO  worker::batch_maker] Batch aBfWImPzhFdU/QvckxabvD1lvmGQ5EyjERUzAstOShY= contains sample tx 45
[2026-04-19T03:24:57.010Z INFO  worker::batch_maker] Batch aBfWImPzhFdU/QvckxabvD1lvmGQ5EyjERUzAstOShY= contains 321024 B
[2026-04-19T03:24:57.062Z INFO  worker::batch_maker] Batch yt7EbD72KJ6P8iIGC+e4+N17kHc1IFTk0ohgPTx51ig= contains sample tx 46
[2026-04-19T03:24:57.063Z INFO  worker::batch_maker] Batch yt7EbD72KJ6P8iIGC+e4+N17kHc1IFTk0ohgPTx51ig= contains 204800 B
[2026-04-19T03:24:57.116Z INFO  worker::batch_maker] Batch 7W4VFazzVGnhl2FZ2QMX+U/Venoykyxmko0M2V+PUhk= contains sample tx 47
[2026-04-19T03:24:57.116Z INFO  worker::batch_maker] Batch 7W4VFazzVGnhl2FZ2QMX+U/Venoykyxmko0M2V+PUhk= contains 204800 B
[2026-04-19T03:24:57.169Z INFO  worker::batch_maker] Batch kceDggSYywMAUFGhAlnnqwf2QxefB8oxHp3clZn+8XA= contains sample tx 48
[2026-04-19T03:24:57.169Z INFO  worker::batch_maker] Batch kceDggSYywMAUFGhAlnnqwf2QxefB8oxHp3clZn+8XA= contains 204800 B
[2026-04-19T03:24:57.221Z INFO  worker::batch_maker] Batch FK7wcc6J1erWZzXPuzO4Dye/HYrxaGLJ5zPnVq2hwqI= contains sample tx 49
[2026-04-19T03:24:57.221Z INFO  worker::batch_maker] Batch FK7wcc6J1erWZzXPuzO4Dye/HYrxaGLJ5zPnVq2hwqI= contains 204800 B
[2026-04-19T03:24:57.275Z INFO  worker::batch_maker] Batch ZepnQ/6EP4EB7OUrkJu+U6yygF33XXGSHT1wZKm5XnI= contains sample tx 50
[2026-04-19T03:24:57.275Z INFO  worker::batch_maker] Batch ZepnQ/6EP4EB7OUrkJu+U6yygF33XXGSHT1wZKm5XnI= contains 204800 B
[2026-04-19T03:24:57.329Z INFO  worker::batch_maker] Batch gnTKyQEWkWMxfe9tbgJi4mqCMCv/dw2m7zcETcPTnek= contains sample tx 51
[2026-04-19T03:24:57.329Z INFO  worker::batch_maker] Batch gnTKyQEWkWMxfe9tbgJi4mqCMCv/dw2m7zcETcPTnek= contains 204800 B
[2026-04-19T03:24:57.381Z INFO  worker::batch_maker] Batch h+ncxypiJrS3AzFFwjhdnKW1PbFNJzH3yaTqoo2QDH4= contains sample tx 52
[2026-04-19T03:24:57.381Z INFO  worker::batch_maker] Batch h+ncxypiJrS3AzFFwjhdnKW1PbFNJzH3yaTqoo2QDH4= contains 204800 B
[2026-04-19T03:24:57.388Z INFO  network::receiver] Incoming connection established with 10.10.1.9:50042
[2026-04-19T03:24:57.434Z INFO  worker::batch_maker] Batch uNUwK1gBE53/kpLYsRTbnutssoQO/A9XPbh27OviyU4= contains sample tx 53
[2026-04-19T03:24:57.434Z INFO  worker::batch_maker] Batch uNUwK1gBE53/kpLYsRTbnutssoQO/A9XPbh27OviyU4= contains 204800 B
[2026-04-19T03:24:57.486Z INFO  worker::batch_maker] Batch hXBjMtTy3FVHtFE64AalMB6abXC6gRXn0HmeZTzXH3M= contains sample tx 54
[2026-04-19T03:24:57.486Z INFO  worker::batch_maker] Batch hXBjMtTy3FVHtFE64AalMB6abXC6gRXn0HmeZTzXH3M= contains 204800 B
[2026-04-19T03:24:57.537Z INFO  worker::batch_maker] Batch 0sP3CFrkoQSq6zXEecOVXEPPt/cn/HXsW2iMfGVLtEQ= contains sample tx 55
[2026-04-19T03:24:57.537Z INFO  worker::batch_maker] Batch 0sP3CFrkoQSq6zXEecOVXEPPt/cn/HXsW2iMfGVLtEQ= contains 204800 B
[2026-04-19T03:24:57.590Z INFO  worker::batch_maker] Batch 6DnYL1DTb1/ggUidRCblO/UBgzZjaED/0RGH3/LoqXA= contains sample tx 56
[2026-04-19T03:24:57.590Z INFO  worker::batch_maker] Batch 6DnYL1DTb1/ggUidRCblO/UBgzZjaED/0RGH3/LoqXA= contains 204800 B
[2026-04-19T03:24:57.644Z INFO  worker::batch_maker] Batch oWL37wqAD7w+MFe0872j16UzhvFL/AyULFO3kR5qHqk= contains sample tx 57
[2026-04-19T03:24:57.644Z INFO  worker::batch_maker] Batch oWL37wqAD7w+MFe0872j16UzhvFL/AyULFO3kR5qHqk= contains 204800 B
[2026-04-19T03:24:57.697Z INFO  worker::batch_maker] Batch LuTmVw+3GlQqKRbevjJBlbLkeXknX3ZpvzEN3zJ8CDE= contains sample tx 58
[2026-04-19T03:24:57.697Z INFO  worker::batch_maker] Batch LuTmVw+3GlQqKRbevjJBlbLkeXknX3ZpvzEN3zJ8CDE= contains 204800 B
[2026-04-19T03:24:57.749Z INFO  worker::batch_maker] Batch tMqDQMtkQiD0pVsZNoP16rl5o/VtHWDcQXIGGkT2Moc= contains sample tx 59
[2026-04-19T03:24:57.749Z INFO  worker::batch_maker] Batch tMqDQMtkQiD0pVsZNoP16rl5o/VtHWDcQXIGGkT2Moc= contains 204800 B
[2026-04-19T03:24:57.801Z INFO  worker::batch_maker] Batch vhvjyaFYLhnvs1duZWcaqX12KnMdUYmkNR4Ixv/u3xI= contains sample tx 60
[2026-04-19T03:24:57.801Z INFO  worker::batch_maker] Batch vhvjyaFYLhnvs1duZWcaqX12KnMdUYmkNR4Ixv/u3xI= contains 204800 B
[2026-04-19T03:24:57.805Z INFO  network::receiver] Incoming connection established with 10.10.1.5:59054
[2026-04-19T03:24:57.805Z INFO  network::receiver] Incoming connection established with 10.10.1.6:54062
[2026-04-19T03:24:57.806Z INFO  network::receiver] Incoming connection established with 10.10.1.3:47528
[2026-04-19T03:24:57.853Z INFO  worker::batch_maker] Batch 43qffNWQZPtRSJQ/DzCrxG0DQZMFG9z7GFhk46BWS1Y= contains sample tx 61
[2026-04-19T03:24:57.853Z INFO  worker::batch_maker] Batch 43qffNWQZPtRSJQ/DzCrxG0DQZMFG9z7GFhk46BWS1Y= contains 204800 B
[2026-04-19T03:24:57.906Z INFO  worker::batch_maker] Batch n6dCG/i+bnnhnJakN4Q0mc36E2BSM6FofappEm6VYss= contains sample tx 62
[2026-04-19T03:24:57.906Z INFO  worker::batch_maker] Batch n6dCG/i+bnnhnJakN4Q0mc36E2BSM6FofappEm6VYss= contains sample tx 63
[2026-04-19T03:24:57.906Z INFO  worker::batch_maker] Batch n6dCG/i+bnnhnJakN4Q0mc36E2BSM6FofappEm6VYss= contains 409600 B
[2026-04-19T03:24:57.961Z INFO  worker::batch_maker] Batch SquY/9jJf5Jh72ZyNSdOVdVKoBwr04swWlF/DAPM4G0= contains sample tx 64
[2026-04-19T03:24:57.961Z INFO  worker::batch_maker] Batch SquY/9jJf5Jh72ZyNSdOVdVKoBwr04swWlF/DAPM4G0= contains 204800 B
[2026-04-19T03:24:58.014Z INFO  worker::batch_maker] Batch J53UTVIvMdRJUF7XFwi++3hDn/UNm13Rky4FUMOGtMg= contains sample tx 65
[2026-04-19T03:24:58.014Z INFO  worker::batch_maker] Batch J53UTVIvMdRJUF7XFwi++3hDn/UNm13Rky4FUMOGtMg= contains 204800 B
[2026-04-19T03:24:58.068Z INFO  worker::batch_maker] Batch +6Jt81en/BuWp5e5zCEC3u/6Kk2gp8BL4Cx2ML1378s= contains sample tx 66
[2026-04-19T03:24:58.068Z INFO  worker::batch_maker] Batch +6Jt81en/BuWp5e5zCEC3u/6Kk2gp8BL4Cx2ML1378s= contains 204800 B
[2026-04-19T03:24:58.121Z INFO  worker::batch_maker] Batch ylU2RUr/kJYFkApCLydFvs/xcEhb6k0N6/pq8xx9+6U= contains sample tx 67
[2026-04-19T03:24:58.121Z INFO  worker::batch_maker] Batch ylU2RUr/kJYFkApCLydFvs/xcEhb6k0N6/pq8xx9+6U= contains 204800 B
[2026-04-19T03:24:58.175Z INFO  worker::batch_maker] Batch trK4/DY34GeFyhkWO/mCkbb+CTjL+dqjuHiBpjlxJfU= contains sample tx 68
[2026-04-19T03:24:58.175Z INFO  worker::batch_maker] Batch trK4/DY34GeFyhkWO/mCkbb+CTjL+dqjuHiBpjlxJfU= contains 204800 B
[2026-04-19T03:24:58.229Z INFO  worker::batch_maker] Batch sqoQYu3PdJs7KgDqa5kF07TH8FeknevLxn25MlWd5YE= contains sample tx 69
[2026-04-19T03:24:58.229Z INFO  worker::batch_maker] Batch sqoQYu3PdJs7KgDqa5kF07TH8FeknevLxn25MlWd5YE= contains 204800 B
[2026-04-19T03:24:58.283Z INFO  worker::batch_maker] Batch uHGUKVCYfMLbhtq+UpNTXjhGONizQhDxa3wo8Wjc7mU= contains sample tx 70
[2026-04-19T03:24:58.283Z INFO  worker::batch_maker] Batch uHGUKVCYfMLbhtq+UpNTXjhGONizQhDxa3wo8Wjc7mU= contains 204800 B
[2026-04-19T03:24:58.337Z INFO  worker::batch_maker] Batch KmwFV6rj3rawGribSe0HlZGtaxLKIU0dDpDgtKZj0/g= contains sample tx 71
[2026-04-19T03:24:58.337Z INFO  worker::batch_maker] Batch KmwFV6rj3rawGribSe0HlZGtaxLKIU0dDpDgtKZj0/g= contains 204800 B
[2026-04-19T03:24:58.390Z INFO  worker::batch_maker] Batch vXe2EHPgmZz47uSyOC63IEpVkRXmPXHaMdVRcQhxFYo= contains sample tx 72
[2026-04-19T03:24:58.390Z INFO  worker::batch_maker] Batch vXe2EHPgmZz47uSyOC63IEpVkRXmPXHaMdVRcQhxFYo= contains 204800 B
[2026-04-19T03:24:58.408Z INFO  network::receiver] Incoming connection established with 10.10.1.10:58284
[2026-04-19T03:24:58.444Z INFO  worker::batch_maker] Batch WhsYeGG7gJcDuwWZk3fvBWJejWtKnc201Lv0+VJYssg= contains sample tx 73
[2026-04-19T03:24:58.444Z INFO  worker::batch_maker] Batch WhsYeGG7gJcDuwWZk3fvBWJejWtKnc201Lv0+VJYssg= contains 204800 B
[2026-04-19T03:24:58.498Z INFO  worker::batch_maker] Batch T+ciRgJsa5e+7UMO4vnykuXW/hQC5lBNJWhrVORwm8A= contains sample tx 74
[2026-04-19T03:24:58.498Z INFO  worker::batch_maker] Batch T+ciRgJsa5e+7UMO4vnykuXW/hQC5lBNJWhrVORwm8A= contains 204800 B
[2026-04-19T03:24:58.551Z INFO  worker::batch_maker] Batch ky6G4QQC2SirD4u1I2BRWZ0rdVZGM9nVaBTR5P3Q7AI= contains sample tx 75
[2026-04-19T03:24:58.551Z INFO  worker::batch_maker] Batch ky6G4QQC2SirD4u1I2BRWZ0rdVZGM9nVaBTR5P3Q7AI= contains 204800 B
[2026-04-19T03:24:58.603Z INFO  worker::batch_maker] Batch icz56Zna6X/ZiRJepyIcHdMAjgxj39dM/uUTz6zksTg= contains sample tx 76
[2026-04-19T03:24:58.603Z INFO  worker::batch_maker] Batch icz56Zna6X/ZiRJepyIcHdMAjgxj39dM/uUTz6zksTg= contains 204800 B
[2026-04-19T03:24:58.660Z INFO  worker::batch_maker] Batch XvlAjzR4ZDIN/GOFIymz8aeDPAK77/sb59tZ8PynlSs= contains sample tx 77
[2026-04-19T03:24:58.660Z INFO  worker::batch_maker] Batch XvlAjzR4ZDIN/GOFIymz8aeDPAK77/sb59tZ8PynlSs= contains sample tx 78
[2026-04-19T03:24:58.660Z INFO  worker::batch_maker] Batch XvlAjzR4ZDIN/GOFIymz8aeDPAK77/sb59tZ8PynlSs= contains 385024 B
[2026-04-19T03:24:58.714Z INFO  worker::batch_maker] Batch /jGXkBvuEAlbj4/mDKTWxeJBtNmoqRmpJr1eYrh8TJ8= contains sample tx 79
[2026-04-19T03:24:58.714Z INFO  worker::batch_maker] Batch /jGXkBvuEAlbj4/mDKTWxeJBtNmoqRmpJr1eYrh8TJ8= contains 229376 B
[2026-04-19T03:24:58.768Z INFO  worker::batch_maker] Batch xxi1ikzxlcMGIEg7GPDDdO8+xr1Md5DvEGMSbb6gGW4= contains sample tx 80
[2026-04-19T03:24:58.768Z INFO  worker::batch_maker] Batch xxi1ikzxlcMGIEg7GPDDdO8+xr1Md5DvEGMSbb6gGW4= contains 204800 B
[2026-04-19T03:24:58.821Z INFO  worker::batch_maker] Batch 4W8qDeUxNSeBlYInD6udWvXflpTnx/QJ23ASf5VOaY8= contains sample tx 81
[2026-04-19T03:24:58.821Z INFO  worker::batch_maker] Batch 4W8qDeUxNSeBlYInD6udWvXflpTnx/QJ23ASf5VOaY8= contains 204800 B
[2026-04-19T03:24:58.875Z INFO  worker::batch_maker] Batch MGj0FFnYCFolztWNk8PlmvoPfgW8ddymiBZ/wb3p90A= contains sample tx 82
[2026-04-19T03:24:58.875Z INFO  worker::batch_maker] Batch MGj0FFnYCFolztWNk8PlmvoPfgW8ddymiBZ/wb3p90A= contains 204800 B
[2026-04-19T03:24:58.927Z INFO  worker::batch_maker] Batch ANGPJ3+D6s4LXG56ag4C1a9NWG0lHl5YSrnzccKBmzY= contains sample tx 83
[2026-04-19T03:24:58.927Z INFO  worker::batch_maker] Batch ANGPJ3+D6s4LXG56ag4C1a9NWG0lHl5YSrnzccKBmzY= contains 204800 B
[2026-04-19T03:24:58.981Z INFO  worker::batch_maker] Batch z9xtC0U3g/x2FubHwrJQjt4LCAMaUwrARIptzlUjS84= contains sample tx 84
[2026-04-19T03:24:58.981Z INFO  worker::batch_maker] Batch z9xtC0U3g/x2FubHwrJQjt4LCAMaUwrARIptzlUjS84= contains 204800 B
[2026-04-19T03:24:59.034Z INFO  worker::batch_maker] Batch UQBs+AzBSzLh80elSDMkGl2NhOSvS/tu2NPg/8QpWnM= contains sample tx 85
[2026-04-19T03:24:59.035Z INFO  worker::batch_maker] Batch UQBs+AzBSzLh80elSDMkGl2NhOSvS/tu2NPg/8QpWnM= contains 204800 B
[2026-04-19T03:24:59.088Z INFO  worker::batch_maker] Batch pYtlmCuuGn/mHU6CbSdXWS/d0eTHXwHWxpAEdb/G8rQ= contains sample tx 86
[2026-04-19T03:24:59.088Z INFO  worker::batch_maker] Batch pYtlmCuuGn/mHU6CbSdXWS/d0eTHXwHWxpAEdb/G8rQ= contains 204800 B
[2026-04-19T03:24:59.140Z INFO  worker::batch_maker] Batch 4aNlii0PrBone8ceAwTOR4GurdFCUBKo4O320ESK/y0= contains sample tx 87
[2026-04-19T03:24:59.140Z INFO  worker::batch_maker] Batch 4aNlii0PrBone8ceAwTOR4GurdFCUBKo4O320ESK/y0= contains 204800 B
[2026-04-19T03:24:59.193Z INFO  worker::batch_maker] Batch 1u0RwkuaQxPs7vSJgBlei+Xty0zeMCat/iMOSsbPz0o= contains sample tx 88
[2026-04-19T03:24:59.193Z INFO  worker::batch_maker] Batch 1u0RwkuaQxPs7vSJgBlei+Xty0zeMCat/iMOSsbPz0o= contains 204800 B
[2026-04-19T03:24:59.247Z INFO  worker::batch_maker] Batch nR0BukoI1N9t+Ws94UbIrzrntzGmMqo/SgPTl3IImII= contains sample tx 89
[2026-04-19T03:24:59.247Z INFO  worker::batch_maker] Batch nR0BukoI1N9t+Ws94UbIrzrntzGmMqo/SgPTl3IImII= contains 204800 B
[2026-04-19T03:24:59.300Z INFO  worker::batch_maker] Batch eGi/fcDWlBKebht894nxE/ynzlrRvmWGMj45rfRNIWI= contains sample tx 90
[2026-04-19T03:24:59.300Z INFO  worker::batch_maker] Batch eGi/fcDWlBKebht894nxE/ynzlrRvmWGMj45rfRNIWI= contains 204800 B
[2026-04-19T03:24:59.354Z INFO  worker::batch_maker] Batch 7H5KhOeg9qbpCJP04p1UfDj7JFQcAVKmZxt6gf5M0h4= contains sample tx 91
[2026-04-19T03:24:59.354Z INFO  worker::batch_maker] Batch 7H5KhOeg9qbpCJP04p1UfDj7JFQcAVKmZxt6gf5M0h4= contains 204800 B
[2026-04-19T03:24:59.411Z INFO  worker::batch_maker] Batch u44EWJsHtNtvd/NbDimME3lLJ3fQcGTTC9nBNGoGLgI= contains sample tx 92
[2026-04-19T03:24:59.411Z INFO  worker::batch_maker] Batch u44EWJsHtNtvd/NbDimME3lLJ3fQcGTTC9nBNGoGLgI= contains sample tx 93
[2026-04-19T03:24:59.411Z INFO  worker::batch_maker] Batch u44EWJsHtNtvd/NbDimME3lLJ3fQcGTTC9nBNGoGLgI= contains 409600 B
[2026-04-19T03:24:59.464Z INFO  worker::batch_maker] Batch lgHUAfsWZLskg1yPoDNxodm99SoQpAwZXcJVJU7sg5E= contains sample tx 94
[2026-04-19T03:24:59.464Z INFO  worker::batch_maker] Batch lgHUAfsWZLskg1yPoDNxodm99SoQpAwZXcJVJU7sg5E= contains 204800 B
[2026-04-19T03:24:59.517Z INFO  worker::batch_maker] Batch nv14goqe5eNGcFahfXLVmCpAF6+8X91mEmZ4S+XKXy8= contains sample tx 95
[2026-04-19T03:24:59.517Z INFO  worker::batch_maker] Batch nv14goqe5eNGcFahfXLVmCpAF6+8X91mEmZ4S+XKXy8= contains 204800 B
[2026-04-19T03:24:59.570Z INFO  worker::batch_maker] Batch 8R+70AWgxq85DihakyNw1RDZIF6mQTvTpEXecpho7js= contains sample tx 96
[2026-04-19T03:24:59.570Z INFO  worker::batch_maker] Batch 8R+70AWgxq85DihakyNw1RDZIF6mQTvTpEXecpho7js= contains 204800 B
[2026-04-19T03:24:59.624Z INFO  worker::batch_maker] Batch lCXSz1LuhOStF1DUQZvEhQogbQesGcP7omRA7vRhUhM= contains sample tx 97
[2026-04-19T03:24:59.624Z INFO  worker::batch_maker] Batch lCXSz1LuhOStF1DUQZvEhQogbQesGcP7omRA7vRhUhM= contains 204800 B
[2026-04-19T03:24:59.675Z INFO  worker::batch_maker] Batch oQMb/6QXtGM3VpriJJGnlzSe3KQT6+wjncx21XH/IEo= contains sample tx 98
[2026-04-19T03:24:59.675Z INFO  worker::batch_maker] Batch oQMb/6QXtGM3VpriJJGnlzSe3KQT6+wjncx21XH/IEo= contains 204800 B
[2026-04-19T03:24:59.729Z INFO  worker::batch_maker] Batch hnOn7aOFJyX3Ta+oSntd7+hzNOfAM7oex0+tmw4R69Q= contains sample tx 99
[2026-04-19T03:24:59.729Z INFO  worker::batch_maker] Batch hnOn7aOFJyX3Ta+oSntd7+hzNOfAM7oex0+tmw4R69Q= contains 204800 B
[2026-04-19T03:24:59.781Z INFO  worker::batch_maker] Batch fhMpnxY1grlyCUrBZ7lbxMKiITTpKTlR6ukNnllnE5E= contains sample tx 100
[2026-04-19T03:24:59.781Z INFO  worker::batch_maker] Batch fhMpnxY1grlyCUrBZ7lbxMKiITTpKTlR6ukNnllnE5E= contains 204800 B
[2026-04-19T03:24:59.835Z INFO  worker::batch_maker] Batch Wvnrfirn2WNxIun51QSmju464VIQYeom6NT8iEfnwyo= contains sample tx 101
[2026-04-19T03:24:59.835Z INFO  worker::batch_maker] Batch Wvnrfirn2WNxIun51QSmju464VIQYeom6NT8iEfnwyo= contains 204800 B
[2026-04-19T03:24:59.889Z INFO  worker::batch_maker] Batch iVVfNvr3CUoGp23eXf0ip/ZDau3CUddF2WvQYYSsoaI= contains sample tx 102
[2026-04-19T03:24:59.889Z INFO  worker::batch_maker] Batch iVVfNvr3CUoGp23eXf0ip/ZDau3CUddF2WvQYYSsoaI= contains 204800 B
[2026-04-19T03:24:59.942Z INFO  worker::batch_maker] Batch xBiTOMNkkiqT+UOywNH83fXpw75kHCNH//1NJauS3Fg= contains sample tx 103
[2026-04-19T03:24:59.942Z INFO  worker::batch_maker] Batch xBiTOMNkkiqT+UOywNH83fXpw75kHCNH//1NJauS3Fg= contains 204800 B
[2026-04-19T03:24:59.994Z INFO  worker::batch_maker] Batch mJ5ZW3a8mKZSXYiAeixbe1PdV5Sdf9wWWSLOhYKOy/Y= contains sample tx 104
[2026-04-19T03:24:59.994Z INFO  worker::batch_maker] Batch mJ5ZW3a8mKZSXYiAeixbe1PdV5Sdf9wWWSLOhYKOy/Y= contains 204800 B
[2026-04-19T03:25:00.047Z INFO  worker::batch_maker] Batch oqTLvsSIwo9734UrBHWl1ixFkv2zRUshkgh4eRmD/ns= contains sample tx 105
[2026-04-19T03:25:00.047Z INFO  worker::batch_maker] Batch oqTLvsSIwo9734UrBHWl1ixFkv2zRUshkgh4eRmD/ns= contains 204800 B
[2026-04-19T03:25:00.101Z INFO  worker::batch_maker] Batch UhvOaMw9MZ8cf+aAvu45NZMHPYyit9PCpFDfu8lrf4g= contains sample tx 106
[2026-04-19T03:25:00.101Z INFO  worker::batch_maker] Batch UhvOaMw9MZ8cf+aAvu45NZMHPYyit9PCpFDfu8lrf4g= contains 204800 B
[2026-04-19T03:25:00.154Z INFO  worker::batch_maker] Batch OZhBCZrXRJilxnMDIZGydrjB4AMPOw+QkajvEvz8BrY= contains sample tx 107
[2026-04-19T03:25:00.154Z INFO  worker::batch_maker] Batch OZhBCZrXRJilxnMDIZGydrjB4AMPOw+QkajvEvz8BrY= contains 243200 B
[2026-04-19T03:25:00.209Z INFO  worker::batch_maker] Batch e2qnkO3mMAUuQc68dP4XXbm5ZtqJ01CI4uEpVeAgV18= contains sample tx 108
[2026-04-19T03:25:00.209Z INFO  worker::batch_maker] Batch e2qnkO3mMAUuQc68dP4XXbm5ZtqJ01CI4uEpVeAgV18= contains sample tx 109
[2026-04-19T03:25:00.209Z INFO  worker::batch_maker] Batch e2qnkO3mMAUuQc68dP4XXbm5ZtqJ01CI4uEpVeAgV18= contains 371200 B
[2026-04-19T03:25:00.263Z INFO  worker::batch_maker] Batch WZC+kG2VCJ4wpjnOGvpwli/remdSgb+Ww/gMvEKDfaU= contains sample tx 110
[2026-04-19T03:25:00.263Z INFO  worker::batch_maker] Batch WZC+kG2VCJ4wpjnOGvpwli/remdSgb+Ww/gMvEKDfaU= contains 204800 B
[2026-04-19T03:25:00.316Z INFO  worker::batch_maker] Batch ARX2kiT+W5x6orMaKQ9+NrlJ0SN48o/WrkjGCxYcqko= contains sample tx 111
[2026-04-19T03:25:00.316Z INFO  worker::batch_maker] Batch ARX2kiT+W5x6orMaKQ9+NrlJ0SN48o/WrkjGCxYcqko= contains 204800 B
[2026-04-19T03:25:00.370Z INFO  worker::batch_maker] Batch xUo7J9pEITFFYfR0MkMUTD9HVMan3N9uJiXq3b9MvtU= contains sample tx 112
[2026-04-19T03:25:00.370Z INFO  worker::batch_maker] Batch xUo7J9pEITFFYfR0MkMUTD9HVMan3N9uJiXq3b9MvtU= contains 204800 B
[2026-04-19T03:25:00.423Z INFO  worker::batch_maker] Batch mSYk4FuJHc23Ck0eqI/JrXkNbgvlwQX5N/V4j2aIdpU= contains sample tx 113
[2026-04-19T03:25:00.423Z INFO  worker::batch_maker] Batch mSYk4FuJHc23Ck0eqI/JrXkNbgvlwQX5N/V4j2aIdpU= contains 204800 B
[2026-04-19T03:25:00.476Z INFO  worker::batch_maker] Batch TbOVb2Flw3V2tx4K6BjS3Y11fWlOApTADubGkCAfero= contains sample tx 114
[2026-04-19T03:25:00.476Z INFO  worker::batch_maker] Batch TbOVb2Flw3V2tx4K6BjS3Y11fWlOApTADubGkCAfero= contains 204800 B
[2026-04-19T03:25:00.529Z INFO  worker::batch_maker] Batch kOP5zDRIuw63rxOy6HeHPkCzXzs4CYibEE7wWSq7zo8= contains sample tx 115
[2026-04-19T03:25:00.529Z INFO  worker::batch_maker] Batch kOP5zDRIuw63rxOy6HeHPkCzXzs4CYibEE7wWSq7zo8= contains 204800 B
[2026-04-19T03:25:00.582Z INFO  worker::batch_maker] Batch NEgB66/ep4zsDUapjyHmNpWCli9dIJH4r/HVNuf/M4w= contains sample tx 116
[2026-04-19T03:25:00.582Z INFO  worker::batch_maker] Batch NEgB66/ep4zsDUapjyHmNpWCli9dIJH4r/HVNuf/M4w= contains 204800 B
[2026-04-19T03:25:00.634Z INFO  worker::batch_maker] Batch Ry0Dnb5Xv5MM1psuQGXhPJic/tmH410kpGp86Vq14H8= contains sample tx 117
[2026-04-19T03:25:00.634Z INFO  worker::batch_maker] Batch Ry0Dnb5Xv5MM1psuQGXhPJic/tmH410kpGp86Vq14H8= contains 204800 B
[2026-04-19T03:25:00.688Z INFO  worker::batch_maker] Batch joB3a/8wFNa3yWxoejPFu2sKpY6Cok5HQMvWY0yIrV0= contains sample tx 118
[2026-04-19T03:25:00.688Z INFO  worker::batch_maker] Batch joB3a/8wFNa3yWxoejPFu2sKpY6Cok5HQMvWY0yIrV0= contains 204800 B
[2026-04-19T03:25:00.740Z INFO  worker::batch_maker] Batch GOh3Z2ra/hXQ6Fnd/M+5olOMNfvlwkTqF7CBE3+cFSI= contains sample tx 119
[2026-04-19T03:25:00.740Z INFO  worker::batch_maker] Batch GOh3Z2ra/hXQ6Fnd/M+5olOMNfvlwkTqF7CBE3+cFSI= contains 204800 B
[2026-04-19T03:25:00.794Z INFO  worker::batch_maker] Batch OpjrR/TnN9Raxb3MqtEZZ/uaRu+LGv/Hbwy3HNRtOQI= contains sample tx 120
[2026-04-19T03:25:00.794Z INFO  worker::batch_maker] Batch OpjrR/TnN9Raxb3MqtEZZ/uaRu+LGv/Hbwy3HNRtOQI= contains 204800 B
[2026-04-19T03:25:00.848Z INFO  worker::batch_maker] Batch Tf4a/wLKWJ2RpCtKY2THXsAzmca+GoHIolnVutzi6x8= contains sample tx 121
[2026-04-19T03:25:00.848Z INFO  worker::batch_maker] Batch Tf4a/wLKWJ2RpCtKY2THXsAzmca+GoHIolnVutzi6x8= contains 204800 B
[2026-04-19T03:25:00.901Z INFO  worker::batch_maker] Batch T3OWLnYjY5fkAbu+w88+s8fGZAezB+ElzcTDgqAlJq0= contains sample tx 122
[2026-04-19T03:25:00.901Z INFO  worker::batch_maker] Batch T3OWLnYjY5fkAbu+w88+s8fGZAezB+ElzcTDgqAlJq0= contains 204800 B
[2026-04-19T03:25:00.955Z INFO  worker::batch_maker] Batch tNaXY1xczK5bd4cPZXSgqcTsQOlzg10F91P+cRjjIhg= contains sample tx 123
[2026-04-19T03:25:00.955Z INFO  worker::batch_maker] Batch tNaXY1xczK5bd4cPZXSgqcTsQOlzg10F91P+cRjjIhg= contains 218112 B
[2026-04-19T03:25:01.009Z INFO  worker::batch_maker] Batch B6ufLvTj753n1Rt48UqPm47eK4uiVJqxXidqEB7h8pk= contains sample tx 124
[2026-04-19T03:25:01.009Z INFO  worker::batch_maker] Batch B6ufLvTj753n1Rt48UqPm47eK4uiVJqxXidqEB7h8pk= contains sample tx 125
[2026-04-19T03:25:01.009Z INFO  worker::batch_maker] Batch B6ufLvTj753n1Rt48UqPm47eK4uiVJqxXidqEB7h8pk= contains 373760 B
[2026-04-19T03:25:01.063Z INFO  worker::batch_maker] Batch Eai90FJ4L569o0HCMCQsed1kH+uvKaEoBuP5oxEHXkk= contains sample tx 126
[2026-04-19T03:25:01.063Z INFO  worker::batch_maker] Batch Eai90FJ4L569o0HCMCQsed1kH+uvKaEoBuP5oxEHXkk= contains 227328 B
[2026-04-19T03:25:01.117Z INFO  worker::batch_maker] Batch Tcauac3ktCGynl+roj/V86fUyqUwy8LTVpqg17uNNp8= contains sample tx 127
[2026-04-19T03:25:01.117Z INFO  worker::batch_maker] Batch Tcauac3ktCGynl+roj/V86fUyqUwy8LTVpqg17uNNp8= contains 204800 B
[2026-04-19T03:25:01.170Z INFO  worker::batch_maker] Batch gMFod+kjqJYqempR0RGuS5JrqvasOkJtDpE9wmF1i3U= contains sample tx 128
[2026-04-19T03:25:01.170Z INFO  worker::batch_maker] Batch gMFod+kjqJYqempR0RGuS5JrqvasOkJtDpE9wmF1i3U= contains 204800 B
[2026-04-19T03:25:01.223Z INFO  worker::batch_maker] Batch vOkESPRIHzyPLMAAGtpYWYaSxBMDMlU1YPlbo2n7xkM= contains sample tx 129
[2026-04-19T03:25:01.223Z INFO  worker::batch_maker] Batch vOkESPRIHzyPLMAAGtpYWYaSxBMDMlU1YPlbo2n7xkM= contains 204800 B
[2026-04-19T03:25:01.277Z INFO  worker::batch_maker] Batch sCU1wv+DTJqrZMDouo2Oay0k3LcQd3+BrV534i6I758= contains sample tx 130
[2026-04-19T03:25:01.277Z INFO  worker::batch_maker] Batch sCU1wv+DTJqrZMDouo2Oay0k3LcQd3+BrV534i6I758= contains 204800 B
[2026-04-19T03:25:01.330Z INFO  worker::batch_maker] Batch 6HOqrsbnxJnS4lXPZCV8GXU+OcwecZoW/W8CxpqaLPg= contains sample tx 131
[2026-04-19T03:25:01.330Z INFO  worker::batch_maker] Batch 6HOqrsbnxJnS4lXPZCV8GXU+OcwecZoW/W8CxpqaLPg= contains 204800 B
[2026-04-19T03:25:01.382Z INFO  worker::batch_maker] Batch lRmyqxew9F10qTWlOJFn50TUhVAuH8GYwJAfcVDjMkE= contains sample tx 132
[2026-04-19T03:25:01.382Z INFO  worker::batch_maker] Batch lRmyqxew9F10qTWlOJFn50TUhVAuH8GYwJAfcVDjMkE= contains 204800 B
[2026-04-19T03:25:01.435Z INFO  worker::batch_maker] Batch LLqYJ0TabMcWgKNuPwiWRvRlGTo84/godqBUf/+VQg8= contains sample tx 133
[2026-04-19T03:25:01.435Z INFO  worker::batch_maker] Batch LLqYJ0TabMcWgKNuPwiWRvRlGTo84/godqBUf/+VQg8= contains 204800 B
[2026-04-19T03:25:01.489Z INFO  worker::batch_maker] Batch SRpGIHTafjv8zcPluFpdhoQQUIhUOYbleIMKzq+LCQc= contains sample tx 134
[2026-04-19T03:25:01.489Z INFO  worker::batch_maker] Batch SRpGIHTafjv8zcPluFpdhoQQUIhUOYbleIMKzq+LCQc= contains 204800 B
[2026-04-19T03:25:01.541Z INFO  worker::batch_maker] Batch ci8QY4gaFxNoTNZFJt4/k5kq5IrmRBTUXfiD4ELRoHQ= contains sample tx 135
[2026-04-19T03:25:01.541Z INFO  worker::batch_maker] Batch ci8QY4gaFxNoTNZFJt4/k5kq5IrmRBTUXfiD4ELRoHQ= contains 204800 B
[2026-04-19T03:25:01.593Z INFO  worker::batch_maker] Batch vd+bHWULWWS94K/dY5RKGX6l4k+fNOME9VtTKIj0zNs= contains sample tx 136
[2026-04-19T03:25:01.593Z INFO  worker::batch_maker] Batch vd+bHWULWWS94K/dY5RKGX6l4k+fNOME9VtTKIj0zNs= contains 204800 B
[2026-04-19T03:25:01.645Z INFO  worker::batch_maker] Batch scaBKimuHBGsDU+CysFTX6kaajbeh49rmYK5SW785Dc= contains sample tx 137
[2026-04-19T03:25:01.645Z INFO  worker::batch_maker] Batch scaBKimuHBGsDU+CysFTX6kaajbeh49rmYK5SW785Dc= contains 204800 B
[2026-04-19T03:25:01.698Z INFO  worker::batch_maker] Batch TPGb2LiVCd6wYxRwCRHKbwkOhtLNrnDgMCj/qOUthCY= contains sample tx 138
[2026-04-19T03:25:01.698Z INFO  worker::batch_maker] Batch TPGb2LiVCd6wYxRwCRHKbwkOhtLNrnDgMCj/qOUthCY= contains 204800 B
[2026-04-19T03:25:01.750Z INFO  worker::batch_maker] Batch gTF1PsX46KMc4zzrpOQjMoas5DS7o6pzP/p1z15xb+c= contains sample tx 139
[2026-04-19T03:25:01.750Z INFO  worker::batch_maker] Batch gTF1PsX46KMc4zzrpOQjMoas5DS7o6pzP/p1z15xb+c= contains 204800 B
[2026-04-19T03:25:01.803Z INFO  worker::batch_maker] Batch 6W9QC86p6OO/SCG9x7ILbiT6aFCgMXS3s1wM83qnZVQ= contains sample tx 140
[2026-04-19T03:25:01.803Z INFO  worker::batch_maker] Batch 6W9QC86p6OO/SCG9x7ILbiT6aFCgMXS3s1wM83qnZVQ= contains 204800 B
[2026-04-19T03:25:01.856Z INFO  worker::batch_maker] Batch hy9rJsFSaVTXndIMqAxMxCIq8yc/QRQOB/QzOKiAzBQ= contains sample tx 141
[2026-04-19T03:25:01.856Z INFO  worker::batch_maker] Batch hy9rJsFSaVTXndIMqAxMxCIq8yc/QRQOB/QzOKiAzBQ= contains sample tx 142
[2026-04-19T03:25:01.856Z INFO  worker::batch_maker] Batch hy9rJsFSaVTXndIMqAxMxCIq8yc/QRQOB/QzOKiAzBQ= contains 409600 B
[2026-04-19T03:25:01.909Z INFO  worker::batch_maker] Batch HGFaJrO2mhFxDTH8pbzmL14i2CDuvjJ/vKG+4zI8XWY= contains sample tx 143
[2026-04-19T03:25:01.909Z INFO  worker::batch_maker] Batch HGFaJrO2mhFxDTH8pbzmL14i2CDuvjJ/vKG+4zI8XWY= contains 204800 B
[2026-04-19T03:25:01.960Z INFO  worker::batch_maker] Batch pJBS+ohnYer+0FTmiO5uO5D1hDFdPMikhgZXujzwbZw= contains sample tx 144
[2026-04-19T03:25:01.960Z INFO  worker::batch_maker] Batch pJBS+ohnYer+0FTmiO5uO5D1hDFdPMikhgZXujzwbZw= contains 204800 B
[2026-04-19T03:25:02.013Z INFO  worker::batch_maker] Batch qEKLbej7kD7Ub5Nu405pR/AbJNh+SeJZ1M6GDG6rri0= contains sample tx 145
[2026-04-19T03:25:02.013Z INFO  worker::batch_maker] Batch qEKLbej7kD7Ub5Nu405pR/AbJNh+SeJZ1M6GDG6rri0= contains 204800 B
[2026-04-19T03:25:02.066Z INFO  worker::batch_maker] Batch NyWphFkQY8T8E8C/dOFDtFyLIyD+ACVwp2z8DPF+J5g= contains sample tx 146
[2026-04-19T03:25:02.066Z INFO  worker::batch_maker] Batch NyWphFkQY8T8E8C/dOFDtFyLIyD+ACVwp2z8DPF+J5g= contains 204800 B
[2026-04-19T03:25:02.118Z INFO  worker::batch_maker] Batch zQcq6mVslf9M7u64JQn1gq4ImWcfp1G3yLNrYf63gL8= contains sample tx 147
[2026-04-19T03:25:02.118Z INFO  worker::batch_maker] Batch zQcq6mVslf9M7u64JQn1gq4ImWcfp1G3yLNrYf63gL8= contains 204800 B
[2026-04-19T03:25:02.171Z INFO  worker::batch_maker] Batch y5CcgUKvRYb0rSlx9JMbxfbyLDsuJmPMVdveL0pyn5E= contains sample tx 148
[2026-04-19T03:25:02.187Z INFO  worker::batch_maker] Batch y5CcgUKvRYb0rSlx9JMbxfbyLDsuJmPMVdveL0pyn5E= contains 204800 B
[2026-04-19T03:25:02.240Z INFO  worker::batch_maker] Batch j/3l3jwNZ8PA9NIkJWLSqQSb1k+1owXIGAP6JvYc/Fg= contains sample tx 149
[2026-04-19T03:25:02.240Z INFO  worker::batch_maker] Batch j/3l3jwNZ8PA9NIkJWLSqQSb1k+1owXIGAP6JvYc/Fg= contains 204800 B
[2026-04-19T03:25:02.292Z INFO  worker::batch_maker] Batch 9nT025qwzsqKmDpEm+bIgq+HBFMleX0ZMJEVpMpQA7I= contains sample tx 150
[2026-04-19T03:25:02.293Z INFO  worker::batch_maker] Batch 9nT025qwzsqKmDpEm+bIgq+HBFMleX0ZMJEVpMpQA7I= contains 204800 B
[2026-04-19T03:25:02.346Z INFO  worker::batch_maker] Batch lPOcb0ytnDuKk5cMNU2EMcYfuODZvNvBhvMvobbA9bs= contains sample tx 151
[2026-04-19T03:25:02.346Z INFO  worker::batch_maker] Batch lPOcb0ytnDuKk5cMNU2EMcYfuODZvNvBhvMvobbA9bs= contains 204800 B
[2026-04-19T03:25:02.400Z INFO  worker::batch_maker] Batch 6/kN8tp5bN44PkSmT2ZeDMzAmG293KBmCSHz7T4Z7kQ= contains sample tx 152
[2026-04-19T03:25:02.401Z INFO  worker::batch_maker] Batch 6/kN8tp5bN44PkSmT2ZeDMzAmG293KBmCSHz7T4Z7kQ= contains 204800 B
[2026-04-19T03:25:02.454Z INFO  worker::batch_maker] Batch d78VCy+wOdr2bfIWUTjhuANZ2IKAwWkN4OjE8j0oTI4= contains sample tx 153
[2026-04-19T03:25:02.454Z INFO  worker::batch_maker] Batch d78VCy+wOdr2bfIWUTjhuANZ2IKAwWkN4OjE8j0oTI4= contains 204800 B
[2026-04-19T03:25:02.507Z INFO  worker::batch_maker] Batch /2xVpjvgAGJcGGrksHgInfB/5JLljCL/6CFVfo6Eqpo= contains sample tx 154
[2026-04-19T03:25:02.507Z INFO  worker::batch_maker] Batch /2xVpjvgAGJcGGrksHgInfB/5JLljCL/6CFVfo6Eqpo= contains 218112 B
[2026-04-19T03:25:02.565Z INFO  worker::batch_maker] Batch xVglGmeIeXnLw6CJTRSB8SSiIwv9VlBWBcme2MloZiQ= contains sample tx 155
[2026-04-19T03:25:02.565Z INFO  worker::batch_maker] Batch xVglGmeIeXnLw6CJTRSB8SSiIwv9VlBWBcme2MloZiQ= contains sample tx 156
[2026-04-19T03:25:02.565Z INFO  worker::batch_maker] Batch xVglGmeIeXnLw6CJTRSB8SSiIwv9VlBWBcme2MloZiQ= contains 396288 B
[2026-04-19T03:25:02.618Z INFO  worker::batch_maker] Batch c+DZv6sXv0rmsouM0k8p6wwYjglqJkMCJGt9qrkivGo= contains 80384 B
[2026-04-19T03:25:02.676Z INFO  worker::batch_maker] Batch 9INJW+59D3kr/atfHd48i/A0YXUztTNtsSjxOUNfcG4= contains sample tx 157
[2026-04-19T03:25:02.676Z INFO  worker::batch_maker] Batch 9INJW+59D3kr/atfHd48i/A0YXUztTNtsSjxOUNfcG4= contains sample tx 158
[2026-04-19T03:25:02.676Z INFO  worker::batch_maker] Batch 9INJW+59D3kr/atfHd48i/A0YXUztTNtsSjxOUNfcG4= contains 329216 B
[2026-04-19T03:25:02.730Z INFO  worker::batch_maker] Batch EdicDf/D3Hc1gQyjPd4JpVCyu1LDlpHzEix5zaFpptY= contains sample tx 159
[2026-04-19T03:25:02.730Z INFO  worker::batch_maker] Batch EdicDf/D3Hc1gQyjPd4JpVCyu1LDlpHzEix5zaFpptY= contains 204800 B
[2026-04-19T03:25:02.785Z INFO  worker::batch_maker] Batch m/1/T9uGuR2zQ4GrVgXL1Ea6eaUMn9qXS7ARrhq1voc= contains sample tx 160
[2026-04-19T03:25:02.785Z INFO  worker::batch_maker] Batch m/1/T9uGuR2zQ4GrVgXL1Ea6eaUMn9qXS7ARrhq1voc= contains 204800 B
[2026-04-19T03:25:02.838Z INFO  worker::batch_maker] Batch vnfTdKpWuc4BjP00msFfgaCCLZG0t3/4WOKWFRZ2YpM= contains sample tx 161
[2026-04-19T03:25:02.838Z INFO  worker::batch_maker] Batch vnfTdKpWuc4BjP00msFfgaCCLZG0t3/4WOKWFRZ2YpM= contains 204800 B
[2026-04-19T03:25:02.891Z INFO  worker::batch_maker] Batch F3+jCnMu/4cyMX16AJgBYgfStRr3k+SH4wXJpewMxcc= contains sample tx 162
[2026-04-19T03:25:02.891Z INFO  worker::batch_maker] Batch F3+jCnMu/4cyMX16AJgBYgfStRr3k+SH4wXJpewMxcc= contains 204800 B
[2026-04-19T03:25:02.944Z INFO  worker::batch_maker] Batch tpYU0CktW0jPdbEGFAF/DSFnt/er7G4QYOHMxSeFhOo= contains sample tx 163
[2026-04-19T03:25:02.944Z INFO  worker::batch_maker] Batch tpYU0CktW0jPdbEGFAF/DSFnt/er7G4QYOHMxSeFhOo= contains 204800 B
[2026-04-19T03:25:02.998Z INFO  worker::batch_maker] Batch z08CrV6TJGkPopRXEJwLAwV6MWaziRGhdkTLMXJ9Ghw= contains sample tx 164
[2026-04-19T03:25:02.998Z INFO  worker::batch_maker] Batch z08CrV6TJGkPopRXEJwLAwV6MWaziRGhdkTLMXJ9Ghw= contains 204800 B
[2026-04-19T03:25:03.051Z INFO  worker::batch_maker] Batch lNEpi0Cfh0dC60l/NYBvfZ98ALdZj+ZDyh7hpX7xReU= contains sample tx 165
[2026-04-19T03:25:03.051Z INFO  worker::batch_maker] Batch lNEpi0Cfh0dC60l/NYBvfZ98ALdZj+ZDyh7hpX7xReU= contains 204800 B
[2026-04-19T03:25:03.104Z INFO  worker::batch_maker] Batch OsJlorVfVmQQyPtz1ebVyLF/yttAj+WgmwyX5Kjaa40= contains sample tx 166
[2026-04-19T03:25:03.105Z INFO  worker::batch_maker] Batch OsJlorVfVmQQyPtz1ebVyLF/yttAj+WgmwyX5Kjaa40= contains 213504 B
[2026-04-19T03:25:03.158Z INFO  worker::batch_maker] Batch dgbpmnWC+4RuJLOsyqpRXkBKzhRj/MhBpG4SMGfHsH8= contains sample tx 167
[2026-04-19T03:25:03.158Z INFO  worker::batch_maker] Batch dgbpmnWC+4RuJLOsyqpRXkBKzhRj/MhBpG4SMGfHsH8= contains sample tx 168
[2026-04-19T03:25:03.158Z INFO  worker::batch_maker] Batch dgbpmnWC+4RuJLOsyqpRXkBKzhRj/MhBpG4SMGfHsH8= contains 345088 B
[2026-04-19T03:25:03.212Z INFO  worker::batch_maker] Batch 6er1ixjDjju1kbU1nfVdKN1BRrJ0Hu+LD8afFbjmYhU= contains sample tx 169
[2026-04-19T03:25:03.212Z INFO  worker::batch_maker] Batch 6er1ixjDjju1kbU1nfVdKN1BRrJ0Hu+LD8afFbjmYhU= contains 260608 B
[2026-04-19T03:25:03.267Z INFO  worker::batch_maker] Batch qcrIEhySFpWg3TtLHQ++/HRMdUjiI2fRiGoPdE+U96M= contains sample tx 170
[2026-04-19T03:25:03.267Z INFO  worker::batch_maker] Batch qcrIEhySFpWg3TtLHQ++/HRMdUjiI2fRiGoPdE+U96M= contains 204800 B
[2026-04-19T03:25:03.320Z INFO  worker::batch_maker] Batch ll5+qoZhN8iz3/vPpJDvPkkq8idM1FHa942yYUKwHk0= contains sample tx 171
[2026-04-19T03:25:03.320Z INFO  worker::batch_maker] Batch ll5+qoZhN8iz3/vPpJDvPkkq8idM1FHa942yYUKwHk0= contains 204800 B
[2026-04-19T03:25:03.373Z INFO  worker::batch_maker] Batch XrZVZUO3e7jOLK1VcueFaYjVUC0nvxQI7gfQ5XeeWo0= contains sample tx 172
[2026-04-19T03:25:03.373Z INFO  worker::batch_maker] Batch XrZVZUO3e7jOLK1VcueFaYjVUC0nvxQI7gfQ5XeeWo0= contains 204800 B
[2026-04-19T03:25:03.427Z INFO  worker::batch_maker] Batch TwG1qj/JKKcqdKy6G2KbAqXevWl6GFeHR5pXNOnlSk4= contains sample tx 173
[2026-04-19T03:25:03.427Z INFO  worker::batch_maker] Batch TwG1qj/JKKcqdKy6G2KbAqXevWl6GFeHR5pXNOnlSk4= contains 204800 B
[2026-04-19T03:25:03.481Z INFO  worker::batch_maker] Batch oQDW2ffrAVAqABtvh0JAXdL+1AENJG+AXv24dElazzc= contains sample tx 174
[2026-04-19T03:25:03.481Z INFO  worker::batch_maker] Batch oQDW2ffrAVAqABtvh0JAXdL+1AENJG+AXv24dElazzc= contains 204800 B
[2026-04-19T03:25:03.533Z INFO  worker::batch_maker] Batch 6z86SFrzUKtYzaSMGvgm1EopitwiamIJu03Nus1HZYs= contains sample tx 175
[2026-04-19T03:25:03.533Z INFO  worker::batch_maker] Batch 6z86SFrzUKtYzaSMGvgm1EopitwiamIJu03Nus1HZYs= contains 204800 B
[2026-04-19T03:25:03.587Z INFO  worker::batch_maker] Batch VKHDmMvfdJZ9ztrxKIGmoqTZdD7kcmKuxt7BH+mKKGw= contains sample tx 176
[2026-04-19T03:25:03.587Z INFO  worker::batch_maker] Batch VKHDmMvfdJZ9ztrxKIGmoqTZdD7kcmKuxt7BH+mKKGw= contains 204800 B
[2026-04-19T03:25:03.641Z INFO  worker::batch_maker] Batch 6RxF2JfQ/kQ3bqoc8e4owBfXn/8Kyu6gQWDyoRjljtM= contains sample tx 177
[2026-04-19T03:25:03.641Z INFO  worker::batch_maker] Batch 6RxF2JfQ/kQ3bqoc8e4owBfXn/8Kyu6gQWDyoRjljtM= contains 204800 B
[2026-04-19T03:25:03.694Z INFO  worker::batch_maker] Batch EOCd56oS2SIAJMo+nntGyde7iVUTkFa7/AeaDde5dzE= contains sample tx 178
[2026-04-19T03:25:03.694Z INFO  worker::batch_maker] Batch EOCd56oS2SIAJMo+nntGyde7iVUTkFa7/AeaDde5dzE= contains 204800 B
[2026-04-19T03:25:03.748Z INFO  worker::batch_maker] Batch xd3DoIAsl1cxnPLm8xeZV5n5J38PmRh1qUxGPxt2TjA= contains sample tx 179
[2026-04-19T03:25:03.748Z INFO  worker::batch_maker] Batch xd3DoIAsl1cxnPLm8xeZV5n5J38PmRh1qUxGPxt2TjA= contains 204800 B
[2026-04-19T03:25:03.801Z INFO  worker::batch_maker] Batch RvSKWu1CJuo0fXge6L/Z93fLvXP27vFm6fv96+qIO08= contains sample tx 180
[2026-04-19T03:25:03.801Z INFO  worker::batch_maker] Batch RvSKWu1CJuo0fXge6L/Z93fLvXP27vFm6fv96+qIO08= contains 204800 B
[2026-04-19T03:25:03.855Z INFO  worker::batch_maker] Batch ZgVPB8tHnSmdmEBsugtKNQD5PoXhJMRJg8wOKbh48kM= contains sample tx 181
[2026-04-19T03:25:03.855Z INFO  worker::batch_maker] Batch ZgVPB8tHnSmdmEBsugtKNQD5PoXhJMRJg8wOKbh48kM= contains 215552 B
[2026-04-19T03:25:03.909Z INFO  worker::batch_maker] Batch GthWPUi4v6d/1/qgv7Lor3U3QqzUXNsd1eRCiw2sPRs= contains sample tx 182
[2026-04-19T03:25:03.909Z INFO  worker::batch_maker] Batch GthWPUi4v6d/1/qgv7Lor3U3QqzUXNsd1eRCiw2sPRs= contains 286720 B
[2026-04-19T03:25:03.964Z INFO  worker::batch_maker] Batch Ey3epu7yG34WJaBZhrkeicw2mfhDCcG/7dlSNEajqHM= contains sample tx 183
[2026-04-19T03:25:03.964Z INFO  worker::batch_maker] Batch Ey3epu7yG34WJaBZhrkeicw2mfhDCcG/7dlSNEajqHM= contains sample tx 184
[2026-04-19T03:25:03.964Z INFO  worker::batch_maker] Batch Ey3epu7yG34WJaBZhrkeicw2mfhDCcG/7dlSNEajqHM= contains 316928 B
[2026-04-19T03:25:04.018Z INFO  worker::batch_maker] Batch WSq/uwXtqhFJPBr45Re9He3jXbxQeVv9M6mn5PxZLhg= contains sample tx 185
[2026-04-19T03:25:04.018Z INFO  worker::batch_maker] Batch WSq/uwXtqhFJPBr45Re9He3jXbxQeVv9M6mn5PxZLhg= contains 204800 B
[2026-04-19T03:25:04.071Z INFO  worker::batch_maker] Batch ixyggtkMOQbJ6qy17Av/e8KuWcumfHdJnu37X6qJD8E= contains sample tx 186
[2026-04-19T03:25:04.071Z INFO  worker::batch_maker] Batch ixyggtkMOQbJ6qy17Av/e8KuWcumfHdJnu37X6qJD8E= contains 204800 B
[2026-04-19T03:25:04.125Z INFO  worker::batch_maker] Batch hbZ3dPaBTupTWzia7OTM4FQc07xKc718PEU6b3bHa8Y= contains sample tx 187
[2026-04-19T03:25:04.125Z INFO  worker::batch_maker] Batch hbZ3dPaBTupTWzia7OTM4FQc07xKc718PEU6b3bHa8Y= contains 204800 B
[2026-04-19T03:25:04.179Z INFO  worker::batch_maker] Batch ZqqU5PEZqft/M4JbJYh+wXtdvt5dZ5LRV/eoG3PM5P4= contains sample tx 188
[2026-04-19T03:25:04.179Z INFO  worker::batch_maker] Batch ZqqU5PEZqft/M4JbJYh+wXtdvt5dZ5LRV/eoG3PM5P4= contains 204800 B
[2026-04-19T03:25:04.231Z INFO  worker::batch_maker] Batch CtZkXhhs2qZcPJeO1zVW8bf1510ndVt5ERhlNvtoKzA= contains sample tx 189
[2026-04-19T03:25:04.231Z INFO  worker::batch_maker] Batch CtZkXhhs2qZcPJeO1zVW8bf1510ndVt5ERhlNvtoKzA= contains 204800 B
[2026-04-19T03:25:04.284Z INFO  worker::batch_maker] Batch 1keMysChksE6ZsCdOaqBJ4ZoR+Vt3fbHzTvw+vN39Ms= contains sample tx 190
[2026-04-19T03:25:04.284Z INFO  worker::batch_maker] Batch 1keMysChksE6ZsCdOaqBJ4ZoR+Vt3fbHzTvw+vN39Ms= contains 204800 B
[2026-04-19T03:25:04.337Z INFO  worker::batch_maker] Batch +Yj1gUktTziP5qLsAMhjneeEJzBG5hZICKekgNBv0fg= contains sample tx 191
[2026-04-19T03:25:04.337Z INFO  worker::batch_maker] Batch +Yj1gUktTziP5qLsAMhjneeEJzBG5hZICKekgNBv0fg= contains 204800 B
[2026-04-19T03:25:04.391Z INFO  worker::batch_maker] Batch LfqFmIRDjKBJWdhg0GdgaVmI2trMp4zgegxGQc7J1l8= contains sample tx 192
[2026-04-19T03:25:04.391Z INFO  worker::batch_maker] Batch LfqFmIRDjKBJWdhg0GdgaVmI2trMp4zgegxGQc7J1l8= contains 204800 B
[2026-04-19T03:25:04.443Z INFO  worker::batch_maker] Batch FUuv6oqDOytBcncLhnmemieT3Bo5mQwegP9pZDbwiG0= contains sample tx 193
[2026-04-19T03:25:04.443Z INFO  worker::batch_maker] Batch FUuv6oqDOytBcncLhnmemieT3Bo5mQwegP9pZDbwiG0= contains 204800 B
[2026-04-19T03:25:04.495Z INFO  worker::batch_maker] Batch 8+YPRRs2n2GXjLouxn9j3f7nQADENRKHV7YkN2AWHoE= contains sample tx 194
[2026-04-19T03:25:04.495Z INFO  worker::batch_maker] Batch 8+YPRRs2n2GXjLouxn9j3f7nQADENRKHV7YkN2AWHoE= contains 204800 B
[2026-04-19T03:25:04.547Z INFO  worker::batch_maker] Batch HeqXcXlG2F8NHlwt3ghfvu/OgrprgBLw3qTDkQ0Ga70= contains sample tx 195
[2026-04-19T03:25:04.547Z INFO  worker::batch_maker] Batch HeqXcXlG2F8NHlwt3ghfvu/OgrprgBLw3qTDkQ0Ga70= contains 204800 B
[2026-04-19T03:25:04.601Z INFO  worker::batch_maker] Batch bbJrpgXJTBdKz7CvV/a3ItRQ20qNrQBVrI0dQxyGaxQ= contains sample tx 196
[2026-04-19T03:25:04.601Z INFO  worker::batch_maker] Batch bbJrpgXJTBdKz7CvV/a3ItRQ20qNrQBVrI0dQxyGaxQ= contains 204800 B
[2026-04-19T03:25:04.654Z INFO  worker::batch_maker] Batch nH3rItpG6BLPCkcgz5rrNnHfzIGnpmGLnR0mjUux0VA= contains sample tx 197
[2026-04-19T03:25:04.654Z INFO  worker::batch_maker] Batch nH3rItpG6BLPCkcgz5rrNnHfzIGnpmGLnR0mjUux0VA= contains 204800 B
[2026-04-19T03:25:04.709Z INFO  worker::batch_maker] Batch ojIQ5SKXNyld3syn/m2wdc/yxFjUfc1sKhNBhljTSdQ= contains sample tx 198
[2026-04-19T03:25:04.709Z INFO  worker::batch_maker] Batch ojIQ5SKXNyld3syn/m2wdc/yxFjUfc1sKhNBhljTSdQ= contains sample tx 199
[2026-04-19T03:25:04.709Z INFO  worker::batch_maker] Batch ojIQ5SKXNyld3syn/m2wdc/yxFjUfc1sKhNBhljTSdQ= contains 373760 B
[2026-04-19T03:25:04.763Z INFO  worker::batch_maker] Batch aFTaUapbg3MXGGuXJLzSqNT7VQu7joWQkmvYj3POq/k= contains sample tx 200
[2026-04-19T03:25:04.763Z INFO  worker::batch_maker] Batch aFTaUapbg3MXGGuXJLzSqNT7VQu7joWQkmvYj3POq/k= contains 240640 B
[2026-04-19T03:25:04.816Z INFO  worker::batch_maker] Batch IT4+to4i8D1jijZXoV9BHsG5i992H3q+GyFXOIR7X8w= contains sample tx 201
[2026-04-19T03:25:04.816Z INFO  worker::batch_maker] Batch IT4+to4i8D1jijZXoV9BHsG5i992H3q+GyFXOIR7X8w= contains 204800 B
[2026-04-19T03:25:04.869Z INFO  worker::batch_maker] Batch +0LHTHnNDYQXPrT5D9iSLTwn6iFqkkWxmqD8VXMcYlo= contains sample tx 202
[2026-04-19T03:25:04.869Z INFO  worker::batch_maker] Batch +0LHTHnNDYQXPrT5D9iSLTwn6iFqkkWxmqD8VXMcYlo= contains 204800 B
[2026-04-19T03:25:04.922Z INFO  worker::batch_maker] Batch Y0DYgenO2OAJEYifF2P1LzFZx0xcGlznRuYQQ4JVlmI= contains sample tx 203
[2026-04-19T03:25:04.922Z INFO  worker::batch_maker] Batch Y0DYgenO2OAJEYifF2P1LzFZx0xcGlznRuYQQ4JVlmI= contains 204800 B
[2026-04-19T03:25:04.977Z INFO  worker::batch_maker] Batch Rocyl9uYMbljx6iOtz7ba4wSK+dyAogwnhkm94TUQRk= contains sample tx 204
[2026-04-19T03:25:04.977Z INFO  worker::batch_maker] Batch Rocyl9uYMbljx6iOtz7ba4wSK+dyAogwnhkm94TUQRk= contains 204800 B
[2026-04-19T03:25:05.030Z INFO  worker::batch_maker] Batch C9twSUUZFAphyZ3zN66qTZqt1pXIH07Bn1yFYx4iOlI= contains sample tx 205
[2026-04-19T03:25:05.030Z INFO  worker::batch_maker] Batch C9twSUUZFAphyZ3zN66qTZqt1pXIH07Bn1yFYx4iOlI= contains 204800 B
[2026-04-19T03:25:05.084Z INFO  worker::batch_maker] Batch SPn4ewQig4ad9qtr+C97Hc5lzUA/Uls8zZquql8Z7IY= contains sample tx 206
[2026-04-19T03:25:05.084Z INFO  worker::batch_maker] Batch SPn4ewQig4ad9qtr+C97Hc5lzUA/Uls8zZquql8Z7IY= contains 204800 B
[2026-04-19T03:25:05.137Z INFO  worker::batch_maker] Batch sv8trbzpIXli/miC7wZmPm29BJy8XitK+UYeKhDCYls= contains sample tx 207
[2026-04-19T03:25:05.137Z INFO  worker::batch_maker] Batch sv8trbzpIXli/miC7wZmPm29BJy8XitK+UYeKhDCYls= contains 204800 B
[2026-04-19T03:25:05.192Z INFO  worker::batch_maker] Batch 2v7QSdoQo8Y1BIZbWd4Uxzv/cnBePAOD8NhxfzRvcuI= contains sample tx 208
[2026-04-19T03:25:05.192Z INFO  worker::batch_maker] Batch 2v7QSdoQo8Y1BIZbWd4Uxzv/cnBePAOD8NhxfzRvcuI= contains 204800 B
[2026-04-19T03:25:05.246Z INFO  worker::batch_maker] Batch 1Lo25AjFIns1uRu5+neAEU07fwCu+Bs5atLJc5S+Cpw= contains sample tx 209
[2026-04-19T03:25:05.246Z INFO  worker::batch_maker] Batch 1Lo25AjFIns1uRu5+neAEU07fwCu+Bs5atLJc5S+Cpw= contains 204800 B
[2026-04-19T03:25:05.299Z INFO  worker::batch_maker] Batch ViEmoK/JAaGxanWXAeq4VUsgEqcQ4VYTo9RNSRZP+SI= contains sample tx 210
[2026-04-19T03:25:05.299Z INFO  worker::batch_maker] Batch ViEmoK/JAaGxanWXAeq4VUsgEqcQ4VYTo9RNSRZP+SI= contains 204800 B
[2026-04-19T03:25:05.353Z INFO  worker::batch_maker] Batch 2blbavTamaWPP+tUpEzobeCzJhf8986JUNAgYNKSF0c= contains sample tx 211
[2026-04-19T03:25:05.353Z INFO  worker::batch_maker] Batch 2blbavTamaWPP+tUpEzobeCzJhf8986JUNAgYNKSF0c= contains 204800 B
[2026-04-19T03:25:05.406Z INFO  worker::batch_maker] Batch LAA2ymF+5NkJtr6HC8IWnvKNnrPLvpl+3qnyw+xJCUA= contains sample tx 212
[2026-04-19T03:25:05.406Z INFO  worker::batch_maker] Batch LAA2ymF+5NkJtr6HC8IWnvKNnrPLvpl+3qnyw+xJCUA= contains sample tx 213
[2026-04-19T03:25:05.406Z INFO  worker::batch_maker] Batch LAA2ymF+5NkJtr6HC8IWnvKNnrPLvpl+3qnyw+xJCUA= contains 322048 B
[2026-04-19T03:25:05.461Z INFO  worker::batch_maker] Batch 8e9+DIs3Zlbzy+hq6eBwGGgGOmpXsvw0iVdPDzxEfQs= contains sample tx 214
[2026-04-19T03:25:05.461Z INFO  worker::batch_maker] Batch 8e9+DIs3Zlbzy+hq6eBwGGgGOmpXsvw0iVdPDzxEfQs= contains 292352 B
[2026-04-19T03:25:05.514Z INFO  worker::batch_maker] Batch s0Ud17/YKkPjbOKA2oI1riqzkT1QLnHLt91HRstsrWU= contains sample tx 215
[2026-04-19T03:25:05.514Z INFO  worker::batch_maker] Batch s0Ud17/YKkPjbOKA2oI1riqzkT1QLnHLt91HRstsrWU= contains 204800 B
[2026-04-19T03:25:05.567Z INFO  worker::batch_maker] Batch h45UjHVC6jrNnjO/66U2NXpoulx759mUzp3kppsG2YI= contains sample tx 216
[2026-04-19T03:25:05.567Z INFO  worker::batch_maker] Batch h45UjHVC6jrNnjO/66U2NXpoulx759mUzp3kppsG2YI= contains 204800 B
[2026-04-19T03:25:05.621Z INFO  worker::batch_maker] Batch P2BPmemQQc7RNH027w/G4XdiE85ien1lmlYgtfRJv30= contains sample tx 217
[2026-04-19T03:25:05.622Z INFO  worker::batch_maker] Batch P2BPmemQQc7RNH027w/G4XdiE85ien1lmlYgtfRJv30= contains 204800 B
[2026-04-19T03:25:05.675Z INFO  worker::batch_maker] Batch 39RAE1uObUa9nA3RW4a7w9V4rNksmOVClgf+mt9cf98= contains sample tx 218
[2026-04-19T03:25:05.675Z INFO  worker::batch_maker] Batch 39RAE1uObUa9nA3RW4a7w9V4rNksmOVClgf+mt9cf98= contains 204800 B
[2026-04-19T03:25:05.727Z INFO  worker::batch_maker] Batch 1n2z57YaJJFNJvxGiSr4W3jDZZMSu7TItJ+9WvdWIE8= contains sample tx 219
[2026-04-19T03:25:05.727Z INFO  worker::batch_maker] Batch 1n2z57YaJJFNJvxGiSr4W3jDZZMSu7TItJ+9WvdWIE8= contains 204800 B
[2026-04-19T03:25:05.781Z INFO  worker::batch_maker] Batch T52akh3rGDlo/v6OmZR18qJDiObO/BoCEUWLhvWW4mU= contains sample tx 220
[2026-04-19T03:25:05.781Z INFO  worker::batch_maker] Batch T52akh3rGDlo/v6OmZR18qJDiObO/BoCEUWLhvWW4mU= contains 204800 B
[2026-04-19T03:25:05.833Z INFO  worker::batch_maker] Batch KgBAVV95iGZlgOrBR9kdK9FVsrZK2qGOa+vv46FcLm8= contains sample tx 221
[2026-04-19T03:25:05.833Z INFO  worker::batch_maker] Batch KgBAVV95iGZlgOrBR9kdK9FVsrZK2qGOa+vv46FcLm8= contains 204800 B
[2026-04-19T03:25:05.886Z INFO  worker::batch_maker] Batch HIz4cgFH2hv0YxXKWKPzFfg9kGmJoYloCeZGZKvwcqU= contains sample tx 222
[2026-04-19T03:25:05.886Z INFO  worker::batch_maker] Batch HIz4cgFH2hv0YxXKWKPzFfg9kGmJoYloCeZGZKvwcqU= contains 204800 B
[2026-04-19T03:25:05.940Z INFO  worker::batch_maker] Batch GCcwFyODJB8s+PzcJIY/HACrFKjzpvSc5lL1B8is2g8= contains sample tx 223
[2026-04-19T03:25:05.940Z INFO  worker::batch_maker] Batch GCcwFyODJB8s+PzcJIY/HACrFKjzpvSc5lL1B8is2g8= contains 204800 B
[2026-04-19T03:25:05.992Z INFO  worker::batch_maker] Batch 53000heyKLvMdHRJYra2ptvPobFTu70j4DXgtLUY1Qg= contains 114688 B
[2026-04-19T03:25:06.046Z INFO  worker::batch_maker] Batch sZdQnMFWfLBVI/MWU/W4IGum68nrMDuJ6DEri0n+8oY= contains sample tx 224
[2026-04-19T03:25:06.046Z INFO  worker::batch_maker] Batch sZdQnMFWfLBVI/MWU/W4IGum68nrMDuJ6DEri0n+8oY= contains sample tx 225
[2026-04-19T03:25:06.046Z INFO  worker::batch_maker] Batch sZdQnMFWfLBVI/MWU/W4IGum68nrMDuJ6DEri0n+8oY= contains 294912 B
[2026-04-19T03:25:06.054Z INFO  network::receiver] Incoming connection established with 10.10.1.1:40372
[2026-04-19T03:25:06.100Z INFO  worker::batch_maker] Batch /yZvNnS8y05M4DeBTg01PwsU0PgrKINaqKZ5j7Qg1Zo= contains sample tx 226
[2026-04-19T03:25:06.100Z INFO  worker::batch_maker] Batch /yZvNnS8y05M4DeBTg01PwsU0PgrKINaqKZ5j7Qg1Zo= contains 204800 B
[2026-04-19T03:25:06.154Z INFO  worker::batch_maker] Batch q8nMvvl5JGRucFEE6fMtdvdQkhE43q7mWuS0LZjqZZg= contains sample tx 227
[2026-04-19T03:25:06.154Z INFO  worker::batch_maker] Batch q8nMvvl5JGRucFEE6fMtdvdQkhE43q7mWuS0LZjqZZg= contains 204800 B
[2026-04-19T03:25:06.207Z INFO  worker::batch_maker] Batch aUktnopw7EyIwXIDCiXNQ6BnexBD/yetN3KjemdDt64= contains sample tx 228
[2026-04-19T03:25:06.207Z INFO  worker::batch_maker] Batch aUktnopw7EyIwXIDCiXNQ6BnexBD/yetN3KjemdDt64= contains sample tx 229
[2026-04-19T03:25:06.207Z INFO  worker::batch_maker] Batch aUktnopw7EyIwXIDCiXNQ6BnexBD/yetN3KjemdDt64= contains 330752 B
[2026-04-19T03:25:06.262Z INFO  worker::batch_maker] Batch AnNVXjZYjzK07SI8ppk+tWV43vsoXncMr0GuGF9KLVM= contains sample tx 230
[2026-04-19T03:25:06.262Z INFO  worker::batch_maker] Batch AnNVXjZYjzK07SI8ppk+tWV43vsoXncMr0GuGF9KLVM= contains 283648 B
[2026-04-19T03:25:06.315Z INFO  worker::batch_maker] Batch UaBZVu7v3GkcwlAirduAfBq80OZwtwWPFsvXP8A9kLU= contains sample tx 231
[2026-04-19T03:25:06.315Z INFO  worker::batch_maker] Batch UaBZVu7v3GkcwlAirduAfBq80OZwtwWPFsvXP8A9kLU= contains 204800 B
[2026-04-19T03:25:06.368Z INFO  worker::batch_maker] Batch zlhLUf+mt1MQzh/Xc1cF9lnfhGnrrZdWdJpUf9zHpIE= contains sample tx 232
[2026-04-19T03:25:06.368Z INFO  worker::batch_maker] Batch zlhLUf+mt1MQzh/Xc1cF9lnfhGnrrZdWdJpUf9zHpIE= contains 204800 B
[2026-04-19T03:25:06.423Z INFO  worker::batch_maker] Batch RhncdXJBR6VFHO5Vpp3LvLMkx03XDu7xqUGvfIll/xw= contains sample tx 233
[2026-04-19T03:25:06.423Z INFO  worker::batch_maker] Batch RhncdXJBR6VFHO5Vpp3LvLMkx03XDu7xqUGvfIll/xw= contains 204800 B
[2026-04-19T03:25:06.475Z INFO  worker::batch_maker] Batch mETZtOUTdd1LlfaxYTZvbzC0g1RUX9uQDoRcFSJBLB0= contains sample tx 234
[2026-04-19T03:25:06.475Z INFO  worker::batch_maker] Batch mETZtOUTdd1LlfaxYTZvbzC0g1RUX9uQDoRcFSJBLB0= contains 204800 B
[2026-04-19T03:25:06.526Z INFO  worker::batch_maker] Batch qZy7efh2op2NopOIAh0F5f8ae1+LKyJn7xaHOHZIQWc= contains sample tx 235
[2026-04-19T03:25:06.526Z INFO  worker::batch_maker] Batch qZy7efh2op2NopOIAh0F5f8ae1+LKyJn7xaHOHZIQWc= contains 204800 B
[2026-04-19T03:25:06.579Z INFO  worker::batch_maker] Batch WgkDsptDMq6VO3WRKxXetnXkUUdbDluaiZIVABVkinY= contains sample tx 236
[2026-04-19T03:25:06.579Z INFO  worker::batch_maker] Batch WgkDsptDMq6VO3WRKxXetnXkUUdbDluaiZIVABVkinY= contains 204800 B
[2026-04-19T03:25:06.631Z INFO  worker::batch_maker] Batch hhpJ5yaoxC6hrFHtlrXh/zrEibcSF/3mD9SrXdfmC6w= contains sample tx 237
[2026-04-19T03:25:06.631Z INFO  worker::batch_maker] Batch hhpJ5yaoxC6hrFHtlrXh/zrEibcSF/3mD9SrXdfmC6w= contains 204800 B
[2026-04-19T03:25:06.685Z INFO  worker::batch_maker] Batch 88DOHOr9wC50OZc18SubCOK2oII22Q+ZFr65mfhuMW0= contains sample tx 238
[2026-04-19T03:25:06.685Z INFO  worker::batch_maker] Batch 88DOHOr9wC50OZc18SubCOK2oII22Q+ZFr65mfhuMW0= contains 204800 B
[2026-04-19T03:25:06.737Z INFO  worker::batch_maker] Batch a8dyp9K7piCkjkjNmObskYWh9ohrCLsWfYQm054wA24= contains sample tx 239
[2026-04-19T03:25:06.737Z INFO  worker::batch_maker] Batch a8dyp9K7piCkjkjNmObskYWh9ohrCLsWfYQm054wA24= contains 204800 B
[2026-04-19T03:25:06.790Z INFO  worker::batch_maker] Batch DNdkhQ1gNy23xTGfhX/pbtln+xgqW4fschN12F+DbUA= contains sample tx 240
[2026-04-19T03:25:06.790Z INFO  worker::batch_maker] Batch DNdkhQ1gNy23xTGfhX/pbtln+xgqW4fschN12F+DbUA= contains 204800 B
[2026-04-19T03:25:06.845Z INFO  worker::batch_maker] Batch RTKOKMIIxnmS0+EVfKnYrlZg2GBDY2egCshIxoKuQMg= contains sample tx 241
[2026-04-19T03:25:06.846Z INFO  worker::batch_maker] Batch RTKOKMIIxnmS0+EVfKnYrlZg2GBDY2egCshIxoKuQMg= contains 204800 B
[2026-04-19T03:25:06.899Z INFO  worker::batch_maker] Batch W5EKRY3KTDZiVVjOZIdGzCC7Y8RCixu41xsZ8Y5pjww= contains sample tx 242
[2026-04-19T03:25:06.899Z INFO  worker::batch_maker] Batch W5EKRY3KTDZiVVjOZIdGzCC7Y8RCixu41xsZ8Y5pjww= contains 204800 B
[2026-04-19T03:25:06.953Z INFO  worker::batch_maker] Batch maFHRZ65BevWtjt1boJ1fOcV0V6emAJXmoeJ/PS4JYQ= contains sample tx 243
[2026-04-19T03:25:06.953Z INFO  worker::batch_maker] Batch maFHRZ65BevWtjt1boJ1fOcV0V6emAJXmoeJ/PS4JYQ= contains 204800 B
[2026-04-19T03:25:07.006Z INFO  worker::batch_maker] Batch WC/428PAH91D7NRR+MXJ/Si7cqfDpMQHupHPLKVFum4= contains sample tx 244
[2026-04-19T03:25:07.006Z INFO  worker::batch_maker] Batch WC/428PAH91D7NRR+MXJ/Si7cqfDpMQHupHPLKVFum4= contains 235008 B
[2026-04-19T03:25:07.061Z INFO  worker::batch_maker] Batch fvEqgG/QNFUsC4rADw4eyTiBOHhUMl8O9SZxN4W3HgE= contains sample tx 245
[2026-04-19T03:25:07.061Z INFO  worker::batch_maker] Batch fvEqgG/QNFUsC4rADw4eyTiBOHhUMl8O9SZxN4W3HgE= contains sample tx 246
[2026-04-19T03:25:07.061Z INFO  worker::batch_maker] Batch fvEqgG/QNFUsC4rADw4eyTiBOHhUMl8O9SZxN4W3HgE= contains 379392 B
[2026-04-19T03:25:07.114Z INFO  worker::batch_maker] Batch Amkb9sYPIQ97pVmJ5547tMSqk9Fg1cGVDqxmzArtntg= contains 121856 B
[2026-04-19T03:25:07.169Z INFO  worker::batch_maker] Batch NmCfSm/oS/4orqVkrwvVM5vc+JLwBJTfX7pj3D1Xz88= contains sample tx 247
[2026-04-19T03:25:07.169Z INFO  worker::batch_maker] Batch NmCfSm/oS/4orqVkrwvVM5vc+JLwBJTfX7pj3D1Xz88= contains sample tx 248
[2026-04-19T03:25:07.169Z INFO  worker::batch_maker] Batch NmCfSm/oS/4orqVkrwvVM5vc+JLwBJTfX7pj3D1Xz88= contains 287744 B
[2026-04-19T03:25:07.223Z INFO  worker::batch_maker] Batch unOSBw/g9LOwnulYYNfWYr2fk6V7RqGY/wCpTQ2Zcm0= contains sample tx 249
[2026-04-19T03:25:07.223Z INFO  worker::batch_maker] Batch unOSBw/g9LOwnulYYNfWYr2fk6V7RqGY/wCpTQ2Zcm0= contains 204800 B
[2026-04-19T03:25:07.276Z INFO  worker::batch_maker] Batch HktIqpo66CAVTOFPm4BTIVu/3/NqjQszXmQKPxsCqQk= contains sample tx 250
[2026-04-19T03:25:07.276Z INFO  worker::batch_maker] Batch HktIqpo66CAVTOFPm4BTIVu/3/NqjQszXmQKPxsCqQk= contains 204800 B
[2026-04-19T03:25:07.328Z INFO  worker::batch_maker] Batch 4Cp2R9VuEsZpOPn3eVQEtlGqLhdz0AS1TvRRmOW+Djs= contains sample tx 251
[2026-04-19T03:25:07.328Z INFO  worker::batch_maker] Batch 4Cp2R9VuEsZpOPn3eVQEtlGqLhdz0AS1TvRRmOW+Djs= contains 204800 B
[2026-04-19T03:25:07.382Z INFO  worker::batch_maker] Batch cY3JT0FOjfLzJtH8mAsK780kqIUlciRmgJxKSUwKG90= contains sample tx 252
[2026-04-19T03:25:07.382Z INFO  worker::batch_maker] Batch cY3JT0FOjfLzJtH8mAsK780kqIUlciRmgJxKSUwKG90= contains 204800 B
[2026-04-19T03:25:07.435Z INFO  worker::batch_maker] Batch 1vKH1qxUGlpnTn1anPnd+QZl/JzpE1E6JZvGo8ri+DQ= contains sample tx 253
[2026-04-19T03:25:07.435Z INFO  worker::batch_maker] Batch 1vKH1qxUGlpnTn1anPnd+QZl/JzpE1E6JZvGo8ri+DQ= contains 204800 B
[2026-04-19T03:25:07.489Z INFO  worker::batch_maker] Batch zpQzdZjEFx4R6vVPvCBO7RJh3XJ30kAg9e5s1euCp3Q= contains sample tx 254
[2026-04-19T03:25:07.489Z INFO  worker::batch_maker] Batch zpQzdZjEFx4R6vVPvCBO7RJh3XJ30kAg9e5s1euCp3Q= contains 204800 B
[2026-04-19T03:25:07.542Z INFO  worker::batch_maker] Batch 5RpKwByGo1wkoC/Lt+c23AmP5qWXAfteCajTSQ7zNZQ= contains sample tx 255
[2026-04-19T03:25:07.542Z INFO  worker::batch_maker] Batch 5RpKwByGo1wkoC/Lt+c23AmP5qWXAfteCajTSQ7zNZQ= contains 204800 B
[2026-04-19T03:25:07.595Z INFO  worker::batch_maker] Batch bK+ww+gX77G6GzxEPNLPrvGXk3/k9vZp2sG2MHt1iQY= contains sample tx 256
[2026-04-19T03:25:07.595Z INFO  worker::batch_maker] Batch bK+ww+gX77G6GzxEPNLPrvGXk3/k9vZp2sG2MHt1iQY= contains 204800 B
[2026-04-19T03:25:07.648Z INFO  worker::batch_maker] Batch LwLY1OIfX0AAWszZcik0bQbqxQMWpiNT7OtyJ/5eK9w= contains sample tx 257
[2026-04-19T03:25:07.648Z INFO  worker::batch_maker] Batch LwLY1OIfX0AAWszZcik0bQbqxQMWpiNT7OtyJ/5eK9w= contains 204800 B
[2026-04-19T03:25:07.701Z INFO  worker::batch_maker] Batch qMjThjsYJfIKG0qvLsO3NLUAH/ZtOS4D3wQV5E/8Czs= contains sample tx 258
[2026-04-19T03:25:07.701Z INFO  worker::batch_maker] Batch qMjThjsYJfIKG0qvLsO3NLUAH/ZtOS4D3wQV5E/8Czs= contains 204800 B
[2026-04-19T03:25:07.753Z INFO  worker::batch_maker] Batch hjyjrg7teJel0SpJU58exySjqqutX5uv5Km/AddkzZo= contains sample tx 259
[2026-04-19T03:25:07.753Z INFO  worker::batch_maker] Batch hjyjrg7teJel0SpJU58exySjqqutX5uv5Km/AddkzZo= contains 204800 B
[2026-04-19T03:25:07.809Z INFO  worker::batch_maker] Batch jrZVvksCvAYZd7+NLvxmuSzGSR0p2Y3FzpTTjaBsGYQ= contains sample tx 260
[2026-04-19T03:25:07.809Z INFO  worker::batch_maker] Batch jrZVvksCvAYZd7+NLvxmuSzGSR0p2Y3FzpTTjaBsGYQ= contains 244736 B
[2026-04-19T03:25:07.865Z INFO  worker::batch_maker] Batch 0IW6AT3Sc6LztBN+ndAV6ZugNKMgcBec25uNzSlFJE8= contains sample tx 261
[2026-04-19T03:25:07.865Z INFO  worker::batch_maker] Batch 0IW6AT3Sc6LztBN+ndAV6ZugNKMgcBec25uNzSlFJE8= contains sample tx 262
[2026-04-19T03:25:07.865Z INFO  worker::batch_maker] Batch 0IW6AT3Sc6LztBN+ndAV6ZugNKMgcBec25uNzSlFJE8= contains 369664 B
[2026-04-19T03:25:07.918Z INFO  worker::batch_maker] Batch ekNSWFZHRaLkb6aARSEtlerxI0vuyIwsC91CV3uGBwc= contains sample tx 263
[2026-04-19T03:25:07.918Z INFO  worker::batch_maker] Batch ekNSWFZHRaLkb6aARSEtlerxI0vuyIwsC91CV3uGBwc= contains 204800 B
[2026-04-19T03:25:07.971Z INFO  worker::batch_maker] Batch +YvjB13J4AZ4T0Lf7Qa3v19wEyCqoXpgNYItDCHVLaI= contains sample tx 264
[2026-04-19T03:25:07.971Z INFO  worker::batch_maker] Batch +YvjB13J4AZ4T0Lf7Qa3v19wEyCqoXpgNYItDCHVLaI= contains 204800 B
[2026-04-19T03:25:08.026Z INFO  worker::batch_maker] Batch zl/nVLm7ZF0fwHREQ3yWrpK2+tdc6Ksif7JcwiN4YfM= contains sample tx 265
[2026-04-19T03:25:08.026Z INFO  worker::batch_maker] Batch zl/nVLm7ZF0fwHREQ3yWrpK2+tdc6Ksif7JcwiN4YfM= contains 204800 B
[2026-04-19T03:25:08.078Z INFO  worker::batch_maker] Batch Hp1qu79wMKir9b/zPz0TPEBQ+Rp9icaiG04CxQx+aBw= contains sample tx 266
[2026-04-19T03:25:08.078Z INFO  worker::batch_maker] Batch Hp1qu79wMKir9b/zPz0TPEBQ+Rp9icaiG04CxQx+aBw= contains 204800 B
[2026-04-19T03:25:08.131Z INFO  worker::batch_maker] Batch z46cUEqD2HgejXclSbbMPS0lJNDQJ6D52vc0o6N1sps= contains sample tx 267
[2026-04-19T03:25:08.131Z INFO  worker::batch_maker] Batch z46cUEqD2HgejXclSbbMPS0lJNDQJ6D52vc0o6N1sps= contains 204800 B
[2026-04-19T03:25:08.185Z INFO  worker::batch_maker] Batch EWgFoF92RaUtPmNKlwMvGbXaa2S3CfOCj5sPnxLlqUQ= contains sample tx 268
[2026-04-19T03:25:08.185Z INFO  worker::batch_maker] Batch EWgFoF92RaUtPmNKlwMvGbXaa2S3CfOCj5sPnxLlqUQ= contains 204800 B
[2026-04-19T03:25:08.236Z INFO  worker::batch_maker] Batch pk0etYreGx5rVUwVgSsvvxBOkgeu5YlsNtgrbAUDGOE= contains sample tx 269
[2026-04-19T03:25:08.236Z INFO  worker::batch_maker] Batch pk0etYreGx5rVUwVgSsvvxBOkgeu5YlsNtgrbAUDGOE= contains 204800 B
[2026-04-19T03:25:08.289Z INFO  worker::batch_maker] Batch V45FwGJftEza8Dh0+lRfWdFNuexckPXkaqtd9X1fUEs= contains sample tx 270
[2026-04-19T03:25:08.289Z INFO  worker::batch_maker] Batch V45FwGJftEza8Dh0+lRfWdFNuexckPXkaqtd9X1fUEs= contains 204800 B
[2026-04-19T03:25:08.341Z INFO  worker::batch_maker] Batch 4gdqnTALo+7CrgdhJj5OpWOJ+9LKQTR7js5OdPsf0f8= contains sample tx 271
[2026-04-19T03:25:08.341Z INFO  worker::batch_maker] Batch 4gdqnTALo+7CrgdhJj5OpWOJ+9LKQTR7js5OdPsf0f8= contains 204800 B
[2026-04-19T03:25:08.393Z INFO  worker::batch_maker] Batch 1tEgGjtssV2sU8JGCdbMsAnwowMBSHG0ZhCCO4x8FTE= contains sample tx 272
[2026-04-19T03:25:08.393Z INFO  worker::batch_maker] Batch 1tEgGjtssV2sU8JGCdbMsAnwowMBSHG0ZhCCO4x8FTE= contains 204800 B
[2026-04-19T03:25:08.447Z INFO  worker::batch_maker] Batch NrHJVkABuVnn/TyPA/T8ehz1Edp3N5e86kLL/8QCBoY= contains sample tx 273
[2026-04-19T03:25:08.447Z INFO  worker::batch_maker] Batch NrHJVkABuVnn/TyPA/T8ehz1Edp3N5e86kLL/8QCBoY= contains 204800 B
[2026-04-19T03:25:08.499Z INFO  worker::batch_maker] Batch 5KqCTsuIXjwsSMF6tmt2+s3ctKMkXvgygjl6J2ntlnA= contains sample tx 274
[2026-04-19T03:25:08.499Z INFO  worker::batch_maker] Batch 5KqCTsuIXjwsSMF6tmt2+s3ctKMkXvgygjl6J2ntlnA= contains 204800 B
[2026-04-19T03:25:08.553Z INFO  worker::batch_maker] Batch Mul6eASBAKk4yNaj2FcgiO0wsx/shuQH2L2QrFVk208= contains sample tx 275
[2026-04-19T03:25:08.553Z INFO  worker::batch_maker] Batch Mul6eASBAKk4yNaj2FcgiO0wsx/shuQH2L2QrFVk208= contains 204800 B
[2026-04-19T03:25:08.605Z INFO  worker::batch_maker] Batch 0PCHPcQ0m1JtPDcBP3ObBmMBYAfN0rCPBTcb0XM4ggE= contains sample tx 276
[2026-04-19T03:25:08.605Z INFO  worker::batch_maker] Batch 0PCHPcQ0m1JtPDcBP3ObBmMBYAfN0rCPBTcb0XM4ggE= contains 304128 B
[2026-04-19T03:25:08.658Z INFO  worker::batch_maker] Batch oZ7VOCfEEj5Q55UBRuVtwo7SvWpNv3zm3jotpQPMWLU= contains sample tx 277
[2026-04-19T03:25:08.658Z INFO  worker::batch_maker] Batch oZ7VOCfEEj5Q55UBRuVtwo7SvWpNv3zm3jotpQPMWLU= contains 220672 B
[2026-04-19T03:25:08.712Z INFO  worker::batch_maker] Batch rsLUtfE/7Q0k/II+kRgq5CxS5uN9v9mM2Gm4Amvxl4E= contains sample tx 278
[2026-04-19T03:25:08.712Z INFO  worker::batch_maker] Batch rsLUtfE/7Q0k/II+kRgq5CxS5uN9v9mM2Gm4Amvxl4E= contains sample tx 279
[2026-04-19T03:25:08.712Z INFO  worker::batch_maker] Batch rsLUtfE/7Q0k/II+kRgq5CxS5uN9v9mM2Gm4Amvxl4E= contains 244736 B
[2026-04-19T03:25:08.765Z INFO  worker::batch_maker] Batch 2SmswlQMDTujVnY0ErVGoCNYlLD4gvSJB579Lmp0C1o= contains sample tx 280
[2026-04-19T03:25:08.765Z INFO  worker::batch_maker] Batch 2SmswlQMDTujVnY0ErVGoCNYlLD4gvSJB579Lmp0C1o= contains 254464 B
[2026-04-19T03:25:08.821Z INFO  worker::batch_maker] Batch VqcHYQP/zyRdtgP52m8ziao/iKz4tTDFdwMDw4sCEv0= contains sample tx 281
[2026-04-19T03:25:08.821Z INFO  worker::batch_maker] Batch VqcHYQP/zyRdtgP52m8ziao/iKz4tTDFdwMDw4sCEv0= contains 204800 B
[2026-04-19T03:25:08.875Z INFO  worker::batch_maker] Batch dRsjnkNF+SXOHoVIG5SkrAZCZcBH+L4YuEaKVjsVEek= contains sample tx 282
[2026-04-19T03:25:08.875Z INFO  worker::batch_maker] Batch dRsjnkNF+SXOHoVIG5SkrAZCZcBH+L4YuEaKVjsVEek= contains 204800 B
[2026-04-19T03:25:08.931Z INFO  worker::batch_maker] Batch ncFSScv/cjSYZyR79p/dYhxTg2s23mDcklWdMlvBgtc= contains sample tx 283
[2026-04-19T03:25:08.932Z INFO  worker::batch_maker] Batch ncFSScv/cjSYZyR79p/dYhxTg2s23mDcklWdMlvBgtc= contains 204800 B
[2026-04-19T03:25:08.986Z INFO  worker::batch_maker] Batch 4jlEsNsS9vGumB5xRuYwePAV9CUnY9kJMQCvKo0YpcY= contains sample tx 284
[2026-04-19T03:25:08.986Z INFO  worker::batch_maker] Batch 4jlEsNsS9vGumB5xRuYwePAV9CUnY9kJMQCvKo0YpcY= contains 204800 B
[2026-04-19T03:25:09.040Z INFO  worker::batch_maker] Batch T2PCo/6MDa6cclwtnfb/5iUCR3fwABwD9jUW+3Lq5a8= contains sample tx 285
[2026-04-19T03:25:09.040Z INFO  worker::batch_maker] Batch T2PCo/6MDa6cclwtnfb/5iUCR3fwABwD9jUW+3Lq5a8= contains 204800 B
[2026-04-19T03:25:09.093Z INFO  worker::batch_maker] Batch iYMWh+Vc59QeaWqK+IKpodFqT+MxCBLTu2AdantMbqI= contains sample tx 286
[2026-04-19T03:25:09.093Z INFO  worker::batch_maker] Batch iYMWh+Vc59QeaWqK+IKpodFqT+MxCBLTu2AdantMbqI= contains 204800 B
[2026-04-19T03:25:09.148Z INFO  worker::batch_maker] Batch N5LDQPRzjlHUJR78x2J0ii8YrZS229kOhxs5lPXkb1E= contains sample tx 287
[2026-04-19T03:25:09.148Z INFO  worker::batch_maker] Batch N5LDQPRzjlHUJR78x2J0ii8YrZS229kOhxs5lPXkb1E= contains 204800 B
[2026-04-19T03:25:09.201Z INFO  worker::batch_maker] Batch FoX5i41jPEtBCnVBXlsyd6DEV5TIsU4td2IzdqBGfj8= contains sample tx 288
[2026-04-19T03:25:09.201Z INFO  worker::batch_maker] Batch FoX5i41jPEtBCnVBXlsyd6DEV5TIsU4td2IzdqBGfj8= contains 204800 B
[2026-04-19T03:25:09.254Z INFO  worker::batch_maker] Batch DKy4+jJTa0oOHW2I1dd2hb96Z/WGvoXFweapXp6xM2c= contains sample tx 289
[2026-04-19T03:25:09.254Z INFO  worker::batch_maker] Batch DKy4+jJTa0oOHW2I1dd2hb96Z/WGvoXFweapXp6xM2c= contains 204800 B
[2026-04-19T03:25:09.309Z INFO  worker::batch_maker] Batch P+yY73FEBAGa3DvafY3ZZR//MT/ggm7ZjarYJXxc6EM= contains sample tx 290
[2026-04-19T03:25:09.309Z INFO  worker::batch_maker] Batch P+yY73FEBAGa3DvafY3ZZR//MT/ggm7ZjarYJXxc6EM= contains sample tx 291
[2026-04-19T03:25:09.309Z INFO  worker::batch_maker] Batch P+yY73FEBAGa3DvafY3ZZR//MT/ggm7ZjarYJXxc6EM= contains 409600 B
[2026-04-19T03:25:09.362Z INFO  worker::batch_maker] Batch ZX/jVr7Ise3ofzRglxUPm2n/X03PHtmWjG3uta5W95g= contains sample tx 292
[2026-04-19T03:25:09.382Z INFO  worker::batch_maker] Batch ZX/jVr7Ise3ofzRglxUPm2n/X03PHtmWjG3uta5W95g= contains 204800 B
[2026-04-19T03:25:09.435Z INFO  worker::batch_maker] Batch maUMzC/JM5sB4rjHKRxsM2r2IVFFLVZq3bRTsFDn8gQ= contains sample tx 293
[2026-04-19T03:25:09.435Z INFO  worker::batch_maker] Batch maUMzC/JM5sB4rjHKRxsM2r2IVFFLVZq3bRTsFDn8gQ= contains 204800 B
[2026-04-19T03:25:09.487Z INFO  worker::batch_maker] Batch DDwCbYSrsGPKgox/vHJNRTMdJQceRxyEBzK0W04wZfY= contains sample tx 294
[2026-04-19T03:25:09.487Z INFO  worker::batch_maker] Batch DDwCbYSrsGPKgox/vHJNRTMdJQceRxyEBzK0W04wZfY= contains 204800 B
[2026-04-19T03:25:09.540Z INFO  worker::batch_maker] Batch MoY9fGnz3eNc8+P02t4l5dwre953p1tvs/3tDnQj9GA= contains sample tx 295
[2026-04-19T03:25:09.540Z INFO  worker::batch_maker] Batch MoY9fGnz3eNc8+P02t4l5dwre953p1tvs/3tDnQj9GA= contains 204800 B
[2026-04-19T03:25:09.595Z INFO  worker::batch_maker] Batch /80RvO4+KPcaccIrjDx+twN/9u/l42d1BpYqCCgwUcA= contains sample tx 296
[2026-04-19T03:25:09.595Z INFO  worker::batch_maker] Batch /80RvO4+KPcaccIrjDx+twN/9u/l42d1BpYqCCgwUcA= contains 204800 B
[2026-04-19T03:25:09.648Z INFO  worker::batch_maker] Batch gjhQumZIxnnqP1IfOV9TSd0PUL7AB7W07MkzxKpjgd8= contains sample tx 297
[2026-04-19T03:25:09.648Z INFO  worker::batch_maker] Batch gjhQumZIxnnqP1IfOV9TSd0PUL7AB7W07MkzxKpjgd8= contains 204800 B
[2026-04-19T03:25:09.701Z INFO  worker::batch_maker] Batch +7TTMro7R4VZRzaetcSJi+7Wa2zo6IPP9YOu+ft77Dg= contains sample tx 298
[2026-04-19T03:25:09.701Z INFO  worker::batch_maker] Batch +7TTMro7R4VZRzaetcSJi+7Wa2zo6IPP9YOu+ft77Dg= contains 204800 B
[2026-04-19T03:25:09.754Z INFO  worker::batch_maker] Batch Dkr7444QuI61QeqD+YiPqSHxzjQ7uEO4F2+yN/xuSXg= contains sample tx 299
[2026-04-19T03:25:09.754Z INFO  worker::batch_maker] Batch Dkr7444QuI61QeqD+YiPqSHxzjQ7uEO4F2+yN/xuSXg= contains 204800 B
[2026-04-19T03:25:09.810Z INFO  worker::batch_maker] Batch 9cEimUJrDlUSChtQ+Adp6QFwpdNETih5+EeJWoIxswA= contains sample tx 300
[2026-04-19T03:25:09.810Z INFO  worker::batch_maker] Batch 9cEimUJrDlUSChtQ+Adp6QFwpdNETih5+EeJWoIxswA= contains sample tx 301
[2026-04-19T03:25:09.810Z INFO  worker::batch_maker] Batch 9cEimUJrDlUSChtQ+Adp6QFwpdNETih5+EeJWoIxswA= contains 393728 B
[2026-04-19T03:25:09.863Z INFO  worker::batch_maker] Batch 6MxUBKw0tCEH1qEue+fctlLxpqiK8znPxKeWY5VioX0= contains sample tx 302
[2026-04-19T03:25:09.863Z INFO  worker::batch_maker] Batch 6MxUBKw0tCEH1qEue+fctlLxpqiK8znPxKeWY5VioX0= contains 220672 B
[2026-04-19T03:25:09.917Z INFO  worker::batch_maker] Batch 12CfVlObxuKuAtqxNHBUDtOh5lutCH+GIkl4XIfLXEg= contains sample tx 303
[2026-04-19T03:25:09.917Z INFO  worker::batch_maker] Batch 12CfVlObxuKuAtqxNHBUDtOh5lutCH+GIkl4XIfLXEg= contains 204800 B
[2026-04-19T03:25:09.970Z INFO  worker::batch_maker] Batch 6FMClNm+newoNd1pnF8KlVen0zQ3whhGzbhXmh4av3A= contains sample tx 304
[2026-04-19T03:25:09.970Z INFO  worker::batch_maker] Batch 6FMClNm+newoNd1pnF8KlVen0zQ3whhGzbhXmh4av3A= contains 204800 B
[2026-04-19T03:25:10.023Z INFO  worker::batch_maker] Batch 9GI3ULmbbllGtcxu3cjRSDDQFCGn48tYzXFM89NvOKE= contains sample tx 305
[2026-04-19T03:25:10.023Z INFO  worker::batch_maker] Batch 9GI3ULmbbllGtcxu3cjRSDDQFCGn48tYzXFM89NvOKE= contains 204800 B
[2026-04-19T03:25:10.076Z INFO  worker::batch_maker] Batch jf9xT+G4x8nwrbDP3shulHaQj9icfruRtHkh3QETNWY= contains sample tx 306
[2026-04-19T03:25:10.076Z INFO  worker::batch_maker] Batch jf9xT+G4x8nwrbDP3shulHaQj9icfruRtHkh3QETNWY= contains 204800 B
[2026-04-19T03:25:10.128Z INFO  worker::batch_maker] Batch PervLAojgMjfUmT7s01IRV45FAj9zyBSExySe1f5tv4= contains sample tx 307
[2026-04-19T03:25:10.128Z INFO  worker::batch_maker] Batch PervLAojgMjfUmT7s01IRV45FAj9zyBSExySe1f5tv4= contains 204800 B
[2026-04-19T03:25:10.180Z INFO  worker::batch_maker] Batch 1Ul3U4l+7gY44kKUx8g1Vbg/vQbzSN6tJQ1/xMAOEbk= contains sample tx 308
[2026-04-19T03:25:10.180Z INFO  worker::batch_maker] Batch 1Ul3U4l+7gY44kKUx8g1Vbg/vQbzSN6tJQ1/xMAOEbk= contains 204800 B
[2026-04-19T03:25:10.233Z INFO  worker::batch_maker] Batch ju5z5xSj3DojdFNm/cdA/DOr9za1eWUo1nshQCglAzU= contains sample tx 309
[2026-04-19T03:25:10.234Z INFO  worker::batch_maker] Batch ju5z5xSj3DojdFNm/cdA/DOr9za1eWUo1nshQCglAzU= contains 204800 B
[2026-04-19T03:25:10.286Z INFO  worker::batch_maker] Batch JPK2JG6LnIb4BjbBiUDvCLmMCJlhpGsCsHixaOwRMVQ= contains sample tx 310
[2026-04-19T03:25:10.286Z INFO  worker::batch_maker] Batch JPK2JG6LnIb4BjbBiUDvCLmMCJlhpGsCsHixaOwRMVQ= contains 204800 B
[2026-04-19T03:25:10.338Z INFO  worker::batch_maker] Batch sf2x/UfJkRCzZCI2YgNubDL1T8Sq4GpE7bVy2Qb6ztM= contains sample tx 311
[2026-04-19T03:25:10.338Z INFO  worker::batch_maker] Batch sf2x/UfJkRCzZCI2YgNubDL1T8Sq4GpE7bVy2Qb6ztM= contains 204800 B
[2026-04-19T03:25:10.393Z INFO  worker::batch_maker] Batch Z4vkwaJ+flQNq+tTcq2HNIXrgyXin148Y7jIoFfWSro= contains sample tx 312
[2026-04-19T03:25:10.393Z INFO  worker::batch_maker] Batch Z4vkwaJ+flQNq+tTcq2HNIXrgyXin148Y7jIoFfWSro= contains 204800 B
[2026-04-19T03:25:10.449Z INFO  worker::batch_maker] Batch g5IDXjoolFBDUuhjDi14GufAHpD4z8HKdMfOtgFyM/o= contains sample tx 313
[2026-04-19T03:25:10.449Z INFO  worker::batch_maker] Batch g5IDXjoolFBDUuhjDi14GufAHpD4z8HKdMfOtgFyM/o= contains 204800 B
[2026-04-19T03:25:10.503Z INFO  worker::batch_maker] Batch /G3UI/CEKgjsLvkY/d5tFWBvEw1jn42EXSU8OXfJgQw= contains sample tx 314
[2026-04-19T03:25:10.503Z INFO  worker::batch_maker] Batch /G3UI/CEKgjsLvkY/d5tFWBvEw1jn42EXSU8OXfJgQw= contains 204800 B
[2026-04-19T03:25:10.557Z INFO  worker::batch_maker] Batch SQ8TZorMskgEB50BJ4dcPdPtDst7FiqFGkUiAZsb37A= contains sample tx 315
[2026-04-19T03:25:10.557Z INFO  worker::batch_maker] Batch SQ8TZorMskgEB50BJ4dcPdPtDst7FiqFGkUiAZsb37A= contains 287232 B
[2026-04-19T03:25:10.612Z INFO  worker::batch_maker] Batch 7dOZ7qeyHAb9eRJhRhsh454JZA6zqKuq4rXDe7G8OuE= contains sample tx 316
[2026-04-19T03:25:10.612Z INFO  worker::batch_maker] Batch 7dOZ7qeyHAb9eRJhRhsh454JZA6zqKuq4rXDe7G8OuE= contains sample tx 317
[2026-04-19T03:25:10.612Z INFO  worker::batch_maker] Batch 7dOZ7qeyHAb9eRJhRhsh454JZA6zqKuq4rXDe7G8OuE= contains 327168 B
[2026-04-19T03:25:10.665Z INFO  worker::batch_maker] Batch ShLYFoElD7eiKtxcnz1gPBMURJ3Y1vf8eeaDOuBbqsM= contains sample tx 318
[2026-04-19T03:25:10.665Z INFO  worker::batch_maker] Batch ShLYFoElD7eiKtxcnz1gPBMURJ3Y1vf8eeaDOuBbqsM= contains 204800 B
[2026-04-19T03:25:10.721Z INFO  worker::batch_maker] Batch GRTIe4/ohI9EZ/zfMs7CqJW2ga27+ThweomI6+4ot8E= contains sample tx 319
[2026-04-19T03:25:10.721Z INFO  worker::batch_maker] Batch GRTIe4/ohI9EZ/zfMs7CqJW2ga27+ThweomI6+4ot8E= contains 204800 B
[2026-04-19T03:25:10.773Z INFO  worker::batch_maker] Batch eRzGDLX69EGdRtqF23S2hvkirQwYzFkd3G3LJOl1YZo= contains sample tx 320
[2026-04-19T03:25:10.773Z INFO  worker::batch_maker] Batch eRzGDLX69EGdRtqF23S2hvkirQwYzFkd3G3LJOl1YZo= contains 204800 B
[2026-04-19T03:25:10.827Z INFO  worker::batch_maker] Batch ekRWhVIQCtcYPk1057fXlF9EhqFZUzwlfddpo01cKp0= contains sample tx 321
[2026-04-19T03:25:10.827Z INFO  worker::batch_maker] Batch ekRWhVIQCtcYPk1057fXlF9EhqFZUzwlfddpo01cKp0= contains 204800 B
[2026-04-19T03:25:10.878Z INFO  worker::batch_maker] Batch IwZ2Gm3GSZhH/xRJqYqAWrOVWbsfRkkIMGRWXBHbBDA= contains sample tx 322
[2026-04-19T03:25:10.878Z INFO  worker::batch_maker] Batch IwZ2Gm3GSZhH/xRJqYqAWrOVWbsfRkkIMGRWXBHbBDA= contains 204800 B
[2026-04-19T03:25:10.932Z INFO  worker::batch_maker] Batch G400zGHC4Z+j7AcIj3FCbxQFHRncYqxbgvWyfQWSuvg= contains sample tx 323
[2026-04-19T03:25:10.932Z INFO  worker::batch_maker] Batch G400zGHC4Z+j7AcIj3FCbxQFHRncYqxbgvWyfQWSuvg= contains 204800 B
[2026-04-19T03:25:10.986Z INFO  worker::batch_maker] Batch t30x8qTvrzt5ik7RR18ygYqn7Nlet4gBvGNLrFsx2bI= contains sample tx 324
[2026-04-19T03:25:10.986Z INFO  worker::batch_maker] Batch t30x8qTvrzt5ik7RR18ygYqn7Nlet4gBvGNLrFsx2bI= contains 204800 B
[2026-04-19T03:25:11.040Z INFO  worker::batch_maker] Batch 6l77M9r3TIW6smmvKnBotUq1+zwtKK9UWj3JDt78O+E= contains sample tx 325
[2026-04-19T03:25:11.040Z INFO  worker::batch_maker] Batch 6l77M9r3TIW6smmvKnBotUq1+zwtKK9UWj3JDt78O+E= contains 204800 B
[2026-04-19T03:25:11.093Z INFO  worker::batch_maker] Batch a/85L5q6tACHN2bttH/9IUIRMlWwVydbC6Uz/zvg7X0= contains sample tx 326
[2026-04-19T03:25:11.093Z INFO  worker::batch_maker] Batch a/85L5q6tACHN2bttH/9IUIRMlWwVydbC6Uz/zvg7X0= contains 204800 B
[2026-04-19T03:25:11.147Z INFO  worker::batch_maker] Batch +xYGQDrHRIDLhMGRwlrYQixGmnOIMflMaTx75xOaXRk= contains sample tx 327
[2026-04-19T03:25:11.147Z INFO  worker::batch_maker] Batch +xYGQDrHRIDLhMGRwlrYQixGmnOIMflMaTx75xOaXRk= contains 204800 B
[2026-04-19T03:25:11.201Z INFO  worker::batch_maker] Batch NJzDXLpCEKAzrfhZzMXrKAt5o4yjLbxX/W2fRbDacvk= contains sample tx 328
[2026-04-19T03:25:11.201Z INFO  worker::batch_maker] Batch NJzDXLpCEKAzrfhZzMXrKAt5o4yjLbxX/W2fRbDacvk= contains 204800 B
[2026-04-19T03:25:11.254Z INFO  worker::batch_maker] Batch A+T9KhUlFplZyNoBsqAj+OnuFC1IXePpuSwfZz74dpw= contains sample tx 329
[2026-04-19T03:25:11.255Z INFO  worker::batch_maker] Batch A+T9KhUlFplZyNoBsqAj+OnuFC1IXePpuSwfZz74dpw= contains 211456 B
[2026-04-19T03:25:11.310Z INFO  worker::batch_maker] Batch 5zcgMysT1jdpFMBkJJZt9180DUr4/RdKPRnzbMN0BuU= contains sample tx 330
[2026-04-19T03:25:11.310Z INFO  worker::batch_maker] Batch 5zcgMysT1jdpFMBkJJZt9180DUr4/RdKPRnzbMN0BuU= contains sample tx 331
[2026-04-19T03:25:11.310Z INFO  worker::batch_maker] Batch 5zcgMysT1jdpFMBkJJZt9180DUr4/RdKPRnzbMN0BuU= contains 402944 B
[2026-04-19T03:25:11.364Z INFO  worker::batch_maker] Batch spZkxrXk05Orwk6+ihMCdRs82x4ipFBoBiBUBqPGrRk= contains sample tx 332
[2026-04-19T03:25:11.364Z INFO  worker::batch_maker] Batch spZkxrXk05Orwk6+ihMCdRs82x4ipFBoBiBUBqPGrRk= contains 204800 B
[2026-04-19T03:25:11.416Z INFO  worker::batch_maker] Batch +QDA7mjtiIPhdLZZKo2YttVye8xO2x10w0G5MpsPDF4= contains sample tx 333
[2026-04-19T03:25:11.416Z INFO  worker::batch_maker] Batch +QDA7mjtiIPhdLZZKo2YttVye8xO2x10w0G5MpsPDF4= contains 204800 B
[2026-04-19T03:25:11.470Z INFO  worker::batch_maker] Batch r2UQ1RuNyRasbdS0So+ZJsqREQViMjuDrFeNdRNNduE= contains sample tx 334
[2026-04-19T03:25:11.470Z INFO  worker::batch_maker] Batch r2UQ1RuNyRasbdS0So+ZJsqREQViMjuDrFeNdRNNduE= contains 204800 B
[2026-04-19T03:25:11.523Z INFO  worker::batch_maker] Batch hLqIVXj59NO7mEd5k9LV7Qo7T4bghOkM1j/MVasDi38= contains sample tx 335
[2026-04-19T03:25:11.523Z INFO  worker::batch_maker] Batch hLqIVXj59NO7mEd5k9LV7Qo7T4bghOkM1j/MVasDi38= contains 204800 B
[2026-04-19T03:25:11.577Z INFO  worker::batch_maker] Batch rY8U21XvZEwNEsAWzwMgaQuKsTk2Y5RiJ7dB+ZeMPoU= contains sample tx 336
[2026-04-19T03:25:11.577Z INFO  worker::batch_maker] Batch rY8U21XvZEwNEsAWzwMgaQuKsTk2Y5RiJ7dB+ZeMPoU= contains 204800 B
[2026-04-19T03:25:11.630Z INFO  worker::batch_maker] Batch nlSw5n6PFivGIeqtTjABxyjQokSBmTK9Jm/3mIdiOQE= contains sample tx 337
[2026-04-19T03:25:11.630Z INFO  worker::batch_maker] Batch nlSw5n6PFivGIeqtTjABxyjQokSBmTK9Jm/3mIdiOQE= contains 204800 B
[2026-04-19T03:25:11.683Z INFO  worker::batch_maker] Batch l9aep1a4aswnw7rsGEuZ9BZK0nd19U5bBTxmguQyBP8= contains sample tx 338
[2026-04-19T03:25:11.683Z INFO  worker::batch_maker] Batch l9aep1a4aswnw7rsGEuZ9BZK0nd19U5bBTxmguQyBP8= contains 204800 B
[2026-04-19T03:25:11.739Z INFO  worker::batch_maker] Batch KbS6prYgBm6XlpdSOa1q0CuDBTlO0e0ogt8G6Vyjw7w= contains sample tx 339
[2026-04-19T03:25:11.739Z INFO  worker::batch_maker] Batch KbS6prYgBm6XlpdSOa1q0CuDBTlO0e0ogt8G6Vyjw7w= contains 204800 B
[2026-04-19T03:25:11.792Z INFO  worker::batch_maker] Batch PYfT/0Lu0krDD+zzoMFvONpRNOx/rGIP+61+0dPXCI8= contains sample tx 340
[2026-04-19T03:25:11.792Z INFO  worker::batch_maker] Batch PYfT/0Lu0krDD+zzoMFvONpRNOx/rGIP+61+0dPXCI8= contains 204800 B
[2026-04-19T03:25:11.846Z INFO  worker::batch_maker] Batch upA0D5x9gWx8LdLkfXoYkRIwCfPjGb7j1N0WQ5BaGvQ= contains sample tx 341
[2026-04-19T03:25:11.846Z INFO  worker::batch_maker] Batch upA0D5x9gWx8LdLkfXoYkRIwCfPjGb7j1N0WQ5BaGvQ= contains 204800 B
[2026-04-19T03:25:11.900Z INFO  worker::batch_maker] Batch NRM1vr2yDHP1iOT7mj2UcEjxSxGLl6++M2n6wcMI7LQ= contains sample tx 342
[2026-04-19T03:25:11.900Z INFO  worker::batch_maker] Batch NRM1vr2yDHP1iOT7mj2UcEjxSxGLl6++M2n6wcMI7LQ= contains 204800 B
[2026-04-19T03:25:11.953Z INFO  worker::batch_maker] Batch S2O4Er00K9caVTtMtVMCnqtnTziFxb0N07Ru2njkuzU= contains sample tx 343
[2026-04-19T03:25:11.953Z INFO  worker::batch_maker] Batch S2O4Er00K9caVTtMtVMCnqtnTziFxb0N07Ru2njkuzU= contains 204800 B
[2026-04-19T03:25:12.006Z INFO  worker::batch_maker] Batch tsrHYEc+Eqg1omv9Ug7Ooez4fX8BTr/EuIwlbJlt6K0= contains sample tx 344
[2026-04-19T03:25:12.006Z INFO  worker::batch_maker] Batch tsrHYEc+Eqg1omv9Ug7Ooez4fX8BTr/EuIwlbJlt6K0= contains 296960 B
[2026-04-19T03:25:12.060Z INFO  worker::batch_maker] Batch kUfFKCq0O2b5uSvvgg/BFBDAKaam/YuKmP43leNZgTs= contains sample tx 345
[2026-04-19T03:25:12.060Z INFO  worker::batch_maker] Batch kUfFKCq0O2b5uSvvgg/BFBDAKaam/YuKmP43leNZgTs= contains 289792 B
[2026-04-19T03:25:12.113Z INFO  worker::batch_maker] Batch kZQAHWiRdoW9jTVHOYo0nVjDqQaAD6ke9uYxwY2EZHY= contains sample tx 346
[2026-04-19T03:25:12.113Z INFO  worker::batch_maker] Batch kZQAHWiRdoW9jTVHOYo0nVjDqQaAD6ke9uYxwY2EZHY= contains sample tx 347
[2026-04-19T03:25:12.113Z INFO  worker::batch_maker] Batch kZQAHWiRdoW9jTVHOYo0nVjDqQaAD6ke9uYxwY2EZHY= contains 232448 B
[2026-04-19T03:25:12.166Z INFO  worker::batch_maker] Batch rY3EvxGsMABDGDJBnYxazGp9VIY/vZf8Pi8RV0IoWJo= contains sample tx 348
[2026-04-19T03:25:12.166Z INFO  worker::batch_maker] Batch rY3EvxGsMABDGDJBnYxazGp9VIY/vZf8Pi8RV0IoWJo= contains 204800 B
[2026-04-19T03:25:12.220Z INFO  worker::batch_maker] Batch feSh9oBeCxHbT51VMwkekX9SRpCA41lPPc+pXPh2X88= contains sample tx 349
[2026-04-19T03:25:12.220Z INFO  worker::batch_maker] Batch feSh9oBeCxHbT51VMwkekX9SRpCA41lPPc+pXPh2X88= contains 204800 B
[2026-04-19T03:25:12.273Z INFO  worker::batch_maker] Batch F/NNpprf1sGcvRpYNZDubYq475Dq11HUn70nOxJEI2c= contains sample tx 350
[2026-04-19T03:25:12.273Z INFO  worker::batch_maker] Batch F/NNpprf1sGcvRpYNZDubYq475Dq11HUn70nOxJEI2c= contains 204800 B
[2026-04-19T03:25:12.327Z INFO  worker::batch_maker] Batch xzbLXTl//PfBhe3Vhfhdjcu4HApvRsDvTeZR4bIh2Zw= contains sample tx 351
[2026-04-19T03:25:12.327Z INFO  worker::batch_maker] Batch xzbLXTl//PfBhe3Vhfhdjcu4HApvRsDvTeZR4bIh2Zw= contains 204800 B
[2026-04-19T03:25:12.381Z INFO  worker::batch_maker] Batch iQGAGq9ACIILJ+euCIXQ0wPFabgLqtcn/40Ra1oNelc= contains sample tx 352
[2026-04-19T03:25:12.381Z INFO  worker::batch_maker] Batch iQGAGq9ACIILJ+euCIXQ0wPFabgLqtcn/40Ra1oNelc= contains 204800 B
[2026-04-19T03:25:12.436Z INFO  worker::batch_maker] Batch 2yDwGCJfe6aAhzbLUdfIKznTab6RsqL5nPYIYi7pLeI= contains sample tx 353
[2026-04-19T03:25:12.436Z INFO  worker::batch_maker] Batch 2yDwGCJfe6aAhzbLUdfIKznTab6RsqL5nPYIYi7pLeI= contains 204800 B
[2026-04-19T03:25:12.489Z INFO  worker::batch_maker] Batch woRmDCUlqZcPY7hzAGi9pMrU4vElApZTeeNTEJjriQA= contains sample tx 354
[2026-04-19T03:25:12.489Z INFO  worker::batch_maker] Batch woRmDCUlqZcPY7hzAGi9pMrU4vElApZTeeNTEJjriQA= contains 204800 B
[2026-04-19T03:25:12.543Z INFO  worker::batch_maker] Batch fQKAB7SqTeBgKD42chc7KsIvU4RPGg386wxUP/m3Zg0= contains sample tx 355
[2026-04-19T03:25:12.543Z INFO  worker::batch_maker] Batch fQKAB7SqTeBgKD42chc7KsIvU4RPGg386wxUP/m3Zg0= contains 204800 B
[2026-04-19T03:25:12.596Z INFO  worker::batch_maker] Batch qQAgdCzbAl7CsI+/y7/nkPxXzQnMOzu/FCyxLtZH8Ho= contains sample tx 356
[2026-04-19T03:25:12.596Z INFO  worker::batch_maker] Batch qQAgdCzbAl7CsI+/y7/nkPxXzQnMOzu/FCyxLtZH8Ho= contains 204800 B
[2026-04-19T03:25:12.648Z INFO  worker::batch_maker] Batch Q97yxwIcIAhFDqwUzbsn1WBrU1y+RP121KSeM+DHQ8U= contains sample tx 357
[2026-04-19T03:25:12.648Z INFO  worker::batch_maker] Batch Q97yxwIcIAhFDqwUzbsn1WBrU1y+RP121KSeM+DHQ8U= contains 204800 B
[2026-04-19T03:25:12.703Z INFO  worker::batch_maker] Batch Wo8hPgeE1ebixIiI+cpRws1fhh7GuHxheIh9HuoydGE= contains sample tx 358
[2026-04-19T03:25:12.703Z INFO  worker::batch_maker] Batch Wo8hPgeE1ebixIiI+cpRws1fhh7GuHxheIh9HuoydGE= contains 204800 B
[2026-04-19T03:25:12.756Z INFO  worker::batch_maker] Batch Q4gG1FRbnSitdOqcnehjUAbsYpDxFtT6y7YuSA+OucM= contains sample tx 359
[2026-04-19T03:25:12.757Z INFO  worker::batch_maker] Batch Q4gG1FRbnSitdOqcnehjUAbsYpDxFtT6y7YuSA+OucM= contains 377856 B
[2026-04-19T03:25:12.810Z INFO  worker::batch_maker] Batch gtexKAi59im+0oe2yMZfxgVBzs9dvXcQSKGfqfdUfOM= contains sample tx 360
[2026-04-19T03:25:12.810Z INFO  worker::batch_maker] Batch gtexKAi59im+0oe2yMZfxgVBzs9dvXcQSKGfqfdUfOM= contains sample tx 361
[2026-04-19T03:25:12.810Z INFO  worker::batch_maker] Batch gtexKAi59im+0oe2yMZfxgVBzs9dvXcQSKGfqfdUfOM= contains 236544 B
[2026-04-19T03:25:12.865Z INFO  worker::batch_maker] Batch nEIn3aO7Wqq2aNwFkB3vCraDO45vBbXQoXDPTfagHGg= contains sample tx 362
[2026-04-19T03:25:12.865Z INFO  worker::batch_maker] Batch nEIn3aO7Wqq2aNwFkB3vCraDO45vBbXQoXDPTfagHGg= contains 204800 B
[2026-04-19T03:25:12.919Z INFO  worker::batch_maker] Batch LTUT2WEZipeYYpA6LISi4BjYzfmTmHCOXEulPiZJ+mo= contains sample tx 363
[2026-04-19T03:25:12.919Z INFO  worker::batch_maker] Batch LTUT2WEZipeYYpA6LISi4BjYzfmTmHCOXEulPiZJ+mo= contains 204800 B
[2026-04-19T03:25:12.972Z INFO  worker::batch_maker] Batch fKnpWhUm6Oo70PZ5tRmEmL6IoeEMFwT97LwpxzDeVy0= contains sample tx 364
[2026-04-19T03:25:12.973Z INFO  worker::batch_maker] Batch fKnpWhUm6Oo70PZ5tRmEmL6IoeEMFwT97LwpxzDeVy0= contains 204800 B
[2026-04-19T03:25:13.026Z INFO  worker::batch_maker] Batch RvCsZktkGu4XEmhJHjN2HqoORTmVtP0Ap28OCXOSKGQ= contains sample tx 365
[2026-04-19T03:25:13.026Z INFO  worker::batch_maker] Batch RvCsZktkGu4XEmhJHjN2HqoORTmVtP0Ap28OCXOSKGQ= contains 204800 B
[2026-04-19T03:25:13.079Z INFO  worker::batch_maker] Batch vwTehjmwuk9hN8FHtcNgtPvKsnW7oofZ2MvxHkmRjME= contains sample tx 366
[2026-04-19T03:25:13.080Z INFO  worker::batch_maker] Batch vwTehjmwuk9hN8FHtcNgtPvKsnW7oofZ2MvxHkmRjME= contains 204800 B
[2026-04-19T03:25:13.133Z INFO  worker::batch_maker] Batch PXUFLAj2DL4S2R1S0i/U9biDiO1lg3KmWRjkZY44p/w= contains sample tx 367
[2026-04-19T03:25:13.133Z INFO  worker::batch_maker] Batch PXUFLAj2DL4S2R1S0i/U9biDiO1lg3KmWRjkZY44p/w= contains 204800 B
[2026-04-19T03:25:13.186Z INFO  worker::batch_maker] Batch 34/kSwM71Aw7yOJU7DPxiavJaxPB1Bfdqd4rC5ZEzFc= contains sample tx 368
[2026-04-19T03:25:13.186Z INFO  worker::batch_maker] Batch 34/kSwM71Aw7yOJU7DPxiavJaxPB1Bfdqd4rC5ZEzFc= contains 204800 B
[2026-04-19T03:25:13.239Z INFO  worker::batch_maker] Batch 8qHmJI+VcibjOeAS4h/mAKD5JUrDz/WxIyMASzvlf/c= contains sample tx 369
[2026-04-19T03:25:13.239Z INFO  worker::batch_maker] Batch 8qHmJI+VcibjOeAS4h/mAKD5JUrDz/WxIyMASzvlf/c= contains 204800 B
[2026-04-19T03:25:13.291Z INFO  worker::batch_maker] Batch 0+mDtK1O/TM5Ecp9ZHAuz7UD+25Z5wgHqfZDaBD+C7s= contains sample tx 370
[2026-04-19T03:25:13.291Z INFO  worker::batch_maker] Batch 0+mDtK1O/TM5Ecp9ZHAuz7UD+25Z5wgHqfZDaBD+C7s= contains 204800 B
[2026-04-19T03:25:13.345Z INFO  worker::batch_maker] Batch v8Y1q3Y+1erjchUuhiLS61/2ACNYz+k6bcNJrfwrn2Y= contains sample tx 371
[2026-04-19T03:25:13.345Z INFO  worker::batch_maker] Batch v8Y1q3Y+1erjchUuhiLS61/2ACNYz+k6bcNJrfwrn2Y= contains 204800 B
[2026-04-19T03:25:13.398Z INFO  worker::batch_maker] Batch v+moQjmXcjq2PFZoLG/ln5SCsW14F7ldnBQcaFB4LfM= contains sample tx 372
[2026-04-19T03:25:13.398Z INFO  worker::batch_maker] Batch v+moQjmXcjq2PFZoLG/ln5SCsW14F7ldnBQcaFB4LfM= contains 204800 B
[2026-04-19T03:25:13.452Z INFO  worker::batch_maker] Batch SKsmxYGxudSB/C+kftJREv/ZpkSdhiAqk9ZNPBNXfS4= contains sample tx 373
[2026-04-19T03:25:13.452Z INFO  worker::batch_maker] Batch SKsmxYGxudSB/C+kftJREv/ZpkSdhiAqk9ZNPBNXfS4= contains 204800 B
[2026-04-19T03:25:13.506Z INFO  worker::batch_maker] Batch ELi/dPYBNjURoMnfgV/lywbFn764tWD6COsLg4k5uIA= contains sample tx 374
[2026-04-19T03:25:13.506Z INFO  worker::batch_maker] Batch ELi/dPYBNjURoMnfgV/lywbFn764tWD6COsLg4k5uIA= contains 298496 B
[2026-04-19T03:25:13.562Z INFO  worker::batch_maker] Batch KSIpRRTbJ+TRAbG6jTVkPI12OXG+9H2O0pKQgu7PoD4= contains sample tx 375
[2026-04-19T03:25:13.562Z INFO  worker::batch_maker] Batch KSIpRRTbJ+TRAbG6jTVkPI12OXG+9H2O0pKQgu7PoD4= contains 257024 B
[2026-04-19T03:25:13.616Z INFO  worker::batch_maker] Batch pxqpvCfs6hivfXUQ4vKUHY4G9UpBaGUY9SRUqLDeURM= contains sample tx 376
[2026-04-19T03:25:13.616Z INFO  worker::batch_maker] Batch pxqpvCfs6hivfXUQ4vKUHY4G9UpBaGUY9SRUqLDeURM= contains sample tx 377
[2026-04-19T03:25:13.616Z INFO  worker::batch_maker] Batch pxqpvCfs6hivfXUQ4vKUHY4G9UpBaGUY9SRUqLDeURM= contains 263680 B
[2026-04-19T03:25:13.669Z INFO  worker::batch_maker] Batch TnpGmaq3n7Zv8PY1U3uk6M9wtdqqArFozIbd/quUs7U= contains sample tx 378
[2026-04-19T03:25:13.669Z INFO  worker::batch_maker] Batch TnpGmaq3n7Zv8PY1U3uk6M9wtdqqArFozIbd/quUs7U= contains 204800 B
[2026-04-19T03:25:13.722Z INFO  worker::batch_maker] Batch Btf7df/bFKFV9efuXiZ/YEWc/lT0y3q8nXsRfjg97AI= contains sample tx 379
[2026-04-19T03:25:13.722Z INFO  worker::batch_maker] Batch Btf7df/bFKFV9efuXiZ/YEWc/lT0y3q8nXsRfjg97AI= contains 204800 B
[2026-04-19T03:25:13.777Z INFO  worker::batch_maker] Batch 2PzU5sdDWaOVG7+sT9qwy8yY9KiP9eMjsuckIDGf12o= contains sample tx 380
[2026-04-19T03:25:13.777Z INFO  worker::batch_maker] Batch 2PzU5sdDWaOVG7+sT9qwy8yY9KiP9eMjsuckIDGf12o= contains 204800 B
[2026-04-19T03:25:13.830Z INFO  worker::batch_maker] Batch i5cytSkn2E0ld/4m/rb5M5aTl7q6b+CMJYpRW3E+8xk= contains sample tx 381
[2026-04-19T03:25:13.830Z INFO  worker::batch_maker] Batch i5cytSkn2E0ld/4m/rb5M5aTl7q6b+CMJYpRW3E+8xk= contains 204800 B
[2026-04-19T03:25:13.883Z INFO  worker::batch_maker] Batch MRYgXc8DVPYbMgc204q/L6UFPnearagF+1dezraj4vQ= contains sample tx 382
[2026-04-19T03:25:13.883Z INFO  worker::batch_maker] Batch MRYgXc8DVPYbMgc204q/L6UFPnearagF+1dezraj4vQ= contains 204800 B
[2026-04-19T03:25:13.937Z INFO  worker::batch_maker] Batch Ey/nmisAMKdiCLQ/zS87yE4EdNAnVWfhW7R51LN6dtg= contains sample tx 383
[2026-04-19T03:25:13.937Z INFO  worker::batch_maker] Batch Ey/nmisAMKdiCLQ/zS87yE4EdNAnVWfhW7R51LN6dtg= contains 204800 B
[2026-04-19T03:25:13.989Z INFO  worker::batch_maker] Batch jpNkg6GeTfmwJTYTKAcX6h/avwUk5V8WWpn1YiXU6j0= contains sample tx 384
[2026-04-19T03:25:13.989Z INFO  worker::batch_maker] Batch jpNkg6GeTfmwJTYTKAcX6h/avwUk5V8WWpn1YiXU6j0= contains 204800 B
[2026-04-19T03:25:14.043Z INFO  worker::batch_maker] Batch 7DoOZmVJ+kcfSX36B9cRxJ6q1Xz7ZR6va3dqQ98YwKg= contains sample tx 385
[2026-04-19T03:25:14.043Z INFO  worker::batch_maker] Batch 7DoOZmVJ+kcfSX36B9cRxJ6q1Xz7ZR6va3dqQ98YwKg= contains 204800 B
[2026-04-19T03:25:14.097Z INFO  worker::batch_maker] Batch 9k0WSm4jm3ScsBHETLvhw71Kp0J902IWpqog2sh+w64= contains sample tx 386
[2026-04-19T03:25:14.097Z INFO  worker::batch_maker] Batch 9k0WSm4jm3ScsBHETLvhw71Kp0J902IWpqog2sh+w64= contains 204800 B
[2026-04-19T03:25:14.150Z INFO  worker::batch_maker] Batch WMw9z17q93Kq63We7PpkxyRmCekgQOA9yUcdU1ZVnNI= contains sample tx 387
[2026-04-19T03:25:14.150Z INFO  worker::batch_maker] Batch WMw9z17q93Kq63We7PpkxyRmCekgQOA9yUcdU1ZVnNI= contains 204800 B
[2026-04-19T03:25:14.202Z INFO  worker::batch_maker] Batch qpRuIMRgiilhWXdt3mh241mFbeu/JM895DkKW9uxD38= contains sample tx 388
[2026-04-19T03:25:14.202Z INFO  worker::batch_maker] Batch qpRuIMRgiilhWXdt3mh241mFbeu/JM895DkKW9uxD38= contains 204800 B
[2026-04-19T03:25:14.255Z INFO  worker::batch_maker] Batch t/mIbxaOgX/Zsxwg/5eSqd70w6CkNOgrFvCsIPTYSpE= contains sample tx 389
[2026-04-19T03:25:14.255Z INFO  worker::batch_maker] Batch t/mIbxaOgX/Zsxwg/5eSqd70w6CkNOgrFvCsIPTYSpE= contains 382976 B
[2026-04-19T03:25:14.307Z INFO  worker::batch_maker] Batch uu0MBk3X79y+8dTvrn4XAa/vAA+BNfUa39pFuVfu4hk= contains sample tx 390
[2026-04-19T03:25:14.307Z INFO  worker::batch_maker] Batch uu0MBk3X79y+8dTvrn4XAa/vAA+BNfUa39pFuVfu4hk= contains sample tx 391
[2026-04-19T03:25:14.307Z INFO  worker::batch_maker] Batch uu0MBk3X79y+8dTvrn4XAa/vAA+BNfUa39pFuVfu4hk= contains 231424 B
[2026-04-19T03:25:14.359Z INFO  worker::batch_maker] Batch jRmxqEiDAYLvyCLS5RgHHK3NN8K/y6tF0hVT0aVrLw8= contains sample tx 392
[2026-04-19T03:25:14.359Z INFO  worker::batch_maker] Batch jRmxqEiDAYLvyCLS5RgHHK3NN8K/y6tF0hVT0aVrLw8= contains 204800 B
[2026-04-19T03:25:14.410Z INFO  worker::batch_maker] Batch SUhrIl4jrzBOugg1Kijyi0Xi+g0xRYhXTL+bXEMPxMU= contains sample tx 393
[2026-04-19T03:25:14.410Z INFO  worker::batch_maker] Batch SUhrIl4jrzBOugg1Kijyi0Xi+g0xRYhXTL+bXEMPxMU= contains 204800 B
[2026-04-19T03:25:14.463Z INFO  worker::batch_maker] Batch NtTYpeXXDNgq6peYIFoWT4NMZhVu+w/u8lS3isEB5+A= contains sample tx 394
[2026-04-19T03:25:14.463Z INFO  worker::batch_maker] Batch NtTYpeXXDNgq6peYIFoWT4NMZhVu+w/u8lS3isEB5+A= contains 204800 B
[2026-04-19T03:25:14.514Z INFO  worker::batch_maker] Batch YqzOpVmtfs463DxszOA84cPmDnTnTJRac6dIB2pwtHQ= contains sample tx 395
[2026-04-19T03:25:14.514Z INFO  worker::batch_maker] Batch YqzOpVmtfs463DxszOA84cPmDnTnTJRac6dIB2pwtHQ= contains 204800 B
[2026-04-19T03:25:14.567Z INFO  worker::batch_maker] Batch AwXSJZmV7eQ3scJYtF82iIC7L2OckvTVLB/pHbDVHCQ= contains sample tx 396
[2026-04-19T03:25:14.567Z INFO  worker::batch_maker] Batch AwXSJZmV7eQ3scJYtF82iIC7L2OckvTVLB/pHbDVHCQ= contains 204800 B
[2026-04-19T03:25:14.621Z INFO  worker::batch_maker] Batch 3jhlatGE8yZmTyCkWLWCML1rkqhV5rZbQ5J1JYjOvLM= contains sample tx 397
[2026-04-19T03:25:14.621Z INFO  worker::batch_maker] Batch 3jhlatGE8yZmTyCkWLWCML1rkqhV5rZbQ5J1JYjOvLM= contains 204800 B
[2026-04-19T03:25:14.673Z INFO  worker::batch_maker] Batch Jrg68CKeiY6I9PCS/XmYIU9dZG1d+NwuPgSyPSokl2A= contains sample tx 398
[2026-04-19T03:25:14.673Z INFO  worker::batch_maker] Batch Jrg68CKeiY6I9PCS/XmYIU9dZG1d+NwuPgSyPSokl2A= contains 204800 B
[2026-04-19T03:25:14.726Z INFO  worker::batch_maker] Batch 8VXfrHY4YM0pslZN6SXeY082IT0gefhNwtB6mN2c7YM= contains sample tx 399
[2026-04-19T03:25:14.726Z INFO  worker::batch_maker] Batch 8VXfrHY4YM0pslZN6SXeY082IT0gefhNwtB6mN2c7YM= contains 204800 B
[2026-04-19T03:25:14.778Z INFO  worker::batch_maker] Batch BzF2W59dDfWM4BafvCoxm3JT9+9W0+xbNGW4bTvSOvo= contains sample tx 400
[2026-04-19T03:25:14.778Z INFO  worker::batch_maker] Batch BzF2W59dDfWM4BafvCoxm3JT9+9W0+xbNGW4bTvSOvo= contains 204800 B
[2026-04-19T03:25:14.831Z INFO  worker::batch_maker] Batch FhtFikTrqWQJhiUTShfM65zx4SU+hklqxGWaecZ/iIo= contains sample tx 401
[2026-04-19T03:25:14.831Z INFO  worker::batch_maker] Batch FhtFikTrqWQJhiUTShfM65zx4SU+hklqxGWaecZ/iIo= contains 204800 B
[2026-04-19T03:25:14.882Z INFO  worker::batch_maker] Batch JF1XbsdmDkqxCg6z+q9N4w/NhUgNsBmqgn11GXlZY1Q= contains sample tx 402
[2026-04-19T03:25:14.882Z INFO  worker::batch_maker] Batch JF1XbsdmDkqxCg6z+q9N4w/NhUgNsBmqgn11GXlZY1Q= contains 204800 B
[2026-04-19T03:25:14.935Z INFO  worker::batch_maker] Batch h5dGDd4PNOi8gry6a2miWl9p35AWRrMO3UZzZqGeIK4= contains sample tx 403
[2026-04-19T03:25:14.935Z INFO  worker::batch_maker] Batch h5dGDd4PNOi8gry6a2miWl9p35AWRrMO3UZzZqGeIK4= contains 204800 B
[2026-04-19T03:25:14.988Z INFO  worker::batch_maker] Batch pQRzZNBgu0jqj0hz8oI9WRwfASEB1j4ES/4N1IBJw8U= contains sample tx 404
[2026-04-19T03:25:14.988Z INFO  worker::batch_maker] Batch pQRzZNBgu0jqj0hz8oI9WRwfASEB1j4ES/4N1IBJw8U= contains 204800 B
[2026-04-19T03:25:15.040Z INFO  worker::batch_maker] Batch 9NJFV5TC9FeBjCkk0ZluMRgqywwWt0E/X86f9eEHkVw= contains sample tx 405
[2026-04-19T03:25:15.040Z INFO  worker::batch_maker] Batch 9NJFV5TC9FeBjCkk0ZluMRgqywwWt0E/X86f9eEHkVw= contains 204800 B
[2026-04-19T03:25:15.094Z INFO  worker::batch_maker] Batch UwPhf/FyBPq11SCvtzicCzPMi3dRonlpdnkxcSduzZ4= contains sample tx 406
[2026-04-19T03:25:15.094Z INFO  worker::batch_maker] Batch UwPhf/FyBPq11SCvtzicCzPMi3dRonlpdnkxcSduzZ4= contains 204800 B
[2026-04-19T03:25:15.147Z INFO  worker::batch_maker] Batch HjJe0Fe4uTRObk5VHJ3YkpLjYl8dJg7VZZegIzIx1Yw= contains sample tx 407
[2026-04-19T03:25:15.147Z INFO  worker::batch_maker] Batch HjJe0Fe4uTRObk5VHJ3YkpLjYl8dJg7VZZegIzIx1Yw= contains 204800 B
[2026-04-19T03:25:15.199Z INFO  worker::batch_maker] Batch JeFDa4DZFf8xdLbcFc0aOYk2o3Sesi71f8s0cbidQiI= contains sample tx 408
[2026-04-19T03:25:15.199Z INFO  worker::batch_maker] Batch JeFDa4DZFf8xdLbcFc0aOYk2o3Sesi71f8s0cbidQiI= contains 204800 B
[2026-04-19T03:25:15.253Z INFO  worker::batch_maker] Batch Hbs+kh6f875et2cKAlGLb5G7cjMhluGwida3La4ZbqA= contains sample tx 409
[2026-04-19T03:25:15.253Z INFO  worker::batch_maker] Batch Hbs+kh6f875et2cKAlGLb5G7cjMhluGwida3La4ZbqA= contains 204800 B
[2026-04-19T03:25:15.306Z INFO  worker::batch_maker] Batch 4WRaGPRhwd+nsQaCP0ExdRHz+q4uKzAJSCTwK9uFtNc= contains sample tx 410
[2026-04-19T03:25:15.306Z INFO  worker::batch_maker] Batch 4WRaGPRhwd+nsQaCP0ExdRHz+q4uKzAJSCTwK9uFtNc= contains sample tx 411
[2026-04-19T03:25:15.306Z INFO  worker::batch_maker] Batch 4WRaGPRhwd+nsQaCP0ExdRHz+q4uKzAJSCTwK9uFtNc= contains 315904 B
[2026-04-19T03:25:15.361Z INFO  worker::batch_maker] Batch UDozTu2ZPUTSW5dstenLDW5DkUMJY2oxkZDOluSkoXo= contains sample tx 412
[2026-04-19T03:25:15.361Z INFO  worker::batch_maker] Batch UDozTu2ZPUTSW5dstenLDW5DkUMJY2oxkZDOluSkoXo= contains 298496 B
[2026-04-19T03:25:15.415Z INFO  worker::batch_maker] Batch tkXFvca404gfDUY0sgLcvsxzZMBtEdvkKDIhZWffmOc= contains sample tx 413
[2026-04-19T03:25:15.415Z INFO  worker::batch_maker] Batch tkXFvca404gfDUY0sgLcvsxzZMBtEdvkKDIhZWffmOc= contains 204800 B
[2026-04-19T03:25:15.468Z INFO  worker::batch_maker] Batch wQgvPdpuIA/DEQV6PgjXZF5Eo/gwIwWsZL+ivmzLh9U= contains sample tx 414
[2026-04-19T03:25:15.468Z INFO  worker::batch_maker] Batch wQgvPdpuIA/DEQV6PgjXZF5Eo/gwIwWsZL+ivmzLh9U= contains 204800 B
[2026-04-19T03:25:15.521Z INFO  worker::batch_maker] Batch 40luAeMexexAMBZwsFADcmxK0kwca7ci8Z4j3lNBsY4= contains sample tx 415
[2026-04-19T03:25:15.521Z INFO  worker::batch_maker] Batch 40luAeMexexAMBZwsFADcmxK0kwca7ci8Z4j3lNBsY4= contains 204800 B
[2026-04-19T03:25:15.575Z INFO  worker::batch_maker] Batch sydyW50KyTHRWh8jQ7dxXCleVsytNabcbbe+UNzLSHw= contains sample tx 416
[2026-04-19T03:25:15.575Z INFO  worker::batch_maker] Batch sydyW50KyTHRWh8jQ7dxXCleVsytNabcbbe+UNzLSHw= contains 204800 B
[2026-04-19T03:25:15.631Z INFO  worker::batch_maker] Batch 9ZVFBt1rWimPtg/3khgyFNOaQAE5RlhFitDm94rpRKQ= contains sample tx 417
[2026-04-19T03:25:15.631Z INFO  worker::batch_maker] Batch 9ZVFBt1rWimPtg/3khgyFNOaQAE5RlhFitDm94rpRKQ= contains 204800 B
[2026-04-19T03:25:15.684Z INFO  worker::batch_maker] Batch JVt1SFTx/ltFaP3mzZwA7xrjX6IFeemONRNq2KQGgtQ= contains sample tx 418
[2026-04-19T03:25:15.684Z INFO  worker::batch_maker] Batch JVt1SFTx/ltFaP3mzZwA7xrjX6IFeemONRNq2KQGgtQ= contains 204800 B
[2026-04-19T03:25:15.738Z INFO  worker::batch_maker] Batch mAG74oH/cgcX4ipoLYTKjm/rBKQxxK1XyvWVgLJyLFw= contains sample tx 419
[2026-04-19T03:25:15.738Z INFO  worker::batch_maker] Batch mAG74oH/cgcX4ipoLYTKjm/rBKQxxK1XyvWVgLJyLFw= contains 204800 B
[2026-04-19T03:25:15.790Z INFO  worker::batch_maker] Batch cxE1sIK5Xbr5cwSozdLkQ/vSIuzt/1tw3kn1muIHHwA= contains sample tx 420
[2026-04-19T03:25:15.790Z INFO  worker::batch_maker] Batch cxE1sIK5Xbr5cwSozdLkQ/vSIuzt/1tw3kn1muIHHwA= contains 204800 B
[2026-04-19T03:25:15.844Z INFO  worker::batch_maker] Batch 4tffbRYz0lFDSm6+86GM5b6r7aYEUxkn9WgmRFFv9Qg= contains sample tx 421
[2026-04-19T03:25:15.844Z INFO  worker::batch_maker] Batch 4tffbRYz0lFDSm6+86GM5b6r7aYEUxkn9WgmRFFv9Qg= contains 204800 B
[2026-04-19T03:25:15.897Z INFO  worker::batch_maker] Batch Q54RT7I4Mc/yvlW/OrZRW+Q82RJDMcV1zI1xMuS2Kmc= contains sample tx 422
[2026-04-19T03:25:15.897Z INFO  worker::batch_maker] Batch Q54RT7I4Mc/yvlW/OrZRW+Q82RJDMcV1zI1xMuS2Kmc= contains 204800 B
[2026-04-19T03:25:15.951Z INFO  worker::batch_maker] Batch CrOkIAnw44ED3PV1hJAGvKOE7gkf/HBUOIhzbSDijrE= contains sample tx 423
[2026-04-19T03:25:15.951Z INFO  worker::batch_maker] Batch CrOkIAnw44ED3PV1hJAGvKOE7gkf/HBUOIhzbSDijrE= contains 204800 B
[2026-04-19T03:25:16.004Z INFO  worker::batch_maker] Batch QVU0e0zXtoycbRmzSZb4EjN6zU48wDlM7ff0vozmon8= contains sample tx 424
[2026-04-19T03:25:16.004Z INFO  worker::batch_maker] Batch QVU0e0zXtoycbRmzSZb4EjN6zU48wDlM7ff0vozmon8= contains sample tx 425
[2026-04-19T03:25:16.004Z INFO  worker::batch_maker] Batch QVU0e0zXtoycbRmzSZb4EjN6zU48wDlM7ff0vozmon8= contains 278528 B
[2026-04-19T03:25:16.056Z INFO  worker::batch_maker] Batch QOQab84C/w5KLoQ1uW/6kzlAs4A5PHb03qsjl8IxDcE= contains 131584 B
[2026-04-19T03:25:16.112Z INFO  worker::batch_maker] Batch cesZBVNKghQUK9f72VyJMbpkYUpY6cPNyilP1WEtxQQ= contains sample tx 426
[2026-04-19T03:25:16.112Z INFO  worker::batch_maker] Batch cesZBVNKghQUK9f72VyJMbpkYUpY6cPNyilP1WEtxQQ= contains sample tx 427
[2026-04-19T03:25:16.112Z INFO  worker::batch_maker] Batch cesZBVNKghQUK9f72VyJMbpkYUpY6cPNyilP1WEtxQQ= contains 409088 B
[2026-04-19T03:25:16.164Z INFO  worker::batch_maker] Batch mRfTc/iCtZA+sg9FNS/n5X+cfKgsFHJpj39oYdWjFmA= contains sample tx 428
[2026-04-19T03:25:16.164Z INFO  worker::batch_maker] Batch mRfTc/iCtZA+sg9FNS/n5X+cfKgsFHJpj39oYdWjFmA= contains 204800 B
[2026-04-19T03:25:16.218Z INFO  worker::batch_maker] Batch e9Dfee7nWw+1bljo0gSIr5zWL0iX2Jyp2e0d9RRopBU= contains sample tx 429
[2026-04-19T03:25:16.218Z INFO  worker::batch_maker] Batch e9Dfee7nWw+1bljo0gSIr5zWL0iX2Jyp2e0d9RRopBU= contains 204800 B
[2026-04-19T03:25:16.271Z INFO  worker::batch_maker] Batch R3m7J5zGdIIQ+bwW4Sbk3p86mG/ilgspw0p+ZjC1Zdo= contains sample tx 430
[2026-04-19T03:25:16.271Z INFO  worker::batch_maker] Batch R3m7J5zGdIIQ+bwW4Sbk3p86mG/ilgspw0p+ZjC1Zdo= contains 204800 B
[2026-04-19T03:25:16.324Z INFO  worker::batch_maker] Batch 7VqwUYrXVBjKCUbA0JPfR+IV5rJBmqId5pU+puXmkM0= contains sample tx 431
[2026-04-19T03:25:16.324Z INFO  worker::batch_maker] Batch 7VqwUYrXVBjKCUbA0JPfR+IV5rJBmqId5pU+puXmkM0= contains 204800 B
[2026-04-19T03:25:16.376Z INFO  worker::batch_maker] Batch /TtG1Z46TAEtJIRmhv5ap1AVAl+hSJYjt9oQTWVl1Fg= contains sample tx 432
[2026-04-19T03:25:16.377Z INFO  worker::batch_maker] Batch /TtG1Z46TAEtJIRmhv5ap1AVAl+hSJYjt9oQTWVl1Fg= contains 204800 B
[2026-04-19T03:25:16.430Z INFO  worker::batch_maker] Batch av31VeV4k0nEhxN6smbZXtbei6+vHZ6W9IZ9L+3w/Pk= contains sample tx 433
[2026-04-19T03:25:16.430Z INFO  worker::batch_maker] Batch av31VeV4k0nEhxN6smbZXtbei6+vHZ6W9IZ9L+3w/Pk= contains 204800 B
[2026-04-19T03:25:16.485Z INFO  worker::batch_maker] Batch Gs7vFFW0zanz3JpgS45mVsxYFALNclsUdIDeqZPwOQ8= contains sample tx 434
[2026-04-19T03:25:16.485Z INFO  worker::batch_maker] Batch Gs7vFFW0zanz3JpgS45mVsxYFALNclsUdIDeqZPwOQ8= contains 204800 B
[2026-04-19T03:25:16.538Z INFO  worker::batch_maker] Batch yO0qEuoKZi4L0o4WDgFvoJTZ+R3WZzUl78QcGTMM/UY= contains sample tx 435
[2026-04-19T03:25:16.538Z INFO  worker::batch_maker] Batch yO0qEuoKZi4L0o4WDgFvoJTZ+R3WZzUl78QcGTMM/UY= contains 204800 B
[2026-04-19T03:25:16.591Z INFO  worker::batch_maker] Batch HTkMe2wB85e+iwvuj39gCwS6UWer84Ls3+hzR2oWEh8= contains sample tx 436
[2026-04-19T03:25:16.591Z INFO  worker::batch_maker] Batch HTkMe2wB85e+iwvuj39gCwS6UWer84Ls3+hzR2oWEh8= contains 204800 B
[2026-04-19T03:25:16.645Z INFO  worker::batch_maker] Batch FtTcncwqo/4h7lTYKhik2EZdl5nROfbJ0tndvoiFy7U= contains sample tx 437
[2026-04-19T03:25:16.645Z INFO  worker::batch_maker] Batch FtTcncwqo/4h7lTYKhik2EZdl5nROfbJ0tndvoiFy7U= contains 204800 B
[2026-04-19T03:25:16.698Z INFO  worker::batch_maker] Batch 8gY6m9i6SetE32su1Fev2PfHV9wwITO97yUMBWy8M8w= contains sample tx 438
[2026-04-19T03:25:16.698Z INFO  worker::batch_maker] Batch 8gY6m9i6SetE32su1Fev2PfHV9wwITO97yUMBWy8M8w= contains 204800 B
[2026-04-19T03:25:16.752Z INFO  worker::batch_maker] Batch mFN/s+gxtayRFx5Ci7wr33z4lnC9fy3KKEIXE1rKZK8= contains sample tx 439
[2026-04-19T03:25:16.752Z INFO  worker::batch_maker] Batch mFN/s+gxtayRFx5Ci7wr33z4lnC9fy3KKEIXE1rKZK8= contains 204800 B
[2026-04-19T03:25:16.806Z INFO  worker::batch_maker] Batch MlzitP4GRqhZgh/FkbR0+TU0XkncgiZQqmZm9UVjA6Y= contains sample tx 440
[2026-04-19T03:25:16.806Z INFO  worker::batch_maker] Batch MlzitP4GRqhZgh/FkbR0+TU0XkncgiZQqmZm9UVjA6Y= contains sample tx 441
[2026-04-19T03:25:16.806Z INFO  worker::batch_maker] Batch MlzitP4GRqhZgh/FkbR0+TU0XkncgiZQqmZm9UVjA6Y= contains 252416 B
[2026-04-19T03:25:16.862Z INFO  worker::batch_maker] Batch a6piEy8lxf6tjWbl15NxXaF7xOqfsjnQPsHFmCEKHZ4= contains sample tx 442
[2026-04-19T03:25:16.862Z INFO  worker::batch_maker] Batch a6piEy8lxf6tjWbl15NxXaF7xOqfsjnQPsHFmCEKHZ4= contains 361984 B
[2026-04-19T03:25:16.915Z INFO  worker::batch_maker] Batch RItr/qhX+w8+6GX4d5UVXmcsobydUaS3lD4BWHeO2o8= contains sample tx 443
[2026-04-19T03:25:16.915Z INFO  worker::batch_maker] Batch RItr/qhX+w8+6GX4d5UVXmcsobydUaS3lD4BWHeO2o8= contains 204800 B
[2026-04-19T03:25:16.968Z INFO  worker::batch_maker] Batch E29d4eflReqncXiTwuPDGVcES1TDkfAm6zH+gKQq8Kc= contains sample tx 444
[2026-04-19T03:25:16.968Z INFO  worker::batch_maker] Batch E29d4eflReqncXiTwuPDGVcES1TDkfAm6zH+gKQq8Kc= contains 204800 B
[2026-04-19T03:25:17.021Z INFO  worker::batch_maker] Batch 7UBcCZnFw07rlzaQxL3ggrTTXVteSvddUxAy2Ha3HKc= contains sample tx 445
[2026-04-19T03:25:17.021Z INFO  worker::batch_maker] Batch 7UBcCZnFw07rlzaQxL3ggrTTXVteSvddUxAy2Ha3HKc= contains 204800 B
[2026-04-19T03:25:17.077Z INFO  worker::batch_maker] Batch C+a4d3/m0KoUDVXelHj9YMYvjIjoHgdq/fJs5nTxjDI= contains sample tx 446
[2026-04-19T03:25:17.077Z INFO  worker::batch_maker] Batch C+a4d3/m0KoUDVXelHj9YMYvjIjoHgdq/fJs5nTxjDI= contains 204800 B
[2026-04-19T03:25:17.130Z INFO  worker::batch_maker] Batch wKrDdqcXHjlJHu6fXW3410h0lSkX87920QAGqt1C3zk= contains sample tx 447
[2026-04-19T03:25:17.130Z INFO  worker::batch_maker] Batch wKrDdqcXHjlJHu6fXW3410h0lSkX87920QAGqt1C3zk= contains 204800 B
[2026-04-19T03:25:17.184Z INFO  worker::batch_maker] Batch MyegrjKf+EKo+vWpD4g5A9YqSzKr4urruaS8nhWdUMQ= contains sample tx 448
[2026-04-19T03:25:17.184Z INFO  worker::batch_maker] Batch MyegrjKf+EKo+vWpD4g5A9YqSzKr4urruaS8nhWdUMQ= contains 204800 B
[2026-04-19T03:25:17.238Z INFO  worker::batch_maker] Batch kmFNlMNHTxBMqd6zGo/jIFnA9e5mTTcwL3BuS51T3SY= contains sample tx 449
[2026-04-19T03:25:17.238Z INFO  worker::batch_maker] Batch kmFNlMNHTxBMqd6zGo/jIFnA9e5mTTcwL3BuS51T3SY= contains 204800 B
[2026-04-19T03:25:17.291Z INFO  worker::batch_maker] Batch 3KoPNTI1ww+21BO7rggbDywztKHZghuSrFFSWIOzoVo= contains sample tx 450
[2026-04-19T03:25:17.291Z INFO  worker::batch_maker] Batch 3KoPNTI1ww+21BO7rggbDywztKHZghuSrFFSWIOzoVo= contains 204800 B
[2026-04-19T03:25:17.344Z INFO  worker::batch_maker] Batch 2rHM72/4OPKwlOWwoQ0ZeRBvB9UrfpxSHsWtzl5nkhE= contains sample tx 451
[2026-04-19T03:25:17.344Z INFO  worker::batch_maker] Batch 2rHM72/4OPKwlOWwoQ0ZeRBvB9UrfpxSHsWtzl5nkhE= contains 204800 B
[2026-04-19T03:25:17.397Z INFO  worker::batch_maker] Batch nKZjTBNwfGnjeWs+Zt7cZy8vPUJU28DJQPwZqLOCQ34= contains sample tx 452
[2026-04-19T03:25:17.397Z INFO  worker::batch_maker] Batch nKZjTBNwfGnjeWs+Zt7cZy8vPUJU28DJQPwZqLOCQ34= contains 204800 B
[2026-04-19T03:25:17.449Z INFO  worker::batch_maker] Batch A/W46R2TSMBiSNOf8iZ5tEYgQdFy9G7Vd3DZrCW4aY8= contains sample tx 453
[2026-04-19T03:25:17.449Z INFO  worker::batch_maker] Batch A/W46R2TSMBiSNOf8iZ5tEYgQdFy9G7Vd3DZrCW4aY8= contains 204800 B
[2026-04-19T03:25:17.502Z INFO  worker::batch_maker] Batch T4/4k12BOi/65O0JJ9j2KW7v1MFIeaoIcekR4RE7QDU= contains sample tx 454
[2026-04-19T03:25:17.502Z INFO  worker::batch_maker] Batch T4/4k12BOi/65O0JJ9j2KW7v1MFIeaoIcekR4RE7QDU= contains 204800 B
[2026-04-19T03:25:17.554Z INFO  worker::batch_maker] Batch erNlF3/7DlZ4u7Bl83IV73XNAegKr8E43uIxO/O8Lv8= contains sample tx 455
[2026-04-19T03:25:17.554Z INFO  worker::batch_maker] Batch erNlF3/7DlZ4u7Bl83IV73XNAegKr8E43uIxO/O8Lv8= contains 224768 B
[2026-04-19T03:25:17.610Z INFO  worker::batch_maker] Batch qS92BRyB3VJnaWrt4RGosH1RbX+VM9pE/X6j5gDhtfc= contains sample tx 456
[2026-04-19T03:25:17.610Z INFO  worker::batch_maker] Batch qS92BRyB3VJnaWrt4RGosH1RbX+VM9pE/X6j5gDhtfc= contains sample tx 457
[2026-04-19T03:25:17.610Z INFO  worker::batch_maker] Batch qS92BRyB3VJnaWrt4RGosH1RbX+VM9pE/X6j5gDhtfc= contains 362496 B
[2026-04-19T03:25:17.664Z INFO  worker::batch_maker] Batch bUPv4G1ZRYaOusrTo5CYMw9c4v4/waDSHWZJmw7zkKI= contains sample tx 458
[2026-04-19T03:25:17.664Z INFO  worker::batch_maker] Batch bUPv4G1ZRYaOusrTo5CYMw9c4v4/waDSHWZJmw7zkKI= contains 231936 B
[2026-04-19T03:25:17.717Z INFO  worker::batch_maker] Batch 2+e9hDK3S4g1k6AZYlrWeDNHCaNR9Y1xp3ftYyQLc8U= contains sample tx 459
[2026-04-19T03:25:17.717Z INFO  worker::batch_maker] Batch 2+e9hDK3S4g1k6AZYlrWeDNHCaNR9Y1xp3ftYyQLc8U= contains 204800 B
[2026-04-19T03:25:17.770Z INFO  worker::batch_maker] Batch eUuvS8ihyezRaYlXsaG+BIo9ZT0ARdqwGnA/7ZiaDZY= contains sample tx 460
[2026-04-19T03:25:17.770Z INFO  worker::batch_maker] Batch eUuvS8ihyezRaYlXsaG+BIo9ZT0ARdqwGnA/7ZiaDZY= contains 204800 B
[2026-04-19T03:25:17.824Z INFO  worker::batch_maker] Batch xAyPXs1zjSV1KQzXHm7rrKhcRlmJoau3PuSFZPTq4oc= contains sample tx 461
[2026-04-19T03:25:17.824Z INFO  worker::batch_maker] Batch xAyPXs1zjSV1KQzXHm7rrKhcRlmJoau3PuSFZPTq4oc= contains 204800 B
[2026-04-19T03:25:17.877Z INFO  worker::batch_maker] Batch i4c+kuIZlOR48uXE5tj8nBEF2u/360tlOFVgCXIQMLk= contains sample tx 462
[2026-04-19T03:25:17.877Z INFO  worker::batch_maker] Batch i4c+kuIZlOR48uXE5tj8nBEF2u/360tlOFVgCXIQMLk= contains 204800 B
[2026-04-19T03:25:17.931Z INFO  worker::batch_maker] Batch 0XWIw0i4JhQp9og1PdZwjSCKzAodK3+xZaEr8P26l8o= contains sample tx 463
[2026-04-19T03:25:17.931Z INFO  worker::batch_maker] Batch 0XWIw0i4JhQp9og1PdZwjSCKzAodK3+xZaEr8P26l8o= contains 204800 B
[2026-04-19T03:25:17.984Z INFO  worker::batch_maker] Batch kjiO2i1WWgpcHMjFezOgTJVX8NHqkRgeVTdfcaZ3lUg= contains sample tx 464
[2026-04-19T03:25:17.984Z INFO  worker::batch_maker] Batch kjiO2i1WWgpcHMjFezOgTJVX8NHqkRgeVTdfcaZ3lUg= contains 204800 B
[2026-04-19T03:25:18.037Z INFO  worker::batch_maker] Batch EZsvD5pQjKcPfbolnw8YRXIFWPGyoakh7ZGYF7BvDoQ= contains sample tx 465
[2026-04-19T03:25:18.037Z INFO  worker::batch_maker] Batch EZsvD5pQjKcPfbolnw8YRXIFWPGyoakh7ZGYF7BvDoQ= contains 204800 B
[2026-04-19T03:25:18.091Z INFO  worker::batch_maker] Batch X/gm9BKo/HxB2b5KVQpPFThlscP0tcOmb8wm7heZjIg= contains sample tx 466
[2026-04-19T03:25:18.091Z INFO  worker::batch_maker] Batch X/gm9BKo/HxB2b5KVQpPFThlscP0tcOmb8wm7heZjIg= contains 204800 B
[2026-04-19T03:25:18.144Z INFO  worker::batch_maker] Batch ETvvPP05/PJuHmU1Ms9L9o8nht36jbvqev9qDsAfuhg= contains sample tx 467
[2026-04-19T03:25:18.144Z INFO  worker::batch_maker] Batch ETvvPP05/PJuHmU1Ms9L9o8nht36jbvqev9qDsAfuhg= contains 204800 B
[2026-04-19T03:25:18.197Z INFO  worker::batch_maker] Batch fkM3aeqE5sV5axFz9EDlZxkWRLT1PdbAG8MDVvqPOUU= contains sample tx 468
[2026-04-19T03:25:18.197Z INFO  worker::batch_maker] Batch fkM3aeqE5sV5axFz9EDlZxkWRLT1PdbAG8MDVvqPOUU= contains 204800 B
[2026-04-19T03:25:18.249Z INFO  worker::batch_maker] Batch idXETJSEQA+b8GCg2YyfVtWT1Ndk0k6mWw5PsasV8Tc= contains sample tx 469
[2026-04-19T03:25:18.249Z INFO  worker::batch_maker] Batch idXETJSEQA+b8GCg2YyfVtWT1Ndk0k6mWw5PsasV8Tc= contains 204800 B
[2026-04-19T03:25:18.303Z INFO  worker::batch_maker] Batch z/Yq9Mw7vT26EoywoCixouEy7w7nLOwcQGJ80RYzSOg= contains sample tx 470
[2026-04-19T03:25:18.303Z INFO  worker::batch_maker] Batch z/Yq9Mw7vT26EoywoCixouEy7w7nLOwcQGJ80RYzSOg= contains 204800 B
[2026-04-19T03:25:18.357Z INFO  worker::batch_maker] Batch xvjv2mrAEDO5b6O9pn0aKHIzEYUWwr8darZbPpzOLc8= contains sample tx 471
[2026-04-19T03:25:18.358Z INFO  worker::batch_maker] Batch xvjv2mrAEDO5b6O9pn0aKHIzEYUWwr8darZbPpzOLc8= contains sample tx 472
[2026-04-19T03:25:18.358Z INFO  worker::batch_maker] Batch xvjv2mrAEDO5b6O9pn0aKHIzEYUWwr8darZbPpzOLc8= contains 275968 B
[2026-04-19T03:25:18.416Z INFO  worker::batch_maker] Batch u0qRb02UgfAss98QzwBvKQud/jFDJbS8J1W7OZZv35s= contains sample tx 473
[2026-04-19T03:25:18.416Z INFO  worker::batch_maker] Batch u0qRb02UgfAss98QzwBvKQud/jFDJbS8J1W7OZZv35s= contains 338432 B
[2026-04-19T03:25:18.471Z INFO  worker::batch_maker] Batch Ca27m0QnzDjcj6bwkmMed46XzJSsBZCGxGhDfiL60kM= contains sample tx 474
[2026-04-19T03:25:18.471Z INFO  worker::batch_maker] Batch Ca27m0QnzDjcj6bwkmMed46XzJSsBZCGxGhDfiL60kM= contains 204800 B
[2026-04-19T03:25:18.524Z INFO  worker::batch_maker] Batch abaHThLp5fhQloIXNNRIdbZL92UwzjqWsHqZrNkGY1E= contains sample tx 475
[2026-04-19T03:25:18.524Z INFO  worker::batch_maker] Batch abaHThLp5fhQloIXNNRIdbZL92UwzjqWsHqZrNkGY1E= contains 204800 B
[2026-04-19T03:25:18.577Z INFO  worker::batch_maker] Batch UAuuyVrnKIeyH7PJPIBXiuRJuv44ZHe9scOQOjURgBI= contains sample tx 476
[2026-04-19T03:25:18.577Z INFO  worker::batch_maker] Batch UAuuyVrnKIeyH7PJPIBXiuRJuv44ZHe9scOQOjURgBI= contains 204800 B
[2026-04-19T03:25:18.632Z INFO  worker::batch_maker] Batch /GNDjmG25lh4hPmaR75eNIE+xAT7IJpAtMYuI7RCf6Y= contains sample tx 477
[2026-04-19T03:25:18.632Z INFO  worker::batch_maker] Batch /GNDjmG25lh4hPmaR75eNIE+xAT7IJpAtMYuI7RCf6Y= contains 204800 B
[2026-04-19T03:25:18.685Z INFO  worker::batch_maker] Batch eHueOPwFnfEseqkRSSWWfYrTQBzzdFng5lZOHGMD7zE= contains sample tx 478
[2026-04-19T03:25:18.685Z INFO  worker::batch_maker] Batch eHueOPwFnfEseqkRSSWWfYrTQBzzdFng5lZOHGMD7zE= contains 204800 B
[2026-04-19T03:25:18.741Z INFO  worker::batch_maker] Batch tF9LyKgBSYs3M55736QU/7UDGbLxqAqZqiLWFHfhb04= contains sample tx 479
[2026-04-19T03:25:18.741Z INFO  worker::batch_maker] Batch tF9LyKgBSYs3M55736QU/7UDGbLxqAqZqiLWFHfhb04= contains 204800 B
[2026-04-19T03:25:18.794Z INFO  worker::batch_maker] Batch dbuvRgnrV69knWIofyomyXFbTyVipRzTy0rkrtAvn1o= contains sample tx 480
[2026-04-19T03:25:18.794Z INFO  worker::batch_maker] Batch dbuvRgnrV69knWIofyomyXFbTyVipRzTy0rkrtAvn1o= contains 204800 B
[2026-04-19T03:25:18.847Z INFO  worker::batch_maker] Batch eNN4Kjf7TnQjpGo7YtGnPwNxyIfOD7jql+/uW3IdUO4= contains sample tx 481
[2026-04-19T03:25:18.847Z INFO  worker::batch_maker] Batch eNN4Kjf7TnQjpGo7YtGnPwNxyIfOD7jql+/uW3IdUO4= contains 204800 B
[2026-04-19T03:25:18.901Z INFO  worker::batch_maker] Batch MNsrHN96n5olINAL5c2X7O5QuGbqI27mNvFhN+NtFLA= contains sample tx 482
[2026-04-19T03:25:18.901Z INFO  worker::batch_maker] Batch MNsrHN96n5olINAL5c2X7O5QuGbqI27mNvFhN+NtFLA= contains 204800 B
[2026-04-19T03:25:18.955Z INFO  worker::batch_maker] Batch dPnUaOfAgPPYZdO/8fxnala7u2INugARQeyIG+QBmxo= contains sample tx 483
[2026-04-19T03:25:18.955Z INFO  worker::batch_maker] Batch dPnUaOfAgPPYZdO/8fxnala7u2INugARQeyIG+QBmxo= contains 204800 B
[2026-04-19T03:25:19.009Z INFO  worker::batch_maker] Batch K/lZaY7vKzOTBN4c9AHh+r7RVbInG6ISd/gkg7Ypwwc= contains sample tx 484
[2026-04-19T03:25:19.009Z INFO  worker::batch_maker] Batch K/lZaY7vKzOTBN4c9AHh+r7RVbInG6ISd/gkg7Ypwwc= contains sample tx 485
[2026-04-19T03:25:19.009Z INFO  worker::batch_maker] Batch K/lZaY7vKzOTBN4c9AHh+r7RVbInG6ISd/gkg7Ypwwc= contains 409600 B
[2026-04-19T03:25:19.063Z INFO  worker::batch_maker] Batch 3SvgsswBuCY0eFbxv0EVNQujae6Xo0UcuKxljZnnVzQ= contains sample tx 486
[2026-04-19T03:25:19.063Z INFO  worker::batch_maker] Batch 3SvgsswBuCY0eFbxv0EVNQujae6Xo0UcuKxljZnnVzQ= contains 204800 B
[2026-04-19T03:25:19.116Z INFO  worker::batch_maker] Batch SMk0tqT+CoORE+9N5MAqkabzcHVuDZUDKFH7rZA1W8s= contains sample tx 487
[2026-04-19T03:25:19.116Z INFO  worker::batch_maker] Batch SMk0tqT+CoORE+9N5MAqkabzcHVuDZUDKFH7rZA1W8s= contains 204800 B
[2026-04-19T03:25:19.168Z INFO  worker::batch_maker] Batch D1yTWoInW7pEPQOM8YvMdIxqot7K7Knoz7VdPzY2SIQ= contains sample tx 488
[2026-04-19T03:25:19.168Z INFO  worker::batch_maker] Batch D1yTWoInW7pEPQOM8YvMdIxqot7K7Knoz7VdPzY2SIQ= contains 204800 B
[2026-04-19T03:25:19.222Z INFO  worker::batch_maker] Batch SzCZMw7pILYma1fvlbAPPZ05NHGoANKiNWQT4ET7hKY= contains sample tx 489
[2026-04-19T03:25:19.222Z INFO  worker::batch_maker] Batch SzCZMw7pILYma1fvlbAPPZ05NHGoANKiNWQT4ET7hKY= contains 204800 B
[2026-04-19T03:25:19.276Z INFO  worker::batch_maker] Batch 8vq/b8l+ZdDQPVsNVY30v/x0RO7xyW9h3wvxjci7kUI= contains sample tx 490
[2026-04-19T03:25:19.276Z INFO  worker::batch_maker] Batch 8vq/b8l+ZdDQPVsNVY30v/x0RO7xyW9h3wvxjci7kUI= contains 204800 B
[2026-04-19T03:25:19.329Z INFO  worker::batch_maker] Batch Abja/ml+PzUqkAudOvvsuBRhXkxg+SYmYuYVoRqLWu0= contains sample tx 491
[2026-04-19T03:25:19.329Z INFO  worker::batch_maker] Batch Abja/ml+PzUqkAudOvvsuBRhXkxg+SYmYuYVoRqLWu0= contains 204800 B
[2026-04-19T03:25:19.384Z INFO  worker::batch_maker] Batch LBjQjxQ2CtGD+S+ynHtk/+ovPdg6WmI8XVCgSuXf3DA= contains sample tx 492
[2026-04-19T03:25:19.384Z INFO  worker::batch_maker] Batch LBjQjxQ2CtGD+S+ynHtk/+ovPdg6WmI8XVCgSuXf3DA= contains 204800 B
[2026-04-19T03:25:19.436Z INFO  worker::batch_maker] Batch 6tiEW6GU2o9KepFRZ6BwhOW/q65U1vSh82C9ia076Q8= contains sample tx 493
[2026-04-19T03:25:19.436Z INFO  worker::batch_maker] Batch 6tiEW6GU2o9KepFRZ6BwhOW/q65U1vSh82C9ia076Q8= contains 204800 B
[2026-04-19T03:25:19.488Z INFO  worker::batch_maker] Batch oqj6ENpM+d9Xe0F6Myp8EPPzDXlYG/3gKQC7SLsz4BU= contains sample tx 494
[2026-04-19T03:25:19.488Z INFO  worker::batch_maker] Batch oqj6ENpM+d9Xe0F6Myp8EPPzDXlYG/3gKQC7SLsz4BU= contains 204800 B
[2026-04-19T03:25:19.540Z INFO  worker::batch_maker] Batch eFaWE6R+wSp9vr60tdaTrB9OkoG+Mze/HMw/2A+pw8A= contains sample tx 495
[2026-04-19T03:25:19.540Z INFO  worker::batch_maker] Batch eFaWE6R+wSp9vr60tdaTrB9OkoG+Mze/HMw/2A+pw8A= contains 204800 B
[2026-04-19T03:25:19.592Z INFO  worker::batch_maker] Batch ZxF5fpbSxMdQMUckHAKnozHvHRmPSUwo9HTt3GboGrs= contains sample tx 496
[2026-04-19T03:25:19.593Z INFO  worker::batch_maker] Batch ZxF5fpbSxMdQMUckHAKnozHvHRmPSUwo9HTt3GboGrs= contains 204800 B
[2026-04-19T03:25:19.646Z INFO  worker::batch_maker] Batch OcEAnAIenioH3jXkYbMrDBmjIpd3uZsjA1iTL7SnHrQ= contains sample tx 497
[2026-04-19T03:25:19.646Z INFO  worker::batch_maker] Batch OcEAnAIenioH3jXkYbMrDBmjIpd3uZsjA1iTL7SnHrQ= contains 204800 B
[2026-04-19T03:25:19.700Z INFO  worker::batch_maker] Batch j8m7djLKuh+Uap9eD8swwJJ9PSD3u3BCB3DEd4ayvjM= contains sample tx 498
[2026-04-19T03:25:19.700Z INFO  worker::batch_maker] Batch j8m7djLKuh+Uap9eD8swwJJ9PSD3u3BCB3DEd4ayvjM= contains 204800 B
[2026-04-19T03:25:19.753Z INFO  worker::batch_maker] Batch 4g9rUlRcEbA7OygwQCgQRGPS0pfwVBU4rfoiNf2zBL4= contains sample tx 499
[2026-04-19T03:25:19.753Z INFO  worker::batch_maker] Batch 4g9rUlRcEbA7OygwQCgQRGPS0pfwVBU4rfoiNf2zBL4= contains 204800 B
[2026-04-19T03:25:19.807Z INFO  worker::batch_maker] Batch 4YIGajWPa4aQbC8ygClhoWFgsjzVS7378lu70y7A5fk= contains sample tx 500
[2026-04-19T03:25:19.807Z INFO  worker::batch_maker] Batch 4YIGajWPa4aQbC8ygClhoWFgsjzVS7378lu70y7A5fk= contains sample tx 501
[2026-04-19T03:25:19.807Z INFO  worker::batch_maker] Batch 4YIGajWPa4aQbC8ygClhoWFgsjzVS7378lu70y7A5fk= contains 267264 B
[2026-04-19T03:25:19.863Z INFO  worker::batch_maker] Batch d5Vhn+q3kIMi3B9nAiC8N8A8n7TdKr2BICGnl5wPjQM= contains sample tx 502
[2026-04-19T03:25:19.863Z INFO  worker::batch_maker] Batch d5Vhn+q3kIMi3B9nAiC8N8A8n7TdKr2BICGnl5wPjQM= contains 347136 B
[2026-04-19T03:25:19.916Z INFO  worker::batch_maker] Batch vSL9rclaC8Ce/P52Z1noyilYpOxYPXt7+47wohVA0Bk= contains sample tx 503
[2026-04-19T03:25:19.916Z INFO  worker::batch_maker] Batch vSL9rclaC8Ce/P52Z1noyilYpOxYPXt7+47wohVA0Bk= contains 204800 B
[2026-04-19T03:25:19.969Z INFO  worker::batch_maker] Batch KuZU7296eKpx+I+XRGXnGmPs8bXxeBDwyb3cVccx+xI= contains sample tx 504
[2026-04-19T03:25:19.969Z INFO  worker::batch_maker] Batch KuZU7296eKpx+I+XRGXnGmPs8bXxeBDwyb3cVccx+xI= contains 204800 B
[2026-04-19T03:25:20.023Z INFO  worker::batch_maker] Batch 5WowYnA/wvzCIMq7MJdy+SwpRokZrq7vk7UufX6Zf7c= contains sample tx 505
[2026-04-19T03:25:20.023Z INFO  worker::batch_maker] Batch 5WowYnA/wvzCIMq7MJdy+SwpRokZrq7vk7UufX6Zf7c= contains 204800 B
[2026-04-19T03:25:20.075Z INFO  worker::batch_maker] Batch /fyPdAPLzBNElczYgimbYWY0EN5LMirCcLCJQjwXRMY= contains sample tx 506
[2026-04-19T03:25:20.075Z INFO  worker::batch_maker] Batch /fyPdAPLzBNElczYgimbYWY0EN5LMirCcLCJQjwXRMY= contains 204800 B
[2026-04-19T03:25:20.128Z INFO  worker::batch_maker] Batch JNvpqQPpSALtmimXaQnHbQlboEYD3fq321UhtetmN2g= contains sample tx 507
[2026-04-19T03:25:20.128Z INFO  worker::batch_maker] Batch JNvpqQPpSALtmimXaQnHbQlboEYD3fq321UhtetmN2g= contains 204800 B
[2026-04-19T03:25:20.181Z INFO  worker::batch_maker] Batch 1F4PP/auJTfHhzsmreT5qof0ZqDTSaRyPgO/GEPQalY= contains sample tx 508
[2026-04-19T03:25:20.181Z INFO  worker::batch_maker] Batch 1F4PP/auJTfHhzsmreT5qof0ZqDTSaRyPgO/GEPQalY= contains 204800 B
[2026-04-19T03:25:20.233Z INFO  worker::batch_maker] Batch 2KTyB2xhGtxSCqAQkFeI3t8iSzJNe/AAViDoGbxFII4= contains sample tx 509
[2026-04-19T03:25:20.233Z INFO  worker::batch_maker] Batch 2KTyB2xhGtxSCqAQkFeI3t8iSzJNe/AAViDoGbxFII4= contains 204800 B
[2026-04-19T03:25:20.284Z INFO  worker::batch_maker] Batch sqriet8eEL/ikS9RQYdSnW2eb0F0koH0fGDvvbIgNFc= contains sample tx 510
[2026-04-19T03:25:20.284Z INFO  worker::batch_maker] Batch sqriet8eEL/ikS9RQYdSnW2eb0F0koH0fGDvvbIgNFc= contains 204800 B
[2026-04-19T03:25:20.337Z INFO  worker::batch_maker] Batch XVKeaQnlS+ABVamMzQxtNbBiLvBVv9xCLypiuToP61Q= contains sample tx 511
[2026-04-19T03:25:20.337Z INFO  worker::batch_maker] Batch XVKeaQnlS+ABVamMzQxtNbBiLvBVv9xCLypiuToP61Q= contains 204800 B
[2026-04-19T03:25:20.390Z INFO  worker::batch_maker] Batch 6Hm8YnM6cWocTUq+3Ic+90j8Lxi9UNYR3q/fyowSpAI= contains sample tx 512
[2026-04-19T03:25:20.390Z INFO  worker::batch_maker] Batch 6Hm8YnM6cWocTUq+3Ic+90j8Lxi9UNYR3q/fyowSpAI= contains 204800 B
[2026-04-19T03:25:20.443Z INFO  worker::batch_maker] Batch quH9L4GqTW3yNeHdwPY9mHPGBNZbKKDNRrhpr01ZIIY= contains sample tx 513
[2026-04-19T03:25:20.443Z INFO  worker::batch_maker] Batch quH9L4GqTW3yNeHdwPY9mHPGBNZbKKDNRrhpr01ZIIY= contains 204800 B
[2026-04-19T03:25:20.496Z INFO  worker::batch_maker] Batch KREGQYrT7pdSdBks5AN9AlAFHgZmIOKVnRF+Ae0t4Ow= contains sample tx 514
[2026-04-19T03:25:20.496Z INFO  worker::batch_maker] Batch KREGQYrT7pdSdBks5AN9AlAFHgZmIOKVnRF+Ae0t4Ow= contains 204800 B
[2026-04-19T03:25:20.548Z INFO  worker::batch_maker] Batch sOeRhn2+EIt3t+EZwniaUuXVLi+8PI0dUNn6Z4l7Lv0= contains sample tx 515
[2026-04-19T03:25:20.548Z INFO  worker::batch_maker] Batch sOeRhn2+EIt3t+EZwniaUuXVLi+8PI0dUNn6Z4l7Lv0= contains 204800 B
[2026-04-19T03:25:20.602Z INFO  worker::batch_maker] Batch Sg2qm5pyKq3Ta/RMCVQ2rF/RpgzAx7F3vYOgzIlalbA= contains sample tx 516
[2026-04-19T03:25:20.602Z INFO  worker::batch_maker] Batch Sg2qm5pyKq3Ta/RMCVQ2rF/RpgzAx7F3vYOgzIlalbA= contains 204800 B
[2026-04-19T03:25:20.653Z INFO  worker::batch_maker] Batch dR5F7iYm1gnK7dqxOlq4Q9kwccvOpdbz5QowSMkt1Ak= contains sample tx 517
[2026-04-19T03:25:20.653Z INFO  worker::batch_maker] Batch dR5F7iYm1gnK7dqxOlq4Q9kwccvOpdbz5QowSMkt1Ak= contains 204800 B
[2026-04-19T03:25:20.706Z INFO  worker::batch_maker] Batch rBORg0PaqwuH6JD06J9nruskCxZfSm9KQLJyCy0eKf8= contains sample tx 518
[2026-04-19T03:25:20.706Z INFO  worker::batch_maker] Batch rBORg0PaqwuH6JD06J9nruskCxZfSm9KQLJyCy0eKf8= contains sample tx 519
[2026-04-19T03:25:20.706Z INFO  worker::batch_maker] Batch rBORg0PaqwuH6JD06J9nruskCxZfSm9KQLJyCy0eKf8= contains 364544 B
[2026-04-19T03:25:20.758Z INFO  worker::batch_maker] Batch n1Ui8W49390NXdS5p5REjCVJ7D/Pxrs5kUuwuQQMbIQ= contains sample tx 520
[2026-04-19T03:25:20.759Z INFO  worker::batch_maker] Batch n1Ui8W49390NXdS5p5REjCVJ7D/Pxrs5kUuwuQQMbIQ= contains 249856 B
[2026-04-19T03:25:20.810Z INFO  worker::batch_maker] Batch ciFRvbBDWjcUkNnRFN3L/CJEDaIDth6vKxmc286mZp0= contains sample tx 521
[2026-04-19T03:25:20.810Z INFO  worker::batch_maker] Batch ciFRvbBDWjcUkNnRFN3L/CJEDaIDth6vKxmc286mZp0= contains 204800 B
[2026-04-19T03:25:20.862Z INFO  worker::batch_maker] Batch 8hDvmZano3uauJ/cVU5PwoSwjVbaO/gfKLMMqMahTas= contains sample tx 522
[2026-04-19T03:25:20.862Z INFO  worker::batch_maker] Batch 8hDvmZano3uauJ/cVU5PwoSwjVbaO/gfKLMMqMahTas= contains 204800 B
[2026-04-19T03:25:20.916Z INFO  worker::batch_maker] Batch 0MY4tUxT6WfoNQYe40pxi8QLE/GOcs5g5i/StRRk8fk= contains sample tx 523
[2026-04-19T03:25:20.916Z INFO  worker::batch_maker] Batch 0MY4tUxT6WfoNQYe40pxi8QLE/GOcs5g5i/StRRk8fk= contains 204800 B
[2026-04-19T03:25:20.969Z INFO  worker::batch_maker] Batch jTyLOq7pOYfgzVUqQKG7LuQjqRo69z0rrf9Y+PQ4df0= contains sample tx 524
[2026-04-19T03:25:20.969Z INFO  worker::batch_maker] Batch jTyLOq7pOYfgzVUqQKG7LuQjqRo69z0rrf9Y+PQ4df0= contains 204800 B
[2026-04-19T03:25:21.020Z INFO  worker::batch_maker] Batch uvoOK3T3hMcuSkbBWe2vckBY+Lv4Df2otDtvmb3oxVg= contains sample tx 525
[2026-04-19T03:25:21.020Z INFO  worker::batch_maker] Batch uvoOK3T3hMcuSkbBWe2vckBY+Lv4Df2otDtvmb3oxVg= contains 204800 B
[2026-04-19T03:25:21.073Z INFO  worker::batch_maker] Batch EcL60awG8vikaJ448P0KXWaHYR+jQJbGsQKNePKUXaE= contains sample tx 526
[2026-04-19T03:25:21.073Z INFO  worker::batch_maker] Batch EcL60awG8vikaJ448P0KXWaHYR+jQJbGsQKNePKUXaE= contains 204800 B
[2026-04-19T03:25:21.125Z INFO  worker::batch_maker] Batch TtWPvDXGFGLHCS8lyfyTdMkwLjQfXfCn7akwf4byLOQ= contains sample tx 527
[2026-04-19T03:25:21.125Z INFO  worker::batch_maker] Batch TtWPvDXGFGLHCS8lyfyTdMkwLjQfXfCn7akwf4byLOQ= contains 204800 B
[2026-04-19T03:25:21.178Z INFO  worker::batch_maker] Batch uV7J+GvoxCpVUpVEqpK6jmtwCLYIyeJYEsPgpj5+WTQ= contains sample tx 528
[2026-04-19T03:25:21.178Z INFO  worker::batch_maker] Batch uV7J+GvoxCpVUpVEqpK6jmtwCLYIyeJYEsPgpj5+WTQ= contains 204800 B
[2026-04-19T03:25:21.231Z INFO  worker::batch_maker] Batch 24Ol1bpp2ddEEKgvr2FFxKALqnjsitJlLlzedEXPiOw= contains sample tx 529
[2026-04-19T03:25:21.231Z INFO  worker::batch_maker] Batch 24Ol1bpp2ddEEKgvr2FFxKALqnjsitJlLlzedEXPiOw= contains 204800 B
[2026-04-19T03:25:21.284Z INFO  worker::batch_maker] Batch DLhvc7/VBYdUVwax0KQnu7pqxh1PR6dvcv5K/ip7/lE= contains sample tx 530
[2026-04-19T03:25:21.284Z INFO  worker::batch_maker] Batch DLhvc7/VBYdUVwax0KQnu7pqxh1PR6dvcv5K/ip7/lE= contains 204800 B
[2026-04-19T03:25:21.337Z INFO  worker::batch_maker] Batch kuDeJo8+TQmzS6OM6pgmuaKsCK2bDW1Lvp1h3no2BIQ= contains sample tx 531
[2026-04-19T03:25:21.337Z INFO  worker::batch_maker] Batch kuDeJo8+TQmzS6OM6pgmuaKsCK2bDW1Lvp1h3no2BIQ= contains 204800 B
[2026-04-19T03:25:21.391Z INFO  worker::batch_maker] Batch BTT94Yxa3A1ktiBXZ263P0Y9y6n95hRYQAGCjZ1Z1cQ= contains sample tx 532
[2026-04-19T03:25:21.391Z INFO  worker::batch_maker] Batch BTT94Yxa3A1ktiBXZ263P0Y9y6n95hRYQAGCjZ1Z1cQ= contains 204800 B
[2026-04-19T03:25:21.444Z INFO  worker::batch_maker] Batch 1fvXs+g3hXEHXQD14ApTn3fi8qRmEllwahmiU/3uqsg= contains sample tx 533
[2026-04-19T03:25:21.444Z INFO  worker::batch_maker] Batch 1fvXs+g3hXEHXQD14ApTn3fi8qRmEllwahmiU/3uqsg= contains 204800 B
[2026-04-19T03:25:21.496Z INFO  worker::batch_maker] Batch OnUJ+fAVfbWHOB2kFh2K2v+Nkxe+ZI5D9VlEwDF3Ogg= contains sample tx 534
[2026-04-19T03:25:21.496Z INFO  worker::batch_maker] Batch OnUJ+fAVfbWHOB2kFh2K2v+Nkxe+ZI5D9VlEwDF3Ogg= contains 204800 B
[2026-04-19T03:25:21.550Z INFO  worker::batch_maker] Batch x9JkvGrdYEpWZyh9JHci86kchYgdmcjfHz6HvSdCC6A= contains sample tx 535
[2026-04-19T03:25:21.550Z INFO  worker::batch_maker] Batch x9JkvGrdYEpWZyh9JHci86kchYgdmcjfHz6HvSdCC6A= contains 204800 B
[2026-04-19T03:25:21.602Z INFO  worker::batch_maker] Batch P1iHEXnXEzNU4CD3qzuL+Qg2Nw2zcH8cLD3tRrh3On0= contains sample tx 536
[2026-04-19T03:25:21.602Z INFO  worker::batch_maker] Batch P1iHEXnXEzNU4CD3qzuL+Qg2Nw2zcH8cLD3tRrh3On0= contains 204800 B
[2026-04-19T03:25:21.654Z INFO  worker::batch_maker] Batch BqJtcdrQOJzJXYDxxEhvg8vab2iS99+y31K9o24lalc= contains sample tx 537
[2026-04-19T03:25:21.654Z INFO  worker::batch_maker] Batch BqJtcdrQOJzJXYDxxEhvg8vab2iS99+y31K9o24lalc= contains 204800 B
[2026-04-19T03:25:21.710Z INFO  worker::batch_maker] Batch 21ooGo/flTlxGYsCOzU4IoelWO3mwOry96Uoaw41wa4= contains sample tx 538
[2026-04-19T03:25:21.710Z INFO  worker::batch_maker] Batch 21ooGo/flTlxGYsCOzU4IoelWO3mwOry96Uoaw41wa4= contains sample tx 539
[2026-04-19T03:25:21.710Z INFO  worker::batch_maker] Batch 21ooGo/flTlxGYsCOzU4IoelWO3mwOry96Uoaw41wa4= contains 409600 B
[2026-04-19T03:25:21.765Z INFO  worker::batch_maker] Batch 4lWEtv7mLU/mx28+ZKmhNMnAWNIkOrx0t2k+6igcn0Y= contains sample tx 540
[2026-04-19T03:25:21.765Z INFO  worker::batch_maker] Batch 4lWEtv7mLU/mx28+ZKmhNMnAWNIkOrx0t2k+6igcn0Y= contains 204800 B
[2026-04-19T03:25:21.819Z INFO  worker::batch_maker] Batch /dIFRQU7X91ThKJDes9QDuO8pxfyKXkWq9ZMmsF7mVY= contains sample tx 541
[2026-04-19T03:25:21.819Z INFO  worker::batch_maker] Batch /dIFRQU7X91ThKJDes9QDuO8pxfyKXkWq9ZMmsF7mVY= contains 204800 B
[2026-04-19T03:25:21.871Z INFO  worker::batch_maker] Batch ZHlfkhqV4COaGD4b/6FAGyhThEdZKPF+BwgUbzBixOo= contains sample tx 542
[2026-04-19T03:25:21.871Z INFO  worker::batch_maker] Batch ZHlfkhqV4COaGD4b/6FAGyhThEdZKPF+BwgUbzBixOo= contains 204800 B
[2026-04-19T03:25:21.924Z INFO  worker::batch_maker] Batch XBLt5vBrZEMO+oeUFeuT1pOLAj10DMO6RJlCYj9J1YI= contains sample tx 543
[2026-04-19T03:25:21.924Z INFO  worker::batch_maker] Batch XBLt5vBrZEMO+oeUFeuT1pOLAj10DMO6RJlCYj9J1YI= contains 204800 B
[2026-04-19T03:25:21.975Z INFO  worker::batch_maker] Batch aS5TovJra8zdqvs2HVart9WhkWHxTqUlyMX3p8DmU+0= contains sample tx 544
[2026-04-19T03:25:21.976Z INFO  worker::batch_maker] Batch aS5TovJra8zdqvs2HVart9WhkWHxTqUlyMX3p8DmU+0= contains 204800 B
[2026-04-19T03:25:22.029Z INFO  worker::batch_maker] Batch 3ree/F6S1AZyZ/nCarTvMvOgHHKHztW5XlRGhR6BdrI= contains sample tx 545
[2026-04-19T03:25:22.029Z INFO  worker::batch_maker] Batch 3ree/F6S1AZyZ/nCarTvMvOgHHKHztW5XlRGhR6BdrI= contains 204800 B
[2026-04-19T03:25:22.083Z INFO  worker::batch_maker] Batch Q/yRnssuRY/+su5YzfV073gEW5zMDEV3MKyQ1zFc014= contains sample tx 546
[2026-04-19T03:25:22.083Z INFO  worker::batch_maker] Batch Q/yRnssuRY/+su5YzfV073gEW5zMDEV3MKyQ1zFc014= contains 204800 B
[2026-04-19T03:25:22.137Z INFO  worker::batch_maker] Batch WBInDUoRtickGt6z1xv+eXyMSM/SUD138Bso3lT60ok= contains sample tx 547
[2026-04-19T03:25:22.137Z INFO  worker::batch_maker] Batch WBInDUoRtickGt6z1xv+eXyMSM/SUD138Bso3lT60ok= contains 204800 B
[2026-04-19T03:25:22.191Z INFO  worker::batch_maker] Batch Jiz9CqehSfV6MhwXA3GGIcxZr6rlkm/gmf0vtBwzo6M= contains sample tx 548
[2026-04-19T03:25:22.191Z INFO  worker::batch_maker] Batch Jiz9CqehSfV6MhwXA3GGIcxZr6rlkm/gmf0vtBwzo6M= contains 204800 B
[2026-04-19T03:25:22.245Z INFO  worker::batch_maker] Batch ioE/s8EvIciMy3sxZBLcgHhiImDjnyus8ox67+v7AZk= contains sample tx 549
[2026-04-19T03:25:22.245Z INFO  worker::batch_maker] Batch ioE/s8EvIciMy3sxZBLcgHhiImDjnyus8ox67+v7AZk= contains 204800 B
[2026-04-19T03:25:22.299Z INFO  worker::batch_maker] Batch +leLrAQ0z5Rpq1sPgZWSTadyscUOaleKMARlHCofDbU= contains sample tx 550
[2026-04-19T03:25:22.299Z INFO  worker::batch_maker] Batch +leLrAQ0z5Rpq1sPgZWSTadyscUOaleKMARlHCofDbU= contains 204800 B
[2026-04-19T03:25:22.351Z INFO  worker::batch_maker] Batch S9P+rgeSfdCKNut5SbQN+Wo9tWLWRkaiiqLTFocsJQA= contains sample tx 551
[2026-04-19T03:25:22.351Z INFO  worker::batch_maker] Batch S9P+rgeSfdCKNut5SbQN+Wo9tWLWRkaiiqLTFocsJQA= contains 204800 B
[2026-04-19T03:25:22.404Z INFO  worker::batch_maker] Batch qXkTRE4gUri1lr8wzhsu74vp5Wkha9hqrailhuGB02Q= contains sample tx 552
[2026-04-19T03:25:22.404Z INFO  worker::batch_maker] Batch qXkTRE4gUri1lr8wzhsu74vp5Wkha9hqrailhuGB02Q= contains 204800 B
[2026-04-19T03:25:22.458Z INFO  worker::batch_maker] Batch WYNhyXeuQcgNQlDjDuotamu3ptgL8QzqnP6eJFlOXnY= contains sample tx 553
[2026-04-19T03:25:22.459Z INFO  worker::batch_maker] Batch WYNhyXeuQcgNQlDjDuotamu3ptgL8QzqnP6eJFlOXnY= contains 245760 B
[2026-04-19T03:25:22.524Z INFO  worker::batch_maker] Batch 8yyEqm0VJMgMX0d3JspgDD6frN0tZ02+4FM6fX/S0wQ= contains sample tx 554
[2026-04-19T03:25:22.524Z INFO  worker::batch_maker] Batch 8yyEqm0VJMgMX0d3JspgDD6frN0tZ02+4FM6fX/S0wQ= contains sample tx 555
[2026-04-19T03:25:22.524Z INFO  worker::batch_maker] Batch 8yyEqm0VJMgMX0d3JspgDD6frN0tZ02+4FM6fX/S0wQ= contains 368640 B
[2026-04-19T03:25:22.579Z INFO  worker::batch_maker] Batch iQSunHS1VqQTqbYaQtfoUFLHIaphr3q9qo8U1KTYJo8= contains sample tx 556
[2026-04-19T03:25:22.579Z INFO  worker::batch_maker] Batch iQSunHS1VqQTqbYaQtfoUFLHIaphr3q9qo8U1KTYJo8= contains 204800 B
[2026-04-19T03:25:22.631Z INFO  worker::batch_maker] Batch P11MGHSBXP6vUkNyQzlL89Jtx2q4rwqFTMrA6z1877Q= contains sample tx 557
[2026-04-19T03:25:22.631Z INFO  worker::batch_maker] Batch P11MGHSBXP6vUkNyQzlL89Jtx2q4rwqFTMrA6z1877Q= contains 204800 B
[2026-04-19T03:25:22.684Z INFO  worker::batch_maker] Batch 5kvJU1qloO8IYAXeEHySPIwWNLW3UUYSlQXGWSVg3RQ= contains sample tx 558
[2026-04-19T03:25:22.684Z INFO  worker::batch_maker] Batch 5kvJU1qloO8IYAXeEHySPIwWNLW3UUYSlQXGWSVg3RQ= contains 204800 B
[2026-04-19T03:25:22.737Z INFO  worker::batch_maker] Batch TGnPmVa9znVmBayNIwmJY/plDFtaVrjE+ZFSPuchbFw= contains sample tx 559
[2026-04-19T03:25:22.737Z INFO  worker::batch_maker] Batch TGnPmVa9znVmBayNIwmJY/plDFtaVrjE+ZFSPuchbFw= contains 204800 B
[2026-04-19T03:25:22.790Z INFO  worker::batch_maker] Batch ZQMhmDRbMdCAtj6+LPJW2cNInfZoH33NGBDTwW1iPcU= contains sample tx 560
[2026-04-19T03:25:22.790Z INFO  worker::batch_maker] Batch ZQMhmDRbMdCAtj6+LPJW2cNInfZoH33NGBDTwW1iPcU= contains 204800 B
[2026-04-19T03:25:22.842Z INFO  worker::batch_maker] Batch HVsiJUSyzuNsOV7vqH8hOrNQnX1luBWtr6pwE0T2Euw= contains sample tx 561
[2026-04-19T03:25:22.842Z INFO  worker::batch_maker] Batch HVsiJUSyzuNsOV7vqH8hOrNQnX1luBWtr6pwE0T2Euw= contains 204800 B
[2026-04-19T03:25:22.896Z INFO  worker::batch_maker] Batch UGQI+LxJghPpAXtpAi1xWb50mceaauWpwhf24yigD88= contains sample tx 562
[2026-04-19T03:25:22.896Z INFO  worker::batch_maker] Batch UGQI+LxJghPpAXtpAi1xWb50mceaauWpwhf24yigD88= contains 204800 B
[2026-04-19T03:25:22.950Z INFO  worker::batch_maker] Batch 3jJiE5IEd5WZA0vZmyFr0LmCO3mmAlyAGHlvyx2MquM= contains sample tx 563
[2026-04-19T03:25:22.950Z INFO  worker::batch_maker] Batch 3jJiE5IEd5WZA0vZmyFr0LmCO3mmAlyAGHlvyx2MquM= contains 204800 B
[2026-04-19T03:25:23.002Z INFO  worker::batch_maker] Batch Or7LqTNfmgbU5sm8xHWuuVs+FhAe33X1hnzgHuh6dw0= contains sample tx 564
[2026-04-19T03:25:23.002Z INFO  worker::batch_maker] Batch Or7LqTNfmgbU5sm8xHWuuVs+FhAe33X1hnzgHuh6dw0= contains 204800 B
[2026-04-19T03:25:23.056Z INFO  worker::batch_maker] Batch IvOn65yslZxDLJiqw6M+fzU+gF9o9hi8f2n4Z035fhs= contains sample tx 565
[2026-04-19T03:25:23.056Z INFO  worker::batch_maker] Batch IvOn65yslZxDLJiqw6M+fzU+gF9o9hi8f2n4Z035fhs= contains 235520 B
[2026-04-19T03:25:23.112Z INFO  worker::batch_maker] Batch 6ZH1NdwlNK69LJAB3Zhf46o/Cl0xPyjX9s61L07BBW8= contains sample tx 566
[2026-04-19T03:25:23.112Z INFO  worker::batch_maker] Batch 6ZH1NdwlNK69LJAB3Zhf46o/Cl0xPyjX9s61L07BBW8= contains sample tx 567
[2026-04-19T03:25:23.112Z INFO  worker::batch_maker] Batch 6ZH1NdwlNK69LJAB3Zhf46o/Cl0xPyjX9s61L07BBW8= contains 378880 B
[2026-04-19T03:25:23.165Z INFO  worker::batch_maker] Batch B4FQUhglsxBP+irppmt7WzZmJM8bcSnMfq33lb+/fxI= contains sample tx 568
[2026-04-19T03:25:23.165Z INFO  worker::batch_maker] Batch B4FQUhglsxBP+irppmt7WzZmJM8bcSnMfq33lb+/fxI= contains 204800 B
[2026-04-19T03:25:23.220Z INFO  worker::batch_maker] Batch Bk5+dFoFmp7ih+9gBBxsy9BZy6CQszDTT7S25ZkNie4= contains sample tx 569
[2026-04-19T03:25:23.220Z INFO  worker::batch_maker] Batch Bk5+dFoFmp7ih+9gBBxsy9BZy6CQszDTT7S25ZkNie4= contains 204800 B
[2026-04-19T03:25:23.274Z INFO  worker::batch_maker] Batch 7XXcIcFRDx/EIsalnut45pq38JeCOormuQacHwgrEag= contains sample tx 570
[2026-04-19T03:25:23.274Z INFO  worker::batch_maker] Batch 7XXcIcFRDx/EIsalnut45pq38JeCOormuQacHwgrEag= contains 204800 B
[2026-04-19T03:25:23.328Z INFO  worker::batch_maker] Batch tsamZgxZ0Y+67exishwzoaPPyJu+efCjwFtWqKf1HRo= contains sample tx 571
[2026-04-19T03:25:23.328Z INFO  worker::batch_maker] Batch tsamZgxZ0Y+67exishwzoaPPyJu+efCjwFtWqKf1HRo= contains 204800 B
[2026-04-19T03:25:23.382Z INFO  worker::batch_maker] Batch gGmnfWC5duVtRCu2xyvH7M7Lfns0ZZO0YbLY2CGBl2k= contains sample tx 572
[2026-04-19T03:25:23.382Z INFO  worker::batch_maker] Batch gGmnfWC5duVtRCu2xyvH7M7Lfns0ZZO0YbLY2CGBl2k= contains 204800 B
[2026-04-19T03:25:23.434Z INFO  worker::batch_maker] Batch QaWglfWD3VX5DaFroNayOutc4nk3B+9FPRY0EvkPT2k= contains sample tx 573
[2026-04-19T03:25:23.434Z INFO  worker::batch_maker] Batch QaWglfWD3VX5DaFroNayOutc4nk3B+9FPRY0EvkPT2k= contains 204800 B
[2026-04-19T03:25:23.487Z INFO  worker::batch_maker] Batch Rp/CN/aTPEdihAY3dD7HOOGXZHRKaD9jbYe8XW+tLjw= contains sample tx 574
[2026-04-19T03:25:23.487Z INFO  worker::batch_maker] Batch Rp/CN/aTPEdihAY3dD7HOOGXZHRKaD9jbYe8XW+tLjw= contains 204800 B
[2026-04-19T03:25:23.542Z INFO  worker::batch_maker] Batch +ijKEDXiQFlhmjIUFPGAvZMA6PrfvZDzh+cN6VN1RvI= contains sample tx 575
[2026-04-19T03:25:23.542Z INFO  worker::batch_maker] Batch +ijKEDXiQFlhmjIUFPGAvZMA6PrfvZDzh+cN6VN1RvI= contains 204800 B
[2026-04-19T03:25:23.595Z INFO  worker::batch_maker] Batch zsyDT6whe5bE/Vi8TDl4EgJlfHpGwZUoxRJmi/y1i3o= contains sample tx 576
[2026-04-19T03:25:23.595Z INFO  worker::batch_maker] Batch zsyDT6whe5bE/Vi8TDl4EgJlfHpGwZUoxRJmi/y1i3o= contains 204800 B
[2026-04-19T03:25:23.647Z INFO  worker::batch_maker] Batch umMY2XvpRo2ebVlHUC81b7z9KxzrEYwzyAamUiXoUzs= contains sample tx 577
[2026-04-19T03:25:23.647Z INFO  worker::batch_maker] Batch umMY2XvpRo2ebVlHUC81b7z9KxzrEYwzyAamUiXoUzs= contains 204800 B
[2026-04-19T03:25:23.701Z INFO  worker::batch_maker] Batch 5kofsaoZDvsSs+Z/A2Q03iMsiaJZ/uC4c0vKCfGNNzg= contains sample tx 578
[2026-04-19T03:25:23.701Z INFO  worker::batch_maker] Batch 5kofsaoZDvsSs+Z/A2Q03iMsiaJZ/uC4c0vKCfGNNzg= contains 204800 B
[2026-04-19T03:25:23.753Z INFO  worker::batch_maker] Batch HcZo79xiX77ZyRolI4s+THitJ13nyQSawauXqPKDqrc= contains sample tx 579
[2026-04-19T03:25:23.753Z INFO  worker::batch_maker] Batch HcZo79xiX77ZyRolI4s+THitJ13nyQSawauXqPKDqrc= contains 204800 B
[2026-04-19T03:25:23.808Z INFO  worker::batch_maker] Batch mOBZYdiRrhafORldqTo9Aphdy5AMiCn+aqqT8HgUjsA= contains sample tx 580
[2026-04-19T03:25:23.808Z INFO  worker::batch_maker] Batch mOBZYdiRrhafORldqTo9Aphdy5AMiCn+aqqT8HgUjsA= contains 283136 B
[2026-04-19T03:25:23.863Z INFO  worker::batch_maker] Batch FHlX5lKku2JE5QW4Ln9TbdYMl1lLz5y3hbeaaJIFRtA= contains sample tx 581
[2026-04-19T03:25:23.863Z INFO  worker::batch_maker] Batch FHlX5lKku2JE5QW4Ln9TbdYMl1lLz5y3hbeaaJIFRtA= contains sample tx 582
[2026-04-19T03:25:23.863Z INFO  worker::batch_maker] Batch FHlX5lKku2JE5QW4Ln9TbdYMl1lLz5y3hbeaaJIFRtA= contains 331264 B
[2026-04-19T03:25:23.916Z INFO  worker::batch_maker] Batch tcEWULSukYpAIzmdUdbbCUvFC1xwNe+CRYmftG2DrfI= contains sample tx 583
[2026-04-19T03:25:23.916Z INFO  worker::batch_maker] Batch tcEWULSukYpAIzmdUdbbCUvFC1xwNe+CRYmftG2DrfI= contains 204800 B
[2026-04-19T03:25:23.971Z INFO  worker::batch_maker] Batch FxC0Kouq9KGtcjtKPx5dtBh1/qHz6UR723ZPOKUKeKk= contains sample tx 584
[2026-04-19T03:25:23.971Z INFO  worker::batch_maker] Batch FxC0Kouq9KGtcjtKPx5dtBh1/qHz6UR723ZPOKUKeKk= contains 204800 B
[2026-04-19T03:25:24.023Z INFO  worker::batch_maker] Batch 2qODzP3BgOcclAB6VCB38fXTi0NFeaqNK5njrvyeIBw= contains sample tx 585
[2026-04-19T03:25:24.023Z INFO  worker::batch_maker] Batch 2qODzP3BgOcclAB6VCB38fXTi0NFeaqNK5njrvyeIBw= contains 204800 B
[2026-04-19T03:25:24.075Z INFO  worker::batch_maker] Batch bDqK5DMJzakbYt3jFaIpKd+xuEk3jwPqpBlvN11dCbc= contains sample tx 586
[2026-04-19T03:25:24.075Z INFO  worker::batch_maker] Batch bDqK5DMJzakbYt3jFaIpKd+xuEk3jwPqpBlvN11dCbc= contains 204800 B
[2026-04-19T03:25:24.128Z INFO  worker::batch_maker] Batch bzQDmHjT8HlshS+l6gTCfF6cW7WkEtNhghVFlQiaujY= contains sample tx 587
[2026-04-19T03:25:24.128Z INFO  worker::batch_maker] Batch bzQDmHjT8HlshS+l6gTCfF6cW7WkEtNhghVFlQiaujY= contains 204800 B
[2026-04-19T03:25:24.182Z INFO  worker::batch_maker] Batch /T8iBrudWsBJl1efV9nOu1DOZEdciXvMX4hJDMg6DWc= contains sample tx 588
[2026-04-19T03:25:24.182Z INFO  worker::batch_maker] Batch /T8iBrudWsBJl1efV9nOu1DOZEdciXvMX4hJDMg6DWc= contains 204800 B
[2026-04-19T03:25:24.236Z INFO  worker::batch_maker] Batch a8DmIAmor7JzbhCo0X2k5VRc6athSAtYn68XVruG9v8= contains sample tx 589
[2026-04-19T03:25:24.236Z INFO  worker::batch_maker] Batch a8DmIAmor7JzbhCo0X2k5VRc6athSAtYn68XVruG9v8= contains 204800 B
[2026-04-19T03:25:24.290Z INFO  worker::batch_maker] Batch NYQ+2Q4poKt5KfjzREnAIgzy5GyQ+O3xwWmGeP2LUrk= contains sample tx 590
[2026-04-19T03:25:24.290Z INFO  worker::batch_maker] Batch NYQ+2Q4poKt5KfjzREnAIgzy5GyQ+O3xwWmGeP2LUrk= contains 204800 B
[2026-04-19T03:25:24.343Z INFO  worker::batch_maker] Batch oQ1Qr24uvsZ6SmouIrRDOOgOBFhqcS3OcGhseF/4/LY= contains sample tx 591
[2026-04-19T03:25:24.343Z INFO  worker::batch_maker] Batch oQ1Qr24uvsZ6SmouIrRDOOgOBFhqcS3OcGhseF/4/LY= contains 204800 B
[2026-04-19T03:25:24.396Z INFO  worker::batch_maker] Batch UHbqrrE/mgR+WgXtnaAZjX0/bF5eixi2fxUwwputh7o= contains sample tx 592
[2026-04-19T03:25:24.396Z INFO  worker::batch_maker] Batch UHbqrrE/mgR+WgXtnaAZjX0/bF5eixi2fxUwwputh7o= contains 204800 B
[2026-04-19T03:25:24.449Z INFO  worker::batch_maker] Batch AXhkJzLXavKCztV7cDhgD9ONljaIOzg6MLNyegAruBM= contains sample tx 593
[2026-04-19T03:25:24.449Z INFO  worker::batch_maker] Batch AXhkJzLXavKCztV7cDhgD9ONljaIOzg6MLNyegAruBM= contains 204800 B
[2026-04-19T03:25:24.501Z INFO  worker::batch_maker] Batch x5vomjoveY422/qHwB7Sw+cW4ZbAvFB4hid2PLBhxs4= contains sample tx 594
[2026-04-19T03:25:24.501Z INFO  worker::batch_maker] Batch x5vomjoveY422/qHwB7Sw+cW4ZbAvFB4hid2PLBhxs4= contains 204800 B
[2026-04-19T03:25:24.553Z INFO  worker::batch_maker] Batch NiN7EDtZQM4FWJo4er1ix+TAzd9T9bu2N8S+L6YdD3M= contains sample tx 595
[2026-04-19T03:25:24.553Z INFO  worker::batch_maker] Batch NiN7EDtZQM4FWJo4er1ix+TAzd9T9bu2N8S+L6YdD3M= contains 204800 B
[2026-04-19T03:25:24.608Z INFO  worker::batch_maker] Batch /Mel3PwwSSEuHFjuKPNP0TiGH1XQArfVmit4jww/Q/w= contains sample tx 596
[2026-04-19T03:25:24.608Z INFO  worker::batch_maker] Batch /Mel3PwwSSEuHFjuKPNP0TiGH1XQArfVmit4jww/Q/w= contains 304640 B
[2026-04-19T03:25:24.662Z INFO  worker::batch_maker] Batch jbaSRH2n/ue1OkrD2JMk7sm2HyW5Wg+Cv4i6lw+KO7w= contains sample tx 597
[2026-04-19T03:25:24.662Z INFO  worker::batch_maker] Batch jbaSRH2n/ue1OkrD2JMk7sm2HyW5Wg+Cv4i6lw+KO7w= contains sample tx 598
[2026-04-19T03:25:24.662Z INFO  worker::batch_maker] Batch jbaSRH2n/ue1OkrD2JMk7sm2HyW5Wg+Cv4i6lw+KO7w= contains 309760 B
[2026-04-19T03:25:24.717Z INFO  worker::batch_maker] Batch zSUiB0SsIdgkmZ2ybJOm5uyK8pkr5MGK6LuhxvBXhcA= contains sample tx 599
[2026-04-19T03:25:24.717Z INFO  worker::batch_maker] Batch zSUiB0SsIdgkmZ2ybJOm5uyK8pkr5MGK6LuhxvBXhcA= contains 204800 B
[2026-04-19T03:25:24.772Z INFO  worker::batch_maker] Batch Hb72SQRsj25JQqNHLju8BQ4+GrfWSmgXGRu92397q7c= contains sample tx 600
[2026-04-19T03:25:24.772Z INFO  worker::batch_maker] Batch Hb72SQRsj25JQqNHLju8BQ4+GrfWSmgXGRu92397q7c= contains 204800 B
[2026-04-19T03:25:24.826Z INFO  worker::batch_maker] Batch LjI74/KigfYo1JeCGeRDmxlksjdxbn3L+P56cGovcF8= contains sample tx 601
[2026-04-19T03:25:24.826Z INFO  worker::batch_maker] Batch LjI74/KigfYo1JeCGeRDmxlksjdxbn3L+P56cGovcF8= contains 204800 B
[2026-04-19T03:25:24.879Z INFO  worker::batch_maker] Batch 61EMHdwJbwiJ6DYUbddvVC2brhrkeoggA49tM2RaCcw= contains sample tx 602
[2026-04-19T03:25:24.879Z INFO  worker::batch_maker] Batch 61EMHdwJbwiJ6DYUbddvVC2brhrkeoggA49tM2RaCcw= contains 204800 B
[2026-04-19T03:25:24.932Z INFO  worker::batch_maker] Batch 2qrSM6rES/GE0QRa5c1Afhnxp3HqAYy7GcRjRL8+P6g= contains sample tx 603
[2026-04-19T03:25:24.932Z INFO  worker::batch_maker] Batch 2qrSM6rES/GE0QRa5c1Afhnxp3HqAYy7GcRjRL8+P6g= contains 204800 B
[2026-04-19T03:25:24.985Z INFO  worker::batch_maker] Batch GbSL6w9f9Xirwek+9G+wA01fNigKdA9CR3pZMfBBtHw= contains sample tx 604
[2026-04-19T03:25:24.985Z INFO  worker::batch_maker] Batch GbSL6w9f9Xirwek+9G+wA01fNigKdA9CR3pZMfBBtHw= contains 204800 B
[2026-04-19T03:25:25.037Z INFO  worker::batch_maker] Batch MkTABRteYXmrHTkQ785Gzd6SNd4D9IkW+puNZd0gaMQ= contains sample tx 605
[2026-04-19T03:25:25.037Z INFO  worker::batch_maker] Batch MkTABRteYXmrHTkQ785Gzd6SNd4D9IkW+puNZd0gaMQ= contains 204800 B
[2026-04-19T03:25:25.089Z INFO  worker::batch_maker] Batch NFj6vd482ju4kz3zOoELASHouVT0OdiBBm+QrWLZvoU= contains sample tx 606
[2026-04-19T03:25:25.089Z INFO  worker::batch_maker] Batch NFj6vd482ju4kz3zOoELASHouVT0OdiBBm+QrWLZvoU= contains 204800 B
[2026-04-19T03:25:25.143Z INFO  worker::batch_maker] Batch tZ7xSomJkRp8YAQARvlKCfoy2bs+Fc/WZ608spXg0Mo= contains sample tx 607
[2026-04-19T03:25:25.143Z INFO  worker::batch_maker] Batch tZ7xSomJkRp8YAQARvlKCfoy2bs+Fc/WZ608spXg0Mo= contains 204800 B
[2026-04-19T03:25:25.196Z INFO  worker::batch_maker] Batch saUNgZsOIc5bGQGbhWELPcBjWI5SYLQKOdJ502QKAiM= contains sample tx 608
[2026-04-19T03:25:25.196Z INFO  worker::batch_maker] Batch saUNgZsOIc5bGQGbhWELPcBjWI5SYLQKOdJ502QKAiM= contains 204800 B
[2026-04-19T03:25:25.249Z INFO  worker::batch_maker] Batch kAlMXxx4My5mN0AiwZ42fx6wmtE9Kr9Lx5/beFJinnQ= contains sample tx 609
[2026-04-19T03:25:25.249Z INFO  worker::batch_maker] Batch kAlMXxx4My5mN0AiwZ42fx6wmtE9Kr9Lx5/beFJinnQ= contains 204800 B
[2026-04-19T03:25:25.303Z INFO  worker::batch_maker] Batch OhKZQMNiZgi8TaVFZdCdlpZTMk0j2aI68sKeoSwbXr8= contains sample tx 610
[2026-04-19T03:25:25.303Z INFO  worker::batch_maker] Batch OhKZQMNiZgi8TaVFZdCdlpZTMk0j2aI68sKeoSwbXr8= contains 204800 B
[2026-04-19T03:25:25.356Z INFO  worker::batch_maker] Batch g7LW3yUq2lNqhbKEtNsdES39yNjKKgnU49x0ztAwsUc= contains sample tx 611
[2026-04-19T03:25:25.356Z INFO  worker::batch_maker] Batch g7LW3yUq2lNqhbKEtNsdES39yNjKKgnU49x0ztAwsUc= contains sample tx 612
[2026-04-19T03:25:25.356Z INFO  worker::batch_maker] Batch g7LW3yUq2lNqhbKEtNsdES39yNjKKgnU49x0ztAwsUc= contains 338944 B
[2026-04-19T03:25:25.413Z INFO  worker::batch_maker] Batch bGKcSZHIRayBZxgzjNAnBP5PjvkHEJTjBvb/HwHJUiA= contains sample tx 613
[2026-04-19T03:25:25.413Z INFO  worker::batch_maker] Batch bGKcSZHIRayBZxgzjNAnBP5PjvkHEJTjBvb/HwHJUiA= contains 275456 B
[2026-04-19T03:25:25.466Z INFO  worker::batch_maker] Batch rhnPUYjFiBhyfELUGTp1tjNWpQTOcaWBb7msl0sJZhA= contains sample tx 614
[2026-04-19T03:25:25.466Z INFO  worker::batch_maker] Batch rhnPUYjFiBhyfELUGTp1tjNWpQTOcaWBb7msl0sJZhA= contains 204800 B
[2026-04-19T03:25:25.518Z INFO  worker::batch_maker] Batch P1Tg8rEN5LTLHkMJvIoT59urAwNIC+iEE+J5mAguZhc= contains sample tx 615
[2026-04-19T03:25:25.518Z INFO  worker::batch_maker] Batch P1Tg8rEN5LTLHkMJvIoT59urAwNIC+iEE+J5mAguZhc= contains 204800 B
[2026-04-19T03:25:25.571Z INFO  worker::batch_maker] Batch xgXwsOnZegVWF8lVU0Q27WQwZEpAec6rYkwLX4+Wx+g= contains sample tx 616
[2026-04-19T03:25:25.571Z INFO  worker::batch_maker] Batch xgXwsOnZegVWF8lVU0Q27WQwZEpAec6rYkwLX4+Wx+g= contains 204800 B
[2026-04-19T03:25:25.625Z INFO  worker::batch_maker] Batch 4nMY9uC+thCuRA88mDHv0MRzv3JVMhwLPSE8d1kgxxE= contains sample tx 617
[2026-04-19T03:25:25.625Z INFO  worker::batch_maker] Batch 4nMY9uC+thCuRA88mDHv0MRzv3JVMhwLPSE8d1kgxxE= contains 204800 B
[2026-04-19T03:25:25.678Z INFO  worker::batch_maker] Batch vX3PvDDWs4xGHP0a8BjXa2xVurYjlBO5ZhGC2sKV6ss= contains sample tx 618
[2026-04-19T03:25:25.678Z INFO  worker::batch_maker] Batch vX3PvDDWs4xGHP0a8BjXa2xVurYjlBO5ZhGC2sKV6ss= contains 204800 B
[2026-04-19T03:25:25.731Z INFO  worker::batch_maker] Batch FXnJt7QxMrUeZk1BK48d5V5fnwtvRo6IP/XqohCWIUE= contains sample tx 619
[2026-04-19T03:25:25.731Z INFO  worker::batch_maker] Batch FXnJt7QxMrUeZk1BK48d5V5fnwtvRo6IP/XqohCWIUE= contains 204800 B
[2026-04-19T03:25:25.784Z INFO  worker::batch_maker] Batch KXlZeY73zfgOoeevdOvNvS89EO9IttawQ01MeoV8oxU= contains sample tx 620
[2026-04-19T03:25:25.784Z INFO  worker::batch_maker] Batch KXlZeY73zfgOoeevdOvNvS89EO9IttawQ01MeoV8oxU= contains 204800 B
[2026-04-19T03:25:25.835Z INFO  worker::batch_maker] Batch qOM7HXMQWXjbByk/gamTQqwSB/u1NqJdNQNHXvH4s3M= contains sample tx 621
[2026-04-19T03:25:25.835Z INFO  worker::batch_maker] Batch qOM7HXMQWXjbByk/gamTQqwSB/u1NqJdNQNHXvH4s3M= contains 204800 B
[2026-04-19T03:25:25.888Z INFO  worker::batch_maker] Batch 8uXMrVdg6hpBPcfmX1mYiBZ1T3d+kXvqcCbhiRtSj+M= contains sample tx 622
[2026-04-19T03:25:25.888Z INFO  worker::batch_maker] Batch 8uXMrVdg6hpBPcfmX1mYiBZ1T3d+kXvqcCbhiRtSj+M= contains 204800 B
[2026-04-19T03:25:25.942Z INFO  worker::batch_maker] Batch X0MgfT6BiQWj4k4MwxwgHOYnY40PHziFizKN0wFGj4o= contains sample tx 623
[2026-04-19T03:25:25.942Z INFO  worker::batch_maker] Batch X0MgfT6BiQWj4k4MwxwgHOYnY40PHziFizKN0wFGj4o= contains 204800 B
[2026-04-19T03:25:25.995Z INFO  worker::batch_maker] Batch QTl2YhaQ6qtJOAfXPdVf+bqPtr1dMGnKPc1szPK38Yo= contains sample tx 624
[2026-04-19T03:25:25.995Z INFO  worker::batch_maker] Batch QTl2YhaQ6qtJOAfXPdVf+bqPtr1dMGnKPc1szPK38Yo= contains 204800 B
[2026-04-19T03:25:26.049Z INFO  worker::batch_maker] Batch px/zzYbnL1k6u+QAenx/VwxqYrcwbGDUAFmryfl/2N0= contains sample tx 625
[2026-04-19T03:25:26.049Z INFO  worker::batch_maker] Batch px/zzYbnL1k6u+QAenx/VwxqYrcwbGDUAFmryfl/2N0= contains 204800 B
[2026-04-19T03:25:26.102Z INFO  worker::batch_maker] Batch V5vvOKcj4Y23RJVwCmAOGW40O/sa0a3cDrvNJL7xH0A= contains sample tx 626
[2026-04-19T03:25:26.102Z INFO  worker::batch_maker] Batch V5vvOKcj4Y23RJVwCmAOGW40O/sa0a3cDrvNJL7xH0A= contains 204800 B
[2026-04-19T03:25:26.156Z INFO  worker::batch_maker] Batch tz5MrtHegYhjnhvfyTgNfo5hH9eDfwg1FHLzVQpcHEE= contains sample tx 627
[2026-04-19T03:25:26.156Z INFO  worker::batch_maker] Batch tz5MrtHegYhjnhvfyTgNfo5hH9eDfwg1FHLzVQpcHEE= contains 206336 B
[2026-04-19T03:25:26.213Z INFO  worker::batch_maker] Batch g4uxKhM5HiUW0DyVSUDjPLoKiRKZ2ymiuFjQDP0djdI= contains sample tx 628
[2026-04-19T03:25:26.213Z INFO  worker::batch_maker] Batch g4uxKhM5HiUW0DyVSUDjPLoKiRKZ2ymiuFjQDP0djdI= contains sample tx 629
[2026-04-19T03:25:26.213Z INFO  worker::batch_maker] Batch g4uxKhM5HiUW0DyVSUDjPLoKiRKZ2ymiuFjQDP0djdI= contains 408064 B
[2026-04-19T03:25:26.267Z INFO  worker::batch_maker] Batch Q2j2GUqd3e0zC3hMirm7OPXdj/zIRwX4UlQQRdFHAe8= contains sample tx 630
[2026-04-19T03:25:26.267Z INFO  worker::batch_maker] Batch Q2j2GUqd3e0zC3hMirm7OPXdj/zIRwX4UlQQRdFHAe8= contains 204800 B
[2026-04-19T03:25:26.319Z INFO  worker::batch_maker] Batch wLNJXRlD98p3hNCfAePbE+QcdTMw2pyiVceesrS0G4E= contains sample tx 631
[2026-04-19T03:25:26.319Z INFO  worker::batch_maker] Batch wLNJXRlD98p3hNCfAePbE+QcdTMw2pyiVceesrS0G4E= contains 204800 B
[2026-04-19T03:25:26.372Z INFO  worker::batch_maker] Batch /hOwzZiFwY2rv36LV5RgllqHOvgrvd9RN9PKNr2bn4c= contains sample tx 632
[2026-04-19T03:25:26.372Z INFO  worker::batch_maker] Batch /hOwzZiFwY2rv36LV5RgllqHOvgrvd9RN9PKNr2bn4c= contains 204800 B
[2026-04-19T03:25:26.424Z INFO  worker::batch_maker] Batch 82vc2ptcjhHZ2tASwzb0zCcmZNMjShju8tYYp8YU3O0= contains sample tx 633
[2026-04-19T03:25:26.424Z INFO  worker::batch_maker] Batch 82vc2ptcjhHZ2tASwzb0zCcmZNMjShju8tYYp8YU3O0= contains 204800 B
[2026-04-19T03:25:26.476Z INFO  worker::batch_maker] Batch oy9ktU/3aOCFhQM6QIaD9Icdo1VggdnV/vtPWeVa6us= contains sample tx 634
[2026-04-19T03:25:26.476Z INFO  worker::batch_maker] Batch oy9ktU/3aOCFhQM6QIaD9Icdo1VggdnV/vtPWeVa6us= contains 204800 B
[2026-04-19T03:25:26.528Z INFO  worker::batch_maker] Batch ZR0Mc5Q4LaxWju10uTRj6pyte5Q3Y6fUwus6ymDrbOM= contains sample tx 635
[2026-04-19T03:25:26.528Z INFO  worker::batch_maker] Batch ZR0Mc5Q4LaxWju10uTRj6pyte5Q3Y6fUwus6ymDrbOM= contains 204800 B
[2026-04-19T03:25:26.581Z INFO  worker::batch_maker] Batch IOGNUKNlJbAkD5YcKjU37ItCHQ2ApOVc9zm5lxVgc44= contains sample tx 636
[2026-04-19T03:25:26.581Z INFO  worker::batch_maker] Batch IOGNUKNlJbAkD5YcKjU37ItCHQ2ApOVc9zm5lxVgc44= contains 204800 B
[2026-04-19T03:25:26.634Z INFO  worker::batch_maker] Batch n4mVkjyYZ7w1l/A+B+XbiQSufKRgMvOgBqZcuS+R2z8= contains sample tx 637
[2026-04-19T03:25:26.634Z INFO  worker::batch_maker] Batch n4mVkjyYZ7w1l/A+B+XbiQSufKRgMvOgBqZcuS+R2z8= contains 204800 B
[2026-04-19T03:25:26.686Z INFO  worker::batch_maker] Batch 3qvP8ZWNGMFOCZNfC8fZIpSv5e8473HhrNpcV9INeUU= contains sample tx 638
[2026-04-19T03:25:26.686Z INFO  worker::batch_maker] Batch 3qvP8ZWNGMFOCZNfC8fZIpSv5e8473HhrNpcV9INeUU= contains 204800 B
[2026-04-19T03:25:26.739Z INFO  worker::batch_maker] Batch cshee+vmcwuGCIHlULzUJtv/kGgIr+fkp4Ns7aMXWwM= contains sample tx 639
[2026-04-19T03:25:26.739Z INFO  worker::batch_maker] Batch cshee+vmcwuGCIHlULzUJtv/kGgIr+fkp4Ns7aMXWwM= contains 204800 B
[2026-04-19T03:25:26.791Z INFO  worker::batch_maker] Batch DrJPFSTN1SpBRS080Kt2w7CwR6RWTezzMh+0UVnov74= contains sample tx 640
[2026-04-19T03:25:26.791Z INFO  worker::batch_maker] Batch DrJPFSTN1SpBRS080Kt2w7CwR6RWTezzMh+0UVnov74= contains 204800 B
[2026-04-19T03:25:26.844Z INFO  worker::batch_maker] Batch l+yRBt34G4cUlI5gm6bLu/qbDvtBvPboH2sNKpkkbtk= contains sample tx 641
[2026-04-19T03:25:26.844Z INFO  worker::batch_maker] Batch l+yRBt34G4cUlI5gm6bLu/qbDvtBvPboH2sNKpkkbtk= contains 204800 B
[2026-04-19T03:25:26.897Z INFO  worker::batch_maker] Batch wNLxj0ghEt+9kCqZzTwup929erFwFKfhWEaOfjNsiTM= contains sample tx 642
[2026-04-19T03:25:26.897Z INFO  worker::batch_maker] Batch wNLxj0ghEt+9kCqZzTwup929erFwFKfhWEaOfjNsiTM= contains 204800 B
[2026-04-19T03:25:26.949Z INFO  worker::batch_maker] Batch Fagr4dY6HsvUDdLgi4/i57DadHTiwjR+1QyzzNUcKAo= contains sample tx 643
[2026-04-19T03:25:26.949Z INFO  worker::batch_maker] Batch Fagr4dY6HsvUDdLgi4/i57DadHTiwjR+1QyzzNUcKAo= contains 204800 B
[2026-04-19T03:25:27.001Z INFO  worker::batch_maker] Batch /qOgCIZ9Pb7bE+cUjq5msxY+I8CuHApCd0N9oIXALqE= contains sample tx 644
[2026-04-19T03:25:27.001Z INFO  worker::batch_maker] Batch /qOgCIZ9Pb7bE+cUjq5msxY+I8CuHApCd0N9oIXALqE= contains 204800 B
[2026-04-19T03:25:27.053Z INFO  worker::batch_maker] Batch sB3tp/8bw7h/hCWovAZJ5dG4nbwCECxbeLt4KZworfA= contains sample tx 645
[2026-04-19T03:25:27.053Z INFO  worker::batch_maker] Batch sB3tp/8bw7h/hCWovAZJ5dG4nbwCECxbeLt4KZworfA= contains 219136 B
[2026-04-19T03:25:27.106Z INFO  worker::batch_maker] Batch 77C5TOMFx+FC0y7GyuSKvs1zwLcC5aaXjfOumpeUT9E= contains sample tx 646
[2026-04-19T03:25:27.106Z INFO  worker::batch_maker] Batch 77C5TOMFx+FC0y7GyuSKvs1zwLcC5aaXjfOumpeUT9E= contains sample tx 647
[2026-04-19T03:25:27.106Z INFO  worker::batch_maker] Batch 77C5TOMFx+FC0y7GyuSKvs1zwLcC5aaXjfOumpeUT9E= contains 395264 B
[2026-04-19T03:25:27.159Z INFO  worker::batch_maker] Batch PhSyV8rtvQmmdMkXERzYeQHs2VZASUJH3x/uKdgs+2c= contains sample tx 648
[2026-04-19T03:25:27.159Z INFO  worker::batch_maker] Batch PhSyV8rtvQmmdMkXERzYeQHs2VZASUJH3x/uKdgs+2c= contains 204800 B
[2026-04-19T03:25:27.210Z INFO  worker::batch_maker] Batch 1VcjbJmqbl5gQ1leHDZWLrxbjXXa/ZPpE9tslfuENFE= contains sample tx 649
[2026-04-19T03:25:27.210Z INFO  worker::batch_maker] Batch 1VcjbJmqbl5gQ1leHDZWLrxbjXXa/ZPpE9tslfuENFE= contains 204800 B
[2026-04-19T03:25:27.262Z INFO  worker::batch_maker] Batch 92RCdCmgvd3bBw/w042pGaw5op0sJoRvQBScDOsjCcg= contains sample tx 650
[2026-04-19T03:25:27.262Z INFO  worker::batch_maker] Batch 92RCdCmgvd3bBw/w042pGaw5op0sJoRvQBScDOsjCcg= contains 204800 B
[2026-04-19T03:25:27.315Z INFO  worker::batch_maker] Batch ou7KoqP8/DYO0BH4STk9kMOnq9yv9UhZ77ZIiSVMJeY= contains sample tx 651
[2026-04-19T03:25:27.315Z INFO  worker::batch_maker] Batch ou7KoqP8/DYO0BH4STk9kMOnq9yv9UhZ77ZIiSVMJeY= contains 204800 B
[2026-04-19T03:25:27.366Z INFO  worker::batch_maker] Batch to0A23EnbO+O71CMXGHdM7MKvjAnFi2RULjT7fIpyiI= contains sample tx 652
[2026-04-19T03:25:27.366Z INFO  worker::batch_maker] Batch to0A23EnbO+O71CMXGHdM7MKvjAnFi2RULjT7fIpyiI= contains 204800 B
[2026-04-19T03:25:27.419Z INFO  worker::batch_maker] Batch kjtux06m/+EUqWCFPET2n/WCN+cM/hDRVLhVa1JHP2E= contains sample tx 653
[2026-04-19T03:25:27.419Z INFO  worker::batch_maker] Batch kjtux06m/+EUqWCFPET2n/WCN+cM/hDRVLhVa1JHP2E= contains 204800 B
[2026-04-19T03:25:27.473Z INFO  worker::batch_maker] Batch 4EgUZGjTT4GwldNc1tf6rSvJ3MYTs+ubA0kX3KYKK6U= contains sample tx 654
[2026-04-19T03:25:27.473Z INFO  worker::batch_maker] Batch 4EgUZGjTT4GwldNc1tf6rSvJ3MYTs+ubA0kX3KYKK6U= contains 204800 B
[2026-04-19T03:25:27.525Z INFO  worker::batch_maker] Batch KDVX1GO1DyqJ+WVkKq1vUPuFgQqIWot3pNJC8a41VuE= contains sample tx 655
[2026-04-19T03:25:27.525Z INFO  worker::batch_maker] Batch KDVX1GO1DyqJ+WVkKq1vUPuFgQqIWot3pNJC8a41VuE= contains 204800 B
[2026-04-19T03:25:27.578Z INFO  worker::batch_maker] Batch vee8RNDmkoghe51iJ0Ff+O5Ysv9RALqP0pErwmmnbBs= contains sample tx 656
[2026-04-19T03:25:27.578Z INFO  worker::batch_maker] Batch vee8RNDmkoghe51iJ0Ff+O5Ysv9RALqP0pErwmmnbBs= contains 204800 B
[2026-04-19T03:25:27.631Z INFO  worker::batch_maker] Batch y3rmSBXsz9ZZsB+R+iEgXh9gM57f6HM9u27cn9gZaSE= contains sample tx 657
[2026-04-19T03:25:27.631Z INFO  worker::batch_maker] Batch y3rmSBXsz9ZZsB+R+iEgXh9gM57f6HM9u27cn9gZaSE= contains 204800 B
[2026-04-19T03:25:27.684Z INFO  worker::batch_maker] Batch auaknZO5+Ce4NA/8DFHWc1lWmYqWbPemafdqlw12WV0= contains sample tx 658
[2026-04-19T03:25:27.684Z INFO  worker::batch_maker] Batch auaknZO5+Ce4NA/8DFHWc1lWmYqWbPemafdqlw12WV0= contains 204800 B
[2026-04-19T03:25:27.737Z INFO  worker::batch_maker] Batch mVsTBJYzLrTTHRYBw8UuKISwLvfgBCAwi1aBfeS27rA= contains sample tx 659
[2026-04-19T03:25:27.737Z INFO  worker::batch_maker] Batch mVsTBJYzLrTTHRYBw8UuKISwLvfgBCAwi1aBfeS27rA= contains 204800 B
[2026-04-19T03:25:27.789Z INFO  worker::batch_maker] Batch Je4k44wCnIerYLl4/ZOA6g6yQ4slfdtydyrTQ1vKFto= contains sample tx 660
[2026-04-19T03:25:27.789Z INFO  worker::batch_maker] Batch Je4k44wCnIerYLl4/ZOA6g6yQ4slfdtydyrTQ1vKFto= contains 204800 B
[2026-04-19T03:25:27.841Z INFO  worker::batch_maker] Batch +1X8v81BrSwpzQGBmjYvE5L1OXna49Rk02B5i51bppM= contains sample tx 661
[2026-04-19T03:25:27.841Z INFO  worker::batch_maker] Batch +1X8v81BrSwpzQGBmjYvE5L1OXna49Rk02B5i51bppM= contains 204800 B
[2026-04-19T03:25:27.895Z INFO  worker::batch_maker] Batch CWNgHt6br0ayElCVircGnMdGNomaDGEaJX3tow90l5c= contains sample tx 662
[2026-04-19T03:25:27.895Z INFO  worker::batch_maker] Batch CWNgHt6br0ayElCVircGnMdGNomaDGEaJX3tow90l5c= contains 204800 B
[2026-04-19T03:25:27.947Z INFO  worker::batch_maker] Batch 6rOhl2kqa8WiDV1r+1YkS7NmIZY+G5ROIYZWT+0EHbo= contains sample tx 663
[2026-04-19T03:25:27.947Z INFO  worker::batch_maker] Batch 6rOhl2kqa8WiDV1r+1YkS7NmIZY+G5ROIYZWT+0EHbo= contains 204800 B
[2026-04-19T03:25:28.000Z INFO  worker::batch_maker] Batch XDOerojLU8quLYuafYUU2xDRFMYy73IRJ/DQxF35JJg= contains sample tx 664
[2026-04-19T03:25:28.000Z INFO  worker::batch_maker] Batch XDOerojLU8quLYuafYUU2xDRFMYy73IRJ/DQxF35JJg= contains 204800 B
[2026-04-19T03:25:28.053Z INFO  worker::batch_maker] Batch CUHQWGcoIH31YoA5LBkCO9RzPsB22FQebcZEpbblv8I= contains sample tx 665
[2026-04-19T03:25:28.053Z INFO  worker::batch_maker] Batch CUHQWGcoIH31YoA5LBkCO9RzPsB22FQebcZEpbblv8I= contains 204800 B
[2026-04-19T03:25:28.107Z INFO  worker::batch_maker] Batch mihBH8pP483pbqY/dkrJDoBnczbZZsRHeLf2D05XwcQ= contains sample tx 666
[2026-04-19T03:25:28.107Z INFO  worker::batch_maker] Batch mihBH8pP483pbqY/dkrJDoBnczbZZsRHeLf2D05XwcQ= contains sample tx 667
[2026-04-19T03:25:28.107Z INFO  worker::batch_maker] Batch mihBH8pP483pbqY/dkrJDoBnczbZZsRHeLf2D05XwcQ= contains 374272 B
[2026-04-19T03:25:28.161Z INFO  worker::batch_maker] Batch yHMcEdEtrMf9QGdmaOJRa9kLjtO81267cypC4nEwE0Y= contains sample tx 668
[2026-04-19T03:25:28.161Z INFO  worker::batch_maker] Batch yHMcEdEtrMf9QGdmaOJRa9kLjtO81267cypC4nEwE0Y= contains 240128 B
[2026-04-19T03:25:28.214Z INFO  worker::batch_maker] Batch DOevwn6CROHJ+0MU3kS3ZRgSxE1KvuNjgdFlbCRhFkQ= contains sample tx 669
[2026-04-19T03:25:28.214Z INFO  worker::batch_maker] Batch DOevwn6CROHJ+0MU3kS3ZRgSxE1KvuNjgdFlbCRhFkQ= contains 204800 B
[2026-04-19T03:25:28.267Z INFO  worker::batch_maker] Batch /3ZU9OIA5eq61aeH6oIpYZzT8hqh4rObUmTX85HJIoY= contains sample tx 670
[2026-04-19T03:25:28.267Z INFO  worker::batch_maker] Batch /3ZU9OIA5eq61aeH6oIpYZzT8hqh4rObUmTX85HJIoY= contains 204800 B
[2026-04-19T03:25:28.320Z INFO  worker::batch_maker] Batch ByA/OCHAQYXYizyq9DC0f7hGt3N5JOZHjzb+3fbqIJA= contains sample tx 671
[2026-04-19T03:25:28.320Z INFO  worker::batch_maker] Batch ByA/OCHAQYXYizyq9DC0f7hGt3N5JOZHjzb+3fbqIJA= contains 204800 B
[2026-04-19T03:25:28.371Z INFO  worker::batch_maker] Batch QvGayypuFSDMc0NwFlMRJ25l8y865v3kjjayaCkyweE= contains sample tx 672
[2026-04-19T03:25:28.371Z INFO  worker::batch_maker] Batch QvGayypuFSDMc0NwFlMRJ25l8y865v3kjjayaCkyweE= contains 204800 B
[2026-04-19T03:25:28.425Z INFO  worker::batch_maker] Batch YBbP/sNuoDJitnLii6T7htW7YsTWgSumI0DyvYuaJy4= contains sample tx 673
[2026-04-19T03:25:28.425Z INFO  worker::batch_maker] Batch YBbP/sNuoDJitnLii6T7htW7YsTWgSumI0DyvYuaJy4= contains 204800 B
[2026-04-19T03:25:28.478Z INFO  worker::batch_maker] Batch g/sqvH6a1cFE8Al8pe9rXGRHeaMo1iBYODOweQbvJSA= contains sample tx 674
[2026-04-19T03:25:28.478Z INFO  worker::batch_maker] Batch g/sqvH6a1cFE8Al8pe9rXGRHeaMo1iBYODOweQbvJSA= contains 204800 B
[2026-04-19T03:25:28.532Z INFO  worker::batch_maker] Batch Gl9BNBwhlUlhfB7vCwWiBDjHLOPEFyP/49PpBn/XMOE= contains sample tx 675
[2026-04-19T03:25:28.532Z INFO  worker::batch_maker] Batch Gl9BNBwhlUlhfB7vCwWiBDjHLOPEFyP/49PpBn/XMOE= contains 204800 B
[2026-04-19T03:25:28.583Z INFO  worker::batch_maker] Batch ekGqM1ra3Qzofokxjc9HD1IfSYEwDNm/h+rJS9Dppic= contains sample tx 676
[2026-04-19T03:25:28.584Z INFO  worker::batch_maker] Batch ekGqM1ra3Qzofokxjc9HD1IfSYEwDNm/h+rJS9Dppic= contains 204800 B
[2026-04-19T03:25:28.636Z INFO  worker::batch_maker] Batch W4nFHqwrXdGWCOhK/ylBDCy0yUge/QWX0QGST2YIR+U= contains sample tx 677
[2026-04-19T03:25:28.636Z INFO  worker::batch_maker] Batch W4nFHqwrXdGWCOhK/ylBDCy0yUge/QWX0QGST2YIR+U= contains 204800 B
[2026-04-19T03:25:28.689Z INFO  worker::batch_maker] Batch FF1/e67zm30kawCklo6wPOMCneC2548iSThRTxMElbM= contains sample tx 678
[2026-04-19T03:25:28.689Z INFO  worker::batch_maker] Batch FF1/e67zm30kawCklo6wPOMCneC2548iSThRTxMElbM= contains 204800 B
[2026-04-19T03:25:28.741Z INFO  worker::batch_maker] Batch rcRRuLxUmDsc+S2dCSCrgJaknacX7V119mS0uqFUIrE= contains sample tx 679
[2026-04-19T03:25:28.741Z INFO  worker::batch_maker] Batch rcRRuLxUmDsc+S2dCSCrgJaknacX7V119mS0uqFUIrE= contains 204800 B
[2026-04-19T03:25:28.794Z INFO  worker::batch_maker] Batch TNVMmisANGbiom4OoJO33SMJHJJngJ9hBeRe/Hfz+Rg= contains sample tx 680
[2026-04-19T03:25:28.794Z INFO  worker::batch_maker] Batch TNVMmisANGbiom4OoJO33SMJHJJngJ9hBeRe/Hfz+Rg= contains 204800 B
[2026-04-19T03:25:28.846Z INFO  worker::batch_maker] Batch 9fGex6sk5qJ4nComZUJmqg78bNv7+ZKrMcVe8sfpOCw= contains sample tx 681
[2026-04-19T03:25:28.846Z INFO  worker::batch_maker] Batch 9fGex6sk5qJ4nComZUJmqg78bNv7+ZKrMcVe8sfpOCw= contains 204800 B
[2026-04-19T03:25:28.900Z INFO  worker::batch_maker] Batch 6ujml0sUgINDC0aZjn79r0CV/+VYhcm+sEQrKuwouNc= contains sample tx 682
[2026-04-19T03:25:28.900Z INFO  worker::batch_maker] Batch 6ujml0sUgINDC0aZjn79r0CV/+VYhcm+sEQrKuwouNc= contains 204800 B
[2026-04-19T03:25:28.952Z INFO  worker::batch_maker] Batch glF7bd/wc7vzjfbK9IoTfxyRIdakyZ9PPdUJfqQjJcg= contains sample tx 683
[2026-04-19T03:25:28.952Z INFO  worker::batch_maker] Batch glF7bd/wc7vzjfbK9IoTfxyRIdakyZ9PPdUJfqQjJcg= contains 204800 B
[2026-04-19T03:25:29.004Z INFO  worker::batch_maker] Batch DiWrZGPIuSB2dB6xK5F3NuAMx9Ecr12qWuWei5ozvMs= contains sample tx 684
[2026-04-19T03:25:29.004Z INFO  worker::batch_maker] Batch DiWrZGPIuSB2dB6xK5F3NuAMx9Ecr12qWuWei5ozvMs= contains 205312 B
[2026-04-19T03:25:29.059Z INFO  worker::batch_maker] Batch XSq037EY5o8YzYjNYHLhArVZ6jN6lHD7JDloUYWH6k4= contains sample tx 685
[2026-04-19T03:25:29.059Z INFO  worker::batch_maker] Batch XSq037EY5o8YzYjNYHLhArVZ6jN6lHD7JDloUYWH6k4= contains 343040 B
[2026-04-19T03:25:29.113Z INFO  worker::batch_maker] Batch 7oeRHh3pkdLgwCiQZwQhb9jr9KxSwhejWtHo/hGXMFA= contains sample tx 686
[2026-04-19T03:25:29.113Z INFO  worker::batch_maker] Batch 7oeRHh3pkdLgwCiQZwQhb9jr9KxSwhejWtHo/hGXMFA= contains sample tx 687
[2026-04-19T03:25:29.113Z INFO  worker::batch_maker] Batch 7oeRHh3pkdLgwCiQZwQhb9jr9KxSwhejWtHo/hGXMFA= contains 270848 B
[2026-04-19T03:25:29.167Z INFO  worker::batch_maker] Batch JGeyEAhG37CQ48at4m2ggLvpzlmvpkyVZUy6WnDoMIs= contains sample tx 688
[2026-04-19T03:25:29.167Z INFO  worker::batch_maker] Batch JGeyEAhG37CQ48at4m2ggLvpzlmvpkyVZUy6WnDoMIs= contains 204800 B
[2026-04-19T03:25:29.221Z INFO  worker::batch_maker] Batch +XnvC6Oq8pd+kqit5I7ZQTv7UOKWEX9wlefYvSzZ35o= contains sample tx 689
[2026-04-19T03:25:29.221Z INFO  worker::batch_maker] Batch +XnvC6Oq8pd+kqit5I7ZQTv7UOKWEX9wlefYvSzZ35o= contains 204800 B
[2026-04-19T03:25:29.274Z INFO  worker::batch_maker] Batch 6k5PPMrUXzdulJTpy5vOECCFWwPmEow06jYGkiDff20= contains sample tx 690
[2026-04-19T03:25:29.274Z INFO  worker::batch_maker] Batch 6k5PPMrUXzdulJTpy5vOECCFWwPmEow06jYGkiDff20= contains 204800 B
[2026-04-19T03:25:29.327Z INFO  worker::batch_maker] Batch fS5/U/TlpInor9Si2NPs2qbDi1YCwe+IDZOZM4C8V+I= contains sample tx 691
[2026-04-19T03:25:29.327Z INFO  worker::batch_maker] Batch fS5/U/TlpInor9Si2NPs2qbDi1YCwe+IDZOZM4C8V+I= contains 204800 B
[2026-04-19T03:25:29.381Z INFO  worker::batch_maker] Batch J89NGcLSkJiVJPcfWVKCW1rRhub2ROzfHULqffzlYnw= contains sample tx 692
[2026-04-19T03:25:29.381Z INFO  worker::batch_maker] Batch J89NGcLSkJiVJPcfWVKCW1rRhub2ROzfHULqffzlYnw= contains 204800 B
[2026-04-19T03:25:29.436Z INFO  worker::batch_maker] Batch EhpTVXZ+z0tG/G2pqk4N6Y+zk9gvCXgv2UDBgsOcdEg= contains sample tx 693
[2026-04-19T03:25:29.436Z INFO  worker::batch_maker] Batch EhpTVXZ+z0tG/G2pqk4N6Y+zk9gvCXgv2UDBgsOcdEg= contains 204800 B
[2026-04-19T03:25:29.489Z INFO  worker::batch_maker] Batch vm83kQVnBiL5zfaOY4CxtkaKAS5Dh4ZJW3POdsLVW1c= contains sample tx 694
[2026-04-19T03:25:29.489Z INFO  worker::batch_maker] Batch vm83kQVnBiL5zfaOY4CxtkaKAS5Dh4ZJW3POdsLVW1c= contains 204800 B
[2026-04-19T03:25:29.542Z INFO  worker::batch_maker] Batch S7C20nvt1kVtQwX/d+Mz+4VGtamq5BN7Sp4bkoajAM8= contains sample tx 695
[2026-04-19T03:25:29.542Z INFO  worker::batch_maker] Batch S7C20nvt1kVtQwX/d+Mz+4VGtamq5BN7Sp4bkoajAM8= contains 204800 B
[2026-04-19T03:25:29.595Z INFO  worker::batch_maker] Batch Uf9CP9S5KtNRB3vODQlxGfuF5AdY1x5dl8Isfe4Rie8= contains sample tx 696
[2026-04-19T03:25:29.595Z INFO  worker::batch_maker] Batch Uf9CP9S5KtNRB3vODQlxGfuF5AdY1x5dl8Isfe4Rie8= contains 204800 B
[2026-04-19T03:25:29.648Z INFO  worker::batch_maker] Batch fVu2p8aZpdXW5dRHnF9YZBa8DSLWBoIfoxfFoYWQjlo= contains sample tx 697
[2026-04-19T03:25:29.648Z INFO  worker::batch_maker] Batch fVu2p8aZpdXW5dRHnF9YZBa8DSLWBoIfoxfFoYWQjlo= contains 204800 B
[2026-04-19T03:25:29.701Z INFO  worker::batch_maker] Batch aCma8hnkCf1UDNTbC5lWIYEWQ5ELMmFl1aqSbgYgvOE= contains sample tx 698
[2026-04-19T03:25:29.701Z INFO  worker::batch_maker] Batch aCma8hnkCf1UDNTbC5lWIYEWQ5ELMmFl1aqSbgYgvOE= contains 204800 B
[2026-04-19T03:25:29.755Z INFO  worker::batch_maker] Batch t8/DwMecjIFC56jXzVpW6m3WHKxftr1b73EIgkHg3TI= contains sample tx 699
[2026-04-19T03:25:29.755Z INFO  worker::batch_maker] Batch t8/DwMecjIFC56jXzVpW6m3WHKxftr1b73EIgkHg3TI= contains 225280 B
[2026-04-19T03:25:29.807Z INFO  worker::batch_maker] Batch z/9mP7rKTpJa4V8c9lF7tAQhM6J83/0e22Drv7hkeyY= contains sample tx 700
[2026-04-19T03:25:29.807Z INFO  worker::batch_maker] Batch z/9mP7rKTpJa4V8c9lF7tAQhM6J83/0e22Drv7hkeyY= contains 211968 B
[2026-04-19T03:25:29.861Z INFO  worker::batch_maker] Batch 8kZfkQn64ojRaITkAoXu+V8W1OYbpoWYIbXZvSdAcno= contains sample tx 701
[2026-04-19T03:25:29.861Z INFO  worker::batch_maker] Batch 8kZfkQn64ojRaITkAoXu+V8W1OYbpoWYIbXZvSdAcno= contains sample tx 702
[2026-04-19T03:25:29.861Z INFO  worker::batch_maker] Batch 8kZfkQn64ojRaITkAoXu+V8W1OYbpoWYIbXZvSdAcno= contains 381952 B
[2026-04-19T03:25:29.915Z INFO  worker::batch_maker] Batch 33zbGoMM601xt4azo0EU+p+PUXL54/ZRCkTVRr2IoNM= contains sample tx 703
[2026-04-19T03:25:29.915Z INFO  worker::batch_maker] Batch 33zbGoMM601xt4azo0EU+p+PUXL54/ZRCkTVRr2IoNM= contains 204800 B
[2026-04-19T03:25:29.968Z INFO  worker::batch_maker] Batch sRCU3FHx6z3RhSDnmfSA8QvEqTM6c48Pj62ZtHFv7xA= contains sample tx 704
[2026-04-19T03:25:29.968Z INFO  worker::batch_maker] Batch sRCU3FHx6z3RhSDnmfSA8QvEqTM6c48Pj62ZtHFv7xA= contains 204800 B
[2026-04-19T03:25:30.021Z INFO  worker::batch_maker] Batch CCfbz/a+ahvRx3OlYNTJXfxn7Rcw5/bAJ0MMF4O+I3I= contains sample tx 705
[2026-04-19T03:25:30.021Z INFO  worker::batch_maker] Batch CCfbz/a+ahvRx3OlYNTJXfxn7Rcw5/bAJ0MMF4O+I3I= contains 204800 B
[2026-04-19T03:25:30.074Z INFO  worker::batch_maker] Batch ETfXEhEghNbTKv5wGuic7hFVT3IC2yB4whPRswKtBK8= contains sample tx 706
[2026-04-19T03:25:30.074Z INFO  worker::batch_maker] Batch ETfXEhEghNbTKv5wGuic7hFVT3IC2yB4whPRswKtBK8= contains 204800 B
[2026-04-19T03:25:30.127Z INFO  worker::batch_maker] Batch 5FYeNCSZzQIg+FUO8FlqnPs5CJhUeIBBYv0VGwYc/SA= contains sample tx 707
[2026-04-19T03:25:30.127Z INFO  worker::batch_maker] Batch 5FYeNCSZzQIg+FUO8FlqnPs5CJhUeIBBYv0VGwYc/SA= contains 204800 B
[2026-04-19T03:25:30.180Z INFO  worker::batch_maker] Batch /JG7PT5VS2PVTypsOVyZSInfmcqDE7Ccb8RrFyzTFyg= contains sample tx 708
[2026-04-19T03:25:30.181Z INFO  worker::batch_maker] Batch /JG7PT5VS2PVTypsOVyZSInfmcqDE7Ccb8RrFyzTFyg= contains 204800 B
[2026-04-19T03:25:30.234Z INFO  worker::batch_maker] Batch 8pFpRRtaJwIF8IjLCNKgD5VjmkIODVTYXuwXycRB00Y= contains sample tx 709
[2026-04-19T03:25:30.234Z INFO  worker::batch_maker] Batch 8pFpRRtaJwIF8IjLCNKgD5VjmkIODVTYXuwXycRB00Y= contains 204800 B
[2026-04-19T03:25:30.287Z INFO  worker::batch_maker] Batch +MH6pMLMQpp9aA4oTnFD2gPSUr14B6HULqAfQ6m6qvc= contains sample tx 710
[2026-04-19T03:25:30.287Z INFO  worker::batch_maker] Batch +MH6pMLMQpp9aA4oTnFD2gPSUr14B6HULqAfQ6m6qvc= contains 204800 B
[2026-04-19T03:25:30.344Z INFO  worker::batch_maker] Batch uhpskWLaf3RUjF99aVyuDZNpW8COs0ppvSTDEdM30cc= contains sample tx 711
[2026-04-19T03:25:30.344Z INFO  worker::batch_maker] Batch uhpskWLaf3RUjF99aVyuDZNpW8COs0ppvSTDEdM30cc= contains 204800 B
[2026-04-19T03:25:30.397Z INFO  worker::batch_maker] Batch DBJ8c606AXzKvyas426nX7vQRubgvfYsxpoSJusP870= contains sample tx 712
[2026-04-19T03:25:30.397Z INFO  worker::batch_maker] Batch DBJ8c606AXzKvyas426nX7vQRubgvfYsxpoSJusP870= contains 204800 B
[2026-04-19T03:25:30.450Z INFO  worker::batch_maker] Batch mUjw32h2HwQG/YHpNPNtIA3LkLyPV9q/RbOqz8B48og= contains sample tx 713
[2026-04-19T03:25:30.450Z INFO  worker::batch_maker] Batch mUjw32h2HwQG/YHpNPNtIA3LkLyPV9q/RbOqz8B48og= contains 204800 B
[2026-04-19T03:25:30.503Z INFO  worker::batch_maker] Batch gEMVSPhfYZDev0tlvX/Y1Mx6w2xSmqD+8Ej+fGH2HA4= contains sample tx 714
[2026-04-19T03:25:30.503Z INFO  worker::batch_maker] Batch gEMVSPhfYZDev0tlvX/Y1Mx6w2xSmqD+8Ej+fGH2HA4= contains 204800 B
[2026-04-19T03:25:30.557Z INFO  worker::batch_maker] Batch SQasq/BCE46cosAQLw2XuRQpn8r1ifXmk0QX6YvNYuM= contains sample tx 715
[2026-04-19T03:25:30.557Z INFO  worker::batch_maker] Batch SQasq/BCE46cosAQLw2XuRQpn8r1ifXmk0QX6YvNYuM= contains 228352 B
[2026-04-19T03:25:30.612Z INFO  worker::batch_maker] Batch cIMMOJVFDeCnBEK2ySDK3WuXEK6YdKKrxdzCRzf3tOQ= contains sample tx 716
[2026-04-19T03:25:30.612Z INFO  worker::batch_maker] Batch cIMMOJVFDeCnBEK2ySDK3WuXEK6YdKKrxdzCRzf3tOQ= contains 343552 B
[2026-04-19T03:25:30.666Z INFO  worker::batch_maker] Batch Otf6829N1AD9CysXVATl/AHwwAbTRFHthUJ9jVRoQvc= contains sample tx 717
[2026-04-19T03:25:30.666Z INFO  worker::batch_maker] Batch Otf6829N1AD9CysXVATl/AHwwAbTRFHthUJ9jVRoQvc= contains sample tx 718
[2026-04-19T03:25:30.666Z INFO  worker::batch_maker] Batch Otf6829N1AD9CysXVATl/AHwwAbTRFHthUJ9jVRoQvc= contains 247296 B
[2026-04-19T03:25:30.720Z INFO  worker::batch_maker] Batch HfK6AfiTmxJ5OIsDylxRz/LhjfU2IDzlJrvQ9f5PG4Y= contains sample tx 719
[2026-04-19T03:25:30.720Z INFO  worker::batch_maker] Batch HfK6AfiTmxJ5OIsDylxRz/LhjfU2IDzlJrvQ9f5PG4Y= contains 204800 B
[2026-04-19T03:25:30.773Z INFO  worker::batch_maker] Batch HrtZxIjv6kwAOEGgbP5F7nOTY06ff7qVd8L28VvHCz8= contains sample tx 720
[2026-04-19T03:25:30.773Z INFO  worker::batch_maker] Batch HrtZxIjv6kwAOEGgbP5F7nOTY06ff7qVd8L28VvHCz8= contains 204800 B
[2026-04-19T03:25:30.827Z INFO  worker::batch_maker] Batch BD+rZ/Oo2i3yUO2PLI8GrNvmbEtGlnWeRTYUlj5iqYs= contains sample tx 721
[2026-04-19T03:25:30.827Z INFO  worker::batch_maker] Batch BD+rZ/Oo2i3yUO2PLI8GrNvmbEtGlnWeRTYUlj5iqYs= contains 204800 B
[2026-04-19T03:25:30.881Z INFO  worker::batch_maker] Batch Hg+Cj4lR+f6MqjrYVTLdmWJFkjCRXC/gihog7vLP738= contains sample tx 722
[2026-04-19T03:25:30.881Z INFO  worker::batch_maker] Batch Hg+Cj4lR+f6MqjrYVTLdmWJFkjCRXC/gihog7vLP738= contains 204800 B
[2026-04-19T03:25:30.933Z INFO  worker::batch_maker] Batch kBNKDMClihNsmVwtKfu1hWPTyIMEnTZwhfiXLhVcbe8= contains sample tx 723
[2026-04-19T03:25:30.933Z INFO  worker::batch_maker] Batch kBNKDMClihNsmVwtKfu1hWPTyIMEnTZwhfiXLhVcbe8= contains 204800 B
[2026-04-19T03:25:30.993Z INFO  worker::batch_maker] Batch 15WrWFzgyFIY4OsD/E880DNylyUQeJy6NQsdAPLbwpY= contains sample tx 724
[2026-04-19T03:25:30.993Z INFO  worker::batch_maker] Batch 15WrWFzgyFIY4OsD/E880DNylyUQeJy6NQsdAPLbwpY= contains 204800 B
[2026-04-19T03:25:31.047Z INFO  worker::batch_maker] Batch s4UhjsW8Zj3ymcbGFGdXuEOOQpQGxbJlgkdKIV2C4dE= contains sample tx 725
[2026-04-19T03:25:31.047Z INFO  worker::batch_maker] Batch s4UhjsW8Zj3ymcbGFGdXuEOOQpQGxbJlgkdKIV2C4dE= contains 204800 B
[2026-04-19T03:25:31.101Z INFO  worker::batch_maker] Batch oTPf0l0DpqR0B7IiFceht3kNFcvRE7PZNb6vsHet+xU= contains sample tx 726
[2026-04-19T03:25:31.101Z INFO  worker::batch_maker] Batch oTPf0l0DpqR0B7IiFceht3kNFcvRE7PZNb6vsHet+xU= contains 204800 B
[2026-04-19T03:25:31.155Z INFO  worker::batch_maker] Batch +Aq8vb7+YVO0QsvRK2uSojHqB7EC1Uam2ayvTYBZ1yo= contains sample tx 727
[2026-04-19T03:25:31.155Z INFO  worker::batch_maker] Batch +Aq8vb7+YVO0QsvRK2uSojHqB7EC1Uam2ayvTYBZ1yo= contains 223232 B
[2026-04-19T03:25:31.209Z INFO  worker::batch_maker] Batch Km6exBloeqTb+kym+spr2J+wgYXReo62yuxSji6jvTQ= contains sample tx 728
[2026-04-19T03:25:31.209Z INFO  worker::batch_maker] Batch Km6exBloeqTb+kym+spr2J+wgYXReo62yuxSji6jvTQ= contains sample tx 729
[2026-04-19T03:25:31.209Z INFO  worker::batch_maker] Batch Km6exBloeqTb+kym+spr2J+wgYXReo62yuxSji6jvTQ= contains 391168 B
[2026-04-19T03:25:31.262Z INFO  worker::batch_maker] Batch qouJXLMzJo59sqm60Oq6T9fFC/f41bPAL8avoldWyy0= contains sample tx 730
[2026-04-19T03:25:31.262Z INFO  worker::batch_maker] Batch qouJXLMzJo59sqm60Oq6T9fFC/f41bPAL8avoldWyy0= contains 204800 B
[2026-04-19T03:25:31.314Z INFO  worker::batch_maker] Batch +BADZMXjzlnbBXdn7WpbjG6rzRkELQHPekDOcSmURxo= contains sample tx 731
[2026-04-19T03:25:31.314Z INFO  worker::batch_maker] Batch +BADZMXjzlnbBXdn7WpbjG6rzRkELQHPekDOcSmURxo= contains 204800 B
[2026-04-19T03:25:31.367Z INFO  worker::batch_maker] Batch OfZGbThlnujUvmU1Fl1vk9U/kwL+TQJjZEigyyVZPqU= contains sample tx 732
[2026-04-19T03:25:31.367Z INFO  worker::batch_maker] Batch OfZGbThlnujUvmU1Fl1vk9U/kwL+TQJjZEigyyVZPqU= contains 204800 B
[2026-04-19T03:25:31.420Z INFO  worker::batch_maker] Batch ccTe35txjEKm6UhC+Yq4QbhUtjic35cdDPPa6ma7fuQ= contains sample tx 733
[2026-04-19T03:25:31.420Z INFO  worker::batch_maker] Batch ccTe35txjEKm6UhC+Yq4QbhUtjic35cdDPPa6ma7fuQ= contains 204800 B
[2026-04-19T03:25:31.473Z INFO  worker::batch_maker] Batch r2JGCqOBaCjFd90bOImcaQ+sRCQtuXw/rQAMz9VbM+s= contains sample tx 734
[2026-04-19T03:25:31.473Z INFO  worker::batch_maker] Batch r2JGCqOBaCjFd90bOImcaQ+sRCQtuXw/rQAMz9VbM+s= contains 204800 B
[2026-04-19T03:25:31.526Z INFO  worker::batch_maker] Batch DkY57edqa9yWFU1NKJ5g3aN0Oifq7mPd9UwQkRxGLWk= contains sample tx 735
[2026-04-19T03:25:31.526Z INFO  worker::batch_maker] Batch DkY57edqa9yWFU1NKJ5g3aN0Oifq7mPd9UwQkRxGLWk= contains 204800 B
[2026-04-19T03:25:31.578Z INFO  worker::batch_maker] Batch RutQjhMKoDHML/i1CcivULTloZZtGJiTkgY/d2FnLA4= contains sample tx 736
[2026-04-19T03:25:31.578Z INFO  worker::batch_maker] Batch RutQjhMKoDHML/i1CcivULTloZZtGJiTkgY/d2FnLA4= contains 204800 B
[2026-04-19T03:25:31.630Z INFO  worker::batch_maker] Batch oHT2VOR1EkKkpBK7RiNNPvktW0qPidzdIVYB80cAEfU= contains sample tx 737
[2026-04-19T03:25:31.630Z INFO  worker::batch_maker] Batch oHT2VOR1EkKkpBK7RiNNPvktW0qPidzdIVYB80cAEfU= contains 204800 B
[2026-04-19T03:25:31.682Z INFO  worker::batch_maker] Batch g0mJMaBf7uH8gCj+qvfboxfSp3qNdbziKlHhVEk8PIU= contains sample tx 738
[2026-04-19T03:25:31.682Z INFO  worker::batch_maker] Batch g0mJMaBf7uH8gCj+qvfboxfSp3qNdbziKlHhVEk8PIU= contains 204800 B
[2026-04-19T03:25:31.735Z INFO  worker::batch_maker] Batch 2j4+HWsoQK1Ti/Fh8rYY3ozFAlVGcNfyH1pkAmFQS5E= contains sample tx 739
[2026-04-19T03:25:31.735Z INFO  worker::batch_maker] Batch 2j4+HWsoQK1Ti/Fh8rYY3ozFAlVGcNfyH1pkAmFQS5E= contains 204800 B
[2026-04-19T03:25:31.788Z INFO  worker::batch_maker] Batch ODLFDhYQ4ryMAhTzkQjFlpdGKQsVig+9RXq/pTnz+FQ= contains sample tx 740
[2026-04-19T03:25:31.788Z INFO  worker::batch_maker] Batch ODLFDhYQ4ryMAhTzkQjFlpdGKQsVig+9RXq/pTnz+FQ= contains 204800 B
[2026-04-19T03:25:31.839Z INFO  worker::batch_maker] Batch fbT2B8qkP6g4MFU1E0Iwn045KojH5WiltM83FhEa5OM= contains sample tx 741
[2026-04-19T03:25:31.839Z INFO  worker::batch_maker] Batch fbT2B8qkP6g4MFU1E0Iwn045KojH5WiltM83FhEa5OM= contains 204800 B
[2026-04-19T03:25:31.893Z INFO  worker::batch_maker] Batch Aej7uAFrY17/nS11FK88U8q2mHBKolcNm0LtyJ0wbRw= contains sample tx 742
[2026-04-19T03:25:31.893Z INFO  worker::batch_maker] Batch Aej7uAFrY17/nS11FK88U8q2mHBKolcNm0LtyJ0wbRw= contains 204800 B
[2026-04-19T03:25:31.946Z INFO  worker::batch_maker] Batch X7SifxT9/JimhNUTWR0LQjHkL18qc2rMogTbhOEF/R0= contains sample tx 743
[2026-04-19T03:25:31.946Z INFO  worker::batch_maker] Batch X7SifxT9/JimhNUTWR0LQjHkL18qc2rMogTbhOEF/R0= contains 204800 B
[2026-04-19T03:25:31.999Z INFO  worker::batch_maker] Batch G9oTsl/yWhMzoFW8yTg7sUYgar8CRIr/V/A5V/4ItYY= contains sample tx 744
[2026-04-19T03:25:32.000Z INFO  worker::batch_maker] Batch G9oTsl/yWhMzoFW8yTg7sUYgar8CRIr/V/A5V/4ItYY= contains 204800 B
[2026-04-19T03:25:32.053Z INFO  worker::batch_maker] Batch 65zrHUaZYROx6ZGiSrMWXyEZrhfRHYETnLK6mF7WR5M= contains sample tx 745
[2026-04-19T03:25:32.053Z INFO  worker::batch_maker] Batch 65zrHUaZYROx6ZGiSrMWXyEZrhfRHYETnLK6mF7WR5M= contains 204800 B
[2026-04-19T03:25:32.106Z INFO  worker::batch_maker] Batch I7QovJUhAxe4U121882Zys5LdA2qjztXoMdr/GExdbg= contains sample tx 746
[2026-04-19T03:25:32.106Z INFO  worker::batch_maker] Batch I7QovJUhAxe4U121882Zys5LdA2qjztXoMdr/GExdbg= contains 240640 B
[2026-04-19T03:25:32.162Z INFO  worker::batch_maker] Batch 9/PRbXyM3Tyfe+kfylD/q3KAd+mStQQj+KWm7bbOsA0= contains sample tx 747
[2026-04-19T03:25:32.162Z INFO  worker::batch_maker] Batch 9/PRbXyM3Tyfe+kfylD/q3KAd+mStQQj+KWm7bbOsA0= contains sample tx 748
[2026-04-19T03:25:32.162Z INFO  worker::batch_maker] Batch 9/PRbXyM3Tyfe+kfylD/q3KAd+mStQQj+KWm7bbOsA0= contains 373760 B
[2026-04-19T03:25:32.217Z INFO  worker::batch_maker] Batch Yty9iA/25E2eD4Z11JvwbmmSajEH7PuEPmxSf/2M3X8= contains sample tx 749
[2026-04-19T03:25:32.217Z INFO  worker::batch_maker] Batch Yty9iA/25E2eD4Z11JvwbmmSajEH7PuEPmxSf/2M3X8= contains 204800 B
[2026-04-19T03:25:32.270Z INFO  worker::batch_maker] Batch ZZ1iy1u8vWi4dhstP5oOd4INnUHm6XgONrhGIgEaE2U= contains sample tx 750
[2026-04-19T03:25:32.270Z INFO  worker::batch_maker] Batch ZZ1iy1u8vWi4dhstP5oOd4INnUHm6XgONrhGIgEaE2U= contains 204800 B
[2026-04-19T03:25:32.322Z INFO  worker::batch_maker] Batch mteHoX+92qWKxNiAiCw3CU2hvSI0SlNFncP/1rpHQ4U= contains sample tx 751
[2026-04-19T03:25:32.322Z INFO  worker::batch_maker] Batch mteHoX+92qWKxNiAiCw3CU2hvSI0SlNFncP/1rpHQ4U= contains 204800 B
[2026-04-19T03:25:32.374Z INFO  worker::batch_maker] Batch iVFv5eQ6pETHrii8/7beXjCgJhXCq8r8HpNP4WMZNqE= contains sample tx 752
[2026-04-19T03:25:32.374Z INFO  worker::batch_maker] Batch iVFv5eQ6pETHrii8/7beXjCgJhXCq8r8HpNP4WMZNqE= contains 204800 B
[2026-04-19T03:25:32.427Z INFO  worker::batch_maker] Batch e5ftbirRvSvFuMlDr6zRIuVxUEAV3pIm9YZKMwFxKR0= contains sample tx 753
[2026-04-19T03:25:32.427Z INFO  worker::batch_maker] Batch e5ftbirRvSvFuMlDr6zRIuVxUEAV3pIm9YZKMwFxKR0= contains 204800 B
[2026-04-19T03:25:32.480Z INFO  worker::batch_maker] Batch AvYFqEIWy90vs67RdjUqrdhp2P+f9n2eB4wkpOjFl3c= contains sample tx 754
[2026-04-19T03:25:32.480Z INFO  worker::batch_maker] Batch AvYFqEIWy90vs67RdjUqrdhp2P+f9n2eB4wkpOjFl3c= contains 204800 B
[2026-04-19T03:25:32.533Z INFO  worker::batch_maker] Batch GAnBiHpjUqxBoSMDl5WxAb9Bt1t5JJLPOdYTYF8fuA4= contains sample tx 755
[2026-04-19T03:25:32.533Z INFO  worker::batch_maker] Batch GAnBiHpjUqxBoSMDl5WxAb9Bt1t5JJLPOdYTYF8fuA4= contains 204800 B
[2026-04-19T03:25:32.586Z INFO  worker::batch_maker] Batch Q4SMvjnqznTm/m/UKJncu3KCL7clGI20kaZ3xXqsi5I= contains sample tx 756
[2026-04-19T03:25:32.586Z INFO  worker::batch_maker] Batch Q4SMvjnqznTm/m/UKJncu3KCL7clGI20kaZ3xXqsi5I= contains 204800 B
[2026-04-19T03:25:32.639Z INFO  worker::batch_maker] Batch XirLiMYknyg42+WjV+hOGd6V/Y4weR+hXi5FyQ5xH/g= contains sample tx 757
[2026-04-19T03:25:32.639Z INFO  worker::batch_maker] Batch XirLiMYknyg42+WjV+hOGd6V/Y4weR+hXi5FyQ5xH/g= contains 204800 B
[2026-04-19T03:25:32.691Z INFO  worker::batch_maker] Batch NzXC/o1gZ9/VkOEsywutCX33fw8sXcmDG83SsQT3DSU= contains sample tx 758
[2026-04-19T03:25:32.691Z INFO  worker::batch_maker] Batch NzXC/o1gZ9/VkOEsywutCX33fw8sXcmDG83SsQT3DSU= contains 204800 B
[2026-04-19T03:25:32.743Z INFO  worker::batch_maker] Batch Q1ovG8IYbzwSpQ2ynKfMZcFhK1VaVOZNJdjsgWhn/bo= contains sample tx 759
[2026-04-19T03:25:32.743Z INFO  worker::batch_maker] Batch Q1ovG8IYbzwSpQ2ynKfMZcFhK1VaVOZNJdjsgWhn/bo= contains 204800 B
[2026-04-19T03:25:32.794Z INFO  worker::batch_maker] Batch O5iCCccavjBkH0ioqk6BaD8OWzrwpdMLABlvOLnRjNI= contains sample tx 760
[2026-04-19T03:25:32.794Z INFO  worker::batch_maker] Batch O5iCCccavjBkH0ioqk6BaD8OWzrwpdMLABlvOLnRjNI= contains 204800 B
[2026-04-19T03:25:32.846Z INFO  worker::batch_maker] Batch O/ANcgii9tVo3vt4ZnuqNOgPurGC00Sy7ou+QJKa5mU= contains sample tx 761
[2026-04-19T03:25:32.847Z INFO  worker::batch_maker] Batch O/ANcgii9tVo3vt4ZnuqNOgPurGC00Sy7ou+QJKa5mU= contains 204800 B
[2026-04-19T03:25:32.898Z INFO  worker::batch_maker] Batch hzt/eaqynBIs7UzWLGX/mHpsHgLIHlpHbyeKHuMuDKE= contains sample tx 762
[2026-04-19T03:25:32.898Z INFO  worker::batch_maker] Batch hzt/eaqynBIs7UzWLGX/mHpsHgLIHlpHbyeKHuMuDKE= contains 204800 B
[2026-04-19T03:25:32.950Z INFO  worker::batch_maker] Batch 4XHWbAFc7H0HO8jbPkKvAvbdVm90OsmI0Hc/2GSLmIE= contains sample tx 763
[2026-04-19T03:25:32.950Z INFO  worker::batch_maker] Batch 4XHWbAFc7H0HO8jbPkKvAvbdVm90OsmI0Hc/2GSLmIE= contains 204800 B
[2026-04-19T03:25:33.002Z INFO  worker::batch_maker] Batch qSE6wpzTUh94Go3zcEMuiDJCJdSRRleFhDzygY6lyYk= contains sample tx 764
[2026-04-19T03:25:33.002Z INFO  worker::batch_maker] Batch qSE6wpzTUh94Go3zcEMuiDJCJdSRRleFhDzygY6lyYk= contains 204800 B
[2026-04-19T03:25:33.055Z INFO  worker::batch_maker] Batch S424LWYE8xPaMu6hCDKPv7sBQrl+0LrEnLxOY1DpwXw= contains sample tx 765
[2026-04-19T03:25:33.056Z INFO  worker::batch_maker] Batch S424LWYE8xPaMu6hCDKPv7sBQrl+0LrEnLxOY1DpwXw= contains 262656 B
[2026-04-19T03:25:33.109Z INFO  worker::batch_maker] Batch FC6xaKDBZQ5cUQxT/B+3R8thvZ00CFb5sLLcGTPwOVs= contains sample tx 766
[2026-04-19T03:25:33.110Z INFO  worker::batch_maker] Batch FC6xaKDBZQ5cUQxT/B+3R8thvZ00CFb5sLLcGTPwOVs= contains sample tx 767
[2026-04-19T03:25:33.110Z INFO  worker::batch_maker] Batch FC6xaKDBZQ5cUQxT/B+3R8thvZ00CFb5sLLcGTPwOVs= contains 351744 B
[2026-04-19T03:25:33.161Z INFO  worker::batch_maker] Batch oSN/WhzaBPxBkXH75lRWwYdK6cqi7tfcqWp0+ujkT1U= contains sample tx 768
[2026-04-19T03:25:33.161Z INFO  worker::batch_maker] Batch oSN/WhzaBPxBkXH75lRWwYdK6cqi7tfcqWp0+ujkT1U= contains 204800 B
[2026-04-19T03:25:33.213Z INFO  worker::batch_maker] Batch NASAe/xsrTP0REAsbXWcSudKnP9EjV6lGGMKjiNidkw= contains sample tx 769
[2026-04-19T03:25:33.213Z INFO  worker::batch_maker] Batch NASAe/xsrTP0REAsbXWcSudKnP9EjV6lGGMKjiNidkw= contains 204800 B
[2026-04-19T03:25:33.265Z INFO  worker::batch_maker] Batch f89I48x++3JOnOmiLuXr3/P0XOmaOjjW+Wgrn7G4djc= contains sample tx 770
[2026-04-19T03:25:33.265Z INFO  worker::batch_maker] Batch f89I48x++3JOnOmiLuXr3/P0XOmaOjjW+Wgrn7G4djc= contains 204800 B
[2026-04-19T03:25:33.317Z INFO  worker::batch_maker] Batch e/sxOAqgmc2ST71HE9lkzkTBJBH0kjD5MuGSvIw++0o= contains sample tx 771
[2026-04-19T03:25:33.317Z INFO  worker::batch_maker] Batch e/sxOAqgmc2ST71HE9lkzkTBJBH0kjD5MuGSvIw++0o= contains 204800 B
[2026-04-19T03:25:33.369Z INFO  worker::batch_maker] Batch V2yrXRbIgBl+wwrE/i8Hjk+vci5rV84t9oNOebHHPQ0= contains 156160 B
[2026-04-19T03:25:33.421Z INFO  worker::batch_maker] Batch yMBOSmBcqFEmKiC7cRxS+sHmCF8zjMVh9DjUpew/1/c= contains sample tx 772
[2026-04-19T03:25:33.421Z INFO  worker::batch_maker] Batch yMBOSmBcqFEmKiC7cRxS+sHmCF8zjMVh9DjUpew/1/c= contains sample tx 773
[2026-04-19T03:25:33.421Z INFO  worker::batch_maker] Batch yMBOSmBcqFEmKiC7cRxS+sHmCF8zjMVh9DjUpew/1/c= contains 253440 B
[2026-04-19T03:25:33.474Z INFO  worker::batch_maker] Batch rFtga5o2/Zh7h9SMUNILf9iymSkr1VDL3CTbBzVb1UM= contains sample tx 774
[2026-04-19T03:25:33.474Z INFO  worker::batch_maker] Batch rFtga5o2/Zh7h9SMUNILf9iymSkr1VDL3CTbBzVb1UM= contains 204800 B
[2026-04-19T03:25:33.527Z INFO  worker::batch_maker] Batch 72g+y1rLrUUPwwpYB6lvjPR5F9qVyvDQ9DPGE3ujCng= contains sample tx 775
[2026-04-19T03:25:33.527Z INFO  worker::batch_maker] Batch 72g+y1rLrUUPwwpYB6lvjPR5F9qVyvDQ9DPGE3ujCng= contains 204800 B
[2026-04-19T03:25:33.579Z INFO  worker::batch_maker] Batch hy6sPQlnM+vfYqw8csT3qx+zPkYD96mMVo4vWxT3M9U= contains sample tx 776
[2026-04-19T03:25:33.579Z INFO  worker::batch_maker] Batch hy6sPQlnM+vfYqw8csT3qx+zPkYD96mMVo4vWxT3M9U= contains 204800 B
[2026-04-19T03:25:33.631Z INFO  worker::batch_maker] Batch BqByJEbfE4ix2UWV9tQyQw4eBKdOwNmWoZAwxbXBYxM= contains sample tx 777
[2026-04-19T03:25:33.631Z INFO  worker::batch_maker] Batch BqByJEbfE4ix2UWV9tQyQw4eBKdOwNmWoZAwxbXBYxM= contains 204800 B
[2026-04-19T03:25:33.684Z INFO  worker::batch_maker] Batch K8YR3GMhYqXyo2cQUiS+Bpjsq1RWxCRXsPDSiSGrbFU= contains sample tx 778
[2026-04-19T03:25:33.684Z INFO  worker::batch_maker] Batch K8YR3GMhYqXyo2cQUiS+Bpjsq1RWxCRXsPDSiSGrbFU= contains 204800 B
[2026-04-19T03:25:33.736Z INFO  worker::batch_maker] Batch o5FEpzkFvZ8mj/9S8XP4EPDdccBQs7dZLadPNQesIac= contains sample tx 779
[2026-04-19T03:25:33.736Z INFO  worker::batch_maker] Batch o5FEpzkFvZ8mj/9S8XP4EPDdccBQs7dZLadPNQesIac= contains 204800 B
[2026-04-19T03:25:33.790Z INFO  worker::batch_maker] Batch yN46H1wz9PicMYE0tTneQ6fzMI1c2OiBl56iDMOIIgw= contains sample tx 780
[2026-04-19T03:25:33.790Z INFO  worker::batch_maker] Batch yN46H1wz9PicMYE0tTneQ6fzMI1c2OiBl56iDMOIIgw= contains 204800 B
[2026-04-19T03:25:33.844Z INFO  worker::batch_maker] Batch Jue2s+ay/2WXUXDBYpN17OR0h4s7ySYz4DZj8N5Ctdg= contains sample tx 781
[2026-04-19T03:25:33.844Z INFO  worker::batch_maker] Batch Jue2s+ay/2WXUXDBYpN17OR0h4s7ySYz4DZj8N5Ctdg= contains 204800 B
[2026-04-19T03:25:33.898Z INFO  worker::batch_maker] Batch dw7UshggL7/PW5BgKJoJG3oSmGk/vuD9h0hnBtVYEnw= contains sample tx 782
[2026-04-19T03:25:33.898Z INFO  worker::batch_maker] Batch dw7UshggL7/PW5BgKJoJG3oSmGk/vuD9h0hnBtVYEnw= contains 204800 B
[2026-04-19T03:25:33.950Z INFO  worker::batch_maker] Batch 8G9kup8bpTFLX8JDGTItXtLts3+dtnQfHT6P5R5dFLs= contains sample tx 783
[2026-04-19T03:25:33.950Z INFO  worker::batch_maker] Batch 8G9kup8bpTFLX8JDGTItXtLts3+dtnQfHT6P5R5dFLs= contains 204800 B
[2026-04-19T03:25:34.001Z INFO  worker::batch_maker] Batch 7JwdJxdFL8KOsoZkcRk3/MKiwJFOD/CyBdHi6m4Ht24= contains sample tx 784
[2026-04-19T03:25:34.001Z INFO  worker::batch_maker] Batch 7JwdJxdFL8KOsoZkcRk3/MKiwJFOD/CyBdHi6m4Ht24= contains 204800 B
[2026-04-19T03:25:34.055Z INFO  worker::batch_maker] Batch asmZA53UqW6a6+JBM99/u0w5eK8P/oVkN42/RS+cIjU= contains sample tx 785
[2026-04-19T03:25:34.055Z INFO  worker::batch_maker] Batch asmZA53UqW6a6+JBM99/u0w5eK8P/oVkN42/RS+cIjU= contains 216064 B
[2026-04-19T03:25:34.108Z INFO  worker::batch_maker] Batch rFOYyfhY5r/JYAqeeuX6UiIoxH0g9vQS756VIT7VQIc= contains sample tx 786
[2026-04-19T03:25:34.108Z INFO  worker::batch_maker] Batch rFOYyfhY5r/JYAqeeuX6UiIoxH0g9vQS756VIT7VQIc= contains sample tx 787
[2026-04-19T03:25:34.108Z INFO  worker::batch_maker] Batch rFOYyfhY5r/JYAqeeuX6UiIoxH0g9vQS756VIT7VQIc= contains 398336 B
[2026-04-19T03:25:34.162Z INFO  worker::batch_maker] Batch eqT0oKUsljkbDtL4cQnkqEmQAevDcBZbn3KhCGyUD2Y= contains sample tx 788
[2026-04-19T03:25:34.162Z INFO  worker::batch_maker] Batch eqT0oKUsljkbDtL4cQnkqEmQAevDcBZbn3KhCGyUD2Y= contains 204800 B
[2026-04-19T03:25:34.218Z INFO  worker::batch_maker] Batch 6G4PXsU5k+2NQkbi5+hflz2mL36FpzFH3rqf2/rI6mo= contains sample tx 789
[2026-04-19T03:25:34.218Z INFO  worker::batch_maker] Batch 6G4PXsU5k+2NQkbi5+hflz2mL36FpzFH3rqf2/rI6mo= contains 204800 B
[2026-04-19T03:25:34.271Z INFO  worker::batch_maker] Batch NnZziYRI8zEQzD8VJlcvRfuqfHnWeekrTdfuUmXultE= contains sample tx 790
[2026-04-19T03:25:34.271Z INFO  worker::batch_maker] Batch NnZziYRI8zEQzD8VJlcvRfuqfHnWeekrTdfuUmXultE= contains 204800 B
[2026-04-19T03:25:34.324Z INFO  worker::batch_maker] Batch z9uLBJwlDTR1PTjXBBKXGwJcYGwDyCr0F1xijjHD4ks= contains 200192 B
[2026-04-19T03:25:34.384Z INFO  worker::batch_maker] Batch X5phYAdy/fIf5dw8BeN9dQqaLJo6/osY7QDqCCoEFlY= contains sample tx 791
[2026-04-19T03:25:34.384Z INFO  worker::batch_maker] Batch X5phYAdy/fIf5dw8BeN9dQqaLJo6/osY7QDqCCoEFlY= contains sample tx 792
[2026-04-19T03:25:34.384Z INFO  worker::batch_maker] Batch X5phYAdy/fIf5dw8BeN9dQqaLJo6/osY7QDqCCoEFlY= contains 209408 B
[2026-04-19T03:25:34.436Z INFO  worker::batch_maker] Batch Mbb5utQduI3TF4wxMIn7P9OMBzC1HpCXVzeIH66f/LU= contains sample tx 793
[2026-04-19T03:25:34.436Z INFO  worker::batch_maker] Batch Mbb5utQduI3TF4wxMIn7P9OMBzC1HpCXVzeIH66f/LU= contains 204800 B
[2026-04-19T03:25:34.489Z INFO  worker::batch_maker] Batch gVUaNN9izzpDNeaBA4mFZWnyNZ5gAE/USOOHd2i9wDI= contains sample tx 794
[2026-04-19T03:25:34.489Z INFO  worker::batch_maker] Batch gVUaNN9izzpDNeaBA4mFZWnyNZ5gAE/USOOHd2i9wDI= contains 204800 B
[2026-04-19T03:25:34.541Z INFO  worker::batch_maker] Batch 3KAfe7bpuUROXf8pyuFHmMTFNcs5O2Mt6KUB0IZwgLY= contains sample tx 795
[2026-04-19T03:25:34.541Z INFO  worker::batch_maker] Batch 3KAfe7bpuUROXf8pyuFHmMTFNcs5O2Mt6KUB0IZwgLY= contains 204800 B
[2026-04-19T03:25:34.592Z INFO  worker::batch_maker] Batch OozYOMKFSkpGv8YTIXhYYaiiqgW3tU2phJfrdwAIfs0= contains sample tx 796
[2026-04-19T03:25:34.592Z INFO  worker::batch_maker] Batch OozYOMKFSkpGv8YTIXhYYaiiqgW3tU2phJfrdwAIfs0= contains 204800 B
[2026-04-19T03:25:34.644Z INFO  worker::batch_maker] Batch byS4wzLdWK6qFJEKrltj4lKyfyHWEt4i7WXd7UOS838= contains sample tx 797
[2026-04-19T03:25:34.644Z INFO  worker::batch_maker] Batch byS4wzLdWK6qFJEKrltj4lKyfyHWEt4i7WXd7UOS838= contains 204800 B
[2026-04-19T03:25:34.696Z INFO  worker::batch_maker] Batch qljncoP0AO1b2elxPXw4Ig3DST0swVTj7DGnTFW7x4k= contains sample tx 798
[2026-04-19T03:25:34.696Z INFO  worker::batch_maker] Batch qljncoP0AO1b2elxPXw4Ig3DST0swVTj7DGnTFW7x4k= contains 204800 B
[2026-04-19T03:25:34.750Z INFO  worker::batch_maker] Batch SIP+xcHwGC706vCB+uIxNY065AqNRS7Ax8BXdiqM65A= contains sample tx 799
[2026-04-19T03:25:34.750Z INFO  worker::batch_maker] Batch SIP+xcHwGC706vCB+uIxNY065AqNRS7Ax8BXdiqM65A= contains 204800 B
[2026-04-19T03:25:34.803Z INFO  worker::batch_maker] Batch KDioon95OVgtVM53bYWjNZCMSqUNnMGUt4dN2oxHMtE= contains sample tx 800
[2026-04-19T03:25:34.803Z INFO  worker::batch_maker] Batch KDioon95OVgtVM53bYWjNZCMSqUNnMGUt4dN2oxHMtE= contains 204800 B
[2026-04-19T03:25:34.856Z INFO  worker::batch_maker] Batch jwCLAknB2wIPZoXT9EH5Z9YhqRV3E8TA0DNm3lH6v3I= contains sample tx 801
[2026-04-19T03:25:34.856Z INFO  worker::batch_maker] Batch jwCLAknB2wIPZoXT9EH5Z9YhqRV3E8TA0DNm3lH6v3I= contains sample tx 802
[2026-04-19T03:25:34.856Z INFO  worker::batch_maker] Batch jwCLAknB2wIPZoXT9EH5Z9YhqRV3E8TA0DNm3lH6v3I= contains 291328 B
[2026-04-19T03:25:34.910Z INFO  worker::batch_maker] Batch iB396RKZA+0NAxEEQrjnXd58tJsLACTQMkbt9wVCo+c= contains sample tx 803
[2026-04-19T03:25:34.910Z INFO  worker::batch_maker] Batch iB396RKZA+0NAxEEQrjnXd58tJsLACTQMkbt9wVCo+c= contains 323072 B
[2026-04-19T03:25:34.961Z INFO  worker::batch_maker] Batch CACFS4vk90rPzOI1HZctgvz5Ktk0OQVdg9GHusKQXCk= contains 2048 B
[2026-04-19T03:25:35.017Z INFO  worker::batch_maker] Batch VhosGNU+VkAYF9XOt8zf0hL1j47f0dR9JQO0qS/6r98= contains sample tx 804
[2026-04-19T03:25:35.017Z INFO  worker::batch_maker] Batch VhosGNU+VkAYF9XOt8zf0hL1j47f0dR9JQO0qS/6r98= contains sample tx 805
[2026-04-19T03:25:35.017Z INFO  worker::batch_maker] Batch VhosGNU+VkAYF9XOt8zf0hL1j47f0dR9JQO0qS/6r98= contains 407552 B
[2026-04-19T03:25:35.070Z INFO  worker::batch_maker] Batch MvzNImQ8tYW3jRYpPiiPKXxXt/bFptOT9JzdDPQu6RI= contains sample tx 806
[2026-04-19T03:25:35.070Z INFO  worker::batch_maker] Batch MvzNImQ8tYW3jRYpPiiPKXxXt/bFptOT9JzdDPQu6RI= contains 204800 B
[2026-04-19T03:25:35.123Z INFO  worker::batch_maker] Batch PaZBR5vyyrGxKm2wRHmr1JBM3x4hTqFN57XxiOfhwfE= contains sample tx 807
[2026-04-19T03:25:35.123Z INFO  worker::batch_maker] Batch PaZBR5vyyrGxKm2wRHmr1JBM3x4hTqFN57XxiOfhwfE= contains 204800 B
[2026-04-19T03:25:35.175Z INFO  worker::batch_maker] Batch DAZwRh81lOn3OziEf2NuCC2pSd0PF1lL3kFXSUnn8Tc= contains sample tx 808
[2026-04-19T03:25:35.175Z INFO  worker::batch_maker] Batch DAZwRh81lOn3OziEf2NuCC2pSd0PF1lL3kFXSUnn8Tc= contains 204800 B
[2026-04-19T03:25:35.229Z INFO  worker::batch_maker] Batch r7g4IoeCw2WJvpdwMmnpC3bVNOE5BBTKzyV4NCO4TKg= contains sample tx 809
[2026-04-19T03:25:35.229Z INFO  worker::batch_maker] Batch r7g4IoeCw2WJvpdwMmnpC3bVNOE5BBTKzyV4NCO4TKg= contains 204800 B
[2026-04-19T03:25:35.282Z INFO  worker::batch_maker] Batch lgvwHmQ28cuOapY64n+yozkpHD1RnOX10dzftQWfhXQ= contains sample tx 810
[2026-04-19T03:25:35.282Z INFO  worker::batch_maker] Batch lgvwHmQ28cuOapY64n+yozkpHD1RnOX10dzftQWfhXQ= contains 204800 B
[2026-04-19T03:25:35.335Z INFO  worker::batch_maker] Batch e8V011ZoY+z0yKBSCrv7BZdinrbYj50Rlbck+xAueH0= contains sample tx 811
[2026-04-19T03:25:35.335Z INFO  worker::batch_maker] Batch e8V011ZoY+z0yKBSCrv7BZdinrbYj50Rlbck+xAueH0= contains 204800 B
[2026-04-19T03:25:35.388Z INFO  worker::batch_maker] Batch 9VZxp/rAr02+4HWcRJGF0KnKHsccK4mOJ7HoT8Blw+w= contains sample tx 812
[2026-04-19T03:25:35.388Z INFO  worker::batch_maker] Batch 9VZxp/rAr02+4HWcRJGF0KnKHsccK4mOJ7HoT8Blw+w= contains 204800 B
[2026-04-19T03:25:35.442Z INFO  worker::batch_maker] Batch bTtFeRVC4SbEhd6DkcW/lAuqocPgT7iuJtwHg2t8dYA= contains sample tx 813
[2026-04-19T03:25:35.442Z INFO  worker::batch_maker] Batch bTtFeRVC4SbEhd6DkcW/lAuqocPgT7iuJtwHg2t8dYA= contains 204800 B
[2026-04-19T03:25:35.495Z INFO  worker::batch_maker] Batch Gg/YZyGl8JfjeP84m8wH6x/rOhVIqe0fMD9S8x//FN4= contains sample tx 814
[2026-04-19T03:25:35.495Z INFO  worker::batch_maker] Batch Gg/YZyGl8JfjeP84m8wH6x/rOhVIqe0fMD9S8x//FN4= contains 204800 B
[2026-04-19T03:25:35.548Z INFO  worker::batch_maker] Batch fkLoZQSALO4PUDkxSo964b+gRczKFY3sULZzj34xGzM= contains sample tx 815
[2026-04-19T03:25:35.548Z INFO  worker::batch_maker] Batch fkLoZQSALO4PUDkxSo964b+gRczKFY3sULZzj34xGzM= contains 204800 B
[2026-04-19T03:25:35.601Z INFO  worker::batch_maker] Batch W5hm5W8mhTflSO69OwXHx/8eAISDhyHhUGkIYkAy6Vo= contains sample tx 816
[2026-04-19T03:25:35.601Z INFO  worker::batch_maker] Batch W5hm5W8mhTflSO69OwXHx/8eAISDhyHhUGkIYkAy6Vo= contains 204800 B
[2026-04-19T03:25:35.655Z INFO  worker::batch_maker] Batch rIvYIC5gJsdY/WOyZU9oOW+x3I9SEMGqChaGDk5EEBU= contains sample tx 817
[2026-04-19T03:25:35.655Z INFO  worker::batch_maker] Batch rIvYIC5gJsdY/WOyZU9oOW+x3I9SEMGqChaGDk5EEBU= contains sample tx 818
[2026-04-19T03:25:35.655Z INFO  worker::batch_maker] Batch rIvYIC5gJsdY/WOyZU9oOW+x3I9SEMGqChaGDk5EEBU= contains 228352 B
[2026-04-19T03:25:35.709Z INFO  worker::batch_maker] Batch H904Brd+u/RpWwUWiMU/Kp/OWIek9mg7qnoESFJ0FhY= contains sample tx 819
[2026-04-19T03:25:35.709Z INFO  worker::batch_maker] Batch H904Brd+u/RpWwUWiMU/Kp/OWIek9mg7qnoESFJ0FhY= contains 267776 B
[2026-04-19T03:25:35.764Z INFO  worker::batch_maker] Batch rqzdkpm1QhFlGBrnvwTE8cm28V4BV17PR/RiXmstEbs= contains sample tx 820
[2026-04-19T03:25:35.764Z INFO  worker::batch_maker] Batch rqzdkpm1QhFlGBrnvwTE8cm28V4BV17PR/RiXmstEbs= contains 323072 B
[2026-04-19T03:25:35.818Z INFO  worker::batch_maker] Batch fti/xL8ZWmAyI/cr/JSo+9+oFmYp25nMm3rZIAuPZK8= contains sample tx 821
[2026-04-19T03:25:35.818Z INFO  worker::batch_maker] Batch fti/xL8ZWmAyI/cr/JSo+9+oFmYp25nMm3rZIAuPZK8= contains 204800 B
[2026-04-19T03:25:35.872Z INFO  worker::batch_maker] Batch 6+jXMu7JaDM+FR7irvp+U+mR0diAhG4JF+6WsSmihwY= contains sample tx 822
[2026-04-19T03:25:35.872Z INFO  worker::batch_maker] Batch 6+jXMu7JaDM+FR7irvp+U+mR0diAhG4JF+6WsSmihwY= contains 204800 B
[2026-04-19T03:25:35.925Z INFO  worker::batch_maker] Batch aPdOhvYMhLwgxcllC01Bt8tabNQf9zaqiOGkdewi8Rc= contains sample tx 823
[2026-04-19T03:25:35.925Z INFO  worker::batch_maker] Batch aPdOhvYMhLwgxcllC01Bt8tabNQf9zaqiOGkdewi8Rc= contains 204800 B
[2026-04-19T03:25:35.978Z INFO  worker::batch_maker] Batch o3BDym+XCeTe5CPdyVl9irxWH2oUQszxGSj0S2mCCJg= contains sample tx 824
[2026-04-19T03:25:35.978Z INFO  worker::batch_maker] Batch o3BDym+XCeTe5CPdyVl9irxWH2oUQszxGSj0S2mCCJg= contains 204800 B
[2026-04-19T03:25:36.032Z INFO  worker::batch_maker] Batch VnfOdJ+Dhuft63sB1IZo9sp/ungZJoNo10rsanjJSg0= contains sample tx 825
[2026-04-19T03:25:36.032Z INFO  worker::batch_maker] Batch VnfOdJ+Dhuft63sB1IZo9sp/ungZJoNo10rsanjJSg0= contains 204800 B
[2026-04-19T03:25:36.085Z INFO  worker::batch_maker] Batch acmeRoe9GPswU8at1aAydKhuXFVP+z2gPBng75F3wPQ= contains sample tx 826
[2026-04-19T03:25:36.085Z INFO  worker::batch_maker] Batch acmeRoe9GPswU8at1aAydKhuXFVP+z2gPBng75F3wPQ= contains 204800 B
[2026-04-19T03:25:36.139Z INFO  worker::batch_maker] Batch kw2thKnv7iTIWDJPtFdKghSz9ImJA+OUK2C4Z5ZmVcM= contains sample tx 827
[2026-04-19T03:25:36.139Z INFO  worker::batch_maker] Batch kw2thKnv7iTIWDJPtFdKghSz9ImJA+OUK2C4Z5ZmVcM= contains 204800 B
[2026-04-19T03:25:36.192Z INFO  worker::batch_maker] Batch mEg9sGwWLbApyFpGmg86EwKzNY/d6uRN0PUiZIpXNrk= contains sample tx 828
[2026-04-19T03:25:36.192Z INFO  worker::batch_maker] Batch mEg9sGwWLbApyFpGmg86EwKzNY/d6uRN0PUiZIpXNrk= contains 204800 B
[2026-04-19T03:25:36.245Z INFO  worker::batch_maker] Batch A7PLzDaCO/uYUVXpQay3sDrpJwZ2qf1VEBcYb7Jmq40= contains sample tx 829
[2026-04-19T03:25:36.245Z INFO  worker::batch_maker] Batch A7PLzDaCO/uYUVXpQay3sDrpJwZ2qf1VEBcYb7Jmq40= contains 204800 B
[2026-04-19T03:25:36.298Z INFO  worker::batch_maker] Batch atmzWyqOUCbh8gPUKCmPMVMUmNAFH5zBDz8DmTA+xkE= contains sample tx 830
[2026-04-19T03:25:36.298Z INFO  worker::batch_maker] Batch atmzWyqOUCbh8gPUKCmPMVMUmNAFH5zBDz8DmTA+xkE= contains 204800 B
[2026-04-19T03:25:36.353Z INFO  worker::batch_maker] Batch 6A+JJjEL7VHw7zT4VlhrHBxmn3oejACWl2CRNtkkFU0= contains sample tx 831
[2026-04-19T03:25:36.353Z INFO  worker::batch_maker] Batch 6A+JJjEL7VHw7zT4VlhrHBxmn3oejACWl2CRNtkkFU0= contains 204800 B
[2026-04-19T03:25:36.406Z INFO  worker::batch_maker] Batch M2QP/hK423Cdkv2yABGUOlArmQlzfdP9EDYMLP8Wxic= contains sample tx 832
[2026-04-19T03:25:36.406Z INFO  worker::batch_maker] Batch M2QP/hK423Cdkv2yABGUOlArmQlzfdP9EDYMLP8Wxic= contains sample tx 833
[2026-04-19T03:25:36.406Z INFO  worker::batch_maker] Batch M2QP/hK423Cdkv2yABGUOlArmQlzfdP9EDYMLP8Wxic= contains 282624 B
[2026-04-19T03:25:36.460Z INFO  worker::batch_maker] Batch JWChNdPAVEYahf1o2jJZgeKcU4UXdHuaoJF5A5gX6h4= contains sample tx 834
[2026-04-19T03:25:36.460Z INFO  worker::batch_maker] Batch JWChNdPAVEYahf1o2jJZgeKcU4UXdHuaoJF5A5gX6h4= contains 331776 B
[2026-04-19T03:25:36.513Z INFO  worker::batch_maker] Batch y4PYc+a592aKiQaNszmKnfs11+RKHjNusiiyEbAgxEM= contains sample tx 835
[2026-04-19T03:25:36.513Z INFO  worker::batch_maker] Batch y4PYc+a592aKiQaNszmKnfs11+RKHjNusiiyEbAgxEM= contains 204800 B
[2026-04-19T03:25:36.565Z INFO  worker::batch_maker] Batch 4PTGfaejh4WHlqlcx3E7xXV5pnyg+3V9xXheiqcd61A= contains sample tx 836
[2026-04-19T03:25:36.565Z INFO  worker::batch_maker] Batch 4PTGfaejh4WHlqlcx3E7xXV5pnyg+3V9xXheiqcd61A= contains 204800 B
[2026-04-19T03:25:36.617Z INFO  worker::batch_maker] Batch vG1be5wlHX9SbEzhHSm8ndUAV54qbofufSATNW9huNM= contains sample tx 837
[2026-04-19T03:25:36.617Z INFO  worker::batch_maker] Batch vG1be5wlHX9SbEzhHSm8ndUAV54qbofufSATNW9huNM= contains 204800 B
[2026-04-19T03:25:36.669Z INFO  worker::batch_maker] Batch KFmYKYxkTZ3B8HdYblbBLssdKocFyLZvCZzy5EfXSi4= contains sample tx 838
[2026-04-19T03:25:36.669Z INFO  worker::batch_maker] Batch KFmYKYxkTZ3B8HdYblbBLssdKocFyLZvCZzy5EfXSi4= contains 112128 B
[2026-04-19T03:25:36.723Z INFO  worker::batch_maker] Batch X7qMz2kvHQEKa9ZpCrVA3mRw9S1a+RxxzJo8I0VTXw8= contains sample tx 839
[2026-04-19T03:25:36.723Z INFO  worker::batch_maker] Batch X7qMz2kvHQEKa9ZpCrVA3mRw9S1a+RxxzJo8I0VTXw8= contains 297472 B
[2026-04-19T03:25:36.775Z INFO  worker::batch_maker] Batch Em2hnzrsbDQyqvCeBUIqM3gD5F7c9E98gD+Gj6WDQ9E= contains sample tx 840
[2026-04-19T03:25:36.775Z INFO  worker::batch_maker] Batch Em2hnzrsbDQyqvCeBUIqM3gD5F7c9E98gD+Gj6WDQ9E= contains 204800 B
[2026-04-19T03:25:36.828Z INFO  worker::batch_maker] Batch IcEa9+V9nMupV6BJNmduZ04Z0jDUKzZLtCmn60FD0PA= contains sample tx 841
[2026-04-19T03:25:36.828Z INFO  worker::batch_maker] Batch IcEa9+V9nMupV6BJNmduZ04Z0jDUKzZLtCmn60FD0PA= contains 204800 B
[2026-04-19T03:25:36.884Z INFO  worker::batch_maker] Batch QzFK+2Aumf7QQnmwBb4plTiT2KnW3eQRth0H0xyDs5s= contains sample tx 842
[2026-04-19T03:25:36.884Z INFO  worker::batch_maker] Batch QzFK+2Aumf7QQnmwBb4plTiT2KnW3eQRth0H0xyDs5s= contains 204800 B
[2026-04-19T03:25:36.937Z INFO  worker::batch_maker] Batch fwtY1Igh7r33o2Bpu9/fgghMA4/2UazVQ+S3ckBDL5g= contains sample tx 843
[2026-04-19T03:25:36.937Z INFO  worker::batch_maker] Batch fwtY1Igh7r33o2Bpu9/fgghMA4/2UazVQ+S3ckBDL5g= contains 204800 B
[2026-04-19T03:25:36.991Z INFO  worker::batch_maker] Batch rWIRcecx7DFQ4CSf6a6UesEBLKM/5U12hveRxyZNtBE= contains sample tx 844
[2026-04-19T03:25:36.991Z INFO  worker::batch_maker] Batch rWIRcecx7DFQ4CSf6a6UesEBLKM/5U12hveRxyZNtBE= contains 204800 B
[2026-04-19T03:25:37.045Z INFO  worker::batch_maker] Batch T/nzUQiWCcnEFJzpQSRer104GgkRmI7c5iX7OxftWgE= contains sample tx 845
[2026-04-19T03:25:37.045Z INFO  worker::batch_maker] Batch T/nzUQiWCcnEFJzpQSRer104GgkRmI7c5iX7OxftWgE= contains 204800 B
[2026-04-19T03:25:37.099Z INFO  worker::batch_maker] Batch qXTiWpNohPA58F2qERrGo1iWszcOnpXpaVmuBXqroUE= contains sample tx 846
[2026-04-19T03:25:37.099Z INFO  worker::batch_maker] Batch qXTiWpNohPA58F2qERrGo1iWszcOnpXpaVmuBXqroUE= contains 204800 B
[2026-04-19T03:25:37.154Z INFO  worker::batch_maker] Batch 877E4IXmS57eWH8RpD1VCBAxKJQqgzvYxNPhhJryfsY= contains sample tx 847
[2026-04-19T03:25:37.154Z INFO  worker::batch_maker] Batch 877E4IXmS57eWH8RpD1VCBAxKJQqgzvYxNPhhJryfsY= contains 204800 B
[2026-04-19T03:25:37.208Z INFO  worker::batch_maker] Batch 8C9NtBByDGNpKbKZzosRFfeJAG7kyoSagenI7Du96Ws= contains sample tx 848
[2026-04-19T03:25:37.208Z INFO  worker::batch_maker] Batch 8C9NtBByDGNpKbKZzosRFfeJAG7kyoSagenI7Du96Ws= contains sample tx 849
[2026-04-19T03:25:37.208Z INFO  worker::batch_maker] Batch 8C9NtBByDGNpKbKZzosRFfeJAG7kyoSagenI7Du96Ws= contains 283648 B
[2026-04-19T03:25:37.265Z INFO  worker::batch_maker] Batch SVRC4F4e8JIOJT2bRzp8JynHNDELR1St32C3UOg356w= contains sample tx 850
[2026-04-19T03:25:37.265Z INFO  worker::batch_maker] Batch SVRC4F4e8JIOJT2bRzp8JynHNDELR1St32C3UOg356w= contains 330752 B
[2026-04-19T03:25:37.321Z INFO  worker::batch_maker] Batch +v4z/OI8mi9eMmsJMeJEpgRANdeguL5G9usUp5o0Ezg= contains sample tx 851
[2026-04-19T03:25:37.321Z INFO  worker::batch_maker] Batch +v4z/OI8mi9eMmsJMeJEpgRANdeguL5G9usUp5o0Ezg= contains 204800 B
[2026-04-19T03:25:37.375Z INFO  worker::batch_maker] Batch kfGv8YsPxfyI/s/3E+ShVINd1xwn9Z5wvJr8h4Lf75Q= contains sample tx 852
[2026-04-19T03:25:37.375Z INFO  worker::batch_maker] Batch kfGv8YsPxfyI/s/3E+ShVINd1xwn9Z5wvJr8h4Lf75Q= contains 204800 B
[2026-04-19T03:25:37.428Z INFO  worker::batch_maker] Batch UJ6zxqhPR3k30rGPb0+jVrwKs5fC3tobMtymeNkvZxM= contains sample tx 853
[2026-04-19T03:25:37.428Z INFO  worker::batch_maker] Batch UJ6zxqhPR3k30rGPb0+jVrwKs5fC3tobMtymeNkvZxM= contains 204800 B
[2026-04-19T03:25:37.480Z INFO  worker::batch_maker] Batch dtMGZ54GLh8Wqnaq8Y604yd3PbHo0pvI20UZ6XaERxY= contains sample tx 854
[2026-04-19T03:25:37.480Z INFO  worker::batch_maker] Batch dtMGZ54GLh8Wqnaq8Y604yd3PbHo0pvI20UZ6XaERxY= contains 204800 B
[2026-04-19T03:25:37.533Z INFO  worker::batch_maker] Batch zwsMcjECq7vOYEd/6W8bgMKTYcHoocgAfM7Ol/dmkCA= contains sample tx 855
[2026-04-19T03:25:37.533Z INFO  worker::batch_maker] Batch zwsMcjECq7vOYEd/6W8bgMKTYcHoocgAfM7Ol/dmkCA= contains 204800 B
[2026-04-19T03:25:37.587Z INFO  worker::batch_maker] Batch 6n/lEtgvrS6coYFppq0ZIccmG1MJ1kN/tjb6oGbbe6g= contains sample tx 856
[2026-04-19T03:25:37.587Z INFO  worker::batch_maker] Batch 6n/lEtgvrS6coYFppq0ZIccmG1MJ1kN/tjb6oGbbe6g= contains 204800 B
[2026-04-19T03:25:37.639Z INFO  worker::batch_maker] Batch lFN67CpLEBJBfwRdT+1Ov2hKfHQNowj+zPOFe6kdJno= contains sample tx 857
[2026-04-19T03:25:37.639Z INFO  worker::batch_maker] Batch lFN67CpLEBJBfwRdT+1Ov2hKfHQNowj+zPOFe6kdJno= contains 204800 B
[2026-04-19T03:25:37.692Z INFO  worker::batch_maker] Batch xJmz+eTlnS/Ay7XN9MjrfKboaME+Wx6kCZxebKm5TgU= contains sample tx 858
[2026-04-19T03:25:37.692Z INFO  worker::batch_maker] Batch xJmz+eTlnS/Ay7XN9MjrfKboaME+Wx6kCZxebKm5TgU= contains 204800 B
[2026-04-19T03:25:37.745Z INFO  worker::batch_maker] Batch r+dmwSSLRSCG0sS7hrQg14Zi9UhiCcMi4/6XZWZ8ME0= contains sample tx 859
[2026-04-19T03:25:37.745Z INFO  worker::batch_maker] Batch r+dmwSSLRSCG0sS7hrQg14Zi9UhiCcMi4/6XZWZ8ME0= contains 204800 B
[2026-04-19T03:25:37.798Z INFO  worker::batch_maker] Batch qd1w8PBYheMrYhUw0E88/HBzie/Y1s0Lxw7ZT1j9Gf4= contains sample tx 860
[2026-04-19T03:25:37.798Z INFO  worker::batch_maker] Batch qd1w8PBYheMrYhUw0E88/HBzie/Y1s0Lxw7ZT1j9Gf4= contains 204800 B
[2026-04-19T03:25:37.854Z INFO  worker::batch_maker] Batch 7HmY+0DndBQCbuMPsj+V0iyj6o1Q9LHj9xulc323M6g= contains sample tx 861
[2026-04-19T03:25:37.854Z INFO  worker::batch_maker] Batch 7HmY+0DndBQCbuMPsj+V0iyj6o1Q9LHj9xulc323M6g= contains 204800 B
[2026-04-19T03:25:37.909Z INFO  worker::batch_maker] Batch Dw9dJDXcGGEbS92rZT6d1Yg2dM9XNH6F2sNrI9kMMaY= contains sample tx 862
[2026-04-19T03:25:37.909Z INFO  worker::batch_maker] Batch Dw9dJDXcGGEbS92rZT6d1Yg2dM9XNH6F2sNrI9kMMaY= contains sample tx 863
[2026-04-19T03:25:37.909Z INFO  worker::batch_maker] Batch Dw9dJDXcGGEbS92rZT6d1Yg2dM9XNH6F2sNrI9kMMaY= contains 320000 B
[2026-04-19T03:25:37.963Z INFO  worker::batch_maker] Batch KotxlsvaX5UWZVE0Lnnw/hW4uWOkijwd5ecbJEPEfYs= contains sample tx 864
[2026-04-19T03:25:37.963Z INFO  worker::batch_maker] Batch KotxlsvaX5UWZVE0Lnnw/hW4uWOkijwd5ecbJEPEfYs= contains 294400 B
[2026-04-19T03:25:38.015Z INFO  worker::batch_maker] Batch ElgmgttL6Ehlk6YQ3Ush0sLJrNnuLtLVc1Tu/Iit9UM= contains sample tx 865
[2026-04-19T03:25:38.015Z INFO  worker::batch_maker] Batch ElgmgttL6Ehlk6YQ3Ush0sLJrNnuLtLVc1Tu/Iit9UM= contains 204800 B
[2026-04-19T03:25:38.068Z INFO  worker::batch_maker] Batch 511DqdjO2vS+BL9uEoEpNn3QbR+Db3sxArDxdklWCxk= contains sample tx 866
[2026-04-19T03:25:38.069Z INFO  worker::batch_maker] Batch 511DqdjO2vS+BL9uEoEpNn3QbR+Db3sxArDxdklWCxk= contains 204800 B
[2026-04-19T03:25:38.122Z INFO  worker::batch_maker] Batch mrCWOjIdMz1aeHMUzhsfKAjD+MKQDTewu9WZIjHmw2s= contains sample tx 867
[2026-04-19T03:25:38.122Z INFO  worker::batch_maker] Batch mrCWOjIdMz1aeHMUzhsfKAjD+MKQDTewu9WZIjHmw2s= contains 204800 B
[2026-04-19T03:25:38.174Z INFO  worker::batch_maker] Batch Y0mkzfYsba3OiAMIzAv+MdbqR+5HET726SmPL4Pr57Q= contains sample tx 868
[2026-04-19T03:25:38.174Z INFO  worker::batch_maker] Batch Y0mkzfYsba3OiAMIzAv+MdbqR+5HET726SmPL4Pr57Q= contains 204800 B
[2026-04-19T03:25:38.227Z INFO  worker::batch_maker] Batch Py/ebD0RnwHeWRZt1PuORiDi2211F7VQEhhHqtphMVU= contains sample tx 869
[2026-04-19T03:25:38.227Z INFO  worker::batch_maker] Batch Py/ebD0RnwHeWRZt1PuORiDi2211F7VQEhhHqtphMVU= contains 204800 B
[2026-04-19T03:25:38.280Z INFO  worker::batch_maker] Batch TlAGsD1kAJuqxAmvW7yWbFGNQi3GGPNUh28Bhj21lB4= contains sample tx 870
[2026-04-19T03:25:38.280Z INFO  worker::batch_maker] Batch TlAGsD1kAJuqxAmvW7yWbFGNQi3GGPNUh28Bhj21lB4= contains 204800 B
[2026-04-19T03:25:38.332Z INFO  worker::batch_maker] Batch xxpzRUsXM4o/14rB64vhmE75bvW8tNmsKd8/Wo5c8dQ= contains sample tx 871
[2026-04-19T03:25:38.332Z INFO  worker::batch_maker] Batch xxpzRUsXM4o/14rB64vhmE75bvW8tNmsKd8/Wo5c8dQ= contains 204800 B
[2026-04-19T03:25:38.384Z INFO  worker::batch_maker] Batch woV94BKVS0Vw40v+85NJ8ioybsrEtQka7uHutHaoKaQ= contains sample tx 872
[2026-04-19T03:25:38.384Z INFO  worker::batch_maker] Batch woV94BKVS0Vw40v+85NJ8ioybsrEtQka7uHutHaoKaQ= contains 204800 B
[2026-04-19T03:25:38.438Z INFO  worker::batch_maker] Batch /A/8pxf++JC+T/J+GIACWVwSk3IUYkdOgaLq2lUmiw8= contains sample tx 873
[2026-04-19T03:25:38.438Z INFO  worker::batch_maker] Batch /A/8pxf++JC+T/J+GIACWVwSk3IUYkdOgaLq2lUmiw8= contains 204800 B
[2026-04-19T03:25:38.490Z INFO  worker::batch_maker] Batch sLdBYp3eR+4HsOsJKbM7DJXv08vVX0Y8PeEbljAVKb0= contains sample tx 874
[2026-04-19T03:25:38.490Z INFO  worker::batch_maker] Batch sLdBYp3eR+4HsOsJKbM7DJXv08vVX0Y8PeEbljAVKb0= contains 204800 B
[2026-04-19T03:25:38.543Z INFO  worker::batch_maker] Batch mJd3ky/Aeg+tFVTsfqtvuM+Bb2kpOCjaVRaYci/AD7M= contains sample tx 875
[2026-04-19T03:25:38.543Z INFO  worker::batch_maker] Batch mJd3ky/Aeg+tFVTsfqtvuM+Bb2kpOCjaVRaYci/AD7M= contains 204800 B
[2026-04-19T03:25:38.595Z INFO  worker::batch_maker] Batch KzB0nx2A8dGqtNjcIsEQfvob9SFxhCRvFkkypn8umy4= contains sample tx 876
[2026-04-19T03:25:38.595Z INFO  worker::batch_maker] Batch KzB0nx2A8dGqtNjcIsEQfvob9SFxhCRvFkkypn8umy4= contains 204800 B
[2026-04-19T03:25:38.646Z INFO  worker::batch_maker] Batch oFZThM4ahMBbRZfl0/LQcVfoijd4RhIreXDZMfJCgxA= contains sample tx 877
[2026-04-19T03:25:38.646Z INFO  worker::batch_maker] Batch oFZThM4ahMBbRZfl0/LQcVfoijd4RhIreXDZMfJCgxA= contains 204800 B
[2026-04-19T03:25:38.699Z INFO  worker::batch_maker] Batch +IZrs5JxGVWp6pRN6gs+pylpHfLAEg6YNN/KUaNe/To= contains sample tx 878
[2026-04-19T03:25:38.699Z INFO  worker::batch_maker] Batch +IZrs5JxGVWp6pRN6gs+pylpHfLAEg6YNN/KUaNe/To= contains 204800 B
[2026-04-19T03:25:38.751Z INFO  worker::batch_maker] Batch d6WDBYhB3CJ9bXWZR2PyQCfA0RolZCiE7ElDpMPtM2c= contains sample tx 879
[2026-04-19T03:25:38.751Z INFO  worker::batch_maker] Batch d6WDBYhB3CJ9bXWZR2PyQCfA0RolZCiE7ElDpMPtM2c= contains 204800 B
[2026-04-19T03:25:38.803Z INFO  worker::batch_maker] Batch 9xANhG9O2ooUmqdomCbljNA1YRm3Vv37kRnNOAey0K4= contains sample tx 880
[2026-04-19T03:25:38.803Z INFO  worker::batch_maker] Batch 9xANhG9O2ooUmqdomCbljNA1YRm3Vv37kRnNOAey0K4= contains 204800 B
[2026-04-19T03:25:38.856Z INFO  worker::batch_maker] Batch 5zhneVAlqluol4AdeXkotw1PhuLAe20unxhb0v9ru6Q= contains sample tx 881
[2026-04-19T03:25:38.856Z INFO  worker::batch_maker] Batch 5zhneVAlqluol4AdeXkotw1PhuLAe20unxhb0v9ru6Q= contains sample tx 882
[2026-04-19T03:25:38.856Z INFO  worker::batch_maker] Batch 5zhneVAlqluol4AdeXkotw1PhuLAe20unxhb0v9ru6Q= contains 384000 B
[2026-04-19T03:25:38.909Z INFO  worker::batch_maker] Batch ep9oexDAxC7wC+4tpkpduPJ8sH+KPu+GSWtADODvNiM= contains sample tx 883
[2026-04-19T03:25:38.909Z INFO  worker::batch_maker] Batch ep9oexDAxC7wC+4tpkpduPJ8sH+KPu+GSWtADODvNiM= contains 230400 B
[2026-04-19T03:25:38.960Z INFO  worker::batch_maker] Batch JgQ2TqOk5GCo2C92ZI3tgFQKflZt3uJZGaaZPoaVIqQ= contains sample tx 884
[2026-04-19T03:25:38.960Z INFO  worker::batch_maker] Batch JgQ2TqOk5GCo2C92ZI3tgFQKflZt3uJZGaaZPoaVIqQ= contains 204800 B
[2026-04-19T03:25:39.013Z INFO  worker::batch_maker] Batch DYNF0DKyMbsRwuNNy4gDsh7R1Za2oMRXjYldw0HVfJQ= contains sample tx 885
[2026-04-19T03:25:39.013Z INFO  worker::batch_maker] Batch DYNF0DKyMbsRwuNNy4gDsh7R1Za2oMRXjYldw0HVfJQ= contains 204800 B
[2026-04-19T03:25:39.064Z INFO  worker::batch_maker] Batch Ksw/uEkupIKj/C6Kaxy1ZvPHVof31t+oxWbV9SL16gQ= contains sample tx 886
[2026-04-19T03:25:39.064Z INFO  worker::batch_maker] Batch Ksw/uEkupIKj/C6Kaxy1ZvPHVof31t+oxWbV9SL16gQ= contains 204800 B
[2026-04-19T03:25:39.116Z INFO  worker::batch_maker] Batch CV3ow0S5i54IpQQ//nQEZSLjX2wZkTQssVDDsZKXSFY= contains sample tx 887
[2026-04-19T03:25:39.116Z INFO  worker::batch_maker] Batch CV3ow0S5i54IpQQ//nQEZSLjX2wZkTQssVDDsZKXSFY= contains 204800 B
[2026-04-19T03:25:39.168Z INFO  worker::batch_maker] Batch 6h9nTvK/GIdJB+CjYPtS+db2/gsli8IhT3r7LOMCp0U= contains sample tx 888
[2026-04-19T03:25:39.168Z INFO  worker::batch_maker] Batch 6h9nTvK/GIdJB+CjYPtS+db2/gsli8IhT3r7LOMCp0U= contains 204800 B
[2026-04-19T03:25:39.220Z INFO  worker::batch_maker] Batch pP/d5xbqaiR+GMY8YXdSw+8NP4zjbNA7xJVQM1DBQqk= contains sample tx 889
[2026-04-19T03:25:39.220Z INFO  worker::batch_maker] Batch pP/d5xbqaiR+GMY8YXdSw+8NP4zjbNA7xJVQM1DBQqk= contains 204800 B
[2026-04-19T03:25:39.272Z INFO  worker::batch_maker] Batch LtZcxi4J0cXfoHp8bXe/uxG7gZTeMRVs+QPSVC1JRTI= contains sample tx 890
[2026-04-19T03:25:39.272Z INFO  worker::batch_maker] Batch LtZcxi4J0cXfoHp8bXe/uxG7gZTeMRVs+QPSVC1JRTI= contains 204800 B
[2026-04-19T03:25:39.324Z INFO  worker::batch_maker] Batch EU9BSMW9cdCCDGTqGOPzV3JlYtj/yNv4m6z7yQvmnP4= contains sample tx 891
[2026-04-19T03:25:39.324Z INFO  worker::batch_maker] Batch EU9BSMW9cdCCDGTqGOPzV3JlYtj/yNv4m6z7yQvmnP4= contains 204800 B
[2026-04-19T03:25:39.378Z INFO  worker::batch_maker] Batch vG3vpBNbIZs7TDkV7rRP+B4u1jQkbkx1x9wmGu+87Vk= contains sample tx 892
[2026-04-19T03:25:39.378Z INFO  worker::batch_maker] Batch vG3vpBNbIZs7TDkV7rRP+B4u1jQkbkx1x9wmGu+87Vk= contains 204800 B
[2026-04-19T03:25:39.431Z INFO  worker::batch_maker] Batch 2r2p6HIjKdBaWUHydLcpJhtcVNsppvaH37rQ4EKcb84= contains sample tx 893
[2026-04-19T03:25:39.431Z INFO  worker::batch_maker] Batch 2r2p6HIjKdBaWUHydLcpJhtcVNsppvaH37rQ4EKcb84= contains 204800 B
[2026-04-19T03:25:39.484Z INFO  worker::batch_maker] Batch 3eijt/6LwToNW0yjQxaMuuGWYX16Ipgm2vixlmgTaUs= contains sample tx 894
[2026-04-19T03:25:39.484Z INFO  worker::batch_maker] Batch 3eijt/6LwToNW0yjQxaMuuGWYX16Ipgm2vixlmgTaUs= contains 204800 B
[2026-04-19T03:25:39.538Z INFO  worker::batch_maker] Batch lJg7ws5n99qRXS8xi6nqrzjqKRwUQlz11JT1xuNeBMQ= contains sample tx 895
[2026-04-19T03:25:39.538Z INFO  worker::batch_maker] Batch lJg7ws5n99qRXS8xi6nqrzjqKRwUQlz11JT1xuNeBMQ= contains 204800 B
[2026-04-19T03:25:39.591Z INFO  worker::batch_maker] Batch tHw82UuZdO9nSW/ds5AkEfibtz11GenOGgAlDUq7Imw= contains sample tx 896
[2026-04-19T03:25:39.591Z INFO  worker::batch_maker] Batch tHw82UuZdO9nSW/ds5AkEfibtz11GenOGgAlDUq7Imw= contains 204800 B
[2026-04-19T03:25:39.646Z INFO  worker::batch_maker] Batch fhAKM26nAfwErmwjOHDw08YfghcVVhsoFv9zrEVARqY= contains sample tx 897
[2026-04-19T03:25:39.646Z INFO  worker::batch_maker] Batch fhAKM26nAfwErmwjOHDw08YfghcVVhsoFv9zrEVARqY= contains 204800 B
[2026-04-19T03:25:39.699Z INFO  worker::batch_maker] Batch tVPtDfP0Ki7WEg8M2onSvkCP5d0hXh/O6E+Hoa31otU= contains sample tx 898
[2026-04-19T03:25:39.699Z INFO  worker::batch_maker] Batch tVPtDfP0Ki7WEg8M2onSvkCP5d0hXh/O6E+Hoa31otU= contains 204800 B
[2026-04-19T03:25:39.752Z INFO  worker::batch_maker] Batch baoB7bxGhipHk2M91kSwUlklJfqTlOJCo/uGV8iSoTg= contains sample tx 899
[2026-04-19T03:25:39.752Z INFO  worker::batch_maker] Batch baoB7bxGhipHk2M91kSwUlklJfqTlOJCo/uGV8iSoTg= contains 204800 B
[2026-04-19T03:25:39.804Z INFO  worker::batch_maker] Batch wH4F2YTwpzH5s5spUXfWTxkJNdlS4hXUZHpiIqtPzKo= contains sample tx 900
[2026-04-19T03:25:39.804Z INFO  worker::batch_maker] Batch wH4F2YTwpzH5s5spUXfWTxkJNdlS4hXUZHpiIqtPzKo= contains 217600 B
[2026-04-19T03:25:39.857Z INFO  worker::batch_maker] Batch 9PHfM9a6bRm/PoNpuYplUt93QcbzDdCFLf2puR/TgTM= contains sample tx 901
[2026-04-19T03:25:39.857Z INFO  worker::batch_maker] Batch 9PHfM9a6bRm/PoNpuYplUt93QcbzDdCFLf2puR/TgTM= contains sample tx 902
[2026-04-19T03:25:39.857Z INFO  worker::batch_maker] Batch 9PHfM9a6bRm/PoNpuYplUt93QcbzDdCFLf2puR/TgTM= contains 247808 B
[2026-04-19T03:25:39.910Z INFO  worker::batch_maker] Batch GsTt4J6Rl2bd0lJQf4ifWXc/6xxGerVtBxIZL/1uazc= contains sample tx 903
[2026-04-19T03:25:39.910Z INFO  worker::batch_maker] Batch GsTt4J6Rl2bd0lJQf4ifWXc/6xxGerVtBxIZL/1uazc= contains 204800 B
[2026-04-19T03:25:39.964Z INFO  worker::batch_maker] Batch Y4ydqEDO0AedHHSwswKAUyzZHrr25cASwjqRrkpnFsY= contains sample tx 904
[2026-04-19T03:25:39.964Z INFO  worker::batch_maker] Batch Y4ydqEDO0AedHHSwswKAUyzZHrr25cASwjqRrkpnFsY= contains 353792 B
[2026-04-19T03:25:40.017Z INFO  worker::batch_maker] Batch jVpfAV9joXtijcyVZwcTP+3fAlEw4MQ00GW4XToECDc= contains sample tx 905
[2026-04-19T03:25:40.017Z INFO  worker::batch_maker] Batch jVpfAV9joXtijcyVZwcTP+3fAlEw4MQ00GW4XToECDc= contains 204800 B
[2026-04-19T03:25:40.071Z INFO  worker::batch_maker] Batch MhXbW8ffHZepqymvgW74zyOyBTeO4C8WuJuG+PSCTV0= contains sample tx 906
[2026-04-19T03:25:40.071Z INFO  worker::batch_maker] Batch MhXbW8ffHZepqymvgW74zyOyBTeO4C8WuJuG+PSCTV0= contains 204800 B
[2026-04-19T03:25:40.122Z INFO  worker::batch_maker] Batch apyJjR9FYrPbHFvAoSqSYu70olrWrgaOpKS++mo9KSk= contains sample tx 907
[2026-04-19T03:25:40.122Z INFO  worker::batch_maker] Batch apyJjR9FYrPbHFvAoSqSYu70olrWrgaOpKS++mo9KSk= contains 204800 B
[2026-04-19T03:25:40.177Z INFO  worker::batch_maker] Batch 5uSYm0Y4ayjGlMsCbqU7jG5XwigqFq5cm01cKjM0Y5o= contains sample tx 908
[2026-04-19T03:25:40.177Z INFO  worker::batch_maker] Batch 5uSYm0Y4ayjGlMsCbqU7jG5XwigqFq5cm01cKjM0Y5o= contains 204800 B
[2026-04-19T03:25:40.229Z INFO  worker::batch_maker] Batch f0oTT/k9SWgt4cmCYOyP0F/V0LmLeQW7wtvLQ3Wwjo4= contains sample tx 909
[2026-04-19T03:25:40.229Z INFO  worker::batch_maker] Batch f0oTT/k9SWgt4cmCYOyP0F/V0LmLeQW7wtvLQ3Wwjo4= contains 204800 B
[2026-04-19T03:25:40.281Z INFO  worker::batch_maker] Batch 3aM4PxNLNWRzMUVn7oM0tZTQpmP/trKCKf9u+xWHmaU= contains 52224 B
[2026-04-19T03:25:40.336Z INFO  worker::batch_maker] Batch gIjwUmuiJSmNq56UnPrgtQthKF3mqwdd9ZphN2OIhY8= contains sample tx 910
[2026-04-19T03:25:40.336Z INFO  worker::batch_maker] Batch gIjwUmuiJSmNq56UnPrgtQthKF3mqwdd9ZphN2OIhY8= contains sample tx 911
[2026-04-19T03:25:40.336Z INFO  worker::batch_maker] Batch gIjwUmuiJSmNq56UnPrgtQthKF3mqwdd9ZphN2OIhY8= contains 357376 B
[2026-04-19T03:25:40.389Z INFO  worker::batch_maker] Batch eGfBuzKHYd9IPnrn54DAyb2niv9XP3YDN6fFqaRLDhA= contains sample tx 912
[2026-04-19T03:25:40.389Z INFO  worker::batch_maker] Batch eGfBuzKHYd9IPnrn54DAyb2niv9XP3YDN6fFqaRLDhA= contains 204800 B
[2026-04-19T03:25:40.441Z INFO  worker::batch_maker] Batch NyMYlk4mLIMqyclrz+yBiohdOaI17KqTist89lbsZ94= contains sample tx 913
[2026-04-19T03:25:40.441Z INFO  worker::batch_maker] Batch NyMYlk4mLIMqyclrz+yBiohdOaI17KqTist89lbsZ94= contains 204800 B
[2026-04-19T03:25:40.494Z INFO  worker::batch_maker] Batch yLh3ZKZ68vukg5Fe2LBpNhuQXLxpJ06JxVDvM5wUxCY= contains sample tx 914
[2026-04-19T03:25:40.494Z INFO  worker::batch_maker] Batch yLh3ZKZ68vukg5Fe2LBpNhuQXLxpJ06JxVDvM5wUxCY= contains 204800 B
[2026-04-19T03:25:40.546Z INFO  worker::batch_maker] Batch A5GYKjhlVLjxsk1U5bDCJ+NZVLULFffS0ZnI9Jmkq48= contains sample tx 915
[2026-04-19T03:25:40.546Z INFO  worker::batch_maker] Batch A5GYKjhlVLjxsk1U5bDCJ+NZVLULFffS0ZnI9Jmkq48= contains 204800 B
[2026-04-19T03:25:40.598Z INFO  worker::batch_maker] Batch 35IKKFFPB4cGvBpso3sXA1GQ+NBy+8+GWVS91sE2uMQ= contains sample tx 916
[2026-04-19T03:25:40.599Z INFO  worker::batch_maker] Batch 35IKKFFPB4cGvBpso3sXA1GQ+NBy+8+GWVS91sE2uMQ= contains 204800 B
[2026-04-19T03:25:40.651Z INFO  worker::batch_maker] Batch 7bj/g6ee1/F20U+1QngNc28W9B66JHJG5dDRte/l+WY= contains sample tx 917
[2026-04-19T03:25:40.651Z INFO  worker::batch_maker] Batch 7bj/g6ee1/F20U+1QngNc28W9B66JHJG5dDRte/l+WY= contains 204800 B
[2026-04-19T03:25:40.703Z INFO  worker::batch_maker] Batch S1jFa/E4AX3g0fnu6PknbRlm/nu9oUMmxwTG3HBl5ME= contains sample tx 918
[2026-04-19T03:25:40.703Z INFO  worker::batch_maker] Batch S1jFa/E4AX3g0fnu6PknbRlm/nu9oUMmxwTG3HBl5ME= contains 204800 B
[2026-04-19T03:25:40.755Z INFO  worker::batch_maker] Batch Q2kuUaOdJ8NvGWa86hJH/KOeA7i0Ho05YsUKxt+cbqA= contains sample tx 919
[2026-04-19T03:25:40.755Z INFO  worker::batch_maker] Batch Q2kuUaOdJ8NvGWa86hJH/KOeA7i0Ho05YsUKxt+cbqA= contains sample tx 920
[2026-04-19T03:25:40.755Z INFO  worker::batch_maker] Batch Q2kuUaOdJ8NvGWa86hJH/KOeA7i0Ho05YsUKxt+cbqA= contains 268288 B
[2026-04-19T03:25:40.809Z INFO  worker::batch_maker] Batch /aocWJl8ch2au9tdcy/NB2omjFqaunhdrQpgLsh6EGw= contains sample tx 921
[2026-04-19T03:25:40.809Z INFO  worker::batch_maker] Batch /aocWJl8ch2au9tdcy/NB2omjFqaunhdrQpgLsh6EGw= contains 346112 B
[2026-04-19T03:25:40.860Z INFO  worker::batch_maker] Batch gzThxfN8B2PIiuhxbWai+88oRCZfK4zcek6oBBLJhBY= contains sample tx 922
[2026-04-19T03:25:40.860Z INFO  worker::batch_maker] Batch gzThxfN8B2PIiuhxbWai+88oRCZfK4zcek6oBBLJhBY= contains 204800 B
[2026-04-19T03:25:40.912Z INFO  worker::batch_maker] Batch pyn2TVuDNSSWiJfatH9n77EjaEW2LxGQmNcJLwFNju0= contains sample tx 923
[2026-04-19T03:25:40.912Z INFO  worker::batch_maker] Batch pyn2TVuDNSSWiJfatH9n77EjaEW2LxGQmNcJLwFNju0= contains 204800 B
[2026-04-19T03:25:40.964Z INFO  worker::batch_maker] Batch ohp4FAdu4T4cnL+DJhFjoZHD9IMTVaP86t9jM1ivkbs= contains sample tx 924
[2026-04-19T03:25:40.964Z INFO  worker::batch_maker] Batch ohp4FAdu4T4cnL+DJhFjoZHD9IMTVaP86t9jM1ivkbs= contains 204800 B
[2026-04-19T03:25:41.018Z INFO  worker::batch_maker] Batch YIkrEMs9n4bxpBQey6hgcGK+11FFtsQHEOXSzFvzxLw= contains sample tx 925
[2026-04-19T03:25:41.018Z INFO  worker::batch_maker] Batch YIkrEMs9n4bxpBQey6hgcGK+11FFtsQHEOXSzFvzxLw= contains 204800 B
[2026-04-19T03:25:41.072Z INFO  worker::batch_maker] Batch F7FnJTDvDce2eWFmbjYaI2EcRIwJAEli7TC1mODZ890= contains sample tx 926
[2026-04-19T03:25:41.072Z INFO  worker::batch_maker] Batch F7FnJTDvDce2eWFmbjYaI2EcRIwJAEli7TC1mODZ890= contains 204800 B
[2026-04-19T03:25:41.123Z INFO  worker::batch_maker] Batch DSwH1bNWIn3m3aEYrShQfYr58mDoDWuJLYBiOk3a6Go= contains sample tx 927
[2026-04-19T03:25:41.123Z INFO  worker::batch_maker] Batch DSwH1bNWIn3m3aEYrShQfYr58mDoDWuJLYBiOk3a6Go= contains 204800 B
[2026-04-19T03:25:41.176Z INFO  worker::batch_maker] Batch UNtcI4KonO9uJapai4FAHaEMqsxP12Ma4Pg1MmKsIKw= contains sample tx 928
[2026-04-19T03:25:41.176Z INFO  worker::batch_maker] Batch UNtcI4KonO9uJapai4FAHaEMqsxP12Ma4Pg1MmKsIKw= contains 204800 B
[2026-04-19T03:25:41.229Z INFO  worker::batch_maker] Batch 5TcFTfss5sKp/YkKRbvQBhvcRHIMiz8TinZGgEu6qOM= contains sample tx 929
[2026-04-19T03:25:41.230Z INFO  worker::batch_maker] Batch 5TcFTfss5sKp/YkKRbvQBhvcRHIMiz8TinZGgEu6qOM= contains 204800 B
[2026-04-19T03:25:41.282Z INFO  worker::batch_maker] Batch /Pn3aGG8KPVOMy6ENZ71hqB1m1mBTWVV++Kxcwzkxf8= contains sample tx 930
[2026-04-19T03:25:41.282Z INFO  worker::batch_maker] Batch /Pn3aGG8KPVOMy6ENZ71hqB1m1mBTWVV++Kxcwzkxf8= contains 204800 B
[2026-04-19T03:25:41.334Z INFO  worker::batch_maker] Batch nKe7QE6uCM2TNNhtRAvMR04qYzHLhwKVT7/yjNmQ/Uw= contains sample tx 931
[2026-04-19T03:25:41.334Z INFO  worker::batch_maker] Batch nKe7QE6uCM2TNNhtRAvMR04qYzHLhwKVT7/yjNmQ/Uw= contains 204800 B
[2026-04-19T03:25:41.385Z INFO  worker::batch_maker] Batch 4j9bzxuJPa2gNOAFZlIPgw5aPYZXK54XbomVXq253ck= contains sample tx 932
[2026-04-19T03:25:41.385Z INFO  worker::batch_maker] Batch 4j9bzxuJPa2gNOAFZlIPgw5aPYZXK54XbomVXq253ck= contains 204800 B
[2026-04-19T03:25:41.440Z INFO  worker::batch_maker] Batch 9G2VF2UbfnFoZMMpI/IHsTBk77VlwLRbtMydOA7Y/tE= contains sample tx 933
[2026-04-19T03:25:41.440Z INFO  worker::batch_maker] Batch 9G2VF2UbfnFoZMMpI/IHsTBk77VlwLRbtMydOA7Y/tE= contains 204800 B
[2026-04-19T03:25:41.492Z INFO  worker::batch_maker] Batch N8zKJh42XtP3zFkLyOjKRy927ZT+0mQe54PmcdhIYNQ= contains sample tx 934
[2026-04-19T03:25:41.492Z INFO  worker::batch_maker] Batch N8zKJh42XtP3zFkLyOjKRy927ZT+0mQe54PmcdhIYNQ= contains 204800 B
[2026-04-19T03:25:41.544Z INFO  worker::batch_maker] Batch 40+FrpyCWT10hirfIeqKv/GCpCaGrRlcDSSkDF+ze1M= contains sample tx 935
[2026-04-19T03:25:41.544Z INFO  worker::batch_maker] Batch 40+FrpyCWT10hirfIeqKv/GCpCaGrRlcDSSkDF+ze1M= contains 204800 B
[2026-04-19T03:25:41.597Z INFO  worker::batch_maker] Batch zLvHrmsuaX9VPgMuPAP0+kvqefAu2SS5d1KOvg2LhcE= contains sample tx 936
[2026-04-19T03:25:41.597Z INFO  worker::batch_maker] Batch zLvHrmsuaX9VPgMuPAP0+kvqefAu2SS5d1KOvg2LhcE= contains 204800 B
[2026-04-19T03:25:41.649Z INFO  worker::batch_maker] Batch ySWVO/99REfSFIARmpcyTuqI+Lhfm7eQ4wIOW86g4xs= contains sample tx 937
[2026-04-19T03:25:41.649Z INFO  worker::batch_maker] Batch ySWVO/99REfSFIARmpcyTuqI+Lhfm7eQ4wIOW86g4xs= contains 204800 B
[2026-04-19T03:25:41.703Z INFO  worker::batch_maker] Batch 63HSMaBawJqSmdHDHJOeqecpg9/T4g7ncWrDfRA4sS8= contains sample tx 938
[2026-04-19T03:25:41.703Z INFO  worker::batch_maker] Batch 63HSMaBawJqSmdHDHJOeqecpg9/T4g7ncWrDfRA4sS8= contains 204800 B
[2026-04-19T03:25:41.758Z INFO  worker::batch_maker] Batch 14Ni6GvRSywAbzA02UbS6/Y6Btqc/sa25avV10JqScI= contains sample tx 939
[2026-04-19T03:25:41.758Z INFO  worker::batch_maker] Batch 14Ni6GvRSywAbzA02UbS6/Y6Btqc/sa25avV10JqScI= contains sample tx 940
[2026-04-19T03:25:41.758Z INFO  worker::batch_maker] Batch 14Ni6GvRSywAbzA02UbS6/Y6Btqc/sa25avV10JqScI= contains 323072 B
[2026-04-19T03:25:41.812Z INFO  worker::batch_maker] Batch 3KGsW/V6LjBJiuBvMsm6fj2pqFXg7mLAyIS4RxJmDwQ= contains sample tx 941
[2026-04-19T03:25:41.812Z INFO  worker::batch_maker] Batch 3KGsW/V6LjBJiuBvMsm6fj2pqFXg7mLAyIS4RxJmDwQ= contains 291328 B
[2026-04-19T03:25:41.866Z INFO  worker::batch_maker] Batch dJRsfR5eyni8ntpNEJyUzyPnXR3GksOEBWyJjoXgHvg= contains sample tx 942
[2026-04-19T03:25:41.866Z INFO  worker::batch_maker] Batch dJRsfR5eyni8ntpNEJyUzyPnXR3GksOEBWyJjoXgHvg= contains 204800 B
[2026-04-19T03:25:41.918Z INFO  worker::batch_maker] Batch CWp9DolJ9KToH69Af2k5cgGNt+wjp041yZxtYYgwLdY= contains sample tx 943
[2026-04-19T03:25:41.918Z INFO  worker::batch_maker] Batch CWp9DolJ9KToH69Af2k5cgGNt+wjp041yZxtYYgwLdY= contains 204800 B
[2026-04-19T03:25:41.972Z INFO  worker::batch_maker] Batch T8V4E4gewHoceF/ghfxye+lJOsJ41isPZJD8b/L40pU= contains sample tx 944
[2026-04-19T03:25:41.972Z INFO  worker::batch_maker] Batch T8V4E4gewHoceF/ghfxye+lJOsJ41isPZJD8b/L40pU= contains 204800 B
[2026-04-19T03:25:42.025Z INFO  worker::batch_maker] Batch 79tYq6+BMIny9ZhUDjjTF7B4zJBW+0/27onkWcupwHE= contains sample tx 945
[2026-04-19T03:25:42.025Z INFO  worker::batch_maker] Batch 79tYq6+BMIny9ZhUDjjTF7B4zJBW+0/27onkWcupwHE= contains 204800 B
[2026-04-19T03:25:42.077Z INFO  worker::batch_maker] Batch VN7P9zSda2S4fFuouwajSyS/yJpgQq2bwq7/henvU9M= contains sample tx 946
[2026-04-19T03:25:42.077Z INFO  worker::batch_maker] Batch VN7P9zSda2S4fFuouwajSyS/yJpgQq2bwq7/henvU9M= contains 204800 B
[2026-04-19T03:25:42.131Z INFO  worker::batch_maker] Batch OMob3lJiZOz/Lx3b0vUfx0yztyKXWQziZ0PQheWdKH0= contains sample tx 947
[2026-04-19T03:25:42.131Z INFO  worker::batch_maker] Batch OMob3lJiZOz/Lx3b0vUfx0yztyKXWQziZ0PQheWdKH0= contains 204800 B
[2026-04-19T03:25:42.184Z INFO  worker::batch_maker] Batch QpOPI8m1BQREYTWZvN3dBRnXQE/9e94qdrEv72qHvno= contains sample tx 948
[2026-04-19T03:25:42.184Z INFO  worker::batch_maker] Batch QpOPI8m1BQREYTWZvN3dBRnXQE/9e94qdrEv72qHvno= contains 204800 B
[2026-04-19T03:25:42.238Z INFO  worker::batch_maker] Batch KWWp4xbUUJJ6AbCl1wh+kmGxdVx9e+e3CpWvQpo9KMY= contains sample tx 949
[2026-04-19T03:25:42.238Z INFO  worker::batch_maker] Batch KWWp4xbUUJJ6AbCl1wh+kmGxdVx9e+e3CpWvQpo9KMY= contains 204800 B
[2026-04-19T03:25:42.292Z INFO  worker::batch_maker] Batch mwh195/62WG6RSzgNFKDzAOH15nkQDT48YRGTAisMvg= contains sample tx 950
[2026-04-19T03:25:42.292Z INFO  worker::batch_maker] Batch mwh195/62WG6RSzgNFKDzAOH15nkQDT48YRGTAisMvg= contains 204800 B
[2026-04-19T03:25:42.345Z INFO  worker::batch_maker] Batch YiDd5MOjO+8eG7ymE2EBhSmx3yZz1Hsf7wM2HENsb30= contains sample tx 951
[2026-04-19T03:25:42.345Z INFO  worker::batch_maker] Batch YiDd5MOjO+8eG7ymE2EBhSmx3yZz1Hsf7wM2HENsb30= contains 204800 B
[2026-04-19T03:25:42.399Z INFO  worker::batch_maker] Batch pYmTiCTzMgo+5a+4aLMaM0hBRbn6P1W/50a/HTec20M= contains sample tx 952
[2026-04-19T03:25:42.399Z INFO  worker::batch_maker] Batch pYmTiCTzMgo+5a+4aLMaM0hBRbn6P1W/50a/HTec20M= contains 204800 B
[2026-04-19T03:25:42.451Z INFO  worker::batch_maker] Batch TysUmeH3apCHUIWGjSLBMNDhhxdQxu7KQ8aprrGgc3c= contains sample tx 953
[2026-04-19T03:25:42.451Z INFO  worker::batch_maker] Batch TysUmeH3apCHUIWGjSLBMNDhhxdQxu7KQ8aprrGgc3c= contains 204800 B
[2026-04-19T03:25:42.503Z INFO  worker::batch_maker] Batch 9AkwoPPzGkewh+3TyVZCFI8fXwhQp/qJ4L47XE7ymkk= contains sample tx 954
[2026-04-19T03:25:42.503Z INFO  worker::batch_maker] Batch 9AkwoPPzGkewh+3TyVZCFI8fXwhQp/qJ4L47XE7ymkk= contains 204800 B
[2026-04-19T03:25:42.555Z INFO  worker::batch_maker] Batch PGQoes8bEn6NTBo512eER3D3NqWeF0KdW8QSVPVGd94= contains sample tx 955
[2026-04-19T03:25:42.555Z INFO  worker::batch_maker] Batch PGQoes8bEn6NTBo512eER3D3NqWeF0KdW8QSVPVGd94= contains 270336 B
[2026-04-19T03:25:42.610Z INFO  worker::batch_maker] Batch j2P9gnSKKYlxkxWdm2yUzNP+rZlfvJqhW5Ob+kqBOmM= contains sample tx 956
[2026-04-19T03:25:42.610Z INFO  worker::batch_maker] Batch j2P9gnSKKYlxkxWdm2yUzNP+rZlfvJqhW5Ob+kqBOmM= contains sample tx 957
[2026-04-19T03:25:42.610Z INFO  worker::batch_maker] Batch j2P9gnSKKYlxkxWdm2yUzNP+rZlfvJqhW5Ob+kqBOmM= contains 344064 B
[2026-04-19T03:25:42.664Z INFO  worker::batch_maker] Batch gjBVhWLhYD9o0Qii6BJzehLjtCYfC5lMjHO2N6/DVy4= contains sample tx 958
[2026-04-19T03:25:42.664Z INFO  worker::batch_maker] Batch gjBVhWLhYD9o0Qii6BJzehLjtCYfC5lMjHO2N6/DVy4= contains 204800 B
[2026-04-19T03:25:42.720Z INFO  worker::batch_maker] Batch z9m/Q4z3XUhBGh6srgAJ9nkCZRre1OySW4BrXctmFV0= contains sample tx 959
[2026-04-19T03:25:42.736Z INFO  worker::batch_maker] Batch z9m/Q4z3XUhBGh6srgAJ9nkCZRre1OySW4BrXctmFV0= contains 204800 B
[2026-04-19T03:25:42.788Z INFO  worker::batch_maker] Batch 29yvT3a/c2jWqCPxbkDqsieKUYFAm2KL6IOUMNlrT5M= contains sample tx 960
[2026-04-19T03:25:42.788Z INFO  worker::batch_maker] Batch 29yvT3a/c2jWqCPxbkDqsieKUYFAm2KL6IOUMNlrT5M= contains 204800 B
[2026-04-19T03:25:42.841Z INFO  worker::batch_maker] Batch 1moPjLLXV4UdA07nHCVudJKBrTQHAnj50WZ8Wbdw6gA= contains sample tx 961
[2026-04-19T03:25:42.841Z INFO  worker::batch_maker] Batch 1moPjLLXV4UdA07nHCVudJKBrTQHAnj50WZ8Wbdw6gA= contains 204800 B
[2026-04-19T03:25:42.894Z INFO  worker::batch_maker] Batch Nfeh6YRs2cxwqLpq661so+hZ8/R8knQNRhvy3lFOBZU= contains sample tx 962
[2026-04-19T03:25:42.894Z INFO  worker::batch_maker] Batch Nfeh6YRs2cxwqLpq661so+hZ8/R8knQNRhvy3lFOBZU= contains 204800 B
[2026-04-19T03:25:42.946Z INFO  worker::batch_maker] Batch GexogNFqOqSc4OzAaf4qql8mqBKXgGRA1oE7cFGRZbg= contains sample tx 963
[2026-04-19T03:25:42.946Z INFO  worker::batch_maker] Batch GexogNFqOqSc4OzAaf4qql8mqBKXgGRA1oE7cFGRZbg= contains 204800 B
[2026-04-19T03:25:43.000Z INFO  worker::batch_maker] Batch RDqlZXVC23GyDUjb6wxrKTr5ODFMy6CP9V/epoUSFEA= contains sample tx 964
[2026-04-19T03:25:43.000Z INFO  worker::batch_maker] Batch RDqlZXVC23GyDUjb6wxrKTr5ODFMy6CP9V/epoUSFEA= contains 204800 B
[2026-04-19T03:25:43.053Z INFO  worker::batch_maker] Batch B8rmlfX/xSegV8poDp010o2ynz8+ySmjUkRpofMCX68= contains sample tx 965
[2026-04-19T03:25:43.053Z INFO  worker::batch_maker] Batch B8rmlfX/xSegV8poDp010o2ynz8+ySmjUkRpofMCX68= contains 204800 B
[2026-04-19T03:25:43.107Z INFO  worker::batch_maker] Batch x84mbXlc8Rr0PXPAtVweuX19Z95yK1jV1H4H4sCxYWc= contains sample tx 966
[2026-04-19T03:25:43.107Z INFO  worker::batch_maker] Batch x84mbXlc8Rr0PXPAtVweuX19Z95yK1jV1H4H4sCxYWc= contains 214528 B
[2026-04-19T03:25:43.161Z INFO  worker::batch_maker] Batch 8zj0BgFpo9qxIUKhqtcs3GOQZfLtR5BSqN+nffdAbXg= contains sample tx 967
[2026-04-19T03:25:43.162Z INFO  worker::batch_maker] Batch 8zj0BgFpo9qxIUKhqtcs3GOQZfLtR5BSqN+nffdAbXg= contains 275456 B
[2026-04-19T03:25:43.215Z INFO  worker::batch_maker] Batch 2Ep9JSx9BeOTSRihXe3bgWv0ojt6jINHQPSIN70W02A= contains sample tx 968
[2026-04-19T03:25:43.215Z INFO  worker::batch_maker] Batch 2Ep9JSx9BeOTSRihXe3bgWv0ojt6jINHQPSIN70W02A= contains sample tx 969
[2026-04-19T03:25:43.215Z INFO  worker::batch_maker] Batch 2Ep9JSx9BeOTSRihXe3bgWv0ojt6jINHQPSIN70W02A= contains 291840 B
[2026-04-19T03:25:43.271Z INFO  worker::batch_maker] Batch rm/xP+JQWW1gjRDHsm2StVE2JTDAWOf+NjF0d7L/7Pg= contains sample tx 970
[2026-04-19T03:25:43.271Z INFO  worker::batch_maker] Batch rm/xP+JQWW1gjRDHsm2StVE2JTDAWOf+NjF0d7L/7Pg= contains 242176 B
[2026-04-19T03:25:43.322Z INFO  worker::batch_maker] Batch 33WZCSlSqQ4BLEeUQWn+LU40TJ2i66dzTCOyknUPIcA= contains sample tx 971
[2026-04-19T03:25:43.322Z INFO  worker::batch_maker] Batch 33WZCSlSqQ4BLEeUQWn+LU40TJ2i66dzTCOyknUPIcA= contains 204800 B
[2026-04-19T03:25:43.375Z INFO  worker::batch_maker] Batch s4Dq6jVUiw/rdbv1W/Dya/X1xC2H4QABjZBeT0R3jwU= contains sample tx 972
[2026-04-19T03:25:43.375Z INFO  worker::batch_maker] Batch s4Dq6jVUiw/rdbv1W/Dya/X1xC2H4QABjZBeT0R3jwU= contains 204800 B
[2026-04-19T03:25:43.428Z INFO  worker::batch_maker] Batch d4LaUkk8hJ+BH9d/e22WyhJXehukYHu87iZUVSRYLuY= contains sample tx 973
[2026-04-19T03:25:43.428Z INFO  worker::batch_maker] Batch d4LaUkk8hJ+BH9d/e22WyhJXehukYHu87iZUVSRYLuY= contains 204800 B
[2026-04-19T03:25:43.483Z INFO  worker::batch_maker] Batch lAk8Ld6zMdtTpxGDFkF61aUgZSVyGKa+mGXGRDSW1l4= contains sample tx 974
[2026-04-19T03:25:43.483Z INFO  worker::batch_maker] Batch lAk8Ld6zMdtTpxGDFkF61aUgZSVyGKa+mGXGRDSW1l4= contains 204800 B
[2026-04-19T03:25:43.537Z INFO  worker::batch_maker] Batch 5f69FK5Z0ZLLR79dFMmTcAdR0B+cJNdyZSoZY4INECw= contains sample tx 975
[2026-04-19T03:25:43.537Z INFO  worker::batch_maker] Batch 5f69FK5Z0ZLLR79dFMmTcAdR0B+cJNdyZSoZY4INECw= contains 204800 B
[2026-04-19T03:25:43.590Z INFO  worker::batch_maker] Batch lvxOvQ+R3jwdura0E7DgJMNAI2HkXxE4k6mbKOMGvNA= contains sample tx 976
[2026-04-19T03:25:43.590Z INFO  worker::batch_maker] Batch lvxOvQ+R3jwdura0E7DgJMNAI2HkXxE4k6mbKOMGvNA= contains 204800 B
[2026-04-19T03:25:43.644Z INFO  worker::batch_maker] Batch N5UFMP9clhQXSBgElPwdu9FLfNN3ypilKcewcEuGTaE= contains sample tx 977
[2026-04-19T03:25:43.644Z INFO  worker::batch_maker] Batch N5UFMP9clhQXSBgElPwdu9FLfNN3ypilKcewcEuGTaE= contains 204800 B
[2026-04-19T03:25:43.696Z INFO  worker::batch_maker] Batch UKXqyKskdqwTFioq2tHVpRQ0GBd9ezG2OOr2HdLM2Bw= contains sample tx 978
[2026-04-19T03:25:43.696Z INFO  worker::batch_maker] Batch UKXqyKskdqwTFioq2tHVpRQ0GBd9ezG2OOr2HdLM2Bw= contains 204800 B
[2026-04-19T03:25:43.750Z INFO  worker::batch_maker] Batch uuvwVoPONGbe0o/NUKJYBlb033SttF5ArZg8PF4l+Qs= contains sample tx 979
[2026-04-19T03:25:43.750Z INFO  worker::batch_maker] Batch uuvwVoPONGbe0o/NUKJYBlb033SttF5ArZg8PF4l+Qs= contains 204800 B
[2026-04-19T03:25:43.802Z INFO  worker::batch_maker] Batch 23omhxJdJWiyTRpg1mX85dXn6U4qnKFvBxLBgwJiyx0= contains sample tx 980
[2026-04-19T03:25:43.802Z INFO  worker::batch_maker] Batch 23omhxJdJWiyTRpg1mX85dXn6U4qnKFvBxLBgwJiyx0= contains 204800 B
[2026-04-19T03:25:43.855Z INFO  worker::batch_maker] Batch tYGa/64xjgkwijxTIxhzXebnc94RCvyHFj9QFjLz+KI= contains sample tx 981
[2026-04-19T03:25:43.855Z INFO  worker::batch_maker] Batch tYGa/64xjgkwijxTIxhzXebnc94RCvyHFj9QFjLz+KI= contains 232960 B
[2026-04-19T03:25:43.914Z INFO  worker::batch_maker] Batch PmHCmoIV6DmvkfLSFSWPyzr4krg9QLVpop3VKlBf0EY= contains sample tx 982
[2026-04-19T03:25:43.914Z INFO  worker::batch_maker] Batch PmHCmoIV6DmvkfLSFSWPyzr4krg9QLVpop3VKlBf0EY= contains sample tx 983
[2026-04-19T03:25:43.914Z INFO  worker::batch_maker] Batch PmHCmoIV6DmvkfLSFSWPyzr4krg9QLVpop3VKlBf0EY= contains 368128 B
[2026-04-19T03:25:43.969Z INFO  worker::batch_maker] Batch kZ8PEU6PvMyNIwSFJm22mp3cwtxPHmmMx+XzyBR2BeQ= contains sample tx 984
[2026-04-19T03:25:43.969Z INFO  worker::batch_maker] Batch kZ8PEU6PvMyNIwSFJm22mp3cwtxPHmmMx+XzyBR2BeQ= contains 218112 B
[2026-04-19T03:25:44.022Z INFO  worker::batch_maker] Batch msfaTy9DdBTS2Yi6CTzhWg6qPMPGvhf67lpcye+aHLY= contains sample tx 985
[2026-04-19T03:25:44.022Z INFO  worker::batch_maker] Batch msfaTy9DdBTS2Yi6CTzhWg6qPMPGvhf67lpcye+aHLY= contains 204800 B
[2026-04-19T03:25:44.076Z INFO  worker::batch_maker] Batch bjoJh4u7/Hl1iGrQfCdAZj59gpv7vRJuRa76ruo6pk8= contains sample tx 986
[2026-04-19T03:25:44.076Z INFO  worker::batch_maker] Batch bjoJh4u7/Hl1iGrQfCdAZj59gpv7vRJuRa76ruo6pk8= contains 204800 B
[2026-04-19T03:25:44.131Z INFO  worker::batch_maker] Batch xah66OH9CKberq0gbPENr1Wb2rlf748/8lLtOgvCJEk= contains sample tx 987
[2026-04-19T03:25:44.131Z INFO  worker::batch_maker] Batch xah66OH9CKberq0gbPENr1Wb2rlf748/8lLtOgvCJEk= contains 204800 B
[2026-04-19T03:25:44.184Z INFO  worker::batch_maker] Batch JuF4B5Pr6V8ZUo5vddk59+IOLBjlJ8lYhaOraBVzHH4= contains sample tx 988
[2026-04-19T03:25:44.185Z INFO  worker::batch_maker] Batch JuF4B5Pr6V8ZUo5vddk59+IOLBjlJ8lYhaOraBVzHH4= contains 204800 B
[2026-04-19T03:25:44.238Z INFO  worker::batch_maker] Batch 7M2pHKCiBch+hwRnaGXNgNBph5FkOwVM5jF2sIzqj1U= contains sample tx 989
[2026-04-19T03:25:44.238Z INFO  worker::batch_maker] Batch 7M2pHKCiBch+hwRnaGXNgNBph5FkOwVM5jF2sIzqj1U= contains 204800 B
[2026-04-19T03:25:44.291Z INFO  worker::batch_maker] Batch +PwhSiXHY1p/Xxnas+8TmxVnp6K7WDxpr91e8V78LSA= contains 97280 B
[2026-04-19T03:25:44.346Z INFO  worker::batch_maker] Batch yR2llIKyGtJM2lFLRBb6AKb4g60Gw9wxfO2ucebI6N8= contains sample tx 990
[2026-04-19T03:25:44.346Z INFO  worker::batch_maker] Batch yR2llIKyGtJM2lFLRBb6AKb4g60Gw9wxfO2ucebI6N8= contains sample tx 991
[2026-04-19T03:25:44.346Z INFO  worker::batch_maker] Batch yR2llIKyGtJM2lFLRBb6AKb4g60Gw9wxfO2ucebI6N8= contains 312320 B
[2026-04-19T03:25:44.399Z INFO  worker::batch_maker] Batch St+4pOmgq6Kg9UUpg+b/5GOL00wdXPjE+i0aea4Y7Mo= contains sample tx 992
[2026-04-19T03:25:44.399Z INFO  worker::batch_maker] Batch St+4pOmgq6Kg9UUpg+b/5GOL00wdXPjE+i0aea4Y7Mo= contains 204800 B
[2026-04-19T03:25:44.452Z INFO  worker::batch_maker] Batch 34y2uEJIqWeQRBxJW9Lsn5H+Vq93q+aFglwZMNBzhxY= contains sample tx 993
[2026-04-19T03:25:44.452Z INFO  worker::batch_maker] Batch 34y2uEJIqWeQRBxJW9Lsn5H+Vq93q+aFglwZMNBzhxY= contains 204800 B
[2026-04-19T03:25:44.506Z INFO  worker::batch_maker] Batch JglQPksuJZsAPBlUH5fNQzNeii4FmOFcAI7DZgrvpXk= contains sample tx 994
[2026-04-19T03:25:44.506Z INFO  worker::batch_maker] Batch JglQPksuJZsAPBlUH5fNQzNeii4FmOFcAI7DZgrvpXk= contains 204800 B
[2026-04-19T03:25:44.561Z INFO  worker::batch_maker] Batch 2qfiVtHJEyU+1G44yUpwqGCdRdnhDlVQh1CHWe6Q/jM= contains sample tx 995
[2026-04-19T03:25:44.561Z INFO  worker::batch_maker] Batch 2qfiVtHJEyU+1G44yUpwqGCdRdnhDlVQh1CHWe6Q/jM= contains sample tx 996
[2026-04-19T03:25:44.561Z INFO  worker::batch_maker] Batch 2qfiVtHJEyU+1G44yUpwqGCdRdnhDlVQh1CHWe6Q/jM= contains 409600 B
[2026-04-19T03:25:44.615Z INFO  worker::batch_maker] Batch oustCvZuJQ3GkTdgxiQ6NtrwHr7SEvwW2LIy9w/km8Y= contains sample tx 997
[2026-04-19T03:25:44.615Z INFO  worker::batch_maker] Batch oustCvZuJQ3GkTdgxiQ6NtrwHr7SEvwW2LIy9w/km8Y= contains 204800 B
[2026-04-19T03:25:44.668Z INFO  worker::batch_maker] Batch UPf54YcceGbeeiVnRdBP85BUMXjih+kRWkhmo8qrxX8= contains sample tx 998
[2026-04-19T03:25:44.668Z INFO  worker::batch_maker] Batch UPf54YcceGbeeiVnRdBP85BUMXjih+kRWkhmo8qrxX8= contains 204800 B
[2026-04-19T03:25:44.721Z INFO  worker::batch_maker] Batch GLka9TlxvJvCg3wEMKzmdQFTBopbMnJQdgWvvPcjXZc= contains sample tx 999
[2026-04-19T03:25:44.721Z INFO  worker::batch_maker] Batch GLka9TlxvJvCg3wEMKzmdQFTBopbMnJQdgWvvPcjXZc= contains 204800 B
[2026-04-19T03:25:44.774Z INFO  worker::batch_maker] Batch xL4lzwNQ3VFUZhbAWUVPYUniH3QmQFbNMQyHOz3FQYs= contains sample tx 1000
[2026-04-19T03:25:44.774Z INFO  worker::batch_maker] Batch xL4lzwNQ3VFUZhbAWUVPYUniH3QmQFbNMQyHOz3FQYs= contains 204800 B
[2026-04-19T03:25:44.825Z INFO  worker::batch_maker] Batch wcJgPiXMKX5+5sKFCEjHj4n3AAgjwagwg0WCCXOcrDo= contains sample tx 1001
[2026-04-19T03:25:44.825Z INFO  worker::batch_maker] Batch wcJgPiXMKX5+5sKFCEjHj4n3AAgjwagwg0WCCXOcrDo= contains 204800 B
[2026-04-19T03:25:44.878Z INFO  worker::batch_maker] Batch FuZGZ+9mzLrOMPOYeqxDSmDQhfq88zpyNygMIQWz+tg= contains sample tx 1002
[2026-04-19T03:25:44.878Z INFO  worker::batch_maker] Batch FuZGZ+9mzLrOMPOYeqxDSmDQhfq88zpyNygMIQWz+tg= contains 204800 B
[2026-04-19T03:25:44.931Z INFO  worker::batch_maker] Batch V3b7KJby2rIj1TsoqeZS3e3zJbvtvdrcR4NH2VWTDNY= contains sample tx 1003
[2026-04-19T03:25:44.931Z INFO  worker::batch_maker] Batch V3b7KJby2rIj1TsoqeZS3e3zJbvtvdrcR4NH2VWTDNY= contains 204800 B
[2026-04-19T03:25:44.983Z INFO  worker::batch_maker] Batch Ol5EfMdkyOyXh1Wr7L6qMZ1EWkpBipjPOLzBkH4F2O8= contains sample tx 1004
[2026-04-19T03:25:44.983Z INFO  worker::batch_maker] Batch Ol5EfMdkyOyXh1Wr7L6qMZ1EWkpBipjPOLzBkH4F2O8= contains 204800 B
[2026-04-19T03:25:45.036Z INFO  worker::batch_maker] Batch CVhVkBYWLN+gAxdxFi8EgJfY+wVc8IYHDpE2hD3BwXQ= contains sample tx 1005
[2026-04-19T03:25:45.036Z INFO  worker::batch_maker] Batch CVhVkBYWLN+gAxdxFi8EgJfY+wVc8IYHDpE2hD3BwXQ= contains 204800 B
[2026-04-19T03:25:45.088Z INFO  worker::batch_maker] Batch rj3sNwJ3bkNlISEI3J+ryccBMh31pp0Jawz22HtJaWE= contains sample tx 1006
[2026-04-19T03:25:45.088Z INFO  worker::batch_maker] Batch rj3sNwJ3bkNlISEI3J+ryccBMh31pp0Jawz22HtJaWE= contains 204800 B
[2026-04-19T03:25:45.140Z INFO  worker::batch_maker] Batch PUldyS2kqwYbScMzDDgRoNXmvOfqLgW2xIOckrtTXoA= contains sample tx 1007
[2026-04-19T03:25:45.140Z INFO  worker::batch_maker] Batch PUldyS2kqwYbScMzDDgRoNXmvOfqLgW2xIOckrtTXoA= contains 204800 B
[2026-04-19T03:25:45.191Z INFO  worker::batch_maker] Batch eua3CroKDw8/8kLv1pHZiX1gNMC2o319Wbnsqho+8pU= contains sample tx 1008
[2026-04-19T03:25:45.191Z INFO  worker::batch_maker] Batch eua3CroKDw8/8kLv1pHZiX1gNMC2o319Wbnsqho+8pU= contains 204800 B
[2026-04-19T03:25:45.244Z INFO  worker::batch_maker] Batch cRXAMfOr6Rr5K8u3uahgVXLQwmN/yPfJIoFgUmM4BQM= contains sample tx 1009
[2026-04-19T03:25:45.244Z INFO  worker::batch_maker] Batch cRXAMfOr6Rr5K8u3uahgVXLQwmN/yPfJIoFgUmM4BQM= contains 204800 B
[2026-04-19T03:25:45.296Z INFO  worker::batch_maker] Batch 58Ss5i5txiX5apcpospt68Tvk2zeq4rQOCWhEUiiMfs= contains sample tx 1010
[2026-04-19T03:25:45.296Z INFO  worker::batch_maker] Batch 58Ss5i5txiX5apcpospt68Tvk2zeq4rQOCWhEUiiMfs= contains 204800 B
[2026-04-19T03:25:45.347Z INFO  worker::batch_maker] Batch Om5x9b4k2FVZ1VW7J5k1VaLl1/D/TDMxV5ekbw+daPU= contains sample tx 1011
[2026-04-19T03:25:45.347Z INFO  worker::batch_maker] Batch Om5x9b4k2FVZ1VW7J5k1VaLl1/D/TDMxV5ekbw+daPU= contains 204800 B
[2026-04-19T03:25:45.399Z INFO  worker::batch_maker] Batch +85uBBbSz7rMg75J5nf8MzbFVSf1ELuffg4ciDh8OwU= contains sample tx 1012
[2026-04-19T03:25:45.399Z INFO  worker::batch_maker] Batch +85uBBbSz7rMg75J5nf8MzbFVSf1ELuffg4ciDh8OwU= contains 204800 B
[2026-04-19T03:25:45.451Z INFO  worker::batch_maker] Batch o21hN+e4wEYjIECCcIKUWrPtkUUNfm1cGdaIaq7EoVQ= contains sample tx 1013
[2026-04-19T03:25:45.451Z INFO  worker::batch_maker] Batch o21hN+e4wEYjIECCcIKUWrPtkUUNfm1cGdaIaq7EoVQ= contains 204800 B
[2026-04-19T03:25:45.503Z INFO  worker::batch_maker] Batch qlVhYa07NkQUhPdoyDIsxrTQLJfUg5vmIvVhPFqBOn4= contains sample tx 1014
[2026-04-19T03:25:45.503Z INFO  worker::batch_maker] Batch qlVhYa07NkQUhPdoyDIsxrTQLJfUg5vmIvVhPFqBOn4= contains 262144 B
[2026-04-19T03:25:45.558Z INFO  worker::batch_maker] Batch 9EesI+iyYhAzDEnZD7TiAMOAz+6Sz7i7uVp0AqgFbF8= contains sample tx 1015
[2026-04-19T03:25:45.558Z INFO  worker::batch_maker] Batch 9EesI+iyYhAzDEnZD7TiAMOAz+6Sz7i7uVp0AqgFbF8= contains sample tx 1016
[2026-04-19T03:25:45.558Z INFO  worker::batch_maker] Batch 9EesI+iyYhAzDEnZD7TiAMOAz+6Sz7i7uVp0AqgFbF8= contains 352256 B
[2026-04-19T03:25:45.611Z INFO  worker::batch_maker] Batch kta0Vmo7dtiNafIO8tvYy+Bf6ndgG0Y4K3ZtSTjmNOo= contains sample tx 1017
[2026-04-19T03:25:45.611Z INFO  worker::batch_maker] Batch kta0Vmo7dtiNafIO8tvYy+Bf6ndgG0Y4K3ZtSTjmNOo= contains 204800 B
[2026-04-19T03:25:45.662Z INFO  worker::batch_maker] Batch PTeCV2ztY1XMDT4ilI05rNCBJ0qhCg6R0cGKP6g1mqo= contains sample tx 1018
[2026-04-19T03:25:45.662Z INFO  worker::batch_maker] Batch PTeCV2ztY1XMDT4ilI05rNCBJ0qhCg6R0cGKP6g1mqo= contains 204800 B
[2026-04-19T03:25:45.715Z INFO  worker::batch_maker] Batch NbmMw1YSCXGwDQdwLcSKF1zu6X3cqCowsrTr8yL/RJ8= contains sample tx 1019
[2026-04-19T03:25:45.715Z INFO  worker::batch_maker] Batch NbmMw1YSCXGwDQdwLcSKF1zu6X3cqCowsrTr8yL/RJ8= contains 204800 B
[2026-04-19T03:25:45.768Z INFO  worker::batch_maker] Batch 7C4beMINHCYNDCg04hGd+W+gkS3VrqI9wS9XD/Ed+b0= contains sample tx 1020
[2026-04-19T03:25:45.768Z INFO  worker::batch_maker] Batch 7C4beMINHCYNDCg04hGd+W+gkS3VrqI9wS9XD/Ed+b0= contains 204800 B
[2026-04-19T03:25:45.822Z INFO  worker::batch_maker] Batch BCU0HX7Yu+aKx7+Y74UHVqA8KjyFscGl2UXxpRxhUkM= contains sample tx 1021
[2026-04-19T03:25:45.822Z INFO  worker::batch_maker] Batch BCU0HX7Yu+aKx7+Y74UHVqA8KjyFscGl2UXxpRxhUkM= contains 204800 B
[2026-04-19T03:25:45.875Z INFO  worker::batch_maker] Batch MT+ZZKaxJYcWNY5bLQccJC/qbxRlSRpbs9TLdyxsHIA= contains sample tx 1022
[2026-04-19T03:25:45.875Z INFO  worker::batch_maker] Batch MT+ZZKaxJYcWNY5bLQccJC/qbxRlSRpbs9TLdyxsHIA= contains 204800 B
[2026-04-19T03:25:45.928Z INFO  worker::batch_maker] Batch vVV+dIyMqGqTkpRgLucpMHUstxkoE/8O9CFmql02hS8= contains sample tx 1023
[2026-04-19T03:25:45.928Z INFO  worker::batch_maker] Batch vVV+dIyMqGqTkpRgLucpMHUstxkoE/8O9CFmql02hS8= contains 204800 B
[2026-04-19T03:25:45.982Z INFO  worker::batch_maker] Batch 8W7tciTKH5dK5TXU2GY3LoxgQio8Ac43FizT9MxmqHU= contains sample tx 1024
[2026-04-19T03:25:45.982Z INFO  worker::batch_maker] Batch 8W7tciTKH5dK5TXU2GY3LoxgQio8Ac43FizT9MxmqHU= contains 204800 B
[2026-04-19T03:25:46.034Z INFO  worker::batch_maker] Batch Y9f3UpV+mAMbgQpJSTgLQCgpysv+m9DTV0bv5cbw8xI= contains sample tx 1025
[2026-04-19T03:25:46.034Z INFO  worker::batch_maker] Batch Y9f3UpV+mAMbgQpJSTgLQCgpysv+m9DTV0bv5cbw8xI= contains 204800 B
[2026-04-19T03:25:46.088Z INFO  worker::batch_maker] Batch +weiNcj868A2zeDrJEi6GPMF45xdm4MTZiFCAXwf1fY= contains sample tx 1026
[2026-04-19T03:25:46.088Z INFO  worker::batch_maker] Batch +weiNcj868A2zeDrJEi6GPMF45xdm4MTZiFCAXwf1fY= contains 204800 B
[2026-04-19T03:25:46.141Z INFO  worker::batch_maker] Batch DxLdgwFlmDktxte8Cgb2EHCkflA/yt5hTJyd6jSH31s= contains sample tx 1027
[2026-04-19T03:25:46.141Z INFO  worker::batch_maker] Batch DxLdgwFlmDktxte8Cgb2EHCkflA/yt5hTJyd6jSH31s= contains 204800 B
[2026-04-19T03:25:46.195Z INFO  worker::batch_maker] Batch WHZ4g6sOIphrbETOsh0yN9RwV7b/j2zyFzN+WAdx/Pw= contains sample tx 1028
[2026-04-19T03:25:46.195Z INFO  worker::batch_maker] Batch WHZ4g6sOIphrbETOsh0yN9RwV7b/j2zyFzN+WAdx/Pw= contains 204800 B
[2026-04-19T03:25:46.248Z INFO  worker::batch_maker] Batch gDgtYJyrJoyi2qEmXnUqj9f9uqvkCbBX2bnpSAkRbmE= contains sample tx 1029
[2026-04-19T03:25:46.249Z INFO  worker::batch_maker] Batch gDgtYJyrJoyi2qEmXnUqj9f9uqvkCbBX2bnpSAkRbmE= contains 204800 B
[2026-04-19T03:25:46.302Z INFO  worker::batch_maker] Batch F3bVuNpmVzkxbRUkvAxTfaEd4LutYNbHjFpQFVj5X2E= contains sample tx 1030
[2026-04-19T03:25:46.302Z INFO  worker::batch_maker] Batch F3bVuNpmVzkxbRUkvAxTfaEd4LutYNbHjFpQFVj5X2E= contains 204800 B
[2026-04-19T03:25:46.354Z INFO  worker::batch_maker] Batch 4uXZS8KjMdFjlnTAxnRXs1H2+vwmbF0khB+4GJUZEKg= contains sample tx 1031
[2026-04-19T03:25:46.354Z INFO  worker::batch_maker] Batch 4uXZS8KjMdFjlnTAxnRXs1H2+vwmbF0khB+4GJUZEKg= contains 219648 B
[2026-04-19T03:25:46.409Z INFO  worker::batch_maker] Batch 7lCPBHd2KDUDAZXyN7TphkaqjOksRPHH5qTxGKkV2pI= contains sample tx 1032
[2026-04-19T03:25:46.409Z INFO  worker::batch_maker] Batch 7lCPBHd2KDUDAZXyN7TphkaqjOksRPHH5qTxGKkV2pI= contains sample tx 1033
[2026-04-19T03:25:46.409Z INFO  worker::batch_maker] Batch 7lCPBHd2KDUDAZXyN7TphkaqjOksRPHH5qTxGKkV2pI= contains 355840 B
[2026-04-19T03:25:46.462Z INFO  worker::batch_maker] Batch +RfplrlZ5DPxAoGBYsYaM6cnNlqBr2qLmIKkM2Cu9XI= contains sample tx 1034
[2026-04-19T03:25:46.462Z INFO  worker::batch_maker] Batch +RfplrlZ5DPxAoGBYsYaM6cnNlqBr2qLmIKkM2Cu9XI= contains 243712 B
[2026-04-19T03:25:46.514Z INFO  worker::batch_maker] Batch ABg6Ni1NodeSFAIGXqjgHP3nxKGMmlLPZ7sQa3udhCs= contains sample tx 1035
[2026-04-19T03:25:46.514Z INFO  worker::batch_maker] Batch ABg6Ni1NodeSFAIGXqjgHP3nxKGMmlLPZ7sQa3udhCs= contains 204800 B
[2026-04-19T03:25:46.567Z INFO  worker::batch_maker] Batch 9ioEiTiQFSqYIcMjEg8XR4SmtPcrj7dhkWyMVVn1QPk= contains sample tx 1036
[2026-04-19T03:25:46.567Z INFO  worker::batch_maker] Batch 9ioEiTiQFSqYIcMjEg8XR4SmtPcrj7dhkWyMVVn1QPk= contains 204800 B
[2026-04-19T03:25:46.620Z INFO  worker::batch_maker] Batch ShCVDQeci024FFVeYOa3erzInbyyMGByx+DQYJrHV0Q= contains sample tx 1037
[2026-04-19T03:25:46.620Z INFO  worker::batch_maker] Batch ShCVDQeci024FFVeYOa3erzInbyyMGByx+DQYJrHV0Q= contains 204800 B
[2026-04-19T03:25:46.672Z INFO  worker::batch_maker] Batch v3ktDle+FvfTs9wl9gqzGvxiBpWadrabIAFGr/t7ZNE= contains sample tx 1038
[2026-04-19T03:25:46.672Z INFO  worker::batch_maker] Batch v3ktDle+FvfTs9wl9gqzGvxiBpWadrabIAFGr/t7ZNE= contains 204800 B
[2026-04-19T03:25:46.724Z INFO  worker::batch_maker] Batch +KrbxpO2vlPJEYM+F14tr6tnjuUi7vBWl7XJvaXbpIM= contains sample tx 1039
[2026-04-19T03:25:46.724Z INFO  worker::batch_maker] Batch +KrbxpO2vlPJEYM+F14tr6tnjuUi7vBWl7XJvaXbpIM= contains 204800 B
[2026-04-19T03:25:46.776Z INFO  worker::batch_maker] Batch KL2uobJFb8KFt4PWEsZPUVYGG0xy7ABFItxli6l+iPE= contains sample tx 1040
[2026-04-19T03:25:46.776Z INFO  worker::batch_maker] Batch KL2uobJFb8KFt4PWEsZPUVYGG0xy7ABFItxli6l+iPE= contains 204800 B
[2026-04-19T03:25:46.829Z INFO  worker::batch_maker] Batch WdVDnFneyfbFvJZ4qKiy5R2/AcxUWj1zv8MP1UGGJtM= contains sample tx 1041
[2026-04-19T03:25:46.829Z INFO  worker::batch_maker] Batch WdVDnFneyfbFvJZ4qKiy5R2/AcxUWj1zv8MP1UGGJtM= contains 204800 B
[2026-04-19T03:25:46.884Z INFO  worker::batch_maker] Batch V+llEeJTTiaZKRLFLNydqkFfePPRB/ghtfnURT1ZVVY= contains sample tx 1042
[2026-04-19T03:25:46.884Z INFO  worker::batch_maker] Batch V+llEeJTTiaZKRLFLNydqkFfePPRB/ghtfnURT1ZVVY= contains 204800 B
[2026-04-19T03:25:46.936Z INFO  worker::batch_maker] Batch QdzyCn8SHELUPea/x6ZrjQArKoq+NviVukVvv9wEYLo= contains sample tx 1043
[2026-04-19T03:25:46.936Z INFO  worker::batch_maker] Batch QdzyCn8SHELUPea/x6ZrjQArKoq+NviVukVvv9wEYLo= contains 204800 B
[2026-04-19T03:25:46.988Z INFO  worker::batch_maker] Batch VoKkwNKyVIKNdHgXAcgC0dIY1KdPNCU9TKF01BnsGtY= contains sample tx 1044
[2026-04-19T03:25:46.988Z INFO  worker::batch_maker] Batch VoKkwNKyVIKNdHgXAcgC0dIY1KdPNCU9TKF01BnsGtY= contains 204800 B
[2026-04-19T03:25:47.041Z INFO  worker::batch_maker] Batch 8BQcUlnluOLz5KC1auwRcFsoFU8/hoVfp5mSOHxYZsg= contains sample tx 1045
[2026-04-19T03:25:47.041Z INFO  worker::batch_maker] Batch 8BQcUlnluOLz5KC1auwRcFsoFU8/hoVfp5mSOHxYZsg= contains 204800 B
[2026-04-19T03:25:47.094Z INFO  worker::batch_maker] Batch xJ9poQ/DBx7DFxeHI0EWjNe3F9tqeCmYIEXkks7Lnzs= contains sample tx 1046
[2026-04-19T03:25:47.094Z INFO  worker::batch_maker] Batch xJ9poQ/DBx7DFxeHI0EWjNe3F9tqeCmYIEXkks7Lnzs= contains 204800 B
[2026-04-19T03:25:47.147Z INFO  worker::batch_maker] Batch vAaWgM+wmQk/bpLp74RXLET8bMsNN859LRSrxGB3q4o= contains sample tx 1047
[2026-04-19T03:25:47.147Z INFO  worker::batch_maker] Batch vAaWgM+wmQk/bpLp74RXLET8bMsNN859LRSrxGB3q4o= contains 204800 B
[2026-04-19T03:25:47.200Z INFO  worker::batch_maker] Batch ai7I86DJBMgH3K8Uj9FEmPg1Zr48kzwANdbbQqpECas= contains sample tx 1048
[2026-04-19T03:25:47.200Z INFO  worker::batch_maker] Batch ai7I86DJBMgH3K8Uj9FEmPg1Zr48kzwANdbbQqpECas= contains 204800 B
[2026-04-19T03:25:47.252Z INFO  worker::batch_maker] Batch myws707X06b8T8ZrAvEM2VO8kiO1Jf03BqwgvisJeT8= contains sample tx 1049
[2026-04-19T03:25:47.253Z INFO  worker::batch_maker] Batch myws707X06b8T8ZrAvEM2VO8kiO1Jf03BqwgvisJeT8= contains 204800 B
[2026-04-19T03:25:47.305Z INFO  worker::batch_maker] Batch fNpxW7gh0DMs9jmWXXFHtAyM+Gcza+wSzZECMHeqPf4= contains sample tx 1050
[2026-04-19T03:25:47.305Z INFO  worker::batch_maker] Batch fNpxW7gh0DMs9jmWXXFHtAyM+Gcza+wSzZECMHeqPf4= contains sample tx 1051
[2026-04-19T03:25:47.305Z INFO  worker::batch_maker] Batch fNpxW7gh0DMs9jmWXXFHtAyM+Gcza+wSzZECMHeqPf4= contains 372736 B
[2026-04-19T03:25:47.357Z INFO  worker::batch_maker] Batch rnfa5ZCMUh1mhj82Ih047CC6nIAxtb0TCWstefZZRF0= contains sample tx 1052
[2026-04-19T03:25:47.357Z INFO  worker::batch_maker] Batch rnfa5ZCMUh1mhj82Ih047CC6nIAxtb0TCWstefZZRF0= contains 241664 B
[2026-04-19T03:25:47.410Z INFO  worker::batch_maker] Batch HvJhHroN3Qt4hfb3Z8JHybA4UyIDbbfsm9Zp+1vdUS8= contains sample tx 1053
[2026-04-19T03:25:47.410Z INFO  worker::batch_maker] Batch HvJhHroN3Qt4hfb3Z8JHybA4UyIDbbfsm9Zp+1vdUS8= contains 204800 B
[2026-04-19T03:25:47.463Z INFO  worker::batch_maker] Batch kKAK/uv85GSoyIaVRKbQi1UkO7h3ynrwaauebsnD+6g= contains sample tx 1054
[2026-04-19T03:25:47.463Z INFO  worker::batch_maker] Batch kKAK/uv85GSoyIaVRKbQi1UkO7h3ynrwaauebsnD+6g= contains 204800 B
[2026-04-19T03:25:47.514Z INFO  worker::batch_maker] Batch Ia42nRlroPSyzJEmQMlKKr7GBEc6dtl0/7HOOGTmCrk= contains sample tx 1055
[2026-04-19T03:25:47.514Z INFO  worker::batch_maker] Batch Ia42nRlroPSyzJEmQMlKKr7GBEc6dtl0/7HOOGTmCrk= contains 204800 B
[2026-04-19T03:25:47.568Z INFO  worker::batch_maker] Batch 0We7bBfsxUvhu04dHPBoNFGnODoz2wikaG+g+VkwIQA= contains sample tx 1056
[2026-04-19T03:25:47.568Z INFO  worker::batch_maker] Batch 0We7bBfsxUvhu04dHPBoNFGnODoz2wikaG+g+VkwIQA= contains 204800 B
[2026-04-19T03:25:47.621Z INFO  worker::batch_maker] Batch ICY+lR2sSDPYSD4EYo3/3aQC+eiGS0L8YDKMvIRsqbQ= contains sample tx 1057
[2026-04-19T03:25:47.621Z INFO  worker::batch_maker] Batch ICY+lR2sSDPYSD4EYo3/3aQC+eiGS0L8YDKMvIRsqbQ= contains 204800 B
[2026-04-19T03:25:47.675Z INFO  worker::batch_maker] Batch WEBgvKJsbQm6EncjAlEiUIUMfcSe/scumoNp2tgnzxQ= contains sample tx 1058
[2026-04-19T03:25:47.675Z INFO  worker::batch_maker] Batch WEBgvKJsbQm6EncjAlEiUIUMfcSe/scumoNp2tgnzxQ= contains 204800 B
[2026-04-19T03:25:47.727Z INFO  worker::batch_maker] Batch /U5YT+bti1IabQ9C6DLCbFdS+8gabBE5a8H012sBWVg= contains sample tx 1059
[2026-04-19T03:25:47.727Z INFO  worker::batch_maker] Batch /U5YT+bti1IabQ9C6DLCbFdS+8gabBE5a8H012sBWVg= contains 204800 B
[2026-04-19T03:25:47.780Z INFO  worker::batch_maker] Batch cRkLdL7/0EHL81fmmEZZJ3QfMQ0SiCPTnxLu2oCofX4= contains sample tx 1060
[2026-04-19T03:25:47.780Z INFO  worker::batch_maker] Batch cRkLdL7/0EHL81fmmEZZJ3QfMQ0SiCPTnxLu2oCofX4= contains 204800 B
[2026-04-19T03:25:47.832Z INFO  worker::batch_maker] Batch IQEBbd+XNdSXpCP8+KfSVWxPVtEBznFPTvXWtqdBNDk= contains sample tx 1061
[2026-04-19T03:25:47.832Z INFO  worker::batch_maker] Batch IQEBbd+XNdSXpCP8+KfSVWxPVtEBznFPTvXWtqdBNDk= contains 204800 B
[2026-04-19T03:25:47.885Z INFO  worker::batch_maker] Batch TtyaJtZejdI9kpQNMSIMK1TBJNvV6HlXntq5U+mygJQ= contains sample tx 1062
[2026-04-19T03:25:47.885Z INFO  worker::batch_maker] Batch TtyaJtZejdI9kpQNMSIMK1TBJNvV6HlXntq5U+mygJQ= contains 204800 B
[2026-04-19T03:25:47.939Z INFO  worker::batch_maker] Batch 97ApJ9BJ6LdYXKOKEFAmJTQleTNzJq9FVqUCRXwBQPU= contains sample tx 1063
[2026-04-19T03:25:47.939Z INFO  worker::batch_maker] Batch 97ApJ9BJ6LdYXKOKEFAmJTQleTNzJq9FVqUCRXwBQPU= contains 204800 B
[2026-04-19T03:25:47.992Z INFO  worker::batch_maker] Batch XYy3wlgR7JF8az6jb4zEZvw+qBRETtU7EGAqQMbbgyg= contains sample tx 1064
[2026-04-19T03:25:47.992Z INFO  worker::batch_maker] Batch XYy3wlgR7JF8az6jb4zEZvw+qBRETtU7EGAqQMbbgyg= contains 204800 B
[2026-04-19T03:25:48.044Z INFO  worker::batch_maker] Batch RBJIIkRwBwhIaxgo+HNsg5KD0x77cLuqX7Qu9A18OwM= contains sample tx 1065
[2026-04-19T03:25:48.044Z INFO  worker::batch_maker] Batch RBJIIkRwBwhIaxgo+HNsg5KD0x77cLuqX7Qu9A18OwM= contains 204800 B
[2026-04-19T03:25:48.097Z INFO  worker::batch_maker] Batch nHRiJUkJSBbs2yr4qyeKGThCS/k5l8yFS25Q+ptG5UY= contains sample tx 1066
[2026-04-19T03:25:48.097Z INFO  worker::batch_maker] Batch nHRiJUkJSBbs2yr4qyeKGThCS/k5l8yFS25Q+ptG5UY= contains 204800 B
[2026-04-19T03:25:48.151Z INFO  worker::batch_maker] Batch aqmzUv48nCfP1ob6hWocqXek+SEXl4ZmalSj1T+SYRc= contains sample tx 1067
[2026-04-19T03:25:48.151Z INFO  worker::batch_maker] Batch aqmzUv48nCfP1ob6hWocqXek+SEXl4ZmalSj1T+SYRc= contains 204800 B
[2026-04-19T03:25:48.203Z INFO  worker::batch_maker] Batch pISd4hsIgUMR+iVHVuAe6/hPN32dTVQpu1A+ng4PtXY= contains sample tx 1068
[2026-04-19T03:25:48.203Z INFO  worker::batch_maker] Batch pISd4hsIgUMR+iVHVuAe6/hPN32dTVQpu1A+ng4PtXY= contains 204800 B
[2026-04-19T03:25:48.258Z INFO  worker::batch_maker] Batch Yh+VXvb7MEYv/DtFQddxyfU4aTB0lfDn6IOGrOW+W2I= contains sample tx 1069
[2026-04-19T03:25:48.258Z INFO  worker::batch_maker] Batch Yh+VXvb7MEYv/DtFQddxyfU4aTB0lfDn6IOGrOW+W2I= contains 276480 B
[2026-04-19T03:25:48.314Z INFO  worker::batch_maker] Batch svu+mKWUlA0yMASUrfGlOkqD3CUk3VATLYo8m9gbbQ8= contains sample tx 1070
[2026-04-19T03:25:48.314Z INFO  worker::batch_maker] Batch svu+mKWUlA0yMASUrfGlOkqD3CUk3VATLYo8m9gbbQ8= contains sample tx 1071
[2026-04-19T03:25:48.314Z INFO  worker::batch_maker] Batch svu+mKWUlA0yMASUrfGlOkqD3CUk3VATLYo8m9gbbQ8= contains 337920 B
[2026-04-19T03:25:48.367Z INFO  worker::batch_maker] Batch zpMZqZ0TBfp6nuaMSNrUABFq+DsN36izm5TR900UaMo= contains sample tx 1072
[2026-04-19T03:25:48.367Z INFO  worker::batch_maker] Batch zpMZqZ0TBfp6nuaMSNrUABFq+DsN36izm5TR900UaMo= contains 204800 B
[2026-04-19T03:25:48.422Z INFO  worker::batch_maker] Batch 6h+4xIP4Gc2mB1VA0zu4cizGTJluds1nVL0pWLK4l0k= contains sample tx 1073
[2026-04-19T03:25:48.422Z INFO  worker::batch_maker] Batch 6h+4xIP4Gc2mB1VA0zu4cizGTJluds1nVL0pWLK4l0k= contains 204800 B
[2026-04-19T03:25:48.475Z INFO  worker::batch_maker] Batch UOuwj2rDxnFrG2Bb7/l2in1Aoo9dZEff+H8w7X2vCIw= contains sample tx 1074
[2026-04-19T03:25:48.475Z INFO  worker::batch_maker] Batch UOuwj2rDxnFrG2Bb7/l2in1Aoo9dZEff+H8w7X2vCIw= contains 204800 B
[2026-04-19T03:25:48.529Z INFO  worker::batch_maker] Batch 5xwvB4cnwdoIzTBch0z5tuX2lfGbmuCXLfP5253P2w4= contains sample tx 1075
[2026-04-19T03:25:48.529Z INFO  worker::batch_maker] Batch 5xwvB4cnwdoIzTBch0z5tuX2lfGbmuCXLfP5253P2w4= contains 204800 B
[2026-04-19T03:25:48.585Z INFO  worker::batch_maker] Batch jKVao3McSCkhLwSkGoEt/SRWtuuOVkWAztKKI3yfmTU= contains sample tx 1076
[2026-04-19T03:25:48.585Z INFO  worker::batch_maker] Batch jKVao3McSCkhLwSkGoEt/SRWtuuOVkWAztKKI3yfmTU= contains 204800 B
[2026-04-19T03:25:48.638Z INFO  worker::batch_maker] Batch K6QjOGiptCWc/YRmMfD1yu4mFucG1rqR9v/rUUbhME0= contains sample tx 1077
[2026-04-19T03:25:48.638Z INFO  worker::batch_maker] Batch K6QjOGiptCWc/YRmMfD1yu4mFucG1rqR9v/rUUbhME0= contains 204800 B
[2026-04-19T03:25:48.692Z INFO  worker::batch_maker] Batch 7zNgYP3FqbQSMe/qB1wrrcHtcXmcQOv0+u96syYpBl8= contains sample tx 1078
[2026-04-19T03:25:48.692Z INFO  worker::batch_maker] Batch 7zNgYP3FqbQSMe/qB1wrrcHtcXmcQOv0+u96syYpBl8= contains 204800 B
[2026-04-19T03:25:48.746Z INFO  worker::batch_maker] Batch BpEfgplTDE++fmqtE4TeS64mRiF8O8FjWSSFnfApKvE= contains sample tx 1079
[2026-04-19T03:25:48.747Z INFO  worker::batch_maker] Batch BpEfgplTDE++fmqtE4TeS64mRiF8O8FjWSSFnfApKvE= contains 204800 B
[2026-04-19T03:25:48.799Z INFO  worker::batch_maker] Batch y8OOHY3LaxhL3rKpQ9nw94Z3uMOQdozfMl1VUin5SPQ= contains sample tx 1080
[2026-04-19T03:25:48.799Z INFO  worker::batch_maker] Batch y8OOHY3LaxhL3rKpQ9nw94Z3uMOQdozfMl1VUin5SPQ= contains 204800 B
[2026-04-19T03:25:48.852Z INFO  worker::batch_maker] Batch DY7H3Ho6wf9f12x5/oN16Y9biCU4ixRAVJ08IpbCjuE= contains sample tx 1081
[2026-04-19T03:25:48.852Z INFO  worker::batch_maker] Batch DY7H3Ho6wf9f12x5/oN16Y9biCU4ixRAVJ08IpbCjuE= contains 204800 B
[2026-04-19T03:25:48.906Z INFO  worker::batch_maker] Batch N3rfhK3RKaKSY/2QXvKqlnolydUGlPOGoTq1JbdGtIY= contains sample tx 1082
[2026-04-19T03:25:48.906Z INFO  worker::batch_maker] Batch N3rfhK3RKaKSY/2QXvKqlnolydUGlPOGoTq1JbdGtIY= contains 239104 B
[2026-04-19T03:25:48.958Z INFO  worker::batch_maker] Batch GiNpoWYkst/ZNRMVf725JwXP9eaNB5Fy85xfAe3IMlY= contains sample tx 1083
[2026-04-19T03:25:48.958Z INFO  worker::batch_maker] Batch GiNpoWYkst/ZNRMVf725JwXP9eaNB5Fy85xfAe3IMlY= contains sample tx 1084
[2026-04-19T03:25:48.958Z INFO  worker::batch_maker] Batch GiNpoWYkst/ZNRMVf725JwXP9eaNB5Fy85xfAe3IMlY= contains 375296 B
[2026-04-19T03:25:49.011Z INFO  worker::batch_maker] Batch 78vlj3838IAfAW3Q75X3CrbYNdfvmyuCsdoGI2Jnuwc= contains sample tx 1085
[2026-04-19T03:25:49.011Z INFO  worker::batch_maker] Batch 78vlj3838IAfAW3Q75X3CrbYNdfvmyuCsdoGI2Jnuwc= contains 204800 B
[2026-04-19T03:25:49.064Z INFO  worker::batch_maker] Batch P/9rRRf7EKhbFtAgVoDnqNCwv1+hzdrb7MAa2Ch2UbU= contains sample tx 1086
[2026-04-19T03:25:49.064Z INFO  worker::batch_maker] Batch P/9rRRf7EKhbFtAgVoDnqNCwv1+hzdrb7MAa2Ch2UbU= contains 204800 B
[2026-04-19T03:25:49.117Z INFO  worker::batch_maker] Batch F1Fa08tDLLEE93kS4gFQxLPXSEG6B30nt4RWG7yWcH0= contains sample tx 1087
[2026-04-19T03:25:49.117Z INFO  worker::batch_maker] Batch F1Fa08tDLLEE93kS4gFQxLPXSEG6B30nt4RWG7yWcH0= contains 204800 B
[2026-04-19T03:25:49.171Z INFO  worker::batch_maker] Batch 2FBVF+Y4rhVzcjRHxFXPcb7GLiBYafeixI+WWnZWaxQ= contains sample tx 1088
[2026-04-19T03:25:49.171Z INFO  worker::batch_maker] Batch 2FBVF+Y4rhVzcjRHxFXPcb7GLiBYafeixI+WWnZWaxQ= contains 204800 B
[2026-04-19T03:25:49.224Z INFO  worker::batch_maker] Batch PPc1ZPJYxdMFfw0QZDuFewaHoTwb4Z4qgb849JEs+04= contains sample tx 1089
[2026-04-19T03:25:49.224Z INFO  worker::batch_maker] Batch PPc1ZPJYxdMFfw0QZDuFewaHoTwb4Z4qgb849JEs+04= contains 204800 B
[2026-04-19T03:25:49.276Z INFO  worker::batch_maker] Batch ZP2Imyl0Nv3yYOxNO/x62F4k/6nXKDqZXMxff4Y0n6A= contains sample tx 1090
[2026-04-19T03:25:49.276Z INFO  worker::batch_maker] Batch ZP2Imyl0Nv3yYOxNO/x62F4k/6nXKDqZXMxff4Y0n6A= contains 204800 B
[2026-04-19T03:25:49.329Z INFO  worker::batch_maker] Batch VWMw/YuJJhh2rl8azwzxpiDUVcb6qMrBpb+FJaaMfdo= contains sample tx 1091
[2026-04-19T03:25:49.329Z INFO  worker::batch_maker] Batch VWMw/YuJJhh2rl8azwzxpiDUVcb6qMrBpb+FJaaMfdo= contains 204800 B
[2026-04-19T03:25:49.382Z INFO  worker::batch_maker] Batch wVi6Ve09h04AhlszHBQyq1GA5OJmcUj549x3WLy0wHg= contains sample tx 1092
[2026-04-19T03:25:49.382Z INFO  worker::batch_maker] Batch wVi6Ve09h04AhlszHBQyq1GA5OJmcUj549x3WLy0wHg= contains 204800 B
[2026-04-19T03:25:49.436Z INFO  worker::batch_maker] Batch izVDY7h8hn8Y9PEwnNWBlJxYohnrqoWgExTt29n6krg= contains sample tx 1093
[2026-04-19T03:25:49.436Z INFO  worker::batch_maker] Batch izVDY7h8hn8Y9PEwnNWBlJxYohnrqoWgExTt29n6krg= contains 204800 B
[2026-04-19T03:25:49.488Z INFO  worker::batch_maker] Batch 8X4yt8KjaSj4SlVUADsGOZV3WNCpNIsDPp9/2WY2ExQ= contains sample tx 1094
[2026-04-19T03:25:49.488Z INFO  worker::batch_maker] Batch 8X4yt8KjaSj4SlVUADsGOZV3WNCpNIsDPp9/2WY2ExQ= contains 204800 B
[2026-04-19T03:25:49.541Z INFO  worker::batch_maker] Batch e+X02nAJpYBBMg690MLeB9tWc2Nc3F/ncXKgotPkSjQ= contains sample tx 1095
[2026-04-19T03:25:49.541Z INFO  worker::batch_maker] Batch e+X02nAJpYBBMg690MLeB9tWc2Nc3F/ncXKgotPkSjQ= contains 204800 B
[2026-04-19T03:25:49.595Z INFO  worker::batch_maker] Batch EB0IRdCF7rkptVkA18WGFMuO3uZ0n3zC69hRjZRmzxM= contains sample tx 1096
[2026-04-19T03:25:49.595Z INFO  worker::batch_maker] Batch EB0IRdCF7rkptVkA18WGFMuO3uZ0n3zC69hRjZRmzxM= contains 204800 B
[2026-04-19T03:25:49.648Z INFO  worker::batch_maker] Batch rVlWa1zhtSmGJZT1gZjLUhwefwZILUJ4JEBdjRBsH3U= contains sample tx 1097
[2026-04-19T03:25:49.648Z INFO  worker::batch_maker] Batch rVlWa1zhtSmGJZT1gZjLUhwefwZILUJ4JEBdjRBsH3U= contains 204800 B
[2026-04-19T03:25:49.700Z INFO  worker::batch_maker] Batch DjgHgzKdoO7SDCr29Ns+J2GLdGTK0lZwgn3PCc/SKxY= contains sample tx 1098
[2026-04-19T03:25:49.700Z INFO  worker::batch_maker] Batch DjgHgzKdoO7SDCr29Ns+J2GLdGTK0lZwgn3PCc/SKxY= contains 204800 B
[2026-04-19T03:25:49.755Z INFO  worker::batch_maker] Batch WlLPgmchNXxlcqs1VEeMFD8RDj5vmOEaFm7pWzXhgmE= contains sample tx 1099
[2026-04-19T03:25:49.755Z INFO  worker::batch_maker] Batch WlLPgmchNXxlcqs1VEeMFD8RDj5vmOEaFm7pWzXhgmE= contains 204800 B
[2026-04-19T03:25:49.809Z INFO  worker::batch_maker] Batch 2ddzOrAk/Q0TiJqHlj68aliVHtp4O+c3vTWZKdSySho= contains sample tx 1100
[2026-04-19T03:25:49.809Z INFO  worker::batch_maker] Batch 2ddzOrAk/Q0TiJqHlj68aliVHtp4O+c3vTWZKdSySho= contains 249856 B
[2026-04-19T03:25:49.864Z INFO  worker::batch_maker] Batch Zir6zikYCvIFF0TwzJ9Z5GgKVe0JsVn1uP3OXHUS+GE= contains sample tx 1101
[2026-04-19T03:25:49.864Z INFO  worker::batch_maker] Batch Zir6zikYCvIFF0TwzJ9Z5GgKVe0JsVn1uP3OXHUS+GE= contains sample tx 1102
[2026-04-19T03:25:49.864Z INFO  worker::batch_maker] Batch Zir6zikYCvIFF0TwzJ9Z5GgKVe0JsVn1uP3OXHUS+GE= contains 340480 B
[2026-04-19T03:25:49.918Z INFO  worker::batch_maker] Batch t5k+euBF+zXy070lQVqZzOYdSDyHt5s/aQYk4d0jGgY= contains sample tx 1103
[2026-04-19T03:25:49.918Z INFO  worker::batch_maker] Batch t5k+euBF+zXy070lQVqZzOYdSDyHt5s/aQYk4d0jGgY= contains 228864 B
[2026-04-19T03:25:49.971Z INFO  worker::batch_maker] Batch 6SJ6T+yaesGfNLEXkDgwrFeX6qRWY9XIJHJGTMsZhfw= contains sample tx 1104
[2026-04-19T03:25:49.971Z INFO  worker::batch_maker] Batch 6SJ6T+yaesGfNLEXkDgwrFeX6qRWY9XIJHJGTMsZhfw= contains 204800 B
[2026-04-19T03:25:50.024Z INFO  worker::batch_maker] Batch Q76Y5Fu6axWt3m+U8NodlbagHC+Nt+Xf7BdNZrf+qpI= contains sample tx 1105
[2026-04-19T03:25:50.024Z INFO  worker::batch_maker] Batch Q76Y5Fu6axWt3m+U8NodlbagHC+Nt+Xf7BdNZrf+qpI= contains 204800 B
[2026-04-19T03:25:50.078Z INFO  worker::batch_maker] Batch 60lkIVcgpe95VWg1C5nUwXn3LxYkTeWhfXGWi0HePUQ= contains sample tx 1106
[2026-04-19T03:25:50.078Z INFO  worker::batch_maker] Batch 60lkIVcgpe95VWg1C5nUwXn3LxYkTeWhfXGWi0HePUQ= contains 204800 B
[2026-04-19T03:25:50.132Z INFO  worker::batch_maker] Batch pqizDlWjPrweYLvESRhheEG5HxYpYaWRyAwiHi4Su8Y= contains sample tx 1107
[2026-04-19T03:25:50.132Z INFO  worker::batch_maker] Batch pqizDlWjPrweYLvESRhheEG5HxYpYaWRyAwiHi4Su8Y= contains 204800 B
[2026-04-19T03:25:50.185Z INFO  worker::batch_maker] Batch CN/0u2zq2ibitf+OFYkk8fXZ5i4W9Vjb/jUIyeBIT0I= contains sample tx 1108
[2026-04-19T03:25:50.185Z INFO  worker::batch_maker] Batch CN/0u2zq2ibitf+OFYkk8fXZ5i4W9Vjb/jUIyeBIT0I= contains 204800 B
[2026-04-19T03:25:50.239Z INFO  worker::batch_maker] Batch 7ehwntkVaTFLVd/SO3kEqxMgXL8t7CYKdSgOtij9XXk= contains sample tx 1109
[2026-04-19T03:25:50.239Z INFO  worker::batch_maker] Batch 7ehwntkVaTFLVd/SO3kEqxMgXL8t7CYKdSgOtij9XXk= contains 204800 B
[2026-04-19T03:25:50.291Z INFO  worker::batch_maker] Batch Z9Ex0gEBSUIGG8tG0W5/aqYtrwcbTJgHthJf6c7yRBY= contains sample tx 1110
[2026-04-19T03:25:50.291Z INFO  worker::batch_maker] Batch Z9Ex0gEBSUIGG8tG0W5/aqYtrwcbTJgHthJf6c7yRBY= contains 204800 B
[2026-04-19T03:25:50.344Z INFO  worker::batch_maker] Batch NvTg6THOn590G9UgCqtZUZaPYucKze/1LXphLgl0a1o= contains sample tx 1111
[2026-04-19T03:25:50.344Z INFO  worker::batch_maker] Batch NvTg6THOn590G9UgCqtZUZaPYucKze/1LXphLgl0a1o= contains 204800 B
[2026-04-19T03:25:50.398Z INFO  worker::batch_maker] Batch swAdWihObwUc+RHdVZ7sA6FEN2SO7CjEVQO6oZkQGgU= contains sample tx 1112
[2026-04-19T03:25:50.398Z INFO  worker::batch_maker] Batch swAdWihObwUc+RHdVZ7sA6FEN2SO7CjEVQO6oZkQGgU= contains 204800 B
[2026-04-19T03:25:50.452Z INFO  worker::batch_maker] Batch p0GJEMDepLxD3SII91/5WlEe9m45TaqD0zckumPQbms= contains sample tx 1113
[2026-04-19T03:25:50.452Z INFO  worker::batch_maker] Batch p0GJEMDepLxD3SII91/5WlEe9m45TaqD0zckumPQbms= contains 204800 B
[2026-04-19T03:25:50.506Z INFO  worker::batch_maker] Batch m/v5ymcoupGzePFALjnTcg9J/QF2MXHFeAJvOzpzg6M= contains sample tx 1114
[2026-04-19T03:25:50.506Z INFO  worker::batch_maker] Batch m/v5ymcoupGzePFALjnTcg9J/QF2MXHFeAJvOzpzg6M= contains 245760 B
[2026-04-19T03:25:50.561Z INFO  worker::batch_maker] Batch B/II7urR6V+zVLTKbWW9OXK5Y9g+bMtfU6reStYhrNw= contains sample tx 1115
[2026-04-19T03:25:50.561Z INFO  worker::batch_maker] Batch B/II7urR6V+zVLTKbWW9OXK5Y9g+bMtfU6reStYhrNw= contains sample tx 1116
[2026-04-19T03:25:50.561Z INFO  worker::batch_maker] Batch B/II7urR6V+zVLTKbWW9OXK5Y9g+bMtfU6reStYhrNw= contains 368640 B
[2026-04-19T03:25:50.614Z INFO  worker::batch_maker] Batch hpwQn/vlHx4S5HiYWQOrYLMjCnJIOej4cekLHD/DBgM= contains sample tx 1117
[2026-04-19T03:25:50.614Z INFO  worker::batch_maker] Batch hpwQn/vlHx4S5HiYWQOrYLMjCnJIOej4cekLHD/DBgM= contains 204800 B
[2026-04-19T03:25:50.665Z INFO  worker::batch_maker] Batch 1ZJbAofMR+Xhp+eRcXWk3qBALN1Bcd4M4DDtmBsYRBM= contains sample tx 1118
[2026-04-19T03:25:50.665Z INFO  worker::batch_maker] Batch 1ZJbAofMR+Xhp+eRcXWk3qBALN1Bcd4M4DDtmBsYRBM= contains 204800 B
[2026-04-19T03:25:50.717Z INFO  worker::batch_maker] Batch jO4BNjUa644grSnbIzJbGIupVnN/LDblKOKFEOSm9zI= contains sample tx 1119
[2026-04-19T03:25:50.717Z INFO  worker::batch_maker] Batch jO4BNjUa644grSnbIzJbGIupVnN/LDblKOKFEOSm9zI= contains 204800 B
[2026-04-19T03:25:50.770Z INFO  worker::batch_maker] Batch qRxLXbFizTYqlaa6NFsVCEvnYoOSuaiXp/qvUv/DV6c= contains sample tx 1120
[2026-04-19T03:25:50.770Z INFO  worker::batch_maker] Batch qRxLXbFizTYqlaa6NFsVCEvnYoOSuaiXp/qvUv/DV6c= contains 204800 B
[2026-04-19T03:25:50.822Z INFO  worker::batch_maker] Batch 09XQPdZJK0kq/EW4Y7elCdwb3cXA2ZwsPdwpsfwgLIY= contains sample tx 1121
[2026-04-19T03:25:50.823Z INFO  worker::batch_maker] Batch 09XQPdZJK0kq/EW4Y7elCdwb3cXA2ZwsPdwpsfwgLIY= contains 204800 B
[2026-04-19T03:25:50.875Z INFO  worker::batch_maker] Batch ZofJvVOknb5wQJH0EtqFffNlMkmfQCOcLlXBbok0zak= contains sample tx 1122
[2026-04-19T03:25:50.875Z INFO  worker::batch_maker] Batch ZofJvVOknb5wQJH0EtqFffNlMkmfQCOcLlXBbok0zak= contains 204800 B
[2026-04-19T03:25:50.927Z INFO  worker::batch_maker] Batch MvH6KbY1kfn0Oo/KrZVDPO5c3uvT9JbDBk35rtAT9bI= contains sample tx 1123
[2026-04-19T03:25:50.927Z INFO  worker::batch_maker] Batch MvH6KbY1kfn0Oo/KrZVDPO5c3uvT9JbDBk35rtAT9bI= contains 204800 B
[2026-04-19T03:25:50.980Z INFO  worker::batch_maker] Batch e5SHoKD+Uq2PfqGy6mf0Vv7AijYjj/us27vZOfn0e+E= contains sample tx 1124
[2026-04-19T03:25:50.980Z INFO  worker::batch_maker] Batch e5SHoKD+Uq2PfqGy6mf0Vv7AijYjj/us27vZOfn0e+E= contains 204800 B
[2026-04-19T03:25:51.034Z INFO  worker::batch_maker] Batch 1DTeC4foIjP1QvB1BywoVDzMICpJ1zXrhSX2viX6SDo= contains sample tx 1125
[2026-04-19T03:25:51.034Z INFO  worker::batch_maker] Batch 1DTeC4foIjP1QvB1BywoVDzMICpJ1zXrhSX2viX6SDo= contains 204800 B
[2026-04-19T03:25:51.085Z INFO  worker::batch_maker] Batch fHKc290YSDv9sHTQtuYMu1vvoelkli0ugT2Nv3SuKlE= contains sample tx 1126
[2026-04-19T03:25:51.085Z INFO  worker::batch_maker] Batch fHKc290YSDv9sHTQtuYMu1vvoelkli0ugT2Nv3SuKlE= contains 204800 B
[2026-04-19T03:25:51.138Z INFO  worker::batch_maker] Batch CtgZMyriejwncNqMfX5p1tb04qr1rQYyZvzRVPB08RI= contains sample tx 1127
[2026-04-19T03:25:51.138Z INFO  worker::batch_maker] Batch CtgZMyriejwncNqMfX5p1tb04qr1rQYyZvzRVPB08RI= contains 204800 B
[2026-04-19T03:25:51.190Z INFO  worker::batch_maker] Batch 9SKXT0Jl7WaBM9bSmOCRT+8V1Pyi4pl/gQZwfcRS2fo= contains sample tx 1128
[2026-04-19T03:25:51.190Z INFO  worker::batch_maker] Batch 9SKXT0Jl7WaBM9bSmOCRT+8V1Pyi4pl/gQZwfcRS2fo= contains 204800 B
[2026-04-19T03:25:51.242Z INFO  worker::batch_maker] Batch C3E7nzx4NcfmUVC01J05QBDkjuKwCdIS3o+/psYdD2k= contains sample tx 1129
[2026-04-19T03:25:51.242Z INFO  worker::batch_maker] Batch C3E7nzx4NcfmUVC01J05QBDkjuKwCdIS3o+/psYdD2k= contains 204800 B
[2026-04-19T03:25:51.294Z INFO  worker::batch_maker] Batch uA3GokZG64ylAb7mwTV/+XsioN31bwT8MzJ1BjGYzIU= contains sample tx 1130
[2026-04-19T03:25:51.294Z INFO  worker::batch_maker] Batch uA3GokZG64ylAb7mwTV/+XsioN31bwT8MzJ1BjGYzIU= contains 204800 B
[2026-04-19T03:25:51.347Z INFO  worker::batch_maker] Batch KaZY9YDE+B8wzYqwPDH4CLsOipXCD7IGan1eTQJd9Dc= contains sample tx 1131
[2026-04-19T03:25:51.347Z INFO  worker::batch_maker] Batch KaZY9YDE+B8wzYqwPDH4CLsOipXCD7IGan1eTQJd9Dc= contains 204800 B
[2026-04-19T03:25:51.399Z INFO  worker::batch_maker] Batch wh2o+wB19M1H9/xZOiaLuJGMbP/IF52J2HaVI5naOY4= contains sample tx 1132
[2026-04-19T03:25:51.399Z INFO  worker::batch_maker] Batch wh2o+wB19M1H9/xZOiaLuJGMbP/IF52J2HaVI5naOY4= contains 204800 B
[2026-04-19T03:25:51.452Z INFO  worker::batch_maker] Batch iFWrfwxD8QupDm5zy9HIcp9x9jvfn6Ra1YgV4cnz0QQ= contains sample tx 1133
[2026-04-19T03:25:51.452Z INFO  worker::batch_maker] Batch iFWrfwxD8QupDm5zy9HIcp9x9jvfn6Ra1YgV4cnz0QQ= contains 204800 B
[2026-04-19T03:25:51.506Z INFO  worker::batch_maker] Batch q0F9ctH3gYaz1ay2NrNu/ECwvwZsbU+Wxju6EYdmTHY= contains sample tx 1134
[2026-04-19T03:25:51.506Z INFO  worker::batch_maker] Batch q0F9ctH3gYaz1ay2NrNu/ECwvwZsbU+Wxju6EYdmTHY= contains 304128 B
[2026-04-19T03:25:51.559Z INFO  worker::batch_maker] Batch 8YsYbSpyYNXlqRJR6fuIOPQNG/CU7c6mJvEZ9ACQ6hI= contains sample tx 1135
[2026-04-19T03:25:51.559Z INFO  worker::batch_maker] Batch 8YsYbSpyYNXlqRJR6fuIOPQNG/CU7c6mJvEZ9ACQ6hI= contains sample tx 1136
[2026-04-19T03:25:51.559Z INFO  worker::batch_maker] Batch 8YsYbSpyYNXlqRJR6fuIOPQNG/CU7c6mJvEZ9ACQ6hI= contains 310272 B
[2026-04-19T03:25:51.612Z INFO  worker::batch_maker] Batch +ozma5hZOyMsD0XVgvGGkHCV9WIqtXLIUxTis+AuyYs= contains sample tx 1137
[2026-04-19T03:25:51.612Z INFO  worker::batch_maker] Batch +ozma5hZOyMsD0XVgvGGkHCV9WIqtXLIUxTis+AuyYs= contains 204800 B
[2026-04-19T03:25:51.665Z INFO  worker::batch_maker] Batch +obMRHJxgasSPojSkJ1QCaqD5Ox+ZyYi9TqLqiRkP7M= contains sample tx 1138
[2026-04-19T03:25:51.665Z INFO  worker::batch_maker] Batch +obMRHJxgasSPojSkJ1QCaqD5Ox+ZyYi9TqLqiRkP7M= contains 204800 B
[2026-04-19T03:25:51.717Z INFO  worker::batch_maker] Batch SnhekBvoBU9/9MBgJ4ZCq3c6GYUfXsfqahvQbrTfqkk= contains sample tx 1139
[2026-04-19T03:25:51.717Z INFO  worker::batch_maker] Batch SnhekBvoBU9/9MBgJ4ZCq3c6GYUfXsfqahvQbrTfqkk= contains 204800 B
[2026-04-19T03:25:51.769Z INFO  worker::batch_maker] Batch 0QpWxBSeaJQBt/PEzD+jXrd5Blu/+PW/+AK/9E7/jhU= contains sample tx 1140
[2026-04-19T03:25:51.769Z INFO  worker::batch_maker] Batch 0QpWxBSeaJQBt/PEzD+jXrd5Blu/+PW/+AK/9E7/jhU= contains 204800 B
[2026-04-19T03:25:51.822Z INFO  worker::batch_maker] Batch LB8UHR+p5OXcGwrizxV7Na4vCgBo7JRHVAIp6sxWNxY= contains sample tx 1141
[2026-04-19T03:25:51.822Z INFO  worker::batch_maker] Batch LB8UHR+p5OXcGwrizxV7Na4vCgBo7JRHVAIp6sxWNxY= contains 204800 B
[2026-04-19T03:25:51.875Z INFO  worker::batch_maker] Batch kShj2r2/nFE6dey4m1pMX9FMOfDMcdU7yBbc6AOwDAk= contains sample tx 1142
[2026-04-19T03:25:51.875Z INFO  worker::batch_maker] Batch kShj2r2/nFE6dey4m1pMX9FMOfDMcdU7yBbc6AOwDAk= contains 204800 B
[2026-04-19T03:25:51.928Z INFO  worker::batch_maker] Batch NReJxH/4dGOVxbAbOOAUlfs94l0COquKlsU5ZLxh9Rw= contains sample tx 1143
[2026-04-19T03:25:51.928Z INFO  worker::batch_maker] Batch NReJxH/4dGOVxbAbOOAUlfs94l0COquKlsU5ZLxh9Rw= contains 204800 B
[2026-04-19T03:25:51.981Z INFO  worker::batch_maker] Batch CX+798Hs/71c5Q9qQS3yVWw/rTjWd8OPy7fFvSrMk7I= contains sample tx 1144
[2026-04-19T03:25:51.981Z INFO  worker::batch_maker] Batch CX+798Hs/71c5Q9qQS3yVWw/rTjWd8OPy7fFvSrMk7I= contains 204800 B
[2026-04-19T03:25:52.033Z INFO  worker::batch_maker] Batch y3CL3jIyA9rocpQYgUquvKg98hC2fVmWO5sxlVwAUKc= contains sample tx 1145
[2026-04-19T03:25:52.033Z INFO  worker::batch_maker] Batch y3CL3jIyA9rocpQYgUquvKg98hC2fVmWO5sxlVwAUKc= contains 204800 B
[2026-04-19T03:25:52.086Z INFO  worker::batch_maker] Batch 3913vNa6RdXZhxoOE+PgucU1cl9IeF5bZhS3vB2D2XI= contains sample tx 1146
[2026-04-19T03:25:52.086Z INFO  worker::batch_maker] Batch 3913vNa6RdXZhxoOE+PgucU1cl9IeF5bZhS3vB2D2XI= contains 204800 B
[2026-04-19T03:25:52.139Z INFO  worker::batch_maker] Batch ZcAVK80sjjppyT2XlmHuZycvLGzR0v0mlkoWA8nhyZY= contains sample tx 1147
[2026-04-19T03:25:52.139Z INFO  worker::batch_maker] Batch ZcAVK80sjjppyT2XlmHuZycvLGzR0v0mlkoWA8nhyZY= contains 204800 B
[2026-04-19T03:25:52.192Z INFO  worker::batch_maker] Batch DFmQkQPbyPC4Uyg/0pDyK05gnpiPKywkaWKECj1Y74o= contains sample tx 1148
[2026-04-19T03:25:52.192Z INFO  worker::batch_maker] Batch DFmQkQPbyPC4Uyg/0pDyK05gnpiPKywkaWKECj1Y74o= contains 204800 B
[2026-04-19T03:25:52.245Z INFO  worker::batch_maker] Batch /WUi34rceMrSqtE2nj6cvN3/soRAplaktS02NOkzZJQ= contains sample tx 1149
[2026-04-19T03:25:52.245Z INFO  worker::batch_maker] Batch /WUi34rceMrSqtE2nj6cvN3/soRAplaktS02NOkzZJQ= contains 204800 B
[2026-04-19T03:25:52.298Z INFO  worker::batch_maker] Batch fwrAmTJ6UPaPn+CJERxZQuqEjjlH277F0fEVDkPcEd8= contains sample tx 1150
[2026-04-19T03:25:52.298Z INFO  worker::batch_maker] Batch fwrAmTJ6UPaPn+CJERxZQuqEjjlH277F0fEVDkPcEd8= contains 204800 B
[2026-04-19T03:25:52.351Z INFO  worker::batch_maker] Batch OB3DF5RJY7v3JWPP0eAIEtRvopJtX2TK8YgJnJTvUqw= contains sample tx 1151
[2026-04-19T03:25:52.351Z INFO  worker::batch_maker] Batch OB3DF5RJY7v3JWPP0eAIEtRvopJtX2TK8YgJnJTvUqw= contains 204800 B
[2026-04-19T03:25:52.405Z INFO  worker::batch_maker] Batch SCYCA0lG3Qo4uhzkX97lyhAZhUawzedUxGQ1hjuWzUM= contains sample tx 1152
[2026-04-19T03:25:52.405Z INFO  worker::batch_maker] Batch SCYCA0lG3Qo4uhzkX97lyhAZhUawzedUxGQ1hjuWzUM= contains 216064 B
[2026-04-19T03:25:52.459Z INFO  worker::batch_maker] Batch qwxa4T3xARmQ3Z/1tXeOXPqZlLPiWQyOzE/0qqar6Kk= contains sample tx 1153
[2026-04-19T03:25:52.459Z INFO  worker::batch_maker] Batch qwxa4T3xARmQ3Z/1tXeOXPqZlLPiWQyOzE/0qqar6Kk= contains sample tx 1154
[2026-04-19T03:25:52.459Z INFO  worker::batch_maker] Batch qwxa4T3xARmQ3Z/1tXeOXPqZlLPiWQyOzE/0qqar6Kk= contains 392704 B
[2026-04-19T03:25:52.513Z INFO  worker::batch_maker] Batch G+HlfSIbLuHVwHQ74EkW8njbxADy16Ug6/zxBMgjg6U= contains sample tx 1155
[2026-04-19T03:25:52.513Z INFO  worker::batch_maker] Batch G+HlfSIbLuHVwHQ74EkW8njbxADy16Ug6/zxBMgjg6U= contains 210432 B
[2026-04-19T03:25:52.566Z INFO  worker::batch_maker] Batch 9gBGZYjfzwNmHoE6PHSXiMnWZn+PP+ayzC4vJAtcVYY= contains sample tx 1156
[2026-04-19T03:25:52.566Z INFO  worker::batch_maker] Batch 9gBGZYjfzwNmHoE6PHSXiMnWZn+PP+ayzC4vJAtcVYY= contains 204800 B
[2026-04-19T03:25:52.619Z INFO  worker::batch_maker] Batch yKzmeSeMuubfsLTDH0+OU9k8ycGbNKT7FfGqKDli3Bk= contains sample tx 1157
[2026-04-19T03:25:52.620Z INFO  worker::batch_maker] Batch yKzmeSeMuubfsLTDH0+OU9k8ycGbNKT7FfGqKDli3Bk= contains 204800 B
[2026-04-19T03:25:52.672Z INFO  worker::batch_maker] Batch QWRqjt5iJn1J6Hq0N/XR/1CvTjnGF77i7/9A/+ebx3g= contains 183296 B
[2026-04-19T03:25:52.735Z INFO  worker::batch_maker] Batch oeU22hFYv2iOFkC7yNFMQoSS9seC38a8csDN1gt8cGA= contains sample tx 1158
[2026-04-19T03:25:52.735Z INFO  worker::batch_maker] Batch oeU22hFYv2iOFkC7yNFMQoSS9seC38a8csDN1gt8cGA= contains sample tx 1159
[2026-04-19T03:25:52.735Z INFO  worker::batch_maker] Batch oeU22hFYv2iOFkC7yNFMQoSS9seC38a8csDN1gt8cGA= contains 226304 B
[2026-04-19T03:25:52.788Z INFO  worker::batch_maker] Batch JuMbLgvZPNvP5t/mYa/HK272UydZlzVnOyh0543JPKY= contains sample tx 1160
[2026-04-19T03:25:52.788Z INFO  worker::batch_maker] Batch JuMbLgvZPNvP5t/mYa/HK272UydZlzVnOyh0543JPKY= contains 204800 B
[2026-04-19T03:25:52.839Z INFO  worker::batch_maker] Batch g7xrnMKIOgRsBz5gwpEItmhPtNyWHC5qL4YMSkPpUZg= contains sample tx 1161
[2026-04-19T03:25:52.839Z INFO  worker::batch_maker] Batch g7xrnMKIOgRsBz5gwpEItmhPtNyWHC5qL4YMSkPpUZg= contains 204800 B
[2026-04-19T03:25:52.891Z INFO  worker::batch_maker] Batch QJ6BXiuLisT0KfP8c/DqplKCPkgOFDp/F95HHKnilZU= contains sample tx 1162
[2026-04-19T03:25:52.891Z INFO  worker::batch_maker] Batch QJ6BXiuLisT0KfP8c/DqplKCPkgOFDp/F95HHKnilZU= contains 204800 B
[2026-04-19T03:25:52.944Z INFO  worker::batch_maker] Batch ssiI3Wjy0NA5bppRcRGCqSchkZVTcUxN37LZSor/pjs= contains sample tx 1163
[2026-04-19T03:25:52.945Z INFO  worker::batch_maker] Batch ssiI3Wjy0NA5bppRcRGCqSchkZVTcUxN37LZSor/pjs= contains 204800 B
[2026-04-19T03:25:52.997Z INFO  worker::batch_maker] Batch DJe+K8iOPluCFBKVmbfG4jdup/+VErJO82A4UlPRzUA= contains sample tx 1164
[2026-04-19T03:25:52.997Z INFO  worker::batch_maker] Batch DJe+K8iOPluCFBKVmbfG4jdup/+VErJO82A4UlPRzUA= contains 204800 B
[2026-04-19T03:25:53.050Z INFO  worker::batch_maker] Batch kXjgcrjedVMv6AhDtAuS6DThLyAeNPQyMuTrwawhkVo= contains sample tx 1165
[2026-04-19T03:25:53.050Z INFO  worker::batch_maker] Batch kXjgcrjedVMv6AhDtAuS6DThLyAeNPQyMuTrwawhkVo= contains 204800 B
[2026-04-19T03:25:53.102Z INFO  worker::batch_maker] Batch 3k/PDAgkcnivD2rizhRd9N0cmSfQe0W8XtS6ZcB+Za4= contains sample tx 1166
[2026-04-19T03:25:53.102Z INFO  worker::batch_maker] Batch 3k/PDAgkcnivD2rizhRd9N0cmSfQe0W8XtS6ZcB+Za4= contains 204800 B
[2026-04-19T03:25:53.153Z INFO  worker::batch_maker] Batch 1e1liK6fm5i88x0iEiObrteamRmIQehWVZsAvfjmXr8= contains sample tx 1167
[2026-04-19T03:25:53.153Z INFO  worker::batch_maker] Batch 1e1liK6fm5i88x0iEiObrteamRmIQehWVZsAvfjmXr8= contains 250368 B
[2026-04-19T03:25:53.206Z INFO  worker::batch_maker] Batch PumtRszi5gy+r1QppAZ907fq8xUlRT2IjFiTpULcWBI= contains sample tx 1168
[2026-04-19T03:25:53.206Z INFO  worker::batch_maker] Batch PumtRszi5gy+r1QppAZ907fq8xUlRT2IjFiTpULcWBI= contains sample tx 1169
[2026-04-19T03:25:53.206Z INFO  worker::batch_maker] Batch PumtRszi5gy+r1QppAZ907fq8xUlRT2IjFiTpULcWBI= contains 364032 B
[2026-04-19T03:25:53.259Z INFO  worker::batch_maker] Batch nVSB/JwBe4VmIgby4KgG50NPPExTw5BZJLunXgrz7iM= contains sample tx 1170
[2026-04-19T03:25:53.259Z INFO  worker::batch_maker] Batch nVSB/JwBe4VmIgby4KgG50NPPExTw5BZJLunXgrz7iM= contains 204800 B
[2026-04-19T03:25:53.311Z INFO  worker::batch_maker] Batch NVVvMdfb+TQhbVGEn+J8SCMH+oJrPCYTDsr4vMddBFw= contains sample tx 1171
[2026-04-19T03:25:53.311Z INFO  worker::batch_maker] Batch NVVvMdfb+TQhbVGEn+J8SCMH+oJrPCYTDsr4vMddBFw= contains 204800 B
[2026-04-19T03:25:53.363Z INFO  worker::batch_maker] Batch bFP/ejnwSnAQqms2onziND072GKXcI4gTltrVPCbIMU= contains sample tx 1172
[2026-04-19T03:25:53.363Z INFO  worker::batch_maker] Batch bFP/ejnwSnAQqms2onziND072GKXcI4gTltrVPCbIMU= contains 204800 B
[2026-04-19T03:25:53.415Z INFO  worker::batch_maker] Batch lzJg4SYV/9RjJv+teLL9jgclIan6C51mWTenOlIoImc= contains sample tx 1173
[2026-04-19T03:25:53.415Z INFO  worker::batch_maker] Batch lzJg4SYV/9RjJv+teLL9jgclIan6C51mWTenOlIoImc= contains 204800 B
[2026-04-19T03:25:53.468Z INFO  worker::batch_maker] Batch F+9iNqeFgOnFGxGrFfz7eRWWiVsbzchi82IdKCB5IH8= contains sample tx 1174
[2026-04-19T03:25:53.468Z INFO  worker::batch_maker] Batch F+9iNqeFgOnFGxGrFfz7eRWWiVsbzchi82IdKCB5IH8= contains 204800 B
[2026-04-19T03:25:53.520Z INFO  worker::batch_maker] Batch hXtCmbPwiocCOg/4QDvTKBKc9/mQaKHYfdJFdgdo7qA= contains sample tx 1175
[2026-04-19T03:25:53.520Z INFO  worker::batch_maker] Batch hXtCmbPwiocCOg/4QDvTKBKc9/mQaKHYfdJFdgdo7qA= contains 204800 B
[2026-04-19T03:25:53.573Z INFO  worker::batch_maker] Batch U8tvMHY3qTduhot4vcQYf/XiLJ08DYVrW4IN1lQfrCw= contains sample tx 1176
[2026-04-19T03:25:53.573Z INFO  worker::batch_maker] Batch U8tvMHY3qTduhot4vcQYf/XiLJ08DYVrW4IN1lQfrCw= contains 204800 B
[2026-04-19T03:25:53.627Z INFO  worker::batch_maker] Batch e2dR2m2bT6V9lBt7WhGZRJbfdstnLti8OlKtnvk8Ka8= contains sample tx 1177
[2026-04-19T03:25:53.627Z INFO  worker::batch_maker] Batch e2dR2m2bT6V9lBt7WhGZRJbfdstnLti8OlKtnvk8Ka8= contains 204800 B
[2026-04-19T03:25:53.679Z INFO  worker::batch_maker] Batch tMmhT/LAABCLbEXEJHo+tRVlBBuLSjPYa6CJU4kDjw8= contains sample tx 1178
[2026-04-19T03:25:53.679Z INFO  worker::batch_maker] Batch tMmhT/LAABCLbEXEJHo+tRVlBBuLSjPYa6CJU4kDjw8= contains 204800 B
[2026-04-19T03:25:53.732Z INFO  worker::batch_maker] Batch 83yH90cx+bY1uuQnzdVyOUhZeSZKlgndAlDQyUKDvcc= contains sample tx 1179
[2026-04-19T03:25:53.732Z INFO  worker::batch_maker] Batch 83yH90cx+bY1uuQnzdVyOUhZeSZKlgndAlDQyUKDvcc= contains 204800 B
[2026-04-19T03:25:53.785Z INFO  worker::batch_maker] Batch rGld51Cr3qtAT6C8/NIn/gyWmTnC+t89j9CdKuQjCW8= contains sample tx 1180
[2026-04-19T03:25:53.785Z INFO  worker::batch_maker] Batch rGld51Cr3qtAT6C8/NIn/gyWmTnC+t89j9CdKuQjCW8= contains 204800 B
[2026-04-19T03:25:53.838Z INFO  worker::batch_maker] Batch /X3YW8/p/+MMtuGwbE1LK7F/gjRV/hx2nxZGtT+Vwgw= contains sample tx 1181
[2026-04-19T03:25:53.838Z INFO  worker::batch_maker] Batch /X3YW8/p/+MMtuGwbE1LK7F/gjRV/hx2nxZGtT+Vwgw= contains 204800 B
[2026-04-19T03:25:53.891Z INFO  worker::batch_maker] Batch y/vOs3z/1qK3mJpxbjan36OUXJNMBTYkQN/k/TyabVA= contains sample tx 1182
[2026-04-19T03:25:53.891Z INFO  worker::batch_maker] Batch y/vOs3z/1qK3mJpxbjan36OUXJNMBTYkQN/k/TyabVA= contains 204800 B
[2026-04-19T03:25:53.944Z INFO  worker::batch_maker] Batch emUZZVhJ9OOH4lx8D7k4qyf0zeMUuX1uE0TTwcNNiuU= contains sample tx 1183
[2026-04-19T03:25:53.944Z INFO  worker::batch_maker] Batch emUZZVhJ9OOH4lx8D7k4qyf0zeMUuX1uE0TTwcNNiuU= contains 204800 B
[2026-04-19T03:25:53.996Z INFO  worker::batch_maker] Batch JjB263j+N2YtzIKCvlswyDOSTO8MxyTpDZQbNGGu0bs= contains sample tx 1184
[2026-04-19T03:25:53.996Z INFO  worker::batch_maker] Batch JjB263j+N2YtzIKCvlswyDOSTO8MxyTpDZQbNGGu0bs= contains 204800 B
[2026-04-19T03:25:54.050Z INFO  worker::batch_maker] Batch qXG0xUU5NeECDKlm6U9FApCfH2xsI/SPuZWl72NycEI= contains sample tx 1185
[2026-04-19T03:25:54.050Z INFO  worker::batch_maker] Batch qXG0xUU5NeECDKlm6U9FApCfH2xsI/SPuZWl72NycEI= contains 204800 B
[2026-04-19T03:25:54.102Z INFO  worker::batch_maker] Batch mckQbvhI3yzarlRiEPuNsM1l73maxoa0JtlQsepO/dM= contains sample tx 1186
[2026-04-19T03:25:54.102Z INFO  worker::batch_maker] Batch mckQbvhI3yzarlRiEPuNsM1l73maxoa0JtlQsepO/dM= contains 204800 B
[2026-04-19T03:25:54.154Z INFO  worker::batch_maker] Batch s8Up2nPpgR80aZS589yKrRlR/HEtgUuX2/JpQkytcU0= contains sample tx 1187
[2026-04-19T03:25:54.154Z INFO  worker::batch_maker] Batch s8Up2nPpgR80aZS589yKrRlR/HEtgUuX2/JpQkytcU0= contains 280576 B
[2026-04-19T03:25:54.206Z INFO  worker::batch_maker] Batch nnFE0hlaqcDc2lbvYzCY1SmtG/UC5RgRksQD49UXntA= contains sample tx 1188
[2026-04-19T03:25:54.206Z INFO  worker::batch_maker] Batch nnFE0hlaqcDc2lbvYzCY1SmtG/UC5RgRksQD49UXntA= contains sample tx 1189
[2026-04-19T03:25:54.206Z INFO  worker::batch_maker] Batch nnFE0hlaqcDc2lbvYzCY1SmtG/UC5RgRksQD49UXntA= contains 333824 B
[2026-04-19T03:25:54.259Z INFO  worker::batch_maker] Batch w+d4zCLQEQyqVEURIynzCJH2nxx1t/arApKgKam1KA4= contains sample tx 1190
[2026-04-19T03:25:54.259Z INFO  worker::batch_maker] Batch w+d4zCLQEQyqVEURIynzCJH2nxx1t/arApKgKam1KA4= contains 204800 B
[2026-04-19T03:25:54.310Z INFO  worker::batch_maker] Batch 13V9FI0y6bP4Px0XvZ7R5yLqOPJq2c3V0IqrKTghBOQ= contains sample tx 1191
[2026-04-19T03:25:54.311Z INFO  worker::batch_maker] Batch 13V9FI0y6bP4Px0XvZ7R5yLqOPJq2c3V0IqrKTghBOQ= contains 204800 B
[2026-04-19T03:25:54.365Z INFO  worker::batch_maker] Batch s9PlMzhyzbm+tRSa4gq250q5NQ1MRL7PjvwWtKarj6g= contains sample tx 1192
[2026-04-19T03:25:54.365Z INFO  worker::batch_maker] Batch s9PlMzhyzbm+tRSa4gq250q5NQ1MRL7PjvwWtKarj6g= contains 204800 B
[2026-04-19T03:25:54.418Z INFO  worker::batch_maker] Batch 2FoerAXNfe6h9Ptb8uZtCx0B2gxCldITpvim7gad+YA= contains sample tx 1193
[2026-04-19T03:25:54.418Z INFO  worker::batch_maker] Batch 2FoerAXNfe6h9Ptb8uZtCx0B2gxCldITpvim7gad+YA= contains 204800 B
[2026-04-19T03:25:54.470Z INFO  worker::batch_maker] Batch ZSAH3yqhH7ojL4alkjeKgfYqzeE9WwZ5D+8Cv3EZnZE= contains sample tx 1194
[2026-04-19T03:25:54.470Z INFO  worker::batch_maker] Batch ZSAH3yqhH7ojL4alkjeKgfYqzeE9WwZ5D+8Cv3EZnZE= contains 204800 B
[2026-04-19T03:25:54.524Z INFO  worker::batch_maker] Batch cXGVQRdmtd3O6862eQMFj0jy+XgeTKhLuhaf5mkm0mQ= contains sample tx 1195
[2026-04-19T03:25:54.524Z INFO  worker::batch_maker] Batch cXGVQRdmtd3O6862eQMFj0jy+XgeTKhLuhaf5mkm0mQ= contains 204800 B
[2026-04-19T03:25:54.576Z INFO  worker::batch_maker] Batch bVLz7Kb8scVUwF0++iebJrAHFE7JGRlHzxzuM1g7RLo= contains sample tx 1196
[2026-04-19T03:25:54.588Z INFO  worker::batch_maker] Batch bVLz7Kb8scVUwF0++iebJrAHFE7JGRlHzxzuM1g7RLo= contains 204800 B
[2026-04-19T03:25:54.642Z INFO  worker::batch_maker] Batch DCgc/Xv+wGlmJ4FUuB5pBVdJMG/p9lu2H7GWHJZVpGA= contains sample tx 1197
[2026-04-19T03:25:54.642Z INFO  worker::batch_maker] Batch DCgc/Xv+wGlmJ4FUuB5pBVdJMG/p9lu2H7GWHJZVpGA= contains 204800 B
[2026-04-19T03:25:54.694Z INFO  worker::batch_maker] Batch fpcrW8mvHhlXS4zj57Rt3lqI7N2ARM0rCkQ+7wmwWW8= contains sample tx 1198
[2026-04-19T03:25:54.694Z INFO  worker::batch_maker] Batch fpcrW8mvHhlXS4zj57Rt3lqI7N2ARM0rCkQ+7wmwWW8= contains 204800 B
[2026-04-19T03:25:54.747Z INFO  worker::batch_maker] Batch H21AOVE+g6QZhV4YAhZ51fuhGw9U8lb8j022k8yQ1BI= contains sample tx 1199
[2026-04-19T03:25:54.747Z INFO  worker::batch_maker] Batch H21AOVE+g6QZhV4YAhZ51fuhGw9U8lb8j022k8yQ1BI= contains 204800 B
[2026-04-19T03:25:54.800Z INFO  worker::batch_maker] Batch nGpueA2G5RGVd6iNAHeurLGglHlXCfzSCrAbfG8fkc0= contains sample tx 1200
[2026-04-19T03:25:54.800Z INFO  worker::batch_maker] Batch nGpueA2G5RGVd6iNAHeurLGglHlXCfzSCrAbfG8fkc0= contains 204800 B
[2026-04-19T03:25:54.856Z INFO  worker::batch_maker] Batch 7McQKjoKBE61pz1z0Jy2BuMuPm+raBQnE0D2bsQIezA= contains sample tx 1201
[2026-04-19T03:25:54.856Z INFO  worker::batch_maker] Batch 7McQKjoKBE61pz1z0Jy2BuMuPm+raBQnE0D2bsQIezA= contains 204800 B
[2026-04-19T03:25:54.910Z INFO  worker::batch_maker] Batch p2fT3om8VNjnXHjN/DWOfmzIsCVkM3VXxSsRqJynbPU= contains sample tx 1202
[2026-04-19T03:25:54.910Z INFO  worker::batch_maker] Batch p2fT3om8VNjnXHjN/DWOfmzIsCVkM3VXxSsRqJynbPU= contains sample tx 1203
[2026-04-19T03:25:54.910Z INFO  worker::batch_maker] Batch p2fT3om8VNjnXHjN/DWOfmzIsCVkM3VXxSsRqJynbPU= contains 292864 B
[2026-04-19T03:25:54.964Z INFO  worker::batch_maker] Batch Q35uQuo56yT4jzpuLpa6dtW5TrtJ+Qy4rBAq1LUr8+o= contains sample tx 1204
[2026-04-19T03:25:54.964Z INFO  worker::batch_maker] Batch Q35uQuo56yT4jzpuLpa6dtW5TrtJ+Qy4rBAq1LUr8+o= contains 321536 B
[2026-04-19T03:25:55.017Z INFO  worker::batch_maker] Batch yOVJofDxR/OO0Bqz6JZC257/P8BE+hPdB62/NcsnI3w= contains sample tx 1205
[2026-04-19T03:25:55.017Z INFO  worker::batch_maker] Batch yOVJofDxR/OO0Bqz6JZC257/P8BE+hPdB62/NcsnI3w= contains 204800 B
[2026-04-19T03:25:55.069Z INFO  worker::batch_maker] Batch 2B9sW96uToAKNtoT8CzNRuooQI1/xl7mZ2zjZbwvTrE= contains sample tx 1206
[2026-04-19T03:25:55.070Z INFO  worker::batch_maker] Batch 2B9sW96uToAKNtoT8CzNRuooQI1/xl7mZ2zjZbwvTrE= contains 204800 B
[2026-04-19T03:25:55.123Z INFO  worker::batch_maker] Batch UYHj34dnWpZBMwMni+48C5lC3FOWga/zY8pDZ+bXYtg= contains sample tx 1207
[2026-04-19T03:25:55.123Z INFO  worker::batch_maker] Batch UYHj34dnWpZBMwMni+48C5lC3FOWga/zY8pDZ+bXYtg= contains 204800 B
[2026-04-19T03:25:55.175Z INFO  worker::batch_maker] Batch h7IoV69UInIE+TxjyEYYBSb6L2kc0tOlw7NEU2p5Mwg= contains sample tx 1208
[2026-04-19T03:25:55.175Z INFO  worker::batch_maker] Batch h7IoV69UInIE+TxjyEYYBSb6L2kc0tOlw7NEU2p5Mwg= contains 204800 B
[2026-04-19T03:25:55.227Z INFO  worker::batch_maker] Batch DCdkmjTtf2uwvPgPs8OWUtsqIoW01Mlal6LDnnbmw+g= contains sample tx 1209
[2026-04-19T03:25:55.227Z INFO  worker::batch_maker] Batch DCdkmjTtf2uwvPgPs8OWUtsqIoW01Mlal6LDnnbmw+g= contains 204800 B
[2026-04-19T03:25:55.280Z INFO  worker::batch_maker] Batch l5lmm22BEPabuvBEnoRB8t49bmZHJ4eFrpw1YQCiwTE= contains sample tx 1210
[2026-04-19T03:25:55.280Z INFO  worker::batch_maker] Batch l5lmm22BEPabuvBEnoRB8t49bmZHJ4eFrpw1YQCiwTE= contains 204800 B
[2026-04-19T03:25:55.334Z INFO  worker::batch_maker] Batch z9i8Y/a23pMhRTYk4ahGImLWwYNwioIgFyQA7KvAb7c= contains sample tx 1211
[2026-04-19T03:25:55.334Z INFO  worker::batch_maker] Batch z9i8Y/a23pMhRTYk4ahGImLWwYNwioIgFyQA7KvAb7c= contains 204800 B
[2026-04-19T03:25:55.386Z INFO  worker::batch_maker] Batch N+9sO232hdggK807H8iaCTngS+/uRSkQZ2nofIQ5dY0= contains sample tx 1212
[2026-04-19T03:25:55.386Z INFO  worker::batch_maker] Batch N+9sO232hdggK807H8iaCTngS+/uRSkQZ2nofIQ5dY0= contains 204800 B
[2026-04-19T03:25:55.440Z INFO  worker::batch_maker] Batch ajl5bbqBbOCrZ2n3hY/kOunJTvNNPbh9oT8Q49NnfRI= contains sample tx 1213
[2026-04-19T03:25:55.440Z INFO  worker::batch_maker] Batch ajl5bbqBbOCrZ2n3hY/kOunJTvNNPbh9oT8Q49NnfRI= contains 204800 B
[2026-04-19T03:25:55.493Z INFO  worker::batch_maker] Batch u8FfdTbNIU7EWBqFX1gOEjNvvMcRp6+KAcT4cKon0ww= contains sample tx 1214
[2026-04-19T03:25:55.493Z INFO  worker::batch_maker] Batch u8FfdTbNIU7EWBqFX1gOEjNvvMcRp6+KAcT4cKon0ww= contains 204800 B
[2026-04-19T03:25:55.545Z INFO  worker::batch_maker] Batch haEsNieoCXhad82QGFm/h4yQ6PJMbx4KPNNg89oLpU0= contains sample tx 1215
[2026-04-19T03:25:55.546Z INFO  worker::batch_maker] Batch haEsNieoCXhad82QGFm/h4yQ6PJMbx4KPNNg89oLpU0= contains 204800 B
[2026-04-19T03:25:55.598Z INFO  worker::batch_maker] Batch +jAEvFAgQg1ky/F9XJQ2kPMQIxv1lNM0zhjfDYNTUx4= contains sample tx 1216
[2026-04-19T03:25:55.599Z INFO  worker::batch_maker] Batch +jAEvFAgQg1ky/F9XJQ2kPMQIxv1lNM0zhjfDYNTUx4= contains 204800 B
[2026-04-19T03:25:55.652Z INFO  worker::batch_maker] Batch UN0wQBo1FytbrA5J8TeG8zpE5AxSAtCZ7eVApdRvGww= contains sample tx 1217
[2026-04-19T03:25:55.652Z INFO  worker::batch_maker] Batch UN0wQBo1FytbrA5J8TeG8zpE5AxSAtCZ7eVApdRvGww= contains 204800 B
[2026-04-19T03:25:55.706Z INFO  worker::batch_maker] Batch J7o019j+XMpAU6p4BQPBQuJolqkRIityOqTixh1DxSQ= contains sample tx 1218
[2026-04-19T03:25:55.706Z INFO  worker::batch_maker] Batch J7o019j+XMpAU6p4BQPBQuJolqkRIityOqTixh1DxSQ= contains sample tx 1219
[2026-04-19T03:25:55.706Z INFO  worker::batch_maker] Batch J7o019j+XMpAU6p4BQPBQuJolqkRIityOqTixh1DxSQ= contains 252928 B
[2026-04-19T03:25:55.760Z INFO  worker::batch_maker] Batch SyaZrPEzodnGlK4kjVeFJr2GUeqSW622cGpFAkYH1ec= contains sample tx 1220
[2026-04-19T03:25:55.760Z INFO  worker::batch_maker] Batch SyaZrPEzodnGlK4kjVeFJr2GUeqSW622cGpFAkYH1ec= contains 337408 B
[2026-04-19T03:25:55.815Z INFO  worker::batch_maker] Batch VEG4AHS/YX+bCzqcV/tnnXuwurxRP4OfVMpk0kSnaHU= contains sample tx 1221
[2026-04-19T03:25:55.815Z INFO  worker::batch_maker] Batch VEG4AHS/YX+bCzqcV/tnnXuwurxRP4OfVMpk0kSnaHU= contains 228864 B
[2026-04-19T03:25:55.868Z INFO  worker::batch_maker] Batch jWv3bylz7ka9jSmq390YAkc47Ug1mCU5ImZGlw7vmVo= contains sample tx 1222
[2026-04-19T03:25:55.868Z INFO  worker::batch_maker] Batch jWv3bylz7ka9jSmq390YAkc47Ug1mCU5ImZGlw7vmVo= contains 204800 B
[2026-04-19T03:25:55.921Z INFO  worker::batch_maker] Batch Ckg92z4QApQxdBFYAK3TuEir3cIiIpJk8Ve5JONnsww= contains sample tx 1223
[2026-04-19T03:25:55.921Z INFO  worker::batch_maker] Batch Ckg92z4QApQxdBFYAK3TuEir3cIiIpJk8Ve5JONnsww= contains 204800 B
[2026-04-19T03:25:55.974Z INFO  worker::batch_maker] Batch sRHfNBoij8I5mIsAh67L9+60DI+RZyEWUSnZ7+W+SYk= contains sample tx 1224
[2026-04-19T03:25:55.974Z INFO  worker::batch_maker] Batch sRHfNBoij8I5mIsAh67L9+60DI+RZyEWUSnZ7+W+SYk= contains 204800 B
[2026-04-19T03:25:56.028Z INFO  worker::batch_maker] Batch NU9Wc7T2fb3ajprKiYrdmrY2JtucP8qXIPn7v8NKRog= contains sample tx 1225
[2026-04-19T03:25:56.028Z INFO  worker::batch_maker] Batch NU9Wc7T2fb3ajprKiYrdmrY2JtucP8qXIPn7v8NKRog= contains 204800 B
[2026-04-19T03:25:56.081Z INFO  worker::batch_maker] Batch DePEYGvGGCKWvMo5cqnw1QlSUA4IxyMHdP2I5H+wmvg= contains sample tx 1226
[2026-04-19T03:25:56.081Z INFO  worker::batch_maker] Batch DePEYGvGGCKWvMo5cqnw1QlSUA4IxyMHdP2I5H+wmvg= contains 204800 B
[2026-04-19T03:25:56.135Z INFO  worker::batch_maker] Batch sL7bdq1tIzVyAgCMWpn01u9j1gFPZddQT9BXfwGR368= contains sample tx 1227
[2026-04-19T03:25:56.135Z INFO  worker::batch_maker] Batch sL7bdq1tIzVyAgCMWpn01u9j1gFPZddQT9BXfwGR368= contains 204800 B
[2026-04-19T03:25:56.189Z INFO  worker::batch_maker] Batch CczjaKC6HxSND9+uER6PO0ZUwzsjTEBhq+BiUOwVENI= contains sample tx 1228
[2026-04-19T03:25:56.189Z INFO  worker::batch_maker] Batch CczjaKC6HxSND9+uER6PO0ZUwzsjTEBhq+BiUOwVENI= contains 204800 B
[2026-04-19T03:25:56.243Z INFO  worker::batch_maker] Batch Nu070SW+5vuyrChwfWy0K//cQ7xr1NYENebdsS6Q1dA= contains sample tx 1229
[2026-04-19T03:25:56.243Z INFO  worker::batch_maker] Batch Nu070SW+5vuyrChwfWy0K//cQ7xr1NYENebdsS6Q1dA= contains 204800 B
[2026-04-19T03:25:56.297Z INFO  worker::batch_maker] Batch O5JZpdlD5DHY4GjlK2zuebREEPkzAJ1g1z/NPO7Ms4w= contains sample tx 1230
[2026-04-19T03:25:56.297Z INFO  worker::batch_maker] Batch O5JZpdlD5DHY4GjlK2zuebREEPkzAJ1g1z/NPO7Ms4w= contains 204800 B
[2026-04-19T03:25:56.351Z INFO  worker::batch_maker] Batch f3ZJfJEZU/wnsHcBnxwmbHc5+Qtr8BCRHilDrjpFaqs= contains sample tx 1231
[2026-04-19T03:25:56.351Z INFO  worker::batch_maker] Batch f3ZJfJEZU/wnsHcBnxwmbHc5+Qtr8BCRHilDrjpFaqs= contains 204800 B
[2026-04-19T03:25:56.405Z INFO  worker::batch_maker] Batch mlYKhwsLqlz+GhUVHYZNpyQX4KFuHtjYEfvqWIfSFV4= contains sample tx 1232
[2026-04-19T03:25:56.405Z INFO  worker::batch_maker] Batch mlYKhwsLqlz+GhUVHYZNpyQX4KFuHtjYEfvqWIfSFV4= contains sample tx 1233
[2026-04-19T03:25:56.405Z INFO  worker::batch_maker] Batch mlYKhwsLqlz+GhUVHYZNpyQX4KFuHtjYEfvqWIfSFV4= contains 236032 B
[2026-04-19T03:25:56.461Z INFO  worker::batch_maker] Batch c8XTiaibo0Us74RA9yye1DqRQaSa40YOhzFefq0c1jk= contains sample tx 1234
[2026-04-19T03:25:56.461Z INFO  worker::batch_maker] Batch c8XTiaibo0Us74RA9yye1DqRQaSa40YOhzFefq0c1jk= contains 378368 B
[2026-04-19T03:25:56.515Z INFO  worker::batch_maker] Batch vFJfkfR3h0K4gDeFf+DkRiGNve2h65LWZYRl6GJGzX4= contains sample tx 1235
[2026-04-19T03:25:56.515Z INFO  worker::batch_maker] Batch vFJfkfR3h0K4gDeFf+DkRiGNve2h65LWZYRl6GJGzX4= contains 204800 B
[2026-04-19T03:25:56.569Z INFO  worker::batch_maker] Batch ejzVSq6eMs/Uvt5aqsAwVWSucvYXaaRwD9MvV8wUQdo= contains sample tx 1236
[2026-04-19T03:25:56.569Z INFO  worker::batch_maker] Batch ejzVSq6eMs/Uvt5aqsAwVWSucvYXaaRwD9MvV8wUQdo= contains 204800 B
[2026-04-19T03:25:56.623Z INFO  worker::batch_maker] Batch p69C65CqHi4iGWiNXX6Qz/oMFEUQeMiC91hhas7QWdk= contains sample tx 1237
[2026-04-19T03:25:56.623Z INFO  worker::batch_maker] Batch p69C65CqHi4iGWiNXX6Qz/oMFEUQeMiC91hhas7QWdk= contains 204800 B
[2026-04-19T03:25:56.677Z INFO  worker::batch_maker] Batch SLU+zchBmLANKFXInE6GWk3ZkZoO21t+OqfqbP3qLRY= contains sample tx 1238
[2026-04-19T03:25:56.677Z INFO  worker::batch_maker] Batch SLU+zchBmLANKFXInE6GWk3ZkZoO21t+OqfqbP3qLRY= contains 204800 B
[2026-04-19T03:25:56.729Z INFO  worker::batch_maker] Batch RNy9U1HeHaXpKC0Wma7GuqLqtIHxq1l+jzWMHytJGfY= contains sample tx 1239
[2026-04-19T03:25:56.729Z INFO  worker::batch_maker] Batch RNy9U1HeHaXpKC0Wma7GuqLqtIHxq1l+jzWMHytJGfY= contains 204800 B
[2026-04-19T03:25:56.781Z INFO  worker::batch_maker] Batch QwJviOUWaToeMhXlRCdeSgr+4yne2AURC/ilXHOwZz0= contains sample tx 1240
[2026-04-19T03:25:56.781Z INFO  worker::batch_maker] Batch QwJviOUWaToeMhXlRCdeSgr+4yne2AURC/ilXHOwZz0= contains 204800 B
[2026-04-19T03:25:56.834Z INFO  worker::batch_maker] Batch cnPRwKHij3/sw3dAHR2ijjvh54uA9L24mPXRSRdNVmc= contains sample tx 1241
[2026-04-19T03:25:56.834Z INFO  worker::batch_maker] Batch cnPRwKHij3/sw3dAHR2ijjvh54uA9L24mPXRSRdNVmc= contains 204800 B
[2026-04-19T03:25:56.886Z INFO  worker::batch_maker] Batch jU0VQmAZJQbZBe0KHZUhWLCWvXq/D+BFQ41maCGHWlk= contains sample tx 1242
[2026-04-19T03:25:56.886Z INFO  worker::batch_maker] Batch jU0VQmAZJQbZBe0KHZUhWLCWvXq/D+BFQ41maCGHWlk= contains 204800 B
[2026-04-19T03:25:56.939Z INFO  worker::batch_maker] Batch N3oey9gFdRFwc415sq4SuWSLJ/qML4l4iAd6NHY7Ehg= contains sample tx 1243
[2026-04-19T03:25:56.939Z INFO  worker::batch_maker] Batch N3oey9gFdRFwc415sq4SuWSLJ/qML4l4iAd6NHY7Ehg= contains 204800 B
[2026-04-19T03:25:56.991Z INFO  worker::batch_maker] Batch qgnJaqf6IHhvvdBB1ECqDrmdtfojtn51cDUt0cZCjho= contains sample tx 1244
[2026-04-19T03:25:56.991Z INFO  worker::batch_maker] Batch qgnJaqf6IHhvvdBB1ECqDrmdtfojtn51cDUt0cZCjho= contains 204800 B
[2026-04-19T03:25:57.043Z INFO  worker::batch_maker] Batch Za/SaFdQeyDLt0r/MJFGYEzehn1mO7vVwlyXGk2a3z4= contains sample tx 1245
[2026-04-19T03:25:57.043Z INFO  worker::batch_maker] Batch Za/SaFdQeyDLt0r/MJFGYEzehn1mO7vVwlyXGk2a3z4= contains 204800 B
[2026-04-19T03:25:57.094Z INFO  worker::batch_maker] Batch OyLfQyvShLbkH7tCS/zvRb1kNpb6mwZ3R3U5mgkeXB0= contains sample tx 1246
[2026-04-19T03:25:57.094Z INFO  worker::batch_maker] Batch OyLfQyvShLbkH7tCS/zvRb1kNpb6mwZ3R3U5mgkeXB0= contains 204800 B
[2026-04-19T03:25:57.147Z INFO  worker::batch_maker] Batch rmLjb3bsidJ7pr0h0lP4FP0Nrg2iC2GvMu2GxWOXUwo= contains sample tx 1247
[2026-04-19T03:25:57.147Z INFO  worker::batch_maker] Batch rmLjb3bsidJ7pr0h0lP4FP0Nrg2iC2GvMu2GxWOXUwo= contains 204800 B
[2026-04-19T03:25:57.199Z INFO  worker::batch_maker] Batch JKdA399cvzRtPHWlXrVTJFuuM5EYgmesXX4K7ngVYM8= contains sample tx 1248
[2026-04-19T03:25:57.199Z INFO  worker::batch_maker] Batch JKdA399cvzRtPHWlXrVTJFuuM5EYgmesXX4K7ngVYM8= contains 204800 B
[2026-04-19T03:25:57.250Z INFO  worker::batch_maker] Batch PEOqWD9hNDNftL7W4kWWxAeXt0bCVKnDK9PxvMo+nzQ= contains sample tx 1249
[2026-04-19T03:25:57.250Z INFO  worker::batch_maker] Batch PEOqWD9hNDNftL7W4kWWxAeXt0bCVKnDK9PxvMo+nzQ= contains 204800 B
[2026-04-19T03:25:57.302Z INFO  worker::batch_maker] Batch kvfEp/UxcXCOntHgS/1nR3aO+fBd/wynPzS1Fr3tDwo= contains sample tx 1250
[2026-04-19T03:25:57.302Z INFO  worker::batch_maker] Batch kvfEp/UxcXCOntHgS/1nR3aO+fBd/wynPzS1Fr3tDwo= contains 204800 B
[2026-04-19T03:25:57.357Z INFO  worker::batch_maker] Batch jt9RQ7RPNOjJc/Q4dbVeayQ+h/jLLsUYJ46N2p6vXhs= contains sample tx 1251
[2026-04-19T03:25:57.357Z INFO  worker::batch_maker] Batch jt9RQ7RPNOjJc/Q4dbVeayQ+h/jLLsUYJ46N2p6vXhs= contains sample tx 1252
[2026-04-19T03:25:57.357Z INFO  worker::batch_maker] Batch jt9RQ7RPNOjJc/Q4dbVeayQ+h/jLLsUYJ46N2p6vXhs= contains 378880 B
[2026-04-19T03:25:57.409Z INFO  worker::batch_maker] Batch 1UtaW8RNebPdsvL0z+fidxb+riXFy6SdeW4+6pLYrP4= contains sample tx 1253
[2026-04-19T03:25:57.409Z INFO  worker::batch_maker] Batch 1UtaW8RNebPdsvL0z+fidxb+riXFy6SdeW4+6pLYrP4= contains 235520 B
[2026-04-19T03:25:57.461Z INFO  worker::batch_maker] Batch wTUe2W8fo8c2xOKNowfk/rfbzkjLZ7AliPzcEa8LxzY= contains sample tx 1254
[2026-04-19T03:25:57.461Z INFO  worker::batch_maker] Batch wTUe2W8fo8c2xOKNowfk/rfbzkjLZ7AliPzcEa8LxzY= contains 204800 B
[2026-04-19T03:25:57.513Z INFO  worker::batch_maker] Batch 80h+yyKCTvdVSCepbxpaagvV+jJPSeoVA57IST7UHj8= contains sample tx 1255
[2026-04-19T03:25:57.513Z INFO  worker::batch_maker] Batch 80h+yyKCTvdVSCepbxpaagvV+jJPSeoVA57IST7UHj8= contains 204800 B
[2026-04-19T03:25:57.565Z INFO  worker::batch_maker] Batch A6rbHBJ4fcIhJxXRWnP1z8QlGqvfMD28fvKB8vlbxWc= contains sample tx 1256
[2026-04-19T03:25:57.565Z INFO  worker::batch_maker] Batch A6rbHBJ4fcIhJxXRWnP1z8QlGqvfMD28fvKB8vlbxWc= contains 204800 B
[2026-04-19T03:25:57.617Z INFO  worker::batch_maker] Batch GpHTTzCiLvUggkPrNoe9PpXfoJ3kBchrlhuOqWF6XHE= contains sample tx 1257
[2026-04-19T03:25:57.617Z INFO  worker::batch_maker] Batch GpHTTzCiLvUggkPrNoe9PpXfoJ3kBchrlhuOqWF6XHE= contains 204800 B
[2026-04-19T03:25:57.669Z INFO  worker::batch_maker] Batch QdOP6hBYO4UEp85ScyHcqc2hRfkoSRiOEwWahUzL21U= contains sample tx 1258
[2026-04-19T03:25:57.669Z INFO  worker::batch_maker] Batch QdOP6hBYO4UEp85ScyHcqc2hRfkoSRiOEwWahUzL21U= contains 204800 B
[2026-04-19T03:25:57.721Z INFO  worker::batch_maker] Batch UpA1+go/uqtcHO54sIA2jFqHzPY7/ng0kKf0K4OLBq8= contains sample tx 1259
[2026-04-19T03:25:57.721Z INFO  worker::batch_maker] Batch UpA1+go/uqtcHO54sIA2jFqHzPY7/ng0kKf0K4OLBq8= contains 204800 B
[2026-04-19T03:25:57.773Z INFO  worker::batch_maker] Batch eZHyDvlFD29W/Oy5pUvSuYMijvTiA89KhIx7BfVdvpI= contains sample tx 1260
[2026-04-19T03:25:57.773Z INFO  worker::batch_maker] Batch eZHyDvlFD29W/Oy5pUvSuYMijvTiA89KhIx7BfVdvpI= contains 204800 B
[2026-04-19T03:25:57.825Z INFO  worker::batch_maker] Batch ZdpSMkxRoEhfDZl89RoIQA+VTi0eQBCXnZLNramLOKQ= contains sample tx 1261
[2026-04-19T03:25:57.825Z INFO  worker::batch_maker] Batch ZdpSMkxRoEhfDZl89RoIQA+VTi0eQBCXnZLNramLOKQ= contains 204800 B
[2026-04-19T03:25:57.878Z INFO  worker::batch_maker] Batch hUYD0wJ2iGi6OMs5nU2H/0aP/6rcf9VzDPDAd5moVpg= contains sample tx 1262
[2026-04-19T03:25:57.878Z INFO  worker::batch_maker] Batch hUYD0wJ2iGi6OMs5nU2H/0aP/6rcf9VzDPDAd5moVpg= contains 204800 B
[2026-04-19T03:25:57.931Z INFO  worker::batch_maker] Batch RqLXm3l5Po8tzzaq45txqjS+UCaiiaq/0Ur2eHsP5FQ= contains sample tx 1263
[2026-04-19T03:25:57.931Z INFO  worker::batch_maker] Batch RqLXm3l5Po8tzzaq45txqjS+UCaiiaq/0Ur2eHsP5FQ= contains 204800 B
[2026-04-19T03:25:57.984Z INFO  worker::batch_maker] Batch /c+chfgOr02/Sneh1n/8EZb0pMTOVb5tGx+S9Gj3z0k= contains sample tx 1264
[2026-04-19T03:25:57.984Z INFO  worker::batch_maker] Batch /c+chfgOr02/Sneh1n/8EZb0pMTOVb5tGx+S9Gj3z0k= contains 204800 B
[2026-04-19T03:25:58.036Z INFO  worker::batch_maker] Batch o5SDVDDVfiP7i9XBAxfSOQIQYcOszH0wtaV0V/zkF3Y= contains sample tx 1265
[2026-04-19T03:25:58.037Z INFO  worker::batch_maker] Batch o5SDVDDVfiP7i9XBAxfSOQIQYcOszH0wtaV0V/zkF3Y= contains 204800 B
[2026-04-19T03:25:58.089Z INFO  worker::batch_maker] Batch aQx3kLqdVvLCU8XujR/itRi9REWbWpig5lLh4pC0tmc= contains sample tx 1266
[2026-04-19T03:25:58.089Z INFO  worker::batch_maker] Batch aQx3kLqdVvLCU8XujR/itRi9REWbWpig5lLh4pC0tmc= contains 204800 B
[2026-04-19T03:25:58.142Z INFO  worker::batch_maker] Batch BPQymGcv58dBgEeooCTJPClvDvC15lsf9UZzuQ8QNp4= contains sample tx 1267
[2026-04-19T03:25:58.142Z INFO  worker::batch_maker] Batch BPQymGcv58dBgEeooCTJPClvDvC15lsf9UZzuQ8QNp4= contains 204800 B
[2026-04-19T03:25:58.196Z INFO  worker::batch_maker] Batch yOsGDFqaThn6tHmHR5y3MZLye1Oi7xK/mIyZDXo4s+M= contains sample tx 1268
[2026-04-19T03:25:58.196Z INFO  worker::batch_maker] Batch yOsGDFqaThn6tHmHR5y3MZLye1Oi7xK/mIyZDXo4s+M= contains 204800 B
[2026-04-19T03:25:58.249Z INFO  worker::batch_maker] Batch 6jKMGTYv1vakP1aextlC6VoO+/WGLA9LXJQKVVuVT0M= contains sample tx 1269
[2026-04-19T03:25:58.249Z INFO  worker::batch_maker] Batch 6jKMGTYv1vakP1aextlC6VoO+/WGLA9LXJQKVVuVT0M= contains 204800 B
[2026-04-19T03:25:58.304Z INFO  worker::batch_maker] Batch P/hyzuqGLAowUonv6iCaiTRbM54wUBhpBoICe2dNAoo= contains sample tx 1270
[2026-04-19T03:25:58.304Z INFO  worker::batch_maker] Batch P/hyzuqGLAowUonv6iCaiTRbM54wUBhpBoICe2dNAoo= contains 204800 B
[2026-04-19T03:25:58.359Z INFO  worker::batch_maker] Batch 4RkOQ7vRCaZKFdGb6VtNHcA6Fo29hbNkwCpnUnbWw+U= contains sample tx 1271
[2026-04-19T03:25:58.359Z INFO  worker::batch_maker] Batch 4RkOQ7vRCaZKFdGb6VtNHcA6Fo29hbNkwCpnUnbWw+U= contains sample tx 1272
[2026-04-19T03:25:58.359Z INFO  worker::batch_maker] Batch 4RkOQ7vRCaZKFdGb6VtNHcA6Fo29hbNkwCpnUnbWw+U= contains 322560 B
[2026-04-19T03:25:58.414Z INFO  worker::batch_maker] Batch /2QrTRdz4kgD0JC8indi/0b867hpeFUJdp/Bpgjlpyk= contains sample tx 1273
[2026-04-19T03:25:58.414Z INFO  worker::batch_maker] Batch /2QrTRdz4kgD0JC8indi/0b867hpeFUJdp/Bpgjlpyk= contains 291840 B
[2026-04-19T03:25:58.468Z INFO  worker::batch_maker] Batch ZTJwarM5UxQeZxKRRG7d9D9MnMx3w2joWP5z2AfMZjw= contains sample tx 1274
[2026-04-19T03:25:58.468Z INFO  worker::batch_maker] Batch ZTJwarM5UxQeZxKRRG7d9D9MnMx3w2joWP5z2AfMZjw= contains 204800 B
[2026-04-19T03:25:58.520Z INFO  worker::batch_maker] Batch Q5roK1Bvx7qA34aXMKYB8wW4qEEZMg8gFlTbELulJ+s= contains sample tx 1275
[2026-04-19T03:25:58.520Z INFO  worker::batch_maker] Batch Q5roK1Bvx7qA34aXMKYB8wW4qEEZMg8gFlTbELulJ+s= contains 204800 B
[2026-04-19T03:25:58.573Z INFO  worker::batch_maker] Batch VoPHibveWAAKSIJRsCoqdty+Kj5YRCRektwj2dad2xc= contains sample tx 1276
[2026-04-19T03:25:58.573Z INFO  worker::batch_maker] Batch VoPHibveWAAKSIJRsCoqdty+Kj5YRCRektwj2dad2xc= contains 204800 B
[2026-04-19T03:25:58.626Z INFO  worker::batch_maker] Batch Vbf6U7e3vOwk6ZA5B3KE+cRJ+nAja1zBzHzN5N9cSqg= contains sample tx 1277
[2026-04-19T03:25:58.626Z INFO  worker::batch_maker] Batch Vbf6U7e3vOwk6ZA5B3KE+cRJ+nAja1zBzHzN5N9cSqg= contains 204800 B
[2026-04-19T03:25:58.679Z INFO  worker::batch_maker] Batch Z73rlj6NeAO2SzCzjhxWfsX69aYNe8HP5LmujoRHTyg= contains sample tx 1278
[2026-04-19T03:25:58.679Z INFO  worker::batch_maker] Batch Z73rlj6NeAO2SzCzjhxWfsX69aYNe8HP5LmujoRHTyg= contains 204800 B
[2026-04-19T03:25:58.731Z INFO  worker::batch_maker] Batch /Vbcbh1ICgGQrixZ2GC1rqzBsksgMNJHtak5FXN0BSg= contains sample tx 1279
[2026-04-19T03:25:58.731Z INFO  worker::batch_maker] Batch /Vbcbh1ICgGQrixZ2GC1rqzBsksgMNJHtak5FXN0BSg= contains 204800 B
[2026-04-19T03:25:58.784Z INFO  worker::batch_maker] Batch RYTcvGfNgHfhFNrZl4mXZSugrfCqM8GIA1ePt2ddkhM= contains sample tx 1280
[2026-04-19T03:25:58.784Z INFO  worker::batch_maker] Batch RYTcvGfNgHfhFNrZl4mXZSugrfCqM8GIA1ePt2ddkhM= contains 204800 B
[2026-04-19T03:25:58.836Z INFO  worker::batch_maker] Batch 7EdXYmeyhebj+znBhLfswUK1po8UM6AKMiUuJjYoIwQ= contains sample tx 1281
[2026-04-19T03:25:58.836Z INFO  worker::batch_maker] Batch 7EdXYmeyhebj+znBhLfswUK1po8UM6AKMiUuJjYoIwQ= contains 204800 B
[2026-04-19T03:25:58.888Z INFO  worker::batch_maker] Batch +rknhLiv+OYcLD9Mtp6hY2wGpIFl5AV7Qv4DZTgImK8= contains sample tx 1282
[2026-04-19T03:25:58.888Z INFO  worker::batch_maker] Batch +rknhLiv+OYcLD9Mtp6hY2wGpIFl5AV7Qv4DZTgImK8= contains 204800 B
[2026-04-19T03:25:58.940Z INFO  worker::batch_maker] Batch Wz7wXUXEYusSuBWWGOJvjCiWhFAa4fHHiz6GAMs8PMY= contains sample tx 1283
[2026-04-19T03:25:58.940Z INFO  worker::batch_maker] Batch Wz7wXUXEYusSuBWWGOJvjCiWhFAa4fHHiz6GAMs8PMY= contains 204800 B
[2026-04-19T03:25:58.993Z INFO  worker::batch_maker] Batch hxIG1ndyDyFYYkORBG8maF/SXH+DI0iUfAGTRLECRLU= contains sample tx 1284
[2026-04-19T03:25:58.993Z INFO  worker::batch_maker] Batch hxIG1ndyDyFYYkORBG8maF/SXH+DI0iUfAGTRLECRLU= contains 204800 B
[2026-04-19T03:25:59.046Z INFO  worker::batch_maker] Batch SetStFpMm2lhzO7SClZVOSsNmgk1Oj9bg+id4jwGYeY= contains sample tx 1285
[2026-04-19T03:25:59.046Z INFO  worker::batch_maker] Batch SetStFpMm2lhzO7SClZVOSsNmgk1Oj9bg+id4jwGYeY= contains 204800 B
[2026-04-19T03:25:59.099Z INFO  worker::batch_maker] Batch NzQ74v8OAEfhGBj4AqbVViXvi9RTFt5LehC3qRrAP5E= contains sample tx 1286
[2026-04-19T03:25:59.099Z INFO  worker::batch_maker] Batch NzQ74v8OAEfhGBj4AqbVViXvi9RTFt5LehC3qRrAP5E= contains 204800 B
[2026-04-19T03:25:59.152Z INFO  worker::batch_maker] Batch KTqkGn8ntgCK2ezWqQ+OZuJ4gHU9lrPaoeWIZFqyaxo= contains sample tx 1287
[2026-04-19T03:25:59.152Z INFO  worker::batch_maker] Batch KTqkGn8ntgCK2ezWqQ+OZuJ4gHU9lrPaoeWIZFqyaxo= contains 204800 B
[2026-04-19T03:25:59.203Z INFO  worker::batch_maker] Batch B4FhkBaX0bVpVDELRM/z/J/2F6t45A95ojZuU0btZ2w= contains sample tx 1288
[2026-04-19T03:25:59.203Z INFO  worker::batch_maker] Batch B4FhkBaX0bVpVDELRM/z/J/2F6t45A95ojZuU0btZ2w= contains 246784 B
[2026-04-19T03:25:59.256Z INFO  worker::batch_maker] Batch YTwTc5FbhsBd2tE14E5OGCv3DdI3xvcjG+gE3sbyubs= contains sample tx 1289
[2026-04-19T03:25:59.256Z INFO  worker::batch_maker] Batch YTwTc5FbhsBd2tE14E5OGCv3DdI3xvcjG+gE3sbyubs= contains sample tx 1290
[2026-04-19T03:25:59.256Z INFO  worker::batch_maker] Batch YTwTc5FbhsBd2tE14E5OGCv3DdI3xvcjG+gE3sbyubs= contains 240640 B
[2026-04-19T03:25:59.309Z INFO  worker::batch_maker] Batch DClvtWvf0Mr4cC1C5NkPE6rI7PyI41X2NnP2P5MlA4s= contains sample tx 1291
[2026-04-19T03:25:59.309Z INFO  worker::batch_maker] Batch DClvtWvf0Mr4cC1C5NkPE6rI7PyI41X2NnP2P5MlA4s= contains 331776 B
[2026-04-19T03:25:59.360Z INFO  worker::batch_maker] Batch EVMZFQNT2b9Q5KuUuuPhitNeo9wLTK6lAS6ZL63nOGY= contains sample tx 1292
[2026-04-19T03:25:59.360Z INFO  worker::batch_maker] Batch EVMZFQNT2b9Q5KuUuuPhitNeo9wLTK6lAS6ZL63nOGY= contains 204800 B
[2026-04-19T03:25:59.414Z INFO  worker::batch_maker] Batch WmdBmWyvWLd91NedoKHNA2MXpxQzQWbOnK3FwVshHi8= contains sample tx 1293
[2026-04-19T03:25:59.414Z INFO  worker::batch_maker] Batch WmdBmWyvWLd91NedoKHNA2MXpxQzQWbOnK3FwVshHi8= contains 204800 B
[2026-04-19T03:25:59.466Z INFO  worker::batch_maker] Batch hmpFHTBWMuQN1Ag27w7isokOwJ0Oomq0Fvx01DVJTWk= contains sample tx 1294
[2026-04-19T03:25:59.466Z INFO  worker::batch_maker] Batch hmpFHTBWMuQN1Ag27w7isokOwJ0Oomq0Fvx01DVJTWk= contains 204800 B
[2026-04-19T03:25:59.518Z INFO  worker::batch_maker] Batch 5q3s4fmSoqvnMqdmzleBgwqvcLKv2pDtwGvrCZ6kMrg= contains sample tx 1295
[2026-04-19T03:25:59.518Z INFO  worker::batch_maker] Batch 5q3s4fmSoqvnMqdmzleBgwqvcLKv2pDtwGvrCZ6kMrg= contains 204800 B
[2026-04-19T03:25:59.570Z INFO  worker::batch_maker] Batch sCtHlpFkMt/UglubODTBvqfYKP/VP+cqGrVWAB5KCas= contains sample tx 1296
[2026-04-19T03:25:59.570Z INFO  worker::batch_maker] Batch sCtHlpFkMt/UglubODTBvqfYKP/VP+cqGrVWAB5KCas= contains 204800 B
[2026-04-19T03:25:59.622Z INFO  worker::batch_maker] Batch VpxPH7IYUQUyUloPsxzbO8XQT79IJyFeTo0dID308sk= contains sample tx 1297
[2026-04-19T03:25:59.622Z INFO  worker::batch_maker] Batch VpxPH7IYUQUyUloPsxzbO8XQT79IJyFeTo0dID308sk= contains 204800 B
[2026-04-19T03:25:59.674Z INFO  worker::batch_maker] Batch fs8HTOR3vXBtD4Uy5Xwrw7GFJZ9FcCFghWtpjazev90= contains sample tx 1298
[2026-04-19T03:25:59.674Z INFO  worker::batch_maker] Batch fs8HTOR3vXBtD4Uy5Xwrw7GFJZ9FcCFghWtpjazev90= contains 204800 B
[2026-04-19T03:25:59.726Z INFO  worker::batch_maker] Batch VcQESfX6Qp6VEvuRvK32l3BUOXPlGvS49azX/i/8+kk= contains sample tx 1299
[2026-04-19T03:25:59.726Z INFO  worker::batch_maker] Batch VcQESfX6Qp6VEvuRvK32l3BUOXPlGvS49azX/i/8+kk= contains 204800 B
[2026-04-19T03:25:59.779Z INFO  worker::batch_maker] Batch 7JVLo6aKn6EbQAzzYVM4j+Esmk2jnReALDOuxV0dEc8= contains sample tx 1300
[2026-04-19T03:25:59.779Z INFO  worker::batch_maker] Batch 7JVLo6aKn6EbQAzzYVM4j+Esmk2jnReALDOuxV0dEc8= contains 204800 B
[2026-04-19T03:25:59.830Z INFO  worker::batch_maker] Batch dVEP5Yr462KTFziVFTPe8SBqteCgP96QTYE+Za0rtok= contains sample tx 1301
[2026-04-19T03:25:59.830Z INFO  worker::batch_maker] Batch dVEP5Yr462KTFziVFTPe8SBqteCgP96QTYE+Za0rtok= contains 204800 B
[2026-04-19T03:25:59.882Z INFO  worker::batch_maker] Batch OFwexcJRL3rRGm2yNBttKXsyrf9JJ7q7dXCXCE2m2po= contains sample tx 1302
[2026-04-19T03:25:59.882Z INFO  worker::batch_maker] Batch OFwexcJRL3rRGm2yNBttKXsyrf9JJ7q7dXCXCE2m2po= contains 204800 B
[2026-04-19T03:25:59.934Z INFO  worker::batch_maker] Batch ueJsRPhGyNj5f9/uNTCQpIPT0Y4NFUP0DXKZiDEg4Vw= contains sample tx 1303
[2026-04-19T03:25:59.934Z INFO  worker::batch_maker] Batch ueJsRPhGyNj5f9/uNTCQpIPT0Y4NFUP0DXKZiDEg4Vw= contains 145408 B
[2026-04-19T03:25:59.987Z INFO  worker::batch_maker] Batch rr4JZIFw2AoUuOH85WBVK1VvvtHhjNcZHfyMBoxtUrw= contains sample tx 1304
[2026-04-19T03:25:59.987Z INFO  worker::batch_maker] Batch rr4JZIFw2AoUuOH85WBVK1VvvtHhjNcZHfyMBoxtUrw= contains 264192 B
[2026-04-19T03:26:00.041Z INFO  worker::batch_maker] Batch KhwB10rKnus/ZOdwk+jbDm5ieHLZHKrqa/6GVypDYB8= contains sample tx 1305
[2026-04-19T03:26:00.041Z INFO  worker::batch_maker] Batch KhwB10rKnus/ZOdwk+jbDm5ieHLZHKrqa/6GVypDYB8= contains 204800 B
[2026-04-19T03:26:00.092Z INFO  worker::batch_maker] Batch eJkN/UWD8zXdJuixHs0BPrcevdX+tAmN7sPCnEsrX7k= contains sample tx 1306
[2026-04-19T03:26:00.092Z INFO  worker::batch_maker] Batch eJkN/UWD8zXdJuixHs0BPrcevdX+tAmN7sPCnEsrX7k= contains 204800 B
[2026-04-19T03:26:00.145Z INFO  worker::batch_maker] Batch CyAV9c2bFiZEZKw7XAac3kVU1KInUXT74+ewdeQcGAU= contains sample tx 1307
[2026-04-19T03:26:00.145Z INFO  worker::batch_maker] Batch CyAV9c2bFiZEZKw7XAac3kVU1KInUXT74+ewdeQcGAU= contains 204800 B
[2026-04-19T03:26:00.197Z INFO  worker::batch_maker] Batch NKS+aO0DLXx80pYAXcCjsNyxTF3ip+IaF2wHSl5wGpM= contains sample tx 1308
[2026-04-19T03:26:00.197Z INFO  worker::batch_maker] Batch NKS+aO0DLXx80pYAXcCjsNyxTF3ip+IaF2wHSl5wGpM= contains 204800 B
[2026-04-19T03:26:00.251Z INFO  worker::batch_maker] Batch pmPwMbn+qt+sNZBCod9Uazf8JbGDfeKLqOBNhBIuBwU= contains sample tx 1309
[2026-04-19T03:26:00.251Z INFO  worker::batch_maker] Batch pmPwMbn+qt+sNZBCod9Uazf8JbGDfeKLqOBNhBIuBwU= contains 204800 B
[2026-04-19T03:26:00.305Z INFO  worker::batch_maker] Batch ISEtuGGZvODA22hjw5wzjIqeumpMCFV5maHxHTOMtH0= contains sample tx 1310
[2026-04-19T03:26:00.305Z INFO  worker::batch_maker] Batch ISEtuGGZvODA22hjw5wzjIqeumpMCFV5maHxHTOMtH0= contains 222208 B
[2026-04-19T03:26:00.357Z INFO  worker::batch_maker] Batch rF/JjnjeeFFOoQNIffqw/xLarRLHW16SPWSvaJIaPII= contains sample tx 1311
[2026-04-19T03:26:00.357Z INFO  worker::batch_maker] Batch rF/JjnjeeFFOoQNIffqw/xLarRLHW16SPWSvaJIaPII= contains sample tx 1312
[2026-04-19T03:26:00.357Z INFO  worker::batch_maker] Batch rF/JjnjeeFFOoQNIffqw/xLarRLHW16SPWSvaJIaPII= contains 392192 B
[2026-04-19T03:26:00.410Z INFO  worker::batch_maker] Batch 0zqm5fwIM4TzIf5ZxX/FBp+hN6E2PScEs0DX4iuy9j4= contains sample tx 1313
[2026-04-19T03:26:00.410Z INFO  worker::batch_maker] Batch 0zqm5fwIM4TzIf5ZxX/FBp+hN6E2PScEs0DX4iuy9j4= contains 204800 B
[2026-04-19T03:26:00.462Z INFO  worker::batch_maker] Batch 959kUi91S/ht0JD5i2u0wh9Zw580TcI0uDfilaBMXg4= contains sample tx 1314
[2026-04-19T03:26:00.462Z INFO  worker::batch_maker] Batch 959kUi91S/ht0JD5i2u0wh9Zw580TcI0uDfilaBMXg4= contains 204800 B
[2026-04-19T03:26:00.514Z INFO  worker::batch_maker] Batch 4vhXONI0efFzJtcc85xC62KDpm10g0X+LK+dx/5KCsc= contains sample tx 1315
[2026-04-19T03:26:00.514Z INFO  worker::batch_maker] Batch 4vhXONI0efFzJtcc85xC62KDpm10g0X+LK+dx/5KCsc= contains 204800 B
[2026-04-19T03:26:00.565Z INFO  worker::batch_maker] Batch ScssI4lMRWOpW/YJvMhwDJSQn04v7ciH5HiY8TryOLM= contains sample tx 1316
[2026-04-19T03:26:00.565Z INFO  worker::batch_maker] Batch ScssI4lMRWOpW/YJvMhwDJSQn04v7ciH5HiY8TryOLM= contains 204800 B
[2026-04-19T03:26:00.617Z INFO  worker::batch_maker] Batch JwxOdgyk+XfdH5XN4PjFdtNfO8aKM31jOzwg1IyU7Bo= contains sample tx 1317
[2026-04-19T03:26:00.617Z INFO  worker::batch_maker] Batch JwxOdgyk+XfdH5XN4PjFdtNfO8aKM31jOzwg1IyU7Bo= contains 204800 B
[2026-04-19T03:26:00.671Z INFO  worker::batch_maker] Batch /M46/pPPLXCFD8pwviolMbqz/Hy/DwaajyaU59pIB/8= contains sample tx 1318
[2026-04-19T03:26:00.671Z INFO  worker::batch_maker] Batch /M46/pPPLXCFD8pwviolMbqz/Hy/DwaajyaU59pIB/8= contains 204800 B
[2026-04-19T03:26:00.724Z INFO  worker::batch_maker] Batch L7AsNU7ApMsUZx2C1tqgoSRdaHxjPLuEc/njbCayuuY= contains sample tx 1319
[2026-04-19T03:26:00.724Z INFO  worker::batch_maker] Batch L7AsNU7ApMsUZx2C1tqgoSRdaHxjPLuEc/njbCayuuY= contains 204800 B
[2026-04-19T03:26:00.778Z INFO  worker::batch_maker] Batch GeiYY4saY0gPen1XFAfhuST93G0IkNJrhKFlWy0t+Ds= contains sample tx 1320
[2026-04-19T03:26:00.778Z INFO  worker::batch_maker] Batch GeiYY4saY0gPen1XFAfhuST93G0IkNJrhKFlWy0t+Ds= contains 204800 B
[2026-04-19T03:26:00.830Z INFO  worker::batch_maker] Batch x2huM0Hq40aR45NfMiawQQT0W+7v+0bkpuBHiQr8RlQ= contains sample tx 1321
[2026-04-19T03:26:00.830Z INFO  worker::batch_maker] Batch x2huM0Hq40aR45NfMiawQQT0W+7v+0bkpuBHiQr8RlQ= contains 204800 B
[2026-04-19T03:26:00.884Z INFO  worker::batch_maker] Batch 0HKwO89ytJJju+VrqiR2HfWo0HgbgTejhxBOWYY7wP0= contains sample tx 1322
[2026-04-19T03:26:00.884Z INFO  worker::batch_maker] Batch 0HKwO89ytJJju+VrqiR2HfWo0HgbgTejhxBOWYY7wP0= contains 204800 B
[2026-04-19T03:26:00.938Z INFO  worker::batch_maker] Batch EYlal4213eMsvLAVQ30LUVGMNE3J5Gdb6ViIhRvScgU= contains sample tx 1323
[2026-04-19T03:26:00.938Z INFO  worker::batch_maker] Batch EYlal4213eMsvLAVQ30LUVGMNE3J5Gdb6ViIhRvScgU= contains 204800 B
[2026-04-19T03:26:00.991Z INFO  worker::batch_maker] Batch jhZS/Olbw7jxewoc7UJ0mGI+J+keRBSwPz/lca+bdKM= contains sample tx 1324
[2026-04-19T03:26:00.991Z INFO  worker::batch_maker] Batch jhZS/Olbw7jxewoc7UJ0mGI+J+keRBSwPz/lca+bdKM= contains 204800 B
[2026-04-19T03:26:01.044Z INFO  worker::batch_maker] Batch o6Ky/+i126PjMRpnhAbkYGM1fUtNj1iNbS+bAnPX6JY= contains sample tx 1325
[2026-04-19T03:26:01.044Z INFO  worker::batch_maker] Batch o6Ky/+i126PjMRpnhAbkYGM1fUtNj1iNbS+bAnPX6JY= contains 204800 B
[2026-04-19T03:26:01.097Z INFO  worker::batch_maker] Batch snvKU1RjEoh8qlH/UTtGsZh/DJEt9/eRqgunfCg6YQo= contains sample tx 1326
[2026-04-19T03:26:01.098Z INFO  worker::batch_maker] Batch snvKU1RjEoh8qlH/UTtGsZh/DJEt9/eRqgunfCg6YQo= contains 204800 B
[2026-04-19T03:26:01.153Z INFO  worker::batch_maker] Batch ZXdRDkdYem8V4pwvbiQ+EXlW/6HAkrRjIan7CCoFo5c= contains sample tx 1327
[2026-04-19T03:26:01.153Z INFO  worker::batch_maker] Batch ZXdRDkdYem8V4pwvbiQ+EXlW/6HAkrRjIan7CCoFo5c= contains 204800 B
[2026-04-19T03:26:01.207Z INFO  worker::batch_maker] Batch UBBhCJaIG/xAOmg/mMVjhYU6T8yWOW74RqIPuPlW81c= contains sample tx 1328
[2026-04-19T03:26:01.207Z INFO  worker::batch_maker] Batch UBBhCJaIG/xAOmg/mMVjhYU6T8yWOW74RqIPuPlW81c= contains sample tx 1329
[2026-04-19T03:26:01.207Z INFO  worker::batch_maker] Batch UBBhCJaIG/xAOmg/mMVjhYU6T8yWOW74RqIPuPlW81c= contains 386560 B
[2026-04-19T03:26:01.261Z INFO  worker::batch_maker] Batch JBVDaVVuDbcBfe9sNsA73ry+2/TSS82rkzILepT66G8= contains sample tx 1330
[2026-04-19T03:26:01.261Z INFO  worker::batch_maker] Batch JBVDaVVuDbcBfe9sNsA73ry+2/TSS82rkzILepT66G8= contains 227840 B
[2026-04-19T03:26:01.315Z INFO  worker::batch_maker] Batch JKXnuYOd9dvmvGIdVkZujCeFNL76SZRM8puz0z5iATc= contains sample tx 1331
[2026-04-19T03:26:01.315Z INFO  worker::batch_maker] Batch JKXnuYOd9dvmvGIdVkZujCeFNL76SZRM8puz0z5iATc= contains 204800 B
[2026-04-19T03:26:01.369Z INFO  worker::batch_maker] Batch kzzJG2MVmA2wffAFDMHWNV03OvFGwWzoJEwAXuIGSgk= contains sample tx 1332
[2026-04-19T03:26:01.369Z INFO  worker::batch_maker] Batch kzzJG2MVmA2wffAFDMHWNV03OvFGwWzoJEwAXuIGSgk= contains 204800 B
[2026-04-19T03:26:01.423Z INFO  worker::batch_maker] Batch xxEz056tKg2QYxOAKleeT4D/XH3yFM0CgiFYvt/+3yQ= contains sample tx 1333
[2026-04-19T03:26:01.423Z INFO  worker::batch_maker] Batch xxEz056tKg2QYxOAKleeT4D/XH3yFM0CgiFYvt/+3yQ= contains 204800 B
[2026-04-19T03:26:01.477Z INFO  worker::batch_maker] Batch UCltaxg7/uTp19fmGuG6+ClMU319tqU1cdy1+5A0y9s= contains sample tx 1334
[2026-04-19T03:26:01.477Z INFO  worker::batch_maker] Batch UCltaxg7/uTp19fmGuG6+ClMU319tqU1cdy1+5A0y9s= contains 204800 B
[2026-04-19T03:26:01.531Z INFO  worker::batch_maker] Batch x8njNLLPQmuF0fhY6CxaFs8jnNKAjL0sks3c8XArpC4= contains sample tx 1335
[2026-04-19T03:26:01.531Z INFO  worker::batch_maker] Batch x8njNLLPQmuF0fhY6CxaFs8jnNKAjL0sks3c8XArpC4= contains 204800 B
[2026-04-19T03:26:01.584Z INFO  worker::batch_maker] Batch Arye/aUyEeAEsJ+3Dnw06/OyHm79Dx4LFNoF5gpFBdQ= contains sample tx 1336
[2026-04-19T03:26:01.584Z INFO  worker::batch_maker] Batch Arye/aUyEeAEsJ+3Dnw06/OyHm79Dx4LFNoF5gpFBdQ= contains 204800 B
[2026-04-19T03:26:01.637Z INFO  worker::batch_maker] Batch 1HW/xusAw/eY3Xs8ECSiIV95YYdsUM6KkZ8nrTvIXQ0= contains sample tx 1337
[2026-04-19T03:26:01.637Z INFO  worker::batch_maker] Batch 1HW/xusAw/eY3Xs8ECSiIV95YYdsUM6KkZ8nrTvIXQ0= contains 204800 B
[2026-04-19T03:26:01.691Z INFO  worker::batch_maker] Batch Nd7+x9+AgXPyGCOs4fOPztfmlA4EUjzdZXzJLyNSMk4= contains sample tx 1338
[2026-04-19T03:26:01.691Z INFO  worker::batch_maker] Batch Nd7+x9+AgXPyGCOs4fOPztfmlA4EUjzdZXzJLyNSMk4= contains 204800 B
[2026-04-19T03:26:01.744Z INFO  worker::batch_maker] Batch +ccE080adrLba7oEcs5idMs/ZuRuwe5Is3HQUHDlnn0= contains sample tx 1339
[2026-04-19T03:26:01.745Z INFO  worker::batch_maker] Batch +ccE080adrLba7oEcs5idMs/ZuRuwe5Is3HQUHDlnn0= contains 204800 B
[2026-04-19T03:26:01.798Z INFO  worker::batch_maker] Batch IhWomkNlAKrMTOM5hRg0lFlF55A8PG9xZSmT9PAcFCc= contains sample tx 1340
[2026-04-19T03:26:01.798Z INFO  worker::batch_maker] Batch IhWomkNlAKrMTOM5hRg0lFlF55A8PG9xZSmT9PAcFCc= contains 204800 B
[2026-04-19T03:26:01.850Z INFO  worker::batch_maker] Batch +FzJEcHPYJgRvCuFZGZrSFQx5JMUcA7wml0+Rao5dOk= contains sample tx 1341
[2026-04-19T03:26:01.850Z INFO  worker::batch_maker] Batch +FzJEcHPYJgRvCuFZGZrSFQx5JMUcA7wml0+Rao5dOk= contains 204800 B
[2026-04-19T03:26:01.904Z INFO  worker::batch_maker] Batch Lo4Yde43RxaMbzBsVntkBRL9ChsssNrMdu9vRtNyrkk= contains sample tx 1342
[2026-04-19T03:26:01.904Z INFO  worker::batch_maker] Batch Lo4Yde43RxaMbzBsVntkBRL9ChsssNrMdu9vRtNyrkk= contains 204800 B
[2026-04-19T03:26:01.960Z INFO  worker::batch_maker] Batch Pa5CWkwhclsXcptAH+QKlOpzp47xOfpy/E1DeIhfPvk= contains sample tx 1343
[2026-04-19T03:26:01.960Z INFO  worker::batch_maker] Batch Pa5CWkwhclsXcptAH+QKlOpzp47xOfpy/E1DeIhfPvk= contains sample tx 1344
[2026-04-19T03:26:01.960Z INFO  worker::batch_maker] Batch Pa5CWkwhclsXcptAH+QKlOpzp47xOfpy/E1DeIhfPvk= contains 409600 B
[2026-04-19T03:26:02.014Z INFO  worker::batch_maker] Batch PmOwH/VUCBnBhD0c0rGUHB8g7s9Pw4MkwLlCaUB/oFU= contains sample tx 1345
[2026-04-19T03:26:02.014Z INFO  worker::batch_maker] Batch PmOwH/VUCBnBhD0c0rGUHB8g7s9Pw4MkwLlCaUB/oFU= contains 204800 B
[2026-04-19T03:26:02.067Z INFO  worker::batch_maker] Batch k+RiiNobZ+nv58vS22wrD7fjrR8kLPvYXprpSR47s+s= contains sample tx 1346
[2026-04-19T03:26:02.067Z INFO  worker::batch_maker] Batch k+RiiNobZ+nv58vS22wrD7fjrR8kLPvYXprpSR47s+s= contains 204800 B
[2026-04-19T03:26:02.120Z INFO  worker::batch_maker] Batch 4BIAkhUvgumO5GmplkP0vEEAIPiKntlPtMcqV/J4voA= contains sample tx 1347
[2026-04-19T03:26:02.120Z INFO  worker::batch_maker] Batch 4BIAkhUvgumO5GmplkP0vEEAIPiKntlPtMcqV/J4voA= contains 204800 B
[2026-04-19T03:26:02.173Z INFO  worker::batch_maker] Batch Sq+6Vb4l+kT8gFozu9Gs3Z76fgCD0Pr382g9/nQj+u8= contains sample tx 1348
[2026-04-19T03:26:02.173Z INFO  worker::batch_maker] Batch Sq+6Vb4l+kT8gFozu9Gs3Z76fgCD0Pr382g9/nQj+u8= contains 204800 B
[2026-04-19T03:26:02.225Z INFO  worker::batch_maker] Batch dNYZ7pMovfS2lbUsEzFX41jfFVLHhAUkqGR8GEpWFOg= contains sample tx 1349
[2026-04-19T03:26:02.225Z INFO  worker::batch_maker] Batch dNYZ7pMovfS2lbUsEzFX41jfFVLHhAUkqGR8GEpWFOg= contains 204800 B
[2026-04-19T03:26:02.277Z INFO  worker::batch_maker] Batch uKLid6c/GVwn2l35PvnfIfGUTfRrxcGJrFEiENRljhg= contains sample tx 1350
[2026-04-19T03:26:02.277Z INFO  worker::batch_maker] Batch uKLid6c/GVwn2l35PvnfIfGUTfRrxcGJrFEiENRljhg= contains 204800 B
[2026-04-19T03:26:02.330Z INFO  worker::batch_maker] Batch tt/lTndU2P28+fskUwYGRAUOn+56mOg2w+3ccbns/nI= contains sample tx 1351
[2026-04-19T03:26:02.330Z INFO  worker::batch_maker] Batch tt/lTndU2P28+fskUwYGRAUOn+56mOg2w+3ccbns/nI= contains 204800 B
[2026-04-19T03:26:02.381Z INFO  worker::batch_maker] Batch flBlithuYGUXGjDSRQ8I0FYuY8CQBOzMJMZhkzGhB00= contains sample tx 1352
[2026-04-19T03:26:02.381Z INFO  worker::batch_maker] Batch flBlithuYGUXGjDSRQ8I0FYuY8CQBOzMJMZhkzGhB00= contains 204800 B
[2026-04-19T03:26:02.434Z INFO  worker::batch_maker] Batch atUcfKBZ/kYgkntF2rAsCGB9GRA1dOKEQMPel933Q8g= contains sample tx 1353
[2026-04-19T03:26:02.434Z INFO  worker::batch_maker] Batch atUcfKBZ/kYgkntF2rAsCGB9GRA1dOKEQMPel933Q8g= contains 204800 B
[2026-04-19T03:26:02.488Z INFO  worker::batch_maker] Batch a6sW3ty46nxRcbWqPhdfrFPOgz4Dq849OM6kREvq2xA= contains sample tx 1354
[2026-04-19T03:26:02.488Z INFO  worker::batch_maker] Batch a6sW3ty46nxRcbWqPhdfrFPOgz4Dq849OM6kREvq2xA= contains 204800 B
[2026-04-19T03:26:02.541Z INFO  worker::batch_maker] Batch 9/2qmLp/wWSUBhljb7RG1U7Dakh/5PozYnfZMzdQ1kw= contains sample tx 1355
[2026-04-19T03:26:02.541Z INFO  worker::batch_maker] Batch 9/2qmLp/wWSUBhljb7RG1U7Dakh/5PozYnfZMzdQ1kw= contains 204800 B
[2026-04-19T03:26:02.594Z INFO  worker::batch_maker] Batch XBlCc+5U+Fn9MYJfOxpQV2JCYWg7MgkVrw4UzxehtjY= contains sample tx 1356
[2026-04-19T03:26:02.594Z INFO  worker::batch_maker] Batch XBlCc+5U+Fn9MYJfOxpQV2JCYWg7MgkVrw4UzxehtjY= contains 204800 B
[2026-04-19T03:26:02.648Z INFO  worker::batch_maker] Batch DA1PJ+/HiA7vggoeuTTdhFYgLahGFuoI7hwvTD+Uzpc= contains sample tx 1357
[2026-04-19T03:26:02.648Z INFO  worker::batch_maker] Batch DA1PJ+/HiA7vggoeuTTdhFYgLahGFuoI7hwvTD+Uzpc= contains 204800 B
[2026-04-19T03:26:02.701Z INFO  worker::batch_maker] Batch UQ+q0cho6HFuw2il7wTxCbTki5jGgkgw/26F8JG1pMA= contains sample tx 1358
[2026-04-19T03:26:02.701Z INFO  worker::batch_maker] Batch UQ+q0cho6HFuw2il7wTxCbTki5jGgkgw/26F8JG1pMA= contains 204800 B
[2026-04-19T03:26:02.755Z INFO  worker::batch_maker] Batch qW+w3SJbhATnCwtPItVRZds7aqktwgfTmxTXVcvJKRA= contains sample tx 1359
[2026-04-19T03:26:02.755Z INFO  worker::batch_maker] Batch qW+w3SJbhATnCwtPItVRZds7aqktwgfTmxTXVcvJKRA= contains 218112 B
[2026-04-19T03:26:02.809Z INFO  worker::batch_maker] Batch lhf1FlfYyC2CLUgaAfln2/rbGmdqdnWp3bIdumt7qH4= contains sample tx 1360
[2026-04-19T03:26:02.809Z INFO  worker::batch_maker] Batch lhf1FlfYyC2CLUgaAfln2/rbGmdqdnWp3bIdumt7qH4= contains 250368 B
[2026-04-19T03:26:02.863Z INFO  worker::batch_maker] Batch GnKTcAa4xSVLLib4grvTrKQ5HzKjV4yXQYX4wvhnDRA= contains sample tx 1361
[2026-04-19T03:26:02.863Z INFO  worker::batch_maker] Batch GnKTcAa4xSVLLib4grvTrKQ5HzKjV4yXQYX4wvhnDRA= contains sample tx 1362
[2026-04-19T03:26:02.863Z INFO  worker::batch_maker] Batch GnKTcAa4xSVLLib4grvTrKQ5HzKjV4yXQYX4wvhnDRA= contains 350720 B
[2026-04-19T03:26:02.917Z INFO  worker::batch_maker] Batch S1EmtQ7t5sou/SOauH1lcZ1bj+BR7eRKd5FYPss0KNM= contains sample tx 1363
[2026-04-19T03:26:02.917Z INFO  worker::batch_maker] Batch S1EmtQ7t5sou/SOauH1lcZ1bj+BR7eRKd5FYPss0KNM= contains 204800 B
[2026-04-19T03:26:02.969Z INFO  worker::batch_maker] Batch EC5KuDaTRECW/BX5MphCrhIV7llTjfTbLmrJ9LZ6fXU= contains sample tx 1364
[2026-04-19T03:26:02.969Z INFO  worker::batch_maker] Batch EC5KuDaTRECW/BX5MphCrhIV7llTjfTbLmrJ9LZ6fXU= contains 204800 B
[2026-04-19T03:26:03.022Z INFO  worker::batch_maker] Batch 17TAoO9qJ8xS0HdmfyyawYDLYeZJ0XqbmVY4JdBS/TA= contains sample tx 1365
[2026-04-19T03:26:03.022Z INFO  worker::batch_maker] Batch 17TAoO9qJ8xS0HdmfyyawYDLYeZJ0XqbmVY4JdBS/TA= contains 204800 B
[2026-04-19T03:26:03.075Z INFO  worker::batch_maker] Batch sX6+Lo4S4WFGNYivUd81l/o0helkk1MlDAQH402yl4M= contains sample tx 1366
[2026-04-19T03:26:03.075Z INFO  worker::batch_maker] Batch sX6+Lo4S4WFGNYivUd81l/o0helkk1MlDAQH402yl4M= contains 204800 B
[2026-04-19T03:26:03.129Z INFO  worker::batch_maker] Batch E4IUvv5hD9L25QY9ZncxdJN810P2N7eWGYKmDTo6E5Y= contains sample tx 1367
[2026-04-19T03:26:03.129Z INFO  worker::batch_maker] Batch E4IUvv5hD9L25QY9ZncxdJN810P2N7eWGYKmDTo6E5Y= contains 204800 B
[2026-04-19T03:26:03.180Z INFO  worker::batch_maker] Batch 3cWS0Ex/ixhwsfQA0Rinp5bHbHA67icoeFlGLpXPWI8= contains sample tx 1368
[2026-04-19T03:26:03.180Z INFO  worker::batch_maker] Batch 3cWS0Ex/ixhwsfQA0Rinp5bHbHA67icoeFlGLpXPWI8= contains 204800 B
[2026-04-19T03:26:03.233Z INFO  worker::batch_maker] Batch 8nsvZ9W1FITn+fk0BmvTtoN4t6bEPLUo7Trg5h/HNkk= contains sample tx 1369
[2026-04-19T03:26:03.233Z INFO  worker::batch_maker] Batch 8nsvZ9W1FITn+fk0BmvTtoN4t6bEPLUo7Trg5h/HNkk= contains 204800 B
[2026-04-19T03:26:03.285Z INFO  worker::batch_maker] Batch KVIbxNShlRl9lAcp4EziJx6WdrbgZGavKYawjWMULeU= contains sample tx 1370
[2026-04-19T03:26:03.285Z INFO  worker::batch_maker] Batch KVIbxNShlRl9lAcp4EziJx6WdrbgZGavKYawjWMULeU= contains 204800 B
[2026-04-19T03:26:03.337Z INFO  worker::batch_maker] Batch 1VMwwRfkua46ZE4oZ12lrIcwVOuE/VXPwZg8CvVKge0= contains sample tx 1371
[2026-04-19T03:26:03.337Z INFO  worker::batch_maker] Batch 1VMwwRfkua46ZE4oZ12lrIcwVOuE/VXPwZg8CvVKge0= contains 204800 B
[2026-04-19T03:26:03.390Z INFO  worker::batch_maker] Batch b/bJyRuY4w7BFdhETffWJoUnvtzEb7C/FtN+TAVJYS0= contains sample tx 1372
[2026-04-19T03:26:03.390Z INFO  worker::batch_maker] Batch b/bJyRuY4w7BFdhETffWJoUnvtzEb7C/FtN+TAVJYS0= contains 204800 B
[2026-04-19T03:26:03.443Z INFO  worker::batch_maker] Batch GSuK5A0K7mc/QIWZZnUrBX1cMCqClS22ooby+eYstx8= contains sample tx 1373
[2026-04-19T03:26:03.443Z INFO  worker::batch_maker] Batch GSuK5A0K7mc/QIWZZnUrBX1cMCqClS22ooby+eYstx8= contains 204800 B
[2026-04-19T03:26:03.495Z INFO  worker::batch_maker] Batch zF1LQRRuI8y8GFMMXDmGWoMVtiXgVHsGNRLJVFH0gXw= contains sample tx 1374
[2026-04-19T03:26:03.495Z INFO  worker::batch_maker] Batch zF1LQRRuI8y8GFMMXDmGWoMVtiXgVHsGNRLJVFH0gXw= contains 204800 B
[2026-04-19T03:26:03.546Z INFO  worker::batch_maker] Batch To/vv3MuFkSkOlItBoTb7ug5ZxAynAU+aqhG59JN0jI= contains sample tx 1375
[2026-04-19T03:26:03.546Z INFO  worker::batch_maker] Batch To/vv3MuFkSkOlItBoTb7ug5ZxAynAU+aqhG59JN0jI= contains 204800 B
[2026-04-19T03:26:03.599Z INFO  worker::batch_maker] Batch paA3ezJYJ6GO36H/9H7sONuWVchEIlerTvVSZRzyimE= contains sample tx 1376
[2026-04-19T03:26:03.599Z INFO  worker::batch_maker] Batch paA3ezJYJ6GO36H/9H7sONuWVchEIlerTvVSZRzyimE= contains 204800 B
[2026-04-19T03:26:03.651Z INFO  worker::batch_maker] Batch efPb4Ct8b1XUee2rwhURXab8+7rktpKN8ET+UBJ0C8k= contains sample tx 1377
[2026-04-19T03:26:03.651Z INFO  worker::batch_maker] Batch efPb4Ct8b1XUee2rwhURXab8+7rktpKN8ET+UBJ0C8k= contains 204800 B
[2026-04-19T03:26:03.703Z INFO  worker::batch_maker] Batch P0MwletAY65Oecbke2cEOZGrl/VPLQExC5yR3CIV9FE= contains sample tx 1378
[2026-04-19T03:26:03.703Z INFO  worker::batch_maker] Batch P0MwletAY65Oecbke2cEOZGrl/VPLQExC5yR3CIV9FE= contains 204800 B
[2026-04-19T03:26:03.756Z INFO  worker::batch_maker] Batch fpqopDylih9mdJuxkiNKcK/OV9T0cnHYE+f3HsPw1go= contains sample tx 1379
[2026-04-19T03:26:03.756Z INFO  worker::batch_maker] Batch fpqopDylih9mdJuxkiNKcK/OV9T0cnHYE+f3HsPw1go= contains sample tx 1380
[2026-04-19T03:26:03.756Z INFO  worker::batch_maker] Batch fpqopDylih9mdJuxkiNKcK/OV9T0cnHYE+f3HsPw1go= contains 409600 B
[2026-04-19T03:26:03.808Z INFO  worker::batch_maker] Batch 5ZAPjSFi+vcmR7+eoWolcQ5NSi4Rub2IMlXenWQUDyU= contains sample tx 1381
[2026-04-19T03:26:03.808Z INFO  worker::batch_maker] Batch 5ZAPjSFi+vcmR7+eoWolcQ5NSi4Rub2IMlXenWQUDyU= contains 190464 B
[2026-04-19T03:26:03.861Z INFO  worker::batch_maker] Batch L38Bg2GCuxMNcBBrabrwYT5IdFU7fM1GU2SEMR7ljok= contains sample tx 1382
[2026-04-19T03:26:03.861Z INFO  worker::batch_maker] Batch L38Bg2GCuxMNcBBrabrwYT5IdFU7fM1GU2SEMR7ljok= contains 219136 B
[2026-04-19T03:26:03.913Z INFO  worker::batch_maker] Batch MgZPeQAyL8a9GgV9kZNhiAJwbHZFSFq2LSlPi9tCBUw= contains sample tx 1383
[2026-04-19T03:26:03.913Z INFO  worker::batch_maker] Batch MgZPeQAyL8a9GgV9kZNhiAJwbHZFSFq2LSlPi9tCBUw= contains 204800 B
[2026-04-19T03:26:03.965Z INFO  worker::batch_maker] Batch XxD+m/HFAwR1QZvmnacHo9Q35WPoMNWhQ8DlDt0PrNo= contains sample tx 1384
[2026-04-19T03:26:03.965Z INFO  worker::batch_maker] Batch XxD+m/HFAwR1QZvmnacHo9Q35WPoMNWhQ8DlDt0PrNo= contains 204800 B
[2026-04-19T03:26:04.017Z INFO  worker::batch_maker] Batch VHEb8Xb5A22Adfy5tjRfssyS4pjRUVZ0OsVhNHyd6NY= contains sample tx 1385
[2026-04-19T03:26:04.017Z INFO  worker::batch_maker] Batch VHEb8Xb5A22Adfy5tjRfssyS4pjRUVZ0OsVhNHyd6NY= contains 204800 B
[2026-04-19T03:26:04.068Z INFO  worker::batch_maker] Batch /0GfCyzlxDtig1rOats/kxjHpwNSq1KMRbDDzwMM0ts= contains sample tx 1386
[2026-04-19T03:26:04.068Z INFO  worker::batch_maker] Batch /0GfCyzlxDtig1rOats/kxjHpwNSq1KMRbDDzwMM0ts= contains 204800 B
[2026-04-19T03:26:04.122Z INFO  worker::batch_maker] Batch TTa6VtSlY318RhkcwgLBe8uhPnDyysRW7lZkvzUlMJ0= contains sample tx 1387
[2026-04-19T03:26:04.122Z INFO  worker::batch_maker] Batch TTa6VtSlY318RhkcwgLBe8uhPnDyysRW7lZkvzUlMJ0= contains 204800 B
[2026-04-19T03:26:04.173Z INFO  worker::batch_maker] Batch TyjcEY2ky0f0/N7asbslalzFteGLSYI3FKsR32H/gi4= contains sample tx 1388
[2026-04-19T03:26:04.173Z INFO  worker::batch_maker] Batch TyjcEY2ky0f0/N7asbslalzFteGLSYI3FKsR32H/gi4= contains 204800 B
[2026-04-19T03:26:04.227Z INFO  worker::batch_maker] Batch s3nyL0x/aO+i9qHSGMpg0+YX5DENIoJI1VfLRmrFQ30= contains sample tx 1389
[2026-04-19T03:26:04.227Z INFO  worker::batch_maker] Batch s3nyL0x/aO+i9qHSGMpg0+YX5DENIoJI1VfLRmrFQ30= contains 204800 B
[2026-04-19T03:26:04.280Z INFO  worker::batch_maker] Batch isxTLBzMIme9fbL1RN4uySSqvTobSykTmq2l0bdT1MI= contains sample tx 1390
[2026-04-19T03:26:04.280Z INFO  worker::batch_maker] Batch isxTLBzMIme9fbL1RN4uySSqvTobSykTmq2l0bdT1MI= contains 204800 B
[2026-04-19T03:26:04.332Z INFO  worker::batch_maker] Batch GvIkEEkp/RSzNarioUndPWCBs3TcOY0B2/pqYPQy560= contains sample tx 1391
[2026-04-19T03:26:04.332Z INFO  worker::batch_maker] Batch GvIkEEkp/RSzNarioUndPWCBs3TcOY0B2/pqYPQy560= contains 204800 B
[2026-04-19T03:26:04.385Z INFO  worker::batch_maker] Batch fNOCUwRARDkZd+4r9GyxWKxOP/bS/craHtBC9FrbQvM= contains sample tx 1392
[2026-04-19T03:26:04.386Z INFO  worker::batch_maker] Batch fNOCUwRARDkZd+4r9GyxWKxOP/bS/craHtBC9FrbQvM= contains 204800 B
[2026-04-19T03:26:04.438Z INFO  worker::batch_maker] Batch AGdWIWVtwaMVLsQ9rEZUl+BucD4vb2GeVIzIS50lArc= contains sample tx 1393
[2026-04-19T03:26:04.439Z INFO  worker::batch_maker] Batch AGdWIWVtwaMVLsQ9rEZUl+BucD4vb2GeVIzIS50lArc= contains 204800 B
[2026-04-19T03:26:04.491Z INFO  worker::batch_maker] Batch kVkuw3VYvUiQVuHtQ9Z2j47DnuaSg6BzxY1n4uUSdeo= contains sample tx 1394
[2026-04-19T03:26:04.491Z INFO  worker::batch_maker] Batch kVkuw3VYvUiQVuHtQ9Z2j47DnuaSg6BzxY1n4uUSdeo= contains 204800 B
[2026-04-19T03:26:04.544Z INFO  worker::batch_maker] Batch NTMqFSPg1zxwc68oHVHhaj1Vrd6skA46XfNaWdesZeA= contains sample tx 1395
[2026-04-19T03:26:04.544Z INFO  worker::batch_maker] Batch NTMqFSPg1zxwc68oHVHhaj1Vrd6skA46XfNaWdesZeA= contains 204800 B
[2026-04-19T03:26:04.595Z INFO  worker::batch_maker] Batch zIpMewqkGX/hHLBXXefm+5rdYnWVGRddRRWY0kNnx0w= contains sample tx 1396
[2026-04-19T03:26:04.595Z INFO  worker::batch_maker] Batch zIpMewqkGX/hHLBXXefm+5rdYnWVGRddRRWY0kNnx0w= contains 204800 B
[2026-04-19T03:26:04.649Z INFO  worker::batch_maker] Batch FE7j7wh2iZoPXMUBdln5X0HDgg/KIIOnDe/NJ5HYqMc= contains sample tx 1397
[2026-04-19T03:26:04.649Z INFO  worker::batch_maker] Batch FE7j7wh2iZoPXMUBdln5X0HDgg/KIIOnDe/NJ5HYqMc= contains 204800 B
[2026-04-19T03:26:04.702Z INFO  worker::batch_maker] Batch lic7IuMqV2a6T83exI76zZJZaOJjoUPmswTTt22RTkc= contains sample tx 1398
[2026-04-19T03:26:04.702Z INFO  worker::batch_maker] Batch lic7IuMqV2a6T83exI76zZJZaOJjoUPmswTTt22RTkc= contains 204800 B
[2026-04-19T03:26:04.755Z INFO  worker::batch_maker] Batch KldbyP3eP509HVDcO7mHpfnA/WpuCeuTt8H200iffgA= contains sample tx 1399
[2026-04-19T03:26:04.756Z INFO  worker::batch_maker] Batch KldbyP3eP509HVDcO7mHpfnA/WpuCeuTt8H200iffgA= contains sample tx 1400
[2026-04-19T03:26:04.756Z INFO  worker::batch_maker] Batch KldbyP3eP509HVDcO7mHpfnA/WpuCeuTt8H200iffgA= contains 349696 B
[2026-04-19T03:26:04.810Z INFO  worker::batch_maker] Batch 0xPHj4Kr9pY9hQnBO5vZmjgy5khOZkYdfQnlr+uDItA= contains sample tx 1401
[2026-04-19T03:26:04.810Z INFO  worker::batch_maker] Batch 0xPHj4Kr9pY9hQnBO5vZmjgy5khOZkYdfQnlr+uDItA= contains 205312 B
[2026-04-19T03:26:04.862Z INFO  worker::batch_maker] Batch 6tb2CgybzFFpgUQrE8UKNNQfOIilShom29+tnXm+KKM= contains sample tx 1402
[2026-04-19T03:26:04.862Z INFO  worker::batch_maker] Batch 6tb2CgybzFFpgUQrE8UKNNQfOIilShom29+tnXm+KKM= contains 264192 B
[2026-04-19T03:26:04.915Z INFO  worker::batch_maker] Batch jAS8yi0j6kFosrc1vnfeymKdIny9rx6cqM+rOEKgfsg= contains sample tx 1403
[2026-04-19T03:26:04.915Z INFO  worker::batch_maker] Batch jAS8yi0j6kFosrc1vnfeymKdIny9rx6cqM+rOEKgfsg= contains 204800 B
[2026-04-19T03:26:04.968Z INFO  worker::batch_maker] Batch hcug8Ie2EnYCjJgsEX0Em0Cw64o07VSWH26SJVx8XB0= contains sample tx 1404
[2026-04-19T03:26:04.968Z INFO  worker::batch_maker] Batch hcug8Ie2EnYCjJgsEX0Em0Cw64o07VSWH26SJVx8XB0= contains 204800 B
[2026-04-19T03:26:05.020Z INFO  worker::batch_maker] Batch p+inF49YKpbAlZ6H3KBat4T/xaeMdqvFEOJstAUeDRM= contains 104960 B
[2026-04-19T03:26:05.076Z INFO  worker::batch_maker] Batch MyH4j41UvPkwS7wEYESb4QwketdZ3UIPx8r6mo/CT2U= contains sample tx 1405
[2026-04-19T03:26:05.076Z INFO  worker::batch_maker] Batch MyH4j41UvPkwS7wEYESb4QwketdZ3UIPx8r6mo/CT2U= contains sample tx 1406
[2026-04-19T03:26:05.076Z INFO  worker::batch_maker] Batch MyH4j41UvPkwS7wEYESb4QwketdZ3UIPx8r6mo/CT2U= contains 304640 B
[2026-04-19T03:26:05.129Z INFO  worker::batch_maker] Batch 0kBIDHX7XHDiiC4Km6ayjCiGJwBuIq22fR/QpR348uI= contains sample tx 1407
[2026-04-19T03:26:05.129Z INFO  worker::batch_maker] Batch 0kBIDHX7XHDiiC4Km6ayjCiGJwBuIq22fR/QpR348uI= contains 204800 B
[2026-04-19T03:26:05.183Z INFO  worker::batch_maker] Batch 4Zcw/5W/RpxwPUMlMvBrk2m293IbWHtMCnI4L2715+4= contains sample tx 1408
[2026-04-19T03:26:05.183Z INFO  worker::batch_maker] Batch 4Zcw/5W/RpxwPUMlMvBrk2m293IbWHtMCnI4L2715+4= contains 204800 B
[2026-04-19T03:26:05.234Z INFO  worker::batch_maker] Batch qQKXzcpuEIGnfCSQgiXNOlQDfoEr4y2MzXEXFoz04z8= contains sample tx 1409
[2026-04-19T03:26:05.234Z INFO  worker::batch_maker] Batch qQKXzcpuEIGnfCSQgiXNOlQDfoEr4y2MzXEXFoz04z8= contains 204800 B
[2026-04-19T03:26:05.286Z INFO  worker::batch_maker] Batch dA6Jwt34jMtNDfKoo/mA9eWHs30fl4+3xkITekeF+QE= contains sample tx 1410
[2026-04-19T03:26:05.286Z INFO  worker::batch_maker] Batch dA6Jwt34jMtNDfKoo/mA9eWHs30fl4+3xkITekeF+QE= contains 204800 B
[2026-04-19T03:26:05.339Z INFO  worker::batch_maker] Batch 5Pq+EcO3ViTxPp9HPkHvfH69u61NiHMpSgbeuhjEyO8= contains sample tx 1411
[2026-04-19T03:26:05.339Z INFO  worker::batch_maker] Batch 5Pq+EcO3ViTxPp9HPkHvfH69u61NiHMpSgbeuhjEyO8= contains 204800 B
[2026-04-19T03:26:05.390Z INFO  worker::batch_maker] Batch lgeHW/NQ4q1x6gmEwDNQs827DC9DmSOGHlcf13XhqOM= contains sample tx 1412
[2026-04-19T03:26:05.390Z INFO  worker::batch_maker] Batch lgeHW/NQ4q1x6gmEwDNQs827DC9DmSOGHlcf13XhqOM= contains 204800 B
[2026-04-19T03:26:05.442Z INFO  worker::batch_maker] Batch HkKzivOkjhPl27ODWeZvdrm1EikmiUkPuBCeaK+se4A= contains sample tx 1413
[2026-04-19T03:26:05.442Z INFO  worker::batch_maker] Batch HkKzivOkjhPl27ODWeZvdrm1EikmiUkPuBCeaK+se4A= contains 204800 B
[2026-04-19T03:26:05.494Z INFO  worker::batch_maker] Batch STM2WVkemWyimXbRK5b8FWtdWw7fMhb3EplHfunzaho= contains sample tx 1414
[2026-04-19T03:26:05.494Z INFO  worker::batch_maker] Batch STM2WVkemWyimXbRK5b8FWtdWw7fMhb3EplHfunzaho= contains 204800 B
[2026-04-19T03:26:05.546Z INFO  worker::batch_maker] Batch tIVOd6VAkpkJ9pmgl0lIF25o44qCgUkpOffk2BsFMqo= contains sample tx 1415
[2026-04-19T03:26:05.546Z INFO  worker::batch_maker] Batch tIVOd6VAkpkJ9pmgl0lIF25o44qCgUkpOffk2BsFMqo= contains 204800 B
[2026-04-19T03:26:05.599Z INFO  worker::batch_maker] Batch MxG6aMZZKV7tqjJhCDpS6oeMRD8SWWZ3oGCgJnCPLbc= contains sample tx 1416
[2026-04-19T03:26:05.599Z INFO  worker::batch_maker] Batch MxG6aMZZKV7tqjJhCDpS6oeMRD8SWWZ3oGCgJnCPLbc= contains 204800 B
[2026-04-19T03:26:05.650Z INFO  worker::batch_maker] Batch utcbIVvINHFnUOs4EVSZsKLhf2eGoEEEXe4Cpr8ih48= contains sample tx 1417
[2026-04-19T03:26:05.650Z INFO  worker::batch_maker] Batch utcbIVvINHFnUOs4EVSZsKLhf2eGoEEEXe4Cpr8ih48= contains 204800 B
[2026-04-19T03:26:05.702Z INFO  worker::batch_maker] Batch J4M+YI6Y66Y3v4b8mwF0TuwbvPwq4PIS98ff1sp6bK8= contains sample tx 1418
[2026-04-19T03:26:05.702Z INFO  worker::batch_maker] Batch J4M+YI6Y66Y3v4b8mwF0TuwbvPwq4PIS98ff1sp6bK8= contains 204800 B
[2026-04-19T03:26:05.756Z INFO  worker::batch_maker] Batch Dd/DT3WPQObr5e5979zODEvs5riQXUo6t6CskuKEetg= contains sample tx 1419
[2026-04-19T03:26:05.756Z INFO  worker::batch_maker] Batch Dd/DT3WPQObr5e5979zODEvs5riQXUo6t6CskuKEetg= contains sample tx 1420
[2026-04-19T03:26:05.756Z INFO  worker::batch_maker] Batch Dd/DT3WPQObr5e5979zODEvs5riQXUo6t6CskuKEetg= contains 389632 B
[2026-04-19T03:26:05.810Z INFO  worker::batch_maker] Batch ovaxODcugxsahXG+UlzDLGr33SoatAYdxIXypXDtq+o= contains sample tx 1421
[2026-04-19T03:26:05.810Z INFO  worker::batch_maker] Batch ovaxODcugxsahXG+UlzDLGr33SoatAYdxIXypXDtq+o= contains 224768 B
[2026-04-19T03:26:05.862Z INFO  worker::batch_maker] Batch XwTjE/UR635xyJQd8qJuMjJf4Sj9zFQAGO+z752Rn+U= contains sample tx 1422
[2026-04-19T03:26:05.862Z INFO  worker::batch_maker] Batch XwTjE/UR635xyJQd8qJuMjJf4Sj9zFQAGO+z752Rn+U= contains 204800 B
[2026-04-19T03:26:05.915Z INFO  worker::batch_maker] Batch oXO+3gv/sx8pddCi/EAatP7HQp35jtuneFN+k3wtc3c= contains sample tx 1423
[2026-04-19T03:26:05.915Z INFO  worker::batch_maker] Batch oXO+3gv/sx8pddCi/EAatP7HQp35jtuneFN+k3wtc3c= contains 204800 B
[2026-04-19T03:26:05.967Z INFO  worker::batch_maker] Batch bxacuuDdZmOzXPna6uYamWIy3AxbWM5VcV86p95bE/I= contains sample tx 1424
[2026-04-19T03:26:05.967Z INFO  worker::batch_maker] Batch bxacuuDdZmOzXPna6uYamWIy3AxbWM5VcV86p95bE/I= contains 204800 B
[2026-04-19T03:26:06.020Z INFO  worker::batch_maker] Batch 82U8t6skhKSssORYlbv6YmAnnYtIKK/8Nqabkrqr/kI= contains sample tx 1425
[2026-04-19T03:26:06.020Z INFO  worker::batch_maker] Batch 82U8t6skhKSssORYlbv6YmAnnYtIKK/8Nqabkrqr/kI= contains 204800 B
[2026-04-19T03:26:06.073Z INFO  worker::batch_maker] Batch tnJQn4mbgPFhVEhaLk1yWdwqTO+Pz5+1SM3ggu6ubNE= contains sample tx 1426
[2026-04-19T03:26:06.073Z INFO  worker::batch_maker] Batch tnJQn4mbgPFhVEhaLk1yWdwqTO+Pz5+1SM3ggu6ubNE= contains 204800 B
[2026-04-19T03:26:06.126Z INFO  worker::batch_maker] Batch ebRu9Z8umj+fGnFKIbXXaqVFU3BdvfxSnXnvMVpKG3A= contains sample tx 1427
[2026-04-19T03:26:06.126Z INFO  worker::batch_maker] Batch ebRu9Z8umj+fGnFKIbXXaqVFU3BdvfxSnXnvMVpKG3A= contains 204800 B
[2026-04-19T03:26:06.178Z INFO  worker::batch_maker] Batch RWtJgTF8RIDmAwcDce9Uo7F539ln91IzeZ1CSfwGoyo= contains sample tx 1428
[2026-04-19T03:26:06.178Z INFO  worker::batch_maker] Batch RWtJgTF8RIDmAwcDce9Uo7F539ln91IzeZ1CSfwGoyo= contains 204800 B
[2026-04-19T03:26:06.230Z INFO  worker::batch_maker] Batch KkegfpHvn9V4qW5bmE4EflgxzOwlLg6brBzipqoMgZ0= contains sample tx 1429
[2026-04-19T03:26:06.230Z INFO  worker::batch_maker] Batch KkegfpHvn9V4qW5bmE4EflgxzOwlLg6brBzipqoMgZ0= contains 204800 B
[2026-04-19T03:26:06.283Z INFO  worker::batch_maker] Batch 4hM6aewPHYjturFfKpNZkBk7OzdsVAQtIMDmMfZvz3I= contains sample tx 1430
[2026-04-19T03:26:06.283Z INFO  worker::batch_maker] Batch 4hM6aewPHYjturFfKpNZkBk7OzdsVAQtIMDmMfZvz3I= contains 204800 B
[2026-04-19T03:26:06.336Z INFO  worker::batch_maker] Batch 45kHu7kgPb9ctAvXrkKQADENHmIZYFfcZRwHtuxuUHY= contains sample tx 1431
[2026-04-19T03:26:06.336Z INFO  worker::batch_maker] Batch 45kHu7kgPb9ctAvXrkKQADENHmIZYFfcZRwHtuxuUHY= contains 204800 B
[2026-04-19T03:26:06.390Z INFO  worker::batch_maker] Batch adqfTab6azyxKhP9LDGo7nYsiSkg1+1BgaWIa6UWxq0= contains sample tx 1432
[2026-04-19T03:26:06.390Z INFO  worker::batch_maker] Batch adqfTab6azyxKhP9LDGo7nYsiSkg1+1BgaWIa6UWxq0= contains 204800 B
[2026-04-19T03:26:06.443Z INFO  worker::batch_maker] Batch P6v+jWANU16M7BB2rcojObMIefZ2s9ipjjhO4W8atFc= contains sample tx 1433
[2026-04-19T03:26:06.443Z INFO  worker::batch_maker] Batch P6v+jWANU16M7BB2rcojObMIefZ2s9ipjjhO4W8atFc= contains 204800 B
[2026-04-19T03:26:06.494Z INFO  worker::batch_maker] Batch xBuv3Go0jNKbVZcSWezxnwHgiYxodRbwmGAxqddjACU= contains sample tx 1434
[2026-04-19T03:26:06.494Z INFO  worker::batch_maker] Batch xBuv3Go0jNKbVZcSWezxnwHgiYxodRbwmGAxqddjACU= contains 204800 B
[2026-04-19T03:26:06.548Z INFO  worker::batch_maker] Batch EKtS2HCvmbcrvhzmNCYzEflPqfo+uoUOWmrl5gRJll4= contains sample tx 1435
[2026-04-19T03:26:06.548Z INFO  worker::batch_maker] Batch EKtS2HCvmbcrvhzmNCYzEflPqfo+uoUOWmrl5gRJll4= contains 204800 B
[2026-04-19T03:26:06.601Z INFO  worker::batch_maker] Batch G11+q0E5r+n+FE9GIffsnhQc18Z1RFtep0W8Cuu3It0= contains sample tx 1436
[2026-04-19T03:26:06.601Z INFO  worker::batch_maker] Batch G11+q0E5r+n+FE9GIffsnhQc18Z1RFtep0W8Cuu3It0= contains 204800 B
[2026-04-19T03:26:06.653Z INFO  worker::batch_maker] Batch 6NS1xJyHDZdHGmNvkp4MKvjZOF/Yz6fBMEzItximo0c= contains sample tx 1437
[2026-04-19T03:26:06.653Z INFO  worker::batch_maker] Batch 6NS1xJyHDZdHGmNvkp4MKvjZOF/Yz6fBMEzItximo0c= contains 204800 B
[2026-04-19T03:26:06.706Z INFO  worker::batch_maker] Batch jibW+cYQQWgBu0nTc3CAJAFyHqUMQQuZ6GoBqAWwxQQ= contains sample tx 1438
[2026-04-19T03:26:06.706Z INFO  worker::batch_maker] Batch jibW+cYQQWgBu0nTc3CAJAFyHqUMQQuZ6GoBqAWwxQQ= contains sample tx 1439
[2026-04-19T03:26:06.706Z INFO  worker::batch_maker] Batch jibW+cYQQWgBu0nTc3CAJAFyHqUMQQuZ6GoBqAWwxQQ= contains 409600 B
[2026-04-19T03:26:06.759Z INFO  worker::batch_maker] Batch 1yyfjckywTsRumOF1U1XzjRxGmyQkijyDL6aqyjUwu4= contains sample tx 1440
[2026-04-19T03:26:06.759Z INFO  worker::batch_maker] Batch 1yyfjckywTsRumOF1U1XzjRxGmyQkijyDL6aqyjUwu4= contains 204800 B
[2026-04-19T03:26:06.811Z INFO  worker::batch_maker] Batch ZiBHHL2JYxqgB3yz6WlEoAj9mCEef5vHeqS0LDQ5KVc= contains sample tx 1441
[2026-04-19T03:26:06.811Z INFO  worker::batch_maker] Batch ZiBHHL2JYxqgB3yz6WlEoAj9mCEef5vHeqS0LDQ5KVc= contains 204800 B
[2026-04-19T03:26:06.862Z INFO  worker::batch_maker] Batch q8izgCEz5eVZ5FRyneeY3/hJdYyt+ylAP1j3mIO+81o= contains sample tx 1442
[2026-04-19T03:26:06.862Z INFO  worker::batch_maker] Batch q8izgCEz5eVZ5FRyneeY3/hJdYyt+ylAP1j3mIO+81o= contains 204800 B
[2026-04-19T03:26:06.916Z INFO  worker::batch_maker] Batch RhZU62oVmlxV6sNf5rM5Dvy4229SmjUYdjsCeCrQc0o= contains sample tx 1443
[2026-04-19T03:26:06.916Z INFO  worker::batch_maker] Batch RhZU62oVmlxV6sNf5rM5Dvy4229SmjUYdjsCeCrQc0o= contains 204800 B
[2026-04-19T03:26:06.969Z INFO  worker::batch_maker] Batch CIgOfjg3bdR+sCbwjByQGF8FwfkPKub0ZGSa07HPe4A= contains sample tx 1444
[2026-04-19T03:26:06.969Z INFO  worker::batch_maker] Batch CIgOfjg3bdR+sCbwjByQGF8FwfkPKub0ZGSa07HPe4A= contains 204800 B
[2026-04-19T03:26:07.021Z INFO  worker::batch_maker] Batch S9IabVAAFoQK6EqeoMaLVyaD+mCgzkcTL3aovmOc/7s= contains sample tx 1445
[2026-04-19T03:26:07.021Z INFO  worker::batch_maker] Batch S9IabVAAFoQK6EqeoMaLVyaD+mCgzkcTL3aovmOc/7s= contains 204800 B
[2026-04-19T03:26:07.074Z INFO  worker::batch_maker] Batch xffJEV395rj9d2qO9Zcdv4Pw3Zo5iy79atNM8f95IP4= contains sample tx 1446
[2026-04-19T03:26:07.074Z INFO  worker::batch_maker] Batch xffJEV395rj9d2qO9Zcdv4Pw3Zo5iy79atNM8f95IP4= contains 204800 B
[2026-04-19T03:26:07.127Z INFO  worker::batch_maker] Batch EiDKqE+oA9z+HAzb7tYd44BxEhgt4LKR2S7GYkutPCI= contains sample tx 1447
[2026-04-19T03:26:07.127Z INFO  worker::batch_maker] Batch EiDKqE+oA9z+HAzb7tYd44BxEhgt4LKR2S7GYkutPCI= contains 204800 B
[2026-04-19T03:26:07.180Z INFO  worker::batch_maker] Batch 3xgaQBctbR/W1dB1wL9eVxuhkP+SPKngGZuBYV0MOZ4= contains sample tx 1448
[2026-04-19T03:26:07.180Z INFO  worker::batch_maker] Batch 3xgaQBctbR/W1dB1wL9eVxuhkP+SPKngGZuBYV0MOZ4= contains 204800 B
[2026-04-19T03:26:07.234Z INFO  worker::batch_maker] Batch WmlGDABSIicrVGNS73BA5sISjC53+uHmVjghJksaMTU= contains sample tx 1449
[2026-04-19T03:26:07.234Z INFO  worker::batch_maker] Batch WmlGDABSIicrVGNS73BA5sISjC53+uHmVjghJksaMTU= contains 204800 B
[2026-04-19T03:26:07.286Z INFO  worker::batch_maker] Batch 9Q++J/KSemH+eIlfv+ZuciY4vtZ2QILaiwZZwxE5Frg= contains sample tx 1450
[2026-04-19T03:26:07.287Z INFO  worker::batch_maker] Batch 9Q++J/KSemH+eIlfv+ZuciY4vtZ2QILaiwZZwxE5Frg= contains 204800 B
[2026-04-19T03:26:07.341Z INFO  worker::batch_maker] Batch m812FAB/JsXsJzVXI35bE0FNBf/5LZQzk0wO9t/bhjM= contains sample tx 1451
[2026-04-19T03:26:07.341Z INFO  worker::batch_maker] Batch m812FAB/JsXsJzVXI35bE0FNBf/5LZQzk0wO9t/bhjM= contains 204800 B
[2026-04-19T03:26:07.394Z INFO  worker::batch_maker] Batch gcfK/JlEtrOL+v2o4P+jRzjj1NowZxmnoUZ3LeKcEXA= contains sample tx 1452
[2026-04-19T03:26:07.394Z INFO  worker::batch_maker] Batch gcfK/JlEtrOL+v2o4P+jRzjj1NowZxmnoUZ3LeKcEXA= contains 204800 B
[2026-04-19T03:26:07.446Z INFO  worker::batch_maker] Batch 9xuDDHu4gvxlywek9Y3nJ8T80OBs865rX0qPZqmH6Nk= contains sample tx 1453
[2026-04-19T03:26:07.446Z INFO  worker::batch_maker] Batch 9xuDDHu4gvxlywek9Y3nJ8T80OBs865rX0qPZqmH6Nk= contains 204800 B
[2026-04-19T03:26:07.501Z INFO  worker::batch_maker] Batch dqZ40DECsFiDzl1/afk0XRFYOkMzRV65DysXPM3cKA4= contains sample tx 1454
[2026-04-19T03:26:07.521Z INFO  worker::batch_maker] Batch dqZ40DECsFiDzl1/afk0XRFYOkMzRV65DysXPM3cKA4= contains 204800 B
[2026-04-19T03:26:07.577Z INFO  worker::batch_maker] Batch esfkbvUpTuwr/ZxMKZokeVJqmTU6vcU6IET4jV2doMc= contains sample tx 1455
[2026-04-19T03:26:07.578Z INFO  worker::batch_maker] Batch esfkbvUpTuwr/ZxMKZokeVJqmTU6vcU6IET4jV2doMc= contains sample tx 1456
[2026-04-19T03:26:07.578Z INFO  worker::batch_maker] Batch esfkbvUpTuwr/ZxMKZokeVJqmTU6vcU6IET4jV2doMc= contains 409600 B
[2026-04-19T03:26:07.631Z INFO  worker::batch_maker] Batch cHSEN6EOLfQI+1bDApK5T7lQ0R+DXBmB8CfwPFnfQMQ= contains sample tx 1457
[2026-04-19T03:26:07.631Z INFO  worker::batch_maker] Batch cHSEN6EOLfQI+1bDApK5T7lQ0R+DXBmB8CfwPFnfQMQ= contains 204800 B
[2026-04-19T03:26:07.684Z INFO  worker::batch_maker] Batch LDY5jibFxtP9Hnozk/bA24IPxcW5AP57bm2YaSKUCSI= contains sample tx 1458
[2026-04-19T03:26:07.684Z INFO  worker::batch_maker] Batch LDY5jibFxtP9Hnozk/bA24IPxcW5AP57bm2YaSKUCSI= contains 204800 B
[2026-04-19T03:26:07.736Z INFO  worker::batch_maker] Batch G0n3X9HAOebGfrlvYXHLiGnJFotjxbD8lZF6Qd4Hqs0= contains sample tx 1459
[2026-04-19T03:26:07.736Z INFO  worker::batch_maker] Batch G0n3X9HAOebGfrlvYXHLiGnJFotjxbD8lZF6Qd4Hqs0= contains 204800 B
[2026-04-19T03:26:07.788Z INFO  worker::batch_maker] Batch PqvIySHPxZmQhBDlmmqWHrd95wygPFFpZihA2V3NZ9k= contains sample tx 1460
[2026-04-19T03:26:07.788Z INFO  worker::batch_maker] Batch PqvIySHPxZmQhBDlmmqWHrd95wygPFFpZihA2V3NZ9k= contains 204800 B
[2026-04-19T03:26:07.841Z INFO  worker::batch_maker] Batch /0nvloCrc8jcwAnFhcm2jOXyV1snyZ9P+D7Y8MzC1F4= contains sample tx 1461
[2026-04-19T03:26:07.841Z INFO  worker::batch_maker] Batch /0nvloCrc8jcwAnFhcm2jOXyV1snyZ9P+D7Y8MzC1F4= contains 204800 B
[2026-04-19T03:26:07.895Z INFO  worker::batch_maker] Batch xSvOY8rTeBYRbQXnTvBXhzN22odqKl36xEXCUa+af54= contains sample tx 1462
[2026-04-19T03:26:07.895Z INFO  worker::batch_maker] Batch xSvOY8rTeBYRbQXnTvBXhzN22odqKl36xEXCUa+af54= contains 204800 B
[2026-04-19T03:26:07.949Z INFO  worker::batch_maker] Batch OQaOMpVpF7NeKoWysx9Fs9zrdwnK8KNw3JD3sRYlSC0= contains sample tx 1463
[2026-04-19T03:26:07.949Z INFO  worker::batch_maker] Batch OQaOMpVpF7NeKoWysx9Fs9zrdwnK8KNw3JD3sRYlSC0= contains 204800 B
[2026-04-19T03:26:08.003Z INFO  worker::batch_maker] Batch d4trLUfALLqvm1dDVtb6lktTzapdNaz9LtRFcmVmEoM= contains sample tx 1464
[2026-04-19T03:26:08.003Z INFO  worker::batch_maker] Batch d4trLUfALLqvm1dDVtb6lktTzapdNaz9LtRFcmVmEoM= contains 204800 B
[2026-04-19T03:26:08.058Z INFO  worker::batch_maker] Batch LYdl5W/qOYgiAShnyoopWYKE87OOgINcxr/xQZAczto= contains sample tx 1465
[2026-04-19T03:26:08.058Z INFO  worker::batch_maker] Batch LYdl5W/qOYgiAShnyoopWYKE87OOgINcxr/xQZAczto= contains sample tx 1466
[2026-04-19T03:26:08.058Z INFO  worker::batch_maker] Batch LYdl5W/qOYgiAShnyoopWYKE87OOgINcxr/xQZAczto= contains 388608 B
[2026-04-19T03:26:08.111Z INFO  worker::batch_maker] Batch 9Gg3wUOAKSrkVIVFoVcTUQ8XZYmpggLPmUSnZBK9Re4= contains sample tx 1467
[2026-04-19T03:26:08.111Z INFO  worker::batch_maker] Batch 9Gg3wUOAKSrkVIVFoVcTUQ8XZYmpggLPmUSnZBK9Re4= contains 225792 B
[2026-04-19T03:26:08.164Z INFO  worker::batch_maker] Batch mSJyddR0HTdwCik1/XytkqVDofQsS4jJD6tBBkhwSX8= contains sample tx 1468
[2026-04-19T03:26:08.164Z INFO  worker::batch_maker] Batch mSJyddR0HTdwCik1/XytkqVDofQsS4jJD6tBBkhwSX8= contains 193536 B
[2026-04-19T03:26:08.218Z INFO  worker::batch_maker] Batch fJKXMYz0CulixZ1K2b8Csx8Qinaf4rpioISci2k1il8= contains sample tx 1469
[2026-04-19T03:26:08.218Z INFO  worker::batch_maker] Batch fJKXMYz0CulixZ1K2b8Csx8Qinaf4rpioISci2k1il8= contains 216064 B
[2026-04-19T03:26:08.271Z INFO  worker::batch_maker] Batch kRP4Fos9rBb6XYB9V60bhH9IIuRiRnJgP2mf6YivW2U= contains sample tx 1470
[2026-04-19T03:26:08.271Z INFO  worker::batch_maker] Batch kRP4Fos9rBb6XYB9V60bhH9IIuRiRnJgP2mf6YivW2U= contains 204800 B
[2026-04-19T03:26:08.324Z INFO  worker::batch_maker] Batch /sU229cJpOWsLVKyXGw+GxDwA6jo/JmOvelz10A5HmM= contains sample tx 1471
[2026-04-19T03:26:08.324Z INFO  worker::batch_maker] Batch /sU229cJpOWsLVKyXGw+GxDwA6jo/JmOvelz10A5HmM= contains 204800 B
[2026-04-19T03:26:08.378Z INFO  worker::batch_maker] Batch KY3NfuWbpqJm7SXN/jwEwdM5NiqDMe3SXU05G5/JUCY= contains sample tx 1472
[2026-04-19T03:26:08.378Z INFO  worker::batch_maker] Batch KY3NfuWbpqJm7SXN/jwEwdM5NiqDMe3SXU05G5/JUCY= contains 204800 B
[2026-04-19T03:26:08.430Z INFO  worker::batch_maker] Batch Wgf1gw/868YQz3nOc6kLxXabHAHKZWmd+6tgqjTnG0s= contains sample tx 1473
[2026-04-19T03:26:08.430Z INFO  worker::batch_maker] Batch Wgf1gw/868YQz3nOc6kLxXabHAHKZWmd+6tgqjTnG0s= contains 204800 B
[2026-04-19T03:26:08.484Z INFO  worker::batch_maker] Batch 849puSmPuMYl5HFhqO4EbRdTnHG8VaNonSrHsLJMlh0= contains sample tx 1474
[2026-04-19T03:26:08.484Z INFO  worker::batch_maker] Batch 849puSmPuMYl5HFhqO4EbRdTnHG8VaNonSrHsLJMlh0= contains 204800 B
[2026-04-19T03:26:08.537Z INFO  worker::batch_maker] Batch D8w/SqvPVpsrMcajDXS4F4raRInvXNzj0HMy91ZhcUQ= contains sample tx 1475
[2026-04-19T03:26:08.537Z INFO  worker::batch_maker] Batch D8w/SqvPVpsrMcajDXS4F4raRInvXNzj0HMy91ZhcUQ= contains 204800 B
[2026-04-19T03:26:08.591Z INFO  worker::batch_maker] Batch DixGBm/PIS4Xp9lz1ge4M8IbETe8O+YXNaFmb7/aBWo= contains sample tx 1476
[2026-04-19T03:26:08.591Z INFO  worker::batch_maker] Batch DixGBm/PIS4Xp9lz1ge4M8IbETe8O+YXNaFmb7/aBWo= contains 204800 B
[2026-04-19T03:26:08.643Z INFO  worker::batch_maker] Batch tva3o6LX1MhKAEXluW66O1UmxMGY/vePJuak4HY6S2I= contains sample tx 1477
[2026-04-19T03:26:08.643Z INFO  worker::batch_maker] Batch tva3o6LX1MhKAEXluW66O1UmxMGY/vePJuak4HY6S2I= contains 204800 B
[2026-04-19T03:26:08.697Z INFO  worker::batch_maker] Batch C1mBwX/Hej8A1wAt/G8lF0E6vxvJ2IJH/2mYP8SnLHw= contains sample tx 1478
[2026-04-19T03:26:08.697Z INFO  worker::batch_maker] Batch C1mBwX/Hej8A1wAt/G8lF0E6vxvJ2IJH/2mYP8SnLHw= contains 204800 B
[2026-04-19T03:26:08.750Z INFO  worker::batch_maker] Batch li4Qexbpz5KoMgpdlrdxhBX37Z3U2O+2u9KChqr+/dM= contains sample tx 1479
[2026-04-19T03:26:08.750Z INFO  worker::batch_maker] Batch li4Qexbpz5KoMgpdlrdxhBX37Z3U2O+2u9KChqr+/dM= contains 204800 B
[2026-04-19T03:26:08.804Z INFO  worker::batch_maker] Batch O6JgdKcQhSjQaoHD/w28Eei+iSzW555sF3uAkacI4ec= contains sample tx 1480
[2026-04-19T03:26:08.804Z INFO  worker::batch_maker] Batch O6JgdKcQhSjQaoHD/w28Eei+iSzW555sF3uAkacI4ec= contains 204800 B
[2026-04-19T03:26:08.857Z INFO  worker::batch_maker] Batch YSUs1dxOQu0zhhON/91QLlNDstOQylQmaoR4CtRbqNA= contains sample tx 1481
[2026-04-19T03:26:08.857Z INFO  worker::batch_maker] Batch YSUs1dxOQu0zhhON/91QLlNDstOQylQmaoR4CtRbqNA= contains 304128 B
[2026-04-19T03:26:08.911Z INFO  worker::batch_maker] Batch y08wHJG/W/A4u+jNwh6lSS+PXnPlj/pd9NI9pdly7Vg= contains sample tx 1482
[2026-04-19T03:26:08.911Z INFO  worker::batch_maker] Batch y08wHJG/W/A4u+jNwh6lSS+PXnPlj/pd9NI9pdly7Vg= contains sample tx 1483
[2026-04-19T03:26:08.911Z INFO  worker::batch_maker] Batch y08wHJG/W/A4u+jNwh6lSS+PXnPlj/pd9NI9pdly7Vg= contains 310272 B
[2026-04-19T03:26:08.963Z INFO  worker::batch_maker] Batch iax7pIU4PqRJORI7+BfXURu5Y9PjKtTXIB+5BWVwC1s= contains sample tx 1484
[2026-04-19T03:26:08.963Z INFO  worker::batch_maker] Batch iax7pIU4PqRJORI7+BfXURu5Y9PjKtTXIB+5BWVwC1s= contains 204800 B
[2026-04-19T03:26:09.014Z INFO  worker::batch_maker] Batch 1YmkbOVQ/M7495vw8Zm9OSmmeR5NWOjhm7JH0H1RSXk= contains sample tx 1485
[2026-04-19T03:26:09.014Z INFO  worker::batch_maker] Batch 1YmkbOVQ/M7495vw8Zm9OSmmeR5NWOjhm7JH0H1RSXk= contains 204800 B
[2026-04-19T03:26:09.067Z INFO  worker::batch_maker] Batch IBTMYH1VvcJ4MOkzFUf2YfKjyvcvlJnsD5VNqx1UrF4= contains sample tx 1486
[2026-04-19T03:26:09.067Z INFO  worker::batch_maker] Batch IBTMYH1VvcJ4MOkzFUf2YfKjyvcvlJnsD5VNqx1UrF4= contains 204800 B
[2026-04-19T03:26:09.119Z INFO  worker::batch_maker] Batch 4dNNULmSNYtA5jZxG2dKGR7jjeQlemQEk+ueK9uBvfY= contains sample tx 1487
[2026-04-19T03:26:09.119Z INFO  worker::batch_maker] Batch 4dNNULmSNYtA5jZxG2dKGR7jjeQlemQEk+ueK9uBvfY= contains 204800 B
[2026-04-19T03:26:09.172Z INFO  worker::batch_maker] Batch la3bwmWCiP+wE9FSCc0oFEoaXvf1fDXbtcymb3THGXM= contains sample tx 1488
[2026-04-19T03:26:09.172Z INFO  worker::batch_maker] Batch la3bwmWCiP+wE9FSCc0oFEoaXvf1fDXbtcymb3THGXM= contains 204800 B
[2026-04-19T03:26:09.224Z INFO  worker::batch_maker] Batch bTgXqeFVtcVODLb69H4YFom35c/tw772iVaPolu0/Z8= contains sample tx 1489
[2026-04-19T03:26:09.224Z INFO  worker::batch_maker] Batch bTgXqeFVtcVODLb69H4YFom35c/tw772iVaPolu0/Z8= contains 204800 B
[2026-04-19T03:26:09.277Z INFO  worker::batch_maker] Batch lpJHYPKnpbejIHQefib6CxiXqfHlkUu3Bf8mX88GOcw= contains sample tx 1490
[2026-04-19T03:26:09.277Z INFO  worker::batch_maker] Batch lpJHYPKnpbejIHQefib6CxiXqfHlkUu3Bf8mX88GOcw= contains 204800 B
[2026-04-19T03:26:09.328Z INFO  worker::batch_maker] Batch hjAMozMrhpDmn/RKK3aV0DAIHBXWAlsSishjf5OKA0g= contains sample tx 1491
[2026-04-19T03:26:09.328Z INFO  worker::batch_maker] Batch hjAMozMrhpDmn/RKK3aV0DAIHBXWAlsSishjf5OKA0g= contains 204800 B
[2026-04-19T03:26:09.383Z INFO  worker::batch_maker] Batch wyCB8D0kFJP/4H1xM6Awqtjcuyzw7/RZgHfNYPJKtnw= contains sample tx 1492
[2026-04-19T03:26:09.383Z INFO  worker::batch_maker] Batch wyCB8D0kFJP/4H1xM6Awqtjcuyzw7/RZgHfNYPJKtnw= contains 204800 B
[2026-04-19T03:26:09.436Z INFO  worker::batch_maker] Batch RF7E0azcQRb6a8zZvGQ+mB7lAi9Lh04gWyq/4n+FNuY= contains sample tx 1493
[2026-04-19T03:26:09.436Z INFO  worker::batch_maker] Batch RF7E0azcQRb6a8zZvGQ+mB7lAi9Lh04gWyq/4n+FNuY= contains 204800 B
[2026-04-19T03:26:09.489Z INFO  worker::batch_maker] Batch QcGxEuwKzh+g5DrRwl4z4LUTPeMWXrGPrW9L96mvDqI= contains sample tx 1494
[2026-04-19T03:26:09.489Z INFO  worker::batch_maker] Batch QcGxEuwKzh+g5DrRwl4z4LUTPeMWXrGPrW9L96mvDqI= contains 204800 B
[2026-04-19T03:26:09.542Z INFO  worker::batch_maker] Batch 87FuzsxQakVyeF9mDqTDhi6m4fC4N1XE52EDjjAVwok= contains sample tx 1495
[2026-04-19T03:26:09.542Z INFO  worker::batch_maker] Batch 87FuzsxQakVyeF9mDqTDhi6m4fC4N1XE52EDjjAVwok= contains 204800 B
[2026-04-19T03:26:09.594Z INFO  worker::batch_maker] Batch ZMbMeVZM3Rmlc/8LCLlNeCK1HGrDBDgqGrnyJExM8Bo= contains sample tx 1496
[2026-04-19T03:26:09.594Z INFO  worker::batch_maker] Batch ZMbMeVZM3Rmlc/8LCLlNeCK1HGrDBDgqGrnyJExM8Bo= contains 204800 B
[2026-04-19T03:26:09.646Z INFO  worker::batch_maker] Batch p4oFuFvHzz9BmgL6Q+1twvSgyuADuTFLDR95Vy21WU4= contains sample tx 1497
[2026-04-19T03:26:09.646Z INFO  worker::batch_maker] Batch p4oFuFvHzz9BmgL6Q+1twvSgyuADuTFLDR95Vy21WU4= contains 204800 B
[2026-04-19T03:26:09.699Z INFO  worker::batch_maker] Batch /Egq5jWaQzNEaTtTpCarYz6xjISl6zECxm3CDHLWCag= contains sample tx 1498
[2026-04-19T03:26:09.699Z INFO  worker::batch_maker] Batch /Egq5jWaQzNEaTtTpCarYz6xjISl6zECxm3CDHLWCag= contains 204800 B
[2026-04-19T03:26:09.752Z INFO  worker::batch_maker] Batch gKfIlOPFAvjK4XFd9bu843cOtElznj6G0LXIMYsAhDE= contains sample tx 1499
[2026-04-19T03:26:09.752Z INFO  worker::batch_maker] Batch gKfIlOPFAvjK4XFd9bu843cOtElznj6G0LXIMYsAhDE= contains 204800 B
[2026-04-19T03:26:09.806Z INFO  worker::batch_maker] Batch jQZd/WxzEHnO6XLIR5ZBK4+tVip3EFlZwShcrAW1kfw= contains sample tx 1500
[2026-04-19T03:26:09.806Z INFO  worker::batch_maker] Batch jQZd/WxzEHnO6XLIR5ZBK4+tVip3EFlZwShcrAW1kfw= contains 233472 B
[2026-04-19T03:26:09.862Z INFO  worker::batch_maker] Batch ksL2OLmuY++wNLMvxDMElNd7WMnEGoUP7PENgN1Zi+Q= contains sample tx 1501
[2026-04-19T03:26:09.862Z INFO  worker::batch_maker] Batch ksL2OLmuY++wNLMvxDMElNd7WMnEGoUP7PENgN1Zi+Q= contains sample tx 1502
[2026-04-19T03:26:09.862Z INFO  worker::batch_maker] Batch ksL2OLmuY++wNLMvxDMElNd7WMnEGoUP7PENgN1Zi+Q= contains 380928 B
[2026-04-19T03:26:09.916Z INFO  worker::batch_maker] Batch CpwJoPtt5nLaIMh/viHo15MCtrv+C+/RyxcZffnw+v4= contains sample tx 1503
[2026-04-19T03:26:09.916Z INFO  worker::batch_maker] Batch CpwJoPtt5nLaIMh/viHo15MCtrv+C+/RyxcZffnw+v4= contains 204800 B
[2026-04-19T03:26:09.968Z INFO  worker::batch_maker] Batch 1TEOpW+V/SQXWip8P6QMLS2TVtW83JTWtDdwShCwQmw= contains sample tx 1504
[2026-04-19T03:26:09.968Z INFO  worker::batch_maker] Batch 1TEOpW+V/SQXWip8P6QMLS2TVtW83JTWtDdwShCwQmw= contains 204800 B
[2026-04-19T03:26:10.020Z INFO  worker::batch_maker] Batch 6WdUUscAZ4r0zwfr+BVsjQylWeAs9yXi8sty46vaF6A= contains sample tx 1505
[2026-04-19T03:26:10.020Z INFO  worker::batch_maker] Batch 6WdUUscAZ4r0zwfr+BVsjQylWeAs9yXi8sty46vaF6A= contains 204800 B
[2026-04-19T03:26:10.073Z INFO  worker::batch_maker] Batch 63kUr88BBH46k86jAnpdlqJeOXyFvD+tp1pwb2BKlFU= contains sample tx 1506
[2026-04-19T03:26:10.073Z INFO  worker::batch_maker] Batch 63kUr88BBH46k86jAnpdlqJeOXyFvD+tp1pwb2BKlFU= contains 204800 B
[2026-04-19T03:26:10.127Z INFO  worker::batch_maker] Batch XZvyLxEegyQaRnfjmoE/zvhdYWSlr3bd2QmAu/qqhCk= contains sample tx 1507
[2026-04-19T03:26:10.127Z INFO  worker::batch_maker] Batch XZvyLxEegyQaRnfjmoE/zvhdYWSlr3bd2QmAu/qqhCk= contains 204800 B
[2026-04-19T03:26:10.178Z INFO  worker::batch_maker] Batch a4DkBifGk06nL3a73O/rI1KhBpqayEk0k7iDcanYvk0= contains sample tx 1508
[2026-04-19T03:26:10.178Z INFO  worker::batch_maker] Batch a4DkBifGk06nL3a73O/rI1KhBpqayEk0k7iDcanYvk0= contains 204800 B
[2026-04-19T03:26:10.231Z INFO  worker::batch_maker] Batch Aa69uYkQ6XGYKYOJ0hmBG0/LdbS4QsjkbcdCcjo8XYQ= contains sample tx 1509
[2026-04-19T03:26:10.231Z INFO  worker::batch_maker] Batch Aa69uYkQ6XGYKYOJ0hmBG0/LdbS4QsjkbcdCcjo8XYQ= contains 204800 B
[2026-04-19T03:26:10.285Z INFO  worker::batch_maker] Batch ChpibBLRSqB6FN7X4CpUvjfJAaxGuioGUfkMgsiik1E= contains sample tx 1510
[2026-04-19T03:26:10.285Z INFO  worker::batch_maker] Batch ChpibBLRSqB6FN7X4CpUvjfJAaxGuioGUfkMgsiik1E= contains 204800 B
[2026-04-19T03:26:10.338Z INFO  worker::batch_maker] Batch exFj1ZrNztJ/vqsl3BShdoKNrEC1WdiqzUU7fj5ezus= contains sample tx 1511
[2026-04-19T03:26:10.338Z INFO  worker::batch_maker] Batch exFj1ZrNztJ/vqsl3BShdoKNrEC1WdiqzUU7fj5ezus= contains 204800 B
[2026-04-19T03:26:10.392Z INFO  worker::batch_maker] Batch jEmcQivQBa5e9qHmbaRVJZRokGYm04aQPkF//ZakrH0= contains sample tx 1512
[2026-04-19T03:26:10.392Z INFO  worker::batch_maker] Batch jEmcQivQBa5e9qHmbaRVJZRokGYm04aQPkF//ZakrH0= contains 204800 B
[2026-04-19T03:26:10.446Z INFO  worker::batch_maker] Batch t2I09D120+qxcR8BQL9YwBN7V1qtMnztbihi74iQ7os= contains sample tx 1513
[2026-04-19T03:26:10.446Z INFO  worker::batch_maker] Batch t2I09D120+qxcR8BQL9YwBN7V1qtMnztbihi74iQ7os= contains 204800 B
[2026-04-19T03:26:10.498Z INFO  worker::batch_maker] Batch SHcEWWT0cj2iEkRa/Pibx1keJW9iBKfZVkxbeiOcv8w= contains sample tx 1514
[2026-04-19T03:26:10.498Z INFO  worker::batch_maker] Batch SHcEWWT0cj2iEkRa/Pibx1keJW9iBKfZVkxbeiOcv8w= contains 204800 B
[2026-04-19T03:26:10.551Z INFO  worker::batch_maker] Batch Y8yltMsJFbwaW5fF4lk8Vw7L6JQRVPip/Z7c72A23bE= contains sample tx 1515
[2026-04-19T03:26:10.551Z INFO  worker::batch_maker] Batch Y8yltMsJFbwaW5fF4lk8Vw7L6JQRVPip/Z7c72A23bE= contains 204800 B
[2026-04-19T03:26:10.603Z INFO  worker::batch_maker] Batch p5SL06iJdhq0M2wy4M/quKZ07KxPOcTGjO4p8v2Y2Uw= contains sample tx 1516
[2026-04-19T03:26:10.604Z INFO  worker::batch_maker] Batch p5SL06iJdhq0M2wy4M/quKZ07KxPOcTGjO4p8v2Y2Uw= contains 204800 B
[2026-04-19T03:26:10.658Z INFO  worker::batch_maker] Batch xSTuVVHYRtNvSlIiNEpET39uD7HKp+ViVUZdUySE9ss= contains sample tx 1517
[2026-04-19T03:26:10.658Z INFO  worker::batch_maker] Batch xSTuVVHYRtNvSlIiNEpET39uD7HKp+ViVUZdUySE9ss= contains 263168 B
[2026-04-19T03:26:10.713Z INFO  worker::batch_maker] Batch Y0CDplaSZ+Fc49h9Vl5izBWdKfmm88TDBlAPEWume+8= contains sample tx 1518
[2026-04-19T03:26:10.713Z INFO  worker::batch_maker] Batch Y0CDplaSZ+Fc49h9Vl5izBWdKfmm88TDBlAPEWume+8= contains sample tx 1519
[2026-04-19T03:26:10.713Z INFO  worker::batch_maker] Batch Y0CDplaSZ+Fc49h9Vl5izBWdKfmm88TDBlAPEWume+8= contains 351232 B
[2026-04-19T03:26:10.767Z INFO  worker::batch_maker] Batch flJkbpYhab7n2zOgsZZtKl8qV8fWVoJZ1f/femTPFzk= contains sample tx 1520
[2026-04-19T03:26:10.767Z INFO  worker::batch_maker] Batch flJkbpYhab7n2zOgsZZtKl8qV8fWVoJZ1f/femTPFzk= contains 204800 B
[2026-04-19T03:26:10.821Z INFO  worker::batch_maker] Batch OiJveGpsbjEa+xUOOCPLuD83Io2Mb1LSOu7N8A5J0JU= contains sample tx 1521
[2026-04-19T03:26:10.821Z INFO  worker::batch_maker] Batch OiJveGpsbjEa+xUOOCPLuD83Io2Mb1LSOu7N8A5J0JU= contains 204800 B
[2026-04-19T03:26:10.873Z INFO  worker::batch_maker] Batch 9wDytxYiX4H7l0FppMwbeQwS44btBBU3LLZnHATMJbI= contains sample tx 1522
[2026-04-19T03:26:10.873Z INFO  worker::batch_maker] Batch 9wDytxYiX4H7l0FppMwbeQwS44btBBU3LLZnHATMJbI= contains 204800 B
[2026-04-19T03:26:10.927Z INFO  worker::batch_maker] Batch JfzUaBi7twmoHs6rsVNnboXRjbFIBh69oNs04XqTGuM= contains sample tx 1523
[2026-04-19T03:26:10.927Z INFO  worker::batch_maker] Batch JfzUaBi7twmoHs6rsVNnboXRjbFIBh69oNs04XqTGuM= contains 204800 B
[2026-04-19T03:26:10.980Z INFO  worker::batch_maker] Batch 1W0VlLsONb5l44zuyUxzg/le+UY16ChBP9lhV9dVykc= contains sample tx 1524
[2026-04-19T03:26:10.980Z INFO  worker::batch_maker] Batch 1W0VlLsONb5l44zuyUxzg/le+UY16ChBP9lhV9dVykc= contains 204800 B
[2026-04-19T03:26:11.032Z INFO  worker::batch_maker] Batch NQRSQuF7dfuTBIHYpd/Wpy+8DkQ+sUpREj0Kr7OBz7k= contains sample tx 1525
[2026-04-19T03:26:11.032Z INFO  worker::batch_maker] Batch NQRSQuF7dfuTBIHYpd/Wpy+8DkQ+sUpREj0Kr7OBz7k= contains 204800 B
[2026-04-19T03:26:11.085Z INFO  worker::batch_maker] Batch dJLRokMZHb9Jqi/i50sWi3Rme2ILITI+FRHfDLwMsFs= contains sample tx 1526
[2026-04-19T03:26:11.085Z INFO  worker::batch_maker] Batch dJLRokMZHb9Jqi/i50sWi3Rme2ILITI+FRHfDLwMsFs= contains 204800 B
[2026-04-19T03:26:11.139Z INFO  worker::batch_maker] Batch UlUyorDjVibYIcy0L3YzJOBVCzrPHw6060JASWl9iDQ= contains sample tx 1527
[2026-04-19T03:26:11.139Z INFO  worker::batch_maker] Batch UlUyorDjVibYIcy0L3YzJOBVCzrPHw6060JASWl9iDQ= contains 204800 B
[2026-04-19T03:26:11.192Z INFO  worker::batch_maker] Batch IkFesl8MklBHO+yw3vJ3PBdUJoqYtJsuPJwy2svDBRY= contains sample tx 1528
[2026-04-19T03:26:11.208Z INFO  worker::batch_maker] Batch IkFesl8MklBHO+yw3vJ3PBdUJoqYtJsuPJwy2svDBRY= contains 204800 B
[2026-04-19T03:26:11.261Z INFO  worker::batch_maker] Batch tH6YrBg3M5T486D3UaeROdtmO2EUW8EO//Su0dfNQig= contains sample tx 1529
[2026-04-19T03:26:11.261Z INFO  worker::batch_maker] Batch tH6YrBg3M5T486D3UaeROdtmO2EUW8EO//Su0dfNQig= contains sample tx 1530
[2026-04-19T03:26:11.261Z INFO  worker::batch_maker] Batch tH6YrBg3M5T486D3UaeROdtmO2EUW8EO//Su0dfNQig= contains 409600 B
[2026-04-19T03:26:11.314Z INFO  worker::batch_maker] Batch X95l3Bx17qPprPgS1z4QFwGVzgrllcrSjInUIAiefMU= contains sample tx 1531
[2026-04-19T03:26:11.314Z INFO  worker::batch_maker] Batch X95l3Bx17qPprPgS1z4QFwGVzgrllcrSjInUIAiefMU= contains 204800 B
[2026-04-19T03:26:11.367Z INFO  worker::batch_maker] Batch IlBLOQu3WhuWFd78gxUbhAFE1r9x5th0RyaLaMtzeMg= contains sample tx 1532
[2026-04-19T03:26:11.367Z INFO  worker::batch_maker] Batch IlBLOQu3WhuWFd78gxUbhAFE1r9x5th0RyaLaMtzeMg= contains 204800 B
[2026-04-19T03:26:11.418Z INFO  worker::batch_maker] Batch pKuyq70cMchGbQU1bWTlANSeIKsCalbinJXGAsn0wLI= contains sample tx 1533
[2026-04-19T03:26:11.418Z INFO  worker::batch_maker] Batch pKuyq70cMchGbQU1bWTlANSeIKsCalbinJXGAsn0wLI= contains 204800 B
[2026-04-19T03:26:11.471Z INFO  worker::batch_maker] Batch wj6+NNbJoVUofQegZTePPCYHEx67B2qwDCL00pZl0jw= contains sample tx 1534
[2026-04-19T03:26:11.472Z INFO  worker::batch_maker] Batch wj6+NNbJoVUofQegZTePPCYHEx67B2qwDCL00pZl0jw= contains 204800 B
[2026-04-19T03:26:11.524Z INFO  worker::batch_maker] Batch t3bGjmrIsXw5JuJgIolRBrivLnYs31n+DBOU8SrXj+0= contains sample tx 1535
[2026-04-19T03:26:11.524Z INFO  worker::batch_maker] Batch t3bGjmrIsXw5JuJgIolRBrivLnYs31n+DBOU8SrXj+0= contains 204800 B
[2026-04-19T03:26:11.577Z INFO  worker::batch_maker] Batch nuGjL86q363F6XWr7RN0JSjTbfASQ+5/4Ysp4RAe+hg= contains sample tx 1536
[2026-04-19T03:26:11.577Z INFO  worker::batch_maker] Batch nuGjL86q363F6XWr7RN0JSjTbfASQ+5/4Ysp4RAe+hg= contains 204800 B
[2026-04-19T03:26:11.629Z INFO  worker::batch_maker] Batch jszBZjKEVS9UjdXaxtCb9fC+IPEOzNtzTLoRuDirsA4= contains sample tx 1537
[2026-04-19T03:26:11.629Z INFO  worker::batch_maker] Batch jszBZjKEVS9UjdXaxtCb9fC+IPEOzNtzTLoRuDirsA4= contains 204800 B
[2026-04-19T03:26:11.681Z INFO  worker::batch_maker] Batch 32y7XII5Y9tWBVkJrAo0JdqQEmUcLb7H7RF7kgvsjiI= contains sample tx 1538
[2026-04-19T03:26:11.681Z INFO  worker::batch_maker] Batch 32y7XII5Y9tWBVkJrAo0JdqQEmUcLb7H7RF7kgvsjiI= contains 204800 B
[2026-04-19T03:26:11.734Z INFO  worker::batch_maker] Batch 5NZe1t2cMTnQaAxvxZlf3fYqPz/CiqQIzuW7I2qOQiI= contains sample tx 1539
[2026-04-19T03:26:11.734Z INFO  worker::batch_maker] Batch 5NZe1t2cMTnQaAxvxZlf3fYqPz/CiqQIzuW7I2qOQiI= contains 204800 B
[2026-04-19T03:26:11.786Z INFO  worker::batch_maker] Batch m20excCYV1OUWvc9WPcV9IKKogPy1N7HlTrzYCsoKTo= contains sample tx 1540
[2026-04-19T03:26:11.786Z INFO  worker::batch_maker] Batch m20excCYV1OUWvc9WPcV9IKKogPy1N7HlTrzYCsoKTo= contains 204800 B
[2026-04-19T03:26:11.838Z INFO  worker::batch_maker] Batch CedDRgFIE9oJixV3d3Uh7x7WPiagT6yC7G01O0AoUXc= contains sample tx 1541
[2026-04-19T03:26:11.838Z INFO  worker::batch_maker] Batch CedDRgFIE9oJixV3d3Uh7x7WPiagT6yC7G01O0AoUXc= contains 204800 B
[2026-04-19T03:26:11.890Z INFO  worker::batch_maker] Batch cFp/Lww4nDHUPzdzddOVZurXgqcbiiB3lrc8k3HznRU= contains sample tx 1542
[2026-04-19T03:26:11.890Z INFO  worker::batch_maker] Batch cFp/Lww4nDHUPzdzddOVZurXgqcbiiB3lrc8k3HznRU= contains 204800 B
[2026-04-19T03:26:11.943Z INFO  worker::batch_maker] Batch UZeh0JTpRXySEPfDaf/dMoP/ZkK5fOLGUCP3PgO5CGw= contains sample tx 1543
[2026-04-19T03:26:11.943Z INFO  worker::batch_maker] Batch UZeh0JTpRXySEPfDaf/dMoP/ZkK5fOLGUCP3PgO5CGw= contains 204800 B
[2026-04-19T03:26:11.997Z INFO  worker::batch_maker] Batch ckDv8LZjr4L0BOlvPWBbuY7ZRH8M2FYTGaO9GaEoRrc= contains sample tx 1544
[2026-04-19T03:26:11.997Z INFO  worker::batch_maker] Batch ckDv8LZjr4L0BOlvPWBbuY7ZRH8M2FYTGaO9GaEoRrc= contains 204800 B
[2026-04-19T03:26:12.049Z INFO  worker::batch_maker] Batch NqWgaG6WyP7uZaAejmTRJFLAQqT3Isv54Civgxy6nYk= contains sample tx 1545
[2026-04-19T03:26:12.049Z INFO  worker::batch_maker] Batch NqWgaG6WyP7uZaAejmTRJFLAQqT3Isv54Civgxy6nYk= contains 204800 B
[2026-04-19T03:26:12.102Z INFO  worker::batch_maker] Batch yIX4GdlGOIfMwwB7n0T8lV+0aCc7RXqmx6+XPinGAUo= contains sample tx 1546
[2026-04-19T03:26:12.102Z INFO  worker::batch_maker] Batch yIX4GdlGOIfMwwB7n0T8lV+0aCc7RXqmx6+XPinGAUo= contains 204800 B
[2026-04-19T03:26:12.153Z INFO  worker::batch_maker] Batch 0nNTuBRhiymaUGkow6l10tFRDfYJ4oQc+bUVhK5pVV8= contains sample tx 1547
[2026-04-19T03:26:12.153Z INFO  worker::batch_maker] Batch 0nNTuBRhiymaUGkow6l10tFRDfYJ4oQc+bUVhK5pVV8= contains 213504 B
[2026-04-19T03:26:12.206Z INFO  worker::batch_maker] Batch 7sUNlKyj+N40Af/pYL0dRBocgIFeWt5outTePB5PRk8= contains sample tx 1548
[2026-04-19T03:26:12.206Z INFO  worker::batch_maker] Batch 7sUNlKyj+N40Af/pYL0dRBocgIFeWt5outTePB5PRk8= contains 308736 B
[2026-04-19T03:26:12.259Z INFO  worker::batch_maker] Batch 4rl2D+vELIa2gqzHnJL1YYVRxrtGGj1lhb4/eoTVNP4= contains sample tx 1549
[2026-04-19T03:26:12.259Z INFO  worker::batch_maker] Batch 4rl2D+vELIa2gqzHnJL1YYVRxrtGGj1lhb4/eoTVNP4= contains 248832 B
[2026-04-19T03:26:12.313Z INFO  worker::batch_maker] Batch N9IRFAFEEptaRrvzlpBOXHLc8Sgs5NBiQ2XDJRVLq8Q= contains sample tx 1550
[2026-04-19T03:26:12.313Z INFO  worker::batch_maker] Batch N9IRFAFEEptaRrvzlpBOXHLc8Sgs5NBiQ2XDJRVLq8Q= contains sample tx 1551
[2026-04-19T03:26:12.313Z INFO  worker::batch_maker] Batch N9IRFAFEEptaRrvzlpBOXHLc8Sgs5NBiQ2XDJRVLq8Q= contains 252928 B
[2026-04-19T03:26:12.366Z INFO  worker::batch_maker] Batch xomGxqpp96elHxu7b0cACTxYUql5vAVCdMs4QWu+uU4= contains 180224 B
[2026-04-19T03:26:12.420Z INFO  worker::batch_maker] Batch CB3xBsA3RMKigzcg88dXOo8YvbQaoyF/l//kEGqgxZc= contains sample tx 1552
[2026-04-19T03:26:12.420Z INFO  worker::batch_maker] Batch CB3xBsA3RMKigzcg88dXOo8YvbQaoyF/l//kEGqgxZc= contains sample tx 1553
[2026-04-19T03:26:12.420Z INFO  worker::batch_maker] Batch CB3xBsA3RMKigzcg88dXOo8YvbQaoyF/l//kEGqgxZc= contains 229376 B
[2026-04-19T03:26:12.473Z INFO  worker::batch_maker] Batch 0gCme2LREe91J/oY506jiZ4DdvX9eXfsdR/q3F6MM8o= contains sample tx 1554
[2026-04-19T03:26:12.473Z INFO  worker::batch_maker] Batch 0gCme2LREe91J/oY506jiZ4DdvX9eXfsdR/q3F6MM8o= contains 204800 B
[2026-04-19T03:26:12.525Z INFO  worker::batch_maker] Batch ilaR8AEFfdddwf5RkegByUGHE7kcnAu70rKFl7ljd6g= contains sample tx 1555
[2026-04-19T03:26:12.525Z INFO  worker::batch_maker] Batch ilaR8AEFfdddwf5RkegByUGHE7kcnAu70rKFl7ljd6g= contains 204800 B
[2026-04-19T03:26:12.579Z INFO  worker::batch_maker] Batch YrRlmUfelnueNoX20z1GWW1nJPyjyAbr5+DtUHx4WRs= contains sample tx 1556
[2026-04-19T03:26:12.579Z INFO  worker::batch_maker] Batch YrRlmUfelnueNoX20z1GWW1nJPyjyAbr5+DtUHx4WRs= contains 204800 B
[2026-04-19T03:26:12.632Z INFO  worker::batch_maker] Batch ckj4TcYGDFyXAhrVpuokXGX52IK7wOftCnAV6iv3FZY= contains sample tx 1557
[2026-04-19T03:26:12.632Z INFO  worker::batch_maker] Batch ckj4TcYGDFyXAhrVpuokXGX52IK7wOftCnAV6iv3FZY= contains 204800 B
[2026-04-19T03:26:12.685Z INFO  worker::batch_maker] Batch mcvanYDpDURZTsACX8hnyBv7lHuYH5ZK7uwQRt6uflc= contains sample tx 1558
[2026-04-19T03:26:12.685Z INFO  worker::batch_maker] Batch mcvanYDpDURZTsACX8hnyBv7lHuYH5ZK7uwQRt6uflc= contains 204800 B
[2026-04-19T03:26:12.739Z INFO  worker::batch_maker] Batch 6nSUbapOxst0KHj1Y9hiDFGC+580p+5XAfjGXbRzCQ4= contains sample tx 1559
[2026-04-19T03:26:12.739Z INFO  worker::batch_maker] Batch 6nSUbapOxst0KHj1Y9hiDFGC+580p+5XAfjGXbRzCQ4= contains 204800 B
[2026-04-19T03:26:12.791Z INFO  worker::batch_maker] Batch YgZ7kXtX+YysVgOIWMuqeSVLSCCSiNSFIc6Br7VfO9s= contains sample tx 1560
[2026-04-19T03:26:12.791Z INFO  worker::batch_maker] Batch YgZ7kXtX+YysVgOIWMuqeSVLSCCSiNSFIc6Br7VfO9s= contains 204800 B
[2026-04-19T03:26:12.844Z INFO  worker::batch_maker] Batch 36mWRWttr/x5qyelxjv9NDkvNZLCS4zgypFIWkcU7EM= contains sample tx 1561
[2026-04-19T03:26:12.844Z INFO  worker::batch_maker] Batch 36mWRWttr/x5qyelxjv9NDkvNZLCS4zgypFIWkcU7EM= contains 204800 B
[2026-04-19T03:26:12.897Z INFO  worker::batch_maker] Batch CgHKCnZkonRGVNLRoryCUrVqbtqvyY4ktkIfgnTG0dY= contains sample tx 1562
[2026-04-19T03:26:12.897Z INFO  worker::batch_maker] Batch CgHKCnZkonRGVNLRoryCUrVqbtqvyY4ktkIfgnTG0dY= contains 204800 B
[2026-04-19T03:26:12.950Z INFO  worker::batch_maker] Batch xnfGqlkUNB+qdbNKETVWtgaH2W/wN09ddAjsg60KdqI= contains sample tx 1563
[2026-04-19T03:26:12.950Z INFO  worker::batch_maker] Batch xnfGqlkUNB+qdbNKETVWtgaH2W/wN09ddAjsg60KdqI= contains 204800 B
[2026-04-19T03:26:13.001Z INFO  worker::batch_maker] Batch O4GXY9OEn0X0ag4viAXvaGBmjrMBqzVlKxzSQG03rEM= contains sample tx 1564
[2026-04-19T03:26:13.001Z INFO  worker::batch_maker] Batch O4GXY9OEn0X0ag4viAXvaGBmjrMBqzVlKxzSQG03rEM= contains 204800 B
[2026-04-19T03:26:13.054Z INFO  worker::batch_maker] Batch 2byi/je81olh8GmTeZpZxlMkbYzW/S8xD6sKZVy5AQc= contains sample tx 1565
[2026-04-19T03:26:13.054Z INFO  worker::batch_maker] Batch 2byi/je81olh8GmTeZpZxlMkbYzW/S8xD6sKZVy5AQc= contains 284672 B
[2026-04-19T03:26:13.108Z INFO  worker::batch_maker] Batch 1whwvehfUshgrZo20hg0p+QZzN8ok0K2/30NMgwWD/Y= contains sample tx 1566
[2026-04-19T03:26:13.108Z INFO  worker::batch_maker] Batch 1whwvehfUshgrZo20hg0p+QZzN8ok0K2/30NMgwWD/Y= contains sample tx 1567
[2026-04-19T03:26:13.108Z INFO  worker::batch_maker] Batch 1whwvehfUshgrZo20hg0p+QZzN8ok0K2/30NMgwWD/Y= contains 329728 B
[2026-04-19T03:26:13.161Z INFO  worker::batch_maker] Batch ay+FQ2X66lf9RtmGx1jGTXKDuhHvZ290Lyg8fHcT0BU= contains sample tx 1568
[2026-04-19T03:26:13.161Z INFO  worker::batch_maker] Batch ay+FQ2X66lf9RtmGx1jGTXKDuhHvZ290Lyg8fHcT0BU= contains 204800 B
[2026-04-19T03:26:13.212Z INFO  worker::batch_maker] Batch u3unVWKspsBKMeWQpgc6nOeH/8tivT/FWe6z5tjpMQw= contains sample tx 1569
[2026-04-19T03:26:13.212Z INFO  worker::batch_maker] Batch u3unVWKspsBKMeWQpgc6nOeH/8tivT/FWe6z5tjpMQw= contains 204800 B
[2026-04-19T03:26:13.264Z INFO  worker::batch_maker] Batch xEfD/sKi9j1SRx4qFXcLLYWSrAYOKJIEnTRWbSTjT7U= contains sample tx 1570
[2026-04-19T03:26:13.265Z INFO  worker::batch_maker] Batch xEfD/sKi9j1SRx4qFXcLLYWSrAYOKJIEnTRWbSTjT7U= contains 204800 B
[2026-04-19T03:26:13.316Z INFO  worker::batch_maker] Batch Gj9tNSG6EQxlH5JRmM8oxzolehca1AbYbVli28ltdkU= contains sample tx 1571
[2026-04-19T03:26:13.316Z INFO  worker::batch_maker] Batch Gj9tNSG6EQxlH5JRmM8oxzolehca1AbYbVli28ltdkU= contains 204800 B
[2026-04-19T03:26:13.368Z INFO  worker::batch_maker] Batch czasJHfiEi6ZVqLruH2WJxGOqtJwZp2gmr4kl/P17Kk= contains sample tx 1572
[2026-04-19T03:26:13.368Z INFO  worker::batch_maker] Batch czasJHfiEi6ZVqLruH2WJxGOqtJwZp2gmr4kl/P17Kk= contains 204800 B
[2026-04-19T03:26:13.421Z INFO  worker::batch_maker] Batch brCUDu7UriMw+05Sh4Bzv1/BQnipb4Q8RSHR1NFI+P8= contains sample tx 1573
[2026-04-19T03:26:13.421Z INFO  worker::batch_maker] Batch brCUDu7UriMw+05Sh4Bzv1/BQnipb4Q8RSHR1NFI+P8= contains 204800 B
[2026-04-19T03:26:13.460Z INFO  network::receiver] Incoming connection established with 10.10.1.4:55896
[2026-04-19T03:26:13.461Z INFO  network::simple_sender] Outgoing connection established with 10.10.1.4:5019
[2026-04-19T03:26:13.473Z INFO  worker::batch_maker] Batch dRM8Oh8Te+5oiJzZYDEB09oAf/lw3Se+pZnWGilHCvY= contains sample tx 1574
[2026-04-19T03:26:13.473Z INFO  worker::batch_maker] Batch dRM8Oh8Te+5oiJzZYDEB09oAf/lw3Se+pZnWGilHCvY= contains 204800 B
[2026-04-19T03:26:13.525Z INFO  worker::batch_maker] Batch 29YZm+an3F11IJtH3zG1N1qCHI7Q+yF/Wyw0tJDqrk4= contains sample tx 1575
[2026-04-19T03:26:13.525Z INFO  worker::batch_maker] Batch 29YZm+an3F11IJtH3zG1N1qCHI7Q+yF/Wyw0tJDqrk4= contains 204800 B
[2026-04-19T03:26:13.578Z INFO  worker::batch_maker] Batch /lXNFW87p7Aur0UEWMicueg9BCoMsQjpvWrlHKnPgqs= contains sample tx 1576
[2026-04-19T03:26:13.579Z INFO  worker::batch_maker] Batch /lXNFW87p7Aur0UEWMicueg9BCoMsQjpvWrlHKnPgqs= contains 204800 B
[2026-04-19T03:26:13.632Z INFO  worker::batch_maker] Batch zwEpyM5jpX2IzXOl/8UZemipZMY+2L89jJhgMystI3g= contains sample tx 1577
[2026-04-19T03:26:13.632Z INFO  worker::batch_maker] Batch zwEpyM5jpX2IzXOl/8UZemipZMY+2L89jJhgMystI3g= contains 204800 B
[2026-04-19T03:26:13.686Z INFO  worker::batch_maker] Batch ppHLrdnvHl1hlOhY9L9ZGwCnpbBvua30+fGQyzW5fFs= contains sample tx 1578
[2026-04-19T03:26:13.686Z INFO  worker::batch_maker] Batch ppHLrdnvHl1hlOhY9L9ZGwCnpbBvua30+fGQyzW5fFs= contains 204800 B
[2026-04-19T03:26:13.740Z INFO  worker::batch_maker] Batch XpIKvb/v8OdkqM4l1NdaKhrxXYbUAvjWi8jpld1Kir4= contains sample tx 1579
[2026-04-19T03:26:13.740Z INFO  worker::batch_maker] Batch XpIKvb/v8OdkqM4l1NdaKhrxXYbUAvjWi8jpld1Kir4= contains 204800 B
[2026-04-19T03:26:13.793Z INFO  worker::batch_maker] Batch zD8X1mnDZ5mq2Rb4WZue1r0kriy1bQce3W0R/UohF0s= contains sample tx 1580
[2026-04-19T03:26:13.793Z INFO  worker::batch_maker] Batch zD8X1mnDZ5mq2Rb4WZue1r0kriy1bQce3W0R/UohF0s= contains 204800 B
[2026-04-19T03:26:13.846Z INFO  worker::batch_maker] Batch JxJJhMlum5QmFgRxyya9JKZcGPnF3rqbdS07+XQJh6I= contains sample tx 1581
[2026-04-19T03:26:13.846Z INFO  worker::batch_maker] Batch JxJJhMlum5QmFgRxyya9JKZcGPnF3rqbdS07+XQJh6I= contains 204800 B
[2026-04-19T03:26:13.900Z INFO  worker::batch_maker] Batch KygVf6p5oVF27U8VEy6ba7+XU4NAw4K7+SZh+j9X7Mk= contains sample tx 1582
[2026-04-19T03:26:13.900Z INFO  worker::batch_maker] Batch KygVf6p5oVF27U8VEy6ba7+XU4NAw4K7+SZh+j9X7Mk= contains 204800 B
[2026-04-19T03:26:13.953Z INFO  worker::batch_maker] Batch lGvhTq52imnMB69XsFT7pCiQYzdIbhYr1oSSdEZExro= contains sample tx 1583
[2026-04-19T03:26:13.966Z INFO  worker::batch_maker] Batch lGvhTq52imnMB69XsFT7pCiQYzdIbhYr1oSSdEZExro= contains 204800 B
[2026-04-19T03:26:14.022Z INFO  worker::batch_maker] Batch RO+/xmNRcm6Jv387YGQTnOprIS+MZ9+6InIHmcgHclQ= contains sample tx 1584
[2026-04-19T03:26:14.022Z INFO  worker::batch_maker] Batch RO+/xmNRcm6Jv387YGQTnOprIS+MZ9+6InIHmcgHclQ= contains sample tx 1585
[2026-04-19T03:26:14.022Z INFO  worker::batch_maker] Batch RO+/xmNRcm6Jv387YGQTnOprIS+MZ9+6InIHmcgHclQ= contains 409600 B
[2026-04-19T03:26:14.076Z INFO  worker::batch_maker] Batch bBXUri2g89ubFaKD48SsTLVKTwHYFO2W7WJyiRbtsvk= contains sample tx 1586
[2026-04-19T03:26:14.081Z INFO  worker::batch_maker] Batch bBXUri2g89ubFaKD48SsTLVKTwHYFO2W7WJyiRbtsvk= contains 204800 B
[2026-04-19T03:26:14.134Z INFO  worker::batch_maker] Batch 01goryOWoxF2djrMQYTQoB/SKC+YbKbafgoKJ6J3RDc= contains sample tx 1587
[2026-04-19T03:26:14.134Z INFO  worker::batch_maker] Batch 01goryOWoxF2djrMQYTQoB/SKC+YbKbafgoKJ6J3RDc= contains 204800 B
[2026-04-19T03:26:14.186Z INFO  worker::batch_maker] Batch hezDjsIbATgsrHS5pDIh6P3+9aoaPh7CxqmMJL081hs= contains sample tx 1588
[2026-04-19T03:26:14.186Z INFO  worker::batch_maker] Batch hezDjsIbATgsrHS5pDIh6P3+9aoaPh7CxqmMJL081hs= contains 204800 B
[2026-04-19T03:26:14.239Z INFO  worker::batch_maker] Batch Akn+4ZufSkL/4MIs4ZZTwrHycq1kn5843XZlIifzKIg= contains sample tx 1589
[2026-04-19T03:26:14.239Z INFO  worker::batch_maker] Batch Akn+4ZufSkL/4MIs4ZZTwrHycq1kn5843XZlIifzKIg= contains 204800 B
[2026-04-19T03:26:14.291Z INFO  worker::batch_maker] Batch TEsRKXAQP0msTc+QEdc5cuvDwuqZIz6Ajh+AwV3gp8A= contains sample tx 1590
[2026-04-19T03:26:14.291Z INFO  worker::batch_maker] Batch TEsRKXAQP0msTc+QEdc5cuvDwuqZIz6Ajh+AwV3gp8A= contains 204800 B
[2026-04-19T03:26:14.344Z INFO  worker::batch_maker] Batch RWf+CcdOiKD4TW/R0cT/FQ0ocB1m+ChJMvamX3iL0aQ= contains sample tx 1591
[2026-04-19T03:26:14.344Z INFO  worker::batch_maker] Batch RWf+CcdOiKD4TW/R0cT/FQ0ocB1m+ChJMvamX3iL0aQ= contains 204800 B
[2026-04-19T03:26:14.396Z INFO  worker::batch_maker] Batch taOJCyyjIZguMmOcHcrh9Jd/PBE8r1hlfSlsqwJMdMA= contains sample tx 1592
[2026-04-19T03:26:14.396Z INFO  worker::batch_maker] Batch taOJCyyjIZguMmOcHcrh9Jd/PBE8r1hlfSlsqwJMdMA= contains 204800 B
[2026-04-19T03:26:14.448Z INFO  worker::batch_maker] Batch NRRUWNImLKgQI0bj6yRgQTew6wWzOFmPObtpEepw6GU= contains sample tx 1593
[2026-04-19T03:26:14.448Z INFO  worker::batch_maker] Batch NRRUWNImLKgQI0bj6yRgQTew6wWzOFmPObtpEepw6GU= contains 204800 B
[2026-04-19T03:26:14.502Z INFO  worker::batch_maker] Batch Q8HOEQsrqgdAXBBdZYrQw2EfSgPJVg8wsmPij4t4sw0= contains sample tx 1594
[2026-04-19T03:26:14.502Z INFO  worker::batch_maker] Batch Q8HOEQsrqgdAXBBdZYrQw2EfSgPJVg8wsmPij4t4sw0= contains 204800 B
[2026-04-19T03:26:14.556Z INFO  worker::batch_maker] Batch FPNK0/tpBi1Jwmk/hgf+0XgnleS1HhuejHiFo5EroSk= contains sample tx 1595
[2026-04-19T03:26:14.556Z INFO  worker::batch_maker] Batch FPNK0/tpBi1Jwmk/hgf+0XgnleS1HhuejHiFo5EroSk= contains 251904 B
[2026-04-19T03:26:14.611Z INFO  worker::batch_maker] Batch ntcqsAQ9XKMEo5Vxd8xQKgbRPY0vgWBTBEngOljQM4E= contains sample tx 1596
[2026-04-19T03:26:14.611Z INFO  worker::batch_maker] Batch ntcqsAQ9XKMEo5Vxd8xQKgbRPY0vgWBTBEngOljQM4E= contains sample tx 1597
[2026-04-19T03:26:14.611Z INFO  worker::batch_maker] Batch ntcqsAQ9XKMEo5Vxd8xQKgbRPY0vgWBTBEngOljQM4E= contains 362496 B
[2026-04-19T03:26:14.664Z INFO  worker::batch_maker] Batch cNGWEFd2XE9ioIXv5ctSadHKaDcx45EwxC6ir4SZXxg= contains sample tx 1598
[2026-04-19T03:26:14.664Z INFO  worker::batch_maker] Batch cNGWEFd2XE9ioIXv5ctSadHKaDcx45EwxC6ir4SZXxg= contains 204800 B
[2026-04-19T03:26:14.718Z INFO  worker::batch_maker] Batch gaseKL3mFGcM7w+LADDmip/AFsiw6Z9aLSxov+tx+MU= contains sample tx 1599
[2026-04-19T03:26:14.718Z INFO  worker::batch_maker] Batch gaseKL3mFGcM7w+LADDmip/AFsiw6Z9aLSxov+tx+MU= contains 204800 B
[2026-04-19T03:26:14.771Z INFO  worker::batch_maker] Batch XXAfp0priHkxOGBkdWTecTaQr81LMI/aji4zSnuedO8= contains sample tx 1600
[2026-04-19T03:26:14.771Z INFO  worker::batch_maker] Batch XXAfp0priHkxOGBkdWTecTaQr81LMI/aji4zSnuedO8= contains 204800 B
[2026-04-19T03:26:14.825Z INFO  worker::batch_maker] Batch 0pfVLF+/qUZJtazO1psFXLkXv5WB2I1uveMEdBpGln4= contains sample tx 1601
[2026-04-19T03:26:14.825Z INFO  worker::batch_maker] Batch 0pfVLF+/qUZJtazO1psFXLkXv5WB2I1uveMEdBpGln4= contains 204800 B
[2026-04-19T03:26:14.878Z INFO  worker::batch_maker] Batch hIdwOLeatdmLUgKmfVtBcxmSlIqZw4patN6Q9PH/+CU= contains sample tx 1602
[2026-04-19T03:26:14.878Z INFO  worker::batch_maker] Batch hIdwOLeatdmLUgKmfVtBcxmSlIqZw4patN6Q9PH/+CU= contains 204800 B
[2026-04-19T03:26:14.929Z INFO  worker::batch_maker] Batch yzY2lr/YhjkbgnHzHduMwCvkxFHOdmnq8UIwKfWy7u8= contains sample tx 1603
[2026-04-19T03:26:14.929Z INFO  worker::batch_maker] Batch yzY2lr/YhjkbgnHzHduMwCvkxFHOdmnq8UIwKfWy7u8= contains 204800 B
[2026-04-19T03:26:14.982Z INFO  worker::batch_maker] Batch SnHLGeqzs+Q2qrTRs6flJ1clMRBwf3YZIU+vOj1l5nY= contains sample tx 1604
[2026-04-19T03:26:14.982Z INFO  worker::batch_maker] Batch SnHLGeqzs+Q2qrTRs6flJ1clMRBwf3YZIU+vOj1l5nY= contains 204800 B
[2026-04-19T03:26:15.035Z INFO  worker::batch_maker] Batch kAg6CqQ9uWqGaQiLF6ReK6oCeADQpHNXHnNo3HFIdVc= contains sample tx 1605
[2026-04-19T03:26:15.035Z INFO  worker::batch_maker] Batch kAg6CqQ9uWqGaQiLF6ReK6oCeADQpHNXHnNo3HFIdVc= contains 204800 B
[2026-04-19T03:26:15.087Z INFO  worker::batch_maker] Batch dO3kC612BTewPMb3snmp+Ne11BTS4llauCx95mqRAws= contains sample tx 1606
[2026-04-19T03:26:15.087Z INFO  worker::batch_maker] Batch dO3kC612BTewPMb3snmp+Ne11BTS4llauCx95mqRAws= contains 204800 B
[2026-04-19T03:26:15.139Z INFO  worker::batch_maker] Batch rsh5kVgSmrON09zOLwxcII56sgti9NoL/FGyGy3WRaI= contains sample tx 1607
[2026-04-19T03:26:15.139Z INFO  worker::batch_maker] Batch rsh5kVgSmrON09zOLwxcII56sgti9NoL/FGyGy3WRaI= contains 204800 B
[2026-04-19T03:26:15.190Z INFO  worker::batch_maker] Batch WsVQqMCnqx/vi3pb8mf1RtEcYXM+vKZxmclY8x1DUaU= contains sample tx 1608
[2026-04-19T03:26:15.190Z INFO  worker::batch_maker] Batch WsVQqMCnqx/vi3pb8mf1RtEcYXM+vKZxmclY8x1DUaU= contains 204800 B
[2026-04-19T03:26:15.244Z INFO  worker::batch_maker] Batch dpyGGf4UO99rmcR0ekxnLsO4MAdZsaryFzeFspUccJo= contains sample tx 1609
[2026-04-19T03:26:15.244Z INFO  worker::batch_maker] Batch dpyGGf4UO99rmcR0ekxnLsO4MAdZsaryFzeFspUccJo= contains 204800 B
[2026-04-19T03:26:15.296Z INFO  worker::batch_maker] Batch gdDC86TdofGJ0ahaqHkph4t5GQGK4fIj2yvqIMMwW5w= contains sample tx 1610
[2026-04-19T03:26:15.296Z INFO  worker::batch_maker] Batch gdDC86TdofGJ0ahaqHkph4t5GQGK4fIj2yvqIMMwW5w= contains 204800 B
[2026-04-19T03:26:15.348Z INFO  worker::batch_maker] Batch VJDwYMt2H7TlgN4AigDyOnd+wTBitky4rm/hbnxLZJM= contains sample tx 1611
[2026-04-19T03:26:15.349Z INFO  worker::batch_maker] Batch VJDwYMt2H7TlgN4AigDyOnd+wTBitky4rm/hbnxLZJM= contains 204800 B
[2026-04-19T03:26:15.400Z INFO  worker::batch_maker] Batch OaCAh28VCcfdwzLJslDVdumoNMgO8LV60DlTpQiwoFw= contains sample tx 1612
[2026-04-19T03:26:15.400Z INFO  worker::batch_maker] Batch OaCAh28VCcfdwzLJslDVdumoNMgO8LV60DlTpQiwoFw= contains 204800 B
[2026-04-19T03:26:15.452Z INFO  worker::batch_maker] Batch Tm/DObO+rJbwsYWEk7aS4U6cMR4wYRu3Lw2n2m+fmSQ= contains sample tx 1613
[2026-04-19T03:26:15.452Z INFO  worker::batch_maker] Batch Tm/DObO+rJbwsYWEk7aS4U6cMR4wYRu3Lw2n2m+fmSQ= contains 204800 B
[2026-04-19T03:26:15.506Z INFO  worker::batch_maker] Batch NkEWTbtHsw6YfMosrc6yahiE7SVC66qle19nOyuwssY= contains sample tx 1614
[2026-04-19T03:26:15.506Z INFO  worker::batch_maker] Batch NkEWTbtHsw6YfMosrc6yahiE7SVC66qle19nOyuwssY= contains sample tx 1615
[2026-04-19T03:26:15.506Z INFO  worker::batch_maker] Batch NkEWTbtHsw6YfMosrc6yahiE7SVC66qle19nOyuwssY= contains 344576 B
[2026-04-19T03:26:15.560Z INFO  worker::batch_maker] Batch sI+qRNwMCe2BnRzorGF4DNvfZJ3X144QLYTsxvSyWLg= contains sample tx 1616
[2026-04-19T03:26:15.560Z INFO  worker::batch_maker] Batch sI+qRNwMCe2BnRzorGF4DNvfZJ3X144QLYTsxvSyWLg= contains 269824 B
[2026-04-19T03:26:15.613Z INFO  worker::batch_maker] Batch o4CfDkNuJjWVj9hp4uFeRJMiIJOzGfCwfwMktDR5MKQ= contains sample tx 1617
[2026-04-19T03:26:15.613Z INFO  worker::batch_maker] Batch o4CfDkNuJjWVj9hp4uFeRJMiIJOzGfCwfwMktDR5MKQ= contains 204800 B
[2026-04-19T03:26:15.666Z INFO  worker::batch_maker] Batch bRXt9D3XDoyvXBBkUpC2HWNB9srneSjCwSoUqfh+7zQ= contains sample tx 1618
[2026-04-19T03:26:15.666Z INFO  worker::batch_maker] Batch bRXt9D3XDoyvXBBkUpC2HWNB9srneSjCwSoUqfh+7zQ= contains 204800 B
[2026-04-19T03:26:15.718Z INFO  worker::batch_maker] Batch mVtku0D0cKwu43fSxJjuhEw9Q7N/oqdR+SPbh8106+U= contains sample tx 1619
[2026-04-19T03:26:15.718Z INFO  worker::batch_maker] Batch mVtku0D0cKwu43fSxJjuhEw9Q7N/oqdR+SPbh8106+U= contains 204800 B
[2026-04-19T03:26:15.771Z INFO  worker::batch_maker] Batch AF+kkjFVtasoY7HPc7SnXZjKqV4YCKZ0uyCtOQsYAKs= contains sample tx 1620
[2026-04-19T03:26:15.771Z INFO  worker::batch_maker] Batch AF+kkjFVtasoY7HPc7SnXZjKqV4YCKZ0uyCtOQsYAKs= contains 204800 B
[2026-04-19T03:26:15.824Z INFO  worker::batch_maker] Batch X32yo9wPA41xo6lgikhyb18yAjniws3d3fG4xErHBrM= contains sample tx 1621
[2026-04-19T03:26:15.824Z INFO  worker::batch_maker] Batch X32yo9wPA41xo6lgikhyb18yAjniws3d3fG4xErHBrM= contains 204800 B
[2026-04-19T03:26:15.876Z INFO  worker::batch_maker] Batch ucZh7opgYi1rJWmOn3Kl/UrmNlFz5zWTzEK7u2Lisqg= contains sample tx 1622
[2026-04-19T03:26:15.877Z INFO  worker::batch_maker] Batch ucZh7opgYi1rJWmOn3Kl/UrmNlFz5zWTzEK7u2Lisqg= contains 204800 B
[2026-04-19T03:26:15.930Z INFO  worker::batch_maker] Batch GFebOujk16EMWz4jGvtLfmdu85adNJHlP6flFK3qO18= contains sample tx 1623
[2026-04-19T03:26:15.930Z INFO  worker::batch_maker] Batch GFebOujk16EMWz4jGvtLfmdu85adNJHlP6flFK3qO18= contains 204800 B
[2026-04-19T03:26:15.983Z INFO  worker::batch_maker] Batch I33DWy0yNKZlAY8+W1czy1ZHwVg3Azsloz0fcmZE7to= contains sample tx 1624
[2026-04-19T03:26:15.983Z INFO  worker::batch_maker] Batch I33DWy0yNKZlAY8+W1czy1ZHwVg3Azsloz0fcmZE7to= contains 204800 B
[2026-04-19T03:26:16.036Z INFO  worker::batch_maker] Batch DGp66d/WyhNvMiz/w7zd/hx0dhW3AkUFFqdN1QhxcSc= contains sample tx 1625
[2026-04-19T03:26:16.036Z INFO  worker::batch_maker] Batch DGp66d/WyhNvMiz/w7zd/hx0dhW3AkUFFqdN1QhxcSc= contains 204800 B
[2026-04-19T03:26:16.090Z INFO  worker::batch_maker] Batch 74TPrXnREW/EYbGVBUCele1mpNvrplMAXkSSLnjSiJ8= contains sample tx 1626
[2026-04-19T03:26:16.090Z INFO  worker::batch_maker] Batch 74TPrXnREW/EYbGVBUCele1mpNvrplMAXkSSLnjSiJ8= contains 204800 B
[2026-04-19T03:26:16.144Z INFO  worker::batch_maker] Batch GvnyvMo3SE1crLGq3smqwHI0+Sy35K9nS2umVNKEmLA= contains sample tx 1627
[2026-04-19T03:26:16.144Z INFO  worker::batch_maker] Batch GvnyvMo3SE1crLGq3smqwHI0+Sy35K9nS2umVNKEmLA= contains 204800 B
[2026-04-19T03:26:16.198Z INFO  worker::batch_maker] Batch gGlg+l2YdLwicvqLstd8kNa6mLOwn3/ctYGdXGeOWe0= contains sample tx 1628
[2026-04-19T03:26:16.198Z INFO  worker::batch_maker] Batch gGlg+l2YdLwicvqLstd8kNa6mLOwn3/ctYGdXGeOWe0= contains 204800 B
[2026-04-19T03:26:16.250Z INFO  worker::batch_maker] Batch lyoX5QDJPeWAB+nrPazCBBY7IO2616JQqZ0O2KoaAY0= contains sample tx 1629
[2026-04-19T03:26:16.250Z INFO  worker::batch_maker] Batch lyoX5QDJPeWAB+nrPazCBBY7IO2616JQqZ0O2KoaAY0= contains 204800 B
[2026-04-19T03:26:16.304Z INFO  worker::batch_maker] Batch MckC8yf1BzCmfTY1Ee+bmqdPxRbSJJSiJy3iE3CJSBg= contains sample tx 1630
[2026-04-19T03:26:16.304Z INFO  worker::batch_maker] Batch MckC8yf1BzCmfTY1Ee+bmqdPxRbSJJSiJy3iE3CJSBg= contains 204800 B
[2026-04-19T03:26:16.358Z INFO  worker::batch_maker] Batch kUo8hOhv7IPRM0dFR/uo2m2KDDIjyxQMKGh1BcxSJOQ= contains sample tx 1631
[2026-04-19T03:26:16.358Z INFO  worker::batch_maker] Batch kUo8hOhv7IPRM0dFR/uo2m2KDDIjyxQMKGh1BcxSJOQ= contains sample tx 1632
[2026-04-19T03:26:16.358Z INFO  worker::batch_maker] Batch kUo8hOhv7IPRM0dFR/uo2m2KDDIjyxQMKGh1BcxSJOQ= contains 409600 B
[2026-04-19T03:26:16.410Z INFO  worker::batch_maker] Batch lqXkZTPSOXFGc0O/2O1hiPvx7wkjLx+knzvinZHX2Kg= contains sample tx 1633
[2026-04-19T03:26:16.410Z INFO  worker::batch_maker] Batch lqXkZTPSOXFGc0O/2O1hiPvx7wkjLx+knzvinZHX2Kg= contains 204800 B
[2026-04-19T03:26:16.463Z INFO  worker::batch_maker] Batch tAQQegPaeVWML3cGZUjuzJyl8EI9K5Kxomf+NlJIf7k= contains sample tx 1634
[2026-04-19T03:26:16.463Z INFO  worker::batch_maker] Batch tAQQegPaeVWML3cGZUjuzJyl8EI9K5Kxomf+NlJIf7k= contains 204800 B
[2026-04-19T03:26:16.517Z INFO  worker::batch_maker] Batch SMI5p8JGNRoYmm5iEx76GgXx6ODFmA1WMjpLHgKArI4= contains sample tx 1635
[2026-04-19T03:26:16.517Z INFO  worker::batch_maker] Batch SMI5p8JGNRoYmm5iEx76GgXx6ODFmA1WMjpLHgKArI4= contains 204800 B
[2026-04-19T03:26:16.570Z INFO  worker::batch_maker] Batch MpGLcWuGH1JTlltU1w1YhsVGHlVB7DDBn5CHDhQi5J8= contains sample tx 1636
[2026-04-19T03:26:16.570Z INFO  worker::batch_maker] Batch MpGLcWuGH1JTlltU1w1YhsVGHlVB7DDBn5CHDhQi5J8= contains 204800 B
[2026-04-19T03:26:16.624Z INFO  worker::batch_maker] Batch XhlHhdWf7QkT1ndyiRGpJGppFfThAFLSlbVVbA8RPco= contains sample tx 1637
[2026-04-19T03:26:16.624Z INFO  worker::batch_maker] Batch XhlHhdWf7QkT1ndyiRGpJGppFfThAFLSlbVVbA8RPco= contains 204800 B
[2026-04-19T03:26:16.676Z INFO  worker::batch_maker] Batch O//z9EwUDixmX/iu7YgwMe4gEVl+ZQPhq2Vb4xeI4VI= contains sample tx 1638
[2026-04-19T03:26:16.676Z INFO  worker::batch_maker] Batch O//z9EwUDixmX/iu7YgwMe4gEVl+ZQPhq2Vb4xeI4VI= contains 204800 B
[2026-04-19T03:26:16.729Z INFO  worker::batch_maker] Batch fmVcMoMbTAa315rYqDkPfmWnSV0t4ec2/GhNEGoAWRA= contains sample tx 1639
[2026-04-19T03:26:16.730Z INFO  worker::batch_maker] Batch fmVcMoMbTAa315rYqDkPfmWnSV0t4ec2/GhNEGoAWRA= contains 204800 B
[2026-04-19T03:26:16.782Z INFO  worker::batch_maker] Batch 7L9E5b5HzMBHDckXaGIAMwR2oP31wgNUsaN9EPBzT00= contains sample tx 1640
[2026-04-19T03:26:16.782Z INFO  worker::batch_maker] Batch 7L9E5b5HzMBHDckXaGIAMwR2oP31wgNUsaN9EPBzT00= contains 204800 B
[2026-04-19T03:26:16.835Z INFO  worker::batch_maker] Batch LjLE+3Nq+giVohOBabBf6bHG0PjGzLUSbP37IlMUJb4= contains sample tx 1641
[2026-04-19T03:26:16.835Z INFO  worker::batch_maker] Batch LjLE+3Nq+giVohOBabBf6bHG0PjGzLUSbP37IlMUJb4= contains 204800 B
[2026-04-19T03:26:16.888Z INFO  worker::batch_maker] Batch nFwm9CdZmMvpTZ/BKElp1wgtOBkinpyP3Fq4o5uQNs0= contains sample tx 1642
[2026-04-19T03:26:16.888Z INFO  worker::batch_maker] Batch nFwm9CdZmMvpTZ/BKElp1wgtOBkinpyP3Fq4o5uQNs0= contains 204800 B
[2026-04-19T03:26:16.940Z INFO  worker::batch_maker] Batch KPdtmBiVKpy81ygpybRC+Oqxrd4/qKa+72OoQa3Bp5Y= contains sample tx 1643
[2026-04-19T03:26:16.940Z INFO  worker::batch_maker] Batch KPdtmBiVKpy81ygpybRC+Oqxrd4/qKa+72OoQa3Bp5Y= contains 204800 B
[2026-04-19T03:26:16.994Z INFO  worker::batch_maker] Batch IYAkQ80vxQvZ95aeX7rR0V3fCt+Lg5zqM70WY7/6bbY= contains sample tx 1644
[2026-04-19T03:26:16.994Z INFO  worker::batch_maker] Batch IYAkQ80vxQvZ95aeX7rR0V3fCt+Lg5zqM70WY7/6bbY= contains 204800 B
[2026-04-19T03:26:17.047Z INFO  worker::batch_maker] Batch hfmjNhVPB5bffEhhJwMoDPc3/4/TgNG/VCqPTaaZt9M= contains sample tx 1645
[2026-04-19T03:26:17.047Z INFO  worker::batch_maker] Batch hfmjNhVPB5bffEhhJwMoDPc3/4/TgNG/VCqPTaaZt9M= contains 204800 B
[2026-04-19T03:26:17.100Z INFO  worker::batch_maker] Batch qvL5ddu/MbQwAk1BS+aUng498AuNDAFDFvNooLSY9H8= contains sample tx 1646
[2026-04-19T03:26:17.100Z INFO  worker::batch_maker] Batch qvL5ddu/MbQwAk1BS+aUng498AuNDAFDFvNooLSY9H8= contains 204800 B
[2026-04-19T03:26:17.154Z INFO  worker::batch_maker] Batch SuaKlqm2OrYuhpfh7oiK+sg+9oOdVMGPbONjyyb4oS0= contains sample tx 1647
[2026-04-19T03:26:17.154Z INFO  worker::batch_maker] Batch SuaKlqm2OrYuhpfh7oiK+sg+9oOdVMGPbONjyyb4oS0= contains 204800 B
[2026-04-19T03:26:17.211Z INFO  worker::batch_maker] Batch AJjGL5d6/nS+MDNrWT5yaFfBSeao+u3TD37mjT8Afis= contains sample tx 1648
[2026-04-19T03:26:17.211Z INFO  worker::batch_maker] Batch AJjGL5d6/nS+MDNrWT5yaFfBSeao+u3TD37mjT8Afis= contains sample tx 1649
[2026-04-19T03:26:17.211Z INFO  worker::batch_maker] Batch AJjGL5d6/nS+MDNrWT5yaFfBSeao+u3TD37mjT8Afis= contains 409600 B
[2026-04-19T03:26:17.264Z INFO  worker::batch_maker] Batch Ve9qUaw5Fbhyi5DmIXZT5yK9d3Lb2ydxV58Zzpiq1aQ= contains sample tx 1650
[2026-04-19T03:26:17.264Z INFO  worker::batch_maker] Batch Ve9qUaw5Fbhyi5DmIXZT5yK9d3Lb2ydxV58Zzpiq1aQ= contains 204800 B
[2026-04-19T03:26:17.316Z INFO  worker::batch_maker] Batch MUYhh4U33wvBueSX7cBq1SIgVDGJOT9uhdRTakLaA/g= contains sample tx 1651
[2026-04-19T03:26:17.316Z INFO  worker::batch_maker] Batch MUYhh4U33wvBueSX7cBq1SIgVDGJOT9uhdRTakLaA/g= contains 204800 B
[2026-04-19T03:26:17.368Z INFO  worker::batch_maker] Batch nlCVMRa/5hLhUNEV4n4oxhpnh8lNiSQ4znvU7DDXoss= contains sample tx 1652
[2026-04-19T03:26:17.400Z INFO  worker::batch_maker] Batch nlCVMRa/5hLhUNEV4n4oxhpnh8lNiSQ4znvU7DDXoss= contains 204800 B
[2026-04-19T03:26:17.452Z INFO  worker::batch_maker] Batch x9eAJEYNX5Sl2lsuPuMcjG6jeziTPR1jO9YD0AA/nws= contains sample tx 1653
[2026-04-19T03:26:17.452Z INFO  worker::batch_maker] Batch x9eAJEYNX5Sl2lsuPuMcjG6jeziTPR1jO9YD0AA/nws= contains 204800 B
[2026-04-19T03:26:17.505Z INFO  worker::batch_maker] Batch wrGGshK1dAFxzU5pbc8TZ4dbjSla9TP0bDaiuM6tjaE= contains sample tx 1654
[2026-04-19T03:26:17.505Z INFO  worker::batch_maker] Batch wrGGshK1dAFxzU5pbc8TZ4dbjSla9TP0bDaiuM6tjaE= contains sample tx 1655
[2026-04-19T03:26:17.505Z INFO  worker::batch_maker] Batch wrGGshK1dAFxzU5pbc8TZ4dbjSla9TP0bDaiuM6tjaE= contains 349696 B
[2026-04-19T03:26:17.556Z INFO  worker::batch_maker] Batch cYOfUIO8HLSdYRJ8pJlqCtIHgjfmi8h86mZP9KkycEg= contains sample tx 1656
[2026-04-19T03:26:17.557Z INFO  worker::batch_maker] Batch cYOfUIO8HLSdYRJ8pJlqCtIHgjfmi8h86mZP9KkycEg= contains 264704 B
[2026-04-19T03:26:17.610Z INFO  worker::batch_maker] Batch Tt5xoq9sx3J1/DkgVyksSlZFWZfEPztG+1nlxY2Qb+E= contains sample tx 1657
[2026-04-19T03:26:17.610Z INFO  worker::batch_maker] Batch Tt5xoq9sx3J1/DkgVyksSlZFWZfEPztG+1nlxY2Qb+E= contains 204800 B
[2026-04-19T03:26:17.662Z INFO  worker::batch_maker] Batch 62+d5NMYB8NBmj1GIRAAyTYdhee+Jg+bt6RYGN3LnxU= contains sample tx 1658
[2026-04-19T03:26:17.663Z INFO  worker::batch_maker] Batch 62+d5NMYB8NBmj1GIRAAyTYdhee+Jg+bt6RYGN3LnxU= contains 204800 B
[2026-04-19T03:26:17.715Z INFO  worker::batch_maker] Batch 3oT9cQD0m2odALo0m0Pd6j5XeJtice+K8WNswTc2xEM= contains sample tx 1659
[2026-04-19T03:26:17.715Z INFO  worker::batch_maker] Batch 3oT9cQD0m2odALo0m0Pd6j5XeJtice+K8WNswTc2xEM= contains 204800 B
[2026-04-19T03:26:17.766Z INFO  worker::batch_maker] Batch cFZDLdmwhBzV+UdpyDMyVy8IHllyjOh4byMDYPxQ0Bk= contains sample tx 1660
[2026-04-19T03:26:17.767Z INFO  worker::batch_maker] Batch cFZDLdmwhBzV+UdpyDMyVy8IHllyjOh4byMDYPxQ0Bk= contains 204800 B
[2026-04-19T03:26:17.820Z INFO  worker::batch_maker] Batch kOtZjF2yjgzpTPy2O2JNHBptZxzYFKf/lFlEqa/G5A0= contains sample tx 1661
[2026-04-19T03:26:17.820Z INFO  worker::batch_maker] Batch kOtZjF2yjgzpTPy2O2JNHBptZxzYFKf/lFlEqa/G5A0= contains 204800 B
[2026-04-19T03:26:17.873Z INFO  worker::batch_maker] Batch SNHekTKGp4iklaNwHruf5QUL1YcZ3h/0pCMuf7+N6o4= contains sample tx 1662
[2026-04-19T03:26:17.873Z INFO  worker::batch_maker] Batch SNHekTKGp4iklaNwHruf5QUL1YcZ3h/0pCMuf7+N6o4= contains 204800 B
[2026-04-19T03:26:17.925Z INFO  worker::batch_maker] Batch 2vNJPRRlhe4hjQR8BynJSOWUeEnO7xjcA9q0DwSs3e4= contains sample tx 1663
[2026-04-19T03:26:17.925Z INFO  worker::batch_maker] Batch 2vNJPRRlhe4hjQR8BynJSOWUeEnO7xjcA9q0DwSs3e4= contains 204800 B
[2026-04-19T03:26:17.977Z INFO  worker::batch_maker] Batch wf/yNG6HQ6UCg6hmZTeRNomRTuS/D2LRWxVR3GvHgaU= contains sample tx 1664
[2026-04-19T03:26:17.978Z INFO  worker::batch_maker] Batch wf/yNG6HQ6UCg6hmZTeRNomRTuS/D2LRWxVR3GvHgaU= contains 204800 B
[2026-04-19T03:26:18.030Z INFO  worker::batch_maker] Batch io9zxPRbpdWhYWNNK5JTauXb4maRmaLcz/GHOJnFglU= contains sample tx 1665
[2026-04-19T03:26:18.030Z INFO  worker::batch_maker] Batch io9zxPRbpdWhYWNNK5JTauXb4maRmaLcz/GHOJnFglU= contains 204800 B
[2026-04-19T03:26:18.083Z INFO  worker::batch_maker] Batch GOg8zIoD5q8vB4qDCxwZMKQXNTNS0DQoYlz+uNnt+9M= contains sample tx 1666
[2026-04-19T03:26:18.083Z INFO  worker::batch_maker] Batch GOg8zIoD5q8vB4qDCxwZMKQXNTNS0DQoYlz+uNnt+9M= contains 204800 B
[2026-04-19T03:26:18.137Z INFO  worker::batch_maker] Batch xcyeCXO4MEOmZEhS4ZniUOFWlwYilF4ts8+guO1VLqg= contains sample tx 1667
[2026-04-19T03:26:18.137Z INFO  worker::batch_maker] Batch xcyeCXO4MEOmZEhS4ZniUOFWlwYilF4ts8+guO1VLqg= contains 204800 B
[2026-04-19T03:26:18.190Z INFO  worker::batch_maker] Batch Qc/df3eVlxVyiqdI0UbKJ8+KoBclzxwfViEfic+n2to= contains sample tx 1668
[2026-04-19T03:26:18.190Z INFO  worker::batch_maker] Batch Qc/df3eVlxVyiqdI0UbKJ8+KoBclzxwfViEfic+n2to= contains 204800 B
[2026-04-19T03:26:18.242Z INFO  worker::batch_maker] Batch g2DkHi1gm1cUWi5/Mv3QhNL5ou0/R6dMpLPg0klyuNM= contains sample tx 1669
[2026-04-19T03:26:18.242Z INFO  worker::batch_maker] Batch g2DkHi1gm1cUWi5/Mv3QhNL5ou0/R6dMpLPg0klyuNM= contains 204800 B
[2026-04-19T03:26:18.295Z INFO  worker::batch_maker] Batch m5oeZlL51SrHoSZMSsAqp6laaPKAEV+vAmYq8K1oyjs= contains sample tx 1670
[2026-04-19T03:26:18.295Z INFO  worker::batch_maker] Batch m5oeZlL51SrHoSZMSsAqp6laaPKAEV+vAmYq8K1oyjs= contains 204800 B
[2026-04-19T03:26:18.349Z INFO  worker::batch_maker] Batch bSbEuQ0RAlf1rupAvcNF3Hv/Hdapcg9aQKdn5WKCYBQ= contains sample tx 1671
[2026-04-19T03:26:18.349Z INFO  worker::batch_maker] Batch bSbEuQ0RAlf1rupAvcNF3Hv/Hdapcg9aQKdn5WKCYBQ= contains 204800 B
[2026-04-19T03:26:18.402Z INFO  worker::batch_maker] Batch bgGZhWCC2eX8Rk5vqP6ka13LJ/bwwZ0/nwH6WHNa2GA= contains sample tx 1672
[2026-04-19T03:26:18.402Z INFO  worker::batch_maker] Batch bgGZhWCC2eX8Rk5vqP6ka13LJ/bwwZ0/nwH6WHNa2GA= contains 204800 B
[2026-04-19T03:26:18.454Z INFO  worker::batch_maker] Batch +PUGiW70ylyO9SV8zrYie/8VkN0mLDpYf6fD0FSDPmk= contains sample tx 1673
[2026-04-19T03:26:18.454Z INFO  worker::batch_maker] Batch +PUGiW70ylyO9SV8zrYie/8VkN0mLDpYf6fD0FSDPmk= contains sample tx 1674
[2026-04-19T03:26:18.454Z INFO  worker::batch_maker] Batch +PUGiW70ylyO9SV8zrYie/8VkN0mLDpYf6fD0FSDPmk= contains 255488 B
[2026-04-19T03:26:18.509Z INFO  worker::batch_maker] Batch Czgdk895hP8RMg085yKlAdTOpvLJAdNlLKgm3qsLoz0= contains sample tx 1675
[2026-04-19T03:26:18.509Z INFO  worker::batch_maker] Batch Czgdk895hP8RMg085yKlAdTOpvLJAdNlLKgm3qsLoz0= contains 358912 B
[2026-04-19T03:26:18.562Z INFO  worker::batch_maker] Batch BfjzMT+0A/8iqUsC6vxAeQA5y+5Od2SWOQIN86HxuCg= contains sample tx 1676
[2026-04-19T03:26:18.562Z INFO  worker::batch_maker] Batch BfjzMT+0A/8iqUsC6vxAeQA5y+5Od2SWOQIN86HxuCg= contains 204800 B
[2026-04-19T03:26:18.616Z INFO  worker::batch_maker] Batch 3Ha31EyIwbl7yxYrOKtuzGmeqrGDzHAKJCYOO8cy37o= contains sample tx 1677
[2026-04-19T03:26:18.616Z INFO  worker::batch_maker] Batch 3Ha31EyIwbl7yxYrOKtuzGmeqrGDzHAKJCYOO8cy37o= contains 204800 B
[2026-04-19T03:26:18.669Z INFO  worker::batch_maker] Batch q7fnv8p5LW3phzZ3KOXE3h0zByUSPHVFmDaRBFA070s= contains sample tx 1678
[2026-04-19T03:26:18.669Z INFO  worker::batch_maker] Batch q7fnv8p5LW3phzZ3KOXE3h0zByUSPHVFmDaRBFA070s= contains 204800 B
[2026-04-19T03:26:18.722Z INFO  worker::batch_maker] Batch t8pD6EpRe3YGR1GxrSCLoLELIGCrfM8K7BX22gAWH6Q= contains sample tx 1679
[2026-04-19T03:26:18.722Z INFO  worker::batch_maker] Batch t8pD6EpRe3YGR1GxrSCLoLELIGCrfM8K7BX22gAWH6Q= contains 204800 B
[2026-04-19T03:26:18.774Z INFO  worker::batch_maker] Batch D8RBmT44uG3hQo0idw0oMvk/ywNnAoeGBT5sPB5walI= contains sample tx 1680
[2026-04-19T03:26:18.774Z INFO  worker::batch_maker] Batch D8RBmT44uG3hQo0idw0oMvk/ywNnAoeGBT5sPB5walI= contains 204800 B
[2026-04-19T03:26:18.827Z INFO  worker::batch_maker] Batch 2C+3NDTJeiv6WlNcI6QAXBNV6awtTdXWvOzvuKLFHvQ= contains sample tx 1681
[2026-04-19T03:26:18.827Z INFO  worker::batch_maker] Batch 2C+3NDTJeiv6WlNcI6QAXBNV6awtTdXWvOzvuKLFHvQ= contains 204800 B
[2026-04-19T03:26:18.879Z INFO  worker::batch_maker] Batch QLTNZUbBB/eXHSiC3glZ6INBIjaHrU6e7LyfpgpbE8g= contains sample tx 1682
[2026-04-19T03:26:18.879Z INFO  worker::batch_maker] Batch QLTNZUbBB/eXHSiC3glZ6INBIjaHrU6e7LyfpgpbE8g= contains 204800 B
[2026-04-19T03:26:18.932Z INFO  worker::batch_maker] Batch nFgxC3lgBvHatcx38Yp+KiJ/6EB7hqTprxbIkqPt2ZY= contains sample tx 1683
[2026-04-19T03:26:18.932Z INFO  worker::batch_maker] Batch nFgxC3lgBvHatcx38Yp+KiJ/6EB7hqTprxbIkqPt2ZY= contains 204800 B
[2026-04-19T03:26:18.983Z INFO  worker::batch_maker] Batch vSl+4NSZJzKfnnS94jF1DJPBZcyCubianeGJiA/laT0= contains sample tx 1684
[2026-04-19T03:26:18.983Z INFO  worker::batch_maker] Batch vSl+4NSZJzKfnnS94jF1DJPBZcyCubianeGJiA/laT0= contains 204800 B
[2026-04-19T03:26:19.035Z INFO  worker::batch_maker] Batch X0r0puE3hRJcU661uYuVYwHRbx8h0yR+s3+owoCReqg= contains sample tx 1685
[2026-04-19T03:26:19.035Z INFO  worker::batch_maker] Batch X0r0puE3hRJcU661uYuVYwHRbx8h0yR+s3+owoCReqg= contains 204800 B
[2026-04-19T03:26:19.087Z INFO  worker::batch_maker] Batch FzEcCy1Uxn4uM+oU6COTxDY8I9aD+g3fUeBh2/lZtBI= contains sample tx 1686
[2026-04-19T03:26:19.087Z INFO  worker::batch_maker] Batch FzEcCy1Uxn4uM+oU6COTxDY8I9aD+g3fUeBh2/lZtBI= contains 204800 B
[2026-04-19T03:26:19.139Z INFO  worker::batch_maker] Batch Ehi4lAiy4GjHEmZ2ur4Idg0oMSi/Ypo8iYQ8DfZpzHk= contains sample tx 1687
[2026-04-19T03:26:19.139Z INFO  worker::batch_maker] Batch Ehi4lAiy4GjHEmZ2ur4Idg0oMSi/Ypo8iYQ8DfZpzHk= contains 204800 B
[2026-04-19T03:26:19.191Z INFO  worker::batch_maker] Batch 3KdzYz4X4HMOSVkHyn7LBVjsTvh8hvUpLaeEGNIgefs= contains sample tx 1688
[2026-04-19T03:26:19.191Z INFO  worker::batch_maker] Batch 3KdzYz4X4HMOSVkHyn7LBVjsTvh8hvUpLaeEGNIgefs= contains 204800 B
[2026-04-19T03:26:19.244Z INFO  worker::batch_maker] Batch v4lsk6ikmeo2HyTuV07BhLFgQLr6n7cR933qHLd/nlE= contains sample tx 1689
[2026-04-19T03:26:19.244Z INFO  worker::batch_maker] Batch v4lsk6ikmeo2HyTuV07BhLFgQLr6n7cR933qHLd/nlE= contains 204800 B
[2026-04-19T03:26:19.297Z INFO  worker::batch_maker] Batch y3v0+rpWZaV1pOXOo+pDpx5LzrodS4nKtkIiOFBmLnA= contains sample tx 1690
[2026-04-19T03:26:19.297Z INFO  worker::batch_maker] Batch y3v0+rpWZaV1pOXOo+pDpx5LzrodS4nKtkIiOFBmLnA= contains 204800 B
[2026-04-19T03:26:19.350Z INFO  worker::batch_maker] Batch fM/DPDzOk75vbemnQ4BMRo/+1asB6gc/MSoh34AWMXA= contains sample tx 1691
[2026-04-19T03:26:19.350Z INFO  worker::batch_maker] Batch fM/DPDzOk75vbemnQ4BMRo/+1asB6gc/MSoh34AWMXA= contains 204800 B
[2026-04-19T03:26:19.403Z INFO  worker::batch_maker] Batch mFlNH/NwIXLnmGWw6urIOyYRmoEdjHezrPStfdnnZQ8= contains sample tx 1692
[2026-04-19T03:26:19.403Z INFO  worker::batch_maker] Batch mFlNH/NwIXLnmGWw6urIOyYRmoEdjHezrPStfdnnZQ8= contains 204800 B
[2026-04-19T03:26:19.455Z INFO  worker::batch_maker] Batch B4HlUFmVDZoDbhIl7mPRqrC8crcg8rvDdJzXd5Z0Alw= contains sample tx 1693
[2026-04-19T03:26:19.455Z INFO  worker::batch_maker] Batch B4HlUFmVDZoDbhIl7mPRqrC8crcg8rvDdJzXd5Z0Alw= contains sample tx 1694
[2026-04-19T03:26:19.455Z INFO  worker::batch_maker] Batch B4HlUFmVDZoDbhIl7mPRqrC8crcg8rvDdJzXd5Z0Alw= contains 409600 B
[2026-04-19T03:26:19.508Z INFO  worker::batch_maker] Batch Uln5Jd2uk3RyxwoR2bWwKxj5+DhGf1Z1SvQ8vsOW7v4= contains sample tx 1695
[2026-04-19T03:26:19.508Z INFO  worker::batch_maker] Batch Uln5Jd2uk3RyxwoR2bWwKxj5+DhGf1Z1SvQ8vsOW7v4= contains 204800 B
[2026-04-19T03:26:19.560Z INFO  worker::batch_maker] Batch 0bMaCZoI+GR7ABPNLeNa3497Xeiqzwdgw3lgXa7wPU4= contains sample tx 1696
[2026-04-19T03:26:19.560Z INFO  worker::batch_maker] Batch 0bMaCZoI+GR7ABPNLeNa3497Xeiqzwdgw3lgXa7wPU4= contains 204800 B
[2026-04-19T03:26:19.612Z INFO  worker::batch_maker] Batch G8mN+N267Cl5ziPZUS8aSiwHllpZ3erfHq5r0cq/hkg= contains sample tx 1697
[2026-04-19T03:26:19.612Z INFO  worker::batch_maker] Batch G8mN+N267Cl5ziPZUS8aSiwHllpZ3erfHq5r0cq/hkg= contains 204800 B
[2026-04-19T03:26:19.665Z INFO  worker::batch_maker] Batch vEsl+Lg+OBmaw21PT1Hnu4ydtVFg66g8HRQZjnt9OUk= contains sample tx 1698
[2026-04-19T03:26:19.665Z INFO  worker::batch_maker] Batch vEsl+Lg+OBmaw21PT1Hnu4ydtVFg66g8HRQZjnt9OUk= contains 204800 B
[2026-04-19T03:26:19.717Z INFO  worker::batch_maker] Batch hI4mYhvF0meTjyGT+tfTap7y0iID5ie6Qi/xk1z4iXM= contains sample tx 1699
[2026-04-19T03:26:19.717Z INFO  worker::batch_maker] Batch hI4mYhvF0meTjyGT+tfTap7y0iID5ie6Qi/xk1z4iXM= contains 204800 B
[2026-04-19T03:26:19.769Z INFO  worker::batch_maker] Batch tJqFXkvRi6iMszVq8rpFbsdkK1KLVyxPcjQKDoJSt9c= contains sample tx 1700
[2026-04-19T03:26:19.769Z INFO  worker::batch_maker] Batch tJqFXkvRi6iMszVq8rpFbsdkK1KLVyxPcjQKDoJSt9c= contains 204800 B
[2026-04-19T03:26:19.822Z INFO  worker::batch_maker] Batch /3hTBS1BM2JwPrBvj3LohwJuWa7xMbhfJebVWWuGGw4= contains sample tx 1701
[2026-04-19T03:26:19.822Z INFO  worker::batch_maker] Batch /3hTBS1BM2JwPrBvj3LohwJuWa7xMbhfJebVWWuGGw4= contains 204800 B
[2026-04-19T03:26:19.875Z INFO  worker::batch_maker] Batch wNCL6dZ+IXOK4pFXdzVi3ExmZ7jLg86E+IpucrVw//s= contains sample tx 1702
[2026-04-19T03:26:19.875Z INFO  worker::batch_maker] Batch wNCL6dZ+IXOK4pFXdzVi3ExmZ7jLg86E+IpucrVw//s= contains 204800 B
[2026-04-19T03:26:19.927Z INFO  worker::batch_maker] Batch ilGUm6UuYyxxJbVFHf5Hxj8II71mABzgGJOPqjgOYVs= contains sample tx 1703
[2026-04-19T03:26:19.927Z INFO  worker::batch_maker] Batch ilGUm6UuYyxxJbVFHf5Hxj8II71mABzgGJOPqjgOYVs= contains 204800 B
[2026-04-19T03:26:19.980Z INFO  worker::batch_maker] Batch k7O20aBUDpnehMHhjyQSqw+80ej9bX7NtzyVtiY8Lfo= contains sample tx 1704
[2026-04-19T03:26:19.980Z INFO  worker::batch_maker] Batch k7O20aBUDpnehMHhjyQSqw+80ej9bX7NtzyVtiY8Lfo= contains 204800 B
[2026-04-19T03:26:20.033Z INFO  worker::batch_maker] Batch fKG0XWSRAbqaTxQ1IdGLNb8sUH4t92sj3DWjUNZK89g= contains sample tx 1705
[2026-04-19T03:26:20.033Z INFO  worker::batch_maker] Batch fKG0XWSRAbqaTxQ1IdGLNb8sUH4t92sj3DWjUNZK89g= contains 204800 B
[2026-04-19T03:26:20.087Z INFO  worker::batch_maker] Batch fFoQGX8jYRpcVmb9P1iyUt1JfMNADU53DQSszi5ptow= contains sample tx 1706
[2026-04-19T03:26:20.087Z INFO  worker::batch_maker] Batch fFoQGX8jYRpcVmb9P1iyUt1JfMNADU53DQSszi5ptow= contains 204800 B
[2026-04-19T03:26:20.140Z INFO  worker::batch_maker] Batch GJ3X8THBFhW6bKbEsKTvh8Vliw0C484pwysUdeFBhR4= contains sample tx 1707
[2026-04-19T03:26:20.140Z INFO  worker::batch_maker] Batch GJ3X8THBFhW6bKbEsKTvh8Vliw0C484pwysUdeFBhR4= contains 204800 B
[2026-04-19T03:26:20.193Z INFO  worker::batch_maker] Batch FLAjQkEX772dvDUOUGgklGYyVZNAwVsXaYcnQzy16Lw= contains sample tx 1708
[2026-04-19T03:26:20.193Z INFO  worker::batch_maker] Batch FLAjQkEX772dvDUOUGgklGYyVZNAwVsXaYcnQzy16Lw= contains 204800 B
[2026-04-19T03:26:20.246Z INFO  worker::batch_maker] Batch w6tG0NqlIPZU0pmSTcmM2bHleJm8aKDbZSIuvVNJfJE= contains sample tx 1709
[2026-04-19T03:26:20.246Z INFO  worker::batch_maker] Batch w6tG0NqlIPZU0pmSTcmM2bHleJm8aKDbZSIuvVNJfJE= contains 204800 B
[2026-04-19T03:26:20.299Z INFO  worker::batch_maker] Batch ip8ncoiL9WzIEBlzndu1gdV/d0HBSy06Az5VvclPAFA= contains sample tx 1710
[2026-04-19T03:26:20.299Z INFO  worker::batch_maker] Batch ip8ncoiL9WzIEBlzndu1gdV/d0HBSy06Az5VvclPAFA= contains 204800 B
[2026-04-19T03:26:20.352Z INFO  worker::batch_maker] Batch 5AUgfbauohbpReB/dOw6t0IEAc84UOthiM7Lo16X6pw= contains sample tx 1711
[2026-04-19T03:26:20.352Z INFO  worker::batch_maker] Batch 5AUgfbauohbpReB/dOw6t0IEAc84UOthiM7Lo16X6pw= contains 204800 B
[2026-04-19T03:26:20.406Z INFO  worker::batch_maker] Batch M4CLZcQt9bZb9r+tCidgI1N0uN/ptXBEjlXZu3fru6Y= contains sample tx 1712
[2026-04-19T03:26:20.406Z INFO  worker::batch_maker] Batch M4CLZcQt9bZb9r+tCidgI1N0uN/ptXBEjlXZu3fru6Y= contains 262656 B
[2026-04-19T03:26:20.459Z INFO  worker::batch_maker] Batch 2V+o3ELDrgeJT0fkU7J0h1YoCmJRyOB5XZ2a6I0nkvs= contains sample tx 1713
[2026-04-19T03:26:20.459Z INFO  worker::batch_maker] Batch 2V+o3ELDrgeJT0fkU7J0h1YoCmJRyOB5XZ2a6I0nkvs= contains 205312 B
[2026-04-19T03:26:20.597Z INFO  worker::batch_maker] Batch xFw9HTBIMEOIuZcepLX5PWhIXmhILJ+07UW7zcDgFGA= contains sample tx 1714
[2026-04-19T03:26:20.597Z INFO  worker::batch_maker] Batch xFw9HTBIMEOIuZcepLX5PWhIXmhILJ+07UW7zcDgFGA= contains sample tx 1715
[2026-04-19T03:26:20.597Z INFO  worker::batch_maker] Batch xFw9HTBIMEOIuZcepLX5PWhIXmhILJ+07UW7zcDgFGA= contains sample tx 1716
[2026-04-19T03:26:20.597Z INFO  worker::batch_maker] Batch xFw9HTBIMEOIuZcepLX5PWhIXmhILJ+07UW7zcDgFGA= contains 500224 B
[2026-04-19T03:26:20.652Z INFO  worker::batch_maker] Batch KNLj3jepAs15sV1EXBttszbCEEEkz6BGsPCkv3ypdVc= contains sample tx 1717
[2026-04-19T03:26:20.652Z INFO  worker::batch_maker] Batch KNLj3jepAs15sV1EXBttszbCEEEkz6BGsPCkv3ypdVc= contains 260608 B
[2026-04-19T03:26:20.705Z INFO  worker::batch_maker] Batch r/P3XmMuqGb77tdN8VoGbRqKxoF01IUMg7DCo0R2GgI= contains sample tx 1718
[2026-04-19T03:26:20.705Z INFO  worker::batch_maker] Batch r/P3XmMuqGb77tdN8VoGbRqKxoF01IUMg7DCo0R2GgI= contains 252928 B
[2026-04-19T03:26:20.759Z INFO  worker::batch_maker] Batch eQ8xErhRm4SqUhCP6X7t1aGTwQKOsUIjLxNNRRKmyp4= contains sample tx 1719
[2026-04-19T03:26:20.773Z INFO  worker::batch_maker] Batch eQ8xErhRm4SqUhCP6X7t1aGTwQKOsUIjLxNNRRKmyp4= contains sample tx 1720
[2026-04-19T03:26:20.774Z INFO  worker::batch_maker] Batch eQ8xErhRm4SqUhCP6X7t1aGTwQKOsUIjLxNNRRKmyp4= contains 361472 B
[2026-04-19T03:26:20.827Z INFO  worker::batch_maker] Batch VjlcpQAQYTeMtj5+au/PgDSydKSsDxzjbhBhOV/ZV/8= contains sample tx 1721
[2026-04-19T03:26:20.827Z INFO  worker::batch_maker] Batch VjlcpQAQYTeMtj5+au/PgDSydKSsDxzjbhBhOV/ZV/8= contains 204800 B
[2026-04-19T03:26:20.881Z INFO  worker::batch_maker] Batch IZyoXH6AqfjsZo6Ci/7cJBp9m58cA3fpVPfCu+wJPo8= contains sample tx 1722
[2026-04-19T03:26:20.881Z INFO  worker::batch_maker] Batch IZyoXH6AqfjsZo6Ci/7cJBp9m58cA3fpVPfCu+wJPo8= contains 204800 B
[2026-04-19T03:26:20.936Z INFO  worker::batch_maker] Batch 055mjuPPnQpjbp8zC4RHsUQQH9fsg7zu5UJYrDurkIQ= contains sample tx 1723
[2026-04-19T03:26:20.962Z INFO  worker::batch_maker] Batch 055mjuPPnQpjbp8zC4RHsUQQH9fsg7zu5UJYrDurkIQ= contains 204800 B
[2026-04-19T03:26:21.019Z INFO  worker::batch_maker] Batch w/ovJeKQOY+UpF0RKjF7tgPYxWaxVr6nW+LKIJ4xusQ= contains sample tx 1724
[2026-04-19T03:26:21.019Z INFO  worker::batch_maker] Batch w/ovJeKQOY+UpF0RKjF7tgPYxWaxVr6nW+LKIJ4xusQ= contains sample tx 1725
[2026-04-19T03:26:21.019Z INFO  worker::batch_maker] Batch w/ovJeKQOY+UpF0RKjF7tgPYxWaxVr6nW+LKIJ4xusQ= contains 409600 B
[2026-04-19T03:26:21.072Z INFO  worker::batch_maker] Batch kVoShxvbpo4c7qk7rt00HNGXOqRg6EAWqm28oLIJ1Dw= contains sample tx 1726
[2026-04-19T03:26:21.072Z INFO  worker::batch_maker] Batch kVoShxvbpo4c7qk7rt00HNGXOqRg6EAWqm28oLIJ1Dw= contains 204800 B
[2026-04-19T03:26:21.126Z INFO  worker::batch_maker] Batch +pcJ9dFmrLL4tAW0Q4SJjwE7osBaRr7VNtJyD8D+poM= contains sample tx 1727
[2026-04-19T03:26:21.131Z INFO  worker::batch_maker] Batch +pcJ9dFmrLL4tAW0Q4SJjwE7osBaRr7VNtJyD8D+poM= contains 204800 B
[2026-04-19T03:26:21.185Z INFO  worker::batch_maker] Batch IMPJtLwEumdr/o3NjbLSuFA+Q02IIpNKRS8nG4mbi3o= contains sample tx 1728
[2026-04-19T03:26:21.185Z INFO  worker::batch_maker] Batch IMPJtLwEumdr/o3NjbLSuFA+Q02IIpNKRS8nG4mbi3o= contains 204800 B
[2026-04-19T03:26:21.237Z INFO  worker::batch_maker] Batch dvoLETkIF7YvrOaZUvujcRTubMQSA59z/i+35lNkp4U= contains sample tx 1729
[2026-04-19T03:26:21.237Z INFO  worker::batch_maker] Batch dvoLETkIF7YvrOaZUvujcRTubMQSA59z/i+35lNkp4U= contains 204800 B
[2026-04-19T03:26:21.290Z INFO  worker::batch_maker] Batch JWgLgIqW+T1DqSCZOx05PXW1VN21s3XewrQ6vYP7hWQ= contains sample tx 1730
[2026-04-19T03:26:21.290Z INFO  worker::batch_maker] Batch JWgLgIqW+T1DqSCZOx05PXW1VN21s3XewrQ6vYP7hWQ= contains 204800 B
[2026-04-19T03:26:21.342Z INFO  worker::batch_maker] Batch 0Q9PVo8n6PRl2bJEoHQ6rhnJ3rRZeT24ba6zP9+5Ncs= contains sample tx 1731
[2026-04-19T03:26:21.343Z INFO  worker::batch_maker] Batch 0Q9PVo8n6PRl2bJEoHQ6rhnJ3rRZeT24ba6zP9+5Ncs= contains 204800 B
[2026-04-19T03:26:21.394Z INFO  worker::batch_maker] Batch rbCo9jiSxHHp6l8IFHN6t2gtss+5ym7CxRKxcd2nN1g= contains sample tx 1732
[2026-04-19T03:26:21.394Z INFO  worker::batch_maker] Batch rbCo9jiSxHHp6l8IFHN6t2gtss+5ym7CxRKxcd2nN1g= contains 204800 B
[2026-04-19T03:26:21.446Z INFO  worker::batch_maker] Batch ET8L3MmbKrI0RrUTNa0sRvlMhQBiwLL0Y6GVa4Og7n4= contains sample tx 1733
[2026-04-19T03:26:21.446Z INFO  worker::batch_maker] Batch ET8L3MmbKrI0RrUTNa0sRvlMhQBiwLL0Y6GVa4Og7n4= contains 204800 B
[2026-04-19T03:26:21.499Z INFO  worker::batch_maker] Batch Fuwcwmk343BQ/Qq/vrCTzbY+fRUiYRvx5cuUu/hEWis= contains sample tx 1734
[2026-04-19T03:26:21.499Z INFO  worker::batch_maker] Batch Fuwcwmk343BQ/Qq/vrCTzbY+fRUiYRvx5cuUu/hEWis= contains 204800 B
[2026-04-19T03:26:21.551Z INFO  worker::batch_maker] Batch zurOQ+fJ2cOS+5rVhcI8rUu+GBCrZy9mZ1GNDH75eQY= contains sample tx 1735
[2026-04-19T03:26:21.551Z INFO  worker::batch_maker] Batch zurOQ+fJ2cOS+5rVhcI8rUu+GBCrZy9mZ1GNDH75eQY= contains 204800 B
[2026-04-19T03:26:21.603Z INFO  worker::batch_maker] Batch SZchg7wXDpbaFi5Cuf/+QicaNrSjPmx4coIY0H6hGJ0= contains sample tx 1736
[2026-04-19T03:26:21.603Z INFO  worker::batch_maker] Batch SZchg7wXDpbaFi5Cuf/+QicaNrSjPmx4coIY0H6hGJ0= contains 233472 B
[2026-04-19T03:26:21.657Z INFO  worker::batch_maker] Batch xXsOp8nWxArP2ObPmZv4KokNlj3iHcWgtegmghvazqE= contains sample tx 1737
[2026-04-19T03:26:21.657Z INFO  worker::batch_maker] Batch xXsOp8nWxArP2ObPmZv4KokNlj3iHcWgtegmghvazqE= contains sample tx 1738
[2026-04-19T03:26:21.657Z INFO  worker::batch_maker] Batch xXsOp8nWxArP2ObPmZv4KokNlj3iHcWgtegmghvazqE= contains 380928 B
[2026-04-19T03:26:21.710Z INFO  worker::batch_maker] Batch 5RsWGmtE15mQgIFnp3h20piU64bO1uvtVJcD7W0/W7I= contains sample tx 1739
[2026-04-19T03:26:21.710Z INFO  worker::batch_maker] Batch 5RsWGmtE15mQgIFnp3h20piU64bO1uvtVJcD7W0/W7I= contains 204800 B
[2026-04-19T03:26:21.762Z INFO  worker::batch_maker] Batch CjSDh18yM6miVTwKDNjxsG8wOSM5RQJBPaVGCp6/8dc= contains sample tx 1740
[2026-04-19T03:26:21.762Z INFO  worker::batch_maker] Batch CjSDh18yM6miVTwKDNjxsG8wOSM5RQJBPaVGCp6/8dc= contains 204800 B
[2026-04-19T03:26:21.814Z INFO  worker::batch_maker] Batch ZlD37+mGF8PAT2VWX2dxp7x165qSRrdijUzk2dA4MwU= contains sample tx 1741
[2026-04-19T03:26:21.814Z INFO  worker::batch_maker] Batch ZlD37+mGF8PAT2VWX2dxp7x165qSRrdijUzk2dA4MwU= contains 204800 B
[2026-04-19T03:26:21.866Z INFO  worker::batch_maker] Batch em63AZHU3xytjJrob2mNSN64ZXFRFp2dUlvJAB6vQfs= contains sample tx 1742
[2026-04-19T03:26:21.866Z INFO  worker::batch_maker] Batch em63AZHU3xytjJrob2mNSN64ZXFRFp2dUlvJAB6vQfs= contains 204800 B
[2026-04-19T03:26:21.919Z INFO  worker::batch_maker] Batch rj5eTKBo0ood6BN8RekqjZlqjn3GCQF1/KBxKQaSvdg= contains sample tx 1743
[2026-04-19T03:26:21.919Z INFO  worker::batch_maker] Batch rj5eTKBo0ood6BN8RekqjZlqjn3GCQF1/KBxKQaSvdg= contains 204800 B
[2026-04-19T03:26:21.972Z INFO  worker::batch_maker] Batch 1W7+qVfRKTeKrTKtiXY659bVcpX429GUUEyM2GeTyik= contains sample tx 1744
[2026-04-19T03:26:21.972Z INFO  worker::batch_maker] Batch 1W7+qVfRKTeKrTKtiXY659bVcpX429GUUEyM2GeTyik= contains 204800 B
[2026-04-19T03:26:22.024Z INFO  worker::batch_maker] Batch golzvzpzv6qi91F39s+aC6Eor9ZnLesCRfPfcg5em8I= contains sample tx 1745
[2026-04-19T03:26:22.024Z INFO  worker::batch_maker] Batch golzvzpzv6qi91F39s+aC6Eor9ZnLesCRfPfcg5em8I= contains 204800 B
[2026-04-19T03:26:22.076Z INFO  worker::batch_maker] Batch PBGdcq84/ryulEqGTgzN0U4V1IOvmV7jx2tjivrdUCY= contains sample tx 1746
[2026-04-19T03:26:22.076Z INFO  worker::batch_maker] Batch PBGdcq84/ryulEqGTgzN0U4V1IOvmV7jx2tjivrdUCY= contains 204800 B
[2026-04-19T03:26:22.129Z INFO  worker::batch_maker] Batch C7jt3zkISTJB8/8NQ/cIwYm3/2YZ8QUWU53UXJstfwY= contains sample tx 1747
[2026-04-19T03:26:22.129Z INFO  worker::batch_maker] Batch C7jt3zkISTJB8/8NQ/cIwYm3/2YZ8QUWU53UXJstfwY= contains 204800 B
[2026-04-19T03:26:22.184Z INFO  worker::batch_maker] Batch Oz5YJ7oaSTirwJ40QPtnrLPnG31Ex6PcAxHXDI9evQE= contains sample tx 1748
[2026-04-19T03:26:22.184Z INFO  worker::batch_maker] Batch Oz5YJ7oaSTirwJ40QPtnrLPnG31Ex6PcAxHXDI9evQE= contains 204800 B
[2026-04-19T03:26:22.236Z INFO  worker::batch_maker] Batch 9H2jLdatoYHPuy4HKT3oaA5ygshAqiS8X6A9g1ZbYN4= contains sample tx 1749
[2026-04-19T03:26:22.237Z INFO  worker::batch_maker] Batch 9H2jLdatoYHPuy4HKT3oaA5ygshAqiS8X6A9g1ZbYN4= contains 204800 B
[2026-04-19T03:26:22.289Z INFO  worker::batch_maker] Batch HvRDy8EkcOaGn7krGEZqR+bxToCbzHYKTXzojuggmr0= contains sample tx 1750
[2026-04-19T03:26:22.289Z INFO  worker::batch_maker] Batch HvRDy8EkcOaGn7krGEZqR+bxToCbzHYKTXzojuggmr0= contains 204800 B
[2026-04-19T03:26:22.340Z INFO  worker::batch_maker] Batch aPOlaehJ/gdaCAWoKEX8KBfNe8gKl0PCuNEohMOiybU= contains sample tx 1751
[2026-04-19T03:26:22.340Z INFO  worker::batch_maker] Batch aPOlaehJ/gdaCAWoKEX8KBfNe8gKl0PCuNEohMOiybU= contains 204800 B
[2026-04-19T03:26:22.392Z INFO  worker::batch_maker] Batch txjFOmXYMq0qrnWB2RbItdDAqCHlPjqQImFEA9BgQ7M= contains sample tx 1752
[2026-04-19T03:26:22.392Z INFO  worker::batch_maker] Batch txjFOmXYMq0qrnWB2RbItdDAqCHlPjqQImFEA9BgQ7M= contains 204800 B
[2026-04-19T03:26:22.445Z INFO  worker::batch_maker] Batch VufySLaKMplLQv9W6e8SMeISf/fs93g6OfY1/Wfu8kE= contains sample tx 1753
[2026-04-19T03:26:22.445Z INFO  worker::batch_maker] Batch VufySLaKMplLQv9W6e8SMeISf/fs93g6OfY1/Wfu8kE= contains 204800 B
[2026-04-19T03:26:22.496Z INFO  worker::batch_maker] Batch iz/XHbIPOSbK3RyNze7LQM3QvYOXlnnFG4ozmA2ByYQ= contains sample tx 1754
[2026-04-19T03:26:22.496Z INFO  worker::batch_maker] Batch iz/XHbIPOSbK3RyNze7LQM3QvYOXlnnFG4ozmA2ByYQ= contains 204800 B
[2026-04-19T03:26:22.548Z INFO  worker::batch_maker] Batch q0u+7wi+7bvnlQNBd9fb08oLvqAk8M4lYVcv4DVeN1M= contains sample tx 1755
[2026-04-19T03:26:22.548Z INFO  worker::batch_maker] Batch q0u+7wi+7bvnlQNBd9fb08oLvqAk8M4lYVcv4DVeN1M= contains 204800 B
[2026-04-19T03:26:22.602Z INFO  worker::batch_maker] Batch NmQEFttOI3w6CEbzWz+dwHaxlvax5bxY6TLhmSiXjv0= contains sample tx 1756
[2026-04-19T03:26:22.602Z INFO  worker::batch_maker] Batch NmQEFttOI3w6CEbzWz+dwHaxlvax5bxY6TLhmSiXjv0= contains 204800 B
[2026-04-19T03:26:22.653Z INFO  worker::batch_maker] Batch TZi2O6JoGmEsFoRExNmtX5Zb685wuvZDB3aoG0sep4s= contains sample tx 1757
[2026-04-19T03:26:22.653Z INFO  worker::batch_maker] Batch TZi2O6JoGmEsFoRExNmtX5Zb685wuvZDB3aoG0sep4s= contains 216064 B
[2026-04-19T03:26:22.709Z INFO  worker::batch_maker] Batch DgtmMahm86ZM5Ffs7N+xpo9shFE7BLeEcqZSu0ys0QY= contains sample tx 1758
[2026-04-19T03:26:22.709Z INFO  worker::batch_maker] Batch DgtmMahm86ZM5Ffs7N+xpo9shFE7BLeEcqZSu0ys0QY= contains sample tx 1759
[2026-04-19T03:26:22.709Z INFO  worker::batch_maker] Batch DgtmMahm86ZM5Ffs7N+xpo9shFE7BLeEcqZSu0ys0QY= contains 387072 B
[2026-04-19T03:26:22.762Z INFO  worker::batch_maker] Batch 9VcoqIMj2S5K7CAlM1xqwZs+Jkn18nl7Km/mG55YTzI= contains sample tx 1760
[2026-04-19T03:26:22.762Z INFO  worker::batch_maker] Batch 9VcoqIMj2S5K7CAlM1xqwZs+Jkn18nl7Km/mG55YTzI= contains 216064 B
[2026-04-19T03:26:22.816Z INFO  worker::batch_maker] Batch BA1C7wQgWhOxepyhTkdKHtsTVeiT5eDZY5fsafGOZgA= contains sample tx 1761
[2026-04-19T03:26:22.817Z INFO  worker::batch_maker] Batch BA1C7wQgWhOxepyhTkdKHtsTVeiT5eDZY5fsafGOZgA= contains 204800 B
[2026-04-19T03:26:22.870Z INFO  worker::batch_maker] Batch B1RYZBgC5v7z6GvqzAbp4CwwaOgU7CqyGl18PHbr0WQ= contains sample tx 1762
[2026-04-19T03:26:22.870Z INFO  worker::batch_maker] Batch B1RYZBgC5v7z6GvqzAbp4CwwaOgU7CqyGl18PHbr0WQ= contains 204800 B
[2026-04-19T03:26:22.922Z INFO  worker::batch_maker] Batch NzmrQeuUFNjhpj6cGnH7R4fR4KFkZAtUrno3WOJBs8M= contains sample tx 1763
[2026-04-19T03:26:22.922Z INFO  worker::batch_maker] Batch NzmrQeuUFNjhpj6cGnH7R4fR4KFkZAtUrno3WOJBs8M= contains 204800 B
[2026-04-19T03:26:22.974Z INFO  worker::batch_maker] Batch +q/U7CnSq3lqvB/Mb+a0Z0lzZSCH39RkJBHuKlLAU0A= contains sample tx 1764
[2026-04-19T03:26:22.975Z INFO  worker::batch_maker] Batch +q/U7CnSq3lqvB/Mb+a0Z0lzZSCH39RkJBHuKlLAU0A= contains 204800 B
[2026-04-19T03:26:23.027Z INFO  worker::batch_maker] Batch yWxEYsyOu4sFvDoba2xllJO+uDLSs8ZE74WXBMh8ZGw= contains sample tx 1765
[2026-04-19T03:26:23.027Z INFO  worker::batch_maker] Batch yWxEYsyOu4sFvDoba2xllJO+uDLSs8ZE74WXBMh8ZGw= contains 204800 B
[2026-04-19T03:26:23.081Z INFO  worker::batch_maker] Batch mkRPWqQzwtceu2hWJ7q/NWPz0vE2gQy4vzbQowDUQuM= contains sample tx 1766
[2026-04-19T03:26:23.081Z INFO  worker::batch_maker] Batch mkRPWqQzwtceu2hWJ7q/NWPz0vE2gQy4vzbQowDUQuM= contains 204800 B
[2026-04-19T03:26:23.137Z INFO  worker::batch_maker] Batch 9Y/+IF/S5abBB8ciMnUpg5pPocBNu3Pk4apVbseqykM= contains sample tx 1767
[2026-04-19T03:26:23.137Z INFO  worker::batch_maker] Batch 9Y/+IF/S5abBB8ciMnUpg5pPocBNu3Pk4apVbseqykM= contains 204800 B
[2026-04-19T03:26:23.192Z INFO  worker::batch_maker] Batch TeQpyXxdxZMxwlxWN2YCXvWkhT3pGx0cEyrxQgrbA44= contains sample tx 1768
[2026-04-19T03:26:23.192Z INFO  worker::batch_maker] Batch TeQpyXxdxZMxwlxWN2YCXvWkhT3pGx0cEyrxQgrbA44= contains 204800 B
[2026-04-19T03:26:23.245Z INFO  worker::batch_maker] Batch tA5pDDvC6GDiw+UpQkUAXwy5AjHwtGWTzhajFpaKHIw= contains sample tx 1769
[2026-04-19T03:26:23.245Z INFO  worker::batch_maker] Batch tA5pDDvC6GDiw+UpQkUAXwy5AjHwtGWTzhajFpaKHIw= contains 204800 B
[2026-04-19T03:26:23.298Z INFO  worker::batch_maker] Batch GbpqOcLgAecjQgk50yQ/uRc5mlobvbjzZaNLtY8ov6Q= contains sample tx 1770
[2026-04-19T03:26:23.298Z INFO  worker::batch_maker] Batch GbpqOcLgAecjQgk50yQ/uRc5mlobvbjzZaNLtY8ov6Q= contains 204800 B
[2026-04-19T03:26:23.351Z INFO  worker::batch_maker] Batch kBauLU24u7s2cTpwRZo4l6laVmY2yiaxhxpHiQKVQeI= contains sample tx 1771
[2026-04-19T03:26:23.351Z INFO  worker::batch_maker] Batch kBauLU24u7s2cTpwRZo4l6laVmY2yiaxhxpHiQKVQeI= contains 204800 B
[2026-04-19T03:26:23.404Z INFO  worker::batch_maker] Batch gBB9D4E1QhadZS1mdlP7l7weG05RgdTrZvoYCWCwzQY= contains sample tx 1772
[2026-04-19T03:26:23.404Z INFO  worker::batch_maker] Batch gBB9D4E1QhadZS1mdlP7l7weG05RgdTrZvoYCWCwzQY= contains 204800 B
[2026-04-19T03:26:23.458Z INFO  worker::batch_maker] Batch ASqXHlHjG3iedAxWgEFKr9Zad8HhD/uj26/0Ys8qdwk= contains sample tx 1773
[2026-04-19T03:26:23.458Z INFO  worker::batch_maker] Batch ASqXHlHjG3iedAxWgEFKr9Zad8HhD/uj26/0Ys8qdwk= contains 215552 B
[2026-04-19T03:26:23.514Z INFO  worker::batch_maker] Batch UAuuZJPtETL4BhumB6MM4Z8OIwBY2Qyn5RXvSVkr+Ng= contains sample tx 1774
[2026-04-19T03:26:23.514Z INFO  worker::batch_maker] Batch UAuuZJPtETL4BhumB6MM4Z8OIwBY2Qyn5RXvSVkr+Ng= contains sample tx 1775
[2026-04-19T03:26:23.514Z INFO  worker::batch_maker] Batch UAuuZJPtETL4BhumB6MM4Z8OIwBY2Qyn5RXvSVkr+Ng= contains 398848 B
[2026-04-19T03:26:23.568Z INFO  worker::batch_maker] Batch MIi/2K5L4hwpLp5IWZMKZ9rTs6GE6VIrUeIt2We9SIM= contains sample tx 1776
[2026-04-19T03:26:23.568Z INFO  worker::batch_maker] Batch MIi/2K5L4hwpLp5IWZMKZ9rTs6GE6VIrUeIt2We9SIM= contains 204800 B
[2026-04-19T03:26:23.621Z INFO  worker::batch_maker] Batch XecYitr7I9fAKxKNlZHGybLT3LWUzxaw/xrkn+cMdoU= contains sample tx 1777
[2026-04-19T03:26:23.621Z INFO  worker::batch_maker] Batch XecYitr7I9fAKxKNlZHGybLT3LWUzxaw/xrkn+cMdoU= contains 204800 B
[2026-04-19T03:26:23.675Z INFO  worker::batch_maker] Batch BK9VLTiB/91sKq8/HySpOJdH3K93Z5CdEx8AwquAwdk= contains sample tx 1778
[2026-04-19T03:26:23.675Z INFO  worker::batch_maker] Batch BK9VLTiB/91sKq8/HySpOJdH3K93Z5CdEx8AwquAwdk= contains 204800 B
[2026-04-19T03:26:23.729Z INFO  worker::batch_maker] Batch O0L2/7ga1MEM2MuCwD+bb5XmxErOaFJwehtf1F65ApI= contains sample tx 1779
[2026-04-19T03:26:23.729Z INFO  worker::batch_maker] Batch O0L2/7ga1MEM2MuCwD+bb5XmxErOaFJwehtf1F65ApI= contains 204800 B
[2026-04-19T03:26:23.780Z INFO  worker::batch_maker] Batch aOchvN3hX0Obc9dYVN4SE5UZ/3q2BIBERTFAXe2Wac4= contains sample tx 1780
[2026-04-19T03:26:23.780Z INFO  worker::batch_maker] Batch aOchvN3hX0Obc9dYVN4SE5UZ/3q2BIBERTFAXe2Wac4= contains 204800 B
[2026-04-19T03:26:23.832Z INFO  worker::batch_maker] Batch JBvjoQAUNdri7Dq75nVsBDbs8TZfsu/Tu83Pb+2RNGE= contains sample tx 1781
[2026-04-19T03:26:23.832Z INFO  worker::batch_maker] Batch JBvjoQAUNdri7Dq75nVsBDbs8TZfsu/Tu83Pb+2RNGE= contains 204800 B
[2026-04-19T03:26:23.884Z INFO  worker::batch_maker] Batch WORh+xKkA0w7nvMaD2PReo7Sa9atSjCLMtZ5xXBCFX8= contains sample tx 1782
[2026-04-19T03:26:23.885Z INFO  worker::batch_maker] Batch WORh+xKkA0w7nvMaD2PReo7Sa9atSjCLMtZ5xXBCFX8= contains 204800 B
[2026-04-19T03:26:23.937Z INFO  worker::batch_maker] Batch TLMDkJTmwNtn8FFWGxfZnWAEKFUknbkKW0hgj+C617c= contains sample tx 1783
[2026-04-19T03:26:23.937Z INFO  worker::batch_maker] Batch TLMDkJTmwNtn8FFWGxfZnWAEKFUknbkKW0hgj+C617c= contains 204800 B
[2026-04-19T03:26:23.989Z INFO  worker::batch_maker] Batch qTyRpr+pIfIeeZNXDgoLebZ+tJnEFD9nzNdEzBrnSnA= contains sample tx 1784
[2026-04-19T03:26:23.989Z INFO  worker::batch_maker] Batch qTyRpr+pIfIeeZNXDgoLebZ+tJnEFD9nzNdEzBrnSnA= contains 204800 B
[2026-04-19T03:26:24.040Z INFO  worker::batch_maker] Batch FUCtJi37lkcjHh3lF1dakXSQ1FIBy+/4PnxRQO1Ben8= contains sample tx 1785
[2026-04-19T03:26:24.040Z INFO  worker::batch_maker] Batch FUCtJi37lkcjHh3lF1dakXSQ1FIBy+/4PnxRQO1Ben8= contains 204800 B
[2026-04-19T03:26:24.095Z INFO  worker::batch_maker] Batch ZX08bRas7HmGq5/sZlz0SVTxFUhKh8vKPj9i6LFrSIo= contains sample tx 1786
[2026-04-19T03:26:24.095Z INFO  worker::batch_maker] Batch ZX08bRas7HmGq5/sZlz0SVTxFUhKh8vKPj9i6LFrSIo= contains 204800 B
[2026-04-19T03:26:24.148Z INFO  worker::batch_maker] Batch AQr7+kFsDJcnxdX8TMYXBMtHdOnbi4iQnaKRXBTTIY0= contains sample tx 1787
[2026-04-19T03:26:24.148Z INFO  worker::batch_maker] Batch AQr7+kFsDJcnxdX8TMYXBMtHdOnbi4iQnaKRXBTTIY0= contains 204800 B
[2026-04-19T03:26:24.200Z INFO  worker::batch_maker] Batch cKOf6p2vZ5d0NDsxi4d08x/mBgzS5qonCyYeDAME4rY= contains sample tx 1788
[2026-04-19T03:26:24.200Z INFO  worker::batch_maker] Batch cKOf6p2vZ5d0NDsxi4d08x/mBgzS5qonCyYeDAME4rY= contains 204800 B
[2026-04-19T03:26:24.252Z INFO  worker::batch_maker] Batch WtV7kTC8KeUXIt23szB4dzkys8KHF14RGuheaG9mxCo= contains sample tx 1789
[2026-04-19T03:26:24.252Z INFO  worker::batch_maker] Batch WtV7kTC8KeUXIt23szB4dzkys8KHF14RGuheaG9mxCo= contains 204800 B
[2026-04-19T03:26:24.305Z INFO  worker::batch_maker] Batch qFUTAbKTd4LKcagj8jpF3bHhWTkz4DhwSBw14udlP3g= contains sample tx 1790
[2026-04-19T03:26:24.305Z INFO  worker::batch_maker] Batch qFUTAbKTd4LKcagj8jpF3bHhWTkz4DhwSBw14udlP3g= contains sample tx 1791
[2026-04-19T03:26:24.305Z INFO  worker::batch_maker] Batch qFUTAbKTd4LKcagj8jpF3bHhWTkz4DhwSBw14udlP3g= contains 409088 B
[2026-04-19T03:26:24.358Z INFO  worker::batch_maker] Batch B9LijvfSos+qTZ4X3UHSL1ALI+Rv8pdRwQpshRef2D8= contains sample tx 1792
[2026-04-19T03:26:24.358Z INFO  worker::batch_maker] Batch B9LijvfSos+qTZ4X3UHSL1ALI+Rv8pdRwQpshRef2D8= contains 205312 B
[2026-04-19T03:26:24.411Z INFO  worker::batch_maker] Batch N1XgmzJYOqZdOH+VUPkMrKxHxgFslQqb3TdOQ4lwtHc= contains sample tx 1793
[2026-04-19T03:26:24.411Z INFO  worker::batch_maker] Batch N1XgmzJYOqZdOH+VUPkMrKxHxgFslQqb3TdOQ4lwtHc= contains 204800 B
[2026-04-19T03:26:24.463Z INFO  worker::batch_maker] Batch nUMPt24nPsXF+Hx/3RT+dLnqj+2D4NWtZSdnTB8PxrE= contains sample tx 1794
[2026-04-19T03:26:24.463Z INFO  worker::batch_maker] Batch nUMPt24nPsXF+Hx/3RT+dLnqj+2D4NWtZSdnTB8PxrE= contains 204800 B
[2026-04-19T03:26:24.514Z INFO  worker::batch_maker] Batch McEsiEJ13yYHKCukr7kWcecyjMJCXToC6q4agCYxsm4= contains sample tx 1795
[2026-04-19T03:26:24.514Z INFO  worker::batch_maker] Batch McEsiEJ13yYHKCukr7kWcecyjMJCXToC6q4agCYxsm4= contains 204800 B
[2026-04-19T03:26:24.567Z INFO  worker::batch_maker] Batch KEOaTMpoq7pkuZsZhfLnGJYJaJH7dwa0qtLiWu4+Dws= contains sample tx 1796
[2026-04-19T03:26:24.567Z INFO  worker::batch_maker] Batch KEOaTMpoq7pkuZsZhfLnGJYJaJH7dwa0qtLiWu4+Dws= contains 204800 B
[2026-04-19T03:26:24.620Z INFO  worker::batch_maker] Batch n/ecGMp5LP9uWhzyZKr9e+JScvbjoio5OCtBiDETWHI= contains sample tx 1797
[2026-04-19T03:26:24.620Z INFO  worker::batch_maker] Batch n/ecGMp5LP9uWhzyZKr9e+JScvbjoio5OCtBiDETWHI= contains 204800 B
[2026-04-19T03:26:24.671Z INFO  worker::batch_maker] Batch h9NDbdaV4VjePgYiKZSELdRAEk2BXOXiKq31jF6dSq8= contains sample tx 1798
[2026-04-19T03:26:24.671Z INFO  worker::batch_maker] Batch h9NDbdaV4VjePgYiKZSELdRAEk2BXOXiKq31jF6dSq8= contains 204800 B
[2026-04-19T03:26:24.725Z INFO  worker::batch_maker] Batch XS9mFF2zF+UVrhukPqpTvMWNiUEvrJOkiBV7K00B8FE= contains sample tx 1799
[2026-04-19T03:26:24.725Z INFO  worker::batch_maker] Batch XS9mFF2zF+UVrhukPqpTvMWNiUEvrJOkiBV7K00B8FE= contains 204800 B
[2026-04-19T03:26:24.778Z INFO  worker::batch_maker] Batch i3F+ZrjwQwklcxqKk/UvMNzh/9o0+MHRMEC0cN7iIuU= contains sample tx 1800
[2026-04-19T03:26:24.778Z INFO  worker::batch_maker] Batch i3F+ZrjwQwklcxqKk/UvMNzh/9o0+MHRMEC0cN7iIuU= contains 204800 B
[2026-04-19T03:26:24.831Z INFO  worker::batch_maker] Batch SrTTTelwy+I0DDRagUGb6JBBI4hmfhbyLfPPLf9YOx8= contains sample tx 1801
[2026-04-19T03:26:24.831Z INFO  worker::batch_maker] Batch SrTTTelwy+I0DDRagUGb6JBBI4hmfhbyLfPPLf9YOx8= contains 204800 B
[2026-04-19T03:26:24.883Z INFO  worker::batch_maker] Batch XEonjNbvTK1FUQ1go/79e5fe2OjeHVP6O9XqDBGty5o= contains sample tx 1802
[2026-04-19T03:26:24.883Z INFO  worker::batch_maker] Batch XEonjNbvTK1FUQ1go/79e5fe2OjeHVP6O9XqDBGty5o= contains 204800 B
[2026-04-19T03:26:24.935Z INFO  worker::batch_maker] Batch /Tm1+qmQApdOWr9s1hGUzjCPcXzxNonu0Ke68TcAl5Q= contains sample tx 1803
[2026-04-19T03:26:24.935Z INFO  worker::batch_maker] Batch /Tm1+qmQApdOWr9s1hGUzjCPcXzxNonu0Ke68TcAl5Q= contains 204800 B
[2026-04-19T03:26:24.988Z INFO  worker::batch_maker] Batch HvDjDC9NSqum3kCwBpqQqUbPtyVP1yVxzJIdfDbBjHg= contains sample tx 1804
[2026-04-19T03:26:24.988Z INFO  worker::batch_maker] Batch HvDjDC9NSqum3kCwBpqQqUbPtyVP1yVxzJIdfDbBjHg= contains 204800 B
[2026-04-19T03:26:25.042Z INFO  worker::batch_maker] Batch mQxIZarrmuyosQJIuPCS/u5+xgsh05OjqNRkmf9zQtw= contains sample tx 1805
[2026-04-19T03:26:25.042Z INFO  worker::batch_maker] Batch mQxIZarrmuyosQJIuPCS/u5+xgsh05OjqNRkmf9zQtw= contains 204800 B
[2026-04-19T03:26:25.094Z INFO  worker::batch_maker] Batch kCnVKy6GItBA7SD9dlq1s3HjhQqhJXd3t06Bg/FPgAw= contains sample tx 1806
[2026-04-19T03:26:25.094Z INFO  worker::batch_maker] Batch kCnVKy6GItBA7SD9dlq1s3HjhQqhJXd3t06Bg/FPgAw= contains 204800 B
[2026-04-19T03:26:25.146Z INFO  worker::batch_maker] Batch h7Bj4avh0Hmw0JvCkp30UlFUV9RbRX1oM2L6exiJ8OE= contains sample tx 1807
[2026-04-19T03:26:25.146Z INFO  worker::batch_maker] Batch h7Bj4avh0Hmw0JvCkp30UlFUV9RbRX1oM2L6exiJ8OE= contains 204800 B
[2026-04-19T03:26:25.198Z INFO  worker::batch_maker] Batch lVsSz0eFRlhdYOpFYGBo1hybLdtyHOFjKzvRv0z/lIA= contains sample tx 1808
[2026-04-19T03:26:25.198Z INFO  worker::batch_maker] Batch lVsSz0eFRlhdYOpFYGBo1hybLdtyHOFjKzvRv0z/lIA= contains 204800 B
[2026-04-19T03:26:25.251Z INFO  worker::batch_maker] Batch GAGT2OzPMBwpf+PECg9oFTX/KIZbWZTOzEt3F7fLk/I= contains sample tx 1809
[2026-04-19T03:26:25.251Z INFO  worker::batch_maker] Batch GAGT2OzPMBwpf+PECg9oFTX/KIZbWZTOzEt3F7fLk/I= contains 204800 B
[2026-04-19T03:26:25.302Z INFO  worker::batch_maker] Batch SX6Tegc1cYpY4tZArGcuT+Lt7GJCC06lFRuaEs1aAjI= contains sample tx 1810
[2026-04-19T03:26:25.302Z INFO  worker::batch_maker] Batch SX6Tegc1cYpY4tZArGcuT+Lt7GJCC06lFRuaEs1aAjI= contains 204800 B
[2026-04-19T03:26:25.356Z INFO  worker::batch_maker] Batch iCi8zE//3dufTcoAIiTcIKO/ImPBXJUx4YwrSqExVyw= contains sample tx 1811
[2026-04-19T03:26:25.356Z INFO  worker::batch_maker] Batch iCi8zE//3dufTcoAIiTcIKO/ImPBXJUx4YwrSqExVyw= contains sample tx 1812
[2026-04-19T03:26:25.356Z INFO  worker::batch_maker] Batch iCi8zE//3dufTcoAIiTcIKO/ImPBXJUx4YwrSqExVyw= contains 409600 B
[2026-04-19T03:26:25.409Z INFO  worker::batch_maker] Batch 3GnejhoX0XRhk39xnsmm/6wmIAi60otwQaleQQUAxvQ= contains sample tx 1813
[2026-04-19T03:26:25.409Z INFO  worker::batch_maker] Batch 3GnejhoX0XRhk39xnsmm/6wmIAi60otwQaleQQUAxvQ= contains 204800 B
[2026-04-19T03:26:25.461Z INFO  worker::batch_maker] Batch +eMZU5ZzLWkS+91789ddv3GK/s+p0jWn0px3eSsc2uw= contains sample tx 1814
[2026-04-19T03:26:25.461Z INFO  worker::batch_maker] Batch +eMZU5ZzLWkS+91789ddv3GK/s+p0jWn0px3eSsc2uw= contains 204800 B
[2026-04-19T03:26:25.512Z INFO  worker::batch_maker] Batch kb8lkusNuAxHYUfLKSAFI1jWtgTzZYLrPg5NNty7QAI= contains sample tx 1815
[2026-04-19T03:26:25.512Z INFO  worker::batch_maker] Batch kb8lkusNuAxHYUfLKSAFI1jWtgTzZYLrPg5NNty7QAI= contains 204800 B
[2026-04-19T03:26:25.564Z INFO  worker::batch_maker] Batch NeH8RgoBjzW30LeqlSz8S2hx2gdJy7F36oIxwB++9ws= contains sample tx 1816
[2026-04-19T03:26:25.564Z INFO  worker::batch_maker] Batch NeH8RgoBjzW30LeqlSz8S2hx2gdJy7F36oIxwB++9ws= contains 204800 B
[2026-04-19T03:26:25.617Z INFO  worker::batch_maker] Batch zFf1SBZiDzrH5AF5TKVrdMVrjTWzok+XNpDqktluTEU= contains sample tx 1817
[2026-04-19T03:26:25.617Z INFO  worker::batch_maker] Batch zFf1SBZiDzrH5AF5TKVrdMVrjTWzok+XNpDqktluTEU= contains 204800 B
[2026-04-19T03:26:25.670Z INFO  worker::batch_maker] Batch dUfRF/kx+38ykZ6HRzOitObbHRMVkkAQVp1OaTT22mE= contains sample tx 1818
[2026-04-19T03:26:25.670Z INFO  worker::batch_maker] Batch dUfRF/kx+38ykZ6HRzOitObbHRMVkkAQVp1OaTT22mE= contains 204800 B
[2026-04-19T03:26:25.722Z INFO  worker::batch_maker] Batch R8z4MDb9o1LhVW6elwtxGy+Frmxgfvy9rA0E4Ld9yJQ= contains sample tx 1819
[2026-04-19T03:26:25.722Z INFO  worker::batch_maker] Batch R8z4MDb9o1LhVW6elwtxGy+Frmxgfvy9rA0E4Ld9yJQ= contains 204800 B
[2026-04-19T03:26:25.773Z INFO  worker::batch_maker] Batch y3QEB9axd078mOlVRm7Z6rZTG5y7K3ztGPKtZ4Fvi+E= contains sample tx 1820
[2026-04-19T03:26:25.773Z INFO  worker::batch_maker] Batch y3QEB9axd078mOlVRm7Z6rZTG5y7K3ztGPKtZ4Fvi+E= contains 204800 B
[2026-04-19T03:26:25.826Z INFO  worker::batch_maker] Batch QjKuyglDwyhH4lQPj1nkXnb2RMAuG5dno3fdzEvtXTw= contains sample tx 1821
[2026-04-19T03:26:25.826Z INFO  worker::batch_maker] Batch QjKuyglDwyhH4lQPj1nkXnb2RMAuG5dno3fdzEvtXTw= contains 204800 B
[2026-04-19T03:26:25.877Z INFO  worker::batch_maker] Batch nqd9JoES/Zm06mPfRkUtCq0NIKp65sSdufKTG/Ojw+w= contains sample tx 1822
[2026-04-19T03:26:25.877Z INFO  worker::batch_maker] Batch nqd9JoES/Zm06mPfRkUtCq0NIKp65sSdufKTG/Ojw+w= contains 204800 B
[2026-04-19T03:26:25.930Z INFO  worker::batch_maker] Batch NsVzidlmwuJ3j9/ZqnAKGXvvzCfzqSTH1ki5DCNlm20= contains sample tx 1823
[2026-04-19T03:26:25.930Z INFO  worker::batch_maker] Batch NsVzidlmwuJ3j9/ZqnAKGXvvzCfzqSTH1ki5DCNlm20= contains 204800 B
[2026-04-19T03:26:25.983Z INFO  worker::batch_maker] Batch GaoA8LXig4AtxhORDbTfF+zYOKx5rKQbZGTr9rs+FqU= contains sample tx 1824
[2026-04-19T03:26:25.983Z INFO  worker::batch_maker] Batch GaoA8LXig4AtxhORDbTfF+zYOKx5rKQbZGTr9rs+FqU= contains 204800 B
[2026-04-19T03:26:26.035Z INFO  worker::batch_maker] Batch A6sDRR+CQzcCALhEGFrQRrHqDqIaTZT0HmcQm3TvOOQ= contains sample tx 1825
[2026-04-19T03:26:26.035Z INFO  worker::batch_maker] Batch A6sDRR+CQzcCALhEGFrQRrHqDqIaTZT0HmcQm3TvOOQ= contains 204800 B
[2026-04-19T03:26:26.088Z INFO  worker::batch_maker] Batch PhPIt/W+JS2y46i58Rj2dO7C0fCQ0GBonUPMxtMuw1U= contains sample tx 1826
[2026-04-19T03:26:26.088Z INFO  worker::batch_maker] Batch PhPIt/W+JS2y46i58Rj2dO7C0fCQ0GBonUPMxtMuw1U= contains 204800 B
[2026-04-19T03:26:26.140Z INFO  worker::batch_maker] Batch 3DGgj/OtEjCbeMB6i+wOmvRcuwMvz5rJq1ZPBrrxgLM= contains sample tx 1827
[2026-04-19T03:26:26.140Z INFO  worker::batch_maker] Batch 3DGgj/OtEjCbeMB6i+wOmvRcuwMvz5rJq1ZPBrrxgLM= contains 204800 B
[2026-04-19T03:26:26.194Z INFO  worker::batch_maker] Batch SMF5iWtMajTdP6txeeO/hjJVunMptZymcqzOJh8LYKU= contains sample tx 1828
[2026-04-19T03:26:26.194Z INFO  worker::batch_maker] Batch SMF5iWtMajTdP6txeeO/hjJVunMptZymcqzOJh8LYKU= contains 204800 B
[2026-04-19T03:26:26.246Z INFO  worker::batch_maker] Batch 3Wv6hDbrUuMoFvVLaLmXAjmmi/esuty7iPLb4oxZdOc= contains sample tx 1829
[2026-04-19T03:26:26.246Z INFO  worker::batch_maker] Batch 3Wv6hDbrUuMoFvVLaLmXAjmmi/esuty7iPLb4oxZdOc= contains 204800 B
[2026-04-19T03:26:26.298Z INFO  worker::batch_maker] Batch O2Lhu9KVNmpGo8KxfpiGmFPccPCHJJ4kpnIQeT2SMw4= contains sample tx 1830
[2026-04-19T03:26:26.298Z INFO  worker::batch_maker] Batch O2Lhu9KVNmpGo8KxfpiGmFPccPCHJJ4kpnIQeT2SMw4= contains 204800 B
[2026-04-19T03:26:26.352Z INFO  worker::batch_maker] Batch 64/0Q3YzdTQTHkCjjbjHWCREO5LflhuSjIR+V9zwwuQ= contains sample tx 1831
[2026-04-19T03:26:26.352Z INFO  worker::batch_maker] Batch 64/0Q3YzdTQTHkCjjbjHWCREO5LflhuSjIR+V9zwwuQ= contains 204800 B
[2026-04-19T03:26:26.406Z INFO  worker::batch_maker] Batch ZSxAGlZRXD6giBiQ3D95cIAICXUN9KnCuAS9vWpVCzk= contains sample tx 1832
[2026-04-19T03:26:26.406Z INFO  worker::batch_maker] Batch ZSxAGlZRXD6giBiQ3D95cIAICXUN9KnCuAS9vWpVCzk= contains 237568 B
[2026-04-19T03:26:26.460Z INFO  worker::batch_maker] Batch X4+ukxaxEKpsfg8dAXFztDFtKRsj1FfBUwHGScSxE5Q= contains sample tx 1833
[2026-04-19T03:26:26.460Z INFO  worker::batch_maker] Batch X4+ukxaxEKpsfg8dAXFztDFtKRsj1FfBUwHGScSxE5Q= contains sample tx 1834
[2026-04-19T03:26:26.460Z INFO  worker::batch_maker] Batch X4+ukxaxEKpsfg8dAXFztDFtKRsj1FfBUwHGScSxE5Q= contains 321536 B
[2026-04-19T03:26:26.513Z INFO  worker::batch_maker] Batch wbw2+RNUb8z2hIwODLSdQdolDiw5YI0GPjjDcSJKEOs= contains sample tx 1835
[2026-04-19T03:26:26.513Z INFO  worker::batch_maker] Batch wbw2+RNUb8z2hIwODLSdQdolDiw5YI0GPjjDcSJKEOs= contains 260096 B
[2026-04-19T03:26:26.564Z INFO  worker::batch_maker] Batch E8uhzi2PSQERkCx4BOz+/73zQctGRVPDoJqeB66Ge0I= contains sample tx 1836
[2026-04-19T03:26:26.564Z INFO  worker::batch_maker] Batch E8uhzi2PSQERkCx4BOz+/73zQctGRVPDoJqeB66Ge0I= contains 204800 B
[2026-04-19T03:26:26.617Z INFO  worker::batch_maker] Batch Lzag2ssVUC+RzzJRf5wsOfG+ZWc0/AJDcH2svsInthE= contains sample tx 1837
[2026-04-19T03:26:26.617Z INFO  worker::batch_maker] Batch Lzag2ssVUC+RzzJRf5wsOfG+ZWc0/AJDcH2svsInthE= contains 204800 B
[2026-04-19T03:26:26.670Z INFO  worker::batch_maker] Batch EQxA3zcvHw44AeWEcrPBU53X86qVCzUki3Y8UhciTsc= contains sample tx 1838
[2026-04-19T03:26:26.670Z INFO  worker::batch_maker] Batch EQxA3zcvHw44AeWEcrPBU53X86qVCzUki3Y8UhciTsc= contains 204800 B
[2026-04-19T03:26:26.723Z INFO  worker::batch_maker] Batch 6C9NSflbODsT3ml6909IkjAThuThUnEWs0H+GkZqjpo= contains sample tx 1839
[2026-04-19T03:26:26.723Z INFO  worker::batch_maker] Batch 6C9NSflbODsT3ml6909IkjAThuThUnEWs0H+GkZqjpo= contains 204800 B
[2026-04-19T03:26:26.775Z INFO  worker::batch_maker] Batch 2xTqzo7a+uVdj8YmbV+D8E086FSfqBViySGjsKo+h4U= contains sample tx 1840
[2026-04-19T03:26:26.775Z INFO  worker::batch_maker] Batch 2xTqzo7a+uVdj8YmbV+D8E086FSfqBViySGjsKo+h4U= contains 204800 B
[2026-04-19T03:26:26.829Z INFO  worker::batch_maker] Batch TZ0HKoolaBPQ3xENvMkcbHBvRWgtsojrIP0M9ozb2/Q= contains sample tx 1841
[2026-04-19T03:26:26.830Z INFO  worker::batch_maker] Batch TZ0HKoolaBPQ3xENvMkcbHBvRWgtsojrIP0M9ozb2/Q= contains 204800 B
[2026-04-19T03:26:26.882Z INFO  worker::batch_maker] Batch wliTo+KkvzeRQQ04WFr+z8B9NnSYzEHneIII1kfltXE= contains sample tx 1842
[2026-04-19T03:26:26.882Z INFO  worker::batch_maker] Batch wliTo+KkvzeRQQ04WFr+z8B9NnSYzEHneIII1kfltXE= contains 204800 B
[2026-04-19T03:26:26.934Z INFO  worker::batch_maker] Batch PBzCRAgEy6sthNCHOmls+vfZocmGj9StYfU3rc14H2Q= contains sample tx 1843
[2026-04-19T03:26:26.934Z INFO  worker::batch_maker] Batch PBzCRAgEy6sthNCHOmls+vfZocmGj9StYfU3rc14H2Q= contains 204800 B
[2026-04-19T03:26:26.987Z INFO  worker::batch_maker] Batch 4MN5LXq7QR7qdYQd/d0k30dXcPkvreoy36n5W/NPIFY= contains sample tx 1844
[2026-04-19T03:26:26.987Z INFO  worker::batch_maker] Batch 4MN5LXq7QR7qdYQd/d0k30dXcPkvreoy36n5W/NPIFY= contains 204800 B
[2026-04-19T03:26:27.039Z INFO  worker::batch_maker] Batch dL9VwsTanQooVPIbRKxob5nKcsmxHPB9T0HBBuEVU40= contains sample tx 1845
[2026-04-19T03:26:27.039Z INFO  worker::batch_maker] Batch dL9VwsTanQooVPIbRKxob5nKcsmxHPB9T0HBBuEVU40= contains 204800 B
[2026-04-19T03:26:27.093Z INFO  worker::batch_maker] Batch mtFY7o0KDQnyvB3noPmWRyddN5KmtdhO7VHix5wRwVw= contains sample tx 1846
[2026-04-19T03:26:27.111Z INFO  worker::batch_maker] Batch mtFY7o0KDQnyvB3noPmWRyddN5KmtdhO7VHix5wRwVw= contains 204800 B
[2026-04-19T03:26:27.169Z INFO  worker::batch_maker] Batch 2sawnIgXzy50csuksVOsbOlLe9QwIrmUlN30mPZLjgM= contains sample tx 1847
[2026-04-19T03:26:27.169Z INFO  worker::batch_maker] Batch 2sawnIgXzy50csuksVOsbOlLe9QwIrmUlN30mPZLjgM= contains sample tx 1848
[2026-04-19T03:26:27.169Z INFO  worker::batch_maker] Batch 2sawnIgXzy50csuksVOsbOlLe9QwIrmUlN30mPZLjgM= contains 409600 B
[2026-04-19T03:26:27.222Z INFO  worker::batch_maker] Batch zdaQgSiLTPh0UylGJGy7BrYMM3UxdtZ19IUqbVRZKm0= contains sample tx 1849
[2026-04-19T03:26:27.222Z INFO  worker::batch_maker] Batch zdaQgSiLTPh0UylGJGy7BrYMM3UxdtZ19IUqbVRZKm0= contains 204800 B
[2026-04-19T03:26:27.275Z INFO  worker::batch_maker] Batch M7qw1UbDaoNQ3XALMJ+LfNms7oAgty0dpal6IJ7U638= contains sample tx 1850
[2026-04-19T03:26:27.275Z INFO  worker::batch_maker] Batch M7qw1UbDaoNQ3XALMJ+LfNms7oAgty0dpal6IJ7U638= contains 204800 B
[2026-04-19T03:26:27.328Z INFO  worker::batch_maker] Batch 7ldowcRhD3+TbKWjiy02Z0coURg8/rikUogO5oEp89s= contains sample tx 1851
[2026-04-19T03:26:27.328Z INFO  worker::batch_maker] Batch 7ldowcRhD3+TbKWjiy02Z0coURg8/rikUogO5oEp89s= contains 204800 B
[2026-04-19T03:26:27.381Z INFO  worker::batch_maker] Batch 6SzTb7DQyR5B+dHCNkRHKYruQ5vpL/4Q9kU8zjGT9+4= contains sample tx 1852
[2026-04-19T03:26:27.383Z INFO  worker::batch_maker] Batch 6SzTb7DQyR5B+dHCNkRHKYruQ5vpL/4Q9kU8zjGT9+4= contains 204800 B
[2026-04-19T03:26:27.437Z INFO  worker::batch_maker] Batch zmJRpyOc6xDjUC61SBWd5Z7PhnBhG2JFt1MsHnQuZUE= contains sample tx 1853
[2026-04-19T03:26:27.437Z INFO  worker::batch_maker] Batch zmJRpyOc6xDjUC61SBWd5Z7PhnBhG2JFt1MsHnQuZUE= contains 204800 B
[2026-04-19T03:26:27.489Z INFO  worker::batch_maker] Batch TsXesPNR+xSFESCmL+1Iy2lpLQcVWmhi4l4T58b7Adk= contains sample tx 1854
[2026-04-19T03:26:27.489Z INFO  worker::batch_maker] Batch TsXesPNR+xSFESCmL+1Iy2lpLQcVWmhi4l4T58b7Adk= contains 204800 B
[2026-04-19T03:26:27.543Z INFO  worker::batch_maker] Batch pRGCMXbrsO/iN4hYY5QzdZ0wdu3icOcDbaElcg/dMRs= contains sample tx 1855
[2026-04-19T03:26:27.543Z INFO  worker::batch_maker] Batch pRGCMXbrsO/iN4hYY5QzdZ0wdu3icOcDbaElcg/dMRs= contains 204800 B
[2026-04-19T03:26:27.595Z INFO  worker::batch_maker] Batch gs3MpI57F7sxx+lJtdYudcUuUOpcpX9a035dn+qUjlI= contains sample tx 1856
[2026-04-19T03:26:27.595Z INFO  worker::batch_maker] Batch gs3MpI57F7sxx+lJtdYudcUuUOpcpX9a035dn+qUjlI= contains 204800 B
[2026-04-19T03:26:27.648Z INFO  worker::batch_maker] Batch zgI4gQNueKM5MPqEUDK0zEC/qbc0wQmUy65BzC3C+Nk= contains sample tx 1857
[2026-04-19T03:26:27.648Z INFO  worker::batch_maker] Batch zgI4gQNueKM5MPqEUDK0zEC/qbc0wQmUy65BzC3C+Nk= contains 204800 B
[2026-04-19T03:26:27.701Z INFO  worker::batch_maker] Batch +dC8pzDPnCTR6Lv1WaufYUgqsrk8DaTGPPViQ5Hbi3Q= contains sample tx 1858
[2026-04-19T03:26:27.701Z INFO  worker::batch_maker] Batch +dC8pzDPnCTR6Lv1WaufYUgqsrk8DaTGPPViQ5Hbi3Q= contains 204800 B
[2026-04-19T03:26:27.753Z INFO  worker::batch_maker] Batch CUbWf+0h0jn+UfH+J5GqsJg3Ahzo10Wx3/3tL9+V2z0= contains sample tx 1859
[2026-04-19T03:26:27.753Z INFO  worker::batch_maker] Batch CUbWf+0h0jn+UfH+J5GqsJg3Ahzo10Wx3/3tL9+V2z0= contains 204800 B
[2026-04-19T03:26:27.805Z INFO  worker::batch_maker] Batch V5C6VY6f8oYvvPLl6894u6cV+39o3+4nlVhCwd1iS1A= contains sample tx 1860
[2026-04-19T03:26:27.805Z INFO  worker::batch_maker] Batch V5C6VY6f8oYvvPLl6894u6cV+39o3+4nlVhCwd1iS1A= contains sample tx 1861
[2026-04-19T03:26:27.805Z INFO  worker::batch_maker] Batch V5C6VY6f8oYvvPLl6894u6cV+39o3+4nlVhCwd1iS1A= contains 401920 B
[2026-04-19T03:26:27.857Z INFO  worker::batch_maker] Batch dsuxIOvAYVG1oqYBCJgCvO307GbI9ZyxrqAtNfFJM9g= contains sample tx 1862
[2026-04-19T03:26:27.857Z INFO  worker::batch_maker] Batch dsuxIOvAYVG1oqYBCJgCvO307GbI9ZyxrqAtNfFJM9g= contains 212480 B
[2026-04-19T03:26:27.910Z INFO  worker::batch_maker] Batch 4VMMO5hY3gmNvNM5SXKKseLFig5fSm5rP/reR3PwO0g= contains sample tx 1863
[2026-04-19T03:26:27.910Z INFO  worker::batch_maker] Batch 4VMMO5hY3gmNvNM5SXKKseLFig5fSm5rP/reR3PwO0g= contains 204800 B
[2026-04-19T03:26:27.962Z INFO  worker::batch_maker] Batch NuQ1MIEh8Isfc6hR1FH/PRMUOInBYhBxrmLSnVzpoKw= contains sample tx 1864
[2026-04-19T03:26:27.962Z INFO  worker::batch_maker] Batch NuQ1MIEh8Isfc6hR1FH/PRMUOInBYhBxrmLSnVzpoKw= contains 204800 B
[2026-04-19T03:26:28.014Z INFO  worker::batch_maker] Batch xaxl7i8sM9+/Ev1lcitrf4f7QfNlnJ9P6Nbiq5CN3qs= contains sample tx 1865
[2026-04-19T03:26:28.014Z INFO  worker::batch_maker] Batch xaxl7i8sM9+/Ev1lcitrf4f7QfNlnJ9P6Nbiq5CN3qs= contains 204800 B
[2026-04-19T03:26:28.066Z INFO  worker::batch_maker] Batch JuMlvV6HQTWNqoAg5E5erzLIBDEESz8bpfbvFrcAly4= contains sample tx 1866
[2026-04-19T03:26:28.066Z INFO  worker::batch_maker] Batch JuMlvV6HQTWNqoAg5E5erzLIBDEESz8bpfbvFrcAly4= contains 204800 B
[2026-04-19T03:26:28.119Z INFO  worker::batch_maker] Batch 9YwEnixKSKxI+hio4xLyI5RdpcND4bst9hcVJfcto/4= contains sample tx 1867
[2026-04-19T03:26:28.120Z INFO  worker::batch_maker] Batch 9YwEnixKSKxI+hio4xLyI5RdpcND4bst9hcVJfcto/4= contains 204800 B
[2026-04-19T03:26:28.172Z INFO  worker::batch_maker] Batch aSIVFuslAMfR8zem6i5NOWFKuY91uULFBM7ovGlZhdc= contains sample tx 1868
[2026-04-19T03:26:28.172Z INFO  worker::batch_maker] Batch aSIVFuslAMfR8zem6i5NOWFKuY91uULFBM7ovGlZhdc= contains 204800 B
[2026-04-19T03:26:28.223Z INFO  worker::batch_maker] Batch CQ2D0qr4aY0lFMXzhqaENt6yQNryTz1oyGwuAhVjODo= contains sample tx 1869
[2026-04-19T03:26:28.223Z INFO  worker::batch_maker] Batch CQ2D0qr4aY0lFMXzhqaENt6yQNryTz1oyGwuAhVjODo= contains 204800 B
[2026-04-19T03:26:28.275Z INFO  worker::batch_maker] Batch jisKOBsBpWaiG4AMEGUa+wSqmSBZh4UAfanXhv17hpM= contains sample tx 1870
[2026-04-19T03:26:28.275Z INFO  worker::batch_maker] Batch jisKOBsBpWaiG4AMEGUa+wSqmSBZh4UAfanXhv17hpM= contains 204800 B
[2026-04-19T03:26:28.328Z INFO  worker::batch_maker] Batch 3AYrbsSD6m5NWYdavXPdW/3fjsv9JS+d/wJAf9mnFAo= contains sample tx 1871
[2026-04-19T03:26:28.328Z INFO  worker::batch_maker] Batch 3AYrbsSD6m5NWYdavXPdW/3fjsv9JS+d/wJAf9mnFAo= contains 204800 B
[2026-04-19T03:26:28.381Z INFO  worker::batch_maker] Batch 826rLgsCcWvTgaRBsPmJaafFdtt5mN0FnRmgpTZaDzk= contains sample tx 1872
[2026-04-19T03:26:28.381Z INFO  worker::batch_maker] Batch 826rLgsCcWvTgaRBsPmJaafFdtt5mN0FnRmgpTZaDzk= contains 204800 B
[2026-04-19T03:26:28.434Z INFO  worker::batch_maker] Batch gzTe0QvLD1sAK40bcBjlDyin6ogp0ATP6IgBHNyUiiE= contains sample tx 1873
[2026-04-19T03:26:28.434Z INFO  worker::batch_maker] Batch gzTe0QvLD1sAK40bcBjlDyin6ogp0ATP6IgBHNyUiiE= contains 204800 B
[2026-04-19T03:26:28.487Z INFO  worker::batch_maker] Batch 0OoIjirKW5ogbVnqaugFYSikKDw24u0HYO1m+icoYf0= contains sample tx 1874
[2026-04-19T03:26:28.487Z INFO  worker::batch_maker] Batch 0OoIjirKW5ogbVnqaugFYSikKDw24u0HYO1m+icoYf0= contains 204800 B
[2026-04-19T03:26:28.540Z INFO  worker::batch_maker] Batch FF7hRDqmBPUooNxEqbqbHTlMa1VM38BX6blghhOq8lM= contains sample tx 1875
[2026-04-19T03:26:28.540Z INFO  worker::batch_maker] Batch FF7hRDqmBPUooNxEqbqbHTlMa1VM38BX6blghhOq8lM= contains 204800 B
[2026-04-19T03:26:28.593Z INFO  worker::batch_maker] Batch 15xYz8MPbVcAIhEjbhPVLYZUmLh43nCoVDK7cOAgAy8= contains sample tx 1876
[2026-04-19T03:26:28.593Z INFO  worker::batch_maker] Batch 15xYz8MPbVcAIhEjbhPVLYZUmLh43nCoVDK7cOAgAy8= contains 204800 B
[2026-04-19T03:26:28.646Z INFO  worker::batch_maker] Batch dUh30i8fzwqy+WBodweNkracg0q2dxD8r+/7IkMIXdM= contains sample tx 1877
[2026-04-19T03:26:28.646Z INFO  worker::batch_maker] Batch dUh30i8fzwqy+WBodweNkracg0q2dxD8r+/7IkMIXdM= contains 204800 B
[2026-04-19T03:26:28.699Z INFO  worker::batch_maker] Batch vId5YDUF28KJRMyHSfsuSZBpywkqUrCfSto3C8njzmM= contains sample tx 1878
[2026-04-19T03:26:28.699Z INFO  worker::batch_maker] Batch vId5YDUF28KJRMyHSfsuSZBpywkqUrCfSto3C8njzmM= contains 204800 B
[2026-04-19T03:26:28.751Z INFO  worker::batch_maker] Batch 7jzV7YRiFr8wctpLjEar2gQz2HMhVa3y2SrCw7qfhOo= contains sample tx 1879
[2026-04-19T03:26:28.751Z INFO  worker::batch_maker] Batch 7jzV7YRiFr8wctpLjEar2gQz2HMhVa3y2SrCw7qfhOo= contains 204800 B
[2026-04-19T03:26:28.802Z INFO  worker::batch_maker] Batch wiCWc/1P3syK92Rb2s1goLA67n3c87YGLGBYq22/cTg= contains sample tx 1880
[2026-04-19T03:26:28.802Z INFO  worker::batch_maker] Batch wiCWc/1P3syK92Rb2s1goLA67n3c87YGLGBYq22/cTg= contains 204800 B
[2026-04-19T03:26:28.856Z INFO  worker::batch_maker] Batch lEvVRgX8VEcr/0HBKe/LH4+iIDMFBWsisgyBJ0y++7k= contains sample tx 1881
[2026-04-19T03:26:28.856Z INFO  worker::batch_maker] Batch lEvVRgX8VEcr/0HBKe/LH4+iIDMFBWsisgyBJ0y++7k= contains 251904 B
[2026-04-19T03:26:28.910Z INFO  worker::batch_maker] Batch ECicz+r8/1ANIsTZKgUz+/r6k1QEZNrsK4+S+fvycY8= contains sample tx 1882
[2026-04-19T03:26:28.910Z INFO  worker::batch_maker] Batch ECicz+r8/1ANIsTZKgUz+/r6k1QEZNrsK4+S+fvycY8= contains 301056 B
[2026-04-19T03:26:28.964Z INFO  worker::batch_maker] Batch 4kEUMv+RnWNmdigtwuej25a8lPUjtC7Ot9Sc3RlvKf0= contains sample tx 1883
[2026-04-19T03:26:28.964Z INFO  worker::batch_maker] Batch 4kEUMv+RnWNmdigtwuej25a8lPUjtC7Ot9Sc3RlvKf0= contains sample tx 1884
[2026-04-19T03:26:28.964Z INFO  worker::batch_maker] Batch 4kEUMv+RnWNmdigtwuej25a8lPUjtC7Ot9Sc3RlvKf0= contains 266240 B
[2026-04-19T03:26:29.018Z INFO  worker::batch_maker] Batch drquGeOj9jbcQShZPdAxwrUheydTyloUsfQyQ+zIxts= contains sample tx 1885
[2026-04-19T03:26:29.018Z INFO  worker::batch_maker] Batch drquGeOj9jbcQShZPdAxwrUheydTyloUsfQyQ+zIxts= contains 204800 B
[2026-04-19T03:26:29.071Z INFO  worker::batch_maker] Batch nRwCzzVoDU60XVzBJT7R6jL0A3ZRSCijvcxB3oIjnsM= contains sample tx 1886
[2026-04-19T03:26:29.071Z INFO  worker::batch_maker] Batch nRwCzzVoDU60XVzBJT7R6jL0A3ZRSCijvcxB3oIjnsM= contains 204800 B
[2026-04-19T03:26:29.125Z INFO  worker::batch_maker] Batch EuK4Ocd7LPUm0NoLT1lauVLu2wy47psCpv8hjA9yrdM= contains sample tx 1887
[2026-04-19T03:26:29.125Z INFO  worker::batch_maker] Batch EuK4Ocd7LPUm0NoLT1lauVLu2wy47psCpv8hjA9yrdM= contains 204800 B
[2026-04-19T03:26:29.178Z INFO  worker::batch_maker] Batch 1YKUnrJ+aeskFwIii2TZPtO30YboXrkZ8jyUEFCI4LA= contains sample tx 1888
[2026-04-19T03:26:29.178Z INFO  worker::batch_maker] Batch 1YKUnrJ+aeskFwIii2TZPtO30YboXrkZ8jyUEFCI4LA= contains 204800 B
[2026-04-19T03:26:29.232Z INFO  worker::batch_maker] Batch CttzxHK6/onBetN10xspDqqnpAIwGxTv8Uq4W4VRNeI= contains sample tx 1889
[2026-04-19T03:26:29.232Z INFO  worker::batch_maker] Batch CttzxHK6/onBetN10xspDqqnpAIwGxTv8Uq4W4VRNeI= contains 204800 B
[2026-04-19T03:26:29.285Z INFO  worker::batch_maker] Batch 2OhcXR5rj7XPHnO/kmL2Oee+UHjtldbWQhsPC2YPG+4= contains sample tx 1890
[2026-04-19T03:26:29.285Z INFO  worker::batch_maker] Batch 2OhcXR5rj7XPHnO/kmL2Oee+UHjtldbWQhsPC2YPG+4= contains 204800 B
[2026-04-19T03:26:29.339Z INFO  worker::batch_maker] Batch ATAwZkWryDESqKKPnq/yz0JgAQ3z5JxFqZd35M/f1UU= contains sample tx 1891
[2026-04-19T03:26:29.339Z INFO  worker::batch_maker] Batch ATAwZkWryDESqKKPnq/yz0JgAQ3z5JxFqZd35M/f1UU= contains 204800 B
[2026-04-19T03:26:29.391Z INFO  worker::batch_maker] Batch MBkv4qOCXS++JXRo7+XdVIwoqOzOsvw/5e8KrEjOtZU= contains sample tx 1892
[2026-04-19T03:26:29.391Z INFO  worker::batch_maker] Batch MBkv4qOCXS++JXRo7+XdVIwoqOzOsvw/5e8KrEjOtZU= contains 204800 B
[2026-04-19T03:26:29.446Z INFO  worker::batch_maker] Batch j6vHdoV25pxxAjbBF7NMyDT2d8yElE8+Tz3dHY2QwsY= contains sample tx 1893
[2026-04-19T03:26:29.446Z INFO  worker::batch_maker] Batch j6vHdoV25pxxAjbBF7NMyDT2d8yElE8+Tz3dHY2QwsY= contains 204800 B
[2026-04-19T03:26:29.499Z INFO  worker::batch_maker] Batch QdhPP/7N+RIiJK+iMjK1qQKbcSNybbQ1JZMZh1Z86ag= contains sample tx 1894
[2026-04-19T03:26:29.499Z INFO  worker::batch_maker] Batch QdhPP/7N+RIiJK+iMjK1qQKbcSNybbQ1JZMZh1Z86ag= contains 204800 B
[2026-04-19T03:26:29.550Z INFO  worker::batch_maker] Batch 1ymb4acxXbcTYMC0Q5OB86NdHoMEjEW4w9A2HHcR1Pg= contains sample tx 1895
[2026-04-19T03:26:29.550Z INFO  worker::batch_maker] Batch 1ymb4acxXbcTYMC0Q5OB86NdHoMEjEW4w9A2HHcR1Pg= contains 204800 B
[2026-04-19T03:26:29.603Z INFO  worker::batch_maker] Batch YshU9xi0FtskMD+TIfjCs8TEsUzb+BY32wjItawif3Q= contains sample tx 1896
[2026-04-19T03:26:29.603Z INFO  worker::batch_maker] Batch YshU9xi0FtskMD+TIfjCs8TEsUzb+BY32wjItawif3Q= contains 204800 B
[2026-04-19T03:26:29.657Z INFO  worker::batch_maker] Batch X1kVxiJAue9p8eMscMkbBRHghq40MVPg8+1xIPMXuWg= contains sample tx 1897
[2026-04-19T03:26:29.657Z INFO  worker::batch_maker] Batch X1kVxiJAue9p8eMscMkbBRHghq40MVPg8+1xIPMXuWg= contains sample tx 1898
[2026-04-19T03:26:29.657Z INFO  worker::batch_maker] Batch X1kVxiJAue9p8eMscMkbBRHghq40MVPg8+1xIPMXuWg= contains 371200 B
[2026-04-19T03:26:29.710Z INFO  worker::batch_maker] Batch xAI05sMI+RNVpMrdiEI/461Y8sYvZbfRrbbvd1HMWhs= contains sample tx 1899
[2026-04-19T03:26:29.710Z INFO  worker::batch_maker] Batch xAI05sMI+RNVpMrdiEI/461Y8sYvZbfRrbbvd1HMWhs= contains 243200 B
[2026-04-19T03:26:29.761Z INFO  worker::batch_maker] Batch 0XQG3ThP1m9i8kk2H5+rcZtKvEmLZg10fzLGpMPwjfc= contains sample tx 1900
[2026-04-19T03:26:29.761Z INFO  worker::batch_maker] Batch 0XQG3ThP1m9i8kk2H5+rcZtKvEmLZg10fzLGpMPwjfc= contains 204800 B
[2026-04-19T03:26:29.813Z INFO  worker::batch_maker] Batch 3C9+H+Hrk982IT20W51oVEOa5thVZxuAfMLwyOjGwSQ= contains sample tx 1901
[2026-04-19T03:26:29.813Z INFO  worker::batch_maker] Batch 3C9+H+Hrk982IT20W51oVEOa5thVZxuAfMLwyOjGwSQ= contains 204800 B
[2026-04-19T03:26:29.865Z INFO  worker::batch_maker] Batch njbWjqAVa90Vx+YECTXQB730PpKZDQCQMpSt8wcDqfk= contains sample tx 1902
[2026-04-19T03:26:29.865Z INFO  worker::batch_maker] Batch njbWjqAVa90Vx+YECTXQB730PpKZDQCQMpSt8wcDqfk= contains 204800 B
[2026-04-19T03:26:29.917Z INFO  worker::batch_maker] Batch ldmLUeMBy6OM1q+xtWZPkdGwpNv+kJymKBAiOCjD2Ck= contains sample tx 1903
[2026-04-19T03:26:29.918Z INFO  worker::batch_maker] Batch ldmLUeMBy6OM1q+xtWZPkdGwpNv+kJymKBAiOCjD2Ck= contains 204800 B
[2026-04-19T03:26:29.970Z INFO  worker::batch_maker] Batch EvdZliRwJpOkhCokcCnOz6lBQDQQBh/SH5aCS3AA47M= contains sample tx 1904
[2026-04-19T03:26:29.970Z INFO  worker::batch_maker] Batch EvdZliRwJpOkhCokcCnOz6lBQDQQBh/SH5aCS3AA47M= contains 204800 B
[2026-04-19T03:26:30.022Z INFO  worker::batch_maker] Batch TpnIvVjV3VJJdErjw/P7HNWYMJuN+vQghWoNVfztZrE= contains sample tx 1905
[2026-04-19T03:26:30.023Z INFO  worker::batch_maker] Batch TpnIvVjV3VJJdErjw/P7HNWYMJuN+vQghWoNVfztZrE= contains 204800 B
[2026-04-19T03:26:30.074Z INFO  worker::batch_maker] Batch iKT2vbXc6i+fOCq+1I8kP1Ayjci+kRKxP96sGRUQCjs= contains sample tx 1906
[2026-04-19T03:26:30.074Z INFO  worker::batch_maker] Batch iKT2vbXc6i+fOCq+1I8kP1Ayjci+kRKxP96sGRUQCjs= contains 204800 B
[2026-04-19T03:26:30.127Z INFO  worker::batch_maker] Batch /HmV19NENhVpQzCU7kVUYzUMm+lixaKJhAQxPr/a4uo= contains sample tx 1907
[2026-04-19T03:26:30.127Z INFO  worker::batch_maker] Batch /HmV19NENhVpQzCU7kVUYzUMm+lixaKJhAQxPr/a4uo= contains 204800 B
[2026-04-19T03:26:30.179Z INFO  worker::batch_maker] Batch Z0XMvJleN4Fn6xC8zaTu22VTwp8u86Wzzvlm0Q0m8tk= contains sample tx 1908
[2026-04-19T03:26:30.179Z INFO  worker::batch_maker] Batch Z0XMvJleN4Fn6xC8zaTu22VTwp8u86Wzzvlm0Q0m8tk= contains 204800 B
[2026-04-19T03:26:30.231Z INFO  worker::batch_maker] Batch lIUR98rLyl2AxKQnvZ5ewAeRQ+MAGyah3O/+8T8sSi0= contains sample tx 1909
[2026-04-19T03:26:30.231Z INFO  worker::batch_maker] Batch lIUR98rLyl2AxKQnvZ5ewAeRQ+MAGyah3O/+8T8sSi0= contains 204800 B
[2026-04-19T03:26:30.284Z INFO  worker::batch_maker] Batch vhb3sHzDzz8g4bLtLqYpfvgd1Ju7j9FdNEIGVX4ELQM= contains sample tx 1910
[2026-04-19T03:26:30.284Z INFO  worker::batch_maker] Batch vhb3sHzDzz8g4bLtLqYpfvgd1Ju7j9FdNEIGVX4ELQM= contains 204800 B
[2026-04-19T03:26:30.335Z INFO  worker::batch_maker] Batch sS/ZPTr20DtKIG4ZINKc+8vZIsPOp9Nbx77/Y1PGL/4= contains sample tx 1911
[2026-04-19T03:26:30.335Z INFO  worker::batch_maker] Batch sS/ZPTr20DtKIG4ZINKc+8vZIsPOp9Nbx77/Y1PGL/4= contains 204800 B
[2026-04-19T03:26:30.388Z INFO  worker::batch_maker] Batch RZOqDak0mySahUBNfAgr62sbLHaQix+kdz+q6/no+PI= contains sample tx 1912
[2026-04-19T03:26:30.388Z INFO  worker::batch_maker] Batch RZOqDak0mySahUBNfAgr62sbLHaQix+kdz+q6/no+PI= contains 204800 B
[2026-04-19T03:26:30.440Z INFO  worker::batch_maker] Batch pkCZ+fDMsoFIbO7HFeNTzIEQyInzzoNoG08dx0u4z4o= contains sample tx 1913
[2026-04-19T03:26:30.440Z INFO  worker::batch_maker] Batch pkCZ+fDMsoFIbO7HFeNTzIEQyInzzoNoG08dx0u4z4o= contains 204800 B
[2026-04-19T03:26:30.493Z INFO  worker::batch_maker] Batch bBD/VSZYKdZKrtStDPG6VKqIxQhUR36dlYMfJU6KR58= contains sample tx 1914
[2026-04-19T03:26:30.493Z INFO  worker::batch_maker] Batch bBD/VSZYKdZKrtStDPG6VKqIxQhUR36dlYMfJU6KR58= contains 204800 B
[2026-04-19T03:26:30.546Z INFO  worker::batch_maker] Batch 3KVhtBennjCGiRFw9ydrLo+ALXdcQP9RigRn7ct3dys= contains sample tx 1915
[2026-04-19T03:26:30.546Z INFO  worker::batch_maker] Batch 3KVhtBennjCGiRFw9ydrLo+ALXdcQP9RigRn7ct3dys= contains 204800 B
[2026-04-19T03:26:30.597Z INFO  worker::batch_maker] Batch Z0yxEShvDArKwuBR/L2Fikg+dTnuOqxXG2Qu7mbANj0= contains sample tx 1916
[2026-04-19T03:26:30.597Z INFO  worker::batch_maker] Batch Z0yxEShvDArKwuBR/L2Fikg+dTnuOqxXG2Qu7mbANj0= contains 204800 B
[2026-04-19T03:26:30.650Z INFO  worker::batch_maker] Batch qOoNuKH/VKvqHQnjHk9a1ARSusAHi+XpWN6XAriHj68= contains sample tx 1917
[2026-04-19T03:26:30.650Z INFO  worker::batch_maker] Batch qOoNuKH/VKvqHQnjHk9a1ARSusAHi+XpWN6XAriHj68= contains 204800 B
[2026-04-19T03:26:30.703Z INFO  worker::batch_maker] Batch KiW3iGHCFAKY0H3YUJTpjg867WReiMipvEZJOl47guc= contains sample tx 1918
[2026-04-19T03:26:30.703Z INFO  worker::batch_maker] Batch KiW3iGHCFAKY0H3YUJTpjg867WReiMipvEZJOl47guc= contains 204800 B
[2026-04-19T03:26:30.755Z INFO  worker::batch_maker] Batch Kki5Q4KJJhUXOcCMMUd6uJ210px7R/UyMQpLG9NzTFw= contains sample tx 1919
[2026-04-19T03:26:30.755Z INFO  worker::batch_maker] Batch Kki5Q4KJJhUXOcCMMUd6uJ210px7R/UyMQpLG9NzTFw= contains 297472 B
[2026-04-19T03:26:30.810Z INFO  worker::batch_maker] Batch KGpOjTyAmn7Sg/3538BgRH+3DA4O5XeJGLyli0FBD+4= contains sample tx 1920
[2026-04-19T03:26:30.810Z INFO  worker::batch_maker] Batch KGpOjTyAmn7Sg/3538BgRH+3DA4O5XeJGLyli0FBD+4= contains sample tx 1921
[2026-04-19T03:26:30.810Z INFO  worker::batch_maker] Batch KGpOjTyAmn7Sg/3538BgRH+3DA4O5XeJGLyli0FBD+4= contains 316928 B
[2026-04-19T03:26:30.867Z INFO  worker::batch_maker] Batch Dt+3LoIG/7Yd1vxFw0KwmjTJbzg/X/zAHSt/bJFF7XE= contains sample tx 1922
[2026-04-19T03:26:30.867Z INFO  worker::batch_maker] Batch Dt+3LoIG/7Yd1vxFw0KwmjTJbzg/X/zAHSt/bJFF7XE= contains 204800 B
[2026-04-19T03:26:30.919Z INFO  worker::batch_maker] Batch s+2LULZDwkt87ox9Hwrc9xswR2+f3Yp3D//C6Sx9hd4= contains sample tx 1923
[2026-04-19T03:26:30.919Z INFO  worker::batch_maker] Batch s+2LULZDwkt87ox9Hwrc9xswR2+f3Yp3D//C6Sx9hd4= contains 204800 B
[2026-04-19T03:26:30.972Z INFO  worker::batch_maker] Batch 5G2E1O84rwW0VnURoo3w1VmQJd507Tjv4b9xYrX7/YE= contains sample tx 1924
[2026-04-19T03:26:30.972Z INFO  worker::batch_maker] Batch 5G2E1O84rwW0VnURoo3w1VmQJd507Tjv4b9xYrX7/YE= contains 204800 B
[2026-04-19T03:26:31.023Z INFO  worker::batch_maker] Batch CsEMFGkC/lJoOgIrTGn4/O1u09WnAw8O6eDSs5iotxo= contains sample tx 1925
[2026-04-19T03:26:31.023Z INFO  worker::batch_maker] Batch CsEMFGkC/lJoOgIrTGn4/O1u09WnAw8O6eDSs5iotxo= contains 204800 B
[2026-04-19T03:26:31.075Z INFO  worker::batch_maker] Batch dO9TBTawiitznIyvzBeM9I+5FobltrP5ZgRyVj+IQk8= contains sample tx 1926
[2026-04-19T03:26:31.075Z INFO  worker::batch_maker] Batch dO9TBTawiitznIyvzBeM9I+5FobltrP5ZgRyVj+IQk8= contains 204800 B
[2026-04-19T03:26:31.127Z INFO  worker::batch_maker] Batch t9VVsOoFXWltwObzIYnaSI82Mk4nQp2a1JCl+C8XJrU= contains sample tx 1927
[2026-04-19T03:26:31.127Z INFO  worker::batch_maker] Batch t9VVsOoFXWltwObzIYnaSI82Mk4nQp2a1JCl+C8XJrU= contains 204800 B
[2026-04-19T03:26:31.181Z INFO  worker::batch_maker] Batch l3szq7FNe9+Gi/fZnyeNsIytqcDYXnE8C6nELAKSExo= contains sample tx 1928
[2026-04-19T03:26:31.181Z INFO  worker::batch_maker] Batch l3szq7FNe9+Gi/fZnyeNsIytqcDYXnE8C6nELAKSExo= contains 204800 B
[2026-04-19T03:26:31.234Z INFO  worker::batch_maker] Batch BBgbYi9d9xJakQ2qaBIRm8PtWsAfvpP9vk4YqttvOPk= contains sample tx 1929
[2026-04-19T03:26:31.234Z INFO  worker::batch_maker] Batch BBgbYi9d9xJakQ2qaBIRm8PtWsAfvpP9vk4YqttvOPk= contains 204800 B
[2026-04-19T03:26:31.286Z INFO  worker::batch_maker] Batch yUcOMw5AjHeIREj3e3rnJhwH2ecY/vSy7aJ0Z42rhV4= contains sample tx 1930
[2026-04-19T03:26:31.286Z INFO  worker::batch_maker] Batch yUcOMw5AjHeIREj3e3rnJhwH2ecY/vSy7aJ0Z42rhV4= contains 204800 B
[2026-04-19T03:26:31.339Z INFO  worker::batch_maker] Batch YwAdY0siNlevxf54bYAqfmT9fkjSjgDRw8y5HV4YvXQ= contains sample tx 1931
[2026-04-19T03:26:31.339Z INFO  worker::batch_maker] Batch YwAdY0siNlevxf54bYAqfmT9fkjSjgDRw8y5HV4YvXQ= contains 204800 B
[2026-04-19T03:26:31.391Z INFO  worker::batch_maker] Batch TiM21wcCyWGHAt62tzNIRSxRdAQBiZJ86BZU857Yi7s= contains sample tx 1932
[2026-04-19T03:26:31.391Z INFO  worker::batch_maker] Batch TiM21wcCyWGHAt62tzNIRSxRdAQBiZJ86BZU857Yi7s= contains 204800 B
[2026-04-19T03:26:31.442Z INFO  worker::batch_maker] Batch bT+WBOqIt5xBxhaCB26wFOatcAuD4AjpOBfWimvrgfQ= contains sample tx 1933
[2026-04-19T03:26:31.442Z INFO  worker::batch_maker] Batch bT+WBOqIt5xBxhaCB26wFOatcAuD4AjpOBfWimvrgfQ= contains 204800 B
[2026-04-19T03:26:31.495Z INFO  worker::batch_maker] Batch N33AgwXtM4u6b+6RfitQv6pY+YvHS0Ph9yxdTIfjIw8= contains sample tx 1934
[2026-04-19T03:26:31.495Z INFO  worker::batch_maker] Batch N33AgwXtM4u6b+6RfitQv6pY+YvHS0Ph9yxdTIfjIw8= contains 204800 B
[2026-04-19T03:26:31.547Z INFO  worker::batch_maker] Batch PzhLN+KEDwJVexzaze8yxYzRoVGdZlXA2fU45AjCjQ4= contains sample tx 1935
[2026-04-19T03:26:31.547Z INFO  worker::batch_maker] Batch PzhLN+KEDwJVexzaze8yxYzRoVGdZlXA2fU45AjCjQ4= contains 204800 B
[2026-04-19T03:26:31.600Z INFO  worker::batch_maker] Batch iQAS2SFQr0JIRL1CY81ItyWHTHpXh11KjyhqCU/1Jjs= contains sample tx 1936
[2026-04-19T03:26:31.600Z INFO  worker::batch_maker] Batch iQAS2SFQr0JIRL1CY81ItyWHTHpXh11KjyhqCU/1Jjs= contains 204800 B
[2026-04-19T03:26:31.652Z INFO  worker::batch_maker] Batch ruhlvAYqSHp3Lq8JV5EgpIBMyDeu53dCuk8bRPpZvJs= contains sample tx 1937
[2026-04-19T03:26:31.652Z INFO  worker::batch_maker] Batch ruhlvAYqSHp3Lq8JV5EgpIBMyDeu53dCuk8bRPpZvJs= contains 204800 B
[2026-04-19T03:26:31.705Z INFO  worker::batch_maker] Batch /0necLWoS7kuy545+TADjPLQGR0dEeZtiCAtXbOgFXA= contains sample tx 1938
[2026-04-19T03:26:31.705Z INFO  worker::batch_maker] Batch /0necLWoS7kuy545+TADjPLQGR0dEeZtiCAtXbOgFXA= contains sample tx 1939
[2026-04-19T03:26:31.705Z INFO  worker::batch_maker] Batch /0necLWoS7kuy545+TADjPLQGR0dEeZtiCAtXbOgFXA= contains 394752 B
[2026-04-19T03:26:31.758Z INFO  worker::batch_maker] Batch oYbMAih/juW/BWJdoQKqu35dEvb25sbQkJVckafHpY8= contains sample tx 1940
[2026-04-19T03:26:31.758Z INFO  worker::batch_maker] Batch oYbMAih/juW/BWJdoQKqu35dEvb25sbQkJVckafHpY8= contains 219648 B
[2026-04-19T03:26:31.811Z INFO  worker::batch_maker] Batch 4cN9Hir/m94GOliZc6psncyxqI8ojT6kqn4awLJ3qko= contains sample tx 1941
[2026-04-19T03:26:31.811Z INFO  worker::batch_maker] Batch 4cN9Hir/m94GOliZc6psncyxqI8ojT6kqn4awLJ3qko= contains 204800 B
[2026-04-19T03:26:31.864Z INFO  worker::batch_maker] Batch FFCkaFVfe1mjw5c8q5AE2vY+VPY9Q4aYPIHQH9lFmno= contains sample tx 1942
[2026-04-19T03:26:31.864Z INFO  worker::batch_maker] Batch FFCkaFVfe1mjw5c8q5AE2vY+VPY9Q4aYPIHQH9lFmno= contains 204800 B
[2026-04-19T03:26:31.916Z INFO  worker::batch_maker] Batch swOXHQcUBHiTanUu3QUHa7XPLbzv2JXogQSlxM2F2Fc= contains sample tx 1943
[2026-04-19T03:26:31.916Z INFO  worker::batch_maker] Batch swOXHQcUBHiTanUu3QUHa7XPLbzv2JXogQSlxM2F2Fc= contains 204800 B
[2026-04-19T03:26:31.969Z INFO  worker::batch_maker] Batch 31H87zsj52IiABJttYxL458PD4mLfqMH1jQyl+Q5jNY= contains sample tx 1944
[2026-04-19T03:26:31.969Z INFO  worker::batch_maker] Batch 31H87zsj52IiABJttYxL458PD4mLfqMH1jQyl+Q5jNY= contains 204800 B
[2026-04-19T03:26:32.021Z INFO  worker::batch_maker] Batch WeFLrbLuoQ60gX+j0mX1MVEOs18DexqElThtawYv0Dg= contains sample tx 1945
[2026-04-19T03:26:32.021Z INFO  worker::batch_maker] Batch WeFLrbLuoQ60gX+j0mX1MVEOs18DexqElThtawYv0Dg= contains 204800 B
[2026-04-19T03:26:32.074Z INFO  worker::batch_maker] Batch ML/AAOBwP2wJqnlAoR1kFWIV6aDWiCmszTVYm8VKbjs= contains sample tx 1946
[2026-04-19T03:26:32.074Z INFO  worker::batch_maker] Batch ML/AAOBwP2wJqnlAoR1kFWIV6aDWiCmszTVYm8VKbjs= contains 204800 B
[2026-04-19T03:26:32.127Z INFO  worker::batch_maker] Batch 7dRXj1yWLF2z26Ddt3Yr4C3VzflfyEa89NN5y4D5alg= contains sample tx 1947
[2026-04-19T03:26:32.127Z INFO  worker::batch_maker] Batch 7dRXj1yWLF2z26Ddt3Yr4C3VzflfyEa89NN5y4D5alg= contains 204800 B
[2026-04-19T03:26:32.179Z INFO  worker::batch_maker] Batch TrtSiGfvpYk6rjCxQk0Ol0b9c84yXeOwM9erA3ZTeBs= contains sample tx 1948
[2026-04-19T03:26:32.179Z INFO  worker::batch_maker] Batch TrtSiGfvpYk6rjCxQk0Ol0b9c84yXeOwM9erA3ZTeBs= contains 204800 B
[2026-04-19T03:26:32.231Z INFO  worker::batch_maker] Batch OUefCDRFhGbxXbJbFT/MpMdiADuq4Luqk7dXlc7D+ow= contains sample tx 1949
[2026-04-19T03:26:32.231Z INFO  worker::batch_maker] Batch OUefCDRFhGbxXbJbFT/MpMdiADuq4Luqk7dXlc7D+ow= contains 204800 B
[2026-04-19T03:26:32.285Z INFO  worker::batch_maker] Batch FZxrwBD42bFX7V7L56YF1gZTaXajDqbS1Peht/+GazU= contains sample tx 1950
[2026-04-19T03:26:32.285Z INFO  worker::batch_maker] Batch FZxrwBD42bFX7V7L56YF1gZTaXajDqbS1Peht/+GazU= contains 204800 B
[2026-04-19T03:26:32.337Z INFO  worker::batch_maker] Batch ztzURcbwav6/tZC1jHX8b2Khx9UQ1356EDaSjYPrIZc= contains sample tx 1951
[2026-04-19T03:26:32.337Z INFO  worker::batch_maker] Batch ztzURcbwav6/tZC1jHX8b2Khx9UQ1356EDaSjYPrIZc= contains 204800 B
[2026-04-19T03:26:32.394Z INFO  worker::batch_maker] Batch wO2Iuk4INQqoag9c9w46RDGkPd9h6w0Ak9Ui/3YdHMY= contains sample tx 1952
[2026-04-19T03:26:32.394Z INFO  worker::batch_maker] Batch wO2Iuk4INQqoag9c9w46RDGkPd9h6w0Ak9Ui/3YdHMY= contains 204800 B
[2026-04-19T03:26:32.447Z INFO  worker::batch_maker] Batch mo8e11kJuF7cxGeGJsg6nGEUmZ3gOOoaUHnmh8sMbLo= contains sample tx 1953
[2026-04-19T03:26:32.447Z INFO  worker::batch_maker] Batch mo8e11kJuF7cxGeGJsg6nGEUmZ3gOOoaUHnmh8sMbLo= contains 204800 B
[2026-04-19T03:26:32.500Z INFO  worker::batch_maker] Batch JyzaCleQDAKmB/2BLG18Jb6Kr90Fmw+aDIj51RV87dc= contains sample tx 1954
[2026-04-19T03:26:32.500Z INFO  worker::batch_maker] Batch JyzaCleQDAKmB/2BLG18Jb6Kr90Fmw+aDIj51RV87dc= contains 204800 B
[2026-04-19T03:26:32.553Z INFO  worker::batch_maker] Batch qzI8Axlyvlqy/RHz1CKSejXphfRAw6yd5cUkepWhAks= contains sample tx 1955
[2026-04-19T03:26:32.553Z INFO  worker::batch_maker] Batch qzI8Axlyvlqy/RHz1CKSejXphfRAw6yd5cUkepWhAks= contains 204800 B
[2026-04-19T03:26:32.607Z INFO  worker::batch_maker] Batch hZeOuihQ/PvGeduwijgtS3x4rfZ8WGvTn4N3aP6wMUU= contains sample tx 1956
[2026-04-19T03:26:32.607Z INFO  worker::batch_maker] Batch hZeOuihQ/PvGeduwijgtS3x4rfZ8WGvTn4N3aP6wMUU= contains 284160 B
[2026-04-19T03:26:32.660Z INFO  worker::batch_maker] Batch W6BHA1b1k+WDb6fYyxoT340aOtNvsKGJwgnpFdqoaZ4= contains sample tx 1957
[2026-04-19T03:26:32.660Z INFO  worker::batch_maker] Batch W6BHA1b1k+WDb6fYyxoT340aOtNvsKGJwgnpFdqoaZ4= contains sample tx 1958
[2026-04-19T03:26:32.660Z INFO  worker::batch_maker] Batch W6BHA1b1k+WDb6fYyxoT340aOtNvsKGJwgnpFdqoaZ4= contains 330240 B
[2026-04-19T03:26:32.713Z INFO  worker::batch_maker] Batch f9CN3xt3xcX6+INrNikj2KRJqSho2RBKkKw9eCO8UEk= contains sample tx 1959
[2026-04-19T03:26:32.713Z INFO  worker::batch_maker] Batch f9CN3xt3xcX6+INrNikj2KRJqSho2RBKkKw9eCO8UEk= contains 204800 B
[2026-04-19T03:26:32.764Z INFO  worker::batch_maker] Batch tseKneqf7c9A2vdZw9EF4gRtgibqspY/PY/52oduhU4= contains sample tx 1960
[2026-04-19T03:26:32.764Z INFO  worker::batch_maker] Batch tseKneqf7c9A2vdZw9EF4gRtgibqspY/PY/52oduhU4= contains 204800 B
[2026-04-19T03:26:32.816Z INFO  worker::batch_maker] Batch uqC+H1ytpgZ7d9lPw2l3h6S1mNZh4440sBLiVTPSqsU= contains sample tx 1961
[2026-04-19T03:26:32.816Z INFO  worker::batch_maker] Batch uqC+H1ytpgZ7d9lPw2l3h6S1mNZh4440sBLiVTPSqsU= contains 204800 B
[2026-04-19T03:26:32.870Z INFO  worker::batch_maker] Batch r5CXyQI49zSFGfrEejpNCeyxAgwkr9lcJ0q7nA1WS5Y= contains sample tx 1962
[2026-04-19T03:26:32.871Z INFO  worker::batch_maker] Batch r5CXyQI49zSFGfrEejpNCeyxAgwkr9lcJ0q7nA1WS5Y= contains 204800 B
[2026-04-19T03:26:32.923Z INFO  worker::batch_maker] Batch ASe/ugjDX9tZZAjOsPtUxlWLLLsyxgkS/HpGjuaEJQw= contains sample tx 1963
[2026-04-19T03:26:32.923Z INFO  worker::batch_maker] Batch ASe/ugjDX9tZZAjOsPtUxlWLLLsyxgkS/HpGjuaEJQw= contains 204800 B
[2026-04-19T03:26:32.975Z INFO  worker::batch_maker] Batch 9ERAkvfZA9nuNLzPihU/4vUBDEGvTIF9ry+tNbRj3lc= contains sample tx 1964
[2026-04-19T03:26:32.975Z INFO  worker::batch_maker] Batch 9ERAkvfZA9nuNLzPihU/4vUBDEGvTIF9ry+tNbRj3lc= contains 204800 B
[2026-04-19T03:26:33.028Z INFO  worker::batch_maker] Batch rqCzRkmU1Y6LtYk/PiYP13lgFcSkrUPKVgl7RYT7lUY= contains sample tx 1965
[2026-04-19T03:26:33.028Z INFO  worker::batch_maker] Batch rqCzRkmU1Y6LtYk/PiYP13lgFcSkrUPKVgl7RYT7lUY= contains 204800 B
[2026-04-19T03:26:33.081Z INFO  worker::batch_maker] Batch fB/CkYDF30TiQ1slkiQpz5aUBeZQfzkZhyCRQxc8nS8= contains sample tx 1966
[2026-04-19T03:26:33.081Z INFO  worker::batch_maker] Batch fB/CkYDF30TiQ1slkiQpz5aUBeZQfzkZhyCRQxc8nS8= contains 204800 B
[2026-04-19T03:26:33.134Z INFO  worker::batch_maker] Batch PZW+SgCg/6tZ98q27sPYukZHc1pNeGK4+1fwy8chSR0= contains sample tx 1967
[2026-04-19T03:26:33.134Z INFO  worker::batch_maker] Batch PZW+SgCg/6tZ98q27sPYukZHc1pNeGK4+1fwy8chSR0= contains 204800 B
[2026-04-19T03:26:33.188Z INFO  worker::batch_maker] Batch U7zH89Or/0GDxq7bMXmYrVxo64MCbAlterFBInf90yk= contains sample tx 1968
[2026-04-19T03:26:33.188Z INFO  worker::batch_maker] Batch U7zH89Or/0GDxq7bMXmYrVxo64MCbAlterFBInf90yk= contains 204800 B
[2026-04-19T03:26:33.242Z INFO  worker::batch_maker] Batch Mnwm9+IaAl9ZkLeFNFYszDtFnV15cYgptp+Am8bPcrc= contains sample tx 1969
[2026-04-19T03:26:33.242Z INFO  worker::batch_maker] Batch Mnwm9+IaAl9ZkLeFNFYszDtFnV15cYgptp+Am8bPcrc= contains 204800 B
[2026-04-19T03:26:33.295Z INFO  worker::batch_maker] Batch 4Kbn23coJ0VopsPcIgTq0frQl3fnmbOIhCtsUmsVmtI= contains sample tx 1970
[2026-04-19T03:26:33.295Z INFO  worker::batch_maker] Batch 4Kbn23coJ0VopsPcIgTq0frQl3fnmbOIhCtsUmsVmtI= contains 204800 B
[2026-04-19T03:26:33.349Z INFO  worker::batch_maker] Batch tnzV+JHfXrjsrOpgfa9B04rCLoO2JYFVloAqGFdx0JQ= contains sample tx 1971
[2026-04-19T03:26:33.349Z INFO  worker::batch_maker] Batch tnzV+JHfXrjsrOpgfa9B04rCLoO2JYFVloAqGFdx0JQ= contains 204800 B
[2026-04-19T03:26:33.402Z INFO  worker::batch_maker] Batch jRsQiKE7NaOJ+5vUv0A4wWigk8eIwubokrw1Ar3Jupc= contains sample tx 1972
[2026-04-19T03:26:33.402Z INFO  worker::batch_maker] Batch jRsQiKE7NaOJ+5vUv0A4wWigk8eIwubokrw1Ar3Jupc= contains 204800 B
[2026-04-19T03:26:33.455Z INFO  worker::batch_maker] Batch 3i7BVmI3G5pjmWs/NQ5vIDcqse3xyjRVgIdE0IiW+tM= contains sample tx 1973
[2026-04-19T03:26:33.455Z INFO  worker::batch_maker] Batch 3i7BVmI3G5pjmWs/NQ5vIDcqse3xyjRVgIdE0IiW+tM= contains 258560 B
[2026-04-19T03:26:33.510Z INFO  worker::batch_maker] Batch eluqUmJLM7+df2K6ISDV8gNID7iq/Xni02uH+tDURL4= contains sample tx 1974
[2026-04-19T03:26:33.510Z INFO  worker::batch_maker] Batch eluqUmJLM7+df2K6ISDV8gNID7iq/Xni02uH+tDURL4= contains sample tx 1975
[2026-04-19T03:26:33.510Z INFO  worker::batch_maker] Batch eluqUmJLM7+df2K6ISDV8gNID7iq/Xni02uH+tDURL4= contains 355840 B
[2026-04-19T03:26:33.563Z INFO  worker::batch_maker] Batch nCfQm8QpAgDZVvzQirs62GWPo7y4fS6sQbPpzwjABMc= contains sample tx 1976
[2026-04-19T03:26:33.563Z INFO  worker::batch_maker] Batch nCfQm8QpAgDZVvzQirs62GWPo7y4fS6sQbPpzwjABMc= contains 204800 B
[2026-04-19T03:26:33.619Z INFO  worker::batch_maker] Batch /enQ+Y9bzinkcofXcW0Zv4aKhYjREHNGcX2H9qSasUI= contains sample tx 1977
[2026-04-19T03:26:33.619Z INFO  worker::batch_maker] Batch /enQ+Y9bzinkcofXcW0Zv4aKhYjREHNGcX2H9qSasUI= contains 204800 B
[2026-04-19T03:26:33.673Z INFO  worker::batch_maker] Batch 9fSs87vzMA1fMqGeMHqp+ian+jKuMeaQRQLYESzGNCM= contains sample tx 1978
[2026-04-19T03:26:33.673Z INFO  worker::batch_maker] Batch 9fSs87vzMA1fMqGeMHqp+ian+jKuMeaQRQLYESzGNCM= contains 204800 B
[2026-04-19T03:26:33.726Z INFO  worker::batch_maker] Batch aMfUXg7qF3f8UBPgDFJQHkwSWlDTcTiWGN8ppDkwrn0= contains sample tx 1979
[2026-04-19T03:26:33.726Z INFO  worker::batch_maker] Batch aMfUXg7qF3f8UBPgDFJQHkwSWlDTcTiWGN8ppDkwrn0= contains 204800 B
[2026-04-19T03:26:33.779Z INFO  worker::batch_maker] Batch FxZUSx3Y7wncYBXnnWokwVS2PC4dvRL7gHWAvT84UZc= contains sample tx 1980
[2026-04-19T03:26:33.779Z INFO  worker::batch_maker] Batch FxZUSx3Y7wncYBXnnWokwVS2PC4dvRL7gHWAvT84UZc= contains 204800 B
[2026-04-19T03:26:33.832Z INFO  worker::batch_maker] Batch pNpUiOiLSzHyp6Qzc5HQY2MJyC9lvpkdl+3ORS9aJ34= contains sample tx 1981
[2026-04-19T03:26:33.832Z INFO  worker::batch_maker] Batch pNpUiOiLSzHyp6Qzc5HQY2MJyC9lvpkdl+3ORS9aJ34= contains 204800 B
[2026-04-19T03:26:33.884Z INFO  worker::batch_maker] Batch EHaeqkXws/5QnU5cwZZ75SCp1t2nZThbGvY5DSnZGT4= contains sample tx 1982
[2026-04-19T03:26:33.884Z INFO  worker::batch_maker] Batch EHaeqkXws/5QnU5cwZZ75SCp1t2nZThbGvY5DSnZGT4= contains 204800 B
[2026-04-19T03:26:33.938Z INFO  worker::batch_maker] Batch yaZjFYmYMljpqYDy1y9J0Kq/vcTsgSFlJsDLdWYMjEQ= contains sample tx 1983
[2026-04-19T03:26:33.938Z INFO  worker::batch_maker] Batch yaZjFYmYMljpqYDy1y9J0Kq/vcTsgSFlJsDLdWYMjEQ= contains 204800 B
[2026-04-19T03:26:33.991Z INFO  worker::batch_maker] Batch txTNF0hTlp+5AxIMBgMD/7g5EMQrzuvb+fSGvJ/VM1s= contains sample tx 1984
[2026-04-19T03:26:33.991Z INFO  worker::batch_maker] Batch txTNF0hTlp+5AxIMBgMD/7g5EMQrzuvb+fSGvJ/VM1s= contains 204800 B
[2026-04-19T03:26:34.044Z INFO  worker::batch_maker] Batch FkIbcxYpUXxgi6VJKpXYY5G19WG5aV+4KVsqYDWr2A4= contains sample tx 1985
[2026-04-19T03:26:34.045Z INFO  worker::batch_maker] Batch FkIbcxYpUXxgi6VJKpXYY5G19WG5aV+4KVsqYDWr2A4= contains 204800 B
[2026-04-19T03:26:34.096Z INFO  worker::batch_maker] Batch v60Sk9xkQ+ls+M0xNq2lg/7QrTXv00sG1UywlnA8W5M= contains sample tx 1986
[2026-04-19T03:26:34.096Z INFO  worker::batch_maker] Batch v60Sk9xkQ+ls+M0xNq2lg/7QrTXv00sG1UywlnA8W5M= contains 204800 B
[2026-04-19T03:26:34.148Z INFO  worker::batch_maker] Batch l58h1MRFXnlbY1DREG322zCQi8E/KYZuXNKpedWBXxE= contains sample tx 1987
[2026-04-19T03:26:34.149Z INFO  worker::batch_maker] Batch l58h1MRFXnlbY1DREG322zCQi8E/KYZuXNKpedWBXxE= contains 204800 B
[2026-04-19T03:26:34.201Z INFO  worker::batch_maker] Batch xOmUxF7zqkGbZFQgNmWConqtdPTSfsPMs871cPOW9Wg= contains sample tx 1988
[2026-04-19T03:26:34.201Z INFO  worker::batch_maker] Batch xOmUxF7zqkGbZFQgNmWConqtdPTSfsPMs871cPOW9Wg= contains 204800 B
[2026-04-19T03:26:34.253Z INFO  worker::batch_maker] Batch yQknGJ6pV30pMVQM/n0F9Dmsr1+pBBsFeys6tpmR1ws= contains sample tx 1989
[2026-04-19T03:26:34.253Z INFO  worker::batch_maker] Batch yQknGJ6pV30pMVQM/n0F9Dmsr1+pBBsFeys6tpmR1ws= contains 244224 B
[2026-04-19T03:26:34.307Z INFO  worker::batch_maker] Batch mZL191azV88AoScZ/+xSskX040odfpDvl9RJN3DAlsE= contains sample tx 1990
[2026-04-19T03:26:34.307Z INFO  worker::batch_maker] Batch mZL191azV88AoScZ/+xSskX040odfpDvl9RJN3DAlsE= contains sample tx 1991
[2026-04-19T03:26:34.307Z INFO  worker::batch_maker] Batch mZL191azV88AoScZ/+xSskX040odfpDvl9RJN3DAlsE= contains 370176 B
[2026-04-19T03:26:34.359Z INFO  worker::batch_maker] Batch JbILx0RXQteF276IrP63aXBKAG2bcRhJ4/h2VVja07k= contains sample tx 1992
[2026-04-19T03:26:34.359Z INFO  worker::batch_maker] Batch JbILx0RXQteF276IrP63aXBKAG2bcRhJ4/h2VVja07k= contains 204800 B
[2026-04-19T03:26:34.411Z INFO  worker::batch_maker] Batch oM1DlwqqUzVVydlMa15nUFM+8iZTz9/SAzst/XBDt8g= contains sample tx 1993
[2026-04-19T03:26:34.411Z INFO  worker::batch_maker] Batch oM1DlwqqUzVVydlMa15nUFM+8iZTz9/SAzst/XBDt8g= contains 204800 B
[2026-04-19T03:26:34.463Z INFO  worker::batch_maker] Batch pGmBPCbtfwrhUFhHFZruduJhMWmUOrpVK6ew2L04QbM= contains sample tx 1994
[2026-04-19T03:26:34.463Z INFO  worker::batch_maker] Batch pGmBPCbtfwrhUFhHFZruduJhMWmUOrpVK6ew2L04QbM= contains 204800 B
[2026-04-19T03:26:34.515Z INFO  worker::batch_maker] Batch urAfu6dRE6ySwtrbylYscpEOA3D7LcZ2fNW+D9jxycI= contains sample tx 1995
[2026-04-19T03:26:34.515Z INFO  worker::batch_maker] Batch urAfu6dRE6ySwtrbylYscpEOA3D7LcZ2fNW+D9jxycI= contains 204800 B
[2026-04-19T03:26:34.566Z INFO  worker::batch_maker] Batch cy2t/xcOLqMiSGYnziYr3x6cVcmfHO3BMKb9wqGGKvM= contains sample tx 1996
[2026-04-19T03:26:34.566Z INFO  worker::batch_maker] Batch cy2t/xcOLqMiSGYnziYr3x6cVcmfHO3BMKb9wqGGKvM= contains 204800 B
[2026-04-19T03:26:34.618Z INFO  worker::batch_maker] Batch DhD5w3DBfIiy9BLMsYLPgCQqfPlh9Ljwc5n+AbtjrQo= contains sample tx 1997
[2026-04-19T03:26:34.618Z INFO  worker::batch_maker] Batch DhD5w3DBfIiy9BLMsYLPgCQqfPlh9Ljwc5n+AbtjrQo= contains 204800 B
[2026-04-19T03:26:34.670Z INFO  worker::batch_maker] Batch +v4BD28ywDDre+b5r4okeGXuP/YKotXnTB8n+wkJOzw= contains sample tx 1998
[2026-04-19T03:26:34.670Z INFO  worker::batch_maker] Batch +v4BD28ywDDre+b5r4okeGXuP/YKotXnTB8n+wkJOzw= contains 204800 B
[2026-04-19T03:26:34.723Z INFO  worker::batch_maker] Batch vP4hBC3/4wMwBaEyxYec4FfaZupeWLUHYJI43UleYZM= contains sample tx 1999
[2026-04-19T03:26:34.723Z INFO  worker::batch_maker] Batch vP4hBC3/4wMwBaEyxYec4FfaZupeWLUHYJI43UleYZM= contains 204800 B
[2026-04-19T03:26:34.774Z INFO  worker::batch_maker] Batch rjfi+Z6114+vRZxXc4vCXl4NX5Hw2Lx4mBpA4I9p1VU= contains sample tx 2000
[2026-04-19T03:26:34.774Z INFO  worker::batch_maker] Batch rjfi+Z6114+vRZxXc4vCXl4NX5Hw2Lx4mBpA4I9p1VU= contains 204800 B
[2026-04-19T03:26:34.826Z INFO  worker::batch_maker] Batch SiutjezjqS8zm7Rgn6hy41GPoxzln5koBTIehRS3MOY= contains sample tx 2001
[2026-04-19T03:26:34.826Z INFO  worker::batch_maker] Batch SiutjezjqS8zm7Rgn6hy41GPoxzln5koBTIehRS3MOY= contains 204800 B
[2026-04-19T03:26:34.879Z INFO  worker::batch_maker] Batch AwPkS2CoUvtVaQzTuiIWIwYZHxXdWK/K9qdqSkLzAIw= contains sample tx 2002
[2026-04-19T03:26:34.879Z INFO  worker::batch_maker] Batch AwPkS2CoUvtVaQzTuiIWIwYZHxXdWK/K9qdqSkLzAIw= contains 204800 B
[2026-04-19T03:26:34.931Z INFO  worker::batch_maker] Batch CVMLUTyQskPj85n+h7DExxv43VRLNZGqKudBoV4f2aA= contains sample tx 2003
[2026-04-19T03:26:34.931Z INFO  worker::batch_maker] Batch CVMLUTyQskPj85n+h7DExxv43VRLNZGqKudBoV4f2aA= contains 204800 B
[2026-04-19T03:26:34.983Z INFO  worker::batch_maker] Batch iKECvcRl0z7qev9HLKRBfrEmKtqE5cd2eB7RbOSUJXY= contains sample tx 2004
[2026-04-19T03:26:34.983Z INFO  worker::batch_maker] Batch iKECvcRl0z7qev9HLKRBfrEmKtqE5cd2eB7RbOSUJXY= contains 204800 B
[2026-04-19T03:26:35.034Z INFO  worker::batch_maker] Batch OKJKAV+N5jPvg24jXuhKsHYA4X+bHsLDRIdoKwYHcIc= contains sample tx 2005
[2026-04-19T03:26:35.034Z INFO  worker::batch_maker] Batch OKJKAV+N5jPvg24jXuhKsHYA4X+bHsLDRIdoKwYHcIc= contains 204800 B
[2026-04-19T03:26:35.086Z INFO  worker::batch_maker] Batch l4391GfpL/gP3wU6qPGqSeE4fi9MpJFeHMbW/WKWips= contains sample tx 2006
[2026-04-19T03:26:35.086Z INFO  worker::batch_maker] Batch l4391GfpL/gP3wU6qPGqSeE4fi9MpJFeHMbW/WKWips= contains 204800 B
[2026-04-19T03:26:35.138Z INFO  worker::batch_maker] Batch yhscVpz3+3Vm9VSzGEE5LjV5PLlWiYHCbrwoflep5XQ= contains sample tx 2007
[2026-04-19T03:26:35.138Z INFO  worker::batch_maker] Batch yhscVpz3+3Vm9VSzGEE5LjV5PLlWiYHCbrwoflep5XQ= contains 204800 B
[2026-04-19T03:26:35.192Z INFO  worker::batch_maker] Batch YvnczAaITWIlQY90hFT45ctSo6L4pcVkNL3oSrz1e68= contains sample tx 2008
[2026-04-19T03:26:35.192Z INFO  worker::batch_maker] Batch YvnczAaITWIlQY90hFT45ctSo6L4pcVkNL3oSrz1e68= contains 204800 B
[2026-04-19T03:26:35.245Z INFO  worker::batch_maker] Batch qBOndvAkDW07UNH902Rsktsvepm2zOD0UKe1cDDZzYo= contains sample tx 2009
[2026-04-19T03:26:35.245Z INFO  worker::batch_maker] Batch qBOndvAkDW07UNH902Rsktsvepm2zOD0UKe1cDDZzYo= contains 204800 B
[2026-04-19T03:26:35.299Z INFO  worker::batch_maker] Batch /7vAbPVOO0L9ZFnyJGn9dZ4le82wOnnMGDApn/UR9ZI= contains sample tx 2010
[2026-04-19T03:26:35.299Z INFO  worker::batch_maker] Batch /7vAbPVOO0L9ZFnyJGn9dZ4le82wOnnMGDApn/UR9ZI= contains 204800 B
[2026-04-19T03:26:35.352Z INFO  worker::batch_maker] Batch 2I0bqLT2KlVXLY8PBttonkxeAyrivheh85I/BNJJe8U= contains sample tx 2011
[2026-04-19T03:26:35.352Z INFO  worker::batch_maker] Batch 2I0bqLT2KlVXLY8PBttonkxeAyrivheh85I/BNJJe8U= contains 204800 B
[2026-04-19T03:26:35.406Z INFO  worker::batch_maker] Batch 36+JRJkFCecP+03oJYzxDjGkLIFWjfeq3tNpp0rChw8= contains sample tx 2012
[2026-04-19T03:26:35.406Z INFO  worker::batch_maker] Batch 36+JRJkFCecP+03oJYzxDjGkLIFWjfeq3tNpp0rChw8= contains sample tx 2013
[2026-04-19T03:26:35.406Z INFO  worker::batch_maker] Batch 36+JRJkFCecP+03oJYzxDjGkLIFWjfeq3tNpp0rChw8= contains 268288 B
[2026-04-19T03:26:35.461Z INFO  worker::batch_maker] Batch 8otMLMI+tX8U8mNLuy8X3Jz648JaRg0Dq1suS4GjYZ8= contains sample tx 2014
[2026-04-19T03:26:35.461Z INFO  worker::batch_maker] Batch 8otMLMI+tX8U8mNLuy8X3Jz648JaRg0Dq1suS4GjYZ8= contains 312320 B
[2026-04-19T03:26:35.514Z INFO  worker::batch_maker] Batch ScGOmBWMbf4dY49lNMvjTcv+zV42NxIuhiC/oUQIKfM= contains sample tx 2015
[2026-04-19T03:26:35.514Z INFO  worker::batch_maker] Batch ScGOmBWMbf4dY49lNMvjTcv+zV42NxIuhiC/oUQIKfM= contains 238592 B
[2026-04-19T03:26:35.568Z INFO  worker::batch_maker] Batch 4DroTu2ZdZwtAfysEOIzFN0LeOF+5x/u2k4EoyvxDjM= contains sample tx 2016
[2026-04-19T03:26:35.568Z INFO  worker::batch_maker] Batch 4DroTu2ZdZwtAfysEOIzFN0LeOF+5x/u2k4EoyvxDjM= contains 204800 B
[2026-04-19T03:26:35.622Z INFO  worker::batch_maker] Batch yiFLmHi+FUSYr8vFOskJIumOgsQyEIXo/DoJz3poY8o= contains sample tx 2017
[2026-04-19T03:26:35.622Z INFO  worker::batch_maker] Batch yiFLmHi+FUSYr8vFOskJIumOgsQyEIXo/DoJz3poY8o= contains 204800 B
[2026-04-19T03:26:35.676Z INFO  worker::batch_maker] Batch kWs0XBFbEHj2O0qFQX0QpUXQyxc65D+ZDuqXARZgxRM= contains sample tx 2018
[2026-04-19T03:26:35.676Z INFO  worker::batch_maker] Batch kWs0XBFbEHj2O0qFQX0QpUXQyxc65D+ZDuqXARZgxRM= contains 204800 B
[2026-04-19T03:26:35.730Z INFO  worker::batch_maker] Batch TNjUf8ooNR8kG+hePjFcTp+dcXGGiVGhIoqAHrlc7jU= contains sample tx 2019
[2026-04-19T03:26:35.730Z INFO  worker::batch_maker] Batch TNjUf8ooNR8kG+hePjFcTp+dcXGGiVGhIoqAHrlc7jU= contains 204800 B
[2026-04-19T03:26:35.782Z INFO  worker::batch_maker] Batch 6d3Sr1wTtYR5UBJwvgxITzeB6w0q6PwFoTZ+xwYhtjg= contains sample tx 2020
[2026-04-19T03:26:35.782Z INFO  worker::batch_maker] Batch 6d3Sr1wTtYR5UBJwvgxITzeB6w0q6PwFoTZ+xwYhtjg= contains 204800 B
[2026-04-19T03:26:35.837Z INFO  worker::batch_maker] Batch XYlEchlrW7M+R6Q1lfEM5APKk8OlakrleHbDqSKW9TE= contains sample tx 2021
[2026-04-19T03:26:35.837Z INFO  worker::batch_maker] Batch XYlEchlrW7M+R6Q1lfEM5APKk8OlakrleHbDqSKW9TE= contains 204800 B
[2026-04-19T03:26:35.889Z INFO  worker::batch_maker] Batch y6jgo0m9V/nLJ9YnK0lLMOkALC9uvACwEBxqjiX9U/o= contains sample tx 2022
[2026-04-19T03:26:35.889Z INFO  worker::batch_maker] Batch y6jgo0m9V/nLJ9YnK0lLMOkALC9uvACwEBxqjiX9U/o= contains 204800 B
[2026-04-19T03:26:35.942Z INFO  worker::batch_maker] Batch fJ5O/aKcWamsNXt6D8QDG/A++cdxVr1fha2mtrR7oSI= contains sample tx 2023
[2026-04-19T03:26:35.942Z INFO  worker::batch_maker] Batch fJ5O/aKcWamsNXt6D8QDG/A++cdxVr1fha2mtrR7oSI= contains 204800 B
[2026-04-19T03:26:35.995Z INFO  worker::batch_maker] Batch sFmrxdK8LOBFEgOXAKw+Pfv6BBeJsqtm6yQtDbDXFKI= contains sample tx 2024
[2026-04-19T03:26:35.995Z INFO  worker::batch_maker] Batch sFmrxdK8LOBFEgOXAKw+Pfv6BBeJsqtm6yQtDbDXFKI= contains 204800 B
[2026-04-19T03:26:36.047Z INFO  worker::batch_maker] Batch FmOYopSlxNYEQjHK1UNwmkiVUFM63RBTr6AG9SlIRYw= contains sample tx 2025
[2026-04-19T03:26:36.047Z INFO  worker::batch_maker] Batch FmOYopSlxNYEQjHK1UNwmkiVUFM63RBTr6AG9SlIRYw= contains 204800 B
[2026-04-19T03:26:36.100Z INFO  worker::batch_maker] Batch w+7FDnGfM0XWULQX/amQCDhLOZNVy4EUx5f5PDFnr+A= contains sample tx 2026
[2026-04-19T03:26:36.100Z INFO  worker::batch_maker] Batch w+7FDnGfM0XWULQX/amQCDhLOZNVy4EUx5f5PDFnr+A= contains 204800 B
[2026-04-19T03:26:36.152Z INFO  worker::batch_maker] Batch dKE9WndUpB7ULOxW0Cm9139d/cNRkQ+/nLGo3jSfEaI= contains sample tx 2027
[2026-04-19T03:26:36.152Z INFO  worker::batch_maker] Batch dKE9WndUpB7ULOxW0Cm9139d/cNRkQ+/nLGo3jSfEaI= contains 204800 B
[2026-04-19T03:26:36.205Z INFO  worker::batch_maker] Batch RsY4isjxd9vXSaaiB6mMDhYu3R7U2CfjrizT9hYlo2Q= contains sample tx 2028
[2026-04-19T03:26:36.205Z INFO  worker::batch_maker] Batch RsY4isjxd9vXSaaiB6mMDhYu3R7U2CfjrizT9hYlo2Q= contains 205312 B
[2026-04-19T03:26:36.258Z INFO  worker::batch_maker] Batch Issp5CDXe/N2O0nPRFVKPmmM/snpfcx9oPbGYfsYsF4= contains sample tx 2029
[2026-04-19T03:26:36.258Z INFO  worker::batch_maker] Batch Issp5CDXe/N2O0nPRFVKPmmM/snpfcx9oPbGYfsYsF4= contains sample tx 2030
[2026-04-19T03:26:36.258Z INFO  worker::batch_maker] Batch Issp5CDXe/N2O0nPRFVKPmmM/snpfcx9oPbGYfsYsF4= contains 409088 B
[2026-04-19T03:26:36.310Z INFO  worker::batch_maker] Batch e8K5bn+SPIBuYseOFCMTsgt0csso6C9pSsXaaQL6kdk= contains sample tx 2031
[2026-04-19T03:26:36.310Z INFO  worker::batch_maker] Batch e8K5bn+SPIBuYseOFCMTsgt0csso6C9pSsXaaQL6kdk= contains 204800 B
[2026-04-19T03:26:36.363Z INFO  worker::batch_maker] Batch wjjh/AwLWwAvhlKcSnDHSp8rT5h/xLP4V6EWqZLpSB4= contains sample tx 2032
[2026-04-19T03:26:36.363Z INFO  worker::batch_maker] Batch wjjh/AwLWwAvhlKcSnDHSp8rT5h/xLP4V6EWqZLpSB4= contains 204800 B
[2026-04-19T03:26:36.415Z INFO  worker::batch_maker] Batch HUmPSehc03V8cTztxF5BI4Iq8YnRJSMaodmoPIAT5+4= contains sample tx 2033
[2026-04-19T03:26:36.415Z INFO  worker::batch_maker] Batch HUmPSehc03V8cTztxF5BI4Iq8YnRJSMaodmoPIAT5+4= contains 204800 B
[2026-04-19T03:26:36.467Z INFO  worker::batch_maker] Batch +yGr4urosVXHXUGW8lSKLX3/5PGVyFUuvGfjb4S/RPI= contains sample tx 2034
[2026-04-19T03:26:36.467Z INFO  worker::batch_maker] Batch +yGr4urosVXHXUGW8lSKLX3/5PGVyFUuvGfjb4S/RPI= contains 204800 B
[2026-04-19T03:26:36.519Z INFO  worker::batch_maker] Batch ptv/QfT599jMKPuZ6E6XbEX0sFf+5XouRg1wKoZjY4c= contains sample tx 2035
[2026-04-19T03:26:36.519Z INFO  worker::batch_maker] Batch ptv/QfT599jMKPuZ6E6XbEX0sFf+5XouRg1wKoZjY4c= contains 204800 B
[2026-04-19T03:26:36.572Z INFO  worker::batch_maker] Batch p++WUWKAIiBmtt1uD7oHZYfGjqyei5Ga91U2vlEKP4Y= contains sample tx 2036
[2026-04-19T03:26:36.572Z INFO  worker::batch_maker] Batch p++WUWKAIiBmtt1uD7oHZYfGjqyei5Ga91U2vlEKP4Y= contains 204800 B
[2026-04-19T03:26:36.624Z INFO  worker::batch_maker] Batch 2+a1DoE4VB23sMn2iAE5l9hdd2ECfW1HqHwRArza2hg= contains sample tx 2037
[2026-04-19T03:26:36.624Z INFO  worker::batch_maker] Batch 2+a1DoE4VB23sMn2iAE5l9hdd2ECfW1HqHwRArza2hg= contains 204800 B
[2026-04-19T03:26:36.676Z INFO  worker::batch_maker] Batch +I2DdqvgDw5x91Wyg5I6fH9CFNYQs1VdIhK8jvzdzdE= contains sample tx 2038
[2026-04-19T03:26:36.676Z INFO  worker::batch_maker] Batch +I2DdqvgDw5x91Wyg5I6fH9CFNYQs1VdIhK8jvzdzdE= contains 204800 B
[2026-04-19T03:26:36.728Z INFO  worker::batch_maker] Batch faQeLc2wBb6Ph29GeXXxUCT5yI/K8OXWIM/sfuZE2jg= contains sample tx 2039
[2026-04-19T03:26:36.728Z INFO  worker::batch_maker] Batch faQeLc2wBb6Ph29GeXXxUCT5yI/K8OXWIM/sfuZE2jg= contains 204800 B
[2026-04-19T03:26:36.781Z INFO  worker::batch_maker] Batch KdMEY7XUkLLqrVp1FnmmZYK1QYgO4OowrjquxM9O3qw= contains sample tx 2040
[2026-04-19T03:26:36.781Z INFO  worker::batch_maker] Batch KdMEY7XUkLLqrVp1FnmmZYK1QYgO4OowrjquxM9O3qw= contains 204800 B
[2026-04-19T03:26:36.834Z INFO  worker::batch_maker] Batch +g/zwFnbmTLsZMb/Gq9aN1TgF4BD6Qso5OmKyoy507o= contains sample tx 2041
[2026-04-19T03:26:36.834Z INFO  worker::batch_maker] Batch +g/zwFnbmTLsZMb/Gq9aN1TgF4BD6Qso5OmKyoy507o= contains 204800 B
[2026-04-19T03:26:36.885Z INFO  worker::batch_maker] Batch tUYsxcZgfTL3AJdAcM/FdPLXiEnkK2zhGH79Fcb3ME0= contains sample tx 2042
[2026-04-19T03:26:36.885Z INFO  worker::batch_maker] Batch tUYsxcZgfTL3AJdAcM/FdPLXiEnkK2zhGH79Fcb3ME0= contains 204800 B
[2026-04-19T03:26:36.938Z INFO  worker::batch_maker] Batch o4Zs2I1YzqOy/Z1IpsYi9mULGNWYiJHP5s1qPGKjbgE= contains sample tx 2043
[2026-04-19T03:26:36.938Z INFO  worker::batch_maker] Batch o4Zs2I1YzqOy/Z1IpsYi9mULGNWYiJHP5s1qPGKjbgE= contains 204800 B
[2026-04-19T03:26:36.991Z INFO  worker::batch_maker] Batch ejR0aGcF7DkgoeXGB+vTzHB5UOgx+L/7z/4S3BJGbyU= contains sample tx 2044
[2026-04-19T03:26:36.991Z INFO  worker::batch_maker] Batch ejR0aGcF7DkgoeXGB+vTzHB5UOgx+L/7z/4S3BJGbyU= contains 204800 B
[2026-04-19T03:26:37.042Z INFO  worker::batch_maker] Batch 5h80F3F979e9bwgy9fld49m1Gp1OiCjquIXh5cgsxvQ= contains sample tx 2045
[2026-04-19T03:26:37.042Z INFO  worker::batch_maker] Batch 5h80F3F979e9bwgy9fld49m1Gp1OiCjquIXh5cgsxvQ= contains 204800 B
[2026-04-19T03:26:37.095Z INFO  worker::batch_maker] Batch 4z+SSLWSE5mxnpMiwrz5OQnTnjVTh3o2lG59iQmovl4= contains sample tx 2046
[2026-04-19T03:26:37.095Z INFO  worker::batch_maker] Batch 4z+SSLWSE5mxnpMiwrz5OQnTnjVTh3o2lG59iQmovl4= contains 204800 B
[2026-04-19T03:26:37.148Z INFO  worker::batch_maker] Batch YE7i/SbfE1qjCbWIldIrrxEXhtXOYAjq9I0WQoFu7rU= contains sample tx 2047
[2026-04-19T03:26:37.148Z INFO  worker::batch_maker] Batch YE7i/SbfE1qjCbWIldIrrxEXhtXOYAjq9I0WQoFu7rU= contains 204800 B
[2026-04-19T03:26:37.201Z INFO  worker::batch_maker] Batch qYR680+WT+pZqHJTmf1C3B58MtjvR/BvpR1+MQDZcO8= contains sample tx 2048
[2026-04-19T03:26:37.201Z INFO  worker::batch_maker] Batch qYR680+WT+pZqHJTmf1C3B58MtjvR/BvpR1+MQDZcO8= contains 204800 B
[2026-04-19T03:26:37.252Z INFO  worker::batch_maker] Batch +YuiS0cOPri1RA4+XtbM5h2suu9nbjMo2ztXW/BAAMo= contains sample tx 2049
[2026-04-19T03:26:37.253Z INFO  worker::batch_maker] Batch +YuiS0cOPri1RA4+XtbM5h2suu9nbjMo2ztXW/BAAMo= contains 204800 B
[2026-04-19T03:26:37.306Z INFO  worker::batch_maker] Batch l1TkqXB/UylJBrmPs/1irpYd8DpeYA+ImLvkagcQ6KI= contains sample tx 2050
[2026-04-19T03:26:37.306Z INFO  worker::batch_maker] Batch l1TkqXB/UylJBrmPs/1irpYd8DpeYA+ImLvkagcQ6KI= contains sample tx 2051
[2026-04-19T03:26:37.306Z INFO  worker::batch_maker] Batch l1TkqXB/UylJBrmPs/1irpYd8DpeYA+ImLvkagcQ6KI= contains 409600 B
[2026-04-19T03:26:37.358Z INFO  worker::batch_maker] Batch qQMMuQ54h9UT/7ImYFQZBWCdjcI3/yuvzKr2MehQI/8= contains sample tx 2052
[2026-04-19T03:26:37.358Z INFO  worker::batch_maker] Batch qQMMuQ54h9UT/7ImYFQZBWCdjcI3/yuvzKr2MehQI/8= contains 204800 B
[2026-04-19T03:26:37.409Z INFO  worker::batch_maker] Batch zfafXmLQhwjSq/D3Z5815+HZAsIXFPu5m05ffDUnFUo= contains sample tx 2053
[2026-04-19T03:26:37.409Z INFO  worker::batch_maker] Batch zfafXmLQhwjSq/D3Z5815+HZAsIXFPu5m05ffDUnFUo= contains 204800 B
[2026-04-19T03:26:37.461Z INFO  worker::batch_maker] Batch f1VAAIwMeOWvUlc4azcTkIyJm9fmCLR485MyU4/gS/M= contains sample tx 2054
[2026-04-19T03:26:37.461Z INFO  worker::batch_maker] Batch f1VAAIwMeOWvUlc4azcTkIyJm9fmCLR485MyU4/gS/M= contains 204800 B
[2026-04-19T03:26:37.514Z INFO  worker::batch_maker] Batch SKXuIR1+2XceZ9vlyZUrF9JtfeAj84CEpcnKlKtci2c= contains sample tx 2055
[2026-04-19T03:26:37.514Z INFO  worker::batch_maker] Batch SKXuIR1+2XceZ9vlyZUrF9JtfeAj84CEpcnKlKtci2c= contains 204800 B
[2026-04-19T03:26:37.567Z INFO  worker::batch_maker] Batch rFoiRIMe2swItSI5FrOGvuykKXR6QmNEFIBmJrTA1Tc= contains sample tx 2056
[2026-04-19T03:26:37.567Z INFO  worker::batch_maker] Batch rFoiRIMe2swItSI5FrOGvuykKXR6QmNEFIBmJrTA1Tc= contains 204800 B
[2026-04-19T03:26:37.619Z INFO  worker::batch_maker] Batch KEv3z5pfar3t5el+L8R6CZ3d1sfwA0ysS4H9/loZJB4= contains sample tx 2057
[2026-04-19T03:26:37.619Z INFO  worker::batch_maker] Batch KEv3z5pfar3t5el+L8R6CZ3d1sfwA0ysS4H9/loZJB4= contains 204800 B
[2026-04-19T03:26:37.672Z INFO  worker::batch_maker] Batch NRYbgoCbxOD4PcI7j2W39x5K6JWeWs5ToilHrT8biTo= contains sample tx 2058
[2026-04-19T03:26:37.672Z INFO  worker::batch_maker] Batch NRYbgoCbxOD4PcI7j2W39x5K6JWeWs5ToilHrT8biTo= contains 204800 B
[2026-04-19T03:26:37.723Z INFO  worker::batch_maker] Batch Lby73fmGBmHYFSSHHlyPczMgB1JTM8W/5Q5t1/GOscY= contains sample tx 2059
[2026-04-19T03:26:37.723Z INFO  worker::batch_maker] Batch Lby73fmGBmHYFSSHHlyPczMgB1JTM8W/5Q5t1/GOscY= contains 204800 B
[2026-04-19T03:26:37.776Z INFO  worker::batch_maker] Batch ihXU4Bc67cZHlxYz7X702fbOnXlOfRcMoeqM2p6NItg= contains sample tx 2060
[2026-04-19T03:26:37.776Z INFO  worker::batch_maker] Batch ihXU4Bc67cZHlxYz7X702fbOnXlOfRcMoeqM2p6NItg= contains 204800 B
[2026-04-19T03:26:37.829Z INFO  worker::batch_maker] Batch m64mZRF6DB2XyfmlAWKmppiVhwW5eFwPlzk8/Ds/8pY= contains sample tx 2061
[2026-04-19T03:26:37.829Z INFO  worker::batch_maker] Batch m64mZRF6DB2XyfmlAWKmppiVhwW5eFwPlzk8/Ds/8pY= contains 204800 B
[2026-04-19T03:26:37.881Z INFO  worker::batch_maker] Batch +s2WDawLu3IsLsf/567MQurbRbBgP0Iu/3b8MkQSVBI= contains sample tx 2062
[2026-04-19T03:26:37.881Z INFO  worker::batch_maker] Batch +s2WDawLu3IsLsf/567MQurbRbBgP0Iu/3b8MkQSVBI= contains 204800 B
[2026-04-19T03:26:37.934Z INFO  worker::batch_maker] Batch p+u6phzvsNoKTBqlsVJ1dzXQOpZ/ux1GN0wEcn5vpWg= contains sample tx 2063
[2026-04-19T03:26:37.934Z INFO  worker::batch_maker] Batch p+u6phzvsNoKTBqlsVJ1dzXQOpZ/ux1GN0wEcn5vpWg= contains 204800 B
[2026-04-19T03:26:37.987Z INFO  worker::batch_maker] Batch FyS6nEaHwdFSYA9EQXij7Jw40sOpiVRKvu6rXMKppgk= contains sample tx 2064
[2026-04-19T03:26:37.987Z INFO  worker::batch_maker] Batch FyS6nEaHwdFSYA9EQXij7Jw40sOpiVRKvu6rXMKppgk= contains 204800 B
[2026-04-19T03:26:38.041Z INFO  worker::batch_maker] Batch s6nDK5HYdQIs1RjCcaTrK0B9cmcQhdLFZNDADKSVxkY= contains sample tx 2065
[2026-04-19T03:26:38.041Z INFO  worker::batch_maker] Batch s6nDK5HYdQIs1RjCcaTrK0B9cmcQhdLFZNDADKSVxkY= contains 204800 B
[2026-04-19T03:26:38.094Z INFO  worker::batch_maker] Batch Smsoy88G06u11XStCSJyOaTW5uuse5Ce0VSqC7bT8V4= contains sample tx 2066
[2026-04-19T03:26:38.094Z INFO  worker::batch_maker] Batch Smsoy88G06u11XStCSJyOaTW5uuse5Ce0VSqC7bT8V4= contains 204800 B
[2026-04-19T03:26:38.146Z INFO  worker::batch_maker] Batch tSN5tY/2jsbXzJgi4KsDkBk1FTgORoSDgvOU3XNu1Lg= contains sample tx 2067
[2026-04-19T03:26:38.146Z INFO  worker::batch_maker] Batch tSN5tY/2jsbXzJgi4KsDkBk1FTgORoSDgvOU3XNu1Lg= contains 204800 B
[2026-04-19T03:26:38.199Z INFO  worker::batch_maker] Batch RfGxdZYpg8CJXaouoBaDdGSr8gAKTiHHBRuXI/jO83M= contains sample tx 2068
[2026-04-19T03:26:38.199Z INFO  worker::batch_maker] Batch RfGxdZYpg8CJXaouoBaDdGSr8gAKTiHHBRuXI/jO83M= contains 204800 B
[2026-04-19T03:26:38.251Z INFO  worker::batch_maker] Batch oWARNSU+VvnsDgCK13U7Jz9jE/soVs4JJZSikdyeHIQ= contains sample tx 2069
[2026-04-19T03:26:38.251Z INFO  worker::batch_maker] Batch oWARNSU+VvnsDgCK13U7Jz9jE/soVs4JJZSikdyeHIQ= contains 204800 B
[2026-04-19T03:26:38.302Z INFO  worker::batch_maker] Batch MTUv4UsVlRTEoLX7sJ2AUet9CoVH4ZcR+NXJYKgoiyo= contains sample tx 2070
[2026-04-19T03:26:38.302Z INFO  worker::batch_maker] Batch MTUv4UsVlRTEoLX7sJ2AUet9CoVH4ZcR+NXJYKgoiyo= contains 204800 B
[2026-04-19T03:26:38.355Z INFO  worker::batch_maker] Batch XMM1lzHSvr97gKmyHMYMzun64F8lIMuBTe/FV/IUPc4= contains sample tx 2071
[2026-04-19T03:26:38.355Z INFO  worker::batch_maker] Batch XMM1lzHSvr97gKmyHMYMzun64F8lIMuBTe/FV/IUPc4= contains sample tx 2072
[2026-04-19T03:26:38.355Z INFO  worker::batch_maker] Batch XMM1lzHSvr97gKmyHMYMzun64F8lIMuBTe/FV/IUPc4= contains 250368 B
[2026-04-19T03:26:38.408Z INFO  worker::batch_maker] Batch syou0LMdo7Nlb/FKchPBY/pHz8LNU8N+bnSwXU50MpE= contains sample tx 2073
[2026-04-19T03:26:38.408Z INFO  worker::batch_maker] Batch syou0LMdo7Nlb/FKchPBY/pHz8LNU8N+bnSwXU50MpE= contains 295936 B
[2026-04-19T03:26:38.461Z INFO  worker::batch_maker] Batch kQR+mABf1IsO4PVGO105BxnbdZS/mnsNcLghqFbH01w= contains sample tx 2074
[2026-04-19T03:26:38.461Z INFO  worker::batch_maker] Batch kQR+mABf1IsO4PVGO105BxnbdZS/mnsNcLghqFbH01w= contains 272896 B
[2026-04-19T03:26:38.513Z INFO  worker::batch_maker] Batch RPMif13RAnD8qfyALfd89Z01XXf3pCng0NAPo4ppAyI= contains sample tx 2075
[2026-04-19T03:26:38.513Z INFO  worker::batch_maker] Batch RPMif13RAnD8qfyALfd89Z01XXf3pCng0NAPo4ppAyI= contains 204800 B
[2026-04-19T03:26:38.566Z INFO  worker::batch_maker] Batch a5Wb4utaOi1DEvf1h6RfOhnQz+kRJmrhJ7ktewLCDZc= contains sample tx 2076
[2026-04-19T03:26:38.566Z INFO  worker::batch_maker] Batch a5Wb4utaOi1DEvf1h6RfOhnQz+kRJmrhJ7ktewLCDZc= contains 204800 B
[2026-04-19T03:26:38.620Z INFO  worker::batch_maker] Batch g/VYwIAVstp/bWkFfaKx90F13BowBBrkpIIDm3uYVnw= contains sample tx 2077
[2026-04-19T03:26:38.620Z INFO  worker::batch_maker] Batch g/VYwIAVstp/bWkFfaKx90F13BowBBrkpIIDm3uYVnw= contains 204800 B
[2026-04-19T03:26:38.673Z INFO  worker::batch_maker] Batch AsL1y0IxM7rHYfEqYrsqaRRrS4F1N5MOBBMkgGCBwa4= contains sample tx 2078
[2026-04-19T03:26:38.673Z INFO  worker::batch_maker] Batch AsL1y0IxM7rHYfEqYrsqaRRrS4F1N5MOBBMkgGCBwa4= contains 204800 B
[2026-04-19T03:26:38.725Z INFO  worker::batch_maker] Batch tAXp4I5TGgtKDpBN/TyIWpzb7R4CNzCN1rQSuoCTwc4= contains sample tx 2079
[2026-04-19T03:26:38.725Z INFO  worker::batch_maker] Batch tAXp4I5TGgtKDpBN/TyIWpzb7R4CNzCN1rQSuoCTwc4= contains 204800 B
[2026-04-19T03:26:38.779Z INFO  worker::batch_maker] Batch dL/fdJn+z5Q4Ka+TW7BOe4fFlEexF14KVbD55O5af3Y= contains sample tx 2080
[2026-04-19T03:26:38.779Z INFO  worker::batch_maker] Batch dL/fdJn+z5Q4Ka+TW7BOe4fFlEexF14KVbD55O5af3Y= contains 204800 B
[2026-04-19T03:26:38.832Z INFO  worker::batch_maker] Batch pl0mK5o1Fdn++EuF8yEYx08rJr9AiJBW6SVr4AFYoCI= contains sample tx 2081
[2026-04-19T03:26:38.832Z INFO  worker::batch_maker] Batch pl0mK5o1Fdn++EuF8yEYx08rJr9AiJBW6SVr4AFYoCI= contains 204800 B
[2026-04-19T03:26:38.884Z INFO  worker::batch_maker] Batch ponLsXBFMWNntuHGzslbhijeJ1q8y4cH7mf0IKOv4Do= contains sample tx 2082
[2026-04-19T03:26:38.884Z INFO  worker::batch_maker] Batch ponLsXBFMWNntuHGzslbhijeJ1q8y4cH7mf0IKOv4Do= contains 204800 B
[2026-04-19T03:26:38.938Z INFO  worker::batch_maker] Batch 3SKOoDW+HnicB1KZoHB/D46vF31+BM9sWqd+kG1bHYU= contains sample tx 2083
[2026-04-19T03:26:38.938Z INFO  worker::batch_maker] Batch 3SKOoDW+HnicB1KZoHB/D46vF31+BM9sWqd+kG1bHYU= contains 204800 B
[2026-04-19T03:26:38.990Z INFO  worker::batch_maker] Batch P6pJxXCJqY9CJhVknIiviktxymIBdgRZdXX4j6zv/mc= contains sample tx 2084
[2026-04-19T03:26:38.990Z INFO  worker::batch_maker] Batch P6pJxXCJqY9CJhVknIiviktxymIBdgRZdXX4j6zv/mc= contains 204800 B
[2026-04-19T03:26:39.041Z INFO  worker::batch_maker] Batch ZXfnEUMyDOCkxL7n0sQMcXwBo+e3UnJdQNvRfK97R90= contains sample tx 2085
[2026-04-19T03:26:39.041Z INFO  worker::batch_maker] Batch ZXfnEUMyDOCkxL7n0sQMcXwBo+e3UnJdQNvRfK97R90= contains 204800 B
[2026-04-19T03:26:39.094Z INFO  worker::batch_maker] Batch IfgTmyE/c1pXlcnfvKpDZ2nyUv65MgtXaqIw7hmJE4I= contains sample tx 2086
[2026-04-19T03:26:39.094Z INFO  worker::batch_maker] Batch IfgTmyE/c1pXlcnfvKpDZ2nyUv65MgtXaqIw7hmJE4I= contains 204800 B
[2026-04-19T03:26:39.146Z INFO  worker::batch_maker] Batch Rr1MtcmsphVdxDU0GAbmG0T2CFLxW3snwwWxEgVFIis= contains sample tx 2087
[2026-04-19T03:26:39.146Z INFO  worker::batch_maker] Batch Rr1MtcmsphVdxDU0GAbmG0T2CFLxW3snwwWxEgVFIis= contains 204800 B
[2026-04-19T03:26:39.199Z INFO  worker::batch_maker] Batch 8p4A2CgQ9xKRNKfeuzuaF5RNrK3og1L5DfuNpgeXofY= contains sample tx 2088
[2026-04-19T03:26:39.199Z INFO  worker::batch_maker] Batch 8p4A2CgQ9xKRNKfeuzuaF5RNrK3og1L5DfuNpgeXofY= contains 204800 B
[2026-04-19T03:26:39.251Z INFO  worker::batch_maker] Batch TWnwfqKKlyVO+jx5aXwvqJdb9Aq48YiJcOFlgd4Lv8k= contains sample tx 2089
[2026-04-19T03:26:39.251Z INFO  worker::batch_maker] Batch TWnwfqKKlyVO+jx5aXwvqJdb9Aq48YiJcOFlgd4Lv8k= contains 204800 B
[2026-04-19T03:26:39.304Z INFO  worker::batch_maker] Batch JDWrJxxdM+71VXjNbZZgEMY+2GNJ3JHUoDK+PyzxMNE= contains sample tx 2090
[2026-04-19T03:26:39.304Z INFO  worker::batch_maker] Batch JDWrJxxdM+71VXjNbZZgEMY+2GNJ3JHUoDK+PyzxMNE= contains 239616 B
[2026-04-19T03:26:39.357Z INFO  worker::batch_maker] Batch 7x/qmqJYyuUoDFLNYIkCbpqPUoekYvmMF3UlRfJbf8I= contains sample tx 2091
[2026-04-19T03:26:39.357Z INFO  worker::batch_maker] Batch 7x/qmqJYyuUoDFLNYIkCbpqPUoekYvmMF3UlRfJbf8I= contains sample tx 2092
[2026-04-19T03:26:39.357Z INFO  worker::batch_maker] Batch 7x/qmqJYyuUoDFLNYIkCbpqPUoekYvmMF3UlRfJbf8I= contains 374784 B
[2026-04-19T03:26:39.410Z INFO  worker::batch_maker] Batch w+KL5N6ltDGqdZoUB/CM4W3vXpYaAV9KYgZ8QiNgV3s= contains sample tx 2093
[2026-04-19T03:26:39.410Z INFO  worker::batch_maker] Batch w+KL5N6ltDGqdZoUB/CM4W3vXpYaAV9KYgZ8QiNgV3s= contains 204800 B
[2026-04-19T03:26:39.463Z INFO  worker::batch_maker] Batch ymqbJn6pdlxtPAecvwCEuNVdATJZljUz7VPImHNGwEc= contains sample tx 2094
[2026-04-19T03:26:39.463Z INFO  worker::batch_maker] Batch ymqbJn6pdlxtPAecvwCEuNVdATJZljUz7VPImHNGwEc= contains 204800 B
[2026-04-19T03:26:39.516Z INFO  worker::batch_maker] Batch VAWGcMp9Tvx7QKFyFhuImIQUNiArcpGs5s1YFKvHeN8= contains sample tx 2095
[2026-04-19T03:26:39.516Z INFO  worker::batch_maker] Batch VAWGcMp9Tvx7QKFyFhuImIQUNiArcpGs5s1YFKvHeN8= contains 204800 B
[2026-04-19T03:26:39.569Z INFO  worker::batch_maker] Batch A1fsdCDAb6jaJZspazibWGbBG7kSLn8hhwtO5LDUAB0= contains sample tx 2096
[2026-04-19T03:26:39.569Z INFO  worker::batch_maker] Batch A1fsdCDAb6jaJZspazibWGbBG7kSLn8hhwtO5LDUAB0= contains 204800 B
[2026-04-19T03:26:39.621Z INFO  worker::batch_maker] Batch WDo6CrwgczCzdVq/B6TAn0JjhkrlmqwXgTYjEXxpGPY= contains sample tx 2097
[2026-04-19T03:26:39.621Z INFO  worker::batch_maker] Batch WDo6CrwgczCzdVq/B6TAn0JjhkrlmqwXgTYjEXxpGPY= contains 204800 B
[2026-04-19T03:26:39.676Z INFO  worker::batch_maker] Batch U55Cg4kTPLV6OmzYmo3pbjopL30Vn5lg/91gNQHxwvM= contains sample tx 2098
[2026-04-19T03:26:39.676Z INFO  worker::batch_maker] Batch U55Cg4kTPLV6OmzYmo3pbjopL30Vn5lg/91gNQHxwvM= contains 204800 B
[2026-04-19T03:26:39.728Z INFO  worker::batch_maker] Batch yxn3QO6aoFQCIP4aID4KzJQHK4NfGFNKmHuEvE9VEjw= contains sample tx 2099
[2026-04-19T03:26:39.728Z INFO  worker::batch_maker] Batch yxn3QO6aoFQCIP4aID4KzJQHK4NfGFNKmHuEvE9VEjw= contains 204800 B
[2026-04-19T03:26:39.781Z INFO  worker::batch_maker] Batch gQPxqAvT/rVhIPgiWu45dVjJm+THLKOQ97Knrek+dbU= contains sample tx 2100
[2026-04-19T03:26:39.781Z INFO  worker::batch_maker] Batch gQPxqAvT/rVhIPgiWu45dVjJm+THLKOQ97Knrek+dbU= contains 204800 B
[2026-04-19T03:26:39.834Z INFO  worker::batch_maker] Batch UHTGQydJSqXVSRg+FEUq4/fMfV/H4iK0Iub8uMVKae0= contains sample tx 2101
[2026-04-19T03:26:39.834Z INFO  worker::batch_maker] Batch UHTGQydJSqXVSRg+FEUq4/fMfV/H4iK0Iub8uMVKae0= contains 204800 B
[2026-04-19T03:26:39.886Z INFO  worker::batch_maker] Batch AU3GTTUZFGdOwXWUh1FtdM5X/cQAYPN2oRfFW3U1ePI= contains sample tx 2102
[2026-04-19T03:26:39.886Z INFO  worker::batch_maker] Batch AU3GTTUZFGdOwXWUh1FtdM5X/cQAYPN2oRfFW3U1ePI= contains 115712 B
[2026-04-19T03:26:39.941Z INFO  worker::batch_maker] Batch woFZy2nluvdCJqoKpsTMsPYbyHh2HR2Ora0sbMloGf4= contains sample tx 2103
[2026-04-19T03:26:39.941Z INFO  worker::batch_maker] Batch woFZy2nluvdCJqoKpsTMsPYbyHh2HR2Ora0sbMloGf4= contains 293888 B
[2026-04-19T03:26:39.997Z INFO  worker::batch_maker] Batch pLy+dv5fBmdlseXSMndSKT+Rvki15pPponSKA6PpAhQ= contains sample tx 2104
[2026-04-19T03:26:39.997Z INFO  worker::batch_maker] Batch pLy+dv5fBmdlseXSMndSKT+Rvki15pPponSKA6PpAhQ= contains 204800 B
[2026-04-19T03:26:40.049Z INFO  worker::batch_maker] Batch 2HwdYSrmlnwQ/qu0FHM87MnWxgV34EbRMGZWsI0jhF8= contains sample tx 2105
[2026-04-19T03:26:40.049Z INFO  worker::batch_maker] Batch 2HwdYSrmlnwQ/qu0FHM87MnWxgV34EbRMGZWsI0jhF8= contains 204800 B
[2026-04-19T03:26:40.102Z INFO  worker::batch_maker] Batch YU5LkZGeaeRYiVk9uTI676ow9/oL5Ii7b88XfNZiEHU= contains sample tx 2106
[2026-04-19T03:26:40.108Z INFO  worker::batch_maker] Batch YU5LkZGeaeRYiVk9uTI676ow9/oL5Ii7b88XfNZiEHU= contains 204800 B
[2026-04-19T03:26:40.160Z INFO  worker::batch_maker] Batch qQXsyEyVh9BlRTWuEjrCAEzvdMAAH1tOOk85VJiALFM= contains sample tx 2107
[2026-04-19T03:26:40.160Z INFO  worker::batch_maker] Batch qQXsyEyVh9BlRTWuEjrCAEzvdMAAH1tOOk85VJiALFM= contains sample tx 2108
[2026-04-19T03:26:40.160Z INFO  worker::batch_maker] Batch qQXsyEyVh9BlRTWuEjrCAEzvdMAAH1tOOk85VJiALFM= contains 409600 B
[2026-04-19T03:26:40.213Z INFO  worker::batch_maker] Batch 5JF9ANGfn5SWZKmj6EIsUR7A8z+lJ84Scdy/h/twnhg= contains sample tx 2109
[2026-04-19T03:26:40.213Z INFO  worker::batch_maker] Batch 5JF9ANGfn5SWZKmj6EIsUR7A8z+lJ84Scdy/h/twnhg= contains 204800 B
[2026-04-19T03:26:40.265Z INFO  worker::batch_maker] Batch qNVj/HqAKF7+RKJJE+RV6Fbpf49O8AroyqtTDYObV0o= contains sample tx 2110
[2026-04-19T03:26:40.265Z INFO  worker::batch_maker] Batch qNVj/HqAKF7+RKJJE+RV6Fbpf49O8AroyqtTDYObV0o= contains 204800 B
[2026-04-19T03:26:40.316Z INFO  worker::batch_maker] Batch sdVBhhONltFbvkBhaQIoFMzK0wVEVKytD/GnKYajHuc= contains sample tx 2111
[2026-04-19T03:26:40.317Z INFO  worker::batch_maker] Batch sdVBhhONltFbvkBhaQIoFMzK0wVEVKytD/GnKYajHuc= contains 204800 B
[2026-04-19T03:26:40.369Z INFO  worker::batch_maker] Batch Z99KKebcmKXhuU/NbKL0NFMwu1mG9GmkhFVDqGfwBKg= contains sample tx 2112
[2026-04-19T03:26:40.369Z INFO  worker::batch_maker] Batch Z99KKebcmKXhuU/NbKL0NFMwu1mG9GmkhFVDqGfwBKg= contains 204800 B
[2026-04-19T03:26:40.422Z INFO  worker::batch_maker] Batch ZO0G60A3mgm3ue8BK1PLXndNf70Mat8Gnm87i7KDmB0= contains sample tx 2113
[2026-04-19T03:26:40.422Z INFO  worker::batch_maker] Batch ZO0G60A3mgm3ue8BK1PLXndNf70Mat8Gnm87i7KDmB0= contains 204800 B
[2026-04-19T03:26:40.474Z INFO  worker::batch_maker] Batch zZ2MzDNYJjtXGhCgBbojbnyVNx8piUzcIpiYQvBdZ7w= contains sample tx 2114
[2026-04-19T03:26:40.474Z INFO  worker::batch_maker] Batch zZ2MzDNYJjtXGhCgBbojbnyVNx8piUzcIpiYQvBdZ7w= contains 204800 B
[2026-04-19T03:26:40.526Z INFO  worker::batch_maker] Batch 6DRrhN2T9LGV/zqGJi3tfAT9yP00M79MC3zEb/iwVpY= contains sample tx 2115
[2026-04-19T03:26:40.526Z INFO  worker::batch_maker] Batch 6DRrhN2T9LGV/zqGJi3tfAT9yP00M79MC3zEb/iwVpY= contains 204800 B
[2026-04-19T03:26:40.579Z INFO  worker::batch_maker] Batch BChLJ+v8s1cP7FGnlXJ3Lv7VGcCs4qhf+57ZyBEdTqU= contains sample tx 2116
[2026-04-19T03:26:40.579Z INFO  worker::batch_maker] Batch BChLJ+v8s1cP7FGnlXJ3Lv7VGcCs4qhf+57ZyBEdTqU= contains 204800 B
[2026-04-19T03:26:40.631Z INFO  worker::batch_maker] Batch pdt4GxD3ILkI+yWYv/H2lZiYJwzLcZZchJZZXzSeC2M= contains sample tx 2117
[2026-04-19T03:26:40.631Z INFO  worker::batch_maker] Batch pdt4GxD3ILkI+yWYv/H2lZiYJwzLcZZchJZZXzSeC2M= contains 204800 B
[2026-04-19T03:26:40.683Z INFO  worker::batch_maker] Batch pZOELV60pCl4uDpJpyWVdSVIii60bJu1jQv7qQnD/zE= contains sample tx 2118
[2026-04-19T03:26:40.683Z INFO  worker::batch_maker] Batch pZOELV60pCl4uDpJpyWVdSVIii60bJu1jQv7qQnD/zE= contains 204800 B
[2026-04-19T03:26:40.736Z INFO  worker::batch_maker] Batch HP4jnpIPi3LwXOtJiS9J+4T+OrHUVdvuoABrxuRRhi8= contains sample tx 2119
[2026-04-19T03:26:40.736Z INFO  worker::batch_maker] Batch HP4jnpIPi3LwXOtJiS9J+4T+OrHUVdvuoABrxuRRhi8= contains 204800 B
[2026-04-19T03:26:40.788Z INFO  worker::batch_maker] Batch uWjljkfXPb3J2owX8bRI4qJyLqH6atZIdaVi+sgbIwk= contains sample tx 2120
[2026-04-19T03:26:40.788Z INFO  worker::batch_maker] Batch uWjljkfXPb3J2owX8bRI4qJyLqH6atZIdaVi+sgbIwk= contains 204800 B
[2026-04-19T03:26:40.839Z INFO  worker::batch_maker] Batch fBv+yJqZ2FIpB+9tqA7zDR8UofE71Ov48YhUqaRzlRk= contains sample tx 2121
[2026-04-19T03:26:40.839Z INFO  worker::batch_maker] Batch fBv+yJqZ2FIpB+9tqA7zDR8UofE71Ov48YhUqaRzlRk= contains 204800 B
[2026-04-19T03:26:40.891Z INFO  worker::batch_maker] Batch TSgFCVtOKxo6SfkRMPd96fhLu68RxBSsT8sby0vGvOU= contains sample tx 2122
[2026-04-19T03:26:40.891Z INFO  worker::batch_maker] Batch TSgFCVtOKxo6SfkRMPd96fhLu68RxBSsT8sby0vGvOU= contains 204800 B
[2026-04-19T03:26:40.944Z INFO  worker::batch_maker] Batch 6ICd7gjR2JO/562A+fiOFovHOilqtoS6qEUiMdHRWY4= contains sample tx 2123
[2026-04-19T03:26:40.944Z INFO  worker::batch_maker] Batch 6ICd7gjR2JO/562A+fiOFovHOilqtoS6qEUiMdHRWY4= contains 204800 B
[2026-04-19T03:26:40.995Z INFO  worker::batch_maker] Batch IlrkomB1tLgEaRSUu1Si1dY8UbLTOeHktQ8qdh99r3Y= contains sample tx 2124
[2026-04-19T03:26:40.995Z INFO  worker::batch_maker] Batch IlrkomB1tLgEaRSUu1Si1dY8UbLTOeHktQ8qdh99r3Y= contains 204800 B
[2026-04-19T03:26:41.048Z INFO  worker::batch_maker] Batch LUfZO4FxoVtnlR7xr4GlSeIVn5/1Du46GmLKx3/5Uqg= contains sample tx 2125
[2026-04-19T03:26:41.048Z INFO  worker::batch_maker] Batch LUfZO4FxoVtnlR7xr4GlSeIVn5/1Du46GmLKx3/5Uqg= contains 204800 B
[2026-04-19T03:26:41.100Z INFO  worker::batch_maker] Batch wONmF439kCiyd3zR6Cs+bbVgQ2FdJFPF+ExgF1xPC+M= contains sample tx 2126
[2026-04-19T03:26:41.100Z INFO  worker::batch_maker] Batch wONmF439kCiyd3zR6Cs+bbVgQ2FdJFPF+ExgF1xPC+M= contains 204800 B
[2026-04-19T03:26:41.152Z INFO  worker::batch_maker] Batch 2dXfjUlaU6FasKCzy/OTC8mw4FUeyK4Bp9Cf4HqGE6A= contains sample tx 2127
[2026-04-19T03:26:41.152Z INFO  worker::batch_maker] Batch 2dXfjUlaU6FasKCzy/OTC8mw4FUeyK4Bp9Cf4HqGE6A= contains 204800 B
[2026-04-19T03:26:41.205Z INFO  worker::batch_maker] Batch 5jp45mdraqGck5Vf54Zi3LJjAvt2gE6wg4nk1U18kUg= contains sample tx 2128
[2026-04-19T03:26:41.205Z INFO  worker::batch_maker] Batch 5jp45mdraqGck5Vf54Zi3LJjAvt2gE6wg4nk1U18kUg= contains sample tx 2129
[2026-04-19T03:26:41.205Z INFO  worker::batch_maker] Batch 5jp45mdraqGck5Vf54Zi3LJjAvt2gE6wg4nk1U18kUg= contains 370176 B
[2026-04-19T03:26:41.258Z INFO  worker::batch_maker] Batch pRaCzDF79+HWFb03T/tFet/w1N9hFoDELo8izxyyszo= contains sample tx 2130
[2026-04-19T03:26:41.258Z INFO  worker::batch_maker] Batch pRaCzDF79+HWFb03T/tFet/w1N9hFoDELo8izxyyszo= contains 226304 B
[2026-04-19T03:26:41.310Z INFO  worker::batch_maker] Batch BDWp5zy1s2h1HNrrI7JPHa1ZbOYnd60cUzN2X5hTV+I= contains sample tx 2131
[2026-04-19T03:26:41.310Z INFO  worker::batch_maker] Batch BDWp5zy1s2h1HNrrI7JPHa1ZbOYnd60cUzN2X5hTV+I= contains 222720 B
[2026-04-19T03:26:41.362Z INFO  worker::batch_maker] Batch 19zFjztSmXjaaZm5w9lPJnR6CT8DqqGekdPS2EEGYq0= contains sample tx 2132
[2026-04-19T03:26:41.362Z INFO  worker::batch_maker] Batch 19zFjztSmXjaaZm5w9lPJnR6CT8DqqGekdPS2EEGYq0= contains 204800 B
[2026-04-19T03:26:41.415Z INFO  worker::batch_maker] Batch 6IA8Hz+hwS67FMqeylxjbKtoAVqVxWVsYUrh5W56O6A= contains sample tx 2133
[2026-04-19T03:26:41.415Z INFO  worker::batch_maker] Batch 6IA8Hz+hwS67FMqeylxjbKtoAVqVxWVsYUrh5W56O6A= contains 204800 B
[2026-04-19T03:26:41.468Z INFO  worker::batch_maker] Batch v3/LQ6E88ucLiXgalNdbqJKSwgWLqLqdAWN0IGW7CNM= contains sample tx 2134
[2026-04-19T03:26:41.468Z INFO  worker::batch_maker] Batch v3/LQ6E88ucLiXgalNdbqJKSwgWLqLqdAWN0IGW7CNM= contains 204800 B
[2026-04-19T03:26:41.520Z INFO  worker::batch_maker] Batch I7ntabw4dSHZQ/7c0ole5CSDCrHdD7Acr7k3d1Um6+Y= contains sample tx 2135
[2026-04-19T03:26:41.520Z INFO  worker::batch_maker] Batch I7ntabw4dSHZQ/7c0ole5CSDCrHdD7Acr7k3d1Um6+Y= contains 204800 B
[2026-04-19T03:26:41.572Z INFO  worker::batch_maker] Batch mp9y33W7EDzJgu/i3KffSm7IXg+9qPO5bR6T0+SGiSA= contains 69632 B
[2026-04-19T03:26:41.624Z INFO  worker::batch_maker] Batch EiNVWIERQftONRRbzsaRpPc0Vz+D7TyGuYFcLprtDqk= contains sample tx 2136
[2026-04-19T03:26:41.624Z INFO  worker::batch_maker] Batch EiNVWIERQftONRRbzsaRpPc0Vz+D7TyGuYFcLprtDqk= contains sample tx 2137
[2026-04-19T03:26:41.624Z INFO  worker::batch_maker] Batch EiNVWIERQftONRRbzsaRpPc0Vz+D7TyGuYFcLprtDqk= contains 339968 B
[2026-04-19T03:26:41.678Z INFO  worker::batch_maker] Batch YtFEky5OiR050C1fByeSH7HMVvV38zwslv2DaQdUmcE= contains sample tx 2138
[2026-04-19T03:26:41.678Z INFO  worker::batch_maker] Batch YtFEky5OiR050C1fByeSH7HMVvV38zwslv2DaQdUmcE= contains 204800 B
[2026-04-19T03:26:41.731Z INFO  worker::batch_maker] Batch AxWncRHwGMS1U3PnLjzA8lErJwF3KbJGlMxfetbFQC8= contains sample tx 2139
[2026-04-19T03:26:41.731Z INFO  worker::batch_maker] Batch AxWncRHwGMS1U3PnLjzA8lErJwF3KbJGlMxfetbFQC8= contains 204800 B
[2026-04-19T03:26:41.783Z INFO  worker::batch_maker] Batch Q3g9/VmwBMw3OqIqM5YV3f54smELEZiqBooXdycJ2VA= contains sample tx 2140
[2026-04-19T03:26:41.783Z INFO  worker::batch_maker] Batch Q3g9/VmwBMw3OqIqM5YV3f54smELEZiqBooXdycJ2VA= contains 204800 B
[2026-04-19T03:26:41.835Z INFO  worker::batch_maker] Batch aL/BWWExOxYZzmbZejOQQm/noTXsDI4ycDqBSvN/bKQ= contains sample tx 2141
[2026-04-19T03:26:41.836Z INFO  worker::batch_maker] Batch aL/BWWExOxYZzmbZejOQQm/noTXsDI4ycDqBSvN/bKQ= contains 204800 B
[2026-04-19T03:26:41.888Z INFO  worker::batch_maker] Batch dj+s7h87nYGHGT5XMPwOZqAclp29XsWj+OfzE7zYpqY= contains sample tx 2142
[2026-04-19T03:26:41.888Z INFO  worker::batch_maker] Batch dj+s7h87nYGHGT5XMPwOZqAclp29XsWj+OfzE7zYpqY= contains 204800 B
[2026-04-19T03:26:41.941Z INFO  worker::batch_maker] Batch YUMi2s9RgB2n9QWfmWXi1tHO04MJbxpV6gHLidXRuvQ= contains sample tx 2143
[2026-04-19T03:26:41.941Z INFO  worker::batch_maker] Batch YUMi2s9RgB2n9QWfmWXi1tHO04MJbxpV6gHLidXRuvQ= contains 204800 B
[2026-04-19T03:26:41.992Z INFO  worker::batch_maker] Batch tLpV7yrYXIWTRl/bU9sQeCVzGpGSSWP+pqGGtNTB1ZE= contains sample tx 2144
[2026-04-19T03:26:41.992Z INFO  worker::batch_maker] Batch tLpV7yrYXIWTRl/bU9sQeCVzGpGSSWP+pqGGtNTB1ZE= contains 204800 B
[2026-04-19T03:26:42.045Z INFO  worker::batch_maker] Batch 16gyTr6bErFmyD396YTd/fTMNw0mT3+oSm2kdlmAZrY= contains sample tx 2145
[2026-04-19T03:26:42.045Z INFO  worker::batch_maker] Batch 16gyTr6bErFmyD396YTd/fTMNw0mT3+oSm2kdlmAZrY= contains 204800 B
[2026-04-19T03:26:42.097Z INFO  worker::batch_maker] Batch 8/jAdxjOMrF+9RxltP5T8FoxdyEUJc+zoE/Tm78uRfw= contains sample tx 2146
[2026-04-19T03:26:42.097Z INFO  worker::batch_maker] Batch 8/jAdxjOMrF+9RxltP5T8FoxdyEUJc+zoE/Tm78uRfw= contains 204800 B
[2026-04-19T03:26:42.148Z INFO  worker::batch_maker] Batch r6DpgIPYEvPjtddJe6eE6C0fNPSPiTToive0VJAyl9s= contains sample tx 2147
[2026-04-19T03:26:42.148Z INFO  worker::batch_maker] Batch r6DpgIPYEvPjtddJe6eE6C0fNPSPiTToive0VJAyl9s= contains 204800 B
[2026-04-19T03:26:42.201Z INFO  worker::batch_maker] Batch /tKr5Y8HgvYyiyGANhXQ+3l+3VJigb8dPLNYf5fLgRU= contains sample tx 2148
[2026-04-19T03:26:42.201Z INFO  worker::batch_maker] Batch /tKr5Y8HgvYyiyGANhXQ+3l+3VJigb8dPLNYf5fLgRU= contains 204800 B
[2026-04-19T03:26:42.255Z INFO  worker::batch_maker] Batch mOgZDMb5MLRVjW+K1kLPdtzZ3eghtPo+/LluseM4+c8= contains sample tx 2149
[2026-04-19T03:26:42.255Z INFO  worker::batch_maker] Batch mOgZDMb5MLRVjW+K1kLPdtzZ3eghtPo+/LluseM4+c8= contains 204800 B
[2026-04-19T03:26:42.308Z INFO  worker::batch_maker] Batch jb0yPp4mK58e5DaFk31DNFg6uCplJt8uLbyXkdX0rD0= contains sample tx 2150
[2026-04-19T03:26:42.308Z INFO  worker::batch_maker] Batch jb0yPp4mK58e5DaFk31DNFg6uCplJt8uLbyXkdX0rD0= contains sample tx 2151
[2026-04-19T03:26:42.308Z INFO  worker::batch_maker] Batch jb0yPp4mK58e5DaFk31DNFg6uCplJt8uLbyXkdX0rD0= contains 394752 B
[2026-04-19T03:26:42.360Z INFO  worker::batch_maker] Batch JO/+OIYifC55iodxkIlcCggRAdJ+MceCNSOcDyBz2+U= contains sample tx 2152
[2026-04-19T03:26:42.360Z INFO  worker::batch_maker] Batch JO/+OIYifC55iodxkIlcCggRAdJ+MceCNSOcDyBz2+U= contains 219648 B
[2026-04-19T03:26:42.414Z INFO  worker::batch_maker] Batch Zc+AXwLJcLHLPBgAXJ6yRp7xRHYzGeySFGpz6NVcBd4= contains sample tx 2153
[2026-04-19T03:26:42.414Z INFO  worker::batch_maker] Batch Zc+AXwLJcLHLPBgAXJ6yRp7xRHYzGeySFGpz6NVcBd4= contains 204800 B
[2026-04-19T03:26:42.466Z INFO  worker::batch_maker] Batch 0e3LSgHfeYphGXVzcc79dG7dkDo5rSdMoYqAY4qFZuI= contains sample tx 2154
[2026-04-19T03:26:42.466Z INFO  worker::batch_maker] Batch 0e3LSgHfeYphGXVzcc79dG7dkDo5rSdMoYqAY4qFZuI= contains 204800 B
[2026-04-19T03:26:42.518Z INFO  worker::batch_maker] Batch LiFMPJNiAHH0MR3V9dZElRgOS98/2gb4v7Ny9bQ2Arw= contains sample tx 2155
[2026-04-19T03:26:42.518Z INFO  worker::batch_maker] Batch LiFMPJNiAHH0MR3V9dZElRgOS98/2gb4v7Ny9bQ2Arw= contains 204800 B
[2026-04-19T03:26:42.570Z INFO  worker::batch_maker] Batch BcY8u+Uzi0gaU92za+jfGWlBvUQF/Siy6G+yujeHpkU= contains sample tx 2156
[2026-04-19T03:26:42.570Z INFO  worker::batch_maker] Batch BcY8u+Uzi0gaU92za+jfGWlBvUQF/Siy6G+yujeHpkU= contains 204800 B
[2026-04-19T03:26:42.622Z INFO  worker::batch_maker] Batch LR62Qg66Lw2V92g0EBC6Gr7p+JNp9S2eifusUX+8XsI= contains sample tx 2157
[2026-04-19T03:26:42.622Z INFO  worker::batch_maker] Batch LR62Qg66Lw2V92g0EBC6Gr7p+JNp9S2eifusUX+8XsI= contains 204800 B
[2026-04-19T03:26:42.673Z INFO  worker::batch_maker] Batch y9G5WBCSyVm6UgPfJMH+8TXTq+OVu9ZAiZjwGMGTJ4M= contains sample tx 2158
[2026-04-19T03:26:42.674Z INFO  worker::batch_maker] Batch y9G5WBCSyVm6UgPfJMH+8TXTq+OVu9ZAiZjwGMGTJ4M= contains 204800 B
[2026-04-19T03:26:42.725Z INFO  worker::batch_maker] Batch Rzp25DYsbdanXDgeUiMJX0zU+pD7eftLFytfIgYt56U= contains sample tx 2159
[2026-04-19T03:26:42.725Z INFO  worker::batch_maker] Batch Rzp25DYsbdanXDgeUiMJX0zU+pD7eftLFytfIgYt56U= contains 204800 B
[2026-04-19T03:26:42.778Z INFO  worker::batch_maker] Batch zUwkRbdRmZu1ZEEvI1wudAOwHPvAr+uY2/5ve4b+vkM= contains sample tx 2160
[2026-04-19T03:26:42.778Z INFO  worker::batch_maker] Batch zUwkRbdRmZu1ZEEvI1wudAOwHPvAr+uY2/5ve4b+vkM= contains 204800 B
[2026-04-19T03:26:42.829Z INFO  worker::batch_maker] Batch JeyaIYY+qeS6jlHKXt/IhipPkhJrj85uHyEn6Q3itoQ= contains sample tx 2161
[2026-04-19T03:26:42.829Z INFO  worker::batch_maker] Batch JeyaIYY+qeS6jlHKXt/IhipPkhJrj85uHyEn6Q3itoQ= contains 204800 B
[2026-04-19T03:26:42.882Z INFO  worker::batch_maker] Batch 8ZeGkLke5OquqbUQ1tWVtP4lunrXUlC/wcpz/1ArSqo= contains sample tx 2162
[2026-04-19T03:26:42.882Z INFO  worker::batch_maker] Batch 8ZeGkLke5OquqbUQ1tWVtP4lunrXUlC/wcpz/1ArSqo= contains 204800 B
[2026-04-19T03:26:42.935Z INFO  worker::batch_maker] Batch ez0XIik97aFFz6/icE/4qax3SclcKvpqZY6pN0gXbc8= contains sample tx 2163
[2026-04-19T03:26:42.935Z INFO  worker::batch_maker] Batch ez0XIik97aFFz6/icE/4qax3SclcKvpqZY6pN0gXbc8= contains 204800 B
[2026-04-19T03:26:42.987Z INFO  worker::batch_maker] Batch 7pDnuCewvGfnk9k6tgELIE7oElHXsOqQ8Cu7q8xRehE= contains sample tx 2164
[2026-04-19T03:26:42.987Z INFO  worker::batch_maker] Batch 7pDnuCewvGfnk9k6tgELIE7oElHXsOqQ8Cu7q8xRehE= contains 204800 B
[2026-04-19T03:26:43.039Z INFO  worker::batch_maker] Batch HnHpPzYpMdLbN/Hc1ZxAMnwMLByklf+jAOX/Nh9NjiU= contains sample tx 2165
[2026-04-19T03:26:43.039Z INFO  worker::batch_maker] Batch HnHpPzYpMdLbN/Hc1ZxAMnwMLByklf+jAOX/Nh9NjiU= contains 204800 B
[2026-04-19T03:26:43.091Z INFO  worker::batch_maker] Batch EebcBmb0Sw9BE7zPOLcNH3TldhyB3gmYg49OkmQr69k= contains sample tx 2166
[2026-04-19T03:26:43.091Z INFO  worker::batch_maker] Batch EebcBmb0Sw9BE7zPOLcNH3TldhyB3gmYg49OkmQr69k= contains 204800 B
[2026-04-19T03:26:43.142Z INFO  worker::batch_maker] Batch zs9mcn8Nvx/n+l/FhvPymU1UmjumkdCwylEzyUNiByc= contains sample tx 2167
[2026-04-19T03:26:43.142Z INFO  worker::batch_maker] Batch zs9mcn8Nvx/n+l/FhvPymU1UmjumkdCwylEzyUNiByc= contains 204800 B
[2026-04-19T03:26:43.195Z INFO  worker::batch_maker] Batch 0/uKhKhi+kihElGARK95vsXMeS2mCjdcJmrQqDCFxsE= contains sample tx 2168
[2026-04-19T03:26:43.195Z INFO  worker::batch_maker] Batch 0/uKhKhi+kihElGARK95vsXMeS2mCjdcJmrQqDCFxsE= contains 204800 B
[2026-04-19T03:26:43.248Z INFO  worker::batch_maker] Batch lP/35OopfHBbRWNAvNNChnUCEphsFtkCiI8v4q+S154= contains sample tx 2169
[2026-04-19T03:26:43.248Z INFO  worker::batch_maker] Batch lP/35OopfHBbRWNAvNNChnUCEphsFtkCiI8v4q+S154= contains 204800 B
[2026-04-19T03:26:43.301Z INFO  worker::batch_maker] Batch 4+DIOOszW7/kkKkUcfwp+btMXQHhwkMboM2/BR9ktHM= contains sample tx 2170
[2026-04-19T03:26:43.301Z INFO  worker::batch_maker] Batch 4+DIOOszW7/kkKkUcfwp+btMXQHhwkMboM2/BR9ktHM= contains 204800 B
[2026-04-19T03:26:43.354Z INFO  worker::batch_maker] Batch IfmK/B6bdcHT8b8YTFXk9KQKPTMoSN898ZjM6YixLdk= contains sample tx 2171
[2026-04-19T03:26:43.354Z INFO  worker::batch_maker] Batch IfmK/B6bdcHT8b8YTFXk9KQKPTMoSN898ZjM6YixLdk= contains 204800 B
[2026-04-19T03:26:43.410Z INFO  worker::batch_maker] Batch zaCMxWBBVv0WGpTLJ87iN5UV++esLAjtpRU5FadnZUE= contains sample tx 2172
[2026-04-19T03:26:43.410Z INFO  worker::batch_maker] Batch zaCMxWBBVv0WGpTLJ87iN5UV++esLAjtpRU5FadnZUE= contains sample tx 2173
[2026-04-19T03:26:43.410Z INFO  worker::batch_maker] Batch zaCMxWBBVv0WGpTLJ87iN5UV++esLAjtpRU5FadnZUE= contains 316416 B
[2026-04-19T03:26:43.465Z INFO  worker::batch_maker] Batch TopV5foXrHZkFsgKK4Rwpxqsn/r5D72pHXLjQ6/pqTI= contains sample tx 2174
[2026-04-19T03:26:43.465Z INFO  worker::batch_maker] Batch TopV5foXrHZkFsgKK4Rwpxqsn/r5D72pHXLjQ6/pqTI= contains 297984 B
[2026-04-19T03:26:43.517Z INFO  worker::batch_maker] Batch I2SVAWSYu92dO7/Ay7lSWFnnflcuPRSmZOFOjqOVth0= contains sample tx 2175
[2026-04-19T03:26:43.517Z INFO  worker::batch_maker] Batch I2SVAWSYu92dO7/Ay7lSWFnnflcuPRSmZOFOjqOVth0= contains 204800 B
[2026-04-19T03:26:43.569Z INFO  worker::batch_maker] Batch Lc5sJxl0HlGRJSWl911KlQ2DgdmwAiCbUVRgZu6w5gE= contains sample tx 2176
[2026-04-19T03:26:43.569Z INFO  worker::batch_maker] Batch Lc5sJxl0HlGRJSWl911KlQ2DgdmwAiCbUVRgZu6w5gE= contains 204800 B
[2026-04-19T03:26:43.622Z INFO  worker::batch_maker] Batch 7LW6tfcHwK+MRoc2OwBxK5+L5WIrzYfZt7kuKWpcbpc= contains sample tx 2177
[2026-04-19T03:26:43.622Z INFO  worker::batch_maker] Batch 7LW6tfcHwK+MRoc2OwBxK5+L5WIrzYfZt7kuKWpcbpc= contains 204800 B
[2026-04-19T03:26:43.676Z INFO  worker::batch_maker] Batch H51o11PMFpdeJg5k3ZznxMMBZX20KQtyND7EAzD6DD0= contains sample tx 2178
[2026-04-19T03:26:43.676Z INFO  worker::batch_maker] Batch H51o11PMFpdeJg5k3ZznxMMBZX20KQtyND7EAzD6DD0= contains 204800 B
[2026-04-19T03:26:43.729Z INFO  worker::batch_maker] Batch HmG0SrcaS1sw6zwOC+uJDdqSNWmJpT0PmcUCG0EWP5c= contains sample tx 2179
[2026-04-19T03:26:43.729Z INFO  worker::batch_maker] Batch HmG0SrcaS1sw6zwOC+uJDdqSNWmJpT0PmcUCG0EWP5c= contains 204800 B
[2026-04-19T03:26:43.783Z INFO  worker::batch_maker] Batch P46OYGEbQG9BaQyt+QTWqu0GaylhKsquJ+ZbhUSqd3w= contains sample tx 2180
[2026-04-19T03:26:43.783Z INFO  worker::batch_maker] Batch P46OYGEbQG9BaQyt+QTWqu0GaylhKsquJ+ZbhUSqd3w= contains 204800 B
[2026-04-19T03:26:43.834Z INFO  worker::batch_maker] Batch cNIbUS6i49ojYh5kNK5VY7w9vNV1ncPn6DccioJHpjk= contains sample tx 2181
[2026-04-19T03:26:43.834Z INFO  worker::batch_maker] Batch cNIbUS6i49ojYh5kNK5VY7w9vNV1ncPn6DccioJHpjk= contains 204800 B
[2026-04-19T03:26:43.886Z INFO  worker::batch_maker] Batch fWOlWouqAzJqmRgZNxPQ66YIBG2W2LVy2iqYOkZ/sVA= contains sample tx 2182
[2026-04-19T03:26:43.886Z INFO  worker::batch_maker] Batch fWOlWouqAzJqmRgZNxPQ66YIBG2W2LVy2iqYOkZ/sVA= contains 204800 B
[2026-04-19T03:26:43.939Z INFO  worker::batch_maker] Batch U5+IpM0jSFXzV31pS7mfapYgzHPbHZAS3TJ8qrhdSZ8= contains sample tx 2183
[2026-04-19T03:26:43.939Z INFO  worker::batch_maker] Batch U5+IpM0jSFXzV31pS7mfapYgzHPbHZAS3TJ8qrhdSZ8= contains 204800 B
[2026-04-19T03:26:43.991Z INFO  worker::batch_maker] Batch da9EJFWQoH6pCCRJAlylO8PrQ/0VyzwKwZMLmz7qHwE= contains sample tx 2184
[2026-04-19T03:26:43.992Z INFO  worker::batch_maker] Batch da9EJFWQoH6pCCRJAlylO8PrQ/0VyzwKwZMLmz7qHwE= contains 204800 B
[2026-04-19T03:26:44.044Z INFO  worker::batch_maker] Batch 7stUANVB/Aiy4aFa7153Wlw8neoU+295lOBN38jUY50= contains sample tx 2185
[2026-04-19T03:26:44.044Z INFO  worker::batch_maker] Batch 7stUANVB/Aiy4aFa7153Wlw8neoU+295lOBN38jUY50= contains 204800 B
[2026-04-19T03:26:44.097Z INFO  worker::batch_maker] Batch quUGTynMIfT0up6taVsKU4BhNGj98TWS2+9eQl62ZcA= contains sample tx 2186
[2026-04-19T03:26:44.097Z INFO  worker::batch_maker] Batch quUGTynMIfT0up6taVsKU4BhNGj98TWS2+9eQl62ZcA= contains 204800 B
[2026-04-19T03:26:44.150Z INFO  worker::batch_maker] Batch /jMG91xFdmepdtYQDRZP7boWEVLDxlRK4gkDeY9hX64= contains sample tx 2187
[2026-04-19T03:26:44.150Z INFO  worker::batch_maker] Batch /jMG91xFdmepdtYQDRZP7boWEVLDxlRK4gkDeY9hX64= contains 204800 B
[2026-04-19T03:26:44.202Z INFO  worker::batch_maker] Batch ds2ThbMCiHIxYyPUxX+3ajOvol66F28yHSuicU5MjLo= contains sample tx 2188
[2026-04-19T03:26:44.202Z INFO  worker::batch_maker] Batch ds2ThbMCiHIxYyPUxX+3ajOvol66F28yHSuicU5MjLo= contains 204800 B
[2026-04-19T03:26:44.256Z INFO  worker::batch_maker] Batch tBmTE70I66jObZY+zvGSvvsDSJbmSSPJEYfY26CwtGs= contains sample tx 2189
[2026-04-19T03:26:44.256Z INFO  worker::batch_maker] Batch tBmTE70I66jObZY+zvGSvvsDSJbmSSPJEYfY26CwtGs= contains sample tx 2190
[2026-04-19T03:26:44.256Z INFO  worker::batch_maker] Batch tBmTE70I66jObZY+zvGSvvsDSJbmSSPJEYfY26CwtGs= contains 393216 B
[2026-04-19T03:26:44.309Z INFO  worker::batch_maker] Batch epDf6ZXY2MhRwvbRzx+SMeog73Iw5EJdELElF/ur+gs= contains sample tx 2191
[2026-04-19T03:26:44.309Z INFO  worker::batch_maker] Batch epDf6ZXY2MhRwvbRzx+SMeog73Iw5EJdELElF/ur+gs= contains 221184 B
[2026-04-19T03:26:44.362Z INFO  worker::batch_maker] Batch C1p4eUUHfimZgaIgGU7ex4RyJu7ZQ7sR7nq5dtjz4mE= contains sample tx 2192
[2026-04-19T03:26:44.362Z INFO  worker::batch_maker] Batch C1p4eUUHfimZgaIgGU7ex4RyJu7ZQ7sR7nq5dtjz4mE= contains 204800 B
[2026-04-19T03:26:44.414Z INFO  worker::batch_maker] Batch Wzec/mf1laUgIgczyj/QpT6sk6FqjrdffRjs+07FR4A= contains sample tx 2193
[2026-04-19T03:26:44.414Z INFO  worker::batch_maker] Batch Wzec/mf1laUgIgczyj/QpT6sk6FqjrdffRjs+07FR4A= contains 204800 B
[2026-04-19T03:26:44.466Z INFO  worker::batch_maker] Batch Xc9X8b1MGHjVfZTKAMJzy/2LtJ+nhr2XWh+cwqJQQz0= contains sample tx 2194
[2026-04-19T03:26:44.466Z INFO  worker::batch_maker] Batch Xc9X8b1MGHjVfZTKAMJzy/2LtJ+nhr2XWh+cwqJQQz0= contains 204800 B
[2026-04-19T03:26:44.517Z INFO  worker::batch_maker] Batch doSt5kQs4qBGjz5kxPkmK6fEAyHN154XYo6Ih7bhres= contains sample tx 2195
[2026-04-19T03:26:44.517Z INFO  worker::batch_maker] Batch doSt5kQs4qBGjz5kxPkmK6fEAyHN154XYo6Ih7bhres= contains 204800 B
[2026-04-19T03:26:44.570Z INFO  worker::batch_maker] Batch k4jcJ2TeJ14Gx3mj9CbtntjA4JLRszyJ9KvGJth7dZw= contains sample tx 2196
[2026-04-19T03:26:44.570Z INFO  worker::batch_maker] Batch k4jcJ2TeJ14Gx3mj9CbtntjA4JLRszyJ9KvGJth7dZw= contains 204800 B
[2026-04-19T03:26:44.623Z INFO  worker::batch_maker] Batch /Pf6xWZKG7T+fDIvHG9dm4uVnLM4boZQB1fZsk/waWc= contains sample tx 2197
[2026-04-19T03:26:44.623Z INFO  worker::batch_maker] Batch /Pf6xWZKG7T+fDIvHG9dm4uVnLM4boZQB1fZsk/waWc= contains 204800 B
[2026-04-19T03:26:44.676Z INFO  worker::batch_maker] Batch MX/K+h3Ay9PA0BYPR8i0K4fysAUPOskSVgrtAdM3LW0= contains sample tx 2198
[2026-04-19T03:26:44.676Z INFO  worker::batch_maker] Batch MX/K+h3Ay9PA0BYPR8i0K4fysAUPOskSVgrtAdM3LW0= contains 204800 B
[2026-04-19T03:26:44.729Z INFO  worker::batch_maker] Batch 1uWOIm08YfU/AgOPIAEBPDkG+DYJ3jA2Wa6Y4ZUaIxI= contains sample tx 2199
[2026-04-19T03:26:44.729Z INFO  worker::batch_maker] Batch 1uWOIm08YfU/AgOPIAEBPDkG+DYJ3jA2Wa6Y4ZUaIxI= contains 204800 B
[2026-04-19T03:26:44.780Z INFO  worker::batch_maker] Batch oHsjEHKVZ9ZS+eo7MSQQ3WVK3FrNmIO6wnsj8hGXpvg= contains sample tx 2200
[2026-04-19T03:26:44.780Z INFO  worker::batch_maker] Batch oHsjEHKVZ9ZS+eo7MSQQ3WVK3FrNmIO6wnsj8hGXpvg= contains 204800 B
[2026-04-19T03:26:44.833Z INFO  worker::batch_maker] Batch +TUZOoVUj4BaumcSRB6P9tGfHe8/BjBnj/5r/rb9DOU= contains sample tx 2201
[2026-04-19T03:26:44.833Z INFO  worker::batch_maker] Batch +TUZOoVUj4BaumcSRB6P9tGfHe8/BjBnj/5r/rb9DOU= contains 204800 B
[2026-04-19T03:26:44.886Z INFO  worker::batch_maker] Batch lZtHUfN0P2vsHFZnOXuqff+E0kzzSwtM1IGclopghgQ= contains sample tx 2202
[2026-04-19T03:26:44.886Z INFO  worker::batch_maker] Batch lZtHUfN0P2vsHFZnOXuqff+E0kzzSwtM1IGclopghgQ= contains 204800 B
[2026-04-19T03:26:44.939Z INFO  worker::batch_maker] Batch Rlh5gitbUJaLHE2dakjzcKlG51L8YDJX7U9N/15SjnE= contains sample tx 2203
[2026-04-19T03:26:44.939Z INFO  worker::batch_maker] Batch Rlh5gitbUJaLHE2dakjzcKlG51L8YDJX7U9N/15SjnE= contains 204800 B
[2026-04-19T03:26:44.993Z INFO  worker::batch_maker] Batch FjoIIRPdCBvMwsO+FdLLwwfvp7dCkICw43uVeUptid4= contains sample tx 2204
[2026-04-19T03:26:44.993Z INFO  worker::batch_maker] Batch FjoIIRPdCBvMwsO+FdLLwwfvp7dCkICw43uVeUptid4= contains 204800 B
[2026-04-19T03:26:45.045Z INFO  worker::batch_maker] Batch LSWeWjnnlRpNbkMn8LDWWL9KQ4ex/9vrzeTHnLIJ5dQ= contains sample tx 2205
[2026-04-19T03:26:45.045Z INFO  worker::batch_maker] Batch LSWeWjnnlRpNbkMn8LDWWL9KQ4ex/9vrzeTHnLIJ5dQ= contains 204800 B
[2026-04-19T03:26:45.098Z INFO  worker::batch_maker] Batch 0oeElLSC/0TXPXUfFl16e4ld1nDX7ySgpoNmufSFmjM= contains sample tx 2206
[2026-04-19T03:26:45.098Z INFO  worker::batch_maker] Batch 0oeElLSC/0TXPXUfFl16e4ld1nDX7ySgpoNmufSFmjM= contains 204800 B
[2026-04-19T03:26:45.150Z INFO  worker::batch_maker] Batch +NoEJsA/+7ho/iUJhyl53HRQhlCkcWLEJr61sGtiVbg= contains sample tx 2207
[2026-04-19T03:26:45.150Z INFO  worker::batch_maker] Batch +NoEJsA/+7ho/iUJhyl53HRQhlCkcWLEJr61sGtiVbg= contains 204800 B
[2026-04-19T03:26:45.202Z INFO  worker::batch_maker] Batch sY+ehrx8yDMxo0YkSkTcEu0MNT5CLLdEgih5cNaltVU= contains sample tx 2208
[2026-04-19T03:26:45.202Z INFO  worker::batch_maker] Batch sY+ehrx8yDMxo0YkSkTcEu0MNT5CLLdEgih5cNaltVU= contains 204800 B
[2026-04-19T03:26:45.255Z INFO  worker::batch_maker] Batch qyZxvCKivYRxoe3s78xXdnAjXLMBwW44bJvnfYnibeM= contains sample tx 2209
[2026-04-19T03:26:45.255Z INFO  worker::batch_maker] Batch qyZxvCKivYRxoe3s78xXdnAjXLMBwW44bJvnfYnibeM= contains sample tx 2210
[2026-04-19T03:26:45.255Z INFO  worker::batch_maker] Batch qyZxvCKivYRxoe3s78xXdnAjXLMBwW44bJvnfYnibeM= contains 352768 B
[2026-04-19T03:26:45.310Z INFO  worker::batch_maker] Batch dx9iHhhB16IaQwGA3VXqQyCceFn/Vh+Fxqd6Mn8c6rI= contains sample tx 2211
[2026-04-19T03:26:45.310Z INFO  worker::batch_maker] Batch dx9iHhhB16IaQwGA3VXqQyCceFn/Vh+Fxqd6Mn8c6rI= contains 261632 B
[2026-04-19T03:26:45.361Z INFO  worker::batch_maker] Batch 3txBTJYSPl3688HOwas3eYx9ssV44I0ENio1czHpjZE= contains sample tx 2212
[2026-04-19T03:26:45.361Z INFO  worker::batch_maker] Batch 3txBTJYSPl3688HOwas3eYx9ssV44I0ENio1czHpjZE= contains 204800 B
[2026-04-19T03:26:45.414Z INFO  worker::batch_maker] Batch TYfvloj1yVUV6SH/CDJTXJ6yEJvG7l3oKV1k15oJ8+o= contains sample tx 2213
[2026-04-19T03:26:45.414Z INFO  worker::batch_maker] Batch TYfvloj1yVUV6SH/CDJTXJ6yEJvG7l3oKV1k15oJ8+o= contains 204800 B
[2026-04-19T03:26:45.465Z INFO  worker::batch_maker] Batch NqZVMsJhVIbLCfrXMYUen7HDL3RaI/d3MaCWRy+NkA0= contains sample tx 2214
[2026-04-19T03:26:45.465Z INFO  worker::batch_maker] Batch NqZVMsJhVIbLCfrXMYUen7HDL3RaI/d3MaCWRy+NkA0= contains 204800 B
[2026-04-19T03:26:45.517Z INFO  worker::batch_maker] Batch ySDYMLR3GWFv68WQGJWvFDnCw50+RW8TPqk2FiWcFEw= contains sample tx 2215
[2026-04-19T03:26:45.517Z INFO  worker::batch_maker] Batch ySDYMLR3GWFv68WQGJWvFDnCw50+RW8TPqk2FiWcFEw= contains 204800 B
[2026-04-19T03:26:45.571Z INFO  worker::batch_maker] Batch +UVTr2bZqgYlQ8A5tw1Hh+npw+N425YQkDIdig/R24Y= contains sample tx 2216
[2026-04-19T03:26:45.571Z INFO  worker::batch_maker] Batch +UVTr2bZqgYlQ8A5tw1Hh+npw+N425YQkDIdig/R24Y= contains 204800 B
[2026-04-19T03:26:45.622Z INFO  worker::batch_maker] Batch VWLM6Tw+k/VR2hI9QRc9Vgh5vc23nVBYfXmGgKaXxkg= contains sample tx 2217
[2026-04-19T03:26:45.622Z INFO  worker::batch_maker] Batch VWLM6Tw+k/VR2hI9QRc9Vgh5vc23nVBYfXmGgKaXxkg= contains 204800 B
[2026-04-19T03:26:45.675Z INFO  worker::batch_maker] Batch CTkBa0y3PhC3M38Vmt+HkODOKWjlbJPTLmkY10oEEIE= contains sample tx 2218
[2026-04-19T03:26:45.675Z INFO  worker::batch_maker] Batch CTkBa0y3PhC3M38Vmt+HkODOKWjlbJPTLmkY10oEEIE= contains 204800 B
[2026-04-19T03:26:45.726Z INFO  worker::batch_maker] Batch GyN1ePxx2o5DoxVqQztpunbDUVF/4QIkuM99RjGbvv4= contains sample tx 2219
[2026-04-19T03:26:45.726Z INFO  worker::batch_maker] Batch GyN1ePxx2o5DoxVqQztpunbDUVF/4QIkuM99RjGbvv4= contains 204800 B
[2026-04-19T03:26:45.779Z INFO  worker::batch_maker] Batch TgPnXQ6IlhpBbDz0b+vOngcCPZWXjisWU99QFhe/ZDI= contains sample tx 2220
[2026-04-19T03:26:45.779Z INFO  worker::batch_maker] Batch TgPnXQ6IlhpBbDz0b+vOngcCPZWXjisWU99QFhe/ZDI= contains 204800 B
[2026-04-19T03:26:45.832Z INFO  worker::batch_maker] Batch ipgAG4xNcCI/8tWJ4RyEZOy4mKOHnss4umrd1rwgx8I= contains sample tx 2221
[2026-04-19T03:26:45.832Z INFO  worker::batch_maker] Batch ipgAG4xNcCI/8tWJ4RyEZOy4mKOHnss4umrd1rwgx8I= contains 204800 B
[2026-04-19T03:26:45.887Z INFO  worker::batch_maker] Batch ZHJul1AWEOjCDwOLYI3qcX5ufTB0EHJTReIsMwunJGM= contains sample tx 2222
[2026-04-19T03:26:45.887Z INFO  worker::batch_maker] Batch ZHJul1AWEOjCDwOLYI3qcX5ufTB0EHJTReIsMwunJGM= contains 204800 B
[2026-04-19T03:26:45.940Z INFO  worker::batch_maker] Batch npZe9YJc/l7ZT/T8NXN9dGalzdvaGiEn9Wucbehn86s= contains sample tx 2223
[2026-04-19T03:26:45.940Z INFO  worker::batch_maker] Batch npZe9YJc/l7ZT/T8NXN9dGalzdvaGiEn9Wucbehn86s= contains 204800 B
[2026-04-19T03:26:45.992Z INFO  worker::batch_maker] Batch ut+K2Zn7EHxGZ4igldkpqgj8IaX8LZmo1RgiUwIJq6g= contains sample tx 2224
[2026-04-19T03:26:45.992Z INFO  worker::batch_maker] Batch ut+K2Zn7EHxGZ4igldkpqgj8IaX8LZmo1RgiUwIJq6g= contains 204800 B
[2026-04-19T03:26:46.045Z INFO  worker::batch_maker] Batch 2aWY7AfYTRfQ3QYeIqzdDLcVj151hjhHU0TSdrGwtZM= contains sample tx 2225
[2026-04-19T03:26:46.045Z INFO  worker::batch_maker] Batch 2aWY7AfYTRfQ3QYeIqzdDLcVj151hjhHU0TSdrGwtZM= contains 155648 B
[2026-04-19T03:26:46.099Z INFO  worker::batch_maker] Batch C+kd4oKDUAQ335KNykyIMi1hm33DC9VeCaQfPYfgbrI= contains sample tx 2226
[2026-04-19T03:26:46.099Z INFO  worker::batch_maker] Batch C+kd4oKDUAQ335KNykyIMi1hm33DC9VeCaQfPYfgbrI= contains 253952 B
[2026-04-19T03:26:46.152Z INFO  worker::batch_maker] Batch mPYVXPA4yV5xKUqHUU/o4q5j0o877mdkRoRgpYFIhMc= contains sample tx 2227
[2026-04-19T03:26:46.152Z INFO  worker::batch_maker] Batch mPYVXPA4yV5xKUqHUU/o4q5j0o877mdkRoRgpYFIhMc= contains 204800 B
[2026-04-19T03:26:46.206Z INFO  worker::batch_maker] Batch a5HNDuoM7bf36sIteKgecgnI5cMiZciySjOvG1jj9WM= contains sample tx 2228
[2026-04-19T03:26:46.206Z INFO  worker::batch_maker] Batch a5HNDuoM7bf36sIteKgecgnI5cMiZciySjOvG1jj9WM= contains sample tx 2229
[2026-04-19T03:26:46.206Z INFO  worker::batch_maker] Batch a5HNDuoM7bf36sIteKgecgnI5cMiZciySjOvG1jj9WM= contains 324608 B
[2026-04-19T03:26:46.261Z INFO  worker::batch_maker] Batch D6G/HbTkF++dpcbjFP6Wn703lTin9YgGZn/QQg9Gtq4= contains sample tx 2230
[2026-04-19T03:26:46.261Z INFO  worker::batch_maker] Batch D6G/HbTkF++dpcbjFP6Wn703lTin9YgGZn/QQg9Gtq4= contains 289792 B
[2026-04-19T03:26:46.314Z INFO  worker::batch_maker] Batch a43nmokQpzGlXEcsJPpYV5/S8L8hLYM5UhVLsVkZQGs= contains sample tx 2231
[2026-04-19T03:26:46.314Z INFO  worker::batch_maker] Batch a43nmokQpzGlXEcsJPpYV5/S8L8hLYM5UhVLsVkZQGs= contains 204800 B
[2026-04-19T03:26:46.368Z INFO  worker::batch_maker] Batch p3J6gDOMmFd9yqX8WT/VLKD5uHwTZWlubjWzZm9QJSI= contains sample tx 2232
[2026-04-19T03:26:46.368Z INFO  worker::batch_maker] Batch p3J6gDOMmFd9yqX8WT/VLKD5uHwTZWlubjWzZm9QJSI= contains 204800 B
[2026-04-19T03:26:46.421Z INFO  worker::batch_maker] Batch H/ZNtzKnvAYfIc5u5cqBBvAGpPGAmO3+xDRhuButD/E= contains sample tx 2233
[2026-04-19T03:26:46.422Z INFO  worker::batch_maker] Batch H/ZNtzKnvAYfIc5u5cqBBvAGpPGAmO3+xDRhuButD/E= contains 204800 B
[2026-04-19T03:26:46.475Z INFO  worker::batch_maker] Batch LshhIZLqe0pCVQzW3NnBqt8fNjeTdrvPiIQo7lGk/9A= contains sample tx 2234
[2026-04-19T03:26:46.475Z INFO  worker::batch_maker] Batch LshhIZLqe0pCVQzW3NnBqt8fNjeTdrvPiIQo7lGk/9A= contains 204800 B
[2026-04-19T03:26:46.528Z INFO  worker::batch_maker] Batch 1Bkk3E8V5tc0vg0tcPWlsu4RDbKcFfn8Gg667oExBEo= contains sample tx 2235
[2026-04-19T03:26:46.528Z INFO  worker::batch_maker] Batch 1Bkk3E8V5tc0vg0tcPWlsu4RDbKcFfn8Gg667oExBEo= contains 204800 B
[2026-04-19T03:26:46.582Z INFO  worker::batch_maker] Batch dweWYGDKnrRG13wD5zKSFYlqdj/6DQeCpdh5GoB0EH4= contains sample tx 2236
[2026-04-19T03:26:46.582Z INFO  worker::batch_maker] Batch dweWYGDKnrRG13wD5zKSFYlqdj/6DQeCpdh5GoB0EH4= contains 204800 B
[2026-04-19T03:26:46.635Z INFO  worker::batch_maker] Batch cNY4p6jOPsqjOWgDTbMSxtx5ZMQavVtAaMK2Z+mD7z4= contains sample tx 2237
[2026-04-19T03:26:46.635Z INFO  worker::batch_maker] Batch cNY4p6jOPsqjOWgDTbMSxtx5ZMQavVtAaMK2Z+mD7z4= contains 204800 B
[2026-04-19T03:26:46.688Z INFO  worker::batch_maker] Batch VTUwxdgMh4SQjWRoEE3wqBsVAEM0TRDoSBigxP+FMA8= contains sample tx 2238
[2026-04-19T03:26:46.688Z INFO  worker::batch_maker] Batch VTUwxdgMh4SQjWRoEE3wqBsVAEM0TRDoSBigxP+FMA8= contains 204800 B
[2026-04-19T03:26:46.741Z INFO  worker::batch_maker] Batch iD1QbXvnr4HYWc3AYo0doq3Eu+qCifT+qQ5tw42mkos= contains sample tx 2239
[2026-04-19T03:26:46.741Z INFO  worker::batch_maker] Batch iD1QbXvnr4HYWc3AYo0doq3Eu+qCifT+qQ5tw42mkos= contains 204800 B
[2026-04-19T03:26:46.793Z INFO  worker::batch_maker] Batch lxEM0uAp/YqMbQfRxCXCf3aDBTl/5h56gMIxwx1yxao= contains sample tx 2240
[2026-04-19T03:26:46.793Z INFO  worker::batch_maker] Batch lxEM0uAp/YqMbQfRxCXCf3aDBTl/5h56gMIxwx1yxao= contains 204800 B
[2026-04-19T03:26:46.845Z INFO  worker::batch_maker] Batch y7ZexfTfAVDTic3AIyWTy+Z1QydoLwr6k/uTdiz2OW4= contains sample tx 2241
[2026-04-19T03:26:46.845Z INFO  worker::batch_maker] Batch y7ZexfTfAVDTic3AIyWTy+Z1QydoLwr6k/uTdiz2OW4= contains 204800 B
[2026-04-19T03:26:46.897Z INFO  worker::batch_maker] Batch daGIP65Uk8fGeMzmkyQq9S7LohztV9331ZiCEo0PCsA= contains sample tx 2242
[2026-04-19T03:26:46.897Z INFO  worker::batch_maker] Batch daGIP65Uk8fGeMzmkyQq9S7LohztV9331ZiCEo0PCsA= contains 204800 B
[2026-04-19T03:26:46.949Z INFO  worker::batch_maker] Batch OwqI42dfbFGt5xT5zJp7O7imxAMX7mhKdcXA3Z1zb1s= contains sample tx 2243
[2026-04-19T03:26:46.949Z INFO  worker::batch_maker] Batch OwqI42dfbFGt5xT5zJp7O7imxAMX7mhKdcXA3Z1zb1s= contains 204800 B
[2026-04-19T03:26:47.002Z INFO  worker::batch_maker] Batch dt3UVx8bb8BbamyKLVvZF6ZJUbxc6Mtk8O3BDkDZyiA= contains sample tx 2244
[2026-04-19T03:26:47.002Z INFO  worker::batch_maker] Batch dt3UVx8bb8BbamyKLVvZF6ZJUbxc6Mtk8O3BDkDZyiA= contains 204800 B
[2026-04-19T03:26:47.054Z INFO  worker::batch_maker] Batch hm+1BvZ2z5Abj3CptqIlal1SiIO/3kLkZPUPxXamdDw= contains sample tx 2245
[2026-04-19T03:26:47.054Z INFO  worker::batch_maker] Batch hm+1BvZ2z5Abj3CptqIlal1SiIO/3kLkZPUPxXamdDw= contains 232960 B
[2026-04-19T03:26:47.108Z INFO  worker::batch_maker] Batch G1EHs3PLgYeQzuCgrDzAvQkHewv3sipIfKGFwk4/l1M= contains sample tx 2246
[2026-04-19T03:26:47.108Z INFO  worker::batch_maker] Batch G1EHs3PLgYeQzuCgrDzAvQkHewv3sipIfKGFwk4/l1M= contains sample tx 2247
[2026-04-19T03:26:47.108Z INFO  worker::batch_maker] Batch G1EHs3PLgYeQzuCgrDzAvQkHewv3sipIfKGFwk4/l1M= contains 381440 B
[2026-04-19T03:26:47.160Z INFO  worker::batch_maker] Batch 4EwVVFNoFMsHjodXKMDNmm7n02Y+ysXAB/eF2fj542g= contains sample tx 2248
[2026-04-19T03:26:47.160Z INFO  worker::batch_maker] Batch 4EwVVFNoFMsHjodXKMDNmm7n02Y+ysXAB/eF2fj542g= contains 204800 B
[2026-04-19T03:26:47.212Z INFO  worker::batch_maker] Batch /lF48+Q9/k8ipPI00BIo3yhJnHKjrUppzdFUjsLEPf0= contains sample tx 2249
[2026-04-19T03:26:47.213Z INFO  worker::batch_maker] Batch /lF48+Q9/k8ipPI00BIo3yhJnHKjrUppzdFUjsLEPf0= contains 204800 B
[2026-04-19T03:26:47.265Z INFO  worker::batch_maker] Batch oPlSNjt7wQjcUQW190qmGeQZIQl8gPPUqQZ8ich2DbI= contains sample tx 2250
[2026-04-19T03:26:47.265Z INFO  worker::batch_maker] Batch oPlSNjt7wQjcUQW190qmGeQZIQl8gPPUqQZ8ich2DbI= contains 204800 B
[2026-04-19T03:26:47.317Z INFO  worker::batch_maker] Batch JQ+FV0uBXMw4PKOs9w5lok2R0ErL0eBZ4ViK9n6dTuY= contains sample tx 2251
[2026-04-19T03:26:47.317Z INFO  worker::batch_maker] Batch JQ+FV0uBXMw4PKOs9w5lok2R0ErL0eBZ4ViK9n6dTuY= contains 204800 B
[2026-04-19T03:26:47.369Z INFO  worker::batch_maker] Batch 5KlNHQ1bbPuJcanC8jmxKQdCqA6yxAD6iAIBJZiPCtg= contains sample tx 2252
[2026-04-19T03:26:47.369Z INFO  worker::batch_maker] Batch 5KlNHQ1bbPuJcanC8jmxKQdCqA6yxAD6iAIBJZiPCtg= contains 204800 B
[2026-04-19T03:26:47.421Z INFO  worker::batch_maker] Batch 3Pw+wVUFMCRfvSGAA7zWUa3ieX3m6LfIQ2QUoDpT1OA= contains sample tx 2253
[2026-04-19T03:26:47.421Z INFO  worker::batch_maker] Batch 3Pw+wVUFMCRfvSGAA7zWUa3ieX3m6LfIQ2QUoDpT1OA= contains 204800 B
[2026-04-19T03:26:47.473Z INFO  worker::batch_maker] Batch oGbNEij0ZJYdy5X30/wPpWrel7FRmVztGppKz521+ao= contains sample tx 2254
[2026-04-19T03:26:47.473Z INFO  worker::batch_maker] Batch oGbNEij0ZJYdy5X30/wPpWrel7FRmVztGppKz521+ao= contains 204800 B
[2026-04-19T03:26:47.529Z INFO  worker::batch_maker] Batch W0c+wOpViPE/B5ooqaCdl8Hq9fjQbbQttOyKpkDcZT0= contains sample tx 2255
[2026-04-19T03:26:47.529Z INFO  worker::batch_maker] Batch W0c+wOpViPE/B5ooqaCdl8Hq9fjQbbQttOyKpkDcZT0= contains 204800 B
[2026-04-19T03:26:47.581Z INFO  worker::batch_maker] Batch T+860jrxvQxrs0o5XWGZh6cLdXk/egmTUWrHM8H0oEQ= contains sample tx 2256
[2026-04-19T03:26:47.581Z INFO  worker::batch_maker] Batch T+860jrxvQxrs0o5XWGZh6cLdXk/egmTUWrHM8H0oEQ= contains 204800 B
[2026-04-19T03:26:47.633Z INFO  worker::batch_maker] Batch NXPW6nIjmgEqciN/bPCdfgInxEyUf1nq7TGd/okEBF0= contains sample tx 2257
[2026-04-19T03:26:47.633Z INFO  worker::batch_maker] Batch NXPW6nIjmgEqciN/bPCdfgInxEyUf1nq7TGd/okEBF0= contains 204800 B
[2026-04-19T03:26:47.685Z INFO  worker::batch_maker] Batch gnDMSZFok1J21UPTOObnHOvYMvaADeemCD9FqIK+Q+o= contains sample tx 2258
[2026-04-19T03:26:47.685Z INFO  worker::batch_maker] Batch gnDMSZFok1J21UPTOObnHOvYMvaADeemCD9FqIK+Q+o= contains 204800 B
[2026-04-19T03:26:47.738Z INFO  worker::batch_maker] Batch erDBT1/lNkLvWGgupV+GOuORfnOWcICXxfp/0v4HlWQ= contains sample tx 2259
[2026-04-19T03:26:47.738Z INFO  worker::batch_maker] Batch erDBT1/lNkLvWGgupV+GOuORfnOWcICXxfp/0v4HlWQ= contains 204800 B
[2026-04-19T03:26:47.791Z INFO  worker::batch_maker] Batch gdwWbhLb/kdSx8rkuuFGTKB2ppdqPVz4Od8ubRADqhE= contains sample tx 2260
[2026-04-19T03:26:47.791Z INFO  worker::batch_maker] Batch gdwWbhLb/kdSx8rkuuFGTKB2ppdqPVz4Od8ubRADqhE= contains 204800 B
[2026-04-19T03:26:47.843Z INFO  worker::batch_maker] Batch GWnc4U8rv0AnrqOxqGNPaGFnjltxmye7Gi6dE6n77uo= contains sample tx 2261
[2026-04-19T03:26:47.843Z INFO  worker::batch_maker] Batch GWnc4U8rv0AnrqOxqGNPaGFnjltxmye7Gi6dE6n77uo= contains 204800 B
[2026-04-19T03:26:47.894Z INFO  worker::batch_maker] Batch YlIYjOTR9GaFFTwoaSNrR5rmRdwdBp0OlNoQkJpLNRs= contains sample tx 2262
[2026-04-19T03:26:47.894Z INFO  worker::batch_maker] Batch YlIYjOTR9GaFFTwoaSNrR5rmRdwdBp0OlNoQkJpLNRs= contains 204800 B
[2026-04-19T03:26:47.948Z INFO  worker::batch_maker] Batch xVKcAA6JbQvzCdxt1WmfIbDhCj1NWXqdGxuDx0CtbmM= contains sample tx 2263
[2026-04-19T03:26:47.948Z INFO  worker::batch_maker] Batch xVKcAA6JbQvzCdxt1WmfIbDhCj1NWXqdGxuDx0CtbmM= contains 204800 B
[2026-04-19T03:26:48.001Z INFO  worker::batch_maker] Batch ZZdnf9n/Q7jAacROf3pBRcEMJY6NOI2GUp8omguq/TI= contains sample tx 2264
[2026-04-19T03:26:48.001Z INFO  worker::batch_maker] Batch ZZdnf9n/Q7jAacROf3pBRcEMJY6NOI2GUp8omguq/TI= contains 204800 B
[2026-04-19T03:26:48.054Z INFO  worker::batch_maker] Batch prrXoHjtj8qiRfMm+cPMOJtxpQNbI3NFQGgl5hDxWzg= contains sample tx 2265
[2026-04-19T03:26:48.054Z INFO  worker::batch_maker] Batch prrXoHjtj8qiRfMm+cPMOJtxpQNbI3NFQGgl5hDxWzg= contains 235008 B
[2026-04-19T03:26:48.105Z INFO  worker::batch_maker] Batch 8kbayhrRv5YUejujv7Y71HewUVZ2daWmsBmcl0GIWYU= contains sample tx 2266
[2026-04-19T03:26:48.105Z INFO  worker::batch_maker] Batch 8kbayhrRv5YUejujv7Y71HewUVZ2daWmsBmcl0GIWYU= contains 206848 B
[2026-04-19T03:26:48.159Z INFO  worker::batch_maker] Batch 2zibcZYeA4cLa3GUkNkV0ccAlLUqVi4paGDsDJFYP9M= contains sample tx 2267
[2026-04-19T03:26:48.159Z INFO  worker::batch_maker] Batch 2zibcZYeA4cLa3GUkNkV0ccAlLUqVi4paGDsDJFYP9M= contains 288256 B
[2026-04-19T03:26:48.214Z INFO  worker::batch_maker] Batch itVCaDN3CYDvGWp1vDXTxJWqQQ759u+zLsqzoy68KaI= contains sample tx 2268
[2026-04-19T03:26:48.214Z INFO  worker::batch_maker] Batch itVCaDN3CYDvGWp1vDXTxJWqQQ759u+zLsqzoy68KaI= contains sample tx 2269
[2026-04-19T03:26:48.214Z INFO  worker::batch_maker] Batch itVCaDN3CYDvGWp1vDXTxJWqQQ759u+zLsqzoy68KaI= contains 293888 B
[2026-04-19T03:26:48.266Z INFO  worker::batch_maker] Batch 7XPB15M86CoYoJMEd/XXTPrhlKvppmMihKMtNEypOu8= contains sample tx 2270
[2026-04-19T03:26:48.266Z INFO  worker::batch_maker] Batch 7XPB15M86CoYoJMEd/XXTPrhlKvppmMihKMtNEypOu8= contains 204800 B
[2026-04-19T03:26:48.319Z INFO  worker::batch_maker] Batch V6fiyqHYAt92S7qpknWWJGWJCt2QJFy3nDiIZ8DZg+8= contains sample tx 2271
[2026-04-19T03:26:48.319Z INFO  worker::batch_maker] Batch V6fiyqHYAt92S7qpknWWJGWJCt2QJFy3nDiIZ8DZg+8= contains 204800 B
[2026-04-19T03:26:48.371Z INFO  worker::batch_maker] Batch scphY8/nQ9mM/uxMFbf4T3rB++4HfKqzNPp3yBvxLCU= contains sample tx 2272
[2026-04-19T03:26:48.371Z INFO  worker::batch_maker] Batch scphY8/nQ9mM/uxMFbf4T3rB++4HfKqzNPp3yBvxLCU= contains 204800 B
[2026-04-19T03:26:48.426Z INFO  worker::batch_maker] Batch 55FM8vEGX+7Pz/eHteRD+1D9cYgwjgzx58/Ad2AqRrE= contains sample tx 2273
[2026-04-19T03:26:48.426Z INFO  worker::batch_maker] Batch 55FM8vEGX+7Pz/eHteRD+1D9cYgwjgzx58/Ad2AqRrE= contains 204800 B
[2026-04-19T03:26:48.479Z INFO  worker::batch_maker] Batch 2ymaHVJLFczJw9FE5XQGjL/QgL74FHYYJYVogkxafk0= contains sample tx 2274
[2026-04-19T03:26:48.479Z INFO  worker::batch_maker] Batch 2ymaHVJLFczJw9FE5XQGjL/QgL74FHYYJYVogkxafk0= contains 204800 B
[2026-04-19T03:26:48.532Z INFO  worker::batch_maker] Batch NMdQdcQEE8oIvdFtLhoTPXsbAyMnuMFaZYnNJzWtiVs= contains sample tx 2275
[2026-04-19T03:26:48.532Z INFO  worker::batch_maker] Batch NMdQdcQEE8oIvdFtLhoTPXsbAyMnuMFaZYnNJzWtiVs= contains 204800 B
[2026-04-19T03:26:48.585Z INFO  worker::batch_maker] Batch XJJWEViMTCUkyJa6wrS1CBGg+tDxqQZJyT3Cx9tisXU= contains sample tx 2276
[2026-04-19T03:26:48.585Z INFO  worker::batch_maker] Batch XJJWEViMTCUkyJa6wrS1CBGg+tDxqQZJyT3Cx9tisXU= contains 204800 B
[2026-04-19T03:26:48.637Z INFO  worker::batch_maker] Batch 8hPabo8g0ql33t6IVuU66p/kmPYZFHfnQZ3ZE466Fic= contains sample tx 2277
[2026-04-19T03:26:48.637Z INFO  worker::batch_maker] Batch 8hPabo8g0ql33t6IVuU66p/kmPYZFHfnQZ3ZE466Fic= contains 204800 B
[2026-04-19T03:26:48.688Z INFO  worker::batch_maker] Batch QfcDI6M7vXRykg33Hg3C2XIpCHhjo2M0EBoI3sHChfQ= contains sample tx 2278
[2026-04-19T03:26:48.688Z INFO  worker::batch_maker] Batch QfcDI6M7vXRykg33Hg3C2XIpCHhjo2M0EBoI3sHChfQ= contains 204800 B
[2026-04-19T03:26:48.741Z INFO  worker::batch_maker] Batch gLeQRmltlJxjeHYzmN7G4l82To8a2R99S2zudiw9Mdw= contains sample tx 2279
[2026-04-19T03:26:48.741Z INFO  worker::batch_maker] Batch gLeQRmltlJxjeHYzmN7G4l82To8a2R99S2zudiw9Mdw= contains 204800 B
[2026-04-19T03:26:48.793Z INFO  worker::batch_maker] Batch Is4N/+Ipp6iCJAdWJ0qVXuXYJUnBjDiMVtF9rHNGRuE= contains sample tx 2280
[2026-04-19T03:26:48.793Z INFO  worker::batch_maker] Batch Is4N/+Ipp6iCJAdWJ0qVXuXYJUnBjDiMVtF9rHNGRuE= contains 204800 B
[2026-04-19T03:26:48.845Z INFO  worker::batch_maker] Batch LcLRWXe++u/k3qPaHZhdL03ErDI7oly3g4RPSXU2SCA= contains sample tx 2281
[2026-04-19T03:26:48.845Z INFO  worker::batch_maker] Batch LcLRWXe++u/k3qPaHZhdL03ErDI7oly3g4RPSXU2SCA= contains 204800 B
[2026-04-19T03:26:48.897Z INFO  worker::batch_maker] Batch 89gPcT+a4vwGrD79AzDSKc/FC1vRVMYoVBa+Jir946c= contains sample tx 2282
[2026-04-19T03:26:48.897Z INFO  worker::batch_maker] Batch 89gPcT+a4vwGrD79AzDSKc/FC1vRVMYoVBa+Jir946c= contains 204800 B
[2026-04-19T03:26:48.949Z INFO  worker::batch_maker] Batch EI6Tif/dZIgtdkzsPrhruK7NVqRfGEFpENiYTB24e+A= contains sample tx 2283
[2026-04-19T03:26:48.949Z INFO  worker::batch_maker] Batch EI6Tif/dZIgtdkzsPrhruK7NVqRfGEFpENiYTB24e+A= contains 204800 B
[2026-04-19T03:26:49.002Z INFO  worker::batch_maker] Batch PXmnUCosIcP68iCRcKCEM+Z6Hje+1oYEIrBHTwEXoM4= contains sample tx 2284
[2026-04-19T03:26:49.002Z INFO  worker::batch_maker] Batch PXmnUCosIcP68iCRcKCEM+Z6Hje+1oYEIrBHTwEXoM4= contains 204800 B
[2026-04-19T03:26:49.055Z INFO  worker::batch_maker] Batch btq3CqrCqIHYtDhVXATN9HxymN73NQsJOmLwVjsyTtc= contains sample tx 2285
[2026-04-19T03:26:49.055Z INFO  worker::batch_maker] Batch btq3CqrCqIHYtDhVXATN9HxymN73NQsJOmLwVjsyTtc= contains 321536 B
[2026-04-19T03:26:49.107Z INFO  worker::batch_maker] Batch ZxivdBWj2nDsulN0KdtdW3kV54EccEy7Q8hBf0myAq0= contains sample tx 2286
[2026-04-19T03:26:49.107Z INFO  worker::batch_maker] Batch ZxivdBWj2nDsulN0KdtdW3kV54EccEy7Q8hBf0myAq0= contains sample tx 2287
[2026-04-19T03:26:49.107Z INFO  worker::batch_maker] Batch ZxivdBWj2nDsulN0KdtdW3kV54EccEy7Q8hBf0myAq0= contains 292864 B
[2026-04-19T03:26:49.159Z INFO  worker::batch_maker] Batch 5/BvZ4ij+f3EQKPBil5TDrtDEFTG1uIyy80MZfvFBU8= contains sample tx 2288
[2026-04-19T03:26:49.159Z INFO  worker::batch_maker] Batch 5/BvZ4ij+f3EQKPBil5TDrtDEFTG1uIyy80MZfvFBU8= contains 204800 B
[2026-04-19T03:26:49.210Z INFO  worker::batch_maker] Batch 3fZbNIVjEWR3x9eUMbYRbuf5Af+2BSq+Vsc9gK5hUUo= contains sample tx 2289
[2026-04-19T03:26:49.210Z INFO  worker::batch_maker] Batch 3fZbNIVjEWR3x9eUMbYRbuf5Af+2BSq+Vsc9gK5hUUo= contains 204800 B
[2026-04-19T03:26:49.262Z INFO  worker::batch_maker] Batch HR7EoeGlfNmdkaFiIcWQHnZyXlalXS+qzFeYsRsi5qw= contains sample tx 2290
[2026-04-19T03:26:49.262Z INFO  worker::batch_maker] Batch HR7EoeGlfNmdkaFiIcWQHnZyXlalXS+qzFeYsRsi5qw= contains 204800 B
[2026-04-19T03:26:49.314Z INFO  worker::batch_maker] Batch U7lxCFo6NL/kQ4arhOt+opnTr/p5FE/qUY4+/KdmX7Y= contains sample tx 2291
[2026-04-19T03:26:49.314Z INFO  worker::batch_maker] Batch U7lxCFo6NL/kQ4arhOt+opnTr/p5FE/qUY4+/KdmX7Y= contains 204800 B
[2026-04-19T03:26:49.366Z INFO  worker::batch_maker] Batch Eriv4zbuY8QpvKGM13dP0OX2gTJ67peY8KE+EGtbmEY= contains sample tx 2292
[2026-04-19T03:26:49.366Z INFO  worker::batch_maker] Batch Eriv4zbuY8QpvKGM13dP0OX2gTJ67peY8KE+EGtbmEY= contains 204800 B
[2026-04-19T03:26:49.420Z INFO  worker::batch_maker] Batch gIEQvuvIj5oex+5wpHcpVSpxsSCbfknlhwwOWeCRgzU= contains sample tx 2293
[2026-04-19T03:26:49.420Z INFO  worker::batch_maker] Batch gIEQvuvIj5oex+5wpHcpVSpxsSCbfknlhwwOWeCRgzU= contains 204800 B
[2026-04-19T03:26:49.471Z INFO  worker::batch_maker] Batch pAMnUUAUmLxt6Rm6Mzi9GjPdL8B7r3JwSIIGwJU0No4= contains sample tx 2294
[2026-04-19T03:26:49.471Z INFO  worker::batch_maker] Batch pAMnUUAUmLxt6Rm6Mzi9GjPdL8B7r3JwSIIGwJU0No4= contains 204800 B
[2026-04-19T03:26:49.524Z INFO  worker::batch_maker] Batch ZyYKi3mAW58x8upz+nbuXHqX1P98uMZU98zp+o8ix/A= contains sample tx 2295
[2026-04-19T03:26:49.524Z INFO  worker::batch_maker] Batch ZyYKi3mAW58x8upz+nbuXHqX1P98uMZU98zp+o8ix/A= contains 204800 B
[2026-04-19T03:26:49.576Z INFO  worker::batch_maker] Batch 42JVVOzs7BJp+AesA7PGrVrcpgTHg57rAt+tv2nAj9k= contains sample tx 2296
[2026-04-19T03:26:49.576Z INFO  worker::batch_maker] Batch 42JVVOzs7BJp+AesA7PGrVrcpgTHg57rAt+tv2nAj9k= contains 204800 B
[2026-04-19T03:26:49.629Z INFO  worker::batch_maker] Batch 9N48t28HJQR6t5EZHRvfX2UEsdsanvXcpIYKey1Wevk= contains sample tx 2297
[2026-04-19T03:26:49.629Z INFO  worker::batch_maker] Batch 9N48t28HJQR6t5EZHRvfX2UEsdsanvXcpIYKey1Wevk= contains 204800 B
[2026-04-19T03:26:49.681Z INFO  worker::batch_maker] Batch QJGr5xZT2mCNV+mf2vH0M1CRX/g+0opTHFf9ObizYrk= contains sample tx 2298
[2026-04-19T03:26:49.681Z INFO  worker::batch_maker] Batch QJGr5xZT2mCNV+mf2vH0M1CRX/g+0opTHFf9ObizYrk= contains 204800 B
[2026-04-19T03:26:49.734Z INFO  worker::batch_maker] Batch PDl1B1a3xCJ3wFLeps0xFbIpHoQtLmD2ksVq4at1kIw= contains sample tx 2299
[2026-04-19T03:26:49.734Z INFO  worker::batch_maker] Batch PDl1B1a3xCJ3wFLeps0xFbIpHoQtLmD2ksVq4at1kIw= contains 204800 B
[2026-04-19T03:26:49.786Z INFO  worker::batch_maker] Batch USFdGhnVjLF96/vS7e9mIqyIieKgxDvFQtOMXy/DnC4= contains sample tx 2300
[2026-04-19T03:26:49.786Z INFO  worker::batch_maker] Batch USFdGhnVjLF96/vS7e9mIqyIieKgxDvFQtOMXy/DnC4= contains 204800 B
[2026-04-19T03:26:49.840Z INFO  worker::batch_maker] Batch uHJVlCiy4hxMVihCHINYIXeuHMys+1P58l7yJUWHce8= contains sample tx 2301
[2026-04-19T03:26:49.840Z INFO  worker::batch_maker] Batch uHJVlCiy4hxMVihCHINYIXeuHMys+1P58l7yJUWHce8= contains 204800 B
[2026-04-19T03:26:49.892Z INFO  worker::batch_maker] Batch zRZ1I6sMs0POWms8PYFLVbFHyObkXstOofDya5/gwjE= contains sample tx 2302
[2026-04-19T03:26:49.893Z INFO  worker::batch_maker] Batch zRZ1I6sMs0POWms8PYFLVbFHyObkXstOofDya5/gwjE= contains 204800 B
[2026-04-19T03:26:49.946Z INFO  worker::batch_maker] Batch jDbFxYDjp8LdulgUD12rwZZiNDS8QYpK5q1gU11gwiA= contains sample tx 2303
[2026-04-19T03:26:49.946Z INFO  worker::batch_maker] Batch jDbFxYDjp8LdulgUD12rwZZiNDS8QYpK5q1gU11gwiA= contains 204800 B
[2026-04-19T03:26:50.000Z INFO  worker::batch_maker] Batch 0VD6xSzXjZJB5oWia6kxgxK5qL64edVDePGMq8z5Suk= contains sample tx 2304
[2026-04-19T03:26:50.000Z INFO  worker::batch_maker] Batch 0VD6xSzXjZJB5oWia6kxgxK5qL64edVDePGMq8z5Suk= contains 204800 B
[2026-04-19T03:26:50.054Z INFO  worker::batch_maker] Batch loZsh9vYHyddRrH1s9rJVHE//HJkVs4VW14hLp+0IJo= contains sample tx 2305
[2026-04-19T03:26:50.054Z INFO  worker::batch_maker] Batch loZsh9vYHyddRrH1s9rJVHE//HJkVs4VW14hLp+0IJo= contains 204800 B
[2026-04-19T03:26:50.107Z INFO  worker::batch_maker] Batch KXTbkNc9I/5WP3e3BRvzQ6s7bExtgO/l0jyXfCncxrA= contains sample tx 2306
[2026-04-19T03:26:50.107Z INFO  worker::batch_maker] Batch KXTbkNc9I/5WP3e3BRvzQ6s7bExtgO/l0jyXfCncxrA= contains 209920 B
[2026-04-19T03:26:50.163Z INFO  worker::batch_maker] Batch nH8Pvtjpo+aXPIZbPYQHn9tAN/ZlL9GrFNgSLgw15N0= contains sample tx 2307
[2026-04-19T03:26:50.163Z INFO  worker::batch_maker] Batch nH8Pvtjpo+aXPIZbPYQHn9tAN/ZlL9GrFNgSLgw15N0= contains 331776 B
[2026-04-19T03:26:50.217Z INFO  worker::batch_maker] Batch MdBOkQt65R2+nYalvB4y1VweA/2VipCZWPGhz8bkaC0= contains sample tx 2308
[2026-04-19T03:26:50.217Z INFO  worker::batch_maker] Batch MdBOkQt65R2+nYalvB4y1VweA/2VipCZWPGhz8bkaC0= contains sample tx 2309
[2026-04-19T03:26:50.217Z INFO  worker::batch_maker] Batch MdBOkQt65R2+nYalvB4y1VweA/2VipCZWPGhz8bkaC0= contains 277504 B
[2026-04-19T03:26:50.270Z INFO  worker::batch_maker] Batch IOfguE/6swgnXXjvJp0lCxLMN7UPiCTIrqk+/QniHoI= contains sample tx 2310
[2026-04-19T03:26:50.270Z INFO  worker::batch_maker] Batch IOfguE/6swgnXXjvJp0lCxLMN7UPiCTIrqk+/QniHoI= contains 204800 B
[2026-04-19T03:26:50.323Z INFO  worker::batch_maker] Batch 9qEaau8KGpx/K25EBeg7dAmE3wC+yheTK+Xf0XwpxRc= contains sample tx 2311
[2026-04-19T03:26:50.323Z INFO  worker::batch_maker] Batch 9qEaau8KGpx/K25EBeg7dAmE3wC+yheTK+Xf0XwpxRc= contains 204800 B
[2026-04-19T03:26:50.376Z INFO  worker::batch_maker] Batch tknh9JnvfNmcXkBR4Z53Abb4JNvHeRI7efaimFN2YHY= contains sample tx 2312
[2026-04-19T03:26:50.376Z INFO  worker::batch_maker] Batch tknh9JnvfNmcXkBR4Z53Abb4JNvHeRI7efaimFN2YHY= contains 204800 B
[2026-04-19T03:26:50.428Z INFO  worker::batch_maker] Batch v2gl/4vJrKI6arIsxriW8jNXIwnKdXv7uCJqNSIMGOQ= contains sample tx 2313
[2026-04-19T03:26:50.429Z INFO  worker::batch_maker] Batch v2gl/4vJrKI6arIsxriW8jNXIwnKdXv7uCJqNSIMGOQ= contains 204800 B
[2026-04-19T03:26:50.482Z INFO  worker::batch_maker] Batch h/B0SJ8S/3cQoSjr35gd920QTJx5akH1EtHh61pPd00= contains sample tx 2314
[2026-04-19T03:26:50.482Z INFO  worker::batch_maker] Batch h/B0SJ8S/3cQoSjr35gd920QTJx5akH1EtHh61pPd00= contains 204800 B
[2026-04-19T03:26:50.535Z INFO  worker::batch_maker] Batch EMTnti3rwbLJmoj9e+HEfqI48goEb4sqwUVS/N+8EJM= contains sample tx 2315
[2026-04-19T03:26:50.535Z INFO  worker::batch_maker] Batch EMTnti3rwbLJmoj9e+HEfqI48goEb4sqwUVS/N+8EJM= contains 204800 B
[2026-04-19T03:26:50.586Z INFO  worker::batch_maker] Batch v3eYJ1LtAMA5pjwLKrH8/Ec+WgbVhqbyhwD0FR45Lzs= contains sample tx 2316
[2026-04-19T03:26:50.586Z INFO  worker::batch_maker] Batch v3eYJ1LtAMA5pjwLKrH8/Ec+WgbVhqbyhwD0FR45Lzs= contains 204800 B
[2026-04-19T03:26:50.639Z INFO  worker::batch_maker] Batch Obj6Ew6GRVXTD2oKmovyDkS+8IIbeS15/wgRhJaVNks= contains sample tx 2317
[2026-04-19T03:26:50.639Z INFO  worker::batch_maker] Batch Obj6Ew6GRVXTD2oKmovyDkS+8IIbeS15/wgRhJaVNks= contains 204800 B
[2026-04-19T03:26:50.692Z INFO  worker::batch_maker] Batch n+LxGWUZvk134BJUXmFQGVimhldPWu7ESjNfRytHCZs= contains sample tx 2318
[2026-04-19T03:26:50.692Z INFO  worker::batch_maker] Batch n+LxGWUZvk134BJUXmFQGVimhldPWu7ESjNfRytHCZs= contains 204800 B
[2026-04-19T03:26:50.743Z INFO  worker::batch_maker] Batch CXAz8or5HpOXySyKJpnaUFFsybBXllXaRgMLu4KvCck= contains sample tx 2319
[2026-04-19T03:26:50.743Z INFO  worker::batch_maker] Batch CXAz8or5HpOXySyKJpnaUFFsybBXllXaRgMLu4KvCck= contains 204800 B
[2026-04-19T03:26:50.796Z INFO  worker::batch_maker] Batch uPXWUW2X0cn2a0hxVbSl7jLK8w+mdV6NFfSO5oEpFOU= contains sample tx 2320
[2026-04-19T03:26:50.796Z INFO  worker::batch_maker] Batch uPXWUW2X0cn2a0hxVbSl7jLK8w+mdV6NFfSO5oEpFOU= contains 204800 B
[2026-04-19T03:26:50.848Z INFO  worker::batch_maker] Batch jxX/fQ/hcWfh7DpVmbSGn/d98TNjjyL30rL95v7zJEw= contains sample tx 2321
[2026-04-19T03:26:50.848Z INFO  worker::batch_maker] Batch jxX/fQ/hcWfh7DpVmbSGn/d98TNjjyL30rL95v7zJEw= contains 204800 B
[2026-04-19T03:26:50.900Z INFO  worker::batch_maker] Batch rnmOUk3YJDAuSsPeYUxwJpYTRH7KUz98E7WPgY0Bao8= contains sample tx 2322
[2026-04-19T03:26:50.900Z INFO  worker::batch_maker] Batch rnmOUk3YJDAuSsPeYUxwJpYTRH7KUz98E7WPgY0Bao8= contains 204800 B
[2026-04-19T03:26:50.953Z INFO  worker::batch_maker] Batch BeeWv2lsNZzF5BPHxKKI18xr0/U5JSaiMkbW5nYA+TY= contains sample tx 2323
[2026-04-19T03:26:50.953Z INFO  worker::batch_maker] Batch BeeWv2lsNZzF5BPHxKKI18xr0/U5JSaiMkbW5nYA+TY= contains 204800 B
[2026-04-19T03:26:51.006Z INFO  worker::batch_maker] Batch l+Y3OGSU7kWPkHSIgEO9xlf0C7rXqEVLrZ3iRCt3sns= contains sample tx 2324
[2026-04-19T03:26:51.006Z INFO  worker::batch_maker] Batch l+Y3OGSU7kWPkHSIgEO9xlf0C7rXqEVLrZ3iRCt3sns= contains 324096 B
[2026-04-19T03:26:51.059Z INFO  worker::batch_maker] Batch Z6ndxT+3C9+93pGo3lbh+i3//wXSbrluy8ZJ0zKTyK8= contains sample tx 2325
[2026-04-19T03:26:51.059Z INFO  worker::batch_maker] Batch Z6ndxT+3C9+93pGo3lbh+i3//wXSbrluy8ZJ0zKTyK8= contains sample tx 2326
[2026-04-19T03:26:51.059Z INFO  worker::batch_maker] Batch Z6ndxT+3C9+93pGo3lbh+i3//wXSbrluy8ZJ0zKTyK8= contains 290304 B
[2026-04-19T03:26:51.112Z INFO  worker::batch_maker] Batch UQG40pS7ZF/o1Ovarf4FqWQ4Q01zCxEDRRupAPM3vsc= contains sample tx 2327
[2026-04-19T03:26:51.112Z INFO  worker::batch_maker] Batch UQG40pS7ZF/o1Ovarf4FqWQ4Q01zCxEDRRupAPM3vsc= contains 204800 B
[2026-04-19T03:26:51.164Z INFO  worker::batch_maker] Batch C7G3i3eMZHSfKOT4ul/5u9kJj3riaDlfA9/VtgGePh8= contains sample tx 2328
[2026-04-19T03:26:51.164Z INFO  worker::batch_maker] Batch C7G3i3eMZHSfKOT4ul/5u9kJj3riaDlfA9/VtgGePh8= contains 204800 B
[2026-04-19T03:26:51.216Z INFO  worker::batch_maker] Batch 0liH+AeHSwStXe/GdY/6hrZtGVSNf3/oVED3+OAfcXs= contains sample tx 2329
[2026-04-19T03:26:51.216Z INFO  worker::batch_maker] Batch 0liH+AeHSwStXe/GdY/6hrZtGVSNf3/oVED3+OAfcXs= contains 204800 B
[2026-04-19T03:26:51.270Z INFO  worker::batch_maker] Batch es8K+YAa2sfmRgZzyA+eF2jq0ONf//q++a6tMw84zR0= contains sample tx 2330
[2026-04-19T03:26:51.271Z INFO  worker::batch_maker] Batch es8K+YAa2sfmRgZzyA+eF2jq0ONf//q++a6tMw84zR0= contains 204800 B
[2026-04-19T03:26:51.323Z INFO  worker::batch_maker] Batch 7fPQlDZNiFD5+VuNySbWvK+wkO8xwZ+LX00DBanCfMk= contains sample tx 2331
[2026-04-19T03:26:51.323Z INFO  worker::batch_maker] Batch 7fPQlDZNiFD5+VuNySbWvK+wkO8xwZ+LX00DBanCfMk= contains 204800 B
[2026-04-19T03:26:51.375Z INFO  worker::batch_maker] Batch KUNjiPDb3+Ha6bIyMfrMOw7VpCJktDLw6sPCjorMxVs= contains sample tx 2332
[2026-04-19T03:26:51.375Z INFO  worker::batch_maker] Batch KUNjiPDb3+Ha6bIyMfrMOw7VpCJktDLw6sPCjorMxVs= contains 204800 B
[2026-04-19T03:26:51.427Z INFO  worker::batch_maker] Batch G5nmeXatQmYdJ1v9gQe8Y1DVBCF1DmRO08GDyMMSec8= contains sample tx 2333
[2026-04-19T03:26:51.427Z INFO  worker::batch_maker] Batch G5nmeXatQmYdJ1v9gQe8Y1DVBCF1DmRO08GDyMMSec8= contains 204800 B
[2026-04-19T03:26:51.479Z INFO  worker::batch_maker] Batch IZUZuh54kEm/AAOIRbgYiDbcV9+XIfU1LEuK5/lA/p4= contains sample tx 2334
[2026-04-19T03:26:51.479Z INFO  worker::batch_maker] Batch IZUZuh54kEm/AAOIRbgYiDbcV9+XIfU1LEuK5/lA/p4= contains 204800 B
[2026-04-19T03:26:51.532Z INFO  worker::batch_maker] Batch sOg5JcFOULN7CpgSqWbJZIhtW61rfD+qdvv1e8ZOFHk= contains sample tx 2335
[2026-04-19T03:26:51.532Z INFO  worker::batch_maker] Batch sOg5JcFOULN7CpgSqWbJZIhtW61rfD+qdvv1e8ZOFHk= contains 204800 B
[2026-04-19T03:26:51.583Z INFO  worker::batch_maker] Batch eY6SuD2TtBWGSDauio/9foQqV1fKLL/HXsZC66gY6kM= contains sample tx 2336
[2026-04-19T03:26:51.583Z INFO  worker::batch_maker] Batch eY6SuD2TtBWGSDauio/9foQqV1fKLL/HXsZC66gY6kM= contains 204800 B
[2026-04-19T03:26:51.635Z INFO  worker::batch_maker] Batch H894zyKGyLx/YioN100Rb36nENk80YHsyfR1Agqpsvc= contains sample tx 2337
[2026-04-19T03:26:51.635Z INFO  worker::batch_maker] Batch H894zyKGyLx/YioN100Rb36nENk80YHsyfR1Agqpsvc= contains 204800 B
[2026-04-19T03:26:51.688Z INFO  worker::batch_maker] Batch JWQ4uaK0ooX3gUHjWJyu76h2W+4XCwSerSvvTz6kINc= contains sample tx 2338
[2026-04-19T03:26:51.688Z INFO  worker::batch_maker] Batch JWQ4uaK0ooX3gUHjWJyu76h2W+4XCwSerSvvTz6kINc= contains 204800 B
[2026-04-19T03:26:51.740Z INFO  worker::batch_maker] Batch Udm5iC3+VPzKw04A3IMXbTr7n2d3I75oti3kJl1231I= contains sample tx 2339
[2026-04-19T03:26:51.740Z INFO  worker::batch_maker] Batch Udm5iC3+VPzKw04A3IMXbTr7n2d3I75oti3kJl1231I= contains 204800 B
[2026-04-19T03:26:51.792Z INFO  worker::batch_maker] Batch KjCifBcVDHAWClRAFAXmEPR5p9K/GGCg/2+alFvyCfs= contains sample tx 2340
[2026-04-19T03:26:51.792Z INFO  worker::batch_maker] Batch KjCifBcVDHAWClRAFAXmEPR5p9K/GGCg/2+alFvyCfs= contains 204800 B
[2026-04-19T03:26:51.843Z INFO  worker::batch_maker] Batch RPr6d6aq405HhL7gzBDwPa+kFlMnSBOb5oU5fBip/P4= contains sample tx 2341
[2026-04-19T03:26:51.843Z INFO  worker::batch_maker] Batch RPr6d6aq405HhL7gzBDwPa+kFlMnSBOb5oU5fBip/P4= contains 204800 B
[2026-04-19T03:26:51.895Z INFO  worker::batch_maker] Batch r5iDsLQCAaGBf90EP8RrzEv2MnDwMJkTt8YzFu9A7Z8= contains sample tx 2342
[2026-04-19T03:26:51.895Z INFO  worker::batch_maker] Batch r5iDsLQCAaGBf90EP8RrzEv2MnDwMJkTt8YzFu9A7Z8= contains 204800 B
[2026-04-19T03:26:51.958Z INFO  worker::batch_maker] Batch 4aQs1RMII1UBtm9/OVoXUjLRx38IBH045O5e9UWZW4U= contains sample tx 2343
[2026-04-19T03:26:51.958Z INFO  worker::batch_maker] Batch 4aQs1RMII1UBtm9/OVoXUjLRx38IBH045O5e9UWZW4U= contains sample tx 2344
[2026-04-19T03:26:51.958Z INFO  worker::batch_maker] Batch 4aQs1RMII1UBtm9/OVoXUjLRx38IBH045O5e9UWZW4U= contains 409600 B
[2026-04-19T03:26:52.011Z INFO  worker::batch_maker] Batch ljT0bfp94NXbYCP6gvytClYxSHn+/OZmzlmd8FRmjeE= contains sample tx 2345
[2026-04-19T03:26:52.011Z INFO  worker::batch_maker] Batch ljT0bfp94NXbYCP6gvytClYxSHn+/OZmzlmd8FRmjeE= contains 204800 B
[2026-04-19T03:26:52.063Z INFO  worker::batch_maker] Batch 9F5vNKHa0+/HrkbJxNzNkkYfHpg7PREZ5QbIB2/8elg= contains sample tx 2346
[2026-04-19T03:26:52.063Z INFO  worker::batch_maker] Batch 9F5vNKHa0+/HrkbJxNzNkkYfHpg7PREZ5QbIB2/8elg= contains 204800 B
[2026-04-19T03:26:52.115Z INFO  worker::batch_maker] Batch Llc2DI/rLvV+S/AEiq/Zjt03xfUeGuJ3UVkmnLFn/MA= contains sample tx 2347
[2026-04-19T03:26:52.115Z INFO  worker::batch_maker] Batch Llc2DI/rLvV+S/AEiq/Zjt03xfUeGuJ3UVkmnLFn/MA= contains 204800 B
[2026-04-19T03:26:52.168Z INFO  worker::batch_maker] Batch q3fYcGA7eETeQZGlya73s9nK1AoHsSdiyaqP/zb4XBw= contains sample tx 2348
[2026-04-19T03:26:52.168Z INFO  worker::batch_maker] Batch q3fYcGA7eETeQZGlya73s9nK1AoHsSdiyaqP/zb4XBw= contains 204800 B
[2026-04-19T03:26:52.221Z INFO  worker::batch_maker] Batch AqgO0lwMMWnWlbxUjMyl9mlNMZrrHlTLPEvAP9UP5G8= contains sample tx 2349
[2026-04-19T03:26:52.221Z INFO  worker::batch_maker] Batch AqgO0lwMMWnWlbxUjMyl9mlNMZrrHlTLPEvAP9UP5G8= contains 204800 B
[2026-04-19T03:26:52.275Z INFO  worker::batch_maker] Batch ubEKkeiFpo2QSq9XFubwQJ0k88G9FJ0pRqD5AJpC/MQ= contains sample tx 2350
[2026-04-19T03:26:52.275Z INFO  worker::batch_maker] Batch ubEKkeiFpo2QSq9XFubwQJ0k88G9FJ0pRqD5AJpC/MQ= contains 204800 B
[2026-04-19T03:26:52.327Z INFO  worker::batch_maker] Batch ZVKLsZGs3ewschMwjiNIZotGJsNAzUVFUevcdvmgHik= contains sample tx 2351
[2026-04-19T03:26:52.327Z INFO  worker::batch_maker] Batch ZVKLsZGs3ewschMwjiNIZotGJsNAzUVFUevcdvmgHik= contains 204800 B
[2026-04-19T03:26:52.379Z INFO  worker::batch_maker] Batch eg12TGFIrpUXNSUJK55ebqtGwSdvuZhUmWGBjWVl0vQ= contains sample tx 2352
[2026-04-19T03:26:52.380Z INFO  worker::batch_maker] Batch eg12TGFIrpUXNSUJK55ebqtGwSdvuZhUmWGBjWVl0vQ= contains 204800 B
[2026-04-19T03:26:52.431Z INFO  worker::batch_maker] Batch /lxza7GHjmL/yKMBOHT1VdFIqrlgDVFU+VXpa5SHKmk= contains sample tx 2353
[2026-04-19T03:26:52.431Z INFO  worker::batch_maker] Batch /lxza7GHjmL/yKMBOHT1VdFIqrlgDVFU+VXpa5SHKmk= contains 204800 B
[2026-04-19T03:26:52.484Z INFO  worker::batch_maker] Batch X7lQHCWOTO14vbua3JkMFWkjJeHZ55zlaiw4xzfn1kY= contains sample tx 2354
[2026-04-19T03:26:52.484Z INFO  worker::batch_maker] Batch X7lQHCWOTO14vbua3JkMFWkjJeHZ55zlaiw4xzfn1kY= contains 204800 B
[2026-04-19T03:26:52.536Z INFO  worker::batch_maker] Batch 48NfUGofeT2y2hMAY95XupGCm2u1OZrsUXiucFIOaZ4= contains sample tx 2355
[2026-04-19T03:26:52.574Z INFO  worker::batch_maker] Batch 48NfUGofeT2y2hMAY95XupGCm2u1OZrsUXiucFIOaZ4= contains 204800 B
[2026-04-19T03:26:52.629Z INFO  worker::batch_maker] Batch Egs/8G9dHyJXhwRy4iC0jYbgeZVWgxaiujE+Q3PCM7A= contains sample tx 2356
[2026-04-19T03:26:52.629Z INFO  worker::batch_maker] Batch Egs/8G9dHyJXhwRy4iC0jYbgeZVWgxaiujE+Q3PCM7A= contains sample tx 2357
[2026-04-19T03:26:52.629Z INFO  worker::batch_maker] Batch Egs/8G9dHyJXhwRy4iC0jYbgeZVWgxaiujE+Q3PCM7A= contains 409600 B
[2026-04-19T03:26:52.683Z INFO  worker::batch_maker] Batch VSIf6rKc9lbLQHXWK4jxZYr00AJvRnM78LlQpgo8qww= contains sample tx 2358
[2026-04-19T03:26:52.683Z INFO  worker::batch_maker] Batch VSIf6rKc9lbLQHXWK4jxZYr00AJvRnM78LlQpgo8qww= contains 204800 B
[2026-04-19T03:26:52.735Z INFO  worker::batch_maker] Batch WqolTs3REV+ZQFCCrKui22GK+0EXPYb7KF0VjfwckCY= contains sample tx 2359
[2026-04-19T03:26:52.735Z INFO  worker::batch_maker] Batch WqolTs3REV+ZQFCCrKui22GK+0EXPYb7KF0VjfwckCY= contains 204800 B
[2026-04-19T03:26:52.789Z INFO  worker::batch_maker] Batch PSE+QNpLrKtISp8qgHmMxt6U6QiiRcR98nD574kfCoA= contains sample tx 2360
[2026-04-19T03:26:52.789Z INFO  worker::batch_maker] Batch PSE+QNpLrKtISp8qgHmMxt6U6QiiRcR98nD574kfCoA= contains 204800 B
[2026-04-19T03:26:52.842Z INFO  worker::batch_maker] Batch SX227tvUwwVg7KicVtAfw0H6Kq1eYR1Sv2WitVfnA0Q= contains sample tx 2361
[2026-04-19T03:26:52.842Z INFO  worker::batch_maker] Batch SX227tvUwwVg7KicVtAfw0H6Kq1eYR1Sv2WitVfnA0Q= contains 204800 B
[2026-04-19T03:26:52.895Z INFO  worker::batch_maker] Batch 7eWJTPd9cDkBspmo/dcDcW4aY9Vd3zS/xcc6zuWBJow= contains sample tx 2362
[2026-04-19T03:26:52.895Z INFO  worker::batch_maker] Batch 7eWJTPd9cDkBspmo/dcDcW4aY9Vd3zS/xcc6zuWBJow= contains 204800 B
[2026-04-19T03:26:52.946Z INFO  worker::batch_maker] Batch k2PD5yLB9SzbrLfClrqzQDrc8OKSvDV1gGVZlKUkhpE= contains sample tx 2363
[2026-04-19T03:26:52.946Z INFO  worker::batch_maker] Batch k2PD5yLB9SzbrLfClrqzQDrc8OKSvDV1gGVZlKUkhpE= contains 204800 B
[2026-04-19T03:26:52.999Z INFO  worker::batch_maker] Batch 0vUfbfobV+ezACp+pNoq6NSEJEdEP08oMSDW/cHym6A= contains sample tx 2364
[2026-04-19T03:26:52.999Z INFO  worker::batch_maker] Batch 0vUfbfobV+ezACp+pNoq6NSEJEdEP08oMSDW/cHym6A= contains 204800 B
[2026-04-19T03:26:53.051Z INFO  worker::batch_maker] Batch b7D1k6XaX2h/S2ZtW2RdcqfUCtJ4oR3VM+FJ+7rAg/E= contains sample tx 2365
[2026-04-19T03:26:53.051Z INFO  worker::batch_maker] Batch b7D1k6XaX2h/S2ZtW2RdcqfUCtJ4oR3VM+FJ+7rAg/E= contains 204800 B
[2026-04-19T03:26:53.103Z INFO  worker::batch_maker] Batch nnR3T3wpvdRVLcuQkmovjuMsZROYwjRiQB7Mnrk4gB0= contains sample tx 2366
[2026-04-19T03:26:53.103Z INFO  worker::batch_maker] Batch nnR3T3wpvdRVLcuQkmovjuMsZROYwjRiQB7Mnrk4gB0= contains 210944 B
[2026-04-19T03:26:53.156Z INFO  worker::batch_maker] Batch xIkX0jtM6SxZoJtqcfkdOi8R1l4sPmr6PhZU1oVvBho= contains sample tx 2367
[2026-04-19T03:26:53.156Z INFO  worker::batch_maker] Batch xIkX0jtM6SxZoJtqcfkdOi8R1l4sPmr6PhZU1oVvBho= contains sample tx 2368
[2026-04-19T03:26:53.156Z INFO  worker::batch_maker] Batch xIkX0jtM6SxZoJtqcfkdOi8R1l4sPmr6PhZU1oVvBho= contains 403456 B
[2026-04-19T03:26:53.208Z INFO  worker::batch_maker] Batch QAicDoub5t1kpOdQ9ZUJlRy+ZBfLuzWm+i3+OhbV1u4= contains sample tx 2369
[2026-04-19T03:26:53.208Z INFO  worker::batch_maker] Batch QAicDoub5t1kpOdQ9ZUJlRy+ZBfLuzWm+i3+OhbV1u4= contains 204800 B
[2026-04-19T03:26:53.260Z INFO  worker::batch_maker] Batch gyuxxn1RLYxtcts7pRGpa/Ho1WSS5T8e573MKPkSWcw= contains sample tx 2370
[2026-04-19T03:26:53.260Z INFO  worker::batch_maker] Batch gyuxxn1RLYxtcts7pRGpa/Ho1WSS5T8e573MKPkSWcw= contains 204800 B
[2026-04-19T03:26:53.313Z INFO  worker::batch_maker] Batch uF+Xi/jGntxcGYVc1nAqd0JnrJQLJ36fEIKXRPzBr3o= contains sample tx 2371
[2026-04-19T03:26:53.313Z INFO  worker::batch_maker] Batch uF+Xi/jGntxcGYVc1nAqd0JnrJQLJ36fEIKXRPzBr3o= contains 204800 B
[2026-04-19T03:26:53.364Z INFO  worker::batch_maker] Batch 4RsPiMnAKqB2mDvlWH3zRxmetPeP1aU/9uZFr7lZ/Ok= contains sample tx 2372
[2026-04-19T03:26:53.364Z INFO  worker::batch_maker] Batch 4RsPiMnAKqB2mDvlWH3zRxmetPeP1aU/9uZFr7lZ/Ok= contains 204800 B
[2026-04-19T03:26:53.416Z INFO  worker::batch_maker] Batch HijPpK8WrmJE+D5Z1WW+E7GijDLk7R5e0OwDGTRrhsk= contains sample tx 2373
[2026-04-19T03:26:53.416Z INFO  worker::batch_maker] Batch HijPpK8WrmJE+D5Z1WW+E7GijDLk7R5e0OwDGTRrhsk= contains 204800 B
[2026-04-19T03:26:53.469Z INFO  worker::batch_maker] Batch RjnG5X849Si+hygD4oNi04/R3pWduXfZBj1Ynv9dFkQ= contains sample tx 2374
[2026-04-19T03:26:53.469Z INFO  worker::batch_maker] Batch RjnG5X849Si+hygD4oNi04/R3pWduXfZBj1Ynv9dFkQ= contains 204800 B
[2026-04-19T03:26:53.521Z INFO  worker::batch_maker] Batch 1TBYKIWTaIFv06YXYfpBWECtnQiZupOCowh+YIYDNew= contains sample tx 2375
[2026-04-19T03:26:53.521Z INFO  worker::batch_maker] Batch 1TBYKIWTaIFv06YXYfpBWECtnQiZupOCowh+YIYDNew= contains 204800 B
[2026-04-19T03:26:53.574Z INFO  worker::batch_maker] Batch bV7OZtnmfujcbrzJkbZ/6Uqy1D0xBsgF2K7uh7rMWZM= contains sample tx 2376
[2026-04-19T03:26:53.574Z INFO  worker::batch_maker] Batch bV7OZtnmfujcbrzJkbZ/6Uqy1D0xBsgF2K7uh7rMWZM= contains 204800 B
[2026-04-19T03:26:53.627Z INFO  worker::batch_maker] Batch 1c6wrwJfnkOUjedDqI65QumBcdF1TQ7yF90qmR9Ez1I= contains sample tx 2377
[2026-04-19T03:26:53.627Z INFO  worker::batch_maker] Batch 1c6wrwJfnkOUjedDqI65QumBcdF1TQ7yF90qmR9Ez1I= contains 204800 B
[2026-04-19T03:26:53.680Z INFO  worker::batch_maker] Batch edcnFPgMpQ8ORFGxq1+p8qvW4pppdH57rHZw4YID8mU= contains sample tx 2378
[2026-04-19T03:26:53.680Z INFO  worker::batch_maker] Batch edcnFPgMpQ8ORFGxq1+p8qvW4pppdH57rHZw4YID8mU= contains 204800 B
[2026-04-19T03:26:53.733Z INFO  worker::batch_maker] Batch jD+xwUUR/QKPJxo7MbqzQpskDpISyo+zVchySINcotc= contains sample tx 2379
[2026-04-19T03:26:53.733Z INFO  worker::batch_maker] Batch jD+xwUUR/QKPJxo7MbqzQpskDpISyo+zVchySINcotc= contains 204800 B
[2026-04-19T03:26:53.786Z INFO  worker::batch_maker] Batch HZJsKVty/yffhQiMY8n1h0gGChr5PMEBNpWoHlBc55k= contains sample tx 2380
[2026-04-19T03:26:53.786Z INFO  worker::batch_maker] Batch HZJsKVty/yffhQiMY8n1h0gGChr5PMEBNpWoHlBc55k= contains 204800 B
[2026-04-19T03:26:53.839Z INFO  worker::batch_maker] Batch kPnjcqj+O46d3P4esD3kw+pI7hiScAnNpbivZE++aeo= contains sample tx 2381
[2026-04-19T03:26:53.839Z INFO  worker::batch_maker] Batch kPnjcqj+O46d3P4esD3kw+pI7hiScAnNpbivZE++aeo= contains 204800 B
[2026-04-19T03:26:53.892Z INFO  worker::batch_maker] Batch ITRqhO7TU/9fdTBGKRkXpKQRGU/XYInVlD+X2FtGxXc= contains sample tx 2382
[2026-04-19T03:26:53.892Z INFO  worker::batch_maker] Batch ITRqhO7TU/9fdTBGKRkXpKQRGU/XYInVlD+X2FtGxXc= contains 204800 B
[2026-04-19T03:26:53.946Z INFO  worker::batch_maker] Batch 6lVtqxxuPCIypE5No38NwpZpHgYrDfCTtKoDlIT0xW4= contains sample tx 2383
[2026-04-19T03:26:53.946Z INFO  worker::batch_maker] Batch 6lVtqxxuPCIypE5No38NwpZpHgYrDfCTtKoDlIT0xW4= contains 204800 B
[2026-04-19T03:26:53.999Z INFO  worker::batch_maker] Batch /w+miIH5QEc0OcdKZvSpScq2q2TaSw4cJWfyAluW3ps= contains sample tx 2384
[2026-04-19T03:26:53.999Z INFO  worker::batch_maker] Batch /w+miIH5QEc0OcdKZvSpScq2q2TaSw4cJWfyAluW3ps= contains 204800 B
[2026-04-19T03:26:54.052Z INFO  worker::batch_maker] Batch 583Vxnz7k+7RfdA/M10xXcAJ0Z1iO+x/TcoPancWQ7A= contains sample tx 2385
[2026-04-19T03:26:54.052Z INFO  worker::batch_maker] Batch 583Vxnz7k+7RfdA/M10xXcAJ0Z1iO+x/TcoPancWQ7A= contains 204800 B
[2026-04-19T03:26:54.105Z INFO  worker::batch_maker] Batch stpRnU7bF2rI2Z5BDVJQR+REu3l794Os0kwzeeWSDfE= contains sample tx 2386
[2026-04-19T03:26:54.105Z INFO  worker::batch_maker] Batch stpRnU7bF2rI2Z5BDVJQR+REu3l794Os0kwzeeWSDfE= contains 204800 B
[2026-04-19T03:26:54.163Z INFO  worker::batch_maker] Batch 07Ff6vvB3bD54XWOKgA4pyJTLoZNz21vrvYryHywUug= contains sample tx 2387
[2026-04-19T03:26:54.163Z INFO  worker::batch_maker] Batch 07Ff6vvB3bD54XWOKgA4pyJTLoZNz21vrvYryHywUug= contains 333824 B
[2026-04-19T03:26:54.217Z INFO  worker::batch_maker] Batch HAMMpTBc0fGWcRZm+Z1Ga8Juuzxo/F886yW0zE0Y9qs= contains sample tx 2388
[2026-04-19T03:26:54.217Z INFO  worker::batch_maker] Batch HAMMpTBc0fGWcRZm+Z1Ga8Juuzxo/F886yW0zE0Y9qs= contains sample tx 2389
[2026-04-19T03:26:54.217Z INFO  worker::batch_maker] Batch HAMMpTBc0fGWcRZm+Z1Ga8Juuzxo/F886yW0zE0Y9qs= contains 280576 B
[2026-04-19T03:26:54.270Z INFO  worker::batch_maker] Batch hdoyrBM7uO7Vtd8ZyP/YuBkAtYpe5whCavqT/6ru1qQ= contains sample tx 2390
[2026-04-19T03:26:54.270Z INFO  worker::batch_maker] Batch hdoyrBM7uO7Vtd8ZyP/YuBkAtYpe5whCavqT/6ru1qQ= contains 204800 B
[2026-04-19T03:26:54.322Z INFO  worker::batch_maker] Batch fYIlxA7Suixa+acQVp8hLFiAovD2K+VGyGRyVcwBujM= contains sample tx 2391
[2026-04-19T03:26:54.322Z INFO  worker::batch_maker] Batch fYIlxA7Suixa+acQVp8hLFiAovD2K+VGyGRyVcwBujM= contains 204800 B
[2026-04-19T03:26:54.375Z INFO  worker::batch_maker] Batch RCYC+elTiAmVqZlX3FuHhs/qhuL7P1H/mmDWXrhPxVI= contains 200704 B
[2026-04-19T03:26:54.427Z INFO  worker::batch_maker] Batch g8zt1r0dSeBfIq6MnnCx7VMCK5SlpcJNi8IPQnHKBjs= contains sample tx 2392
[2026-04-19T03:26:54.427Z INFO  worker::batch_maker] Batch g8zt1r0dSeBfIq6MnnCx7VMCK5SlpcJNi8IPQnHKBjs= contains sample tx 2393
[2026-04-19T03:26:54.427Z INFO  worker::batch_maker] Batch g8zt1r0dSeBfIq6MnnCx7VMCK5SlpcJNi8IPQnHKBjs= contains 208896 B
[2026-04-19T03:26:54.479Z INFO  worker::batch_maker] Batch 1oCtd46qFkdpxIRs9diB8ZnaFlljCVPDOawI21EBfmI= contains sample tx 2394
[2026-04-19T03:26:54.479Z INFO  worker::batch_maker] Batch 1oCtd46qFkdpxIRs9diB8ZnaFlljCVPDOawI21EBfmI= contains 204800 B
[2026-04-19T03:26:54.531Z INFO  worker::batch_maker] Batch U2nH903nq20LYZdD57wUhKQhIuDSqPozt4qHV/LFaWU= contains sample tx 2395
[2026-04-19T03:26:54.531Z INFO  worker::batch_maker] Batch U2nH903nq20LYZdD57wUhKQhIuDSqPozt4qHV/LFaWU= contains 204800 B
[2026-04-19T03:26:54.582Z INFO  worker::batch_maker] Batch DLKcoVNX2HEGb99A0alsbIamwuChItR27NkWmVU1B1Q= contains sample tx 2396
[2026-04-19T03:26:54.582Z INFO  worker::batch_maker] Batch DLKcoVNX2HEGb99A0alsbIamwuChItR27NkWmVU1B1Q= contains 204800 B
[2026-04-19T03:26:54.635Z INFO  worker::batch_maker] Batch Wc1SMf+fCaulrtaeDKxH1krqtHZsMXdJFeZz/8zVC9M= contains sample tx 2397
[2026-04-19T03:26:54.635Z INFO  worker::batch_maker] Batch Wc1SMf+fCaulrtaeDKxH1krqtHZsMXdJFeZz/8zVC9M= contains 204800 B
[2026-04-19T03:26:54.687Z INFO  worker::batch_maker] Batch FDNVu4Ja+QgoaloOqBJ9vd/UDvhmi16Cb+2/+qfs6mA= contains sample tx 2398
[2026-04-19T03:26:54.687Z INFO  worker::batch_maker] Batch FDNVu4Ja+QgoaloOqBJ9vd/UDvhmi16Cb+2/+qfs6mA= contains 204800 B
[2026-04-19T03:26:54.740Z INFO  worker::batch_maker] Batch qLyC5LDv/rEfT4rVRHunVc3WcJkUa4ZnLglvbtemeuY= contains sample tx 2399
[2026-04-19T03:26:54.740Z INFO  worker::batch_maker] Batch qLyC5LDv/rEfT4rVRHunVc3WcJkUa4ZnLglvbtemeuY= contains 204800 B
[2026-04-19T03:26:54.792Z INFO  worker::batch_maker] Batch Wus3kzG8t6TKfuEnlZjvVcdffi+94XUbqUxHeUVGZKY= contains sample tx 2400
[2026-04-19T03:26:54.811Z INFO  worker::batch_maker] Batch Wus3kzG8t6TKfuEnlZjvVcdffi+94XUbqUxHeUVGZKY= contains 204800 B
[2026-04-19T03:26:54.863Z INFO  worker::batch_maker] Batch fSBT5L98nmZmCx4e3RE3eikVwBzIW6LmuDwf0rQXAlc= contains sample tx 2401
[2026-04-19T03:26:54.863Z INFO  worker::batch_maker] Batch fSBT5L98nmZmCx4e3RE3eikVwBzIW6LmuDwf0rQXAlc= contains sample tx 2402
[2026-04-19T03:26:54.863Z INFO  worker::batch_maker] Batch fSBT5L98nmZmCx4e3RE3eikVwBzIW6LmuDwf0rQXAlc= contains 409600 B
[2026-04-19T03:26:54.915Z INFO  worker::batch_maker] Batch Wbw1QobdZ/KHZ+RkVePM74ns37K75rvozhYq/ycSTsI= contains sample tx 2403
[2026-04-19T03:26:54.915Z INFO  worker::batch_maker] Batch Wbw1QobdZ/KHZ+RkVePM74ns37K75rvozhYq/ycSTsI= contains 204800 B
[2026-04-19T03:26:54.968Z INFO  worker::batch_maker] Batch PzifvLkPh1iPnK7DIwANxNvidHvVRE6i5p6lGvbVs5A= contains sample tx 2404
[2026-04-19T03:26:54.968Z INFO  worker::batch_maker] Batch PzifvLkPh1iPnK7DIwANxNvidHvVRE6i5p6lGvbVs5A= contains 204800 B
[2026-04-19T03:26:55.021Z INFO  worker::batch_maker] Batch 4nft524tZP6kwqPWvy7LKoxvsbxZYpTw7T5ly7ANubw= contains sample tx 2405
[2026-04-19T03:26:55.021Z INFO  worker::batch_maker] Batch 4nft524tZP6kwqPWvy7LKoxvsbxZYpTw7T5ly7ANubw= contains 204800 B
[2026-04-19T03:26:55.072Z INFO  worker::batch_maker] Batch uS8f1PW6j23cMJ6icSl/umUTQOId11txFpLKpnvNxPU= contains sample tx 2406
[2026-04-19T03:26:55.073Z INFO  worker::batch_maker] Batch uS8f1PW6j23cMJ6icSl/umUTQOId11txFpLKpnvNxPU= contains 204800 B
[2026-04-19T03:26:55.124Z INFO  worker::batch_maker] Batch g/jgN08TV9OfG96p2/p5Vv2JciHaFlKV88PF2qOaHtM= contains sample tx 2407
[2026-04-19T03:26:55.124Z INFO  worker::batch_maker] Batch g/jgN08TV9OfG96p2/p5Vv2JciHaFlKV88PF2qOaHtM= contains 204800 B
[2026-04-19T03:26:55.177Z INFO  worker::batch_maker] Batch x3yIkf32ET6EHCxcRn0D59XNWGeYxvNs02LMQ6wDj1A= contains sample tx 2408
[2026-04-19T03:26:55.177Z INFO  worker::batch_maker] Batch x3yIkf32ET6EHCxcRn0D59XNWGeYxvNs02LMQ6wDj1A= contains 204800 B
[2026-04-19T03:26:55.228Z INFO  worker::batch_maker] Batch agBTKep50SvxtSILm8yzGUg4bOUNr4OAuzlmSzHRDWw= contains sample tx 2409
[2026-04-19T03:26:55.228Z INFO  worker::batch_maker] Batch agBTKep50SvxtSILm8yzGUg4bOUNr4OAuzlmSzHRDWw= contains 204800 B
[2026-04-19T03:26:55.280Z INFO  worker::batch_maker] Batch FUGVm0MpXZZLmOMLZMG8WYDsmdNVRX8NOMRMkq4e+O4= contains sample tx 2410
[2026-04-19T03:26:55.280Z INFO  worker::batch_maker] Batch FUGVm0MpXZZLmOMLZMG8WYDsmdNVRX8NOMRMkq4e+O4= contains 204800 B
[2026-04-19T03:26:55.333Z INFO  worker::batch_maker] Batch xSuV7k6ys3QGlDJ/UVLCNSioEcZMeCUOtZRY49/fPjc= contains sample tx 2411
[2026-04-19T03:26:55.334Z INFO  worker::batch_maker] Batch xSuV7k6ys3QGlDJ/UVLCNSioEcZMeCUOtZRY49/fPjc= contains 204800 B
[2026-04-19T03:26:55.389Z INFO  worker::batch_maker] Batch tyq5+OCbnEusm473jR1bxWsp/Tj1wEvNdyU44e1X10s= contains sample tx 2412
[2026-04-19T03:26:55.389Z INFO  worker::batch_maker] Batch tyq5+OCbnEusm473jR1bxWsp/Tj1wEvNdyU44e1X10s= contains 204800 B
[2026-04-19T03:26:55.405Z WARN  network::receiver] Connection closed by peer 10.10.1.4:37720
[2026-04-19T03:26:55.418Z WARN  network::receiver] Connection closed by peer 10.10.1.9:50042
[2026-04-19T03:26:55.423Z WARN  network::receiver] Connection closed by peer 10.10.1.7:35824
[2026-04-19T03:26:55.428Z WARN  network::simple_sender] Failed to receive ACK from 10.10.1.8:5036
[2026-04-19T03:26:55.428Z WARN  network::receiver] Connection closed by peer 10.10.1.8:35692
[2026-04-19T03:26:55.429Z WARN  network::receiver] Connection closed by peer 10.10.1.10:58284
[2026-04-19T03:26:55.435Z WARN  network::receiver] Connection closed by peer 10.10.1.3:47528
[2026-04-19T03:26:55.437Z WARN  network::receiver] Connection closed by peer 10.10.1.5:59054
[2026-04-19T03:26:55.438Z WARN  network::simple_sender] Failed to connect to 10.10.1.8:5036 (retry 0): Connection refused (os error 111)
[2026-04-19T03:26:55.440Z INFO  worker::batch_maker] Batch gNjmylOjsLEpo12Sh1Wh+c6dxTko2v72S1aHCWscNxY= contains sample tx 2413
[2026-04-19T03:26:55.440Z INFO  worker::batch_maker] Batch gNjmylOjsLEpo12Sh1Wh+c6dxTko2v72S1aHCWscNxY= contains 204800 B
[2026-04-19T03:26:55.440Z WARN  network::receiver] Connection closed by peer 10.10.1.2:53560
[2026-04-19T03:26:55.442Z WARN  network::simple_sender] Failed to connect to 10.10.1.8:5036 (retry 0): Connection refused (os error 111)
[2026-04-19T03:26:55.443Z WARN  network::receiver] Connection closed by peer 10.10.1.1:40372
[2026-04-19T03:26:55.443Z WARN  network::simple_sender] Failed to connect to 10.10.1.8:5036 (retry 0): Connection refused (os error 111)
[2026-04-19T03:26:55.444Z WARN  network::simple_sender] Failed to connect to 10.10.1.8:5036 (retry 0): Connection refused (os error 111)
[2026-04-19T03:26:55.445Z WARN  network::simple_sender] Failed to connect to 10.10.1.8:5036 (retry 0): Connection refused (os error 111)
[2026-04-19T03:26:55.460Z WARN  network::simple_sender] Failed to connect to 10.10.1.8:5036 (retry 0): Connection refused (os error 111)
[2026-04-19T03:26:55.461Z WARN  network::simple_sender] Failed to connect to 10.10.1.8:5036 (retry 0): Connection refused (os error 111)
[2026-04-19T03:26:55.468Z WARN  network::receiver] Connection closed by peer 10.10.1.6:54062
[2026-04-19T03:26:55.476Z WARN  network::simple_sender] Failed to connect to 10.10.1.8:5036 (retry 0): Connection refused (os error 111)
[2026-04-19T03:26:55.478Z WARN  network::simple_sender] Failed to connect to 10.10.1.8:5036 (retry 0): Connection refused (os error 111)
[2026-04-19T03:26:55.481Z WARN  network::simple_sender] Failed to connect to 10.10.1.8:5036 (retry 0): Connection refused (os error 111)
[2026-04-19T03:26:55.489Z WARN  network::simple_sender] Failed to connect to 10.10.1.8:5036 (retry 0): Connection refused (os error 111)
[2026-04-19T03:26:55.492Z WARN  network::simple_sender] Failed to connect to 10.10.1.8:5036 (retry 0): Connection refused (os error 111)
[2026-04-19T03:26:55.493Z INFO  worker::batch_maker] Batch hF013Ego6UIxketmw7ejspP8K9wNL5iNPA94hVUjKB0= contains sample tx 2414
[2026-04-19T03:26:55.493Z INFO  worker::batch_maker] Batch hF013Ego6UIxketmw7ejspP8K9wNL5iNPA94hVUjKB0= contains 204800 B
[2026-04-19T03:26:55.496Z WARN  network::simple_sender] Failed to connect to 10.10.1.8:5036 (retry 0): Connection refused (os error 111)
[2026-04-19T03:26:55.510Z WARN  network::simple_sender] Failed to connect to 10.10.1.8:5036 (retry 0): Connection refused (os error 111)
[2026-04-19T03:26:55.514Z WARN  network::simple_sender] Failed to connect to 10.10.1.8:5036 (retry 0): Connection refused (os error 111)
[2026-04-19T03:26:55.516Z WARN  network::simple_sender] Failed to connect to 10.10.1.8:5036 (retry 0): Connection refused (os error 111)
[2026-04-19T03:26:55.528Z WARN  network::simple_sender] Failed to connect to 10.10.1.8:5036 (retry 0): Connection refused (os error 111)
[2026-04-19T03:26:55.530Z WARN  network::simple_sender] Failed to connect to 10.10.1.8:5036 (retry 0): Connection refused (os error 111)
[2026-04-19T03:26:55.531Z WARN  network::simple_sender] Failed to connect to 10.10.1.8:5036 (retry 0): Connection refused (os error 111)
[2026-04-19T03:26:55.542Z WARN  network::simple_sender] Failed to connect to 10.10.1.8:5036 (retry 0): Connection refused (os error 111)
[2026-04-19T03:26:55.544Z WARN  network::simple_sender] Failed to connect to 10.10.1.8:5036 (retry 0): Connection refused (os error 111)
[2026-04-19T03:26:55.546Z INFO  worker::batch_maker] Batch rsZbzRGRZ+9/7sYvG0YTahC28fVUg0Wob/YnuffPXWA= contains sample tx 2415
[2026-04-19T03:26:55.546Z INFO  worker::batch_maker] Batch rsZbzRGRZ+9/7sYvG0YTahC28fVUg0Wob/YnuffPXWA= contains 204800 B
[2026-04-19T03:26:55.548Z WARN  network::simple_sender] Failed to connect to 10.10.1.8:5036 (retry 0): Connection refused (os error 111)
[2026-04-19T03:26:55.548Z WARN  network::simple_sender] Failed to connect to 10.10.1.8:5036 (retry 0): Connection refused (os error 111)
[2026-04-19T03:26:55.563Z WARN  network::simple_sender] Failed to connect to 10.10.1.8:5036 (retry 0): Connection refused (os error 111)
[2026-04-19T03:26:55.572Z WARN  network::simple_sender] Failed to connect to 10.10.1.8:5036 (retry 0): Connection refused (os error 111)
[2026-04-19T03:26:55.574Z WARN  network::simple_sender] Failed to connect to 10.10.1.8:5036 (retry 0): Connection refused (os error 111)
[2026-04-19T03:26:55.581Z WARN  network::simple_sender] Failed to connect to 10.10.1.8:5036 (retry 0): Connection refused (os error 111)
[2026-04-19T03:26:55.583Z WARN  network::simple_sender] Failed to connect to 10.10.1.8:5036 (retry 0): Connection refused (os error 111)
[2026-04-19T03:26:55.584Z WARN  network::simple_sender] Failed to connect to 10.10.1.8:5036 (retry 0): Connection refused (os error 111)
[2026-04-19T03:26:55.595Z WARN  network::simple_sender] Failed to connect to 10.10.1.8:5036 (retry 0): Connection refused (os error 111)
[2026-04-19T03:26:55.597Z WARN  network::simple_sender] Failed to connect to 10.10.1.8:5036 (retry 0): Connection refused (os error 111)
[2026-04-19T03:26:55.598Z INFO  worker::batch_maker] Batch PynLtzE1NqIEGhJa5qaJOSk+W4SvjqLFIdh3Hp+K2So= contains sample tx 2416
[2026-04-19T03:26:55.598Z INFO  worker::batch_maker] Batch PynLtzE1NqIEGhJa5qaJOSk+W4SvjqLFIdh3Hp+K2So= contains 204800 B
[2026-04-19T03:26:55.600Z WARN  network::simple_sender] Failed to connect to 10.10.1.8:5036 (retry 0): Connection refused (os error 111)
[2026-04-19T03:26:55.600Z WARN  network::simple_sender] Failed to connect to 10.10.1.8:5036 (retry 0): Connection refused (os error 111)
[2026-04-19T03:26:55.617Z WARN  network::simple_sender] Failed to connect to 10.10.1.8:5036 (retry 0): Connection refused (os error 111)
[2026-04-19T03:26:55.622Z WARN  network::simple_sender] Failed to connect to 10.10.1.8:5036 (retry 0): Connection refused (os error 111)
[2026-04-19T03:26:55.623Z WARN  network::simple_sender] Failed to connect to 10.10.1.8:5036 (retry 0): Connection refused (os error 111)
[2026-04-19T03:26:55.632Z WARN  network::simple_sender] Failed to connect to 10.10.1.8:5036 (retry 0): Connection refused (os error 111)
[2026-04-19T03:26:55.635Z WARN  network::simple_sender] Failed to connect to 10.10.1.8:5036 (retry 0): Connection refused (os error 111)
[2026-04-19T03:26:55.637Z WARN  network::simple_sender] Failed to connect to 10.10.1.8:5036 (retry 0): Connection refused (os error 111)
[2026-04-19T03:26:55.648Z WARN  network::simple_sender] Failed to connect to 10.10.1.8:5036 (retry 0): Connection refused (os error 111)
[2026-04-19T03:26:55.649Z INFO  worker::batch_maker] Batch kcrYJ+q+ObkgO6vgJF+Ee09SmFNdsos5wI5axZ15pGc= contains sample tx 2417
[2026-04-19T03:26:55.649Z INFO  worker::batch_maker] Batch kcrYJ+q+ObkgO6vgJF+Ee09SmFNdsos5wI5axZ15pGc= contains 204800 B
[2026-04-19T03:26:55.650Z WARN  network::simple_sender] Failed to connect to 10.10.1.8:5036 (retry 0): Connection refused (os error 111)
[2026-04-19T03:26:55.652Z WARN  network::simple_sender] Failed to connect to 10.10.1.8:5036 (retry 0): Connection refused (os error 111)
[2026-04-19T03:26:55.652Z WARN  network::simple_sender] Failed to connect to 10.10.1.8:5036 (retry 0): Connection refused (os error 111)
[2026-04-19T03:26:55.672Z WARN  network::simple_sender] Failed to connect to 10.10.1.8:5036 (retry 0): Connection refused (os error 111)
[2026-04-19T03:26:55.676Z WARN  network::simple_sender] Failed to connect to 10.10.1.8:5036 (retry 0): Connection refused (os error 111)
[2026-04-19T03:26:55.682Z WARN  network::simple_sender] Failed to connect to 10.10.1.8:5036 (retry 0): Connection refused (os error 111)
[2026-04-19T03:26:55.686Z WARN  network::simple_sender] Failed to connect to 10.10.1.8:5036 (retry 0): Connection refused (os error 111)
[2026-04-19T03:26:55.689Z WARN  network::simple_sender] Failed to connect to 10.10.1.8:5036 (retry 0): Connection refused (os error 111)
[2026-04-19T03:26:55.695Z WARN  network::simple_sender] Failed to connect to 10.10.1.8:5036 (retry 0): Connection refused (os error 111)
[2026-04-19T03:26:55.701Z WARN  network::simple_sender] Failed to connect to 10.10.1.8:5036 (retry 0): Connection refused (os error 111)
[2026-04-19T03:26:55.702Z WARN  network::simple_sender] Failed to connect to 10.10.1.8:5036 (retry 0): Connection refused (os error 111)
[2026-04-19T03:26:55.702Z INFO  worker::batch_maker] Batch sGdzpGTapHgjNOGJlUmbnqjXEjJC8R39iP4XSK4Gn5w= contains sample tx 2418
[2026-04-19T03:26:55.702Z INFO  worker::batch_maker] Batch sGdzpGTapHgjNOGJlUmbnqjXEjJC8R39iP4XSK4Gn5w= contains 204800 B
[2026-04-19T03:26:55.703Z WARN  network::simple_sender] Failed to connect to 10.10.1.8:5036 (retry 0): Connection refused (os error 111)
[2026-04-19T03:26:55.705Z WARN  network::simple_sender] Failed to connect to 10.10.1.8:5036 (retry 0): Connection refused (os error 111)
[2026-04-19T03:26:55.723Z WARN  network::simple_sender] Failed to connect to 10.10.1.8:5036 (retry 0): Connection refused (os error 111)
[2026-04-19T03:26:55.731Z WARN  network::simple_sender] Failed to connect to 10.10.1.8:5036 (retry 0): Connection refused (os error 111)
[2026-04-19T03:26:55.734Z WARN  network::simple_sender] Failed to connect to 10.10.1.8:5036 (retry 0): Connection refused (os error 111)
[2026-04-19T03:26:55.738Z WARN  network::simple_sender] Failed to connect to 10.10.1.8:5036 (retry 0): Connection refused (os error 111)
[2026-04-19T03:26:55.741Z WARN  network::simple_sender] Failed to connect to 10.10.1.8:5036 (retry 0): Connection refused (os error 111)
[2026-04-19T03:26:55.743Z WARN  network::simple_sender] Failed to connect to 10.10.1.8:5036 (retry 0): Connection refused (os error 111)
[2026-04-19T03:26:55.754Z WARN  network::simple_sender] Failed to connect to 10.10.1.8:5036 (retry 0): Connection refused (os error 111)
[2026-04-19T03:26:55.754Z INFO  worker::batch_maker] Batch LFyCE4S1P+S1wpR+IzqWJwS+ljVVwNW78o5KVDEfNFU= contains sample tx 2419
[2026-04-19T03:26:55.754Z INFO  worker::batch_maker] Batch LFyCE4S1P+S1wpR+IzqWJwS+ljVVwNW78o5KVDEfNFU= contains sample tx 2420
[2026-04-19T03:26:55.754Z INFO  worker::batch_maker] Batch LFyCE4S1P+S1wpR+IzqWJwS+ljVVwNW78o5KVDEfNFU= contains 285184 B
[2026-04-19T03:26:55.756Z WARN  network::simple_sender] Failed to connect to 10.10.1.8:5036 (retry 0): Connection refused (os error 111)
[2026-04-19T03:26:55.757Z WARN  network::simple_sender] Failed to connect to 10.10.1.8:5036 (retry 0): Connection refused (os error 111)
[2026-04-19T03:26:55.758Z WARN  network::simple_sender] Failed to connect to 10.10.1.8:5036 (retry 0): Connection refused (os error 111)
[2026-04-19T03:26:55.778Z WARN  network::simple_sender] Failed to connect to 10.10.1.8:5036 (retry 0): Connection refused (os error 111)
[2026-04-19T03:26:55.789Z WARN  network::simple_sender] Failed to connect to 10.10.1.8:5036 (retry 0): Connection refused (os error 111)
[2026-04-19T03:26:55.793Z WARN  network::simple_sender] Failed to connect to 10.10.1.8:5036 (retry 0): Connection refused (os error 111)
[2026-04-19T03:26:55.806Z WARN  network::simple_sender] Failed to connect to 10.10.1.8:5036 (retry 0): Connection refused (os error 111)
[2026-04-19T03:26:55.806Z INFO  worker::batch_maker] Batch a8Ojwl9klxuB85+Ny8W6fCGFuBlSkCyJo4Mi/Vu3Beo= contains sample tx 2421
[2026-04-19T03:26:55.806Z INFO  worker::batch_maker] Batch a8Ojwl9klxuB85+Ny8W6fCGFuBlSkCyJo4Mi/Vu3Beo= contains 143360 B
[2026-04-19T03:26:55.807Z WARN  network::simple_sender] Failed to connect to 10.10.1.8:5036 (retry 0): Connection refused (os error 111)
[2026-04-19T03:26:55.808Z WARN  network::simple_sender] Failed to connect to 10.10.1.8:5036 (retry 0): Connection refused (os error 111)
[2026-04-19T03:26:55.808Z WARN  network::simple_sender] Failed to connect to 10.10.1.8:5036 (retry 0): Connection refused (os error 111)
[2026-04-19T03:26:55.811Z WARN  network::simple_sender] Failed to connect to 10.10.1.8:5036 (retry 0): Connection refused (os error 111)
[2026-04-19T03:26:55.825Z WARN  network::simple_sender] Failed to connect to 10.10.1.8:5036 (retry 0): Connection refused (os error 111)
[2026-04-19T03:26:55.832Z WARN  network::simple_sender] Failed to connect to 10.10.1.8:5036 (retry 0): Connection refused (os error 111)
[2026-04-19T03:26:55.839Z WARN  network::simple_sender] Failed to connect to 10.10.1.8:5036 (retry 0): Connection refused (os error 111)
[2026-04-19T03:26:55.844Z WARN  network::simple_sender] Failed to connect to 10.10.1.8:5036 (retry 0): Connection refused (os error 111)
[2026-04-19T03:26:55.848Z WARN  network::simple_sender] Failed to connect to 10.10.1.8:5036 (retry 0): Connection refused (os error 111)
[2026-04-19T03:26:55.857Z WARN  network::simple_sender] Failed to connect to 10.10.1.8:5036 (retry 0): Connection refused (os error 111)
[2026-04-19T03:26:55.859Z WARN  network::simple_sender] Failed to connect to 10.10.1.8:5036 (retry 0): Connection refused (os error 111)
[2026-04-19T03:26:55.860Z INFO  worker::batch_maker] Batch 5OhDe86KRNhSm2WFpsy1Ue7SFy7d3oZQMi6x6YrzpuY= contains sample tx 2422
[2026-04-19T03:26:55.860Z INFO  worker::batch_maker] Batch 5OhDe86KRNhSm2WFpsy1Ue7SFy7d3oZQMi6x6YrzpuY= contains 320512 B
[2026-04-19T03:26:55.862Z WARN  network::simple_sender] Failed to connect to 10.10.1.8:5036 (retry 0): Connection refused (os error 111)
[2026-04-19T03:26:55.864Z WARN  network::simple_sender] Failed to connect to 10.10.1.8:5036 (retry 0): Connection refused (os error 111)
[2026-04-19T03:26:55.866Z WARN  network::simple_sender] Failed to connect to 10.10.1.8:5036 (retry 0): Connection refused (os error 111)
[2026-04-19T03:26:55.883Z WARN  network::simple_sender] Failed to connect to 10.10.1.8:5036 (retry 0): Connection refused (os error 111)
[2026-04-19T03:26:55.885Z WARN  network::simple_sender] Failed to connect to 10.10.1.8:5036 (retry 0): Connection refused (os error 111)
[2026-04-19T03:26:55.886Z WARN  network::simple_sender] Failed to connect to 10.10.1.8:5036 (retry 0): Connection refused (os error 111)
[2026-04-19T03:26:55.897Z WARN  network::simple_sender] Failed to connect to 10.10.1.8:5036 (retry 0): Connection refused (os error 111)
[2026-04-19T03:26:55.901Z WARN  network::simple_sender] Failed to connect to 10.10.1.8:5036 (retry 0): Connection refused (os error 111)
[2026-04-19T03:26:55.908Z WARN  network::simple_sender] Failed to connect to 10.10.1.8:5036 (retry 0): Connection refused (os error 111)
[2026-04-19T03:26:55.910Z WARN  network::simple_sender] Failed to connect to 10.10.1.8:5036 (retry 0): Connection refused (os error 111)
[2026-04-19T03:26:55.914Z INFO  worker::batch_maker] Batch 4HLRzJwF8J/ZYIwU0uivqhueEL3hh2BYdIsNEKBJBus= contains sample tx 2423
[2026-04-19T03:26:55.914Z INFO  worker::batch_maker] Batch 4HLRzJwF8J/ZYIwU0uivqhueEL3hh2BYdIsNEKBJBus= contains 274944 B
[2026-04-19T03:26:55.918Z WARN  network::simple_sender] Failed to connect to 10.10.1.8:5036 (retry 0): Connection refused (os error 111)
[2026-04-19T03:26:55.918Z WARN  network::simple_sender] Failed to connect to 10.10.1.8:5036 (retry 0): Connection refused (os error 111)
[2026-04-19T03:26:55.931Z WARN  network::simple_sender] Failed to connect to 10.10.1.8:5036 (retry 0): Connection refused (os error 111)
[2026-04-19T03:26:55.937Z WARN  network::simple_sender] Failed to connect to 10.10.1.8:5036 (retry 0): Connection refused (os error 111)
[2026-04-19T03:26:55.939Z WARN  network::simple_sender] Failed to connect to 10.10.1.8:5036 (retry 0): Connection refused (os error 111)
[2026-04-19T03:26:55.950Z WARN  network::simple_sender] Failed to connect to 10.10.1.8:5036 (retry 0): Connection refused (os error 111)
[2026-04-19T03:26:55.953Z WARN  network::simple_sender] Failed to connect to 10.10.1.8:5036 (retry 0): Connection refused (os error 111)
[2026-04-19T03:26:55.963Z WARN  network::simple_sender] Failed to connect to 10.10.1.8:5036 (retry 0): Connection refused (os error 111)
[2026-04-19T03:26:55.963Z WARN  network::simple_sender] Failed to connect to 10.10.1.8:5036 (retry 0): Connection refused (os error 111)
[2026-04-19T03:26:55.966Z INFO  worker::batch_maker] Batch ftG1cihYuhgTGe+w2v5D9ggtaDYBvihO6L8pmsgJbgo= contains sample tx 2424
[2026-04-19T03:26:55.966Z INFO  worker::batch_maker] Batch ftG1cihYuhgTGe+w2v5D9ggtaDYBvihO6L8pmsgJbgo= contains 204800 B
[2026-04-19T03:26:55.969Z WARN  network::simple_sender] Failed to connect to 10.10.1.8:5036 (retry 0): Connection refused (os error 111)
[2026-04-19T03:26:55.972Z WARN  network::simple_sender] Failed to connect to 10.10.1.8:5036 (retry 0): Connection refused (os error 111)
[2026-04-19T03:26:55.972Z WARN  network::simple_sender] Failed to connect to 10.10.1.8:5036 (retry 0): Connection refused (os error 111)
[2026-04-19T03:26:55.986Z WARN  network::simple_sender] Failed to connect to 10.10.1.8:5036 (retry 0): Connection refused (os error 111)
[2026-04-19T03:26:55.988Z WARN  network::simple_sender] Failed to connect to 10.10.1.8:5036 (retry 0): Connection refused (os error 111)
[2026-04-19T03:26:55.989Z WARN  network::simple_sender] Failed to connect to 10.10.1.8:5036 (retry 0): Connection refused (os error 111)
[2026-04-19T03:26:56.004Z WARN  network::simple_sender] Failed to connect to 10.10.1.8:5036 (retry 0): Connection refused (os error 111)
[2026-04-19T03:26:56.008Z WARN  network::simple_sender] Failed to connect to 10.10.1.8:5036 (retry 0): Connection refused (os error 111)
[2026-04-19T03:26:56.014Z WARN  network::simple_sender] Failed to connect to 10.10.1.8:5036 (retry 0): Connection refused (os error 111)
[2026-04-19T03:26:56.017Z WARN  network::simple_sender] Failed to connect to 10.10.1.8:5036 (retry 0): Connection refused (os error 111)
[2026-04-19T03:26:56.019Z INFO  worker::batch_maker] Batch t7G0CGd0bJYNngYOYmc5zocswFbTujMhsEPz3h2OuPA= contains sample tx 2425
[2026-04-19T03:26:56.019Z INFO  worker::batch_maker] Batch t7G0CGd0bJYNngYOYmc5zocswFbTujMhsEPz3h2OuPA= contains 204800 B
[2026-04-19T03:26:56.023Z WARN  network::simple_sender] Failed to connect to 10.10.1.8:5036 (retry 0): Connection refused (os error 111)
[2026-04-19T03:26:56.030Z WARN  network::simple_sender] Failed to connect to 10.10.1.8:5036 (retry 0): Connection refused (os error 111)
[2026-04-19T03:26:56.039Z WARN  network::simple_sender] Failed to connect to 10.10.1.8:5036 (retry 0): Connection refused (os error 111)
[2026-04-19T03:26:56.042Z WARN  network::simple_sender] Failed to connect to 10.10.1.8:5036 (retry 0): Connection refused (os error 111)
[2026-04-19T03:26:56.043Z WARN  network::simple_sender] Failed to connect to 10.10.1.8:5036 (retry 0): Connection refused (os error 111)
[2026-04-19T03:26:56.057Z WARN  network::simple_sender] Failed to connect to 10.10.1.8:5036 (retry 0): Connection refused (os error 111)
[2026-04-19T03:26:56.064Z WARN  network::simple_sender] Failed to connect to 10.10.1.8:5036 (retry 0): Connection refused (os error 111)
[2026-04-19T03:26:56.070Z WARN  network::simple_sender] Failed to connect to 10.10.1.8:5036 (retry 0): Connection refused (os error 111)
[2026-04-19T03:26:56.072Z WARN  network::simple_sender] Failed to connect to 10.10.1.8:5036 (retry 0): Connection refused (os error 111)
[2026-04-19T03:26:56.073Z INFO  worker::batch_maker] Batch Mg4ObtcW3IMuUfAIuABJAZDivZVvm8demZlaMPuUX2E= contains sample tx 2426
[2026-04-19T03:26:56.073Z INFO  worker::batch_maker] Batch Mg4ObtcW3IMuUfAIuABJAZDivZVvm8demZlaMPuUX2E= contains 204800 B
[2026-04-19T03:26:56.076Z WARN  network::simple_sender] Failed to connect to 10.10.1.8:5036 (retry 0): Connection refused (os error 111)
[2026-04-19T03:26:56.077Z WARN  network::simple_sender] Failed to connect to 10.10.1.8:5036 (retry 0): Connection refused (os error 111)
[2026-04-19T03:26:56.082Z WARN  network::simple_sender] Failed to connect to 10.10.1.8:5036 (retry 0): Connection refused (os error 111)
[2026-04-19T03:26:56.092Z WARN  network::simple_sender] Failed to connect to 10.10.1.8:5036 (retry 0): Connection refused (os error 111)
[2026-04-19T03:26:56.095Z WARN  network::simple_sender] Failed to connect to 10.10.1.8:5036 (retry 0): Connection refused (os error 111)
[2026-04-19T03:26:56.096Z WARN  network::simple_sender] Failed to connect to 10.10.1.8:5036 (retry 0): Connection refused (os error 111)
[2026-04-19T03:26:56.110Z WARN  network::simple_sender] Failed to connect to 10.10.1.8:5036 (retry 0): Connection refused (os error 111)
[2026-04-19T03:26:56.116Z WARN  network::simple_sender] Failed to connect to 10.10.1.8:5036 (retry 0): Connection refused (os error 111)
[2026-04-19T03:26:56.117Z WARN  network::simple_sender] Failed to connect to 10.10.1.8:5036 (retry 0): Connection refused (os error 111)
[2026-04-19T03:26:56.122Z WARN  network::simple_sender] Failed to connect to 10.10.1.8:5036 (retry 0): Connection refused (os error 111)
[2026-04-19T03:26:56.126Z INFO  worker::batch_maker] Batch ZM/SlrWZD2ox4qh5/ALrikp3agCysuETAaSIPeEFGUU= contains sample tx 2427
[2026-04-19T03:26:56.126Z INFO  worker::batch_maker] Batch ZM/SlrWZD2ox4qh5/ALrikp3agCysuETAaSIPeEFGUU= contains 204800 B
[2026-04-19T03:26:56.129Z WARN  network::simple_sender] Failed to connect to 10.10.1.8:5036 (retry 0): Connection refused (os error 111)
[2026-04-19T03:26:56.130Z WARN  network::simple_sender] Failed to connect to 10.10.1.8:5036 (retry 0): Connection refused (os error 111)
[2026-04-19T03:26:56.135Z WARN  network::simple_sender] Failed to connect to 10.10.1.8:5036 (retry 0): Connection refused (os error 111)
[2026-04-19T03:26:56.144Z WARN  network::simple_sender] Failed to connect to 10.10.1.8:5036 (retry 0): Connection refused (os error 111)
[2026-04-19T03:26:56.147Z WARN  network::simple_sender] Failed to connect to 10.10.1.8:5036 (retry 0): Connection refused (os error 111)
[2026-04-19T03:26:56.149Z WARN  network::simple_sender] Failed to connect to 10.10.1.8:5036 (retry 0): Connection refused (os error 111)
[2026-04-19T03:26:56.165Z WARN  network::simple_sender] Failed to connect to 10.10.1.8:5036 (retry 0): Connection refused (os error 111)
[2026-04-19T03:26:56.172Z WARN  network::simple_sender] Failed to connect to 10.10.1.8:5036 (retry 0): Connection refused (os error 111)
[2026-04-19T03:26:56.173Z WARN  network::simple_sender] Failed to connect to 10.10.1.8:5036 (retry 0): Connection refused (os error 111)
[2026-04-19T03:26:56.175Z WARN  network::simple_sender] Failed to connect to 10.10.1.8:5036 (retry 0): Connection refused (os error 111)
[2026-04-19T03:26:56.180Z INFO  worker::batch_maker] Batch u9DeaPMZVkYX21Phbq4tUPCIZg5Tgx8slOj1aUB7NE8= contains sample tx 2428
[2026-04-19T03:26:56.180Z INFO  worker::batch_maker] Batch u9DeaPMZVkYX21Phbq4tUPCIZg5Tgx8slOj1aUB7NE8= contains 204800 B
[2026-04-19T03:26:56.180Z WARN  network::simple_sender] Failed to connect to 10.10.1.8:5036 (retry 0): Connection refused (os error 111)
[2026-04-19T03:26:56.184Z WARN  network::simple_sender] Failed to connect to 10.10.1.8:5036 (retry 0): Connection refused (os error 111)
[2026-04-19T03:26:56.188Z WARN  network::simple_sender] Failed to connect to 10.10.1.8:5036 (retry 0): Connection refused (os error 111)
[2026-04-19T03:26:56.196Z WARN  network::simple_sender] Failed to connect to 10.10.1.8:5036 (retry 0): Connection refused (os error 111)
[2026-04-19T03:26:56.201Z WARN  network::simple_sender] Failed to connect to 10.10.1.8:5036 (retry 0): Connection refused (os error 111)
[2026-04-19T03:26:56.203Z WARN  network::simple_sender] Failed to connect to 10.10.1.8:5036 (retry 0): Connection refused (os error 111)
[2026-04-19T03:26:56.223Z WARN  network::simple_sender] Failed to connect to 10.10.1.8:5036 (retry 0): Connection refused (os error 111)
[2026-04-19T03:26:56.224Z WARN  network::simple_sender] Failed to connect to 10.10.1.8:5036 (retry 0): Connection refused (os error 111)
[2026-04-19T03:26:56.226Z WARN  network::simple_sender] Failed to connect to 10.10.1.8:5036 (retry 0): Connection refused (os error 111)
[2026-04-19T03:26:56.228Z WARN  network::simple_sender] Failed to connect to 10.10.1.8:5036 (retry 0): Connection refused (os error 111)
[2026-04-19T03:26:56.232Z INFO  worker::batch_maker] Batch Dzih3SrKs8xcUxXHPOao7PsQBYERd29W1+vdodnItKU= contains sample tx 2429
[2026-04-19T03:26:56.232Z INFO  worker::batch_maker] Batch Dzih3SrKs8xcUxXHPOao7PsQBYERd29W1+vdodnItKU= contains 204800 B
[2026-04-19T03:26:56.234Z WARN  network::simple_sender] Failed to connect to 10.10.1.8:5036 (retry 0): Connection refused (os error 111)
[2026-04-19T03:26:56.236Z WARN  network::simple_sender] Failed to connect to 10.10.1.8:5036 (retry 0): Connection refused (os error 111)
[2026-04-19T03:26:56.242Z WARN  network::simple_sender] Failed to connect to 10.10.1.8:5036 (retry 0): Connection refused (os error 111)
[2026-04-19T03:26:56.249Z WARN  network::simple_sender] Failed to connect to 10.10.1.8:5036 (retry 0): Connection refused (os error 111)
[2026-04-19T03:26:56.251Z WARN  network::simple_sender] Failed to connect to 10.10.1.8:5036 (retry 0): Connection refused (os error 111)
[2026-04-19T03:26:56.255Z WARN  network::simple_sender] Failed to connect to 10.10.1.8:5036 (retry 0): Connection refused (os error 111)
[2026-04-19T03:26:56.274Z WARN  network::simple_sender] Failed to connect to 10.10.1.8:5036 (retry 0): Connection refused (os error 111)
[2026-04-19T03:26:56.278Z WARN  network::simple_sender] Failed to connect to 10.10.1.8:5036 (retry 0): Connection refused (os error 111)
[2026-04-19T03:26:56.280Z WARN  network::simple_sender] Failed to connect to 10.10.1.8:5036 (retry 0): Connection refused (os error 111)
[2026-04-19T03:26:56.281Z WARN  network::simple_sender] Failed to connect to 10.10.1.8:5036 (retry 0): Connection refused (os error 111)
[2026-04-19T03:26:56.285Z INFO  worker::batch_maker] Batch 7UZsLK/jYSLKYiJjSpUW53IUJavN0UkxtFFO4bXYD/Q= contains sample tx 2430
[2026-04-19T03:26:56.285Z INFO  worker::batch_maker] Batch 7UZsLK/jYSLKYiJjSpUW53IUJavN0UkxtFFO4bXYD/Q= contains 204800 B
[2026-04-19T03:26:56.286Z WARN  network::simple_sender] Failed to connect to 10.10.1.8:5036 (retry 0): Connection refused (os error 111)
[2026-04-19T03:26:56.289Z WARN  network::simple_sender] Failed to connect to 10.10.1.8:5036 (retry 0): Connection refused (os error 111)
[2026-04-19T03:26:56.295Z WARN  network::simple_sender] Failed to connect to 10.10.1.8:5036 (retry 0): Connection refused (os error 111)
[2026-04-19T03:26:56.302Z WARN  network::simple_sender] Failed to connect to 10.10.1.8:5036 (retry 0): Connection refused (os error 111)
[2026-04-19T03:26:56.304Z WARN  network::simple_sender] Failed to connect to 10.10.1.8:5036 (retry 0): Connection refused (os error 111)
[2026-04-19T03:26:56.308Z WARN  network::simple_sender] Failed to connect to 10.10.1.8:5036 (retry 0): Connection refused (os error 111)
[2026-04-19T03:26:56.326Z WARN  network::simple_sender] Failed to connect to 10.10.1.8:5036 (retry 0): Connection refused (os error 111)
[2026-04-19T03:26:56.330Z WARN  network::simple_sender] Failed to connect to 10.10.1.8:5036 (retry 0): Connection refused (os error 111)
[2026-04-19T03:26:56.333Z WARN  network::simple_sender] Failed to connect to 10.10.1.8:5036 (retry 0): Connection refused (os error 111)
[2026-04-19T03:26:56.335Z WARN  network::simple_sender] Failed to connect to 10.10.1.8:5036 (retry 0): Connection refused (os error 111)
[2026-04-19T03:26:56.339Z INFO  worker::batch_maker] Batch 7yrLd3FCgcuEAcgi1kOQoRQ50dW015lHKeUME6REASA= contains sample tx 2431
[2026-04-19T03:26:56.339Z INFO  worker::batch_maker] Batch 7yrLd3FCgcuEAcgi1kOQoRQ50dW015lHKeUME6REASA= contains 204800 B
[2026-04-19T03:26:56.340Z WARN  network::simple_sender] Failed to connect to 10.10.1.8:5036 (retry 0): Connection refused (os error 111)
[2026-04-19T03:26:56.343Z WARN  network::simple_sender] Failed to connect to 10.10.1.8:5036 (retry 0): Connection refused (os error 111)
[2026-04-19T03:26:56.349Z WARN  network::simple_sender] Failed to connect to 10.10.1.8:5036 (retry 0): Connection refused (os error 111)
[2026-04-19T03:26:56.357Z WARN  network::simple_sender] Failed to connect to 10.10.1.8:5036 (retry 0): Connection refused (os error 111)
[2026-04-19T03:26:56.363Z WARN  network::simple_sender] Failed to connect to 10.10.1.8:5036 (retry 0): Connection refused (os error 111)
[2026-04-19T03:26:56.365Z WARN  network::simple_sender] Failed to connect to 10.10.1.8:5036 (retry 0): Connection refused (os error 111)
[2026-04-19T03:26:56.382Z WARN  network::simple_sender] Failed to connect to 10.10.1.8:5036 (retry 0): Connection refused (os error 111)
[2026-04-19T03:26:56.385Z WARN  network::simple_sender] Failed to connect to 10.10.1.8:5036 (retry 0): Connection refused (os error 111)
[2026-04-19T03:26:56.387Z WARN  network::simple_sender] Failed to connect to 10.10.1.8:5036 (retry 0): Connection refused (os error 111)
[2026-04-19T03:26:56.388Z WARN  network::simple_sender] Failed to connect to 10.10.1.8:5036 (retry 0): Connection refused (os error 111)
[2026-04-19T03:26:56.392Z INFO  worker::batch_maker] Batch OJVQLIHDjbfwd/atTNl9aDTe6td6fzQxlTEgMJ6Tq60= contains sample tx 2432
[2026-04-19T03:26:56.392Z INFO  worker::batch_maker] Batch OJVQLIHDjbfwd/atTNl9aDTe6td6fzQxlTEgMJ6Tq60= contains 204800 B
[2026-04-19T03:26:56.393Z WARN  network::simple_sender] Failed to connect to 10.10.1.8:5036 (retry 0): Connection refused (os error 111)
[2026-04-19T03:26:56.396Z WARN  network::simple_sender] Failed to connect to 10.10.1.8:5036 (retry 0): Connection refused (os error 111)
[2026-04-19T03:26:56.403Z WARN  network::simple_sender] Failed to connect to 10.10.1.8:5036 (retry 0): Connection refused (os error 111)
[2026-04-19T03:26:56.410Z WARN  network::simple_sender] Failed to connect to 10.10.1.8:5036 (retry 0): Connection refused (os error 111)
[2026-04-19T03:26:56.412Z WARN  network::simple_sender] Failed to connect to 10.10.1.8:5036 (retry 0): Connection refused (os error 111)
[2026-04-19T03:26:56.416Z WARN  network::simple_sender] Failed to connect to 10.10.1.8:5036 (retry 0): Connection refused (os error 111)
[2026-04-19T03:26:56.436Z WARN  network::simple_sender] Failed to connect to 10.10.1.8:5036 (retry 0): Connection refused (os error 111)
[2026-04-19T03:26:56.439Z WARN  network::simple_sender] Failed to connect to 10.10.1.8:5036 (retry 0): Connection refused (os error 111)
[2026-04-19T03:26:56.440Z WARN  network::simple_sender] Failed to connect to 10.10.1.8:5036 (retry 0): Connection refused (os error 111)
[2026-04-19T03:26:56.442Z WARN  network::simple_sender] Failed to connect to 10.10.1.8:5036 (retry 0): Connection refused (os error 111)
[2026-04-19T03:26:56.445Z INFO  worker::batch_maker] Batch Xs051BlYUXPd6xsTxkZ8f6tiU9w+PBwAsg7geMEtQtI= contains sample tx 2433
[2026-04-19T03:26:56.445Z INFO  worker::batch_maker] Batch Xs051BlYUXPd6xsTxkZ8f6tiU9w+PBwAsg7geMEtQtI= contains 204800 B
[2026-04-19T03:26:56.447Z WARN  network::simple_sender] Failed to connect to 10.10.1.8:5036 (retry 0): Connection refused (os error 111)
[2026-04-19T03:26:56.449Z WARN  network::simple_sender] Failed to connect to 10.10.1.8:5036 (retry 0): Connection refused (os error 111)
[2026-04-19T03:26:56.457Z WARN  network::simple_sender] Failed to connect to 10.10.1.8:5036 (retry 0): Connection refused (os error 111)
[2026-04-19T03:26:56.462Z WARN  network::simple_sender] Failed to connect to 10.10.1.8:5036 (retry 0): Connection refused (os error 111)
[2026-04-19T03:26:56.464Z WARN  network::simple_sender] Failed to connect to 10.10.1.8:5036 (retry 0): Connection refused (os error 111)
[2026-04-19T03:26:56.476Z WARN  network::simple_sender] Failed to connect to 10.10.1.8:5036 (retry 0): Connection refused (os error 111)
[2026-04-19T03:26:56.490Z WARN  network::simple_sender] Failed to connect to 10.10.1.8:5036 (retry 0): Connection refused (os error 111)
[2026-04-19T03:26:56.493Z WARN  network::simple_sender] Failed to connect to 10.10.1.8:5036 (retry 0): Connection refused (os error 111)
[2026-04-19T03:26:56.495Z WARN  network::simple_sender] Failed to connect to 10.10.1.8:5036 (retry 0): Connection refused (os error 111)
[2026-04-19T03:26:56.496Z WARN  network::simple_sender] Failed to connect to 10.10.1.8:5036 (retry 0): Connection refused (os error 111)
[2026-04-19T03:26:56.499Z INFO  worker::batch_maker] Batch MQD1ux/tCXY0kFmrbm2KWoiUkYCkl3uIPNhBbHpDT1g= contains sample tx 2434
[2026-04-19T03:26:56.499Z INFO  worker::batch_maker] Batch MQD1ux/tCXY0kFmrbm2KWoiUkYCkl3uIPNhBbHpDT1g= contains 204800 B
[2026-04-19T03:26:56.500Z WARN  network::simple_sender] Failed to connect to 10.10.1.8:5036 (retry 0): Connection refused (os error 111)
[2026-04-19T03:26:56.503Z WARN  network::simple_sender] Failed to connect to 10.10.1.8:5036 (retry 0): Connection refused (os error 111)
[2026-04-19T03:26:56.511Z WARN  network::simple_sender] Failed to connect to 10.10.1.8:5036 (retry 0): Connection refused (os error 111)
[2026-04-19T03:26:56.514Z WARN  network::simple_sender] Failed to connect to 10.10.1.8:5036 (retry 0): Connection refused (os error 111)
[2026-04-19T03:26:56.524Z WARN  network::simple_sender] Failed to connect to 10.10.1.8:5036 (retry 0): Connection refused (os error 111)
[2026-04-19T03:26:56.526Z WARN  network::simple_sender] Failed to connect to 10.10.1.8:5036 (retry 0): Connection refused (os error 111)
[2026-04-19T03:26:56.544Z WARN  network::simple_sender] Failed to connect to 10.10.1.8:5036 (retry 0): Connection refused (os error 111)
[2026-04-19T03:26:56.547Z WARN  network::simple_sender] Failed to connect to 10.10.1.8:5036 (retry 0): Connection refused (os error 111)
[2026-04-19T03:26:56.548Z WARN  network::simple_sender] Failed to connect to 10.10.1.8:5036 (retry 0): Connection refused (os error 111)
[2026-04-19T03:26:56.550Z WARN  network::simple_sender] Failed to connect to 10.10.1.8:5036 (retry 0): Connection refused (os error 111)
[2026-04-19T03:26:56.551Z INFO  worker::batch_maker] Batch RoYUXGkbIqGvkNMZL1xad+pTXtuCdFPwBDslaiZuqcc= contains sample tx 2435
[2026-04-19T03:26:56.551Z INFO  worker::batch_maker] Batch RoYUXGkbIqGvkNMZL1xad+pTXtuCdFPwBDslaiZuqcc= contains 204800 B
[2026-04-19T03:26:56.553Z WARN  network::simple_sender] Failed to connect to 10.10.1.8:5036 (retry 0): Connection refused (os error 111)
[2026-04-19T03:26:56.555Z WARN  network::simple_sender] Failed to connect to 10.10.1.8:5036 (retry 0): Connection refused (os error 111)
[2026-04-19T03:26:56.565Z WARN  network::simple_sender] Failed to connect to 10.10.1.8:5036 (retry 0): Connection refused (os error 111)
[2026-04-19T03:26:56.567Z WARN  network::simple_sender] Failed to connect to 10.10.1.8:5036 (retry 0): Connection refused (os error 111)
[2026-04-19T03:26:56.574Z WARN  network::simple_sender] Failed to connect to 10.10.1.8:5036 (retry 0): Connection refused (os error 111)
[2026-04-19T03:26:56.576Z WARN  network::simple_sender] Failed to connect to 10.10.1.8:5036 (retry 0): Connection refused (os error 111)
[2026-04-19T03:26:56.599Z WARN  network::simple_sender] Failed to connect to 10.10.1.8:5036 (retry 0): Connection refused (os error 111)
[2026-04-19T03:26:56.602Z WARN  network::simple_sender] Failed to connect to 10.10.1.8:5036 (retry 0): Connection refused (os error 111)
[2026-04-19T03:26:56.605Z INFO  worker::batch_maker] Batch wmC7tjVSs0ATf87Knz18fyxwnGQ2BfE5yYT410AZNhc= contains sample tx 2436
[2026-04-19T03:26:56.605Z INFO  worker::batch_maker] Batch wmC7tjVSs0ATf87Knz18fyxwnGQ2BfE5yYT410AZNhc= contains 222208 B
[2026-04-19T03:26:56.606Z WARN  network::simple_sender] Failed to connect to 10.10.1.8:5036 (retry 0): Connection refused (os error 111)
[2026-04-19T03:26:56.609Z WARN  network::simple_sender] Failed to connect to 10.10.1.8:5036 (retry 0): Connection refused (os error 111)
[2026-04-19T03:26:56.609Z WARN  network::simple_sender] Failed to connect to 10.10.1.8:5036 (retry 0): Connection refused (os error 111)
[2026-04-19T03:26:56.612Z WARN  network::simple_sender] Failed to connect to 10.10.1.8:5036 (retry 0): Connection refused (os error 111)
[2026-04-19T03:26:56.618Z WARN  network::simple_sender] Failed to connect to 10.10.1.8:5036 (retry 0): Connection refused (os error 111)
[2026-04-19T03:26:56.620Z WARN  network::simple_sender] Failed to connect to 10.10.1.8:5036 (retry 0): Connection refused (os error 111)
[2026-04-19T03:26:56.627Z WARN  network::simple_sender] Failed to connect to 10.10.1.8:5036 (retry 0): Connection refused (os error 111)
[2026-04-19T03:26:56.629Z WARN  network::simple_sender] Failed to connect to 10.10.1.8:5036 (retry 0): Connection refused (os error 111)
[2026-04-19T03:26:56.651Z WARN  network::simple_sender] Failed to connect to 10.10.1.8:5036 (retry 0): Connection refused (os error 111)
[2026-04-19T03:26:56.652Z WARN  network::simple_sender] Failed to connect to 10.10.1.8:5036 (retry 0): Connection refused (os error 111)
[2026-04-19T03:26:56.654Z WARN  network::simple_sender] Failed to connect to 10.10.1.8:5036 (retry 0): Connection refused (os error 111)
[2026-04-19T03:26:56.659Z WARN  network::simple_sender] Failed to connect to 10.10.1.8:5036 (retry 0): Connection refused (os error 111)
[2026-04-19T03:26:56.660Z INFO  worker::batch_maker] Batch PbTyR53iDmvlkva8yknbSnMd28sgPueHkbI9P4wz+EQ= contains sample tx 2437
[2026-04-19T03:26:56.660Z INFO  worker::batch_maker] Batch PbTyR53iDmvlkva8yknbSnMd28sgPueHkbI9P4wz+EQ= contains sample tx 2438
[2026-04-19T03:26:56.660Z INFO  worker::batch_maker] Batch PbTyR53iDmvlkva8yknbSnMd28sgPueHkbI9P4wz+EQ= contains 339968 B
[2026-04-19T03:26:56.662Z WARN  network::simple_sender] Failed to connect to 10.10.1.8:5036 (retry 0): Connection refused (os error 111)
[2026-04-19T03:26:56.666Z WARN  network::simple_sender] Failed to connect to 10.10.1.8:5036 (retry 0): Connection refused (os error 111)
[2026-04-19T03:26:56.670Z WARN  network::simple_sender] Failed to connect to 10.10.1.8:5036 (retry 0): Connection refused (os error 111)
[2026-04-19T03:26:56.679Z WARN  network::simple_sender] Failed to connect to 10.10.1.8:5036 (retry 0): Connection refused (os error 111)
[2026-04-19T03:26:56.682Z WARN  network::simple_sender] Failed to connect to 10.10.1.8:5036 (retry 0): Connection refused (os error 111)
[2026-04-19T03:26:56.683Z WARN  network::simple_sender] Failed to connect to 10.10.1.8:5036 (retry 0): Connection refused (os error 111)
[2026-04-19T03:26:56.702Z WARN  network::simple_sender] Failed to connect to 10.10.1.8:5036 (retry 0): Connection refused (os error 111)
[2026-04-19T03:26:56.705Z WARN  network::simple_sender] Failed to connect to 10.10.1.8:5036 (retry 0): Connection refused (os error 111)
[2026-04-19T03:26:56.705Z WARN  network::simple_sender] Failed to connect to 10.10.1.8:5036 (retry 0): Connection refused (os error 111)
[2026-04-19T03:26:56.714Z INFO  worker::batch_maker] Batch NWVg3FIeqsVgpcOyp+HApmpG095Rd/eKIUu5msHGVCw= contains sample tx 2439
[2026-04-19T03:26:56.714Z INFO  worker::batch_maker] Batch NWVg3FIeqsVgpcOyp+HApmpG095Rd/eKIUu5msHGVCw= contains 257024 B
[2026-04-19T03:26:56.715Z WARN  network::simple_sender] Failed to connect to 10.10.1.8:5036 (retry 0): Connection refused (os error 111)
[2026-04-19T03:26:56.717Z WARN  network::simple_sender] Failed to connect to 10.10.1.8:5036 (retry 0): Connection refused (os error 111)
[2026-04-19T03:26:56.718Z WARN  network::simple_sender] Failed to connect to 10.10.1.8:5036 (retry 0): Connection refused (os error 111)
[2026-04-19T03:26:56.721Z WARN  network::simple_sender] Failed to connect to 10.10.1.8:5036 (retry 0): Connection refused (os error 111)
[2026-04-19T03:26:56.733Z WARN  network::simple_sender] Failed to connect to 10.10.1.8:5036 (retry 0): Connection refused (os error 111)
[2026-04-19T03:26:56.735Z WARN  network::simple_sender] Failed to connect to 10.10.1.8:5036 (retry 0): Connection refused (os error 111)
[2026-04-19T03:26:56.737Z WARN  network::simple_sender] Failed to connect to 10.10.1.8:5036 (retry 0): Connection refused (os error 111)
[2026-04-19T03:26:56.757Z WARN  network::simple_sender] Failed to connect to 10.10.1.8:5036 (retry 0): Connection refused (os error 111)
[2026-04-19T03:26:56.762Z WARN  network::simple_sender] Failed to connect to 10.10.1.8:5036 (retry 0): Connection refused (os error 111)
[2026-04-19T03:26:56.766Z WARN  network::simple_sender] Failed to connect to 10.10.1.8:5036 (retry 0): Connection refused (os error 111)
[2026-04-19T03:26:56.768Z INFO  worker::batch_maker] Batch dY6zYJ9N7uHZnTtIBQf15CeaExt/lxX+sSUIVcCyjjU= contains sample tx 2440
[2026-04-19T03:26:56.768Z INFO  worker::batch_maker] Batch dY6zYJ9N7uHZnTtIBQf15CeaExt/lxX+sSUIVcCyjjU= contains 204800 B
[2026-04-19T03:26:56.768Z WARN  network::simple_sender] Failed to connect to 10.10.1.8:5036 (retry 0): Connection refused (os error 111)
[2026-04-19T03:26:56.771Z WARN  network::simple_sender] Failed to connect to 10.10.1.8:5036 (retry 0): Connection refused (os error 111)
[2026-04-19T03:26:56.772Z WARN  network::simple_sender] Failed to connect to 10.10.1.8:5036 (retry 0): Connection refused (os error 111)
[2026-04-19T03:26:56.774Z WARN  network::simple_sender] Failed to connect to 10.10.1.8:5036 (retry 0): Connection refused (os error 111)
[2026-04-19T03:26:56.784Z WARN  network::simple_sender] Failed to connect to 10.10.1.8:5036 (retry 0): Connection refused (os error 111)
[2026-04-19T03:26:56.784Z WARN  network::simple_sender] Failed to connect to 10.10.1.8:5036 (retry 0): Connection refused (os error 111)
[2026-04-19T03:26:56.787Z WARN  network::simple_sender] Failed to connect to 10.10.1.8:5036 (retry 0): Connection refused (os error 111)
[2026-04-19T03:26:56.808Z WARN  network::simple_sender] Failed to connect to 10.10.1.8:5036 (retry 0): Connection refused (os error 111)
[2026-04-19T03:26:56.814Z WARN  network::simple_sender] Failed to connect to 10.10.1.8:5036 (retry 0): Connection refused (os error 111)
[2026-04-19T03:26:56.817Z WARN  network::simple_sender] Failed to connect to 10.10.1.8:5036 (retry 0): Connection refused (os error 111)
[2026-04-19T03:26:56.819Z INFO  worker::batch_maker] Batch LSW/dZIlIQIzKEJ/HO2UOQ64ALLbpQdKHAGg8sGokaQ= contains sample tx 2441
[2026-04-19T03:26:56.819Z INFO  worker::batch_maker] Batch LSW/dZIlIQIzKEJ/HO2UOQ64ALLbpQdKHAGg8sGokaQ= contains 204800 B
[2026-04-19T03:26:56.821Z WARN  network::simple_sender] Failed to connect to 10.10.1.8:5036 (retry 0): Connection refused (os error 111)
[2026-04-19T03:26:56.824Z WARN  network::simple_sender] Failed to connect to 10.10.1.8:5036 (retry 0): Connection refused (os error 111)
[2026-04-19T03:26:56.825Z WARN  network::simple_sender] Failed to connect to 10.10.1.8:5036 (retry 0): Connection refused (os error 111)
[2026-04-19T03:26:56.826Z WARN  network::simple_sender] Failed to connect to 10.10.1.8:5036 (retry 0): Connection refused (os error 111)
[2026-04-19T03:26:56.838Z WARN  network::simple_sender] Failed to connect to 10.10.1.8:5036 (retry 0): Connection refused (os error 111)
[2026-04-19T03:26:56.840Z WARN  network::simple_sender] Failed to connect to 10.10.1.8:5036 (retry 0): Connection refused (os error 111)
[2026-04-19T03:26:56.843Z WARN  network::simple_sender] Failed to connect to 10.10.1.8:5036 (retry 0): Connection refused (os error 111)
[2026-04-19T03:26:56.865Z WARN  network::simple_sender] Failed to connect to 10.10.1.8:5036 (retry 0): Connection refused (os error 111)
[2026-04-19T03:26:56.867Z WARN  network::simple_sender] Failed to connect to 10.10.1.8:5036 (retry 0): Connection refused (os error 111)
[2026-04-19T03:26:56.868Z WARN  network::simple_sender] Failed to connect to 10.10.1.8:5036 (retry 0): Connection refused (os error 111)
[2026-04-19T03:26:56.870Z WARN  network::simple_sender] Failed to connect to 10.10.1.8:5036 (retry 0): Connection refused (os error 111)
[2026-04-19T03:26:56.874Z INFO  worker::batch_maker] Batch 49vjLyMTbuoCR6wtnGLdEfkWzOzi2nF32NEWda6AUUs= contains sample tx 2442
[2026-04-19T03:26:56.883Z INFO  worker::batch_maker] Batch 49vjLyMTbuoCR6wtnGLdEfkWzOzi2nF32NEWda6AUUs= contains 204800 B
[2026-04-19T03:26:56.886Z WARN  network::simple_sender] Failed to connect to 10.10.1.8:5036 (retry 0): Connection refused (os error 111)
[2026-04-19T03:26:56.889Z WARN  network::simple_sender] Failed to connect to 10.10.1.8:5036 (retry 0): Connection refused (os error 111)
[2026-04-19T03:26:56.891Z WARN  network::simple_sender] Failed to connect to 10.10.1.8:5036 (retry 0): Connection refused (os error 111)
[2026-04-19T03:26:56.893Z WARN  network::simple_sender] Failed to connect to 10.10.1.8:5036 (retry 0): Connection refused (os error 111)
[2026-04-19T03:26:56.894Z WARN  network::simple_sender] Failed to connect to 10.10.1.8:5036 (retry 0): Connection refused (os error 111)
[2026-04-19T03:26:56.918Z WARN  network::simple_sender] Failed to connect to 10.10.1.8:5036 (retry 0): Connection refused (os error 111)
[2026-04-19T03:26:56.920Z WARN  network::simple_sender] Failed to connect to 10.10.1.8:5036 (retry 0): Connection refused (os error 111)
[2026-04-19T03:26:56.922Z WARN  network::simple_sender] Failed to connect to 10.10.1.8:5036 (retry 0): Connection refused (os error 111)
[2026-04-19T03:26:56.925Z WARN  network::simple_sender] Failed to connect to 10.10.1.8:5036 (retry 0): Connection refused (os error 111)
[2026-04-19T03:26:56.929Z WARN  network::simple_sender] Failed to connect to 10.10.1.8:5036 (retry 0): Connection refused (os error 111)
[2026-04-19T03:26:56.930Z WARN  network::simple_sender] Failed to connect to 10.10.1.8:5036 (retry 0): Connection refused (os error 111)
[2026-04-19T03:26:56.937Z INFO  worker::batch_maker] Batch QfSspcdBTr8z6+f4AkXgks3kZXkDJHc61FB+O1s7b3Q= contains sample tx 2443
[2026-04-19T03:26:56.937Z INFO  worker::batch_maker] Batch QfSspcdBTr8z6+f4AkXgks3kZXkDJHc61FB+O1s7b3Q= contains 204800 B
[2026-04-19T03:26:56.939Z WARN  network::simple_sender] Failed to connect to 10.10.1.8:5036 (retry 0): Connection refused (os error 111)
[2026-04-19T03:26:56.941Z WARN  network::simple_sender] Failed to connect to 10.10.1.8:5036 (retry 0): Connection refused (os error 111)
[2026-04-19T03:26:56.943Z WARN  network::simple_sender] Failed to connect to 10.10.1.8:5036 (retry 0): Connection refused (os error 111)
[2026-04-19T03:26:56.944Z WARN  network::simple_sender] Failed to connect to 10.10.1.8:5036 (retry 0): Connection refused (os error 111)
[2026-04-19T03:26:56.970Z WARN  network::simple_sender] Failed to connect to 10.10.1.8:5036 (retry 0): Connection refused (os error 111)
[2026-04-19T03:26:56.972Z WARN  network::simple_sender] Failed to connect to 10.10.1.8:5036 (retry 0): Connection refused (os error 111)
[2026-04-19T03:26:56.976Z WARN  network::simple_sender] Failed to connect to 10.10.1.8:5036 (retry 0): Connection refused (os error 111)
[2026-04-19T03:26:56.983Z WARN  network::simple_sender] Failed to connect to 10.10.1.8:5036 (retry 0): Connection refused (os error 111)
[2026-04-19T03:26:56.985Z WARN  network::simple_sender] Failed to connect to 10.10.1.8:5036 (retry 0): Connection refused (os error 111)
[2026-04-19T03:26:56.990Z INFO  worker::batch_maker] Batch bVcBlWUyl/3WHedYMW8yGLqNVuQscCAky4J415IlzD4= contains sample tx 2444
[2026-04-19T03:26:56.990Z INFO  worker::batch_maker] Batch bVcBlWUyl/3WHedYMW8yGLqNVuQscCAky4J415IlzD4= contains 204800 B
[2026-04-19T03:26:56.994Z WARN  network::simple_sender] Failed to connect to 10.10.1.8:5036 (retry 0): Connection refused (os error 111)
[2026-04-19T03:26:56.994Z WARN  network::simple_sender] Failed to connect to 10.10.1.8:5036 (retry 0): Connection refused (os error 111)
[2026-04-19T03:26:56.996Z WARN  network::simple_sender] Failed to connect to 10.10.1.8:5036 (retry 0): Connection refused (os error 111)
[2026-04-19T03:26:56.999Z WARN  network::simple_sender] Failed to connect to 10.10.1.8:5036 (retry 0): Connection refused (os error 111)
[2026-04-19T03:26:57.021Z WARN  network::simple_sender] Failed to connect to 10.10.1.8:5036 (retry 0): Connection refused (os error 111)
[2026-04-19T03:26:57.023Z WARN  network::simple_sender] Failed to connect to 10.10.1.8:5036 (retry 0): Connection refused (os error 111)
[2026-04-19T03:26:57.024Z WARN  network::simple_sender] Failed to connect to 10.10.1.8:5036 (retry 0): Connection refused (os error 111)
[2026-04-19T03:26:57.029Z WARN  network::simple_sender] Failed to connect to 10.10.1.8:5036 (retry 0): Connection refused (os error 111)
[2026-04-19T03:26:57.036Z WARN  network::simple_sender] Failed to connect to 10.10.1.8:5036 (retry 0): Connection refused (os error 111)
[2026-04-19T03:26:57.036Z WARN  network::simple_sender] Failed to connect to 10.10.1.8:5036 (retry 0): Connection refused (os error 111)
[2026-04-19T03:26:57.042Z INFO  worker::batch_maker] Batch 37pDsTSzDiMdm2XZN1ReR+17UgKZ+Is/d9kPhD2oSts= contains sample tx 2445
[2026-04-19T03:26:57.042Z INFO  worker::batch_maker] Batch 37pDsTSzDiMdm2XZN1ReR+17UgKZ+Is/d9kPhD2oSts= contains 204800 B
[2026-04-19T03:26:57.047Z WARN  network::simple_sender] Failed to connect to 10.10.1.8:5036 (retry 0): Connection refused (os error 111)
[2026-04-19T03:26:57.049Z WARN  network::simple_sender] Failed to connect to 10.10.1.8:5036 (retry 0): Connection refused (os error 111)
[2026-04-19T03:26:57.050Z WARN  network::simple_sender] Failed to connect to 10.10.1.8:5036 (retry 0): Connection refused (os error 111)
[2026-04-19T03:26:57.053Z WARN  network::simple_sender] Failed to connect to 10.10.1.8:5036 (retry 0): Connection refused (os error 111)
[2026-04-19T03:26:57.074Z WARN  network::simple_sender] Failed to connect to 10.10.1.8:5036 (retry 0): Connection refused (os error 111)
[2026-04-19T03:26:57.079Z WARN  network::simple_sender] Failed to connect to 10.10.1.8:5036 (retry 0): Connection refused (os error 111)
[2026-04-19T03:26:57.084Z WARN  network::simple_sender] Failed to connect to 10.10.1.8:5036 (retry 0): Connection refused (os error 111)
[2026-04-19T03:26:57.086Z WARN  network::simple_sender] Failed to connect to 10.10.1.8:5036 (retry 0): Connection refused (os error 111)
[2026-04-19T03:26:57.091Z WARN  network::simple_sender] Failed to connect to 10.10.1.8:5036 (retry 0): Connection refused (os error 111)
[2026-04-19T03:26:57.093Z WARN  network::simple_sender] Failed to connect to 10.10.1.8:5036 (retry 0): Connection refused (os error 111)
[2026-04-19T03:26:57.096Z INFO  worker::batch_maker] Batch rjmfts+eO5kLemKZx5Dc1Kq10+EULfGZ4Kvr3ro9GCM= contains sample tx 2446
[2026-04-19T03:26:57.096Z INFO  worker::batch_maker] Batch rjmfts+eO5kLemKZx5Dc1Kq10+EULfGZ4Kvr3ro9GCM= contains 204800 B
[2026-04-19T03:26:57.099Z WARN  network::simple_sender] Failed to connect to 10.10.1.8:5036 (retry 0): Connection refused (os error 111)
[2026-04-19T03:26:57.100Z WARN  network::simple_sender] Failed to connect to 10.10.1.8:5036 (retry 0): Connection refused (os error 111)
[2026-04-19T03:26:57.103Z WARN  network::simple_sender] Failed to connect to 10.10.1.8:5036 (retry 0): Connection refused (os error 111)
[2026-04-19T03:26:57.106Z WARN  network::simple_sender] Failed to connect to 10.10.1.8:5036 (retry 0): Connection refused (os error 111)
[2026-04-19T03:26:57.127Z WARN  network::simple_sender] Failed to connect to 10.10.1.8:5036 (retry 0): Connection refused (os error 111)
[2026-04-19T03:26:57.132Z WARN  network::simple_sender] Failed to connect to 10.10.1.8:5036 (retry 0): Connection refused (os error 111)
[2026-04-19T03:26:57.133Z WARN  network::simple_sender] Failed to connect to 10.10.1.8:5036 (retry 0): Connection refused (os error 111)
[2026-04-19T03:26:57.135Z WARN  network::simple_sender] Failed to connect to 10.10.1.8:5036 (retry 0): Connection refused (os error 111)
[2026-04-19T03:26:57.145Z WARN  network::simple_sender] Failed to connect to 10.10.1.8:5036 (retry 0): Connection refused (os error 111)
[2026-04-19T03:26:57.146Z WARN  network::simple_sender] Failed to connect to 10.10.1.8:5036 (retry 0): Connection refused (os error 111)
[2026-04-19T03:26:57.150Z INFO  worker::batch_maker] Batch /TQe6qr3JxZC/snkLcttdYnKjHt0O5K7sQ5VMcSwJTQ= contains sample tx 2447
[2026-04-19T03:26:57.150Z INFO  worker::batch_maker] Batch /TQe6qr3JxZC/snkLcttdYnKjHt0O5K7sQ5VMcSwJTQ= contains 204800 B
[2026-04-19T03:26:57.153Z WARN  network::simple_sender] Failed to connect to 10.10.1.8:5036 (retry 0): Connection refused (os error 111)
[2026-04-19T03:26:57.153Z WARN  network::simple_sender] Failed to connect to 10.10.1.8:5036 (retry 0): Connection refused (os error 111)
[2026-04-19T03:26:57.157Z WARN  network::simple_sender] Failed to connect to 10.10.1.8:5036 (retry 0): Connection refused (os error 111)
[2026-04-19T03:26:57.160Z WARN  network::simple_sender] Failed to connect to 10.10.1.8:5036 (retry 0): Connection refused (os error 111)
[2026-04-19T03:26:57.179Z WARN  network::simple_sender] Failed to connect to 10.10.1.8:5036 (retry 0): Connection refused (os error 111)
[2026-04-19T03:26:57.187Z WARN  network::simple_sender] Failed to connect to 10.10.1.8:5036 (retry 0): Connection refused (os error 111)
[2026-04-19T03:26:57.189Z WARN  network::simple_sender] Failed to connect to 10.10.1.8:5036 (retry 0): Connection refused (os error 111)
[2026-04-19T03:26:57.191Z WARN  network::simple_sender] Failed to connect to 10.10.1.8:5036 (retry 0): Connection refused (os error 111)
[2026-04-19T03:26:57.199Z WARN  network::simple_sender] Failed to connect to 10.10.1.8:5036 (retry 0): Connection refused (os error 111)
[2026-04-19T03:26:57.203Z INFO  worker::batch_maker] Batch 1vlItYRJnMipGuKruNeruCZUKfsSE34h3xKznq1Brds= contains sample tx 2448
[2026-04-19T03:26:57.204Z INFO  worker::batch_maker] Batch 1vlItYRJnMipGuKruNeruCZUKfsSE34h3xKznq1Brds= contains 204800 B
[2026-04-19T03:26:57.206Z WARN  network::simple_sender] Failed to connect to 10.10.1.8:5036 (retry 0): Connection refused (os error 111)
[2026-04-19T03:26:57.207Z WARN  network::simple_sender] Failed to connect to 10.10.1.8:5036 (retry 0): Connection refused (os error 111)
[2026-04-19T03:26:57.209Z WARN  network::simple_sender] Failed to connect to 10.10.1.8:5036 (retry 0): Connection refused (os error 111)
[2026-04-19T03:26:57.211Z WARN  network::simple_sender] Failed to connect to 10.10.1.8:5036 (retry 0): Connection refused (os error 111)
[2026-04-19T03:26:57.213Z WARN  network::simple_sender] Failed to connect to 10.10.1.8:5036 (retry 0): Connection refused (os error 111)
[2026-04-19T03:26:57.232Z WARN  network::simple_sender] Failed to connect to 10.10.1.8:5036 (retry 0): Connection refused (os error 111)
[2026-04-19T03:26:57.240Z WARN  network::simple_sender] Failed to connect to 10.10.1.8:5036 (retry 0): Connection refused (os error 111)
[2026-04-19T03:26:57.242Z WARN  network::simple_sender] Failed to connect to 10.10.1.8:5036 (retry 0): Connection refused (os error 111)
[2026-04-19T03:26:57.244Z WARN  network::simple_sender] Failed to connect to 10.10.1.8:5036 (retry 0): Connection refused (os error 111)
[2026-04-19T03:26:57.252Z WARN  network::simple_sender] Failed to connect to 10.10.1.8:5036 (retry 0): Connection refused (os error 111)
[2026-04-19T03:26:57.258Z INFO  worker::batch_maker] Batch 47IgU3X/wTYpl5pge3GhenyqiaTGRQTMDIWZ+TbJEbM= contains sample tx 2449
[2026-04-19T03:26:57.258Z INFO  worker::batch_maker] Batch 47IgU3X/wTYpl5pge3GhenyqiaTGRQTMDIWZ+TbJEbM= contains sample tx 2450
[2026-04-19T03:26:57.258Z INFO  worker::batch_maker] Batch 47IgU3X/wTYpl5pge3GhenyqiaTGRQTMDIWZ+TbJEbM= contains 334336 B
[2026-04-19T03:26:57.258Z WARN  network::simple_sender] Failed to connect to 10.10.1.8:5036 (retry 0): Connection refused (os error 111)
[2026-04-19T03:26:57.261Z WARN  network::simple_sender] Failed to connect to 10.10.1.8:5036 (retry 0): Connection refused (os error 111)
[2026-04-19T03:26:57.266Z WARN  network::simple_sender] Failed to connect to 10.10.1.8:5036 (retry 0): Connection refused (os error 111)
[2026-04-19T03:26:57.267Z WARN  network::simple_sender] Failed to connect to 10.10.1.8:5036 (retry 0): Connection refused (os error 111)
[2026-04-19T03:26:57.268Z WARN  network::simple_sender] Failed to connect to 10.10.1.8:5036 (retry 0): Connection refused (os error 111)
[2026-04-19T03:26:57.285Z WARN  network::simple_sender] Failed to connect to 10.10.1.8:5036 (retry 0): Connection refused (os error 111)
[2026-04-19T03:26:57.288Z WARN  network::simple_sender] Failed to connect to 10.10.1.8:5036 (retry 0): Connection refused (os error 111)
[2026-04-19T03:26:57.295Z WARN  network::simple_sender] Failed to connect to 10.10.1.8:5036 (retry 0): Connection refused (os error 111)
[2026-04-19T03:26:57.296Z WARN  network::simple_sender] Failed to connect to 10.10.1.8:5036 (retry 0): Connection refused (os error 111)
[2026-04-19T03:26:57.306Z WARN  network::simple_sender] Failed to connect to 10.10.1.8:5036 (retry 0): Connection refused (os error 111)
[2026-04-19T03:26:57.313Z WARN  network::simple_sender] Failed to connect to 10.10.1.8:5036 (retry 0): Connection refused (os error 111)
[2026-04-19T03:26:57.315Z INFO  worker::batch_maker] Batch 2EY+pMmqqoTOtt1wQKAWWnR7UcnjSN6Q7vKlsDhhE+A= contains sample tx 2451
[2026-04-19T03:26:57.315Z INFO  worker::batch_maker] Batch 2EY+pMmqqoTOtt1wQKAWWnR7UcnjSN6Q7vKlsDhhE+A= contains 280064 B
[2026-04-19T03:26:57.315Z WARN  network::simple_sender] Failed to connect to 10.10.1.8:5036 (retry 0): Connection refused (os error 111)
[2026-04-19T03:26:57.319Z WARN  network::simple_sender] Failed to connect to 10.10.1.8:5036 (retry 0): Connection refused (os error 111)
[2026-04-19T03:26:57.320Z WARN  network::simple_sender] Failed to connect to 10.10.1.8:5036 (retry 0): Connection refused (os error 111)
[2026-04-19T03:26:57.324Z WARN  network::simple_sender] Failed to connect to 10.10.1.8:5036 (retry 0): Connection refused (os error 111)
[2026-04-19T03:26:57.337Z WARN  network::simple_sender] Failed to connect to 10.10.1.8:5036 (retry 0): Connection refused (os error 111)
[2026-04-19T03:26:57.349Z WARN  network::simple_sender] Failed to connect to 10.10.1.8:5036 (retry 0): Connection refused (os error 111)
[2026-04-19T03:26:57.350Z WARN  network::simple_sender] Failed to connect to 10.10.1.8:5036 (retry 0): Connection refused (os error 111)
[2026-04-19T03:26:57.354Z WARN  network::simple_sender] Failed to connect to 10.10.1.8:5036 (retry 0): Connection refused (os error 111)
[2026-04-19T03:26:57.365Z WARN  network::simple_sender] Failed to connect to 10.10.1.8:5036 (retry 0): Connection refused (os error 111)
[2026-04-19T03:26:57.366Z WARN  network::simple_sender] Failed to connect to 10.10.1.8:5036 (retry 0): Connection refused (os error 111)
[2026-04-19T03:26:57.368Z INFO  worker::batch_maker] Batch pKDhqF95k/c9T1nBO7H4HUVWPQrr2DzyvVWJA1l3PTU= contains sample tx 2452
[2026-04-19T03:26:57.368Z INFO  worker::batch_maker] Batch pKDhqF95k/c9T1nBO7H4HUVWPQrr2DzyvVWJA1l3PTU= contains 204800 B
[2026-04-19T03:26:57.371Z WARN  network::simple_sender] Failed to connect to 10.10.1.8:5036 (retry 0): Connection refused (os error 111)
[2026-04-19T03:26:57.372Z WARN  network::simple_sender] Failed to connect to 10.10.1.8:5036 (retry 0): Connection refused (os error 111)
[2026-04-19T03:26:57.375Z WARN  network::simple_sender] Failed to connect to 10.10.1.8:5036 (retry 0): Connection refused (os error 111)
[2026-04-19T03:26:57.377Z WARN  network::simple_sender] Failed to connect to 10.10.1.8:5036 (retry 0): Connection refused (os error 111)
[2026-04-19T03:26:57.388Z WARN  network::simple_sender] Failed to connect to 10.10.1.8:5036 (retry 0): Connection refused (os error 111)
[2026-04-19T03:26:57.400Z WARN  network::simple_sender] Failed to connect to 10.10.1.8:5036 (retry 0): Connection refused (os error 111)
[2026-04-19T03:26:57.402Z WARN  network::simple_sender] Failed to connect to 10.10.1.8:5036 (retry 0): Connection refused (os error 111)
[2026-04-19T03:26:57.404Z WARN  network::simple_sender] Failed to connect to 10.10.1.8:5036 (retry 0): Connection refused (os error 111)
[2026-04-19T03:26:57.417Z WARN  network::simple_sender] Failed to connect to 10.10.1.8:5036 (retry 0): Connection refused (os error 111)
[2026-04-19T03:26:57.418Z WARN  network::simple_sender] Failed to connect to 10.10.1.8:5036 (retry 0): Connection refused (os error 111)
[2026-04-19T03:26:57.420Z INFO  worker::batch_maker] Batch d2n57IkbDVy1IFK/+7l6K0j2UoPsXRP8YOCCMezWW+E= contains sample tx 2453
[2026-04-19T03:26:57.420Z INFO  worker::batch_maker] Batch d2n57IkbDVy1IFK/+7l6K0j2UoPsXRP8YOCCMezWW+E= contains 204800 B
[2026-04-19T03:26:57.424Z WARN  network::simple_sender] Failed to connect to 10.10.1.8:5036 (retry 0): Connection refused (os error 111)
[2026-04-19T03:26:57.424Z WARN  network::simple_sender] Failed to connect to 10.10.1.8:5036 (retry 0): Connection refused (os error 111)
[2026-04-19T03:26:57.427Z WARN  network::simple_sender] Failed to connect to 10.10.1.8:5036 (retry 0): Connection refused (os error 111)
[2026-04-19T03:26:57.428Z WARN  network::simple_sender] Failed to connect to 10.10.1.8:5036 (retry 0): Connection refused (os error 111)
[2026-04-19T03:26:57.441Z WARN  network::simple_sender] Failed to connect to 10.10.1.8:5036 (retry 0): Connection refused (os error 111)
[2026-04-19T03:26:57.453Z WARN  network::simple_sender] Failed to connect to 10.10.1.8:5036 (retry 0): Connection refused (os error 111)
[2026-04-19T03:26:57.455Z WARN  network::simple_sender] Failed to connect to 10.10.1.8:5036 (retry 0): Connection refused (os error 111)
[2026-04-19T03:26:57.458Z WARN  network::simple_sender] Failed to connect to 10.10.1.8:5036 (retry 0): Connection refused (os error 111)
[2026-04-19T03:26:57.470Z WARN  network::simple_sender] Failed to connect to 10.10.1.8:5036 (retry 0): Connection refused (os error 111)
[2026-04-19T03:26:57.471Z WARN  network::simple_sender] Failed to connect to 10.10.1.8:5036 (retry 0): Connection refused (os error 111)
[2026-04-19T03:26:57.475Z INFO  worker::batch_maker] Batch qpfEv0dAHtbHGSoDHph4FQHslFrqL0bhtYTCVbPi784= contains sample tx 2454
[2026-04-19T03:26:57.475Z INFO  worker::batch_maker] Batch qpfEv0dAHtbHGSoDHph4FQHslFrqL0bhtYTCVbPi784= contains 204800 B
[2026-04-19T03:26:57.477Z WARN  network::simple_sender] Failed to connect to 10.10.1.8:5036 (retry 0): Connection refused (os error 111)
[2026-04-19T03:26:57.477Z WARN  network::simple_sender] Failed to connect to 10.10.1.8:5036 (retry 0): Connection refused (os error 111)
[2026-04-19T03:26:57.478Z WARN  network::simple_sender] Failed to connect to 10.10.1.8:5036 (retry 0): Connection refused (os error 111)
[2026-04-19T03:26:57.479Z WARN  network::simple_sender] Failed to connect to 10.10.1.8:5036 (retry 0): Connection refused (os error 111)
[2026-04-19T03:26:57.495Z WARN  network::simple_sender] Failed to connect to 10.10.1.8:5036 (retry 0): Connection refused (os error 111)
[2026-04-19T03:26:57.505Z WARN  network::simple_sender] Failed to connect to 10.10.1.8:5036 (retry 0): Connection refused (os error 111)
[2026-04-19T03:26:57.508Z WARN  network::simple_sender] Failed to connect to 10.10.1.8:5036 (retry 0): Connection refused (os error 111)
[2026-04-19T03:26:57.511Z WARN  network::simple_sender] Failed to connect to 10.10.1.8:5036 (retry 0): Connection refused (os error 111)
[2026-04-19T03:26:57.520Z WARN  network::simple_sender] Failed to connect to 10.10.1.8:5036 (retry 0): Connection refused (os error 111)
[2026-04-19T03:26:57.523Z WARN  network::simple_sender] Failed to connect to 10.10.1.8:5036 (retry 0): Connection refused (os error 111)
[2026-04-19T03:26:57.526Z INFO  worker::batch_maker] Batch 46bj+1wU+3KZdqbzBF/UOjBFb72GD4tRf8DAc5LGpAU= contains sample tx 2455
[2026-04-19T03:26:57.526Z INFO  worker::batch_maker] Batch 46bj+1wU+3KZdqbzBF/UOjBFb72GD4tRf8DAc5LGpAU= contains 204800 B
[2026-04-19T03:26:57.527Z WARN  network::simple_sender] Failed to connect to 10.10.1.8:5036 (retry 0): Connection refused (os error 111)
[2026-04-19T03:26:57.529Z WARN  network::simple_sender] Failed to connect to 10.10.1.8:5036 (retry 0): Connection refused (os error 111)
[2026-04-19T03:26:57.531Z WARN  network::simple_sender] Failed to connect to 10.10.1.8:5036 (retry 0): Connection refused (os error 111)
[2026-04-19T03:26:57.533Z WARN  network::simple_sender] Failed to connect to 10.10.1.8:5036 (retry 0): Connection refused (os error 111)
[2026-04-19T03:26:57.545Z WARN  network::simple_sender] Failed to connect to 10.10.1.8:5036 (retry 0): Connection refused (os error 111)
[2026-04-19T03:26:57.556Z WARN  network::simple_sender] Failed to connect to 10.10.1.8:5036 (retry 0): Connection refused (os error 111)
[2026-04-19T03:26:57.561Z WARN  network::simple_sender] Failed to connect to 10.10.1.8:5036 (retry 0): Connection refused (os error 111)
[2026-04-19T03:26:57.562Z WARN  network::simple_sender] Failed to connect to 10.10.1.8:5036 (retry 0): Connection refused (os error 111)
[2026-04-19T03:26:57.575Z WARN  network::simple_sender] Failed to connect to 10.10.1.8:5036 (retry 0): Connection refused (os error 111)
[2026-04-19T03:26:57.576Z WARN  network::simple_sender] Failed to connect to 10.10.1.8:5036 (retry 0): Connection refused (os error 111)
[2026-04-19T03:26:57.579Z INFO  worker::batch_maker] Batch AOvZt/ppvByFez2GSm7KmxnGkqZDo9/nkVoprrewr88= contains sample tx 2456
[2026-04-19T03:26:57.579Z INFO  worker::batch_maker] Batch AOvZt/ppvByFez2GSm7KmxnGkqZDo9/nkVoprrewr88= contains 204800 B
[2026-04-19T03:26:57.580Z WARN  network::simple_sender] Failed to connect to 10.10.1.8:5036 (retry 0): Connection refused (os error 111)
[2026-04-19T03:26:57.581Z WARN  network::simple_sender] Failed to connect to 10.10.1.8:5036 (retry 0): Connection refused (os error 111)
[2026-04-19T03:26:57.587Z WARN  network::simple_sender] Failed to connect to 10.10.1.8:5036 (retry 0): Connection refused (os error 111)
[2026-04-19T03:26:57.589Z WARN  network::simple_sender] Failed to connect to 10.10.1.8:5036 (retry 0): Connection refused (os error 111)
[2026-04-19T03:26:57.600Z WARN  network::simple_sender] Failed to connect to 10.10.1.8:5036 (retry 0): Connection refused (os error 111)
[2026-04-19T03:26:57.612Z WARN  network::simple_sender] Failed to connect to 10.10.1.8:5036 (retry 0): Connection refused (os error 111)
[2026-04-19T03:26:57.614Z WARN  network::simple_sender] Failed to connect to 10.10.1.8:5036 (retry 0): Connection refused (os error 111)
[2026-04-19T03:26:57.615Z WARN  network::simple_sender] Failed to connect to 10.10.1.8:5036 (retry 0): Connection refused (os error 111)
[2026-04-19T03:26:57.631Z INFO  worker::batch_maker] Batch J0ow01sR7mTVa3Hg0tHeuK+S5zD4qGQp8xcf4TS+E8o= contains sample tx 2457
[2026-04-19T03:26:57.631Z INFO  worker::batch_maker] Batch J0ow01sR7mTVa3Hg0tHeuK+S5zD4qGQp8xcf4TS+E8o= contains 204800 B
[2026-04-19T03:26:57.631Z WARN  network::simple_sender] Failed to connect to 10.10.1.8:5036 (retry 0): Connection refused (os error 111)
[2026-04-19T03:26:57.632Z WARN  network::simple_sender] Failed to connect to 10.10.1.8:5036 (retry 0): Connection refused (os error 111)
[2026-04-19T03:26:57.633Z WARN  network::simple_sender] Failed to connect to 10.10.1.8:5036 (retry 0): Connection refused (os error 111)
[2026-04-19T03:26:57.635Z WARN  network::simple_sender] Failed to connect to 10.10.1.8:5036 (retry 0): Connection refused (os error 111)
[2026-04-19T03:26:57.640Z WARN  network::simple_sender] Failed to connect to 10.10.1.8:5036 (retry 0): Connection refused (os error 111)
[2026-04-19T03:26:57.642Z WARN  network::simple_sender] Failed to connect to 10.10.1.8:5036 (retry 0): Connection refused (os error 111)
[2026-04-19T03:26:57.653Z WARN  network::simple_sender] Failed to connect to 10.10.1.8:5036 (retry 0): Connection refused (os error 111)
[2026-04-19T03:26:57.667Z WARN  network::simple_sender] Failed to connect to 10.10.1.8:5036 (retry 0): Connection refused (os error 111)
[2026-04-19T03:26:57.668Z WARN  network::simple_sender] Failed to connect to 10.10.1.8:5036 (retry 0): Connection refused (os error 111)
[2026-04-19T03:26:57.677Z WARN  network::simple_sender] Failed to connect to 10.10.1.8:5036 (retry 0): Connection refused (os error 111)
[2026-04-19T03:26:57.684Z WARN  network::simple_sender] Failed to connect to 10.10.1.8:5036 (retry 0): Connection refused (os error 111)
[2026-04-19T03:26:57.684Z INFO  worker::batch_maker] Batch TDayC2xz9tbmYKtmzu+YAKmQniTyEPYNNDjGfz/oV2o= contains sample tx 2458
[2026-04-19T03:26:57.684Z INFO  worker::batch_maker] Batch TDayC2xz9tbmYKtmzu+YAKmQniTyEPYNNDjGfz/oV2o= contains 204800 B
[2026-04-19T03:26:57.685Z WARN  network::simple_sender] Failed to connect to 10.10.1.8:5036 (retry 0): Connection refused (os error 111)
[2026-04-19T03:26:57.687Z WARN  network::simple_sender] Failed to connect to 10.10.1.8:5036 (retry 0): Connection refused (os error 111)
[2026-04-19T03:26:57.688Z WARN  network::simple_sender] Failed to connect to 10.10.1.8:5036 (retry 0): Connection refused (os error 111)
[2026-04-19T03:26:57.693Z WARN  network::simple_sender] Failed to connect to 10.10.1.8:5036 (retry 0): Connection refused (os error 111)
[2026-04-19T03:26:57.695Z WARN  network::simple_sender] Failed to connect to 10.10.1.8:5036 (retry 0): Connection refused (os error 111)
[2026-04-19T03:26:57.708Z WARN  network::simple_sender] Failed to connect to 10.10.1.8:5036 (retry 0): Connection refused (os error 111)
[2026-04-19T03:26:57.719Z WARN  network::simple_sender] Failed to connect to 10.10.1.8:5036 (retry 0): Connection refused (os error 111)
[2026-04-19T03:26:57.720Z WARN  network::simple_sender] Failed to connect to 10.10.1.8:5036 (retry 0): Connection refused (os error 111)
[2026-04-19T03:26:57.726Z WARN  network::simple_sender] Failed to connect to 10.10.1.8:5036 (retry 0): Connection refused (os error 111)
[2026-04-19T03:26:57.736Z WARN  network::simple_sender] Failed to connect to 10.10.1.8:5036 (retry 0): Connection refused (os error 111)
[2026-04-19T03:26:57.738Z INFO  worker::batch_maker] Batch 0cdCITxhkVx4vpxPM7IG75Vdre9rF9PcHIq5p3EA6Iw= contains sample tx 2459
[2026-04-19T03:26:57.738Z INFO  worker::batch_maker] Batch 0cdCITxhkVx4vpxPM7IG75Vdre9rF9PcHIq5p3EA6Iw= contains 204800 B
[2026-04-19T03:26:57.739Z WARN  network::simple_sender] Failed to connect to 10.10.1.8:5036 (retry 0): Connection refused (os error 111)
[2026-04-19T03:26:57.741Z WARN  network::simple_sender] Failed to connect to 10.10.1.8:5036 (retry 0): Connection refused (os error 111)
[2026-04-19T03:26:57.741Z WARN  network::simple_sender] Failed to connect to 10.10.1.8:5036 (retry 0): Connection refused (os error 111)
[2026-04-19T03:26:57.746Z WARN  network::simple_sender] Failed to connect to 10.10.1.8:5036 (retry 0): Connection refused (os error 111)
[2026-04-19T03:26:57.747Z WARN  network::simple_sender] Failed to connect to 10.10.1.8:5036 (retry 0): Connection refused (os error 111)
[2026-04-19T03:26:57.763Z WARN  network::simple_sender] Failed to connect to 10.10.1.8:5036 (retry 0): Connection refused (os error 111)
[2026-04-19T03:26:57.771Z WARN  network::simple_sender] Failed to connect to 10.10.1.8:5036 (retry 0): Connection refused (os error 111)
[2026-04-19T03:26:57.773Z WARN  network::simple_sender] Failed to connect to 10.10.1.8:5036 (retry 0): Connection refused (os error 111)
[2026-04-19T03:26:57.777Z WARN  network::simple_sender] Failed to connect to 10.10.1.8:5036 (retry 0): Connection refused (os error 111)
[2026-04-19T03:26:57.787Z WARN  network::simple_sender] Failed to connect to 10.10.1.8:5036 (retry 0): Connection refused (os error 111)
[2026-04-19T03:26:57.791Z WARN  network::simple_sender] Failed to connect to 10.10.1.8:5036 (retry 0): Connection refused (os error 111)
[2026-04-19T03:26:57.794Z INFO  worker::batch_maker] Batch mZZcDoLI+9ouZqmJwuHBnIeoMpUQY5LqV3db+iN9J28= contains sample tx 2460
[2026-04-19T03:26:57.794Z INFO  worker::batch_maker] Batch mZZcDoLI+9ouZqmJwuHBnIeoMpUQY5LqV3db+iN9J28= contains 204800 B
[2026-04-19T03:26:57.796Z WARN  network::simple_sender] Failed to connect to 10.10.1.8:5036 (retry 0): Connection refused (os error 111)
[2026-04-19T03:26:57.798Z WARN  network::simple_sender] Failed to connect to 10.10.1.8:5036 (retry 0): Connection refused (os error 111)
[2026-04-19T03:26:57.800Z WARN  network::simple_sender] Failed to connect to 10.10.1.8:5036 (retry 0): Connection refused (os error 111)
[2026-04-19T03:26:57.817Z WARN  network::simple_sender] Failed to connect to 10.10.1.8:5036 (retry 0): Connection refused (os error 111)
[2026-04-19T03:26:57.825Z WARN  network::simple_sender] Failed to connect to 10.10.1.8:5036 (retry 0): Connection refused (os error 111)
[2026-04-19T03:26:57.827Z WARN  network::simple_sender] Failed to connect to 10.10.1.8:5036 (retry 0): Connection refused (os error 111)
[2026-04-19T03:26:57.831Z WARN  network::simple_sender] Failed to connect to 10.10.1.8:5036 (retry 0): Connection refused (os error 111)
[2026-04-19T03:26:57.843Z WARN  network::simple_sender] Failed to connect to 10.10.1.8:5036 (retry 0): Connection refused (os error 111)
[2026-04-19T03:26:57.845Z WARN  network::simple_sender] Failed to connect to 10.10.1.8:5036 (retry 0): Connection refused (os error 111)
[2026-04-19T03:26:57.848Z INFO  worker::batch_maker] Batch JWU08nzyyXU9Bg0w7KkbrIiClaHOArU30mHySBB0C6U= contains sample tx 2461
[2026-04-19T03:26:57.848Z INFO  worker::batch_maker] Batch JWU08nzyyXU9Bg0w7KkbrIiClaHOArU30mHySBB0C6U= contains 204800 B
[2026-04-19T03:26:57.848Z WARN  network::simple_sender] Failed to connect to 10.10.1.8:5036 (retry 0): Connection refused (os error 111)
[2026-04-19T03:26:57.850Z WARN  network::simple_sender] Failed to connect to 10.10.1.8:5036 (retry 0): Connection refused (os error 111)
[2026-04-19T03:26:57.851Z WARN  network::simple_sender] Failed to connect to 10.10.1.8:5036 (retry 0): Connection refused (os error 111)
[2026-04-19T03:26:57.852Z WARN  network::simple_sender] Failed to connect to 10.10.1.8:5036 (retry 0): Connection refused (os error 111)
[2026-04-19T03:26:57.867Z WARN  network::simple_sender] Failed to connect to 10.10.1.8:5036 (retry 0): Connection refused (os error 111)
[2026-04-19T03:26:57.875Z WARN  network::simple_sender] Failed to connect to 10.10.1.8:5036 (retry 0): Connection refused (os error 111)
[2026-04-19T03:26:57.878Z WARN  network::simple_sender] Failed to connect to 10.10.1.8:5036 (retry 0): Connection refused (os error 111)
[2026-04-19T03:26:57.885Z WARN  network::simple_sender] Failed to connect to 10.10.1.8:5036 (retry 0): Connection refused (os error 111)
[2026-04-19T03:26:57.894Z WARN  network::simple_sender] Failed to connect to 10.10.1.8:5036 (retry 0): Connection refused (os error 111)
[2026-04-19T03:26:57.897Z WARN  network::simple_sender] Failed to connect to 10.10.1.8:5036 (retry 0): Connection refused (os error 111)
[2026-04-19T03:26:57.899Z WARN  network::simple_sender] Failed to connect to 10.10.1.8:5036 (retry 0): Connection refused (os error 111)
[2026-04-19T03:26:57.901Z INFO  worker::batch_maker] Batch 4mqR6HIW3KeYQORtF6vaWTnXIVovT59eOWCwzk2bMDg= contains sample tx 2462
[2026-04-19T03:26:57.901Z INFO  worker::batch_maker] Batch 4mqR6HIW3KeYQORtF6vaWTnXIVovT59eOWCwzk2bMDg= contains 204800 B
[2026-04-19T03:26:57.903Z WARN  network::simple_sender] Failed to connect to 10.10.1.8:5036 (retry 0): Connection refused (os error 111)
[2026-04-19T03:26:57.905Z WARN  network::simple_sender] Failed to connect to 10.10.1.8:5036 (retry 0): Connection refused (os error 111)
[2026-04-19T03:26:57.905Z WARN  network::simple_sender] Failed to connect to 10.10.1.8:5036 (retry 0): Connection refused (os error 111)
[2026-04-19T03:26:57.921Z WARN  network::simple_sender] Failed to connect to 10.10.1.8:5036 (retry 0): Connection refused (os error 111)
[2026-04-19T03:26:57.930Z WARN  network::simple_sender] Failed to connect to 10.10.1.8:5036 (retry 0): Connection refused (os error 111)
[2026-04-19T03:26:57.933Z WARN  network::simple_sender] Failed to connect to 10.10.1.8:5036 (retry 0): Connection refused (os error 111)
[2026-04-19T03:26:57.939Z WARN  network::simple_sender] Failed to connect to 10.10.1.8:5036 (retry 0): Connection refused (os error 111)
[2026-04-19T03:26:57.947Z WARN  network::simple_sender] Failed to connect to 10.10.1.8:5036 (retry 0): Connection refused (os error 111)
[2026-04-19T03:26:57.950Z WARN  network::simple_sender] Failed to connect to 10.10.1.8:5036 (retry 0): Connection refused (os error 111)
[2026-04-19T03:26:57.953Z WARN  network::simple_sender] Failed to connect to 10.10.1.8:5036 (retry 0): Connection refused (os error 111)
[2026-04-19T03:26:57.954Z INFO  worker::batch_maker] Batch HhZEdwYpB/f9erh+VJTswb4xgsu/U6BfSfgA+p7vcsk= contains sample tx 2463
[2026-04-19T03:26:57.954Z INFO  worker::batch_maker] Batch HhZEdwYpB/f9erh+VJTswb4xgsu/U6BfSfgA+p7vcsk= contains 204800 B
[2026-04-19T03:26:57.956Z WARN  network::simple_sender] Failed to connect to 10.10.1.8:5036 (retry 0): Connection refused (os error 111)
[2026-04-19T03:26:57.958Z WARN  network::simple_sender] Failed to connect to 10.10.1.8:5036 (retry 0): Connection refused (os error 111)
[2026-04-19T03:26:57.976Z WARN  network::simple_sender] Failed to connect to 10.10.1.8:5036 (retry 0): Connection refused (os error 111)
[2026-04-19T03:26:57.984Z WARN  network::simple_sender] Failed to connect to 10.10.1.8:5036 (retry 0): Connection refused (os error 111)
[2026-04-19T03:26:57.986Z WARN  network::simple_sender] Failed to connect to 10.10.1.8:5036 (retry 0): Connection refused (os error 111)
[2026-04-19T03:26:57.992Z WARN  network::simple_sender] Failed to connect to 10.10.1.8:5036 (retry 0): Connection refused (os error 111)
[2026-04-19T03:26:58.002Z WARN  network::simple_sender] Failed to connect to 10.10.1.8:5036 (retry 0): Connection refused (os error 111)
[2026-04-19T03:26:58.004Z WARN  network::simple_sender] Failed to connect to 10.10.1.8:5036 (retry 0): Connection refused (os error 111)
[2026-04-19T03:26:58.006Z WARN  network::simple_sender] Failed to connect to 10.10.1.8:5036 (retry 0): Connection refused (os error 111)
[2026-04-19T03:26:58.007Z INFO  worker::batch_maker] Batch SMxKIxQz76qXWr14tUmWSy1B//ed3ipShnD5qkUxIfI= contains sample tx 2464
[2026-04-19T03:26:58.007Z INFO  worker::batch_maker] Batch SMxKIxQz76qXWr14tUmWSy1B//ed3ipShnD5qkUxIfI= contains sample tx 2465
[2026-04-19T03:26:58.007Z INFO  worker::batch_maker] Batch SMxKIxQz76qXWr14tUmWSy1B//ed3ipShnD5qkUxIfI= contains 268288 B
[2026-04-19T03:26:58.009Z WARN  network::simple_sender] Failed to connect to 10.10.1.8:5036 (retry 0): Connection refused (os error 111)
[2026-04-19T03:26:58.013Z WARN  network::simple_sender] Failed to connect to 10.10.1.8:5036 (retry 0): Connection refused (os error 111)
[2026-04-19T03:26:58.029Z WARN  network::simple_sender] Failed to connect to 10.10.1.8:5036 (retry 0): Connection refused (os error 111)
[2026-04-19T03:26:58.037Z WARN  network::simple_sender] Failed to connect to 10.10.1.8:5036 (retry 0): Connection refused (os error 111)
[2026-04-19T03:26:58.041Z WARN  network::simple_sender] Failed to connect to 10.10.1.8:5036 (retry 0): Connection refused (os error 111)
[2026-04-19T03:26:58.043Z WARN  network::simple_sender] Failed to connect to 10.10.1.8:5036 (retry 0): Connection refused (os error 111)
[2026-04-19T03:26:58.055Z WARN  network::simple_sender] Failed to connect to 10.10.1.8:5036 (retry 0): Connection refused (os error 111)
[2026-04-19T03:26:58.057Z WARN  network::simple_sender] Failed to connect to 10.10.1.8:5036 (retry 0): Connection refused (os error 111)
[2026-04-19T03:26:58.059Z WARN  network::simple_sender] Failed to connect to 10.10.1.8:5036 (retry 0): Connection refused (os error 111)
[2026-04-19T03:26:58.061Z WARN  network::simple_sender] Failed to connect to 10.10.1.8:5036 (retry 0): Connection refused (os error 111)
[2026-04-19T03:26:58.062Z INFO  worker::batch_maker] Batch oFX7PyiCwAzezX0kogzJJtrsRXvI1Vi4QCw2N7UBK3M= contains sample tx 2466
[2026-04-19T03:26:58.062Z INFO  worker::batch_maker] Batch oFX7PyiCwAzezX0kogzJJtrsRXvI1Vi4QCw2N7UBK3M= contains 313344 B
[2026-04-19T03:26:58.068Z WARN  network::simple_sender] Failed to connect to 10.10.1.8:5036 (retry 0): Connection refused (os error 111)
[2026-04-19T03:26:58.069Z WARN  network::simple_sender] Failed to connect to 10.10.1.8:5036 (retry 0): Connection refused (os error 111)
[2026-04-19T03:26:58.082Z WARN  network::simple_sender] Failed to connect to 10.10.1.8:5036 (retry 0): Connection refused (os error 111)
[2026-04-19T03:26:58.090Z WARN  network::simple_sender] Failed to connect to 10.10.1.8:5036 (retry 0): Connection refused (os error 111)
[2026-04-19T03:26:58.094Z WARN  network::simple_sender] Failed to connect to 10.10.1.8:5036 (retry 0): Connection refused (os error 111)
[2026-04-19T03:26:58.097Z WARN  network::simple_sender] Failed to connect to 10.10.1.8:5036 (retry 0): Connection refused (os error 111)
[2026-04-19T03:26:58.109Z WARN  network::simple_sender] Failed to connect to 10.10.1.8:5036 (retry 0): Connection refused (os error 111)
[2026-04-19T03:26:58.111Z WARN  network::simple_sender] Failed to connect to 10.10.1.8:5036 (retry 0): Connection refused (os error 111)
[2026-04-19T03:26:58.114Z WARN  network::simple_sender] Failed to connect to 10.10.1.8:5036 (retry 0): Connection refused (os error 111)
[2026-04-19T03:26:58.115Z INFO  worker::batch_maker] Batch TkEkFSGS4EtHJbmo+iUfC/pzdinkzPmAStYdnRBlKFQ= contains sample tx 2467
[2026-04-19T03:26:58.115Z INFO  worker::batch_maker] Batch TkEkFSGS4EtHJbmo+iUfC/pzdinkzPmAStYdnRBlKFQ= contains 237568 B
[2026-04-19T03:26:58.118Z WARN  network::simple_sender] Failed to connect to 10.10.1.8:5036 (retry 0): Connection refused (os error 111)
[2026-04-19T03:26:58.119Z WARN  network::simple_sender] Failed to connect to 10.10.1.8:5036 (retry 0): Connection refused (os error 111)
[2026-04-19T03:26:58.126Z WARN  network::simple_sender] Failed to connect to 10.10.1.8:5036 (retry 0): Connection refused (os error 111)
[2026-04-19T03:26:58.136Z WARN  network::simple_sender] Failed to connect to 10.10.1.8:5036 (retry 0): Connection refused (os error 111)
[2026-04-19T03:26:58.143Z WARN  network::simple_sender] Failed to connect to 10.10.1.8:5036 (retry 0): Connection refused (os error 111)
[2026-04-19T03:26:58.147Z WARN  network::simple_sender] Failed to connect to 10.10.1.8:5036 (retry 0): Connection refused (os error 111)
[2026-04-19T03:26:58.150Z WARN  network::simple_sender] Failed to connect to 10.10.1.8:5036 (retry 0): Connection refused (os error 111)
[2026-04-19T03:26:58.163Z WARN  network::simple_sender] Failed to connect to 10.10.1.8:5036 (retry 0): Connection refused (os error 111)
[2026-04-19T03:26:58.164Z WARN  network::simple_sender] Failed to connect to 10.10.1.8:5036 (retry 0): Connection refused (os error 111)
[2026-04-19T03:26:58.166Z WARN  network::simple_sender] Failed to connect to 10.10.1.8:5036 (retry 0): Connection refused (os error 111)
[2026-04-19T03:26:58.168Z WARN  network::simple_sender] Failed to connect to 10.10.1.8:5036 (retry 0): Connection refused (os error 111)
[2026-04-19T03:26:58.169Z INFO  worker::batch_maker] Batch FIn2+6ZWk32G9YJveTybRF3IYZ0wpeO1wSgXFWjSU4s= contains sample tx 2468
[2026-04-19T03:26:58.169Z INFO  worker::batch_maker] Batch FIn2+6ZWk32G9YJveTybRF3IYZ0wpeO1wSgXFWjSU4s= contains 204800 B
[2026-04-19T03:26:58.173Z WARN  network::simple_sender] Failed to connect to 10.10.1.8:5036 (retry 0): Connection refused (os error 111)
[2026-04-19T03:26:58.177Z WARN  network::simple_sender] Failed to connect to 10.10.1.8:5036 (retry 0): Connection refused (os error 111)
[2026-04-19T03:26:58.190Z WARN  network::simple_sender] Failed to connect to 10.10.1.8:5036 (retry 0): Connection refused (os error 111)
[2026-04-19T03:26:58.197Z WARN  network::simple_sender] Failed to connect to 10.10.1.8:5036 (retry 0): Connection refused (os error 111)
[2026-04-19T03:26:58.200Z WARN  network::simple_sender] Failed to connect to 10.10.1.8:5036 (retry 0): Connection refused (os error 111)
[2026-04-19T03:26:58.202Z WARN  network::simple_sender] Failed to connect to 10.10.1.8:5036 (retry 0): Connection refused (os error 111)
[2026-04-19T03:26:58.217Z WARN  network::simple_sender] Failed to connect to 10.10.1.8:5036 (retry 0): Connection refused (os error 111)
[2026-04-19T03:26:58.219Z WARN  network::simple_sender] Failed to connect to 10.10.1.8:5036 (retry 0): Connection refused (os error 111)
[2026-04-19T03:26:58.221Z WARN  network::simple_sender] Failed to connect to 10.10.1.8:5036 (retry 0): Connection refused (os error 111)
[2026-04-19T03:26:58.221Z INFO  worker::batch_maker] Batch G1d+KKVuh3DJiUEj9QQGkn+zUlvMtACh2eDqM2E2ZCY= contains sample tx 2469
[2026-04-19T03:26:58.221Z INFO  worker::batch_maker] Batch G1d+KKVuh3DJiUEj9QQGkn+zUlvMtACh2eDqM2E2ZCY= contains 204800 B
[2026-04-19T03:26:58.225Z WARN  network::simple_sender] Failed to connect to 10.10.1.8:5036 (retry 0): Connection refused (os error 111)
[2026-04-19T03:26:58.228Z WARN  network::simple_sender] Failed to connect to 10.10.1.8:5036 (retry 0): Connection refused (os error 111)
[2026-04-19T03:26:58.232Z WARN  network::simple_sender] Failed to connect to 10.10.1.8:5036 (retry 0): Connection refused (os error 111)
[2026-04-19T03:26:58.243Z WARN  network::simple_sender] Failed to connect to 10.10.1.8:5036 (retry 0): Connection refused (os error 111)
[2026-04-19T03:26:58.252Z WARN  network::simple_sender] Failed to connect to 10.10.1.8:5036 (retry 0): Connection refused (os error 111)
[2026-04-19T03:26:58.254Z WARN  network::simple_sender] Failed to connect to 10.10.1.8:5036 (retry 0): Connection refused (os error 111)
[2026-04-19T03:26:58.257Z WARN  network::simple_sender] Failed to connect to 10.10.1.8:5036 (retry 0): Connection refused (os error 111)
[2026-04-19T03:26:58.270Z WARN  network::simple_sender] Failed to connect to 10.10.1.8:5036 (retry 0): Connection refused (os error 111)
[2026-04-19T03:26:58.272Z WARN  network::simple_sender] Failed to connect to 10.10.1.8:5036 (retry 0): Connection refused (os error 111)
[2026-04-19T03:26:58.274Z INFO  worker::batch_maker] Batch P2MtrFQdxsb1RWr9OaHoAVNp1Bo8K9/fijzdgy+6dFI= contains sample tx 2470
[2026-04-19T03:26:58.275Z INFO  worker::batch_maker] Batch P2MtrFQdxsb1RWr9OaHoAVNp1Bo8K9/fijzdgy+6dFI= contains 204800 B
[2026-04-19T03:26:58.276Z WARN  network::simple_sender] Failed to connect to 10.10.1.8:5036 (retry 0): Connection refused (os error 111)
[2026-04-19T03:26:58.278Z WARN  network::simple_sender] Failed to connect to 10.10.1.8:5036 (retry 0): Connection refused (os error 111)
[2026-04-19T03:26:58.278Z WARN  network::simple_sender] Failed to connect to 10.10.1.8:5036 (retry 0): Connection refused (os error 111)
[2026-04-19T03:26:58.285Z WARN  network::simple_sender] Failed to connect to 10.10.1.8:5036 (retry 0): Connection refused (os error 111)
[2026-04-19T03:26:58.297Z WARN  network::simple_sender] Failed to connect to 10.10.1.8:5036 (retry 0): Connection refused (os error 111)
[2026-04-19T03:26:58.306Z WARN  network::simple_sender] Failed to connect to 10.10.1.8:5036 (retry 0): Connection refused (os error 111)
[2026-04-19T03:26:58.308Z WARN  network::simple_sender] Failed to connect to 10.10.1.8:5036 (retry 0): Connection refused (os error 111)
[2026-04-19T03:26:58.310Z WARN  network::simple_sender] Failed to connect to 10.10.1.8:5036 (retry 0): Connection refused (os error 111)
[2026-04-19T03:26:58.322Z WARN  network::simple_sender] Failed to connect to 10.10.1.8:5036 (retry 0): Connection refused (os error 111)
[2026-04-19T03:26:58.326Z WARN  network::simple_sender] Failed to connect to 10.10.1.8:5036 (retry 0): Connection refused (os error 111)
[2026-04-19T03:26:58.327Z WARN  network::simple_sender] Failed to connect to 10.10.1.8:5036 (retry 0): Connection refused (os error 111)
[2026-04-19T03:26:58.328Z INFO  worker::batch_maker] Batch pykFRBNN4zn2fQWZOjxRnWDxQcytyQ2bDENJdaZLBY4= contains sample tx 2471
[2026-04-19T03:26:58.328Z INFO  worker::batch_maker] Batch pykFRBNN4zn2fQWZOjxRnWDxQcytyQ2bDENJdaZLBY4= contains 204800 B
[2026-04-19T03:26:58.332Z WARN  network::simple_sender] Failed to connect to 10.10.1.8:5036 (retry 0): Connection refused (os error 111)
[2026-04-19T03:26:58.332Z WARN  network::simple_sender] Failed to connect to 10.10.1.8:5036 (retry 0): Connection refused (os error 111)
[2026-04-19T03:26:58.339Z WARN  network::simple_sender] Failed to connect to 10.10.1.8:5036 (retry 0): Connection refused (os error 111)
[2026-04-19T03:26:58.351Z WARN  network::simple_sender] Failed to connect to 10.10.1.8:5036 (retry 0): Connection refused (os error 111)
[2026-04-19T03:26:58.363Z WARN  network::simple_sender] Failed to connect to 10.10.1.8:5036 (retry 0): Connection refused (os error 111)
[2026-04-19T03:26:58.364Z WARN  network::simple_sender] Failed to connect to 10.10.1.8:5036 (retry 0): Connection refused (os error 111)
[2026-04-19T03:26:58.367Z WARN  network::simple_sender] Failed to connect to 10.10.1.8:5036 (retry 0): Connection refused (os error 111)
[2026-04-19T03:26:58.376Z WARN  network::simple_sender] Failed to connect to 10.10.1.8:5036 (retry 0): Connection refused (os error 111)
[2026-04-19T03:26:58.381Z INFO  worker::batch_maker] Batch 2F4HSds+hL1m3SeK/DaSffGeHNw5ov8uPCCOzsZqLuw= contains sample tx 2472
[2026-04-19T03:26:58.473Z INFO  worker::batch_maker] Batch 2F4HSds+hL1m3SeK/DaSffGeHNw5ov8uPCCOzsZqLuw= contains 204800 B
[2026-04-19T03:26:58.475Z WARN  network::simple_sender] Failed to connect to 10.10.1.8:5036 (retry 0): Connection refused (os error 111)
[2026-04-19T03:26:58.477Z WARN  network::simple_sender] Failed to connect to 10.10.1.8:5036 (retry 0): Connection refused (os error 111)
[2026-04-19T03:26:58.481Z WARN  network::simple_sender] Failed to connect to 10.10.1.8:5036 (retry 0): Connection refused (os error 111)
[2026-04-19T03:26:58.486Z WARN  network::simple_sender] Failed to connect to 10.10.1.8:5036 (retry 0): Connection refused (os error 111)
[2026-04-19T03:26:58.488Z WARN  network::simple_sender] Failed to connect to 10.10.1.8:5036 (retry 0): Connection refused (os error 111)
[2026-04-19T03:26:58.494Z WARN  network::simple_sender] Failed to connect to 10.10.1.8:5036 (retry 0): Connection refused (os error 111)
[2026-04-19T03:26:58.497Z WARN  network::simple_sender] Failed to connect to 10.10.1.8:5036 (retry 0): Connection refused (os error 111)
[2026-04-19T03:26:58.509Z INFO  worker::batch_maker] Batch 371QD6OBO8U6qCGYSg+eDrdwnTVo06jYSscvhYSbAhY= contains sample tx 2473
[2026-04-19T03:26:58.509Z INFO  worker::batch_maker] Batch 371QD6OBO8U6qCGYSg+eDrdwnTVo06jYSscvhYSbAhY= contains sample tx 2474
[2026-04-19T03:26:58.509Z INFO  worker::batch_maker] Batch 371QD6OBO8U6qCGYSg+eDrdwnTVo06jYSscvhYSbAhY= contains sample tx 2475
[2026-04-19T03:26:58.509Z INFO  worker::batch_maker] Batch 371QD6OBO8U6qCGYSg+eDrdwnTVo06jYSscvhYSbAhY= contains 500224 B
[2026-04-19T03:26:58.521Z WARN  network::simple_sender] Failed to connect to 10.10.1.8:5036 (retry 0): Connection refused (os error 111)
[2026-04-19T03:26:58.523Z WARN  network::simple_sender] Failed to connect to 10.10.1.8:5036 (retry 0): Connection refused (os error 111)
[2026-04-19T03:26:58.525Z WARN  network::simple_sender] Failed to connect to 10.10.1.8:5036 (retry 0): Connection refused (os error 111)
[2026-04-19T03:26:58.527Z WARN  network::simple_sender] Failed to connect to 10.10.1.8:5036 (retry 0): Connection refused (os error 111)
[2026-04-19T03:26:58.530Z WARN  network::simple_sender] Failed to connect to 10.10.1.8:5036 (retry 0): Connection refused (os error 111)
[2026-04-19T03:26:58.535Z WARN  network::simple_sender] Failed to connect to 10.10.1.8:5036 (retry 0): Connection refused (os error 111)
[2026-04-19T03:26:58.540Z WARN  network::simple_sender] Failed to connect to 10.10.1.8:5036 (retry 0): Connection refused (os error 111)
[2026-04-19T03:26:58.543Z WARN  network::simple_sender] Failed to connect to 10.10.1.8:5036 (retry 0): Connection refused (os error 111)
[2026-04-19T03:26:58.547Z WARN  network::simple_sender] Failed to connect to 10.10.1.8:5036 (retry 0): Connection refused (os error 111)
[2026-04-19T03:26:58.551Z WARN  network::simple_sender] Failed to connect to 10.10.1.8:5036 (retry 0): Connection refused (os error 111)
[2026-04-19T03:26:58.565Z INFO  worker::batch_maker] Batch 68uqxxpsb0/IxdGpo9t6YSIx653rQw6RyMczCuV5Vf8= contains sample tx 2476
[2026-04-19T03:26:58.565Z INFO  worker::batch_maker] Batch 68uqxxpsb0/IxdGpo9t6YSIx653rQw6RyMczCuV5Vf8= contains 318976 B
[2026-04-19T03:26:58.569Z WARN  network::simple_sender] Failed to connect to 10.10.1.8:5036 (retry 0): Connection refused (os error 111)
[2026-04-19T03:26:58.570Z WARN  network::simple_sender] Failed to connect to 10.10.1.8:5036 (retry 0): Connection refused (os error 111)
[2026-04-19T03:26:58.577Z WARN  network::simple_sender] Failed to connect to 10.10.1.8:5036 (retry 0): Connection refused (os error 111)
[2026-04-19T03:26:58.578Z WARN  network::simple_sender] Failed to connect to 10.10.1.8:5036 (retry 0): Connection refused (os error 111)
[2026-04-19T03:26:58.581Z WARN  network::simple_sender] Failed to connect to 10.10.1.8:5036 (retry 0): Connection refused (os error 111)
[2026-04-19T03:26:58.587Z WARN  network::simple_sender] Failed to connect to 10.10.1.8:5036 (retry 0): Connection refused (os error 111)
[2026-04-19T03:26:58.589Z WARN  network::simple_sender] Failed to connect to 10.10.1.8:5036 (retry 0): Connection refused (os error 111)
[2026-04-19T03:26:58.591Z WARN  network::simple_sender] Failed to connect to 10.10.1.8:5036 (retry 0): Connection refused (os error 111)
[2026-04-19T03:26:58.600Z WARN  network::simple_sender] Failed to connect to 10.10.1.8:5036 (retry 0): Connection refused (os error 111)
[2026-04-19T03:26:58.603Z WARN  network::simple_sender] Failed to connect to 10.10.1.8:5036 (retry 0): Connection refused (os error 111)
[2026-04-19T03:26:58.619Z INFO  worker::batch_maker] Batch urAJcrDudq96+MIkjm/5UQkwjitKmxVgDVxzA7Qebtg= contains sample tx 2477
[2026-04-19T03:26:58.619Z INFO  worker::batch_maker] Batch urAJcrDudq96+MIkjm/5UQkwjitKmxVgDVxzA7Qebtg= contains 204800 B
[2026-04-19T03:26:58.621Z WARN  network::simple_sender] Failed to connect to 10.10.1.8:5036 (retry 0): Connection refused (os error 111)
[2026-04-19T03:26:58.622Z WARN  network::simple_sender] Failed to connect to 10.10.1.8:5036 (retry 0): Connection refused (os error 111)
[2026-04-19T03:26:58.628Z WARN  network::simple_sender] Failed to connect to 10.10.1.8:5036 (retry 0): Connection refused (os error 111)
[2026-04-19T03:26:58.630Z WARN  network::simple_sender] Failed to connect to 10.10.1.8:5036 (retry 0): Connection refused (os error 111)
[2026-04-19T03:26:58.632Z WARN  network::simple_sender] Failed to connect to 10.10.1.8:5036 (retry 0): Connection refused (os error 111)
[2026-04-19T03:26:58.641Z WARN  network::simple_sender] Failed to connect to 10.10.1.8:5036 (retry 0): Connection refused (os error 111)
[2026-04-19T03:26:58.645Z WARN  network::simple_sender] Failed to connect to 10.10.1.8:5036 (retry 0): Connection refused (os error 111)
[2026-04-19T03:26:58.646Z WARN  network::simple_sender] Failed to connect to 10.10.1.8:5036 (retry 0): Connection refused (os error 111)
[2026-04-19T03:26:58.656Z WARN  network::simple_sender] Failed to connect to 10.10.1.8:5036 (retry 0): Connection refused (os error 111)
[2026-04-19T03:26:58.661Z WARN  network::simple_sender] Failed to connect to 10.10.1.8:5036 (retry 0): Connection refused (os error 111)
[2026-04-19T03:26:58.672Z INFO  worker::batch_maker] Batch aGBvcu5EQ98etAiw2UEbUUsarqhXkdnXeIpYnIP+BEs= contains sample tx 2478
[2026-04-19T03:26:58.672Z INFO  worker::batch_maker] Batch aGBvcu5EQ98etAiw2UEbUUsarqhXkdnXeIpYnIP+BEs= contains 204800 B
[2026-04-19T03:26:58.675Z WARN  network::simple_sender] Failed to connect to 10.10.1.8:5036 (retry 0): Connection refused (os error 111)
[2026-04-19T03:26:58.676Z WARN  network::simple_sender] Failed to connect to 10.10.1.8:5036 (retry 0): Connection refused (os error 111)
[2026-04-19T03:26:58.679Z WARN  network::simple_sender] Failed to connect to 10.10.1.8:5036 (retry 0): Connection refused (os error 111)
[2026-04-19T03:26:58.683Z WARN  network::simple_sender] Failed to connect to 10.10.1.8:5036 (retry 0): Connection refused (os error 111)
[2026-04-19T03:26:58.684Z WARN  network::simple_sender] Failed to connect to 10.10.1.8:5036 (retry 0): Connection refused (os error 111)
[2026-04-19T03:26:58.692Z WARN  network::simple_sender] Failed to connect to 10.10.1.8:5036 (retry 0): Connection refused (os error 111)
[2026-04-19T03:26:58.697Z WARN  network::simple_sender] Failed to connect to 10.10.1.8:5036 (retry 0): Connection refused (os error 111)
[2026-04-19T03:26:58.708Z WARN  network::simple_sender] Failed to connect to 10.10.1.8:5036 (retry 0): Connection refused (os error 111)
[2026-04-19T03:26:58.718Z WARN  network::simple_sender] Failed to connect to 10.10.1.8:5036 (retry 0): Connection refused (os error 111)
[2026-04-19T03:26:58.725Z INFO  worker::batch_maker] Batch egsBB0lpg1wdKWQhq4SFFhBYxNIF3VDtQdAe3JXv+fQ= contains sample tx 2479
[2026-04-19T03:26:58.725Z INFO  worker::batch_maker] Batch egsBB0lpg1wdKWQhq4SFFhBYxNIF3VDtQdAe3JXv+fQ= contains 204800 B
[2026-04-19T03:26:58.728Z WARN  network::simple_sender] Failed to connect to 10.10.1.8:5036 (retry 0): Connection refused (os error 111)
[2026-04-19T03:26:58.729Z WARN  network::simple_sender] Failed to connect to 10.10.1.8:5036 (retry 0): Connection refused (os error 111)
[2026-04-19T03:26:58.734Z WARN  network::simple_sender] Failed to connect to 10.10.1.8:5036 (retry 0): Connection refused (os error 111)
[2026-04-19T03:26:58.736Z WARN  network::simple_sender] Failed to connect to 10.10.1.8:5036 (retry 0): Connection refused (os error 111)
[2026-04-19T03:26:58.740Z WARN  network::simple_sender] Failed to connect to 10.10.1.8:5036 (retry 0): Connection refused (os error 111)
[2026-04-19T03:26:58.748Z WARN  network::simple_sender] Failed to connect to 10.10.1.8:5036 (retry 0): Connection refused (os error 111)
[2026-04-19T03:26:58.753Z WARN  network::simple_sender] Failed to connect to 10.10.1.8:5036 (retry 0): Connection refused (os error 111)
[2026-04-19T03:26:58.761Z WARN  network::simple_sender] Failed to connect to 10.10.1.8:5036 (retry 0): Connection refused (os error 111)
[2026-04-19T03:26:58.768Z WARN  network::simple_sender] Failed to connect to 10.10.1.8:5036 (retry 0): Connection refused (os error 111)
[2026-04-19T03:26:58.777Z INFO  worker::batch_maker] Batch rYKCmXuMeFWzblbtBlRdCJMHsM0tXPB1BQdihzDBIrE= contains sample tx 2480
[2026-04-19T03:26:58.777Z INFO  worker::batch_maker] Batch rYKCmXuMeFWzblbtBlRdCJMHsM0tXPB1BQdihzDBIrE= contains 204800 B
[2026-04-19T03:26:58.780Z WARN  network::simple_sender] Failed to connect to 10.10.1.8:5036 (retry 0): Connection refused (os error 111)
[2026-04-19T03:26:58.782Z WARN  network::simple_sender] Failed to connect to 10.10.1.8:5036 (retry 0): Connection refused (os error 111)
[2026-04-19T03:26:58.786Z WARN  network::simple_sender] Failed to connect to 10.10.1.8:5036 (retry 0): Connection refused (os error 111)
[2026-04-19T03:26:58.788Z WARN  network::simple_sender] Failed to connect to 10.10.1.8:5036 (retry 0): Connection refused (os error 111)
[2026-04-19T03:26:58.791Z WARN  network::simple_sender] Failed to connect to 10.10.1.8:5036 (retry 0): Connection refused (os error 111)
[2026-04-19T03:26:58.800Z WARN  network::simple_sender] Failed to connect to 10.10.1.8:5036 (retry 0): Connection refused (os error 111)
[2026-04-19T03:26:58.806Z WARN  network::simple_sender] Failed to connect to 10.10.1.8:5036 (retry 0): Connection refused (os error 111)
[2026-04-19T03:26:58.816Z WARN  network::simple_sender] Failed to connect to 10.10.1.8:5036 (retry 0): Connection refused (os error 111)
[2026-04-19T03:26:58.822Z WARN  network::simple_sender] Failed to connect to 10.10.1.8:5036 (retry 0): Connection refused (os error 111)
[2026-04-19T03:26:58.822Z WARN  network::simple_sender] Failed to connect to 10.10.1.8:5036 (retry 0): Connection refused (os error 111)
[2026-04-19T03:26:58.830Z INFO  worker::batch_maker] Batch 8hg8W0vjFLICSml7ctHfOL3ZTb9FFbhIevRryg5CDpk= contains sample tx 2481
[2026-04-19T03:26:58.830Z INFO  worker::batch_maker] Batch 8hg8W0vjFLICSml7ctHfOL3ZTb9FFbhIevRryg5CDpk= contains 204800 B
[2026-04-19T03:26:58.833Z WARN  network::simple_sender] Failed to connect to 10.10.1.8:5036 (retry 0): Connection refused (os error 111)
[2026-04-19T03:26:58.834Z WARN  network::simple_sender] Failed to connect to 10.10.1.8:5036 (retry 0): Connection refused (os error 111)
[2026-04-19T03:26:58.840Z WARN  network::simple_sender] Failed to connect to 10.10.1.8:5036 (retry 0): Connection refused (os error 111)
[2026-04-19T03:26:58.842Z WARN  network::simple_sender] Failed to connect to 10.10.1.8:5036 (retry 0): Connection refused (os error 111)
[2026-04-19T03:26:58.844Z WARN  network::simple_sender] Failed to connect to 10.10.1.8:5036 (retry 0): Connection refused (os error 111)
[2026-04-19T03:26:58.852Z WARN  network::simple_sender] Failed to connect to 10.10.1.8:5036 (retry 0): Connection refused (os error 111)
[2026-04-19T03:26:58.863Z WARN  network::simple_sender] Failed to connect to 10.10.1.8:5036 (retry 0): Connection refused (os error 111)
[2026-04-19T03:26:58.870Z WARN  network::simple_sender] Failed to connect to 10.10.1.8:5036 (retry 0): Connection refused (os error 111)
[2026-04-19T03:26:58.871Z WARN  network::simple_sender] Failed to connect to 10.10.1.8:5036 (retry 0): Connection refused (os error 111)
[2026-04-19T03:26:58.873Z WARN  network::simple_sender] Failed to connect to 10.10.1.8:5036 (retry 0): Connection refused (os error 111)
[2026-04-19T03:26:58.882Z INFO  worker::batch_maker] Batch LpbenhwX71q8EH2Xs5ttc1XiM78qctBtfQj1DBmfDME= contains sample tx 2482
[2026-04-19T03:26:58.882Z INFO  worker::batch_maker] Batch LpbenhwX71q8EH2Xs5ttc1XiM78qctBtfQj1DBmfDME= contains 204800 B
[2026-04-19T03:26:58.886Z WARN  network::simple_sender] Failed to connect to 10.10.1.8:5036 (retry 0): Connection refused (os error 111)
[2026-04-19T03:26:58.887Z WARN  network::simple_sender] Failed to connect to 10.10.1.8:5036 (retry 0): Connection refused (os error 111)
[2026-04-19T03:26:58.895Z WARN  network::simple_sender] Failed to connect to 10.10.1.8:5036 (retry 0): Connection refused (os error 111)
[2026-04-19T03:26:58.897Z WARN  network::simple_sender] Failed to connect to 10.10.1.8:5036 (retry 0): Connection refused (os error 111)
[2026-04-19T03:26:58.899Z WARN  network::simple_sender] Failed to connect to 10.10.1.8:5036 (retry 0): Connection refused (os error 111)
[2026-04-19T03:26:58.904Z WARN  network::simple_sender] Failed to connect to 10.10.1.8:5036 (retry 0): Connection refused (os error 111)
[2026-04-19T03:26:58.914Z WARN  network::simple_sender] Failed to connect to 10.10.1.8:5036 (retry 0): Connection refused (os error 111)
[2026-04-19T03:26:58.918Z WARN  network::simple_sender] Failed to connect to 10.10.1.8:5036 (retry 0): Connection refused (os error 111)
[2026-04-19T03:26:58.924Z WARN  network::simple_sender] Failed to connect to 10.10.1.8:5036 (retry 0): Connection refused (os error 111)
[2026-04-19T03:26:58.927Z WARN  network::simple_sender] Failed to connect to 10.10.1.8:5036 (retry 0): Connection refused (os error 111)
[2026-04-19T03:26:58.934Z INFO  worker::batch_maker] Batch 0XAwqDVX7CVRHsyV3BcKWHaz7J140bgQHG+WmgqbiWE= contains sample tx 2483
[2026-04-19T03:26:58.934Z INFO  worker::batch_maker] Batch 0XAwqDVX7CVRHsyV3BcKWHaz7J140bgQHG+WmgqbiWE= contains 204800 B
[2026-04-19T03:26:58.937Z WARN  network::simple_sender] Failed to connect to 10.10.1.8:5036 (retry 0): Connection refused (os error 111)
[2026-04-19T03:26:58.938Z WARN  network::simple_sender] Failed to connect to 10.10.1.8:5036 (retry 0): Connection refused (os error 111)
[2026-04-19T03:26:58.950Z WARN  network::simple_sender] Failed to connect to 10.10.1.8:5036 (retry 0): Connection refused (os error 111)
[2026-04-19T03:26:58.951Z WARN  network::simple_sender] Failed to connect to 10.10.1.8:5036 (retry 0): Connection refused (os error 111)
[2026-04-19T03:26:58.952Z WARN  network::simple_sender] Failed to connect to 10.10.1.8:5036 (retry 0): Connection refused (os error 111)
[2026-04-19T03:26:58.957Z WARN  network::simple_sender] Failed to connect to 10.10.1.8:5036 (retry 0): Connection refused (os error 111)
[2026-04-19T03:26:58.970Z WARN  network::simple_sender] Failed to connect to 10.10.1.8:5036 (retry 0): Connection refused (os error 111)
[2026-04-19T03:26:58.977Z WARN  network::simple_sender] Failed to connect to 10.10.1.8:5036 (retry 0): Connection refused (os error 111)
[2026-04-19T03:26:58.980Z WARN  network::simple_sender] Failed to connect to 10.10.1.8:5036 (retry 0): Connection refused (os error 111)
[2026-04-19T03:26:58.982Z WARN  network::simple_sender] Failed to connect to 10.10.1.8:5036 (retry 0): Connection refused (os error 111)
[2026-04-19T03:26:58.988Z INFO  worker::batch_maker] Batch KpW5z6ExpRoG+dh7ABTm6Wma7NkiuKg/zlKzrQSqa+o= contains sample tx 2484
[2026-04-19T03:26:58.988Z INFO  worker::batch_maker] Batch KpW5z6ExpRoG+dh7ABTm6Wma7NkiuKg/zlKzrQSqa+o= contains 204800 B
[2026-04-19T03:26:58.991Z WARN  network::simple_sender] Failed to connect to 10.10.1.8:5036 (retry 0): Connection refused (os error 111)
[2026-04-19T03:26:58.992Z WARN  network::simple_sender] Failed to connect to 10.10.1.8:5036 (retry 0): Connection refused (os error 111)
[2026-04-19T03:26:59.002Z WARN  network::simple_sender] Failed to connect to 10.10.1.8:5036 (retry 0): Connection refused (os error 111)
[2026-04-19T03:26:59.005Z WARN  network::simple_sender] Failed to connect to 10.10.1.8:5036 (retry 0): Connection refused (os error 111)
[2026-04-19T03:26:59.007Z WARN  network::simple_sender] Failed to connect to 10.10.1.8:5036 (retry 0): Connection refused (os error 111)
[2026-04-19T03:26:59.011Z WARN  network::simple_sender] Failed to connect to 10.10.1.8:5036 (retry 0): Connection refused (os error 111)
[2026-04-19T03:26:59.024Z WARN  network::simple_sender] Failed to connect to 10.10.1.8:5036 (retry 0): Connection refused (os error 111)
[2026-04-19T03:26:59.026Z WARN  network::simple_sender] Failed to connect to 10.10.1.8:5036 (retry 0): Connection refused (os error 111)
[2026-04-19T03:26:59.030Z WARN  network::simple_sender] Failed to connect to 10.10.1.8:5036 (retry 0): Connection refused (os error 111)
[2026-04-19T03:26:59.036Z WARN  network::simple_sender] Failed to connect to 10.10.1.8:5036 (retry 0): Connection refused (os error 111)
[2026-04-19T03:26:59.040Z INFO  worker::batch_maker] Batch 4nieMINy+pM/Blkh3wHmCCtY4YvUWpSUU+x03htO90w= contains sample tx 2485
[2026-04-19T03:26:59.041Z INFO  worker::batch_maker] Batch 4nieMINy+pM/Blkh3wHmCCtY4YvUWpSUU+x03htO90w= contains 204800 B
[2026-04-19T03:26:59.043Z WARN  network::simple_sender] Failed to connect to 10.10.1.8:5036 (retry 0): Connection refused (os error 111)
[2026-04-19T03:26:59.046Z WARN  network::simple_sender] Failed to connect to 10.10.1.8:5036 (retry 0): Connection refused (os error 111)
[2026-04-19T03:26:59.059Z WARN  network::simple_sender] Failed to connect to 10.10.1.8:5036 (retry 0): Connection refused (os error 111)
[2026-04-19T03:26:59.061Z WARN  network::simple_sender] Failed to connect to 10.10.1.8:5036 (retry 0): Connection refused (os error 111)
[2026-04-19T03:26:59.064Z WARN  network::simple_sender] Failed to connect to 10.10.1.8:5036 (retry 0): Connection refused (os error 111)
[2026-04-19T03:26:59.066Z WARN  network::simple_sender] Failed to connect to 10.10.1.8:5036 (retry 0): Connection refused (os error 111)
[2026-04-19T03:26:59.075Z WARN  network::simple_sender] Failed to connect to 10.10.1.8:5036 (retry 0): Connection refused (os error 111)
[2026-04-19T03:26:59.078Z WARN  network::simple_sender] Failed to connect to 10.10.1.8:5036 (retry 0): Connection refused (os error 111)
[2026-04-19T03:26:59.083Z WARN  network::simple_sender] Failed to connect to 10.10.1.8:5036 (retry 0): Connection refused (os error 111)
[2026-04-19T03:26:59.089Z WARN  network::simple_sender] Failed to connect to 10.10.1.8:5036 (retry 0): Connection refused (os error 111)
[2026-04-19T03:26:59.094Z INFO  worker::batch_maker] Batch mPIkGjrK72wdCwQBPjiYChFYvV7jOoWVWxEfYcX0cKQ= contains sample tx 2486
[2026-04-19T03:26:59.094Z INFO  worker::batch_maker] Batch mPIkGjrK72wdCwQBPjiYChFYvV7jOoWVWxEfYcX0cKQ= contains 204800 B
[2026-04-19T03:26:59.098Z WARN  network::simple_sender] Failed to connect to 10.10.1.8:5036 (retry 0): Connection refused (os error 111)
[2026-04-19T03:26:59.099Z WARN  network::simple_sender] Failed to connect to 10.10.1.8:5036 (retry 0): Connection refused (os error 111)
[2026-04-19T03:26:59.108Z WARN  network::simple_sender] Failed to connect to 10.10.1.8:5036 (retry 0): Connection refused (os error 111)
[2026-04-19T03:26:59.111Z WARN  network::simple_sender] Failed to connect to 10.10.1.8:5036 (retry 0): Connection refused (os error 111)
[2026-04-19T03:26:59.117Z WARN  network::simple_sender] Failed to connect to 10.10.1.8:5036 (retry 0): Connection refused (os error 111)
[2026-04-19T03:26:59.120Z WARN  network::simple_sender] Failed to connect to 10.10.1.8:5036 (retry 0): Connection refused (os error 111)
[2026-04-19T03:26:59.130Z WARN  network::simple_sender] Failed to connect to 10.10.1.8:5036 (retry 0): Connection refused (os error 111)
[2026-04-19T03:26:59.137Z WARN  network::simple_sender] Failed to connect to 10.10.1.8:5036 (retry 0): Connection refused (os error 111)
[2026-04-19T03:26:59.138Z WARN  network::simple_sender] Failed to connect to 10.10.1.8:5036 (retry 0): Connection refused (os error 111)
[2026-04-19T03:26:59.143Z WARN  network::simple_sender] Failed to connect to 10.10.1.8:5036 (retry 0): Connection refused (os error 111)
[2026-04-19T03:26:59.148Z INFO  worker::batch_maker] Batch lgoOSrp5NJ2EpxX0xz3bshQ5yPBW177j//H8pPLgkto= contains sample tx 2487
[2026-04-19T03:26:59.148Z INFO  worker::batch_maker] Batch lgoOSrp5NJ2EpxX0xz3bshQ5yPBW177j//H8pPLgkto= contains 204800 B
[2026-04-19T03:26:59.152Z WARN  network::simple_sender] Failed to connect to 10.10.1.8:5036 (retry 0): Connection refused (os error 111)
[2026-04-19T03:26:59.152Z WARN  network::simple_sender] Failed to connect to 10.10.1.8:5036 (retry 0): Connection refused (os error 111)
[2026-04-19T03:26:59.159Z WARN  network::simple_sender] Failed to connect to 10.10.1.8:5036 (retry 0): Connection refused (os error 111)
[2026-04-19T03:26:59.164Z WARN  network::simple_sender] Failed to connect to 10.10.1.8:5036 (retry 0): Connection refused (os error 111)
[2026-04-19T03:26:59.168Z WARN  network::simple_sender] Failed to connect to 10.10.1.8:5036 (retry 0): Connection refused (os error 111)
[2026-04-19T03:26:59.172Z WARN  network::simple_sender] Failed to connect to 10.10.1.8:5036 (retry 0): Connection refused (os error 111)
[2026-04-19T03:26:59.182Z WARN  network::simple_sender] Failed to connect to 10.10.1.8:5036 (retry 0): Connection refused (os error 111)
[2026-04-19T03:26:59.186Z WARN  network::simple_sender] Failed to connect to 10.10.1.8:5036 (retry 0): Connection refused (os error 111)
[2026-04-19T03:26:59.190Z WARN  network::simple_sender] Failed to connect to 10.10.1.8:5036 (retry 0): Connection refused (os error 111)
[2026-04-19T03:26:59.197Z WARN  network::simple_sender] Failed to connect to 10.10.1.8:5036 (retry 0): Connection refused (os error 111)
[2026-04-19T03:26:59.201Z INFO  worker::batch_maker] Batch 4BIx6TvXRvTyWUD+1wlfmRud6DufMQZ397jhICpsaHY= contains sample tx 2488
[2026-04-19T03:26:59.201Z INFO  worker::batch_maker] Batch 4BIx6TvXRvTyWUD+1wlfmRud6DufMQZ397jhICpsaHY= contains 204800 B
[2026-04-19T03:26:59.205Z WARN  network::simple_sender] Failed to connect to 10.10.1.8:5036 (retry 0): Connection refused (os error 111)
[2026-04-19T03:26:59.213Z WARN  network::simple_sender] Failed to connect to 10.10.1.8:5036 (retry 0): Connection refused (os error 111)
[2026-04-19T03:26:59.217Z WARN  network::simple_sender] Failed to connect to 10.10.1.8:5036 (retry 0): Connection refused (os error 111)
[2026-04-19T03:26:59.223Z WARN  network::simple_sender] Failed to connect to 10.10.1.8:5036 (retry 0): Connection refused (os error 111)
[2026-04-19T03:26:59.225Z WARN  network::simple_sender] Failed to connect to 10.10.1.8:5036 (retry 0): Connection refused (os error 111)
[2026-04-19T03:26:59.238Z WARN  network::simple_sender] Failed to connect to 10.10.1.8:5036 (retry 0): Connection refused (os error 111)
[2026-04-19T03:26:59.241Z WARN  network::simple_sender] Failed to connect to 10.10.1.8:5036 (retry 0): Connection refused (os error 111)
[2026-04-19T03:26:59.243Z WARN  network::simple_sender] Failed to connect to 10.10.1.8:5036 (retry 0): Connection refused (os error 111)
[2026-04-19T03:26:59.251Z WARN  network::simple_sender] Failed to connect to 10.10.1.8:5036 (retry 0): Connection refused (os error 111)
[2026-04-19T03:26:59.253Z INFO  worker::batch_maker] Batch oFMwCupxp8rQ1uuGdp/xhwOVavi6YUFM5Ep0Vv7O7Kw= contains sample tx 2489
[2026-04-19T03:26:59.253Z INFO  worker::batch_maker] Batch oFMwCupxp8rQ1uuGdp/xhwOVavi6YUFM5Ep0Vv7O7Kw= contains 217088 B
[2026-04-19T03:26:59.257Z WARN  network::simple_sender] Failed to connect to 10.10.1.8:5036 (retry 0): Connection refused (os error 111)
[2026-04-19T03:26:59.258Z WARN  network::simple_sender] Failed to connect to 10.10.1.8:5036 (retry 0): Connection refused (os error 111)
[2026-04-19T03:26:59.267Z WARN  network::simple_sender] Failed to connect to 10.10.1.8:5036 (retry 0): Connection refused (os error 111)
[2026-04-19T03:26:59.275Z WARN  network::simple_sender] Failed to connect to 10.10.1.8:5036 (retry 0): Connection refused (os error 111)
[2026-04-19T03:26:59.276Z WARN  network::simple_sender] Failed to connect to 10.10.1.8:5036 (retry 0): Connection refused (os error 111)
[2026-04-19T03:26:59.279Z WARN  network::simple_sender] Failed to connect to 10.10.1.8:5036 (retry 0): Connection refused (os error 111)
[2026-04-19T03:26:59.291Z WARN  network::simple_sender] Failed to connect to 10.10.1.8:5036 (retry 0): Connection refused (os error 111)
[2026-04-19T03:26:59.294Z WARN  network::simple_sender] Failed to connect to 10.10.1.8:5036 (retry 0): Connection refused (os error 111)
[2026-04-19T03:26:59.299Z WARN  network::simple_sender] Failed to connect to 10.10.1.8:5036 (retry 0): Connection refused (os error 111)
[2026-04-19T03:26:59.305Z WARN  network::simple_sender] Failed to connect to 10.10.1.8:5036 (retry 0): Connection refused (os error 111)
[2026-04-19T03:26:59.308Z INFO  worker::batch_maker] Batch VcCQm+uJdwjxtDNojvYIbHZnUBhAptr4+2WecM7jBSc= contains sample tx 2490
[2026-04-19T03:26:59.308Z INFO  worker::batch_maker] Batch VcCQm+uJdwjxtDNojvYIbHZnUBhAptr4+2WecM7jBSc= contains sample tx 2491
[2026-04-19T03:26:59.308Z INFO  worker::batch_maker] Batch VcCQm+uJdwjxtDNojvYIbHZnUBhAptr4+2WecM7jBSc= contains 270848 B
[2026-04-19T03:26:59.312Z WARN  network::simple_sender] Failed to connect to 10.10.1.8:5036 (retry 0): Connection refused (os error 111)
[2026-04-19T03:26:59.313Z WARN  network::simple_sender] Failed to connect to 10.10.1.8:5036 (retry 0): Connection refused (os error 111)
[2026-04-19T03:26:59.319Z WARN  network::simple_sender] Failed to connect to 10.10.1.8:5036 (retry 0): Connection refused (os error 111)
[2026-04-19T03:26:59.327Z WARN  network::simple_sender] Failed to connect to 10.10.1.8:5036 (retry 0): Connection refused (os error 111)
[2026-04-19T03:26:59.329Z WARN  network::simple_sender] Failed to connect to 10.10.1.8:5036 (retry 0): Connection refused (os error 111)
[2026-04-19T03:26:59.330Z WARN  network::simple_sender] Failed to connect to 10.10.1.8:5036 (retry 0): Connection refused (os error 111)
[2026-04-19T03:26:59.345Z WARN  network::simple_sender] Failed to connect to 10.10.1.8:5036 (retry 0): Connection refused (os error 111)
[2026-04-19T03:26:59.347Z WARN  network::simple_sender] Failed to connect to 10.10.1.8:5036 (retry 0): Connection refused (os error 111)
[2026-04-19T03:26:59.352Z WARN  network::simple_sender] Failed to connect to 10.10.1.8:5036 (retry 0): Connection refused (os error 111)
[2026-04-19T03:26:59.357Z WARN  network::simple_sender] Failed to connect to 10.10.1.8:5036 (retry 0): Connection refused (os error 111)
[2026-04-19T03:26:59.361Z INFO  worker::batch_maker] Batch MvaHCCRVL/0+2ygSX9fsoj/KFLrUVGe7apSbVA9sQr8= contains sample tx 2492
[2026-04-19T03:26:59.361Z INFO  worker::batch_maker] Batch MvaHCCRVL/0+2ygSX9fsoj/KFLrUVGe7apSbVA9sQr8= contains 331264 B
[2026-04-19T03:26:59.368Z WARN  network::simple_sender] Failed to connect to 10.10.1.8:5036 (retry 0): Connection refused (os error 111)
[2026-04-19T03:26:59.368Z WARN  network::simple_sender] Failed to connect to 10.10.1.8:5036 (retry 0): Connection refused (os error 111)
[2026-04-19T03:26:59.372Z WARN  network::simple_sender] Failed to connect to 10.10.1.8:5036 (retry 0): Connection refused (os error 111)
[2026-04-19T03:26:59.381Z WARN  network::simple_sender] Failed to connect to 10.10.1.8:5036 (retry 0): Connection refused (os error 111)
[2026-04-19T03:26:59.383Z WARN  network::simple_sender] Failed to connect to 10.10.1.8:5036 (retry 0): Connection refused (os error 111)
[2026-04-19T03:26:59.385Z WARN  network::simple_sender] Failed to connect to 10.10.1.8:5036 (retry 0): Connection refused (os error 111)
[2026-04-19T03:26:59.397Z WARN  network::simple_sender] Failed to connect to 10.10.1.8:5036 (retry 0): Connection refused (os error 111)
[2026-04-19T03:26:59.400Z WARN  network::simple_sender] Failed to connect to 10.10.1.8:5036 (retry 0): Connection refused (os error 111)
[2026-04-19T03:26:59.405Z WARN  network::simple_sender] Failed to connect to 10.10.1.8:5036 (retry 0): Connection refused (os error 111)
[2026-04-19T03:26:59.412Z WARN  network::simple_sender] Failed to connect to 10.10.1.8:5036 (retry 0): Connection refused (os error 111)
[2026-04-19T03:26:59.414Z INFO  worker::batch_maker] Batch uzGoUXtEnbshD78bdDASf0HtzEIJ78PH98eS6Wa8KZM= contains sample tx 2493
[2026-04-19T03:26:59.414Z INFO  worker::batch_maker] Batch uzGoUXtEnbshD78bdDASf0HtzEIJ78PH98eS6Wa8KZM= contains 204800 B
[2026-04-19T03:26:59.418Z WARN  network::simple_sender] Failed to connect to 10.10.1.8:5036 (retry 0): Connection refused (os error 111)
[2026-04-19T03:26:59.418Z WARN  network::simple_sender] Failed to connect to 10.10.1.8:5036 (retry 0): Connection refused (os error 111)
[2026-04-19T03:26:59.425Z WARN  network::simple_sender] Failed to connect to 10.10.1.8:5036 (retry 0): Connection refused (os error 111)
[2026-04-19T03:26:59.434Z WARN  network::simple_sender] Failed to connect to 10.10.1.8:5036 (retry 0): Connection refused (os error 111)
[2026-04-19T03:26:59.436Z WARN  network::simple_sender] Failed to connect to 10.10.1.8:5036 (retry 0): Connection refused (os error 111)
[2026-04-19T03:26:59.437Z WARN  network::simple_sender] Failed to connect to 10.10.1.8:5036 (retry 0): Connection refused (os error 111)
[2026-04-19T03:26:59.451Z WARN  network::simple_sender] Failed to connect to 10.10.1.8:5036 (retry 0): Connection refused (os error 111)
[2026-04-19T03:26:59.455Z WARN  network::simple_sender] Failed to connect to 10.10.1.8:5036 (retry 0): Connection refused (os error 111)
[2026-04-19T03:26:59.461Z WARN  network::simple_sender] Failed to connect to 10.10.1.8:5036 (retry 0): Connection refused (os error 111)
[2026-04-19T03:26:59.467Z INFO  worker::batch_maker] Batch /A9O4tU5W2c3wcKAd+d+cLYwMdP73vz9c9gSZvnlOWU= contains sample tx 2494
[2026-04-19T03:26:59.467Z INFO  worker::batch_maker] Batch /A9O4tU5W2c3wcKAd+d+cLYwMdP73vz9c9gSZvnlOWU= contains 204800 B
[2026-04-19T03:26:59.471Z WARN  network::simple_sender] Failed to connect to 10.10.1.8:5036 (retry 0): Connection refused (os error 111)
[2026-04-19T03:26:59.473Z WARN  network::simple_sender] Failed to connect to 10.10.1.8:5036 (retry 0): Connection refused (os error 111)
[2026-04-19T03:26:59.476Z WARN  network::simple_sender] Failed to connect to 10.10.1.8:5036 (retry 0): Connection refused (os error 111)
[2026-04-19T03:26:59.480Z WARN  network::simple_sender] Failed to connect to 10.10.1.8:5036 (retry 0): Connection refused (os error 111)
[2026-04-19T03:26:59.486Z WARN  network::simple_sender] Failed to connect to 10.10.1.8:5036 (retry 0): Connection refused (os error 111)
[2026-04-19T03:26:59.488Z WARN  network::simple_sender] Failed to connect to 10.10.1.8:5036 (retry 0): Connection refused (os error 111)
[2026-04-19T03:26:59.490Z WARN  network::simple_sender] Failed to connect to 10.10.1.8:5036 (retry 0): Connection refused (os error 111)
[2026-04-19T03:26:59.506Z WARN  network::simple_sender] Failed to connect to 10.10.1.8:5036 (retry 0): Connection refused (os error 111)
[2026-04-19T03:26:59.508Z WARN  network::simple_sender] Failed to connect to 10.10.1.8:5036 (retry 0): Connection refused (os error 111)
[2026-04-19T03:26:59.516Z WARN  network::simple_sender] Failed to connect to 10.10.1.8:5036 (retry 0): Connection refused (os error 111)
[2026-04-19T03:26:59.519Z INFO  worker::batch_maker] Batch 2N3Uns0gvq0Xmdrrzp6bLeJAPLN09wvzkMVJy3IdUd8= contains sample tx 2495
[2026-04-19T03:26:59.519Z INFO  worker::batch_maker] Batch 2N3Uns0gvq0Xmdrrzp6bLeJAPLN09wvzkMVJy3IdUd8= contains 204800 B
[2026-04-19T03:26:59.520Z WARN  network::simple_sender] Failed to connect to 10.10.1.8:5036 (retry 0): Connection refused (os error 111)
[2026-04-19T03:26:59.525Z WARN  network::simple_sender] Failed to connect to 10.10.1.8:5036 (retry 0): Connection refused (os error 111)
[2026-04-19T03:26:59.526Z WARN  network::simple_sender] Failed to connect to 10.10.1.8:5036 (retry 0): Connection refused (os error 111)
[2026-04-19T03:26:59.530Z WARN  network::simple_sender] Failed to connect to 10.10.1.8:5036 (retry 0): Connection refused (os error 111)
[2026-04-19T03:26:59.538Z WARN  network::simple_sender] Failed to connect to 10.10.1.8:5036 (retry 0): Connection refused (os error 111)
[2026-04-19T03:26:59.540Z WARN  network::simple_sender] Failed to connect to 10.10.1.8:5036 (retry 0): Connection refused (os error 111)
[2026-04-19T03:26:59.542Z WARN  network::simple_sender] Failed to connect to 10.10.1.8:5036 (retry 0): Connection refused (os error 111)
[2026-04-19T03:26:59.559Z WARN  network::simple_sender] Failed to connect to 10.10.1.8:5036 (retry 0): Connection refused (os error 111)
[2026-04-19T03:26:59.564Z WARN  network::simple_sender] Failed to connect to 10.10.1.8:5036 (retry 0): Connection refused (os error 111)
[2026-04-19T03:26:59.571Z INFO  worker::batch_maker] Batch O7MZrk8ASsA7/7AQFPYc4jOc/5uyFZce1Gi9erdUcik= contains sample tx 2496
[2026-04-19T03:26:59.571Z INFO  worker::batch_maker] Batch O7MZrk8ASsA7/7AQFPYc4jOc/5uyFZce1Gi9erdUcik= contains 204800 B
[2026-04-19T03:26:59.573Z WARN  network::simple_sender] Failed to connect to 10.10.1.8:5036 (retry 0): Connection refused (os error 111)
[2026-04-19T03:26:59.574Z WARN  network::simple_sender] Failed to connect to 10.10.1.8:5036 (retry 0): Connection refused (os error 111)
[2026-04-19T03:26:59.575Z WARN  network::simple_sender] Failed to connect to 10.10.1.8:5036 (retry 0): Connection refused (os error 111)
[2026-04-19T03:26:59.576Z WARN  network::simple_sender] Failed to connect to 10.10.1.8:5036 (retry 0): Connection refused (os error 111)
[2026-04-19T03:26:59.582Z WARN  network::simple_sender] Failed to connect to 10.10.1.8:5036 (retry 0): Connection refused (os error 111)
[2026-04-19T03:26:59.591Z WARN  network::simple_sender] Failed to connect to 10.10.1.8:5036 (retry 0): Connection refused (os error 111)
[2026-04-19T03:26:59.593Z WARN  network::simple_sender] Failed to connect to 10.10.1.8:5036 (retry 0): Connection refused (os error 111)
[2026-04-19T03:26:59.595Z WARN  network::simple_sender] Failed to connect to 10.10.1.8:5036 (retry 0): Connection refused (os error 111)
[2026-04-19T03:26:59.616Z WARN  network::simple_sender] Failed to connect to 10.10.1.8:5036 (retry 0): Connection refused (os error 111)
[2026-04-19T03:26:59.618Z WARN  network::simple_sender] Failed to connect to 10.10.1.8:5036 (retry 0): Connection refused (os error 111)
[2026-04-19T03:26:59.623Z INFO  worker::batch_maker] Batch CvqX+w99M5fQFC7Old5OK3THTmnkolN6PsaF28T+P2I= contains sample tx 2497
[2026-04-19T03:26:59.623Z INFO  worker::batch_maker] Batch CvqX+w99M5fQFC7Old5OK3THTmnkolN6PsaF28T+P2I= contains 204800 B
[2026-04-19T03:26:59.627Z WARN  network::simple_sender] Failed to connect to 10.10.1.8:5036 (retry 0): Connection refused (os error 111)
[2026-04-19T03:26:59.628Z WARN  network::simple_sender] Failed to connect to 10.10.1.8:5036 (retry 0): Connection refused (os error 111)
[2026-04-19T03:26:59.630Z WARN  network::simple_sender] Failed to connect to 10.10.1.8:5036 (retry 0): Connection refused (os error 111)
[2026-04-19T03:26:59.632Z WARN  network::simple_sender] Failed to connect to 10.10.1.8:5036 (retry 0): Connection refused (os error 111)
[2026-04-19T03:26:59.635Z WARN  network::simple_sender] Failed to connect to 10.10.1.8:5036 (retry 0): Connection refused (os error 111)
[2026-04-19T03:26:59.643Z WARN  network::simple_sender] Failed to connect to 10.10.1.8:5036 (retry 0): Connection refused (os error 111)
[2026-04-19T03:26:59.645Z WARN  network::simple_sender] Failed to connect to 10.10.1.8:5036 (retry 0): Connection refused (os error 111)
[2026-04-19T03:26:59.647Z WARN  network::simple_sender] Failed to connect to 10.10.1.8:5036 (retry 0): Connection refused (os error 111)
[2026-04-19T03:26:59.669Z WARN  network::simple_sender] Failed to connect to 10.10.1.8:5036 (retry 0): Connection refused (os error 111)
[2026-04-19T03:26:59.674Z WARN  network::simple_sender] Failed to connect to 10.10.1.8:5036 (retry 0): Connection refused (os error 111)
[2026-04-19T03:26:59.677Z INFO  worker::batch_maker] Batch h7EX+0ZdAUwK7he5JwHcyIRpWO90a1qarB4RKRKA6W8= contains sample tx 2498
[2026-04-19T03:26:59.677Z INFO  worker::batch_maker] Batch h7EX+0ZdAUwK7he5JwHcyIRpWO90a1qarB4RKRKA6W8= contains 204800 B
[2026-04-19T03:26:59.678Z WARN  network::simple_sender] Failed to connect to 10.10.1.8:5036 (retry 0): Connection refused (os error 111)
[2026-04-19T03:26:59.681Z WARN  network::simple_sender] Failed to connect to 10.10.1.8:5036 (retry 0): Connection refused (os error 111)
[2026-04-19T03:26:59.682Z WARN  network::simple_sender] Failed to connect to 10.10.1.8:5036 (retry 0): Connection refused (os error 111)
[2026-04-19T03:26:59.684Z WARN  network::simple_sender] Failed to connect to 10.10.1.8:5036 (retry 0): Connection refused (os error 111)
[2026-04-19T03:26:59.687Z WARN  network::simple_sender] Failed to connect to 10.10.1.8:5036 (retry 0): Connection refused (os error 111)
[2026-04-19T03:26:59.698Z WARN  network::simple_sender] Failed to connect to 10.10.1.8:5036 (retry 0): Connection refused (os error 111)
[2026-04-19T03:26:59.699Z WARN  network::simple_sender] Failed to connect to 10.10.1.8:5036 (retry 0): Connection refused (os error 111)
[2026-04-19T03:26:59.701Z WARN  network::simple_sender] Failed to connect to 10.10.1.8:5036 (retry 0): Connection refused (os error 111)
[2026-04-19T03:26:59.724Z WARN  network::simple_sender] Failed to connect to 10.10.1.8:5036 (retry 0): Connection refused (os error 111)
[2026-04-19T03:26:59.726Z WARN  network::simple_sender] Failed to connect to 10.10.1.8:5036 (retry 0): Connection refused (os error 111)
[2026-04-19T03:26:59.731Z INFO  worker::batch_maker] Batch j9ai3g/a5GlkmzWoqCZSYF9mtQL8moygR3b+sYPKSW4= contains sample tx 2499
[2026-04-19T03:26:59.731Z INFO  worker::batch_maker] Batch j9ai3g/a5GlkmzWoqCZSYF9mtQL8moygR3b+sYPKSW4= contains 204800 B
[2026-04-19T03:26:59.735Z WARN  network::simple_sender] Failed to connect to 10.10.1.8:5036 (retry 0): Connection refused (os error 111)
[2026-04-19T03:26:59.736Z WARN  network::simple_sender] Failed to connect to 10.10.1.8:5036 (retry 0): Connection refused (os error 111)
[2026-04-19T03:26:59.737Z WARN  network::simple_sender] Failed to connect to 10.10.1.8:5036 (retry 0): Connection refused (os error 111)
[2026-04-19T03:26:59.739Z WARN  network::simple_sender] Failed to connect to 10.10.1.8:5036 (retry 0): Connection refused (os error 111)
[2026-04-19T03:26:59.741Z WARN  network::simple_sender] Failed to connect to 10.10.1.8:5036 (retry 0): Connection refused (os error 111)
[2026-04-19T03:26:59.752Z WARN  network::simple_sender] Failed to connect to 10.10.1.8:5036 (retry 0): Connection refused (os error 111)
[2026-04-19T03:26:59.753Z WARN  network::simple_sender] Failed to connect to 10.10.1.8:5036 (retry 0): Connection refused (os error 111)
[2026-04-19T03:26:59.755Z WARN  network::simple_sender] Failed to connect to 10.10.1.8:5036 (retry 0): Connection refused (os error 111)
[2026-04-19T03:26:59.777Z WARN  network::simple_sender] Failed to connect to 10.10.1.8:5036 (retry 0): Connection refused (os error 111)
[2026-04-19T03:26:59.779Z WARN  network::simple_sender] Failed to connect to 10.10.1.8:5036 (retry 0): Connection refused (os error 111)
[2026-04-19T03:26:59.785Z INFO  worker::batch_maker] Batch h3ddaI5QpEjJgBsF1lX7BJFnMr15l0QgjZLALBTHzmM= contains sample tx 2500
[2026-04-19T03:26:59.785Z INFO  worker::batch_maker] Batch h3ddaI5QpEjJgBsF1lX7BJFnMr15l0QgjZLALBTHzmM= contains 204800 B
[2026-04-19T03:26:59.786Z WARN  network::simple_sender] Failed to connect to 10.10.1.8:5036 (retry 0): Connection refused (os error 111)
[2026-04-19T03:26:59.788Z WARN  network::simple_sender] Failed to connect to 10.10.1.8:5036 (retry 0): Connection refused (os error 111)
[2026-04-19T03:26:59.789Z WARN  network::simple_sender] Failed to connect to 10.10.1.8:5036 (retry 0): Connection refused (os error 111)
[2026-04-19T03:26:59.791Z WARN  network::simple_sender] Failed to connect to 10.10.1.8:5036 (retry 0): Connection refused (os error 111)
[2026-04-19T03:26:59.793Z WARN  network::simple_sender] Failed to connect to 10.10.1.8:5036 (retry 0): Connection refused (os error 111)
[2026-04-19T03:26:59.805Z WARN  network::simple_sender] Failed to connect to 10.10.1.8:5036 (retry 0): Connection refused (os error 111)
[2026-04-19T03:26:59.807Z WARN  network::simple_sender] Failed to connect to 10.10.1.8:5036 (retry 0): Connection refused (os error 111)
[2026-04-19T03:26:59.809Z WARN  network::simple_sender] Failed to connect to 10.10.1.8:5036 (retry 0): Connection refused (os error 111)
[2026-04-19T03:26:59.832Z WARN  network::simple_sender] Failed to connect to 10.10.1.8:5036 (retry 0): Connection refused (os error 111)
[2026-04-19T03:26:59.834Z WARN  network::simple_sender] Failed to connect to 10.10.1.8:5036 (retry 0): Connection refused (os error 111)
[2026-04-19T03:26:59.838Z INFO  worker::batch_maker] Batch MJglXIfTsmv+CMgzEcB34Uq75ZSQcnvmYNWIy59R24I= contains sample tx 2501
[2026-04-19T03:26:59.838Z INFO  worker::batch_maker] Batch MJglXIfTsmv+CMgzEcB34Uq75ZSQcnvmYNWIy59R24I= contains 204800 B
[2026-04-19T03:26:59.841Z WARN  network::simple_sender] Failed to connect to 10.10.1.8:5036 (retry 0): Connection refused (os error 111)
[2026-04-19T03:26:59.843Z WARN  network::simple_sender] Failed to connect to 10.10.1.8:5036 (retry 0): Connection refused (os error 111)
[2026-04-19T03:26:59.845Z WARN  network::simple_sender] Failed to connect to 10.10.1.8:5036 (retry 0): Connection refused (os error 111)
[2026-04-19T03:26:59.846Z WARN  network::simple_sender] Failed to connect to 10.10.1.8:5036 (retry 0): Connection refused (os error 111)
[2026-04-19T03:26:59.858Z WARN  network::simple_sender] Failed to connect to 10.10.1.8:5036 (retry 0): Connection refused (os error 111)
[2026-04-19T03:26:59.859Z WARN  network::simple_sender] Failed to connect to 10.10.1.8:5036 (retry 0): Connection refused (os error 111)
[2026-04-19T03:26:59.860Z WARN  network::simple_sender] Failed to connect to 10.10.1.8:5036 (retry 0): Connection refused (os error 111)
[2026-04-19T03:26:59.885Z WARN  network::simple_sender] Failed to connect to 10.10.1.8:5036 (retry 0): Connection refused (os error 111)
[2026-04-19T03:26:59.889Z WARN  network::simple_sender] Failed to connect to 10.10.1.8:5036 (retry 0): Connection refused (os error 111)
[2026-04-19T03:26:59.892Z INFO  worker::batch_maker] Batch OLeRDWmDOqaDmNWXwPgz5yHHHr9q87ezMV0Bg0lGFwE= contains sample tx 2502
[2026-04-19T03:26:59.892Z INFO  worker::batch_maker] Batch OLeRDWmDOqaDmNWXwPgz5yHHHr9q87ezMV0Bg0lGFwE= contains 204800 B
[2026-04-19T03:26:59.895Z WARN  network::simple_sender] Failed to connect to 10.10.1.8:5036 (retry 0): Connection refused (os error 111)
[2026-04-19T03:26:59.896Z WARN  network::simple_sender] Failed to connect to 10.10.1.8:5036 (retry 0): Connection refused (os error 111)
[2026-04-19T03:26:59.898Z WARN  network::simple_sender] Failed to connect to 10.10.1.8:5036 (retry 0): Connection refused (os error 111)
[2026-04-19T03:26:59.902Z WARN  network::simple_sender] Failed to connect to 10.10.1.8:5036 (retry 0): Connection refused (os error 111)
[2026-04-19T03:26:59.905Z WARN  network::simple_sender] Failed to connect to 10.10.1.8:5036 (retry 0): Connection refused (os error 111)
[2026-04-19T03:26:59.912Z WARN  network::simple_sender] Failed to connect to 10.10.1.8:5036 (retry 0): Connection refused (os error 111)
[2026-04-19T03:26:59.914Z WARN  network::simple_sender] Failed to connect to 10.10.1.8:5036 (retry 0): Connection refused (os error 111)
[2026-04-19T03:26:59.917Z WARN  network::simple_sender] Failed to connect to 10.10.1.8:5036 (retry 0): Connection refused (os error 111)
[2026-04-19T03:26:59.939Z WARN  network::simple_sender] Failed to connect to 10.10.1.8:5036 (retry 0): Connection refused (os error 111)
[2026-04-19T03:26:59.942Z WARN  network::simple_sender] Failed to connect to 10.10.1.8:5036 (retry 0): Connection refused (os error 111)
[2026-04-19T03:26:59.945Z INFO  worker::batch_maker] Batch pv0MOyv1KnVHiu73UvHlmZugBVC2348PHWL6ZRxGeK0= contains sample tx 2503
[2026-04-19T03:26:59.945Z INFO  worker::batch_maker] Batch pv0MOyv1KnVHiu73UvHlmZugBVC2348PHWL6ZRxGeK0= contains 204800 B
[2026-04-19T03:26:59.948Z WARN  network::simple_sender] Failed to connect to 10.10.1.8:5036 (retry 0): Connection refused (os error 111)
[2026-04-19T03:26:59.949Z WARN  network::simple_sender] Failed to connect to 10.10.1.8:5036 (retry 0): Connection refused (os error 111)
[2026-04-19T03:26:59.951Z WARN  network::simple_sender] Failed to connect to 10.10.1.8:5036 (retry 0): Connection refused (os error 111)
[2026-04-19T03:26:59.953Z WARN  network::simple_sender] Failed to connect to 10.10.1.8:5036 (retry 0): Connection refused (os error 111)
[2026-04-19T03:26:59.968Z WARN  network::simple_sender] Failed to connect to 10.10.1.8:5036 (retry 0): Connection refused (os error 111)
[2026-04-19T03:26:59.970Z WARN  network::simple_sender] Failed to connect to 10.10.1.8:5036 (retry 0): Connection refused (os error 111)
[2026-04-19T03:26:59.973Z WARN  network::simple_sender] Failed to connect to 10.10.1.8:5036 (retry 0): Connection refused (os error 111)
[2026-04-19T03:26:59.993Z WARN  network::simple_sender] Failed to connect to 10.10.1.8:5036 (retry 0): Connection refused (os error 111)
[2026-04-19T03:26:59.995Z WARN  network::simple_sender] Failed to connect to 10.10.1.8:5036 (retry 0): Connection refused (os error 111)
[2026-04-19T03:26:59.999Z WARN  network::simple_sender] Failed to connect to 10.10.1.8:5036 (retry 0): Connection refused (os error 111)
[2026-04-19T03:26:59.999Z INFO  worker::batch_maker] Batch JQOTGTWrYzCUJMm3LTdaklxmyejsNSpKnyZdBUSnHA4= contains sample tx 2504
[2026-04-19T03:26:59.999Z INFO  worker::batch_maker] Batch JQOTGTWrYzCUJMm3LTdaklxmyejsNSpKnyZdBUSnHA4= contains 204800 B
[2026-04-19T03:27:00.003Z WARN  network::simple_sender] Failed to connect to 10.10.1.8:5036 (retry 0): Connection refused (os error 111)
[2026-04-19T03:27:00.004Z WARN  network::simple_sender] Failed to connect to 10.10.1.8:5036 (retry 0): Connection refused (os error 111)
[2026-04-19T03:27:00.005Z WARN  network::simple_sender] Failed to connect to 10.10.1.8:5036 (retry 0): Connection refused (os error 111)
[2026-04-19T03:27:00.007Z WARN  network::simple_sender] Failed to connect to 10.10.1.8:5036 (retry 0): Connection refused (os error 111)
[2026-04-19T03:27:00.019Z WARN  network::simple_sender] Failed to connect to 10.10.1.8:5036 (retry 0): Connection refused (os error 111)
[2026-04-19T03:27:00.021Z WARN  network::simple_sender] Failed to connect to 10.10.1.8:5036 (retry 0): Connection refused (os error 111)
[2026-04-19T03:27:00.024Z WARN  network::simple_sender] Failed to connect to 10.10.1.8:5036 (retry 0): Connection refused (os error 111)
[2026-04-19T03:27:00.045Z WARN  network::simple_sender] Failed to connect to 10.10.1.8:5036 (retry 0): Connection refused (os error 111)
[2026-04-19T03:27:00.049Z WARN  network::simple_sender] Failed to connect to 10.10.1.8:5036 (retry 0): Connection refused (os error 111)
[2026-04-19T03:27:00.052Z WARN  network::simple_sender] Failed to connect to 10.10.1.8:5036 (retry 0): Connection refused (os error 111)
[2026-04-19T03:27:00.053Z INFO  worker::batch_maker] Batch KXtbQx9nZzBTCN9oYgpxse8TsIkKGdpWLMa2qYl0Sqk= contains sample tx 2505
[2026-04-19T03:27:00.053Z INFO  worker::batch_maker] Batch KXtbQx9nZzBTCN9oYgpxse8TsIkKGdpWLMa2qYl0Sqk= contains 204800 B
[2026-04-19T03:27:00.056Z WARN  network::simple_sender] Failed to connect to 10.10.1.8:5036 (retry 0): Connection refused (os error 111)
[2026-04-19T03:27:00.057Z WARN  network::simple_sender] Failed to connect to 10.10.1.8:5036 (retry 0): Connection refused (os error 111)
[2026-04-19T03:27:00.058Z WARN  network::simple_sender] Failed to connect to 10.10.1.8:5036 (retry 0): Connection refused (os error 111)
[2026-04-19T03:27:00.059Z WARN  network::simple_sender] Failed to connect to 10.10.1.8:5036 (retry 0): Connection refused (os error 111)
[2026-04-19T03:27:00.075Z WARN  network::simple_sender] Failed to connect to 10.10.1.8:5036 (retry 0): Connection refused (os error 111)
[2026-04-19T03:27:00.077Z WARN  network::simple_sender] Failed to connect to 10.10.1.8:5036 (retry 0): Connection refused (os error 111)
[2026-04-19T03:27:00.080Z WARN  network::simple_sender] Failed to connect to 10.10.1.8:5036 (retry 0): Connection refused (os error 111)
[2026-04-19T03:27:00.098Z WARN  network::simple_sender] Failed to connect to 10.10.1.8:5036 (retry 0): Connection refused (os error 111)
[2026-04-19T03:27:00.102Z WARN  network::simple_sender] Failed to connect to 10.10.1.8:5036 (retry 0): Connection refused (os error 111)
[2026-04-19T03:27:00.104Z WARN  network::simple_sender] Failed to connect to 10.10.1.8:5036 (retry 0): Connection refused (os error 111)
[2026-04-19T03:27:00.107Z INFO  worker::batch_maker] Batch 0pwa39POG2FOZH1GMFzfYkyTr7fI1qPuPKNjV4R8ba8= contains sample tx 2506
[2026-04-19T03:27:00.107Z INFO  worker::batch_maker] Batch 0pwa39POG2FOZH1GMFzfYkyTr7fI1qPuPKNjV4R8ba8= contains 230400 B
[2026-04-19T03:27:00.109Z WARN  network::simple_sender] Failed to connect to 10.10.1.8:5036 (retry 0): Connection refused (os error 111)
[2026-04-19T03:27:00.111Z WARN  network::simple_sender] Failed to connect to 10.10.1.8:5036 (retry 0): Connection refused (os error 111)
[2026-04-19T03:27:00.112Z WARN  network::simple_sender] Failed to connect to 10.10.1.8:5036 (retry 0): Connection refused (os error 111)
[2026-04-19T03:27:00.115Z WARN  network::simple_sender] Failed to connect to 10.10.1.8:5036 (retry 0): Connection refused (os error 111)
[2026-04-19T03:27:00.127Z WARN  network::simple_sender] Failed to connect to 10.10.1.8:5036 (retry 0): Connection refused (os error 111)
[2026-04-19T03:27:00.129Z WARN  network::simple_sender] Failed to connect to 10.10.1.8:5036 (retry 0): Connection refused (os error 111)
[2026-04-19T03:27:00.131Z WARN  network::simple_sender] Failed to connect to 10.10.1.8:5036 (retry 0): Connection refused (os error 111)
[2026-04-19T03:27:00.152Z WARN  network::simple_sender] Failed to connect to 10.10.1.8:5036 (retry 0): Connection refused (os error 111)
[2026-04-19T03:27:00.155Z WARN  network::simple_sender] Failed to connect to 10.10.1.8:5036 (retry 0): Connection refused (os error 111)
[2026-04-19T03:27:00.161Z WARN  network::simple_sender] Failed to connect to 10.10.1.8:5036 (retry 0): Connection refused (os error 111)
[2026-04-19T03:27:00.162Z INFO  worker::batch_maker] Batch 6IQ44VcJ/KjUYAV4W663cQop+pSE+5GU6T20FJxK0zA= contains sample tx 2507
[2026-04-19T03:27:00.162Z INFO  worker::batch_maker] Batch 6IQ44VcJ/KjUYAV4W663cQop+pSE+5GU6T20FJxK0zA= contains sample tx 2508
[2026-04-19T03:27:00.162Z INFO  worker::batch_maker] Batch 6IQ44VcJ/KjUYAV4W663cQop+pSE+5GU6T20FJxK0zA= contains 268800 B
[2026-04-19T03:27:00.163Z WARN  network::simple_sender] Failed to connect to 10.10.1.8:5036 (retry 0): Connection refused (os error 111)
[2026-04-19T03:27:00.168Z WARN  network::simple_sender] Failed to connect to 10.10.1.8:5036 (retry 0): Connection refused (os error 111)
[2026-04-19T03:27:00.168Z WARN  network::simple_sender] Failed to connect to 10.10.1.8:5036 (retry 0): Connection refused (os error 111)
[2026-04-19T03:27:00.169Z WARN  network::simple_sender] Failed to connect to 10.10.1.8:5036 (retry 0): Connection refused (os error 111)
[2026-04-19T03:27:00.180Z WARN  network::simple_sender] Failed to connect to 10.10.1.8:5036 (retry 0): Connection refused (os error 111)
[2026-04-19T03:27:00.182Z WARN  network::simple_sender] Failed to connect to 10.10.1.8:5036 (retry 0): Connection refused (os error 111)
[2026-04-19T03:27:00.184Z WARN  network::simple_sender] Failed to connect to 10.10.1.8:5036 (retry 0): Connection refused (os error 111)
[2026-04-19T03:27:00.208Z WARN  network::simple_sender] Failed to connect to 10.10.1.8:5036 (retry 0): Connection refused (os error 111)
[2026-04-19T03:27:00.210Z WARN  network::simple_sender] Failed to connect to 10.10.1.8:5036 (retry 0): Connection refused (os error 111)
[2026-04-19T03:27:00.214Z WARN  network::simple_sender] Failed to connect to 10.10.1.8:5036 (retry 0): Connection refused (os error 111)
[2026-04-19T03:27:00.216Z INFO  worker::batch_maker] Batch +zxz9koL7MDSv7AW8FOz7HLbcAcBW81F/sE7HHNphXw= contains sample tx 2509
[2026-04-19T03:27:00.216Z INFO  worker::batch_maker] Batch +zxz9koL7MDSv7AW8FOz7HLbcAcBW81F/sE7HHNphXw= contains 320000 B
[2026-04-19T03:27:00.217Z WARN  network::simple_sender] Failed to connect to 10.10.1.8:5036 (retry 0): Connection refused (os error 111)
[2026-04-19T03:27:00.222Z WARN  network::simple_sender] Failed to connect to 10.10.1.8:5036 (retry 0): Connection refused (os error 111)
[2026-04-19T03:27:00.222Z WARN  network::simple_sender] Failed to connect to 10.10.1.8:5036 (retry 0): Connection refused (os error 111)
[2026-04-19T03:27:00.225Z WARN  network::simple_sender] Failed to connect to 10.10.1.8:5036 (retry 0): Connection refused (os error 111)
[2026-04-19T03:27:00.233Z WARN  network::simple_sender] Failed to connect to 10.10.1.8:5036 (retry 0): Connection refused (os error 111)
[2026-04-19T03:27:00.235Z WARN  network::simple_sender] Failed to connect to 10.10.1.8:5036 (retry 0): Connection refused (os error 111)
[2026-04-19T03:27:00.237Z WARN  network::simple_sender] Failed to connect to 10.10.1.8:5036 (retry 0): Connection refused (os error 111)
[2026-04-19T03:27:00.264Z WARN  network::simple_sender] Failed to connect to 10.10.1.8:5036 (retry 0): Connection refused (os error 111)
[2026-04-19T03:27:00.266Z WARN  network::simple_sender] Failed to connect to 10.10.1.8:5036 (retry 0): Connection refused (os error 111)
[2026-04-19T03:27:00.268Z WARN  network::simple_sender] Failed to connect to 10.10.1.8:5036 (retry 0): Connection refused (os error 111)
[2026-04-19T03:27:00.270Z WARN  network::simple_sender] Failed to connect to 10.10.1.8:5036 (retry 0): Connection refused (os error 111)
[2026-04-19T03:27:00.270Z INFO  worker::batch_maker] Batch 4xR5jGtRIFiDNd4Wx2zJ27BXfIgfWTuieHkNL+sI20k= contains sample tx 2510
[2026-04-19T03:27:00.270Z INFO  worker::batch_maker] Batch 4xR5jGtRIFiDNd4Wx2zJ27BXfIgfWTuieHkNL+sI20k= contains 204800 B
[2026-04-19T03:27:00.274Z WARN  network::simple_sender] Failed to connect to 10.10.1.8:5036 (retry 0): Connection refused (os error 111)
[2026-04-19T03:27:00.277Z WARN  network::simple_sender] Failed to connect to 10.10.1.8:5036 (retry 0): Connection refused (os error 111)
[2026-04-19T03:27:00.279Z WARN  network::simple_sender] Failed to connect to 10.10.1.8:5036 (retry 0): Connection refused (os error 111)
[2026-04-19T03:27:00.286Z WARN  network::simple_sender] Failed to connect to 10.10.1.8:5036 (retry 0): Connection refused (os error 111)
[2026-04-19T03:27:00.288Z WARN  network::simple_sender] Failed to connect to 10.10.1.8:5036 (retry 0): Connection refused (os error 111)
[2026-04-19T03:27:00.289Z WARN  network::simple_sender] Failed to connect to 10.10.1.8:5036 (retry 0): Connection refused (os error 111)
[2026-04-19T03:27:00.312Z WARN  network::simple_sender] Failed to connect to 10.10.1.8:5036 (retry 0): Connection refused (os error 111)
[2026-04-19T03:27:00.316Z WARN  network::simple_sender] Failed to connect to 10.10.1.8:5036 (retry 0): Connection refused (os error 111)
[2026-04-19T03:27:00.321Z WARN  network::simple_sender] Failed to connect to 10.10.1.8:5036 (retry 0): Connection refused (os error 111)
[2026-04-19T03:27:00.322Z INFO  worker::batch_maker] Batch Y0Vt1T5iU+IOun7gBl80p+yBYQNcEpDDQ76JH4fiyZ0= contains sample tx 2511
[2026-04-19T03:27:00.322Z INFO  worker::batch_maker] Batch Y0Vt1T5iU+IOun7gBl80p+yBYQNcEpDDQ76JH4fiyZ0= contains 204800 B
[2026-04-19T03:27:00.323Z WARN  network::simple_sender] Failed to connect to 10.10.1.8:5036 (retry 0): Connection refused (os error 111)
[2026-04-19T03:27:00.325Z WARN  network::simple_sender] Failed to connect to 10.10.1.8:5036 (retry 0): Connection refused (os error 111)
[2026-04-19T03:27:00.326Z WARN  network::simple_sender] Failed to connect to 10.10.1.8:5036 (retry 0): Connection refused (os error 111)
[2026-04-19T03:27:00.326Z WARN  network::simple_sender] Failed to connect to 10.10.1.8:5036 (retry 0): Connection refused (os error 111)
[2026-04-19T03:27:00.338Z WARN  network::simple_sender] Failed to connect to 10.10.1.8:5036 (retry 0): Connection refused (os error 111)
[2026-04-19T03:27:00.340Z WARN  network::simple_sender] Failed to connect to 10.10.1.8:5036 (retry 0): Connection refused (os error 111)
[2026-04-19T03:27:00.341Z WARN  network::simple_sender] Failed to connect to 10.10.1.8:5036 (retry 0): Connection refused (os error 111)
[2026-04-19T03:27:00.366Z WARN  network::simple_sender] Failed to connect to 10.10.1.8:5036 (retry 0): Connection refused (os error 111)
[2026-04-19T03:27:00.374Z WARN  network::simple_sender] Failed to connect to 10.10.1.8:5036 (retry 0): Connection refused (os error 111)
[2026-04-19T03:27:00.375Z WARN  network::simple_sender] Failed to connect to 10.10.1.8:5036 (retry 0): Connection refused (os error 111)
[2026-04-19T03:27:00.376Z INFO  worker::batch_maker] Batch RrsC/iZD/TYg2unDqtVgrvx1j5JFoDVT6ybUH1z4tBg= contains sample tx 2512
[2026-04-19T03:27:00.377Z INFO  worker::batch_maker] Batch RrsC/iZD/TYg2unDqtVgrvx1j5JFoDVT6ybUH1z4tBg= contains 204800 B
[2026-04-19T03:27:00.379Z WARN  network::simple_sender] Failed to connect to 10.10.1.8:5036 (retry 0): Connection refused (os error 111)
[2026-04-19T03:27:00.381Z WARN  network::simple_sender] Failed to connect to 10.10.1.8:5036 (retry 0): Connection refused (os error 111)
[2026-04-19T03:27:00.381Z WARN  network::simple_sender] Failed to connect to 10.10.1.8:5036 (retry 0): Connection refused (os error 111)
[2026-04-19T03:27:00.387Z WARN  network::simple_sender] Failed to connect to 10.10.1.8:5036 (retry 0): Connection refused (os error 111)
[2026-04-19T03:27:00.389Z WARN  network::simple_sender] Failed to connect to 10.10.1.8:5036 (retry 0): Connection refused (os error 111)
[2026-04-19T03:27:00.391Z WARN  network::simple_sender] Failed to connect to 10.10.1.8:5036 (retry 0): Connection refused (os error 111)
[2026-04-19T03:27:00.394Z WARN  network::simple_sender] Failed to connect to 10.10.1.8:5036 (retry 0): Connection refused (os error 111)
[2026-04-19T03:27:00.421Z WARN  network::simple_sender] Failed to connect to 10.10.1.8:5036 (retry 0): Connection refused (os error 111)
[2026-04-19T03:27:00.424Z WARN  network::simple_sender] Failed to connect to 10.10.1.8:5036 (retry 0): Connection refused (os error 111)
[2026-04-19T03:27:00.427Z WARN  network::simple_sender] Failed to connect to 10.10.1.8:5036 (retry 0): Connection refused (os error 111)
[2026-04-19T03:27:00.429Z WARN  network::simple_sender] Failed to connect to 10.10.1.8:5036 (retry 0): Connection refused (os error 111)
[2026-04-19T03:27:00.431Z INFO  worker::batch_maker] Batch ybnPHdVInIvIvNCLEFGB44N+RYQOxxfNk1wT3H939hI= contains sample tx 2513
[2026-04-19T03:27:00.431Z INFO  worker::batch_maker] Batch ybnPHdVInIvIvNCLEFGB44N+RYQOxxfNk1wT3H939hI= contains 204800 B
[2026-04-19T03:27:00.434Z WARN  network::simple_sender] Failed to connect to 10.10.1.8:5036 (retry 0): Connection refused (os error 111)
[2026-04-19T03:27:00.435Z WARN  network::simple_sender] Failed to connect to 10.10.1.8:5036 (retry 0): Connection refused (os error 111)
[2026-04-19T03:27:00.436Z WARN  network::simple_sender] Failed to connect to 10.10.1.8:5036 (retry 0): Connection refused (os error 111)
[2026-04-19T03:27:00.442Z WARN  network::simple_sender] Failed to connect to 10.10.1.8:5036 (retry 0): Connection refused (os error 111)
[2026-04-19T03:27:00.444Z WARN  network::simple_sender] Failed to connect to 10.10.1.8:5036 (retry 0): Connection refused (os error 111)
[2026-04-19T03:27:00.444Z WARN  network::simple_sender] Failed to connect to 10.10.1.8:5036 (retry 0): Connection refused (os error 111)
[2026-04-19T03:27:00.472Z WARN  network::simple_sender] Failed to connect to 10.10.1.8:5036 (retry 0): Connection refused (os error 111)
[2026-04-19T03:27:00.478Z WARN  network::simple_sender] Failed to connect to 10.10.1.8:5036 (retry 0): Connection refused (os error 111)
[2026-04-19T03:27:00.480Z WARN  network::simple_sender] Failed to connect to 10.10.1.8:5036 (retry 0): Connection refused (os error 111)
[2026-04-19T03:27:00.482Z WARN  network::simple_sender] Failed to connect to 10.10.1.8:5036 (retry 0): Connection refused (os error 111)
[2026-04-19T03:27:00.482Z INFO  worker::batch_maker] Batch 1G0yFQ8VcDDDHmCL21eEeil4JQZCUK2+hDe3Zn9Kk9I= contains sample tx 2514
[2026-04-19T03:27:00.482Z INFO  worker::batch_maker] Batch 1G0yFQ8VcDDDHmCL21eEeil4JQZCUK2+hDe3Zn9Kk9I= contains 204800 B
[2026-04-19T03:27:00.486Z WARN  network::simple_sender] Failed to connect to 10.10.1.8:5036 (retry 0): Connection refused (os error 111)
[2026-04-19T03:27:00.488Z WARN  network::simple_sender] Failed to connect to 10.10.1.8:5036 (retry 0): Connection refused (os error 111)
[2026-04-19T03:27:00.490Z WARN  network::simple_sender] Failed to connect to 10.10.1.8:5036 (retry 0): Connection refused (os error 111)
[2026-04-19T03:27:00.494Z WARN  network::simple_sender] Failed to connect to 10.10.1.8:5036 (retry 0): Connection refused (os error 111)
[2026-04-19T03:27:00.495Z WARN  network::simple_sender] Failed to connect to 10.10.1.8:5036 (retry 0): Connection refused (os error 111)
[2026-04-19T03:27:00.501Z WARN  network::simple_sender] Failed to connect to 10.10.1.8:5036 (retry 0): Connection refused (os error 111)
[2026-04-19T03:27:00.527Z WARN  network::simple_sender] Failed to connect to 10.10.1.8:5036 (retry 0): Connection refused (os error 111)
[2026-04-19T03:27:00.533Z WARN  network::simple_sender] Failed to connect to 10.10.1.8:5036 (retry 0): Connection refused (os error 111)
[2026-04-19T03:27:00.535Z WARN  network::simple_sender] Failed to connect to 10.10.1.8:5036 (retry 0): Connection refused (os error 111)
[2026-04-19T03:27:00.536Z INFO  worker::batch_maker] Batch esqK69uBVC5Bp116dT5D+5MKOwVu8ZQUxaf/nqCP1o4= contains sample tx 2515
[2026-04-19T03:27:00.536Z INFO  worker::batch_maker] Batch esqK69uBVC5Bp116dT5D+5MKOwVu8ZQUxaf/nqCP1o4= contains 204800 B
[2026-04-19T03:27:00.538Z WARN  network::simple_sender] Failed to connect to 10.10.1.8:5036 (retry 0): Connection refused (os error 111)
[2026-04-19T03:27:00.540Z WARN  network::simple_sender] Failed to connect to 10.10.1.8:5036 (retry 0): Connection refused (os error 111)
[2026-04-19T03:27:00.544Z WARN  network::simple_sender] Failed to connect to 10.10.1.8:5036 (retry 0): Connection refused (os error 111)
[2026-04-19T03:27:00.546Z WARN  network::simple_sender] Failed to connect to 10.10.1.8:5036 (retry 0): Connection refused (os error 111)
[2026-04-19T03:27:00.547Z WARN  network::simple_sender] Failed to connect to 10.10.1.8:5036 (retry 0): Connection refused (os error 111)
[2026-04-19T03:27:00.554Z WARN  network::simple_sender] Failed to connect to 10.10.1.8:5036 (retry 0): Connection refused (os error 111)
[2026-04-19T03:27:00.581Z WARN  network::simple_sender] Failed to connect to 10.10.1.8:5036 (retry 0): Connection refused (os error 111)
[2026-04-19T03:27:00.586Z WARN  network::simple_sender] Failed to connect to 10.10.1.8:5036 (retry 0): Connection refused (os error 111)
[2026-04-19T03:27:00.588Z WARN  network::simple_sender] Failed to connect to 10.10.1.8:5036 (retry 0): Connection refused (os error 111)
[2026-04-19T03:27:00.589Z INFO  worker::batch_maker] Batch OcuVVI0lzUm3kZwmujUz+PIVpHFHuYpD2I0TeYv0Ji4= contains sample tx 2516
[2026-04-19T03:27:00.589Z INFO  worker::batch_maker] Batch OcuVVI0lzUm3kZwmujUz+PIVpHFHuYpD2I0TeYv0Ji4= contains 204800 B
[2026-04-19T03:27:00.591Z WARN  network::simple_sender] Failed to connect to 10.10.1.8:5036 (retry 0): Connection refused (os error 111)
[2026-04-19T03:27:00.595Z WARN  network::simple_sender] Failed to connect to 10.10.1.8:5036 (retry 0): Connection refused (os error 111)
[2026-04-19T03:27:00.598Z WARN  network::simple_sender] Failed to connect to 10.10.1.8:5036 (retry 0): Connection refused (os error 111)
[2026-04-19T03:27:00.601Z WARN  network::simple_sender] Failed to connect to 10.10.1.8:5036 (retry 0): Connection refused (os error 111)
[2026-04-19T03:27:00.603Z WARN  network::simple_sender] Failed to connect to 10.10.1.8:5036 (retry 0): Connection refused (os error 111)
[2026-04-19T03:27:00.607Z WARN  network::simple_sender] Failed to connect to 10.10.1.8:5036 (retry 0): Connection refused (os error 111)
[2026-04-19T03:27:00.634Z WARN  network::simple_sender] Failed to connect to 10.10.1.8:5036 (retry 0): Connection refused (os error 111)
[2026-04-19T03:27:00.640Z WARN  network::simple_sender] Failed to connect to 10.10.1.8:5036 (retry 0): Connection refused (os error 111)
[2026-04-19T03:27:00.643Z INFO  worker::batch_maker] Batch 1JR/TUAqGcDblHf3uSEdvwoUblxTO7VFTTsWN2GHHTU= contains sample tx 2517
[2026-04-19T03:27:00.643Z INFO  worker::batch_maker] Batch 1JR/TUAqGcDblHf3uSEdvwoUblxTO7VFTTsWN2GHHTU= contains 204800 B
[2026-04-19T03:27:00.643Z WARN  network::simple_sender] Failed to connect to 10.10.1.8:5036 (retry 0): Connection refused (os error 111)
[2026-04-19T03:27:00.646Z WARN  network::simple_sender] Failed to connect to 10.10.1.8:5036 (retry 0): Connection refused (os error 111)
[2026-04-19T03:27:00.647Z WARN  network::simple_sender] Failed to connect to 10.10.1.8:5036 (retry 0): Connection refused (os error 111)
[2026-04-19T03:27:00.649Z WARN  network::simple_sender] Failed to connect to 10.10.1.8:5036 (retry 0): Connection refused (os error 111)
[2026-04-19T03:27:00.652Z WARN  network::simple_sender] Failed to connect to 10.10.1.8:5036 (retry 0): Connection refused (os error 111)
[2026-04-19T03:27:00.655Z WARN  network::simple_sender] Failed to connect to 10.10.1.8:5036 (retry 0): Connection refused (os error 111)
[2026-04-19T03:27:00.657Z WARN  network::simple_sender] Failed to connect to 10.10.1.8:5036 (retry 0): Connection refused (os error 111)
[2026-04-19T03:27:00.660Z WARN  network::simple_sender] Failed to connect to 10.10.1.8:5036 (retry 0): Connection refused (os error 111)
[2026-04-19T03:27:00.686Z WARN  network::simple_sender] Failed to connect to 10.10.1.8:5036 (retry 0): Connection refused (os error 111)
[2026-04-19T03:27:00.692Z WARN  network::simple_sender] Failed to connect to 10.10.1.8:5036 (retry 0): Connection refused (os error 111)
[2026-04-19T03:27:00.694Z WARN  network::simple_sender] Failed to connect to 10.10.1.8:5036 (retry 0): Connection refused (os error 111)
[2026-04-19T03:27:00.696Z WARN  network::simple_sender] Failed to connect to 10.10.1.8:5036 (retry 0): Connection refused (os error 111)
[2026-04-19T03:27:00.696Z INFO  worker::batch_maker] Batch xEBJrjvsgkJnusDwXlMuamUZTDVEbqcRYGBjA3YQrt4= contains sample tx 2518
[2026-04-19T03:27:00.697Z INFO  worker::batch_maker] Batch xEBJrjvsgkJnusDwXlMuamUZTDVEbqcRYGBjA3YQrt4= contains 204800 B
[2026-04-19T03:27:00.697Z WARN  network::simple_sender] Failed to connect to 10.10.1.8:5036 (retry 0): Connection refused (os error 111)
[2026-04-19T03:27:00.699Z WARN  network::simple_sender] Failed to connect to 10.10.1.8:5036 (retry 0): Connection refused (os error 111)
[2026-04-19T03:27:00.700Z WARN  network::simple_sender] Failed to connect to 10.10.1.8:5036 (retry 0): Connection refused (os error 111)
[2026-04-19T03:27:00.702Z WARN  network::simple_sender] Failed to connect to 10.10.1.8:5036 (retry 0): Connection refused (os error 111)
[2026-04-19T03:27:00.704Z WARN  network::simple_sender] Failed to connect to 10.10.1.8:5036 (retry 0): Connection refused (os error 111)
[2026-04-19T03:27:00.712Z WARN  network::simple_sender] Failed to connect to 10.10.1.8:5036 (retry 0): Connection refused (os error 111)
[2026-04-19T03:27:00.739Z WARN  network::simple_sender] Failed to connect to 10.10.1.8:5036 (retry 0): Connection refused (os error 111)
[2026-04-19T03:27:00.745Z WARN  network::simple_sender] Failed to connect to 10.10.1.8:5036 (retry 0): Connection refused (os error 111)
[2026-04-19T03:27:00.746Z WARN  network::simple_sender] Failed to connect to 10.10.1.8:5036 (retry 0): Connection refused (os error 111)
[2026-04-19T03:27:00.747Z WARN  network::simple_sender] Failed to connect to 10.10.1.8:5036 (retry 0): Connection refused (os error 111)
[2026-04-19T03:27:00.748Z WARN  network::simple_sender] Failed to connect to 10.10.1.8:5036 (retry 0): Connection refused (os error 111)
[2026-04-19T03:27:00.749Z INFO  worker::batch_maker] Batch K1Zw5xgb9ybD4/+DKMx7tpcFhDeMZ6z6DHTdYJq1hqc= contains sample tx 2519
[2026-04-19T03:27:00.749Z INFO  worker::batch_maker] Batch K1Zw5xgb9ybD4/+DKMx7tpcFhDeMZ6z6DHTdYJq1hqc= contains 204800 B
[2026-04-19T03:27:00.751Z WARN  network::simple_sender] Failed to connect to 10.10.1.8:5036 (retry 0): Connection refused (os error 111)
[2026-04-19T03:27:00.752Z WARN  network::simple_sender] Failed to connect to 10.10.1.8:5036 (retry 0): Connection refused (os error 111)
[2026-04-19T03:27:00.753Z WARN  network::simple_sender] Failed to connect to 10.10.1.8:5036 (retry 0): Connection refused (os error 111)
[2026-04-19T03:27:00.754Z WARN  network::simple_sender] Failed to connect to 10.10.1.8:5036 (retry 0): Connection refused (os error 111)
[2026-04-19T03:27:00.766Z WARN  network::simple_sender] Failed to connect to 10.10.1.8:5036 (retry 0): Connection refused (os error 111)
[2026-04-19T03:27:00.794Z WARN  network::simple_sender] Failed to connect to 10.10.1.8:5036 (retry 0): Connection refused (os error 111)
[2026-04-19T03:27:00.800Z WARN  network::simple_sender] Failed to connect to 10.10.1.8:5036 (retry 0): Connection refused (os error 111)
[2026-04-19T03:27:00.801Z INFO  worker::batch_maker] Batch U39MBO3LKQHLfBnU0ZrhRaBhMOy8Ne9gS/Wegjw1M3o= contains sample tx 2520
[2026-04-19T03:27:00.801Z INFO  worker::batch_maker] Batch U39MBO3LKQHLfBnU0ZrhRaBhMOy8Ne9gS/Wegjw1M3o= contains 204800 B
[2026-04-19T03:27:00.804Z WARN  network::simple_sender] Failed to connect to 10.10.1.8:5036 (retry 0): Connection refused (os error 111)
[2026-04-19T03:27:00.807Z WARN  network::simple_sender] Failed to connect to 10.10.1.8:5036 (retry 0): Connection refused (os error 111)
[2026-04-19T03:27:00.810Z WARN  network::simple_sender] Failed to connect to 10.10.1.8:5036 (retry 0): Connection refused (os error 111)
[2026-04-19T03:27:00.812Z WARN  network::simple_sender] Failed to connect to 10.10.1.8:5036 (retry 0): Connection refused (os error 111)
[2026-04-19T03:27:00.814Z WARN  network::simple_sender] Failed to connect to 10.10.1.8:5036 (retry 0): Connection refused (os error 111)
[2026-04-19T03:27:00.816Z WARN  network::simple_sender] Failed to connect to 10.10.1.8:5036 (retry 0): Connection refused (os error 111)
[2026-04-19T03:27:00.817Z WARN  network::simple_sender] Failed to connect to 10.10.1.8:5036 (retry 0): Connection refused (os error 111)
[2026-04-19T03:27:00.849Z WARN  network::simple_sender] Failed to connect to 10.10.1.8:5036 (retry 0): Connection refused (os error 111)
[2026-04-19T03:27:00.852Z WARN  network::simple_sender] Failed to connect to 10.10.1.8:5036 (retry 0): Connection refused (os error 111)
[2026-04-19T03:27:00.853Z INFO  worker::batch_maker] Batch qsD4G80Mp1bvWKl0qapvDThKWhZx/n071BpMx4V+kxk= contains sample tx 2521
[2026-04-19T03:27:00.853Z INFO  worker::batch_maker] Batch qsD4G80Mp1bvWKl0qapvDThKWhZx/n071BpMx4V+kxk= contains 242688 B
[2026-04-19T03:27:00.856Z WARN  network::simple_sender] Failed to connect to 10.10.1.8:5036 (retry 0): Connection refused (os error 111)
[2026-04-19T03:27:00.858Z WARN  network::simple_sender] Failed to connect to 10.10.1.8:5036 (retry 0): Connection refused (os error 111)
[2026-04-19T03:27:00.859Z WARN  network::simple_sender] Failed to connect to 10.10.1.8:5036 (retry 0): Connection refused (os error 111)
[2026-04-19T03:27:00.861Z WARN  network::simple_sender] Failed to connect to 10.10.1.8:5036 (retry 0): Connection refused (os error 111)
[2026-04-19T03:27:00.863Z WARN  network::simple_sender] Failed to connect to 10.10.1.8:5036 (retry 0): Connection refused (os error 111)
[2026-04-19T03:27:00.865Z WARN  network::simple_sender] Failed to connect to 10.10.1.8:5036 (retry 0): Connection refused (os error 111)
[2026-04-19T03:27:00.866Z WARN  network::simple_sender] Failed to connect to 10.10.1.8:5036 (retry 0): Connection refused (os error 111)
[2026-04-19T03:27:00.875Z WARN  network::simple_sender] Failed to connect to 10.10.1.8:5036 (retry 0): Connection refused (os error 111)
[2026-04-19T03:27:00.902Z WARN  network::simple_sender] Failed to connect to 10.10.1.8:5036 (retry 0): Connection refused (os error 111)
[2026-04-19T03:27:00.905Z WARN  network::simple_sender] Failed to connect to 10.10.1.8:5036 (retry 0): Connection refused (os error 111)
[2026-04-19T03:27:00.907Z INFO  worker::batch_maker] Batch fNO1pPRqClRSspSYcsmTgvKUixZEtAkMdDipbnqZG+o= contains sample tx 2522
[2026-04-19T03:27:00.907Z INFO  worker::batch_maker] Batch fNO1pPRqClRSspSYcsmTgvKUixZEtAkMdDipbnqZG+o= contains 224768 B
[2026-04-19T03:27:00.908Z WARN  network::simple_sender] Failed to connect to 10.10.1.8:5036 (retry 0): Connection refused (os error 111)
[2026-04-19T03:27:00.911Z WARN  network::simple_sender] Failed to connect to 10.10.1.8:5036 (retry 0): Connection refused (os error 111)
[2026-04-19T03:27:00.912Z WARN  network::simple_sender] Failed to connect to 10.10.1.8:5036 (retry 0): Connection refused (os error 111)
[2026-04-19T03:27:00.914Z WARN  network::simple_sender] Failed to connect to 10.10.1.8:5036 (retry 0): Connection refused (os error 111)
[2026-04-19T03:27:00.916Z WARN  network::simple_sender] Failed to connect to 10.10.1.8:5036 (retry 0): Connection refused (os error 111)
[2026-04-19T03:27:00.918Z WARN  network::simple_sender] Failed to connect to 10.10.1.8:5036 (retry 0): Connection refused (os error 111)
[2026-04-19T03:27:00.920Z WARN  network::simple_sender] Failed to connect to 10.10.1.8:5036 (retry 0): Connection refused (os error 111)
[2026-04-19T03:27:00.928Z WARN  network::simple_sender] Failed to connect to 10.10.1.8:5036 (retry 0): Connection refused (os error 111)
[2026-04-19T03:27:00.958Z WARN  network::simple_sender] Failed to connect to 10.10.1.8:5036 (retry 0): Connection refused (os error 111)
[2026-04-19T03:27:00.960Z WARN  network::simple_sender] Failed to connect to 10.10.1.8:5036 (retry 0): Connection refused (os error 111)
[2026-04-19T03:27:00.962Z WARN  network::simple_sender] Failed to connect to 10.10.1.8:5036 (retry 0): Connection refused (os error 111)
[2026-04-19T03:27:00.964Z WARN  network::simple_sender] Failed to connect to 10.10.1.8:5036 (retry 0): Connection refused (os error 111)
[2026-04-19T03:27:00.965Z INFO  worker::batch_maker] Batch XELdpQxH3w7WUDpCT26WrmxchCdH0/3HpItAHA+jh8E= contains sample tx 2523
[2026-04-19T03:27:00.965Z INFO  worker::batch_maker] Batch XELdpQxH3w7WUDpCT26WrmxchCdH0/3HpItAHA+jh8E= contains sample tx 2524
[2026-04-19T03:27:00.965Z INFO  worker::batch_maker] Batch XELdpQxH3w7WUDpCT26WrmxchCdH0/3HpItAHA+jh8E= contains 351744 B
[2026-04-19T03:27:00.969Z WARN  network::simple_sender] Failed to connect to 10.10.1.8:5036 (retry 0): Connection refused (os error 111)
[2026-04-19T03:27:00.971Z WARN  network::simple_sender] Failed to connect to 10.10.1.8:5036 (retry 0): Connection refused (os error 111)
[2026-04-19T03:27:00.972Z WARN  network::simple_sender] Failed to connect to 10.10.1.8:5036 (retry 0): Connection refused (os error 111)
[2026-04-19T03:27:00.975Z WARN  network::simple_sender] Failed to connect to 10.10.1.8:5036 (retry 0): Connection refused (os error 111)
[2026-04-19T03:27:00.979Z WARN  network::simple_sender] Failed to connect to 10.10.1.8:5036 (retry 0): Connection refused (os error 111)
[2026-04-19T03:27:00.983Z WARN  network::simple_sender] Failed to connect to 10.10.1.8:5036 (retry 0): Connection refused (os error 111)
[2026-04-19T03:27:01.011Z WARN  network::simple_sender] Failed to connect to 10.10.1.8:5036 (retry 0): Connection refused (os error 111)
[2026-04-19T03:27:01.013Z WARN  network::simple_sender] Failed to connect to 10.10.1.8:5036 (retry 0): Connection refused (os error 111)
[2026-04-19T03:27:01.014Z WARN  network::simple_sender] Failed to connect to 10.10.1.8:5036 (retry 0): Connection refused (os error 111)
[2026-04-19T03:27:01.015Z WARN  network::simple_sender] Failed to connect to 10.10.1.8:5036 (retry 0): Connection refused (os error 111)
[2026-04-19T03:27:01.018Z WARN  network::simple_sender] Failed to connect to 10.10.1.8:5036 (retry 0): Connection refused (os error 111)
[2026-04-19T03:27:01.018Z INFO  worker::batch_maker] Batch xUrmrRgJcapi8lPsQXe4eULQktzqe81Aqbl+SYmOD5Y= contains sample tx 2525
[2026-04-19T03:27:01.018Z INFO  worker::batch_maker] Batch xUrmrRgJcapi8lPsQXe4eULQktzqe81Aqbl+SYmOD5Y= contains 204800 B
[2026-04-19T03:27:01.020Z WARN  network::simple_sender] Failed to connect to 10.10.1.8:5036 (retry 0): Connection refused (os error 111)
[2026-04-19T03:27:01.022Z WARN  network::simple_sender] Failed to connect to 10.10.1.8:5036 (retry 0): Connection refused (os error 111)
[2026-04-19T03:27:01.026Z WARN  network::simple_sender] Failed to connect to 10.10.1.8:5036 (retry 0): Connection refused (os error 111)
[2026-04-19T03:27:01.028Z WARN  network::simple_sender] Failed to connect to 10.10.1.8:5036 (retry 0): Connection refused (os error 111)
[2026-04-19T03:27:01.036Z WARN  network::simple_sender] Failed to connect to 10.10.1.8:5036 (retry 0): Connection refused (os error 111)
[2026-04-19T03:27:01.066Z WARN  network::simple_sender] Failed to connect to 10.10.1.8:5036 (retry 0): Connection refused (os error 111)
[2026-04-19T03:27:01.068Z WARN  network::simple_sender] Failed to connect to 10.10.1.8:5036 (retry 0): Connection refused (os error 111)
[2026-04-19T03:27:01.071Z WARN  network::simple_sender] Failed to connect to 10.10.1.8:5036 (retry 0): Connection refused (os error 111)
[2026-04-19T03:27:01.072Z INFO  worker::batch_maker] Batch 6nWifFo20B7NWcrdh6VE1abx8vBQEeF8E/FISLDaX6s= contains sample tx 2526
[2026-04-19T03:27:01.072Z INFO  worker::batch_maker] Batch 6nWifFo20B7NWcrdh6VE1abx8vBQEeF8E/FISLDaX6s= contains 204800 B
[2026-04-19T03:27:01.074Z WARN  network::simple_sender] Failed to connect to 10.10.1.8:5036 (retry 0): Connection refused (os error 111)
[2026-04-19T03:27:01.075Z WARN  network::simple_sender] Failed to connect to 10.10.1.8:5036 (retry 0): Connection refused (os error 111)
[2026-04-19T03:27:01.076Z WARN  network::simple_sender] Failed to connect to 10.10.1.8:5036 (retry 0): Connection refused (os error 111)
[2026-04-19T03:27:01.077Z WARN  network::simple_sender] Failed to connect to 10.10.1.8:5036 (retry 0): Connection refused (os error 111)
[2026-04-19T03:27:01.080Z WARN  network::simple_sender] Failed to connect to 10.10.1.8:5036 (retry 0): Connection refused (os error 111)
[2026-04-19T03:27:01.081Z WARN  network::simple_sender] Failed to connect to 10.10.1.8:5036 (retry 0): Connection refused (os error 111)
[2026-04-19T03:27:01.090Z WARN  network::simple_sender] Failed to connect to 10.10.1.8:5036 (retry 0): Connection refused (os error 111)
[2026-04-19T03:27:01.119Z WARN  network::simple_sender] Failed to connect to 10.10.1.8:5036 (retry 0): Connection refused (os error 111)
[2026-04-19T03:27:01.120Z WARN  network::simple_sender] Failed to connect to 10.10.1.8:5036 (retry 0): Connection refused (os error 111)
[2026-04-19T03:27:01.122Z WARN  network::simple_sender] Failed to connect to 10.10.1.8:5036 (retry 0): Connection refused (os error 111)
[2026-04-19T03:27:01.123Z WARN  network::simple_sender] Failed to connect to 10.10.1.8:5036 (retry 0): Connection refused (os error 111)
[2026-04-19T03:27:01.124Z INFO  worker::batch_maker] Batch /PguINbykRYVDBMU9O7HxifPrNo3eBzs4+arU0/rNQE= contains sample tx 2527
[2026-04-19T03:27:01.124Z INFO  worker::batch_maker] Batch /PguINbykRYVDBMU9O7HxifPrNo3eBzs4+arU0/rNQE= contains 204800 B
[2026-04-19T03:27:01.125Z WARN  network::simple_sender] Failed to connect to 10.10.1.8:5036 (retry 0): Connection refused (os error 111)
[2026-04-19T03:27:01.128Z WARN  network::simple_sender] Failed to connect to 10.10.1.8:5036 (retry 0): Connection refused (os error 111)
[2026-04-19T03:27:01.128Z WARN  network::simple_sender] Failed to connect to 10.10.1.8:5036 (retry 0): Connection refused (os error 111)
[2026-04-19T03:27:01.130Z WARN  network::simple_sender] Failed to connect to 10.10.1.8:5036 (retry 0): Connection refused (os error 111)
[2026-04-19T03:27:01.136Z WARN  network::simple_sender] Failed to connect to 10.10.1.8:5036 (retry 0): Connection refused (os error 111)
[2026-04-19T03:27:01.142Z WARN  network::simple_sender] Failed to connect to 10.10.1.8:5036 (retry 0): Connection refused (os error 111)
[2026-04-19T03:27:01.173Z WARN  network::simple_sender] Failed to connect to 10.10.1.8:5036 (retry 0): Connection refused (os error 111)
[2026-04-19T03:27:01.174Z WARN  network::simple_sender] Failed to connect to 10.10.1.8:5036 (retry 0): Connection refused (os error 111)
[2026-04-19T03:27:01.176Z WARN  network::simple_sender] Failed to connect to 10.10.1.8:5036 (retry 0): Connection refused (os error 111)
[2026-04-19T03:27:01.178Z WARN  network::simple_sender] Failed to connect to 10.10.1.8:5036 (retry 0): Connection refused (os error 111)
[2026-04-19T03:27:01.178Z INFO  worker::batch_maker] Batch 2//yDsUCQL93x1++ZHtEI3ce76OuFaHFvIRQYOh73/M= contains sample tx 2528
[2026-04-19T03:27:01.178Z INFO  worker::batch_maker] Batch 2//yDsUCQL93x1++ZHtEI3ce76OuFaHFvIRQYOh73/M= contains 204800 B
[2026-04-19T03:27:01.180Z WARN  network::simple_sender] Failed to connect to 10.10.1.8:5036 (retry 0): Connection refused (os error 111)
[2026-04-19T03:27:01.180Z WARN  network::simple_sender] Failed to connect to 10.10.1.8:5036 (retry 0): Connection refused (os error 111)
[2026-04-19T03:27:01.181Z WARN  network::simple_sender] Failed to connect to 10.10.1.8:5036 (retry 0): Connection refused (os error 111)
[2026-04-19T03:27:01.183Z WARN  network::simple_sender] Failed to connect to 10.10.1.8:5036 (retry 0): Connection refused (os error 111)
[2026-04-19T03:27:01.190Z WARN  network::simple_sender] Failed to connect to 10.10.1.8:5036 (retry 0): Connection refused (os error 111)
[2026-04-19T03:27:01.195Z WARN  network::simple_sender] Failed to connect to 10.10.1.8:5036 (retry 0): Connection refused (os error 111)
[2026-04-19T03:27:01.224Z WARN  network::simple_sender] Failed to connect to 10.10.1.8:5036 (retry 0): Connection refused (os error 111)
[2026-04-19T03:27:01.225Z WARN  network::simple_sender] Failed to connect to 10.10.1.8:5036 (retry 0): Connection refused (os error 111)
[2026-04-19T03:27:01.229Z WARN  network::simple_sender] Failed to connect to 10.10.1.8:5036 (retry 0): Connection refused (os error 111)
[2026-04-19T03:27:01.230Z WARN  network::simple_sender] Failed to connect to 10.10.1.8:5036 (retry 0): Connection refused (os error 111)
[2026-04-19T03:27:01.231Z INFO  worker::batch_maker] Batch g/aW9DmaPzX+gChTuVp5MKJILdTNP8auMeIKuNF9VdA= contains sample tx 2529
[2026-04-19T03:27:01.231Z INFO  worker::batch_maker] Batch g/aW9DmaPzX+gChTuVp5MKJILdTNP8auMeIKuNF9VdA= contains 204800 B
[2026-04-19T03:27:01.232Z WARN  network::simple_sender] Failed to connect to 10.10.1.8:5036 (retry 0): Connection refused (os error 111)
[2026-04-19T03:27:01.235Z WARN  network::simple_sender] Failed to connect to 10.10.1.8:5036 (retry 0): Connection refused (os error 111)
[2026-04-19T03:27:01.236Z WARN  network::simple_sender] Failed to connect to 10.10.1.8:5036 (retry 0): Connection refused (os error 111)
[2026-04-19T03:27:01.238Z WARN  network::simple_sender] Failed to connect to 10.10.1.8:5036 (retry 0): Connection refused (os error 111)
[2026-04-19T03:27:01.243Z WARN  network::simple_sender] Failed to connect to 10.10.1.8:5036 (retry 0): Connection refused (os error 111)
[2026-04-19T03:27:01.249Z WARN  network::simple_sender] Failed to connect to 10.10.1.8:5036 (retry 0): Connection refused (os error 111)
[2026-04-19T03:27:01.277Z WARN  network::simple_sender] Failed to connect to 10.10.1.8:5036 (retry 0): Connection refused (os error 111)
[2026-04-19T03:27:01.279Z WARN  network::simple_sender] Failed to connect to 10.10.1.8:5036 (retry 0): Connection refused (os error 111)
[2026-04-19T03:27:01.282Z WARN  network::simple_sender] Failed to connect to 10.10.1.8:5036 (retry 0): Connection refused (os error 111)
[2026-04-19T03:27:01.283Z WARN  network::simple_sender] Failed to connect to 10.10.1.8:5036 (retry 0): Connection refused (os error 111)
[2026-04-19T03:27:01.285Z INFO  worker::batch_maker] Batch ZszXuv2nisEAWj2ENNAMfBJBBpZEFCNIiMzOLwQs9Nw= contains sample tx 2530
[2026-04-19T03:27:01.285Z WARN  network::simple_sender] Failed to connect to 10.10.1.8:5036 (retry 0): Connection refused (os error 111)
[2026-04-19T03:27:01.285Z INFO  worker::batch_maker] Batch ZszXuv2nisEAWj2ENNAMfBJBBpZEFCNIiMzOLwQs9Nw= contains 204800 B
[2026-04-19T03:27:01.289Z WARN  network::simple_sender] Failed to connect to 10.10.1.8:5036 (retry 0): Connection refused (os error 111)
[2026-04-19T03:27:01.291Z WARN  network::simple_sender] Failed to connect to 10.10.1.8:5036 (retry 0): Connection refused (os error 111)
[2026-04-19T03:27:01.293Z WARN  network::simple_sender] Failed to connect to 10.10.1.8:5036 (retry 0): Connection refused (os error 111)
[2026-04-19T03:27:01.296Z WARN  network::simple_sender] Failed to connect to 10.10.1.8:5036 (retry 0): Connection refused (os error 111)
[2026-04-19T03:27:01.303Z WARN  network::simple_sender] Failed to connect to 10.10.1.8:5036 (retry 0): Connection refused (os error 111)
[2026-04-19T03:27:01.329Z WARN  network::simple_sender] Failed to connect to 10.10.1.8:5036 (retry 0): Connection refused (os error 111)
[2026-04-19T03:27:01.333Z WARN  network::simple_sender] Failed to connect to 10.10.1.8:5036 (retry 0): Connection refused (os error 111)
[2026-04-19T03:27:01.334Z WARN  network::simple_sender] Failed to connect to 10.10.1.8:5036 (retry 0): Connection refused (os error 111)
[2026-04-19T03:27:01.335Z WARN  network::simple_sender] Failed to connect to 10.10.1.8:5036 (retry 0): Connection refused (os error 111)
[2026-04-19T03:27:01.336Z WARN  network::simple_sender] Failed to connect to 10.10.1.8:5036 (retry 0): Connection refused (os error 111)
[2026-04-19T03:27:01.339Z INFO  worker::batch_maker] Batch 7m2w6CPe7RIOf9Xo5oFrL+qYuSu1YJDTn+NPMam8G44= contains sample tx 2531
[2026-04-19T03:27:01.339Z INFO  worker::batch_maker] Batch 7m2w6CPe7RIOf9Xo5oFrL+qYuSu1YJDTn+NPMam8G44= contains 204800 B
[2026-04-19T03:27:01.343Z WARN  network::simple_sender] Failed to connect to 10.10.1.8:5036 (retry 0): Connection refused (os error 111)
[2026-04-19T03:27:01.343Z WARN  network::simple_sender] Failed to connect to 10.10.1.8:5036 (retry 0): Connection refused (os error 111)
[2026-04-19T03:27:01.346Z WARN  network::simple_sender] Failed to connect to 10.10.1.8:5036 (retry 0): Connection refused (os error 111)
[2026-04-19T03:27:01.350Z WARN  network::simple_sender] Failed to connect to 10.10.1.8:5036 (retry 0): Connection refused (os error 111)
[2026-04-19T03:27:01.356Z WARN  network::simple_sender] Failed to connect to 10.10.1.8:5036 (retry 0): Connection refused (os error 111)
[2026-04-19T03:27:01.382Z WARN  network::simple_sender] Failed to connect to 10.10.1.8:5036 (retry 0): Connection refused (os error 111)
[2026-04-19T03:27:01.388Z WARN  network::simple_sender] Failed to connect to 10.10.1.8:5036 (retry 0): Connection refused (os error 111)
[2026-04-19T03:27:01.390Z WARN  network::simple_sender] Failed to connect to 10.10.1.8:5036 (retry 0): Connection refused (os error 111)
[2026-04-19T03:27:01.392Z WARN  network::simple_sender] Failed to connect to 10.10.1.8:5036 (retry 0): Connection refused (os error 111)
[2026-04-19T03:27:01.393Z WARN  network::simple_sender] Failed to connect to 10.10.1.8:5036 (retry 0): Connection refused (os error 111)
[2026-04-19T03:27:01.393Z INFO  worker::batch_maker] Batch Nj6AMQXifjwhKW+G68JNMH4KdlmbGIK41suaHXR9qj4= contains sample tx 2532
[2026-04-19T03:27:01.393Z INFO  worker::batch_maker] Batch Nj6AMQXifjwhKW+G68JNMH4KdlmbGIK41suaHXR9qj4= contains 204800 B
[2026-04-19T03:27:01.396Z WARN  network::simple_sender] Failed to connect to 10.10.1.8:5036 (retry 0): Connection refused (os error 111)
[2026-04-19T03:27:01.397Z WARN  network::simple_sender] Failed to connect to 10.10.1.8:5036 (retry 0): Connection refused (os error 111)
[2026-04-19T03:27:01.400Z WARN  network::simple_sender] Failed to connect to 10.10.1.8:5036 (retry 0): Connection refused (os error 111)
[2026-04-19T03:27:01.403Z WARN  network::simple_sender] Failed to connect to 10.10.1.8:5036 (retry 0): Connection refused (os error 111)
[2026-04-19T03:27:01.409Z WARN  network::simple_sender] Failed to connect to 10.10.1.8:5036 (retry 0): Connection refused (os error 111)
[2026-04-19T03:27:01.435Z WARN  network::simple_sender] Failed to connect to 10.10.1.8:5036 (retry 0): Connection refused (os error 111)
[2026-04-19T03:27:01.442Z WARN  network::simple_sender] Failed to connect to 10.10.1.8:5036 (retry 0): Connection refused (os error 111)
[2026-04-19T03:27:01.444Z WARN  network::simple_sender] Failed to connect to 10.10.1.8:5036 (retry 0): Connection refused (os error 111)
[2026-04-19T03:27:01.445Z WARN  network::simple_sender] Failed to connect to 10.10.1.8:5036 (retry 0): Connection refused (os error 111)
[2026-04-19T03:27:01.447Z WARN  network::simple_sender] Failed to connect to 10.10.1.8:5036 (retry 0): Connection refused (os error 111)
[2026-04-19T03:27:01.447Z INFO  worker::batch_maker] Batch ExLSjWWsoU2Coi4L7NtHMduPFic2vSWTe9AMGBpV5U8= contains sample tx 2533
[2026-04-19T03:27:01.447Z INFO  worker::batch_maker] Batch ExLSjWWsoU2Coi4L7NtHMduPFic2vSWTe9AMGBpV5U8= contains 204800 B
[2026-04-19T03:27:01.451Z WARN  network::simple_sender] Failed to connect to 10.10.1.8:5036 (retry 0): Connection refused (os error 111)
[2026-04-19T03:27:01.453Z WARN  network::simple_sender] Failed to connect to 10.10.1.8:5036 (retry 0): Connection refused (os error 111)
[2026-04-19T03:27:01.456Z WARN  network::simple_sender] Failed to connect to 10.10.1.8:5036 (retry 0): Connection refused (os error 111)
[2026-04-19T03:27:01.460Z WARN  network::simple_sender] Failed to connect to 10.10.1.8:5036 (retry 0): Connection refused (os error 111)
[2026-04-19T03:27:01.475Z WARN  network::simple_sender] Failed to connect to 10.10.1.8:5036 (retry 0): Connection refused (os error 111)
[2026-04-19T03:27:01.489Z WARN  network::simple_sender] Failed to connect to 10.10.1.8:5036 (retry 0): Connection refused (os error 111)
[2026-04-19T03:27:01.495Z WARN  network::simple_sender] Failed to connect to 10.10.1.8:5036 (retry 0): Connection refused (os error 111)
[2026-04-19T03:27:01.497Z WARN  network::simple_sender] Failed to connect to 10.10.1.8:5036 (retry 0): Connection refused (os error 111)
[2026-04-19T03:27:01.499Z WARN  network::simple_sender] Failed to connect to 10.10.1.8:5036 (retry 0): Connection refused (os error 111)
[2026-04-19T03:27:01.502Z WARN  network::simple_sender] Failed to connect to 10.10.1.8:5036 (retry 0): Connection refused (os error 111)
[2026-04-19T03:27:01.503Z INFO  worker::batch_maker] Batch IApMEsAM0x7ggBajAE9dtnDQSpCrOLIJPFS2QCAkR8A= contains sample tx 2534
[2026-04-19T03:27:01.503Z INFO  worker::batch_maker] Batch IApMEsAM0x7ggBajAE9dtnDQSpCrOLIJPFS2QCAkR8A= contains 204800 B
[2026-04-19T03:27:01.507Z WARN  network::simple_sender] Failed to connect to 10.10.1.8:5036 (retry 0): Connection refused (os error 111)
[2026-04-19T03:27:01.510Z WARN  network::simple_sender] Failed to connect to 10.10.1.8:5036 (retry 0): Connection refused (os error 111)
[2026-04-19T03:27:01.512Z WARN  network::simple_sender] Failed to connect to 10.10.1.8:5036 (retry 0): Connection refused (os error 111)
[2026-04-19T03:27:01.518Z WARN  network::simple_sender] Failed to connect to 10.10.1.8:5036 (retry 0): Connection refused (os error 111)
[2026-04-19T03:27:01.538Z WARN  network::simple_sender] Failed to connect to 10.10.1.8:5036 (retry 0): Connection refused (os error 111)
[2026-04-19T03:27:01.541Z WARN  network::simple_sender] Failed to connect to 10.10.1.8:5036 (retry 0): Connection refused (os error 111)
[2026-04-19T03:27:01.548Z WARN  network::simple_sender] Failed to connect to 10.10.1.8:5036 (retry 0): Connection refused (os error 111)
[2026-04-19T03:27:01.550Z WARN  network::simple_sender] Failed to connect to 10.10.1.8:5036 (retry 0): Connection refused (os error 111)
[2026-04-19T03:27:01.552Z WARN  network::simple_sender] Failed to connect to 10.10.1.8:5036 (retry 0): Connection refused (os error 111)
[2026-04-19T03:27:01.553Z WARN  network::simple_sender] Failed to connect to 10.10.1.8:5036 (retry 0): Connection refused (os error 111)
[2026-04-19T03:27:01.556Z INFO  worker::batch_maker] Batch GW+u26g4FWY99nQ3aCfyqRILjCd3egfSBo77uTqA29U= contains sample tx 2535
[2026-04-19T03:27:01.556Z INFO  worker::batch_maker] Batch GW+u26g4FWY99nQ3aCfyqRILjCd3egfSBo77uTqA29U= contains sample tx 2536
[2026-04-19T03:27:01.556Z INFO  worker::batch_maker] Batch GW+u26g4FWY99nQ3aCfyqRILjCd3egfSBo77uTqA29U= contains 286208 B
[2026-04-19T03:27:01.562Z WARN  network::simple_sender] Failed to connect to 10.10.1.8:5036 (retry 0): Connection refused (os error 111)
[2026-04-19T03:27:01.566Z WARN  network::simple_sender] Failed to connect to 10.10.1.8:5036 (retry 0): Connection refused (os error 111)
[2026-04-19T03:27:01.571Z WARN  network::simple_sender] Failed to connect to 10.10.1.8:5036 (retry 0): Connection refused (os error 111)
[2026-04-19T03:27:01.574Z WARN  network::simple_sender] Failed to connect to 10.10.1.8:5036 (retry 0): Connection refused (os error 111)
[2026-04-19T03:27:01.587Z WARN  network::simple_sender] Failed to connect to 10.10.1.8:5036 (retry 0): Connection refused (os error 111)
[2026-04-19T03:27:01.595Z WARN  network::simple_sender] Failed to connect to 10.10.1.8:5036 (retry 0): Connection refused (os error 111)
[2026-04-19T03:27:01.601Z WARN  network::simple_sender] Failed to connect to 10.10.1.8:5036 (retry 0): Connection refused (os error 111)
[2026-04-19T03:27:01.602Z WARN  network::simple_sender] Failed to connect to 10.10.1.8:5036 (retry 0): Connection refused (os error 111)
[2026-04-19T03:27:01.604Z WARN  network::simple_sender] Failed to connect to 10.10.1.8:5036 (retry 0): Connection refused (os error 111)
[2026-04-19T03:27:01.607Z WARN  network::simple_sender] Failed to connect to 10.10.1.8:5036 (retry 0): Connection refused (os error 111)
[2026-04-19T03:27:01.609Z INFO  worker::batch_maker] Batch 5MjEqWDyhhW8yudAsEmT5Zkxxizr3+us9eGpYdrYbAA= contains 193536 B
[2026-04-19T03:27:01.613Z WARN  network::simple_sender] Failed to connect to 10.10.1.8:5036 (retry 0): Connection refused (os error 111)
[2026-04-19T03:27:01.618Z WARN  network::simple_sender] Failed to connect to 10.10.1.8:5036 (retry 0): Connection refused (os error 111)
[2026-04-19T03:27:01.624Z WARN  network::simple_sender] Failed to connect to 10.10.1.8:5036 (retry 0): Connection refused (os error 111)
[2026-04-19T03:27:01.629Z WARN  network::simple_sender] Failed to connect to 10.10.1.8:5036 (retry 0): Connection refused (os error 111)
[2026-04-19T03:27:01.638Z WARN  network::simple_sender] Failed to connect to 10.10.1.8:5036 (retry 0): Connection refused (os error 111)
[2026-04-19T03:27:01.647Z WARN  network::simple_sender] Failed to connect to 10.10.1.8:5036 (retry 0): Connection refused (os error 111)
[2026-04-19T03:27:01.653Z WARN  network::simple_sender] Failed to connect to 10.10.1.8:5036 (retry 0): Connection refused (os error 111)
[2026-04-19T03:27:01.655Z WARN  network::simple_sender] Failed to connect to 10.10.1.8:5036 (retry 0): Connection refused (os error 111)
[2026-04-19T03:27:01.656Z WARN  network::simple_sender] Failed to connect to 10.10.1.8:5036 (retry 0): Connection refused (os error 111)
[2026-04-19T03:27:01.662Z WARN  network::simple_sender] Failed to connect to 10.10.1.8:5036 (retry 0): Connection refused (os error 111)
[2026-04-19T03:27:01.662Z INFO  worker::batch_maker] Batch qD+8GgJR6H2dGpLyWynFWAzXCv/tQ844fi5M2XaAzHo= contains sample tx 2537
[2026-04-19T03:27:01.662Z INFO  worker::batch_maker] Batch qD+8GgJR6H2dGpLyWynFWAzXCv/tQ844fi5M2XaAzHo= contains sample tx 2538
[2026-04-19T03:27:01.662Z INFO  worker::batch_maker] Batch qD+8GgJR6H2dGpLyWynFWAzXCv/tQ844fi5M2XaAzHo= contains 339456 B
[2026-04-19T03:27:01.667Z WARN  network::simple_sender] Failed to connect to 10.10.1.8:5036 (retry 0): Connection refused (os error 111)
[2026-04-19T03:27:01.671Z WARN  network::simple_sender] Failed to connect to 10.10.1.8:5036 (retry 0): Connection refused (os error 111)
[2026-04-19T03:27:01.674Z WARN  network::simple_sender] Failed to connect to 10.10.1.8:5036 (retry 0): Connection refused (os error 111)
[2026-04-19T03:27:01.680Z WARN  network::simple_sender] Failed to connect to 10.10.1.8:5036 (retry 0): Connection refused (os error 111)
[2026-04-19T03:27:01.690Z WARN  network::simple_sender] Failed to connect to 10.10.1.8:5036 (retry 0): Connection refused (os error 111)
[2026-04-19T03:27:01.700Z WARN  network::simple_sender] Failed to connect to 10.10.1.8:5036 (retry 0): Connection refused (os error 111)
[2026-04-19T03:27:01.706Z WARN  network::simple_sender] Failed to connect to 10.10.1.8:5036 (retry 0): Connection refused (os error 111)
[2026-04-19T03:27:01.712Z WARN  network::simple_sender] Failed to connect to 10.10.1.8:5036 (retry 0): Connection refused (os error 111)
[2026-04-19T03:27:01.715Z WARN  network::simple_sender] Failed to connect to 10.10.1.8:5036 (retry 0): Connection refused (os error 111)
[2026-04-19T03:27:01.715Z INFO  worker::batch_maker] Batch JeRaimcAsuptOSb9EousSYnPqzR9W42mBvh6q739M/0= contains sample tx 2539
[2026-04-19T03:27:01.715Z INFO  worker::batch_maker] Batch JeRaimcAsuptOSb9EousSYnPqzR9W42mBvh6q739M/0= contains 204800 B
[2026-04-19T03:27:01.719Z WARN  network::simple_sender] Failed to connect to 10.10.1.8:5036 (retry 0): Connection refused (os error 111)
[2026-04-19T03:27:01.719Z WARN  network::simple_sender] Failed to connect to 10.10.1.8:5036 (retry 0): Connection refused (os error 111)
[2026-04-19T03:27:01.724Z WARN  network::simple_sender] Failed to connect to 10.10.1.8:5036 (retry 0): Connection refused (os error 111)
[2026-04-19T03:27:01.727Z WARN  network::simple_sender] Failed to connect to 10.10.1.8:5036 (retry 0): Connection refused (os error 111)
[2026-04-19T03:27:01.735Z WARN  network::simple_sender] Failed to connect to 10.10.1.8:5036 (retry 0): Connection refused (os error 111)
[2026-04-19T03:27:01.745Z WARN  network::simple_sender] Failed to connect to 10.10.1.8:5036 (retry 0): Connection refused (os error 111)
[2026-04-19T03:27:01.756Z WARN  network::simple_sender] Failed to connect to 10.10.1.8:5036 (retry 0): Connection refused (os error 111)
[2026-04-19T03:27:01.758Z WARN  network::simple_sender] Failed to connect to 10.10.1.8:5036 (retry 0): Connection refused (os error 111)
[2026-04-19T03:27:01.769Z INFO  worker::batch_maker] Batch N+Fu5EGq1YtfCk/d1vtYQGfWaEzS+2/yBbWbx8CaB4c= contains sample tx 2540
[2026-04-19T03:27:01.769Z INFO  worker::batch_maker] Batch N+Fu5EGq1YtfCk/d1vtYQGfWaEzS+2/yBbWbx8CaB4c= contains 204800 B
[2026-04-19T03:27:01.769Z WARN  network::simple_sender] Failed to connect to 10.10.1.8:5036 (retry 0): Connection refused (os error 111)
[2026-04-19T03:27:01.773Z WARN  network::simple_sender] Failed to connect to 10.10.1.8:5036 (retry 0): Connection refused (os error 111)
[2026-04-19T03:27:01.773Z WARN  network::simple_sender] Failed to connect to 10.10.1.8:5036 (retry 0): Connection refused (os error 111)
[2026-04-19T03:27:01.775Z WARN  network::simple_sender] Failed to connect to 10.10.1.8:5036 (retry 0): Connection refused (os error 111)
[2026-04-19T03:27:01.778Z WARN  network::simple_sender] Failed to connect to 10.10.1.8:5036 (retry 0): Connection refused (os error 111)
[2026-04-19T03:27:01.780Z WARN  network::simple_sender] Failed to connect to 10.10.1.8:5036 (retry 0): Connection refused (os error 111)
[2026-04-19T03:27:01.787Z WARN  network::simple_sender] Failed to connect to 10.10.1.8:5036 (retry 0): Connection refused (os error 111)
[2026-04-19T03:27:01.798Z WARN  network::simple_sender] Failed to connect to 10.10.1.8:5036 (retry 0): Connection refused (os error 111)
[2026-04-19T03:27:01.808Z WARN  network::simple_sender] Failed to connect to 10.10.1.8:5036 (retry 0): Connection refused (os error 111)
[2026-04-19T03:27:01.809Z WARN  network::simple_sender] Failed to connect to 10.10.1.8:5036 (retry 0): Connection refused (os error 111)
[2026-04-19T03:27:01.821Z WARN  network::simple_sender] Failed to connect to 10.10.1.8:5036 (retry 0): Connection refused (os error 111)
[2026-04-19T03:27:01.822Z INFO  worker::batch_maker] Batch kcEsq1z5Xk2ni0tnM3cQDi8wdPHcH0BYftwS3BLHzmc= contains sample tx 2541
[2026-04-19T03:27:01.822Z INFO  worker::batch_maker] Batch kcEsq1z5Xk2ni0tnM3cQDi8wdPHcH0BYftwS3BLHzmc= contains 204800 B
[2026-04-19T03:27:01.823Z WARN  network::simple_sender] Failed to connect to 10.10.1.8:5036 (retry 0): Connection refused (os error 111)
[2026-04-19T03:27:01.826Z WARN  network::simple_sender] Failed to connect to 10.10.1.8:5036 (retry 0): Connection refused (os error 111)
[2026-04-19T03:27:01.826Z WARN  network::simple_sender] Failed to connect to 10.10.1.8:5036 (retry 0): Connection refused (os error 111)
[2026-04-19T03:27:01.830Z WARN  network::simple_sender] Failed to connect to 10.10.1.8:5036 (retry 0): Connection refused (os error 111)
[2026-04-19T03:27:01.836Z WARN  network::simple_sender] Failed to connect to 10.10.1.8:5036 (retry 0): Connection refused (os error 111)
[2026-04-19T03:27:01.841Z WARN  network::simple_sender] Failed to connect to 10.10.1.8:5036 (retry 0): Connection refused (os error 111)
[2026-04-19T03:27:01.853Z WARN  network::simple_sender] Failed to connect to 10.10.1.8:5036 (retry 0): Connection refused (os error 111)
[2026-04-19T03:27:01.862Z WARN  network::simple_sender] Failed to connect to 10.10.1.8:5036 (retry 0): Connection refused (os error 111)
[2026-04-19T03:27:01.870Z WARN  network::simple_sender] Failed to connect to 10.10.1.8:5036 (retry 0): Connection refused (os error 111)
[2026-04-19T03:27:01.873Z WARN  network::simple_sender] Failed to connect to 10.10.1.8:5036 (retry 0): Connection refused (os error 111)
[2026-04-19T03:27:01.873Z WARN  network::simple_sender] Failed to connect to 10.10.1.8:5036 (retry 0): Connection refused (os error 111)
[2026-04-19T03:27:01.877Z INFO  worker::batch_maker] Batch 4H5IIRk5owJRMmelxOsEn9FPy5xeYdxeWADyzvEYIMk= contains sample tx 2542
[2026-04-19T03:27:01.877Z INFO  worker::batch_maker] Batch 4H5IIRk5owJRMmelxOsEn9FPy5xeYdxeWADyzvEYIMk= contains 204800 B
[2026-04-19T03:27:01.878Z WARN  network::simple_sender] Failed to connect to 10.10.1.8:5036 (retry 0): Connection refused (os error 111)
[2026-04-19T03:27:01.881Z WARN  network::simple_sender] Failed to connect to 10.10.1.8:5036 (retry 0): Connection refused (os error 111)
[2026-04-19T03:27:01.882Z WARN  network::simple_sender] Failed to connect to 10.10.1.8:5036 (retry 0): Connection refused (os error 111)
[2026-04-19T03:27:01.888Z WARN  network::simple_sender] Failed to connect to 10.10.1.8:5036 (retry 0): Connection refused (os error 111)
[2026-04-19T03:27:01.895Z WARN  network::simple_sender] Failed to connect to 10.10.1.8:5036 (retry 0): Connection refused (os error 111)
[2026-04-19T03:27:01.905Z WARN  network::simple_sender] Failed to connect to 10.10.1.8:5036 (retry 0): Connection refused (os error 111)
[2026-04-19T03:27:01.918Z WARN  network::simple_sender] Failed to connect to 10.10.1.8:5036 (retry 0): Connection refused (os error 111)
[2026-04-19T03:27:01.921Z WARN  network::simple_sender] Failed to connect to 10.10.1.8:5036 (retry 0): Connection refused (os error 111)
[2026-04-19T03:27:01.928Z WARN  network::simple_sender] Failed to connect to 10.10.1.8:5036 (retry 0): Connection refused (os error 111)
[2026-04-19T03:27:01.929Z INFO  worker::batch_maker] Batch +oQQZcIyMu3hvx595N+70YNE/Gwut3fg9Q7o5R8C5yg= contains sample tx 2543
[2026-04-19T03:27:01.929Z INFO  worker::batch_maker] Batch +oQQZcIyMu3hvx595N+70YNE/Gwut3fg9Q7o5R8C5yg= contains 204800 B
[2026-04-19T03:27:01.930Z WARN  network::simple_sender] Failed to connect to 10.10.1.8:5036 (retry 0): Connection refused (os error 111)
[2026-04-19T03:27:01.931Z WARN  network::simple_sender] Failed to connect to 10.10.1.8:5036 (retry 0): Connection refused (os error 111)
[2026-04-19T03:27:01.932Z WARN  network::simple_sender] Failed to connect to 10.10.1.8:5036 (retry 0): Connection refused (os error 111)
[2026-04-19T03:27:01.936Z WARN  network::simple_sender] Failed to connect to 10.10.1.8:5036 (retry 0): Connection refused (os error 111)
[2026-04-19T03:27:01.942Z WARN  network::simple_sender] Failed to connect to 10.10.1.8:5036 (retry 0): Connection refused (os error 111)
[2026-04-19T03:27:01.949Z WARN  network::simple_sender] Failed to connect to 10.10.1.8:5036 (retry 0): Connection refused (os error 111)
[2026-04-19T03:27:01.958Z WARN  network::simple_sender] Failed to connect to 10.10.1.8:5036 (retry 0): Connection refused (os error 111)
[2026-04-19T03:27:01.969Z WARN  network::simple_sender] Failed to connect to 10.10.1.8:5036 (retry 0): Connection refused (os error 111)
[2026-04-19T03:27:01.979Z WARN  network::simple_sender] Failed to connect to 10.10.1.8:5036 (retry 0): Connection refused (os error 111)
[2026-04-19T03:27:01.981Z WARN  network::simple_sender] Failed to connect to 10.10.1.8:5036 (retry 0): Connection refused (os error 111)
[2026-04-19T03:27:01.982Z INFO  worker::batch_maker] Batch E30B3rE8KO/MkKEsvahvvwRVhzuCYE0zWBDTGJLFiiw= contains sample tx 2544
[2026-04-19T03:27:01.983Z INFO  worker::batch_maker] Batch E30B3rE8KO/MkKEsvahvvwRVhzuCYE0zWBDTGJLFiiw= contains 204800 B
[2026-04-19T03:27:01.983Z WARN  network::simple_sender] Failed to connect to 10.10.1.8:5036 (retry 0): Connection refused (os error 111)
[2026-04-19T03:27:01.986Z WARN  network::simple_sender] Failed to connect to 10.10.1.8:5036 (retry 0): Connection refused (os error 111)
[2026-04-19T03:27:01.990Z WARN  network::simple_sender] Failed to connect to 10.10.1.8:5036 (retry 0): Connection refused (os error 111)
[2026-04-19T03:27:01.998Z WARN  network::simple_sender] Failed to connect to 10.10.1.8:5036 (retry 0): Connection refused (os error 111)
[2026-04-19T03:27:02.003Z WARN  network::simple_sender] Failed to connect to 10.10.1.8:5036 (retry 0): Connection refused (os error 111)
[2026-04-19T03:27:02.012Z WARN  network::simple_sender] Failed to connect to 10.10.1.8:5036 (retry 0): Connection refused (os error 111)
[2026-04-19T03:27:02.023Z WARN  network::simple_sender] Failed to connect to 10.10.1.8:5036 (retry 0): Connection refused (os error 111)
[2026-04-19T03:27:02.025Z WARN  network::simple_sender] Failed to connect to 10.10.1.8:5036 (retry 0): Connection refused (os error 111)
[2026-04-19T03:27:02.032Z WARN  network::simple_sender] Failed to connect to 10.10.1.8:5036 (retry 0): Connection refused (os error 111)
[2026-04-19T03:27:02.034Z WARN  network::simple_sender] Failed to connect to 10.10.1.8:5036 (retry 0): Connection refused (os error 111)
[2026-04-19T03:27:02.035Z WARN  network::simple_sender] Failed to connect to 10.10.1.8:5036 (retry 0): Connection refused (os error 111)
[2026-04-19T03:27:02.037Z INFO  worker::batch_maker] Batch Lwue8yTWGVBOA+ddYNADHA/pYfMQFeF34hWtMicHw5E= contains sample tx 2545
[2026-04-19T03:27:02.037Z INFO  worker::batch_maker] Batch Lwue8yTWGVBOA+ddYNADHA/pYfMQFeF34hWtMicHw5E= contains 204800 B
[2026-04-19T03:27:02.041Z WARN  network::simple_sender] Failed to connect to 10.10.1.8:5036 (retry 0): Connection refused (os error 111)
[2026-04-19T03:27:02.043Z WARN  network::simple_sender] Failed to connect to 10.10.1.8:5036 (retry 0): Connection refused (os error 111)
[2026-04-19T03:27:02.051Z WARN  network::simple_sender] Failed to connect to 10.10.1.8:5036 (retry 0): Connection refused (os error 111)
[2026-04-19T03:27:02.056Z WARN  network::simple_sender] Failed to connect to 10.10.1.8:5036 (retry 0): Connection refused (os error 111)
[2026-04-19T03:27:02.069Z WARN  network::simple_sender] Failed to connect to 10.10.1.8:5036 (retry 0): Connection refused (os error 111)
[2026-04-19T03:27:02.075Z WARN  network::simple_sender] Failed to connect to 10.10.1.8:5036 (retry 0): Connection refused (os error 111)
[2026-04-19T03:27:02.079Z WARN  network::simple_sender] Failed to connect to 10.10.1.8:5036 (retry 0): Connection refused (os error 111)
[2026-04-19T03:27:02.086Z WARN  network::simple_sender] Failed to connect to 10.10.1.8:5036 (retry 0): Connection refused (os error 111)
[2026-04-19T03:27:02.088Z WARN  network::simple_sender] Failed to connect to 10.10.1.8:5036 (retry 0): Connection refused (os error 111)
[2026-04-19T03:27:02.090Z WARN  network::simple_sender] Failed to connect to 10.10.1.8:5036 (retry 0): Connection refused (os error 111)
[2026-04-19T03:27:02.091Z INFO  worker::batch_maker] Batch C6odPG06i7wf1yGpbDfXmTAX0zcWcgTkpGK+3o0vHr0= contains sample tx 2546
[2026-04-19T03:27:02.091Z INFO  worker::batch_maker] Batch C6odPG06i7wf1yGpbDfXmTAX0zcWcgTkpGK+3o0vHr0= contains 204800 B
[2026-04-19T03:27:02.095Z WARN  network::simple_sender] Failed to connect to 10.10.1.8:5036 (retry 0): Connection refused (os error 111)
[2026-04-19T03:27:02.095Z WARN  network::simple_sender] Failed to connect to 10.10.1.8:5036 (retry 0): Connection refused (os error 111)
[2026-04-19T03:27:02.105Z WARN  network::simple_sender] Failed to connect to 10.10.1.8:5036 (retry 0): Connection refused (os error 111)
[2026-04-19T03:27:02.111Z WARN  network::simple_sender] Failed to connect to 10.10.1.8:5036 (retry 0): Connection refused (os error 111)
[2026-04-19T03:27:02.123Z WARN  network::simple_sender] Failed to connect to 10.10.1.8:5036 (retry 0): Connection refused (os error 111)
[2026-04-19T03:27:02.127Z WARN  network::simple_sender] Failed to connect to 10.10.1.8:5036 (retry 0): Connection refused (os error 111)
[2026-04-19T03:27:02.134Z WARN  network::simple_sender] Failed to connect to 10.10.1.8:5036 (retry 0): Connection refused (os error 111)
[2026-04-19T03:27:02.139Z WARN  network::simple_sender] Failed to connect to 10.10.1.8:5036 (retry 0): Connection refused (os error 111)
[2026-04-19T03:27:02.142Z WARN  network::simple_sender] Failed to connect to 10.10.1.8:5036 (retry 0): Connection refused (os error 111)
[2026-04-19T03:27:02.145Z WARN  network::simple_sender] Failed to connect to 10.10.1.8:5036 (retry 0): Connection refused (os error 111)
[2026-04-19T03:27:02.146Z INFO  worker::batch_maker] Batch 8voQtl9Ps/d0EGGF77TVADh5NkOwpuh5yOnvDZT5imw= contains sample tx 2547
[2026-04-19T03:27:02.146Z INFO  worker::batch_maker] Batch 8voQtl9Ps/d0EGGF77TVADh5NkOwpuh5yOnvDZT5imw= contains 204800 B
[2026-04-19T03:27:02.148Z WARN  network::simple_sender] Failed to connect to 10.10.1.8:5036 (retry 0): Connection refused (os error 111)
[2026-04-19T03:27:02.150Z WARN  network::simple_sender] Failed to connect to 10.10.1.8:5036 (retry 0): Connection refused (os error 111)
[2026-04-19T03:27:02.158Z WARN  network::simple_sender] Failed to connect to 10.10.1.8:5036 (retry 0): Connection refused (os error 111)
[2026-04-19T03:27:02.164Z WARN  network::simple_sender] Failed to connect to 10.10.1.8:5036 (retry 0): Connection refused (os error 111)
[2026-04-19T03:27:02.175Z WARN  network::simple_sender] Failed to connect to 10.10.1.8:5036 (retry 0): Connection refused (os error 111)
[2026-04-19T03:27:02.180Z WARN  network::simple_sender] Failed to connect to 10.10.1.8:5036 (retry 0): Connection refused (os error 111)
[2026-04-19T03:27:02.184Z WARN  network::simple_sender] Failed to connect to 10.10.1.8:5036 (retry 0): Connection refused (os error 111)
[2026-04-19T03:27:02.192Z WARN  network::simple_sender] Failed to connect to 10.10.1.8:5036 (retry 0): Connection refused (os error 111)
[2026-04-19T03:27:02.193Z WARN  network::simple_sender] Failed to connect to 10.10.1.8:5036 (retry 0): Connection refused (os error 111)
[2026-04-19T03:27:02.197Z WARN  network::simple_sender] Failed to connect to 10.10.1.8:5036 (retry 0): Connection refused (os error 111)
[2026-04-19T03:27:02.200Z WARN  network::simple_sender] Failed to connect to 10.10.1.8:5036 (retry 0): Connection refused (os error 111)
[2026-04-19T03:27:02.200Z INFO  worker::batch_maker] Batch iLKdcB59Xn9m4SXoFIyqEAXY4IWRLJQvYAwyrvsfOyI= contains sample tx 2548
[2026-04-19T03:27:02.200Z INFO  worker::batch_maker] Batch iLKdcB59Xn9m4SXoFIyqEAXY4IWRLJQvYAwyrvsfOyI= contains 204800 B
[2026-04-19T03:27:02.205Z WARN  network::simple_sender] Failed to connect to 10.10.1.8:5036 (retry 0): Connection refused (os error 111)
[2026-04-19T03:27:02.215Z WARN  network::simple_sender] Failed to connect to 10.10.1.8:5036 (retry 0): Connection refused (os error 111)
[2026-04-19T03:27:02.219Z WARN  network::simple_sender] Failed to connect to 10.10.1.8:5036 (retry 0): Connection refused (os error 111)
[2026-04-19T03:27:02.228Z WARN  network::simple_sender] Failed to connect to 10.10.1.8:5036 (retry 0): Connection refused (os error 111)
[2026-04-19T03:27:02.232Z WARN  network::simple_sender] Failed to connect to 10.10.1.8:5036 (retry 0): Connection refused (os error 111)
[2026-04-19T03:27:02.235Z WARN  network::simple_sender] Failed to connect to 10.10.1.8:5036 (retry 0): Connection refused (os error 111)
[2026-04-19T03:27:02.244Z WARN  network::simple_sender] Failed to connect to 10.10.1.8:5036 (retry 0): Connection refused (os error 111)
[2026-04-19T03:27:02.245Z WARN  network::simple_sender] Failed to connect to 10.10.1.8:5036 (retry 0): Connection refused (os error 111)
[2026-04-19T03:27:02.251Z WARN  network::simple_sender] Failed to connect to 10.10.1.8:5036 (retry 0): Connection refused (os error 111)
[2026-04-19T03:27:02.253Z WARN  network::simple_sender] Failed to connect to 10.10.1.8:5036 (retry 0): Connection refused (os error 111)
[2026-04-19T03:27:02.254Z INFO  worker::batch_maker] Batch GMHKQ9PyM0hIffN07XqS3hbI+5Lpdtt4EUQHwzJedCk= contains sample tx 2549
[2026-04-19T03:27:02.254Z INFO  worker::batch_maker] Batch GMHKQ9PyM0hIffN07XqS3hbI+5Lpdtt4EUQHwzJedCk= contains 204800 B
[2026-04-19T03:27:02.257Z WARN  network::simple_sender] Failed to connect to 10.10.1.8:5036 (retry 0): Connection refused (os error 111)
[2026-04-19T03:27:02.271Z WARN  network::simple_sender] Failed to connect to 10.10.1.8:5036 (retry 0): Connection refused (os error 111)
[2026-04-19T03:27:02.276Z WARN  network::simple_sender] Failed to connect to 10.10.1.8:5036 (retry 0): Connection refused (os error 111)
[2026-04-19T03:27:02.281Z WARN  network::simple_sender] Failed to connect to 10.10.1.8:5036 (retry 0): Connection refused (os error 111)
[2026-04-19T03:27:02.285Z WARN  network::simple_sender] Failed to connect to 10.10.1.8:5036 (retry 0): Connection refused (os error 111)
[2026-04-19T03:27:02.287Z WARN  network::simple_sender] Failed to connect to 10.10.1.8:5036 (retry 0): Connection refused (os error 111)
[2026-04-19T03:27:02.295Z WARN  network::simple_sender] Failed to connect to 10.10.1.8:5036 (retry 0): Connection refused (os error 111)
[2026-04-19T03:27:02.298Z WARN  network::simple_sender] Failed to connect to 10.10.1.8:5036 (retry 0): Connection refused (os error 111)
[2026-04-19T03:27:02.305Z WARN  network::simple_sender] Failed to connect to 10.10.1.8:5036 (retry 0): Connection refused (os error 111)
[2026-04-19T03:27:02.307Z WARN  network::simple_sender] Failed to connect to 10.10.1.8:5036 (retry 0): Connection refused (os error 111)
[2026-04-19T03:27:02.308Z INFO  worker::batch_maker] Batch 8EbApG2LJ+G0x6Njw1FxG7mFRzWsnHiowosJYoo7fig= contains sample tx 2550
[2026-04-19T03:27:02.308Z INFO  worker::batch_maker] Batch 8EbApG2LJ+G0x6Njw1FxG7mFRzWsnHiowosJYoo7fig= contains 279040 B
[2026-04-19T03:27:02.313Z WARN  network::simple_sender] Failed to connect to 10.10.1.8:5036 (retry 0): Connection refused (os error 111)
[2026-04-19T03:27:02.321Z WARN  network::simple_sender] Failed to connect to 10.10.1.8:5036 (retry 0): Connection refused (os error 111)
[2026-04-19T03:27:02.326Z WARN  network::simple_sender] Failed to connect to 10.10.1.8:5036 (retry 0): Connection refused (os error 111)
[2026-04-19T03:27:02.336Z WARN  network::simple_sender] Failed to connect to 10.10.1.8:5036 (retry 0): Connection refused (os error 111)
[2026-04-19T03:27:02.337Z WARN  network::simple_sender] Failed to connect to 10.10.1.8:5036 (retry 0): Connection refused (os error 111)
[2026-04-19T03:27:02.339Z WARN  network::simple_sender] Failed to connect to 10.10.1.8:5036 (retry 0): Connection refused (os error 111)
[2026-04-19T03:27:02.349Z WARN  network::simple_sender] Failed to connect to 10.10.1.8:5036 (retry 0): Connection refused (os error 111)
[2026-04-19T03:27:02.351Z WARN  network::simple_sender] Failed to connect to 10.10.1.8:5036 (retry 0): Connection refused (os error 111)
[2026-04-19T03:27:02.359Z WARN  network::simple_sender] Failed to connect to 10.10.1.8:5036 (retry 0): Connection refused (os error 111)
[2026-04-19T03:27:02.361Z WARN  network::simple_sender] Failed to connect to 10.10.1.8:5036 (retry 0): Connection refused (os error 111)
[2026-04-19T03:27:02.363Z INFO  worker::batch_maker] Batch 0F5wE4NSqMPzzR+ruAeDRcxHRzhEWs/+5GUegpHp6/s= contains sample tx 2551
[2026-04-19T03:27:02.363Z INFO  worker::batch_maker] Batch 0F5wE4NSqMPzzR+ruAeDRcxHRzhEWs/+5GUegpHp6/s= contains sample tx 2552
[2026-04-19T03:27:02.363Z INFO  worker::batch_maker] Batch 0F5wE4NSqMPzzR+ruAeDRcxHRzhEWs/+5GUegpHp6/s= contains 335360 B
[2026-04-19T03:27:02.369Z WARN  network::simple_sender] Failed to connect to 10.10.1.8:5036 (retry 0): Connection refused (os error 111)
[2026-04-19T03:27:02.374Z WARN  network::simple_sender] Failed to connect to 10.10.1.8:5036 (retry 0): Connection refused (os error 111)
[2026-04-19T03:27:02.378Z WARN  network::simple_sender] Failed to connect to 10.10.1.8:5036 (retry 0): Connection refused (os error 111)
[2026-04-19T03:27:02.389Z WARN  network::simple_sender] Failed to connect to 10.10.1.8:5036 (retry 0): Connection refused (os error 111)
[2026-04-19T03:27:02.390Z WARN  network::simple_sender] Failed to connect to 10.10.1.8:5036 (retry 0): Connection refused (os error 111)
[2026-04-19T03:27:02.391Z WARN  network::simple_sender] Failed to connect to 10.10.1.8:5036 (retry 0): Connection refused (os error 111)
[2026-04-19T03:27:02.401Z WARN  network::simple_sender] Failed to connect to 10.10.1.8:5036 (retry 0): Connection refused (os error 111)
[2026-04-19T03:27:02.404Z WARN  network::simple_sender] Failed to connect to 10.10.1.8:5036 (retry 0): Connection refused (os error 111)
[2026-04-19T03:27:02.412Z WARN  network::simple_sender] Failed to connect to 10.10.1.8:5036 (retry 0): Connection refused (os error 111)
[2026-04-19T03:27:02.417Z INFO  worker::batch_maker] Batch R/OpduAcA3BXCUJoQqidD98w7SYMA8nikWK7eyCaU08= contains sample tx 2553
[2026-04-19T03:27:02.417Z INFO  worker::batch_maker] Batch R/OpduAcA3BXCUJoQqidD98w7SYMA8nikWK7eyCaU08= contains 204800 B
[2026-04-19T03:27:02.417Z WARN  network::simple_sender] Failed to connect to 10.10.1.8:5036 (retry 0): Connection refused (os error 111)
[2026-04-19T03:27:02.420Z WARN  network::simple_sender] Failed to connect to 10.10.1.8:5036 (retry 0): Connection refused (os error 111)
[2026-04-19T03:27:02.428Z WARN  network::simple_sender] Failed to connect to 10.10.1.8:5036 (retry 0): Connection refused (os error 111)
[2026-04-19T03:27:02.429Z WARN  network::simple_sender] Failed to connect to 10.10.1.8:5036 (retry 0): Connection refused (os error 111)
[2026-04-19T03:27:02.443Z WARN  network::simple_sender] Failed to connect to 10.10.1.8:5036 (retry 0): Connection refused (os error 111)
[2026-04-19T03:27:02.444Z WARN  network::simple_sender] Failed to connect to 10.10.1.8:5036 (retry 0): Connection refused (os error 111)
[2026-04-19T03:27:02.445Z WARN  network::simple_sender] Failed to connect to 10.10.1.8:5036 (retry 0): Connection refused (os error 111)
[2026-04-19T03:27:02.453Z WARN  network::simple_sender] Failed to connect to 10.10.1.8:5036 (retry 0): Connection refused (os error 111)
[2026-04-19T03:27:02.457Z WARN  network::simple_sender] Failed to connect to 10.10.1.8:5036 (retry 0): Connection refused (os error 111)
[2026-04-19T03:27:02.466Z WARN  network::simple_sender] Failed to connect to 10.10.1.8:5036 (retry 0): Connection refused (os error 111)
[2026-04-19T03:27:02.468Z WARN  network::simple_sender] Failed to connect to 10.10.1.8:5036 (retry 0): Connection refused (os error 111)
[2026-04-19T03:27:02.469Z INFO  worker::batch_maker] Batch QsqAk8eNpSGMJuQ8t6mPAipA864XCQ5l9EaQtP8pSoY= contains sample tx 2554
[2026-04-19T03:27:02.469Z INFO  worker::batch_maker] Batch QsqAk8eNpSGMJuQ8t6mPAipA864XCQ5l9EaQtP8pSoY= contains 204800 B
[2026-04-19T03:27:02.473Z WARN  network::simple_sender] Failed to connect to 10.10.1.8:5036 (retry 0): Connection refused (os error 111)
[2026-04-19T03:27:02.481Z WARN  network::simple_sender] Failed to connect to 10.10.1.8:5036 (retry 0): Connection refused (os error 111)
[2026-04-19T03:27:02.484Z WARN  network::simple_sender] Failed to connect to 10.10.1.8:5036 (retry 0): Connection refused (os error 111)
[2026-04-19T03:27:02.496Z WARN  network::simple_sender] Failed to connect to 10.10.1.8:5036 (retry 0): Connection refused (os error 111)
[2026-04-19T03:27:02.496Z WARN  network::simple_sender] Failed to connect to 10.10.1.8:5036 (retry 0): Connection refused (os error 111)
[2026-04-19T03:27:02.497Z WARN  network::simple_sender] Failed to connect to 10.10.1.8:5036 (retry 0): Connection refused (os error 111)
[2026-04-19T03:27:02.509Z WARN  network::simple_sender] Failed to connect to 10.10.1.8:5036 (retry 0): Connection refused (os error 111)
[2026-04-19T03:27:02.519Z WARN  network::simple_sender] Failed to connect to 10.10.1.8:5036 (retry 0): Connection refused (os error 111)
[2026-04-19T03:27:02.521Z WARN  network::simple_sender] Failed to connect to 10.10.1.8:5036 (retry 0): Connection refused (os error 111)
[2026-04-19T03:27:02.521Z WARN  network::simple_sender] Failed to connect to 10.10.1.8:5036 (retry 0): Connection refused (os error 111)
[2026-04-19T03:27:02.522Z INFO  worker::batch_maker] Batch 63ODpVRSwpLb5STgB4aSMjOq2l4V0vVI0om6AVTjrPo= contains sample tx 2555
[2026-04-19T03:27:02.522Z INFO  worker::batch_maker] Batch 63ODpVRSwpLb5STgB4aSMjOq2l4V0vVI0om6AVTjrPo= contains 204800 B
[2026-04-19T03:27:02.525Z WARN  network::simple_sender] Failed to connect to 10.10.1.8:5036 (retry 0): Connection refused (os error 111)
[2026-04-19T03:27:02.535Z WARN  network::simple_sender] Failed to connect to 10.10.1.8:5036 (retry 0): Connection refused (os error 111)
[2026-04-19T03:27:02.536Z WARN  network::simple_sender] Failed to connect to 10.10.1.8:5036 (retry 0): Connection refused (os error 111)
[2026-04-19T03:27:02.549Z WARN  network::simple_sender] Failed to connect to 10.10.1.8:5036 (retry 0): Connection refused (os error 111)
[2026-04-19T03:27:02.550Z WARN  network::simple_sender] Failed to connect to 10.10.1.8:5036 (retry 0): Connection refused (os error 111)
[2026-04-19T03:27:02.551Z WARN  network::simple_sender] Failed to connect to 10.10.1.8:5036 (retry 0): Connection refused (os error 111)
[2026-04-19T03:27:02.563Z WARN  network::simple_sender] Failed to connect to 10.10.1.8:5036 (retry 0): Connection refused (os error 111)
[2026-04-19T03:27:02.567Z WARN  network::simple_sender] Failed to connect to 10.10.1.8:5036 (retry 0): Connection refused (os error 111)
[2026-04-19T03:27:02.574Z WARN  network::simple_sender] Failed to connect to 10.10.1.8:5036 (retry 0): Connection refused (os error 111)
[2026-04-19T03:27:02.574Z INFO  worker::batch_maker] Batch Rd42QUsKjz9A4uPn1uXN2oFFSeveYvbBk89sHx/0PYc= contains sample tx 2556
[2026-04-19T03:27:02.574Z INFO  worker::batch_maker] Batch Rd42QUsKjz9A4uPn1uXN2oFFSeveYvbBk89sHx/0PYc= contains 204800 B
[2026-04-19T03:27:02.577Z WARN  network::simple_sender] Failed to connect to 10.10.1.8:5036 (retry 0): Connection refused (os error 111)
[2026-04-19T03:27:02.578Z WARN  network::simple_sender] Failed to connect to 10.10.1.8:5036 (retry 0): Connection refused (os error 111)
[2026-04-19T03:27:02.586Z WARN  network::simple_sender] Failed to connect to 10.10.1.8:5036 (retry 0): Connection refused (os error 111)
[2026-04-19T03:27:02.588Z WARN  network::simple_sender] Failed to connect to 10.10.1.8:5036 (retry 0): Connection refused (os error 111)
[2026-04-19T03:27:02.600Z WARN  network::simple_sender] Failed to connect to 10.10.1.8:5036 (retry 0): Connection refused (os error 111)
[2026-04-19T03:27:02.602Z WARN  network::simple_sender] Failed to connect to 10.10.1.8:5036 (retry 0): Connection refused (os error 111)
[2026-04-19T03:27:02.603Z WARN  network::simple_sender] Failed to connect to 10.10.1.8:5036 (retry 0): Connection refused (os error 111)
[2026-04-19T03:27:02.616Z WARN  network::simple_sender] Failed to connect to 10.10.1.8:5036 (retry 0): Connection refused (os error 111)
[2026-04-19T03:27:02.622Z WARN  network::simple_sender] Failed to connect to 10.10.1.8:5036 (retry 0): Connection refused (os error 111)
[2026-04-19T03:27:02.625Z INFO  worker::batch_maker] Batch gOlhqRl33iYjy0hry56hP7TwcUZ5yn3GvlJusAFQIFE= contains 80384 B
[2026-04-19T03:27:02.627Z WARN  network::simple_sender] Failed to connect to 10.10.1.8:5036 (retry 0): Connection refused (os error 111)
[2026-04-19T03:27:02.627Z WARN  network::simple_sender] Failed to connect to 10.10.1.8:5036 (retry 0): Connection refused (os error 111)
[2026-04-19T03:27:02.629Z WARN  network::simple_sender] Failed to connect to 10.10.1.8:5036 (retry 0): Connection refused (os error 111)
[2026-04-19T03:27:02.639Z WARN  network::simple_sender] Failed to connect to 10.10.1.8:5036 (retry 0): Connection refused (os error 111)
[2026-04-19T03:27:02.642Z WARN  network::simple_sender] Failed to connect to 10.10.1.8:5036 (retry 0): Connection refused (os error 111)
[2026-04-19T03:27:02.653Z WARN  network::simple_sender] Failed to connect to 10.10.1.8:5036 (retry 0): Connection refused (os error 111)
[2026-04-19T03:27:02.655Z WARN  network::simple_sender] Failed to connect to 10.10.1.8:5036 (retry 0): Connection refused (os error 111)
[2026-04-19T03:27:02.657Z WARN  network::simple_sender] Failed to connect to 10.10.1.8:5036 (retry 0): Connection refused (os error 111)
[2026-04-19T03:27:02.669Z WARN  network::simple_sender] Failed to connect to 10.10.1.8:5036 (retry 0): Connection refused (os error 111)
[2026-04-19T03:27:02.673Z WARN  network::simple_sender] Failed to connect to 10.10.1.8:5036 (retry 0): Connection refused (os error 111)
[2026-04-19T03:27:02.678Z INFO  worker::batch_maker] Batch 3EcHoABQv69GV0+zkpDMZhvPtpE4RuOadDZLchOp7S0= contains sample tx 2557
[2026-04-19T03:27:02.678Z INFO  worker::batch_maker] Batch 3EcHoABQv69GV0+zkpDMZhvPtpE4RuOadDZLchOp7S0= contains sample tx 2558
[2026-04-19T03:27:02.678Z INFO  worker::batch_maker] Batch 3EcHoABQv69GV0+zkpDMZhvPtpE4RuOadDZLchOp7S0= contains 329216 B
[2026-04-19T03:27:02.682Z WARN  network::simple_sender] Failed to connect to 10.10.1.8:5036 (retry 0): Connection refused (os error 111)
[2026-04-19T03:27:02.683Z WARN  network::simple_sender] Failed to connect to 10.10.1.8:5036 (retry 0): Connection refused (os error 111)
[2026-04-19T03:27:02.685Z WARN  network::simple_sender] Failed to connect to 10.10.1.8:5036 (retry 0): Connection refused (os error 111)
[2026-04-19T03:27:02.692Z WARN  network::simple_sender] Failed to connect to 10.10.1.8:5036 (retry 0): Connection refused (os error 111)
[2026-04-19T03:27:02.697Z WARN  network::simple_sender] Failed to connect to 10.10.1.8:5036 (retry 0): Connection refused (os error 111)
[2026-04-19T03:27:02.707Z WARN  network::simple_sender] Failed to connect to 10.10.1.8:5036 (retry 0): Connection refused (os error 111)
[2026-04-19T03:27:02.712Z WARN  network::simple_sender] Failed to connect to 10.10.1.8:5036 (retry 0): Connection refused (os error 111)
[2026-04-19T03:27:02.714Z WARN  network::simple_sender] Failed to connect to 10.10.1.8:5036 (retry 0): Connection refused (os error 111)
[2026-04-19T03:27:02.724Z WARN  network::simple_sender] Failed to connect to 10.10.1.8:5036 (retry 0): Connection refused (os error 111)
[2026-04-19T03:27:02.728Z WARN  network::simple_sender] Failed to connect to 10.10.1.8:5036 (retry 0): Connection refused (os error 111)
[2026-04-19T03:27:02.732Z INFO  worker::batch_maker] Batch byA4PAwUxUwrlgEOMYZ6vZzsYwjfEcXuOgfjhA/jTm0= contains sample tx 2559
[2026-04-19T03:27:02.732Z INFO  worker::batch_maker] Batch byA4PAwUxUwrlgEOMYZ6vZzsYwjfEcXuOgfjhA/jTm0= contains 204800 B
[2026-04-19T03:27:02.736Z WARN  network::simple_sender] Failed to connect to 10.10.1.8:5036 (retry 0): Connection refused (os error 111)
[2026-04-19T03:27:02.738Z WARN  network::simple_sender] Failed to connect to 10.10.1.8:5036 (retry 0): Connection refused (os error 111)
[2026-04-19T03:27:02.743Z WARN  network::simple_sender] Failed to connect to 10.10.1.8:5036 (retry 0): Connection refused (os error 111)
[2026-04-19T03:27:02.751Z WARN  network::simple_sender] Failed to connect to 10.10.1.8:5036 (retry 0): Connection refused (os error 111)
[2026-04-19T03:27:02.760Z WARN  network::simple_sender] Failed to connect to 10.10.1.8:5036 (retry 0): Connection refused (os error 111)
[2026-04-19T03:27:02.763Z WARN  network::simple_sender] Failed to connect to 10.10.1.8:5036 (retry 0): Connection refused (os error 111)
[2026-04-19T03:27:02.770Z WARN  network::simple_sender] Failed to connect to 10.10.1.8:5036 (retry 0): Connection refused (os error 111)
[2026-04-19T03:27:02.777Z WARN  network::simple_sender] Failed to connect to 10.10.1.8:5036 (retry 0): Connection refused (os error 111)
[2026-04-19T03:27:02.779Z WARN  network::simple_sender] Failed to connect to 10.10.1.8:5036 (retry 0): Connection refused (os error 111)
[2026-04-19T03:27:02.786Z INFO  worker::batch_maker] Batch e6DpDQ5uMPYMLDfAWIqFrsyRORlkvIreWsJazOS4iBg= contains sample tx 2560
[2026-04-19T03:27:02.786Z INFO  worker::batch_maker] Batch e6DpDQ5uMPYMLDfAWIqFrsyRORlkvIreWsJazOS4iBg= contains 204800 B
[2026-04-19T03:27:02.787Z WARN  network::simple_sender] Failed to connect to 10.10.1.8:5036 (retry 0): Connection refused (os error 111)
[2026-04-19T03:27:02.790Z WARN  network::simple_sender] Failed to connect to 10.10.1.8:5036 (retry 0): Connection refused (os error 111)
[2026-04-19T03:27:02.792Z WARN  network::simple_sender] Failed to connect to 10.10.1.8:5036 (retry 0): Connection refused (os error 111)
[2026-04-19T03:27:02.797Z WARN  network::simple_sender] Failed to connect to 10.10.1.8:5036 (retry 0): Connection refused (os error 111)
[2026-04-19T03:27:02.803Z WARN  network::simple_sender] Failed to connect to 10.10.1.8:5036 (retry 0): Connection refused (os error 111)
[2026-04-19T03:27:02.815Z WARN  network::simple_sender] Failed to connect to 10.10.1.8:5036 (retry 0): Connection refused (os error 111)
[2026-04-19T03:27:02.826Z WARN  network::simple_sender] Failed to connect to 10.10.1.8:5036 (retry 0): Connection refused (os error 111)
[2026-04-19T03:27:02.833Z WARN  network::simple_sender] Failed to connect to 10.10.1.8:5036 (retry 0): Connection refused (os error 111)
[2026-04-19T03:27:02.836Z WARN  network::simple_sender] Failed to connect to 10.10.1.8:5036 (retry 0): Connection refused (os error 111)
[2026-04-19T03:27:02.839Z WARN  network::simple_sender] Failed to connect to 10.10.1.8:5036 (retry 0): Connection refused (os error 111)
[2026-04-19T03:27:02.839Z INFO  worker::batch_maker] Batch s0KHCCnDUgbqyONQmaERXyE5a+MFMFKB/AcmwMgEhU8= contains sample tx 2561
[2026-04-19T03:27:02.840Z INFO  worker::batch_maker] Batch s0KHCCnDUgbqyONQmaERXyE5a+MFMFKB/AcmwMgEhU8= contains 204800 B
[2026-04-19T03:27:02.845Z WARN  network::simple_sender] Failed to connect to 10.10.1.8:5036 (retry 0): Connection refused (os error 111)
[2026-04-19T03:27:02.847Z WARN  network::simple_sender] Failed to connect to 10.10.1.8:5036 (retry 0): Connection refused (os error 111)
[2026-04-19T03:27:02.848Z WARN  network::simple_sender] Failed to connect to 10.10.1.8:5036 (retry 0): Connection refused (os error 111)
[2026-04-19T03:27:02.850Z WARN  network::simple_sender] Failed to connect to 10.10.1.8:5036 (retry 0): Connection refused (os error 111)
[2026-04-19T03:27:02.856Z WARN  network::simple_sender] Failed to connect to 10.10.1.8:5036 (retry 0): Connection refused (os error 111)
[2026-04-19T03:27:02.873Z WARN  network::simple_sender] Failed to connect to 10.10.1.8:5036 (retry 0): Connection refused (os error 111)
[2026-04-19T03:27:02.876Z WARN  network::simple_sender] Failed to connect to 10.10.1.8:5036 (retry 0): Connection refused (os error 111)
[2026-04-19T03:27:02.885Z WARN  network::simple_sender] Failed to connect to 10.10.1.8:5036 (retry 0): Connection refused (os error 111)
[2026-04-19T03:27:02.887Z WARN  network::simple_sender] Failed to connect to 10.10.1.8:5036 (retry 0): Connection refused (os error 111)
[2026-04-19T03:27:02.892Z WARN  network::simple_sender] Failed to connect to 10.10.1.8:5036 (retry 0): Connection refused (os error 111)
[2026-04-19T03:27:02.893Z INFO  worker::batch_maker] Batch BxsxgNq9Ywqybup9Feu8BweQfvMFT7u9wUrLs5SuHAM= contains sample tx 2562
[2026-04-19T03:27:02.893Z INFO  worker::batch_maker] Batch BxsxgNq9Ywqybup9Feu8BweQfvMFT7u9wUrLs5SuHAM= contains 204800 B
[2026-04-19T03:27:02.896Z WARN  network::simple_sender] Failed to connect to 10.10.1.8:5036 (retry 0): Connection refused (os error 111)
[2026-04-19T03:27:02.897Z WARN  network::simple_sender] Failed to connect to 10.10.1.8:5036 (retry 0): Connection refused (os error 111)
[2026-04-19T03:27:02.901Z WARN  network::simple_sender] Failed to connect to 10.10.1.8:5036 (retry 0): Connection refused (os error 111)
[2026-04-19T03:27:02.903Z WARN  network::simple_sender] Failed to connect to 10.10.1.8:5036 (retry 0): Connection refused (os error 111)
[2026-04-19T03:27:02.909Z WARN  network::simple_sender] Failed to connect to 10.10.1.8:5036 (retry 0): Connection refused (os error 111)
[2026-04-19T03:27:02.924Z WARN  network::simple_sender] Failed to connect to 10.10.1.8:5036 (retry 0): Connection refused (os error 111)
[2026-04-19T03:27:02.930Z WARN  network::simple_sender] Failed to connect to 10.10.1.8:5036 (retry 0): Connection refused (os error 111)
[2026-04-19T03:27:02.939Z WARN  network::simple_sender] Failed to connect to 10.10.1.8:5036 (retry 0): Connection refused (os error 111)
[2026-04-19T03:27:02.940Z WARN  network::simple_sender] Failed to connect to 10.10.1.8:5036 (retry 0): Connection refused (os error 111)
[2026-04-19T03:27:02.943Z WARN  network::simple_sender] Failed to connect to 10.10.1.8:5036 (retry 0): Connection refused (os error 111)
[2026-04-19T03:27:02.946Z INFO  worker::batch_maker] Batch yI2h6wQ9ySDF2B2FyzbwCyvEXUB1m7Dt6LDtQHp2GLk= contains sample tx 2563
[2026-04-19T03:27:02.946Z INFO  worker::batch_maker] Batch yI2h6wQ9ySDF2B2FyzbwCyvEXUB1m7Dt6LDtQHp2GLk= contains 204800 B
[2026-04-19T03:27:02.947Z WARN  network::simple_sender] Failed to connect to 10.10.1.8:5036 (retry 0): Connection refused (os error 111)
[2026-04-19T03:27:02.949Z WARN  network::simple_sender] Failed to connect to 10.10.1.8:5036 (retry 0): Connection refused (os error 111)
[2026-04-19T03:27:02.953Z WARN  network::simple_sender] Failed to connect to 10.10.1.8:5036 (retry 0): Connection refused (os error 111)
[2026-04-19T03:27:02.955Z WARN  network::simple_sender] Failed to connect to 10.10.1.8:5036 (retry 0): Connection refused (os error 111)
[2026-04-19T03:27:02.960Z WARN  network::simple_sender] Failed to connect to 10.10.1.8:5036 (retry 0): Connection refused (os error 111)
[2026-04-19T03:27:02.973Z WARN  network::simple_sender] Failed to connect to 10.10.1.8:5036 (retry 0): Connection refused (os error 111)
[2026-04-19T03:27:02.983Z WARN  network::simple_sender] Failed to connect to 10.10.1.8:5036 (retry 0): Connection refused (os error 111)
[2026-04-19T03:27:02.991Z WARN  network::simple_sender] Failed to connect to 10.10.1.8:5036 (retry 0): Connection refused (os error 111)
[2026-04-19T03:27:02.992Z WARN  network::simple_sender] Failed to connect to 10.10.1.8:5036 (retry 0): Connection refused (os error 111)
[2026-04-19T03:27:02.997Z WARN  network::simple_sender] Failed to connect to 10.10.1.8:5036 (retry 0): Connection refused (os error 111)
[2026-04-19T03:27:02.999Z INFO  worker::batch_maker] Batch U6itB0oqXrrC++q+Hv2uhR4VOZQ3igf7RiwIkqCc6w0= contains sample tx 2564
[2026-04-19T03:27:02.999Z INFO  worker::batch_maker] Batch U6itB0oqXrrC++q+Hv2uhR4VOZQ3igf7RiwIkqCc6w0= contains 204800 B
[2026-04-19T03:27:03.002Z WARN  network::simple_sender] Failed to connect to 10.10.1.8:5036 (retry 0): Connection refused (os error 111)
[2026-04-19T03:27:03.002Z WARN  network::simple_sender] Failed to connect to 10.10.1.8:5036 (retry 0): Connection refused (os error 111)
[2026-04-19T03:27:03.006Z WARN  network::simple_sender] Failed to connect to 10.10.1.8:5036 (retry 0): Connection refused (os error 111)
[2026-04-19T03:27:03.008Z WARN  network::simple_sender] Failed to connect to 10.10.1.8:5036 (retry 0): Connection refused (os error 111)
[2026-04-19T03:27:03.013Z WARN  network::simple_sender] Failed to connect to 10.10.1.8:5036 (retry 0): Connection refused (os error 111)
[2026-04-19T03:27:03.025Z WARN  network::simple_sender] Failed to connect to 10.10.1.8:5036 (retry 0): Connection refused (os error 111)
[2026-04-19T03:27:03.041Z WARN  network::simple_sender] Failed to connect to 10.10.1.8:5036 (retry 0): Connection refused (os error 111)
[2026-04-19T03:27:03.043Z WARN  network::simple_sender] Failed to connect to 10.10.1.8:5036 (retry 0): Connection refused (os error 111)
[2026-04-19T03:27:03.044Z WARN  network::simple_sender] Failed to connect to 10.10.1.8:5036 (retry 0): Connection refused (os error 111)
[2026-04-19T03:27:03.048Z WARN  network::simple_sender] Failed to connect to 10.10.1.8:5036 (retry 0): Connection refused (os error 111)
[2026-04-19T03:27:03.051Z INFO  worker::batch_maker] Batch rtwcRc8BZdNO2Yk0bcaPDBt85lZrer1m2ApfcyG2kAI= contains sample tx 2565
[2026-04-19T03:27:03.051Z INFO  worker::batch_maker] Batch rtwcRc8BZdNO2Yk0bcaPDBt85lZrer1m2ApfcyG2kAI= contains 204800 B
[2026-04-19T03:27:03.054Z WARN  network::simple_sender] Failed to connect to 10.10.1.8:5036 (retry 0): Connection refused (os error 111)
[2026-04-19T03:27:03.054Z WARN  network::simple_sender] Failed to connect to 10.10.1.8:5036 (retry 0): Connection refused (os error 111)
[2026-04-19T03:27:03.059Z WARN  network::simple_sender] Failed to connect to 10.10.1.8:5036 (retry 0): Connection refused (os error 111)
[2026-04-19T03:27:03.062Z WARN  network::simple_sender] Failed to connect to 10.10.1.8:5036 (retry 0): Connection refused (os error 111)
[2026-04-19T03:27:03.066Z WARN  network::simple_sender] Failed to connect to 10.10.1.8:5036 (retry 0): Connection refused (os error 111)
[2026-04-19T03:27:03.078Z WARN  network::simple_sender] Failed to connect to 10.10.1.8:5036 (retry 0): Connection refused (os error 111)
[2026-04-19T03:27:03.096Z WARN  network::simple_sender] Failed to connect to 10.10.1.8:5036 (retry 0): Connection refused (os error 111)
[2026-04-19T03:27:03.097Z WARN  network::simple_sender] Failed to connect to 10.10.1.8:5036 (retry 0): Connection refused (os error 111)
[2026-04-19T03:27:03.097Z WARN  network::simple_sender] Failed to connect to 10.10.1.8:5036 (retry 0): Connection refused (os error 111)
[2026-04-19T03:27:03.100Z WARN  network::simple_sender] Failed to connect to 10.10.1.8:5036 (retry 0): Connection refused (os error 111)
[2026-04-19T03:27:03.103Z INFO  worker::batch_maker] Batch 0MDgAt/UVxOvYb7HR17RDRvo1mwPPhQ6YBerIic2iw0= contains sample tx 2566
[2026-04-19T03:27:03.103Z INFO  worker::batch_maker] Batch 0MDgAt/UVxOvYb7HR17RDRvo1mwPPhQ6YBerIic2iw0= contains 204800 B
[2026-04-19T03:27:03.106Z WARN  network::simple_sender] Failed to connect to 10.10.1.8:5036 (retry 0): Connection refused (os error 111)
[2026-04-19T03:27:03.108Z WARN  network::simple_sender] Failed to connect to 10.10.1.8:5036 (retry 0): Connection refused (os error 111)
[2026-04-19T03:27:03.116Z WARN  network::simple_sender] Failed to connect to 10.10.1.8:5036 (retry 0): Connection refused (os error 111)
[2026-04-19T03:27:03.118Z WARN  network::simple_sender] Failed to connect to 10.10.1.8:5036 (retry 0): Connection refused (os error 111)
[2026-04-19T03:27:03.121Z WARN  network::simple_sender] Failed to connect to 10.10.1.8:5036 (retry 0): Connection refused (os error 111)
[2026-04-19T03:27:03.132Z WARN  network::simple_sender] Failed to connect to 10.10.1.8:5036 (retry 0): Connection refused (os error 111)
[2026-04-19T03:27:03.150Z WARN  network::simple_sender] Failed to connect to 10.10.1.8:5036 (retry 0): Connection refused (os error 111)
[2026-04-19T03:27:03.151Z WARN  network::simple_sender] Failed to connect to 10.10.1.8:5036 (retry 0): Connection refused (os error 111)
[2026-04-19T03:27:03.152Z WARN  network::simple_sender] Failed to connect to 10.10.1.8:5036 (retry 0): Connection refused (os error 111)
[2026-04-19T03:27:03.153Z WARN  network::simple_sender] Failed to connect to 10.10.1.8:5036 (retry 0): Connection refused (os error 111)
[2026-04-19T03:27:03.157Z INFO  worker::batch_maker] Batch f8YZNB6CpkW/c6RlbVSHk+kBuHb+0WrtaLd7Q+nZNi8= contains sample tx 2567
[2026-04-19T03:27:03.157Z INFO  worker::batch_maker] Batch f8YZNB6CpkW/c6RlbVSHk+kBuHb+0WrtaLd7Q+nZNi8= contains sample tx 2568
[2026-04-19T03:27:03.157Z INFO  worker::batch_maker] Batch f8YZNB6CpkW/c6RlbVSHk+kBuHb+0WrtaLd7Q+nZNi8= contains 409600 B
[2026-04-19T03:27:03.162Z WARN  network::simple_sender] Failed to connect to 10.10.1.8:5036 (retry 0): Connection refused (os error 111)
[2026-04-19T03:27:03.162Z WARN  network::simple_sender] Failed to connect to 10.10.1.8:5036 (retry 0): Connection refused (os error 111)
[2026-04-19T03:27:03.169Z WARN  network::simple_sender] Failed to connect to 10.10.1.8:5036 (retry 0): Connection refused (os error 111)
[2026-04-19T03:27:03.170Z WARN  network::simple_sender] Failed to connect to 10.10.1.8:5036 (retry 0): Connection refused (os error 111)
[2026-04-19T03:27:03.172Z WARN  network::simple_sender] Failed to connect to 10.10.1.8:5036 (retry 0): Connection refused (os error 111)
[2026-04-19T03:27:03.184Z WARN  network::simple_sender] Failed to connect to 10.10.1.8:5036 (retry 0): Connection refused (os error 111)
[2026-04-19T03:27:03.201Z WARN  network::simple_sender] Failed to connect to 10.10.1.8:5036 (retry 0): Connection refused (os error 111)
[2026-04-19T03:27:03.203Z WARN  network::simple_sender] Failed to connect to 10.10.1.8:5036 (retry 0): Connection refused (os error 111)
[2026-04-19T03:27:03.207Z WARN  network::simple_sender] Failed to connect to 10.10.1.8:5036 (retry 0): Connection refused (os error 111)
[2026-04-19T03:27:03.208Z INFO  worker::batch_maker] Batch Y+rRZ6QCT2J9JdfkNBZXF+KAGlsXHTmXKZfrqOeDuj0= contains 79872 B
[2026-04-19T03:27:03.210Z WARN  network::simple_sender] Failed to connect to 10.10.1.8:5036 (retry 0): Connection refused (os error 111)
[2026-04-19T03:27:03.222Z WARN  network::simple_sender] Failed to connect to 10.10.1.8:5036 (retry 0): Connection refused (os error 111)
[2026-04-19T03:27:03.222Z WARN  network::simple_sender] Failed to connect to 10.10.1.8:5036 (retry 0): Connection refused (os error 111)
[2026-04-19T03:27:03.223Z WARN  network::simple_sender] Failed to connect to 10.10.1.8:5036 (retry 0): Connection refused (os error 111)
[2026-04-19T03:27:03.230Z WARN  network::simple_sender] Failed to connect to 10.10.1.8:5036 (retry 0): Connection refused (os error 111)
[2026-04-19T03:27:03.238Z WARN  network::simple_sender] Failed to connect to 10.10.1.8:5036 (retry 0): Connection refused (os error 111)
[2026-04-19T03:27:03.256Z WARN  network::simple_sender] Failed to connect to 10.10.1.8:5036 (retry 0): Connection refused (os error 111)
[2026-04-19T03:27:03.258Z WARN  network::simple_sender] Failed to connect to 10.10.1.8:5036 (retry 0): Connection refused (os error 111)
[2026-04-19T03:27:03.259Z WARN  network::simple_sender] Failed to connect to 10.10.1.8:5036 (retry 0): Connection refused (os error 111)
[2026-04-19T03:27:03.262Z WARN  network::simple_sender] Failed to connect to 10.10.1.8:5036 (retry 0): Connection refused (os error 111)
[2026-04-19T03:27:03.263Z INFO  worker::batch_maker] Batch UbhxS9GYyxh3W8M7DKfMtR4FZlA3ww3Pfuh+y0VM0+k= contains sample tx 2569
[2026-04-19T03:27:03.263Z INFO  worker::batch_maker] Batch UbhxS9GYyxh3W8M7DKfMtR4FZlA3ww3Pfuh+y0VM0+k= contains sample tx 2570
[2026-04-19T03:27:03.263Z INFO  worker::batch_maker] Batch UbhxS9GYyxh3W8M7DKfMtR4FZlA3ww3Pfuh+y0VM0+k= contains 329728 B
[2026-04-19T03:27:03.269Z WARN  network::simple_sender] Failed to connect to 10.10.1.8:5036 (retry 0): Connection refused (os error 111)
[2026-04-19T03:27:03.274Z WARN  network::simple_sender] Failed to connect to 10.10.1.8:5036 (retry 0): Connection refused (os error 111)
[2026-04-19T03:27:03.279Z WARN  network::simple_sender] Failed to connect to 10.10.1.8:5036 (retry 0): Connection refused (os error 111)
[2026-04-19T03:27:03.281Z WARN  network::simple_sender] Failed to connect to 10.10.1.8:5036 (retry 0): Connection refused (os error 111)
[2026-04-19T03:27:03.282Z WARN  network::simple_sender] Failed to connect to 10.10.1.8:5036 (retry 0): Connection refused (os error 111)
[2026-04-19T03:27:03.293Z WARN  network::simple_sender] Failed to connect to 10.10.1.8:5036 (retry 0): Connection refused (os error 111)
[2026-04-19T03:27:03.310Z WARN  network::simple_sender] Failed to connect to 10.10.1.8:5036 (retry 0): Connection refused (os error 111)
[2026-04-19T03:27:03.312Z WARN  network::simple_sender] Failed to connect to 10.10.1.8:5036 (retry 0): Connection refused (os error 111)
[2026-04-19T03:27:03.315Z WARN  network::simple_sender] Failed to connect to 10.10.1.8:5036 (retry 0): Connection refused (os error 111)
[2026-04-19T03:27:03.317Z INFO  worker::batch_maker] Batch LWRw4EQ6NRjYCgI5w1Qg0XQyz+g5Gtjy2hukpAOZ8zY= contains sample tx 2571
[2026-04-19T03:27:03.317Z INFO  worker::batch_maker] Batch LWRw4EQ6NRjYCgI5w1Qg0XQyz+g5Gtjy2hukpAOZ8zY= contains 204800 B
[2026-04-19T03:27:03.319Z WARN  network::simple_sender] Failed to connect to 10.10.1.8:5036 (retry 0): Connection refused (os error 111)
[2026-04-19T03:27:03.321Z WARN  network::simple_sender] Failed to connect to 10.10.1.8:5036 (retry 0): Connection refused (os error 111)
[2026-04-19T03:27:03.327Z WARN  network::simple_sender] Failed to connect to 10.10.1.8:5036 (retry 0): Connection refused (os error 111)
[2026-04-19T03:27:03.330Z WARN  network::simple_sender] Failed to connect to 10.10.1.8:5036 (retry 0): Connection refused (os error 111)
[2026-04-19T03:27:03.334Z WARN  network::simple_sender] Failed to connect to 10.10.1.8:5036 (retry 0): Connection refused (os error 111)
[2026-04-19T03:27:03.337Z WARN  network::simple_sender] Failed to connect to 10.10.1.8:5036 (retry 0): Connection refused (os error 111)
[2026-04-19T03:27:03.344Z WARN  network::simple_sender] Failed to connect to 10.10.1.8:5036 (retry 0): Connection refused (os error 111)
[2026-04-19T03:27:03.361Z WARN  network::simple_sender] Failed to connect to 10.10.1.8:5036 (retry 0): Connection refused (os error 111)
[2026-04-19T03:27:03.362Z WARN  network::simple_sender] Failed to connect to 10.10.1.8:5036 (retry 0): Connection refused (os error 111)
[2026-04-19T03:27:03.363Z WARN  network::simple_sender] Failed to connect to 10.10.1.8:5036 (retry 0): Connection refused (os error 111)
[2026-04-19T03:27:03.366Z WARN  network::simple_sender] Failed to connect to 10.10.1.8:5036 (retry 0): Connection refused (os error 111)
[2026-04-19T03:27:03.369Z INFO  worker::batch_maker] Batch GLuu3k/nsrToy6K71gqO5mkA9gwDX2bCTLfECv3pzXc= contains sample tx 2572
[2026-04-19T03:27:03.369Z INFO  worker::batch_maker] Batch GLuu3k/nsrToy6K71gqO5mkA9gwDX2bCTLfECv3pzXc= contains 204800 B
[2026-04-19T03:27:03.372Z WARN  network::simple_sender] Failed to connect to 10.10.1.8:5036 (retry 0): Connection refused (os error 111)
[2026-04-19T03:27:03.381Z WARN  network::simple_sender] Failed to connect to 10.10.1.8:5036 (retry 0): Connection refused (os error 111)
[2026-04-19T03:27:03.384Z WARN  network::simple_sender] Failed to connect to 10.10.1.8:5036 (retry 0): Connection refused (os error 111)
[2026-04-19T03:27:03.387Z WARN  network::simple_sender] Failed to connect to 10.10.1.8:5036 (retry 0): Connection refused (os error 111)
[2026-04-19T03:27:03.388Z WARN  network::simple_sender] Failed to connect to 10.10.1.8:5036 (retry 0): Connection refused (os error 111)
[2026-04-19T03:27:03.397Z WARN  network::simple_sender] Failed to connect to 10.10.1.8:5036 (retry 0): Connection refused (os error 111)
[2026-04-19T03:27:03.413Z WARN  network::simple_sender] Failed to connect to 10.10.1.8:5036 (retry 0): Connection refused (os error 111)
[2026-04-19T03:27:03.420Z WARN  network::simple_sender] Failed to connect to 10.10.1.8:5036 (retry 0): Connection refused (os error 111)
[2026-04-19T03:27:03.421Z WARN  network::simple_sender] Failed to connect to 10.10.1.8:5036 (retry 0): Connection refused (os error 111)
[2026-04-19T03:27:03.422Z INFO  worker::batch_maker] Batch YpiJi9haHJ8BHAIfn7LSegz+0VCnRc/U9CtxEX9XI/s= contains sample tx 2573
[2026-04-19T03:27:03.422Z INFO  worker::batch_maker] Batch YpiJi9haHJ8BHAIfn7LSegz+0VCnRc/U9CtxEX9XI/s= contains 204800 B
[2026-04-19T03:27:03.423Z WARN  network::simple_sender] Failed to connect to 10.10.1.8:5036 (retry 0): Connection refused (os error 111)
[2026-04-19T03:27:03.424Z WARN  network::simple_sender] Failed to connect to 10.10.1.8:5036 (retry 0): Connection refused (os error 111)
[2026-04-19T03:27:03.434Z WARN  network::simple_sender] Failed to connect to 10.10.1.8:5036 (retry 0): Connection refused (os error 111)
[2026-04-19T03:27:03.436Z WARN  network::simple_sender] Failed to connect to 10.10.1.8:5036 (retry 0): Connection refused (os error 111)
[2026-04-19T03:27:03.440Z WARN  network::simple_sender] Failed to connect to 10.10.1.8:5036 (retry 0): Connection refused (os error 111)
[2026-04-19T03:27:03.441Z WARN  network::simple_sender] Failed to connect to 10.10.1.8:5036 (retry 0): Connection refused (os error 111)
[2026-04-19T03:27:03.451Z WARN  network::simple_sender] Failed to connect to 10.10.1.8:5036 (retry 0): Connection refused (os error 111)
[2026-04-19T03:27:03.465Z WARN  network::simple_sender] Failed to connect to 10.10.1.8:5036 (retry 0): Connection refused (os error 111)
[2026-04-19T03:27:03.471Z WARN  network::simple_sender] Failed to connect to 10.10.1.8:5036 (retry 0): Connection refused (os error 111)
[2026-04-19T03:27:03.473Z WARN  network::simple_sender] Failed to connect to 10.10.1.8:5036 (retry 0): Connection refused (os error 111)
[2026-04-19T03:27:03.473Z WARN  network::simple_sender] Failed to connect to 10.10.1.8:5036 (retry 0): Connection refused (os error 111)
[2026-04-19T03:27:03.473Z INFO  worker::batch_maker] Batch M3g7851Kv/e+pq3cEDw/AYgZSetQ8DEAN1MXvVbpLfQ= contains sample tx 2574
[2026-04-19T03:27:03.473Z INFO  worker::batch_maker] Batch M3g7851Kv/e+pq3cEDw/AYgZSetQ8DEAN1MXvVbpLfQ= contains 204800 B
[2026-04-19T03:27:03.476Z WARN  network::simple_sender] Failed to connect to 10.10.1.8:5036 (retry 0): Connection refused (os error 111)
[2026-04-19T03:27:03.487Z WARN  network::simple_sender] Failed to connect to 10.10.1.8:5036 (retry 0): Connection refused (os error 111)
[2026-04-19T03:27:03.490Z WARN  network::simple_sender] Failed to connect to 10.10.1.8:5036 (retry 0): Connection refused (os error 111)
[2026-04-19T03:27:03.495Z WARN  network::simple_sender] Failed to connect to 10.10.1.8:5036 (retry 0): Connection refused (os error 111)
[2026-04-19T03:27:03.496Z WARN  network::simple_sender] Failed to connect to 10.10.1.8:5036 (retry 0): Connection refused (os error 111)
[2026-04-19T03:27:03.502Z WARN  network::simple_sender] Failed to connect to 10.10.1.8:5036 (retry 0): Connection refused (os error 111)
[2026-04-19T03:27:03.517Z WARN  network::simple_sender] Failed to connect to 10.10.1.8:5036 (retry 0): Connection refused (os error 111)
[2026-04-19T03:27:03.523Z WARN  network::simple_sender] Failed to connect to 10.10.1.8:5036 (retry 0): Connection refused (os error 111)
[2026-04-19T03:27:03.525Z WARN  network::simple_sender] Failed to connect to 10.10.1.8:5036 (retry 0): Connection refused (os error 111)
[2026-04-19T03:27:03.525Z INFO  worker::batch_maker] Batch 3xwElegCtuAbsQNrOUNB/CEp7AcdlK4k7UdAGYYHXd0= contains sample tx 2575
[2026-04-19T03:27:03.525Z INFO  worker::batch_maker] Batch 3xwElegCtuAbsQNrOUNB/CEp7AcdlK4k7UdAGYYHXd0= contains 204800 B
[2026-04-19T03:27:03.527Z WARN  network::simple_sender] Failed to connect to 10.10.1.8:5036 (retry 0): Connection refused (os error 111)
[2026-04-19T03:27:03.529Z WARN  network::simple_sender] Failed to connect to 10.10.1.8:5036 (retry 0): Connection refused (os error 111)
[2026-04-19T03:27:03.541Z WARN  network::simple_sender] Failed to connect to 10.10.1.8:5036 (retry 0): Connection refused (os error 111)
[2026-04-19T03:27:03.545Z WARN  network::simple_sender] Failed to connect to 10.10.1.8:5036 (retry 0): Connection refused (os error 111)
[2026-04-19T03:27:03.547Z WARN  network::simple_sender] Failed to connect to 10.10.1.8:5036 (retry 0): Connection refused (os error 111)
[2026-04-19T03:27:03.555Z WARN  network::simple_sender] Failed to connect to 10.10.1.8:5036 (retry 0): Connection refused (os error 111)
[2026-04-19T03:27:03.568Z WARN  network::simple_sender] Failed to connect to 10.10.1.8:5036 (retry 0): Connection refused (os error 111)
[2026-04-19T03:27:03.577Z WARN  network::simple_sender] Failed to connect to 10.10.1.8:5036 (retry 0): Connection refused (os error 111)
[2026-04-19T03:27:03.577Z WARN  network::simple_sender] Failed to connect to 10.10.1.8:5036 (retry 0): Connection refused (os error 111)
[2026-04-19T03:27:03.577Z INFO  worker::batch_maker] Batch mRYwiV7wDuFDVpqvyBwT1GGTJf5T++3Dz395GU5VUDQ= contains sample tx 2576
[2026-04-19T03:27:03.577Z INFO  worker::batch_maker] Batch mRYwiV7wDuFDVpqvyBwT1GGTJf5T++3Dz395GU5VUDQ= contains 204800 B
[2026-04-19T03:27:03.579Z WARN  network::simple_sender] Failed to connect to 10.10.1.8:5036 (retry 0): Connection refused (os error 111)
[2026-04-19T03:27:03.580Z WARN  network::simple_sender] Failed to connect to 10.10.1.8:5036 (retry 0): Connection refused (os error 111)
[2026-04-19T03:27:03.594Z WARN  network::simple_sender] Failed to connect to 10.10.1.8:5036 (retry 0): Connection refused (os error 111)
[2026-04-19T03:27:03.597Z WARN  network::simple_sender] Failed to connect to 10.10.1.8:5036 (retry 0): Connection refused (os error 111)
[2026-04-19T03:27:03.601Z WARN  network::simple_sender] Failed to connect to 10.10.1.8:5036 (retry 0): Connection refused (os error 111)
[2026-04-19T03:27:03.607Z WARN  network::simple_sender] Failed to connect to 10.10.1.8:5036 (retry 0): Connection refused (os error 111)
[2026-04-19T03:27:03.621Z WARN  network::simple_sender] Failed to connect to 10.10.1.8:5036 (retry 0): Connection refused (os error 111)
[2026-04-19T03:27:03.629Z WARN  network::simple_sender] Failed to connect to 10.10.1.8:5036 (retry 0): Connection refused (os error 111)
[2026-04-19T03:27:03.630Z INFO  worker::batch_maker] Batch C3aApxnpf3680OCw1upBJu1+WKefmMhOgJAIMSNTuTo= contains sample tx 2577
[2026-04-19T03:27:03.630Z INFO  worker::batch_maker] Batch C3aApxnpf3680OCw1upBJu1+WKefmMhOgJAIMSNTuTo= contains 204800 B
[2026-04-19T03:27:03.631Z WARN  network::simple_sender] Failed to connect to 10.10.1.8:5036 (retry 0): Connection refused (os error 111)
[2026-04-19T03:27:03.632Z WARN  network::simple_sender] Failed to connect to 10.10.1.8:5036 (retry 0): Connection refused (os error 111)
[2026-04-19T03:27:03.632Z WARN  network::simple_sender] Failed to connect to 10.10.1.8:5036 (retry 0): Connection refused (os error 111)
[2026-04-19T03:27:03.648Z WARN  network::simple_sender] Failed to connect to 10.10.1.8:5036 (retry 0): Connection refused (os error 111)
[2026-04-19T03:27:03.652Z WARN  network::simple_sender] Failed to connect to 10.10.1.8:5036 (retry 0): Connection refused (os error 111)
[2026-04-19T03:27:03.654Z WARN  network::simple_sender] Failed to connect to 10.10.1.8:5036 (retry 0): Connection refused (os error 111)
[2026-04-19T03:27:03.660Z WARN  network::simple_sender] Failed to connect to 10.10.1.8:5036 (retry 0): Connection refused (os error 111)
[2026-04-19T03:27:03.673Z WARN  network::simple_sender] Failed to connect to 10.10.1.8:5036 (retry 0): Connection refused (os error 111)
[2026-04-19T03:27:03.674Z WARN  network::simple_sender] Failed to connect to 10.10.1.8:5036 (retry 0): Connection refused (os error 111)
[2026-04-19T03:27:03.681Z INFO  worker::batch_maker] Batch 1u7orShsksIoZfAt/7D1FvsTqkckNhBAoT2gWp8Z70c= contains sample tx 2578
[2026-04-19T03:27:03.681Z INFO  worker::batch_maker] Batch 1u7orShsksIoZfAt/7D1FvsTqkckNhBAoT2gWp8Z70c= contains 204800 B
[2026-04-19T03:27:03.682Z WARN  network::simple_sender] Failed to connect to 10.10.1.8:5036 (retry 0): Connection refused (os error 111)
[2026-04-19T03:27:03.684Z WARN  network::simple_sender] Failed to connect to 10.10.1.8:5036 (retry 0): Connection refused (os error 111)
[2026-04-19T03:27:03.685Z WARN  network::simple_sender] Failed to connect to 10.10.1.8:5036 (retry 0): Connection refused (os error 111)
[2026-04-19T03:27:03.687Z WARN  network::simple_sender] Failed to connect to 10.10.1.8:5036 (retry 0): Connection refused (os error 111)
[2026-04-19T03:27:03.693Z WARN  network::simple_sender] Failed to connect to 10.10.1.8:5036 (retry 0): Connection refused (os error 111)
[2026-04-19T03:27:03.702Z WARN  network::simple_sender] Failed to connect to 10.10.1.8:5036 (retry 0): Connection refused (os error 111)
[2026-04-19T03:27:03.704Z WARN  network::simple_sender] Failed to connect to 10.10.1.8:5036 (retry 0): Connection refused (os error 111)
[2026-04-19T03:27:03.707Z WARN  network::simple_sender] Failed to connect to 10.10.1.8:5036 (retry 0): Connection refused (os error 111)
[2026-04-19T03:27:03.714Z WARN  network::simple_sender] Failed to connect to 10.10.1.8:5036 (retry 0): Connection refused (os error 111)
[2026-04-19T03:27:03.725Z WARN  network::simple_sender] Failed to connect to 10.10.1.8:5036 (retry 0): Connection refused (os error 111)
[2026-04-19T03:27:03.733Z INFO  worker::batch_maker] Batch W/eWFjpRXtbEKnkzvLVKGQXXcGh0XPbcQ88XpH2NEPg= contains sample tx 2579
[2026-04-19T03:27:03.733Z INFO  worker::batch_maker] Batch W/eWFjpRXtbEKnkzvLVKGQXXcGh0XPbcQ88XpH2NEPg= contains 204800 B
[2026-04-19T03:27:03.736Z WARN  network::simple_sender] Failed to connect to 10.10.1.8:5036 (retry 0): Connection refused (os error 111)
[2026-04-19T03:27:03.736Z WARN  network::simple_sender] Failed to connect to 10.10.1.8:5036 (retry 0): Connection refused (os error 111)
[2026-04-19T03:27:03.738Z WARN  network::simple_sender] Failed to connect to 10.10.1.8:5036 (retry 0): Connection refused (os error 111)
[2026-04-19T03:27:03.741Z WARN  network::simple_sender] Failed to connect to 10.10.1.8:5036 (retry 0): Connection refused (os error 111)
[2026-04-19T03:27:03.744Z WARN  network::simple_sender] Failed to connect to 10.10.1.8:5036 (retry 0): Connection refused (os error 111)
[2026-04-19T03:27:03.755Z WARN  network::simple_sender] Failed to connect to 10.10.1.8:5036 (retry 0): Connection refused (os error 111)
[2026-04-19T03:27:03.763Z WARN  network::simple_sender] Failed to connect to 10.10.1.8:5036 (retry 0): Connection refused (os error 111)
[2026-04-19T03:27:03.765Z WARN  network::simple_sender] Failed to connect to 10.10.1.8:5036 (retry 0): Connection refused (os error 111)
[2026-04-19T03:27:03.771Z WARN  network::simple_sender] Failed to connect to 10.10.1.8:5036 (retry 0): Connection refused (os error 111)
[2026-04-19T03:27:03.777Z WARN  network::simple_sender] Failed to connect to 10.10.1.8:5036 (retry 0): Connection refused (os error 111)
[2026-04-19T03:27:03.786Z INFO  worker::batch_maker] Batch dre6rMLIel1JAMcW68+O2as3YZQ0qNJ+K93GHG7DKik= contains sample tx 2580
[2026-04-19T03:27:03.786Z INFO  worker::batch_maker] Batch dre6rMLIel1JAMcW68+O2as3YZQ0qNJ+K93GHG7DKik= contains 204800 B
[2026-04-19T03:27:03.788Z WARN  network::simple_sender] Failed to connect to 10.10.1.8:5036 (retry 0): Connection refused (os error 111)
[2026-04-19T03:27:03.788Z WARN  network::simple_sender] Failed to connect to 10.10.1.8:5036 (retry 0): Connection refused (os error 111)
[2026-04-19T03:27:03.791Z WARN  network::simple_sender] Failed to connect to 10.10.1.8:5036 (retry 0): Connection refused (os error 111)
[2026-04-19T03:27:03.795Z WARN  network::simple_sender] Failed to connect to 10.10.1.8:5036 (retry 0): Connection refused (os error 111)
[2026-04-19T03:27:03.796Z WARN  network::simple_sender] Failed to connect to 10.10.1.8:5036 (retry 0): Connection refused (os error 111)
[2026-04-19T03:27:03.810Z WARN  network::simple_sender] Failed to connect to 10.10.1.8:5036 (retry 0): Connection refused (os error 111)
[2026-04-19T03:27:03.813Z WARN  network::simple_sender] Failed to connect to 10.10.1.8:5036 (retry 0): Connection refused (os error 111)
[2026-04-19T03:27:03.817Z WARN  network::simple_sender] Failed to connect to 10.10.1.8:5036 (retry 0): Connection refused (os error 111)
[2026-04-19T03:27:03.821Z WARN  network::simple_sender] Failed to connect to 10.10.1.8:5036 (retry 0): Connection refused (os error 111)
[2026-04-19T03:27:03.830Z WARN  network::simple_sender] Failed to connect to 10.10.1.8:5036 (retry 0): Connection refused (os error 111)
[2026-04-19T03:27:03.837Z INFO  worker::batch_maker] Batch MRKqo2vrOS5kVIoyNcc7MhGNQDry4mH1aMxogrC8Z7w= contains sample tx 2581
[2026-04-19T03:27:03.837Z INFO  worker::batch_maker] Batch MRKqo2vrOS5kVIoyNcc7MhGNQDry4mH1aMxogrC8Z7w= contains 204800 B
[2026-04-19T03:27:03.840Z WARN  network::simple_sender] Failed to connect to 10.10.1.8:5036 (retry 0): Connection refused (os error 111)
[2026-04-19T03:27:03.841Z WARN  network::simple_sender] Failed to connect to 10.10.1.8:5036 (retry 0): Connection refused (os error 111)
[2026-04-19T03:27:03.844Z WARN  network::simple_sender] Failed to connect to 10.10.1.8:5036 (retry 0): Connection refused (os error 111)
[2026-04-19T03:27:03.847Z WARN  network::simple_sender] Failed to connect to 10.10.1.8:5036 (retry 0): Connection refused (os error 111)
[2026-04-19T03:27:03.850Z WARN  network::simple_sender] Failed to connect to 10.10.1.8:5036 (retry 0): Connection refused (os error 111)
[2026-04-19T03:27:03.863Z WARN  network::simple_sender] Failed to connect to 10.10.1.8:5036 (retry 0): Connection refused (os error 111)
[2026-04-19T03:27:03.866Z WARN  network::simple_sender] Failed to connect to 10.10.1.8:5036 (retry 0): Connection refused (os error 111)
[2026-04-19T03:27:03.870Z WARN  network::simple_sender] Failed to connect to 10.10.1.8:5036 (retry 0): Connection refused (os error 111)
[2026-04-19T03:27:03.874Z WARN  network::simple_sender] Failed to connect to 10.10.1.8:5036 (retry 0): Connection refused (os error 111)
[2026-04-19T03:27:03.883Z WARN  network::simple_sender] Failed to connect to 10.10.1.8:5036 (retry 0): Connection refused (os error 111)
[2026-04-19T03:27:03.890Z INFO  worker::batch_maker] Batch IbHGV9N4DG+EN/nUZYUWhB+HBSUDztGaVrtMUiF7YbU= contains sample tx 2582
[2026-04-19T03:27:03.890Z INFO  worker::batch_maker] Batch IbHGV9N4DG+EN/nUZYUWhB+HBSUDztGaVrtMUiF7YbU= contains 204800 B
[2026-04-19T03:27:03.892Z WARN  network::simple_sender] Failed to connect to 10.10.1.8:5036 (retry 0): Connection refused (os error 111)
[2026-04-19T03:27:03.895Z WARN  network::simple_sender] Failed to connect to 10.10.1.8:5036 (retry 0): Connection refused (os error 111)
[2026-04-19T03:27:03.895Z WARN  network::simple_sender] Failed to connect to 10.10.1.8:5036 (retry 0): Connection refused (os error 111)
[2026-04-19T03:27:03.899Z WARN  network::simple_sender] Failed to connect to 10.10.1.8:5036 (retry 0): Connection refused (os error 111)
[2026-04-19T03:27:03.903Z WARN  network::simple_sender] Failed to connect to 10.10.1.8:5036 (retry 0): Connection refused (os error 111)
[2026-04-19T03:27:03.920Z WARN  network::simple_sender] Failed to connect to 10.10.1.8:5036 (retry 0): Connection refused (os error 111)
[2026-04-19T03:27:03.923Z WARN  network::simple_sender] Failed to connect to 10.10.1.8:5036 (retry 0): Connection refused (os error 111)
[2026-04-19T03:27:03.924Z WARN  network::simple_sender] Failed to connect to 10.10.1.8:5036 (retry 0): Connection refused (os error 111)
[2026-04-19T03:27:03.928Z WARN  network::simple_sender] Failed to connect to 10.10.1.8:5036 (retry 0): Connection refused (os error 111)
[2026-04-19T03:27:03.938Z WARN  network::simple_sender] Failed to connect to 10.10.1.8:5036 (retry 0): Connection refused (os error 111)
[2026-04-19T03:27:03.942Z INFO  worker::batch_maker] Batch VUthjMmS/jzs4TTr6iDgNC8llHsHYXdGl/eY+pjRtz0= contains sample tx 2583
[2026-04-19T03:27:03.942Z INFO  worker::batch_maker] Batch VUthjMmS/jzs4TTr6iDgNC8llHsHYXdGl/eY+pjRtz0= contains 204800 B
[2026-04-19T03:27:03.945Z WARN  network::simple_sender] Failed to connect to 10.10.1.8:5036 (retry 0): Connection refused (os error 111)
[2026-04-19T03:27:03.948Z WARN  network::simple_sender] Failed to connect to 10.10.1.8:5036 (retry 0): Connection refused (os error 111)
[2026-04-19T03:27:03.949Z WARN  network::simple_sender] Failed to connect to 10.10.1.8:5036 (retry 0): Connection refused (os error 111)
[2026-04-19T03:27:03.953Z WARN  network::simple_sender] Failed to connect to 10.10.1.8:5036 (retry 0): Connection refused (os error 111)
[2026-04-19T03:27:03.956Z WARN  network::simple_sender] Failed to connect to 10.10.1.8:5036 (retry 0): Connection refused (os error 111)
[2026-04-19T03:27:03.973Z WARN  network::simple_sender] Failed to connect to 10.10.1.8:5036 (retry 0): Connection refused (os error 111)
[2026-04-19T03:27:03.974Z WARN  network::simple_sender] Failed to connect to 10.10.1.8:5036 (retry 0): Connection refused (os error 111)
[2026-04-19T03:27:03.977Z WARN  network::simple_sender] Failed to connect to 10.10.1.8:5036 (retry 0): Connection refused (os error 111)
