[2026-04-19T03:24:50.380Z INFO  worker::worker] Worker 0 listening to primary messages on 0.0.0.0:5032
[2026-04-19T03:24:50.380Z INFO  worker::worker] Worker 0 listening to client transactions on 0.0.0.0:5033
[2026-04-19T03:24:50.380Z INFO  worker::worker] Worker 0 listening to worker messages on 0.0.0.0:5034
[2026-04-19T03:24:50.380Z INFO  worker::worker] Worker 0 successfully booted on 10.10.1.7
[2026-04-19T03:24:50.382Z INFO  network::receiver] Incoming connection established with 10.10.1.4:33078
[2026-04-19T03:24:50.382Z INFO  network::receiver] Incoming connection established with 10.10.1.10:41694
[2026-04-19T03:24:50.382Z WARN  network::receiver] Connection closed by peer 10.10.1.10:41694
[2026-04-19T03:24:50.382Z WARN  network::receiver] Connection closed by peer 10.10.1.4:33078
[2026-04-19T03:24:50.382Z INFO  network::receiver] Incoming connection established with 10.10.1.1:51008
[2026-04-19T03:24:50.382Z WARN  network::receiver] Connection closed by peer 10.10.1.1:51008
[2026-04-19T03:24:50.384Z INFO  network::receiver] Incoming connection established with 10.10.1.3:56878
[2026-04-19T03:24:50.384Z WARN  network::receiver] Connection closed by peer 10.10.1.3:56878
[2026-04-19T03:24:50.385Z INFO  network::receiver] Incoming connection established with 10.10.1.9:39706
[2026-04-19T03:24:50.386Z WARN  network::receiver] Connection closed by peer 10.10.1.9:39706
[2026-04-19T03:24:50.386Z INFO  network::receiver] Incoming connection established with 10.10.1.2:55604
[2026-04-19T03:24:50.386Z INFO  network::receiver] Incoming connection established with 10.10.1.8:42102
[2026-04-19T03:24:50.386Z WARN  network::receiver] Connection closed by peer 10.10.1.2:55604
[2026-04-19T03:24:50.386Z WARN  network::receiver] Connection closed by peer 10.10.1.8:42102
[2026-04-19T03:24:50.391Z INFO  network::receiver] Incoming connection established with 10.10.1.7:58490
[2026-04-19T03:24:50.391Z WARN  network::receiver] Connection closed by peer 10.10.1.7:58490
[2026-04-19T03:24:50.391Z INFO  network::receiver] Incoming connection established with 10.10.1.5:50824
[2026-04-19T03:24:50.391Z WARN  network::receiver] Connection closed by peer 10.10.1.5:50824
[2026-04-19T03:24:50.392Z INFO  network::receiver] Incoming connection established with 10.10.1.6:48038
[2026-04-19T03:24:50.392Z WARN  network::receiver] Connection closed by peer 10.10.1.6:48038
[2026-04-19T03:24:50.676Z INFO  network::receiver] Incoming connection established with 10.10.1.7:55028
[2026-04-19T03:24:54.753Z INFO  network::receiver] Incoming connection established with 10.10.1.7:60630
[2026-04-19T03:24:54.759Z INFO  network::receiver] Incoming connection established with 10.10.1.5:54368
[2026-04-19T03:24:54.760Z INFO  network::receiver] Incoming connection established with 10.10.1.8:52340
[2026-04-19T03:24:54.765Z INFO  network::simple_sender] Outgoing connection established with 10.10.1.7:5031
[2026-04-19T03:24:54.776Z INFO  worker::batch_maker] Batch ItCbwVZUjyN8Vogi/M+61v6M0HQZiNP8AuKd4Lu+inY= contains sample tx 0
[2026-04-19T03:24:54.776Z INFO  worker::batch_maker] Batch ItCbwVZUjyN8Vogi/M+61v6M0HQZiNP8AuKd4Lu+inY= contains 204800 B
[2026-04-19T03:24:54.776Z INFO  network::reliable_sender] Outgoing connection established with 10.10.1.3:5014
[2026-04-19T03:24:54.776Z INFO  network::reliable_sender] Outgoing connection established with 10.10.1.10:5049
[2026-04-19T03:24:54.776Z INFO  network::reliable_sender] Outgoing connection established with 10.10.1.9:5044
[2026-04-19T03:24:54.776Z INFO  network::reliable_sender] Outgoing connection established with 10.10.1.1:5004
[2026-04-19T03:24:54.776Z INFO  network::reliable_sender] Outgoing connection established with 10.10.1.2:5009
[2026-04-19T03:24:54.776Z INFO  network::reliable_sender] Outgoing connection established with 10.10.1.5:5024
[2026-04-19T03:24:54.776Z INFO  network::reliable_sender] Outgoing connection established with 10.10.1.8:5039
[2026-04-19T03:24:54.776Z INFO  network::reliable_sender] Outgoing connection established with 10.10.1.6:5029
[2026-04-19T03:24:54.776Z INFO  network::reliable_sender] Outgoing connection established with 10.10.1.4:5019
[2026-04-19T03:24:54.779Z INFO  network::receiver] Incoming connection established with 10.10.1.2:41316
[2026-04-19T03:24:54.793Z INFO  network::receiver] Incoming connection established with 10.10.1.1:51030
[2026-04-19T03:24:54.794Z INFO  network::receiver] Incoming connection established with 10.10.1.4:34888
[2026-04-19T03:24:54.797Z INFO  network::receiver] Incoming connection established with 10.10.1.9:60500
[2026-04-19T03:24:54.797Z INFO  network::receiver] Incoming connection established with 10.10.1.10:59340
[2026-04-19T03:24:54.799Z INFO  network::receiver] Incoming connection established with 10.10.1.6:36248
[2026-04-19T03:24:54.800Z INFO  network::receiver] Incoming connection established with 10.10.1.3:39730
[2026-04-19T03:24:54.830Z INFO  worker::batch_maker] Batch FBKYcI6MQto1OKfMs0YWhAwlnYNmeZP9YaCkxO1TNHs= contains sample tx 1
[2026-04-19T03:24:54.830Z INFO  worker::batch_maker] Batch FBKYcI6MQto1OKfMs0YWhAwlnYNmeZP9YaCkxO1TNHs= contains 204800 B
[2026-04-19T03:24:54.884Z INFO  worker::batch_maker] Batch o9vwf8adh9r9YZuUwheD/U5LUhp3Jt5wh6K5BPnd2tA= contains sample tx 2
[2026-04-19T03:24:54.884Z INFO  worker::batch_maker] Batch o9vwf8adh9r9YZuUwheD/U5LUhp3Jt5wh6K5BPnd2tA= contains 204800 B
[2026-04-19T03:24:54.937Z INFO  worker::batch_maker] Batch rQ1xBAPkSuiytY9BlS5ghJ3LuWP2c0oQ6ZuHpz36uKg= contains sample tx 3
[2026-04-19T03:24:54.937Z INFO  worker::batch_maker] Batch rQ1xBAPkSuiytY9BlS5ghJ3LuWP2c0oQ6ZuHpz36uKg= contains 204800 B
[2026-04-19T03:24:54.991Z INFO  worker::batch_maker] Batch WXAOLHRriS3IxRq21wgx18uMQHaBFBuf19d4tY6WefA= contains sample tx 4
[2026-04-19T03:24:54.991Z INFO  worker::batch_maker] Batch WXAOLHRriS3IxRq21wgx18uMQHaBFBuf19d4tY6WefA= contains 204800 B
[2026-04-19T03:24:55.044Z INFO  worker::batch_maker] Batch 2lIhH4QKoEFe4Vj9t4rAXQyenEqEWbMofB8wlS8IP9A= contains sample tx 5
[2026-04-19T03:24:55.044Z INFO  worker::batch_maker] Batch 2lIhH4QKoEFe4Vj9t4rAXQyenEqEWbMofB8wlS8IP9A= contains 204800 B
[2026-04-19T03:24:55.097Z INFO  worker::batch_maker] Batch HYRn4tGrbrc+LWHLMMLUs54ob8SSSxkVQ9xILL/0BeM= contains sample tx 6
[2026-04-19T03:24:55.097Z INFO  worker::batch_maker] Batch HYRn4tGrbrc+LWHLMMLUs54ob8SSSxkVQ9xILL/0BeM= contains 204800 B
[2026-04-19T03:24:55.149Z INFO  worker::batch_maker] Batch 4HWM73P9uK6V7YxyvBrkpJS4iFFBQw8FMJ3mqNRfrbU= contains sample tx 7
[2026-04-19T03:24:55.149Z INFO  worker::batch_maker] Batch 4HWM73P9uK6V7YxyvBrkpJS4iFFBQw8FMJ3mqNRfrbU= contains 204800 B
[2026-04-19T03:24:55.202Z INFO  worker::batch_maker] Batch gqODzY3U6ewa3p3yaJDmPdDzKtBf8Nsqb+yaXIdO4/s= contains sample tx 8
[2026-04-19T03:24:55.202Z INFO  worker::batch_maker] Batch gqODzY3U6ewa3p3yaJDmPdDzKtBf8Nsqb+yaXIdO4/s= contains 204800 B
[2026-04-19T03:24:55.256Z INFO  worker::batch_maker] Batch yvNs6XsahzyBJDZerOaKJ6CppyL7QYBEAMvQ9gqHpDU= contains sample tx 9
[2026-04-19T03:24:55.256Z INFO  worker::batch_maker] Batch yvNs6XsahzyBJDZerOaKJ6CppyL7QYBEAMvQ9gqHpDU= contains 204800 B
[2026-04-19T03:24:55.310Z INFO  worker::batch_maker] Batch ERCE0m86sAXKuKMpKmaSiES86z1x1AW0NDTgaGIxUZM= contains sample tx 10
[2026-04-19T03:24:55.310Z INFO  worker::batch_maker] Batch ERCE0m86sAXKuKMpKmaSiES86z1x1AW0NDTgaGIxUZM= contains sample tx 11
[2026-04-19T03:24:55.310Z INFO  worker::batch_maker] Batch ERCE0m86sAXKuKMpKmaSiES86z1x1AW0NDTgaGIxUZM= contains 291840 B
[2026-04-19T03:24:55.367Z INFO  worker::batch_maker] Batch ZzzbQ6e0v3BH/ZF6fnIGolCHMwyDM9HYouYQ7NOo8wQ= contains sample tx 12
[2026-04-19T03:24:55.367Z INFO  worker::batch_maker] Batch ZzzbQ6e0v3BH/ZF6fnIGolCHMwyDM9HYouYQ7NOo8wQ= contains 322560 B
[2026-04-19T03:24:55.421Z INFO  worker::batch_maker] Batch 0eW5tnpYJa1sk6xghYH9upw8m2gdEiOSxjBNCwu++yI= contains sample tx 13
[2026-04-19T03:24:55.421Z INFO  worker::batch_maker] Batch 0eW5tnpYJa1sk6xghYH9upw8m2gdEiOSxjBNCwu++yI= contains 204800 B
[2026-04-19T03:24:55.473Z INFO  worker::batch_maker] Batch 1eosevdquD8hXPi/RZ8pge6fxDcL2koXDgohWyc4/DM= contains sample tx 14
[2026-04-19T03:24:55.473Z INFO  worker::batch_maker] Batch 1eosevdquD8hXPi/RZ8pge6fxDcL2koXDgohWyc4/DM= contains 204800 B
[2026-04-19T03:24:55.526Z INFO  worker::batch_maker] Batch O/8zNrWEgjbd5HAqeoUCEo83tGLfru/esvFn/rpTR98= contains sample tx 15
[2026-04-19T03:24:55.526Z INFO  worker::batch_maker] Batch O/8zNrWEgjbd5HAqeoUCEo83tGLfru/esvFn/rpTR98= contains 204800 B
[2026-04-19T03:24:55.580Z INFO  worker::batch_maker] Batch u4lszt4d2MWVvQBf/M/fqYWww3EgY6d7YkscVg/MYJI= contains sample tx 16
[2026-04-19T03:24:55.580Z INFO  worker::batch_maker] Batch u4lszt4d2MWVvQBf/M/fqYWww3EgY6d7YkscVg/MYJI= contains 204800 B
[2026-04-19T03:24:55.634Z INFO  worker::batch_maker] Batch FBvaMh5FeNCnEDzYeBOH0lC+K5VoZ+KKY7i8ot9Zc+c= contains sample tx 17
[2026-04-19T03:24:55.634Z INFO  worker::batch_maker] Batch FBvaMh5FeNCnEDzYeBOH0lC+K5VoZ+KKY7i8ot9Zc+c= contains 204800 B
[2026-04-19T03:24:55.685Z INFO  worker::batch_maker] Batch hSFuHhRZbN0OhbSClE20VyFs6HXCpCtw1OlBJb49zn4= contains sample tx 18
[2026-04-19T03:24:55.685Z INFO  worker::batch_maker] Batch hSFuHhRZbN0OhbSClE20VyFs6HXCpCtw1OlBJb49zn4= contains 204800 B
[2026-04-19T03:24:55.739Z INFO  worker::batch_maker] Batch L+fsWnauusdm5Egx2hgOFD3+0kneoXZ8darAsUBJQDo= contains sample tx 19
[2026-04-19T03:24:55.739Z INFO  worker::batch_maker] Batch L+fsWnauusdm5Egx2hgOFD3+0kneoXZ8darAsUBJQDo= contains 204800 B
[2026-04-19T03:24:55.792Z INFO  worker::batch_maker] Batch P2aKeQ0d8U/j0WLlyUIfV+V+pn8O5qMFitESFEiYIsE= contains sample tx 20
[2026-04-19T03:24:55.792Z INFO  worker::batch_maker] Batch P2aKeQ0d8U/j0WLlyUIfV+V+pn8O5qMFitESFEiYIsE= contains 204800 B
[2026-04-19T03:24:55.845Z INFO  worker::batch_maker] Batch 6qmHWfwkNXLeg2UeyhUwz5oluHjw6GUmppemPwYQ+jc= contains sample tx 21
[2026-04-19T03:24:55.845Z INFO  worker::batch_maker] Batch 6qmHWfwkNXLeg2UeyhUwz5oluHjw6GUmppemPwYQ+jc= contains 204800 B
[2026-04-19T03:24:55.897Z INFO  worker::batch_maker] Batch CT0rxdZNNOv1ZavNPw9XLFb7EbFN2ukRsPOdn9CTL14= contains sample tx 22
[2026-04-19T03:24:55.897Z INFO  worker::batch_maker] Batch CT0rxdZNNOv1ZavNPw9XLFb7EbFN2ukRsPOdn9CTL14= contains 204800 B
[2026-04-19T03:24:55.950Z INFO  worker::batch_maker] Batch QD8NObHkdvJTTEp242N7iIgHMujxu2SeAf5ZiaaPYqc= contains sample tx 23
[2026-04-19T03:24:55.950Z INFO  worker::batch_maker] Batch QD8NObHkdvJTTEp242N7iIgHMujxu2SeAf5ZiaaPYqc= contains 204800 B
[2026-04-19T03:24:56.004Z INFO  worker::batch_maker] Batch UBTSAcoAIq8PXKUG6sdI+zK9yjwusyRt7H0vTJyyXCU= contains sample tx 24
[2026-04-19T03:24:56.004Z INFO  worker::batch_maker] Batch UBTSAcoAIq8PXKUG6sdI+zK9yjwusyRt7H0vTJyyXCU= contains 204800 B
[2026-04-19T03:24:56.009Z INFO  network::receiver] Incoming connection established with 10.10.1.6:46062
[2026-04-19T03:24:56.009Z INFO  network::receiver] Incoming connection established with 10.10.1.2:35036
[2026-04-19T03:24:56.010Z INFO  network::receiver] Incoming connection established with 10.10.1.7:48406
[2026-04-19T03:24:56.010Z INFO  network::simple_sender] Outgoing connection established with 10.10.1.7:5034
[2026-04-19T03:24:56.010Z INFO  network::receiver] Incoming connection established with 10.10.1.8:33998
[2026-04-19T03:24:56.057Z INFO  worker::batch_maker] Batch FmNuVpN6C42pAaQW8ejkHl2+NDirALyvkLJI49/VFmc= contains sample tx 25
[2026-04-19T03:24:56.057Z INFO  worker::batch_maker] Batch FmNuVpN6C42pAaQW8ejkHl2+NDirALyvkLJI49/VFmc= contains 210944 B
[2026-04-19T03:24:56.111Z INFO  worker::batch_maker] Batch 7Ohu80oZ/UuclUxKR1e38JZeoG+2mPC13JrcbWES69g= contains sample tx 26
[2026-04-19T03:24:56.111Z INFO  worker::batch_maker] Batch 7Ohu80oZ/UuclUxKR1e38JZeoG+2mPC13JrcbWES69g= contains sample tx 27
[2026-04-19T03:24:56.111Z INFO  worker::batch_maker] Batch 7Ohu80oZ/UuclUxKR1e38JZeoG+2mPC13JrcbWES69g= contains 403456 B
[2026-04-19T03:24:56.165Z INFO  worker::batch_maker] Batch ohzxQsfLpwl4X5TnlrXaL19/kydbxK7/8c+5nnqdSt0= contains sample tx 28
[2026-04-19T03:24:56.165Z INFO  worker::batch_maker] Batch ohzxQsfLpwl4X5TnlrXaL19/kydbxK7/8c+5nnqdSt0= contains 204800 B
[2026-04-19T03:24:56.218Z INFO  worker::batch_maker] Batch CCbyr/QUxnjIOhuf99vqY92kOF86zuuLvrWuMTciVfw= contains sample tx 29
[2026-04-19T03:24:56.218Z INFO  worker::batch_maker] Batch CCbyr/QUxnjIOhuf99vqY92kOF86zuuLvrWuMTciVfw= contains 204800 B
[2026-04-19T03:24:56.270Z INFO  worker::batch_maker] Batch B7mh0z9dj3S8xY4n6g2jXoZ+cD1ImGM6k+FiqmzPPd4= contains sample tx 30
[2026-04-19T03:24:56.270Z INFO  worker::batch_maker] Batch B7mh0z9dj3S8xY4n6g2jXoZ+cD1ImGM6k+FiqmzPPd4= contains 204800 B
[2026-04-19T03:24:56.322Z INFO  worker::batch_maker] Batch u7f58lQbmP8Wcuq4YBS/sXMvsyVtQDBupKA4lHiRpys= contains sample tx 31
[2026-04-19T03:24:56.322Z INFO  worker::batch_maker] Batch u7f58lQbmP8Wcuq4YBS/sXMvsyVtQDBupKA4lHiRpys= contains 204800 B
[2026-04-19T03:24:56.375Z INFO  worker::batch_maker] Batch m8zirbXhJPOOelQAKen38eU3/DTffZHptZU1I0UW598= contains sample tx 32
[2026-04-19T03:24:56.375Z INFO  worker::batch_maker] Batch m8zirbXhJPOOelQAKen38eU3/DTffZHptZU1I0UW598= contains 204800 B
[2026-04-19T03:24:56.428Z INFO  worker::batch_maker] Batch W08k4jNjSlPsZs03JrbsoJoBN+00aI41UxVAreZF97g= contains sample tx 33
[2026-04-19T03:24:56.428Z INFO  worker::batch_maker] Batch W08k4jNjSlPsZs03JrbsoJoBN+00aI41UxVAreZF97g= contains 204800 B
[2026-04-19T03:24:56.482Z INFO  worker::batch_maker] Batch ZGf40OrJUljxx1FCaslnG5cbLFxEFcFO4Ks4wacCvJ4= contains sample tx 34
[2026-04-19T03:24:56.482Z INFO  worker::batch_maker] Batch ZGf40OrJUljxx1FCaslnG5cbLFxEFcFO4Ks4wacCvJ4= contains 204800 B
[2026-04-19T03:24:56.535Z INFO  worker::batch_maker] Batch 1gQpBSR835WzgEjArr4dnyc8yFo8d1VB7Hc+r3Ecg4Q= contains sample tx 35
[2026-04-19T03:24:56.535Z INFO  worker::batch_maker] Batch 1gQpBSR835WzgEjArr4dnyc8yFo8d1VB7Hc+r3Ecg4Q= contains 204800 B
[2026-04-19T03:24:56.590Z INFO  worker::batch_maker] Batch sVlimrPYKFo2Nqxf974SFzK1nKV/cQZAE5aycFLDyS8= contains sample tx 36
[2026-04-19T03:24:56.590Z INFO  worker::batch_maker] Batch sVlimrPYKFo2Nqxf974SFzK1nKV/cQZAE5aycFLDyS8= contains 204800 B
[2026-04-19T03:24:56.642Z INFO  worker::batch_maker] Batch DKZZcE9iYnvh7ReM+bojOXvjZ21T4l11A/6UJSoXKtU= contains sample tx 37
[2026-04-19T03:24:56.642Z INFO  worker::batch_maker] Batch DKZZcE9iYnvh7ReM+bojOXvjZ21T4l11A/6UJSoXKtU= contains 204800 B
[2026-04-19T03:24:56.693Z INFO  worker::batch_maker] Batch WqxDAZGw0Kk6U+vG1Bbna4dHij4SCKwJsAUzqoqQgak= contains sample tx 38
[2026-04-19T03:24:56.693Z INFO  worker::batch_maker] Batch WqxDAZGw0Kk6U+vG1Bbna4dHij4SCKwJsAUzqoqQgak= contains 204800 B
[2026-04-19T03:24:56.746Z INFO  worker::batch_maker] Batch KVzgHEaoh4JP+8Kv7TzJXM/Oz0btUy+R9M0QKP+vibU= contains sample tx 39
[2026-04-19T03:24:56.746Z INFO  worker::batch_maker] Batch KVzgHEaoh4JP+8Kv7TzJXM/Oz0btUy+R9M0QKP+vibU= contains 204800 B
[2026-04-19T03:24:56.798Z INFO  worker::batch_maker] Batch jKRjAQ9jBlkLY7bm0htp3tD30vEu2kRV38KwltEH6dM= contains sample tx 40
[2026-04-19T03:24:56.798Z INFO  worker::batch_maker] Batch jKRjAQ9jBlkLY7bm0htp3tD30vEu2kRV38KwltEH6dM= contains 204800 B
[2026-04-19T03:24:56.851Z INFO  worker::batch_maker] Batch EaUTomEaiBefQkPlv4lZCa5sxlU4GZ4XF53spL+MYI8= contains sample tx 41
[2026-04-19T03:24:56.851Z INFO  worker::batch_maker] Batch EaUTomEaiBefQkPlv4lZCa5sxlU4GZ4XF53spL+MYI8= contains 204800 B
[2026-04-19T03:24:56.904Z INFO  worker::batch_maker] Batch L3V52Rl1ngAYbO9GrIo4wvef+vTljVcLdFzEMBrOoCM= contains sample tx 42
[2026-04-19T03:24:56.904Z INFO  worker::batch_maker] Batch L3V52Rl1ngAYbO9GrIo4wvef+vTljVcLdFzEMBrOoCM= contains 204800 B
[2026-04-19T03:24:56.958Z INFO  worker::batch_maker] Batch Xt+f/uqWgZXp60L7AxKZucF9IdNhrGopPIpr9lYWtNg= contains sample tx 43
[2026-04-19T03:24:56.958Z INFO  worker::batch_maker] Batch Xt+f/uqWgZXp60L7AxKZucF9IdNhrGopPIpr9lYWtNg= contains sample tx 44
[2026-04-19T03:24:56.958Z INFO  worker::batch_maker] Batch Xt+f/uqWgZXp60L7AxKZucF9IdNhrGopPIpr9lYWtNg= contains 284160 B
[2026-04-19T03:24:57.014Z INFO  worker::batch_maker] Batch QEH199O7A0oxMebqlVyLZ8Sd3CORjxm4YxWqC2aOh2Q= contains sample tx 45
[2026-04-19T03:24:57.014Z INFO  worker::batch_maker] Batch QEH199O7A0oxMebqlVyLZ8Sd3CORjxm4YxWqC2aOh2Q= contains 265728 B
[2026-04-19T03:24:57.067Z INFO  worker::batch_maker] Batch ZE3u0ELg/9Uvc/Q/OwVngFE/wwFo7G1zjN7ktRfP7vM= contains sample tx 46
[2026-04-19T03:24:57.067Z INFO  worker::batch_maker] Batch ZE3u0ELg/9Uvc/Q/OwVngFE/wwFo7G1zjN7ktRfP7vM= contains 269312 B
[2026-04-19T03:24:57.121Z INFO  worker::batch_maker] Batch 7ZgPijHv9YdFETPBCRRfgLS+UWAAzSp4iwl/Vl1YEYU= contains sample tx 47
[2026-04-19T03:24:57.121Z INFO  worker::batch_maker] Batch 7ZgPijHv9YdFETPBCRRfgLS+UWAAzSp4iwl/Vl1YEYU= contains 204800 B
[2026-04-19T03:24:57.174Z INFO  worker::batch_maker] Batch DdwQ3l6+kFX7eOfsAqhoEmKU8aV1PQlSr4+6pwNSV1U= contains sample tx 48
[2026-04-19T03:24:57.174Z INFO  worker::batch_maker] Batch DdwQ3l6+kFX7eOfsAqhoEmKU8aV1PQlSr4+6pwNSV1U= contains 204800 B
[2026-04-19T03:24:57.227Z INFO  worker::batch_maker] Batch V6eRB2LXnBlcqMZrUY2P6Gaz/LLtqxM+KZsCn9Zm+38= contains sample tx 49
[2026-04-19T03:24:57.227Z INFO  worker::batch_maker] Batch V6eRB2LXnBlcqMZrUY2P6Gaz/LLtqxM+KZsCn9Zm+38= contains 204800 B
[2026-04-19T03:24:57.280Z INFO  worker::batch_maker] Batch dg07y3zZt7lPAhNPQ48Or0DEDKTttDOCwdnn6AEL7BI= contains sample tx 50
[2026-04-19T03:24:57.280Z INFO  worker::batch_maker] Batch dg07y3zZt7lPAhNPQ48Or0DEDKTttDOCwdnn6AEL7BI= contains 204800 B
[2026-04-19T03:24:57.333Z INFO  worker::batch_maker] Batch 8zdATBnuA+nvQ3v6SrWWpIhuzmVNaF96S7LMP8DAPyE= contains sample tx 51
[2026-04-19T03:24:57.333Z INFO  worker::batch_maker] Batch 8zdATBnuA+nvQ3v6SrWWpIhuzmVNaF96S7LMP8DAPyE= contains 204800 B
[2026-04-19T03:24:57.387Z INFO  worker::batch_maker] Batch E+wHufL/BqTcJvCk0aEAbuBg0Z4LpHdutfeZaLuBP9o= contains sample tx 52
[2026-04-19T03:24:57.387Z INFO  worker::batch_maker] Batch E+wHufL/BqTcJvCk0aEAbuBg0Z4LpHdutfeZaLuBP9o= contains 204800 B
[2026-04-19T03:24:57.440Z INFO  worker::batch_maker] Batch 2hTDCL711qkKT5lV2BAAGkT9UspFQFX3IySWqvagDbM= contains sample tx 53
[2026-04-19T03:24:57.440Z INFO  worker::batch_maker] Batch 2hTDCL711qkKT5lV2BAAGkT9UspFQFX3IySWqvagDbM= contains 204800 B
[2026-04-19T03:24:57.493Z INFO  worker::batch_maker] Batch Dp2kGpTsJAMG3MxR66Cd8qPuTLED9p8ppQrlIyn1/as= contains sample tx 54
[2026-04-19T03:24:57.493Z INFO  worker::batch_maker] Batch Dp2kGpTsJAMG3MxR66Cd8qPuTLED9p8ppQrlIyn1/as= contains 204800 B
[2026-04-19T03:24:57.545Z INFO  worker::batch_maker] Batch vA01KlGuBi8xR+rSB0UTKlyCPQCaGexemEaVdVwUrek= contains sample tx 55
[2026-04-19T03:24:57.545Z INFO  worker::batch_maker] Batch vA01KlGuBi8xR+rSB0UTKlyCPQCaGexemEaVdVwUrek= contains 204800 B
[2026-04-19T03:24:57.598Z INFO  worker::batch_maker] Batch OBgna7r5wNVvXI2OZOty4ZFGho4F/hvGe7U+bt+ML0Q= contains sample tx 56
[2026-04-19T03:24:57.598Z INFO  worker::batch_maker] Batch OBgna7r5wNVvXI2OZOty4ZFGho4F/hvGe7U+bt+ML0Q= contains 204800 B
[2026-04-19T03:24:57.650Z INFO  worker::batch_maker] Batch vVyMAY5cu7wZNDrrge/vXZRKN4JNWNGpMnlxwiDRWXE= contains sample tx 57
[2026-04-19T03:24:57.650Z INFO  worker::batch_maker] Batch vVyMAY5cu7wZNDrrge/vXZRKN4JNWNGpMnlxwiDRWXE= contains 204800 B
[2026-04-19T03:24:57.702Z INFO  worker::batch_maker] Batch L0CC6GA0bLI4Jcc/TSwu69uSd6YCxnDyula8CXgfq5k= contains sample tx 58
[2026-04-19T03:24:57.702Z INFO  worker::batch_maker] Batch L0CC6GA0bLI4Jcc/TSwu69uSd6YCxnDyula8CXgfq5k= contains 204800 B
[2026-04-19T03:24:57.755Z INFO  worker::batch_maker] Batch joVZvcRPDBrIcEQ2epp8MNIlbCH+QS+Dyc7Ec45mtNc= contains sample tx 59
[2026-04-19T03:24:57.755Z INFO  worker::batch_maker] Batch joVZvcRPDBrIcEQ2epp8MNIlbCH+QS+Dyc7Ec45mtNc= contains 204800 B
[2026-04-19T03:24:57.809Z INFO  worker::batch_maker] Batch w/DHhNF/KMX5imcxBw6zLCdyzaruilbNrO3ClT7JqR8= contains sample tx 60
[2026-04-19T03:24:57.809Z INFO  worker::batch_maker] Batch w/DHhNF/KMX5imcxBw6zLCdyzaruilbNrO3ClT7JqR8= contains sample tx 61
[2026-04-19T03:24:57.809Z INFO  worker::batch_maker] Batch w/DHhNF/KMX5imcxBw6zLCdyzaruilbNrO3ClT7JqR8= contains 314368 B
[2026-04-19T03:24:57.864Z INFO  worker::batch_maker] Batch 9nM+VzLvw4j2XyfPzcmM9aQGRjfwGvRrSjq1yyAuOgQ= contains sample tx 62
[2026-04-19T03:24:57.864Z INFO  worker::batch_maker] Batch 9nM+VzLvw4j2XyfPzcmM9aQGRjfwGvRrSjq1yyAuOgQ= contains 300032 B
[2026-04-19T03:24:57.917Z INFO  worker::batch_maker] Batch h21c1gYK2mWn0dSOcmfSHoAb6T0kEHli9G/gdm/Jo+M= contains sample tx 63
[2026-04-19T03:24:57.917Z INFO  worker::batch_maker] Batch h21c1gYK2mWn0dSOcmfSHoAb6T0kEHli9G/gdm/Jo+M= contains 204800 B
[2026-04-19T03:24:57.969Z INFO  worker::batch_maker] Batch pMhKxBiLAqgRiWeQaGgEDWmB6TKZytPjgiq/SyJPNYU= contains sample tx 64
[2026-04-19T03:24:57.969Z INFO  worker::batch_maker] Batch pMhKxBiLAqgRiWeQaGgEDWmB6TKZytPjgiq/SyJPNYU= contains 204800 B
[2026-04-19T03:24:58.023Z INFO  worker::batch_maker] Batch +pL29RIXeZ8u3LpzLP5w/t4mfg34jS/BpAiKYBcUmN4= contains sample tx 65
[2026-04-19T03:24:58.023Z INFO  worker::batch_maker] Batch +pL29RIXeZ8u3LpzLP5w/t4mfg34jS/BpAiKYBcUmN4= contains 204800 B
[2026-04-19T03:24:58.077Z INFO  worker::batch_maker] Batch f3IVFr1fbpwOcg9z/Lam5uRDG3/RgxpSVSClnFAFgW4= contains sample tx 66
[2026-04-19T03:24:58.077Z INFO  worker::batch_maker] Batch f3IVFr1fbpwOcg9z/Lam5uRDG3/RgxpSVSClnFAFgW4= contains 204800 B
[2026-04-19T03:24:58.131Z INFO  worker::batch_maker] Batch Xm0P4GAPRGTRTer7U+/DyaaXydbPy5J9mDAQidalSaY= contains sample tx 67
[2026-04-19T03:24:58.131Z INFO  worker::batch_maker] Batch Xm0P4GAPRGTRTer7U+/DyaaXydbPy5J9mDAQidalSaY= contains 204800 B
[2026-04-19T03:24:58.184Z INFO  worker::batch_maker] Batch rduvhlkDn0IZ0L7toKIVewRsJ+PoqULs4hU0pIuJlJA= contains sample tx 68
[2026-04-19T03:24:58.184Z INFO  worker::batch_maker] Batch rduvhlkDn0IZ0L7toKIVewRsJ+PoqULs4hU0pIuJlJA= contains 204800 B
[2026-04-19T03:24:58.237Z INFO  worker::batch_maker] Batch TYaqgYYe07uQWb/eo1VdZXIVrHZwgzWKQPMeREM2Lt0= contains sample tx 69
[2026-04-19T03:24:58.237Z INFO  worker::batch_maker] Batch TYaqgYYe07uQWb/eo1VdZXIVrHZwgzWKQPMeREM2Lt0= contains 204800 B
[2026-04-19T03:24:58.287Z INFO  worker::batch_maker] Batch hd61Lt/D0lz3kN0VzLN32zEQriGHILZhp8JwKXIakR8= contains 512 B
[2026-04-19T03:24:58.366Z INFO  worker::batch_maker] Batch QTvraBPIt9BSj8uMbeQnbSm0FT7Y1ugzbnIWlojF81Q= contains sample tx 70
[2026-04-19T03:24:58.366Z INFO  worker::batch_maker] Batch QTvraBPIt9BSj8uMbeQnbSm0FT7Y1ugzbnIWlojF81Q= contains sample tx 71
[2026-04-19T03:24:58.366Z INFO  worker::batch_maker] Batch QTvraBPIt9BSj8uMbeQnbSm0FT7Y1ugzbnIWlojF81Q= contains sample tx 72
[2026-04-19T03:24:58.366Z INFO  worker::batch_maker] Batch QTvraBPIt9BSj8uMbeQnbSm0FT7Y1ugzbnIWlojF81Q= contains 467968 B
[2026-04-19T03:24:58.407Z INFO  network::receiver] Incoming connection established with 10.10.1.10:35544
[2026-04-19T03:24:58.421Z INFO  worker::batch_maker] Batch Rd22QoeFdX5hVwDUq6Iwrb3y7ogVZOcbY1s5HxiZvhU= contains sample tx 73
[2026-04-19T03:24:58.421Z INFO  worker::batch_maker] Batch Rd22QoeFdX5hVwDUq6Iwrb3y7ogVZOcbY1s5HxiZvhU= contains 350720 B
[2026-04-19T03:24:58.474Z INFO  worker::batch_maker] Batch saYnXci/02jSDKxl2GhJkEFDm/iuH/dlUsGHHTiXyEM= contains sample tx 74
[2026-04-19T03:24:58.474Z INFO  worker::batch_maker] Batch saYnXci/02jSDKxl2GhJkEFDm/iuH/dlUsGHHTiXyEM= contains 204800 B
[2026-04-19T03:24:58.527Z INFO  worker::batch_maker] Batch KSPxY2zRyy8SBKUFwFHepIa5Ges5vj4EYJYv09i4aYU= contains sample tx 75
[2026-04-19T03:24:58.527Z INFO  worker::batch_maker] Batch KSPxY2zRyy8SBKUFwFHepIa5Ges5vj4EYJYv09i4aYU= contains 204800 B
[2026-04-19T03:24:58.580Z INFO  worker::batch_maker] Batch wV4duB9ucW5WCoIiycEcVIM4U1qcUKLg+fm5GcQKwxM= contains sample tx 76
[2026-04-19T03:24:58.580Z INFO  worker::batch_maker] Batch wV4duB9ucW5WCoIiycEcVIM4U1qcUKLg+fm5GcQKwxM= contains 204800 B
[2026-04-19T03:24:58.633Z INFO  worker::batch_maker] Batch uaEc1AUhkP6RQIi4q2FA9VBSxlQaYZY1aVOYHDVjAQA= contains sample tx 77
[2026-04-19T03:24:58.633Z INFO  worker::batch_maker] Batch uaEc1AUhkP6RQIi4q2FA9VBSxlQaYZY1aVOYHDVjAQA= contains 204800 B
[2026-04-19T03:24:58.686Z INFO  worker::batch_maker] Batch KZigviLItnrpgxfJMXFaTEqYTOwWuDtdPnOK3LTxIeA= contains sample tx 78
[2026-04-19T03:24:58.686Z INFO  worker::batch_maker] Batch KZigviLItnrpgxfJMXFaTEqYTOwWuDtdPnOK3LTxIeA= contains 204800 B
[2026-04-19T03:24:58.740Z INFO  worker::batch_maker] Batch luknxsbi8b0A1gNoLRwbRPHsQlYRCiFHvibQMb6bfVo= contains sample tx 79
[2026-04-19T03:24:58.740Z INFO  worker::batch_maker] Batch luknxsbi8b0A1gNoLRwbRPHsQlYRCiFHvibQMb6bfVo= contains 204800 B
[2026-04-19T03:24:58.794Z INFO  worker::batch_maker] Batch /RU/MrWdEwGcxERbLoYA1pBcMahMkn7FIw7ybdWxub0= contains sample tx 80
[2026-04-19T03:24:58.795Z INFO  worker::batch_maker] Batch /RU/MrWdEwGcxERbLoYA1pBcMahMkn7FIw7ybdWxub0= contains 204800 B
[2026-04-19T03:24:58.849Z INFO  worker::batch_maker] Batch AnQH6fSJjfki2DXgx8ZaIXQp6D99+SvHUjBDrPVxEbI= contains sample tx 81
[2026-04-19T03:24:58.849Z INFO  worker::batch_maker] Batch AnQH6fSJjfki2DXgx8ZaIXQp6D99+SvHUjBDrPVxEbI= contains 204800 B
[2026-04-19T03:24:58.902Z INFO  worker::batch_maker] Batch L6TSGouf6kz7RglGVCwpmx8drFoGR+Q1R1qSH4zZ+Vg= contains sample tx 82
[2026-04-19T03:24:58.902Z INFO  worker::batch_maker] Batch L6TSGouf6kz7RglGVCwpmx8drFoGR+Q1R1qSH4zZ+Vg= contains 204800 B
[2026-04-19T03:24:58.910Z INFO  network::receiver] Incoming connection established with 10.10.1.3:35498
[2026-04-19T03:24:58.955Z INFO  worker::batch_maker] Batch +lwTzhcKudmN9KQab1penElJOi6qu+HRBA1vHPCgDdo= contains sample tx 83
[2026-04-19T03:24:58.955Z INFO  worker::batch_maker] Batch +lwTzhcKudmN9KQab1penElJOi6qu+HRBA1vHPCgDdo= contains 204800 B
[2026-04-19T03:24:59.010Z INFO  worker::batch_maker] Batch pHCKHGhi5BR0+d7Le7GGGkpx7shtoabWPVwdjfBbTHE= contains sample tx 84
[2026-04-19T03:24:59.010Z INFO  worker::batch_maker] Batch pHCKHGhi5BR0+d7Le7GGGkpx7shtoabWPVwdjfBbTHE= contains 224256 B
[2026-04-19T03:24:59.065Z INFO  worker::batch_maker] Batch Ux+UZcg6dp30lhXyqE1Rp9HVnpGta/S+oEqpvm1I5ko= contains sample tx 85
[2026-04-19T03:24:59.065Z INFO  worker::batch_maker] Batch Ux+UZcg6dp30lhXyqE1Rp9HVnpGta/S+oEqpvm1I5ko= contains sample tx 86
[2026-04-19T03:24:59.065Z INFO  worker::batch_maker] Batch Ux+UZcg6dp30lhXyqE1Rp9HVnpGta/S+oEqpvm1I5ko= contains 330752 B
[2026-04-19T03:24:59.119Z INFO  worker::batch_maker] Batch 8k12otB8TIVq2N+81TCf4MAnai/vhsPUs623mVn+/p0= contains sample tx 87
[2026-04-19T03:24:59.119Z INFO  worker::batch_maker] Batch 8k12otB8TIVq2N+81TCf4MAnai/vhsPUs623mVn+/p0= contains 264192 B
[2026-04-19T03:24:59.175Z INFO  worker::batch_maker] Batch w9r2taeVisEwb6CduBHsknvpnwhuuk0u8IcTmvjTZH8= contains sample tx 88
[2026-04-19T03:24:59.175Z INFO  worker::batch_maker] Batch w9r2taeVisEwb6CduBHsknvpnwhuuk0u8IcTmvjTZH8= contains 204800 B
[2026-04-19T03:24:59.229Z INFO  worker::batch_maker] Batch BohKhAwaOaX/8ABfvpF0eRc5ghTGLTij3jkKP/xR2DY= contains sample tx 89
[2026-04-19T03:24:59.229Z INFO  worker::batch_maker] Batch BohKhAwaOaX/8ABfvpF0eRc5ghTGLTij3jkKP/xR2DY= contains 204800 B
[2026-04-19T03:24:59.281Z INFO  worker::batch_maker] Batch AOXx+jcMzkzF647iFQ2RlrwhBetfrGcdLi4dkLEL/j0= contains sample tx 90
[2026-04-19T03:24:59.281Z INFO  worker::batch_maker] Batch AOXx+jcMzkzF647iFQ2RlrwhBetfrGcdLi4dkLEL/j0= contains 204800 B
[2026-04-19T03:24:59.334Z INFO  worker::batch_maker] Batch jQt63BSg/skTy/7pZpvDij4bJzrgvTbW0XZlW7QKAKc= contains sample tx 91
[2026-04-19T03:24:59.334Z INFO  worker::batch_maker] Batch jQt63BSg/skTy/7pZpvDij4bJzrgvTbW0XZlW7QKAKc= contains 204800 B
[2026-04-19T03:24:59.387Z INFO  worker::batch_maker] Batch P/YaaTmsBsA3p3KyjNTXbzkhdEB2v44Dubh5THc060U= contains sample tx 92
[2026-04-19T03:24:59.387Z INFO  worker::batch_maker] Batch P/YaaTmsBsA3p3KyjNTXbzkhdEB2v44Dubh5THc060U= contains 204800 B
[2026-04-19T03:24:59.440Z INFO  worker::batch_maker] Batch 1lAyOdgaJKGSLFRjm/5SA46IYfrrNCQWigozuB/OSrw= contains sample tx 93
[2026-04-19T03:24:59.440Z INFO  worker::batch_maker] Batch 1lAyOdgaJKGSLFRjm/5SA46IYfrrNCQWigozuB/OSrw= contains 204800 B
[2026-04-19T03:24:59.494Z INFO  worker::batch_maker] Batch lJUMdeoUdUGF5pZFZzDoPLwfZIak+n1CtM+T07LUvzo= contains sample tx 94
[2026-04-19T03:24:59.494Z INFO  worker::batch_maker] Batch lJUMdeoUdUGF5pZFZzDoPLwfZIak+n1CtM+T07LUvzo= contains 204800 B
[2026-04-19T03:24:59.546Z INFO  worker::batch_maker] Batch 0JRc9954ToK1HliGgzk9XToOyEqbqZwr9rfX3DTV9/M= contains sample tx 95
[2026-04-19T03:24:59.546Z INFO  worker::batch_maker] Batch 0JRc9954ToK1HliGgzk9XToOyEqbqZwr9rfX3DTV9/M= contains 204800 B
[2026-04-19T03:24:59.599Z INFO  worker::batch_maker] Batch cXlb3mzoOIJpdBqyoSMmegxFz3zll57TgBZckDZFJTA= contains sample tx 96
[2026-04-19T03:24:59.599Z INFO  worker::batch_maker] Batch cXlb3mzoOIJpdBqyoSMmegxFz3zll57TgBZckDZFJTA= contains 204800 B
[2026-04-19T03:24:59.652Z INFO  worker::batch_maker] Batch QBPqlbQvK+3g2yz0qpyGscKR2R8U2/zmp7+sb/pq7fg= contains sample tx 97
[2026-04-19T03:24:59.652Z INFO  worker::batch_maker] Batch QBPqlbQvK+3g2yz0qpyGscKR2R8U2/zmp7+sb/pq7fg= contains 204800 B
[2026-04-19T03:24:59.704Z INFO  worker::batch_maker] Batch TEHN4Phcq1qZwuaecnCkgqsxAhm8tAps1OvAMAH5ff0= contains sample tx 98
[2026-04-19T03:24:59.704Z INFO  worker::batch_maker] Batch TEHN4Phcq1qZwuaecnCkgqsxAhm8tAps1OvAMAH5ff0= contains 204800 B
[2026-04-19T03:24:59.757Z INFO  worker::batch_maker] Batch TmI5u4X6aPy0LyzhVfbp4Dn4U+dsSnUVwk1ni0/9CJo= contains sample tx 99
[2026-04-19T03:24:59.757Z INFO  worker::batch_maker] Batch TmI5u4X6aPy0LyzhVfbp4Dn4U+dsSnUVwk1ni0/9CJo= contains sample tx 100
[2026-04-19T03:24:59.757Z INFO  worker::batch_maker] Batch TmI5u4X6aPy0LyzhVfbp4Dn4U+dsSnUVwk1ni0/9CJo= contains 280576 B
[2026-04-19T03:24:59.810Z INFO  worker::batch_maker] Batch jJPlFUpipnQLpRB71FOwH3M817+VnrNNR7BoVcQmkds= contains sample tx 101
[2026-04-19T03:24:59.810Z INFO  worker::batch_maker] Batch jJPlFUpipnQLpRB71FOwH3M817+VnrNNR7BoVcQmkds= contains 231936 B
[2026-04-19T03:24:59.866Z INFO  worker::batch_maker] Batch i8Ys3j17rSEgXCfdxpXWAf4Z9tOMLN12MiZcZr8lfBE= contains sample tx 102
[2026-04-19T03:24:59.866Z INFO  worker::batch_maker] Batch i8Ys3j17rSEgXCfdxpXWAf4Z9tOMLN12MiZcZr8lfBE= contains 306688 B
[2026-04-19T03:24:59.918Z INFO  worker::batch_maker] Batch +6tzuN65BLAt+La2uLumJ0RXdeyGOV1b+TNkfdAuaRQ= contains sample tx 103
[2026-04-19T03:24:59.918Z INFO  worker::batch_maker] Batch +6tzuN65BLAt+La2uLumJ0RXdeyGOV1b+TNkfdAuaRQ= contains 204800 B
[2026-04-19T03:24:59.972Z INFO  worker::batch_maker] Batch I37GkrMCdS91+mIhJhEQc+1NW8tBfel6Di8nxtYPjpc= contains sample tx 104
[2026-04-19T03:24:59.972Z INFO  worker::batch_maker] Batch I37GkrMCdS91+mIhJhEQc+1NW8tBfel6Di8nxtYPjpc= contains 204800 B
[2026-04-19T03:25:00.025Z INFO  worker::batch_maker] Batch kRL9aDSnYf4JO1CYFMBOO6jOjqRIrhnW41tVLE1bHXo= contains sample tx 105
[2026-04-19T03:25:00.025Z INFO  worker::batch_maker] Batch kRL9aDSnYf4JO1CYFMBOO6jOjqRIrhnW41tVLE1bHXo= contains 204800 B
[2026-04-19T03:25:00.078Z INFO  worker::batch_maker] Batch GsETOgLudW2ArYqzdVRGbEG0B0rnbnNV7YgycHIIqp4= contains sample tx 106
[2026-04-19T03:25:00.078Z INFO  worker::batch_maker] Batch GsETOgLudW2ArYqzdVRGbEG0B0rnbnNV7YgycHIIqp4= contains 204800 B
[2026-04-19T03:25:00.133Z INFO  worker::batch_maker] Batch dgxs0+E9jHagFlQJge3yoiH0J8Kezw32GQMsH6mwmtE= contains sample tx 107
[2026-04-19T03:25:00.133Z INFO  worker::batch_maker] Batch dgxs0+E9jHagFlQJge3yoiH0J8Kezw32GQMsH6mwmtE= contains 204800 B
[2026-04-19T03:25:00.186Z INFO  worker::batch_maker] Batch IJf0HUNSaODSCnUBXyHgSoISYrtMAYhwOXvoosxGBno= contains sample tx 108
[2026-04-19T03:25:00.186Z INFO  worker::batch_maker] Batch IJf0HUNSaODSCnUBXyHgSoISYrtMAYhwOXvoosxGBno= contains 204800 B
[2026-04-19T03:25:00.241Z INFO  worker::batch_maker] Batch Dgzqo7gskfyvV8HoV/n14hBC+3MAVYzHeFxQqG51bjE= contains sample tx 109
[2026-04-19T03:25:00.241Z INFO  worker::batch_maker] Batch Dgzqo7gskfyvV8HoV/n14hBC+3MAVYzHeFxQqG51bjE= contains 204800 B
[2026-04-19T03:25:00.295Z INFO  worker::batch_maker] Batch PRsTBc3LJL5nf3EYV4et+Xqyra3/XWFA5aGh7wOzQSk= contains sample tx 110
[2026-04-19T03:25:00.295Z INFO  worker::batch_maker] Batch PRsTBc3LJL5nf3EYV4et+Xqyra3/XWFA5aGh7wOzQSk= contains 204800 B
[2026-04-19T03:25:00.348Z INFO  worker::batch_maker] Batch NEPQwIGFbsHKSMKf5yxm678Qm2w0aqxJwj8jFWo/VT8= contains sample tx 111
[2026-04-19T03:25:00.348Z INFO  worker::batch_maker] Batch NEPQwIGFbsHKSMKf5yxm678Qm2w0aqxJwj8jFWo/VT8= contains 204800 B
[2026-04-19T03:25:00.403Z INFO  worker::batch_maker] Batch cq0cyaXVdVGc/PgQ4R3umlY2B44iIvgZPX58HJXOkEQ= contains sample tx 112
[2026-04-19T03:25:00.403Z INFO  worker::batch_maker] Batch cq0cyaXVdVGc/PgQ4R3umlY2B44iIvgZPX58HJXOkEQ= contains 204800 B
[2026-04-19T03:25:00.456Z INFO  worker::batch_maker] Batch djzp5kIp9LvANzqdNsx6O4YeBrOANyegZzBLPT/1sok= contains sample tx 113
[2026-04-19T03:25:00.456Z INFO  worker::batch_maker] Batch djzp5kIp9LvANzqdNsx6O4YeBrOANyegZzBLPT/1sok= contains 204800 B
[2026-04-19T03:25:00.509Z INFO  worker::batch_maker] Batch SLT8Eueden2CxMNgDkEDW3I8HMg4MSWCbA3vYCAvMhE= contains sample tx 114
[2026-04-19T03:25:00.509Z INFO  worker::batch_maker] Batch SLT8Eueden2CxMNgDkEDW3I8HMg4MSWCbA3vYCAvMhE= contains 263680 B
[2026-04-19T03:25:00.565Z INFO  worker::batch_maker] Batch eEBLfjySHrwkVPppPQtJRFbpvfcydONbB8nB7v7KL/8= contains sample tx 115
[2026-04-19T03:25:00.565Z INFO  worker::batch_maker] Batch eEBLfjySHrwkVPppPQtJRFbpvfcydONbB8nB7v7KL/8= contains sample tx 116
[2026-04-19T03:25:00.565Z INFO  worker::batch_maker] Batch eEBLfjySHrwkVPppPQtJRFbpvfcydONbB8nB7v7KL/8= contains 350720 B
[2026-04-19T03:25:00.618Z INFO  worker::batch_maker] Batch h2jeqMCc/3EYSQRuzoXPUHvfg4b+sgeVCLSiH9GPuuc= contains sample tx 117
[2026-04-19T03:25:00.618Z INFO  worker::batch_maker] Batch h2jeqMCc/3EYSQRuzoXPUHvfg4b+sgeVCLSiH9GPuuc= contains 204800 B
[2026-04-19T03:25:00.671Z INFO  worker::batch_maker] Batch oB3UMqJE2gaoLPK56qj1R3LyUpd4Bt/islWkIQ6h+QQ= contains sample tx 118
[2026-04-19T03:25:00.671Z INFO  worker::batch_maker] Batch oB3UMqJE2gaoLPK56qj1R3LyUpd4Bt/islWkIQ6h+QQ= contains 204800 B
[2026-04-19T03:25:00.724Z INFO  worker::batch_maker] Batch 3WXB3iR24iuVpvhvwWPiamHrXNSEecg7YNnw8tN93qA= contains sample tx 119
[2026-04-19T03:25:00.724Z INFO  worker::batch_maker] Batch 3WXB3iR24iuVpvhvwWPiamHrXNSEecg7YNnw8tN93qA= contains 204800 B
[2026-04-19T03:25:00.778Z INFO  worker::batch_maker] Batch Vi+qfEqD2QWwa3nvXDDmzV6y/WfUuZS9bDZ0EUUkfQo= contains sample tx 120
[2026-04-19T03:25:00.778Z INFO  worker::batch_maker] Batch Vi+qfEqD2QWwa3nvXDDmzV6y/WfUuZS9bDZ0EUUkfQo= contains 204800 B
[2026-04-19T03:25:00.832Z INFO  worker::batch_maker] Batch azpLIU6tpA3z8yP3XJB34hSZJxQhPVT5fioWgkOhrZo= contains sample tx 121
[2026-04-19T03:25:00.832Z INFO  worker::batch_maker] Batch azpLIU6tpA3z8yP3XJB34hSZJxQhPVT5fioWgkOhrZo= contains 204800 B
[2026-04-19T03:25:00.884Z INFO  worker::batch_maker] Batch 2ajDyC5jsoAnkeUYRzXKSOrKM5i+ckM2YpS/i2UbPS8= contains sample tx 122
[2026-04-19T03:25:00.884Z INFO  worker::batch_maker] Batch 2ajDyC5jsoAnkeUYRzXKSOrKM5i+ckM2YpS/i2UbPS8= contains 204800 B
[2026-04-19T03:25:00.938Z INFO  worker::batch_maker] Batch DcgNvUVZ0o1IN7//iAm8dBFCgupLS5r3GWBH71rmUlY= contains sample tx 123
[2026-04-19T03:25:00.938Z INFO  worker::batch_maker] Batch DcgNvUVZ0o1IN7//iAm8dBFCgupLS5r3GWBH71rmUlY= contains 204800 B
[2026-04-19T03:25:00.991Z INFO  worker::batch_maker] Batch COcPME8bXqkbilWgPI6enUtJkhhwfPyk7WEpsd7mq0E= contains sample tx 124
[2026-04-19T03:25:00.992Z INFO  worker::batch_maker] Batch COcPME8bXqkbilWgPI6enUtJkhhwfPyk7WEpsd7mq0E= contains 204800 B
[2026-04-19T03:25:01.045Z INFO  worker::batch_maker] Batch m1SxlOmuae9HB208jAvsOr1p1UjXZgBnCBxS6wJe5Ok= contains sample tx 125
[2026-04-19T03:25:01.045Z INFO  worker::batch_maker] Batch m1SxlOmuae9HB208jAvsOr1p1UjXZgBnCBxS6wJe5Ok= contains 204800 B
[2026-04-19T03:25:01.097Z INFO  worker::batch_maker] Batch SHDzchVIb8zcbxy4sZGaZRRE6I0nzFyk57UxNgO6Av0= contains sample tx 126
[2026-04-19T03:25:01.097Z INFO  worker::batch_maker] Batch SHDzchVIb8zcbxy4sZGaZRRE6I0nzFyk57UxNgO6Av0= contains 204800 B
[2026-04-19T03:25:01.151Z INFO  worker::batch_maker] Batch MB6rzwyvkt3wJSAJJAX/2EG9agsQ2MGfGgRfTiQ1c3g= contains sample tx 127
[2026-04-19T03:25:01.151Z INFO  worker::batch_maker] Batch MB6rzwyvkt3wJSAJJAX/2EG9agsQ2MGfGgRfTiQ1c3g= contains 204800 B
[2026-04-19T03:25:01.204Z INFO  worker::batch_maker] Batch 8HmRWn1r/VxgYgYKSYybQXGJX3gmypsliaMcVAY2Mho= contains sample tx 128
[2026-04-19T03:25:01.204Z INFO  worker::batch_maker] Batch 8HmRWn1r/VxgYgYKSYybQXGJX3gmypsliaMcVAY2Mho= contains 204800 B
[2026-04-19T03:25:01.257Z INFO  worker::batch_maker] Batch n1BJU0T4isunF7S4KsXpdORRqqaDX3Jn7kMo+8m6pV0= contains sample tx 129
[2026-04-19T03:25:01.257Z INFO  worker::batch_maker] Batch n1BJU0T4isunF7S4KsXpdORRqqaDX3Jn7kMo+8m6pV0= contains 204800 B
[2026-04-19T03:25:01.311Z INFO  worker::batch_maker] Batch rU57baceeGoJJlwCCYVWDlVRdV3+AhsnGuHOfqKc07A= contains sample tx 130
[2026-04-19T03:25:01.311Z INFO  worker::batch_maker] Batch rU57baceeGoJJlwCCYVWDlVRdV3+AhsnGuHOfqKc07A= contains sample tx 131
[2026-04-19T03:25:01.317Z INFO  worker::batch_maker] Batch rU57baceeGoJJlwCCYVWDlVRdV3+AhsnGuHOfqKc07A= contains 370176 B
[2026-04-19T03:25:01.372Z INFO  worker::batch_maker] Batch bJsbs70T8jpxIGfZg3fR8fodHIi3fzmHAfFFToeJDdk= contains sample tx 132
[2026-04-19T03:25:01.372Z INFO  worker::batch_maker] Batch bJsbs70T8jpxIGfZg3fR8fodHIi3fzmHAfFFToeJDdk= contains 244224 B
[2026-04-19T03:25:01.424Z INFO  worker::batch_maker] Batch XYstXNCzmwH3BNx/P5sjVnBOWn1umM9a0PPSu1eLnZ8= contains 68096 B
[2026-04-19T03:25:01.478Z INFO  worker::batch_maker] Batch oLIqiBLn6eJ4HaXUSuJTrE+Ie9SjCajpF6iH4rvKmVU= contains sample tx 133
[2026-04-19T03:25:01.478Z INFO  worker::batch_maker] Batch oLIqiBLn6eJ4HaXUSuJTrE+Ie9SjCajpF6iH4rvKmVU= contains sample tx 134
[2026-04-19T03:25:01.478Z INFO  worker::batch_maker] Batch oLIqiBLn6eJ4HaXUSuJTrE+Ie9SjCajpF6iH4rvKmVU= contains 341504 B
[2026-04-19T03:25:01.532Z INFO  worker::batch_maker] Batch Kul0quhC0zfaKtknK8n4tWByawiq2Acif7YJ4RPSWfU= contains sample tx 135
[2026-04-19T03:25:01.532Z INFO  worker::batch_maker] Batch Kul0quhC0zfaKtknK8n4tWByawiq2Acif7YJ4RPSWfU= contains 204800 B
[2026-04-19T03:25:01.586Z INFO  worker::batch_maker] Batch hDZbltmj2Bu9YYsFGbc+4HnRS9xEuSGm7F355FWmdH4= contains sample tx 136
[2026-04-19T03:25:01.586Z INFO  worker::batch_maker] Batch hDZbltmj2Bu9YYsFGbc+4HnRS9xEuSGm7F355FWmdH4= contains 204800 B
[2026-04-19T03:25:01.639Z INFO  worker::batch_maker] Batch w577tyxYV5V0pnrhgpxrCDnUbT4KVUzIqOFBAbRJKC0= contains sample tx 137
[2026-04-19T03:25:01.639Z INFO  worker::batch_maker] Batch w577tyxYV5V0pnrhgpxrCDnUbT4KVUzIqOFBAbRJKC0= contains 204800 B
[2026-04-19T03:25:01.692Z INFO  worker::batch_maker] Batch uny0+vZ9J9OpTN4q5emoM9CMQaBFByqgh+NN6ny8Pyk= contains sample tx 138
[2026-04-19T03:25:01.692Z INFO  worker::batch_maker] Batch uny0+vZ9J9OpTN4q5emoM9CMQaBFByqgh+NN6ny8Pyk= contains 204800 B
[2026-04-19T03:25:01.745Z INFO  worker::batch_maker] Batch WqPKt04+XEloBNnru8c96AiJSIZGDk+HxiDGpYsLDec= contains sample tx 139
[2026-04-19T03:25:01.745Z INFO  worker::batch_maker] Batch WqPKt04+XEloBNnru8c96AiJSIZGDk+HxiDGpYsLDec= contains 204800 B
[2026-04-19T03:25:01.797Z INFO  worker::batch_maker] Batch 0rrJxFR/309xV+onTLLqTdsS1RHpL1f97uLhKKCELoE= contains sample tx 140
[2026-04-19T03:25:01.797Z INFO  worker::batch_maker] Batch 0rrJxFR/309xV+onTLLqTdsS1RHpL1f97uLhKKCELoE= contains 204800 B
[2026-04-19T03:25:01.850Z INFO  worker::batch_maker] Batch CUi8oHenL6CpqKqjexJZ21VyvQ2zdJ08aR06Tf0RPWY= contains sample tx 141
[2026-04-19T03:25:01.850Z INFO  worker::batch_maker] Batch CUi8oHenL6CpqKqjexJZ21VyvQ2zdJ08aR06Tf0RPWY= contains 204800 B
[2026-04-19T03:25:01.903Z INFO  worker::batch_maker] Batch tJzVziOcQwEtnreKS683vROLlBIFxlD+/OX9rncTdsM= contains sample tx 142
[2026-04-19T03:25:01.903Z INFO  worker::batch_maker] Batch tJzVziOcQwEtnreKS683vROLlBIFxlD+/OX9rncTdsM= contains 204800 B
[2026-04-19T03:25:01.956Z INFO  worker::batch_maker] Batch D2C/xNvVoUvb9upVdmQ/DmuD34wZaZZD6jyjTon5vLQ= contains sample tx 143
[2026-04-19T03:25:01.956Z INFO  worker::batch_maker] Batch D2C/xNvVoUvb9upVdmQ/DmuD34wZaZZD6jyjTon5vLQ= contains 204800 B
[2026-04-19T03:25:02.011Z INFO  worker::batch_maker] Batch 1vRvHZ74hx+TrdNXdvcSUOBZrPZ+cQjcXzgyntPjGIQ= contains sample tx 144
[2026-04-19T03:25:02.011Z INFO  worker::batch_maker] Batch 1vRvHZ74hx+TrdNXdvcSUOBZrPZ+cQjcXzgyntPjGIQ= contains sample tx 145
[2026-04-19T03:25:02.011Z INFO  worker::batch_maker] Batch 1vRvHZ74hx+TrdNXdvcSUOBZrPZ+cQjcXzgyntPjGIQ= contains 361984 B
[2026-04-19T03:25:02.064Z INFO  worker::batch_maker] Batch cGRuLjcK0zm5o4DQGuxzlSZeHwvrTEpWMXDpbRAqVr4= contains sample tx 146
[2026-04-19T03:25:02.064Z INFO  worker::batch_maker] Batch cGRuLjcK0zm5o4DQGuxzlSZeHwvrTEpWMXDpbRAqVr4= contains 252416 B
[2026-04-19T03:25:02.117Z INFO  worker::batch_maker] Batch KQcJuMIL3B1Q/qTbvUzn0/5gWlZlEq9iqYGZZtJh24A= contains sample tx 147
[2026-04-19T03:25:02.117Z INFO  worker::batch_maker] Batch KQcJuMIL3B1Q/qTbvUzn0/5gWlZlEq9iqYGZZtJh24A= contains 204800 B
[2026-04-19T03:25:02.170Z INFO  worker::batch_maker] Batch iWTiD3zcwhS+93HkOA0l5LM85Fve+h/tB70PWzaiJAo= contains sample tx 148
[2026-04-19T03:25:02.170Z INFO  worker::batch_maker] Batch iWTiD3zcwhS+93HkOA0l5LM85Fve+h/tB70PWzaiJAo= contains 204800 B
[2026-04-19T03:25:02.223Z INFO  worker::batch_maker] Batch q6fVMNtQxHO5uoKExZ8zOT4rXKCcZLZbhlIJYFgs37Y= contains sample tx 149
[2026-04-19T03:25:02.223Z INFO  worker::batch_maker] Batch q6fVMNtQxHO5uoKExZ8zOT4rXKCcZLZbhlIJYFgs37Y= contains 204800 B
[2026-04-19T03:25:02.276Z INFO  worker::batch_maker] Batch olD7p6u0KO0gF0mId+/C4pMgqgMamxOAfnJnZ3FGP3I= contains sample tx 150
[2026-04-19T03:25:02.276Z INFO  worker::batch_maker] Batch olD7p6u0KO0gF0mId+/C4pMgqgMamxOAfnJnZ3FGP3I= contains 204800 B
[2026-04-19T03:25:02.327Z INFO  worker::batch_maker] Batch +1Hv9mnky1bSS7GnD4jDiidNS9FWJssaFwIX47f4nKM= contains 77312 B
[2026-04-19T03:25:02.382Z INFO  worker::batch_maker] Batch MA00fto2rCIvSRBoq6DSxEEiFe3/0u5B+p1Ea/ya5WE= contains sample tx 151
[2026-04-19T03:25:02.382Z INFO  worker::batch_maker] Batch MA00fto2rCIvSRBoq6DSxEEiFe3/0u5B+p1Ea/ya5WE= contains sample tx 152
[2026-04-19T03:25:02.382Z INFO  worker::batch_maker] Batch MA00fto2rCIvSRBoq6DSxEEiFe3/0u5B+p1Ea/ya5WE= contains 332288 B
[2026-04-19T03:25:02.437Z INFO  worker::batch_maker] Batch p+R11mPnuUEqlaA/kyrndZDADExxunb8HmmXut+FenA= contains sample tx 153
[2026-04-19T03:25:02.437Z INFO  worker::batch_maker] Batch p+R11mPnuUEqlaA/kyrndZDADExxunb8HmmXut+FenA= contains 204800 B
[2026-04-19T03:25:02.490Z INFO  worker::batch_maker] Batch L1Fi/8Nk8LAA0h9LsFzc4w7VtT1gg4jFhSVM52onBYU= contains sample tx 154
[2026-04-19T03:25:02.490Z INFO  worker::batch_maker] Batch L1Fi/8Nk8LAA0h9LsFzc4w7VtT1gg4jFhSVM52onBYU= contains 204800 B
[2026-04-19T03:25:02.544Z INFO  worker::batch_maker] Batch LP2BxIWpFLSmYYy8kk81sA2bBc8GQpWr7VRsz5apYuU= contains sample tx 155
[2026-04-19T03:25:02.544Z INFO  worker::batch_maker] Batch LP2BxIWpFLSmYYy8kk81sA2bBc8GQpWr7VRsz5apYuU= contains 204800 B
[2026-04-19T03:25:02.597Z INFO  worker::batch_maker] Batch +Y1qdtXFwpjepP/RzCZVqdmIEN560IetKXQcR2XLe9I= contains sample tx 156
[2026-04-19T03:25:02.597Z INFO  worker::batch_maker] Batch +Y1qdtXFwpjepP/RzCZVqdmIEN560IetKXQcR2XLe9I= contains 204800 B
[2026-04-19T03:25:02.650Z INFO  worker::batch_maker] Batch k01/1nNTM1iyjx5Hd2brfIqY+ogZaDKyLEbNJrDEons= contains sample tx 157
[2026-04-19T03:25:02.650Z INFO  worker::batch_maker] Batch k01/1nNTM1iyjx5Hd2brfIqY+ogZaDKyLEbNJrDEons= contains 204800 B
[2026-04-19T03:25:02.702Z INFO  worker::batch_maker] Batch cPyoHnhdXlmZCOKYqQG3XC1JPfS/Rt8lOu9Mpm9WcC4= contains sample tx 158
[2026-04-19T03:25:02.702Z INFO  worker::batch_maker] Batch cPyoHnhdXlmZCOKYqQG3XC1JPfS/Rt8lOu9Mpm9WcC4= contains 204800 B
[2026-04-19T03:25:02.756Z INFO  worker::batch_maker] Batch IYlqTenG4Ne9OyxdTLLkVuqEiz/XvJ7NrBAELkP/CLw= contains sample tx 159
[2026-04-19T03:25:02.756Z INFO  worker::batch_maker] Batch IYlqTenG4Ne9OyxdTLLkVuqEiz/XvJ7NrBAELkP/CLw= contains 204800 B
[2026-04-19T03:25:02.810Z INFO  worker::batch_maker] Batch 2db6TZ1vdsQo57JyIH4xN5626k+D5tOzWWTY3+nZlss= contains sample tx 160
[2026-04-19T03:25:02.810Z INFO  worker::batch_maker] Batch 2db6TZ1vdsQo57JyIH4xN5626k+D5tOzWWTY3+nZlss= contains sample tx 161
[2026-04-19T03:25:02.810Z INFO  worker::batch_maker] Batch 2db6TZ1vdsQo57JyIH4xN5626k+D5tOzWWTY3+nZlss= contains 323584 B
[2026-04-19T03:25:02.864Z INFO  worker::batch_maker] Batch 2f+qoCh9BuxXxMzeS4rDkx05E16XrMRJBbVya+7FD24= contains sample tx 162
[2026-04-19T03:25:02.864Z INFO  worker::batch_maker] Batch 2f+qoCh9BuxXxMzeS4rDkx05E16XrMRJBbVya+7FD24= contains 290816 B
[2026-04-19T03:25:02.918Z INFO  worker::batch_maker] Batch m4+vQKezkJUdJKOZSnrPsWxKwqFq9Zb8m1Yo7PZDetk= contains sample tx 163
[2026-04-19T03:25:02.918Z INFO  worker::batch_maker] Batch m4+vQKezkJUdJKOZSnrPsWxKwqFq9Zb8m1Yo7PZDetk= contains 204800 B
[2026-04-19T03:25:02.972Z INFO  worker::batch_maker] Batch fIM0VwiGF8Nj/1FpUItHayvxTyh7YJv2vS9g7LPTk50= contains sample tx 164
[2026-04-19T03:25:02.972Z INFO  worker::batch_maker] Batch fIM0VwiGF8Nj/1FpUItHayvxTyh7YJv2vS9g7LPTk50= contains 204800 B
[2026-04-19T03:25:03.026Z INFO  worker::batch_maker] Batch iVScpXw0QwJOlbroADr8K+K2JNrj+8NvPwHWtvnYeW4= contains sample tx 165
[2026-04-19T03:25:03.026Z INFO  worker::batch_maker] Batch iVScpXw0QwJOlbroADr8K+K2JNrj+8NvPwHWtvnYeW4= contains 204800 B
[2026-04-19T03:25:03.079Z INFO  worker::batch_maker] Batch xjpPc//W5s7EjOsV33bm0I1yqzPf9nvqucKTjUKVlBc= contains sample tx 166
[2026-04-19T03:25:03.079Z INFO  worker::batch_maker] Batch xjpPc//W5s7EjOsV33bm0I1yqzPf9nvqucKTjUKVlBc= contains 204800 B
[2026-04-19T03:25:03.132Z INFO  worker::batch_maker] Batch dAPZc/a0UZ898lula6ApKNGPVG113FBijzVWy4D5YSE= contains sample tx 167
[2026-04-19T03:25:03.132Z INFO  worker::batch_maker] Batch dAPZc/a0UZ898lula6ApKNGPVG113FBijzVWy4D5YSE= contains 204800 B
[2026-04-19T03:25:03.186Z INFO  worker::batch_maker] Batch dPA1eRxAB73NEQJuvjlrrbkTrcUohPP+Ascf8SQjdMM= contains sample tx 168
[2026-04-19T03:25:03.186Z INFO  worker::batch_maker] Batch dPA1eRxAB73NEQJuvjlrrbkTrcUohPP+Ascf8SQjdMM= contains 204800 B
[2026-04-19T03:25:03.194Z INFO  network::receiver] Incoming connection established with 10.10.1.5:36196
[2026-04-19T03:25:03.240Z INFO  worker::batch_maker] Batch 7puzUNqvE/ef22AO1CCFsFIIEw3UE0B+4waM+owftTw= contains sample tx 169
[2026-04-19T03:25:03.240Z INFO  worker::batch_maker] Batch 7puzUNqvE/ef22AO1CCFsFIIEw3UE0B+4waM+owftTw= contains 204800 B
[2026-04-19T03:25:03.293Z INFO  worker::batch_maker] Batch XimhrDRuKjIB8OjOAPazyW7h7sf1VbL/smWOcf0EnXQ= contains sample tx 170
[2026-04-19T03:25:03.293Z INFO  worker::batch_maker] Batch XimhrDRuKjIB8OjOAPazyW7h7sf1VbL/smWOcf0EnXQ= contains 204800 B
[2026-04-19T03:25:03.347Z INFO  worker::batch_maker] Batch nLX1NYAnAproewmDMcbkyp94pf1EudHovJ/4xVJNSTw= contains sample tx 171
[2026-04-19T03:25:03.347Z INFO  worker::batch_maker] Batch nLX1NYAnAproewmDMcbkyp94pf1EudHovJ/4xVJNSTw= contains 204800 B
[2026-04-19T03:25:03.400Z INFO  worker::batch_maker] Batch IvCawP10uOJdJPIYGo+fmtBigt7uxn6z8Qzp8UC9SU0= contains sample tx 172
[2026-04-19T03:25:03.400Z INFO  worker::batch_maker] Batch IvCawP10uOJdJPIYGo+fmtBigt7uxn6z8Qzp8UC9SU0= contains 204800 B
[2026-04-19T03:25:03.453Z INFO  worker::batch_maker] Batch XaEmCAwwrQyKJ8+AE1iWqlM5uOqWy6eMbsMgeS8gRWo= contains sample tx 173
[2026-04-19T03:25:03.453Z INFO  worker::batch_maker] Batch XaEmCAwwrQyKJ8+AE1iWqlM5uOqWy6eMbsMgeS8gRWo= contains 204800 B
[2026-04-19T03:25:03.505Z INFO  worker::batch_maker] Batch excRgoW8o6zG0JoHDI0RFndJmGO7Fmk6KQ/jw7wG8RQ= contains sample tx 174
[2026-04-19T03:25:03.505Z INFO  worker::batch_maker] Batch excRgoW8o6zG0JoHDI0RFndJmGO7Fmk6KQ/jw7wG8RQ= contains 204800 B
[2026-04-19T03:25:03.559Z INFO  worker::batch_maker] Batch DvDRGyS7HyeVOvHNtjjmbAOJWC4VZ+SP/6QAVdC0e9M= contains sample tx 175
[2026-04-19T03:25:03.559Z INFO  worker::batch_maker] Batch DvDRGyS7HyeVOvHNtjjmbAOJWC4VZ+SP/6QAVdC0e9M= contains 271360 B
[2026-04-19T03:25:03.614Z INFO  worker::batch_maker] Batch NI/twgo1a+dN3OypXLQNWsobIY4wClGSMf23muJNvhE= contains sample tx 176
[2026-04-19T03:25:03.614Z INFO  worker::batch_maker] Batch NI/twgo1a+dN3OypXLQNWsobIY4wClGSMf23muJNvhE= contains sample tx 177
[2026-04-19T03:25:03.614Z INFO  worker::batch_maker] Batch NI/twgo1a+dN3OypXLQNWsobIY4wClGSMf23muJNvhE= contains 343040 B
[2026-04-19T03:25:03.667Z INFO  worker::batch_maker] Batch gbScudLG5d3GYQG1YvohbNUHgNshnVO0MKigNH64M0Y= contains sample tx 178
[2026-04-19T03:25:03.667Z INFO  worker::batch_maker] Batch gbScudLG5d3GYQG1YvohbNUHgNshnVO0MKigNH64M0Y= contains 204800 B
[2026-04-19T03:25:03.720Z INFO  worker::batch_maker] Batch y5d+G7NZJqnaNJ6rG2YSq0bR2GqVLB8TNlw1zk9BuWA= contains sample tx 179
[2026-04-19T03:25:03.720Z INFO  worker::batch_maker] Batch y5d+G7NZJqnaNJ6rG2YSq0bR2GqVLB8TNlw1zk9BuWA= contains 204800 B
[2026-04-19T03:25:03.773Z INFO  worker::batch_maker] Batch H76IcAzC1rYD1j9xyHjabUNBXp5At3kAdnPqyL5AtcM= contains sample tx 180
[2026-04-19T03:25:03.773Z INFO  worker::batch_maker] Batch H76IcAzC1rYD1j9xyHjabUNBXp5At3kAdnPqyL5AtcM= contains 204800 B
[2026-04-19T03:25:03.827Z INFO  worker::batch_maker] Batch WsDkOqLu2tcRbLOCl4ggWRFRO9fv2fgDxGQPqKk9NEE= contains sample tx 181
[2026-04-19T03:25:03.827Z INFO  worker::batch_maker] Batch WsDkOqLu2tcRbLOCl4ggWRFRO9fv2fgDxGQPqKk9NEE= contains 204800 B
[2026-04-19T03:25:03.880Z INFO  worker::batch_maker] Batch F5Z8CGlPLGiuN3cGjid6t63HYRiv4rwrXqFAFAo9Lq0= contains sample tx 182
[2026-04-19T03:25:03.880Z INFO  worker::batch_maker] Batch F5Z8CGlPLGiuN3cGjid6t63HYRiv4rwrXqFAFAo9Lq0= contains 204800 B
[2026-04-19T03:25:03.933Z INFO  worker::batch_maker] Batch 3EAznOEpLa9FOgHGjS43q4aJHv6yR9gcYwUZZ8xQkOs= contains sample tx 183
[2026-04-19T03:25:03.933Z INFO  worker::batch_maker] Batch 3EAznOEpLa9FOgHGjS43q4aJHv6yR9gcYwUZZ8xQkOs= contains 204800 B
[2026-04-19T03:25:03.986Z INFO  worker::batch_maker] Batch 2kni1SMVWvZTRRUw7qpAr7BGTUmvr3HsofDjWZmncdQ= contains sample tx 184
[2026-04-19T03:25:03.986Z INFO  worker::batch_maker] Batch 2kni1SMVWvZTRRUw7qpAr7BGTUmvr3HsofDjWZmncdQ= contains 204800 B
[2026-04-19T03:25:03.995Z INFO  network::receiver] Incoming connection established with 10.10.1.4:42118
[2026-04-19T03:25:03.996Z INFO  network::receiver] Incoming connection established with 10.10.1.1:54602
[2026-04-19T03:25:04.040Z INFO  worker::batch_maker] Batch jZoAZHsdmvX9bIgchlHBNXLb5iGHsDejappNQAHq1ck= contains sample tx 185
[2026-04-19T03:25:04.040Z INFO  worker::batch_maker] Batch jZoAZHsdmvX9bIgchlHBNXLb5iGHsDejappNQAHq1ck= contains 204800 B
[2026-04-19T03:25:04.045Z INFO  network::receiver] Incoming connection established with 10.10.1.9:39920
[2026-04-19T03:25:04.093Z INFO  worker::batch_maker] Batch 3oygDzEo14Mir8DpEYsb6KA6XtsB6HMPRnsfSIMNzu8= contains sample tx 186
[2026-04-19T03:25:04.093Z INFO  worker::batch_maker] Batch 3oygDzEo14Mir8DpEYsb6KA6XtsB6HMPRnsfSIMNzu8= contains 204800 B
[2026-04-19T03:25:04.146Z INFO  worker::batch_maker] Batch 0etHjpHRRFj7gnrflvRg25Z1jBo05uaLuwjkqyDlofI= contains sample tx 187
[2026-04-19T03:25:04.146Z INFO  worker::batch_maker] Batch 0etHjpHRRFj7gnrflvRg25Z1jBo05uaLuwjkqyDlofI= contains 204800 B
[2026-04-19T03:25:04.199Z INFO  worker::batch_maker] Batch mr/7jhuhMok+EObpACiEIG/4uYB7zlA9/rl/QbTD0m4= contains sample tx 188
[2026-04-19T03:25:04.199Z INFO  worker::batch_maker] Batch mr/7jhuhMok+EObpACiEIG/4uYB7zlA9/rl/QbTD0m4= contains 204800 B
[2026-04-19T03:25:04.253Z INFO  worker::batch_maker] Batch VSpq1JxdX0CAzyaLhkGo2oHfQuKbEow+FC5AhtVpZzc= contains sample tx 189
[2026-04-19T03:25:04.253Z INFO  worker::batch_maker] Batch VSpq1JxdX0CAzyaLhkGo2oHfQuKbEow+FC5AhtVpZzc= contains 204800 B
[2026-04-19T03:25:04.307Z INFO  worker::batch_maker] Batch +2Uz5gVHjAKlWQK0TvIsoml7P4TzzWtm3263NchRKDk= contains sample tx 190
[2026-04-19T03:25:04.307Z INFO  worker::batch_maker] Batch +2Uz5gVHjAKlWQK0TvIsoml7P4TzzWtm3263NchRKDk= contains 204800 B
[2026-04-19T03:25:04.362Z INFO  worker::batch_maker] Batch TnvDYO6PGLsCBvfWNqeMoAaM2x2DiFhi+c8bGh+v4c4= contains sample tx 191
[2026-04-19T03:25:04.362Z INFO  worker::batch_maker] Batch TnvDYO6PGLsCBvfWNqeMoAaM2x2DiFhi+c8bGh+v4c4= contains sample tx 192
[2026-04-19T03:25:04.362Z INFO  worker::batch_maker] Batch TnvDYO6PGLsCBvfWNqeMoAaM2x2DiFhi+c8bGh+v4c4= contains 378880 B
[2026-04-19T03:25:04.417Z INFO  worker::batch_maker] Batch hNgjGEE+G6kX922CUxCNmPE1/PU6ND1cC9+TNt5X/1s= contains sample tx 193
[2026-04-19T03:25:04.417Z INFO  worker::batch_maker] Batch hNgjGEE+G6kX922CUxCNmPE1/PU6ND1cC9+TNt5X/1s= contains 235520 B
[2026-04-19T03:25:04.470Z INFO  worker::batch_maker] Batch lEMdXwR3XFZ2or6sOm5tVn0Cpp888GTP7YsF6CcFjF0= contains sample tx 194
[2026-04-19T03:25:04.470Z INFO  worker::batch_maker] Batch lEMdXwR3XFZ2or6sOm5tVn0Cpp888GTP7YsF6CcFjF0= contains 204800 B
[2026-04-19T03:25:04.523Z INFO  worker::batch_maker] Batch G5+EvimEIZteqjyt9nybFsqjLWNHb3TUT3W8vVg1o6Y= contains sample tx 195
[2026-04-19T03:25:04.523Z INFO  worker::batch_maker] Batch G5+EvimEIZteqjyt9nybFsqjLWNHb3TUT3W8vVg1o6Y= contains 204800 B
[2026-04-19T03:25:04.576Z INFO  worker::batch_maker] Batch imb3lfjOFrPEI0kqToO1SeKZQZUQpNaLmz1bSpMNb5Y= contains sample tx 196
[2026-04-19T03:25:04.576Z INFO  worker::batch_maker] Batch imb3lfjOFrPEI0kqToO1SeKZQZUQpNaLmz1bSpMNb5Y= contains 204800 B
[2026-04-19T03:25:04.629Z INFO  worker::batch_maker] Batch aihZNVa5K0TNYosEg0DEt/h3QuVkXMPPAPALjnNKezs= contains sample tx 197
[2026-04-19T03:25:04.629Z INFO  worker::batch_maker] Batch aihZNVa5K0TNYosEg0DEt/h3QuVkXMPPAPALjnNKezs= contains 204800 B
[2026-04-19T03:25:04.682Z INFO  worker::batch_maker] Batch 9pUCK87DLAVP7x+78q82H+HFTvcqsXHkW9v44kZiZn4= contains sample tx 198
[2026-04-19T03:25:04.682Z INFO  worker::batch_maker] Batch 9pUCK87DLAVP7x+78q82H+HFTvcqsXHkW9v44kZiZn4= contains 204800 B
[2026-04-19T03:25:04.734Z INFO  worker::batch_maker] Batch ppl6BqmtC2PPAO6wkfWvQjBkAjElip2taXJyIGATMbc= contains sample tx 199
[2026-04-19T03:25:04.734Z INFO  worker::batch_maker] Batch ppl6BqmtC2PPAO6wkfWvQjBkAjElip2taXJyIGATMbc= contains 204800 B
[2026-04-19T03:25:04.786Z INFO  worker::batch_maker] Batch id6n95Kdni2QefgQHUO52iTH+mQCMzkvWq+j3xPsyzg= contains sample tx 200
[2026-04-19T03:25:04.786Z INFO  worker::batch_maker] Batch id6n95Kdni2QefgQHUO52iTH+mQCMzkvWq+j3xPsyzg= contains 204800 B
[2026-04-19T03:25:04.838Z INFO  worker::batch_maker] Batch 0iDQvXz1ElzA4xPH3pqs+aIVt14yzm0/w7kNIMWwHcg= contains sample tx 201
[2026-04-19T03:25:04.838Z INFO  worker::batch_maker] Batch 0iDQvXz1ElzA4xPH3pqs+aIVt14yzm0/w7kNIMWwHcg= contains 204800 B
[2026-04-19T03:25:04.891Z INFO  worker::batch_maker] Batch tO8VeBcE7iBvXcpF10yDgNdR61Vmt2DdfYoiNbh2sYQ= contains sample tx 202
[2026-04-19T03:25:04.891Z INFO  worker::batch_maker] Batch tO8VeBcE7iBvXcpF10yDgNdR61Vmt2DdfYoiNbh2sYQ= contains 204800 B
[2026-04-19T03:25:04.944Z INFO  worker::batch_maker] Batch O4GANSOAtcgxRvkU5NXJ4mbueF9B72YVETQvRkfmXqg= contains sample tx 203
[2026-04-19T03:25:04.944Z INFO  worker::batch_maker] Batch O4GANSOAtcgxRvkU5NXJ4mbueF9B72YVETQvRkfmXqg= contains 204800 B
[2026-04-19T03:25:04.998Z INFO  worker::batch_maker] Batch nbuPHaX/Ze2Crq53SpKvETBCdur0rOfLlbo9pfJBBPc= contains sample tx 204
[2026-04-19T03:25:04.998Z INFO  worker::batch_maker] Batch nbuPHaX/Ze2Crq53SpKvETBCdur0rOfLlbo9pfJBBPc= contains 204800 B
[2026-04-19T03:25:05.051Z INFO  worker::batch_maker] Batch Jv+VWUSzl8NzBmObeAEDgBfjfEW4kJCWO2kgFJZ01oQ= contains sample tx 205
[2026-04-19T03:25:05.052Z INFO  worker::batch_maker] Batch Jv+VWUSzl8NzBmObeAEDgBfjfEW4kJCWO2kgFJZ01oQ= contains 204800 B
[2026-04-19T03:25:05.105Z INFO  worker::batch_maker] Batch nrTsclj2WzXft2yKciSwHlLoxSLNFFIqkt7RZVV67XA= contains sample tx 206
[2026-04-19T03:25:05.105Z INFO  worker::batch_maker] Batch nrTsclj2WzXft2yKciSwHlLoxSLNFFIqkt7RZVV67XA= contains 204800 B
[2026-04-19T03:25:05.158Z INFO  worker::batch_maker] Batch mGAcrKQctTm6KK8IMn7bj1VwktOYoEGkzKRA4ccp4jQ= contains sample tx 207
[2026-04-19T03:25:05.158Z INFO  worker::batch_maker] Batch mGAcrKQctTm6KK8IMn7bj1VwktOYoEGkzKRA4ccp4jQ= contains 260608 B
[2026-04-19T03:25:05.218Z INFO  worker::batch_maker] Batch +mDBFbrDeUr11jwjTa2yXzEbAKkPOaUvem+FaKwgWgY= contains sample tx 208
[2026-04-19T03:25:05.218Z INFO  worker::batch_maker] Batch +mDBFbrDeUr11jwjTa2yXzEbAKkPOaUvem+FaKwgWgY= contains sample tx 209
[2026-04-19T03:25:05.218Z INFO  worker::batch_maker] Batch +mDBFbrDeUr11jwjTa2yXzEbAKkPOaUvem+FaKwgWgY= contains 353792 B
[2026-04-19T03:25:05.273Z INFO  worker::batch_maker] Batch IRqMM57ifevA9HxUBSu7ry5ZSCapz0J9GnBSr1+WOTk= contains sample tx 210
[2026-04-19T03:25:05.273Z INFO  worker::batch_maker] Batch IRqMM57ifevA9HxUBSu7ry5ZSCapz0J9GnBSr1+WOTk= contains 204800 B
[2026-04-19T03:25:05.326Z INFO  worker::batch_maker] Batch HyHrKNl0xTD4t2PRHXrRnsn5nlFDjYYCvCap2dYNSVA= contains sample tx 211
[2026-04-19T03:25:05.326Z INFO  worker::batch_maker] Batch HyHrKNl0xTD4t2PRHXrRnsn5nlFDjYYCvCap2dYNSVA= contains 204800 B
[2026-04-19T03:25:05.380Z INFO  worker::batch_maker] Batch SV9mE7hNoayrmXRDnadIPHJOJVU0d+KZj7+fGUENc1M= contains sample tx 212
[2026-04-19T03:25:05.380Z INFO  worker::batch_maker] Batch SV9mE7hNoayrmXRDnadIPHJOJVU0d+KZj7+fGUENc1M= contains 204800 B
[2026-04-19T03:25:05.433Z INFO  worker::batch_maker] Batch gpUdljE3d93U++ZU2M3N9zLnSvmhCIe1OIl7OYAEkqY= contains sample tx 213
[2026-04-19T03:25:05.433Z INFO  worker::batch_maker] Batch gpUdljE3d93U++ZU2M3N9zLnSvmhCIe1OIl7OYAEkqY= contains 204800 B
[2026-04-19T03:25:05.485Z INFO  worker::batch_maker] Batch 8Sahw4aargG9RneGWvWDwWy9ygmpA2yCXh6gQ717dX8= contains sample tx 214
[2026-04-19T03:25:05.485Z INFO  worker::batch_maker] Batch 8Sahw4aargG9RneGWvWDwWy9ygmpA2yCXh6gQ717dX8= contains 204800 B
[2026-04-19T03:25:05.538Z INFO  worker::batch_maker] Batch XWCjH7IvVwCf8NK9z+j1w9J+cPd/q65e+y1cMUsIDEs= contains sample tx 215
[2026-04-19T03:25:05.538Z INFO  worker::batch_maker] Batch XWCjH7IvVwCf8NK9z+j1w9J+cPd/q65e+y1cMUsIDEs= contains 204800 B
[2026-04-19T03:25:05.591Z INFO  worker::batch_maker] Batch 0VRlsy5RqlCNHY94PVNI0eN1f8Qqk5enP9b7rwdT+II= contains sample tx 216
[2026-04-19T03:25:05.591Z INFO  worker::batch_maker] Batch 0VRlsy5RqlCNHY94PVNI0eN1f8Qqk5enP9b7rwdT+II= contains 204800 B
[2026-04-19T03:25:05.644Z INFO  worker::batch_maker] Batch EHdB5dGjYVuLWDZlCz+fwCQSWogoI6xECdQTJgKHWt4= contains sample tx 217
[2026-04-19T03:25:05.644Z INFO  worker::batch_maker] Batch EHdB5dGjYVuLWDZlCz+fwCQSWogoI6xECdQTJgKHWt4= contains 204800 B
[2026-04-19T03:25:05.696Z INFO  worker::batch_maker] Batch CA0Lzc/QE0smBEFhe/lN/H6NI5xSaDFNjGrT5cbyZMc= contains sample tx 218
[2026-04-19T03:25:05.696Z INFO  worker::batch_maker] Batch CA0Lzc/QE0smBEFhe/lN/H6NI5xSaDFNjGrT5cbyZMc= contains 204800 B
[2026-04-19T03:25:05.748Z INFO  worker::batch_maker] Batch n2yuQJyFI6EjrEmq9a8zLyG2ExxSzncSZIPqkh1Fqr0= contains sample tx 219
[2026-04-19T03:25:05.748Z INFO  worker::batch_maker] Batch n2yuQJyFI6EjrEmq9a8zLyG2ExxSzncSZIPqkh1Fqr0= contains 204800 B
[2026-04-19T03:25:05.800Z INFO  worker::batch_maker] Batch iFij4u/TxeL0/+mVX0efU5JuuP8w5m8G1eMHLKTgmaY= contains sample tx 220
[2026-04-19T03:25:05.800Z INFO  worker::batch_maker] Batch iFij4u/TxeL0/+mVX0efU5JuuP8w5m8G1eMHLKTgmaY= contains 204800 B
[2026-04-19T03:25:05.853Z INFO  worker::batch_maker] Batch IQMls8AwttH5EeBJZH2USAJ2tDuG8W53gerMF5r2G+Y= contains sample tx 221
[2026-04-19T03:25:05.853Z INFO  worker::batch_maker] Batch IQMls8AwttH5EeBJZH2USAJ2tDuG8W53gerMF5r2G+Y= contains 204800 B
[2026-04-19T03:25:05.905Z INFO  worker::batch_maker] Batch SoVlWw847nXQO1eRPhcGo8gsUH+VwTpUKhsE9voRQJE= contains sample tx 222
[2026-04-19T03:25:05.905Z INFO  worker::batch_maker] Batch SoVlWw847nXQO1eRPhcGo8gsUH+VwTpUKhsE9voRQJE= contains 204800 B
[2026-04-19T03:25:05.959Z INFO  worker::batch_maker] Batch FMrnkAA8ACK60CHQbnJw1jAo2ZJ8FykMfnWT7vTQKFQ= contains sample tx 223
[2026-04-19T03:25:05.960Z INFO  worker::batch_maker] Batch FMrnkAA8ACK60CHQbnJw1jAo2ZJ8FykMfnWT7vTQKFQ= contains sample tx 224
[2026-04-19T03:25:05.960Z INFO  worker::batch_maker] Batch FMrnkAA8ACK60CHQbnJw1jAo2ZJ8FykMfnWT7vTQKFQ= contains 323584 B
[2026-04-19T03:25:06.014Z INFO  worker::batch_maker] Batch Efzu33MN9MaDvATOyvX1eNLTZUlGGpqOQi7ew6i97hk= contains sample tx 225
[2026-04-19T03:25:06.014Z INFO  worker::batch_maker] Batch Efzu33MN9MaDvATOyvX1eNLTZUlGGpqOQi7ew6i97hk= contains 290816 B
[2026-04-19T03:25:06.067Z INFO  worker::batch_maker] Batch HpyYQRKu3Pw6nvZu/GPAPZWdfCZfFNUMKdfl/G+r0u0= contains sample tx 226
[2026-04-19T03:25:06.067Z INFO  worker::batch_maker] Batch HpyYQRKu3Pw6nvZu/GPAPZWdfCZfFNUMKdfl/G+r0u0= contains 204800 B
[2026-04-19T03:25:06.119Z INFO  worker::batch_maker] Batch ZBQgNGEBzvauXogzbfc53hO1R2MjnnE1S/h2TZr5PHo= contains 116224 B
[2026-04-19T03:25:06.175Z INFO  worker::batch_maker] Batch fARPLzX3vwtX2FTWVio1hFWAnNlGIzcXl8p5SacClO0= contains sample tx 227
[2026-04-19T03:25:06.175Z INFO  worker::batch_maker] Batch fARPLzX3vwtX2FTWVio1hFWAnNlGIzcXl8p5SacClO0= contains sample tx 228
[2026-04-19T03:25:06.175Z INFO  worker::batch_maker] Batch fARPLzX3vwtX2FTWVio1hFWAnNlGIzcXl8p5SacClO0= contains 293376 B
[2026-04-19T03:25:06.230Z INFO  worker::batch_maker] Batch B+s9szp9/9zlXBr8K8ikSzYVtjiSU3bsBA057z1nJ9w= contains sample tx 229
[2026-04-19T03:25:06.230Z INFO  worker::batch_maker] Batch B+s9szp9/9zlXBr8K8ikSzYVtjiSU3bsBA057z1nJ9w= contains 204800 B
[2026-04-19T03:25:06.283Z INFO  worker::batch_maker] Batch /Rt1YsZhNUrWkAs0p+ncktERV9J5H79YJPRWjD3/L/Y= contains sample tx 230
[2026-04-19T03:25:06.283Z INFO  worker::batch_maker] Batch /Rt1YsZhNUrWkAs0p+ncktERV9J5H79YJPRWjD3/L/Y= contains 204800 B
[2026-04-19T03:25:06.337Z INFO  worker::batch_maker] Batch j9kyMDBLFb+0p7Ul8tfPd3LXPfBOcRt5mnGVGEXA7uY= contains sample tx 231
[2026-04-19T03:25:06.337Z INFO  worker::batch_maker] Batch j9kyMDBLFb+0p7Ul8tfPd3LXPfBOcRt5mnGVGEXA7uY= contains 204800 B
[2026-04-19T03:25:06.391Z INFO  worker::batch_maker] Batch dUM+uwvoIC7/REobzhEa9t+pakQnNo4p3AYo/7CYJe0= contains sample tx 232
[2026-04-19T03:25:06.391Z INFO  worker::batch_maker] Batch dUM+uwvoIC7/REobzhEa9t+pakQnNo4p3AYo/7CYJe0= contains 204800 B
[2026-04-19T03:25:06.444Z INFO  worker::batch_maker] Batch LVLO5d4t/rmqpPVip2dsqKmOZ6r0XmUo6fSkYUk9YAU= contains sample tx 233
[2026-04-19T03:25:06.444Z INFO  worker::batch_maker] Batch LVLO5d4t/rmqpPVip2dsqKmOZ6r0XmUo6fSkYUk9YAU= contains 204800 B
[2026-04-19T03:25:06.496Z INFO  worker::batch_maker] Batch qf15vYeRvI1I37SrEUkInyWo1UyLOawyNjFATA0IQhY= contains sample tx 234
[2026-04-19T03:25:06.496Z INFO  worker::batch_maker] Batch qf15vYeRvI1I37SrEUkInyWo1UyLOawyNjFATA0IQhY= contains 204800 B
[2026-04-19T03:25:06.550Z INFO  worker::batch_maker] Batch oK7m16YvKUDxDHEmG9QetletixZVgyNEUz1LVoRxhNM= contains sample tx 235
[2026-04-19T03:25:06.550Z INFO  worker::batch_maker] Batch oK7m16YvKUDxDHEmG9QetletixZVgyNEUz1LVoRxhNM= contains 204800 B
[2026-04-19T03:25:06.603Z INFO  worker::batch_maker] Batch PlYhid5S65VmYr8WGPwaY7Mf02aPMX7l2+IyghUhNkw= contains sample tx 236
[2026-04-19T03:25:06.603Z INFO  worker::batch_maker] Batch PlYhid5S65VmYr8WGPwaY7Mf02aPMX7l2+IyghUhNkw= contains 204800 B
[2026-04-19T03:25:06.656Z INFO  worker::batch_maker] Batch XdPbmr3FiqTsy3xTa0Wkw7JDWQMMuMPvOwNMeUXV+ko= contains sample tx 237
[2026-04-19T03:25:06.656Z INFO  worker::batch_maker] Batch XdPbmr3FiqTsy3xTa0Wkw7JDWQMMuMPvOwNMeUXV+ko= contains 204800 B
[2026-04-19T03:25:06.711Z INFO  worker::batch_maker] Batch cvkfCZiachJ1WxKGy6qwUWCI9BzYuqoSJn/ovWo9jT4= contains sample tx 238
[2026-04-19T03:25:06.711Z INFO  worker::batch_maker] Batch cvkfCZiachJ1WxKGy6qwUWCI9BzYuqoSJn/ovWo9jT4= contains sample tx 239
[2026-04-19T03:25:06.711Z INFO  worker::batch_maker] Batch cvkfCZiachJ1WxKGy6qwUWCI9BzYuqoSJn/ovWo9jT4= contains 349696 B
[2026-04-19T03:25:06.766Z INFO  worker::batch_maker] Batch r95IlItKqEQfAV++owTUDHt6vUHZPmMjHBcuiAy2AC8= contains sample tx 240
[2026-04-19T03:25:06.766Z INFO  worker::batch_maker] Batch r95IlItKqEQfAV++owTUDHt6vUHZPmMjHBcuiAy2AC8= contains 264704 B
[2026-04-19T03:25:06.819Z INFO  worker::batch_maker] Batch eNO5hDQFw0nGyAtwdQGS+DpjVrCSSUWIWXG8vzM6SHk= contains sample tx 241
[2026-04-19T03:25:06.819Z INFO  worker::batch_maker] Batch eNO5hDQFw0nGyAtwdQGS+DpjVrCSSUWIWXG8vzM6SHk= contains 204800 B
[2026-04-19T03:25:06.872Z INFO  worker::batch_maker] Batch muOkQH/hHFv4DdfJCISy1BmoW1/oPZl+KthWXRyIY3o= contains sample tx 242
[2026-04-19T03:25:06.872Z INFO  worker::batch_maker] Batch muOkQH/hHFv4DdfJCISy1BmoW1/oPZl+KthWXRyIY3o= contains 204800 B
[2026-04-19T03:25:06.925Z INFO  worker::batch_maker] Batch NP5rb5K0kVuoI2ucQO+0UfyXGyv95lk3udjKQWoCb8k= contains sample tx 243
[2026-04-19T03:25:06.925Z INFO  worker::batch_maker] Batch NP5rb5K0kVuoI2ucQO+0UfyXGyv95lk3udjKQWoCb8k= contains 204800 B
[2026-04-19T03:25:06.978Z INFO  worker::batch_maker] Batch hRKJOcn77W/jXo45X/h8bGPMwYMqlWa1YNkJ4LjtxEY= contains sample tx 244
[2026-04-19T03:25:06.978Z INFO  worker::batch_maker] Batch hRKJOcn77W/jXo45X/h8bGPMwYMqlWa1YNkJ4LjtxEY= contains 204800 B
[2026-04-19T03:25:07.032Z INFO  worker::batch_maker] Batch 2SJx3Jj4OBGB/M52lfrMRKs6pIg0odtNJnQy5DFi02k= contains sample tx 245
[2026-04-19T03:25:07.032Z INFO  worker::batch_maker] Batch 2SJx3Jj4OBGB/M52lfrMRKs6pIg0odtNJnQy5DFi02k= contains 204800 B
[2026-04-19T03:25:07.084Z INFO  worker::batch_maker] Batch yZkTiAOO8nGY47iOTqydhtqmJkHZ2dxECn+UnyRVCTw= contains sample tx 246
[2026-04-19T03:25:07.084Z INFO  worker::batch_maker] Batch yZkTiAOO8nGY47iOTqydhtqmJkHZ2dxECn+UnyRVCTw= contains 204800 B
[2026-04-19T03:25:07.135Z INFO  worker::batch_maker] Batch WZr/H/IHD+MbrbJYFAl5YG+uiEsfgb7ff/4NxVOJwaI= contains sample tx 247
[2026-04-19T03:25:07.135Z INFO  worker::batch_maker] Batch WZr/H/IHD+MbrbJYFAl5YG+uiEsfgb7ff/4NxVOJwaI= contains 204800 B
[2026-04-19T03:25:07.188Z INFO  worker::batch_maker] Batch k7Plf/ntdq4i/LkaSw85r9Sa+XMJ1893TstGCBnLauE= contains sample tx 248
[2026-04-19T03:25:07.188Z INFO  worker::batch_maker] Batch k7Plf/ntdq4i/LkaSw85r9Sa+XMJ1893TstGCBnLauE= contains 204800 B
[2026-04-19T03:25:07.241Z INFO  worker::batch_maker] Batch svbEFqI+HV9Qg8Hu4EpvzjGxtF+2iU02XdFwKpky5Iw= contains sample tx 249
[2026-04-19T03:25:07.241Z INFO  worker::batch_maker] Batch svbEFqI+HV9Qg8Hu4EpvzjGxtF+2iU02XdFwKpky5Iw= contains 204800 B
[2026-04-19T03:25:07.293Z INFO  worker::batch_maker] Batch 5WxIohZu2K1ajmga/D+efw9c8f9ykZreUgIAGvhsfqs= contains sample tx 250
[2026-04-19T03:25:07.293Z INFO  worker::batch_maker] Batch 5WxIohZu2K1ajmga/D+efw9c8f9ykZreUgIAGvhsfqs= contains 204800 B
[2026-04-19T03:25:07.346Z INFO  worker::batch_maker] Batch yVQnFiBi/X2mqvik0FaDbYm0Vw1JPN73guqzjWDCddA= contains sample tx 251
[2026-04-19T03:25:07.346Z INFO  worker::batch_maker] Batch yVQnFiBi/X2mqvik0FaDbYm0Vw1JPN73guqzjWDCddA= contains 204800 B
[2026-04-19T03:25:07.399Z INFO  worker::batch_maker] Batch C+091nVo7Ctvid3TobWC6X2uPkdwNDs8m8iEX9vENQ4= contains sample tx 252
[2026-04-19T03:25:07.399Z INFO  worker::batch_maker] Batch C+091nVo7Ctvid3TobWC6X2uPkdwNDs8m8iEX9vENQ4= contains 204800 B
[2026-04-19T03:25:07.452Z INFO  worker::batch_maker] Batch my/0trNBOYwxYaNeCGsEAM9MBj5IRz5kYd76NKjySNs= contains sample tx 253
[2026-04-19T03:25:07.452Z INFO  worker::batch_maker] Batch my/0trNBOYwxYaNeCGsEAM9MBj5IRz5kYd76NKjySNs= contains 204800 B
[2026-04-19T03:25:07.505Z INFO  worker::batch_maker] Batch 5oa38CHhNutI79k/EaW+QgZ5K49QjVw9VpN/QBZz25M= contains sample tx 254
[2026-04-19T03:25:07.505Z INFO  worker::batch_maker] Batch 5oa38CHhNutI79k/EaW+QgZ5K49QjVw9VpN/QBZz25M= contains 204800 B
[2026-04-19T03:25:07.560Z INFO  worker::batch_maker] Batch kDMaIiVhy2HrBZBN0MK7+zO20lw3hEAJKN40jseZUzw= contains sample tx 255
[2026-04-19T03:25:07.560Z INFO  worker::batch_maker] Batch kDMaIiVhy2HrBZBN0MK7+zO20lw3hEAJKN40jseZUzw= contains sample tx 256
[2026-04-19T03:25:07.560Z INFO  worker::batch_maker] Batch kDMaIiVhy2HrBZBN0MK7+zO20lw3hEAJKN40jseZUzw= contains 336384 B
[2026-04-19T03:25:07.614Z INFO  worker::batch_maker] Batch UZ2L7t+efEbYRgTFzGT00/7DiJeRXimQUUMiuw+z1Kw= contains 204800 B
[2026-04-19T03:25:07.669Z INFO  worker::batch_maker] Batch drgUCLiSW7cU4O/aptSE67ENKBAJBmHTGR+/Mbl+4aI= contains sample tx 257
[2026-04-19T03:25:07.669Z INFO  worker::batch_maker] Batch drgUCLiSW7cU4O/aptSE67ENKBAJBmHTGR+/Mbl+4aI= contains sample tx 258
[2026-04-19T03:25:07.669Z INFO  worker::batch_maker] Batch drgUCLiSW7cU4O/aptSE67ENKBAJBmHTGR+/Mbl+4aI= contains 278016 B
[2026-04-19T03:25:07.722Z INFO  worker::batch_maker] Batch hZrxxQYNHC1YcXU0TI5p+FugMmxucIf73DIO73uVMTY= contains sample tx 259
[2026-04-19T03:25:07.722Z INFO  worker::batch_maker] Batch hZrxxQYNHC1YcXU0TI5p+FugMmxucIf73DIO73uVMTY= contains 204800 B
[2026-04-19T03:25:07.775Z INFO  worker::batch_maker] Batch MB1ZUYTlG43FVILLNExT2LmHumeyFiiVaPLpq4QFTmU= contains sample tx 260
[2026-04-19T03:25:07.775Z INFO  worker::batch_maker] Batch MB1ZUYTlG43FVILLNExT2LmHumeyFiiVaPLpq4QFTmU= contains 204800 B
[2026-04-19T03:25:07.828Z INFO  worker::batch_maker] Batch KvTGl/pFSJ++viHnDBg8DCIK2x7XfXzkQRgEFn8IVGY= contains sample tx 261
[2026-04-19T03:25:07.828Z INFO  worker::batch_maker] Batch KvTGl/pFSJ++viHnDBg8DCIK2x7XfXzkQRgEFn8IVGY= contains 204800 B
[2026-04-19T03:25:07.880Z INFO  worker::batch_maker] Batch 6QiUizifliamo8T/xm6b2PgtQHBaYb6gE1C+5xcQOf4= contains sample tx 262
[2026-04-19T03:25:07.880Z INFO  worker::batch_maker] Batch 6QiUizifliamo8T/xm6b2PgtQHBaYb6gE1C+5xcQOf4= contains 204800 B
[2026-04-19T03:25:07.933Z INFO  worker::batch_maker] Batch nm6KJBQRW/ztObG0oYQCrus/R1Ew64bLa4ALLKGPlc4= contains sample tx 263
[2026-04-19T03:25:07.933Z INFO  worker::batch_maker] Batch nm6KJBQRW/ztObG0oYQCrus/R1Ew64bLa4ALLKGPlc4= contains 204800 B
[2026-04-19T03:25:07.987Z INFO  worker::batch_maker] Batch cit0Gh9eBrm8ky8gu3+33qfaTapFF9ZBFLHoWKkwebk= contains sample tx 264
[2026-04-19T03:25:07.987Z INFO  worker::batch_maker] Batch cit0Gh9eBrm8ky8gu3+33qfaTapFF9ZBFLHoWKkwebk= contains 204800 B
[2026-04-19T03:25:08.040Z INFO  worker::batch_maker] Batch jzVbcREd49V/mu7EBPNca4qLasvPNgiAkdu6jt5cvCE= contains sample tx 265
[2026-04-19T03:25:08.040Z INFO  worker::batch_maker] Batch jzVbcREd49V/mu7EBPNca4qLasvPNgiAkdu6jt5cvCE= contains 204800 B
[2026-04-19T03:25:08.092Z INFO  worker::batch_maker] Batch dE4Ben99yVn0yCd42b+p3wkIJLxi6ahNifE5iMjS2W4= contains sample tx 266
[2026-04-19T03:25:08.092Z INFO  worker::batch_maker] Batch dE4Ben99yVn0yCd42b+p3wkIJLxi6ahNifE5iMjS2W4= contains 204800 B
[2026-04-19T03:25:08.144Z INFO  worker::batch_maker] Batch oLMkeB+2dbM13ZdrVhAYfNLe1jDC1R1DJI1nXeln3Vs= contains sample tx 267
[2026-04-19T03:25:08.144Z INFO  worker::batch_maker] Batch oLMkeB+2dbM13ZdrVhAYfNLe1jDC1R1DJI1nXeln3Vs= contains 204800 B
[2026-04-19T03:25:08.196Z INFO  worker::batch_maker] Batch Kjmd6xMZ+gO/4a+Q2R9RXE9ftChh+ezAtb9H2/Wtp34= contains sample tx 268
[2026-04-19T03:25:08.196Z INFO  worker::batch_maker] Batch Kjmd6xMZ+gO/4a+Q2R9RXE9ftChh+ezAtb9H2/Wtp34= contains 204800 B
[2026-04-19T03:25:08.250Z INFO  worker::batch_maker] Batch Ks5qGrA4CJwaS3Frxl5k3Ww8L0fo6AMn+Jr+sDUHYl0= contains sample tx 269
[2026-04-19T03:25:08.250Z INFO  worker::batch_maker] Batch Ks5qGrA4CJwaS3Frxl5k3Ww8L0fo6AMn+Jr+sDUHYl0= contains 204800 B
[2026-04-19T03:25:08.302Z INFO  worker::batch_maker] Batch BssxBqEDvzbHeX5UDQ14zNY4LRD3T6npr+laYRoqbrk= contains sample tx 270
[2026-04-19T03:25:08.302Z INFO  worker::batch_maker] Batch BssxBqEDvzbHeX5UDQ14zNY4LRD3T6npr+laYRoqbrk= contains 204800 B
[2026-04-19T03:25:08.353Z INFO  worker::batch_maker] Batch vmPeTknf7xN5rZE8Kt5WSfimLF1SZ3EMkx9bUyEpROo= contains sample tx 271
[2026-04-19T03:25:08.353Z INFO  worker::batch_maker] Batch vmPeTknf7xN5rZE8Kt5WSfimLF1SZ3EMkx9bUyEpROo= contains 204800 B
[2026-04-19T03:25:08.407Z INFO  worker::batch_maker] Batch PIFHqFi9wKzxqnhHuhRzuJqa+3ng/0Xpp01gAVOAiG4= contains sample tx 272
[2026-04-19T03:25:08.407Z INFO  worker::batch_maker] Batch PIFHqFi9wKzxqnhHuhRzuJqa+3ng/0Xpp01gAVOAiG4= contains 204800 B
[2026-04-19T03:25:08.464Z INFO  worker::batch_maker] Batch YxGdOS2S8tOCwu7UEJkBJ9LP2rd33ZDzfjP5qFMRV78= contains sample tx 273
[2026-04-19T03:25:08.464Z INFO  worker::batch_maker] Batch YxGdOS2S8tOCwu7UEJkBJ9LP2rd33ZDzfjP5qFMRV78= contains sample tx 274
[2026-04-19T03:25:08.464Z INFO  worker::batch_maker] Batch YxGdOS2S8tOCwu7UEJkBJ9LP2rd33ZDzfjP5qFMRV78= contains 409600 B
[2026-04-19T03:25:08.517Z INFO  worker::batch_maker] Batch LgsaGqb56/yDWEVP478QuruaoHWNIYCFfzt6KVbNYWY= contains sample tx 275
[2026-04-19T03:25:08.517Z INFO  worker::batch_maker] Batch LgsaGqb56/yDWEVP478QuruaoHWNIYCFfzt6KVbNYWY= contains 204800 B
[2026-04-19T03:25:08.571Z INFO  worker::batch_maker] Batch WV8px6QQpBeBuFyzK3oISQ1596BR16l4Cvsnt3SCzwc= contains sample tx 276
[2026-04-19T03:25:08.571Z INFO  worker::batch_maker] Batch WV8px6QQpBeBuFyzK3oISQ1596BR16l4Cvsnt3SCzwc= contains 204800 B
[2026-04-19T03:25:08.624Z INFO  worker::batch_maker] Batch KwByCRUICakZpCC0e5A1yyPf4VcLP1BOmLqEacETekc= contains sample tx 277
[2026-04-19T03:25:08.624Z INFO  worker::batch_maker] Batch KwByCRUICakZpCC0e5A1yyPf4VcLP1BOmLqEacETekc= contains 204800 B
[2026-04-19T03:25:08.677Z INFO  worker::batch_maker] Batch JeQdT4/zkLmQp87/EyAee65HM9os3FV/uydn1Mg6U+4= contains sample tx 278
[2026-04-19T03:25:08.678Z INFO  worker::batch_maker] Batch JeQdT4/zkLmQp87/EyAee65HM9os3FV/uydn1Mg6U+4= contains 204800 B
[2026-04-19T03:25:08.730Z INFO  worker::batch_maker] Batch FgUH0cL0uS3eQky7zlDuVHbEqN/FzIFFa4SA1tpTu4Q= contains sample tx 279
[2026-04-19T03:25:08.730Z INFO  worker::batch_maker] Batch FgUH0cL0uS3eQky7zlDuVHbEqN/FzIFFa4SA1tpTu4Q= contains 204800 B
[2026-04-19T03:25:08.783Z INFO  worker::batch_maker] Batch Qr+MfuJe2XO1FkAtWwed8muwcjcBW8mwC/MOP3lMnY0= contains sample tx 280
[2026-04-19T03:25:08.783Z INFO  worker::batch_maker] Batch Qr+MfuJe2XO1FkAtWwed8muwcjcBW8mwC/MOP3lMnY0= contains 204800 B
[2026-04-19T03:25:08.837Z INFO  worker::batch_maker] Batch n7opEw7tOSn8O9H3sNcNl/pbYBZXUy9M88YWdz/juG4= contains sample tx 281
[2026-04-19T03:25:08.837Z INFO  worker::batch_maker] Batch n7opEw7tOSn8O9H3sNcNl/pbYBZXUy9M88YWdz/juG4= contains 204800 B
[2026-04-19T03:25:08.890Z INFO  worker::batch_maker] Batch OHmZThgIA1YHgpIxWoKJqgtsV37PDG/yldChzeIsRj0= contains sample tx 282
[2026-04-19T03:25:08.890Z INFO  worker::batch_maker] Batch OHmZThgIA1YHgpIxWoKJqgtsV37PDG/yldChzeIsRj0= contains 204800 B
[2026-04-19T03:25:08.943Z INFO  worker::batch_maker] Batch ySL2YalOz5a9kUE8P88dD/hCI9o9NLWUscObit1lG6g= contains sample tx 283
[2026-04-19T03:25:08.943Z INFO  worker::batch_maker] Batch ySL2YalOz5a9kUE8P88dD/hCI9o9NLWUscObit1lG6g= contains 204800 B
[2026-04-19T03:25:08.995Z INFO  worker::batch_maker] Batch dY9D8d1NsnjxYrmXhYOe7kmeNP/pidzNIYYI8foVejo= contains sample tx 284
[2026-04-19T03:25:08.995Z INFO  worker::batch_maker] Batch dY9D8d1NsnjxYrmXhYOe7kmeNP/pidzNIYYI8foVejo= contains 204800 B
[2026-04-19T03:25:09.048Z INFO  worker::batch_maker] Batch tjWOHkrQj8eNFoKx84hL212w20uDEXECKoMJ+RZeEnY= contains sample tx 285
[2026-04-19T03:25:09.048Z INFO  worker::batch_maker] Batch tjWOHkrQj8eNFoKx84hL212w20uDEXECKoMJ+RZeEnY= contains 204800 B
[2026-04-19T03:25:09.102Z INFO  worker::batch_maker] Batch r5Y3O6d1PSgnZZsPh8jg7uUrsdKnx2pSw2oYvIWSc3Y= contains sample tx 286
[2026-04-19T03:25:09.102Z INFO  worker::batch_maker] Batch r5Y3O6d1PSgnZZsPh8jg7uUrsdKnx2pSw2oYvIWSc3Y= contains 204800 B
[2026-04-19T03:25:09.155Z INFO  worker::batch_maker] Batch Pb/7wlWNgO12F9b1TYqnGGT9xsPENG2IwSuHi9aP0Vk= contains sample tx 287
[2026-04-19T03:25:09.155Z INFO  worker::batch_maker] Batch Pb/7wlWNgO12F9b1TYqnGGT9xsPENG2IwSuHi9aP0Vk= contains 204800 B
[2026-04-19T03:25:09.208Z INFO  worker::batch_maker] Batch T7AxNhyT7PCNeEuQTpuHI6L/ZJU0226YGfFfD/6nPSs= contains sample tx 288
[2026-04-19T03:25:09.208Z INFO  worker::batch_maker] Batch T7AxNhyT7PCNeEuQTpuHI6L/ZJU0226YGfFfD/6nPSs= contains 207872 B
[2026-04-19T03:25:09.261Z INFO  worker::batch_maker] Batch 58XaGJYYM2MjJPgOtuKhjdcxsLk9Ah+Vp9v2KWE616Y= contains sample tx 289
[2026-04-19T03:25:09.261Z INFO  worker::batch_maker] Batch 58XaGJYYM2MjJPgOtuKhjdcxsLk9Ah+Vp9v2KWE616Y= contains sample tx 290
[2026-04-19T03:25:09.261Z INFO  worker::batch_maker] Batch 58XaGJYYM2MjJPgOtuKhjdcxsLk9Ah+Vp9v2KWE616Y= contains 363520 B
[2026-04-19T03:25:09.315Z INFO  worker::batch_maker] Batch 9vx1AsoAC/zdbNNTFl+f4QmRVIMCcIZEJSJ3HFWvafA= contains sample tx 291
[2026-04-19T03:25:09.315Z INFO  worker::batch_maker] Batch 9vx1AsoAC/zdbNNTFl+f4QmRVIMCcIZEJSJ3HFWvafA= contains 247808 B
[2026-04-19T03:25:09.369Z INFO  worker::batch_maker] Batch 69ejpzzbQXL85/ksG5X0qucRE1AhlUbI2KPCS5msANw= contains sample tx 292
[2026-04-19T03:25:09.369Z INFO  worker::batch_maker] Batch 69ejpzzbQXL85/ksG5X0qucRE1AhlUbI2KPCS5msANw= contains 204800 B
[2026-04-19T03:25:09.422Z INFO  worker::batch_maker] Batch e1HBbVqxDJl3uOto/LMZsbZCU5JMLUgHk051M3wsehM= contains sample tx 293
[2026-04-19T03:25:09.422Z INFO  worker::batch_maker] Batch e1HBbVqxDJl3uOto/LMZsbZCU5JMLUgHk051M3wsehM= contains 204800 B
[2026-04-19T03:25:09.476Z INFO  worker::batch_maker] Batch jFY0vouNoOl5ErlrgGoDGqtk06RbhzMAYQEPvEyFKxw= contains sample tx 294
[2026-04-19T03:25:09.476Z INFO  worker::batch_maker] Batch jFY0vouNoOl5ErlrgGoDGqtk06RbhzMAYQEPvEyFKxw= contains 204800 B
[2026-04-19T03:25:09.529Z INFO  worker::batch_maker] Batch szWELVFKASuoR+F24k2UNFqKkhu3RkBzVGGfu9C4Sm0= contains sample tx 295
[2026-04-19T03:25:09.529Z INFO  worker::batch_maker] Batch szWELVFKASuoR+F24k2UNFqKkhu3RkBzVGGfu9C4Sm0= contains 204800 B
[2026-04-19T03:25:09.582Z INFO  worker::batch_maker] Batch fO/QhBQ9dhxbE+9ZL2VfB76iO8BldO7dlFNb+1ZrtUo= contains sample tx 296
[2026-04-19T03:25:09.582Z INFO  worker::batch_maker] Batch fO/QhBQ9dhxbE+9ZL2VfB76iO8BldO7dlFNb+1ZrtUo= contains 204800 B
[2026-04-19T03:25:09.635Z INFO  worker::batch_maker] Batch dIVDnbTm9Rfn8sOBc9Mm7rsYCXlQ6VN7gBAtNauL/mc= contains sample tx 297
[2026-04-19T03:25:09.635Z INFO  worker::batch_maker] Batch dIVDnbTm9Rfn8sOBc9Mm7rsYCXlQ6VN7gBAtNauL/mc= contains 204800 B
[2026-04-19T03:25:09.687Z INFO  worker::batch_maker] Batch W3X0p15YWFDSuGSE0z+YV1xgmc6FVjUCh+ptByAoPgA= contains sample tx 298
[2026-04-19T03:25:09.687Z INFO  worker::batch_maker] Batch W3X0p15YWFDSuGSE0z+YV1xgmc6FVjUCh+ptByAoPgA= contains 204800 B
[2026-04-19T03:25:09.741Z INFO  worker::batch_maker] Batch 28gkC12duVlQRkX3w3dZ9tjzpwekMn/5YCFwpkeA5x0= contains sample tx 299
[2026-04-19T03:25:09.741Z INFO  worker::batch_maker] Batch 28gkC12duVlQRkX3w3dZ9tjzpwekMn/5YCFwpkeA5x0= contains 204800 B
[2026-04-19T03:25:09.793Z INFO  worker::batch_maker] Batch nhb32PFqWPdsZLhDXT1jRTUgggNICy8cbrYcQod77CI= contains sample tx 300
[2026-04-19T03:25:09.793Z INFO  worker::batch_maker] Batch nhb32PFqWPdsZLhDXT1jRTUgggNICy8cbrYcQod77CI= contains 204800 B
[2026-04-19T03:25:09.846Z INFO  worker::batch_maker] Batch J0jOYSUhcic6yyGeFuze5NXe+MGnGPcGk4H8MSdbf4o= contains sample tx 301
[2026-04-19T03:25:09.846Z INFO  worker::batch_maker] Batch J0jOYSUhcic6yyGeFuze5NXe+MGnGPcGk4H8MSdbf4o= contains 204800 B
[2026-04-19T03:25:09.899Z INFO  worker::batch_maker] Batch GBotTeZraGLtdhV6JvsHKKyOeq54xomIbHOa65EV4sk= contains sample tx 302
[2026-04-19T03:25:09.899Z INFO  worker::batch_maker] Batch GBotTeZraGLtdhV6JvsHKKyOeq54xomIbHOa65EV4sk= contains 204800 B
[2026-04-19T03:25:09.953Z INFO  worker::batch_maker] Batch N2mZjxJywYpvROKoldP+vId2Yf/yVOHitB9uBTzLtsQ= contains sample tx 303
[2026-04-19T03:25:09.954Z INFO  worker::batch_maker] Batch N2mZjxJywYpvROKoldP+vId2Yf/yVOHitB9uBTzLtsQ= contains 204800 B
[2026-04-19T03:25:10.006Z INFO  worker::batch_maker] Batch 49J6brWqnR8ud4LeI8epYFjSRu00t6uoOWPojPeD7PM= contains sample tx 304
[2026-04-19T03:25:10.006Z INFO  worker::batch_maker] Batch 49J6brWqnR8ud4LeI8epYFjSRu00t6uoOWPojPeD7PM= contains 204800 B
[2026-04-19T03:25:10.058Z INFO  worker::batch_maker] Batch 1H90OY6BL5ra0hlyD2EWjs03wY4kCSs4u7C/FVW5kOc= contains sample tx 305
[2026-04-19T03:25:10.058Z INFO  worker::batch_maker] Batch 1H90OY6BL5ra0hlyD2EWjs03wY4kCSs4u7C/FVW5kOc= contains 309760 B
[2026-04-19T03:25:10.111Z INFO  worker::batch_maker] Batch B8AaKOEs7bB8ebeAUTohpQO6Uacy/3Npqz8Qyqaui3c= contains sample tx 306
[2026-04-19T03:25:10.111Z INFO  worker::batch_maker] Batch B8AaKOEs7bB8ebeAUTohpQO6Uacy/3Npqz8Qyqaui3c= contains 234496 B
[2026-04-19T03:25:10.165Z INFO  worker::batch_maker] Batch CM3Rgw+LJQIqZoAYiG4v402abQnn0I2ez7Pn/br/H+I= contains sample tx 307
[2026-04-19T03:25:10.165Z INFO  worker::batch_maker] Batch CM3Rgw+LJQIqZoAYiG4v402abQnn0I2ez7Pn/br/H+I= contains sample tx 308
[2026-04-19T03:25:10.165Z INFO  worker::batch_maker] Batch CM3Rgw+LJQIqZoAYiG4v402abQnn0I2ez7Pn/br/H+I= contains 274944 B
[2026-04-19T03:25:10.217Z INFO  worker::batch_maker] Batch yogJ2nUOw+xebC7mqXbVXJxA5bMvj7ZR4Mc+67PGRfA= contains sample tx 309
[2026-04-19T03:25:10.217Z INFO  worker::batch_maker] Batch yogJ2nUOw+xebC7mqXbVXJxA5bMvj7ZR4Mc+67PGRfA= contains 204800 B
[2026-04-19T03:25:10.271Z INFO  worker::batch_maker] Batch ijqz8TO0j44CRpHqidzxiJKTQQeJDOxAKFSkQjsJdLk= contains sample tx 310
[2026-04-19T03:25:10.271Z INFO  worker::batch_maker] Batch ijqz8TO0j44CRpHqidzxiJKTQQeJDOxAKFSkQjsJdLk= contains 204800 B
[2026-04-19T03:25:10.324Z INFO  worker::batch_maker] Batch msynSJqAcEpK5Q1bJxeTvm4fJfW7OHuEdXfLLRx9veQ= contains sample tx 311
[2026-04-19T03:25:10.324Z INFO  worker::batch_maker] Batch msynSJqAcEpK5Q1bJxeTvm4fJfW7OHuEdXfLLRx9veQ= contains 204800 B
[2026-04-19T03:25:10.379Z INFO  worker::batch_maker] Batch SSwvRXmuKm+TNr1UpKGEnf2y5E0YpLcltmHeQEbm1hg= contains sample tx 312
[2026-04-19T03:25:10.379Z INFO  worker::batch_maker] Batch SSwvRXmuKm+TNr1UpKGEnf2y5E0YpLcltmHeQEbm1hg= contains 204800 B
[2026-04-19T03:25:10.431Z INFO  worker::batch_maker] Batch an7YVZB3bliuJky9fuUS9Ye6qyXno/4LAFXb2TNK3es= contains sample tx 313
[2026-04-19T03:25:10.431Z INFO  worker::batch_maker] Batch an7YVZB3bliuJky9fuUS9Ye6qyXno/4LAFXb2TNK3es= contains 204800 B
[2026-04-19T03:25:10.484Z INFO  worker::batch_maker] Batch vkNVJqTWm5u74qwLx+f4xBZsN2rHh5HfaRZfEWa7+yE= contains sample tx 314
[2026-04-19T03:25:10.484Z INFO  worker::batch_maker] Batch vkNVJqTWm5u74qwLx+f4xBZsN2rHh5HfaRZfEWa7+yE= contains 204800 B
[2026-04-19T03:25:10.536Z INFO  worker::batch_maker] Batch DtLkV/yaUV/yyYX+Dpouzpz7pn/M0oLHRnGqP4TrXS8= contains sample tx 315
[2026-04-19T03:25:10.536Z INFO  worker::batch_maker] Batch DtLkV/yaUV/yyYX+Dpouzpz7pn/M0oLHRnGqP4TrXS8= contains 204800 B
[2026-04-19T03:25:10.589Z INFO  worker::batch_maker] Batch rv9yiP2Pcd433QYrnviF3TXT0VrYeonrPbuVyHYS32U= contains sample tx 316
[2026-04-19T03:25:10.589Z INFO  worker::batch_maker] Batch rv9yiP2Pcd433QYrnviF3TXT0VrYeonrPbuVyHYS32U= contains 204800 B
[2026-04-19T03:25:10.642Z INFO  worker::batch_maker] Batch wCsB/YlwoEbY918xVO5NLJQAhO9y1BWFCDn0l6me3iw= contains sample tx 317
[2026-04-19T03:25:10.642Z INFO  worker::batch_maker] Batch wCsB/YlwoEbY918xVO5NLJQAhO9y1BWFCDn0l6me3iw= contains 204800 B
[2026-04-19T03:25:10.696Z INFO  worker::batch_maker] Batch Yp/BB9qbzNVQ2aJGCfI0INcfkdoTiaKXXJSQNSUxUFs= contains sample tx 318
[2026-04-19T03:25:10.696Z INFO  worker::batch_maker] Batch Yp/BB9qbzNVQ2aJGCfI0INcfkdoTiaKXXJSQNSUxUFs= contains 204800 B
[2026-04-19T03:25:10.748Z INFO  worker::batch_maker] Batch sEIm9sNPnWxstQBDfjnGVHPo4PCzjirL//ylC0D0G9I= contains sample tx 319
[2026-04-19T03:25:10.748Z INFO  worker::batch_maker] Batch sEIm9sNPnWxstQBDfjnGVHPo4PCzjirL//ylC0D0G9I= contains 204800 B
[2026-04-19T03:25:10.799Z INFO  worker::batch_maker] Batch VUlu9uPBFpzi96puWTcnKigQJuAU6K8dIo7HGqs9MYU= contains sample tx 320
[2026-04-19T03:25:10.799Z INFO  worker::batch_maker] Batch VUlu9uPBFpzi96puWTcnKigQJuAU6K8dIo7HGqs9MYU= contains 204800 B
[2026-04-19T03:25:10.852Z INFO  worker::batch_maker] Batch qcmqvMJWExBcBLjqbK+EP0mS/R1F55wX5VQF+y4Sj1o= contains sample tx 321
[2026-04-19T03:25:10.852Z INFO  worker::batch_maker] Batch qcmqvMJWExBcBLjqbK+EP0mS/R1F55wX5VQF+y4Sj1o= contains 204800 B
[2026-04-19T03:25:10.904Z INFO  worker::batch_maker] Batch +wchO6cOn2yUbBNNEANJs5WhxMIddshtsMqMMoFsKnQ= contains sample tx 322
[2026-04-19T03:25:10.904Z INFO  worker::batch_maker] Batch +wchO6cOn2yUbBNNEANJs5WhxMIddshtsMqMMoFsKnQ= contains 204800 B
[2026-04-19T03:25:10.957Z INFO  worker::batch_maker] Batch ZBYVEORR9a6O3S/AhPT7u/j8+3BvRYp8XMze7iavL+U= contains sample tx 323
[2026-04-19T03:25:10.957Z INFO  worker::batch_maker] Batch ZBYVEORR9a6O3S/AhPT7u/j8+3BvRYp8XMze7iavL+U= contains 204800 B
[2026-04-19T03:25:11.012Z INFO  worker::batch_maker] Batch MxzGkdJo6RlFTk0IkxaVeOMk1DmT+jbxEdtFPKlZqmk= contains sample tx 324
[2026-04-19T03:25:11.012Z INFO  worker::batch_maker] Batch MxzGkdJo6RlFTk0IkxaVeOMk1DmT+jbxEdtFPKlZqmk= contains sample tx 325
[2026-04-19T03:25:11.012Z INFO  worker::batch_maker] Batch MxzGkdJo6RlFTk0IkxaVeOMk1DmT+jbxEdtFPKlZqmk= contains 372736 B
[2026-04-19T03:25:11.066Z INFO  worker::batch_maker] Batch KUE4iEBY+Mce8YXhgkQDm7/e7oyPFkZuiLhWDrz9VRQ= contains sample tx 326
[2026-04-19T03:25:11.066Z INFO  worker::batch_maker] Batch KUE4iEBY+Mce8YXhgkQDm7/e7oyPFkZuiLhWDrz9VRQ= contains 241664 B
[2026-04-19T03:25:11.120Z INFO  worker::batch_maker] Batch UT0uipPELWeOHbhnl6eijgy5ZCnAmGXdhMYLqeKYMMU= contains sample tx 327
[2026-04-19T03:25:11.120Z INFO  worker::batch_maker] Batch UT0uipPELWeOHbhnl6eijgy5ZCnAmGXdhMYLqeKYMMU= contains 204800 B
[2026-04-19T03:25:11.174Z INFO  worker::batch_maker] Batch /6ig3zbO+6jpeh19h2I4dn0TCPMKWlyAwrPsKhRf9i8= contains sample tx 328
[2026-04-19T03:25:11.174Z INFO  worker::batch_maker] Batch /6ig3zbO+6jpeh19h2I4dn0TCPMKWlyAwrPsKhRf9i8= contains 204800 B
[2026-04-19T03:25:11.229Z INFO  worker::batch_maker] Batch mQjR2rC2pb4IZhcTjWSDFgWlfTKC62PWVMbp3ehXZ3k= contains sample tx 329
[2026-04-19T03:25:11.229Z INFO  worker::batch_maker] Batch mQjR2rC2pb4IZhcTjWSDFgWlfTKC62PWVMbp3ehXZ3k= contains 204800 B
[2026-04-19T03:25:11.282Z INFO  worker::batch_maker] Batch rlJZO8b1zBaEDnFyE4JmJb9qAeZrZ3e/0XKAjFsHZyk= contains sample tx 330
[2026-04-19T03:25:11.282Z INFO  worker::batch_maker] Batch rlJZO8b1zBaEDnFyE4JmJb9qAeZrZ3e/0XKAjFsHZyk= contains 204800 B
[2026-04-19T03:25:11.336Z INFO  worker::batch_maker] Batch c7C/RuiqlZV5/47sh2pimFR1yESEFvW1gksFUlAIgGw= contains sample tx 331
[2026-04-19T03:25:11.336Z INFO  worker::batch_maker] Batch c7C/RuiqlZV5/47sh2pimFR1yESEFvW1gksFUlAIgGw= contains 204800 B
[2026-04-19T03:25:11.389Z INFO  worker::batch_maker] Batch up+DcC8VmVnMMYoBoYBWahrieANCLzj4xcB8pWVbWpU= contains sample tx 332
[2026-04-19T03:25:11.389Z INFO  worker::batch_maker] Batch up+DcC8VmVnMMYoBoYBWahrieANCLzj4xcB8pWVbWpU= contains 204800 B
[2026-04-19T03:25:11.443Z INFO  worker::batch_maker] Batch zOtgQmJM6ammoe5GM1I2ZiFeO2dJkOR/uDuLcOv7jXM= contains sample tx 333
[2026-04-19T03:25:11.443Z INFO  worker::batch_maker] Batch zOtgQmJM6ammoe5GM1I2ZiFeO2dJkOR/uDuLcOv7jXM= contains 204800 B
[2026-04-19T03:25:11.496Z INFO  worker::batch_maker] Batch hsM5n4v5qAvLd42TnX2OjooNKtPNAM8Tvjccb438MSU= contains sample tx 334
[2026-04-19T03:25:11.496Z INFO  worker::batch_maker] Batch hsM5n4v5qAvLd42TnX2OjooNKtPNAM8Tvjccb438MSU= contains 204800 B
[2026-04-19T03:25:11.549Z INFO  worker::batch_maker] Batch QKzRuUlMglX02cPT4FXOuCrS6cjyQEohNemgMkDU7Pg= contains sample tx 335
[2026-04-19T03:25:11.549Z INFO  worker::batch_maker] Batch QKzRuUlMglX02cPT4FXOuCrS6cjyQEohNemgMkDU7Pg= contains 204800 B
[2026-04-19T03:25:11.602Z INFO  worker::batch_maker] Batch Aw3ZBMt7GcATBE4R4Nm8Vb2U50IXXbgX27/SgCYruIE= contains sample tx 336
[2026-04-19T03:25:11.602Z INFO  worker::batch_maker] Batch Aw3ZBMt7GcATBE4R4Nm8Vb2U50IXXbgX27/SgCYruIE= contains 204800 B
[2026-04-19T03:25:11.654Z INFO  worker::batch_maker] Batch Hb/KgVe2yMDTsOQJu4KhfXdZdivvN5mb9xdSeDlnupA= contains sample tx 337
[2026-04-19T03:25:11.654Z INFO  worker::batch_maker] Batch Hb/KgVe2yMDTsOQJu4KhfXdZdivvN5mb9xdSeDlnupA= contains 204800 B
[2026-04-19T03:25:11.708Z INFO  worker::batch_maker] Batch VBfXt7MNNkFyI9GhQjRFKPVs5RFZA9iPey4+4OZv0gs= contains sample tx 338
[2026-04-19T03:25:11.708Z INFO  worker::batch_maker] Batch VBfXt7MNNkFyI9GhQjRFKPVs5RFZA9iPey4+4OZv0gs= contains 212480 B
[2026-04-19T03:25:11.761Z INFO  worker::batch_maker] Batch xj7ACaqJ6oCfohe61ythTbkLa4JdQZ/3SCFf6wsd4Dc= contains sample tx 339
[2026-04-19T03:25:11.761Z INFO  worker::batch_maker] Batch xj7ACaqJ6oCfohe61ythTbkLa4JdQZ/3SCFf6wsd4Dc= contains 319488 B
[2026-04-19T03:25:11.814Z INFO  worker::batch_maker] Batch 1pOd4Zx3Ln7XveEE/ZeiLHuVVaSINPXDAwe8dZ0O0Xo= contains sample tx 340
[2026-04-19T03:25:11.814Z INFO  worker::batch_maker] Batch 1pOd4Zx3Ln7XveEE/ZeiLHuVVaSINPXDAwe8dZ0O0Xo= contains sample tx 341
[2026-04-19T03:25:11.814Z INFO  worker::batch_maker] Batch 1pOd4Zx3Ln7XveEE/ZeiLHuVVaSINPXDAwe8dZ0O0Xo= contains 287232 B
[2026-04-19T03:25:11.867Z INFO  worker::batch_maker] Batch CPsXZakdGMpBiEdM3omyFGzUL9OlxjQ0wzWxuk/VU+I= contains sample tx 342
[2026-04-19T03:25:11.867Z INFO  worker::batch_maker] Batch CPsXZakdGMpBiEdM3omyFGzUL9OlxjQ0wzWxuk/VU+I= contains 204800 B
[2026-04-19T03:25:11.919Z INFO  worker::batch_maker] Batch OTmkrt2skwGfOBaNVzO4OeAHhIAYolAX80mNVfNsqMo= contains sample tx 343
[2026-04-19T03:25:11.919Z INFO  worker::batch_maker] Batch OTmkrt2skwGfOBaNVzO4OeAHhIAYolAX80mNVfNsqMo= contains 204800 B
[2026-04-19T03:25:11.972Z INFO  worker::batch_maker] Batch dz/uNfA+3EGB1EM+e4vqQUQW1bEJdgaDnrKmlCKXOTA= contains sample tx 344
[2026-04-19T03:25:11.972Z INFO  worker::batch_maker] Batch dz/uNfA+3EGB1EM+e4vqQUQW1bEJdgaDnrKmlCKXOTA= contains 204800 B
[2026-04-19T03:25:12.025Z INFO  worker::batch_maker] Batch YLDTaGY4tSuc0Qq3DSsZ70sXzMjOD2qOrfxFYZ8ka7M= contains sample tx 345
[2026-04-19T03:25:12.025Z INFO  worker::batch_maker] Batch YLDTaGY4tSuc0Qq3DSsZ70sXzMjOD2qOrfxFYZ8ka7M= contains 204800 B
[2026-04-19T03:25:12.079Z INFO  worker::batch_maker] Batch riufBLUlEvR+mP6TSjPxz2cKqlfsHyHfgKMW5oIcQIM= contains sample tx 346
[2026-04-19T03:25:12.079Z INFO  worker::batch_maker] Batch riufBLUlEvR+mP6TSjPxz2cKqlfsHyHfgKMW5oIcQIM= contains 204800 B
[2026-04-19T03:25:12.134Z INFO  worker::batch_maker] Batch OK6qeFT2QdybID5fc9v69NFuwy9uowaGYZ3px3tPPDg= contains sample tx 347
[2026-04-19T03:25:12.134Z INFO  worker::batch_maker] Batch OK6qeFT2QdybID5fc9v69NFuwy9uowaGYZ3px3tPPDg= contains 204800 B
[2026-04-19T03:25:12.187Z INFO  worker::batch_maker] Batch dyjVmjB8mJkjCMUpalrnxNOoLwWHrAkS5EzPi2k1yFc= contains sample tx 348
[2026-04-19T03:25:12.187Z INFO  worker::batch_maker] Batch dyjVmjB8mJkjCMUpalrnxNOoLwWHrAkS5EzPi2k1yFc= contains 204800 B
[2026-04-19T03:25:12.240Z INFO  worker::batch_maker] Batch qNuh8y38zU40Mv3lQ5cY0dCDS+KF7yiRKX0XDKc3R3c= contains sample tx 349
[2026-04-19T03:25:12.240Z INFO  worker::batch_maker] Batch qNuh8y38zU40Mv3lQ5cY0dCDS+KF7yiRKX0XDKc3R3c= contains 204800 B
[2026-04-19T03:25:12.292Z INFO  worker::batch_maker] Batch DaOkuhyS9f16Km1p//qcFPD3cCL5CzXmBgucekAzUNs= contains sample tx 350
[2026-04-19T03:25:12.292Z INFO  worker::batch_maker] Batch DaOkuhyS9f16Km1p//qcFPD3cCL5CzXmBgucekAzUNs= contains 204800 B
[2026-04-19T03:25:12.346Z INFO  worker::batch_maker] Batch otojPGOT1jdE5OkmBwwGZUreHmjhn2URFICUc/0tUl8= contains sample tx 351
[2026-04-19T03:25:12.346Z INFO  worker::batch_maker] Batch otojPGOT1jdE5OkmBwwGZUreHmjhn2URFICUc/0tUl8= contains 204800 B
[2026-04-19T03:25:12.399Z INFO  worker::batch_maker] Batch eXI8A5u+4Rjckw8OnFnmmYBzvCmT79RS6LYOmjsyxCg= contains sample tx 352
[2026-04-19T03:25:12.399Z INFO  worker::batch_maker] Batch eXI8A5u+4Rjckw8OnFnmmYBzvCmT79RS6LYOmjsyxCg= contains 204800 B
[2026-04-19T03:25:12.451Z INFO  worker::batch_maker] Batch qfsjWb/JZ5/jBFc9CBq049p4yk0moeU3Sn7OClJ9alU= contains sample tx 353
[2026-04-19T03:25:12.451Z INFO  worker::batch_maker] Batch qfsjWb/JZ5/jBFc9CBq049p4yk0moeU3Sn7OClJ9alU= contains 204800 B
[2026-04-19T03:25:12.503Z INFO  worker::batch_maker] Batch uHrDEThDcwwKROd+ucEZvL+MdmaymUaBF2P/JfL8lWQ= contains sample tx 354
[2026-04-19T03:25:12.503Z INFO  worker::batch_maker] Batch uHrDEThDcwwKROd+ucEZvL+MdmaymUaBF2P/JfL8lWQ= contains 204800 B
[2026-04-19T03:25:12.556Z INFO  worker::batch_maker] Batch 6wK8loVBD9Fwup4RuEA8rcBFppCqn98ig3fRw32fR70= contains sample tx 355
[2026-04-19T03:25:12.556Z INFO  worker::batch_maker] Batch 6wK8loVBD9Fwup4RuEA8rcBFppCqn98ig3fRw32fR70= contains 204800 B
[2026-04-19T03:25:12.612Z INFO  worker::batch_maker] Batch BZteLr2IWW3Csj1qdvQVsEqmvYRPDY3Cokx51d8sUUQ= contains sample tx 356
[2026-04-19T03:25:12.612Z INFO  worker::batch_maker] Batch BZteLr2IWW3Csj1qdvQVsEqmvYRPDY3Cokx51d8sUUQ= contains sample tx 357
[2026-04-19T03:25:12.612Z INFO  worker::batch_maker] Batch BZteLr2IWW3Csj1qdvQVsEqmvYRPDY3Cokx51d8sUUQ= contains 409600 B
[2026-04-19T03:25:12.666Z INFO  worker::batch_maker] Batch BRv09flKdiLv4bovBtWsHJHye9rueEALsuZ1D9a2rEY= contains sample tx 358
[2026-04-19T03:25:12.666Z INFO  worker::batch_maker] Batch BRv09flKdiLv4bovBtWsHJHye9rueEALsuZ1D9a2rEY= contains 204800 B
[2026-04-19T03:25:12.720Z INFO  worker::batch_maker] Batch 0OwgJ7v4mmIoYCKb68CUSGAsJaNrdnxF6ZJ1Z00TbzE= contains sample tx 359
[2026-04-19T03:25:12.720Z INFO  worker::batch_maker] Batch 0OwgJ7v4mmIoYCKb68CUSGAsJaNrdnxF6ZJ1Z00TbzE= contains 204800 B
[2026-04-19T03:25:12.773Z INFO  worker::batch_maker] Batch TfOUFOtHyJ09cE661JbE+NKwp/bXKBn0ak4QUhwi9Po= contains sample tx 360
[2026-04-19T03:25:12.773Z INFO  worker::batch_maker] Batch TfOUFOtHyJ09cE661JbE+NKwp/bXKBn0ak4QUhwi9Po= contains 204800 B
[2026-04-19T03:25:12.826Z INFO  worker::batch_maker] Batch R9piTf6JKuYrXcpOpss0CISg5fJ6btuN7xK/YED+CfY= contains sample tx 361
[2026-04-19T03:25:12.826Z INFO  worker::batch_maker] Batch R9piTf6JKuYrXcpOpss0CISg5fJ6btuN7xK/YED+CfY= contains 204800 B
[2026-04-19T03:25:12.878Z INFO  worker::batch_maker] Batch z4zzRqKPixFnhmKVRMmjS8ldC4LLOCGU45m+uJlRTXM= contains sample tx 362
[2026-04-19T03:25:12.878Z INFO  worker::batch_maker] Batch z4zzRqKPixFnhmKVRMmjS8ldC4LLOCGU45m+uJlRTXM= contains 204800 B
[2026-04-19T03:25:12.931Z INFO  worker::batch_maker] Batch MMBCDkOvF0O5jbqGjAv8VvCkY3mylXO1syBVWvJ2MI8= contains sample tx 363
[2026-04-19T03:25:12.931Z INFO  worker::batch_maker] Batch MMBCDkOvF0O5jbqGjAv8VvCkY3mylXO1syBVWvJ2MI8= contains 204800 B
[2026-04-19T03:25:12.984Z INFO  worker::batch_maker] Batch hl8n/tdOwNqr0nlWUXHHUHBmdbEBHYVI7UwJNtHRS2I= contains sample tx 364
[2026-04-19T03:25:12.984Z INFO  worker::batch_maker] Batch hl8n/tdOwNqr0nlWUXHHUHBmdbEBHYVI7UwJNtHRS2I= contains 204800 B
[2026-04-19T03:25:13.038Z INFO  worker::batch_maker] Batch 2LJBJNi/Vvjw2WqEfUgdY6TbonPb3FEg9L40OE2xtsg= contains sample tx 365
[2026-04-19T03:25:13.038Z INFO  worker::batch_maker] Batch 2LJBJNi/Vvjw2WqEfUgdY6TbonPb3FEg9L40OE2xtsg= contains 204800 B
[2026-04-19T03:25:13.090Z INFO  worker::batch_maker] Batch z39+qdMMfDwWsElab8YYsIEEAGKR3VeSNyzqEWBKAzY= contains sample tx 366
[2026-04-19T03:25:13.090Z INFO  worker::batch_maker] Batch z39+qdMMfDwWsElab8YYsIEEAGKR3VeSNyzqEWBKAzY= contains 204800 B
[2026-04-19T03:25:13.144Z INFO  worker::batch_maker] Batch WrME54wXcgQ853W+nfDetHBWV7RAverrFcQCTe2KFQk= contains sample tx 367
[2026-04-19T03:25:13.144Z INFO  worker::batch_maker] Batch WrME54wXcgQ853W+nfDetHBWV7RAverrFcQCTe2KFQk= contains 204800 B
[2026-04-19T03:25:13.199Z INFO  worker::batch_maker] Batch y+48CkTqeoLb+yvMVL+4eiDVtBvB3N1X1g/9Antx/EI= contains sample tx 368
[2026-04-19T03:25:13.199Z INFO  worker::batch_maker] Batch y+48CkTqeoLb+yvMVL+4eiDVtBvB3N1X1g/9Antx/EI= contains 204800 B
[2026-04-19T03:25:13.251Z INFO  worker::batch_maker] Batch wuGTsUHW2vheJVLgitUZ4DgwfodLJbhqaJk+oxKiQ7U= contains sample tx 369
[2026-04-19T03:25:13.251Z INFO  worker::batch_maker] Batch wuGTsUHW2vheJVLgitUZ4DgwfodLJbhqaJk+oxKiQ7U= contains 204800 B
[2026-04-19T03:25:13.305Z INFO  worker::batch_maker] Batch C5VQ9OfKcJlvYYQFlpfmL5CPO3duOHL1WTR5kK0NB+8= contains sample tx 370
[2026-04-19T03:25:13.305Z INFO  worker::batch_maker] Batch C5VQ9OfKcJlvYYQFlpfmL5CPO3duOHL1WTR5kK0NB+8= contains 204800 B
[2026-04-19T03:25:13.358Z INFO  worker::batch_maker] Batch +IVhAvOAwjU9vpy0lf6+RFjfDauQ8j1NYfPJ71y71Y4= contains sample tx 371
[2026-04-19T03:25:13.358Z INFO  worker::batch_maker] Batch +IVhAvOAwjU9vpy0lf6+RFjfDauQ8j1NYfPJ71y71Y4= contains 267264 B
[2026-04-19T03:25:13.414Z INFO  worker::batch_maker] Batch txHZTHdgCaLV6dxL0QgLpwZ563C6NP6pI08n752799I= contains sample tx 372
[2026-04-19T03:25:13.414Z INFO  worker::batch_maker] Batch txHZTHdgCaLV6dxL0QgLpwZ563C6NP6pI08n752799I= contains sample tx 373
[2026-04-19T03:25:13.414Z INFO  worker::batch_maker] Batch txHZTHdgCaLV6dxL0QgLpwZ563C6NP6pI08n752799I= contains 347136 B
[2026-04-19T03:25:13.467Z INFO  worker::batch_maker] Batch fulaTQHxs1N7psIHn+KIn+OgWnei9EqKdyUiGynt5Bg= contains sample tx 374
[2026-04-19T03:25:13.467Z INFO  worker::batch_maker] Batch fulaTQHxs1N7psIHn+KIn+OgWnei9EqKdyUiGynt5Bg= contains 204800 B
[2026-04-19T03:25:13.521Z INFO  worker::batch_maker] Batch 36Y2MFMg+G8AOPzTXryoROoSuP6GSMB2s+ajpnoBc7M= contains sample tx 375
[2026-04-19T03:25:13.521Z INFO  worker::batch_maker] Batch 36Y2MFMg+G8AOPzTXryoROoSuP6GSMB2s+ajpnoBc7M= contains 204800 B
[2026-04-19T03:25:13.573Z INFO  worker::batch_maker] Batch ljtaMFTobTmrEkmHXRh2G2eByyRNDNbfKzDfy2lAZno= contains sample tx 376
[2026-04-19T03:25:13.573Z INFO  worker::batch_maker] Batch ljtaMFTobTmrEkmHXRh2G2eByyRNDNbfKzDfy2lAZno= contains 204800 B
[2026-04-19T03:25:13.627Z INFO  worker::batch_maker] Batch LolP6rpVZKng8niLic+Ssav1v4pGlea/Ijvgjag730g= contains sample tx 377
[2026-04-19T03:25:13.627Z INFO  worker::batch_maker] Batch LolP6rpVZKng8niLic+Ssav1v4pGlea/Ijvgjag730g= contains 204800 B
[2026-04-19T03:25:13.679Z INFO  worker::batch_maker] Batch 5RYWsI/IXeWYrmuH0OBL3y/IaWpLE2hftdiceOd8mQY= contains sample tx 378
[2026-04-19T03:25:13.679Z INFO  worker::batch_maker] Batch 5RYWsI/IXeWYrmuH0OBL3y/IaWpLE2hftdiceOd8mQY= contains 204800 B
[2026-04-19T03:25:13.732Z INFO  worker::batch_maker] Batch o+OVBAwsTFiCoZIi66EHibhbeE/NCIeH4mPrzKjL938= contains sample tx 379
[2026-04-19T03:25:13.732Z INFO  worker::batch_maker] Batch o+OVBAwsTFiCoZIi66EHibhbeE/NCIeH4mPrzKjL938= contains 204800 B
[2026-04-19T03:25:13.784Z INFO  worker::batch_maker] Batch /WY5JBbqEUvcCxjIuIYgDYYhIAhXFExL236eNby/5mY= contains sample tx 380
[2026-04-19T03:25:13.784Z INFO  worker::batch_maker] Batch /WY5JBbqEUvcCxjIuIYgDYYhIAhXFExL236eNby/5mY= contains 204800 B
[2026-04-19T03:25:13.836Z INFO  worker::batch_maker] Batch jYO82GczUfUtcPUszLCp7kR0aKDhj4CO/DBBwErlCIQ= contains sample tx 381
[2026-04-19T03:25:13.836Z INFO  worker::batch_maker] Batch jYO82GczUfUtcPUszLCp7kR0aKDhj4CO/DBBwErlCIQ= contains 204800 B
[2026-04-19T03:25:13.889Z INFO  worker::batch_maker] Batch zNED79pHA969k8N7zylEGvAiDRzMx4ox5sCOGibKqx0= contains sample tx 382
[2026-04-19T03:25:13.889Z INFO  worker::batch_maker] Batch zNED79pHA969k8N7zylEGvAiDRzMx4ox5sCOGibKqx0= contains 204800 B
[2026-04-19T03:25:13.943Z INFO  worker::batch_maker] Batch I2vIIuACW0hhx79sSLatmlCILVL33Yp8VfcRABIBeqk= contains sample tx 383
[2026-04-19T03:25:13.943Z INFO  worker::batch_maker] Batch I2vIIuACW0hhx79sSLatmlCILVL33Yp8VfcRABIBeqk= contains 204800 B
[2026-04-19T03:25:13.995Z INFO  worker::batch_maker] Batch KayleEXJZroegE0frJ+DdQTXTVtN45E1+Fy229Ptheo= contains sample tx 384
[2026-04-19T03:25:13.995Z INFO  worker::batch_maker] Batch KayleEXJZroegE0frJ+DdQTXTVtN45E1+Fy229Ptheo= contains 204800 B
[2026-04-19T03:25:14.047Z INFO  worker::batch_maker] Batch QiS8u3yuH6nasadqveGubyln2RIczMhA6FTFDXWufpA= contains sample tx 385
[2026-04-19T03:25:14.047Z INFO  worker::batch_maker] Batch QiS8u3yuH6nasadqveGubyln2RIczMhA6FTFDXWufpA= contains 204800 B
[2026-04-19T03:25:14.099Z INFO  worker::batch_maker] Batch p1+JH8FcM7mmIGwrzfMrZ6pOFq9qC5wys7TLD+FGe4o= contains sample tx 386
[2026-04-19T03:25:14.099Z INFO  worker::batch_maker] Batch p1+JH8FcM7mmIGwrzfMrZ6pOFq9qC5wys7TLD+FGe4o= contains 204800 B
[2026-04-19T03:25:14.152Z INFO  worker::batch_maker] Batch bx52ZNi6m4pbuTPQ78OePhoUerA8fyo7drIw/rsCKzk= contains sample tx 387
[2026-04-19T03:25:14.152Z INFO  worker::batch_maker] Batch bx52ZNi6m4pbuTPQ78OePhoUerA8fyo7drIw/rsCKzk= contains 204800 B
[2026-04-19T03:25:14.204Z INFO  worker::batch_maker] Batch HN4AWqq7PhUGmtYaeLu+XZ0gSpetmR7knn8hDhMAOSU= contains sample tx 388
[2026-04-19T03:25:14.204Z INFO  worker::batch_maker] Batch HN4AWqq7PhUGmtYaeLu+XZ0gSpetmR7knn8hDhMAOSU= contains 204800 B
[2026-04-19T03:25:14.257Z INFO  worker::batch_maker] Batch fYs9qwp86swvgK4pwFhL1aTQ8KyWMVMM6kGrO7pIPmI= contains sample tx 389
[2026-04-19T03:25:14.257Z INFO  worker::batch_maker] Batch fYs9qwp86swvgK4pwFhL1aTQ8KyWMVMM6kGrO7pIPmI= contains 324096 B
[2026-04-19T03:25:14.309Z INFO  worker::batch_maker] Batch k96VHKVf4brzoSE5wEJxHPBeZ6T6ZQV1Q4IbEKExIGA= contains sample tx 390
[2026-04-19T03:25:14.309Z INFO  worker::batch_maker] Batch k96VHKVf4brzoSE5wEJxHPBeZ6T6ZQV1Q4IbEKExIGA= contains sample tx 391
[2026-04-19T03:25:14.309Z INFO  worker::batch_maker] Batch k96VHKVf4brzoSE5wEJxHPBeZ6T6ZQV1Q4IbEKExIGA= contains 290304 B
[2026-04-19T03:25:14.362Z INFO  worker::batch_maker] Batch 2CXSXRnG1TlyNTKoMoOPKCEFE9ZcBA3ZrkhTZ17sFbs= contains sample tx 392
[2026-04-19T03:25:14.362Z INFO  worker::batch_maker] Batch 2CXSXRnG1TlyNTKoMoOPKCEFE9ZcBA3ZrkhTZ17sFbs= contains 204800 B
[2026-04-19T03:25:14.416Z INFO  worker::batch_maker] Batch GpsLaXHdidJV9hVn2yBC8WHpLz+YUKhAL8/8HH892zM= contains sample tx 393
[2026-04-19T03:25:14.416Z INFO  worker::batch_maker] Batch GpsLaXHdidJV9hVn2yBC8WHpLz+YUKhAL8/8HH892zM= contains 204800 B
[2026-04-19T03:25:14.469Z INFO  worker::batch_maker] Batch xf9N5TYLYVWExRHhTAsYwg/Xo7j2Qq3wOvWFd8RHtRU= contains sample tx 394
[2026-04-19T03:25:14.469Z INFO  worker::batch_maker] Batch xf9N5TYLYVWExRHhTAsYwg/Xo7j2Qq3wOvWFd8RHtRU= contains 204800 B
[2026-04-19T03:25:14.521Z INFO  worker::batch_maker] Batch PH0jBwEOVGOcthOTSaOblPXmdCu7Vgizg2Wi7A6VZ4Y= contains sample tx 395
[2026-04-19T03:25:14.521Z INFO  worker::batch_maker] Batch PH0jBwEOVGOcthOTSaOblPXmdCu7Vgizg2Wi7A6VZ4Y= contains 204800 B
[2026-04-19T03:25:14.574Z INFO  worker::batch_maker] Batch rB8nB5ST4DOJRbWk88g+TP0/lcISpi8ZmS6HTi3nTLM= contains sample tx 396
[2026-04-19T03:25:14.574Z INFO  worker::batch_maker] Batch rB8nB5ST4DOJRbWk88g+TP0/lcISpi8ZmS6HTi3nTLM= contains 204800 B
[2026-04-19T03:25:14.628Z INFO  worker::batch_maker] Batch FnCCxExaBcda+i7v66nvQjSbtE0iRCSyf7tSYCQljBQ= contains sample tx 397
[2026-04-19T03:25:14.628Z INFO  worker::batch_maker] Batch FnCCxExaBcda+i7v66nvQjSbtE0iRCSyf7tSYCQljBQ= contains 204800 B
[2026-04-19T03:25:14.681Z INFO  worker::batch_maker] Batch 723tGpBSpl49sfO5wosTuIENEj1M1GunVikxoAY9EHY= contains sample tx 398
[2026-04-19T03:25:14.681Z INFO  worker::batch_maker] Batch 723tGpBSpl49sfO5wosTuIENEj1M1GunVikxoAY9EHY= contains 204800 B
[2026-04-19T03:25:14.734Z INFO  worker::batch_maker] Batch oSDqH4KQmIFAp8UkH340ZPzNrMWXls1K1c9B+XCwP7Q= contains sample tx 399
[2026-04-19T03:25:14.734Z INFO  worker::batch_maker] Batch oSDqH4KQmIFAp8UkH340ZPzNrMWXls1K1c9B+XCwP7Q= contains 204800 B
[2026-04-19T03:25:14.787Z INFO  worker::batch_maker] Batch riCGFLVZj35+JxihJSrukv5xnXPrPuan4giXU+Fw5FA= contains sample tx 400
[2026-04-19T03:25:14.787Z INFO  worker::batch_maker] Batch riCGFLVZj35+JxihJSrukv5xnXPrPuan4giXU+Fw5FA= contains 204800 B
[2026-04-19T03:25:14.841Z INFO  worker::batch_maker] Batch rQ3l1Yzacc96PEMDiqnQrrdpfdj0R2JJAeeBq75BYK0= contains sample tx 401
[2026-04-19T03:25:14.841Z INFO  worker::batch_maker] Batch rQ3l1Yzacc96PEMDiqnQrrdpfdj0R2JJAeeBq75BYK0= contains 204800 B
[2026-04-19T03:25:14.895Z INFO  worker::batch_maker] Batch QdIruZ7bNkau3xwoA7m4qClUF+6hZmXQgzJkjZFKfik= contains sample tx 402
[2026-04-19T03:25:14.895Z INFO  worker::batch_maker] Batch QdIruZ7bNkau3xwoA7m4qClUF+6hZmXQgzJkjZFKfik= contains 204800 B
[2026-04-19T03:25:14.950Z INFO  worker::batch_maker] Batch 5UHbZN40HoY6M2nDFYutuqKD779uU5tLlPiSeOZLoj8= contains sample tx 403
[2026-04-19T03:25:14.950Z INFO  worker::batch_maker] Batch 5UHbZN40HoY6M2nDFYutuqKD779uU5tLlPiSeOZLoj8= contains 204800 B
[2026-04-19T03:25:15.002Z INFO  worker::batch_maker] Batch Ro5nQL31ImxrGAS4BqLnZcxSl++KufS9NRMVyDvepDc= contains sample tx 404
[2026-04-19T03:25:15.002Z INFO  worker::batch_maker] Batch Ro5nQL31ImxrGAS4BqLnZcxSl++KufS9NRMVyDvepDc= contains 204800 B
[2026-04-19T03:25:15.055Z INFO  worker::batch_maker] Batch UtTX5QC3Ge/xUdAwM85xnoUZOtKxcGTsbveop2uPn0s= contains sample tx 405
[2026-04-19T03:25:15.055Z INFO  worker::batch_maker] Batch UtTX5QC3Ge/xUdAwM85xnoUZOtKxcGTsbveop2uPn0s= contains 204800 B
[2026-04-19T03:25:15.110Z INFO  worker::batch_maker] Batch fBjJbSw6+usI4FU0uynI0qxJIog/xt5k2VC8tn8O4YQ= contains sample tx 406
[2026-04-19T03:25:15.110Z INFO  worker::batch_maker] Batch fBjJbSw6+usI4FU0uynI0qxJIog/xt5k2VC8tn8O4YQ= contains sample tx 407
[2026-04-19T03:25:15.110Z INFO  worker::batch_maker] Batch fBjJbSw6+usI4FU0uynI0qxJIog/xt5k2VC8tn8O4YQ= contains 290816 B
[2026-04-19T03:25:15.164Z INFO  worker::batch_maker] Batch +Dw2S5cOaIiviTMzsRAWf4VlNh4JcA5ukgmFURSuDM0= contains sample tx 408
[2026-04-19T03:25:15.164Z INFO  worker::batch_maker] Batch +Dw2S5cOaIiviTMzsRAWf4VlNh4JcA5ukgmFURSuDM0= contains 323584 B
[2026-04-19T03:25:15.219Z INFO  worker::batch_maker] Batch H48eU6ERgpW+oMzCPiAhiXtrJ8vX+9NBdbMQ5werGX0= contains sample tx 409
[2026-04-19T03:25:15.219Z INFO  worker::batch_maker] Batch H48eU6ERgpW+oMzCPiAhiXtrJ8vX+9NBdbMQ5werGX0= contains 204800 B
[2026-04-19T03:25:15.271Z INFO  worker::batch_maker] Batch OjySAr0jrooHEbyjAP58JF558cwBg2kHKnHSFMS4dLE= contains sample tx 410
[2026-04-19T03:25:15.271Z INFO  worker::batch_maker] Batch OjySAr0jrooHEbyjAP58JF558cwBg2kHKnHSFMS4dLE= contains 204800 B
[2026-04-19T03:25:15.324Z INFO  worker::batch_maker] Batch SQ/8+0v1hHgxC4sHu5ICfBjZsTX6Ji2jYgWWq5Co0Ok= contains sample tx 411
[2026-04-19T03:25:15.324Z INFO  worker::batch_maker] Batch SQ/8+0v1hHgxC4sHu5ICfBjZsTX6Ji2jYgWWq5Co0Ok= contains 204800 B
[2026-04-19T03:25:15.377Z INFO  worker::batch_maker] Batch YKSuBdncBbUEGs9b25/uZOhgbbZPw9jXB5/TBODOUBM= contains sample tx 412
[2026-04-19T03:25:15.377Z INFO  worker::batch_maker] Batch YKSuBdncBbUEGs9b25/uZOhgbbZPw9jXB5/TBODOUBM= contains 204800 B
[2026-04-19T03:25:15.431Z INFO  worker::batch_maker] Batch OParmMg4i4xWQ1Gg5+EiVHoZv5b4j8C1w+QR2zHMNDU= contains sample tx 413
[2026-04-19T03:25:15.431Z INFO  worker::batch_maker] Batch OParmMg4i4xWQ1Gg5+EiVHoZv5b4j8C1w+QR2zHMNDU= contains 204800 B
[2026-04-19T03:25:15.484Z INFO  worker::batch_maker] Batch F5UuXn39HwYLOw+A5TVUVAr54PzrDo9WXc+SDWRZlf8= contains sample tx 414
[2026-04-19T03:25:15.485Z INFO  worker::batch_maker] Batch F5UuXn39HwYLOw+A5TVUVAr54PzrDo9WXc+SDWRZlf8= contains 204800 B
[2026-04-19T03:25:15.539Z INFO  worker::batch_maker] Batch 4G+hlyWCHSe8D6OdzhzgyZkcXJKMC+xH+DODhe6SCTc= contains sample tx 415
[2026-04-19T03:25:15.539Z INFO  worker::batch_maker] Batch 4G+hlyWCHSe8D6OdzhzgyZkcXJKMC+xH+DODhe6SCTc= contains 204800 B
[2026-04-19T03:25:15.592Z INFO  worker::batch_maker] Batch 21G/4edvt7b+1npoYyKjezSPz2OjZmoW/flmncSRDGI= contains sample tx 416
[2026-04-19T03:25:15.592Z INFO  worker::batch_maker] Batch 21G/4edvt7b+1npoYyKjezSPz2OjZmoW/flmncSRDGI= contains 204800 B
[2026-04-19T03:25:15.647Z INFO  worker::batch_maker] Batch MQ83cPWxFSCzOFfJLAGovO+zpMkvmPCEs0y0lY6oUTk= contains sample tx 417
[2026-04-19T03:25:15.647Z INFO  worker::batch_maker] Batch MQ83cPWxFSCzOFfJLAGovO+zpMkvmPCEs0y0lY6oUTk= contains 204800 B
[2026-04-19T03:25:15.701Z INFO  worker::batch_maker] Batch gdnO1Qsi+NogEzYNOYjTYL57n5z9Vz4yHgMK6idotZk= contains sample tx 418
[2026-04-19T03:25:15.701Z INFO  worker::batch_maker] Batch gdnO1Qsi+NogEzYNOYjTYL57n5z9Vz4yHgMK6idotZk= contains 204800 B
[2026-04-19T03:25:15.752Z INFO  worker::batch_maker] Batch NgucPg5W8m35YKTzzwMu7EAHu9xCCCUNwEJHprQ+aZs= contains sample tx 419
[2026-04-19T03:25:15.752Z INFO  worker::batch_maker] Batch NgucPg5W8m35YKTzzwMu7EAHu9xCCCUNwEJHprQ+aZs= contains 204800 B
[2026-04-19T03:25:15.804Z INFO  worker::batch_maker] Batch CfF6TuNPe0Ox/EDCUUbocOLq7dDEhDqT7PoJbDcl69A= contains sample tx 420
[2026-04-19T03:25:15.804Z INFO  worker::batch_maker] Batch CfF6TuNPe0Ox/EDCUUbocOLq7dDEhDqT7PoJbDcl69A= contains 204800 B
[2026-04-19T03:25:15.857Z INFO  worker::batch_maker] Batch 8at269Q879n9EMdMNhym+5PBE9BPMKPI7q1st4PzApo= contains sample tx 421
[2026-04-19T03:25:15.857Z INFO  worker::batch_maker] Batch 8at269Q879n9EMdMNhym+5PBE9BPMKPI7q1st4PzApo= contains sample tx 422
[2026-04-19T03:25:15.857Z INFO  worker::batch_maker] Batch 8at269Q879n9EMdMNhym+5PBE9BPMKPI7q1st4PzApo= contains 250880 B
[2026-04-19T03:25:15.913Z INFO  worker::batch_maker] Batch Wof7Ri6n0spR4+qLc3ijBskUyAy2JPp6UGeciHitUZk= contains sample tx 423
[2026-04-19T03:25:15.913Z INFO  worker::batch_maker] Batch Wof7Ri6n0spR4+qLc3ijBskUyAy2JPp6UGeciHitUZk= contains 363520 B
[2026-04-19T03:25:15.966Z INFO  worker::batch_maker] Batch h7E2RUg5Rr/siThwfniM0iJSbE+scOpZNlMuAfb4JDg= contains sample tx 424
[2026-04-19T03:25:15.966Z INFO  worker::batch_maker] Batch h7E2RUg5Rr/siThwfniM0iJSbE+scOpZNlMuAfb4JDg= contains 204800 B
[2026-04-19T03:25:16.018Z INFO  worker::batch_maker] Batch JMfCCb0/mJPO5/+hzEGXNLRkevcIiPQEJ8yY/FdXd8Q= contains sample tx 425
[2026-04-19T03:25:16.018Z INFO  worker::batch_maker] Batch JMfCCb0/mJPO5/+hzEGXNLRkevcIiPQEJ8yY/FdXd8Q= contains 137728 B
[2026-04-19T03:25:16.073Z INFO  worker::batch_maker] Batch 3WbEmxhjw0CeRIgJw6+lAu321ttAfp3u6rzEV7mkfWo= contains sample tx 426
[2026-04-19T03:25:16.073Z INFO  worker::batch_maker] Batch 3WbEmxhjw0CeRIgJw6+lAu321ttAfp3u6rzEV7mkfWo= contains 271872 B
[2026-04-19T03:25:16.127Z INFO  worker::batch_maker] Batch zoU8XX8rNDix1YfNuBnzDuU5djVWThDyN8sFxteqIso= contains sample tx 427
[2026-04-19T03:25:16.127Z INFO  worker::batch_maker] Batch zoU8XX8rNDix1YfNuBnzDuU5djVWThDyN8sFxteqIso= contains 204800 B
[2026-04-19T03:25:16.181Z INFO  worker::batch_maker] Batch mQnYCA6D6NLEDi1TWT0+vo/jXWiGLEbeYSD5ZnoD55Q= contains sample tx 428
[2026-04-19T03:25:16.181Z INFO  worker::batch_maker] Batch mQnYCA6D6NLEDi1TWT0+vo/jXWiGLEbeYSD5ZnoD55Q= contains 204800 B
[2026-04-19T03:25:16.233Z INFO  worker::batch_maker] Batch s/wdefzrMYR0jkdPsjuJtRMddaoYY4W69J6Z+2ecoBQ= contains sample tx 429
[2026-04-19T03:25:16.233Z INFO  worker::batch_maker] Batch s/wdefzrMYR0jkdPsjuJtRMddaoYY4W69J6Z+2ecoBQ= contains 204800 B
[2026-04-19T03:25:16.286Z INFO  worker::batch_maker] Batch Ui6GrmpKUdxH1OgEGeLvsIetREvwWx68ZuaSvHK+ics= contains sample tx 430
[2026-04-19T03:25:16.286Z INFO  worker::batch_maker] Batch Ui6GrmpKUdxH1OgEGeLvsIetREvwWx68ZuaSvHK+ics= contains 204800 B
[2026-04-19T03:25:16.338Z INFO  worker::batch_maker] Batch UFu4djaAA3BNyfohd5JzZ7Ccbs+9To+pRbDjnDftpTY= contains sample tx 431
[2026-04-19T03:25:16.338Z INFO  worker::batch_maker] Batch UFu4djaAA3BNyfohd5JzZ7Ccbs+9To+pRbDjnDftpTY= contains 204800 B
[2026-04-19T03:25:16.392Z INFO  worker::batch_maker] Batch 17BZ+q6W+TS9bDIt4eZQyKA/91VK1mnoOgxI0SVVOac= contains sample tx 432
[2026-04-19T03:25:16.392Z INFO  worker::batch_maker] Batch 17BZ+q6W+TS9bDIt4eZQyKA/91VK1mnoOgxI0SVVOac= contains 204800 B
[2026-04-19T03:25:16.445Z INFO  worker::batch_maker] Batch quPSjVAwoN5yQ+bGNTpwFXm9Zwk6Ymn8y3/OwvBDwvs= contains sample tx 433
[2026-04-19T03:25:16.445Z INFO  worker::batch_maker] Batch quPSjVAwoN5yQ+bGNTpwFXm9Zwk6Ymn8y3/OwvBDwvs= contains 204800 B
[2026-04-19T03:25:16.498Z INFO  worker::batch_maker] Batch O3A84RTeDvsZLWxBxjdVVaBPH17WBNDUmInfGQjYnHU= contains sample tx 434
[2026-04-19T03:25:16.498Z INFO  worker::batch_maker] Batch O3A84RTeDvsZLWxBxjdVVaBPH17WBNDUmInfGQjYnHU= contains 204800 B
[2026-04-19T03:25:16.550Z INFO  worker::batch_maker] Batch /gE/0Xo4dJw1b5k4yrSVr/clDXmUGMqK+RI7E31ELxM= contains sample tx 435
[2026-04-19T03:25:16.550Z INFO  worker::batch_maker] Batch /gE/0Xo4dJw1b5k4yrSVr/clDXmUGMqK+RI7E31ELxM= contains 204800 B
[2026-04-19T03:25:16.603Z INFO  worker::batch_maker] Batch Q4cIEsjBDTVcHJfW8NdL72yXWJGKfvP35uATikJ0Zps= contains sample tx 436
[2026-04-19T03:25:16.603Z INFO  worker::batch_maker] Batch Q4cIEsjBDTVcHJfW8NdL72yXWJGKfvP35uATikJ0Zps= contains 204800 B
[2026-04-19T03:25:16.656Z INFO  worker::batch_maker] Batch fQFIXmCMXlNGGakjT2kVIll8kRIoXB6DRsSkyF6u8ps= contains sample tx 437
[2026-04-19T03:25:16.656Z INFO  worker::batch_maker] Batch fQFIXmCMXlNGGakjT2kVIll8kRIoXB6DRsSkyF6u8ps= contains 204800 B
[2026-04-19T03:25:16.712Z INFO  worker::batch_maker] Batch AbHvIv2ZHlWWw779MRGADrwiszzCJF5scltkZknldy8= contains sample tx 438
[2026-04-19T03:25:16.712Z INFO  worker::batch_maker] Batch AbHvIv2ZHlWWw779MRGADrwiszzCJF5scltkZknldy8= contains sample tx 439
[2026-04-19T03:25:16.712Z INFO  worker::batch_maker] Batch AbHvIv2ZHlWWw779MRGADrwiszzCJF5scltkZknldy8= contains 377344 B
[2026-04-19T03:25:16.764Z INFO  worker::batch_maker] Batch B0Oc6tngQh6OF5tACxsEtLRuJPTikMRJF4/LjC+Wwr4= contains sample tx 440
[2026-04-19T03:25:16.764Z INFO  worker::batch_maker] Batch B0Oc6tngQh6OF5tACxsEtLRuJPTikMRJF4/LjC+Wwr4= contains 237056 B
[2026-04-19T03:25:16.817Z INFO  worker::batch_maker] Batch AHjiw0l8Q0S6Quh85fS9r/U+RDJtGcPyFhhXcYGAMKA= contains sample tx 441
[2026-04-19T03:25:16.817Z INFO  worker::batch_maker] Batch AHjiw0l8Q0S6Quh85fS9r/U+RDJtGcPyFhhXcYGAMKA= contains 204800 B
[2026-04-19T03:25:16.870Z INFO  worker::batch_maker] Batch k2ucKn/3fgREqaF+Q5GW23x54perB5OrCDY/WVMz70A= contains sample tx 442
[2026-04-19T03:25:16.870Z INFO  worker::batch_maker] Batch k2ucKn/3fgREqaF+Q5GW23x54perB5OrCDY/WVMz70A= contains 204800 B
[2026-04-19T03:25:16.923Z INFO  worker::batch_maker] Batch CYePTKZBF4ltTlExSDIzVja6D4YLl2K+ZC1v88wwb6Y= contains sample tx 443
[2026-04-19T03:25:16.923Z INFO  worker::batch_maker] Batch CYePTKZBF4ltTlExSDIzVja6D4YLl2K+ZC1v88wwb6Y= contains 204800 B
[2026-04-19T03:25:16.976Z INFO  worker::batch_maker] Batch l8eansttjZxKiav1OjlXYUrjZIlsHKcotBFriIlx+/4= contains sample tx 444
[2026-04-19T03:25:16.976Z INFO  worker::batch_maker] Batch l8eansttjZxKiav1OjlXYUrjZIlsHKcotBFriIlx+/4= contains 204800 B
[2026-04-19T03:25:17.031Z INFO  worker::batch_maker] Batch hK5WMkUUUAK2GUcmAKU98eoElb4KieNcJmSK5FqO63E= contains sample tx 445
[2026-04-19T03:25:17.031Z INFO  worker::batch_maker] Batch hK5WMkUUUAK2GUcmAKU98eoElb4KieNcJmSK5FqO63E= contains 204800 B
[2026-04-19T03:25:17.084Z INFO  worker::batch_maker] Batch F8Z92OW3Wx5hwLF/lNkuliFtG/RgvJbJMwz/AGnxFeM= contains sample tx 446
[2026-04-19T03:25:17.084Z INFO  worker::batch_maker] Batch F8Z92OW3Wx5hwLF/lNkuliFtG/RgvJbJMwz/AGnxFeM= contains 204800 B
[2026-04-19T03:25:17.137Z INFO  worker::batch_maker] Batch o39yjYyetijLj1VUIJrAo0rSjKLz9bEtgxDYPed5Yis= contains sample tx 447
[2026-04-19T03:25:17.137Z INFO  worker::batch_maker] Batch o39yjYyetijLj1VUIJrAo0rSjKLz9bEtgxDYPed5Yis= contains 204800 B
[2026-04-19T03:25:17.191Z INFO  worker::batch_maker] Batch uQSTpw66LQ6Jc5CxtOipj3fo09cOvqUn1nEx+oFug2U= contains sample tx 448
[2026-04-19T03:25:17.191Z INFO  worker::batch_maker] Batch uQSTpw66LQ6Jc5CxtOipj3fo09cOvqUn1nEx+oFug2U= contains 204800 B
[2026-04-19T03:25:17.244Z INFO  worker::batch_maker] Batch WnALCrqZAcaryQM+ZoHwpRUtjTpzw7VbEwkM/yDY0wk= contains sample tx 449
[2026-04-19T03:25:17.244Z INFO  worker::batch_maker] Batch WnALCrqZAcaryQM+ZoHwpRUtjTpzw7VbEwkM/yDY0wk= contains 204800 B
[2026-04-19T03:25:17.298Z INFO  worker::batch_maker] Batch eofA+usZnVD5AXqzDHgyVCuUMFxKzL0rrS4hBYbmVls= contains sample tx 450
[2026-04-19T03:25:17.298Z INFO  worker::batch_maker] Batch eofA+usZnVD5AXqzDHgyVCuUMFxKzL0rrS4hBYbmVls= contains 204800 B
[2026-04-19T03:25:17.352Z INFO  worker::batch_maker] Batch TmkaqHqdMjYoLYeLDqBhodyrlOXm1uvA+N0UwbGpllE= contains sample tx 451
[2026-04-19T03:25:17.352Z INFO  worker::batch_maker] Batch TmkaqHqdMjYoLYeLDqBhodyrlOXm1uvA+N0UwbGpllE= contains 204800 B
[2026-04-19T03:25:17.404Z INFO  worker::batch_maker] Batch 6n6O3GXefbWYTk+0oxGR9YblB9dymtu7om8cqNfNcK8= contains sample tx 452
[2026-04-19T03:25:17.404Z INFO  worker::batch_maker] Batch 6n6O3GXefbWYTk+0oxGR9YblB9dymtu7om8cqNfNcK8= contains 204800 B
[2026-04-19T03:25:17.458Z INFO  worker::batch_maker] Batch 0BP65oeZRLoaZhxyvbuQy6FthPSRfgxEeNl9jElcth0= contains sample tx 453
[2026-04-19T03:25:17.458Z INFO  worker::batch_maker] Batch 0BP65oeZRLoaZhxyvbuQy6FthPSRfgxEeNl9jElcth0= contains sample tx 454
[2026-04-19T03:25:17.459Z INFO  worker::batch_maker] Batch 0BP65oeZRLoaZhxyvbuQy6FthPSRfgxEeNl9jElcth0= contains 268800 B
[2026-04-19T03:25:17.513Z INFO  worker::batch_maker] Batch S1fZRU/22aWSH8uSYDO96VTrkEFRxCAsHVkxY0ylpHY= contains sample tx 455
[2026-04-19T03:25:17.513Z INFO  worker::batch_maker] Batch S1fZRU/22aWSH8uSYDO96VTrkEFRxCAsHVkxY0ylpHY= contains 345600 B
[2026-04-19T03:25:17.567Z INFO  worker::batch_maker] Batch BSsI5yFlMDlIEp9LVkDqCBM4swY/nyYv0QpQbpJGrXg= contains sample tx 456
[2026-04-19T03:25:17.567Z INFO  worker::batch_maker] Batch BSsI5yFlMDlIEp9LVkDqCBM4swY/nyYv0QpQbpJGrXg= contains 204800 B
[2026-04-19T03:25:17.620Z INFO  worker::batch_maker] Batch UvZy4AAuBHj0TFA28IBGavlo73z7QIyw8VyjfDZ1WCk= contains sample tx 457
[2026-04-19T03:25:17.620Z INFO  worker::batch_maker] Batch UvZy4AAuBHj0TFA28IBGavlo73z7QIyw8VyjfDZ1WCk= contains 204800 B
[2026-04-19T03:25:17.673Z INFO  worker::batch_maker] Batch pjm8kvnuWzZ5rrnwxjqbYliLYSVyaXO8nahF/IbO/L4= contains sample tx 458
[2026-04-19T03:25:17.673Z INFO  worker::batch_maker] Batch pjm8kvnuWzZ5rrnwxjqbYliLYSVyaXO8nahF/IbO/L4= contains 204800 B
[2026-04-19T03:25:17.726Z INFO  worker::batch_maker] Batch MbqO1zA1HUKBOk5Mh7tTaWqf2sJexdRYvn9EEI+GIPc= contains sample tx 459
[2026-04-19T03:25:17.726Z INFO  worker::batch_maker] Batch MbqO1zA1HUKBOk5Mh7tTaWqf2sJexdRYvn9EEI+GIPc= contains 204800 B
[2026-04-19T03:25:17.779Z INFO  worker::batch_maker] Batch ZDqFF5T5tAK/e7WFjV7MNkHregL9ww6K9OJUkG66gHo= contains sample tx 460
[2026-04-19T03:25:17.779Z INFO  worker::batch_maker] Batch ZDqFF5T5tAK/e7WFjV7MNkHregL9ww6K9OJUkG66gHo= contains 204800 B
[2026-04-19T03:25:17.832Z INFO  worker::batch_maker] Batch stAgA9qAZAtZroKljiVIu/APTIvaCJEDC267IFY5k5c= contains sample tx 461
[2026-04-19T03:25:17.832Z INFO  worker::batch_maker] Batch stAgA9qAZAtZroKljiVIu/APTIvaCJEDC267IFY5k5c= contains 204800 B
[2026-04-19T03:25:17.883Z INFO  worker::batch_maker] Batch PnDYvdMVxmiyS7ZCEMB+5OjoPGV/nQSdQSvprXl4HT8= contains sample tx 462
[2026-04-19T03:25:17.883Z INFO  worker::batch_maker] Batch PnDYvdMVxmiyS7ZCEMB+5OjoPGV/nQSdQSvprXl4HT8= contains 204800 B
[2026-04-19T03:25:17.937Z INFO  worker::batch_maker] Batch ec5BqKIMZcoCCp4cgBNbbQAWImhRTjz3zT0q1ckAVHU= contains sample tx 463
[2026-04-19T03:25:17.937Z INFO  worker::batch_maker] Batch ec5BqKIMZcoCCp4cgBNbbQAWImhRTjz3zT0q1ckAVHU= contains 204800 B
[2026-04-19T03:25:17.991Z INFO  worker::batch_maker] Batch nouWInSMQOM4LoFaRB4Nc0sQZ1T0MvCgiXi6qW6Uytg= contains sample tx 464
[2026-04-19T03:25:17.991Z INFO  worker::batch_maker] Batch nouWInSMQOM4LoFaRB4Nc0sQZ1T0MvCgiXi6qW6Uytg= contains 204800 B
[2026-04-19T03:25:18.046Z INFO  worker::batch_maker] Batch 9xss1ZzJOnEjFwicQbBxQhvKA0LrXQVhSTd4PZ3FaZE= contains sample tx 465
[2026-04-19T03:25:18.046Z INFO  worker::batch_maker] Batch 9xss1ZzJOnEjFwicQbBxQhvKA0LrXQVhSTd4PZ3FaZE= contains 204800 B
[2026-04-19T03:25:18.099Z INFO  worker::batch_maker] Batch jPIuoxESwNeqay6fTA/No8CZRGclULLpbV5rUGma6Nk= contains sample tx 466
[2026-04-19T03:25:18.099Z INFO  worker::batch_maker] Batch jPIuoxESwNeqay6fTA/No8CZRGclULLpbV5rUGma6Nk= contains 204800 B
[2026-04-19T03:25:18.154Z INFO  worker::batch_maker] Batch VCmnpzJJVNNREbhdcd+1hzydjKtADKXEj1Nz6VS73vs= contains sample tx 467
[2026-04-19T03:25:18.155Z INFO  worker::batch_maker] Batch VCmnpzJJVNNREbhdcd+1hzydjKtADKXEj1Nz6VS73vs= contains 204800 B
[2026-04-19T03:25:18.208Z INFO  worker::batch_maker] Batch obnYLJGLPt/ROZB0Bh3XXeBTEMaLz1sVRIHF5PdTtco= contains sample tx 468
[2026-04-19T03:25:18.208Z INFO  worker::batch_maker] Batch obnYLJGLPt/ROZB0Bh3XXeBTEMaLz1sVRIHF5PdTtco= contains 235520 B
[2026-04-19T03:25:18.265Z INFO  worker::batch_maker] Batch xKHiB6y+u41/qSXWDDteXYBFoZWfTRDolduZG7PGowE= contains sample tx 469
[2026-04-19T03:25:18.265Z INFO  worker::batch_maker] Batch xKHiB6y+u41/qSXWDDteXYBFoZWfTRDolduZG7PGowE= contains sample tx 470
[2026-04-19T03:25:18.265Z INFO  worker::batch_maker] Batch xKHiB6y+u41/qSXWDDteXYBFoZWfTRDolduZG7PGowE= contains 378880 B
[2026-04-19T03:25:18.318Z INFO  worker::batch_maker] Batch PuauWcAyYfk3634kKXMVLoaNYKlTsFAK3ikGeiMRkJE= contains sample tx 471
[2026-04-19T03:25:18.318Z INFO  worker::batch_maker] Batch PuauWcAyYfk3634kKXMVLoaNYKlTsFAK3ikGeiMRkJE= contains 204800 B
[2026-04-19T03:25:18.372Z INFO  worker::batch_maker] Batch 12ZY18GbZfZK9ziCycMsqnrcE1GNK4XZY6E/AbJubZI= contains sample tx 472
[2026-04-19T03:25:18.372Z INFO  worker::batch_maker] Batch 12ZY18GbZfZK9ziCycMsqnrcE1GNK4XZY6E/AbJubZI= contains 204800 B
[2026-04-19T03:25:18.424Z INFO  worker::batch_maker] Batch 8i1pFzlmaUeXYdqTXpdZ4K8mitZyG5mcvntEhyRKAlE= contains sample tx 473
[2026-04-19T03:25:18.424Z INFO  worker::batch_maker] Batch 8i1pFzlmaUeXYdqTXpdZ4K8mitZyG5mcvntEhyRKAlE= contains 204800 B
[2026-04-19T03:25:18.476Z INFO  worker::batch_maker] Batch kiQ3Y+T21rAZiJ+2sm57p5q0DFZUuvyrQi3mR0lT10g= contains sample tx 474
[2026-04-19T03:25:18.476Z INFO  worker::batch_maker] Batch kiQ3Y+T21rAZiJ+2sm57p5q0DFZUuvyrQi3mR0lT10g= contains 204800 B
[2026-04-19T03:25:18.528Z INFO  worker::batch_maker] Batch t/6QH25DsIxpC6tUS0/Ya81oC+PRosCArLxIKplrJL4= contains sample tx 475
[2026-04-19T03:25:18.528Z INFO  worker::batch_maker] Batch t/6QH25DsIxpC6tUS0/Ya81oC+PRosCArLxIKplrJL4= contains 204800 B
[2026-04-19T03:25:18.582Z INFO  worker::batch_maker] Batch q6l9vP3rJGly9n1zIAL2M9g67gByl2Ynym2bLZqfSoQ= contains sample tx 476
[2026-04-19T03:25:18.582Z INFO  worker::batch_maker] Batch q6l9vP3rJGly9n1zIAL2M9g67gByl2Ynym2bLZqfSoQ= contains 204800 B
[2026-04-19T03:25:18.636Z INFO  worker::batch_maker] Batch LoRrXYqhgWEPDHhKQrQLohWhUUc8sJCC156dOeDDWmU= contains sample tx 477
[2026-04-19T03:25:18.636Z INFO  worker::batch_maker] Batch LoRrXYqhgWEPDHhKQrQLohWhUUc8sJCC156dOeDDWmU= contains 204800 B
[2026-04-19T03:25:18.690Z INFO  worker::batch_maker] Batch 0qTmA04+kPDby0dfRQLhaEa2LCaEDdZHZlWhvI/iOSM= contains sample tx 478
[2026-04-19T03:25:18.690Z INFO  worker::batch_maker] Batch 0qTmA04+kPDby0dfRQLhaEa2LCaEDdZHZlWhvI/iOSM= contains 204800 B
[2026-04-19T03:25:18.743Z INFO  worker::batch_maker] Batch Y+rwAxuRnPfMlU18L+Mb1Bkq5VNXdLTmNzop1uf60ZU= contains sample tx 479
[2026-04-19T03:25:18.743Z INFO  worker::batch_maker] Batch Y+rwAxuRnPfMlU18L+Mb1Bkq5VNXdLTmNzop1uf60ZU= contains 204800 B
[2026-04-19T03:25:18.798Z INFO  worker::batch_maker] Batch uNTLH/ENI0WY7VvjOLoVSibhz8Gdv3+sAx92H1vMgXs= contains sample tx 480
[2026-04-19T03:25:18.798Z INFO  worker::batch_maker] Batch uNTLH/ENI0WY7VvjOLoVSibhz8Gdv3+sAx92H1vMgXs= contains 204800 B
[2026-04-19T03:25:18.850Z INFO  worker::batch_maker] Batch XVHV6WLAGz367tSOS3k8biZEHyWRoiR+yAhLOynfWU4= contains sample tx 481
[2026-04-19T03:25:18.850Z INFO  worker::batch_maker] Batch XVHV6WLAGz367tSOS3k8biZEHyWRoiR+yAhLOynfWU4= contains 204800 B
[2026-04-19T03:25:18.903Z INFO  worker::batch_maker] Batch RX/223WzdqYDLwo0TSrfcVQDzi6q607bZNGhfLgas2A= contains sample tx 482
[2026-04-19T03:25:18.903Z INFO  worker::batch_maker] Batch RX/223WzdqYDLwo0TSrfcVQDzi6q607bZNGhfLgas2A= contains 204800 B
[2026-04-19T03:25:18.956Z INFO  worker::batch_maker] Batch k5pZkBwIVtCsNpIcBUZ8C0SHeaSwMF5RoFchkSHJ86Y= contains sample tx 483
[2026-04-19T03:25:18.956Z INFO  worker::batch_maker] Batch k5pZkBwIVtCsNpIcBUZ8C0SHeaSwMF5RoFchkSHJ86Y= contains 204800 B
[2026-04-19T03:25:19.008Z INFO  worker::batch_maker] Batch yjoRQjydfHrEwUDhXSGJTLO6jByvOwcJyVWB6aNOV5o= contains sample tx 484
[2026-04-19T03:25:19.008Z INFO  worker::batch_maker] Batch yjoRQjydfHrEwUDhXSGJTLO6jByvOwcJyVWB6aNOV5o= contains 222208 B
[2026-04-19T03:25:19.064Z INFO  worker::batch_maker] Batch KmBz+k1qfv7duP8VOcbfJJjh/6D/nOOH6QBDvV0chWY= contains sample tx 485
[2026-04-19T03:25:19.064Z INFO  worker::batch_maker] Batch KmBz+k1qfv7duP8VOcbfJJjh/6D/nOOH6QBDvV0chWY= contains sample tx 486
[2026-04-19T03:25:19.064Z INFO  worker::batch_maker] Batch KmBz+k1qfv7duP8VOcbfJJjh/6D/nOOH6QBDvV0chWY= contains 338432 B
[2026-04-19T03:25:19.119Z INFO  worker::batch_maker] Batch dCuJ0jTduINn7tbarkRcjPOleST9rWwhnAxDlSefPNk= contains sample tx 487
[2026-04-19T03:25:19.119Z INFO  worker::batch_maker] Batch dCuJ0jTduINn7tbarkRcjPOleST9rWwhnAxDlSefPNk= contains 258560 B
[2026-04-19T03:25:19.172Z INFO  worker::batch_maker] Batch 2l4n572ZDfKFkBryBNG41hZAUWHJmm4ymYp2gT+WFn4= contains sample tx 488
[2026-04-19T03:25:19.172Z INFO  worker::batch_maker] Batch 2l4n572ZDfKFkBryBNG41hZAUWHJmm4ymYp2gT+WFn4= contains 204800 B
[2026-04-19T03:25:19.224Z INFO  worker::batch_maker] Batch 2Fw4L3+4meJN+5LYFHk/cN9dA8TTB5CYRzzZw7nhHv0= contains sample tx 489
[2026-04-19T03:25:19.225Z INFO  worker::batch_maker] Batch 2Fw4L3+4meJN+5LYFHk/cN9dA8TTB5CYRzzZw7nhHv0= contains 204800 B
[2026-04-19T03:25:19.277Z INFO  worker::batch_maker] Batch njHoeZ5BdF4e8QfxBK+3+3XbDPiGe8H1AgS+2ph7Egg= contains sample tx 490
[2026-04-19T03:25:19.277Z INFO  worker::batch_maker] Batch njHoeZ5BdF4e8QfxBK+3+3XbDPiGe8H1AgS+2ph7Egg= contains 204800 B
[2026-04-19T03:25:19.330Z INFO  worker::batch_maker] Batch cOGwNPdCXw3oeoNW8MpKqVkT8b0fo16KQyIZEG+7aE0= contains sample tx 491
[2026-04-19T03:25:19.330Z INFO  worker::batch_maker] Batch cOGwNPdCXw3oeoNW8MpKqVkT8b0fo16KQyIZEG+7aE0= contains 204800 B
[2026-04-19T03:25:19.383Z INFO  worker::batch_maker] Batch H3y7ra71nBkBtuK8dGLYvSKczaaY2dkAtn0IrNXiqyM= contains sample tx 492
[2026-04-19T03:25:19.383Z INFO  worker::batch_maker] Batch H3y7ra71nBkBtuK8dGLYvSKczaaY2dkAtn0IrNXiqyM= contains 204800 B
[2026-04-19T03:25:19.435Z INFO  worker::batch_maker] Batch zOGqIbiplvVkAuAU7LMTTeQ4gHM/a8ybygBxPaYCWWk= contains sample tx 493
[2026-04-19T03:25:19.435Z INFO  worker::batch_maker] Batch zOGqIbiplvVkAuAU7LMTTeQ4gHM/a8ybygBxPaYCWWk= contains 204800 B
[2026-04-19T03:25:19.487Z INFO  worker::batch_maker] Batch WwvztlXd1FFUFQOoEMuv0cDYMa5iEmFKGEUm4mb4x2U= contains sample tx 494
[2026-04-19T03:25:19.487Z INFO  worker::batch_maker] Batch WwvztlXd1FFUFQOoEMuv0cDYMa5iEmFKGEUm4mb4x2U= contains 204800 B
[2026-04-19T03:25:19.540Z INFO  worker::batch_maker] Batch mJKlCSUgt/Ea+0HU/5bd+3Hht6T6BoAqaQMM/pmTq3c= contains sample tx 495
[2026-04-19T03:25:19.540Z INFO  worker::batch_maker] Batch mJKlCSUgt/Ea+0HU/5bd+3Hht6T6BoAqaQMM/pmTq3c= contains 204800 B
[2026-04-19T03:25:19.592Z INFO  worker::batch_maker] Batch NkLv+xZobEDOBHP+mU8wjZWKUt4HIquhUoQJbpzKp+4= contains sample tx 496
[2026-04-19T03:25:19.592Z INFO  worker::batch_maker] Batch NkLv+xZobEDOBHP+mU8wjZWKUt4HIquhUoQJbpzKp+4= contains 204800 B
[2026-04-19T03:25:19.645Z INFO  worker::batch_maker] Batch hi5S/50odV/DeC9JzTd1SHiKOnqBXtwe8e6UEbAJKFM= contains sample tx 497
[2026-04-19T03:25:19.645Z INFO  worker::batch_maker] Batch hi5S/50odV/DeC9JzTd1SHiKOnqBXtwe8e6UEbAJKFM= contains 204800 B
[2026-04-19T03:25:19.699Z INFO  worker::batch_maker] Batch uf97MSPras/5Hsgo0ZSzlYvH7hKwNmBXsr8RrUSu1w4= contains sample tx 498
[2026-04-19T03:25:19.699Z INFO  worker::batch_maker] Batch uf97MSPras/5Hsgo0ZSzlYvH7hKwNmBXsr8RrUSu1w4= contains 204800 B
[2026-04-19T03:25:19.752Z INFO  worker::batch_maker] Batch GAS3w6NSMclc7xlg9bu8rJ+CwrD2sA6LYVk0DWCt9PU= contains sample tx 499
[2026-04-19T03:25:19.752Z INFO  worker::batch_maker] Batch GAS3w6NSMclc7xlg9bu8rJ+CwrD2sA6LYVk0DWCt9PU= contains 204800 B
[2026-04-19T03:25:19.806Z INFO  worker::batch_maker] Batch OwrG1pvWeUMdqRzQNRC19qjwiysvIa9jqIwMMEDiaP4= contains sample tx 500
[2026-04-19T03:25:19.806Z INFO  worker::batch_maker] Batch OwrG1pvWeUMdqRzQNRC19qjwiysvIa9jqIwMMEDiaP4= contains 204800 B
[2026-04-19T03:25:19.858Z INFO  worker::batch_maker] Batch mJLDw2s4LY7h8m7Vo1V0xDsFOUTtodferWJ2VOlGEXw= contains sample tx 501
[2026-04-19T03:25:19.858Z INFO  worker::batch_maker] Batch mJLDw2s4LY7h8m7Vo1V0xDsFOUTtodferWJ2VOlGEXw= contains sample tx 502
[2026-04-19T03:25:19.858Z INFO  worker::batch_maker] Batch mJLDw2s4LY7h8m7Vo1V0xDsFOUTtodferWJ2VOlGEXw= contains 378880 B
[2026-04-19T03:25:19.911Z INFO  worker::batch_maker] Batch XeGFNQIyHDwBxVaTpKWD7vr+kwqm1RstyY5+oZpYS2I= contains sample tx 503
[2026-04-19T03:25:19.911Z INFO  worker::batch_maker] Batch XeGFNQIyHDwBxVaTpKWD7vr+kwqm1RstyY5+oZpYS2I= contains 235520 B
[2026-04-19T03:25:19.965Z INFO  worker::batch_maker] Batch U41FDnjLU2rLdhRrWsFnbPp8J126ikf4scMVKZtpHgw= contains sample tx 504
[2026-04-19T03:25:19.965Z INFO  worker::batch_maker] Batch U41FDnjLU2rLdhRrWsFnbPp8J126ikf4scMVKZtpHgw= contains 204800 B
[2026-04-19T03:25:20.018Z INFO  worker::batch_maker] Batch ngQ9bQxkeGKrE4clmDo3W3Cmw7DTXfbcLqPYkmQTy7s= contains sample tx 505
[2026-04-19T03:25:20.018Z INFO  worker::batch_maker] Batch ngQ9bQxkeGKrE4clmDo3W3Cmw7DTXfbcLqPYkmQTy7s= contains 204800 B
[2026-04-19T03:25:20.072Z INFO  worker::batch_maker] Batch UBbwEbgRXqWTHYiZeMnqQ/OVnwmTu1mqaeyaNdzJ9SM= contains sample tx 506
[2026-04-19T03:25:20.072Z INFO  worker::batch_maker] Batch UBbwEbgRXqWTHYiZeMnqQ/OVnwmTu1mqaeyaNdzJ9SM= contains 204800 B
[2026-04-19T03:25:20.125Z INFO  worker::batch_maker] Batch 6pBj7PcLgRnbTR2qG37HbCZCustSdf8l1TkxAadF2qM= contains sample tx 507
[2026-04-19T03:25:20.125Z INFO  worker::batch_maker] Batch 6pBj7PcLgRnbTR2qG37HbCZCustSdf8l1TkxAadF2qM= contains 204800 B
[2026-04-19T03:25:20.178Z INFO  worker::batch_maker] Batch Y1+P9NyzK51j7bEy6TniVKGIC4uR6fPyLVm3wQQM8dY= contains sample tx 508
[2026-04-19T03:25:20.178Z INFO  worker::batch_maker] Batch Y1+P9NyzK51j7bEy6TniVKGIC4uR6fPyLVm3wQQM8dY= contains 204800 B
[2026-04-19T03:25:20.230Z INFO  worker::batch_maker] Batch YlqMRzrOIvVWvqsamJloolloDfsFPCCLLhRmq+yB1js= contains sample tx 509
[2026-04-19T03:25:20.230Z INFO  worker::batch_maker] Batch YlqMRzrOIvVWvqsamJloolloDfsFPCCLLhRmq+yB1js= contains 204800 B
[2026-04-19T03:25:20.282Z INFO  worker::batch_maker] Batch 8ZsSfoqTWCwSEbwIp/BxVn3wyBqwxob2DNgjDGmnwFM= contains sample tx 510
[2026-04-19T03:25:20.282Z INFO  worker::batch_maker] Batch 8ZsSfoqTWCwSEbwIp/BxVn3wyBqwxob2DNgjDGmnwFM= contains 204800 B
[2026-04-19T03:25:20.336Z INFO  worker::batch_maker] Batch lMfdqKS5uiC+4xjuPEfJrPxWybsCT6dT54aGmwtQ4V0= contains sample tx 511
[2026-04-19T03:25:20.336Z INFO  worker::batch_maker] Batch lMfdqKS5uiC+4xjuPEfJrPxWybsCT6dT54aGmwtQ4V0= contains 204800 B
[2026-04-19T03:25:20.390Z INFO  worker::batch_maker] Batch RuJGdJdWQhir8stakY7DhkC3WKSlTeafvLSQSIrt7aM= contains sample tx 512
[2026-04-19T03:25:20.390Z INFO  worker::batch_maker] Batch RuJGdJdWQhir8stakY7DhkC3WKSlTeafvLSQSIrt7aM= contains 204800 B
[2026-04-19T03:25:20.444Z INFO  worker::batch_maker] Batch 4baVN/3vPSbhxv8hnFMMOJetI/2nOMsXdHKCGcOwC78= contains sample tx 513
[2026-04-19T03:25:20.444Z INFO  worker::batch_maker] Batch 4baVN/3vPSbhxv8hnFMMOJetI/2nOMsXdHKCGcOwC78= contains 204800 B
[2026-04-19T03:25:20.496Z INFO  worker::batch_maker] Batch GfFv8Lhvmo6dK+AtgxTU5YxgIEQkG5CDoBCw4xswrFM= contains sample tx 514
[2026-04-19T03:25:20.496Z INFO  worker::batch_maker] Batch GfFv8Lhvmo6dK+AtgxTU5YxgIEQkG5CDoBCw4xswrFM= contains 204800 B
[2026-04-19T03:25:20.549Z INFO  worker::batch_maker] Batch wZrsxkCWoHiLSjSIl9bkL+CAu0daSodcWZ+LIW5ZbK4= contains sample tx 515
[2026-04-19T03:25:20.549Z INFO  worker::batch_maker] Batch wZrsxkCWoHiLSjSIl9bkL+CAu0daSodcWZ+LIW5ZbK4= contains 204800 B
[2026-04-19T03:25:20.603Z INFO  worker::batch_maker] Batch 0mgMhACiUbdJXnKrKahx/l5WBcpjmdMUKNPIIgTsWaQ= contains sample tx 516
[2026-04-19T03:25:20.603Z INFO  worker::batch_maker] Batch 0mgMhACiUbdJXnKrKahx/l5WBcpjmdMUKNPIIgTsWaQ= contains 204800 B
[2026-04-19T03:25:20.655Z INFO  worker::batch_maker] Batch 9vb0oMLqDkwhY4RCN53TKnfTbs6GO5THTCsV1xxFYXw= contains sample tx 517
[2026-04-19T03:25:20.655Z INFO  worker::batch_maker] Batch 9vb0oMLqDkwhY4RCN53TKnfTbs6GO5THTCsV1xxFYXw= contains 204800 B
[2026-04-19T03:25:20.708Z INFO  worker::batch_maker] Batch 4lFDlKlaUX48xERcDQTcAALAAR3eoX+z+fLJh0PRmmQ= contains sample tx 518
[2026-04-19T03:25:20.708Z INFO  worker::batch_maker] Batch 4lFDlKlaUX48xERcDQTcAALAAR3eoX+z+fLJh0PRmmQ= contains sample tx 519
[2026-04-19T03:25:20.708Z INFO  worker::batch_maker] Batch 4lFDlKlaUX48xERcDQTcAALAAR3eoX+z+fLJh0PRmmQ= contains 409600 B
[2026-04-19T03:25:20.760Z INFO  worker::batch_maker] Batch dSXVV74KGZNOO1/mq6dR94rHgAPouplg6b1u4V1guA4= contains sample tx 520
[2026-04-19T03:25:20.760Z INFO  worker::batch_maker] Batch dSXVV74KGZNOO1/mq6dR94rHgAPouplg6b1u4V1guA4= contains 204800 B
[2026-04-19T03:25:20.813Z INFO  worker::batch_maker] Batch L2VuC1G8DppbMiKtx1W2R1AsY5Bmi1TJN0MEdq/XUng= contains sample tx 521
[2026-04-19T03:25:20.813Z INFO  worker::batch_maker] Batch L2VuC1G8DppbMiKtx1W2R1AsY5Bmi1TJN0MEdq/XUng= contains 204800 B
[2026-04-19T03:25:20.865Z INFO  worker::batch_maker] Batch tEvrPJKG56LTKXk3jRenn5uhOldZaYHSJtrd2dRgRAc= contains sample tx 522
[2026-04-19T03:25:20.865Z INFO  worker::batch_maker] Batch tEvrPJKG56LTKXk3jRenn5uhOldZaYHSJtrd2dRgRAc= contains 204800 B
[2026-04-19T03:25:20.916Z INFO  worker::batch_maker] Batch i6n1PicTM6cT237Tl+lZ707hNIfWBf0DklFzRXYwnFI= contains sample tx 523
[2026-04-19T03:25:20.916Z INFO  worker::batch_maker] Batch i6n1PicTM6cT237Tl+lZ707hNIfWBf0DklFzRXYwnFI= contains 204800 B
[2026-04-19T03:25:20.970Z INFO  worker::batch_maker] Batch +KqT7SYzQ6M8b97XiXL3D/hYdE0F4gllKL6XDm9fI+I= contains sample tx 524
[2026-04-19T03:25:20.970Z INFO  worker::batch_maker] Batch +KqT7SYzQ6M8b97XiXL3D/hYdE0F4gllKL6XDm9fI+I= contains 204800 B
[2026-04-19T03:25:21.023Z INFO  worker::batch_maker] Batch CQNcjpaiQSJyT1A3heC/egT7yQcWb99vwh6J7KbyuO8= contains sample tx 525
[2026-04-19T03:25:21.023Z INFO  worker::batch_maker] Batch CQNcjpaiQSJyT1A3heC/egT7yQcWb99vwh6J7KbyuO8= contains 204800 B
[2026-04-19T03:25:21.077Z INFO  worker::batch_maker] Batch atE0VtI42C8wBIr+3M3a4aK8oiw26Sy02cBHJNcYznI= contains sample tx 526
[2026-04-19T03:25:21.077Z INFO  worker::batch_maker] Batch atE0VtI42C8wBIr+3M3a4aK8oiw26Sy02cBHJNcYznI= contains 204800 B
[2026-04-19T03:25:21.129Z INFO  worker::batch_maker] Batch iSP0/7r9OQY1YBCr/ZQks1cGcsJWoAlC/+Ne030ChnM= contains sample tx 527
[2026-04-19T03:25:21.129Z INFO  worker::batch_maker] Batch iSP0/7r9OQY1YBCr/ZQks1cGcsJWoAlC/+Ne030ChnM= contains 204800 B
[2026-04-19T03:25:21.182Z INFO  worker::batch_maker] Batch Sib7YNcbT0imbG20r7Emxqh/XzEm2aufebmZws87epw= contains sample tx 528
[2026-04-19T03:25:21.183Z INFO  worker::batch_maker] Batch Sib7YNcbT0imbG20r7Emxqh/XzEm2aufebmZws87epw= contains 204800 B
[2026-04-19T03:25:21.235Z INFO  worker::batch_maker] Batch 2ovL+0rHTEDWggw5K8KL/TLYx+Xn4KpVq3A8O7cwOW0= contains sample tx 529
[2026-04-19T03:25:21.235Z INFO  worker::batch_maker] Batch 2ovL+0rHTEDWggw5K8KL/TLYx+Xn4KpVq3A8O7cwOW0= contains 204800 B
[2026-04-19T03:25:21.287Z INFO  worker::batch_maker] Batch KrnUejFALDppP70erhqPzPbkw7SLnsw62SCO4QRnGj0= contains sample tx 530
[2026-04-19T03:25:21.287Z INFO  worker::batch_maker] Batch KrnUejFALDppP70erhqPzPbkw7SLnsw62SCO4QRnGj0= contains 204800 B
[2026-04-19T03:25:21.340Z INFO  worker::batch_maker] Batch D7kmWjZ10HszsfZrc7K68aiM3Cp0pmARZWvfLWfMe+o= contains sample tx 531
[2026-04-19T03:25:21.340Z INFO  worker::batch_maker] Batch D7kmWjZ10HszsfZrc7K68aiM3Cp0pmARZWvfLWfMe+o= contains 204800 B
[2026-04-19T03:25:21.393Z INFO  worker::batch_maker] Batch 9kLiomAgn8t123hgV/uAFHaRvRDpnW0pxZ416wCAG5I= contains sample tx 532
[2026-04-19T03:25:21.393Z INFO  worker::batch_maker] Batch 9kLiomAgn8t123hgV/uAFHaRvRDpnW0pxZ416wCAG5I= contains 204800 B
[2026-04-19T03:25:21.448Z INFO  worker::batch_maker] Batch H5WeeAayqLF5IJOJa9iAgsdOfLv+mKn1nhvIVcMlg6k= contains sample tx 533
[2026-04-19T03:25:21.448Z INFO  worker::batch_maker] Batch H5WeeAayqLF5IJOJa9iAgsdOfLv+mKn1nhvIVcMlg6k= contains 204800 B
[2026-04-19T03:25:21.502Z INFO  worker::batch_maker] Batch Iq9Dh8fkkO/eBG1E0lxcdekmGjh0fQeu9BmxP6KKmRE= contains sample tx 534
[2026-04-19T03:25:21.502Z INFO  worker::batch_maker] Batch Iq9Dh8fkkO/eBG1E0lxcdekmGjh0fQeu9BmxP6KKmRE= contains 204800 B
[2026-04-19T03:25:21.554Z INFO  worker::batch_maker] Batch 5W5vqh8S+EOMbGe4p2G0Z1taFL2OYmcga0WQh4NKuR4= contains sample tx 535
[2026-04-19T03:25:21.554Z INFO  worker::batch_maker] Batch 5W5vqh8S+EOMbGe4p2G0Z1taFL2OYmcga0WQh4NKuR4= contains 204800 B
[2026-04-19T03:25:21.608Z INFO  worker::batch_maker] Batch y89cBjPvJ+0u5hTOcshGhcCdSZAUezszOm1IAn65bcY= contains sample tx 536
[2026-04-19T03:25:21.608Z INFO  worker::batch_maker] Batch y89cBjPvJ+0u5hTOcshGhcCdSZAUezszOm1IAn65bcY= contains 204800 B
[2026-04-19T03:25:21.666Z INFO  worker::batch_maker] Batch GMH3ZsnSOxjbR4X83b8GbmdF8ENzNdPETJdLOR8NyJk= contains sample tx 537
[2026-04-19T03:25:21.666Z INFO  worker::batch_maker] Batch GMH3ZsnSOxjbR4X83b8GbmdF8ENzNdPETJdLOR8NyJk= contains sample tx 538
[2026-04-19T03:25:21.666Z INFO  worker::batch_maker] Batch GMH3ZsnSOxjbR4X83b8GbmdF8ENzNdPETJdLOR8NyJk= contains 379392 B
[2026-04-19T03:25:21.719Z INFO  worker::batch_maker] Batch yo58BU9/wyxc48m+jhh3YEPhSqWdgc73I8mIROODVkU= contains sample tx 539
[2026-04-19T03:25:21.720Z INFO  worker::batch_maker] Batch yo58BU9/wyxc48m+jhh3YEPhSqWdgc73I8mIROODVkU= contains 235008 B
[2026-04-19T03:25:21.772Z INFO  worker::batch_maker] Batch cDc/JkbLtcOF7O4hGR6DD8vwi+Ixzl6icf6r/NI/Wlk= contains sample tx 540
[2026-04-19T03:25:21.772Z INFO  worker::batch_maker] Batch cDc/JkbLtcOF7O4hGR6DD8vwi+Ixzl6icf6r/NI/Wlk= contains 204800 B
[2026-04-19T03:25:21.825Z INFO  worker::batch_maker] Batch mrVtMkd+QfRjAIrGSCsQvuSI4sHbMtnHYY/oVcoccQs= contains sample tx 541
[2026-04-19T03:25:21.825Z INFO  worker::batch_maker] Batch mrVtMkd+QfRjAIrGSCsQvuSI4sHbMtnHYY/oVcoccQs= contains 204800 B
[2026-04-19T03:25:21.880Z INFO  worker::batch_maker] Batch 0bWpuuLryCzk8V1z8noqZKznyVT50Q39jaNUESq/qRQ= contains sample tx 542
[2026-04-19T03:25:21.880Z INFO  worker::batch_maker] Batch 0bWpuuLryCzk8V1z8noqZKznyVT50Q39jaNUESq/qRQ= contains 204800 B
[2026-04-19T03:25:21.933Z INFO  worker::batch_maker] Batch uyQJWh2JVeElwlQ0jS3l9SpR0t6ndCJBee4fIjQ0f3A= contains sample tx 543
[2026-04-19T03:25:21.933Z INFO  worker::batch_maker] Batch uyQJWh2JVeElwlQ0jS3l9SpR0t6ndCJBee4fIjQ0f3A= contains 204800 B
[2026-04-19T03:25:21.986Z INFO  worker::batch_maker] Batch geWd+jXXZ7dZw0Wa79TFTfr9fV+GVRCStownHFGryrI= contains sample tx 544
[2026-04-19T03:25:21.986Z INFO  worker::batch_maker] Batch geWd+jXXZ7dZw0Wa79TFTfr9fV+GVRCStownHFGryrI= contains 204800 B
[2026-04-19T03:25:22.039Z INFO  worker::batch_maker] Batch KBpZNhu64xordwlmYJuqT6y8bNWXItbwFEX2tS+u/dc= contains sample tx 545
[2026-04-19T03:25:22.039Z INFO  worker::batch_maker] Batch KBpZNhu64xordwlmYJuqT6y8bNWXItbwFEX2tS+u/dc= contains 204800 B
[2026-04-19T03:25:22.091Z INFO  worker::batch_maker] Batch jBsB2ceyHkP9DmJHKpxm+eyAFcK/68kURvBCKPTRAeE= contains sample tx 546
[2026-04-19T03:25:22.091Z INFO  worker::batch_maker] Batch jBsB2ceyHkP9DmJHKpxm+eyAFcK/68kURvBCKPTRAeE= contains 204800 B
[2026-04-19T03:25:22.144Z INFO  worker::batch_maker] Batch gfEaR0e6mrfOj2cevABle5nvszmm4Ap90qUPb9jr4w8= contains sample tx 547
[2026-04-19T03:25:22.144Z INFO  worker::batch_maker] Batch gfEaR0e6mrfOj2cevABle5nvszmm4Ap90qUPb9jr4w8= contains 204800 B
[2026-04-19T03:25:22.197Z INFO  worker::batch_maker] Batch 4rd2tEOA7mCUc0JolQTgYhbzAo2vjV3fc2NR0BqoLOM= contains sample tx 548
[2026-04-19T03:25:22.197Z INFO  worker::batch_maker] Batch 4rd2tEOA7mCUc0JolQTgYhbzAo2vjV3fc2NR0BqoLOM= contains 204800 B
[2026-04-19T03:25:22.250Z INFO  worker::batch_maker] Batch zXjZ911aLEPdZdtROK1T3AbONAkJnJILSPjCVa5dehc= contains sample tx 549
[2026-04-19T03:25:22.250Z INFO  worker::batch_maker] Batch zXjZ911aLEPdZdtROK1T3AbONAkJnJILSPjCVa5dehc= contains 204800 B
[2026-04-19T03:25:22.304Z INFO  worker::batch_maker] Batch JdE2PHaJdXlWXRVYldYq90NqkR7jLWIvNx8TpCNECn8= contains sample tx 550
[2026-04-19T03:25:22.304Z INFO  worker::batch_maker] Batch JdE2PHaJdXlWXRVYldYq90NqkR7jLWIvNx8TpCNECn8= contains 204800 B
[2026-04-19T03:25:22.358Z INFO  worker::batch_maker] Batch voeimT9uexaZAvRNSM03JLB43QX0zxh/zvmu53di300= contains sample tx 551
[2026-04-19T03:25:22.358Z INFO  worker::batch_maker] Batch voeimT9uexaZAvRNSM03JLB43QX0zxh/zvmu53di300= contains 233984 B
[2026-04-19T03:25:22.414Z INFO  worker::batch_maker] Batch SolxWonDlVCJNn6ziGbpDGssui1zzfUSy0nSo6Y8SsU= contains sample tx 552
[2026-04-19T03:25:22.414Z INFO  worker::batch_maker] Batch SolxWonDlVCJNn6ziGbpDGssui1zzfUSy0nSo6Y8SsU= contains sample tx 553
[2026-04-19T03:25:22.414Z INFO  worker::batch_maker] Batch SolxWonDlVCJNn6ziGbpDGssui1zzfUSy0nSo6Y8SsU= contains 353792 B
[2026-04-19T03:25:22.468Z INFO  worker::batch_maker] Batch c5X2CKiKjvd9B7Wm8O1nSFg2gyPA58bo4qeMz60NemI= contains sample tx 554
[2026-04-19T03:25:22.468Z INFO  worker::batch_maker] Batch c5X2CKiKjvd9B7Wm8O1nSFg2gyPA58bo4qeMz60NemI= contains 231424 B
[2026-04-19T03:25:22.520Z INFO  worker::batch_maker] Batch XzTZIu0wooN306VMLb/VhkuHpN/yUNXFC6vdmkiHu6Q= contains sample tx 555
[2026-04-19T03:25:22.520Z INFO  worker::batch_maker] Batch XzTZIu0wooN306VMLb/VhkuHpN/yUNXFC6vdmkiHu6Q= contains 204800 B
[2026-04-19T03:25:22.573Z INFO  worker::batch_maker] Batch XXHUqeNbcudTtPLrQ8dIn5iB965M256Hf5mgLN8/1cI= contains sample tx 556
[2026-04-19T03:25:22.573Z INFO  worker::batch_maker] Batch XXHUqeNbcudTtPLrQ8dIn5iB965M256Hf5mgLN8/1cI= contains 204800 B
[2026-04-19T03:25:22.627Z INFO  worker::batch_maker] Batch +t5MF1LfHL65aIAR51dIODkr7sL3/Cj0kNR1YynorVk= contains sample tx 557
[2026-04-19T03:25:22.627Z INFO  worker::batch_maker] Batch +t5MF1LfHL65aIAR51dIODkr7sL3/Cj0kNR1YynorVk= contains 204800 B
[2026-04-19T03:25:22.679Z INFO  worker::batch_maker] Batch 6BiOwMzFxGcVTo8xUYnEAqzn/8xIGcE6TaPpcDWGZm4= contains sample tx 558
[2026-04-19T03:25:22.679Z INFO  worker::batch_maker] Batch 6BiOwMzFxGcVTo8xUYnEAqzn/8xIGcE6TaPpcDWGZm4= contains 204800 B
[2026-04-19T03:25:22.732Z INFO  worker::batch_maker] Batch KJwrb6tuA6CBGzd00uh8zyBd5Sj0BMHuqU3E/UkHsMo= contains sample tx 559
[2026-04-19T03:25:22.732Z INFO  worker::batch_maker] Batch KJwrb6tuA6CBGzd00uh8zyBd5Sj0BMHuqU3E/UkHsMo= contains 204800 B
[2026-04-19T03:25:22.785Z INFO  worker::batch_maker] Batch 4zmBFMf78fcXyh7jZRho+elSmKp3joT9HxA3AgoyOQU= contains sample tx 560
[2026-04-19T03:25:22.785Z INFO  worker::batch_maker] Batch 4zmBFMf78fcXyh7jZRho+elSmKp3joT9HxA3AgoyOQU= contains 204800 B
[2026-04-19T03:25:22.838Z INFO  worker::batch_maker] Batch vjtrpCJvLdNtglnm0u8BTCPUfFjWbKV1cnY7d7tD9y0= contains sample tx 561
[2026-04-19T03:25:22.838Z INFO  worker::batch_maker] Batch vjtrpCJvLdNtglnm0u8BTCPUfFjWbKV1cnY7d7tD9y0= contains 204800 B
[2026-04-19T03:25:22.893Z INFO  worker::batch_maker] Batch /gQWvuIPn47EE17nxsjqxhbJqes87+3ubcpS93/XfYE= contains sample tx 562
[2026-04-19T03:25:22.893Z INFO  worker::batch_maker] Batch /gQWvuIPn47EE17nxsjqxhbJqes87+3ubcpS93/XfYE= contains 204800 B
[2026-04-19T03:25:22.946Z INFO  worker::batch_maker] Batch s1p5z9k1ybyG720SuZxWlMyt/AVqQ8BAO+piOiuTVDo= contains sample tx 563
[2026-04-19T03:25:22.946Z INFO  worker::batch_maker] Batch s1p5z9k1ybyG720SuZxWlMyt/AVqQ8BAO+piOiuTVDo= contains 204800 B
[2026-04-19T03:25:22.999Z INFO  worker::batch_maker] Batch Baq2kZIOwS8WmSbYzR9QM1xu+CAJdXGutaMuIYv8IsU= contains sample tx 564
[2026-04-19T03:25:22.999Z INFO  worker::batch_maker] Batch Baq2kZIOwS8WmSbYzR9QM1xu+CAJdXGutaMuIYv8IsU= contains 204800 B
[2026-04-19T03:25:23.053Z INFO  worker::batch_maker] Batch 2fQJ493fmyXCnX4H+Pakgp37BnoFPtMUbovu+93TUXo= contains sample tx 565
[2026-04-19T03:25:23.053Z INFO  worker::batch_maker] Batch 2fQJ493fmyXCnX4H+Pakgp37BnoFPtMUbovu+93TUXo= contains 204800 B
[2026-04-19T03:25:23.105Z INFO  worker::batch_maker] Batch Mt3Z/phP64LyLOBKNumLiZKGkvU/Efgu+ZzTx1FysLw= contains sample tx 566
[2026-04-19T03:25:23.105Z INFO  worker::batch_maker] Batch Mt3Z/phP64LyLOBKNumLiZKGkvU/Efgu+ZzTx1FysLw= contains 204800 B
[2026-04-19T03:25:23.158Z INFO  worker::batch_maker] Batch /dXVSy0WAm9povzISX212ep0brXRrSLzw9Kv8wAYmrM= contains sample tx 567
[2026-04-19T03:25:23.158Z INFO  worker::batch_maker] Batch /dXVSy0WAm9povzISX212ep0brXRrSLzw9Kv8wAYmrM= contains 234496 B
[2026-04-19T03:25:23.213Z INFO  worker::batch_maker] Batch hPSSaUu6sX0lDd0AV4D0ORHathny03LZUu3C3UOh380= contains sample tx 568
[2026-04-19T03:25:23.213Z INFO  worker::batch_maker] Batch hPSSaUu6sX0lDd0AV4D0ORHathny03LZUu3C3UOh380= contains sample tx 569
[2026-04-19T03:25:23.213Z INFO  worker::batch_maker] Batch hPSSaUu6sX0lDd0AV4D0ORHathny03LZUu3C3UOh380= contains 379904 B
[2026-04-19T03:25:23.266Z INFO  worker::batch_maker] Batch PHSryTu558iMcPihOQsqrpbf+DI2S6F74vgU4A6d56I= contains sample tx 570
[2026-04-19T03:25:23.266Z INFO  worker::batch_maker] Batch PHSryTu558iMcPihOQsqrpbf+DI2S6F74vgU4A6d56I= contains 204800 B
[2026-04-19T03:25:23.318Z INFO  worker::batch_maker] Batch unLpSaguuikAaQLFwVGEXdkGDcjVV3BMccgD786EsWA= contains sample tx 571
[2026-04-19T03:25:23.318Z INFO  worker::batch_maker] Batch unLpSaguuikAaQLFwVGEXdkGDcjVV3BMccgD786EsWA= contains 204800 B
[2026-04-19T03:25:23.371Z INFO  worker::batch_maker] Batch oKykz7WIJpuSTqU88RuJvLEH4/5DigHl/lOLQMKBiX0= contains sample tx 572
[2026-04-19T03:25:23.371Z INFO  worker::batch_maker] Batch oKykz7WIJpuSTqU88RuJvLEH4/5DigHl/lOLQMKBiX0= contains 204800 B
[2026-04-19T03:25:23.423Z INFO  worker::batch_maker] Batch OAlFIY4uguahWwwcOI6g3jCJhVWxkJRsvYfCpx+PfRM= contains sample tx 573
[2026-04-19T03:25:23.423Z INFO  worker::batch_maker] Batch OAlFIY4uguahWwwcOI6g3jCJhVWxkJRsvYfCpx+PfRM= contains 204800 B
[2026-04-19T03:25:23.476Z INFO  worker::batch_maker] Batch oKyO7LcQy8aEMR3KZ1+CL5zEuNSnDLgpqUA2diHdlU8= contains sample tx 574
[2026-04-19T03:25:23.476Z INFO  worker::batch_maker] Batch oKyO7LcQy8aEMR3KZ1+CL5zEuNSnDLgpqUA2diHdlU8= contains 204800 B
[2026-04-19T03:25:23.529Z INFO  worker::batch_maker] Batch ltRV2LrFLzak9odvWQmegJ0Jn9c51Ujm2JD/wkJ6Ghs= contains sample tx 575
[2026-04-19T03:25:23.529Z INFO  worker::batch_maker] Batch ltRV2LrFLzak9odvWQmegJ0Jn9c51Ujm2JD/wkJ6Ghs= contains 204800 B
[2026-04-19T03:25:23.581Z INFO  worker::batch_maker] Batch R/11e3rrzQcfIlxLgJHR3g59i8LDRmQa/MSV5IaoCcY= contains sample tx 576
[2026-04-19T03:25:23.581Z INFO  worker::batch_maker] Batch R/11e3rrzQcfIlxLgJHR3g59i8LDRmQa/MSV5IaoCcY= contains 204800 B
[2026-04-19T03:25:23.634Z INFO  worker::batch_maker] Batch YrsifTTK27hUIm51GyT9Ai7HIkRAXb7qtiMIYv7SENE= contains sample tx 577
[2026-04-19T03:25:23.634Z INFO  worker::batch_maker] Batch YrsifTTK27hUIm51GyT9Ai7HIkRAXb7qtiMIYv7SENE= contains 204800 B
[2026-04-19T03:25:23.686Z INFO  worker::batch_maker] Batch 61zBQiVupNsG/h/JSXqOFYbg4LIQcbI0QdPDpsGLrBo= contains sample tx 578
[2026-04-19T03:25:23.686Z INFO  worker::batch_maker] Batch 61zBQiVupNsG/h/JSXqOFYbg4LIQcbI0QdPDpsGLrBo= contains 204800 B
[2026-04-19T03:25:23.737Z INFO  worker::batch_maker] Batch pxMSr3lFdOLItBcrYrIEFiz57dpyvkhTK2IZ+dw6SPk= contains sample tx 579
[2026-04-19T03:25:23.737Z INFO  worker::batch_maker] Batch pxMSr3lFdOLItBcrYrIEFiz57dpyvkhTK2IZ+dw6SPk= contains 204800 B
[2026-04-19T03:25:23.791Z INFO  worker::batch_maker] Batch rCdMp9BnIhH2QPFsz4Mt/kJNaUyCp9m6gbp5hiW3TEE= contains sample tx 580
[2026-04-19T03:25:23.791Z INFO  worker::batch_maker] Batch rCdMp9BnIhH2QPFsz4Mt/kJNaUyCp9m6gbp5hiW3TEE= contains 204800 B
[2026-04-19T03:25:23.844Z INFO  worker::batch_maker] Batch qdYGaTKdmnE1QGdke5TuIcQXq4dzhjwP6lkmtGVjsz0= contains sample tx 581
[2026-04-19T03:25:23.844Z INFO  worker::batch_maker] Batch qdYGaTKdmnE1QGdke5TuIcQXq4dzhjwP6lkmtGVjsz0= contains 204800 B
[2026-04-19T03:25:23.896Z INFO  worker::batch_maker] Batch c0idc/nfU+7bpOJLbMuj7nb1A9YlKqjMlX7hjh3Xz3w= contains sample tx 582
[2026-04-19T03:25:23.896Z INFO  worker::batch_maker] Batch c0idc/nfU+7bpOJLbMuj7nb1A9YlKqjMlX7hjh3Xz3w= contains 204800 B
[2026-04-19T03:25:23.949Z INFO  worker::batch_maker] Batch oB2hpVyycWK7COftyRDYyAWdvLwvaMJRwPWp60JEDGw= contains sample tx 583
[2026-04-19T03:25:23.949Z INFO  worker::batch_maker] Batch oB2hpVyycWK7COftyRDYyAWdvLwvaMJRwPWp60JEDGw= contains 204800 B
[2026-04-19T03:25:24.002Z INFO  worker::batch_maker] Batch y6i0xj0rJxr+pMwOlGoIPCRknEah+SO3mpFTOqtG2Kc= contains sample tx 584
[2026-04-19T03:25:24.002Z INFO  worker::batch_maker] Batch y6i0xj0rJxr+pMwOlGoIPCRknEah+SO3mpFTOqtG2Kc= contains 204800 B
[2026-04-19T03:25:24.054Z INFO  worker::batch_maker] Batch cilFR9vygiTuDJRgToESPeHBqt7xxDCpcFFDiaZua+o= contains sample tx 585
[2026-04-19T03:25:24.054Z INFO  worker::batch_maker] Batch cilFR9vygiTuDJRgToESPeHBqt7xxDCpcFFDiaZua+o= contains 204800 B
[2026-04-19T03:25:24.107Z INFO  worker::batch_maker] Batch vZDIiE8qg7tLwTuKfTmJITyDw1uL2IQ+paI/o5MpNbQ= contains sample tx 586
[2026-04-19T03:25:24.107Z INFO  worker::batch_maker] Batch vZDIiE8qg7tLwTuKfTmJITyDw1uL2IQ+paI/o5MpNbQ= contains 204800 B
[2026-04-19T03:25:24.161Z INFO  worker::batch_maker] Batch G7cAsb8cXA/QWyGqXeYJYsu6ABRcD3JxR1DyOVAQvdc= contains sample tx 587
[2026-04-19T03:25:24.161Z INFO  worker::batch_maker] Batch G7cAsb8cXA/QWyGqXeYJYsu6ABRcD3JxR1DyOVAQvdc= contains sample tx 588
[2026-04-19T03:25:24.161Z INFO  worker::batch_maker] Batch G7cAsb8cXA/QWyGqXeYJYsu6ABRcD3JxR1DyOVAQvdc= contains 324608 B
[2026-04-19T03:25:24.215Z INFO  worker::batch_maker] Batch +WFcld1CYEDD5l+QPpmKqnTgzH8OP41TtGCmKcXDtEY= contains sample tx 589
[2026-04-19T03:25:24.215Z INFO  worker::batch_maker] Batch +WFcld1CYEDD5l+QPpmKqnTgzH8OP41TtGCmKcXDtEY= contains 289792 B
[2026-04-19T03:25:24.268Z INFO  worker::batch_maker] Batch EBkzzZkOEjHg+h/V+YXelE2AmvGU5k6d5858dFqrCMc= contains sample tx 590
[2026-04-19T03:25:24.268Z INFO  worker::batch_maker] Batch EBkzzZkOEjHg+h/V+YXelE2AmvGU5k6d5858dFqrCMc= contains 204800 B
[2026-04-19T03:25:24.321Z INFO  worker::batch_maker] Batch C9NJRxg+r4/l+1vKCXkwM8L60Lc9M03TimRrHe44zYY= contains sample tx 591
[2026-04-19T03:25:24.322Z INFO  worker::batch_maker] Batch C9NJRxg+r4/l+1vKCXkwM8L60Lc9M03TimRrHe44zYY= contains 204800 B
[2026-04-19T03:25:24.375Z INFO  worker::batch_maker] Batch GlKzBU6Qd0Jpq9J7wlCLlG5p1erX8cjwHkmLJxxLoIg= contains sample tx 592
[2026-04-19T03:25:24.375Z INFO  worker::batch_maker] Batch GlKzBU6Qd0Jpq9J7wlCLlG5p1erX8cjwHkmLJxxLoIg= contains 204800 B
[2026-04-19T03:25:24.429Z INFO  worker::batch_maker] Batch HIIJGGB7BZR0ll8WVJ5SDnVGzuiNuBB2yP/Q3LiVCI0= contains sample tx 593
[2026-04-19T03:25:24.429Z INFO  worker::batch_maker] Batch HIIJGGB7BZR0ll8WVJ5SDnVGzuiNuBB2yP/Q3LiVCI0= contains 204800 B
[2026-04-19T03:25:24.481Z INFO  worker::batch_maker] Batch 0edzk//LMkhUDV5RHqTXxoWJAIOuP+jAebG5uzwhOEk= contains sample tx 594
[2026-04-19T03:25:24.481Z INFO  worker::batch_maker] Batch 0edzk//LMkhUDV5RHqTXxoWJAIOuP+jAebG5uzwhOEk= contains 204800 B
[2026-04-19T03:25:24.534Z INFO  worker::batch_maker] Batch gUh5Nm4E8jiC8RLjKHvtD+Jsv6TaR2QOX1ui8UD1Yqc= contains sample tx 595
[2026-04-19T03:25:24.534Z INFO  worker::batch_maker] Batch gUh5Nm4E8jiC8RLjKHvtD+Jsv6TaR2QOX1ui8UD1Yqc= contains 204800 B
[2026-04-19T03:25:24.587Z INFO  worker::batch_maker] Batch ZNirj9bz4X5SLlO6GAcitCJGWWeAM1s2BDO/eMq92Gk= contains sample tx 596
[2026-04-19T03:25:24.587Z INFO  worker::batch_maker] Batch ZNirj9bz4X5SLlO6GAcitCJGWWeAM1s2BDO/eMq92Gk= contains 204800 B
[2026-04-19T03:25:24.640Z INFO  worker::batch_maker] Batch AFlCI1ASFAuiU4E+UmHzKu9WGHF6a0Sx6HvRbFuQE/8= contains sample tx 597
[2026-04-19T03:25:24.640Z INFO  worker::batch_maker] Batch AFlCI1ASFAuiU4E+UmHzKu9WGHF6a0Sx6HvRbFuQE/8= contains 204800 B
[2026-04-19T03:25:24.694Z INFO  worker::batch_maker] Batch SdfsbGmUVPK7IyGrJYRXa2ovH4xyoxjFTkY+mvxmCo8= contains sample tx 598
[2026-04-19T03:25:24.694Z INFO  worker::batch_maker] Batch SdfsbGmUVPK7IyGrJYRXa2ovH4xyoxjFTkY+mvxmCo8= contains 204800 B
[2026-04-19T03:25:24.746Z INFO  worker::batch_maker] Batch GJ6255uavMiheozxDXNPgS06wpqYt4oJbswC1lOpxnU= contains sample tx 599
[2026-04-19T03:25:24.746Z INFO  worker::batch_maker] Batch GJ6255uavMiheozxDXNPgS06wpqYt4oJbswC1lOpxnU= contains 204800 B
[2026-04-19T03:25:24.801Z INFO  worker::batch_maker] Batch a4bEBBNfJ24P40OQo7FTacXcanY5PAH+thWW3mijwN4= contains sample tx 600
[2026-04-19T03:25:24.801Z INFO  worker::batch_maker] Batch a4bEBBNfJ24P40OQo7FTacXcanY5PAH+thWW3mijwN4= contains 204800 B
[2026-04-19T03:25:24.854Z INFO  worker::batch_maker] Batch CiGPJ0Xyvui6/qp/NtuUr0DJiWNCm5Qf6ZiZeJQsf9o= contains sample tx 601
[2026-04-19T03:25:24.855Z INFO  worker::batch_maker] Batch CiGPJ0Xyvui6/qp/NtuUr0DJiWNCm5Qf6ZiZeJQsf9o= contains 204800 B
[2026-04-19T03:25:24.908Z INFO  worker::batch_maker] Batch pPEf7Ak4MFZzGiguBJFhitZN3cUQntBItQjCMZ72hz0= contains sample tx 602
[2026-04-19T03:25:24.908Z INFO  worker::batch_maker] Batch pPEf7Ak4MFZzGiguBJFhitZN3cUQntBItQjCMZ72hz0= contains 254464 B
[2026-04-19T03:25:24.963Z INFO  worker::batch_maker] Batch P79ocAcvBAfxk0bMED7ec66z4vGVc+lWtd2TuYMEFlM= contains sample tx 603
[2026-04-19T03:25:24.963Z INFO  worker::batch_maker] Batch P79ocAcvBAfxk0bMED7ec66z4vGVc+lWtd2TuYMEFlM= contains sample tx 604
[2026-04-19T03:25:24.963Z INFO  worker::batch_maker] Batch P79ocAcvBAfxk0bMED7ec66z4vGVc+lWtd2TuYMEFlM= contains 359936 B
[2026-04-19T03:25:25.016Z INFO  worker::batch_maker] Batch KwNuuld1wsFWcNS92W9Uoxpz4KTBYQkt9aGjrTI8sZs= contains sample tx 605
[2026-04-19T03:25:25.016Z INFO  worker::batch_maker] Batch KwNuuld1wsFWcNS92W9Uoxpz4KTBYQkt9aGjrTI8sZs= contains 204800 B
[2026-04-19T03:25:25.069Z INFO  worker::batch_maker] Batch Q/Kcq/IG64PV+dDk1U5Jr9bba1wNaN3Tl0dkGCelyDA= contains sample tx 606
[2026-04-19T03:25:25.069Z INFO  worker::batch_maker] Batch Q/Kcq/IG64PV+dDk1U5Jr9bba1wNaN3Tl0dkGCelyDA= contains 204800 B
[2026-04-19T03:25:25.123Z INFO  worker::batch_maker] Batch MhlhSf+E1IFLadHvw7YjS9p1mlxptN8aGwvqAXWgofg= contains sample tx 607
[2026-04-19T03:25:25.123Z INFO  worker::batch_maker] Batch MhlhSf+E1IFLadHvw7YjS9p1mlxptN8aGwvqAXWgofg= contains 204800 B
[2026-04-19T03:25:25.176Z INFO  worker::batch_maker] Batch Cy+tVTVL9bL/zVSDVG8dTBkOJ8Ke64/AUtcURYPNW+I= contains sample tx 608
[2026-04-19T03:25:25.176Z INFO  worker::batch_maker] Batch Cy+tVTVL9bL/zVSDVG8dTBkOJ8Ke64/AUtcURYPNW+I= contains 204800 B
[2026-04-19T03:25:25.229Z INFO  worker::batch_maker] Batch 6CZ33zEA9LAGKYnks2FfCN/sOfFDDET5pJUhLDVTckk= contains sample tx 609
[2026-04-19T03:25:25.229Z INFO  worker::batch_maker] Batch 6CZ33zEA9LAGKYnks2FfCN/sOfFDDET5pJUhLDVTckk= contains 204800 B
[2026-04-19T03:25:25.282Z INFO  worker::batch_maker] Batch ZSWm3fWWL25Dr6timqK0ui2oEMcawyi5MNEhimvxi/w= contains sample tx 610
[2026-04-19T03:25:25.282Z INFO  worker::batch_maker] Batch ZSWm3fWWL25Dr6timqK0ui2oEMcawyi5MNEhimvxi/w= contains 204800 B
[2026-04-19T03:25:25.336Z INFO  worker::batch_maker] Batch RXJ7sqYCWvA5OPnSpyPvFL0sqeZE6RkDwNm+I/6Tk6Q= contains sample tx 611
[2026-04-19T03:25:25.336Z INFO  worker::batch_maker] Batch RXJ7sqYCWvA5OPnSpyPvFL0sqeZE6RkDwNm+I/6Tk6Q= contains 204800 B
[2026-04-19T03:25:25.390Z INFO  worker::batch_maker] Batch gdTz6H2T/EuNXtsgVmmes8Rzm9zg/7vNYg6DlkIzi5Q= contains sample tx 612
[2026-04-19T03:25:25.390Z INFO  worker::batch_maker] Batch gdTz6H2T/EuNXtsgVmmes8Rzm9zg/7vNYg6DlkIzi5Q= contains 204800 B
[2026-04-19T03:25:25.443Z INFO  worker::batch_maker] Batch SDtf4zXXKRvlDZ4eqnCe2jP00BbbBXOyiGi78qGLS5g= contains sample tx 613
[2026-04-19T03:25:25.443Z INFO  worker::batch_maker] Batch SDtf4zXXKRvlDZ4eqnCe2jP00BbbBXOyiGi78qGLS5g= contains 204800 B
[2026-04-19T03:25:25.496Z INFO  worker::batch_maker] Batch yFxy0dDznNuuRlc7/Kiz4pbtW0PApK+IdkboaT6DH/g= contains sample tx 614
[2026-04-19T03:25:25.496Z INFO  worker::batch_maker] Batch yFxy0dDznNuuRlc7/Kiz4pbtW0PApK+IdkboaT6DH/g= contains 204800 B
[2026-04-19T03:25:25.549Z INFO  worker::batch_maker] Batch bFN/lljoB7n1QRWX7KcHMpCVqDKBpc2wocvRNXFTF7w= contains sample tx 615
[2026-04-19T03:25:25.549Z INFO  worker::batch_maker] Batch bFN/lljoB7n1QRWX7KcHMpCVqDKBpc2wocvRNXFTF7w= contains 204800 B
[2026-04-19T03:25:25.601Z INFO  worker::batch_maker] Batch STcJfT1N8BpaV1zJwmkqbXbWzjMJ2YZjf9tDIrDjl0w= contains sample tx 616
[2026-04-19T03:25:25.601Z INFO  worker::batch_maker] Batch STcJfT1N8BpaV1zJwmkqbXbWzjMJ2YZjf9tDIrDjl0w= contains 204800 B
[2026-04-19T03:25:25.653Z INFO  worker::batch_maker] Batch svzdZbFlNITmtoyNT3RpIwxYT1oMvXh4MzDrFiG147A= contains sample tx 617
[2026-04-19T03:25:25.653Z INFO  worker::batch_maker] Batch svzdZbFlNITmtoyNT3RpIwxYT1oMvXh4MzDrFiG147A= contains 204800 B
[2026-04-19T03:25:25.706Z INFO  worker::batch_maker] Batch WRruPv1RqOqNvMm7CMuiZGnuNLuPnMc5ULA4fSvhRnI= contains sample tx 618
[2026-04-19T03:25:25.706Z INFO  worker::batch_maker] Batch WRruPv1RqOqNvMm7CMuiZGnuNLuPnMc5ULA4fSvhRnI= contains 204800 B
[2026-04-19T03:25:25.759Z INFO  worker::batch_maker] Batch AIVwQ2I8L9UXIiove19CPbUHt6btyLetPGpHDkHDBIE= contains sample tx 619
[2026-04-19T03:25:25.759Z INFO  worker::batch_maker] Batch AIVwQ2I8L9UXIiove19CPbUHt6btyLetPGpHDkHDBIE= contains sample tx 620
[2026-04-19T03:25:25.759Z INFO  worker::batch_maker] Batch AIVwQ2I8L9UXIiove19CPbUHt6btyLetPGpHDkHDBIE= contains 409600 B
[2026-04-19T03:25:25.813Z INFO  worker::batch_maker] Batch Cp6k2h3g5Pf21pNBS6X1b6DigoaAhqnHQCFUu6gna3A= contains sample tx 621
[2026-04-19T03:25:25.814Z INFO  worker::batch_maker] Batch Cp6k2h3g5Pf21pNBS6X1b6DigoaAhqnHQCFUu6gna3A= contains 204800 B
[2026-04-19T03:25:25.867Z INFO  worker::batch_maker] Batch ld9CXw9x3nz4Kz9rQEPzZEpmovV1wpTfBqomY6gx2OA= contains sample tx 622
[2026-04-19T03:25:25.867Z INFO  worker::batch_maker] Batch ld9CXw9x3nz4Kz9rQEPzZEpmovV1wpTfBqomY6gx2OA= contains 204800 B
[2026-04-19T03:25:25.920Z INFO  worker::batch_maker] Batch 3u9FSjMx3nMiJDu2bwx7+g8Nnj5KZXmF6IFE/+hvHZw= contains 114176 B
[2026-04-19T03:25:25.976Z INFO  worker::batch_maker] Batch XS/wHXCJOeDW7QIl8243QgeNzhW9+gLMFwQET498mNI= contains sample tx 623
[2026-04-19T03:25:25.976Z INFO  worker::batch_maker] Batch XS/wHXCJOeDW7QIl8243QgeNzhW9+gLMFwQET498mNI= contains sample tx 624
[2026-04-19T03:25:25.976Z INFO  worker::batch_maker] Batch XS/wHXCJOeDW7QIl8243QgeNzhW9+gLMFwQET498mNI= contains 295424 B
[2026-04-19T03:25:26.028Z INFO  worker::batch_maker] Batch L8+H9UkTQEpmr4MFKj+IPi0Yl5lFZp2nnO/BPVFcDKg= contains sample tx 625
[2026-04-19T03:25:26.028Z INFO  worker::batch_maker] Batch L8+H9UkTQEpmr4MFKj+IPi0Yl5lFZp2nnO/BPVFcDKg= contains 204800 B
[2026-04-19T03:25:26.080Z INFO  worker::batch_maker] Batch txY6AjJ/A+Y+wbUlUg/qSPlnJ2kEF9Kn3jAh93JOo/4= contains sample tx 626
[2026-04-19T03:25:26.080Z INFO  worker::batch_maker] Batch txY6AjJ/A+Y+wbUlUg/qSPlnJ2kEF9Kn3jAh93JOo/4= contains 204800 B
[2026-04-19T03:25:26.134Z INFO  worker::batch_maker] Batch Et+SRKYm20ulWQ19HAO2Xd6GcAhehfsGDR8t5IHVXHc= contains sample tx 627
[2026-04-19T03:25:26.134Z INFO  worker::batch_maker] Batch Et+SRKYm20ulWQ19HAO2Xd6GcAhehfsGDR8t5IHVXHc= contains 204800 B
[2026-04-19T03:25:26.187Z INFO  worker::batch_maker] Batch KWezanRfiiysHWxlkPWeC6pLvx86E5Yrn/wNkLw5oyg= contains sample tx 628
[2026-04-19T03:25:26.187Z INFO  worker::batch_maker] Batch KWezanRfiiysHWxlkPWeC6pLvx86E5Yrn/wNkLw5oyg= contains 204800 B
[2026-04-19T03:25:26.240Z INFO  worker::batch_maker] Batch iIiiifZQBWi8jfLyvFY4x8vDizM1d+E+XC9am9R9dqw= contains sample tx 629
[2026-04-19T03:25:26.240Z INFO  worker::batch_maker] Batch iIiiifZQBWi8jfLyvFY4x8vDizM1d+E+XC9am9R9dqw= contains 204800 B
[2026-04-19T03:25:26.291Z INFO  worker::batch_maker] Batch uWtlx7ysdsl9/FebWleH0PqHAART/XKmjvfCUiVyrjw= contains sample tx 630
[2026-04-19T03:25:26.291Z INFO  worker::batch_maker] Batch uWtlx7ysdsl9/FebWleH0PqHAART/XKmjvfCUiVyrjw= contains 204800 B
[2026-04-19T03:25:26.345Z INFO  worker::batch_maker] Batch fPg/H1rKbeQ9LNQw4uFXh1yHwoHH4dj2rOs4hUHAFVc= contains sample tx 631
[2026-04-19T03:25:26.345Z INFO  worker::batch_maker] Batch fPg/H1rKbeQ9LNQw4uFXh1yHwoHH4dj2rOs4hUHAFVc= contains 204800 B
[2026-04-19T03:25:26.399Z INFO  worker::batch_maker] Batch YYHyi/hwHYGhn6LOzLl71NG1L7dd1yU71Sc/7dCnzq0= contains sample tx 632
[2026-04-19T03:25:26.399Z INFO  worker::batch_maker] Batch YYHyi/hwHYGhn6LOzLl71NG1L7dd1yU71Sc/7dCnzq0= contains 204800 B
[2026-04-19T03:25:26.452Z INFO  worker::batch_maker] Batch pRTEJpjO5S4O8tI+5JZ0P7SaPHc1cCMFYl2gDT6G744= contains sample tx 633
[2026-04-19T03:25:26.452Z INFO  worker::batch_maker] Batch pRTEJpjO5S4O8tI+5JZ0P7SaPHc1cCMFYl2gDT6G744= contains 204800 B
[2026-04-19T03:25:26.504Z INFO  worker::batch_maker] Batch o9FfnWqWjkhxyuSr3Zpqo/9Akfkq2F+WCqf4ACn3my8= contains sample tx 634
[2026-04-19T03:25:26.504Z INFO  worker::batch_maker] Batch o9FfnWqWjkhxyuSr3Zpqo/9Akfkq2F+WCqf4ACn3my8= contains 204800 B
[2026-04-19T03:25:26.557Z INFO  worker::batch_maker] Batch h2CZaHPBg8Tuo8yVO53H8QspamhdfUVwSw5XqV1i+FI= contains sample tx 635
[2026-04-19T03:25:26.557Z INFO  worker::batch_maker] Batch h2CZaHPBg8Tuo8yVO53H8QspamhdfUVwSw5XqV1i+FI= contains 216576 B
[2026-04-19T03:25:26.610Z INFO  worker::batch_maker] Batch ig3eedjKYV2n9j7gTa+oYWWGqjU339Upz6r68no6oes= contains sample tx 636
[2026-04-19T03:25:26.610Z INFO  worker::batch_maker] Batch ig3eedjKYV2n9j7gTa+oYWWGqjU339Upz6r68no6oes= contains sample tx 637
[2026-04-19T03:25:26.610Z INFO  worker::batch_maker] Batch ig3eedjKYV2n9j7gTa+oYWWGqjU339Upz6r68no6oes= contains 397824 B
[2026-04-19T03:25:26.663Z INFO  worker::batch_maker] Batch sJVaBJWwWXQq8pvFRJ7WHgFvv293dKDi4dPNtO48Ki8= contains sample tx 638
[2026-04-19T03:25:26.663Z INFO  worker::batch_maker] Batch sJVaBJWwWXQq8pvFRJ7WHgFvv293dKDi4dPNtO48Ki8= contains 204800 B
[2026-04-19T03:25:26.715Z INFO  worker::batch_maker] Batch LvKl21bkx/XsMzI8uosPJXupH0eW6R0pgaDUkuWCBEE= contains sample tx 639
[2026-04-19T03:25:26.715Z INFO  worker::batch_maker] Batch LvKl21bkx/XsMzI8uosPJXupH0eW6R0pgaDUkuWCBEE= contains 204800 B
[2026-04-19T03:25:26.767Z INFO  worker::batch_maker] Batch ALWeOpW9jJJ1z8LwsEnYP6e96BEfZagJ0zsZfdEHx9c= contains sample tx 640
[2026-04-19T03:25:26.767Z INFO  worker::batch_maker] Batch ALWeOpW9jJJ1z8LwsEnYP6e96BEfZagJ0zsZfdEHx9c= contains 204800 B
[2026-04-19T03:25:26.820Z INFO  worker::batch_maker] Batch p3wKcA3usMDmshgha30XSRDnGBpwNn388EHjb9viJWI= contains sample tx 641
[2026-04-19T03:25:26.820Z INFO  worker::batch_maker] Batch p3wKcA3usMDmshgha30XSRDnGBpwNn388EHjb9viJWI= contains 204800 B
[2026-04-19T03:25:26.871Z INFO  worker::batch_maker] Batch YUhw7VqZ9LuWdXBGIUuZssyvTn6mTYG85BF7LAzPfwQ= contains sample tx 642
[2026-04-19T03:25:26.871Z INFO  worker::batch_maker] Batch YUhw7VqZ9LuWdXBGIUuZssyvTn6mTYG85BF7LAzPfwQ= contains 204800 B
[2026-04-19T03:25:26.924Z INFO  worker::batch_maker] Batch vIUDRUUPmNC9Do2koPpr5U6u/1xYMBT5t6oaEU86e1I= contains sample tx 643
[2026-04-19T03:25:26.924Z INFO  worker::batch_maker] Batch vIUDRUUPmNC9Do2koPpr5U6u/1xYMBT5t6oaEU86e1I= contains 204800 B
[2026-04-19T03:25:26.976Z INFO  worker::batch_maker] Batch s2CmgNTbheEzNy6wtUG5eq+oKW9/yS6l9bAH5Ii3Ilc= contains sample tx 644
[2026-04-19T03:25:26.976Z INFO  worker::batch_maker] Batch s2CmgNTbheEzNy6wtUG5eq+oKW9/yS6l9bAH5Ii3Ilc= contains 204800 B
[2026-04-19T03:25:27.028Z INFO  worker::batch_maker] Batch 707SncyXFzyXikTx7WovSBnpX4GD/6VL4wbnb5Ilr/o= contains sample tx 645
[2026-04-19T03:25:27.028Z INFO  worker::batch_maker] Batch 707SncyXFzyXikTx7WovSBnpX4GD/6VL4wbnb5Ilr/o= contains 204800 B
[2026-04-19T03:25:27.080Z INFO  worker::batch_maker] Batch GZjRu4ofqGY3g19uW+tASFCqN9igLAfpEUpAEb97AuE= contains sample tx 646
[2026-04-19T03:25:27.080Z INFO  worker::batch_maker] Batch GZjRu4ofqGY3g19uW+tASFCqN9igLAfpEUpAEb97AuE= contains 204800 B
[2026-04-19T03:25:27.131Z INFO  worker::batch_maker] Batch Sv6yE3teUvqn5dqdhv6LSprKakjNT2D3wjyB2LYuD+w= contains sample tx 647
[2026-04-19T03:25:27.131Z INFO  worker::batch_maker] Batch Sv6yE3teUvqn5dqdhv6LSprKakjNT2D3wjyB2LYuD+w= contains 204800 B
[2026-04-19T03:25:27.183Z INFO  worker::batch_maker] Batch W2ry7FD5hwZWEN65O85p7xOCDiSU+K52PuBw1eLYl0E= contains sample tx 648
[2026-04-19T03:25:27.183Z INFO  worker::batch_maker] Batch W2ry7FD5hwZWEN65O85p7xOCDiSU+K52PuBw1eLYl0E= contains 204800 B
[2026-04-19T03:25:27.236Z INFO  worker::batch_maker] Batch hUST0062IY7ZH/z1RZpQ49FeVQpcTe8F8cpm1iAEXd0= contains sample tx 649
[2026-04-19T03:25:27.236Z INFO  worker::batch_maker] Batch hUST0062IY7ZH/z1RZpQ49FeVQpcTe8F8cpm1iAEXd0= contains 204800 B
[2026-04-19T03:25:27.289Z INFO  worker::batch_maker] Batch +EyzmDuKbEC+E1swzhkZO74t28us66j7BLVXHH1gmoo= contains sample tx 650
[2026-04-19T03:25:27.289Z INFO  worker::batch_maker] Batch +EyzmDuKbEC+E1swzhkZO74t28us66j7BLVXHH1gmoo= contains 204800 B
[2026-04-19T03:25:27.340Z INFO  worker::batch_maker] Batch slxs+AjcTotIFKBzqrQiX94ozkKj8vhZEF03J14pvPs= contains sample tx 651
[2026-04-19T03:25:27.340Z INFO  worker::batch_maker] Batch slxs+AjcTotIFKBzqrQiX94ozkKj8vhZEF03J14pvPs= contains 204800 B
[2026-04-19T03:25:27.393Z INFO  worker::batch_maker] Batch hwt1tJ7vwPScwts04gAYGseNxKyftvyJj/9cxCjl6z4= contains sample tx 652
[2026-04-19T03:25:27.393Z INFO  worker::batch_maker] Batch hwt1tJ7vwPScwts04gAYGseNxKyftvyJj/9cxCjl6z4= contains 204800 B
[2026-04-19T03:25:27.447Z INFO  worker::batch_maker] Batch xrVe7XDsQhbnFpCds9cIW+cFzMaCj7LA+eSB9mcolFU= contains sample tx 653
[2026-04-19T03:25:27.447Z INFO  worker::batch_maker] Batch xrVe7XDsQhbnFpCds9cIW+cFzMaCj7LA+eSB9mcolFU= contains 204800 B
[2026-04-19T03:25:27.499Z INFO  worker::batch_maker] Batch lnsJOSKzgzk8G+Ws+aYu4j+6XhGW00M3MTe7cuogO6g= contains sample tx 654
[2026-04-19T03:25:27.499Z INFO  worker::batch_maker] Batch lnsJOSKzgzk8G+Ws+aYu4j+6XhGW00M3MTe7cuogO6g= contains 204800 B
[2026-04-19T03:25:27.552Z INFO  worker::batch_maker] Batch T4it/WiQAwVDggDY3zrv74TDmKOuaegsfhw0hiB9Prg= contains sample tx 655
[2026-04-19T03:25:27.552Z INFO  worker::batch_maker] Batch T4it/WiQAwVDggDY3zrv74TDmKOuaegsfhw0hiB9Prg= contains 204800 B
[2026-04-19T03:25:27.605Z INFO  worker::batch_maker] Batch 4x402mseNEQFplPOGwW5Agdw1e6WJ14JXbvDszZeKRE= contains sample tx 656
[2026-04-19T03:25:27.605Z INFO  worker::batch_maker] Batch 4x402mseNEQFplPOGwW5Agdw1e6WJ14JXbvDszZeKRE= contains 204800 B
[2026-04-19T03:25:27.660Z INFO  worker::batch_maker] Batch Q93QAwVsJbGwvSCMkvYLIrNsxIE3CUF2DIp5WqBqaoo= contains sample tx 657
[2026-04-19T03:25:27.660Z INFO  worker::batch_maker] Batch Q93QAwVsJbGwvSCMkvYLIrNsxIE3CUF2DIp5WqBqaoo= contains 281088 B
[2026-04-19T03:25:27.713Z INFO  worker::batch_maker] Batch 6cmQsf7B0aqEpLyQ1Ufo5CJoOBsAwjEDy5j18UXAFh0= contains sample tx 658
[2026-04-19T03:25:27.713Z INFO  worker::batch_maker] Batch 6cmQsf7B0aqEpLyQ1Ufo5CJoOBsAwjEDy5j18UXAFh0= contains sample tx 659
[2026-04-19T03:25:27.713Z INFO  worker::batch_maker] Batch 6cmQsf7B0aqEpLyQ1Ufo5CJoOBsAwjEDy5j18UXAFh0= contains 333312 B
[2026-04-19T03:25:27.766Z INFO  worker::batch_maker] Batch 6zDaM8SUbohiRPAI7Z6HsB8fRysNC2lctdIiubReYc4= contains sample tx 660
[2026-04-19T03:25:27.766Z INFO  worker::batch_maker] Batch 6zDaM8SUbohiRPAI7Z6HsB8fRysNC2lctdIiubReYc4= contains 204800 B
[2026-04-19T03:25:27.818Z INFO  worker::batch_maker] Batch 8dHrPnDg0oQbHK9VcemS/X1hfUEZGSw7ZUFlBNoNMWo= contains sample tx 661
[2026-04-19T03:25:27.819Z INFO  worker::batch_maker] Batch 8dHrPnDg0oQbHK9VcemS/X1hfUEZGSw7ZUFlBNoNMWo= contains 204800 B
[2026-04-19T03:25:27.871Z INFO  worker::batch_maker] Batch NQcDlG0iMZQLQuzueJ10wSndaq6BCpOvQRritS++NLo= contains sample tx 662
[2026-04-19T03:25:27.871Z INFO  worker::batch_maker] Batch NQcDlG0iMZQLQuzueJ10wSndaq6BCpOvQRritS++NLo= contains 204800 B
[2026-04-19T03:25:27.925Z INFO  worker::batch_maker] Batch S7T26l6GG3lHEPjgOQ6uS13d7nqAUUlXYr5rgSnfnzQ= contains sample tx 663
[2026-04-19T03:25:27.926Z INFO  worker::batch_maker] Batch S7T26l6GG3lHEPjgOQ6uS13d7nqAUUlXYr5rgSnfnzQ= contains 204800 B
[2026-04-19T03:25:27.978Z INFO  worker::batch_maker] Batch P3DFJpElmSzuLagZzV2m+hhM7CzP0rifghGEeCTDgTs= contains sample tx 664
[2026-04-19T03:25:27.978Z INFO  worker::batch_maker] Batch P3DFJpElmSzuLagZzV2m+hhM7CzP0rifghGEeCTDgTs= contains 204800 B
[2026-04-19T03:25:28.032Z INFO  worker::batch_maker] Batch hYfWqUFVmdP4fCpVDLKENb2LfiYCSkDpYYwe3o0IsG8= contains sample tx 665
[2026-04-19T03:25:28.032Z INFO  worker::batch_maker] Batch hYfWqUFVmdP4fCpVDLKENb2LfiYCSkDpYYwe3o0IsG8= contains 204800 B
[2026-04-19T03:25:28.086Z INFO  worker::batch_maker] Batch v/tyqhBCr4ERB3bWqUkt0C+JdJ8w2qBcuSjMi9+aiVo= contains sample tx 666
[2026-04-19T03:25:28.086Z INFO  worker::batch_maker] Batch v/tyqhBCr4ERB3bWqUkt0C+JdJ8w2qBcuSjMi9+aiVo= contains 204800 B
[2026-04-19T03:25:28.138Z INFO  worker::batch_maker] Batch MQU7B6XadjxwN3c7yzAfDdQaF6i225/jpZWKJyilaes= contains sample tx 667
[2026-04-19T03:25:28.138Z INFO  worker::batch_maker] Batch MQU7B6XadjxwN3c7yzAfDdQaF6i225/jpZWKJyilaes= contains 204800 B
[2026-04-19T03:25:28.192Z INFO  worker::batch_maker] Batch DY+0bmX9PNjODet7+FLNCxD+n2W4f5vfT0RqyT6zWno= contains sample tx 668
[2026-04-19T03:25:28.216Z INFO  worker::batch_maker] Batch DY+0bmX9PNjODet7+FLNCxD+n2W4f5vfT0RqyT6zWno= contains 204800 B
[2026-04-19T03:25:28.273Z INFO  worker::batch_maker] Batch ZKTN5ojS/AbhCJJTN/uY3f87upq91FouM+LxHHP22Ik= contains sample tx 669
[2026-04-19T03:25:28.273Z INFO  worker::batch_maker] Batch ZKTN5ojS/AbhCJJTN/uY3f87upq91FouM+LxHHP22Ik= contains sample tx 670
[2026-04-19T03:25:28.273Z INFO  worker::batch_maker] Batch ZKTN5ojS/AbhCJJTN/uY3f87upq91FouM+LxHHP22Ik= contains 409600 B
[2026-04-19T03:25:28.326Z INFO  worker::batch_maker] Batch QZVO9qZPK+mTMZSn6C2WNiUtmSNln7X8Vtt1p+zJ/L8= contains sample tx 671
[2026-04-19T03:25:28.326Z INFO  worker::batch_maker] Batch QZVO9qZPK+mTMZSn6C2WNiUtmSNln7X8Vtt1p+zJ/L8= contains 204800 B
[2026-04-19T03:25:28.379Z INFO  worker::batch_maker] Batch 1RPDlqhYDhC8uC4WcrpBjZyTSJ8M0+uxnArZOFdxIiM= contains sample tx 672
[2026-04-19T03:25:28.379Z INFO  worker::batch_maker] Batch 1RPDlqhYDhC8uC4WcrpBjZyTSJ8M0+uxnArZOFdxIiM= contains 204800 B
[2026-04-19T03:25:28.431Z INFO  worker::batch_maker] Batch 9zq98Qnd6uLxrwU62rWe412iO1mDdzFnbTqgbpu0iww= contains sample tx 673
[2026-04-19T03:25:28.432Z INFO  worker::batch_maker] Batch 9zq98Qnd6uLxrwU62rWe412iO1mDdzFnbTqgbpu0iww= contains 204800 B
[2026-04-19T03:25:28.485Z INFO  worker::batch_maker] Batch 3sm9lDF8+dxbOTLlWkCvLX1AUCRAvpE0MJL63Ho0ggQ= contains sample tx 674
[2026-04-19T03:25:28.485Z INFO  worker::batch_maker] Batch 3sm9lDF8+dxbOTLlWkCvLX1AUCRAvpE0MJL63Ho0ggQ= contains 204800 B
[2026-04-19T03:25:28.540Z INFO  worker::batch_maker] Batch 5V8H8LzbNb2PxkrlRaN/4DmXSfjdAQ1VQYpgDMdRqrc= contains sample tx 675
[2026-04-19T03:25:28.540Z INFO  worker::batch_maker] Batch 5V8H8LzbNb2PxkrlRaN/4DmXSfjdAQ1VQYpgDMdRqrc= contains 204800 B
[2026-04-19T03:25:28.594Z INFO  worker::batch_maker] Batch PZrDE4hV0wPBSlxxB0E+2GDjlYt2ViWrsW7zPRKYXA4= contains sample tx 676
[2026-04-19T03:25:28.594Z INFO  worker::batch_maker] Batch PZrDE4hV0wPBSlxxB0E+2GDjlYt2ViWrsW7zPRKYXA4= contains 204800 B
[2026-04-19T03:25:28.648Z INFO  worker::batch_maker] Batch o7xlxLulF52toEHOlPOe04q28HMa1PsIMX99gfQk5L4= contains sample tx 677
[2026-04-19T03:25:28.648Z INFO  worker::batch_maker] Batch o7xlxLulF52toEHOlPOe04q28HMa1PsIMX99gfQk5L4= contains 204800 B
[2026-04-19T03:25:28.702Z INFO  worker::batch_maker] Batch wOt0oWvWOz8OAH8TB7esRuh8CG/5cYysDmT0R0+O2WQ= contains sample tx 678
[2026-04-19T03:25:28.703Z INFO  worker::batch_maker] Batch wOt0oWvWOz8OAH8TB7esRuh8CG/5cYysDmT0R0+O2WQ= contains 204800 B
[2026-04-19T03:25:28.757Z INFO  worker::batch_maker] Batch 0Q40t7PKjFRD0luydQ0Jx0j1amXPoUec1NWPazaaeIY= contains sample tx 679
[2026-04-19T03:25:28.757Z INFO  worker::batch_maker] Batch 0Q40t7PKjFRD0luydQ0Jx0j1amXPoUec1NWPazaaeIY= contains 204800 B
[2026-04-19T03:25:28.813Z INFO  worker::batch_maker] Batch x2M6P27uY2UbpgoLTrms/m0gtUJSEFE8o55oBr6VeWs= contains sample tx 680
[2026-04-19T03:25:28.813Z INFO  worker::batch_maker] Batch x2M6P27uY2UbpgoLTrms/m0gtUJSEFE8o55oBr6VeWs= contains 348672 B
[2026-04-19T03:25:28.867Z INFO  worker::batch_maker] Batch FnJzT8Y+eiytmeZwd6ZV2bwXL+rrZs0ihc6LFGoyDfs= contains sample tx 681
[2026-04-19T03:25:28.867Z INFO  worker::batch_maker] Batch FnJzT8Y+eiytmeZwd6ZV2bwXL+rrZs0ihc6LFGoyDfs= contains sample tx 682
[2026-04-19T03:25:28.867Z INFO  worker::batch_maker] Batch FnJzT8Y+eiytmeZwd6ZV2bwXL+rrZs0ihc6LFGoyDfs= contains 265728 B
[2026-04-19T03:25:28.921Z INFO  worker::batch_maker] Batch +qljaGlbBhP/zbGj1zIvrmsKhnS4i1Wt4N4OT96M0N4= contains sample tx 683
[2026-04-19T03:25:28.921Z INFO  worker::batch_maker] Batch +qljaGlbBhP/zbGj1zIvrmsKhnS4i1Wt4N4OT96M0N4= contains 204800 B
[2026-04-19T03:25:28.975Z INFO  worker::batch_maker] Batch uLnp+janAeGCXTI4F3ranSDsQdF3+R17HSSrfW8L3FQ= contains sample tx 684
[2026-04-19T03:25:28.975Z INFO  worker::batch_maker] Batch uLnp+janAeGCXTI4F3ranSDsQdF3+R17HSSrfW8L3FQ= contains 204800 B
[2026-04-19T03:25:29.029Z INFO  worker::batch_maker] Batch SnMK0Ysi0q7fdf9fynzGbVNJx5WwJTaeuEL7hKD/gzk= contains sample tx 685
[2026-04-19T03:25:29.029Z INFO  worker::batch_maker] Batch SnMK0Ysi0q7fdf9fynzGbVNJx5WwJTaeuEL7hKD/gzk= contains 204800 B
[2026-04-19T03:25:29.083Z INFO  worker::batch_maker] Batch 1piZGiPLWq8O1lL1vudHBFvQwTgdkLc0P+W8Ih8ImWs= contains sample tx 686
[2026-04-19T03:25:29.083Z INFO  worker::batch_maker] Batch 1piZGiPLWq8O1lL1vudHBFvQwTgdkLc0P+W8Ih8ImWs= contains 204800 B
[2026-04-19T03:25:29.135Z INFO  worker::batch_maker] Batch zLKWQ8YaIN7l7UV5I93VL3NLsv4gp3kIC4Xqhd6sQT4= contains sample tx 687
[2026-04-19T03:25:29.135Z INFO  worker::batch_maker] Batch zLKWQ8YaIN7l7UV5I93VL3NLsv4gp3kIC4Xqhd6sQT4= contains 204800 B
[2026-04-19T03:25:29.188Z INFO  worker::batch_maker] Batch Jh4+KjZrjGzQbomRmvGzNYPNPGCHNdXbm4ov0qH/Ryk= contains sample tx 688
[2026-04-19T03:25:29.188Z INFO  worker::batch_maker] Batch Jh4+KjZrjGzQbomRmvGzNYPNPGCHNdXbm4ov0qH/Ryk= contains 204800 B
[2026-04-19T03:25:29.240Z INFO  worker::batch_maker] Batch 55fOX9C20W950anL7tVuLvf292xjyfXvwlFZGOjo7gI= contains sample tx 689
[2026-04-19T03:25:29.240Z INFO  worker::batch_maker] Batch 55fOX9C20W950anL7tVuLvf292xjyfXvwlFZGOjo7gI= contains 204800 B
[2026-04-19T03:25:29.292Z INFO  worker::batch_maker] Batch 96bDRiUfhf7XyiiJgpuPLIkvDasPOry2TV9uJP4B06A= contains sample tx 690
[2026-04-19T03:25:29.292Z INFO  worker::batch_maker] Batch 96bDRiUfhf7XyiiJgpuPLIkvDasPOry2TV9uJP4B06A= contains 204800 B
[2026-04-19T03:25:29.345Z INFO  worker::batch_maker] Batch uuTI5jW9fPLOdWRdcKFErJS+h/g9uxfffnlqxnLHRW0= contains sample tx 691
[2026-04-19T03:25:29.345Z INFO  worker::batch_maker] Batch uuTI5jW9fPLOdWRdcKFErJS+h/g9uxfffnlqxnLHRW0= contains 204800 B
[2026-04-19T03:25:29.397Z INFO  worker::batch_maker] Batch 2fDsesgMdFijOQhpVa2lYrmPqMHefmMz6htkfjap760= contains sample tx 692
[2026-04-19T03:25:29.397Z INFO  worker::batch_maker] Batch 2fDsesgMdFijOQhpVa2lYrmPqMHefmMz6htkfjap760= contains 204800 B
[2026-04-19T03:25:29.450Z INFO  worker::batch_maker] Batch TxDt7rbsPvdBf0jJUioqZbjjjY7u7/MRNE/ZPHs5YWM= contains sample tx 693
[2026-04-19T03:25:29.450Z INFO  worker::batch_maker] Batch TxDt7rbsPvdBf0jJUioqZbjjjY7u7/MRNE/ZPHs5YWM= contains 204800 B
[2026-04-19T03:25:29.504Z INFO  worker::batch_maker] Batch 42w4rPO5WNImWBcIDUBjn4z+MEUZQ/0xsDPJtG1WY8w= contains sample tx 694
[2026-04-19T03:25:29.504Z INFO  worker::batch_maker] Batch 42w4rPO5WNImWBcIDUBjn4z+MEUZQ/0xsDPJtG1WY8w= contains 204800 B
[2026-04-19T03:25:29.557Z INFO  worker::batch_maker] Batch WNaaKBx1Zm+gL0Kp+yAlpUlM3GeO2ZU6S+169HZ3iN4= contains sample tx 695
[2026-04-19T03:25:29.557Z INFO  worker::batch_maker] Batch WNaaKBx1Zm+gL0Kp+yAlpUlM3GeO2ZU6S+169HZ3iN4= contains 207360 B
[2026-04-19T03:25:29.609Z INFO  worker::batch_maker] Batch AwIKpN+6m0VtLIpkg3jNdanIEG0Nw2ZpsF5Q8Ynrnc4= contains sample tx 696
[2026-04-19T03:25:29.609Z INFO  worker::batch_maker] Batch AwIKpN+6m0VtLIpkg3jNdanIEG0Nw2ZpsF5Q8Ynrnc4= contains 350720 B
[2026-04-19T03:25:29.663Z INFO  worker::batch_maker] Batch ONRzsDKOqQNEyl+2RmI0/7L42UBJNpv5nZQZM7Dn1T4= contains sample tx 697
[2026-04-19T03:25:29.663Z INFO  worker::batch_maker] Batch ONRzsDKOqQNEyl+2RmI0/7L42UBJNpv5nZQZM7Dn1T4= contains sample tx 698
[2026-04-19T03:25:29.663Z INFO  worker::batch_maker] Batch ONRzsDKOqQNEyl+2RmI0/7L42UBJNpv5nZQZM7Dn1T4= contains 232448 B
[2026-04-19T03:25:29.717Z INFO  worker::batch_maker] Batch SmNwmrr3GOZNtX+5vkLJ8kEpblKjUtmtZ0eg1wdkoec= contains sample tx 699
[2026-04-19T03:25:29.717Z INFO  worker::batch_maker] Batch SmNwmrr3GOZNtX+5vkLJ8kEpblKjUtmtZ0eg1wdkoec= contains 233472 B
[2026-04-19T03:25:29.769Z INFO  worker::batch_maker] Batch STHUb6jnXt+UGbWH1O/2LhLaHX17ytYYVo0xM8dTEtM= contains sample tx 700
[2026-04-19T03:25:29.769Z INFO  worker::batch_maker] Batch STHUb6jnXt+UGbWH1O/2LhLaHX17ytYYVo0xM8dTEtM= contains 204800 B
[2026-04-19T03:25:29.820Z INFO  worker::batch_maker] Batch htbmYHlb2B4SJ1HmZHOPUZwachdzg03jVGP6MRPsaYs= contains sample tx 701
[2026-04-19T03:25:29.820Z INFO  worker::batch_maker] Batch htbmYHlb2B4SJ1HmZHOPUZwachdzg03jVGP6MRPsaYs= contains 204800 B
[2026-04-19T03:25:29.874Z INFO  worker::batch_maker] Batch VzsGmgj4iNLbGqfUWYpYQq+to0nafD11s7ijqx4YyAw= contains sample tx 702
[2026-04-19T03:25:29.874Z INFO  worker::batch_maker] Batch VzsGmgj4iNLbGqfUWYpYQq+to0nafD11s7ijqx4YyAw= contains 204800 B
[2026-04-19T03:25:29.927Z INFO  worker::batch_maker] Batch 5egg6Ap4Qd8aDo4419T+XtppkzxkhhBAb88TnCkzvJs= contains sample tx 703
[2026-04-19T03:25:29.927Z INFO  worker::batch_maker] Batch 5egg6Ap4Qd8aDo4419T+XtppkzxkhhBAb88TnCkzvJs= contains 204800 B
[2026-04-19T03:25:29.980Z INFO  worker::batch_maker] Batch w5Wi4tAnY+6Q3/kU6783vUr0ofwBqlNOSO952lRXBNU= contains sample tx 704
[2026-04-19T03:25:29.980Z INFO  worker::batch_maker] Batch w5Wi4tAnY+6Q3/kU6783vUr0ofwBqlNOSO952lRXBNU= contains 204800 B
[2026-04-19T03:25:30.033Z INFO  worker::batch_maker] Batch BPjiA1p4CRu/YFNPhJyFMGa2LScaRlQyfLQJmqajeFY= contains sample tx 705
[2026-04-19T03:25:30.033Z INFO  worker::batch_maker] Batch BPjiA1p4CRu/YFNPhJyFMGa2LScaRlQyfLQJmqajeFY= contains 204800 B
[2026-04-19T03:25:30.085Z INFO  worker::batch_maker] Batch 8Grya+mPyZ24bzsm349GlHlL/RMijfYMRG758T09wc0= contains sample tx 706
[2026-04-19T03:25:30.085Z INFO  worker::batch_maker] Batch 8Grya+mPyZ24bzsm349GlHlL/RMijfYMRG758T09wc0= contains 204800 B
[2026-04-19T03:25:30.137Z INFO  worker::batch_maker] Batch y0KG1jSBDm/phyu7m5oVfAdfH6b3sXK+2XqEZ0vsYXA= contains sample tx 707
[2026-04-19T03:25:30.137Z INFO  worker::batch_maker] Batch y0KG1jSBDm/phyu7m5oVfAdfH6b3sXK+2XqEZ0vsYXA= contains 204800 B
[2026-04-19T03:25:30.190Z INFO  worker::batch_maker] Batch RHzjYcBgtb+2aaEwr48/q9/GHxEYBpftU5qQaeJbBEQ= contains sample tx 708
[2026-04-19T03:25:30.190Z INFO  worker::batch_maker] Batch RHzjYcBgtb+2aaEwr48/q9/GHxEYBpftU5qQaeJbBEQ= contains 204800 B
[2026-04-19T03:25:30.242Z INFO  worker::batch_maker] Batch T+x+ogMscTtP6IVxH9LIhgXtd4yi1IRsgOU57A6+50g= contains sample tx 709
[2026-04-19T03:25:30.242Z INFO  worker::batch_maker] Batch T+x+ogMscTtP6IVxH9LIhgXtd4yi1IRsgOU57A6+50g= contains 204800 B
[2026-04-19T03:25:30.295Z INFO  worker::batch_maker] Batch wtSUEIdL3ZHoYDPg/pxKFVebYnx5yYXO9x8bNCjE7T8= contains sample tx 710
[2026-04-19T03:25:30.296Z INFO  worker::batch_maker] Batch wtSUEIdL3ZHoYDPg/pxKFVebYnx5yYXO9x8bNCjE7T8= contains 204800 B
[2026-04-19T03:25:30.352Z INFO  worker::batch_maker] Batch k3PMGzBOo4gdEoSjUSr1f5UdROWkYRdC1/KWZwatags= contains sample tx 711
[2026-04-19T03:25:30.352Z INFO  worker::batch_maker] Batch k3PMGzBOo4gdEoSjUSr1f5UdROWkYRdC1/KWZwatags= contains 204800 B
[2026-04-19T03:25:30.406Z INFO  worker::batch_maker] Batch brtMXjWKAE2BZnw5lYvcZZwVVMu6njUuyBekIxbuvFA= contains sample tx 712
[2026-04-19T03:25:30.406Z INFO  worker::batch_maker] Batch brtMXjWKAE2BZnw5lYvcZZwVVMu6njUuyBekIxbuvFA= contains 204800 B
[2026-04-19T03:25:30.459Z INFO  worker::batch_maker] Batch NysWU+88KzqJrTCNu2S0Nku1O/79bHL9jgWZ+AkBfLk= contains sample tx 713
[2026-04-19T03:25:30.459Z INFO  worker::batch_maker] Batch NysWU+88KzqJrTCNu2S0Nku1O/79bHL9jgWZ+AkBfLk= contains sample tx 714
[2026-04-19T03:25:30.459Z INFO  worker::batch_maker] Batch NysWU+88KzqJrTCNu2S0Nku1O/79bHL9jgWZ+AkBfLk= contains 366592 B
[2026-04-19T03:25:30.511Z INFO  worker::batch_maker] Batch D1HBniHaa/sez/6s55xG50pkUWJK8X78unU5iVUaiVw= contains sample tx 715
[2026-04-19T03:25:30.511Z INFO  worker::batch_maker] Batch D1HBniHaa/sez/6s55xG50pkUWJK8X78unU5iVUaiVw= contains 247808 B
[2026-04-19T03:25:30.565Z INFO  worker::batch_maker] Batch 6Bht/fr3jBIzRPGojuXsHIqEeLPSFHoCK+nZ4bdtom0= contains sample tx 716
[2026-04-19T03:25:30.565Z INFO  worker::batch_maker] Batch 6Bht/fr3jBIzRPGojuXsHIqEeLPSFHoCK+nZ4bdtom0= contains 204800 B
[2026-04-19T03:25:30.618Z INFO  worker::batch_maker] Batch 2DFO4AHLtJV09syKf286gzZ9qDAMtdGCaR5HZV8GXx4= contains sample tx 717
[2026-04-19T03:25:30.618Z INFO  worker::batch_maker] Batch 2DFO4AHLtJV09syKf286gzZ9qDAMtdGCaR5HZV8GXx4= contains 204800 B
[2026-04-19T03:25:30.673Z INFO  worker::batch_maker] Batch llIYJ9Jmjx2plKaKoLy9xyKJS9pg8WniA6Hk23aZlr0= contains sample tx 718
[2026-04-19T03:25:30.673Z INFO  worker::batch_maker] Batch llIYJ9Jmjx2plKaKoLy9xyKJS9pg8WniA6Hk23aZlr0= contains 204800 B
[2026-04-19T03:25:30.728Z INFO  worker::batch_maker] Batch jRG4u9efZWx/SrUGXpPjuyz5QI3c7kvnMC3S5uQFvvI= contains sample tx 719
[2026-04-19T03:25:30.728Z INFO  worker::batch_maker] Batch jRG4u9efZWx/SrUGXpPjuyz5QI3c7kvnMC3S5uQFvvI= contains 204800 B
[2026-04-19T03:25:30.782Z INFO  worker::batch_maker] Batch 0WlGhJwyW8DyyvW/VEMdWGwTnhLeKSUxUevCHQM+n88= contains sample tx 720
[2026-04-19T03:25:30.782Z INFO  worker::batch_maker] Batch 0WlGhJwyW8DyyvW/VEMdWGwTnhLeKSUxUevCHQM+n88= contains 204800 B
[2026-04-19T03:25:30.835Z INFO  worker::batch_maker] Batch mc0NnpFqQmDG6Xl6OeYbBV/388sNU2WF241pDrtHACs= contains sample tx 721
[2026-04-19T03:25:30.835Z INFO  worker::batch_maker] Batch mc0NnpFqQmDG6Xl6OeYbBV/388sNU2WF241pDrtHACs= contains 204800 B
[2026-04-19T03:25:30.888Z INFO  worker::batch_maker] Batch vUbWrsYDJ1nbJQCJmQA0jUFJYGZoPS+h3W+mh9+aYHk= contains sample tx 722
[2026-04-19T03:25:30.888Z INFO  worker::batch_maker] Batch vUbWrsYDJ1nbJQCJmQA0jUFJYGZoPS+h3W+mh9+aYHk= contains 204800 B
[2026-04-19T03:25:30.941Z INFO  worker::batch_maker] Batch G7bqA7SW7en8uMSQKxfcB3/NjkkvMw6Cm9d4Zj+yNtk= contains sample tx 723
[2026-04-19T03:25:30.941Z INFO  worker::batch_maker] Batch G7bqA7SW7en8uMSQKxfcB3/NjkkvMw6Cm9d4Zj+yNtk= contains 204800 B
[2026-04-19T03:25:30.993Z INFO  worker::batch_maker] Batch JO+wy6zL/2x8f2z9DxXXPJg/JeZ6YZyoDSMxVvF9ef8= contains sample tx 724
[2026-04-19T03:25:30.993Z INFO  worker::batch_maker] Batch JO+wy6zL/2x8f2z9DxXXPJg/JeZ6YZyoDSMxVvF9ef8= contains 204800 B
[2026-04-19T03:25:31.046Z INFO  worker::batch_maker] Batch c0c4rc/h63ntQ/HIAclX+5NSlsjnqwQwTCuaHTpld2E= contains sample tx 725
[2026-04-19T03:25:31.046Z INFO  worker::batch_maker] Batch c0c4rc/h63ntQ/HIAclX+5NSlsjnqwQwTCuaHTpld2E= contains 204800 B
[2026-04-19T03:25:31.098Z INFO  worker::batch_maker] Batch Snb5DUb6cssA1Q5g+PNAoBr/6J7Fo/1M9V3a6p6N4/c= contains sample tx 726
[2026-04-19T03:25:31.098Z INFO  worker::batch_maker] Batch Snb5DUb6cssA1Q5g+PNAoBr/6J7Fo/1M9V3a6p6N4/c= contains 204800 B
[2026-04-19T03:25:31.151Z INFO  worker::batch_maker] Batch idnq5bCVKm5Fs72C0U9RT7Tsli/PwVWYEJaqUsAtuDc= contains sample tx 727
[2026-04-19T03:25:31.151Z INFO  worker::batch_maker] Batch idnq5bCVKm5Fs72C0U9RT7Tsli/PwVWYEJaqUsAtuDc= contains 204800 B
[2026-04-19T03:25:31.204Z INFO  worker::batch_maker] Batch +9d34ZX6v2cx5gbKKI+BIQVvKvTRlyGskjI91FTsgII= contains sample tx 728
[2026-04-19T03:25:31.204Z INFO  worker::batch_maker] Batch +9d34ZX6v2cx5gbKKI+BIQVvKvTRlyGskjI91FTsgII= contains 204800 B
[2026-04-19T03:25:31.257Z INFO  worker::batch_maker] Batch PojTyFg+NLEz2X8VFm1I2fQTZJIdqWWKOIRqFtarnt8= contains sample tx 729
[2026-04-19T03:25:31.257Z INFO  worker::batch_maker] Batch PojTyFg+NLEz2X8VFm1I2fQTZJIdqWWKOIRqFtarnt8= contains 262144 B
[2026-04-19T03:25:31.310Z INFO  worker::batch_maker] Batch YtoaL36+h/UG1Ds4U9Z3S6qSUXXf5aKOQTgzVTWtZR8= contains sample tx 730
[2026-04-19T03:25:31.310Z INFO  worker::batch_maker] Batch YtoaL36+h/UG1Ds4U9Z3S6qSUXXf5aKOQTgzVTWtZR8= contains 316416 B
[2026-04-19T03:25:31.363Z INFO  worker::batch_maker] Batch BAl6Dug9wFYE9LM2o3p5S5pprPX/MRIMMG1Rp23BjUo= contains sample tx 731
[2026-04-19T03:25:31.363Z INFO  worker::batch_maker] Batch BAl6Dug9wFYE9LM2o3p5S5pprPX/MRIMMG1Rp23BjUo= contains 201728 B
[2026-04-19T03:25:31.416Z INFO  worker::batch_maker] Batch 7w2R+91gaoZ4mZhJ8fyb2dm2JNPnsQLUTnfOqywpYtQ= contains sample tx 732
[2026-04-19T03:25:31.416Z INFO  worker::batch_maker] Batch 7w2R+91gaoZ4mZhJ8fyb2dm2JNPnsQLUTnfOqywpYtQ= contains sample tx 733
[2026-04-19T03:25:31.416Z INFO  worker::batch_maker] Batch 7w2R+91gaoZ4mZhJ8fyb2dm2JNPnsQLUTnfOqywpYtQ= contains 243712 B
[2026-04-19T03:25:31.469Z INFO  worker::batch_maker] Batch 2rDdl+Czgk371cH4yi7ztUifIuAv+P62xvm2N6L3EOs= contains sample tx 734
[2026-04-19T03:25:31.469Z INFO  worker::batch_maker] Batch 2rDdl+Czgk371cH4yi7ztUifIuAv+P62xvm2N6L3EOs= contains 204800 B
[2026-04-19T03:25:31.523Z INFO  worker::batch_maker] Batch ++gtF7rumJq+R5zE2cQr4viuw5MgP9uQ9sBypNaEkcI= contains sample tx 735
[2026-04-19T03:25:31.523Z INFO  worker::batch_maker] Batch ++gtF7rumJq+R5zE2cQr4viuw5MgP9uQ9sBypNaEkcI= contains 204800 B
[2026-04-19T03:25:31.576Z INFO  worker::batch_maker] Batch xN7ZdFTOgOLKE9BDuGklzCajgvh4AC3XiLTTbZyg7Ac= contains sample tx 736
[2026-04-19T03:25:31.576Z INFO  worker::batch_maker] Batch xN7ZdFTOgOLKE9BDuGklzCajgvh4AC3XiLTTbZyg7Ac= contains 204800 B
[2026-04-19T03:25:31.628Z INFO  worker::batch_maker] Batch mkFdNcbhZiMEVUpwkwCAnqfSjj46V043daqxNvwZE6A= contains sample tx 737
[2026-04-19T03:25:31.628Z INFO  worker::batch_maker] Batch mkFdNcbhZiMEVUpwkwCAnqfSjj46V043daqxNvwZE6A= contains 204800 B
[2026-04-19T03:25:31.681Z INFO  worker::batch_maker] Batch /muOTLz3ZHGwt/pm0bXLtFydQwufXYSZfiixHCK8dco= contains sample tx 738
[2026-04-19T03:25:31.681Z INFO  worker::batch_maker] Batch /muOTLz3ZHGwt/pm0bXLtFydQwufXYSZfiixHCK8dco= contains 204800 B
[2026-04-19T03:25:31.734Z INFO  worker::batch_maker] Batch KiCq12a+thOPpPtOWqyxsRtzfJcfMEaw6/gelePLTBg= contains sample tx 739
[2026-04-19T03:25:31.734Z INFO  worker::batch_maker] Batch KiCq12a+thOPpPtOWqyxsRtzfJcfMEaw6/gelePLTBg= contains 204800 B
[2026-04-19T03:25:31.787Z INFO  worker::batch_maker] Batch 1xXid99OlyIrzPpddawf3DHvOffDKnK7HomgK+/aYIw= contains sample tx 740
[2026-04-19T03:25:31.787Z INFO  worker::batch_maker] Batch 1xXid99OlyIrzPpddawf3DHvOffDKnK7HomgK+/aYIw= contains 204800 B
[2026-04-19T03:25:31.840Z INFO  worker::batch_maker] Batch Q6X6dnu1r4LFUoznbEyC0V74V6V8mLP3TEXFXo1i4zA= contains sample tx 741
[2026-04-19T03:25:31.841Z INFO  worker::batch_maker] Batch Q6X6dnu1r4LFUoznbEyC0V74V6V8mLP3TEXFXo1i4zA= contains 204800 B
[2026-04-19T03:25:31.894Z INFO  worker::batch_maker] Batch c9359/zFP+pNNDOkhAvwmnKwtx1rorSjFFOOMnaYnW0= contains sample tx 742
[2026-04-19T03:25:31.894Z INFO  worker::batch_maker] Batch c9359/zFP+pNNDOkhAvwmnKwtx1rorSjFFOOMnaYnW0= contains 204800 B
[2026-04-19T03:25:31.948Z INFO  worker::batch_maker] Batch PeInYyAChvD3rr8rwq27bR5g9zdFqVmLPdvjx9cUbHs= contains sample tx 743
[2026-04-19T03:25:31.948Z INFO  worker::batch_maker] Batch PeInYyAChvD3rr8rwq27bR5g9zdFqVmLPdvjx9cUbHs= contains 204800 B
[2026-04-19T03:25:32.003Z INFO  worker::batch_maker] Batch EpiE0ZdsbT+0G+2HuemzZ18jrO5SUY22lbagsnpLZoA= contains sample tx 744
[2026-04-19T03:25:32.003Z INFO  worker::batch_maker] Batch EpiE0ZdsbT+0G+2HuemzZ18jrO5SUY22lbagsnpLZoA= contains 204800 B
[2026-04-19T03:25:32.056Z INFO  worker::batch_maker] Batch VbZzFwQw/asyyVDPy8b2RPS43+gvUS8HnTSSVlzwqKE= contains sample tx 745
[2026-04-19T03:25:32.056Z INFO  worker::batch_maker] Batch VbZzFwQw/asyyVDPy8b2RPS43+gvUS8HnTSSVlzwqKE= contains 204800 B
[2026-04-19T03:25:32.112Z INFO  worker::batch_maker] Batch Ee4fgTVu60ulu72mUHETKKQcocFwTSzgqpwPUnRN5mE= contains sample tx 746
[2026-04-19T03:25:32.112Z INFO  worker::batch_maker] Batch Ee4fgTVu60ulu72mUHETKKQcocFwTSzgqpwPUnRN5mE= contains sample tx 747
[2026-04-19T03:25:32.112Z INFO  worker::batch_maker] Batch Ee4fgTVu60ulu72mUHETKKQcocFwTSzgqpwPUnRN5mE= contains 409600 B
[2026-04-19T03:25:32.166Z INFO  worker::batch_maker] Batch QwHFMR8A65OPFuOzOQqwct+STAkRe/bg4iPCubPC8W4= contains sample tx 748
[2026-04-19T03:25:32.166Z INFO  worker::batch_maker] Batch QwHFMR8A65OPFuOzOQqwct+STAkRe/bg4iPCubPC8W4= contains 204800 B
[2026-04-19T03:25:32.220Z INFO  worker::batch_maker] Batch 8N8UPL7qnTWtdaPRgP3/CPirxCyYoKCBp8FQCUiPMjI= contains sample tx 749
[2026-04-19T03:25:32.220Z INFO  worker::batch_maker] Batch 8N8UPL7qnTWtdaPRgP3/CPirxCyYoKCBp8FQCUiPMjI= contains 204800 B
[2026-04-19T03:25:32.273Z INFO  worker::batch_maker] Batch GCI8q2V8GZXDBVel1IMXLwbPErt15cuxqeG5HdyKnYI= contains sample tx 750
[2026-04-19T03:25:32.273Z INFO  worker::batch_maker] Batch GCI8q2V8GZXDBVel1IMXLwbPErt15cuxqeG5HdyKnYI= contains 204800 B
[2026-04-19T03:25:32.326Z INFO  worker::batch_maker] Batch XoalcxYBVvoYZsbHiwxepYbodsuqWJBS2EMS07fr4fA= contains sample tx 751
[2026-04-19T03:25:32.326Z INFO  worker::batch_maker] Batch XoalcxYBVvoYZsbHiwxepYbodsuqWJBS2EMS07fr4fA= contains 204800 B
[2026-04-19T03:25:32.379Z INFO  worker::batch_maker] Batch fvrT05VhzKzMCASd6o5H5EmrE9Wp6HbwK68/pcQq5pY= contains sample tx 752
[2026-04-19T03:25:32.379Z INFO  worker::batch_maker] Batch fvrT05VhzKzMCASd6o5H5EmrE9Wp6HbwK68/pcQq5pY= contains 204800 B
[2026-04-19T03:25:32.432Z INFO  worker::batch_maker] Batch lpJRp6ZFQ9OoRgBc5hAS8VwQWC0YrVtllUAE+2gremA= contains sample tx 753
[2026-04-19T03:25:32.432Z INFO  worker::batch_maker] Batch lpJRp6ZFQ9OoRgBc5hAS8VwQWC0YrVtllUAE+2gremA= contains 204800 B
[2026-04-19T03:25:32.485Z INFO  worker::batch_maker] Batch d6q9/WPQEXutPcDxyjA6WYgsMD1d7SrucoqVWzAD4F0= contains sample tx 754
[2026-04-19T03:25:32.485Z INFO  worker::batch_maker] Batch d6q9/WPQEXutPcDxyjA6WYgsMD1d7SrucoqVWzAD4F0= contains 204800 B
[2026-04-19T03:25:32.537Z INFO  worker::batch_maker] Batch qHfaLb1X184hz441h1dWs9n4Nn6LDK29pVgPTgXddp0= contains sample tx 755
[2026-04-19T03:25:32.537Z INFO  worker::batch_maker] Batch qHfaLb1X184hz441h1dWs9n4Nn6LDK29pVgPTgXddp0= contains 204800 B
[2026-04-19T03:25:32.590Z INFO  worker::batch_maker] Batch HFVKOBtt/6sSIKL1kxq1qM2UYAPzK36oXfnGGbBfai4= contains sample tx 756
[2026-04-19T03:25:32.590Z INFO  worker::batch_maker] Batch HFVKOBtt/6sSIKL1kxq1qM2UYAPzK36oXfnGGbBfai4= contains 204800 B
[2026-04-19T03:25:32.643Z INFO  worker::batch_maker] Batch ZFuGXYRHtdZheXA0FEeNRr65PQJrdjeDOIAE5/k970I= contains sample tx 757
[2026-04-19T03:25:32.643Z INFO  worker::batch_maker] Batch ZFuGXYRHtdZheXA0FEeNRr65PQJrdjeDOIAE5/k970I= contains 204800 B
[2026-04-19T03:25:32.695Z INFO  worker::batch_maker] Batch gxMovFxadD8GvEQ6h5tkMNSt3HIJ08rnubIa+XOQTl8= contains sample tx 758
[2026-04-19T03:25:32.695Z INFO  worker::batch_maker] Batch gxMovFxadD8GvEQ6h5tkMNSt3HIJ08rnubIa+XOQTl8= contains 204800 B
[2026-04-19T03:25:32.748Z INFO  worker::batch_maker] Batch XoNmPNAKUZhq+SZs+KV6z8PkkDwARhNxzs8Bw97dYzA= contains sample tx 759
[2026-04-19T03:25:32.748Z INFO  worker::batch_maker] Batch XoNmPNAKUZhq+SZs+KV6z8PkkDwARhNxzs8Bw97dYzA= contains 204800 B
[2026-04-19T03:25:32.801Z INFO  worker::batch_maker] Batch 9kXgrrPVRWnBFzA+SVYCtviQj+nUJjmiCxf/TXApAaU= contains sample tx 760
[2026-04-19T03:25:32.801Z INFO  worker::batch_maker] Batch 9kXgrrPVRWnBFzA+SVYCtviQj+nUJjmiCxf/TXApAaU= contains 204800 B
[2026-04-19T03:25:32.852Z INFO  worker::batch_maker] Batch H/WVQjwdsB6l+3PONgy/xHkDnWwMrO7gewGVlPGkWGU= contains sample tx 761
[2026-04-19T03:25:32.852Z INFO  worker::batch_maker] Batch H/WVQjwdsB6l+3PONgy/xHkDnWwMrO7gewGVlPGkWGU= contains 204800 B
[2026-04-19T03:25:32.905Z INFO  worker::batch_maker] Batch rrLngyUWaVzBHj9DSvzFHN0cmpAy8AG9MIzxm+yg0uQ= contains sample tx 762
[2026-04-19T03:25:32.905Z INFO  worker::batch_maker] Batch rrLngyUWaVzBHj9DSvzFHN0cmpAy8AG9MIzxm+yg0uQ= contains 204800 B
[2026-04-19T03:25:32.959Z INFO  worker::batch_maker] Batch y11IbUFNFgP+UV8+TNwBAqaFs+a4JmH72OH1ZQt6r8A= contains sample tx 763
[2026-04-19T03:25:32.959Z INFO  worker::batch_maker] Batch y11IbUFNFgP+UV8+TNwBAqaFs+a4JmH72OH1ZQt6r8A= contains 277504 B
[2026-04-19T03:25:33.015Z INFO  worker::batch_maker] Batch oMXlHa1RoyeqOinFEPxaIgZskWkVP0ZKHgaUeBc6QDo= contains sample tx 764
[2026-04-19T03:25:33.015Z INFO  worker::batch_maker] Batch oMXlHa1RoyeqOinFEPxaIgZskWkVP0ZKHgaUeBc6QDo= contains sample tx 765
[2026-04-19T03:25:33.015Z INFO  worker::batch_maker] Batch oMXlHa1RoyeqOinFEPxaIgZskWkVP0ZKHgaUeBc6QDo= contains 336896 B
[2026-04-19T03:25:33.067Z INFO  worker::batch_maker] Batch W5ip1H5AHnyJFHeMiAPI50VrxVCqtXOqZY56AyJChPk= contains sample tx 766
[2026-04-19T03:25:33.067Z INFO  worker::batch_maker] Batch W5ip1H5AHnyJFHeMiAPI50VrxVCqtXOqZY56AyJChPk= contains 204800 B
[2026-04-19T03:25:33.120Z INFO  worker::batch_maker] Batch 0JZAWVme0xYM+Oc/OCQdt0Oe58p7VmgGeeQPFJP+YZU= contains sample tx 767
[2026-04-19T03:25:33.120Z INFO  worker::batch_maker] Batch 0JZAWVme0xYM+Oc/OCQdt0Oe58p7VmgGeeQPFJP+YZU= contains 204800 B
[2026-04-19T03:25:33.173Z INFO  worker::batch_maker] Batch mE1Il/lxlTZr7AHBHUvo9wNhRL2OSODY153Ct5plP5M= contains sample tx 768
[2026-04-19T03:25:33.173Z INFO  worker::batch_maker] Batch mE1Il/lxlTZr7AHBHUvo9wNhRL2OSODY153Ct5plP5M= contains 204800 B
[2026-04-19T03:25:33.226Z INFO  worker::batch_maker] Batch IYqk0YJT2R/AIw2AEPsc3LaPKIeTr0xQVboeKjXoghY= contains sample tx 769
[2026-04-19T03:25:33.226Z INFO  worker::batch_maker] Batch IYqk0YJT2R/AIw2AEPsc3LaPKIeTr0xQVboeKjXoghY= contains 204800 B
[2026-04-19T03:25:33.278Z INFO  worker::batch_maker] Batch xc7tHU7XEJvcpaEvIUIUA210np/aSJua+oGIOP5mjyo= contains sample tx 770
[2026-04-19T03:25:33.278Z INFO  worker::batch_maker] Batch xc7tHU7XEJvcpaEvIUIUA210np/aSJua+oGIOP5mjyo= contains 204800 B
[2026-04-19T03:25:33.330Z INFO  worker::batch_maker] Batch CW5BHQK4rSlPDXcKRYz1ZRmRVJfWh+sYGdEbkUBRLvs= contains sample tx 771
[2026-04-19T03:25:33.330Z INFO  worker::batch_maker] Batch CW5BHQK4rSlPDXcKRYz1ZRmRVJfWh+sYGdEbkUBRLvs= contains 204800 B
[2026-04-19T03:25:33.382Z INFO  worker::batch_maker] Batch X3ord0bE21gSje3D8M7bRdCiQ3do/ZX9Sv31uD5Oyuo= contains sample tx 772
[2026-04-19T03:25:33.382Z INFO  worker::batch_maker] Batch X3ord0bE21gSje3D8M7bRdCiQ3do/ZX9Sv31uD5Oyuo= contains 204800 B
[2026-04-19T03:25:33.434Z INFO  worker::batch_maker] Batch po1OXg407dBkNh6/vL8S06c2DElF93rNl7j4J4n6W2o= contains sample tx 773
[2026-04-19T03:25:33.434Z INFO  worker::batch_maker] Batch po1OXg407dBkNh6/vL8S06c2DElF93rNl7j4J4n6W2o= contains 204800 B
[2026-04-19T03:25:33.487Z INFO  worker::batch_maker] Batch N9QGdZbjQAEByDFa5Tf8x/qQXHtsuEcpkteklt4a0a8= contains sample tx 774
[2026-04-19T03:25:33.487Z INFO  worker::batch_maker] Batch N9QGdZbjQAEByDFa5Tf8x/qQXHtsuEcpkteklt4a0a8= contains 204800 B
[2026-04-19T03:25:33.539Z INFO  worker::batch_maker] Batch SOcBmx0/1uoT0QB3xWdzoOLSzYAWov2LssyDDgk+WS4= contains sample tx 775
[2026-04-19T03:25:33.539Z INFO  worker::batch_maker] Batch SOcBmx0/1uoT0QB3xWdzoOLSzYAWov2LssyDDgk+WS4= contains 204800 B
[2026-04-19T03:25:33.593Z INFO  worker::batch_maker] Batch jMPbeTRJ9AwZWybJ5YP+hkWvw30erd6zxF4uNera3sQ= contains sample tx 776
[2026-04-19T03:25:33.593Z INFO  worker::batch_maker] Batch jMPbeTRJ9AwZWybJ5YP+hkWvw30erd6zxF4uNera3sQ= contains 204800 B
[2026-04-19T03:25:33.646Z INFO  worker::batch_maker] Batch ZbDQ82g521DO/gjrcmUQy7FAMKx89NbMjUsVJwFYIAg= contains sample tx 777
[2026-04-19T03:25:33.646Z INFO  worker::batch_maker] Batch ZbDQ82g521DO/gjrcmUQy7FAMKx89NbMjUsVJwFYIAg= contains 204800 B
[2026-04-19T03:25:33.699Z INFO  worker::batch_maker] Batch Mgj5u8NRgFXHvAr1F0PzA8/DourwYQQgf9+TJ3pMyCA= contains sample tx 778
[2026-04-19T03:25:33.699Z INFO  worker::batch_maker] Batch Mgj5u8NRgFXHvAr1F0PzA8/DourwYQQgf9+TJ3pMyCA= contains 204800 B
[2026-04-19T03:25:33.752Z INFO  worker::batch_maker] Batch En2kD8UnYE79q9rUk18Ka1qUY0HmpQlY2+ylYu7cUQg= contains sample tx 779
[2026-04-19T03:25:33.752Z INFO  worker::batch_maker] Batch En2kD8UnYE79q9rUk18Ka1qUY0HmpQlY2+ylYu7cUQg= contains 204800 B
[2026-04-19T03:25:33.805Z INFO  worker::batch_maker] Batch JuUEecj41v28Yg+b5vmElr6Z6YBC2KdqMaOF7pyLlTE= contains sample tx 780
[2026-04-19T03:25:33.805Z INFO  worker::batch_maker] Batch JuUEecj41v28Yg+b5vmElr6Z6YBC2KdqMaOF7pyLlTE= contains 204800 B
[2026-04-19T03:25:33.857Z INFO  worker::batch_maker] Batch OwXzyT2ueVLI7LXlnQ5yTAg32p4AM0ZTob9AKFYbj5o= contains sample tx 781
[2026-04-19T03:25:33.857Z INFO  worker::batch_maker] Batch OwXzyT2ueVLI7LXlnQ5yTAg32p4AM0ZTob9AKFYbj5o= contains 221184 B
[2026-04-19T03:25:33.912Z INFO  worker::batch_maker] Batch 6JgrUli14pIT2Bq3JxFOlt9l59a6bZWT19PynYq2HYQ= contains sample tx 782
[2026-04-19T03:25:33.912Z INFO  worker::batch_maker] Batch 6JgrUli14pIT2Bq3JxFOlt9l59a6bZWT19PynYq2HYQ= contains sample tx 783
[2026-04-19T03:25:33.912Z INFO  worker::batch_maker] Batch 6JgrUli14pIT2Bq3JxFOlt9l59a6bZWT19PynYq2HYQ= contains 393216 B
[2026-04-19T03:25:33.965Z INFO  worker::batch_maker] Batch 4YLuqD+Bzx5Lma+k441D1MpB3NQDI5Un4jqUg4MJsgM= contains sample tx 784
[2026-04-19T03:25:33.965Z INFO  worker::batch_maker] Batch 4YLuqD+Bzx5Lma+k441D1MpB3NQDI5Un4jqUg4MJsgM= contains 204800 B
[2026-04-19T03:25:34.019Z INFO  worker::batch_maker] Batch LcFuuOcqynfhwNmKX7PwrcHIyPer1xxg4KTQNFcj49g= contains sample tx 785
[2026-04-19T03:25:34.019Z INFO  worker::batch_maker] Batch LcFuuOcqynfhwNmKX7PwrcHIyPer1xxg4KTQNFcj49g= contains 204800 B
[2026-04-19T03:25:34.073Z INFO  worker::batch_maker] Batch 2V0uNyPT7rPabZx9kFhTgg3C3bYdeqm18KQQw/Ag4MU= contains sample tx 786
[2026-04-19T03:25:34.073Z INFO  worker::batch_maker] Batch 2V0uNyPT7rPabZx9kFhTgg3C3bYdeqm18KQQw/Ag4MU= contains 204800 B
[2026-04-19T03:25:34.127Z INFO  worker::batch_maker] Batch EyIWUQIi6B3oGcJ6fhqCDvlHNLdtNvZYGaAy2RnLm/A= contains sample tx 787
[2026-04-19T03:25:34.127Z INFO  worker::batch_maker] Batch EyIWUQIi6B3oGcJ6fhqCDvlHNLdtNvZYGaAy2RnLm/A= contains 204800 B
[2026-04-19T03:25:34.179Z INFO  worker::batch_maker] Batch thH0ZUY/xMFYftMViUSCWq2HEwkQ0fLo7KyysOKgUIg= contains sample tx 788
[2026-04-19T03:25:34.179Z INFO  worker::batch_maker] Batch thH0ZUY/xMFYftMViUSCWq2HEwkQ0fLo7KyysOKgUIg= contains 204800 B
[2026-04-19T03:25:34.234Z INFO  worker::batch_maker] Batch dU8RmbaeFclsxWvE1iG0QXtKMyabLU5iPiRZyA/AXSg= contains 199168 B
[2026-04-19T03:25:34.287Z INFO  worker::batch_maker] Batch InnWnYTS5JHzbKPM9zRsTty90BYDn3K0gjRAmqqircw= contains sample tx 789
[2026-04-19T03:25:34.288Z INFO  worker::batch_maker] Batch InnWnYTS5JHzbKPM9zRsTty90BYDn3K0gjRAmqqircw= contains sample tx 790
[2026-04-19T03:25:34.288Z INFO  worker::batch_maker] Batch InnWnYTS5JHzbKPM9zRsTty90BYDn3K0gjRAmqqircw= contains 210432 B
[2026-04-19T03:25:34.341Z INFO  worker::batch_maker] Batch bJwmjxS6zigO57S12f0QbIvCNjK58f7NwJOwOiW7ang= contains sample tx 791
[2026-04-19T03:25:34.341Z INFO  worker::batch_maker] Batch bJwmjxS6zigO57S12f0QbIvCNjK58f7NwJOwOiW7ang= contains 204800 B
[2026-04-19T03:25:34.394Z INFO  worker::batch_maker] Batch U3ZMg0ZK1b0hWX4N+oLP/peQclhINPuNSU6qeV8uw3U= contains sample tx 792
[2026-04-19T03:25:34.394Z INFO  worker::batch_maker] Batch U3ZMg0ZK1b0hWX4N+oLP/peQclhINPuNSU6qeV8uw3U= contains 204800 B
[2026-04-19T03:25:34.446Z INFO  worker::batch_maker] Batch 8G1QNnZK2wCMYBbIZ/XMh48q3PCfykj1j/+j95wtalw= contains sample tx 793
[2026-04-19T03:25:34.446Z INFO  worker::batch_maker] Batch 8G1QNnZK2wCMYBbIZ/XMh48q3PCfykj1j/+j95wtalw= contains 204800 B
[2026-04-19T03:25:34.499Z INFO  worker::batch_maker] Batch p+7Ksuz+K0eewo6Ytb5hhovnOHX05R1aLuqw51lC8KA= contains sample tx 794
[2026-04-19T03:25:34.499Z INFO  worker::batch_maker] Batch p+7Ksuz+K0eewo6Ytb5hhovnOHX05R1aLuqw51lC8KA= contains 204800 B
[2026-04-19T03:25:34.554Z INFO  worker::batch_maker] Batch Bn2gPv27ycIpxIzVmKixCx4mN/k1uv6w1a3c6XOJXec= contains sample tx 795
[2026-04-19T03:25:34.554Z INFO  worker::batch_maker] Batch Bn2gPv27ycIpxIzVmKixCx4mN/k1uv6w1a3c6XOJXec= contains 204800 B
[2026-04-19T03:25:34.605Z INFO  worker::batch_maker] Batch mZYgn7zTpxEhN/69m5sR9/UkUrTQCd+uXOpACzVZBGY= contains sample tx 796
[2026-04-19T03:25:34.605Z INFO  worker::batch_maker] Batch mZYgn7zTpxEhN/69m5sR9/UkUrTQCd+uXOpACzVZBGY= contains 204800 B
[2026-04-19T03:25:34.658Z INFO  worker::batch_maker] Batch 49eItyrXf8pj/EhfEEkSwnq6/WVPe7Nlzf+kxb8Dblk= contains sample tx 797
[2026-04-19T03:25:34.658Z INFO  worker::batch_maker] Batch 49eItyrXf8pj/EhfEEkSwnq6/WVPe7Nlzf+kxb8Dblk= contains 391680 B
[2026-04-19T03:25:34.712Z INFO  worker::batch_maker] Batch 5yp6o8Q/1rVPSu/sHpPoE/WaJ0xKKqiPZCYfDLCU084= contains sample tx 798
[2026-04-19T03:25:34.712Z INFO  worker::batch_maker] Batch 5yp6o8Q/1rVPSu/sHpPoE/WaJ0xKKqiPZCYfDLCU084= contains sample tx 799
[2026-04-19T03:25:34.712Z INFO  worker::batch_maker] Batch 5yp6o8Q/1rVPSu/sHpPoE/WaJ0xKKqiPZCYfDLCU084= contains 222720 B
[2026-04-19T03:25:34.765Z INFO  worker::batch_maker] Batch isDrmzL5yFfJTF0sAks97GpeYJ+x9W4OR6JLTd1ffy4= contains sample tx 800
[2026-04-19T03:25:34.765Z INFO  worker::batch_maker] Batch isDrmzL5yFfJTF0sAks97GpeYJ+x9W4OR6JLTd1ffy4= contains 204800 B
[2026-04-19T03:25:34.817Z INFO  worker::batch_maker] Batch EQGb8V1lgBkNR54W3+XBO6lcaf0LzxXcw+qKwzZsqTo= contains sample tx 801
[2026-04-19T03:25:34.817Z INFO  worker::batch_maker] Batch EQGb8V1lgBkNR54W3+XBO6lcaf0LzxXcw+qKwzZsqTo= contains 204800 B
[2026-04-19T03:25:34.869Z INFO  worker::batch_maker] Batch 6VkWB0sSmdJhnbr3n5+HdLK1XPcmYLW5Wh+9yh/n7v4= contains sample tx 802
[2026-04-19T03:25:34.869Z INFO  worker::batch_maker] Batch 6VkWB0sSmdJhnbr3n5+HdLK1XPcmYLW5Wh+9yh/n7v4= contains 204800 B
[2026-04-19T03:25:34.922Z INFO  worker::batch_maker] Batch R3uZkXMRSGKDv52NWk3KhzYvnccMPoBtalZwhs8ayno= contains sample tx 803
[2026-04-19T03:25:34.922Z INFO  worker::batch_maker] Batch R3uZkXMRSGKDv52NWk3KhzYvnccMPoBtalZwhs8ayno= contains 204800 B
[2026-04-19T03:25:34.975Z INFO  worker::batch_maker] Batch a7BU90bOIQjkFdN4bnnhnx+ldZM3Wi91OzrjJrT7jcQ= contains sample tx 804
[2026-04-19T03:25:34.975Z INFO  worker::batch_maker] Batch a7BU90bOIQjkFdN4bnnhnx+ldZM3Wi91OzrjJrT7jcQ= contains 204800 B
[2026-04-19T03:25:35.028Z INFO  worker::batch_maker] Batch AoNf8NT4r0ET4W6YyD7A1a4JT9zoefm/Q7bx6mjPIkA= contains sample tx 805
[2026-04-19T03:25:35.028Z INFO  worker::batch_maker] Batch AoNf8NT4r0ET4W6YyD7A1a4JT9zoefm/Q7bx6mjPIkA= contains 204800 B
[2026-04-19T03:25:35.080Z INFO  worker::batch_maker] Batch vqpAgYh5y5UEHRmDcAOFxvXTzw/JFVUa9SG7XYqQ23Y= contains sample tx 806
[2026-04-19T03:25:35.080Z INFO  worker::batch_maker] Batch vqpAgYh5y5UEHRmDcAOFxvXTzw/JFVUa9SG7XYqQ23Y= contains 204800 B
[2026-04-19T03:25:35.132Z INFO  worker::batch_maker] Batch 43cyfhm3xIRiLJJkjkDgrATW2syYaeHZ1D0ZhMQ6o6Q= contains sample tx 807
[2026-04-19T03:25:35.132Z INFO  worker::batch_maker] Batch 43cyfhm3xIRiLJJkjkDgrATW2syYaeHZ1D0ZhMQ6o6Q= contains 204800 B
[2026-04-19T03:25:35.184Z INFO  worker::batch_maker] Batch 6NALAwZWdMBKOSYKk2F8JlFStdUZPRisBVgyBJG2yUM= contains sample tx 808
[2026-04-19T03:25:35.184Z INFO  worker::batch_maker] Batch 6NALAwZWdMBKOSYKk2F8JlFStdUZPRisBVgyBJG2yUM= contains 204800 B
[2026-04-19T03:25:35.238Z INFO  worker::batch_maker] Batch yuFbjZvBxbUEqOTQBm7D/B5thge2qQfKnf4dNLut8R8= contains sample tx 809
[2026-04-19T03:25:35.238Z INFO  worker::batch_maker] Batch yuFbjZvBxbUEqOTQBm7D/B5thge2qQfKnf4dNLut8R8= contains 204800 B
[2026-04-19T03:25:35.293Z INFO  worker::batch_maker] Batch 0SZMV5opn98D7JqmtmsHYCp09J/GkD5OPptD0wies68= contains sample tx 810
[2026-04-19T03:25:35.293Z INFO  worker::batch_maker] Batch 0SZMV5opn98D7JqmtmsHYCp09J/GkD5OPptD0wies68= contains 204800 B
[2026-04-19T03:25:35.346Z INFO  worker::batch_maker] Batch V+YXyVyVn/H3NTQUhdIbVYqe6bU1qhOgUeZ1f7oZAs4= contains sample tx 811
[2026-04-19T03:25:35.346Z INFO  worker::batch_maker] Batch V+YXyVyVn/H3NTQUhdIbVYqe6bU1qhOgUeZ1f7oZAs4= contains 204800 B
[2026-04-19T03:25:35.400Z INFO  worker::batch_maker] Batch PsrKNSyweFPqGkhN51KTGcXCMjIfcEXgR6cPg9WrQjw= contains sample tx 812
[2026-04-19T03:25:35.400Z INFO  worker::batch_maker] Batch PsrKNSyweFPqGkhN51KTGcXCMjIfcEXgR6cPg9WrQjw= contains 204800 B
[2026-04-19T03:25:35.453Z INFO  worker::batch_maker] Batch kXxhbNOjGV7U61HPxRv+RJuxShHDIf4Qq8XFnq/4cvg= contains sample tx 813
[2026-04-19T03:25:35.453Z INFO  worker::batch_maker] Batch kXxhbNOjGV7U61HPxRv+RJuxShHDIf4Qq8XFnq/4cvg= contains 204800 B
[2026-04-19T03:25:35.506Z INFO  worker::batch_maker] Batch sudrdclf9iLtKz3Xdr8+xTpznq/MqPoQ72Fl58Cq6cA= contains sample tx 814
[2026-04-19T03:25:35.506Z INFO  worker::batch_maker] Batch sudrdclf9iLtKz3Xdr8+xTpznq/MqPoQ72Fl58Cq6cA= contains 204800 B
[2026-04-19T03:25:35.560Z INFO  worker::batch_maker] Batch 7/1SZd5aMqG6E2gX0Lvg8rN4rVjTw1JQ5PJz6y2NJnU= contains sample tx 815
[2026-04-19T03:25:35.560Z INFO  worker::batch_maker] Batch 7/1SZd5aMqG6E2gX0Lvg8rN4rVjTw1JQ5PJz6y2NJnU= contains sample tx 816
[2026-04-19T03:25:35.560Z INFO  worker::batch_maker] Batch 7/1SZd5aMqG6E2gX0Lvg8rN4rVjTw1JQ5PJz6y2NJnU= contains 289280 B
[2026-04-19T03:25:35.613Z INFO  worker::batch_maker] Batch f4HIeWLfYIADlPdMw59VWFmPLZE+zzWLLB54pTDZgLU= contains sample tx 817
[2026-04-19T03:25:35.613Z INFO  worker::batch_maker] Batch f4HIeWLfYIADlPdMw59VWFmPLZE+zzWLLB54pTDZgLU= contains 325120 B
[2026-04-19T03:25:35.667Z INFO  worker::batch_maker] Batch 9/W7cYtnAgZC8FnbjOCAUmy4DvcYu3OpLCGwTmrlXPk= contains sample tx 818
[2026-04-19T03:25:35.667Z INFO  worker::batch_maker] Batch 9/W7cYtnAgZC8FnbjOCAUmy4DvcYu3OpLCGwTmrlXPk= contains 204800 B
[2026-04-19T03:25:35.721Z INFO  worker::batch_maker] Batch Ax7YT6ucpiywalFP7W1BbFNjohM41rsk5hcyJSTgoN0= contains sample tx 819
[2026-04-19T03:25:35.721Z INFO  worker::batch_maker] Batch Ax7YT6ucpiywalFP7W1BbFNjohM41rsk5hcyJSTgoN0= contains 204800 B
[2026-04-19T03:25:35.774Z INFO  worker::batch_maker] Batch Mp7rwsNStwgJSnmWiVGtPZ+zcqTja9N9y9zH62drCzE= contains sample tx 820
[2026-04-19T03:25:35.774Z INFO  worker::batch_maker] Batch Mp7rwsNStwgJSnmWiVGtPZ+zcqTja9N9y9zH62drCzE= contains 204800 B
[2026-04-19T03:25:35.827Z INFO  worker::batch_maker] Batch rqvlGLY5TFABsx3J2KemsS+8deC6AlgBkYjEgYhXDsg= contains sample tx 821
[2026-04-19T03:25:35.827Z INFO  worker::batch_maker] Batch rqvlGLY5TFABsx3J2KemsS+8deC6AlgBkYjEgYhXDsg= contains 204800 B
[2026-04-19T03:25:35.880Z INFO  worker::batch_maker] Batch L3rh/4cBVbFn5lIqrtO5Czm0tZWc2OQAUydWu9hla3I= contains sample tx 822
[2026-04-19T03:25:35.881Z INFO  worker::batch_maker] Batch L3rh/4cBVbFn5lIqrtO5Czm0tZWc2OQAUydWu9hla3I= contains 204800 B
[2026-04-19T03:25:35.934Z INFO  worker::batch_maker] Batch X7pCyPaEX/CwFdu2xMqMZ7qV4+xKrf2QhxUsjiK/0uU= contains sample tx 823
[2026-04-19T03:25:35.934Z INFO  worker::batch_maker] Batch X7pCyPaEX/CwFdu2xMqMZ7qV4+xKrf2QhxUsjiK/0uU= contains 204800 B
[2026-04-19T03:25:35.988Z INFO  worker::batch_maker] Batch 6OINg8DXjAskyHqUHI75xjJqYh1vQuD4S5t3gi+AwwQ= contains sample tx 824
[2026-04-19T03:25:35.988Z INFO  worker::batch_maker] Batch 6OINg8DXjAskyHqUHI75xjJqYh1vQuD4S5t3gi+AwwQ= contains 204800 B
[2026-04-19T03:25:36.041Z INFO  worker::batch_maker] Batch 7Q8izDmVqRZzWNLqZBV5YTR2i6fNX1yTFvfC8SoiFRc= contains sample tx 825
[2026-04-19T03:25:36.041Z INFO  worker::batch_maker] Batch 7Q8izDmVqRZzWNLqZBV5YTR2i6fNX1yTFvfC8SoiFRc= contains 204800 B
[2026-04-19T03:25:36.096Z INFO  worker::batch_maker] Batch ojH1Gj4bMtNLtW2A1iaPvLNR1iX5mpa0rMq4KV1s1nA= contains sample tx 826
[2026-04-19T03:25:36.096Z INFO  worker::batch_maker] Batch ojH1Gj4bMtNLtW2A1iaPvLNR1iX5mpa0rMq4KV1s1nA= contains 204800 B
[2026-04-19T03:25:36.150Z INFO  worker::batch_maker] Batch hXSfkLVIqrnWLeLv/Ye19OqixMdSyjHADohijK2TP+w= contains sample tx 827
[2026-04-19T03:25:36.150Z INFO  worker::batch_maker] Batch hXSfkLVIqrnWLeLv/Ye19OqixMdSyjHADohijK2TP+w= contains 204800 B
[2026-04-19T03:25:36.202Z INFO  worker::batch_maker] Batch e6UqfaLWxP4NA7ZKyjGHyLPDgFTWaxkEk5NoLgqPsvw= contains sample tx 828
[2026-04-19T03:25:36.202Z INFO  worker::batch_maker] Batch e6UqfaLWxP4NA7ZKyjGHyLPDgFTWaxkEk5NoLgqPsvw= contains 204800 B
[2026-04-19T03:25:36.255Z INFO  worker::batch_maker] Batch Z6JlgOwRFD+2mpwd9uRpFfHR+CcWKC/aisLrK6oU8fw= contains sample tx 829
[2026-04-19T03:25:36.255Z INFO  worker::batch_maker] Batch Z6JlgOwRFD+2mpwd9uRpFfHR+CcWKC/aisLrK6oU8fw= contains 204800 B
[2026-04-19T03:25:36.307Z INFO  worker::batch_maker] Batch AbjWTLv+CQNwOgut7o0ghjknUebZvLIA2bg+CNgpPsc= contains sample tx 830
[2026-04-19T03:25:36.307Z INFO  worker::batch_maker] Batch AbjWTLv+CQNwOgut7o0ghjknUebZvLIA2bg+CNgpPsc= contains sample tx 831
[2026-04-19T03:25:36.307Z INFO  worker::batch_maker] Batch AbjWTLv+CQNwOgut7o0ghjknUebZvLIA2bg+CNgpPsc= contains 297984 B
[2026-04-19T03:25:36.360Z INFO  worker::batch_maker] Batch /SwVEvvL58QFSKAv0B//Gj+BU5G6/flmgqdA22vAO4k= contains sample tx 832
[2026-04-19T03:25:36.360Z INFO  worker::batch_maker] Batch /SwVEvvL58QFSKAv0B//Gj+BU5G6/flmgqdA22vAO4k= contains 204800 B
[2026-04-19T03:25:36.413Z INFO  worker::batch_maker] Batch rFE2hsHRAuyZyEucPhEF6ImyGDyhYLSNUnsS9Nx8HIw= contains sample tx 833
[2026-04-19T03:25:36.413Z INFO  worker::batch_maker] Batch rFE2hsHRAuyZyEucPhEF6ImyGDyhYLSNUnsS9Nx8HIw= contains 316416 B
[2026-04-19T03:25:36.466Z INFO  worker::batch_maker] Batch oV7mrmANdcszy3gdbakXLeQZpLN9kMZMUgtXrFa/FFo= contains sample tx 834
[2026-04-19T03:25:36.466Z INFO  worker::batch_maker] Batch oV7mrmANdcszy3gdbakXLeQZpLN9kMZMUgtXrFa/FFo= contains 204800 B
[2026-04-19T03:25:36.519Z INFO  worker::batch_maker] Batch UvveaQwgkXs3LgTe/xZUNTwaBrvFzu/itFQGgqsNbSA= contains sample tx 835
[2026-04-19T03:25:36.519Z INFO  worker::batch_maker] Batch UvveaQwgkXs3LgTe/xZUNTwaBrvFzu/itFQGgqsNbSA= contains 204800 B
[2026-04-19T03:25:36.570Z INFO  worker::batch_maker] Batch +peMcrwr1uJ9ZFXpetMtbiAUi+YUPKnuKP0Wbe8uoes= contains sample tx 836
[2026-04-19T03:25:36.570Z INFO  worker::batch_maker] Batch +peMcrwr1uJ9ZFXpetMtbiAUi+YUPKnuKP0Wbe8uoes= contains 53248 B
[2026-04-19T03:25:36.629Z INFO  worker::batch_maker] Batch jE6MzSp/vhFs0xTuyh2YkMdZZSF4myd8xLQ02dReEuY= contains sample tx 837
[2026-04-19T03:25:36.629Z INFO  worker::batch_maker] Batch jE6MzSp/vhFs0xTuyh2YkMdZZSF4myd8xLQ02dReEuY= contains 356352 B
[2026-04-19T03:25:36.682Z INFO  worker::batch_maker] Batch pEx3rNU3nPifYpYYxsifmsmIGdd1U5GNxhSGgmGiB9c= contains sample tx 838
[2026-04-19T03:25:36.682Z INFO  worker::batch_maker] Batch pEx3rNU3nPifYpYYxsifmsmIGdd1U5GNxhSGgmGiB9c= contains 204800 B
[2026-04-19T03:25:36.736Z INFO  worker::batch_maker] Batch 1GShw762k4Qak0o9NNanHhOZCPBPKHco3motyr7aSRg= contains sample tx 839
[2026-04-19T03:25:36.736Z INFO  worker::batch_maker] Batch 1GShw762k4Qak0o9NNanHhOZCPBPKHco3motyr7aSRg= contains 204800 B
[2026-04-19T03:25:36.790Z INFO  worker::batch_maker] Batch YXuz9jxOVXpafMF/dMkC6BJ/t0pXOatQugCguiANhPg= contains sample tx 840
[2026-04-19T03:25:36.790Z INFO  worker::batch_maker] Batch YXuz9jxOVXpafMF/dMkC6BJ/t0pXOatQugCguiANhPg= contains 204800 B
[2026-04-19T03:25:36.844Z INFO  worker::batch_maker] Batch n2HP6ZWJKMEuxPLGqJ4ZAfGitYiGMOHmw905JtOkcNE= contains sample tx 841
[2026-04-19T03:25:36.844Z INFO  worker::batch_maker] Batch n2HP6ZWJKMEuxPLGqJ4ZAfGitYiGMOHmw905JtOkcNE= contains 204800 B
[2026-04-19T03:25:36.897Z INFO  worker::batch_maker] Batch ufhCx0BC3TO+qS6qLRJtY/RQO1DsjUEq0eHGXncs+Ak= contains sample tx 842
[2026-04-19T03:25:36.897Z INFO  worker::batch_maker] Batch ufhCx0BC3TO+qS6qLRJtY/RQO1DsjUEq0eHGXncs+Ak= contains 204800 B
[2026-04-19T03:25:36.949Z INFO  worker::batch_maker] Batch 7mmlSVjuiZkAkeumitq5oBv1szx8zmgN6ncxLRkNhDw= contains sample tx 843
[2026-04-19T03:25:36.949Z INFO  worker::batch_maker] Batch 7mmlSVjuiZkAkeumitq5oBv1szx8zmgN6ncxLRkNhDw= contains 204800 B
[2026-04-19T03:25:37.002Z INFO  worker::batch_maker] Batch EUyycL3UkFyKkbzmeSczxaOnycZKJMjk4X13So1jado= contains sample tx 844
[2026-04-19T03:25:37.002Z INFO  worker::batch_maker] Batch EUyycL3UkFyKkbzmeSczxaOnycZKJMjk4X13So1jado= contains 204800 B
[2026-04-19T03:25:37.054Z INFO  worker::batch_maker] Batch 5YuJ3584eCqqI/td3Tn53hzg55ogUxBL/RrjwZDL00M= contains sample tx 845
[2026-04-19T03:25:37.054Z INFO  worker::batch_maker] Batch 5YuJ3584eCqqI/td3Tn53hzg55ogUxBL/RrjwZDL00M= contains 204800 B
[2026-04-19T03:25:37.108Z INFO  worker::batch_maker] Batch 6rjG1+JSUqfsGih0wcDEwzdNM+gTMlHg05xnSzyzJBs= contains sample tx 846
[2026-04-19T03:25:37.108Z INFO  worker::batch_maker] Batch 6rjG1+JSUqfsGih0wcDEwzdNM+gTMlHg05xnSzyzJBs= contains sample tx 847
[2026-04-19T03:25:37.108Z INFO  worker::batch_maker] Batch 6rjG1+JSUqfsGih0wcDEwzdNM+gTMlHg05xnSzyzJBs= contains 291840 B
[2026-04-19T03:25:37.163Z INFO  worker::batch_maker] Batch gEV9StRaU4Or42VA2J8RguleNEcfC5zX4ax/EY0Ofa8= contains sample tx 848
[2026-04-19T03:25:37.163Z INFO  worker::batch_maker] Batch gEV9StRaU4Or42VA2J8RguleNEcfC5zX4ax/EY0Ofa8= contains 322560 B
[2026-04-19T03:25:37.216Z INFO  worker::batch_maker] Batch ClK6LPbjtsFzkIB0DkBVMu4M04J/OygqkeJRreD+jD8= contains sample tx 849
[2026-04-19T03:25:37.216Z INFO  worker::batch_maker] Batch ClK6LPbjtsFzkIB0DkBVMu4M04J/OygqkeJRreD+jD8= contains 204800 B
[2026-04-19T03:25:37.269Z INFO  worker::batch_maker] Batch IdXsQXenDTzh9xaatUY28IaL1mAEMcuDovw0N6I4/Hk= contains sample tx 850
[2026-04-19T03:25:37.269Z INFO  worker::batch_maker] Batch IdXsQXenDTzh9xaatUY28IaL1mAEMcuDovw0N6I4/Hk= contains 204800 B
[2026-04-19T03:25:37.323Z INFO  worker::batch_maker] Batch gZPjqgKW4TE+Lg1inUwpnAgyWgAPtFUbc775dKRDCvw= contains sample tx 851
[2026-04-19T03:25:37.323Z INFO  worker::batch_maker] Batch gZPjqgKW4TE+Lg1inUwpnAgyWgAPtFUbc775dKRDCvw= contains 204800 B
[2026-04-19T03:25:37.376Z INFO  worker::batch_maker] Batch lHlhBfUppd6bVv/lEEJyrHZdXLbhurGDyc9oEn3xfKo= contains sample tx 852
[2026-04-19T03:25:37.376Z INFO  worker::batch_maker] Batch lHlhBfUppd6bVv/lEEJyrHZdXLbhurGDyc9oEn3xfKo= contains 204800 B
[2026-04-19T03:25:37.430Z INFO  worker::batch_maker] Batch ubOUTobPqWEf70xkjZWNWFAtgWpD/+ese70Zq+/DpVI= contains sample tx 853
[2026-04-19T03:25:37.430Z INFO  worker::batch_maker] Batch ubOUTobPqWEf70xkjZWNWFAtgWpD/+ese70Zq+/DpVI= contains 204800 B
[2026-04-19T03:25:37.483Z INFO  worker::batch_maker] Batch GSFHtUz9yyab3ftyFMTbyCop63fqLKQ9mG784iWj5No= contains sample tx 854
[2026-04-19T03:25:37.483Z INFO  worker::batch_maker] Batch GSFHtUz9yyab3ftyFMTbyCop63fqLKQ9mG784iWj5No= contains 204800 B
[2026-04-19T03:25:37.537Z INFO  worker::batch_maker] Batch wJ4m+WB65ETnfE3f+F5SufDKXuRgRbsP6whB7iYU3YI= contains sample tx 855
[2026-04-19T03:25:37.537Z INFO  worker::batch_maker] Batch wJ4m+WB65ETnfE3f+F5SufDKXuRgRbsP6whB7iYU3YI= contains 204800 B
[2026-04-19T03:25:37.591Z INFO  worker::batch_maker] Batch 9pads5RWiYkrjjB0vaYnM3YihSbVGhpAA9VCsTBFNW8= contains sample tx 856
[2026-04-19T03:25:37.591Z INFO  worker::batch_maker] Batch 9pads5RWiYkrjjB0vaYnM3YihSbVGhpAA9VCsTBFNW8= contains 204800 B
[2026-04-19T03:25:37.645Z INFO  worker::batch_maker] Batch cUFLUHaTxIF4MQOMzTa5RSOWxk0yxhpo34wIV+BB1lc= contains sample tx 857
[2026-04-19T03:25:37.645Z INFO  worker::batch_maker] Batch cUFLUHaTxIF4MQOMzTa5RSOWxk0yxhpo34wIV+BB1lc= contains 204800 B
[2026-04-19T03:25:37.698Z INFO  worker::batch_maker] Batch h5vQ0aYsvWmiO6qRlrb7QfhShDwFzreogiJJv9DGrOs= contains sample tx 858
[2026-04-19T03:25:37.698Z INFO  worker::batch_maker] Batch h5vQ0aYsvWmiO6qRlrb7QfhShDwFzreogiJJv9DGrOs= contains 204800 B
[2026-04-19T03:25:37.751Z INFO  worker::batch_maker] Batch Je1mZHgk/Ri7XWV7qk/tEbaeccF32pZP45cjBhx1iqg= contains sample tx 859
[2026-04-19T03:25:37.751Z INFO  worker::batch_maker] Batch Je1mZHgk/Ri7XWV7qk/tEbaeccF32pZP45cjBhx1iqg= contains 204800 B
[2026-04-19T03:25:37.805Z INFO  worker::batch_maker] Batch 5f4qM+oNxNBxSbO4gazCSY9j/IgECaX5oJrlflPEoHg= contains sample tx 860
[2026-04-19T03:25:37.805Z INFO  worker::batch_maker] Batch 5f4qM+oNxNBxSbO4gazCSY9j/IgECaX5oJrlflPEoHg= contains 204800 B
[2026-04-19T03:25:37.859Z INFO  worker::batch_maker] Batch X0tThZ9C5/a8zclECfnaiZ47dSeubcnXjfaJRF7/56g= contains sample tx 861
[2026-04-19T03:25:37.859Z INFO  worker::batch_maker] Batch X0tThZ9C5/a8zclECfnaiZ47dSeubcnXjfaJRF7/56g= contains 216576 B
[2026-04-19T03:25:37.912Z INFO  worker::batch_maker] Batch ym2XUWPu/yCu+BkgI9+zYK8Ac4dingnD9BOhhYws4D8= contains sample tx 862
[2026-04-19T03:25:37.912Z INFO  worker::batch_maker] Batch ym2XUWPu/yCu+BkgI9+zYK8Ac4dingnD9BOhhYws4D8= contains sample tx 863
[2026-04-19T03:25:37.912Z INFO  worker::batch_maker] Batch ym2XUWPu/yCu+BkgI9+zYK8Ac4dingnD9BOhhYws4D8= contains 397824 B
[2026-04-19T03:25:37.966Z INFO  worker::batch_maker] Batch 3E3R3SXwoiAleTCh9YPWXYxEwj9dhEc4pShfOZQyzCs= contains sample tx 864
[2026-04-19T03:25:37.967Z INFO  worker::batch_maker] Batch 3E3R3SXwoiAleTCh9YPWXYxEwj9dhEc4pShfOZQyzCs= contains 204800 B
[2026-04-19T03:25:38.019Z INFO  worker::batch_maker] Batch mGO8sACy56dxsVqPlb6rZrey76gt+3Hmjai/PstIzJ4= contains sample tx 865
[2026-04-19T03:25:38.019Z INFO  worker::batch_maker] Batch mGO8sACy56dxsVqPlb6rZrey76gt+3Hmjai/PstIzJ4= contains 204800 B
[2026-04-19T03:25:38.071Z INFO  worker::batch_maker] Batch 82g4on7FeX6kURejvuZLMFUrIkva+bXXZ1Ijmougn8E= contains 33792 B
[2026-04-19T03:25:38.127Z INFO  worker::batch_maker] Batch LutR24oyFAHcGQoLPYsgwXq+sC4mb5C6A1nPlRjJlMc= contains sample tx 866
[2026-04-19T03:25:38.127Z INFO  worker::batch_maker] Batch LutR24oyFAHcGQoLPYsgwXq+sC4mb5C6A1nPlRjJlMc= contains sample tx 867
[2026-04-19T03:25:38.127Z INFO  worker::batch_maker] Batch LutR24oyFAHcGQoLPYsgwXq+sC4mb5C6A1nPlRjJlMc= contains 375808 B
[2026-04-19T03:25:38.179Z INFO  worker::batch_maker] Batch 8MHk1WMimcOvQDSfkaAEDW9YkFfeXFgkq+5t4D8GnEA= contains sample tx 868
[2026-04-19T03:25:38.179Z INFO  worker::batch_maker] Batch 8MHk1WMimcOvQDSfkaAEDW9YkFfeXFgkq+5t4D8GnEA= contains 204800 B
[2026-04-19T03:25:38.233Z INFO  worker::batch_maker] Batch 637WAg8MNjC6XoH/tJenjKdQ7OhRrkNmAkrFTBzplUY= contains sample tx 869
[2026-04-19T03:25:38.233Z INFO  worker::batch_maker] Batch 637WAg8MNjC6XoH/tJenjKdQ7OhRrkNmAkrFTBzplUY= contains 204800 B
[2026-04-19T03:25:38.286Z INFO  worker::batch_maker] Batch 6DwjlF+8Vwi7FNW3XthlK3d1r2T/EwuZBx4oQe29tUo= contains sample tx 870
[2026-04-19T03:25:38.286Z INFO  worker::batch_maker] Batch 6DwjlF+8Vwi7FNW3XthlK3d1r2T/EwuZBx4oQe29tUo= contains 204800 B
[2026-04-19T03:25:38.338Z INFO  worker::batch_maker] Batch gHvkFjed63zavKOQ+Fr3p9nL6+1uV+jzuhmYYd0wazE= contains sample tx 871
[2026-04-19T03:25:38.338Z INFO  worker::batch_maker] Batch gHvkFjed63zavKOQ+Fr3p9nL6+1uV+jzuhmYYd0wazE= contains 204800 B
[2026-04-19T03:25:38.389Z INFO  worker::batch_maker] Batch AW4MwV4CsSIRZvKz1U1QA12GnR5gxDBiUyrlNhlINeo= contains sample tx 872
[2026-04-19T03:25:38.389Z INFO  worker::batch_maker] Batch AW4MwV4CsSIRZvKz1U1QA12GnR5gxDBiUyrlNhlINeo= contains 204800 B
[2026-04-19T03:25:38.442Z INFO  worker::batch_maker] Batch 3D3jnqsCKiKngfWobUYibNMuwSMjHEYA6fNiU4aVm4s= contains sample tx 873
[2026-04-19T03:25:38.442Z INFO  worker::batch_maker] Batch 3D3jnqsCKiKngfWobUYibNMuwSMjHEYA6fNiU4aVm4s= contains 204800 B
[2026-04-19T03:25:38.494Z INFO  worker::batch_maker] Batch b7el93AXYka6/+HHpRw99Vaqwl18pu4POAfmGccbR7A= contains sample tx 874
[2026-04-19T03:25:38.494Z INFO  worker::batch_maker] Batch b7el93AXYka6/+HHpRw99Vaqwl18pu4POAfmGccbR7A= contains 204800 B
[2026-04-19T03:25:38.546Z INFO  worker::batch_maker] Batch 5evnsPExPE2oy5DJ1+unKRfAUI3HCPuopV9woZy+1Eo= contains sample tx 875
[2026-04-19T03:25:38.546Z INFO  worker::batch_maker] Batch 5evnsPExPE2oy5DJ1+unKRfAUI3HCPuopV9woZy+1Eo= contains 204800 B
[2026-04-19T03:25:38.599Z INFO  worker::batch_maker] Batch HBz4DzDBJ28yMu8XbKy6/vYfsEkyOXnvbZC8Z+rAMG4= contains sample tx 876
[2026-04-19T03:25:38.599Z INFO  worker::batch_maker] Batch HBz4DzDBJ28yMu8XbKy6/vYfsEkyOXnvbZC8Z+rAMG4= contains 204800 B
[2026-04-19T03:25:38.652Z INFO  worker::batch_maker] Batch 7rarDcpgkNSjl70MxDWgPlj4znV/HhoGu7oCIdKV4Lw= contains sample tx 877
[2026-04-19T03:25:38.652Z INFO  worker::batch_maker] Batch 7rarDcpgkNSjl70MxDWgPlj4znV/HhoGu7oCIdKV4Lw= contains 204800 B
[2026-04-19T03:25:38.705Z INFO  worker::batch_maker] Batch v4+UhgNXjgLKaBG3m7sInVFVbkH4gIvRWIAPrOrz4TY= contains sample tx 878
[2026-04-19T03:25:38.705Z INFO  worker::batch_maker] Batch v4+UhgNXjgLKaBG3m7sInVFVbkH4gIvRWIAPrOrz4TY= contains 204800 B
[2026-04-19T03:25:38.758Z INFO  worker::batch_maker] Batch /33RyKPOLtUwzer0Jk/fKwueEv72ZQF1wDgsggm2SU8= contains sample tx 879
[2026-04-19T03:25:38.758Z INFO  worker::batch_maker] Batch /33RyKPOLtUwzer0Jk/fKwueEv72ZQF1wDgsggm2SU8= contains sample tx 880
[2026-04-19T03:25:38.758Z INFO  worker::batch_maker] Batch /33RyKPOLtUwzer0Jk/fKwueEv72ZQF1wDgsggm2SU8= contains 355328 B
[2026-04-19T03:25:38.810Z INFO  worker::batch_maker] Batch /OOJ1tSCQ/zLDBvUAtXaxKbqumhu/juk9jH5HMfo7NM= contains sample tx 881
[2026-04-19T03:25:38.810Z INFO  worker::batch_maker] Batch /OOJ1tSCQ/zLDBvUAtXaxKbqumhu/juk9jH5HMfo7NM= contains 259072 B
[2026-04-19T03:25:38.863Z INFO  worker::batch_maker] Batch pDuu+Db0uZ4/O2Isozm8pXN8cFZOEmdjRVqdxraTG4E= contains sample tx 882
[2026-04-19T03:25:38.863Z INFO  worker::batch_maker] Batch pDuu+Db0uZ4/O2Isozm8pXN8cFZOEmdjRVqdxraTG4E= contains 204800 B
[2026-04-19T03:25:38.915Z INFO  worker::batch_maker] Batch 2WBC6p8DaSF3SMfZmdDMoS9ETx0snqPRANRJ83M0Aeg= contains sample tx 883
[2026-04-19T03:25:38.916Z INFO  worker::batch_maker] Batch 2WBC6p8DaSF3SMfZmdDMoS9ETx0snqPRANRJ83M0Aeg= contains 204800 B
[2026-04-19T03:25:38.968Z INFO  worker::batch_maker] Batch eny0ObYundIOnaKCqIili7jRcYouW1V3ALzZNKy5Aps= contains sample tx 884
[2026-04-19T03:25:38.968Z INFO  worker::batch_maker] Batch eny0ObYundIOnaKCqIili7jRcYouW1V3ALzZNKy5Aps= contains 204800 B
[2026-04-19T03:25:39.020Z INFO  worker::batch_maker] Batch xAU8pWplcXOIC6WuoH3NUPqzYozFDS3BGqDa/ihnVCE= contains sample tx 885
[2026-04-19T03:25:39.020Z INFO  worker::batch_maker] Batch xAU8pWplcXOIC6WuoH3NUPqzYozFDS3BGqDa/ihnVCE= contains 204800 B
[2026-04-19T03:25:39.073Z INFO  worker::batch_maker] Batch DAgoeMfxLEkh6A6aZdPOcShBNsbvMrVCpDC4MS6DI+E= contains sample tx 886
[2026-04-19T03:25:39.074Z INFO  worker::batch_maker] Batch DAgoeMfxLEkh6A6aZdPOcShBNsbvMrVCpDC4MS6DI+E= contains 204800 B
[2026-04-19T03:25:39.126Z INFO  worker::batch_maker] Batch qWPHh7I/zjpKanp4dLzOQao72CAX+PY5vS9+NsDUaTw= contains sample tx 887
[2026-04-19T03:25:39.126Z INFO  worker::batch_maker] Batch qWPHh7I/zjpKanp4dLzOQao72CAX+PY5vS9+NsDUaTw= contains 204800 B
[2026-04-19T03:25:39.179Z INFO  worker::batch_maker] Batch gjhvJe2GNUFfezG7A52Ai6TzUZpn1v9SgSW7LtSuEXc= contains sample tx 888
[2026-04-19T03:25:39.179Z INFO  worker::batch_maker] Batch gjhvJe2GNUFfezG7A52Ai6TzUZpn1v9SgSW7LtSuEXc= contains 204800 B
[2026-04-19T03:25:39.231Z INFO  worker::batch_maker] Batch Cx5cba+YudmPPOwT3LAMB9UeKDVaLvs3LzSCHM5QUrA= contains sample tx 889
[2026-04-19T03:25:39.232Z INFO  worker::batch_maker] Batch Cx5cba+YudmPPOwT3LAMB9UeKDVaLvs3LzSCHM5QUrA= contains 204800 B
[2026-04-19T03:25:39.284Z INFO  worker::batch_maker] Batch SBVVcda2fGW4U2emQrgfqQjzbxaylR0RLk+DGF/VX0E= contains sample tx 890
[2026-04-19T03:25:39.284Z INFO  worker::batch_maker] Batch SBVVcda2fGW4U2emQrgfqQjzbxaylR0RLk+DGF/VX0E= contains 204800 B
[2026-04-19T03:25:39.338Z INFO  worker::batch_maker] Batch 7OtwNlNVkpsNY3pBS8LRBzogakIvYf6RV61878onZic= contains sample tx 891
[2026-04-19T03:25:39.338Z INFO  worker::batch_maker] Batch 7OtwNlNVkpsNY3pBS8LRBzogakIvYf6RV61878onZic= contains 204800 B
[2026-04-19T03:25:39.392Z INFO  worker::batch_maker] Batch /y9B9S/CpEeaW7GKm4Hka3A22OjNYaxWPsRyMAX7Z5Y= contains sample tx 892
[2026-04-19T03:25:39.392Z INFO  worker::batch_maker] Batch /y9B9S/CpEeaW7GKm4Hka3A22OjNYaxWPsRyMAX7Z5Y= contains 204800 B
[2026-04-19T03:25:39.444Z INFO  worker::batch_maker] Batch OB0kDFii5+E/ZcNyUBq4LRyUh/RRWgY3XIfzkJBmpN8= contains sample tx 893
[2026-04-19T03:25:39.444Z INFO  worker::batch_maker] Batch OB0kDFii5+E/ZcNyUBq4LRyUh/RRWgY3XIfzkJBmpN8= contains 204800 B
[2026-04-19T03:25:39.497Z INFO  worker::batch_maker] Batch /LAXNfqbmuZvgEgynSrd/Mk61HJR6uRy3oh6QJeTsbs= contains sample tx 894
[2026-04-19T03:25:39.497Z INFO  worker::batch_maker] Batch /LAXNfqbmuZvgEgynSrd/Mk61HJR6uRy3oh6QJeTsbs= contains 204800 B
[2026-04-19T03:25:39.551Z INFO  worker::batch_maker] Batch RzlXVjIU/hyQCfF+HeV05yPm2PeZ1ySOKjECuKJQVMk= contains sample tx 895
[2026-04-19T03:25:39.551Z INFO  worker::batch_maker] Batch RzlXVjIU/hyQCfF+HeV05yPm2PeZ1ySOKjECuKJQVMk= contains 204800 B
[2026-04-19T03:25:39.605Z INFO  worker::batch_maker] Batch vHs5c4AaklyS3pqF4ktHlv8AmVquk5N1JxMeHMtLeSc= contains sample tx 896
[2026-04-19T03:25:39.605Z INFO  worker::batch_maker] Batch vHs5c4AaklyS3pqF4ktHlv8AmVquk5N1JxMeHMtLeSc= contains 204800 B
[2026-04-19T03:25:39.659Z INFO  worker::batch_maker] Batch VyDIohxiRmBfhYVbjnDPtI/+NrcjF4G8Y9Qdpmuuur4= contains sample tx 897
[2026-04-19T03:25:39.659Z INFO  worker::batch_maker] Batch VyDIohxiRmBfhYVbjnDPtI/+NrcjF4G8Y9Qdpmuuur4= contains sample tx 898
[2026-04-19T03:25:39.659Z INFO  worker::batch_maker] Batch VyDIohxiRmBfhYVbjnDPtI/+NrcjF4G8Y9Qdpmuuur4= contains 333824 B
[2026-04-19T03:25:39.713Z INFO  worker::batch_maker] Batch Wg6mWZPzsMg/Opc2vi5B1kWDX2AinIRk1fiNFlyLM/8= contains sample tx 899
[2026-04-19T03:25:39.713Z INFO  worker::batch_maker] Batch Wg6mWZPzsMg/Opc2vi5B1kWDX2AinIRk1fiNFlyLM/8= contains 280576 B
[2026-04-19T03:25:39.765Z INFO  worker::batch_maker] Batch iuI5GMptBSOOXIbOWUOHAmme0o5C2f+TSlBtVFMNRQY= contains sample tx 900
[2026-04-19T03:25:39.765Z INFO  worker::batch_maker] Batch iuI5GMptBSOOXIbOWUOHAmme0o5C2f+TSlBtVFMNRQY= contains 204800 B
[2026-04-19T03:25:39.818Z INFO  worker::batch_maker] Batch 545VXYNM+weTnkH9RsJ9s/4SZbBRUsdUMjv3mxvZVnY= contains sample tx 901
[2026-04-19T03:25:39.818Z INFO  worker::batch_maker] Batch 545VXYNM+weTnkH9RsJ9s/4SZbBRUsdUMjv3mxvZVnY= contains 204800 B
[2026-04-19T03:25:39.872Z INFO  worker::batch_maker] Batch d3ZCqRuaGuqX0eXbDkp59HLaKRolbZY8PiBtlMol0pA= contains sample tx 902
[2026-04-19T03:25:39.872Z INFO  worker::batch_maker] Batch d3ZCqRuaGuqX0eXbDkp59HLaKRolbZY8PiBtlMol0pA= contains 204800 B
[2026-04-19T03:25:39.925Z INFO  worker::batch_maker] Batch ry58u2XldkzICoEt4STYVaaT2OVe65NTz6uX7yiRqZc= contains sample tx 903
[2026-04-19T03:25:39.925Z INFO  worker::batch_maker] Batch ry58u2XldkzICoEt4STYVaaT2OVe65NTz6uX7yiRqZc= contains 53248 B
[2026-04-19T03:25:39.980Z INFO  worker::batch_maker] Batch 90Y9Cx7swL1h6bpLpdTvz8pbQs6VPQtP6KtSqvRlmmk= contains sample tx 904
[2026-04-19T03:25:39.980Z INFO  worker::batch_maker] Batch 90Y9Cx7swL1h6bpLpdTvz8pbQs6VPQtP6KtSqvRlmmk= contains 356352 B
[2026-04-19T03:25:40.035Z INFO  worker::batch_maker] Batch g8AMIcSIoaKlD1I1SvBrOPDoqulH1Gv6UXHz1e7DCXg= contains sample tx 905
[2026-04-19T03:25:40.035Z INFO  worker::batch_maker] Batch g8AMIcSIoaKlD1I1SvBrOPDoqulH1Gv6UXHz1e7DCXg= contains 204800 B
[2026-04-19T03:25:40.088Z INFO  worker::batch_maker] Batch MMn3vkqU566GrPxulWlK02o/XCdO/xKp20XalLAU9ZY= contains sample tx 906
[2026-04-19T03:25:40.088Z INFO  worker::batch_maker] Batch MMn3vkqU566GrPxulWlK02o/XCdO/xKp20XalLAU9ZY= contains 204800 B
[2026-04-19T03:25:40.140Z INFO  worker::batch_maker] Batch buq5XwmLYmtTN7dMgzDpBbKbx5VzQr0cKbkrTQDz+ug= contains sample tx 907
[2026-04-19T03:25:40.140Z INFO  worker::batch_maker] Batch buq5XwmLYmtTN7dMgzDpBbKbx5VzQr0cKbkrTQDz+ug= contains 204800 B
[2026-04-19T03:25:40.194Z INFO  worker::batch_maker] Batch diBcdAlkEugHAz3W8LsgaV+MBedp9AhDFDEzLAfKzw8= contains sample tx 908
[2026-04-19T03:25:40.194Z INFO  worker::batch_maker] Batch diBcdAlkEugHAz3W8LsgaV+MBedp9AhDFDEzLAfKzw8= contains 204800 B
[2026-04-19T03:25:40.247Z INFO  worker::batch_maker] Batch m5DJiyR533I0Jwi1a0zMLH+dAzQBzExsby/xHa3YCGA= contains sample tx 909
[2026-04-19T03:25:40.247Z INFO  worker::batch_maker] Batch m5DJiyR533I0Jwi1a0zMLH+dAzQBzExsby/xHa3YCGA= contains 204800 B
[2026-04-19T03:25:40.301Z INFO  worker::batch_maker] Batch JpwNTeuiSPsgIUiw2nMZuvsJiqmWcgLY9VPqg9gHHL4= contains sample tx 910
[2026-04-19T03:25:40.301Z INFO  worker::batch_maker] Batch JpwNTeuiSPsgIUiw2nMZuvsJiqmWcgLY9VPqg9gHHL4= contains 204800 B
[2026-04-19T03:25:40.355Z INFO  worker::batch_maker] Batch PS6Xl9Z19gkwl/otilUR6emRpvYjf4knh7V5e+jXTE8= contains sample tx 911
[2026-04-19T03:25:40.355Z INFO  worker::batch_maker] Batch PS6Xl9Z19gkwl/otilUR6emRpvYjf4knh7V5e+jXTE8= contains 204800 B
[2026-04-19T03:25:40.407Z INFO  worker::batch_maker] Batch RiSBHkX2LSV4sb7/voMWwLNP9TQR4ZCqAWCkDOZi87A= contains sample tx 912
[2026-04-19T03:25:40.407Z INFO  worker::batch_maker] Batch RiSBHkX2LSV4sb7/voMWwLNP9TQR4ZCqAWCkDOZi87A= contains sample tx 913
[2026-04-19T03:25:40.407Z INFO  worker::batch_maker] Batch RiSBHkX2LSV4sb7/voMWwLNP9TQR4ZCqAWCkDOZi87A= contains 336896 B
[2026-04-19T03:25:40.460Z INFO  worker::batch_maker] Batch cZIj3fTEWf+A8vO6iTyndvT+wl06PA7FMDRUebibf/g= contains sample tx 914
[2026-04-19T03:25:40.460Z INFO  worker::batch_maker] Batch cZIj3fTEWf+A8vO6iTyndvT+wl06PA7FMDRUebibf/g= contains 277504 B
[2026-04-19T03:25:40.514Z INFO  worker::batch_maker] Batch njiH39uvQSUzh7o4l4CYWZr8+I6CIX2xrPET+7W8bu4= contains sample tx 915
[2026-04-19T03:25:40.514Z INFO  worker::batch_maker] Batch njiH39uvQSUzh7o4l4CYWZr8+I6CIX2xrPET+7W8bu4= contains 204800 B
[2026-04-19T03:25:40.565Z INFO  worker::batch_maker] Batch iuJ5lpe6/y9sg0Z3wNXHJHpp/GuhpVd7zuRJU7Y9OdY= contains sample tx 916
[2026-04-19T03:25:40.565Z INFO  worker::batch_maker] Batch iuJ5lpe6/y9sg0Z3wNXHJHpp/GuhpVd7zuRJU7Y9OdY= contains 204800 B
[2026-04-19T03:25:40.618Z INFO  worker::batch_maker] Batch z+4ttj8ztXwwms89qN1mnPUezh3trsmdlk2iKiz4iVg= contains sample tx 917
[2026-04-19T03:25:40.618Z INFO  worker::batch_maker] Batch z+4ttj8ztXwwms89qN1mnPUezh3trsmdlk2iKiz4iVg= contains 204800 B
[2026-04-19T03:25:40.671Z INFO  worker::batch_maker] Batch ahA70uhecBVhqzMMgoIVcqPOK0aDCQjkwXMaEAlip8c= contains sample tx 918
[2026-04-19T03:25:40.671Z INFO  worker::batch_maker] Batch ahA70uhecBVhqzMMgoIVcqPOK0aDCQjkwXMaEAlip8c= contains 204800 B
[2026-04-19T03:25:40.726Z INFO  worker::batch_maker] Batch JRUix0AiFr7eCa30ASFfUkPKsjODeJ6FQxHROtZKew8= contains sample tx 919
[2026-04-19T03:25:40.726Z INFO  worker::batch_maker] Batch JRUix0AiFr7eCa30ASFfUkPKsjODeJ6FQxHROtZKew8= contains 204800 B
[2026-04-19T03:25:40.778Z INFO  worker::batch_maker] Batch J5xKAvs0XTjhr3jwnI99XDhQrlYbVUz2Bci/36atC1Q= contains sample tx 920
[2026-04-19T03:25:40.778Z INFO  worker::batch_maker] Batch J5xKAvs0XTjhr3jwnI99XDhQrlYbVUz2Bci/36atC1Q= contains 204800 B
[2026-04-19T03:25:40.830Z INFO  worker::batch_maker] Batch mj++0wtIfycVenDBJ4nUqd3RQf0jn4vwp+8kDdfYjAM= contains sample tx 921
[2026-04-19T03:25:40.830Z INFO  worker::batch_maker] Batch mj++0wtIfycVenDBJ4nUqd3RQf0jn4vwp+8kDdfYjAM= contains 204800 B
[2026-04-19T03:25:40.884Z INFO  worker::batch_maker] Batch yH9nvMppgjMOSZnnFZf2guaf8Qqi+Pr3kGVT9tzWJss= contains sample tx 922
[2026-04-19T03:25:40.884Z INFO  worker::batch_maker] Batch yH9nvMppgjMOSZnnFZf2guaf8Qqi+Pr3kGVT9tzWJss= contains 204800 B
[2026-04-19T03:25:40.936Z INFO  worker::batch_maker] Batch ndGy0FGb/rvgrY+0+iK0UG8Av/q87l7d0iHgFVaaPQ4= contains sample tx 923
[2026-04-19T03:25:40.936Z INFO  worker::batch_maker] Batch ndGy0FGb/rvgrY+0+iK0UG8Av/q87l7d0iHgFVaaPQ4= contains 204800 B
[2026-04-19T03:25:40.988Z INFO  worker::batch_maker] Batch ErEHR/1toizoxReHe+F2c2HNzJ8x73di/pY6mpa7mto= contains sample tx 924
[2026-04-19T03:25:40.988Z INFO  worker::batch_maker] Batch ErEHR/1toizoxReHe+F2c2HNzJ8x73di/pY6mpa7mto= contains 204800 B
[2026-04-19T03:25:41.042Z INFO  worker::batch_maker] Batch rFu/ioef/MzQ+Uo5GXYiPMBTc1WBHBem2EWZT7owOWo= contains sample tx 925
[2026-04-19T03:25:41.042Z INFO  worker::batch_maker] Batch rFu/ioef/MzQ+Uo5GXYiPMBTc1WBHBem2EWZT7owOWo= contains 204800 B
[2026-04-19T03:25:41.095Z INFO  worker::batch_maker] Batch abx1BC7U3+3uG2sfrZEgH51YbJvKAd3wLGC0smPw5zk= contains sample tx 926
[2026-04-19T03:25:41.095Z INFO  worker::batch_maker] Batch abx1BC7U3+3uG2sfrZEgH51YbJvKAd3wLGC0smPw5zk= contains 204800 B
[2026-04-19T03:25:41.147Z INFO  worker::batch_maker] Batch enQ7RBnk8Jt42bTxZu33IYsmXCNSN84W8BnP1vftbek= contains sample tx 927
[2026-04-19T03:25:41.147Z INFO  worker::batch_maker] Batch enQ7RBnk8Jt42bTxZu33IYsmXCNSN84W8BnP1vftbek= contains 204800 B
[2026-04-19T03:25:41.199Z INFO  worker::batch_maker] Batch ABlUyJ0z/nnAjAzYPtw2zdWfZvFBP1u1qlqua2SYa6I= contains sample tx 928
[2026-04-19T03:25:41.199Z INFO  worker::batch_maker] Batch ABlUyJ0z/nnAjAzYPtw2zdWfZvFBP1u1qlqua2SYa6I= contains 204800 B
[2026-04-19T03:25:41.252Z INFO  worker::batch_maker] Batch r7sczyrjJm8qjkmQcCyxhN6OEvE0C7joxXHKMcUtmXM= contains sample tx 929
[2026-04-19T03:25:41.252Z INFO  worker::batch_maker] Batch r7sczyrjJm8qjkmQcCyxhN6OEvE0C7joxXHKMcUtmXM= contains 204800 B
[2026-04-19T03:25:41.304Z INFO  worker::batch_maker] Batch ncTevjGg0m7Je5WlxofQkI5scIiUZsRKKfngcPSW15c= contains sample tx 930
[2026-04-19T03:25:41.304Z INFO  worker::batch_maker] Batch ncTevjGg0m7Je5WlxofQkI5scIiUZsRKKfngcPSW15c= contains 204800 B
[2026-04-19T03:25:41.357Z INFO  worker::batch_maker] Batch HHa59lVYyzZqBydUCMzoJQfvHOC5DWhNoyil5BU7tx8= contains sample tx 931
[2026-04-19T03:25:41.357Z INFO  worker::batch_maker] Batch HHa59lVYyzZqBydUCMzoJQfvHOC5DWhNoyil5BU7tx8= contains 204800 B
[2026-04-19T03:25:41.411Z INFO  worker::batch_maker] Batch E3DQAX+UMU8rbQkz0vhabnBTapRkKVlfCYBlghr09IE= contains sample tx 932
[2026-04-19T03:25:41.411Z INFO  worker::batch_maker] Batch E3DQAX+UMU8rbQkz0vhabnBTapRkKVlfCYBlghr09IE= contains sample tx 933
[2026-04-19T03:25:41.411Z INFO  worker::batch_maker] Batch E3DQAX+UMU8rbQkz0vhabnBTapRkKVlfCYBlghr09IE= contains 340992 B
[2026-04-19T03:25:41.464Z INFO  worker::batch_maker] Batch LDT1/e9nZyUoxwrpnU3UmGFLviHkuBsduEKnRMttiNY= contains sample tx 934
[2026-04-19T03:25:41.464Z INFO  worker::batch_maker] Batch LDT1/e9nZyUoxwrpnU3UmGFLviHkuBsduEKnRMttiNY= contains 273408 B
[2026-04-19T03:25:41.517Z INFO  worker::batch_maker] Batch Vjz27MY+3cgqda/mYiwCZF2sNS8Vsp5fqC8SOIDDFGM= contains sample tx 935
[2026-04-19T03:25:41.517Z INFO  worker::batch_maker] Batch Vjz27MY+3cgqda/mYiwCZF2sNS8Vsp5fqC8SOIDDFGM= contains 204800 B
[2026-04-19T03:25:41.569Z INFO  worker::batch_maker] Batch tKiAYf0/NIQrUeK6jtVCUH3PjlH22tpAT/O8GmYaHhk= contains sample tx 936
[2026-04-19T03:25:41.569Z INFO  worker::batch_maker] Batch tKiAYf0/NIQrUeK6jtVCUH3PjlH22tpAT/O8GmYaHhk= contains 204800 B
[2026-04-19T03:25:41.622Z INFO  worker::batch_maker] Batch RG25XGjzrLIHMVCo8ygF3mlY53mXCJ1tR4Ki3VGI4us= contains sample tx 937
[2026-04-19T03:25:41.622Z INFO  worker::batch_maker] Batch RG25XGjzrLIHMVCo8ygF3mlY53mXCJ1tR4Ki3VGI4us= contains 204800 B
[2026-04-19T03:25:41.675Z INFO  worker::batch_maker] Batch wvN8mqy9UfbRCW5O/Oxde44Z5Lu/P6S+vDypSZRoAjI= contains sample tx 938
[2026-04-19T03:25:41.675Z INFO  worker::batch_maker] Batch wvN8mqy9UfbRCW5O/Oxde44Z5Lu/P6S+vDypSZRoAjI= contains 204800 B
[2026-04-19T03:25:41.729Z INFO  worker::batch_maker] Batch dYWaTfBZxJuDl/nRjNnPVj3fL2FqnVdclBnnpKRR+WI= contains sample tx 939
[2026-04-19T03:25:41.729Z INFO  worker::batch_maker] Batch dYWaTfBZxJuDl/nRjNnPVj3fL2FqnVdclBnnpKRR+WI= contains 204800 B
[2026-04-19T03:25:41.782Z INFO  worker::batch_maker] Batch ZKFzSHHghzgW+QMh5pXztv30BacmaVXZ0vB8nIxXLdk= contains sample tx 940
[2026-04-19T03:25:41.782Z INFO  worker::batch_maker] Batch ZKFzSHHghzgW+QMh5pXztv30BacmaVXZ0vB8nIxXLdk= contains 204800 B
[2026-04-19T03:25:41.834Z INFO  worker::batch_maker] Batch ZVqdnNTrla4FECXG84AxOxvzIojx4oLWfVe6BBQ9KVE= contains sample tx 941
[2026-04-19T03:25:41.834Z INFO  worker::batch_maker] Batch ZVqdnNTrla4FECXG84AxOxvzIojx4oLWfVe6BBQ9KVE= contains 204800 B
[2026-04-19T03:25:41.887Z INFO  worker::batch_maker] Batch bbv8un8UYKpK25/ThSTgQGhHgBZ6ALwRUMTpTJUB7cU= contains sample tx 942
[2026-04-19T03:25:41.887Z INFO  worker::batch_maker] Batch bbv8un8UYKpK25/ThSTgQGhHgBZ6ALwRUMTpTJUB7cU= contains 204800 B
[2026-04-19T03:25:41.939Z INFO  worker::batch_maker] Batch YWa6nG3gMsfb7yKYEShL5txuSiZhCBSClPDpjV12R2o= contains sample tx 943
[2026-04-19T03:25:41.939Z INFO  worker::batch_maker] Batch YWa6nG3gMsfb7yKYEShL5txuSiZhCBSClPDpjV12R2o= contains 204800 B
[2026-04-19T03:25:41.991Z INFO  worker::batch_maker] Batch BBegMIWxXBPdjTXcpE+QmGgy8zyImDl6DvSCEKZau2Q= contains sample tx 944
[2026-04-19T03:25:41.991Z INFO  worker::batch_maker] Batch BBegMIWxXBPdjTXcpE+QmGgy8zyImDl6DvSCEKZau2Q= contains 204800 B
[2026-04-19T03:25:42.044Z INFO  worker::batch_maker] Batch n/N/TCIH7RFOnpdshVv01iDF4bWQgt2h6WdML1TWW3Y= contains sample tx 945
[2026-04-19T03:25:42.045Z INFO  worker::batch_maker] Batch n/N/TCIH7RFOnpdshVv01iDF4bWQgt2h6WdML1TWW3Y= contains 204800 B
[2026-04-19T03:25:42.097Z INFO  worker::batch_maker] Batch OTIEjA8zVeYNwFiy3jlCXIy/o87+04n825ptxyZ1ZW0= contains sample tx 946
[2026-04-19T03:25:42.097Z INFO  worker::batch_maker] Batch OTIEjA8zVeYNwFiy3jlCXIy/o87+04n825ptxyZ1ZW0= contains 204800 B
[2026-04-19T03:25:42.150Z INFO  worker::batch_maker] Batch V1Yp34ZRlbHCteSPz/mFxyYrBDS7hK7Huk0rx05gAMI= contains sample tx 947
[2026-04-19T03:25:42.150Z INFO  worker::batch_maker] Batch V1Yp34ZRlbHCteSPz/mFxyYrBDS7hK7Huk0rx05gAMI= contains 204800 B
[2026-04-19T03:25:42.203Z INFO  worker::batch_maker] Batch qAY4FzIZ2vAk4BRJ/zG6edsX10CFtlu8dYuEwLeybjw= contains sample tx 948
[2026-04-19T03:25:42.203Z INFO  worker::batch_maker] Batch qAY4FzIZ2vAk4BRJ/zG6edsX10CFtlu8dYuEwLeybjw= contains 204800 B
[2026-04-19T03:25:42.257Z INFO  worker::batch_maker] Batch SgFW+LYs6d7zgPWq0NXknvxrMrvjTZkKxNJxIoXe4uM= contains sample tx 949
[2026-04-19T03:25:42.257Z INFO  worker::batch_maker] Batch SgFW+LYs6d7zgPWq0NXknvxrMrvjTZkKxNJxIoXe4uM= contains 204800 B
[2026-04-19T03:25:42.311Z INFO  worker::batch_maker] Batch SBlG+FMp9OqD4rs4MmzscYkJb7lRCsuL9U6pT/DxPrM= contains sample tx 950
[2026-04-19T03:25:42.311Z INFO  worker::batch_maker] Batch SBlG+FMp9OqD4rs4MmzscYkJb7lRCsuL9U6pT/DxPrM= contains sample tx 951
[2026-04-19T03:25:42.311Z INFO  worker::batch_maker] Batch SBlG+FMp9OqD4rs4MmzscYkJb7lRCsuL9U6pT/DxPrM= contains 315904 B
[2026-04-19T03:25:42.366Z INFO  worker::batch_maker] Batch 1oKwpnh2w3lrVuegaRIeJqiW4M74d0H0eax0d9/dywA= contains sample tx 952
[2026-04-19T03:25:42.366Z INFO  worker::batch_maker] Batch 1oKwpnh2w3lrVuegaRIeJqiW4M74d0H0eax0d9/dywA= contains 298496 B
[2026-04-19T03:25:42.420Z INFO  worker::batch_maker] Batch xMW6RsJeRD7RpZOU9Cnl7MNVI4MicxwpcfKNJpdzvMo= contains sample tx 953
[2026-04-19T03:25:42.420Z INFO  worker::batch_maker] Batch xMW6RsJeRD7RpZOU9Cnl7MNVI4MicxwpcfKNJpdzvMo= contains 204800 B
[2026-04-19T03:25:42.471Z INFO  worker::batch_maker] Batch iTXMOua07u9WIR+UXGxbDLa7jVZkD8xqsyAnilepjcg= contains 78848 B
[2026-04-19T03:25:42.574Z INFO  worker::batch_maker] Batch mre6929NXp+udj9gq+NCKuRvUh5VhRLnGoNRpSYozm8= contains sample tx 954
[2026-04-19T03:25:42.574Z INFO  worker::batch_maker] Batch mre6929NXp+udj9gq+NCKuRvUh5VhRLnGoNRpSYozm8= contains sample tx 955
[2026-04-19T03:25:42.574Z INFO  worker::batch_maker] Batch mre6929NXp+udj9gq+NCKuRvUh5VhRLnGoNRpSYozm8= contains sample tx 956
[2026-04-19T03:25:42.574Z INFO  worker::batch_maker] Batch mre6929NXp+udj9gq+NCKuRvUh5VhRLnGoNRpSYozm8= contains 500224 B
[2026-04-19T03:25:42.626Z INFO  worker::batch_maker] Batch KlZ+0bHorBqAjpoLlBAK/LBqeZGyuAKYYRh2+OvCq/s= contains sample tx 957
[2026-04-19T03:25:42.626Z INFO  worker::batch_maker] Batch KlZ+0bHorBqAjpoLlBAK/LBqeZGyuAKYYRh2+OvCq/s= contains 240128 B
[2026-04-19T03:25:42.679Z INFO  worker::batch_maker] Batch 8hZOPl1jFlkNYK39eVMhOZVD3ZYkOCjiso9pxoepzug= contains sample tx 958
[2026-04-19T03:25:42.688Z INFO  worker::batch_maker] Batch 8hZOPl1jFlkNYK39eVMhOZVD3ZYkOCjiso9pxoepzug= contains 204800 B
[2026-04-19T03:25:42.739Z INFO  worker::batch_maker] Batch mdgj7cw5vXM5NoQzveT4v/Cpy7tYuP3rjyHj6u1JI2g= contains sample tx 959
[2026-04-19T03:25:42.739Z INFO  worker::batch_maker] Batch mdgj7cw5vXM5NoQzveT4v/Cpy7tYuP3rjyHj6u1JI2g= contains 204800 B
[2026-04-19T03:25:42.794Z INFO  worker::batch_maker] Batch 7nrbn30rMo2vQfov96PQDFqHctkVNlcQeqU295ixFkQ= contains sample tx 960
[2026-04-19T03:25:42.794Z INFO  worker::batch_maker] Batch 7nrbn30rMo2vQfov96PQDFqHctkVNlcQeqU295ixFkQ= contains 204800 B
[2026-04-19T03:25:42.846Z INFO  worker::batch_maker] Batch 1/Xgi4OfSGMeq92DFBkur0a0j61B9ToOpRiqoD6U9C8= contains sample tx 961
[2026-04-19T03:25:42.846Z INFO  worker::batch_maker] Batch 1/Xgi4OfSGMeq92DFBkur0a0j61B9ToOpRiqoD6U9C8= contains 204800 B
[2026-04-19T03:25:42.898Z INFO  worker::batch_maker] Batch ZPlc9kvdYDQYRqhmCnv0fXQFWMqfade/L1Yyugebg6g= contains sample tx 962
[2026-04-19T03:25:42.898Z INFO  worker::batch_maker] Batch ZPlc9kvdYDQYRqhmCnv0fXQFWMqfade/L1Yyugebg6g= contains 204800 B
[2026-04-19T03:25:42.950Z INFO  worker::batch_maker] Batch n2ENleNCCbF1WYivmx3slO3LFf9A8cxzwh1xALi180U= contains sample tx 963
[2026-04-19T03:25:42.950Z INFO  worker::batch_maker] Batch n2ENleNCCbF1WYivmx3slO3LFf9A8cxzwh1xALi180U= contains 204800 B
[2026-04-19T03:25:43.002Z INFO  worker::batch_maker] Batch wV5GyNVqmgmlo/haLRw/erP0Cysy1VNMdJSyvIqs2W0= contains sample tx 964
[2026-04-19T03:25:43.002Z INFO  worker::batch_maker] Batch wV5GyNVqmgmlo/haLRw/erP0Cysy1VNMdJSyvIqs2W0= contains 204800 B
[2026-04-19T03:25:43.054Z INFO  worker::batch_maker] Batch FNhAmDpT5eNVTo86Idxei0cHK6ZWfFwn2umcJrWSSyo= contains sample tx 965
[2026-04-19T03:25:43.054Z INFO  worker::batch_maker] Batch FNhAmDpT5eNVTo86Idxei0cHK6ZWfFwn2umcJrWSSyo= contains 204800 B
[2026-04-19T03:25:43.107Z INFO  worker::batch_maker] Batch 4NzSUh73JCN9QwNji096kLZU5opuEjcv3Fex02UfsTY= contains sample tx 966
[2026-04-19T03:25:43.107Z INFO  worker::batch_maker] Batch 4NzSUh73JCN9QwNji096kLZU5opuEjcv3Fex02UfsTY= contains 221184 B
[2026-04-19T03:25:43.161Z INFO  worker::batch_maker] Batch pi1AQdThkt5Y+alEt660iJ73vwdgVEuEOC4154vOq7E= contains sample tx 967
[2026-04-19T03:25:43.161Z INFO  worker::batch_maker] Batch pi1AQdThkt5Y+alEt660iJ73vwdgVEuEOC4154vOq7E= contains 215552 B
[2026-04-19T03:25:43.216Z INFO  worker::batch_maker] Batch YdPN6O1s+VHw23zKUkhmlUXj6HAe0EeDhzoa/sTgKeQ= contains sample tx 968
[2026-04-19T03:25:43.216Z INFO  worker::batch_maker] Batch YdPN6O1s+VHw23zKUkhmlUXj6HAe0EeDhzoa/sTgKeQ= contains sample tx 969
[2026-04-19T03:25:43.216Z INFO  worker::batch_maker] Batch YdPN6O1s+VHw23zKUkhmlUXj6HAe0EeDhzoa/sTgKeQ= contains 382464 B
[2026-04-19T03:25:43.270Z INFO  worker::batch_maker] Batch LwLUjL+0q9IT0dOp+vMJmknf1kC8gDLQ4ASaDcKdB0k= contains sample tx 970
[2026-04-19T03:25:43.270Z INFO  worker::batch_maker] Batch LwLUjL+0q9IT0dOp+vMJmknf1kC8gDLQ4ASaDcKdB0k= contains 204800 B
[2026-04-19T03:25:43.324Z INFO  worker::batch_maker] Batch lrssHfAsT3flHUVrA2pt8K44AYePCRlhuYymJxf85MY= contains sample tx 971
[2026-04-19T03:25:43.324Z INFO  worker::batch_maker] Batch lrssHfAsT3flHUVrA2pt8K44AYePCRlhuYymJxf85MY= contains 191488 B
[2026-04-19T03:25:43.377Z INFO  worker::batch_maker] Batch Fcsp+44sQlOyggIF1SZyCvQppeEVff1ErWsXOuRGUw8= contains sample tx 972
[2026-04-19T03:25:43.377Z INFO  worker::batch_maker] Batch Fcsp+44sQlOyggIF1SZyCvQppeEVff1ErWsXOuRGUw8= contains 218112 B
[2026-04-19T03:25:43.430Z INFO  worker::batch_maker] Batch 4wFWHA/kEBU7ci335107JgOAcSd7SIDCuL24fh9jLFg= contains sample tx 973
[2026-04-19T03:25:43.430Z INFO  worker::batch_maker] Batch 4wFWHA/kEBU7ci335107JgOAcSd7SIDCuL24fh9jLFg= contains 204800 B
[2026-04-19T03:25:43.482Z INFO  worker::batch_maker] Batch tIebPNfEEcy73r08B0+ia8AKeOklys64fGh/y18O7k4= contains sample tx 974
[2026-04-19T03:25:43.482Z INFO  worker::batch_maker] Batch tIebPNfEEcy73r08B0+ia8AKeOklys64fGh/y18O7k4= contains 204800 B
[2026-04-19T03:25:43.535Z INFO  worker::batch_maker] Batch CV3hqLzXz3ukVGCIQxJJ5eAYKcvR1A2KfL3NOdBhlTY= contains sample tx 975
[2026-04-19T03:25:43.535Z INFO  worker::batch_maker] Batch CV3hqLzXz3ukVGCIQxJJ5eAYKcvR1A2KfL3NOdBhlTY= contains 204800 B
[2026-04-19T03:25:43.587Z INFO  worker::batch_maker] Batch thhnGQz3fjGV5uim+icaG2sVgdjD5AuiXQYpAuFQb4o= contains sample tx 976
[2026-04-19T03:25:43.587Z INFO  worker::batch_maker] Batch thhnGQz3fjGV5uim+icaG2sVgdjD5AuiXQYpAuFQb4o= contains 204800 B
[2026-04-19T03:25:43.641Z INFO  worker::batch_maker] Batch lN284ll9Fv/VabcJJspqTxBPGTiHcGXHIfwdgGR5hOU= contains sample tx 977
[2026-04-19T03:25:43.641Z INFO  worker::batch_maker] Batch lN284ll9Fv/VabcJJspqTxBPGTiHcGXHIfwdgGR5hOU= contains 204800 B
[2026-04-19T03:25:43.695Z INFO  worker::batch_maker] Batch XMuN3Fq+g2lUFlKi/m4yUe1BjsyLmKyKtjKmosqf75g= contains sample tx 978
[2026-04-19T03:25:43.695Z INFO  worker::batch_maker] Batch XMuN3Fq+g2lUFlKi/m4yUe1BjsyLmKyKtjKmosqf75g= contains 204800 B
[2026-04-19T03:25:43.747Z INFO  worker::batch_maker] Batch jwelKBouDXbnpU2yqZueTQ9UaHpr+VAzTMSBmVNYbFM= contains sample tx 979
[2026-04-19T03:25:43.747Z INFO  worker::batch_maker] Batch jwelKBouDXbnpU2yqZueTQ9UaHpr+VAzTMSBmVNYbFM= contains 204800 B
[2026-04-19T03:25:43.800Z INFO  worker::batch_maker] Batch SsHWkOYTySzW/8deyUmC2qaIZ02KVHqXooy64Pp4R6Y= contains sample tx 980
[2026-04-19T03:25:43.800Z INFO  worker::batch_maker] Batch SsHWkOYTySzW/8deyUmC2qaIZ02KVHqXooy64Pp4R6Y= contains 204800 B
[2026-04-19T03:25:43.854Z INFO  worker::batch_maker] Batch xaeOjkR4CE1b3IuBG2Pg+2t6vVCjtvJPoyH0dZ/8dbE= contains sample tx 981
[2026-04-19T03:25:43.854Z INFO  worker::batch_maker] Batch xaeOjkR4CE1b3IuBG2Pg+2t6vVCjtvJPoyH0dZ/8dbE= contains 204800 B
[2026-04-19T03:25:43.906Z INFO  worker::batch_maker] Batch UAb97Cjf+rLKAVxnM0SeAH1jxgo9Vsud24gWFGCjSCU= contains sample tx 982
[2026-04-19T03:25:43.906Z INFO  worker::batch_maker] Batch UAb97Cjf+rLKAVxnM0SeAH1jxgo9Vsud24gWFGCjSCU= contains 204800 B
[2026-04-19T03:25:43.958Z INFO  worker::batch_maker] Batch uCfn+zroCMFPqrFURheMkQ9+hqakvIlb97oa0VjwF3o= contains sample tx 983
[2026-04-19T03:25:43.958Z INFO  worker::batch_maker] Batch uCfn+zroCMFPqrFURheMkQ9+hqakvIlb97oa0VjwF3o= contains 235008 B
[2026-04-19T03:25:44.013Z INFO  worker::batch_maker] Batch zXwROFl5eVD1N8CMbyjjx7iJvXDzD9n8BLGM9FehE5Y= contains sample tx 984
[2026-04-19T03:25:44.013Z INFO  worker::batch_maker] Batch zXwROFl5eVD1N8CMbyjjx7iJvXDzD9n8BLGM9FehE5Y= contains sample tx 985
[2026-04-19T03:25:44.013Z INFO  worker::batch_maker] Batch zXwROFl5eVD1N8CMbyjjx7iJvXDzD9n8BLGM9FehE5Y= contains 335872 B
[2026-04-19T03:25:44.066Z INFO  worker::batch_maker] Batch 7v8o+kRILm5seUJiGlN9R4J+q8b/YsvTpepXUW3GtsM= contains sample tx 986
[2026-04-19T03:25:44.066Z INFO  worker::batch_maker] Batch 7v8o+kRILm5seUJiGlN9R4J+q8b/YsvTpepXUW3GtsM= contains 248320 B
[2026-04-19T03:25:44.118Z INFO  worker::batch_maker] Batch 1KshsUhWDpGLRkQXZ8chW4nX7is9rhZYLHsd46rkL+M= contains sample tx 987
[2026-04-19T03:25:44.118Z INFO  worker::batch_maker] Batch 1KshsUhWDpGLRkQXZ8chW4nX7is9rhZYLHsd46rkL+M= contains 204800 B
[2026-04-19T03:25:44.172Z INFO  worker::batch_maker] Batch kk0xB3hoXDhNgMx+eP5UyEkTH3wwqCXD6rEKiKmS/2o= contains sample tx 988
[2026-04-19T03:25:44.172Z INFO  worker::batch_maker] Batch kk0xB3hoXDhNgMx+eP5UyEkTH3wwqCXD6rEKiKmS/2o= contains 204800 B
[2026-04-19T03:25:44.224Z INFO  worker::batch_maker] Batch Di0ETPlL//jbBscklQq83E95jd50Hf3e67lXvj5dSEQ= contains sample tx 989
[2026-04-19T03:25:44.224Z INFO  worker::batch_maker] Batch Di0ETPlL//jbBscklQq83E95jd50Hf3e67lXvj5dSEQ= contains 204800 B
[2026-04-19T03:25:44.277Z INFO  worker::batch_maker] Batch 44FHxt2bfjxEz7T6CJwCemtQQBgnR68J8EmAjo547SQ= contains sample tx 990
[2026-04-19T03:25:44.277Z INFO  worker::batch_maker] Batch 44FHxt2bfjxEz7T6CJwCemtQQBgnR68J8EmAjo547SQ= contains 204800 B
[2026-04-19T03:25:44.329Z INFO  worker::batch_maker] Batch NHU/IjI/noE8TNJwR+Ep1N63ksj4wgoJm0VtoZ4sgSs= contains sample tx 991
[2026-04-19T03:25:44.329Z INFO  worker::batch_maker] Batch NHU/IjI/noE8TNJwR+Ep1N63ksj4wgoJm0VtoZ4sgSs= contains 204800 B
[2026-04-19T03:25:44.382Z INFO  worker::batch_maker] Batch 9ayP4hFEgTs4o/2ipPazRpyovBUfgwU7Xtdv7FFP6PU= contains sample tx 992
[2026-04-19T03:25:44.382Z INFO  worker::batch_maker] Batch 9ayP4hFEgTs4o/2ipPazRpyovBUfgwU7Xtdv7FFP6PU= contains 204800 B
[2026-04-19T03:25:44.435Z INFO  worker::batch_maker] Batch WytG4luKgIDCzjUdf76atSLGJhxu0GLG85l8ilK8bDw= contains sample tx 993
[2026-04-19T03:25:44.435Z INFO  worker::batch_maker] Batch WytG4luKgIDCzjUdf76atSLGJhxu0GLG85l8ilK8bDw= contains 204800 B
[2026-04-19T03:25:44.489Z INFO  worker::batch_maker] Batch IgfueXOUJ6Ccqai2w+eSQVw1N1B8q4QqtfDSB7Qa1ok= contains sample tx 994
[2026-04-19T03:25:44.489Z INFO  worker::batch_maker] Batch IgfueXOUJ6Ccqai2w+eSQVw1N1B8q4QqtfDSB7Qa1ok= contains 204800 B
[2026-04-19T03:25:44.543Z INFO  worker::batch_maker] Batch fqOtR4YN0mBsA53TNxnWct8Hhd6UL76g9dqS7nWQf6k= contains sample tx 995
[2026-04-19T03:25:44.543Z INFO  worker::batch_maker] Batch fqOtR4YN0mBsA53TNxnWct8Hhd6UL76g9dqS7nWQf6k= contains 204800 B
[2026-04-19T03:25:44.596Z INFO  worker::batch_maker] Batch oJalOkmF8F2sNvuM28XdNKEqLAxigkM1lHEMrxnuuUY= contains sample tx 996
[2026-04-19T03:25:44.596Z INFO  worker::batch_maker] Batch oJalOkmF8F2sNvuM28XdNKEqLAxigkM1lHEMrxnuuUY= contains 204800 B
[2026-04-19T03:25:44.648Z INFO  worker::batch_maker] Batch UXYXmcF4fCbpnzNN3Kf6qEc/9XzpSRndePyMylOqpRk= contains sample tx 997
[2026-04-19T03:25:44.648Z INFO  worker::batch_maker] Batch UXYXmcF4fCbpnzNN3Kf6qEc/9XzpSRndePyMylOqpRk= contains 204800 B
[2026-04-19T03:25:44.701Z INFO  worker::batch_maker] Batch uBsECmdYTwM2tV1wAipcxNik8qwVzGRRcFK9z4dH6mI= contains sample tx 998
[2026-04-19T03:25:44.701Z INFO  worker::batch_maker] Batch uBsECmdYTwM2tV1wAipcxNik8qwVzGRRcFK9z4dH6mI= contains 204800 B
[2026-04-19T03:25:44.756Z INFO  worker::batch_maker] Batch OPD8ocZ4Jx4Lh2UkObmBQKaLhCfGhFPK7oAEoraieIs= contains sample tx 999
[2026-04-19T03:25:44.756Z INFO  worker::batch_maker] Batch OPD8ocZ4Jx4Lh2UkObmBQKaLhCfGhFPK7oAEoraieIs= contains 204800 B
[2026-04-19T03:25:44.809Z INFO  worker::batch_maker] Batch DT/Zx5i9F7h00pPqQMTfSqYpG1cdCDqSimW+5NM+E84= contains sample tx 1000
[2026-04-19T03:25:44.810Z INFO  worker::batch_maker] Batch DT/Zx5i9F7h00pPqQMTfSqYpG1cdCDqSimW+5NM+E84= contains 278528 B
[2026-04-19T03:25:44.863Z INFO  worker::batch_maker] Batch vEvIfEVnqsFHoi2NkLTrBxjNqTOtWXOiPYnkCYHoH+U= contains sample tx 1001
[2026-04-19T03:25:44.864Z INFO  worker::batch_maker] Batch vEvIfEVnqsFHoi2NkLTrBxjNqTOtWXOiPYnkCYHoH+U= contains sample tx 1002
[2026-04-19T03:25:44.864Z INFO  worker::batch_maker] Batch vEvIfEVnqsFHoi2NkLTrBxjNqTOtWXOiPYnkCYHoH+U= contains 335872 B
[2026-04-19T03:25:44.916Z INFO  worker::batch_maker] Batch KtKB0HBla0KsA41fqiJD4xoYRsGG3haOdNBomqZfS0E= contains sample tx 1003
[2026-04-19T03:25:44.916Z INFO  worker::batch_maker] Batch KtKB0HBla0KsA41fqiJD4xoYRsGG3haOdNBomqZfS0E= contains 204800 B
[2026-04-19T03:25:44.969Z INFO  worker::batch_maker] Batch NvGUB4L+4mPyer0CD8+9/J18wSd4iNO1g06I1mYVp4M= contains sample tx 1004
[2026-04-19T03:25:44.969Z INFO  worker::batch_maker] Batch NvGUB4L+4mPyer0CD8+9/J18wSd4iNO1g06I1mYVp4M= contains 204800 B
[2026-04-19T03:25:45.020Z INFO  worker::batch_maker] Batch uTHIkD7DqHYznYvw6roOIlo0D78vXsPo23A0aC+Xf9g= contains sample tx 1005
[2026-04-19T03:25:45.020Z INFO  worker::batch_maker] Batch uTHIkD7DqHYznYvw6roOIlo0D78vXsPo23A0aC+Xf9g= contains 204800 B
[2026-04-19T03:25:45.072Z INFO  worker::batch_maker] Batch 4VLlmdH5qrWbBvgFbseqeuTlEl2fHj4AnehuoMvo570= contains sample tx 1006
[2026-04-19T03:25:45.072Z INFO  worker::batch_maker] Batch 4VLlmdH5qrWbBvgFbseqeuTlEl2fHj4AnehuoMvo570= contains 204800 B
[2026-04-19T03:25:45.124Z INFO  worker::batch_maker] Batch ua4Slq/JdN7g5DvFxaDlgYu2xSuMtovyosOyfebFaEg= contains sample tx 1007
[2026-04-19T03:25:45.124Z INFO  worker::batch_maker] Batch ua4Slq/JdN7g5DvFxaDlgYu2xSuMtovyosOyfebFaEg= contains 204800 B
[2026-04-19T03:25:45.176Z INFO  worker::batch_maker] Batch RF28lFk11+uMKPPf9DPfU5aWDmaFKGa1+3DGiWy4V2k= contains sample tx 1008
[2026-04-19T03:25:45.176Z INFO  worker::batch_maker] Batch RF28lFk11+uMKPPf9DPfU5aWDmaFKGa1+3DGiWy4V2k= contains 204800 B
[2026-04-19T03:25:45.232Z INFO  worker::batch_maker] Batch 6Nm23cBA1nNrVymiCJCCEuaxt9kR+mbH22loRJ6YL4g= contains sample tx 1009
[2026-04-19T03:25:45.232Z INFO  worker::batch_maker] Batch 6Nm23cBA1nNrVymiCJCCEuaxt9kR+mbH22loRJ6YL4g= contains 204800 B
[2026-04-19T03:25:45.284Z INFO  worker::batch_maker] Batch +Zsvp/WJWGPqtjWKNsCU9lANWFPuWfUT7wj3/mI1eeU= contains sample tx 1010
[2026-04-19T03:25:45.284Z INFO  worker::batch_maker] Batch +Zsvp/WJWGPqtjWKNsCU9lANWFPuWfUT7wj3/mI1eeU= contains 204800 B
[2026-04-19T03:25:45.338Z INFO  worker::batch_maker] Batch 13biwCix4i4u8t+llwiMI52KY7Xn1ONnkoDuiNPn1ww= contains sample tx 1011
[2026-04-19T03:25:45.338Z INFO  worker::batch_maker] Batch 13biwCix4i4u8t+llwiMI52KY7Xn1ONnkoDuiNPn1ww= contains 204800 B
[2026-04-19T03:25:45.394Z INFO  worker::batch_maker] Batch njNHfQ4oU+kFXJC04NNIrI7iAWh7ZZO6/cVibW7URfI= contains sample tx 1012
[2026-04-19T03:25:45.394Z INFO  worker::batch_maker] Batch njNHfQ4oU+kFXJC04NNIrI7iAWh7ZZO6/cVibW7URfI= contains 204800 B
[2026-04-19T03:25:45.447Z INFO  worker::batch_maker] Batch 155+dJbMAApvqMiK2zxRwZmqECnn7hJmWbPVEKti4zE= contains sample tx 1013
[2026-04-19T03:25:45.447Z INFO  worker::batch_maker] Batch 155+dJbMAApvqMiK2zxRwZmqECnn7hJmWbPVEKti4zE= contains 204800 B
[2026-04-19T03:25:45.499Z INFO  worker::batch_maker] Batch DCKzuGmxwiHUUqjYgzM73KCH8o5TxFk93e91AYLP3kU= contains sample tx 1014
[2026-04-19T03:25:45.499Z INFO  worker::batch_maker] Batch DCKzuGmxwiHUUqjYgzM73KCH8o5TxFk93e91AYLP3kU= contains 204800 B
[2026-04-19T03:25:45.551Z INFO  worker::batch_maker] Batch TH4WjfGbUG7zW+1IxQwRNCbGcKkHru8LI4MEZ04rQM8= contains sample tx 1015
[2026-04-19T03:25:45.551Z INFO  worker::batch_maker] Batch TH4WjfGbUG7zW+1IxQwRNCbGcKkHru8LI4MEZ04rQM8= contains 204800 B
[2026-04-19T03:25:45.603Z INFO  worker::batch_maker] Batch ai4mD5KXrTfnjMPi4iWs+GyaX/6TEBqehnC7oOavmyo= contains sample tx 1016
[2026-04-19T03:25:45.603Z INFO  worker::batch_maker] Batch ai4mD5KXrTfnjMPi4iWs+GyaX/6TEBqehnC7oOavmyo= contains 204800 B
[2026-04-19T03:25:45.655Z INFO  worker::batch_maker] Batch WNiSu96BDqH6lZr/yDLPxkgRm6G0HZJeJEfhf/IGhuk= contains sample tx 1017
[2026-04-19T03:25:45.655Z INFO  worker::batch_maker] Batch WNiSu96BDqH6lZr/yDLPxkgRm6G0HZJeJEfhf/IGhuk= contains 204800 B
[2026-04-19T03:25:45.707Z INFO  worker::batch_maker] Batch 8+pka3qxJ8Z9ijoYXSp3T/9Hol8prOvTZ8yi4bSCqj8= contains sample tx 1018
[2026-04-19T03:25:45.707Z INFO  worker::batch_maker] Batch 8+pka3qxJ8Z9ijoYXSp3T/9Hol8prOvTZ8yi4bSCqj8= contains sample tx 1019
[2026-04-19T03:25:45.707Z INFO  worker::batch_maker] Batch 8+pka3qxJ8Z9ijoYXSp3T/9Hol8prOvTZ8yi4bSCqj8= contains 381952 B
[2026-04-19T03:25:45.760Z INFO  worker::batch_maker] Batch 5cki4/ugSdfRIq8WPicl9/knDEba/kLKiI+O/3dqTfE= contains sample tx 1020
[2026-04-19T03:25:45.760Z INFO  worker::batch_maker] Batch 5cki4/ugSdfRIq8WPicl9/knDEba/kLKiI+O/3dqTfE= contains 232448 B
[2026-04-19T03:25:45.812Z INFO  worker::batch_maker] Batch lxvF5+/EEiZ7e5pPasDPkTUp9tu/oliNG0Eu2omcg7E= contains sample tx 1021
[2026-04-19T03:25:45.812Z INFO  worker::batch_maker] Batch lxvF5+/EEiZ7e5pPasDPkTUp9tu/oliNG0Eu2omcg7E= contains 178688 B
[2026-04-19T03:25:45.864Z INFO  worker::batch_maker] Batch oShIAwsYn4vCanXhXpiK2iPaWeHgpQPIBQ7s5D5uvA0= contains sample tx 1022
[2026-04-19T03:25:45.864Z INFO  worker::batch_maker] Batch oShIAwsYn4vCanXhXpiK2iPaWeHgpQPIBQ7s5D5uvA0= contains 230912 B
[2026-04-19T03:25:45.918Z INFO  worker::batch_maker] Batch rHiP+YtdTtrKYcLxJGLggYVlxwgZ3RjO6/qah7Vxa14= contains sample tx 1023
[2026-04-19T03:25:45.918Z INFO  worker::batch_maker] Batch rHiP+YtdTtrKYcLxJGLggYVlxwgZ3RjO6/qah7Vxa14= contains 204800 B
[2026-04-19T03:25:45.972Z INFO  worker::batch_maker] Batch Xa01cPfS0AtyuztxcW8pEdmbK+9QZmX9Nj8CD7MECg0= contains sample tx 1024
[2026-04-19T03:25:45.972Z INFO  worker::batch_maker] Batch Xa01cPfS0AtyuztxcW8pEdmbK+9QZmX9Nj8CD7MECg0= contains 204800 B
[2026-04-19T03:25:46.025Z INFO  worker::batch_maker] Batch zuZW0JzN4LuvklOrO5XbBsHyYKFcgc3KOYKf+kAJnB4= contains sample tx 1025
[2026-04-19T03:25:46.025Z INFO  worker::batch_maker] Batch zuZW0JzN4LuvklOrO5XbBsHyYKFcgc3KOYKf+kAJnB4= contains 204800 B
[2026-04-19T03:25:46.078Z INFO  worker::batch_maker] Batch k05BESEWWJF6pMkROp9/+cNLSbXozlUVhJckZtpNFY4= contains sample tx 1026
[2026-04-19T03:25:46.078Z INFO  worker::batch_maker] Batch k05BESEWWJF6pMkROp9/+cNLSbXozlUVhJckZtpNFY4= contains 204800 B
[2026-04-19T03:25:46.130Z INFO  worker::batch_maker] Batch Q/sPuZbS3mYjPvCWZ1uwsTo5T2T+pBZrVtmLYlFKFKg= contains sample tx 1027
[2026-04-19T03:25:46.130Z INFO  worker::batch_maker] Batch Q/sPuZbS3mYjPvCWZ1uwsTo5T2T+pBZrVtmLYlFKFKg= contains 204800 B
[2026-04-19T03:25:46.184Z INFO  worker::batch_maker] Batch kmDKDzPxT5nnFIbiWNwIOdiUw8FXWkFHaY0A8AD1jHE= contains sample tx 1028
[2026-04-19T03:25:46.184Z INFO  worker::batch_maker] Batch kmDKDzPxT5nnFIbiWNwIOdiUw8FXWkFHaY0A8AD1jHE= contains 204800 B
[2026-04-19T03:25:46.236Z INFO  worker::batch_maker] Batch EbMeZ2lA2WtGdqIgg3DsGJqsvM2JbKd87R1YDNTDuPQ= contains sample tx 1029
[2026-04-19T03:25:46.236Z INFO  worker::batch_maker] Batch EbMeZ2lA2WtGdqIgg3DsGJqsvM2JbKd87R1YDNTDuPQ= contains 204800 B
[2026-04-19T03:25:46.289Z INFO  worker::batch_maker] Batch AcQ8jamgX6EHs1ODReCanJPlSMTbaluD/XQsVYBrcKQ= contains sample tx 1030
[2026-04-19T03:25:46.289Z INFO  worker::batch_maker] Batch AcQ8jamgX6EHs1ODReCanJPlSMTbaluD/XQsVYBrcKQ= contains 204800 B
[2026-04-19T03:25:46.342Z INFO  worker::batch_maker] Batch XEh/bNx2aQOxF4QfsXSLj1ERgaqUGQtkZGAaj4cYUW4= contains sample tx 1031
[2026-04-19T03:25:46.342Z INFO  worker::batch_maker] Batch XEh/bNx2aQOxF4QfsXSLj1ERgaqUGQtkZGAaj4cYUW4= contains 204800 B
[2026-04-19T03:25:46.394Z INFO  worker::batch_maker] Batch xq13RD4Y4LT8SA8No1g9R+v07A1/BkMZ9tn2748lBZ8= contains sample tx 1032
[2026-04-19T03:25:46.394Z INFO  worker::batch_maker] Batch xq13RD4Y4LT8SA8No1g9R+v07A1/BkMZ9tn2748lBZ8= contains 204800 B
[2026-04-19T03:25:46.447Z INFO  worker::batch_maker] Batch Tnu0+ZJ3f3iu2xu6JzlBb1UQ3luvSPaRDnBH+nVbVls= contains sample tx 1033
[2026-04-19T03:25:46.447Z INFO  worker::batch_maker] Batch Tnu0+ZJ3f3iu2xu6JzlBb1UQ3luvSPaRDnBH+nVbVls= contains 204800 B
[2026-04-19T03:25:46.499Z INFO  worker::batch_maker] Batch AOrLmTfFoUNBZh2ysLbXh9rIP8bfFnD1Z4SzxYrWlW0= contains sample tx 1034
[2026-04-19T03:25:46.499Z INFO  worker::batch_maker] Batch AOrLmTfFoUNBZh2ysLbXh9rIP8bfFnD1Z4SzxYrWlW0= contains 204800 B
[2026-04-19T03:25:46.551Z INFO  worker::batch_maker] Batch 0qVpxIGHn32Akod5DzLxDva5vI3R41PSQixwv//ohaw= contains sample tx 1035
[2026-04-19T03:25:46.551Z INFO  worker::batch_maker] Batch 0qVpxIGHn32Akod5DzLxDva5vI3R41PSQixwv//ohaw= contains 204800 B
[2026-04-19T03:25:46.606Z INFO  worker::batch_maker] Batch Iwe+tTPtv7QDaVGEAMEneDFcSBbC0HePfnRU4mf6PA0= contains sample tx 1036
[2026-04-19T03:25:46.606Z INFO  worker::batch_maker] Batch Iwe+tTPtv7QDaVGEAMEneDFcSBbC0HePfnRU4mf6PA0= contains 204800 B
[2026-04-19T03:25:46.660Z INFO  worker::batch_maker] Batch iCpGz2bw5hasiSqa48WPGFyUMFIqqVj2dp0W3SgG+qY= contains sample tx 1037
[2026-04-19T03:25:46.660Z INFO  worker::batch_maker] Batch iCpGz2bw5hasiSqa48WPGFyUMFIqqVj2dp0W3SgG+qY= contains 236032 B
[2026-04-19T03:25:46.715Z INFO  worker::batch_maker] Batch qsL36/Ju43DqNVSE0YbhWZdy0iFBN+eOALMAhRGhHMY= contains sample tx 1038
[2026-04-19T03:25:46.715Z INFO  worker::batch_maker] Batch qsL36/Ju43DqNVSE0YbhWZdy0iFBN+eOALMAhRGhHMY= contains sample tx 1039
[2026-04-19T03:25:46.715Z INFO  worker::batch_maker] Batch qsL36/Ju43DqNVSE0YbhWZdy0iFBN+eOALMAhRGhHMY= contains 378368 B
[2026-04-19T03:25:46.768Z INFO  worker::batch_maker] Batch u3BkCMYskJDmcAwo0v9JwW+IDmnlwfoa1zI7YxHS7rQ= contains sample tx 1040
[2026-04-19T03:25:46.768Z INFO  worker::batch_maker] Batch u3BkCMYskJDmcAwo0v9JwW+IDmnlwfoa1zI7YxHS7rQ= contains 204800 B
[2026-04-19T03:25:46.820Z INFO  worker::batch_maker] Batch wZD+JMzesk79KTT3UJYEQxWanwJhSM2k4h3V3p5yyrc= contains sample tx 1041
[2026-04-19T03:25:46.820Z INFO  worker::batch_maker] Batch wZD+JMzesk79KTT3UJYEQxWanwJhSM2k4h3V3p5yyrc= contains 204800 B
[2026-04-19T03:25:46.874Z INFO  worker::batch_maker] Batch uFfitzim1cQLIKPKQWJTlENKwj4XhB72IrVilw1LsZs= contains sample tx 1042
[2026-04-19T03:25:46.874Z INFO  worker::batch_maker] Batch uFfitzim1cQLIKPKQWJTlENKwj4XhB72IrVilw1LsZs= contains 204800 B
[2026-04-19T03:25:46.925Z INFO  worker::batch_maker] Batch RYXLBfdoXZoQ2XhKBbgLiChW3Xd60nFJvjKJHppwHac= contains sample tx 1043
[2026-04-19T03:25:46.925Z INFO  worker::batch_maker] Batch RYXLBfdoXZoQ2XhKBbgLiChW3Xd60nFJvjKJHppwHac= contains 204800 B
[2026-04-19T03:25:46.978Z INFO  worker::batch_maker] Batch gylJUCPlKWSkuaekEFzGqD3+epXwPH39lBsRE38WqCQ= contains sample tx 1044
[2026-04-19T03:25:46.978Z INFO  worker::batch_maker] Batch gylJUCPlKWSkuaekEFzGqD3+epXwPH39lBsRE38WqCQ= contains 204800 B
[2026-04-19T03:25:47.031Z INFO  worker::batch_maker] Batch rcH6Y+WDtyosKIfzrDr+b7RLSgWtNg1y3FstG2jEoEs= contains sample tx 1045
[2026-04-19T03:25:47.031Z INFO  worker::batch_maker] Batch rcH6Y+WDtyosKIfzrDr+b7RLSgWtNg1y3FstG2jEoEs= contains 204800 B
[2026-04-19T03:25:47.084Z INFO  worker::batch_maker] Batch uq6vwovBVPC2xAAQdsVIG7DDZIq1QemPh898clIgke8= contains sample tx 1046
[2026-04-19T03:25:47.084Z INFO  worker::batch_maker] Batch uq6vwovBVPC2xAAQdsVIG7DDZIq1QemPh898clIgke8= contains 204800 B
[2026-04-19T03:25:47.136Z INFO  worker::batch_maker] Batch L8CiLaUXOcnHpffyXyLS3bZCtzXg6pveOBVGyfHURGA= contains sample tx 1047
[2026-04-19T03:25:47.136Z INFO  worker::batch_maker] Batch L8CiLaUXOcnHpffyXyLS3bZCtzXg6pveOBVGyfHURGA= contains 204800 B
[2026-04-19T03:25:47.189Z INFO  worker::batch_maker] Batch e/JAgM6fTX1aMhn+qnIEenIT1+7nC9GoS+8aBXpON34= contains sample tx 1048
[2026-04-19T03:25:47.189Z INFO  worker::batch_maker] Batch e/JAgM6fTX1aMhn+qnIEenIT1+7nC9GoS+8aBXpON34= contains 204800 B
[2026-04-19T03:25:47.240Z INFO  worker::batch_maker] Batch UG+oxcLGW8IUU9Iq1RTo0pC+Ff+H9qG639uVXDvLa1o= contains sample tx 1049
[2026-04-19T03:25:47.240Z INFO  worker::batch_maker] Batch UG+oxcLGW8IUU9Iq1RTo0pC+Ff+H9qG639uVXDvLa1o= contains 204800 B
[2026-04-19T03:25:47.292Z INFO  worker::batch_maker] Batch YW8mSNGr35JbIZvHVqvHBslP3vCKJ0Boj1Y4H1dmUCQ= contains sample tx 1050
[2026-04-19T03:25:47.292Z INFO  worker::batch_maker] Batch YW8mSNGr35JbIZvHVqvHBslP3vCKJ0Boj1Y4H1dmUCQ= contains 204800 B
[2026-04-19T03:25:47.346Z INFO  worker::batch_maker] Batch bVc8AXq5hvwyOUpialWWvKTXKadjRR4XDzHXpZpAQr4= contains sample tx 1051
[2026-04-19T03:25:47.346Z INFO  worker::batch_maker] Batch bVc8AXq5hvwyOUpialWWvKTXKadjRR4XDzHXpZpAQr4= contains 204800 B
[2026-04-19T03:25:47.398Z INFO  worker::batch_maker] Batch jkLb4PVV2nFOvNFQ9AvIBK33vj1VM7Zd8Gbclmi5EOk= contains sample tx 1052
[2026-04-19T03:25:47.398Z INFO  worker::batch_maker] Batch jkLb4PVV2nFOvNFQ9AvIBK33vj1VM7Zd8Gbclmi5EOk= contains 204800 B
[2026-04-19T03:25:47.450Z INFO  worker::batch_maker] Batch JyutmabT2heOJ/+1GDKueoG/+oiPdAVb3ICMObaJcPs= contains sample tx 1053
[2026-04-19T03:25:47.450Z INFO  worker::batch_maker] Batch JyutmabT2heOJ/+1GDKueoG/+oiPdAVb3ICMObaJcPs= contains 204800 B
[2026-04-19T03:25:47.503Z INFO  worker::batch_maker] Batch RPAdL4IXZnZmVgrk9g7h578h4oqDTw75gkJSAArCM+4= contains sample tx 1054
[2026-04-19T03:25:47.503Z INFO  worker::batch_maker] Batch RPAdL4IXZnZmVgrk9g7h578h4oqDTw75gkJSAArCM+4= contains 204800 B
[2026-04-19T03:25:47.555Z INFO  worker::batch_maker] Batch pr/dM1eSJK/2ViJlnFC+Li+f99L/zSQTMESRgdUP+4w= contains sample tx 1055
[2026-04-19T03:25:47.555Z INFO  worker::batch_maker] Batch pr/dM1eSJK/2ViJlnFC+Li+f99L/zSQTMESRgdUP+4w= contains 204800 B
[2026-04-19T03:25:47.608Z INFO  worker::batch_maker] Batch sVXTucc1h9rGzYhew3jBbcbHrEyREjQ4tk/Qo7+2cS8= contains sample tx 1056
[2026-04-19T03:25:47.608Z INFO  worker::batch_maker] Batch sVXTucc1h9rGzYhew3jBbcbHrEyREjQ4tk/Qo7+2cS8= contains 262144 B
[2026-04-19T03:25:47.663Z INFO  worker::batch_maker] Batch 3Son7yorgYftDnQn8rl2MIlkWssrXXHEpTwTb+jjUng= contains sample tx 1057
[2026-04-19T03:25:47.663Z INFO  worker::batch_maker] Batch 3Son7yorgYftDnQn8rl2MIlkWssrXXHEpTwTb+jjUng= contains 279552 B
[2026-04-19T03:25:47.717Z INFO  worker::batch_maker] Batch mtfxPXy5J861sLXL7Sc5P3nVYzFuZ9c5WrephFo9kpg= contains sample tx 1058
[2026-04-19T03:25:47.717Z INFO  worker::batch_maker] Batch mtfxPXy5J861sLXL7Sc5P3nVYzFuZ9c5WrephFo9kpg= contains sample tx 1059
[2026-04-19T03:25:47.717Z INFO  worker::batch_maker] Batch mtfxPXy5J861sLXL7Sc5P3nVYzFuZ9c5WrephFo9kpg= contains 277504 B
[2026-04-19T03:25:47.769Z INFO  worker::batch_maker] Batch uCzMTT4+LJjwE0beOh2r6ScF1PyvqzTRiG+7PX0zSC4= contains 133120 B
[2026-04-19T03:25:47.828Z INFO  worker::batch_maker] Batch jVVzvlWpv4HRP8/Gpf2S7QsLYc5VNIzQlsTszCNQMY4= contains sample tx 1060
[2026-04-19T03:25:47.828Z INFO  worker::batch_maker] Batch jVVzvlWpv4HRP8/Gpf2S7QsLYc5VNIzQlsTszCNQMY4= contains sample tx 1061
[2026-04-19T03:25:47.828Z INFO  worker::batch_maker] Batch jVVzvlWpv4HRP8/Gpf2S7QsLYc5VNIzQlsTszCNQMY4= contains 276480 B
[2026-04-19T03:25:47.880Z INFO  worker::batch_maker] Batch gcmuHH2LIyp6MIPZhHvrF5Rfna6OUtd5ECJvs1GmOj4= contains sample tx 1062
[2026-04-19T03:25:47.880Z INFO  worker::batch_maker] Batch gcmuHH2LIyp6MIPZhHvrF5Rfna6OUtd5ECJvs1GmOj4= contains 204800 B
[2026-04-19T03:25:47.932Z INFO  worker::batch_maker] Batch F5FYnvnDp9gGLFs0Z27Qv2/RPNLXpnqPmzohOQqYm5k= contains sample tx 1063
[2026-04-19T03:25:47.932Z INFO  worker::batch_maker] Batch F5FYnvnDp9gGLFs0Z27Qv2/RPNLXpnqPmzohOQqYm5k= contains 204800 B
[2026-04-19T03:25:47.984Z INFO  worker::batch_maker] Batch E87tM3W6FXBJGYRDaHNq6Hvyk/SHg1CjRffjonzOmGg= contains sample tx 1064
[2026-04-19T03:25:47.984Z INFO  worker::batch_maker] Batch E87tM3W6FXBJGYRDaHNq6Hvyk/SHg1CjRffjonzOmGg= contains 204800 B
[2026-04-19T03:25:48.036Z INFO  worker::batch_maker] Batch 6Geb0if1+I41Kr0mOZfLpEAa8tVwgncIqJy7x/cxXQg= contains sample tx 1065
[2026-04-19T03:25:48.036Z INFO  worker::batch_maker] Batch 6Geb0if1+I41Kr0mOZfLpEAa8tVwgncIqJy7x/cxXQg= contains 204800 B
[2026-04-19T03:25:48.090Z INFO  worker::batch_maker] Batch 4dRlEzGTsTg/fiKCQxBhPUsmzKt9xnfw+y1Oin61HV8= contains sample tx 1066
[2026-04-19T03:25:48.090Z INFO  worker::batch_maker] Batch 4dRlEzGTsTg/fiKCQxBhPUsmzKt9xnfw+y1Oin61HV8= contains 204800 B
[2026-04-19T03:25:48.143Z INFO  worker::batch_maker] Batch 5bmjt/qK8Ty87YiXtkhX4x5Ek3BtBsHLO2JEUn4IJ24= contains sample tx 1067
[2026-04-19T03:25:48.143Z INFO  worker::batch_maker] Batch 5bmjt/qK8Ty87YiXtkhX4x5Ek3BtBsHLO2JEUn4IJ24= contains 204800 B
[2026-04-19T03:25:48.196Z INFO  worker::batch_maker] Batch d/Sj0v59VBjNEMA8jI3onNDh0DG70Fa+wKfSekU7ftU= contains sample tx 1068
[2026-04-19T03:25:48.197Z INFO  worker::batch_maker] Batch d/Sj0v59VBjNEMA8jI3onNDh0DG70Fa+wKfSekU7ftU= contains 204800 B
[2026-04-19T03:25:48.249Z INFO  worker::batch_maker] Batch +LW5AOII/Sjl2Ksp3K4YsvK8NDlqp478QlGn0yRhaOY= contains sample tx 1069
[2026-04-19T03:25:48.249Z INFO  worker::batch_maker] Batch +LW5AOII/Sjl2Ksp3K4YsvK8NDlqp478QlGn0yRhaOY= contains 204800 B
[2026-04-19T03:25:48.303Z INFO  worker::batch_maker] Batch CCPlJNF//3fNVORe+9Y0hZ3ASzL7w4a5kAG1hmFACkQ= contains sample tx 1070
[2026-04-19T03:25:48.303Z INFO  worker::batch_maker] Batch CCPlJNF//3fNVORe+9Y0hZ3ASzL7w4a5kAG1hmFACkQ= contains 204800 B
[2026-04-19T03:25:48.356Z INFO  worker::batch_maker] Batch 1uF6lmSKMJH9mbuynZ/dSVi2s6Ew9OKgBuFvyhUO2xw= contains sample tx 1071
[2026-04-19T03:25:48.356Z INFO  worker::batch_maker] Batch 1uF6lmSKMJH9mbuynZ/dSVi2s6Ew9OKgBuFvyhUO2xw= contains 204800 B
[2026-04-19T03:25:48.411Z INFO  worker::batch_maker] Batch oJLlBjoNqB5GJnCCe13sypN7fnRCORH+VVIjZzVAWP8= contains sample tx 1072
[2026-04-19T03:25:48.411Z INFO  worker::batch_maker] Batch oJLlBjoNqB5GJnCCe13sypN7fnRCORH+VVIjZzVAWP8= contains sample tx 1073
[2026-04-19T03:25:48.411Z INFO  worker::batch_maker] Batch oJLlBjoNqB5GJnCCe13sypN7fnRCORH+VVIjZzVAWP8= contains 409600 B
[2026-04-19T03:25:48.466Z INFO  worker::batch_maker] Batch Qw9Nr1EGAR1hSiyDQo2XEAoCa4HP7nVwT9Hr8Hz5jbE= contains sample tx 1074
[2026-04-19T03:25:48.466Z INFO  worker::batch_maker] Batch Qw9Nr1EGAR1hSiyDQo2XEAoCa4HP7nVwT9Hr8Hz5jbE= contains 204800 B
[2026-04-19T03:25:48.518Z INFO  worker::batch_maker] Batch W/bpWNkvrXYrqBUQfxTiFfZDlnwWvbluLNuVinQ+xCo= contains sample tx 1075
[2026-04-19T03:25:48.518Z INFO  worker::batch_maker] Batch W/bpWNkvrXYrqBUQfxTiFfZDlnwWvbluLNuVinQ+xCo= contains 204800 B
[2026-04-19T03:25:48.572Z INFO  worker::batch_maker] Batch +4FBBvCMk28QXrjB2sgv7xashbjQZSNGPiG306wxtN4= contains sample tx 1076
[2026-04-19T03:25:48.572Z INFO  worker::batch_maker] Batch +4FBBvCMk28QXrjB2sgv7xashbjQZSNGPiG306wxtN4= contains 204800 B
[2026-04-19T03:25:48.626Z INFO  worker::batch_maker] Batch /Da4qv4Y688rZTnkHVCg4/z3jzCwvGL5M40T5JAaBus= contains sample tx 1077
[2026-04-19T03:25:48.626Z INFO  worker::batch_maker] Batch /Da4qv4Y688rZTnkHVCg4/z3jzCwvGL5M40T5JAaBus= contains 204800 B
[2026-04-19T03:25:48.679Z INFO  worker::batch_maker] Batch 1gtfqi4KTGiQNdiYWQS9odt8HiboFPactOz36q8g3W8= contains sample tx 1078
[2026-04-19T03:25:48.679Z INFO  worker::batch_maker] Batch 1gtfqi4KTGiQNdiYWQS9odt8HiboFPactOz36q8g3W8= contains 204800 B
[2026-04-19T03:25:48.733Z INFO  worker::batch_maker] Batch f6RDajD+YI/WAAYYsOkUeWy9vgniJ/ILfdlUKTx+BBE= contains sample tx 1079
[2026-04-19T03:25:48.733Z INFO  worker::batch_maker] Batch f6RDajD+YI/WAAYYsOkUeWy9vgniJ/ILfdlUKTx+BBE= contains 204800 B
[2026-04-19T03:25:48.786Z INFO  worker::batch_maker] Batch gVtdcI90ZXUwIEHf0LTp+Wan+8HtLenrt7DQh5FcnGk= contains sample tx 1080
[2026-04-19T03:25:48.786Z INFO  worker::batch_maker] Batch gVtdcI90ZXUwIEHf0LTp+Wan+8HtLenrt7DQh5FcnGk= contains 204800 B
[2026-04-19T03:25:48.839Z INFO  worker::batch_maker] Batch kS6AIv+y0M4/80MvENXLWGZJEdRkmDXpaNaseEj4pAs= contains sample tx 1081
[2026-04-19T03:25:48.839Z INFO  worker::batch_maker] Batch kS6AIv+y0M4/80MvENXLWGZJEdRkmDXpaNaseEj4pAs= contains 204800 B
[2026-04-19T03:25:48.892Z INFO  worker::batch_maker] Batch WpNQJ9507NAeGWSFIz2t2RGD0M1lhnhMEDI/qpG8ECM= contains sample tx 1082
[2026-04-19T03:25:48.892Z INFO  worker::batch_maker] Batch WpNQJ9507NAeGWSFIz2t2RGD0M1lhnhMEDI/qpG8ECM= contains 204800 B
[2026-04-19T03:25:48.946Z INFO  worker::batch_maker] Batch Ct+JvGkWF87z/b3T8GDXJo0X60+/w+m3FRa87viC0e4= contains sample tx 1083
[2026-04-19T03:25:48.946Z INFO  worker::batch_maker] Batch Ct+JvGkWF87z/b3T8GDXJo0X60+/w+m3FRa87viC0e4= contains 204800 B
[2026-04-19T03:25:48.999Z INFO  worker::batch_maker] Batch /AuSCuDPun48mfVET2Jzj5KE7Yg7g11ezV2BF/Hqy/8= contains sample tx 1084
[2026-04-19T03:25:48.999Z INFO  worker::batch_maker] Batch /AuSCuDPun48mfVET2Jzj5KE7Yg7g11ezV2BF/Hqy/8= contains 204800 B
[2026-04-19T03:25:49.053Z INFO  worker::batch_maker] Batch D/aSJ7gfirsGgcT6NMRMqBWMu+b0+9dslZed6eN0wNc= contains sample tx 1085
[2026-04-19T03:25:49.053Z INFO  worker::batch_maker] Batch D/aSJ7gfirsGgcT6NMRMqBWMu+b0+9dslZed6eN0wNc= contains 204800 B
[2026-04-19T03:25:49.108Z INFO  worker::batch_maker] Batch +oKDYHvnfyS383b5l/lYPX6jG6+d77rdcHDHjM8mYKI= contains sample tx 1086
[2026-04-19T03:25:49.108Z INFO  worker::batch_maker] Batch +oKDYHvnfyS383b5l/lYPX6jG6+d77rdcHDHjM8mYKI= contains 227328 B
[2026-04-19T03:25:49.162Z INFO  worker::batch_maker] Batch SEWdy200SVpC2H0YYSqhZRm0sc+EKyEKzFJ73uIKZVY= contains sample tx 1087
[2026-04-19T03:25:49.162Z INFO  worker::batch_maker] Batch SEWdy200SVpC2H0YYSqhZRm0sc+EKyEKzFJ73uIKZVY= contains sample tx 1088
[2026-04-19T03:25:49.162Z INFO  worker::batch_maker] Batch SEWdy200SVpC2H0YYSqhZRm0sc+EKyEKzFJ73uIKZVY= contains 366080 B
[2026-04-19T03:25:49.215Z INFO  worker::batch_maker] Batch gIWKpcCKK3CNd+KBHQPDNbwzm+5cgZDRnKk8NhwLK4o= contains sample tx 1089
[2026-04-19T03:25:49.215Z INFO  worker::batch_maker] Batch gIWKpcCKK3CNd+KBHQPDNbwzm+5cgZDRnKk8NhwLK4o= contains 225792 B
[2026-04-19T03:25:49.268Z INFO  worker::batch_maker] Batch s8Jt7em2qhARthGuJJDcrfIzG4nIYsK+3cafmyMH7bc= contains sample tx 1090
[2026-04-19T03:25:49.268Z INFO  worker::batch_maker] Batch s8Jt7em2qhARthGuJJDcrfIzG4nIYsK+3cafmyMH7bc= contains 204800 B
[2026-04-19T03:25:49.321Z INFO  worker::batch_maker] Batch +WZrmlWKwkxW4HgyT8b6L8Jn5T7dd1Xl/5cWl5hVg1o= contains sample tx 1091
[2026-04-19T03:25:49.321Z INFO  worker::batch_maker] Batch +WZrmlWKwkxW4HgyT8b6L8Jn5T7dd1Xl/5cWl5hVg1o= contains 204800 B
[2026-04-19T03:25:49.375Z INFO  worker::batch_maker] Batch Wc7fCePE9D9HqmJRN91KaNl2fYzMu3Jb0LmeFJWtfO0= contains sample tx 1092
[2026-04-19T03:25:49.375Z INFO  worker::batch_maker] Batch Wc7fCePE9D9HqmJRN91KaNl2fYzMu3Jb0LmeFJWtfO0= contains 204800 B
[2026-04-19T03:25:49.427Z INFO  worker::batch_maker] Batch iKNepUKofRKQWwP5dr4D/ym/iwtvzXl4wAHOxCHckjo= contains sample tx 1093
[2026-04-19T03:25:49.427Z INFO  worker::batch_maker] Batch iKNepUKofRKQWwP5dr4D/ym/iwtvzXl4wAHOxCHckjo= contains 204800 B
[2026-04-19T03:25:49.481Z INFO  worker::batch_maker] Batch x0WOYGW7O1sNUXXbNMz+Bqb3Z1xyhQ8EJiP3LUtlt60= contains sample tx 1094
[2026-04-19T03:25:49.481Z INFO  worker::batch_maker] Batch x0WOYGW7O1sNUXXbNMz+Bqb3Z1xyhQ8EJiP3LUtlt60= contains 204800 B
[2026-04-19T03:25:49.534Z INFO  worker::batch_maker] Batch PMUn4i+OsaIwm+HH45BK/TErTSRK0QLKW6nj0eg8kZo= contains sample tx 1095
[2026-04-19T03:25:49.534Z INFO  worker::batch_maker] Batch PMUn4i+OsaIwm+HH45BK/TErTSRK0QLKW6nj0eg8kZo= contains 204800 B
[2026-04-19T03:25:49.586Z INFO  worker::batch_maker] Batch 9aSdGoSWXyciNhOI9qGp73Q4Hq502HKzDEUERQlAQeI= contains sample tx 1096
[2026-04-19T03:25:49.586Z INFO  worker::batch_maker] Batch 9aSdGoSWXyciNhOI9qGp73Q4Hq502HKzDEUERQlAQeI= contains 204800 B
[2026-04-19T03:25:49.640Z INFO  worker::batch_maker] Batch 5PhNwadc7QHu+EoZSIC4krXjU90ZzrduqvR4FY/Y8ic= contains sample tx 1097
[2026-04-19T03:25:49.641Z INFO  worker::batch_maker] Batch 5PhNwadc7QHu+EoZSIC4krXjU90ZzrduqvR4FY/Y8ic= contains 204800 B
[2026-04-19T03:25:49.694Z INFO  worker::batch_maker] Batch UmyC5IY+UxpD0gQw1C7uC40HunIfRZBG5to931TekuQ= contains sample tx 1098
[2026-04-19T03:25:49.694Z INFO  worker::batch_maker] Batch UmyC5IY+UxpD0gQw1C7uC40HunIfRZBG5to931TekuQ= contains 204800 B
[2026-04-19T03:25:49.748Z INFO  worker::batch_maker] Batch XLNvvp0iCCtJgDojWo4Ac+nSKZrSEoHTAtra34y4Lb4= contains sample tx 1099
[2026-04-19T03:25:49.748Z INFO  worker::batch_maker] Batch XLNvvp0iCCtJgDojWo4Ac+nSKZrSEoHTAtra34y4Lb4= contains 204800 B
[2026-04-19T03:25:49.801Z INFO  worker::batch_maker] Batch D/Hce9ggebLDEvCg8RiOnO4Qo8Ng0B+a3k81xnpGvWQ= contains sample tx 1100
[2026-04-19T03:25:49.801Z INFO  worker::batch_maker] Batch D/Hce9ggebLDEvCg8RiOnO4Qo8Ng0B+a3k81xnpGvWQ= contains 204800 B
[2026-04-19T03:25:49.855Z INFO  worker::batch_maker] Batch SgvHN34lxLjLat/9wZSqFVw8LrWXGtPfVm2mTuxvNk0= contains sample tx 1101
[2026-04-19T03:25:49.855Z INFO  worker::batch_maker] Batch SgvHN34lxLjLat/9wZSqFVw8LrWXGtPfVm2mTuxvNk0= contains 204800 B
[2026-04-19T03:25:49.907Z INFO  worker::batch_maker] Batch bBV3xvlG3JFL387unrR6ccc57uBOTamZAY8XKamdo8Y= contains sample tx 1102
[2026-04-19T03:25:49.907Z INFO  worker::batch_maker] Batch bBV3xvlG3JFL387unrR6ccc57uBOTamZAY8XKamdo8Y= contains 215040 B
[2026-04-19T03:25:49.960Z INFO  worker::batch_maker] Batch sawKE6Q8OTKsYwhapY6uXRnxmY8+AH1WxRF/Fvw96GE= contains sample tx 1103
[2026-04-19T03:25:49.960Z INFO  worker::batch_maker] Batch sawKE6Q8OTKsYwhapY6uXRnxmY8+AH1WxRF/Fvw96GE= contains 341504 B
[2026-04-19T03:25:50.013Z INFO  worker::batch_maker] Batch YT1SJk25FDRHmdD3PgAkVBrmHZl+PzACfnc8SGGbhiM= contains sample tx 1104
[2026-04-19T03:25:50.013Z INFO  worker::batch_maker] Batch YT1SJk25FDRHmdD3PgAkVBrmHZl+PzACfnc8SGGbhiM= contains sample tx 1105
[2026-04-19T03:25:50.013Z INFO  worker::batch_maker] Batch YT1SJk25FDRHmdD3PgAkVBrmHZl+PzACfnc8SGGbhiM= contains 262656 B
[2026-04-19T03:25:50.066Z INFO  worker::batch_maker] Batch b7j4F8P4w5qhUbLAm3/VGoMZTDG/jEVsVWDKlA6xIao= contains sample tx 1106
[2026-04-19T03:25:50.066Z INFO  worker::batch_maker] Batch b7j4F8P4w5qhUbLAm3/VGoMZTDG/jEVsVWDKlA6xIao= contains 204800 B
[2026-04-19T03:25:50.120Z INFO  worker::batch_maker] Batch m+Qg4Su4l4qm+MYG/MMZO9/k9hDGC6t0vWyfBZr8mKw= contains sample tx 1107
[2026-04-19T03:25:50.120Z INFO  worker::batch_maker] Batch m+Qg4Su4l4qm+MYG/MMZO9/k9hDGC6t0vWyfBZr8mKw= contains 204800 B
[2026-04-19T03:25:50.172Z INFO  worker::batch_maker] Batch TUTeUAUN2plvUV6sX29X7VSCGyPImGDQUTX8Nugos24= contains sample tx 1108
[2026-04-19T03:25:50.172Z INFO  worker::batch_maker] Batch TUTeUAUN2plvUV6sX29X7VSCGyPImGDQUTX8Nugos24= contains 204800 B
[2026-04-19T03:25:50.225Z INFO  worker::batch_maker] Batch 0WY9NHlSnnHfUC2dk137GNMHGTowMWDub/ZfiFurcGQ= contains sample tx 1109
[2026-04-19T03:25:50.225Z INFO  worker::batch_maker] Batch 0WY9NHlSnnHfUC2dk137GNMHGTowMWDub/ZfiFurcGQ= contains 204800 B
[2026-04-19T03:25:50.277Z INFO  worker::batch_maker] Batch YwRIBXgOGbj5VYoHCT/Gb2N1owQagZq2nxSCBE/VyNw= contains sample tx 1110
[2026-04-19T03:25:50.277Z INFO  worker::batch_maker] Batch YwRIBXgOGbj5VYoHCT/Gb2N1owQagZq2nxSCBE/VyNw= contains 204800 B
[2026-04-19T03:25:50.330Z INFO  worker::batch_maker] Batch KNTeLwvlOCUcM7a1oDDcgkgZV53aJtisJXDqtDg718Q= contains sample tx 1111
[2026-04-19T03:25:50.330Z INFO  worker::batch_maker] Batch KNTeLwvlOCUcM7a1oDDcgkgZV53aJtisJXDqtDg718Q= contains 204800 B
[2026-04-19T03:25:50.382Z INFO  worker::batch_maker] Batch 6VcERJVpOR/u4gwfD+VBUhROPDiouvq1HbpgxMq8Tkg= contains sample tx 1112
[2026-04-19T03:25:50.382Z INFO  worker::batch_maker] Batch 6VcERJVpOR/u4gwfD+VBUhROPDiouvq1HbpgxMq8Tkg= contains 204800 B
[2026-04-19T03:25:50.434Z INFO  worker::batch_maker] Batch MWD4Y9GT+q9Okt9SJHwfGXk816bQpD/hovKonMoC9rI= contains sample tx 1113
[2026-04-19T03:25:50.434Z INFO  worker::batch_maker] Batch MWD4Y9GT+q9Okt9SJHwfGXk816bQpD/hovKonMoC9rI= contains 204800 B
[2026-04-19T03:25:50.487Z INFO  worker::batch_maker] Batch Se/wMzxQUbjr6xzAzdi6vOjZB8FB78ZBnJ9OUQhUvws= contains sample tx 1114
[2026-04-19T03:25:50.495Z INFO  worker::batch_maker] Batch Se/wMzxQUbjr6xzAzdi6vOjZB8FB78ZBnJ9OUQhUvws= contains 204800 B
[2026-04-19T03:25:50.550Z INFO  worker::batch_maker] Batch DRql7Jo38O5c7raWzjZm9cmbKzUXAPW4y9g099GdyUA= contains sample tx 1115
[2026-04-19T03:25:50.550Z INFO  worker::batch_maker] Batch DRql7Jo38O5c7raWzjZm9cmbKzUXAPW4y9g099GdyUA= contains 204800 B
[2026-04-19T03:25:50.604Z INFO  worker::batch_maker] Batch r01/H5VyORpOfPv5z3o6VjwYxkOn0wMODTp8KEbW4nk= contains sample tx 1116
[2026-04-19T03:25:50.604Z INFO  worker::batch_maker] Batch r01/H5VyORpOfPv5z3o6VjwYxkOn0wMODTp8KEbW4nk= contains 204800 B
[2026-04-19T03:25:50.655Z INFO  worker::batch_maker] Batch nVOZQC6XZyqC3tfNMRhGek6ZFWoSE1mlb43EXoX+fJU= contains sample tx 1117
[2026-04-19T03:25:50.655Z INFO  worker::batch_maker] Batch nVOZQC6XZyqC3tfNMRhGek6ZFWoSE1mlb43EXoX+fJU= contains 209408 B
[2026-04-19T03:25:50.710Z INFO  worker::batch_maker] Batch LXgoSoTwI8AGThj2tBB10TbjEkEl0S5VZ5WgNZTSlPk= contains sample tx 1118
[2026-04-19T03:25:50.710Z INFO  worker::batch_maker] Batch LXgoSoTwI8AGThj2tBB10TbjEkEl0S5VZ5WgNZTSlPk= contains 251392 B
[2026-04-19T03:25:50.765Z INFO  worker::batch_maker] Batch Z9P38Y9ZQ73Po/NDvMlaavxnFjCreO5km8zvyD1h25A= contains sample tx 1119
[2026-04-19T03:25:50.765Z INFO  worker::batch_maker] Batch Z9P38Y9ZQ73Po/NDvMlaavxnFjCreO5km8zvyD1h25A= contains sample tx 1120
[2026-04-19T03:25:50.765Z INFO  worker::batch_maker] Batch Z9P38Y9ZQ73Po/NDvMlaavxnFjCreO5km8zvyD1h25A= contains 358400 B
[2026-04-19T03:25:50.816Z INFO  worker::batch_maker] Batch 7BfExv+6Rbx4cnX0hskygfj3RiFc/hx4OOrdRmHVgsE= contains sample tx 1121
[2026-04-19T03:25:50.816Z INFO  worker::batch_maker] Batch 7BfExv+6Rbx4cnX0hskygfj3RiFc/hx4OOrdRmHVgsE= contains 204800 B
[2026-04-19T03:25:50.869Z INFO  worker::batch_maker] Batch IgbgqqIit5ahbZQ3j0p59W/NbPDDYzg8k14oi78bziM= contains sample tx 1122
[2026-04-19T03:25:50.869Z INFO  worker::batch_maker] Batch IgbgqqIit5ahbZQ3j0p59W/NbPDDYzg8k14oi78bziM= contains 204800 B
[2026-04-19T03:25:50.923Z INFO  worker::batch_maker] Batch M+g7CNbBUNLbdTWU7In4OD28aGDShjgjmjJJMgG+NnM= contains sample tx 1123
[2026-04-19T03:25:50.923Z INFO  worker::batch_maker] Batch M+g7CNbBUNLbdTWU7In4OD28aGDShjgjmjJJMgG+NnM= contains 204800 B
[2026-04-19T03:25:50.975Z INFO  worker::batch_maker] Batch zaf0toRYf2VGYFW2Yr7cXHqTetyLQ/Yz1tco42R1mYg= contains sample tx 1124
[2026-04-19T03:25:50.975Z INFO  worker::batch_maker] Batch zaf0toRYf2VGYFW2Yr7cXHqTetyLQ/Yz1tco42R1mYg= contains 204800 B
[2026-04-19T03:25:51.028Z INFO  worker::batch_maker] Batch VHDmCMgm4ky9U9B03Bc9s42UH+4nhWXaedTXys3QY40= contains sample tx 1125
[2026-04-19T03:25:51.028Z INFO  worker::batch_maker] Batch VHDmCMgm4ky9U9B03Bc9s42UH+4nhWXaedTXys3QY40= contains 204800 B
[2026-04-19T03:25:51.081Z INFO  worker::batch_maker] Batch hWrdfL1W6UYhOTca0U0XMFehbBTWFCLMEB7s4DA7zQI= contains sample tx 1126
[2026-04-19T03:25:51.081Z INFO  worker::batch_maker] Batch hWrdfL1W6UYhOTca0U0XMFehbBTWFCLMEB7s4DA7zQI= contains 204800 B
[2026-04-19T03:25:51.134Z INFO  worker::batch_maker] Batch M684fKhJcR4Jmh6kZC++JrFY7+gbCz7IkObN2Y4qYus= contains sample tx 1127
[2026-04-19T03:25:51.134Z INFO  worker::batch_maker] Batch M684fKhJcR4Jmh6kZC++JrFY7+gbCz7IkObN2Y4qYus= contains 204800 B
[2026-04-19T03:25:51.186Z INFO  worker::batch_maker] Batch U+lO6QFsNVOlkn4hWJzi6JtSKCFB3k+gqUUnzlburyI= contains sample tx 1128
[2026-04-19T03:25:51.186Z INFO  worker::batch_maker] Batch U+lO6QFsNVOlkn4hWJzi6JtSKCFB3k+gqUUnzlburyI= contains 204800 B
[2026-04-19T03:25:51.238Z INFO  worker::batch_maker] Batch 3EWvcD+dCOOuCjjuKDm6w5nJXUJqsqD0UM4WMRJwOAI= contains sample tx 1129
[2026-04-19T03:25:51.238Z INFO  worker::batch_maker] Batch 3EWvcD+dCOOuCjjuKDm6w5nJXUJqsqD0UM4WMRJwOAI= contains 204800 B
[2026-04-19T03:25:51.290Z INFO  worker::batch_maker] Batch TuTbvSJbFvoJ8c+dvJmNWZSpmvSriwuMlNFFYkfczrs= contains sample tx 1130
[2026-04-19T03:25:51.291Z INFO  worker::batch_maker] Batch TuTbvSJbFvoJ8c+dvJmNWZSpmvSriwuMlNFFYkfczrs= contains 204800 B
[2026-04-19T03:25:51.343Z INFO  worker::batch_maker] Batch hmuzWoT53VEQ1QVY7yXAzQh5nKLmoif9loL0JnKgEJc= contains sample tx 1131
[2026-04-19T03:25:51.343Z INFO  worker::batch_maker] Batch hmuzWoT53VEQ1QVY7yXAzQh5nKLmoif9loL0JnKgEJc= contains 204800 B
[2026-04-19T03:25:51.395Z INFO  worker::batch_maker] Batch 8bT2VZcwY0ublByHv6eEkE2DddA/DV8+a/Ibi47UDa8= contains sample tx 1132
[2026-04-19T03:25:51.395Z INFO  worker::batch_maker] Batch 8bT2VZcwY0ublByHv6eEkE2DddA/DV8+a/Ibi47UDa8= contains 204800 B
[2026-04-19T03:25:51.447Z INFO  worker::batch_maker] Batch jpQnJk1tuWUwQImy8PRl17jIsSU9C5yx6K/LlMZTBZ0= contains sample tx 1133
[2026-04-19T03:25:51.447Z INFO  worker::batch_maker] Batch jpQnJk1tuWUwQImy8PRl17jIsSU9C5yx6K/LlMZTBZ0= contains 204800 B
[2026-04-19T03:25:51.501Z INFO  worker::batch_maker] Batch bjuUtzaENQHhY+uC//VSofH5VtfLeyl7I3WY3yc+OB8= contains sample tx 1134
[2026-04-19T03:25:51.501Z INFO  worker::batch_maker] Batch bjuUtzaENQHhY+uC//VSofH5VtfLeyl7I3WY3yc+OB8= contains 204800 B
[2026-04-19T03:25:51.552Z INFO  worker::batch_maker] Batch VsisxruExbhDMawp/ca0lLmyU/z8T+FNJXjwiUAdq4w= contains sample tx 1135
[2026-04-19T03:25:51.552Z INFO  worker::batch_maker] Batch VsisxruExbhDMawp/ca0lLmyU/z8T+FNJXjwiUAdq4w= contains 204800 B
[2026-04-19T03:25:51.604Z INFO  worker::batch_maker] Batch 83B5/zuPkSyuz4C/dL6by+l13LjpA0S5rBGcXX/s5is= contains sample tx 1136
[2026-04-19T03:25:51.604Z INFO  worker::batch_maker] Batch 83B5/zuPkSyuz4C/dL6by+l13LjpA0S5rBGcXX/s5is= contains 204800 B
[2026-04-19T03:25:51.658Z INFO  worker::batch_maker] Batch nchelPvZRjRgl+6ERb3QWUQuoIU7MBDDvSrTIRmFF1o= contains sample tx 1137
[2026-04-19T03:25:51.658Z INFO  worker::batch_maker] Batch nchelPvZRjRgl+6ERb3QWUQuoIU7MBDDvSrTIRmFF1o= contains 248320 B
[2026-04-19T03:25:51.712Z INFO  worker::batch_maker] Batch 91VFXoSFvYb/wAoT9thMzorm6Qd46/xVN+4C2/5+/p0= contains sample tx 1138
[2026-04-19T03:25:51.712Z INFO  worker::batch_maker] Batch 91VFXoSFvYb/wAoT9thMzorm6Qd46/xVN+4C2/5+/p0= contains sample tx 1139
[2026-04-19T03:25:51.712Z INFO  worker::batch_maker] Batch 91VFXoSFvYb/wAoT9thMzorm6Qd46/xVN+4C2/5+/p0= contains 366080 B
[2026-04-19T03:25:51.764Z INFO  worker::batch_maker] Batch Z0YGFxNdtYSEx4hIPDOIKKEi8D8IX7oTrhHQb6ZSac8= contains sample tx 1140
[2026-04-19T03:25:51.764Z INFO  worker::batch_maker] Batch Z0YGFxNdtYSEx4hIPDOIKKEi8D8IX7oTrhHQb6ZSac8= contains 204800 B
[2026-04-19T03:25:51.817Z INFO  worker::batch_maker] Batch jW8gpzqNr1TO6Q4Fkxp2zhGMfJHaglzyuua09lqF3Xk= contains sample tx 1141
[2026-04-19T03:25:51.817Z INFO  worker::batch_maker] Batch jW8gpzqNr1TO6Q4Fkxp2zhGMfJHaglzyuua09lqF3Xk= contains 204800 B
[2026-04-19T03:25:51.872Z INFO  worker::batch_maker] Batch i2IVzayFWU3XYkYDWYQLZ0GMRntbDYkKbXe0ofLZ51Y= contains sample tx 1142
[2026-04-19T03:25:51.872Z INFO  worker::batch_maker] Batch i2IVzayFWU3XYkYDWYQLZ0GMRntbDYkKbXe0ofLZ51Y= contains 204800 B
[2026-04-19T03:25:51.924Z INFO  worker::batch_maker] Batch tA16KZvyRc5Tbgwr8UX7umY2TRd1WN36H1FgNGQ0En8= contains sample tx 1143
[2026-04-19T03:25:51.924Z INFO  worker::batch_maker] Batch tA16KZvyRc5Tbgwr8UX7umY2TRd1WN36H1FgNGQ0En8= contains 204800 B
[2026-04-19T03:25:51.976Z INFO  worker::batch_maker] Batch T8CrduZPbau+LPGbMrBLKCbszzVYEgNVR3ic4XTHJ1I= contains sample tx 1144
[2026-04-19T03:25:51.976Z INFO  worker::batch_maker] Batch T8CrduZPbau+LPGbMrBLKCbszzVYEgNVR3ic4XTHJ1I= contains 204800 B
[2026-04-19T03:25:52.029Z INFO  worker::batch_maker] Batch 2G9eKajd6vUN3OoImWo+BGtX4M3ptRhyCLaKL/eLqEU= contains sample tx 1145
[2026-04-19T03:25:52.029Z INFO  worker::batch_maker] Batch 2G9eKajd6vUN3OoImWo+BGtX4M3ptRhyCLaKL/eLqEU= contains 204800 B
[2026-04-19T03:25:52.082Z INFO  worker::batch_maker] Batch +g18z5pnzmEq2h638Pe4savpcrylK4PLgE6O2wqCm4E= contains sample tx 1146
[2026-04-19T03:25:52.082Z INFO  worker::batch_maker] Batch +g18z5pnzmEq2h638Pe4savpcrylK4PLgE6O2wqCm4E= contains 204800 B
[2026-04-19T03:25:52.134Z INFO  worker::batch_maker] Batch TWZbvzAleAfg4QA6x0kHXAFK3RDcWdSgn/B3g51z/Uk= contains sample tx 1147
[2026-04-19T03:25:52.134Z INFO  worker::batch_maker] Batch TWZbvzAleAfg4QA6x0kHXAFK3RDcWdSgn/B3g51z/Uk= contains 204800 B
[2026-04-19T03:25:52.188Z INFO  worker::batch_maker] Batch HQdEnTzAc2gPAKScJbt8I69sADnBlRYivfzSsZ3LV6c= contains sample tx 1148
[2026-04-19T03:25:52.188Z INFO  worker::batch_maker] Batch HQdEnTzAc2gPAKScJbt8I69sADnBlRYivfzSsZ3LV6c= contains 204800 B
[2026-04-19T03:25:52.240Z INFO  worker::batch_maker] Batch lKTnrYB7Bsm47CGZHTxsHM0GEWyWJC2KMa2PPfYIC08= contains sample tx 1149
[2026-04-19T03:25:52.240Z INFO  worker::batch_maker] Batch lKTnrYB7Bsm47CGZHTxsHM0GEWyWJC2KMa2PPfYIC08= contains 204800 B
[2026-04-19T03:25:52.293Z INFO  worker::batch_maker] Batch FyAHBDzJA921LQRYGeM5gT/yeOa/YT4NrNVSSv3JScM= contains sample tx 1150
[2026-04-19T03:25:52.293Z INFO  worker::batch_maker] Batch FyAHBDzJA921LQRYGeM5gT/yeOa/YT4NrNVSSv3JScM= contains 204800 B
[2026-04-19T03:25:52.346Z INFO  worker::batch_maker] Batch 6Hxqy+eYe87ZhHBieU7/siqkjXfyp2OZaw5Amwd20sE= contains sample tx 1151
[2026-04-19T03:25:52.346Z INFO  worker::batch_maker] Batch 6Hxqy+eYe87ZhHBieU7/siqkjXfyp2OZaw5Amwd20sE= contains 204800 B
[2026-04-19T03:25:52.399Z INFO  worker::batch_maker] Batch VL5ROuq3/Nf1f8tTkT07HNQOI49JT9RYJHBgvd/tYcY= contains sample tx 1152
[2026-04-19T03:25:52.399Z INFO  worker::batch_maker] Batch VL5ROuq3/Nf1f8tTkT07HNQOI49JT9RYJHBgvd/tYcY= contains 204800 B
[2026-04-19T03:25:52.451Z INFO  worker::batch_maker] Batch ELm9oE5uSo5rDRq5s54I7BdgbBP7Y5Q7l1cj1Zmz95o= contains sample tx 1153
[2026-04-19T03:25:52.451Z INFO  worker::batch_maker] Batch ELm9oE5uSo5rDRq5s54I7BdgbBP7Y5Q7l1cj1Zmz95o= contains 204800 B
[2026-04-19T03:25:52.505Z INFO  worker::batch_maker] Batch 1gXup3Nvu4yi2eyzuvg7HLv9jz85I5vyjbQsPklrryk= contains sample tx 1154
[2026-04-19T03:25:52.505Z INFO  worker::batch_maker] Batch 1gXup3Nvu4yi2eyzuvg7HLv9jz85I5vyjbQsPklrryk= contains 204800 B
[2026-04-19T03:25:52.560Z INFO  worker::batch_maker] Batch ba/kI1IfX0hdxZeRZyYNLEvR87EAVmZeotmEllNLRIU= contains sample tx 1155
[2026-04-19T03:25:52.560Z INFO  worker::batch_maker] Batch ba/kI1IfX0hdxZeRZyYNLEvR87EAVmZeotmEllNLRIU= contains 237568 B
[2026-04-19T03:25:52.615Z INFO  worker::batch_maker] Batch JBjhb2szI/D6UuesTX7raj0TuuepcXF0uYruQfRgroI= contains sample tx 1156
[2026-04-19T03:25:52.615Z INFO  worker::batch_maker] Batch JBjhb2szI/D6UuesTX7raj0TuuepcXF0uYruQfRgroI= contains sample tx 1157
[2026-04-19T03:25:52.615Z INFO  worker::batch_maker] Batch JBjhb2szI/D6UuesTX7raj0TuuepcXF0uYruQfRgroI= contains 376832 B
[2026-04-19T03:25:52.668Z INFO  worker::batch_maker] Batch QLU+gpwUEGSdCs//imD5hlcKkhBy0z823p9r6zrOMHs= contains 183296 B
[2026-04-19T03:25:52.720Z INFO  worker::batch_maker] Batch uPwlnHuXyVqQtcOK2HF84BmI7A01SYKuBUGmGoJNxAg= contains sample tx 1158
[2026-04-19T03:25:52.720Z INFO  worker::batch_maker] Batch uPwlnHuXyVqQtcOK2HF84BmI7A01SYKuBUGmGoJNxAg= contains sample tx 1159
[2026-04-19T03:25:52.720Z INFO  worker::batch_maker] Batch uPwlnHuXyVqQtcOK2HF84BmI7A01SYKuBUGmGoJNxAg= contains 226304 B
[2026-04-19T03:25:52.771Z INFO  worker::batch_maker] Batch 0jjwQvEjybsKGU2x6u7aatWKeGxCAXQUhT+YKw+4O4Q= contains sample tx 1160
[2026-04-19T03:25:52.771Z INFO  worker::batch_maker] Batch 0jjwQvEjybsKGU2x6u7aatWKeGxCAXQUhT+YKw+4O4Q= contains 204800 B
[2026-04-19T03:25:52.825Z INFO  worker::batch_maker] Batch nh1s4i23PCStzjwdVs0LQekvtWyiBjejU11tNAATOZ0= contains sample tx 1161
[2026-04-19T03:25:52.825Z INFO  worker::batch_maker] Batch nh1s4i23PCStzjwdVs0LQekvtWyiBjejU11tNAATOZ0= contains 204800 B
[2026-04-19T03:25:52.876Z INFO  worker::batch_maker] Batch N71r1dadkGw8G0YE/EAWP6JV0WzUMrkg72TESnFqaHw= contains sample tx 1162
[2026-04-19T03:25:52.876Z INFO  worker::batch_maker] Batch N71r1dadkGw8G0YE/EAWP6JV0WzUMrkg72TESnFqaHw= contains 204800 B
[2026-04-19T03:25:52.929Z INFO  worker::batch_maker] Batch tMRYxqEaSTq6+RzdFO3RUU0PaHLNW0ECy+u297/PRk0= contains sample tx 1163
[2026-04-19T03:25:52.929Z INFO  worker::batch_maker] Batch tMRYxqEaSTq6+RzdFO3RUU0PaHLNW0ECy+u297/PRk0= contains 204800 B
[2026-04-19T03:25:52.982Z INFO  worker::batch_maker] Batch E1+SjxQYCydSwjIO88VXjD2wB3z0M2wshHoX7jWR4qo= contains sample tx 1164
[2026-04-19T03:25:52.983Z INFO  worker::batch_maker] Batch E1+SjxQYCydSwjIO88VXjD2wB3z0M2wshHoX7jWR4qo= contains 204800 B
[2026-04-19T03:25:53.035Z INFO  worker::batch_maker] Batch QBlyq6q2gcQ9/rAYgOJRHtN6jahXQU7kbg5e+YmcKVY= contains sample tx 1165
[2026-04-19T03:25:53.035Z INFO  worker::batch_maker] Batch QBlyq6q2gcQ9/rAYgOJRHtN6jahXQU7kbg5e+YmcKVY= contains 204800 B
[2026-04-19T03:25:53.088Z INFO  worker::batch_maker] Batch NyCAinYAF0uf6cGQ6z2pxAIloDXFyq4cc4FrfvNcpEA= contains sample tx 1166
[2026-04-19T03:25:53.088Z INFO  worker::batch_maker] Batch NyCAinYAF0uf6cGQ6z2pxAIloDXFyq4cc4FrfvNcpEA= contains 204800 B
[2026-04-19T03:25:53.140Z INFO  worker::batch_maker] Batch f6GCCBdcfDaPmDfw3TkgYUZlNOKInqgU15kSFDLc0Sc= contains sample tx 1167
[2026-04-19T03:25:53.140Z INFO  worker::batch_maker] Batch f6GCCBdcfDaPmDfw3TkgYUZlNOKInqgU15kSFDLc0Sc= contains 204800 B
[2026-04-19T03:25:53.193Z INFO  worker::batch_maker] Batch xNvSIj/kf4QDi1vIT857fIRrq9cjKWj69dy7KF7MXRs= contains sample tx 1168
[2026-04-19T03:25:53.193Z INFO  worker::batch_maker] Batch xNvSIj/kf4QDi1vIT857fIRrq9cjKWj69dy7KF7MXRs= contains 204800 B
[2026-04-19T03:25:53.247Z INFO  worker::batch_maker] Batch XIAp2CNKbvv5CZ9D1bmoS9GwEUpPAQ5rvKC2pbdzOLQ= contains sample tx 1169
[2026-04-19T03:25:53.247Z INFO  worker::batch_maker] Batch XIAp2CNKbvv5CZ9D1bmoS9GwEUpPAQ5rvKC2pbdzOLQ= contains 204800 B
[2026-04-19T03:25:53.300Z INFO  worker::batch_maker] Batch jM9xqFj/VNvknHDOS12ymYJjGYcBfk7ed/y17p9hqlo= contains sample tx 1170
[2026-04-19T03:25:53.300Z INFO  worker::batch_maker] Batch jM9xqFj/VNvknHDOS12ymYJjGYcBfk7ed/y17p9hqlo= contains 204800 B
[2026-04-19T03:25:53.353Z INFO  worker::batch_maker] Batch y+wBFa65CIFuRxXlJeXCLohiRCk++3faAK9P4BvL/WQ= contains sample tx 1171
[2026-04-19T03:25:53.354Z INFO  worker::batch_maker] Batch y+wBFa65CIFuRxXlJeXCLohiRCk++3faAK9P4BvL/WQ= contains 204800 B
[2026-04-19T03:25:53.406Z INFO  worker::batch_maker] Batch CZwmLN6Q7F6LbI+ENCZqKA8RfadNZZGOESvsOo9fs6I= contains sample tx 1172
[2026-04-19T03:25:53.406Z INFO  worker::batch_maker] Batch CZwmLN6Q7F6LbI+ENCZqKA8RfadNZZGOESvsOo9fs6I= contains 219136 B
[2026-04-19T03:25:53.460Z INFO  worker::batch_maker] Batch oxpiDEtJ24Aar8S2VXZiirKa4N1x/KU5ybPBOZEqVXk= contains sample tx 1173
[2026-04-19T03:25:53.460Z INFO  worker::batch_maker] Batch oxpiDEtJ24Aar8S2VXZiirKa4N1x/KU5ybPBOZEqVXk= contains 286208 B
[2026-04-19T03:25:53.514Z INFO  worker::batch_maker] Batch 3L0SoYdwM5jvN9wrxzSlvC2zl8nFqJAqgdKUPKpTZ8k= contains sample tx 1174
[2026-04-19T03:25:53.514Z INFO  worker::batch_maker] Batch 3L0SoYdwM5jvN9wrxzSlvC2zl8nFqJAqgdKUPKpTZ8k= contains sample tx 1175
[2026-04-19T03:25:53.514Z INFO  worker::batch_maker] Batch 3L0SoYdwM5jvN9wrxzSlvC2zl8nFqJAqgdKUPKpTZ8k= contains 313856 B
[2026-04-19T03:25:53.567Z INFO  worker::batch_maker] Batch h2eu6nobEGjX8EDC0FwnIOWizf5+8n3msuVssVpTxfg= contains sample tx 1176
[2026-04-19T03:25:53.567Z INFO  worker::batch_maker] Batch h2eu6nobEGjX8EDC0FwnIOWizf5+8n3msuVssVpTxfg= contains 204800 B
[2026-04-19T03:25:53.620Z INFO  worker::batch_maker] Batch +sUyCbnIK2gxGbEKw02qaIK43dPVUBsNSHz9oKlnjpo= contains sample tx 1177
[2026-04-19T03:25:53.620Z INFO  worker::batch_maker] Batch +sUyCbnIK2gxGbEKw02qaIK43dPVUBsNSHz9oKlnjpo= contains 204800 B
[2026-04-19T03:25:53.674Z INFO  worker::batch_maker] Batch QBj6LfVMN1bddsSsB9VsaDWT/76Jx9PuqO5oPVoLS44= contains sample tx 1178
[2026-04-19T03:25:53.674Z INFO  worker::batch_maker] Batch QBj6LfVMN1bddsSsB9VsaDWT/76Jx9PuqO5oPVoLS44= contains 204800 B
[2026-04-19T03:25:53.726Z INFO  worker::batch_maker] Batch RYUh/DcqLQmXEtsNyxVW8t5LOEjB9uI++GsoitHsQqU= contains sample tx 1179
[2026-04-19T03:25:53.726Z INFO  worker::batch_maker] Batch RYUh/DcqLQmXEtsNyxVW8t5LOEjB9uI++GsoitHsQqU= contains 204800 B
[2026-04-19T03:25:53.780Z INFO  worker::batch_maker] Batch oGmNyKnl7P7ORUXqCDxBTSMY5kPIukGGgBpRMUMJWjk= contains sample tx 1180
[2026-04-19T03:25:53.780Z INFO  worker::batch_maker] Batch oGmNyKnl7P7ORUXqCDxBTSMY5kPIukGGgBpRMUMJWjk= contains 204800 B
[2026-04-19T03:25:53.832Z INFO  worker::batch_maker] Batch eMxzsNETYhdNgTkeJLjjFa+CowLDEoI/Mq3xyhNIBMY= contains sample tx 1181
[2026-04-19T03:25:53.832Z INFO  worker::batch_maker] Batch eMxzsNETYhdNgTkeJLjjFa+CowLDEoI/Mq3xyhNIBMY= contains 204800 B
[2026-04-19T03:25:53.887Z INFO  worker::batch_maker] Batch lkJzDVTK4TVmLDtGH1ZZK3b9A7/8Y+JypFireuyJhJY= contains sample tx 1182
[2026-04-19T03:25:53.887Z INFO  worker::batch_maker] Batch lkJzDVTK4TVmLDtGH1ZZK3b9A7/8Y+JypFireuyJhJY= contains 204800 B
[2026-04-19T03:25:53.940Z INFO  worker::batch_maker] Batch Icg2d7qBgBqlAaTPmOs7EGa3kP3DronfHT7Gda8zHX4= contains sample tx 1183
[2026-04-19T03:25:53.940Z INFO  worker::batch_maker] Batch Icg2d7qBgBqlAaTPmOs7EGa3kP3DronfHT7Gda8zHX4= contains 204800 B
[2026-04-19T03:25:53.993Z INFO  worker::batch_maker] Batch zuhOWD5PfKdi5gWyVzXiJqse90qeWL7OcRhmpvUxut0= contains sample tx 1184
[2026-04-19T03:25:53.993Z INFO  worker::batch_maker] Batch zuhOWD5PfKdi5gWyVzXiJqse90qeWL7OcRhmpvUxut0= contains 204800 B
[2026-04-19T03:25:54.047Z INFO  worker::batch_maker] Batch BpD8OjMNWk6xk1UxtFg1oV5doabhxGr4782M+38zrxo= contains sample tx 1185
[2026-04-19T03:25:54.047Z INFO  worker::batch_maker] Batch BpD8OjMNWk6xk1UxtFg1oV5doabhxGr4782M+38zrxo= contains 204800 B
[2026-04-19T03:25:54.101Z INFO  worker::batch_maker] Batch gEt2E4gN2nUxA6+3NkkhzsNg0EkII99VJhp22bLqg8Y= contains sample tx 1186
[2026-04-19T03:25:54.101Z INFO  worker::batch_maker] Batch gEt2E4gN2nUxA6+3NkkhzsNg0EkII99VJhp22bLqg8Y= contains 204800 B
[2026-04-19T03:25:54.154Z INFO  worker::batch_maker] Batch CfRNseJ0x1eEBxYMbalcDUaqjIliSgZp+swjVC4KDgA= contains sample tx 1187
[2026-04-19T03:25:54.154Z INFO  worker::batch_maker] Batch CfRNseJ0x1eEBxYMbalcDUaqjIliSgZp+swjVC4KDgA= contains 204800 B
[2026-04-19T03:25:54.207Z INFO  worker::batch_maker] Batch VsvsuPIcwT5G/kLRGQ+xCeqsEcy7I01RdpU9vStLsaY= contains sample tx 1188
[2026-04-19T03:25:54.207Z INFO  worker::batch_maker] Batch VsvsuPIcwT5G/kLRGQ+xCeqsEcy7I01RdpU9vStLsaY= contains 263680 B
[2026-04-19T03:25:54.263Z INFO  worker::batch_maker] Batch PCFaQD3IWJ2u6h1HBZ5j3gM2JRM0sIGnFbPfjo+E/E8= contains sample tx 1189
[2026-04-19T03:25:54.263Z INFO  worker::batch_maker] Batch PCFaQD3IWJ2u6h1HBZ5j3gM2JRM0sIGnFbPfjo+E/E8= contains 345600 B
[2026-04-19T03:25:54.317Z INFO  worker::batch_maker] Batch H1SQWrkU1nhiM2gUQufgb6rpGxuSuKgc2WCKQX+digc= contains sample tx 1190
[2026-04-19T03:25:54.317Z INFO  worker::batch_maker] Batch H1SQWrkU1nhiM2gUQufgb6rpGxuSuKgc2WCKQX+digc= contains sample tx 1191
[2026-04-19T03:25:54.317Z INFO  worker::batch_maker] Batch H1SQWrkU1nhiM2gUQufgb6rpGxuSuKgc2WCKQX+digc= contains 209920 B
[2026-04-19T03:25:54.370Z INFO  worker::batch_maker] Batch Db3HbbDWLB1ihCm6Iz79XeRFbBokm5lVzwqtvsgoBRY= contains sample tx 1192
[2026-04-19T03:25:54.370Z INFO  worker::batch_maker] Batch Db3HbbDWLB1ihCm6Iz79XeRFbBokm5lVzwqtvsgoBRY= contains 204800 B
[2026-04-19T03:25:54.424Z INFO  worker::batch_maker] Batch cu/N2l9WfdchkC+t+zh4Um/elFQ0BvU8m6ADm+8B9mA= contains sample tx 1193
[2026-04-19T03:25:54.424Z INFO  worker::batch_maker] Batch cu/N2l9WfdchkC+t+zh4Um/elFQ0BvU8m6ADm+8B9mA= contains 204800 B
[2026-04-19T03:25:54.476Z INFO  worker::batch_maker] Batch W7KLZspoKC8C5GqPZ8y1SOBP9/1/vJoqGm2IPrjq+qM= contains sample tx 1194
[2026-04-19T03:25:54.476Z INFO  worker::batch_maker] Batch W7KLZspoKC8C5GqPZ8y1SOBP9/1/vJoqGm2IPrjq+qM= contains 204800 B
[2026-04-19T03:25:54.529Z INFO  worker::batch_maker] Batch RVHQaCBOfvf36Jn8o2QEqaL4yDz+UPM/neQM2YMLEvw= contains sample tx 1195
[2026-04-19T03:25:54.529Z INFO  worker::batch_maker] Batch RVHQaCBOfvf36Jn8o2QEqaL4yDz+UPM/neQM2YMLEvw= contains 204800 B
[2026-04-19T03:25:54.583Z INFO  worker::batch_maker] Batch tBAq3iGVOd84QlCGD9AhCuCYJZq+jbK1mQGWnaGhaYA= contains sample tx 1196
[2026-04-19T03:25:54.590Z INFO  worker::batch_maker] Batch tBAq3iGVOd84QlCGD9AhCuCYJZq+jbK1mQGWnaGhaYA= contains 204800 B
[2026-04-19T03:25:54.642Z INFO  worker::batch_maker] Batch tbkVfaCcJJBeZeSnC2k/uK38wJEPz50a/eRe4mP9QfE= contains sample tx 1197
[2026-04-19T03:25:54.642Z INFO  worker::batch_maker] Batch tbkVfaCcJJBeZeSnC2k/uK38wJEPz50a/eRe4mP9QfE= contains 204800 B
[2026-04-19T03:25:54.695Z INFO  worker::batch_maker] Batch jx1ma30O/WY+Bgze2ldym1zvM3meDYX/otWdmnjhKH0= contains sample tx 1198
[2026-04-19T03:25:54.695Z INFO  worker::batch_maker] Batch jx1ma30O/WY+Bgze2ldym1zvM3meDYX/otWdmnjhKH0= contains 204800 B
[2026-04-19T03:25:54.748Z INFO  worker::batch_maker] Batch 2YGbn+pzpUpwCtjlFsiX9Wp3bmeINCRBMJcqYP6+WGs= contains sample tx 1199
[2026-04-19T03:25:54.748Z INFO  worker::batch_maker] Batch 2YGbn+pzpUpwCtjlFsiX9Wp3bmeINCRBMJcqYP6+WGs= contains 204800 B
[2026-04-19T03:25:54.801Z INFO  worker::batch_maker] Batch p7wELiFEhxpXbrXfg/AH5xpkFXKtIVHucc3pn+wgTZo= contains sample tx 1200
[2026-04-19T03:25:54.801Z INFO  worker::batch_maker] Batch p7wELiFEhxpXbrXfg/AH5xpkFXKtIVHucc3pn+wgTZo= contains 204800 B
[2026-04-19T03:25:54.853Z INFO  worker::batch_maker] Batch K9Awk6gtanIJjZ12nJICwwgp5i0vReZWgJKRmMClM3Q= contains sample tx 1201
[2026-04-19T03:25:54.853Z INFO  worker::batch_maker] Batch K9Awk6gtanIJjZ12nJICwwgp5i0vReZWgJKRmMClM3Q= contains 204800 B
[2026-04-19T03:25:54.905Z INFO  worker::batch_maker] Batch lbmRs8idIOrBdxYPRqnvbsDfE7FKTWIZKBqoZOduqmM= contains sample tx 1202
[2026-04-19T03:25:54.905Z INFO  worker::batch_maker] Batch lbmRs8idIOrBdxYPRqnvbsDfE7FKTWIZKBqoZOduqmM= contains 204800 B
[2026-04-19T03:25:54.958Z INFO  worker::batch_maker] Batch SLLCAaTnbxVO1CIHl2Ik8pGbnCou148z6PqoP9lqMB0= contains sample tx 1203
[2026-04-19T03:25:54.958Z INFO  worker::batch_maker] Batch SLLCAaTnbxVO1CIHl2Ik8pGbnCou148z6PqoP9lqMB0= contains sample tx 1204
[2026-04-19T03:25:54.958Z INFO  worker::batch_maker] Batch SLLCAaTnbxVO1CIHl2Ik8pGbnCou148z6PqoP9lqMB0= contains 226816 B
[2026-04-19T03:25:55.012Z INFO  worker::batch_maker] Batch 9HeKYrDMznP8Ku8tL0dsoYxB9v72LLbNwQT0y6bHbfk= contains sample tx 1205
[2026-04-19T03:25:55.012Z INFO  worker::batch_maker] Batch 9HeKYrDMznP8Ku8tL0dsoYxB9v72LLbNwQT0y6bHbfk= contains 387584 B
[2026-04-19T03:25:55.064Z INFO  worker::batch_maker] Batch lf2F/ei1eyS7vkLyhgVJbhh+qzTZ3jsj5wCNj5zzCg4= contains sample tx 1206
[2026-04-19T03:25:55.064Z INFO  worker::batch_maker] Batch lf2F/ei1eyS7vkLyhgVJbhh+qzTZ3jsj5wCNj5zzCg4= contains 204800 B
[2026-04-19T03:25:55.115Z INFO  worker::batch_maker] Batch fGgHBAILA1rj9yR6eIMVjcCSq2Kf2E7epHYiPRkhPiA= contains sample tx 1207
[2026-04-19T03:25:55.116Z INFO  worker::batch_maker] Batch fGgHBAILA1rj9yR6eIMVjcCSq2Kf2E7epHYiPRkhPiA= contains 204800 B
[2026-04-19T03:25:55.169Z INFO  worker::batch_maker] Batch TMM8S9ClJm70mqBDyFyD67SIsT1qqYrh8PKDPkDfy10= contains sample tx 1208
[2026-04-19T03:25:55.169Z INFO  worker::batch_maker] Batch TMM8S9ClJm70mqBDyFyD67SIsT1qqYrh8PKDPkDfy10= contains 204800 B
[2026-04-19T03:25:55.223Z INFO  worker::batch_maker] Batch 4BjxHehIvu4KSaPiM/s4g+xDElxFpy/yeQZAlfF611Y= contains sample tx 1209
[2026-04-19T03:25:55.223Z INFO  worker::batch_maker] Batch 4BjxHehIvu4KSaPiM/s4g+xDElxFpy/yeQZAlfF611Y= contains 204800 B
[2026-04-19T03:25:55.276Z INFO  worker::batch_maker] Batch bMG+yHzj6dTv6I8NmuTRZxeG5n09aPaUoLA2NBWEe0w= contains sample tx 1210
[2026-04-19T03:25:55.276Z INFO  worker::batch_maker] Batch bMG+yHzj6dTv6I8NmuTRZxeG5n09aPaUoLA2NBWEe0w= contains 204800 B
[2026-04-19T03:25:55.330Z INFO  worker::batch_maker] Batch JEfW423ZMdRr2KZLrEMXfjHz94cu9NPyefKwHecps4Y= contains sample tx 1211
[2026-04-19T03:25:55.330Z INFO  worker::batch_maker] Batch JEfW423ZMdRr2KZLrEMXfjHz94cu9NPyefKwHecps4Y= contains 204800 B
[2026-04-19T03:25:55.385Z INFO  worker::batch_maker] Batch bzA8nkegAMlHTkzORm7BA1r7raTOaRJKrCv541tFRf8= contains sample tx 1212
[2026-04-19T03:25:55.385Z INFO  worker::batch_maker] Batch bzA8nkegAMlHTkzORm7BA1r7raTOaRJKrCv541tFRf8= contains 204800 B
[2026-04-19T03:25:55.437Z INFO  worker::batch_maker] Batch XuOdcGZoNFdYO5PyJr2/XEeJWeKG6Jy3pQ2tT2cjUFg= contains sample tx 1213
[2026-04-19T03:25:55.437Z INFO  worker::batch_maker] Batch XuOdcGZoNFdYO5PyJr2/XEeJWeKG6Jy3pQ2tT2cjUFg= contains 204800 B
[2026-04-19T03:25:55.490Z INFO  worker::batch_maker] Batch QgRz8/IR5gP67uFtYeAIwYPaKrgotvmiUOLiRbkGIak= contains sample tx 1214
[2026-04-19T03:25:55.490Z INFO  worker::batch_maker] Batch QgRz8/IR5gP67uFtYeAIwYPaKrgotvmiUOLiRbkGIak= contains 204800 B
[2026-04-19T03:25:55.544Z INFO  worker::batch_maker] Batch eXbbosk+E/mcXfgGQlxpzWQcgwY82+97psvuR8A9Hoc= contains sample tx 1215
[2026-04-19T03:25:55.544Z INFO  worker::batch_maker] Batch eXbbosk+E/mcXfgGQlxpzWQcgwY82+97psvuR8A9Hoc= contains 204800 B
[2026-04-19T03:25:55.597Z INFO  worker::batch_maker] Batch WCofBNWjvyWAVIbd2c8MgzGE1cGVO+cGacdskWPzp6c= contains sample tx 1216
[2026-04-19T03:25:55.597Z INFO  worker::batch_maker] Batch WCofBNWjvyWAVIbd2c8MgzGE1cGVO+cGacdskWPzp6c= contains 204800 B
[2026-04-19T03:25:55.650Z INFO  worker::batch_maker] Batch M+AmgTLZic3FOJOMb1PUsfCAZWuF62sabVO5yzzLF2U= contains sample tx 1217
[2026-04-19T03:25:55.650Z INFO  worker::batch_maker] Batch M+AmgTLZic3FOJOMb1PUsfCAZWuF62sabVO5yzzLF2U= contains 204800 B
[2026-04-19T03:25:55.702Z INFO  worker::batch_maker] Batch UtIKuOjFUsO7cfwjPRGSrOdoEksXEOcLddHoDezRdTM= contains sample tx 1218
[2026-04-19T03:25:55.702Z INFO  worker::batch_maker] Batch UtIKuOjFUsO7cfwjPRGSrOdoEksXEOcLddHoDezRdTM= contains 204800 B
[2026-04-19T03:25:55.756Z INFO  worker::batch_maker] Batch mpBwxzmtUvIVxfbcwKgdSIgfYOl7clUOLw0FjmurlLg= contains sample tx 1219
[2026-04-19T03:25:55.756Z INFO  worker::batch_maker] Batch mpBwxzmtUvIVxfbcwKgdSIgfYOl7clUOLw0FjmurlLg= contains 204800 B
[2026-04-19T03:25:55.809Z INFO  worker::batch_maker] Batch hY3sjDjXiijT/4mTeXTjIfzOsrpUvdY53W1FjneF5aY= contains sample tx 1220
[2026-04-19T03:25:55.809Z INFO  worker::batch_maker] Batch hY3sjDjXiijT/4mTeXTjIfzOsrpUvdY53W1FjneF5aY= contains 209920 B
[2026-04-19T03:25:55.864Z INFO  worker::batch_maker] Batch Z9hplZvpsAaSWezbO0DHo62MTUSOA8mnh7SrwvErFSs= contains sample tx 1221
[2026-04-19T03:25:55.864Z INFO  worker::batch_maker] Batch Z9hplZvpsAaSWezbO0DHo62MTUSOA8mnh7SrwvErFSs= contains sample tx 1222
[2026-04-19T03:25:55.864Z INFO  worker::batch_maker] Batch Z9hplZvpsAaSWezbO0DHo62MTUSOA8mnh7SrwvErFSs= contains 306176 B
[2026-04-19T03:25:55.920Z INFO  worker::batch_maker] Batch Wn1EC3KAqHVBqyfgxmnQq/xWBKm0szq+hxt1nQp9gTI= contains sample tx 1223
[2026-04-19T03:25:55.920Z INFO  worker::batch_maker] Batch Wn1EC3KAqHVBqyfgxmnQq/xWBKm0szq+hxt1nQp9gTI= contains 303104 B
[2026-04-19T03:25:55.973Z INFO  worker::batch_maker] Batch JM9NcRB+sXXGKCOX8n5+CLS6jG1jk9tQHChFCBFqVc8= contains sample tx 1224
[2026-04-19T03:25:55.973Z INFO  worker::batch_maker] Batch JM9NcRB+sXXGKCOX8n5+CLS6jG1jk9tQHChFCBFqVc8= contains 204800 B
[2026-04-19T03:25:56.026Z INFO  worker::batch_maker] Batch sJQaaUp8URDTZVoDs1xLsqH3FGYpfiSv082/R1D7RTU= contains sample tx 1225
[2026-04-19T03:25:56.026Z INFO  worker::batch_maker] Batch sJQaaUp8URDTZVoDs1xLsqH3FGYpfiSv082/R1D7RTU= contains 204800 B
[2026-04-19T03:25:56.082Z INFO  worker::batch_maker] Batch 3CQwYNDxAhqRSIvMaufiPo6UgXZchkMoVU6Qb1NNkds= contains sample tx 1226
[2026-04-19T03:25:56.082Z INFO  worker::batch_maker] Batch 3CQwYNDxAhqRSIvMaufiPo6UgXZchkMoVU6Qb1NNkds= contains 204800 B
[2026-04-19T03:25:56.135Z INFO  worker::batch_maker] Batch vm0U/kcEy51gIDAKWY6tHkmpcdvtKEQChcs1q8TTJ80= contains sample tx 1227
[2026-04-19T03:25:56.135Z INFO  worker::batch_maker] Batch vm0U/kcEy51gIDAKWY6tHkmpcdvtKEQChcs1q8TTJ80= contains 204800 B
[2026-04-19T03:25:56.188Z INFO  worker::batch_maker] Batch 08IS/CNwuj1XrOvtHwMz7+kRRyi2RS4yQZuemZW1saA= contains sample tx 1228
[2026-04-19T03:25:56.188Z INFO  worker::batch_maker] Batch 08IS/CNwuj1XrOvtHwMz7+kRRyi2RS4yQZuemZW1saA= contains 204800 B
[2026-04-19T03:25:56.241Z INFO  worker::batch_maker] Batch EswEzCJn4bwLVmxCLQqrrMEjGqW4oamJ5b8/TAz9/ho= contains sample tx 1229
[2026-04-19T03:25:56.241Z INFO  worker::batch_maker] Batch EswEzCJn4bwLVmxCLQqrrMEjGqW4oamJ5b8/TAz9/ho= contains 204800 B
[2026-04-19T03:25:56.296Z INFO  worker::batch_maker] Batch Laa1EW1tLotkOSOg53nZROLWb69msxrN+0viqFCdo+s= contains sample tx 1230
[2026-04-19T03:25:56.296Z INFO  worker::batch_maker] Batch Laa1EW1tLotkOSOg53nZROLWb69msxrN+0viqFCdo+s= contains 204800 B
[2026-04-19T03:25:56.351Z INFO  worker::batch_maker] Batch qb9whrmvgwAM+NTO+Enp5DarcL+HkMt4PzE6bSm7uv0= contains sample tx 1231
[2026-04-19T03:25:56.351Z INFO  worker::batch_maker] Batch qb9whrmvgwAM+NTO+Enp5DarcL+HkMt4PzE6bSm7uv0= contains 204800 B
[2026-04-19T03:25:56.404Z INFO  worker::batch_maker] Batch su283m3zxjWXabsGVC5eSDe01+g896wb6yPyrZVkgJo= contains sample tx 1232
[2026-04-19T03:25:56.404Z INFO  worker::batch_maker] Batch su283m3zxjWXabsGVC5eSDe01+g896wb6yPyrZVkgJo= contains 204800 B
[2026-04-19T03:25:56.457Z INFO  worker::batch_maker] Batch WlwVQO5SI0kXmdXW6M0kCuBHlLn60z57WRTvs3+a9JQ= contains sample tx 1233
[2026-04-19T03:25:56.457Z INFO  worker::batch_maker] Batch WlwVQO5SI0kXmdXW6M0kCuBHlLn60z57WRTvs3+a9JQ= contains 220160 B
[2026-04-19T03:25:56.510Z INFO  worker::batch_maker] Batch n07zh+w6Zok/DmhwsSsrAAYD74h2Klv+Qsw0s+SOGH4= contains sample tx 1234
[2026-04-19T03:25:56.510Z INFO  worker::batch_maker] Batch n07zh+w6Zok/DmhwsSsrAAYD74h2Klv+Qsw0s+SOGH4= contains sample tx 1235
[2026-04-19T03:25:56.510Z INFO  worker::batch_maker] Batch n07zh+w6Zok/DmhwsSsrAAYD74h2Klv+Qsw0s+SOGH4= contains 263168 B
[2026-04-19T03:25:56.566Z INFO  worker::batch_maker] Batch QoLxlCuRzrRvQ2UrhCLqZNFLeM2Vq1Y+TtDLiCJzeY4= contains sample tx 1236
[2026-04-19T03:25:56.566Z INFO  worker::batch_maker] Batch QoLxlCuRzrRvQ2UrhCLqZNFLeM2Vq1Y+TtDLiCJzeY4= contains 335872 B
[2026-04-19T03:25:56.620Z INFO  worker::batch_maker] Batch SrYFf2/BROiljlX3dt7jL4zf7aJA1jHk3ZOpZGLPBag= contains sample tx 1237
[2026-04-19T03:25:56.620Z INFO  worker::batch_maker] Batch SrYFf2/BROiljlX3dt7jL4zf7aJA1jHk3ZOpZGLPBag= contains 204800 B
[2026-04-19T03:25:56.673Z INFO  worker::batch_maker] Batch WLFg4h3zuxSNWTHxp9sPvHMwxpU5E+DuvKl8T+HbBc0= contains sample tx 1238
[2026-04-19T03:25:56.673Z INFO  worker::batch_maker] Batch WLFg4h3zuxSNWTHxp9sPvHMwxpU5E+DuvKl8T+HbBc0= contains 204800 B
[2026-04-19T03:25:56.726Z INFO  worker::batch_maker] Batch vueC3sV2QjtwJ+ZbQKz9yThSrOSMvvAO7QPT4gUd27w= contains sample tx 1239
[2026-04-19T03:25:56.726Z INFO  worker::batch_maker] Batch vueC3sV2QjtwJ+ZbQKz9yThSrOSMvvAO7QPT4gUd27w= contains 204800 B
[2026-04-19T03:25:56.779Z INFO  worker::batch_maker] Batch VQMLcDb0TB4rfqQH8TNzsbjHD1fCGLe9FRuEIDDx28Q= contains sample tx 1240
[2026-04-19T03:25:56.779Z INFO  worker::batch_maker] Batch VQMLcDb0TB4rfqQH8TNzsbjHD1fCGLe9FRuEIDDx28Q= contains 204800 B
[2026-04-19T03:25:56.832Z INFO  worker::batch_maker] Batch S8d0O01990sNTm4X/ifWddg6vVdM0nh+d9Q8yW/xoro= contains sample tx 1241
[2026-04-19T03:25:56.833Z INFO  worker::batch_maker] Batch S8d0O01990sNTm4X/ifWddg6vVdM0nh+d9Q8yW/xoro= contains 204800 B
[2026-04-19T03:25:56.885Z INFO  worker::batch_maker] Batch aHZWVvDJj+t3IekL8+kT4/iSRD+4YZ7HvaXdCkPXHuI= contains sample tx 1242
[2026-04-19T03:25:56.885Z INFO  worker::batch_maker] Batch aHZWVvDJj+t3IekL8+kT4/iSRD+4YZ7HvaXdCkPXHuI= contains 204800 B
[2026-04-19T03:25:56.938Z INFO  worker::batch_maker] Batch Nj0hz84kMU8ljEljG5zoInbBoqRt5x5glwkmPL9GKFA= contains sample tx 1243
[2026-04-19T03:25:56.938Z INFO  worker::batch_maker] Batch Nj0hz84kMU8ljEljG5zoInbBoqRt5x5glwkmPL9GKFA= contains 204800 B
[2026-04-19T03:25:56.991Z INFO  worker::batch_maker] Batch MGO0cxCwFIneA7K3QSzjLHayC4Vd9w2TbbokJ1MkU8c= contains sample tx 1244
[2026-04-19T03:25:56.991Z INFO  worker::batch_maker] Batch MGO0cxCwFIneA7K3QSzjLHayC4Vd9w2TbbokJ1MkU8c= contains 204800 B
[2026-04-19T03:25:57.044Z INFO  worker::batch_maker] Batch Kt6Lnz/C305HJ+GFXQURL2ip5+Eo6W6Zi3Y8zekwZP8= contains sample tx 1245
[2026-04-19T03:25:57.044Z INFO  worker::batch_maker] Batch Kt6Lnz/C305HJ+GFXQURL2ip5+Eo6W6Zi3Y8zekwZP8= contains 204800 B
[2026-04-19T03:25:57.096Z INFO  worker::batch_maker] Batch J34FKtQY1+vHEglxb059npCxboPMnCmB5vOP6KnBpFk= contains sample tx 1246
[2026-04-19T03:25:57.096Z INFO  worker::batch_maker] Batch J34FKtQY1+vHEglxb059npCxboPMnCmB5vOP6KnBpFk= contains 204800 B
[2026-04-19T03:25:57.150Z INFO  worker::batch_maker] Batch Tb82qkbDY9iG+0olJtdBtGeIZ6t+rnvoDMt9F9RfIII= contains sample tx 1247
[2026-04-19T03:25:57.150Z INFO  worker::batch_maker] Batch Tb82qkbDY9iG+0olJtdBtGeIZ6t+rnvoDMt9F9RfIII= contains 204800 B
[2026-04-19T03:25:57.204Z INFO  worker::batch_maker] Batch PvKfVjR7L9Al6jMN1Mq/Klv2atsGERhT3rw2UkbVDXU= contains sample tx 1248
[2026-04-19T03:25:57.204Z INFO  worker::batch_maker] Batch PvKfVjR7L9Al6jMN1Mq/Klv2atsGERhT3rw2UkbVDXU= contains 204800 B
[2026-04-19T03:25:57.257Z INFO  worker::batch_maker] Batch MWek7DzjR6K4PgCUdjWnNc38ho8NAWVkT3T4VWqL0jw= contains sample tx 1249
[2026-04-19T03:25:57.257Z INFO  worker::batch_maker] Batch MWek7DzjR6K4PgCUdjWnNc38ho8NAWVkT3T4VWqL0jw= contains 204800 B
[2026-04-19T03:25:57.312Z INFO  worker::batch_maker] Batch gvgPdx1McGSdM6LIZHYEaHWyvXeGr7l2WWI6fNapujY= contains sample tx 1250
[2026-04-19T03:25:57.312Z INFO  worker::batch_maker] Batch gvgPdx1McGSdM6LIZHYEaHWyvXeGr7l2WWI6fNapujY= contains sample tx 1251
[2026-04-19T03:25:57.312Z INFO  worker::batch_maker] Batch gvgPdx1McGSdM6LIZHYEaHWyvXeGr7l2WWI6fNapujY= contains 409600 B
[2026-04-19T03:25:57.365Z INFO  worker::batch_maker] Batch a9EU079q0L6p1PAzmGy6nRuzhK9aGSKot7oYj2rfGvU= contains sample tx 1252
[2026-04-19T03:25:57.365Z INFO  worker::batch_maker] Batch a9EU079q0L6p1PAzmGy6nRuzhK9aGSKot7oYj2rfGvU= contains 204800 B
[2026-04-19T03:25:57.419Z INFO  worker::batch_maker] Batch uQ43nJcHKvXWTrRxlW8PD5qZDafesKfuKQtxO98avuA= contains sample tx 1253
[2026-04-19T03:25:57.419Z INFO  worker::batch_maker] Batch uQ43nJcHKvXWTrRxlW8PD5qZDafesKfuKQtxO98avuA= contains 204800 B
[2026-04-19T03:25:57.473Z INFO  worker::batch_maker] Batch 6lYNfoe02b08Vp4U+uFsPPVcyjoXcfZyRz0oQna1ADM= contains sample tx 1254
[2026-04-19T03:25:57.473Z INFO  worker::batch_maker] Batch 6lYNfoe02b08Vp4U+uFsPPVcyjoXcfZyRz0oQna1ADM= contains 204800 B
[2026-04-19T03:25:57.526Z INFO  worker::batch_maker] Batch Sb9PNiJXuxrWfNV/M2khVrRRJO9b8I2gmDpriBjlRds= contains sample tx 1255
[2026-04-19T03:25:57.526Z INFO  worker::batch_maker] Batch Sb9PNiJXuxrWfNV/M2khVrRRJO9b8I2gmDpriBjlRds= contains 204800 B
[2026-04-19T03:25:57.579Z INFO  worker::batch_maker] Batch w/A768k9QA5QR2/2/b+5sqT53qaCKHKBGhJdzAy5flg= contains sample tx 1256
[2026-04-19T03:25:57.579Z INFO  worker::batch_maker] Batch w/A768k9QA5QR2/2/b+5sqT53qaCKHKBGhJdzAy5flg= contains 204800 B
[2026-04-19T03:25:57.633Z INFO  worker::batch_maker] Batch IcuhcwUFbFIt73yTaSlqsyusU69LaSg5GLqsXAyOt0E= contains sample tx 1257
[2026-04-19T03:25:57.633Z INFO  worker::batch_maker] Batch IcuhcwUFbFIt73yTaSlqsyusU69LaSg5GLqsXAyOt0E= contains 204800 B
[2026-04-19T03:25:57.685Z INFO  worker::batch_maker] Batch JWyJeKmwfqs1wcqGemjf5QVwUlx5wjuQdYiFd+RnmHw= contains sample tx 1258
[2026-04-19T03:25:57.685Z INFO  worker::batch_maker] Batch JWyJeKmwfqs1wcqGemjf5QVwUlx5wjuQdYiFd+RnmHw= contains 204800 B
[2026-04-19T03:25:57.737Z INFO  worker::batch_maker] Batch dFXfgGTYnogJVFuwhXGhuAF8vLFfYuuPsUho+Q8lfE0= contains sample tx 1259
[2026-04-19T03:25:57.737Z INFO  worker::batch_maker] Batch dFXfgGTYnogJVFuwhXGhuAF8vLFfYuuPsUho+Q8lfE0= contains 204800 B
[2026-04-19T03:25:57.789Z INFO  worker::batch_maker] Batch i3kpRMj2ixQaNY470w13B1jvqieoFoEjT7E2O1clj/c= contains sample tx 1260
[2026-04-19T03:25:57.789Z INFO  worker::batch_maker] Batch i3kpRMj2ixQaNY470w13B1jvqieoFoEjT7E2O1clj/c= contains 204800 B
[2026-04-19T03:25:57.843Z INFO  worker::batch_maker] Batch f34dj11R4MvqrWz+KGsYgW5IxZ13mPhF35E1rzFJP8g= contains sample tx 1261
[2026-04-19T03:25:57.844Z INFO  worker::batch_maker] Batch f34dj11R4MvqrWz+KGsYgW5IxZ13mPhF35E1rzFJP8g= contains 204800 B
[2026-04-19T03:25:57.897Z INFO  worker::batch_maker] Batch KHkngqvmkTBmO92Qn5+I85NUn9foch9MYLMpHH9niQg= contains sample tx 1262
[2026-04-19T03:25:57.897Z INFO  worker::batch_maker] Batch KHkngqvmkTBmO92Qn5+I85NUn9foch9MYLMpHH9niQg= contains 204800 B
[2026-04-19T03:25:57.949Z INFO  worker::batch_maker] Batch sT/7U6Q8SEXB3xJzpvAiOpA6tdNYFmeQ/Ha1N1kfudY= contains sample tx 1263
[2026-04-19T03:25:57.949Z INFO  worker::batch_maker] Batch sT/7U6Q8SEXB3xJzpvAiOpA6tdNYFmeQ/Ha1N1kfudY= contains 204800 B
[2026-04-19T03:25:58.002Z INFO  worker::batch_maker] Batch Epj/bMRuPx/lP1Y5kKVMUGezRFtJUxvF0vc5JM5WW70= contains sample tx 1264
[2026-04-19T03:25:58.002Z INFO  worker::batch_maker] Batch Epj/bMRuPx/lP1Y5kKVMUGezRFtJUxvF0vc5JM5WW70= contains 204800 B
[2026-04-19T03:25:58.054Z INFO  worker::batch_maker] Batch T0CUzXlDmIg143LMwmIgZvYPEYBxA9VmkUksFVnjSRI= contains sample tx 1265
[2026-04-19T03:25:58.055Z INFO  worker::batch_maker] Batch T0CUzXlDmIg143LMwmIgZvYPEYBxA9VmkUksFVnjSRI= contains 204800 B
[2026-04-19T03:25:58.110Z INFO  worker::batch_maker] Batch b1BhqngwW5bxBWpMlUxUBEhEYRTNKBtkH/JPBrklfWk= contains sample tx 1266
[2026-04-19T03:25:58.110Z INFO  worker::batch_maker] Batch b1BhqngwW5bxBWpMlUxUBEhEYRTNKBtkH/JPBrklfWk= contains 226304 B
[2026-04-19T03:25:58.164Z INFO  worker::batch_maker] Batch zPmqYa52mlXGEhOIIFZOQnlhgbXaYs2w/vRZtiJlyOg= contains sample tx 1267
[2026-04-19T03:25:58.165Z INFO  worker::batch_maker] Batch zPmqYa52mlXGEhOIIFZOQnlhgbXaYs2w/vRZtiJlyOg= contains sample tx 1268
[2026-04-19T03:25:58.165Z INFO  worker::batch_maker] Batch zPmqYa52mlXGEhOIIFZOQnlhgbXaYs2w/vRZtiJlyOg= contains 388096 B
[2026-04-19T03:25:58.218Z INFO  worker::batch_maker] Batch ME1AFeXcBOgYY6SLkT/jeDX232g2uvg+k4p/Jw5o1lc= contains sample tx 1269
[2026-04-19T03:25:58.218Z INFO  worker::batch_maker] Batch ME1AFeXcBOgYY6SLkT/jeDX232g2uvg+k4p/Jw5o1lc= contains 204800 B
[2026-04-19T03:25:58.271Z INFO  worker::batch_maker] Batch mUFiwHYD+e1KGACJtv5fLTxUnKe2xAP64MGYioz+vVM= contains sample tx 1270
[2026-04-19T03:25:58.271Z INFO  worker::batch_maker] Batch mUFiwHYD+e1KGACJtv5fLTxUnKe2xAP64MGYioz+vVM= contains 204800 B
[2026-04-19T03:25:58.322Z INFO  worker::batch_maker] Batch Ex4KAJzr188u6kgw+ssg4xLap8OtLAjvsdOVD7N6jOI= contains sample tx 1271
[2026-04-19T03:25:58.322Z INFO  worker::batch_maker] Batch Ex4KAJzr188u6kgw+ssg4xLap8OtLAjvsdOVD7N6jOI= contains 204800 B
[2026-04-19T03:25:58.375Z INFO  worker::batch_maker] Batch oI5JP+qQQqUpkmZTa32Mk4L9QORxq0c/GsQrh0qMIXw= contains sample tx 1272
[2026-04-19T03:25:58.375Z INFO  worker::batch_maker] Batch oI5JP+qQQqUpkmZTa32Mk4L9QORxq0c/GsQrh0qMIXw= contains 204800 B
[2026-04-19T03:25:58.426Z INFO  worker::batch_maker] Batch plTM2XIWZqR43uTeV55YVCIQ9MYqpGO7hWlNN6tX//w= contains sample tx 1273
[2026-04-19T03:25:58.426Z INFO  worker::batch_maker] Batch plTM2XIWZqR43uTeV55YVCIQ9MYqpGO7hWlNN6tX//w= contains 204800 B
[2026-04-19T03:25:58.479Z INFO  worker::batch_maker] Batch 71nm9cVro1iU8/HTYD+TFcbYFYKPCQsPTI9yNSlin8U= contains sample tx 1274
[2026-04-19T03:25:58.479Z INFO  worker::batch_maker] Batch 71nm9cVro1iU8/HTYD+TFcbYFYKPCQsPTI9yNSlin8U= contains 204800 B
[2026-04-19T03:25:58.533Z INFO  worker::batch_maker] Batch uUiiXkuGTWUOleeK8KDt3J0xiiUbftw+X52ACIC0xQM= contains sample tx 1275
[2026-04-19T03:25:58.533Z INFO  worker::batch_maker] Batch uUiiXkuGTWUOleeK8KDt3J0xiiUbftw+X52ACIC0xQM= contains 204800 B
[2026-04-19T03:25:58.586Z INFO  worker::batch_maker] Batch JZXsasICM8/iB9DPEyK78oeAVFIujBdSlo/cOQDCPgs= contains sample tx 1276
[2026-04-19T03:25:58.586Z INFO  worker::batch_maker] Batch JZXsasICM8/iB9DPEyK78oeAVFIujBdSlo/cOQDCPgs= contains 204800 B
[2026-04-19T03:25:58.638Z INFO  worker::batch_maker] Batch hCpbbp733MUv31bGRn03lh2OXBmCNnK3rMm9zEg1c/4= contains sample tx 1277
[2026-04-19T03:25:58.638Z INFO  worker::batch_maker] Batch hCpbbp733MUv31bGRn03lh2OXBmCNnK3rMm9zEg1c/4= contains 204800 B
[2026-04-19T03:25:58.692Z INFO  worker::batch_maker] Batch RGEuaXkOaOvI9MM8Tg2+3x93I3OrsGf72coE4hpO4Eo= contains sample tx 1278
[2026-04-19T03:25:58.692Z INFO  worker::batch_maker] Batch RGEuaXkOaOvI9MM8Tg2+3x93I3OrsGf72coE4hpO4Eo= contains 204800 B
[2026-04-19T03:25:58.744Z INFO  worker::batch_maker] Batch DMJnTl0HJDWA6aAIPznTGvpRgRg3/3eALnePxLCUkQ4= contains sample tx 1279
[2026-04-19T03:25:58.744Z INFO  worker::batch_maker] Batch DMJnTl0HJDWA6aAIPznTGvpRgRg3/3eALnePxLCUkQ4= contains 204800 B
[2026-04-19T03:25:58.798Z INFO  worker::batch_maker] Batch potGo+OgtjVhsDIybyOWQePhK+zL62YNGnoOyU0Pl4s= contains sample tx 1280
[2026-04-19T03:25:58.798Z INFO  worker::batch_maker] Batch potGo+OgtjVhsDIybyOWQePhK+zL62YNGnoOyU0Pl4s= contains 204800 B
[2026-04-19T03:25:58.850Z INFO  worker::batch_maker] Batch ws8UBsfKGyzJ3BC/NIv2YpiOdsKJZTnLhgecUPvGNbU= contains sample tx 1281
[2026-04-19T03:25:58.850Z INFO  worker::batch_maker] Batch ws8UBsfKGyzJ3BC/NIv2YpiOdsKJZTnLhgecUPvGNbU= contains 204800 B
[2026-04-19T03:25:58.903Z INFO  worker::batch_maker] Batch PO0JQXTgWmojw4qhi58/qa3Ec8Lct0s3wgNvBUYN6GY= contains sample tx 1282
[2026-04-19T03:25:58.903Z INFO  worker::batch_maker] Batch PO0JQXTgWmojw4qhi58/qa3Ec8Lct0s3wgNvBUYN6GY= contains 204800 B
[2026-04-19T03:25:58.955Z INFO  worker::batch_maker] Batch j86nXg8dUq/DRodoDIwMAccCbhtEgMY2CHentfftd9E= contains sample tx 1283
[2026-04-19T03:25:58.955Z INFO  worker::batch_maker] Batch j86nXg8dUq/DRodoDIwMAccCbhtEgMY2CHentfftd9E= contains 204800 B
[2026-04-19T03:25:59.006Z INFO  worker::batch_maker] Batch qHKSgr9VCk4SAY2OlNm4rOphKyGJZEmH2hfP9wdyguU= contains sample tx 1284
[2026-04-19T03:25:59.006Z INFO  worker::batch_maker] Batch qHKSgr9VCk4SAY2OlNm4rOphKyGJZEmH2hfP9wdyguU= contains 232960 B
[2026-04-19T03:25:59.062Z INFO  worker::batch_maker] Batch BqvM+dZWf153bVes+knBxy1NysfHjWYfAqwkjtxfvcQ= contains sample tx 1285
[2026-04-19T03:25:59.062Z INFO  worker::batch_maker] Batch BqvM+dZWf153bVes+knBxy1NysfHjWYfAqwkjtxfvcQ= contains sample tx 1286
[2026-04-19T03:25:59.062Z INFO  worker::batch_maker] Batch BqvM+dZWf153bVes+knBxy1NysfHjWYfAqwkjtxfvcQ= contains 370688 B
[2026-04-19T03:25:59.115Z INFO  worker::batch_maker] Batch 9y/HX41GNn3eJ/pmqiXGoWiHUEstqu58vgguFw4NotQ= contains sample tx 1287
[2026-04-19T03:25:59.116Z INFO  worker::batch_maker] Batch 9y/HX41GNn3eJ/pmqiXGoWiHUEstqu58vgguFw4NotQ= contains 215552 B
[2026-04-19T03:25:59.168Z INFO  worker::batch_maker] Batch 9i5wYkpqT8rH5EoGqgeUAGs3vICZKt69mcguLy42S+0= contains sample tx 1288
[2026-04-19T03:25:59.168Z INFO  worker::batch_maker] Batch 9i5wYkpqT8rH5EoGqgeUAGs3vICZKt69mcguLy42S+0= contains 204800 B
[2026-04-19T03:25:59.219Z INFO  worker::batch_maker] Batch Pmja3a311xWgOWdlE8JiciNGkaKPBwUEZpTD0Cgoa4s= contains sample tx 1289
[2026-04-19T03:25:59.219Z INFO  worker::batch_maker] Batch Pmja3a311xWgOWdlE8JiciNGkaKPBwUEZpTD0Cgoa4s= contains 204800 B
[2026-04-19T03:25:59.272Z INFO  worker::batch_maker] Batch Y1fV3K/CF2Sf3P+WpPPxp+YtDId+oR9rnpcfDbO+xyY= contains sample tx 1290
[2026-04-19T03:25:59.272Z INFO  worker::batch_maker] Batch Y1fV3K/CF2Sf3P+WpPPxp+YtDId+oR9rnpcfDbO+xyY= contains 204800 B
[2026-04-19T03:25:59.324Z INFO  worker::batch_maker] Batch QZp6snqJmHhSNjKTDC+0IOynhbe98toiT/uFoO6GPaQ= contains sample tx 1291
[2026-04-19T03:25:59.324Z INFO  worker::batch_maker] Batch QZp6snqJmHhSNjKTDC+0IOynhbe98toiT/uFoO6GPaQ= contains 204800 B
[2026-04-19T03:25:59.376Z INFO  worker::batch_maker] Batch 0ujVPayl0BE+FjKX0Kf//B2QuTxDL4ssbM+6M64aWiQ= contains sample tx 1292
[2026-04-19T03:25:59.376Z INFO  worker::batch_maker] Batch 0ujVPayl0BE+FjKX0Kf//B2QuTxDL4ssbM+6M64aWiQ= contains 204800 B
[2026-04-19T03:25:59.429Z INFO  worker::batch_maker] Batch RSJYYVMz8CiopCqxpPexn5QGnu+Pce1FgSfonNozP4g= contains sample tx 1293
[2026-04-19T03:25:59.429Z INFO  worker::batch_maker] Batch RSJYYVMz8CiopCqxpPexn5QGnu+Pce1FgSfonNozP4g= contains 204800 B
[2026-04-19T03:25:59.483Z INFO  worker::batch_maker] Batch fFiu9zcvm3ALS2d2wJpOe3XwHsnzEABuuyZYvk8TiuU= contains sample tx 1294
[2026-04-19T03:25:59.483Z INFO  worker::batch_maker] Batch fFiu9zcvm3ALS2d2wJpOe3XwHsnzEABuuyZYvk8TiuU= contains 204800 B
[2026-04-19T03:25:59.536Z INFO  worker::batch_maker] Batch ZP3V7xI4XhpgACkgIFjOLndM3LmInVBSbQy7SIrhOz4= contains sample tx 1295
[2026-04-19T03:25:59.536Z INFO  worker::batch_maker] Batch ZP3V7xI4XhpgACkgIFjOLndM3LmInVBSbQy7SIrhOz4= contains 204800 B
[2026-04-19T03:25:59.590Z INFO  worker::batch_maker] Batch j8nm89Nn4CQ4T1Y3pdMpRz1VPoFI9lrk2UEBbYiV8mc= contains sample tx 1296
[2026-04-19T03:25:59.590Z INFO  worker::batch_maker] Batch j8nm89Nn4CQ4T1Y3pdMpRz1VPoFI9lrk2UEBbYiV8mc= contains 204800 B
[2026-04-19T03:25:59.643Z INFO  worker::batch_maker] Batch DjLykmrBu+H/A+ZqGA3keIDZ9i7ppOk0rAdWOCM8IEY= contains sample tx 1297
[2026-04-19T03:25:59.643Z INFO  worker::batch_maker] Batch DjLykmrBu+H/A+ZqGA3keIDZ9i7ppOk0rAdWOCM8IEY= contains 204800 B
[2026-04-19T03:25:59.694Z INFO  worker::batch_maker] Batch EckFsY0NIAKAZ7UReyHEjdl3Dw4zTTRzW8k9+fCNIDI= contains sample tx 1298
[2026-04-19T03:25:59.694Z INFO  worker::batch_maker] Batch EckFsY0NIAKAZ7UReyHEjdl3Dw4zTTRzW8k9+fCNIDI= contains 204800 B
[2026-04-19T03:25:59.747Z INFO  worker::batch_maker] Batch vFC0NBNKsu/QdLFvSWkKBle1iHkin1+uh79foQRlswY= contains sample tx 1299
[2026-04-19T03:25:59.747Z INFO  worker::batch_maker] Batch vFC0NBNKsu/QdLFvSWkKBle1iHkin1+uh79foQRlswY= contains 204800 B
[2026-04-19T03:25:59.800Z INFO  worker::batch_maker] Batch jR8pF7phJQqOE7L3orGOKX0RnabeSaXxsGCeDK2Jt3g= contains sample tx 1300
[2026-04-19T03:25:59.800Z INFO  worker::batch_maker] Batch jR8pF7phJQqOE7L3orGOKX0RnabeSaXxsGCeDK2Jt3g= contains 204800 B
[2026-04-19T03:25:59.853Z INFO  worker::batch_maker] Batch o1yAVWrIxQjTgcOv6Y0Mtnp/U8Vz65nhEty7drkR3GY= contains sample tx 1301
[2026-04-19T03:25:59.853Z INFO  worker::batch_maker] Batch o1yAVWrIxQjTgcOv6Y0Mtnp/U8Vz65nhEty7drkR3GY= contains 204800 B
[2026-04-19T03:25:59.906Z INFO  worker::batch_maker] Batch c+edzBF8LtmV3+ecYqTn9cA0Z1O3NIZO3wM1+6IVDNM= contains sample tx 1302
[2026-04-19T03:25:59.906Z INFO  worker::batch_maker] Batch c+edzBF8LtmV3+ecYqTn9cA0Z1O3NIZO3wM1+6IVDNM= contains 204800 B
[2026-04-19T03:25:59.960Z INFO  worker::batch_maker] Batch NsJoen8I8YnTIFXC2iZQ+OgVtuo1QIsocygkp/x6S1s= contains sample tx 1303
[2026-04-19T03:25:59.960Z INFO  worker::batch_maker] Batch NsJoen8I8YnTIFXC2iZQ+OgVtuo1QIsocygkp/x6S1s= contains sample tx 1304
[2026-04-19T03:25:59.960Z INFO  worker::batch_maker] Batch NsJoen8I8YnTIFXC2iZQ+OgVtuo1QIsocygkp/x6S1s= contains 357376 B
[2026-04-19T03:26:00.013Z INFO  worker::batch_maker] Batch S6uzbXyOIFKETFO5/eZIC4IHEazZeDO44pjKqxro86w= contains sample tx 1305
[2026-04-19T03:26:00.013Z INFO  worker::batch_maker] Batch S6uzbXyOIFKETFO5/eZIC4IHEazZeDO44pjKqxro86w= contains 209408 B
[2026-04-19T03:26:00.065Z INFO  worker::batch_maker] Batch AU5ucJlfXly0JDr887FoyKYYKm/bVcq/TEJYw7Fc7Y8= contains sample tx 1306
[2026-04-19T03:26:00.065Z INFO  worker::batch_maker] Batch AU5ucJlfXly0JDr887FoyKYYKm/bVcq/TEJYw7Fc7Y8= contains 252416 B
[2026-04-19T03:26:00.118Z INFO  worker::batch_maker] Batch P4tUAFxGlmlWv6/HCMBpL6MkV+sUqIsrGFf6yWeOxig= contains sample tx 1307
[2026-04-19T03:26:00.118Z INFO  worker::batch_maker] Batch P4tUAFxGlmlWv6/HCMBpL6MkV+sUqIsrGFf6yWeOxig= contains 204800 B
[2026-04-19T03:26:00.171Z INFO  worker::batch_maker] Batch rEjo3OR9DVNbUkyzhGqGBhVOfFRItvtLqItaBsjWdtk= contains sample tx 1308
[2026-04-19T03:26:00.171Z INFO  worker::batch_maker] Batch rEjo3OR9DVNbUkyzhGqGBhVOfFRItvtLqItaBsjWdtk= contains 204800 B
[2026-04-19T03:26:00.224Z INFO  worker::batch_maker] Batch 2gRZ5Xrgc8vOFLCLFtXTszBdmfi2XTIIbu55v1XB6Ng= contains sample tx 1309
[2026-04-19T03:26:00.224Z INFO  worker::batch_maker] Batch 2gRZ5Xrgc8vOFLCLFtXTszBdmfi2XTIIbu55v1XB6Ng= contains 204800 B
[2026-04-19T03:26:00.277Z INFO  worker::batch_maker] Batch Fm22VvrY8PO4e/1FY0mvtGMBVemipIrZXO+WyLbxxAc= contains sample tx 1310
[2026-04-19T03:26:00.277Z INFO  worker::batch_maker] Batch Fm22VvrY8PO4e/1FY0mvtGMBVemipIrZXO+WyLbxxAc= contains 204800 B
[2026-04-19T03:26:00.329Z INFO  worker::batch_maker] Batch 0u/q8fm1Ma85IHmrnlnG4bB/fhKuZQIniiRfVtgebEo= contains 56832 B
[2026-04-19T03:26:00.384Z INFO  worker::batch_maker] Batch KpfVx4E4fVxDTD+7oyVKaMN+TrC1Vmia8ZN8rsyZKZo= contains sample tx 1311
[2026-04-19T03:26:00.384Z INFO  worker::batch_maker] Batch KpfVx4E4fVxDTD+7oyVKaMN+TrC1Vmia8ZN8rsyZKZo= contains sample tx 1312
[2026-04-19T03:26:00.384Z INFO  worker::batch_maker] Batch KpfVx4E4fVxDTD+7oyVKaMN+TrC1Vmia8ZN8rsyZKZo= contains 352768 B
[2026-04-19T03:26:00.435Z INFO  worker::batch_maker] Batch AGHPhNGEq3RmpnPvuK3JnFvmYJu5gpew1wCW1O4cZyg= contains sample tx 1313
[2026-04-19T03:26:00.435Z INFO  worker::batch_maker] Batch AGHPhNGEq3RmpnPvuK3JnFvmYJu5gpew1wCW1O4cZyg= contains 204800 B
[2026-04-19T03:26:00.490Z INFO  worker::batch_maker] Batch KJotFOUlg6VK/MfMAX+h/nuzTQ1hqhZV4up35U1+Yn8= contains sample tx 1314
[2026-04-19T03:26:00.490Z INFO  worker::batch_maker] Batch KJotFOUlg6VK/MfMAX+h/nuzTQ1hqhZV4up35U1+Yn8= contains 204800 B
[2026-04-19T03:26:00.543Z INFO  worker::batch_maker] Batch MAIKLWxgAV633TznfzSSl/eWOmebnAmbgew/W6vfm18= contains sample tx 1315
[2026-04-19T03:26:00.543Z INFO  worker::batch_maker] Batch MAIKLWxgAV633TznfzSSl/eWOmebnAmbgew/W6vfm18= contains 204800 B
[2026-04-19T03:26:00.595Z INFO  worker::batch_maker] Batch MCaNEvM26J/lr9He54G7hUltzaLGtEhtIXwlZGZCt2A= contains sample tx 1316
[2026-04-19T03:26:00.595Z INFO  worker::batch_maker] Batch MCaNEvM26J/lr9He54G7hUltzaLGtEhtIXwlZGZCt2A= contains 166912 B
[2026-04-19T03:26:00.647Z INFO  worker::batch_maker] Batch jHh1H0qjOBmphxUXpDah1taBv7xvMeYgcH9b0/4ODgc= contains sample tx 1317
[2026-04-19T03:26:00.647Z INFO  worker::batch_maker] Batch jHh1H0qjOBmphxUXpDah1taBv7xvMeYgcH9b0/4ODgc= contains 242688 B
[2026-04-19T03:26:00.701Z INFO  worker::batch_maker] Batch Je0ZIFTpOYF4AUcDYLIMJs/xhFOM/huFBPIuHVovBsE= contains sample tx 1318
[2026-04-19T03:26:00.701Z INFO  worker::batch_maker] Batch Je0ZIFTpOYF4AUcDYLIMJs/xhFOM/huFBPIuHVovBsE= contains 204800 B
[2026-04-19T03:26:00.754Z INFO  worker::batch_maker] Batch Q5kHtl1Cril86+RAZvXeuE5A00DVqEUy8gVA9sC/5ls= contains sample tx 1319
[2026-04-19T03:26:00.754Z INFO  worker::batch_maker] Batch Q5kHtl1Cril86+RAZvXeuE5A00DVqEUy8gVA9sC/5ls= contains 204800 B
[2026-04-19T03:26:00.807Z INFO  worker::batch_maker] Batch qleaIM8EgPBw3yeyyaP41kEXP833563EUKiA1P1usMI= contains sample tx 1320
[2026-04-19T03:26:00.807Z INFO  worker::batch_maker] Batch qleaIM8EgPBw3yeyyaP41kEXP833563EUKiA1P1usMI= contains 204800 B
[2026-04-19T03:26:00.863Z INFO  worker::batch_maker] Batch 6XiF/NQgLFW8cbGqbdM126QsyLQa7Z4QHOeZPCMMPzw= contains sample tx 1321
[2026-04-19T03:26:00.863Z INFO  worker::batch_maker] Batch 6XiF/NQgLFW8cbGqbdM126QsyLQa7Z4QHOeZPCMMPzw= contains sample tx 1322
[2026-04-19T03:26:00.863Z INFO  worker::batch_maker] Batch 6XiF/NQgLFW8cbGqbdM126QsyLQa7Z4QHOeZPCMMPzw= contains 409600 B
[2026-04-19T03:26:00.916Z INFO  worker::batch_maker] Batch F3cjpZqKuWoABSC/k14cmutkraNVrK9WsRhpD8PaRfE= contains sample tx 1323
[2026-04-19T03:26:00.916Z INFO  worker::batch_maker] Batch F3cjpZqKuWoABSC/k14cmutkraNVrK9WsRhpD8PaRfE= contains 204800 B
[2026-04-19T03:26:00.969Z INFO  worker::batch_maker] Batch qmU2sHlxfquZ3+FjoXjSSo9pQo1kZrEXs8JVBJuqgJc= contains sample tx 1324
[2026-04-19T03:26:00.969Z INFO  worker::batch_maker] Batch qmU2sHlxfquZ3+FjoXjSSo9pQo1kZrEXs8JVBJuqgJc= contains 204800 B
[2026-04-19T03:26:01.022Z INFO  worker::batch_maker] Batch Rb0iqo6GjYF2Lp+7mhts8x5Iv0sv8Iwt8jBwn2nRaro= contains sample tx 1325
[2026-04-19T03:26:01.022Z INFO  worker::batch_maker] Batch Rb0iqo6GjYF2Lp+7mhts8x5Iv0sv8Iwt8jBwn2nRaro= contains 204800 B
[2026-04-19T03:26:01.075Z INFO  worker::batch_maker] Batch j3igbg6cCltEDWUQBTdfF9yyGBHh4eWryG5UD242JSg= contains sample tx 1326
[2026-04-19T03:26:01.075Z INFO  worker::batch_maker] Batch j3igbg6cCltEDWUQBTdfF9yyGBHh4eWryG5UD242JSg= contains 204800 B
[2026-04-19T03:26:01.129Z INFO  worker::batch_maker] Batch /tGCrfpJzwM7SbItZF8v9eZmhdV3kruNvJjucwb9dEQ= contains sample tx 1327
[2026-04-19T03:26:01.129Z INFO  worker::batch_maker] Batch /tGCrfpJzwM7SbItZF8v9eZmhdV3kruNvJjucwb9dEQ= contains 204800 B
[2026-04-19T03:26:01.183Z INFO  worker::batch_maker] Batch OSezJSv61cFuiA475G0XxUyNQOnR7dYe4FVldVaJgFs= contains sample tx 1328
[2026-04-19T03:26:01.183Z INFO  worker::batch_maker] Batch OSezJSv61cFuiA475G0XxUyNQOnR7dYe4FVldVaJgFs= contains 204800 B
[2026-04-19T03:26:01.235Z INFO  worker::batch_maker] Batch 8ODya+DeB5y2ZDnRNK8l0UBOZijsEwMc5uOQciDdH7I= contains sample tx 1329
[2026-04-19T03:26:01.235Z INFO  worker::batch_maker] Batch 8ODya+DeB5y2ZDnRNK8l0UBOZijsEwMc5uOQciDdH7I= contains 204800 B
[2026-04-19T03:26:01.288Z INFO  worker::batch_maker] Batch 1NEkthbqXB5vdI98ipoRF9Qkcu4kZe5P553BgYoHW5A= contains sample tx 1330
[2026-04-19T03:26:01.288Z INFO  worker::batch_maker] Batch 1NEkthbqXB5vdI98ipoRF9Qkcu4kZe5P553BgYoHW5A= contains 204800 B
[2026-04-19T03:26:01.343Z INFO  worker::batch_maker] Batch MquzHPl8kdTrCAheiaXepM9Y94LkjwmhqUk8I9iXrN8= contains sample tx 1331
[2026-04-19T03:26:01.343Z INFO  worker::batch_maker] Batch MquzHPl8kdTrCAheiaXepM9Y94LkjwmhqUk8I9iXrN8= contains 204800 B
[2026-04-19T03:26:01.396Z INFO  worker::batch_maker] Batch Ii12wF4puZ/duvkQhZlJcU/UdRX1XGFIoRerTHG24NE= contains sample tx 1332
[2026-04-19T03:26:01.396Z INFO  worker::batch_maker] Batch Ii12wF4puZ/duvkQhZlJcU/UdRX1XGFIoRerTHG24NE= contains 204800 B
[2026-04-19T03:26:01.450Z INFO  worker::batch_maker] Batch Q+yRX6+vYOS9G5vfq+xF4i0IlqM/eSMk+KweyAqWBBg= contains sample tx 1333
[2026-04-19T03:26:01.450Z INFO  worker::batch_maker] Batch Q+yRX6+vYOS9G5vfq+xF4i0IlqM/eSMk+KweyAqWBBg= contains 204800 B
[2026-04-19T03:26:01.502Z INFO  worker::batch_maker] Batch pfbeGpCYpiQ4SFQYNSqlqC14vD7nx/rlZKwnxtfABIA= contains sample tx 1334
[2026-04-19T03:26:01.502Z INFO  worker::batch_maker] Batch pfbeGpCYpiQ4SFQYNSqlqC14vD7nx/rlZKwnxtfABIA= contains 204800 B
[2026-04-19T03:26:01.555Z INFO  worker::batch_maker] Batch dIcoLiDU3uRq6X9eyM7t8uBPHk9j2HOzpQfMedlEg3s= contains sample tx 1335
[2026-04-19T03:26:01.555Z INFO  worker::batch_maker] Batch dIcoLiDU3uRq6X9eyM7t8uBPHk9j2HOzpQfMedlEg3s= contains 204800 B
[2026-04-19T03:26:01.608Z INFO  worker::batch_maker] Batch NyxfxihEbLXZa7watxvYrN+Zc4df0yUHashw8dtbQeM= contains sample tx 1336
[2026-04-19T03:26:01.608Z INFO  worker::batch_maker] Batch NyxfxihEbLXZa7watxvYrN+Zc4df0yUHashw8dtbQeM= contains 247296 B
[2026-04-19T03:26:01.661Z INFO  worker::batch_maker] Batch pGRKVLFjprAsl7Na83Whv2NVJ84J3oOQQa+imL3Z18I= contains sample tx 1337
[2026-04-19T03:26:01.661Z INFO  worker::batch_maker] Batch pGRKVLFjprAsl7Na83Whv2NVJ84J3oOQQa+imL3Z18I= contains sample tx 1338
[2026-04-19T03:26:01.661Z INFO  worker::batch_maker] Batch pGRKVLFjprAsl7Na83Whv2NVJ84J3oOQQa+imL3Z18I= contains 282624 B
[2026-04-19T03:26:01.715Z INFO  worker::batch_maker] Batch Fou5inYLIdVRPPNOyrcTPhOmKOykL/pVYuLeHwzaNsI= contains sample tx 1339
[2026-04-19T03:26:01.715Z INFO  worker::batch_maker] Batch Fou5inYLIdVRPPNOyrcTPhOmKOykL/pVYuLeHwzaNsI= contains 289280 B
[2026-04-19T03:26:01.767Z INFO  worker::batch_maker] Batch lCrK74GSrg5SMqyQRQyGIuuIneNauuMIUTqE1J9rTe0= contains sample tx 1340
[2026-04-19T03:26:01.767Z INFO  worker::batch_maker] Batch lCrK74GSrg5SMqyQRQyGIuuIneNauuMIUTqE1J9rTe0= contains 128512 B
[2026-04-19T03:26:01.821Z INFO  worker::batch_maker] Batch C3t2xeyDJjnHSbD9Hc6fvJslMmCpsa0Rjk78FQN0F0E= contains sample tx 1341
[2026-04-19T03:26:01.822Z INFO  worker::batch_maker] Batch C3t2xeyDJjnHSbD9Hc6fvJslMmCpsa0Rjk78FQN0F0E= contains 281088 B
[2026-04-19T03:26:01.875Z INFO  worker::batch_maker] Batch Ug5uUnuTw8gt9aXiOBbBsapfVxevnUv25Ho04no4HBU= contains sample tx 1342
[2026-04-19T03:26:01.875Z INFO  worker::batch_maker] Batch Ug5uUnuTw8gt9aXiOBbBsapfVxevnUv25Ho04no4HBU= contains 204800 B
[2026-04-19T03:26:01.927Z INFO  worker::batch_maker] Batch Gk1SNnDozJBRM7k0Yi8YjIZELGt447THgpgUMBeaMsU= contains sample tx 1343
[2026-04-19T03:26:01.928Z INFO  worker::batch_maker] Batch Gk1SNnDozJBRM7k0Yi8YjIZELGt447THgpgUMBeaMsU= contains 204800 B
[2026-04-19T03:26:01.981Z INFO  worker::batch_maker] Batch ZVwug6HMonHfTZfp19DhBKAOgiGo3gH/NxIL/mYL0A8= contains sample tx 1344
[2026-04-19T03:26:01.981Z INFO  worker::batch_maker] Batch ZVwug6HMonHfTZfp19DhBKAOgiGo3gH/NxIL/mYL0A8= contains 204800 B
[2026-04-19T03:26:02.034Z INFO  worker::batch_maker] Batch QRfD0qnP3WHXnu+9TP4Wxk7G93jQBNh4J1sT8fc9ke0= contains sample tx 1345
[2026-04-19T03:26:02.034Z INFO  worker::batch_maker] Batch QRfD0qnP3WHXnu+9TP4Wxk7G93jQBNh4J1sT8fc9ke0= contains 204800 B
[2026-04-19T03:26:02.088Z INFO  worker::batch_maker] Batch tXkbZx4r7OBv3Doc/X++chIMUT7ECqI02E67PN94Jdo= contains sample tx 1346
[2026-04-19T03:26:02.088Z INFO  worker::batch_maker] Batch tXkbZx4r7OBv3Doc/X++chIMUT7ECqI02E67PN94Jdo= contains 204800 B
[2026-04-19T03:26:02.141Z INFO  worker::batch_maker] Batch qBtPwTwIGTBRvdyU1NoAPxP+SQtV1ZiW9pQtx1c++Z4= contains sample tx 1347
[2026-04-19T03:26:02.141Z INFO  worker::batch_maker] Batch qBtPwTwIGTBRvdyU1NoAPxP+SQtV1ZiW9pQtx1c++Z4= contains 204800 B
[2026-04-19T03:26:02.194Z INFO  worker::batch_maker] Batch 47cSQI20KbpDsfa6tKB4kS68SvS2N5GzsfvapXyIph4= contains sample tx 1348
[2026-04-19T03:26:02.194Z INFO  worker::batch_maker] Batch 47cSQI20KbpDsfa6tKB4kS68SvS2N5GzsfvapXyIph4= contains 204800 B
[2026-04-19T03:26:02.247Z INFO  worker::batch_maker] Batch Jgcfbn1xiwWVHLbKRWswcu/BUvO8f8zy4IBaUzN8voQ= contains sample tx 1349
[2026-04-19T03:26:02.247Z INFO  worker::batch_maker] Batch Jgcfbn1xiwWVHLbKRWswcu/BUvO8f8zy4IBaUzN8voQ= contains 204800 B
[2026-04-19T03:26:02.300Z INFO  worker::batch_maker] Batch h6yTMScgOBSkU6j7fk9yU7Jnd5tA5N0nSxc1OuhrbGI= contains sample tx 1350
[2026-04-19T03:26:02.300Z INFO  worker::batch_maker] Batch h6yTMScgOBSkU6j7fk9yU7Jnd5tA5N0nSxc1OuhrbGI= contains 204800 B
[2026-04-19T03:26:02.353Z INFO  worker::batch_maker] Batch EUjVOnSzUpLt+myxXvP+t7mHwLrKS03jdX2LiCh+VMI= contains sample tx 1351
[2026-04-19T03:26:02.353Z INFO  worker::batch_maker] Batch EUjVOnSzUpLt+myxXvP+t7mHwLrKS03jdX2LiCh+VMI= contains 204800 B
[2026-04-19T03:26:02.406Z INFO  worker::batch_maker] Batch PZtU5DA+dmUnxjDNYiDaQpTWmissX3my77KED8ou6O4= contains sample tx 1352
[2026-04-19T03:26:02.406Z INFO  worker::batch_maker] Batch PZtU5DA+dmUnxjDNYiDaQpTWmissX3my77KED8ou6O4= contains 204800 B
[2026-04-19T03:26:02.460Z INFO  worker::batch_maker] Batch MQShSKxZZrZuJXo9xdJKFvCXFFEYDmuchu6j2DiiCAM= contains sample tx 1353
[2026-04-19T03:26:02.460Z INFO  worker::batch_maker] Batch MQShSKxZZrZuJXo9xdJKFvCXFFEYDmuchu6j2DiiCAM= contains sample tx 1354
[2026-04-19T03:26:02.460Z INFO  worker::batch_maker] Batch MQShSKxZZrZuJXo9xdJKFvCXFFEYDmuchu6j2DiiCAM= contains 309760 B
[2026-04-19T03:26:02.514Z INFO  worker::batch_maker] Batch bBs/Y16xem5r/SHTmXXQd1Bpp9g0SBrUFZmO9fPQEvA= contains sample tx 1355
[2026-04-19T03:26:02.514Z INFO  worker::batch_maker] Batch bBs/Y16xem5r/SHTmXXQd1Bpp9g0SBrUFZmO9fPQEvA= contains 304640 B
[2026-04-19T03:26:02.566Z INFO  worker::batch_maker] Batch WvvyZLaS8T9OZgqWMX7a1Y39Q39NwaDoD3fCAYoaZQg= contains sample tx 1356
[2026-04-19T03:26:02.567Z INFO  worker::batch_maker] Batch WvvyZLaS8T9OZgqWMX7a1Y39Q39NwaDoD3fCAYoaZQg= contains 204800 B
[2026-04-19T03:26:02.621Z INFO  worker::batch_maker] Batch F//NHNugUFribdMQZnbJauG4z63kMKlq0Tabu9D1s/c= contains sample tx 1357
[2026-04-19T03:26:02.621Z INFO  worker::batch_maker] Batch F//NHNugUFribdMQZnbJauG4z63kMKlq0Tabu9D1s/c= contains 204800 B
[2026-04-19T03:26:02.673Z INFO  worker::batch_maker] Batch VbNwWLaGo+dj8zcv38rm04vDGgRBFueWd4FKdbkZv0s= contains sample tx 1358
[2026-04-19T03:26:02.675Z INFO  worker::batch_maker] Batch VbNwWLaGo+dj8zcv38rm04vDGgRBFueWd4FKdbkZv0s= contains 153088 B
[2026-04-19T03:26:02.729Z INFO  worker::batch_maker] Batch qk8VnN5hhAe2Nr3NcT8C99R97LRNchbpwdA0nXediMI= contains sample tx 1359
[2026-04-19T03:26:02.730Z INFO  worker::batch_maker] Batch qk8VnN5hhAe2Nr3NcT8C99R97LRNchbpwdA0nXediMI= contains 256512 B
[2026-04-19T03:26:02.783Z INFO  worker::batch_maker] Batch m1odlyz+qKLr0t6x6MSCuwJPfhgYx9lGgEoutdd2408= contains sample tx 1360
[2026-04-19T03:26:02.783Z INFO  worker::batch_maker] Batch m1odlyz+qKLr0t6x6MSCuwJPfhgYx9lGgEoutdd2408= contains 204800 B
[2026-04-19T03:26:02.835Z INFO  worker::batch_maker] Batch sTqsnwn6bCZk/jUd3KiRIJnwhVgJ93tSXCoLm195vAc= contains sample tx 1361
[2026-04-19T03:26:02.835Z INFO  worker::batch_maker] Batch sTqsnwn6bCZk/jUd3KiRIJnwhVgJ93tSXCoLm195vAc= contains 204800 B
[2026-04-19T03:26:02.889Z INFO  worker::batch_maker] Batch FiKdeOqLUjLxGDsMEUHZPdQ9RbC32vS4K9i2O2I4wVM= contains sample tx 1362
[2026-04-19T03:26:02.889Z INFO  worker::batch_maker] Batch FiKdeOqLUjLxGDsMEUHZPdQ9RbC32vS4K9i2O2I4wVM= contains 204800 B
[2026-04-19T03:26:02.943Z INFO  worker::batch_maker] Batch 3g2kcO04vAbHlvRqOhqEz1bHkj7nZIcAvCQytl5VXmc= contains sample tx 1363
[2026-04-19T03:26:02.943Z INFO  worker::batch_maker] Batch 3g2kcO04vAbHlvRqOhqEz1bHkj7nZIcAvCQytl5VXmc= contains 204800 B
[2026-04-19T03:26:02.997Z INFO  worker::batch_maker] Batch KcM9H4Q6HJo2O7UA4FPzPdRrp7mf2UFxPudJzv/aQAI= contains sample tx 1364
[2026-04-19T03:26:02.997Z INFO  worker::batch_maker] Batch KcM9H4Q6HJo2O7UA4FPzPdRrp7mf2UFxPudJzv/aQAI= contains 204800 B
[2026-04-19T03:26:03.051Z INFO  worker::batch_maker] Batch kUCyPoEyRmAdVBzuLeVv5LCO/hxcyY3g8kJuAvBUkgI= contains sample tx 1365
[2026-04-19T03:26:03.051Z INFO  worker::batch_maker] Batch kUCyPoEyRmAdVBzuLeVv5LCO/hxcyY3g8kJuAvBUkgI= contains 204800 B
[2026-04-19T03:26:03.104Z INFO  worker::batch_maker] Batch Laj/EuQ8DY+fy2T4ROuGYb3qZKGbmcz9D+q4SU80P4M= contains sample tx 1366
[2026-04-19T03:26:03.104Z INFO  worker::batch_maker] Batch Laj/EuQ8DY+fy2T4ROuGYb3qZKGbmcz9D+q4SU80P4M= contains 204800 B
[2026-04-19T03:26:03.156Z INFO  worker::batch_maker] Batch 0WuX+LELzoppZoqQoSqNmKy1BJroKT36VxgBaSaolfU= contains sample tx 1367
[2026-04-19T03:26:03.156Z INFO  worker::batch_maker] Batch 0WuX+LELzoppZoqQoSqNmKy1BJroKT36VxgBaSaolfU= contains 204800 B
[2026-04-19T03:26:03.210Z INFO  worker::batch_maker] Batch z2R/bMcrEBjUwUyVhggxv+nQXVPD1abDsFqpq847jas= contains sample tx 1368
[2026-04-19T03:26:03.210Z INFO  worker::batch_maker] Batch z2R/bMcrEBjUwUyVhggxv+nQXVPD1abDsFqpq847jas= contains 284672 B
[2026-04-19T03:26:03.265Z INFO  worker::batch_maker] Batch WQIHD9VmYl9BODXW31w2qGyYIsBt1Fqjj/LbxCoAdj8= contains sample tx 1369
[2026-04-19T03:26:03.265Z INFO  worker::batch_maker] Batch WQIHD9VmYl9BODXW31w2qGyYIsBt1Fqjj/LbxCoAdj8= contains sample tx 1370
[2026-04-19T03:26:03.265Z INFO  worker::batch_maker] Batch WQIHD9VmYl9BODXW31w2qGyYIsBt1Fqjj/LbxCoAdj8= contains 329728 B
[2026-04-19T03:26:03.318Z INFO  worker::batch_maker] Batch hhK+PE7YdE6Y9nmDDDgYVVx2ZKrIU45HdzEqUHXUBR0= contains sample tx 1371
[2026-04-19T03:26:03.318Z INFO  worker::batch_maker] Batch hhK+PE7YdE6Y9nmDDDgYVVx2ZKrIU45HdzEqUHXUBR0= contains 204800 B
[2026-04-19T03:26:03.370Z INFO  worker::batch_maker] Batch d+oqUuGZm/SFULMytV6CNh62U/SlVqSiCSs44G1LpZM= contains sample tx 1372
[2026-04-19T03:26:03.370Z INFO  worker::batch_maker] Batch d+oqUuGZm/SFULMytV6CNh62U/SlVqSiCSs44G1LpZM= contains 204800 B
[2026-04-19T03:26:03.423Z INFO  worker::batch_maker] Batch 9Cwgmoh57Nv5GatcGwsLSIWBVWQ9Mkjei5eqIvJGuvA= contains sample tx 1373
[2026-04-19T03:26:03.423Z INFO  worker::batch_maker] Batch 9Cwgmoh57Nv5GatcGwsLSIWBVWQ9Mkjei5eqIvJGuvA= contains 204800 B
[2026-04-19T03:26:03.477Z INFO  worker::batch_maker] Batch zp5podH9pR4bWqpE3JpcvhG4GmfTiTBXBPq05LUicZo= contains sample tx 1374
[2026-04-19T03:26:03.477Z INFO  worker::batch_maker] Batch zp5podH9pR4bWqpE3JpcvhG4GmfTiTBXBPq05LUicZo= contains 204800 B
[2026-04-19T03:26:03.531Z INFO  worker::batch_maker] Batch R8lrMoZ98YzToJdCH2s7ChBQ9V6wOdnQ37Be3zIT54E= contains sample tx 1375
[2026-04-19T03:26:03.531Z INFO  worker::batch_maker] Batch R8lrMoZ98YzToJdCH2s7ChBQ9V6wOdnQ37Be3zIT54E= contains 204800 B
[2026-04-19T03:26:03.584Z INFO  worker::batch_maker] Batch mLF4ZGQiL3cP7I2XWRW5cdZeE2hQgBA/vYe/TxAf1fo= contains sample tx 1376
[2026-04-19T03:26:03.584Z INFO  worker::batch_maker] Batch mLF4ZGQiL3cP7I2XWRW5cdZeE2hQgBA/vYe/TxAf1fo= contains 204800 B
[2026-04-19T03:26:03.637Z INFO  worker::batch_maker] Batch qQ4eLs0T/iPAx/Z2ckrVrXV4xRgp55FFV8GcLcO5DYw= contains sample tx 1377
[2026-04-19T03:26:03.637Z INFO  worker::batch_maker] Batch qQ4eLs0T/iPAx/Z2ckrVrXV4xRgp55FFV8GcLcO5DYw= contains 204800 B
[2026-04-19T03:26:03.691Z INFO  worker::batch_maker] Batch vRNe4FvNR60HVAPfzK3KwQb3571W0nzKpNwRROjnNUE= contains sample tx 1378
[2026-04-19T03:26:03.691Z INFO  worker::batch_maker] Batch vRNe4FvNR60HVAPfzK3KwQb3571W0nzKpNwRROjnNUE= contains 204800 B
[2026-04-19T03:26:03.744Z INFO  worker::batch_maker] Batch 9HwTDyoNY4o3DKC223qAkjTwmBeAttynfUAXDhrQ1n8= contains sample tx 1379
[2026-04-19T03:26:03.744Z INFO  worker::batch_maker] Batch 9HwTDyoNY4o3DKC223qAkjTwmBeAttynfUAXDhrQ1n8= contains 204800 B
[2026-04-19T03:26:03.797Z INFO  worker::batch_maker] Batch rly/4ZD4VJSv+4Xw1VT+2m7cnKPkxxXK4pgX38AQSw8= contains sample tx 1380
[2026-04-19T03:26:03.797Z INFO  worker::batch_maker] Batch rly/4ZD4VJSv+4Xw1VT+2m7cnKPkxxXK4pgX38AQSw8= contains 204800 B
[2026-04-19T03:26:03.851Z INFO  worker::batch_maker] Batch aay4dhbhDO3WRNyPL3zm8isy1EbZHg4cO0NM19zJ0Nc= contains sample tx 1381
[2026-04-19T03:26:03.851Z INFO  worker::batch_maker] Batch aay4dhbhDO3WRNyPL3zm8isy1EbZHg4cO0NM19zJ0Nc= contains 204800 B
[2026-04-19T03:26:03.902Z INFO  worker::batch_maker] Batch 0s79HbMiIduB2rWwTYY+b2XN6WHKyzQqlAe9RRqYwzA= contains sample tx 1382
[2026-04-19T03:26:03.903Z INFO  worker::batch_maker] Batch 0s79HbMiIduB2rWwTYY+b2XN6WHKyzQqlAe9RRqYwzA= contains 204800 B
[2026-04-19T03:26:03.956Z INFO  worker::batch_maker] Batch uPZlVjRPGIaXgce8X8rx3sChsRKm2PkfHoFeL63Y8Pk= contains sample tx 1383
[2026-04-19T03:26:03.956Z INFO  worker::batch_maker] Batch uPZlVjRPGIaXgce8X8rx3sChsRKm2PkfHoFeL63Y8Pk= contains 204800 B
[2026-04-19T03:26:04.010Z INFO  worker::batch_maker] Batch TYfLBaAzHJpyKiFWRLf/NP0BsBisvV/3gKIVLlyQp4k= contains sample tx 1384
[2026-04-19T03:26:04.010Z INFO  worker::batch_maker] Batch TYfLBaAzHJpyKiFWRLf/NP0BsBisvV/3gKIVLlyQp4k= contains 272384 B
[2026-04-19T03:26:04.065Z INFO  worker::batch_maker] Batch lJuYXET3C03D7EJbv05h0LirbqXKuJIToMSquszb7Xw= contains sample tx 1385
[2026-04-19T03:26:04.065Z INFO  worker::batch_maker] Batch lJuYXET3C03D7EJbv05h0LirbqXKuJIToMSquszb7Xw= contains sample tx 1386
[2026-04-19T03:26:04.065Z INFO  worker::batch_maker] Batch lJuYXET3C03D7EJbv05h0LirbqXKuJIToMSquszb7Xw= contains 285184 B
[2026-04-19T03:26:04.119Z INFO  worker::batch_maker] Batch NsyQ0UAeL1wWhl4CDxJJjRcbRchWc39KbZxTTf6+LJU= contains sample tx 1387
[2026-04-19T03:26:04.119Z INFO  worker::batch_maker] Batch NsyQ0UAeL1wWhl4CDxJJjRcbRchWc39KbZxTTf6+LJU= contains 261632 B
[2026-04-19T03:26:04.173Z INFO  worker::batch_maker] Batch O9VgGYWXm/Ffg/3nFcxvbUvdoAmw3MY67WkCBd7ghGQ= contains sample tx 1388
[2026-04-19T03:26:04.173Z INFO  worker::batch_maker] Batch O9VgGYWXm/Ffg/3nFcxvbUvdoAmw3MY67WkCBd7ghGQ= contains 204800 B
[2026-04-19T03:26:04.228Z INFO  worker::batch_maker] Batch IzmeSet72TnNmIoy+1EZv7KnJAMw8vvM5gpitRVyitE= contains sample tx 1389
[2026-04-19T03:26:04.229Z INFO  worker::batch_maker] Batch IzmeSet72TnNmIoy+1EZv7KnJAMw8vvM5gpitRVyitE= contains 204800 B
[2026-04-19T03:26:04.282Z INFO  worker::batch_maker] Batch x2gyH0xpVjYezI2arv4zQbSkQQ58Hw+tK3ggKGQn73E= contains sample tx 1390
[2026-04-19T03:26:04.282Z INFO  worker::batch_maker] Batch x2gyH0xpVjYezI2arv4zQbSkQQ58Hw+tK3ggKGQn73E= contains 204800 B
[2026-04-19T03:26:04.335Z INFO  worker::batch_maker] Batch o04WOCVKqcE+0YT/6n528/kmL744AzXabki2grDJvWA= contains sample tx 1391
[2026-04-19T03:26:04.335Z INFO  worker::batch_maker] Batch o04WOCVKqcE+0YT/6n528/kmL744AzXabki2grDJvWA= contains 204800 B
[2026-04-19T03:26:04.388Z INFO  worker::batch_maker] Batch frmLkl0IxXR5mvUM6WYNjKAXhwCfvMrvHRo+6sYItts= contains sample tx 1392
[2026-04-19T03:26:04.388Z INFO  worker::batch_maker] Batch frmLkl0IxXR5mvUM6WYNjKAXhwCfvMrvHRo+6sYItts= contains 204800 B
[2026-04-19T03:26:04.441Z INFO  worker::batch_maker] Batch 2+8/O4RUIjLNVxCxOd6LTtl6MBOJjn/4clj/K+xmyVU= contains sample tx 1393
[2026-04-19T03:26:04.441Z INFO  worker::batch_maker] Batch 2+8/O4RUIjLNVxCxOd6LTtl6MBOJjn/4clj/K+xmyVU= contains 204800 B
[2026-04-19T03:26:04.496Z INFO  worker::batch_maker] Batch n+G+8PjfQzbaK5rBfMYBL527OlyPFahDbzNQBJNWAuU= contains sample tx 1394
[2026-04-19T03:26:04.496Z INFO  worker::batch_maker] Batch n+G+8PjfQzbaK5rBfMYBL527OlyPFahDbzNQBJNWAuU= contains 204800 B
[2026-04-19T03:26:04.550Z INFO  worker::batch_maker] Batch v0az3dWuCLwtHOF3fRFyONd4HFvgR9ZS95nPxLNIfGY= contains sample tx 1395
[2026-04-19T03:26:04.550Z INFO  worker::batch_maker] Batch v0az3dWuCLwtHOF3fRFyONd4HFvgR9ZS95nPxLNIfGY= contains 204800 B
[2026-04-19T03:26:04.604Z INFO  worker::batch_maker] Batch +d6JqFo7BqMVmmJSD9EIynz622le/CNItHGk652vLDc= contains sample tx 1396
[2026-04-19T03:26:04.604Z INFO  worker::batch_maker] Batch +d6JqFo7BqMVmmJSD9EIynz622le/CNItHGk652vLDc= contains 204800 B
[2026-04-19T03:26:04.658Z INFO  worker::batch_maker] Batch fqLeigCERoII1j/6u7WR66XcnNP5ZB3AXe1ng7a9cxU= contains sample tx 1397
[2026-04-19T03:26:04.658Z INFO  worker::batch_maker] Batch fqLeigCERoII1j/6u7WR66XcnNP5ZB3AXe1ng7a9cxU= contains 271872 B
[2026-04-19T03:26:04.712Z INFO  worker::batch_maker] Batch V9G2VJipvrNllI0TmnG5F8rcS795vUmnYRfYywxjO2w= contains sample tx 1398
[2026-04-19T03:26:04.712Z INFO  worker::batch_maker] Batch V9G2VJipvrNllI0TmnG5F8rcS795vUmnYRfYywxjO2w= contains 151552 B
[2026-04-19T03:26:04.768Z INFO  worker::batch_maker] Batch XfB0KEE79zWZQHnyCubBhNaesH38btSKu2a+B8FEGKA= contains sample tx 1399
[2026-04-19T03:26:04.768Z INFO  worker::batch_maker] Batch XfB0KEE79zWZQHnyCubBhNaesH38btSKu2a+B8FEGKA= contains sample tx 1400
[2026-04-19T03:26:04.800Z INFO  worker::batch_maker] Batch XfB0KEE79zWZQHnyCubBhNaesH38btSKu2a+B8FEGKA= contains 384512 B
[2026-04-19T03:26:04.854Z INFO  worker::batch_maker] Batch Vg40hxJmfk6rT4Z30+9PyEX+I+0zqo0iQVABemOU2a0= contains sample tx 1401
[2026-04-19T03:26:04.854Z INFO  worker::batch_maker] Batch Vg40hxJmfk6rT4Z30+9PyEX+I+0zqo0iQVABemOU2a0= contains 216064 B
[2026-04-19T03:26:04.907Z INFO  worker::batch_maker] Batch 7OeIBav4hmkz39z5HSNQ/R9Io9JaAjCCdV+hkJlJMB8= contains sample tx 1402
[2026-04-19T03:26:04.907Z INFO  worker::batch_maker] Batch 7OeIBav4hmkz39z5HSNQ/R9Io9JaAjCCdV+hkJlJMB8= contains 204800 B
[2026-04-19T03:26:04.961Z INFO  worker::batch_maker] Batch mznpBcK03wgBthR5os/p64dhAmDOMJBI/zRjoFxSvFM= contains sample tx 1403
[2026-04-19T03:26:04.989Z INFO  worker::batch_maker] Batch mznpBcK03wgBthR5os/p64dhAmDOMJBI/zRjoFxSvFM= contains sample tx 1404
[2026-04-19T03:26:04.989Z INFO  worker::batch_maker] Batch mznpBcK03wgBthR5os/p64dhAmDOMJBI/zRjoFxSvFM= contains 339456 B
[2026-04-19T03:26:05.044Z INFO  worker::batch_maker] Batch dpgOw8GpKjHaqmYSjwUY0J9iabcgDriy9Q83UM7GU2g= contains sample tx 1405
[2026-04-19T03:26:05.044Z INFO  worker::batch_maker] Batch dpgOw8GpKjHaqmYSjwUY0J9iabcgDriy9Q83UM7GU2g= contains 274944 B
[2026-04-19T03:26:05.098Z INFO  worker::batch_maker] Batch E8MuuP0oWrojRrQJRUFha3boVP98uTioAqyyWwwVSCQ= contains sample tx 1406
[2026-04-19T03:26:05.098Z INFO  worker::batch_maker] Batch E8MuuP0oWrojRrQJRUFha3boVP98uTioAqyyWwwVSCQ= contains 204800 B
[2026-04-19T03:26:05.151Z INFO  worker::batch_maker] Batch Yp4SH6J4fJ7sxJXbNlCFlqs/ZfIcbCYC9Ei02f1RIC8= contains sample tx 1407
[2026-04-19T03:26:05.151Z INFO  worker::batch_maker] Batch Yp4SH6J4fJ7sxJXbNlCFlqs/ZfIcbCYC9Ei02f1RIC8= contains 204800 B
[2026-04-19T03:26:05.204Z INFO  worker::batch_maker] Batch LbSgCVsHP9wE6jVbNMtiWPJYAG+TZgmfZ+/NIXRt7hs= contains sample tx 1408
[2026-04-19T03:26:05.204Z INFO  worker::batch_maker] Batch LbSgCVsHP9wE6jVbNMtiWPJYAG+TZgmfZ+/NIXRt7hs= contains 204800 B
[2026-04-19T03:26:05.258Z INFO  worker::batch_maker] Batch JhZh+UvRaV1l+QJQYh2ABk6wQ+2AFC1QyV+y/sNq9iY= contains sample tx 1409
[2026-04-19T03:26:05.258Z INFO  worker::batch_maker] Batch JhZh+UvRaV1l+QJQYh2ABk6wQ+2AFC1QyV+y/sNq9iY= contains sample tx 1410
[2026-04-19T03:26:05.258Z INFO  worker::batch_maker] Batch JhZh+UvRaV1l+QJQYh2ABk6wQ+2AFC1QyV+y/sNq9iY= contains 327680 B
[2026-04-19T03:26:05.310Z INFO  worker::batch_maker] Batch tY2zpClMYdP4tz7EFS3xwJxeHaD2zbf3iUBRdDzL0u4= contains sample tx 1411
[2026-04-19T03:26:05.310Z INFO  worker::batch_maker] Batch tY2zpClMYdP4tz7EFS3xwJxeHaD2zbf3iUBRdDzL0u4= contains 258048 B
[2026-04-19T03:26:05.363Z INFO  worker::batch_maker] Batch 0ET8G0xsqYaiKAM2YXsprQyvKAE+fJHFm/6QEpVATE0= contains sample tx 1412
[2026-04-19T03:26:05.363Z INFO  worker::batch_maker] Batch 0ET8G0xsqYaiKAM2YXsprQyvKAE+fJHFm/6QEpVATE0= contains 233472 B
[2026-04-19T03:26:05.414Z INFO  worker::batch_maker] Batch GucpVpEMie3jQ84+qyD9k3fFgzJV0QhvefBg9KrStBI= contains sample tx 1413
[2026-04-19T03:26:05.415Z INFO  worker::batch_maker] Batch GucpVpEMie3jQ84+qyD9k3fFgzJV0QhvefBg9KrStBI= contains 204800 B
[2026-04-19T03:26:05.468Z INFO  worker::batch_maker] Batch 2rt5TqtiHh9MrihOdjh9CPFvtmy6wrWOxTVC5fXcKMM= contains sample tx 1414
[2026-04-19T03:26:05.468Z INFO  worker::batch_maker] Batch 2rt5TqtiHh9MrihOdjh9CPFvtmy6wrWOxTVC5fXcKMM= contains 204800 B
[2026-04-19T03:26:05.521Z INFO  worker::batch_maker] Batch y0YW4UMiMcyuyu9Xwj8xPGO7+OCwuZybSMOE3FVRPtI= contains sample tx 1415
[2026-04-19T03:26:05.521Z INFO  worker::batch_maker] Batch y0YW4UMiMcyuyu9Xwj8xPGO7+OCwuZybSMOE3FVRPtI= contains 204800 B
[2026-04-19T03:26:05.572Z INFO  worker::batch_maker] Batch UAJdXgtSyCbRkKY5WtEuouV1Zsy+v/t6hVBIHtRKtBc= contains sample tx 1416
[2026-04-19T03:26:05.572Z INFO  worker::batch_maker] Batch UAJdXgtSyCbRkKY5WtEuouV1Zsy+v/t6hVBIHtRKtBc= contains 204800 B
[2026-04-19T03:26:05.626Z INFO  worker::batch_maker] Batch bNABpi5xTWoBn9yU4TLibSWELcJINic61LKIcEsCsb4= contains sample tx 1417
[2026-04-19T03:26:05.626Z INFO  worker::batch_maker] Batch bNABpi5xTWoBn9yU4TLibSWELcJINic61LKIcEsCsb4= contains 204800 B
[2026-04-19T03:26:05.681Z INFO  worker::batch_maker] Batch aXrJ8PP1ZkLnEf9nRb0ORcd8qpR8EybkMc+QfoFuZ60= contains sample tx 1418
[2026-04-19T03:26:05.681Z INFO  worker::batch_maker] Batch aXrJ8PP1ZkLnEf9nRb0ORcd8qpR8EybkMc+QfoFuZ60= contains 204800 B
[2026-04-19T03:26:05.734Z INFO  worker::batch_maker] Batch +3hSlrwNVgsEtEL00AVqyMXer149+wxqakFGSOq4sls= contains sample tx 1419
[2026-04-19T03:26:05.734Z INFO  worker::batch_maker] Batch +3hSlrwNVgsEtEL00AVqyMXer149+wxqakFGSOq4sls= contains 204800 B
[2026-04-19T03:26:05.788Z INFO  worker::batch_maker] Batch Lxfgva5LtqPoMtQ5xG01TxAL+4uuk8sS39sbASM1QaI= contains sample tx 1420
[2026-04-19T03:26:05.788Z INFO  worker::batch_maker] Batch Lxfgva5LtqPoMtQ5xG01TxAL+4uuk8sS39sbASM1QaI= contains 204800 B
[2026-04-19T03:26:05.839Z INFO  worker::batch_maker] Batch WwypZvHQDJ6jKMQwkW46fL9uaBSkDCKBn9wXuXNaep4= contains sample tx 1421
[2026-04-19T03:26:05.839Z INFO  worker::batch_maker] Batch WwypZvHQDJ6jKMQwkW46fL9uaBSkDCKBn9wXuXNaep4= contains 204800 B
[2026-04-19T03:26:05.893Z INFO  worker::batch_maker] Batch Dp7x2K4Wla2WhC1f9TmFuU4r+9G3sEOaaaPHChr3x/U= contains sample tx 1422
[2026-04-19T03:26:05.893Z INFO  worker::batch_maker] Batch Dp7x2K4Wla2WhC1f9TmFuU4r+9G3sEOaaaPHChr3x/U= contains 204800 B
[2026-04-19T03:26:05.946Z INFO  worker::batch_maker] Batch /f0n9zqXTUXMbtLh+9k6H+JFdrId69Xfw5ZjfcjJCVA= contains sample tx 1423
[2026-04-19T03:26:05.946Z INFO  worker::batch_maker] Batch /f0n9zqXTUXMbtLh+9k6H+JFdrId69Xfw5ZjfcjJCVA= contains 204800 B
[2026-04-19T03:26:05.998Z INFO  worker::batch_maker] Batch 7irslIgCvJyJ2R5VvgWVqHYT2pmDhzi9oW6jPYKx2jo= contains sample tx 1424
[2026-04-19T03:26:05.998Z INFO  worker::batch_maker] Batch 7irslIgCvJyJ2R5VvgWVqHYT2pmDhzi9oW6jPYKx2jo= contains 204800 B
[2026-04-19T03:26:06.051Z INFO  worker::batch_maker] Batch 29DKNXmstGvLTe42FobHryLzti4HQH4RCEZIn8VMaCw= contains sample tx 1425
[2026-04-19T03:26:06.051Z INFO  worker::batch_maker] Batch 29DKNXmstGvLTe42FobHryLzti4HQH4RCEZIn8VMaCw= contains 204800 B
[2026-04-19T03:26:06.103Z INFO  worker::batch_maker] Batch avwVeMWyVOneu6wx4JIGyJbFsBzFhCBdqZ9FtXf6BPQ= contains sample tx 1426
[2026-04-19T03:26:06.103Z INFO  worker::batch_maker] Batch avwVeMWyVOneu6wx4JIGyJbFsBzFhCBdqZ9FtXf6BPQ= contains 204800 B
[2026-04-19T03:26:06.155Z INFO  worker::batch_maker] Batch YDN6o8qHLPQQyQ0VNsVxNbHaCgndevmAC4YhzHQsjN8= contains sample tx 1427
[2026-04-19T03:26:06.155Z INFO  worker::batch_maker] Batch YDN6o8qHLPQQyQ0VNsVxNbHaCgndevmAC4YhzHQsjN8= contains 204800 B
[2026-04-19T03:26:06.208Z INFO  worker::batch_maker] Batch AWQNB9WV2Nv5gPIe8gZGhqbl1blRyDx7he3WlY+tVR8= contains sample tx 1428
[2026-04-19T03:26:06.208Z INFO  worker::batch_maker] Batch AWQNB9WV2Nv5gPIe8gZGhqbl1blRyDx7he3WlY+tVR8= contains 218112 B
[2026-04-19T03:26:06.264Z INFO  worker::batch_maker] Batch Bz1VXohiHOCs9pWbocKLgFoaPCl5wz0TFZ1oWwYmVaI= contains sample tx 1429
[2026-04-19T03:26:06.264Z INFO  worker::batch_maker] Batch Bz1VXohiHOCs9pWbocKLgFoaPCl5wz0TFZ1oWwYmVaI= contains sample tx 1430
[2026-04-19T03:26:06.264Z INFO  worker::batch_maker] Batch Bz1VXohiHOCs9pWbocKLgFoaPCl5wz0TFZ1oWwYmVaI= contains 354304 B
[2026-04-19T03:26:06.319Z INFO  worker::batch_maker] Batch u5O3CfE2uVOMIcWgT4TmwTFIf22odZDbzlGteEa1Kxc= contains sample tx 1431
[2026-04-19T03:26:06.319Z INFO  worker::batch_maker] Batch u5O3CfE2uVOMIcWgT4TmwTFIf22odZDbzlGteEa1Kxc= contains 246784 B
[2026-04-19T03:26:06.372Z INFO  worker::batch_maker] Batch OZmxoafw4TS+ueWiMOIxcWffNZVgCEu/3Svy87A1G/E= contains sample tx 1432
[2026-04-19T03:26:06.372Z INFO  worker::batch_maker] Batch OZmxoafw4TS+ueWiMOIxcWffNZVgCEu/3Svy87A1G/E= contains 204800 B
[2026-04-19T03:26:06.425Z INFO  worker::batch_maker] Batch EwnhtaiqoCneyM2v0bTlroXQddnyH7mH2XBqCgaqD9o= contains sample tx 1433
[2026-04-19T03:26:06.425Z INFO  worker::batch_maker] Batch EwnhtaiqoCneyM2v0bTlroXQddnyH7mH2XBqCgaqD9o= contains 204800 B
[2026-04-19T03:26:06.478Z INFO  worker::batch_maker] Batch pbASIchsMFvM+LRTMyrpJkclrFPVaclTGB764xQx2bE= contains sample tx 1434
[2026-04-19T03:26:06.478Z INFO  worker::batch_maker] Batch pbASIchsMFvM+LRTMyrpJkclrFPVaclTGB764xQx2bE= contains 142848 B
[2026-04-19T03:26:06.530Z INFO  worker::batch_maker] Batch GSRBU1kbcqXf3uLus2vdBhxfl5XOrPb+YqXX+AcqVao= contains sample tx 1435
[2026-04-19T03:26:06.530Z INFO  worker::batch_maker] Batch GSRBU1kbcqXf3uLus2vdBhxfl5XOrPb+YqXX+AcqVao= contains 266752 B
[2026-04-19T03:26:06.583Z INFO  worker::batch_maker] Batch r1F8MuB+1tlAuBU/rm82KRLEF6Kdm/vsTd0/WPknPDk= contains sample tx 1436
[2026-04-19T03:26:06.583Z INFO  worker::batch_maker] Batch r1F8MuB+1tlAuBU/rm82KRLEF6Kdm/vsTd0/WPknPDk= contains 204800 B
[2026-04-19T03:26:06.637Z INFO  worker::batch_maker] Batch K+R8eHzZsHsyqvzqLhCkoTx+xBpRBlVLcYI9h9iSrtI= contains sample tx 1437
[2026-04-19T03:26:06.637Z INFO  worker::batch_maker] Batch K+R8eHzZsHsyqvzqLhCkoTx+xBpRBlVLcYI9h9iSrtI= contains 204800 B
[2026-04-19T03:26:06.691Z INFO  worker::batch_maker] Batch OiQeQM/TTCU1zVIx7wbftlsNwWuHN35ltA9fg/Cv8ok= contains sample tx 1438
[2026-04-19T03:26:06.691Z INFO  worker::batch_maker] Batch OiQeQM/TTCU1zVIx7wbftlsNwWuHN35ltA9fg/Cv8ok= contains 204800 B
[2026-04-19T03:26:06.743Z INFO  worker::batch_maker] Batch 6U2rW9cPsd5zyP/Zm34kyvPnPXKs0FarjecKJBcDciU= contains sample tx 1439
[2026-04-19T03:26:06.743Z INFO  worker::batch_maker] Batch 6U2rW9cPsd5zyP/Zm34kyvPnPXKs0FarjecKJBcDciU= contains 204800 B
[2026-04-19T03:26:06.795Z INFO  worker::batch_maker] Batch QAArJMGKBKMoUAPihpzcvsxBMMOZ+koyRaGPQJM22+Y= contains sample tx 1440
[2026-04-19T03:26:06.795Z INFO  worker::batch_maker] Batch QAArJMGKBKMoUAPihpzcvsxBMMOZ+koyRaGPQJM22+Y= contains 204800 B
[2026-04-19T03:26:06.847Z INFO  worker::batch_maker] Batch A9nqF9llyetbULpzFcRAOZHyG+MNtwnYVZMumXssvK4= contains sample tx 1441
[2026-04-19T03:26:06.847Z INFO  worker::batch_maker] Batch A9nqF9llyetbULpzFcRAOZHyG+MNtwnYVZMumXssvK4= contains 204800 B
[2026-04-19T03:26:06.899Z INFO  worker::batch_maker] Batch LScP5J5HgjTTAB7ZH9YhTMxqmP1YEM4feERZrKTM/vQ= contains sample tx 1442
[2026-04-19T03:26:06.899Z INFO  worker::batch_maker] Batch LScP5J5HgjTTAB7ZH9YhTMxqmP1YEM4feERZrKTM/vQ= contains 204800 B
[2026-04-19T03:26:06.951Z INFO  worker::batch_maker] Batch Xi/eoXUnqixWrAc0upXkFMk/JcYAnyxv8alaoAu5qoM= contains sample tx 1443
[2026-04-19T03:26:06.951Z INFO  worker::batch_maker] Batch Xi/eoXUnqixWrAc0upXkFMk/JcYAnyxv8alaoAu5qoM= contains 204800 B
[2026-04-19T03:26:07.004Z INFO  worker::batch_maker] Batch hAcfYinfbYq1HG4wgFbfKVdwAzR2K6WZn7uRAehe/nM= contains sample tx 1444
[2026-04-19T03:26:07.004Z INFO  worker::batch_maker] Batch hAcfYinfbYq1HG4wgFbfKVdwAzR2K6WZn7uRAehe/nM= contains 204800 B
[2026-04-19T03:26:07.057Z INFO  worker::batch_maker] Batch xSCP/cA9xRBCfu+zAGcSZ8xVk0RpKBIL/7CfNVHBfac= contains sample tx 1445
[2026-04-19T03:26:07.057Z INFO  worker::batch_maker] Batch xSCP/cA9xRBCfu+zAGcSZ8xVk0RpKBIL/7CfNVHBfac= contains 213504 B
[2026-04-19T03:26:07.111Z INFO  worker::batch_maker] Batch XWlX6qZok/62DWjDzKUF/ShZHBJtfp6vY2ZuJktgdQY= contains sample tx 1446
[2026-04-19T03:26:07.111Z INFO  worker::batch_maker] Batch XWlX6qZok/62DWjDzKUF/ShZHBJtfp6vY2ZuJktgdQY= contains sample tx 1447
[2026-04-19T03:26:07.111Z INFO  worker::batch_maker] Batch XWlX6qZok/62DWjDzKUF/ShZHBJtfp6vY2ZuJktgdQY= contains 348160 B
[2026-04-19T03:26:07.166Z INFO  worker::batch_maker] Batch t7wS+hg4LXNeCyJJPng6oGWJAvDsO30iGfXa7ANwByw= contains sample tx 1448
[2026-04-19T03:26:07.166Z INFO  worker::batch_maker] Batch t7wS+hg4LXNeCyJJPng6oGWJAvDsO30iGfXa7ANwByw= contains 257536 B
[2026-04-19T03:26:07.219Z INFO  worker::batch_maker] Batch j2PAdzTWTBsi9+s3Pmmt5tMg8Zmiq3MKy+OOkGpI19s= contains sample tx 1449
[2026-04-19T03:26:07.219Z INFO  worker::batch_maker] Batch j2PAdzTWTBsi9+s3Pmmt5tMg8Zmiq3MKy+OOkGpI19s= contains 204800 B
[2026-04-19T03:26:07.273Z INFO  worker::batch_maker] Batch CTUoVIRYySdiRBGiALtFONULewMrvSgaDwSRdE1gVqA= contains sample tx 1450
[2026-04-19T03:26:07.273Z INFO  worker::batch_maker] Batch CTUoVIRYySdiRBGiALtFONULewMrvSgaDwSRdE1gVqA= contains 204800 B
[2026-04-19T03:26:07.327Z INFO  worker::batch_maker] Batch 6bxuxdShw4hS6n9ojAtYBD+Kpke4F21yxeOFNu2y39o= contains sample tx 1451
[2026-04-19T03:26:07.327Z INFO  worker::batch_maker] Batch 6bxuxdShw4hS6n9ojAtYBD+Kpke4F21yxeOFNu2y39o= contains 204800 B
[2026-04-19T03:26:07.382Z INFO  worker::batch_maker] Batch GcbNlssaFslXtpslGZSs6zMAjerHvhRIds5qMWyp2fM= contains sample tx 1452
[2026-04-19T03:26:07.382Z INFO  worker::batch_maker] Batch GcbNlssaFslXtpslGZSs6zMAjerHvhRIds5qMWyp2fM= contains 204800 B
[2026-04-19T03:26:07.435Z INFO  worker::batch_maker] Batch Qzi+O854GFBU/FQ1aKbBOtsvcLx+CVByc5keFslgRXI= contains sample tx 1453
[2026-04-19T03:26:07.435Z INFO  worker::batch_maker] Batch Qzi+O854GFBU/FQ1aKbBOtsvcLx+CVByc5keFslgRXI= contains 204800 B
[2026-04-19T03:26:07.489Z INFO  worker::batch_maker] Batch LtV8d2927uY+0TiTW4PGOgOycndtOxa2MSuQVElxRX0= contains sample tx 1454
[2026-04-19T03:26:07.489Z INFO  worker::batch_maker] Batch LtV8d2927uY+0TiTW4PGOgOycndtOxa2MSuQVElxRX0= contains 204800 B
[2026-04-19T03:26:07.542Z INFO  worker::batch_maker] Batch ABKl/qs++lP9jHbNHA5aumWRNFMx8aZzz1Jr7/dT9mU= contains sample tx 1455
[2026-04-19T03:26:07.542Z INFO  worker::batch_maker] Batch ABKl/qs++lP9jHbNHA5aumWRNFMx8aZzz1Jr7/dT9mU= contains 204800 B
[2026-04-19T03:26:07.595Z INFO  worker::batch_maker] Batch dC4aeA+r+Cgw6RvEVHOqRHIZLqEXL13l1SV94RJfb7k= contains sample tx 1456
[2026-04-19T03:26:07.595Z INFO  worker::batch_maker] Batch dC4aeA+r+Cgw6RvEVHOqRHIZLqEXL13l1SV94RJfb7k= contains 204800 B
[2026-04-19T03:26:07.648Z INFO  worker::batch_maker] Batch 20s0QK9uWGGv/97FI9jeZ/lopfsJsXPdy4kzUwp8kek= contains sample tx 1457
[2026-04-19T03:26:07.648Z INFO  worker::batch_maker] Batch 20s0QK9uWGGv/97FI9jeZ/lopfsJsXPdy4kzUwp8kek= contains 204800 B
[2026-04-19T03:26:07.701Z INFO  worker::batch_maker] Batch +Uq1JCZdz4lXYMkt9xg+5RPSMPgcdwtB+Gq3wYMjeOU= contains sample tx 1458
[2026-04-19T03:26:07.701Z INFO  worker::batch_maker] Batch +Uq1JCZdz4lXYMkt9xg+5RPSMPgcdwtB+Gq3wYMjeOU= contains 204800 B
[2026-04-19T03:26:07.754Z INFO  worker::batch_maker] Batch Yw/8AR1xfOAkkkjoXzi9h5hEs22rbeuLWWvOV9VQmi0= contains sample tx 1459
[2026-04-19T03:26:07.754Z INFO  worker::batch_maker] Batch Yw/8AR1xfOAkkkjoXzi9h5hEs22rbeuLWWvOV9VQmi0= contains 204800 B
[2026-04-19T03:26:07.807Z INFO  worker::batch_maker] Batch AQyTj6Tf2RIofCAlpCrxNL1fvk+HR+PeA08XqkoPEqI= contains sample tx 1460
[2026-04-19T03:26:07.807Z INFO  worker::batch_maker] Batch AQyTj6Tf2RIofCAlpCrxNL1fvk+HR+PeA08XqkoPEqI= contains 204800 B
[2026-04-19T03:26:07.863Z INFO  worker::batch_maker] Batch 0cH3EFazujFbtOrk2LWvD8LkYFW7G2Nij/+HAO4dAHs= contains sample tx 1461
[2026-04-19T03:26:07.863Z INFO  worker::batch_maker] Batch 0cH3EFazujFbtOrk2LWvD8LkYFW7G2Nij/+HAO4dAHs= contains sample tx 1462
[2026-04-19T03:26:07.863Z INFO  worker::batch_maker] Batch 0cH3EFazujFbtOrk2LWvD8LkYFW7G2Nij/+HAO4dAHs= contains 372224 B
[2026-04-19T03:26:07.919Z INFO  worker::batch_maker] Batch qDFIeLSKfJswK13NBkNeo5Uuqh4bpsI9nGGLOLqReZc= contains sample tx 1463
[2026-04-19T03:26:07.919Z INFO  worker::batch_maker] Batch qDFIeLSKfJswK13NBkNeo5Uuqh4bpsI9nGGLOLqReZc= contains 242176 B
[2026-04-19T03:26:07.973Z INFO  worker::batch_maker] Batch 3iwyrFVpgtAc+D7BWqOwgO8SA2K/iC0jj44JxnIRTpc= contains sample tx 1464
[2026-04-19T03:26:07.973Z INFO  worker::batch_maker] Batch 3iwyrFVpgtAc+D7BWqOwgO8SA2K/iC0jj44JxnIRTpc= contains 204800 B
[2026-04-19T03:26:08.027Z INFO  worker::batch_maker] Batch q9bKsn0VuqKDWX6dpKXaSUUQajjNIxPf9UleTSKBqhw= contains sample tx 1465
[2026-04-19T03:26:08.027Z INFO  worker::batch_maker] Batch q9bKsn0VuqKDWX6dpKXaSUUQajjNIxPf9UleTSKBqhw= contains 204800 B
[2026-04-19T03:26:08.081Z INFO  worker::batch_maker] Batch bt74a7FmElfdW6kfBBqC+0nw8c/LhXGUHAaKGd4Xbzk= contains sample tx 1466
[2026-04-19T03:26:08.081Z INFO  worker::batch_maker] Batch bt74a7FmElfdW6kfBBqC+0nw8c/LhXGUHAaKGd4Xbzk= contains 204800 B
[2026-04-19T03:26:08.134Z INFO  worker::batch_maker] Batch nIlXb03SAA/c3VNcJdLAhBIzpTli/sBDNWarvAhOmUg= contains sample tx 1467
[2026-04-19T03:26:08.134Z INFO  worker::batch_maker] Batch nIlXb03SAA/c3VNcJdLAhBIzpTli/sBDNWarvAhOmUg= contains 204800 B
[2026-04-19T03:26:08.187Z INFO  worker::batch_maker] Batch MhckjT3WL4nl85OPpFnGoCciloRmpKF3GB5kxBegNfI= contains sample tx 1468
[2026-04-19T03:26:08.187Z INFO  worker::batch_maker] Batch MhckjT3WL4nl85OPpFnGoCciloRmpKF3GB5kxBegNfI= contains 204800 B
[2026-04-19T03:26:08.239Z INFO  worker::batch_maker] Batch Ivc7H/SnuZ3x91eNTe0StuEeYFhUdGplOnXTAWwdf4c= contains sample tx 1469
[2026-04-19T03:26:08.239Z INFO  worker::batch_maker] Batch Ivc7H/SnuZ3x91eNTe0StuEeYFhUdGplOnXTAWwdf4c= contains 204800 B
[2026-04-19T03:26:08.292Z INFO  worker::batch_maker] Batch WMmIhm+ehZAFadeMTFWYrX0cHMgSVQTKo/wZWwG42i4= contains sample tx 1470
[2026-04-19T03:26:08.292Z INFO  worker::batch_maker] Batch WMmIhm+ehZAFadeMTFWYrX0cHMgSVQTKo/wZWwG42i4= contains 204800 B
[2026-04-19T03:26:08.345Z INFO  worker::batch_maker] Batch X3NucymnTs5gV+lqFVgSjPJ82y99snCbVVkG3HaJC3Y= contains sample tx 1471
[2026-04-19T03:26:08.345Z INFO  worker::batch_maker] Batch X3NucymnTs5gV+lqFVgSjPJ82y99snCbVVkG3HaJC3Y= contains 204800 B
[2026-04-19T03:26:08.398Z INFO  worker::batch_maker] Batch UeHSF7sXzUKTe48dWg6fusPisiEJ23t1O1XxCrloUPo= contains sample tx 1472
[2026-04-19T03:26:08.398Z INFO  worker::batch_maker] Batch UeHSF7sXzUKTe48dWg6fusPisiEJ23t1O1XxCrloUPo= contains 204800 B
[2026-04-19T03:26:08.451Z INFO  worker::batch_maker] Batch 8XVEGLFZYrhWui3pUN2SRvDU70Icoh6oJsbCSqrIFdc= contains sample tx 1473
[2026-04-19T03:26:08.451Z INFO  worker::batch_maker] Batch 8XVEGLFZYrhWui3pUN2SRvDU70Icoh6oJsbCSqrIFdc= contains 204800 B
[2026-04-19T03:26:08.505Z INFO  worker::batch_maker] Batch zppe9l34LoBYlISdjS535bHBy1WYHkV5MEXST0M8NA4= contains sample tx 1474
[2026-04-19T03:26:08.505Z INFO  worker::batch_maker] Batch zppe9l34LoBYlISdjS535bHBy1WYHkV5MEXST0M8NA4= contains 204800 B
[2026-04-19T03:26:08.559Z INFO  worker::batch_maker] Batch B3/yt6bh3PgphRPBWyJiCctpadACb4k0aeIascypR0g= contains sample tx 1475
[2026-04-19T03:26:08.559Z INFO  worker::batch_maker] Batch B3/yt6bh3PgphRPBWyJiCctpadACb4k0aeIascypR0g= contains 222720 B
[2026-04-19T03:26:08.614Z INFO  worker::batch_maker] Batch BiPB2q+KFCzML/peqmHyc82lYXjqGISn7nTAXCAz5GI= contains sample tx 1476
[2026-04-19T03:26:08.614Z INFO  worker::batch_maker] Batch BiPB2q+KFCzML/peqmHyc82lYXjqGISn7nTAXCAz5GI= contains 280576 B
[2026-04-19T03:26:08.668Z INFO  worker::batch_maker] Batch iMYrfqzXBvCuNtwSIX/V++N9Xlyfl2R9K3oLQwOqgh0= contains sample tx 1477
[2026-04-19T03:26:08.668Z INFO  worker::batch_maker] Batch iMYrfqzXBvCuNtwSIX/V++N9Xlyfl2R9K3oLQwOqgh0= contains sample tx 1478
[2026-04-19T03:26:08.668Z INFO  worker::batch_maker] Batch iMYrfqzXBvCuNtwSIX/V++N9Xlyfl2R9K3oLQwOqgh0= contains 315904 B
[2026-04-19T03:26:08.720Z INFO  worker::batch_maker] Batch /gSuDQO7ZHwEKxMJwNKUOrIz4czWsMT6LreqFx5KeRw= contains sample tx 1479
[2026-04-19T03:26:08.720Z INFO  worker::batch_maker] Batch /gSuDQO7ZHwEKxMJwNKUOrIz4czWsMT6LreqFx5KeRw= contains 204800 B
[2026-04-19T03:26:08.774Z INFO  worker::batch_maker] Batch eV2edeiFmoC3k8kfVBpbTHECRQ0LEB3rf2DkepyrDEo= contains sample tx 1480
[2026-04-19T03:26:08.774Z INFO  worker::batch_maker] Batch eV2edeiFmoC3k8kfVBpbTHECRQ0LEB3rf2DkepyrDEo= contains 204800 B
[2026-04-19T03:26:08.828Z INFO  worker::batch_maker] Batch tyfZoxs5xJPwmcsfrIhLRie9OeGQFx9C15Zs1u3zc0k= contains sample tx 1481
[2026-04-19T03:26:08.828Z INFO  worker::batch_maker] Batch tyfZoxs5xJPwmcsfrIhLRie9OeGQFx9C15Zs1u3zc0k= contains 204800 B
[2026-04-19T03:26:08.881Z INFO  worker::batch_maker] Batch BR5qNlVtjXP1VNWdv21DxfuvH0f2zHlaieZPbKgdEWM= contains sample tx 1482
[2026-04-19T03:26:08.881Z INFO  worker::batch_maker] Batch BR5qNlVtjXP1VNWdv21DxfuvH0f2zHlaieZPbKgdEWM= contains 204800 B
[2026-04-19T03:26:08.935Z INFO  worker::batch_maker] Batch gg42XlzDlQRySFNv/28eIzdy5fcoc0bT6Yb+8m6Qigk= contains sample tx 1483
[2026-04-19T03:26:08.935Z INFO  worker::batch_maker] Batch gg42XlzDlQRySFNv/28eIzdy5fcoc0bT6Yb+8m6Qigk= contains 204800 B
[2026-04-19T03:26:08.986Z INFO  worker::batch_maker] Batch 90QfkBwwuaf6B3vQCxf50QZiP6t69oHmYzKpT64BUJk= contains sample tx 1484
[2026-04-19T03:26:08.986Z INFO  worker::batch_maker] Batch 90QfkBwwuaf6B3vQCxf50QZiP6t69oHmYzKpT64BUJk= contains 204800 B
[2026-04-19T03:26:09.039Z INFO  worker::batch_maker] Batch PzZyYNhiklxCdL8a/PSzhSSMaNxAffO8XsqXXycqzeg= contains sample tx 1485
[2026-04-19T03:26:09.039Z INFO  worker::batch_maker] Batch PzZyYNhiklxCdL8a/PSzhSSMaNxAffO8XsqXXycqzeg= contains 204800 B
[2026-04-19T03:26:09.091Z INFO  worker::batch_maker] Batch cVwj+67Tng4OdkwATlkgGICGYzF9LI8oJUtX3PT9VuU= contains sample tx 1486
[2026-04-19T03:26:09.091Z INFO  worker::batch_maker] Batch cVwj+67Tng4OdkwATlkgGICGYzF9LI8oJUtX3PT9VuU= contains 204800 B
[2026-04-19T03:26:09.145Z INFO  worker::batch_maker] Batch d6c9y2mQXecpcizDjnd+1frilWQUWBVkDlhQiWG2fAQ= contains sample tx 1487
[2026-04-19T03:26:09.145Z INFO  worker::batch_maker] Batch d6c9y2mQXecpcizDjnd+1frilWQUWBVkDlhQiWG2fAQ= contains 204800 B
[2026-04-19T03:26:09.197Z INFO  worker::batch_maker] Batch SZ7LwG4fAKzlhyamrDaXugA9tm1Y01Zj0mNvhgNdYD0= contains sample tx 1488
[2026-04-19T03:26:09.197Z INFO  worker::batch_maker] Batch SZ7LwG4fAKzlhyamrDaXugA9tm1Y01Zj0mNvhgNdYD0= contains 204800 B
[2026-04-19T03:26:09.251Z INFO  worker::batch_maker] Batch +UwW9MDgRgPvkwQTBqCytvysiqP2Jp1tPMZLoSYfNug= contains sample tx 1489
[2026-04-19T03:26:09.251Z INFO  worker::batch_maker] Batch +UwW9MDgRgPvkwQTBqCytvysiqP2Jp1tPMZLoSYfNug= contains 204800 B
[2026-04-19T03:26:09.303Z INFO  worker::batch_maker] Batch /z1kPAPWAy++0MqgYpBuHv6yrWSiHWV7oGYR4mPkPlg= contains sample tx 1490
[2026-04-19T03:26:09.303Z INFO  worker::batch_maker] Batch /z1kPAPWAy++0MqgYpBuHv6yrWSiHWV7oGYR4mPkPlg= contains 204800 B
[2026-04-19T03:26:09.356Z INFO  worker::batch_maker] Batch Ovyfa2qoDXrzOuwTKpC9BTnaOpM6kSn3sg/YA2P9Hv8= contains sample tx 1491
[2026-04-19T03:26:09.356Z INFO  worker::batch_maker] Batch Ovyfa2qoDXrzOuwTKpC9BTnaOpM6kSn3sg/YA2P9Hv8= contains 204800 B
[2026-04-19T03:26:09.410Z INFO  worker::batch_maker] Batch W45DlAJDMZ6hD83sD9yx+NaWoIZ3qeXJXxuT/5RsACM= contains sample tx 1492
[2026-04-19T03:26:09.410Z INFO  worker::batch_maker] Batch W45DlAJDMZ6hD83sD9yx+NaWoIZ3qeXJXxuT/5RsACM= contains 205312 B
[2026-04-19T03:26:09.465Z INFO  worker::batch_maker] Batch xSQGsuh/6lKiiLAq11s2tdkmm2Bo2pUPcZaw4KHUKig= contains sample tx 1493
[2026-04-19T03:26:09.465Z INFO  worker::batch_maker] Batch xSQGsuh/6lKiiLAq11s2tdkmm2Bo2pUPcZaw4KHUKig= contains 306176 B
[2026-04-19T03:26:09.519Z INFO  worker::batch_maker] Batch 7GzkA+sFvDzeY8WaP+bfmJL0Xm1snMp7fm7cUWBAwIM= contains sample tx 1494
[2026-04-19T03:26:09.519Z INFO  worker::batch_maker] Batch 7GzkA+sFvDzeY8WaP+bfmJL0Xm1snMp7fm7cUWBAwIM= contains sample tx 1495
[2026-04-19T03:26:09.519Z INFO  worker::batch_maker] Batch 7GzkA+sFvDzeY8WaP+bfmJL0Xm1snMp7fm7cUWBAwIM= contains 307712 B
[2026-04-19T03:26:09.573Z INFO  worker::batch_maker] Batch KPgJ0FHf4GWUyAPtfUAJMnmINAu44naPkpVtrLD2cuU= contains sample tx 1496
[2026-04-19T03:26:09.573Z INFO  worker::batch_maker] Batch KPgJ0FHf4GWUyAPtfUAJMnmINAu44naPkpVtrLD2cuU= contains 204800 B
[2026-04-19T03:26:09.625Z INFO  worker::batch_maker] Batch vph3DMGe3l39iWU4DqqEtekm3zIATLE1CyBw7DvJCT8= contains sample tx 1497
[2026-04-19T03:26:09.625Z INFO  worker::batch_maker] Batch vph3DMGe3l39iWU4DqqEtekm3zIATLE1CyBw7DvJCT8= contains 204800 B
[2026-04-19T03:26:09.680Z INFO  worker::batch_maker] Batch MUYv/Sdzv7bEil0Litld1zhVzOPcVtGzR2sDKh6RkCk= contains sample tx 1498
[2026-04-19T03:26:09.680Z INFO  worker::batch_maker] Batch MUYv/Sdzv7bEil0Litld1zhVzOPcVtGzR2sDKh6RkCk= contains 204800 B
[2026-04-19T03:26:09.732Z INFO  worker::batch_maker] Batch /90gx7c1LEdjcq0tUn40+l5zAwF/1JucltEuzk1TFwQ= contains sample tx 1499
[2026-04-19T03:26:09.733Z INFO  worker::batch_maker] Batch /90gx7c1LEdjcq0tUn40+l5zAwF/1JucltEuzk1TFwQ= contains 204800 B
[2026-04-19T03:26:09.785Z INFO  worker::batch_maker] Batch kSH7mGpXrawSmeYE6f84AFLCsPW6kdm5a0h+bPWgQhE= contains sample tx 1500
[2026-04-19T03:26:09.785Z INFO  worker::batch_maker] Batch kSH7mGpXrawSmeYE6f84AFLCsPW6kdm5a0h+bPWgQhE= contains 204800 B
[2026-04-19T03:26:09.838Z INFO  worker::batch_maker] Batch DsSXJ2xQnW4+E77vyaLiDgrvVKWVAtHm0D1gkRhCnfQ= contains sample tx 1501
[2026-04-19T03:26:09.838Z INFO  worker::batch_maker] Batch DsSXJ2xQnW4+E77vyaLiDgrvVKWVAtHm0D1gkRhCnfQ= contains 204800 B
[2026-04-19T03:26:09.892Z INFO  worker::batch_maker] Batch XxIkCSgsXTS1YrO0La2YH209dteNF8zfzZXHwWcP8Pk= contains sample tx 1502
[2026-04-19T03:26:09.892Z INFO  worker::batch_maker] Batch XxIkCSgsXTS1YrO0La2YH209dteNF8zfzZXHwWcP8Pk= contains 204800 B
[2026-04-19T03:26:09.945Z INFO  worker::batch_maker] Batch WehQI3Q3+uwbo/NnXLwgPNZDU4ulbJG92IyIx+FfdVY= contains sample tx 1503
[2026-04-19T03:26:09.945Z INFO  worker::batch_maker] Batch WehQI3Q3+uwbo/NnXLwgPNZDU4ulbJG92IyIx+FfdVY= contains 204800 B
[2026-04-19T03:26:09.998Z INFO  worker::batch_maker] Batch QenKYrAGVaLwwTWmfnehW7LIF+6lDjN70UbdnOXE0rU= contains sample tx 1504
[2026-04-19T03:26:09.998Z INFO  worker::batch_maker] Batch QenKYrAGVaLwwTWmfnehW7LIF+6lDjN70UbdnOXE0rU= contains 204800 B
[2026-04-19T03:26:10.049Z INFO  worker::batch_maker] Batch Rzf+GQzBC5lWgnVZ+BKhkRWwlWBWhaRfNc885nGmeBU= contains sample tx 1505
[2026-04-19T03:26:10.049Z INFO  worker::batch_maker] Batch Rzf+GQzBC5lWgnVZ+BKhkRWwlWBWhaRfNc885nGmeBU= contains 204800 B
[2026-04-19T03:26:10.102Z INFO  worker::batch_maker] Batch RVf7/N2tR/FMhFWihvHUNn+/zel0JJCVe2iFfsmlQW8= contains sample tx 1506
[2026-04-19T03:26:10.102Z INFO  worker::batch_maker] Batch RVf7/N2tR/FMhFWihvHUNn+/zel0JJCVe2iFfsmlQW8= contains 204800 B
[2026-04-19T03:26:10.155Z INFO  worker::batch_maker] Batch 8WX6rlg1G7PMDHEKRoH1GhxZRHFSuyqAPJLwRH8/aKM= contains sample tx 1507
[2026-04-19T03:26:10.155Z INFO  worker::batch_maker] Batch 8WX6rlg1G7PMDHEKRoH1GhxZRHFSuyqAPJLwRH8/aKM= contains 204800 B
[2026-04-19T03:26:10.208Z INFO  worker::batch_maker] Batch Q3Ct80UKvuvluLll/vximOLn0oLTlZuctM+qxMxNfGQ= contains sample tx 1508
[2026-04-19T03:26:10.208Z INFO  worker::batch_maker] Batch Q3Ct80UKvuvluLll/vximOLn0oLTlZuctM+qxMxNfGQ= contains 317952 B
[2026-04-19T03:26:10.261Z INFO  worker::batch_maker] Batch A0e1T8NYiktCRYNdAFLiXNv450Tm7l00KsDe03ZyyO8= contains sample tx 1509
[2026-04-19T03:26:10.261Z INFO  worker::batch_maker] Batch A0e1T8NYiktCRYNdAFLiXNv450Tm7l00KsDe03ZyyO8= contains sample tx 1510
[2026-04-19T03:26:10.261Z INFO  worker::batch_maker] Batch A0e1T8NYiktCRYNdAFLiXNv450Tm7l00KsDe03ZyyO8= contains 296448 B
[2026-04-19T03:26:10.315Z INFO  worker::batch_maker] Batch QRleU5f2l5S+93OWGaYHOxJ7qd73FVF4E8t1uw8jshE= contains sample tx 1511
[2026-04-19T03:26:10.315Z INFO  worker::batch_maker] Batch QRleU5f2l5S+93OWGaYHOxJ7qd73FVF4E8t1uw8jshE= contains 204800 B
[2026-04-19T03:26:10.368Z INFO  worker::batch_maker] Batch H0eRh+ujwA8uI20jiotPDGymIVVg/7eWry7genuXE6U= contains sample tx 1512
[2026-04-19T03:26:10.368Z INFO  worker::batch_maker] Batch H0eRh+ujwA8uI20jiotPDGymIVVg/7eWry7genuXE6U= contains 204800 B
[2026-04-19T03:26:10.420Z INFO  worker::batch_maker] Batch d69q9Rrp6Wc4PfPkT0rtuPBC2twllqKdbYgHV+AWvYg= contains sample tx 1513
[2026-04-19T03:26:10.420Z INFO  worker::batch_maker] Batch d69q9Rrp6Wc4PfPkT0rtuPBC2twllqKdbYgHV+AWvYg= contains 204800 B
[2026-04-19T03:26:10.474Z INFO  worker::batch_maker] Batch vUrBLu03YLq68Nt6MK6u3CMBjwF+v6Df/ovy/lDfHzE= contains sample tx 1514
[2026-04-19T03:26:10.474Z INFO  worker::batch_maker] Batch vUrBLu03YLq68Nt6MK6u3CMBjwF+v6Df/ovy/lDfHzE= contains 204800 B
[2026-04-19T03:26:10.527Z INFO  worker::batch_maker] Batch hx2qi5xRFeWHaHSOxIUj9wrw95k7B2yUN1XWKNx1W5Y= contains sample tx 1515
[2026-04-19T03:26:10.527Z INFO  worker::batch_maker] Batch hx2qi5xRFeWHaHSOxIUj9wrw95k7B2yUN1XWKNx1W5Y= contains 204800 B
[2026-04-19T03:26:10.582Z INFO  worker::batch_maker] Batch w1Wo4MzwBAKHczBNpdAaOKiaQeIr+G1LfCypHrJFAEk= contains sample tx 1516
[2026-04-19T03:26:10.582Z INFO  worker::batch_maker] Batch w1Wo4MzwBAKHczBNpdAaOKiaQeIr+G1LfCypHrJFAEk= contains 204800 B
[2026-04-19T03:26:10.635Z INFO  worker::batch_maker] Batch 3Jmsb1UG1l6cBPH5llygW9k6Iwxr/wy2AvqUKgELR5U= contains sample tx 1517
[2026-04-19T03:26:10.635Z INFO  worker::batch_maker] Batch 3Jmsb1UG1l6cBPH5llygW9k6Iwxr/wy2AvqUKgELR5U= contains 204800 B
[2026-04-19T03:26:10.688Z INFO  worker::batch_maker] Batch WpViZ9bnYOuKFpMpVe01570edRq2an+4QRup0jYZKCw= contains sample tx 1518
[2026-04-19T03:26:10.688Z INFO  worker::batch_maker] Batch WpViZ9bnYOuKFpMpVe01570edRq2an+4QRup0jYZKCw= contains 204800 B
[2026-04-19T03:26:10.746Z INFO  worker::batch_maker] Batch h7/hyGtu2lpFX6Glq/z4kdMaUnqXXTThbOdSRBJvVqM= contains sample tx 1519
[2026-04-19T03:26:10.746Z INFO  worker::batch_maker] Batch h7/hyGtu2lpFX6Glq/z4kdMaUnqXXTThbOdSRBJvVqM= contains 204800 B
[2026-04-19T03:26:10.800Z INFO  worker::batch_maker] Batch gycIdHoUdVWeJO6ixFZHNME7vxfdDlj+E8J+toR/dpc= contains sample tx 1520
[2026-04-19T03:26:10.800Z INFO  worker::batch_maker] Batch gycIdHoUdVWeJO6ixFZHNME7vxfdDlj+E8J+toR/dpc= contains 204800 B
[2026-04-19T03:26:10.852Z INFO  worker::batch_maker] Batch 54YWyG4phdMThdKv9w3cpB+gadaA9UnyWf/mS9M0syk= contains sample tx 1521
[2026-04-19T03:26:10.853Z INFO  worker::batch_maker] Batch 54YWyG4phdMThdKv9w3cpB+gadaA9UnyWf/mS9M0syk= contains 204800 B
[2026-04-19T03:26:10.905Z INFO  worker::batch_maker] Batch DtAvRND5li5jtzGyvvByNs+9SrdCJo/nWh1hhfwXwxE= contains sample tx 1522
[2026-04-19T03:26:10.905Z INFO  worker::batch_maker] Batch DtAvRND5li5jtzGyvvByNs+9SrdCJo/nWh1hhfwXwxE= contains 204800 B
[2026-04-19T03:26:10.958Z INFO  worker::batch_maker] Batch GdfXz0BWinrnZA6KrVq3qgO+jQEjaNRndBpQSLAXEio= contains sample tx 1523
[2026-04-19T03:26:10.958Z INFO  worker::batch_maker] Batch GdfXz0BWinrnZA6KrVq3qgO+jQEjaNRndBpQSLAXEio= contains 270848 B
[2026-04-19T03:26:11.014Z INFO  worker::batch_maker] Batch 3LmrQOwIJIF9NEbNf3DJMoGZ5YtOMOHt6RTeX5OR6FM= contains sample tx 1524
[2026-04-19T03:26:11.014Z INFO  worker::batch_maker] Batch 3LmrQOwIJIF9NEbNf3DJMoGZ5YtOMOHt6RTeX5OR6FM= contains sample tx 1525
[2026-04-19T03:26:11.014Z INFO  worker::batch_maker] Batch 3LmrQOwIJIF9NEbNf3DJMoGZ5YtOMOHt6RTeX5OR6FM= contains 328192 B
[2026-04-19T03:26:11.068Z INFO  worker::batch_maker] Batch QluzSKEIzBm80Ty4nWFRBNy9tXbubM2cVEzHZgV0au8= contains sample tx 1526
[2026-04-19T03:26:11.068Z INFO  worker::batch_maker] Batch QluzSKEIzBm80Ty4nWFRBNy9tXbubM2cVEzHZgV0au8= contains 220160 B
[2026-04-19T03:26:11.121Z INFO  worker::batch_maker] Batch D7MW0Xy5vSwA9j88iE1qSedWgxULDrGJqqFoNAR8BAw= contains sample tx 1527
[2026-04-19T03:26:11.121Z INFO  worker::batch_maker] Batch D7MW0Xy5vSwA9j88iE1qSedWgxULDrGJqqFoNAR8BAw= contains 204800 B
[2026-04-19T03:26:11.173Z INFO  worker::batch_maker] Batch DwrmglnjEKeBzGH1ChVoaKwGR33+Z4KIyIGxBlKIGrs= contains sample tx 1528
[2026-04-19T03:26:11.173Z INFO  worker::batch_maker] Batch DwrmglnjEKeBzGH1ChVoaKwGR33+Z4KIyIGxBlKIGrs= contains 204800 B
[2026-04-19T03:26:11.226Z INFO  worker::batch_maker] Batch XfaMb/31TaVv+jAJqGZ4GZU3jBDtrhhuE8ssqHl/lIM= contains sample tx 1529
[2026-04-19T03:26:11.226Z INFO  worker::batch_maker] Batch XfaMb/31TaVv+jAJqGZ4GZU3jBDtrhhuE8ssqHl/lIM= contains 204800 B
[2026-04-19T03:26:11.278Z INFO  worker::batch_maker] Batch PwTzySTGK6GRsUXYIKyZw4v4y1hAVLRDbMzmyQuutZ0= contains sample tx 1530
[2026-04-19T03:26:11.278Z INFO  worker::batch_maker] Batch PwTzySTGK6GRsUXYIKyZw4v4y1hAVLRDbMzmyQuutZ0= contains 204800 B
[2026-04-19T03:26:11.330Z INFO  worker::batch_maker] Batch BJd2pVLm+yc9jy07vqHQfuPbSSaTV8Wu7L/bYsxnm3o= contains sample tx 1531
[2026-04-19T03:26:11.330Z INFO  worker::batch_maker] Batch BJd2pVLm+yc9jy07vqHQfuPbSSaTV8Wu7L/bYsxnm3o= contains 204800 B
[2026-04-19T03:26:11.382Z INFO  worker::batch_maker] Batch 4jb4Sd1Ifl8d491ZiqbOYl9tlqSUQQ3Pv93lOCOO/ko= contains sample tx 1532
[2026-04-19T03:26:11.382Z INFO  worker::batch_maker] Batch 4jb4Sd1Ifl8d491ZiqbOYl9tlqSUQQ3Pv93lOCOO/ko= contains 204800 B
[2026-04-19T03:26:11.434Z INFO  worker::batch_maker] Batch Wo9TzN2mpN9uwCpbkM5zxacMZ1cQPaL9HqYblvrEd0A= contains sample tx 1533
[2026-04-19T03:26:11.434Z INFO  worker::batch_maker] Batch Wo9TzN2mpN9uwCpbkM5zxacMZ1cQPaL9HqYblvrEd0A= contains 204800 B
[2026-04-19T03:26:11.486Z INFO  worker::batch_maker] Batch SxUK5H87lQGbUs7T/hZ/ikqNUEBLGtupv/40VC1qE7g= contains sample tx 1534
[2026-04-19T03:26:11.486Z INFO  worker::batch_maker] Batch SxUK5H87lQGbUs7T/hZ/ikqNUEBLGtupv/40VC1qE7g= contains 204800 B
[2026-04-19T03:26:11.538Z INFO  worker::batch_maker] Batch +Zp/WnJEx1xgGxDwhi2O9LSrBny1TJrYEmvSaq8vTW8= contains sample tx 1535
[2026-04-19T03:26:11.538Z INFO  worker::batch_maker] Batch +Zp/WnJEx1xgGxDwhi2O9LSrBny1TJrYEmvSaq8vTW8= contains 204800 B
[2026-04-19T03:26:11.590Z INFO  worker::batch_maker] Batch hS1sSb/VqvA/Dw/QRkRIBixc/wNSUQFdgJySvNJhmx4= contains sample tx 1536
[2026-04-19T03:26:11.590Z INFO  worker::batch_maker] Batch hS1sSb/VqvA/Dw/QRkRIBixc/wNSUQFdgJySvNJhmx4= contains 204800 B
[2026-04-19T03:26:11.642Z INFO  worker::batch_maker] Batch tv9XVKzklkINEjE7HAAWr5kr1wQUl2iHoo3HaBwt2oo= contains sample tx 1537
[2026-04-19T03:26:11.643Z INFO  worker::batch_maker] Batch tv9XVKzklkINEjE7HAAWr5kr1wQUl2iHoo3HaBwt2oo= contains 204800 B
[2026-04-19T03:26:11.697Z INFO  worker::batch_maker] Batch 34KF+T2e2z0yhnWKiPmEYKOIandgCGD28ZsMI1R+gHc= contains sample tx 1538
[2026-04-19T03:26:11.697Z INFO  worker::batch_maker] Batch 34KF+T2e2z0yhnWKiPmEYKOIandgCGD28ZsMI1R+gHc= contains 204800 B
[2026-04-19T03:26:11.750Z INFO  worker::batch_maker] Batch R8xkyrQxhac0WB/wCA4+uBJwYPvplkdzL2cB6n12dfA= contains sample tx 1539
[2026-04-19T03:26:11.750Z INFO  worker::batch_maker] Batch R8xkyrQxhac0WB/wCA4+uBJwYPvplkdzL2cB6n12dfA= contains 204800 B
[2026-04-19T03:26:11.803Z INFO  worker::batch_maker] Batch rndq58DScW15vgZaO3u5hFqLoLsEhe/Z7VF8de1X1kg= contains sample tx 1540
[2026-04-19T03:26:11.804Z INFO  worker::batch_maker] Batch rndq58DScW15vgZaO3u5hFqLoLsEhe/Z7VF8de1X1kg= contains 204800 B
[2026-04-19T03:26:11.856Z INFO  worker::batch_maker] Batch TzlixNLzjNOP17Stmfaelhansn1aiBJ7j8eG5vtilb4= contains sample tx 1541
[2026-04-19T03:26:11.856Z INFO  worker::batch_maker] Batch TzlixNLzjNOP17Stmfaelhansn1aiBJ7j8eG5vtilb4= contains 204800 B
[2026-04-19T03:26:11.910Z INFO  worker::batch_maker] Batch L7CJn1BlmIKocV16VN+lOomNKXhHrDX5pV72zo0xzZo= contains sample tx 1542
[2026-04-19T03:26:11.910Z INFO  worker::batch_maker] Batch L7CJn1BlmIKocV16VN+lOomNKXhHrDX5pV72zo0xzZo= contains 311296 B
[2026-04-19T03:26:11.962Z INFO  worker::batch_maker] Batch En4jIA5+3+YQeUAPXjERBlRxB+2J61R4A8zIPe9jjWs= contains sample tx 1543
[2026-04-19T03:26:11.962Z INFO  worker::batch_maker] Batch En4jIA5+3+YQeUAPXjERBlRxB+2J61R4A8zIPe9jjWs= contains sample tx 1544
[2026-04-19T03:26:11.962Z INFO  worker::batch_maker] Batch En4jIA5+3+YQeUAPXjERBlRxB+2J61R4A8zIPe9jjWs= contains 303104 B
[2026-04-19T03:26:12.015Z INFO  worker::batch_maker] Batch 8tWWAhBljYKmhGxmNhQHgiPXYZbONogTHC89527iP1o= contains sample tx 1545
[2026-04-19T03:26:12.015Z INFO  worker::batch_maker] Batch 8tWWAhBljYKmhGxmNhQHgiPXYZbONogTHC89527iP1o= contains 204800 B
[2026-04-19T03:26:12.066Z INFO  worker::batch_maker] Batch evtx3jdqJIRg8MPHATe2pQDzkopxGlGALEmSYNvUGfo= contains sample tx 1546
[2026-04-19T03:26:12.066Z INFO  worker::batch_maker] Batch evtx3jdqJIRg8MPHATe2pQDzkopxGlGALEmSYNvUGfo= contains 204800 B
[2026-04-19T03:26:12.118Z INFO  worker::batch_maker] Batch 7V556/ityMtuttfDDqu4vtTCuos68HZxuHO0V/5XYlI= contains sample tx 1547
[2026-04-19T03:26:12.118Z INFO  worker::batch_maker] Batch 7V556/ityMtuttfDDqu4vtTCuos68HZxuHO0V/5XYlI= contains 204800 B
[2026-04-19T03:26:12.170Z INFO  worker::batch_maker] Batch vf2GSJw6MTOcGhTN9KHiOJD9lXammHY6fHtnTImZTms= contains sample tx 1548
[2026-04-19T03:26:12.170Z INFO  worker::batch_maker] Batch vf2GSJw6MTOcGhTN9KHiOJD9lXammHY6fHtnTImZTms= contains 204800 B
[2026-04-19T03:26:12.222Z INFO  worker::batch_maker] Batch 1waMyvQvrcR7UrhLATUcpiqPURUtAINg51U6EXMKc3o= contains sample tx 1549
[2026-04-19T03:26:12.222Z INFO  worker::batch_maker] Batch 1waMyvQvrcR7UrhLATUcpiqPURUtAINg51U6EXMKc3o= contains 204800 B
[2026-04-19T03:26:12.275Z INFO  worker::batch_maker] Batch r2UmVDj3CspRwFhaFIY85XuB6esW4k9LYLF1i3ZN9VU= contains sample tx 1550
[2026-04-19T03:26:12.275Z INFO  worker::batch_maker] Batch r2UmVDj3CspRwFhaFIY85XuB6esW4k9LYLF1i3ZN9VU= contains 204800 B
[2026-04-19T03:26:12.327Z INFO  worker::batch_maker] Batch NVV6D0xWglHi8EcVBYoQouVux47rS/8rHpvQ4aza48M= contains sample tx 1551
[2026-04-19T03:26:12.327Z INFO  worker::batch_maker] Batch NVV6D0xWglHi8EcVBYoQouVux47rS/8rHpvQ4aza48M= contains 204800 B
[2026-04-19T03:26:12.379Z INFO  worker::batch_maker] Batch 7hm9vkIlyEA6KSUF56BeDzo7RdnjECCmsBLewgzYzf0= contains sample tx 1552
[2026-04-19T03:26:12.379Z INFO  worker::batch_maker] Batch 7hm9vkIlyEA6KSUF56BeDzo7RdnjECCmsBLewgzYzf0= contains 204800 B
[2026-04-19T03:26:12.430Z INFO  worker::batch_maker] Batch qMgHF9afiOxZ6pS3qcu38o9bTxs682s3xrtL4vTNNKU= contains sample tx 1553
[2026-04-19T03:26:12.430Z INFO  worker::batch_maker] Batch qMgHF9afiOxZ6pS3qcu38o9bTxs682s3xrtL4vTNNKU= contains 204800 B
[2026-04-19T03:26:12.483Z INFO  worker::batch_maker] Batch 13mfg2ri7d1recpTJcLhAioShucBXaNIMYiAlVxg8t0= contains sample tx 1554
[2026-04-19T03:26:12.483Z INFO  worker::batch_maker] Batch 13mfg2ri7d1recpTJcLhAioShucBXaNIMYiAlVxg8t0= contains 204800 B
[2026-04-19T03:26:12.537Z INFO  worker::batch_maker] Batch iemt1q2XXALPK7+RFkzPs4SssjQnov6n4Ef5Q8AutXY= contains sample tx 1555
[2026-04-19T03:26:12.537Z INFO  worker::batch_maker] Batch iemt1q2XXALPK7+RFkzPs4SssjQnov6n4Ef5Q8AutXY= contains 204800 B
[2026-04-19T03:26:12.590Z INFO  worker::batch_maker] Batch g9wompHgMHIH9530omYB5kvbaPCAhiS7AwSTmM3XRj8= contains sample tx 1556
[2026-04-19T03:26:12.590Z INFO  worker::batch_maker] Batch g9wompHgMHIH9530omYB5kvbaPCAhiS7AwSTmM3XRj8= contains 204800 B
[2026-04-19T03:26:12.643Z INFO  worker::batch_maker] Batch eDmCavJjmwWzhKf6o0KZ9U8zF4XaU5A9DR8kPEvmBH8= contains sample tx 1557
[2026-04-19T03:26:12.643Z INFO  worker::batch_maker] Batch eDmCavJjmwWzhKf6o0KZ9U8zF4XaU5A9DR8kPEvmBH8= contains 204800 B
[2026-04-19T03:26:12.698Z INFO  worker::batch_maker] Batch Or/W14mC5VmK1lGDutUQa046RLsDp81ef8nnczrYOzk= contains sample tx 1558
[2026-04-19T03:26:12.698Z INFO  worker::batch_maker] Batch Or/W14mC5VmK1lGDutUQa046RLsDp81ef8nnczrYOzk= contains 204800 B
[2026-04-19T03:26:12.752Z INFO  worker::batch_maker] Batch zi5ABbHWBNndokSOxdBJW7fV4f9xqgROuvJZOK4qjjk= contains sample tx 1559
[2026-04-19T03:26:12.752Z INFO  worker::batch_maker] Batch zi5ABbHWBNndokSOxdBJW7fV4f9xqgROuvJZOK4qjjk= contains 204800 B
[2026-04-19T03:26:12.804Z INFO  worker::batch_maker] Batch C31lg6SHMSica4wGJGBGyjsnT0g+WICtzteANPVU5gQ= contains sample tx 1560
[2026-04-19T03:26:12.804Z INFO  worker::batch_maker] Batch C31lg6SHMSica4wGJGBGyjsnT0g+WICtzteANPVU5gQ= contains 204800 B
[2026-04-19T03:26:12.859Z INFO  worker::batch_maker] Batch Cikz9bmyEoDdN6X29N2RuTb+w2fSXwH7MLq4+8Ah68g= contains sample tx 1561
[2026-04-19T03:26:12.860Z INFO  worker::batch_maker] Batch Cikz9bmyEoDdN6X29N2RuTb+w2fSXwH7MLq4+8Ah68g= contains 209920 B
[2026-04-19T03:26:12.916Z INFO  worker::batch_maker] Batch IMIgSEGo/cu8K4weDESzPxTxes39vTcZ2JmobYVf5/4= contains sample tx 1562
[2026-04-19T03:26:12.916Z INFO  worker::batch_maker] Batch IMIgSEGo/cu8K4weDESzPxTxes39vTcZ2JmobYVf5/4= contains sample tx 1563
[2026-04-19T03:26:12.916Z INFO  worker::batch_maker] Batch IMIgSEGo/cu8K4weDESzPxTxes39vTcZ2JmobYVf5/4= contains 404480 B
[2026-04-19T03:26:12.969Z INFO  worker::batch_maker] Batch xdZWq3Qeg927koXx2uP7KGI54wzxaUO7CvLnSHF23q4= contains sample tx 1564
[2026-04-19T03:26:12.969Z INFO  worker::batch_maker] Batch xdZWq3Qeg927koXx2uP7KGI54wzxaUO7CvLnSHF23q4= contains 204800 B
[2026-04-19T03:26:13.021Z INFO  worker::batch_maker] Batch lFSs0O+WUXXyssEiOL10op+04i854D96qBSuzaCfpj4= contains sample tx 1565
[2026-04-19T03:26:13.021Z INFO  worker::batch_maker] Batch lFSs0O+WUXXyssEiOL10op+04i854D96qBSuzaCfpj4= contains 204800 B
[2026-04-19T03:26:13.074Z INFO  worker::batch_maker] Batch 308SEvUvs9O1ncMM5nshKpVnTnYnQ2ZVR1wuHrbpy8A= contains sample tx 1566
[2026-04-19T03:26:13.074Z INFO  worker::batch_maker] Batch 308SEvUvs9O1ncMM5nshKpVnTnYnQ2ZVR1wuHrbpy8A= contains 204800 B
[2026-04-19T03:26:13.127Z INFO  worker::batch_maker] Batch pKzwPCsL9+Y14/mnmUC5F+qOXUQYHnaZc2Whl88DXb0= contains sample tx 1567
[2026-04-19T03:26:13.127Z INFO  worker::batch_maker] Batch pKzwPCsL9+Y14/mnmUC5F+qOXUQYHnaZc2Whl88DXb0= contains 204800 B
[2026-04-19T03:26:13.179Z INFO  worker::batch_maker] Batch pBzdN3s73aaLRsHxrU2foqRBDWV3qKGOXAALvCdtS7E= contains sample tx 1568
[2026-04-19T03:26:13.179Z INFO  worker::batch_maker] Batch pBzdN3s73aaLRsHxrU2foqRBDWV3qKGOXAALvCdtS7E= contains 204800 B
[2026-04-19T03:26:13.232Z INFO  worker::batch_maker] Batch kbqvOsEynkuaWmWyV4eB2HohFKVw5Uk9oG25ReiMP2Q= contains sample tx 1569
[2026-04-19T03:26:13.232Z INFO  worker::batch_maker] Batch kbqvOsEynkuaWmWyV4eB2HohFKVw5Uk9oG25ReiMP2Q= contains 204800 B
[2026-04-19T03:26:13.285Z INFO  worker::batch_maker] Batch DHeqipkOaoB2ALVsPQZ5OlKANWtl+tQpGrW4jx3vSZU= contains sample tx 1570
[2026-04-19T03:26:13.285Z INFO  worker::batch_maker] Batch DHeqipkOaoB2ALVsPQZ5OlKANWtl+tQpGrW4jx3vSZU= contains 204800 B
[2026-04-19T03:26:13.337Z INFO  worker::batch_maker] Batch uxVh6G20CX4DRlMtH2Dq6zeKOpfIadnZTivgoszuFPU= contains sample tx 1571
[2026-04-19T03:26:13.337Z INFO  worker::batch_maker] Batch uxVh6G20CX4DRlMtH2Dq6zeKOpfIadnZTivgoszuFPU= contains 204800 B
[2026-04-19T03:26:13.390Z INFO  worker::batch_maker] Batch gnyo67lp52Y5NIeBsydM8xqyve5Yu2F8qbMPjZPKv4M= contains sample tx 1572
[2026-04-19T03:26:13.390Z INFO  worker::batch_maker] Batch gnyo67lp52Y5NIeBsydM8xqyve5Yu2F8qbMPjZPKv4M= contains 204800 B
[2026-04-19T03:26:13.444Z INFO  worker::batch_maker] Batch KOK91QOsRBD5NU9QcP8SZ4/D2M8MqBxPUdR5A27hUPI= contains sample tx 1573
[2026-04-19T03:26:13.444Z INFO  worker::batch_maker] Batch KOK91QOsRBD5NU9QcP8SZ4/D2M8MqBxPUdR5A27hUPI= contains 204800 B
[2026-04-19T03:26:13.459Z INFO  network::receiver] Incoming connection established with 10.10.1.4:44082
[2026-04-19T03:26:13.459Z INFO  network::simple_sender] Outgoing connection established with 10.10.1.4:5019
[2026-04-19T03:26:13.498Z INFO  worker::batch_maker] Batch cJA3y7LN8zsHFVB/8pLoTTqQtOzDeYgZqHZCATDYnUg= contains sample tx 1574
[2026-04-19T03:26:13.498Z INFO  worker::batch_maker] Batch cJA3y7LN8zsHFVB/8pLoTTqQtOzDeYgZqHZCATDYnUg= contains 204800 B
[2026-04-19T03:26:13.551Z INFO  worker::batch_maker] Batch Y5PBjs+nEHgIEmuQfkovLQKhawBgL6dtVCX0VNAZbvo= contains sample tx 1575
[2026-04-19T03:26:13.551Z INFO  worker::batch_maker] Batch Y5PBjs+nEHgIEmuQfkovLQKhawBgL6dtVCX0VNAZbvo= contains 204800 B
[2026-04-19T03:26:13.603Z INFO  worker::batch_maker] Batch 2ySvI9gPHfYk99zG3Cbf/iKmm/Zg0Do4LblY+ZXI8IQ= contains sample tx 1576
[2026-04-19T03:26:13.603Z INFO  worker::batch_maker] Batch 2ySvI9gPHfYk99zG3Cbf/iKmm/Zg0Do4LblY+ZXI8IQ= contains 204800 B
[2026-04-19T03:26:13.655Z INFO  worker::batch_maker] Batch oHtl3Ks+hijSK4p2ly4mIdkKOBMoGGA/BjuA2Od/UPg= contains sample tx 1577
[2026-04-19T03:26:13.655Z INFO  worker::batch_maker] Batch oHtl3Ks+hijSK4p2ly4mIdkKOBMoGGA/BjuA2Od/UPg= contains 204800 B
[2026-04-19T03:26:13.707Z INFO  worker::batch_maker] Batch QeleCVRmPWhcsiFxoiD9mBYUYNxfnerxsJSb2+Wp5xA= contains sample tx 1578
[2026-04-19T03:26:13.707Z INFO  worker::batch_maker] Batch QeleCVRmPWhcsiFxoiD9mBYUYNxfnerxsJSb2+Wp5xA= contains 306688 B
[2026-04-19T03:26:13.760Z INFO  worker::batch_maker] Batch 0JPRckrQqjpovrk909nRh0r6Kbg7wucMdGaDvTu2Ezc= contains sample tx 1579
[2026-04-19T03:26:13.760Z INFO  worker::batch_maker] Batch 0JPRckrQqjpovrk909nRh0r6Kbg7wucMdGaDvTu2Ezc= contains sample tx 1580
[2026-04-19T03:26:13.760Z INFO  worker::batch_maker] Batch 0JPRckrQqjpovrk909nRh0r6Kbg7wucMdGaDvTu2Ezc= contains 307712 B
[2026-04-19T03:26:13.812Z INFO  worker::batch_maker] Batch Nk7zg9v75nTEKJN4A/3mAaJg+37dILCBzJ8xzVN1SBs= contains sample tx 1581
[2026-04-19T03:26:13.812Z INFO  worker::batch_maker] Batch Nk7zg9v75nTEKJN4A/3mAaJg+37dILCBzJ8xzVN1SBs= contains 204800 B
[2026-04-19T03:26:13.866Z INFO  worker::batch_maker] Batch QMCfHyQUTYdcdu8tTv2zogIvp0zwQdqF9RrwZ/SUktQ= contains sample tx 1582
[2026-04-19T03:26:13.866Z INFO  worker::batch_maker] Batch QMCfHyQUTYdcdu8tTv2zogIvp0zwQdqF9RrwZ/SUktQ= contains 204800 B
[2026-04-19T03:26:13.919Z INFO  worker::batch_maker] Batch X382xPDFg70bRf0ZPSK7GikdVUNrzegHAfNQAm3mUrw= contains sample tx 1583
[2026-04-19T03:26:13.919Z INFO  worker::batch_maker] Batch X382xPDFg70bRf0ZPSK7GikdVUNrzegHAfNQAm3mUrw= contains 204800 B
[2026-04-19T03:26:13.973Z INFO  worker::batch_maker] Batch hwk2DTaGNJr/fxfenOF+Uf0dW9B8aJ5lKKDogZtDz10= contains 196608 B
[2026-04-19T03:26:14.027Z INFO  worker::batch_maker] Batch lDD1VY9oQOFDQoIbKIyKscd7lLHdTWNzVpKJ7mKGx5M= contains sample tx 1584
[2026-04-19T03:26:14.027Z INFO  worker::batch_maker] Batch lDD1VY9oQOFDQoIbKIyKscd7lLHdTWNzVpKJ7mKGx5M= contains sample tx 1585
[2026-04-19T03:26:14.027Z INFO  worker::batch_maker] Batch lDD1VY9oQOFDQoIbKIyKscd7lLHdTWNzVpKJ7mKGx5M= contains 212992 B
[2026-04-19T03:26:14.081Z INFO  worker::batch_maker] Batch 1Iq5mi9IT6fLx8ccoE966SJrITXsub+QMzEdI9yXces= contains sample tx 1586
[2026-04-19T03:26:14.095Z INFO  worker::batch_maker] Batch 1Iq5mi9IT6fLx8ccoE966SJrITXsub+QMzEdI9yXces= contains 204800 B
[2026-04-19T03:26:14.148Z INFO  worker::batch_maker] Batch Z0FN6ZGWp5MQZo8GDmXlbPhhllb0tnSm5ZtEf7Wtjts= contains sample tx 1587
[2026-04-19T03:26:14.148Z INFO  worker::batch_maker] Batch Z0FN6ZGWp5MQZo8GDmXlbPhhllb0tnSm5ZtEf7Wtjts= contains 204800 B
[2026-04-19T03:26:14.201Z INFO  worker::batch_maker] Batch xG4InI6rVMfQ7YIdPC6E0+0lH0jva2DRbLsOi/obMhM= contains sample tx 1588
[2026-04-19T03:26:14.201Z INFO  worker::batch_maker] Batch xG4InI6rVMfQ7YIdPC6E0+0lH0jva2DRbLsOi/obMhM= contains 204800 B
[2026-04-19T03:26:14.255Z INFO  worker::batch_maker] Batch eENLpJDOsi3fJ4l5lzdTPDqT0n2qviviZBf8TUldRo8= contains sample tx 1589
[2026-04-19T03:26:14.255Z INFO  worker::batch_maker] Batch eENLpJDOsi3fJ4l5lzdTPDqT0n2qviviZBf8TUldRo8= contains 204800 B
[2026-04-19T03:26:14.308Z INFO  worker::batch_maker] Batch Hcbr+joWkuTPeeKNCya3wjKu7ucnj1SQEH31mMWGHn8= contains sample tx 1590
[2026-04-19T03:26:14.308Z INFO  worker::batch_maker] Batch Hcbr+joWkuTPeeKNCya3wjKu7ucnj1SQEH31mMWGHn8= contains 266240 B
[2026-04-19T03:26:14.362Z INFO  worker::batch_maker] Batch iYuMC56diZnOeYlhS7TQacsZOzgKKcp3yLf/NPWTJAU= contains sample tx 1591
[2026-04-19T03:26:14.362Z INFO  worker::batch_maker] Batch iYuMC56diZnOeYlhS7TQacsZOzgKKcp3yLf/NPWTJAU= contains 307712 B
[2026-04-19T03:26:14.416Z INFO  worker::batch_maker] Batch YPsZRdfdn4tXBQQdnnPkiwDB/Hiw+xaDjacQy+1kgew= contains sample tx 1592
[2026-04-19T03:26:14.416Z INFO  worker::batch_maker] Batch YPsZRdfdn4tXBQQdnnPkiwDB/Hiw+xaDjacQy+1kgew= contains sample tx 1593
[2026-04-19T03:26:14.416Z INFO  worker::batch_maker] Batch YPsZRdfdn4tXBQQdnnPkiwDB/Hiw+xaDjacQy+1kgew= contains 245248 B
[2026-04-19T03:26:14.469Z INFO  worker::batch_maker] Batch aRhGbly/LboNLdNkk/6tX4JpiwNh+DckD4Goz35R0MI= contains sample tx 1594
[2026-04-19T03:26:14.469Z INFO  worker::batch_maker] Batch aRhGbly/LboNLdNkk/6tX4JpiwNh+DckD4Goz35R0MI= contains 204800 B
[2026-04-19T03:26:14.522Z INFO  worker::batch_maker] Batch ESVzn9S4/st3CVfRxcxZWi1UUZHHZeb/6etczfjtto8= contains sample tx 1595
[2026-04-19T03:26:14.522Z INFO  worker::batch_maker] Batch ESVzn9S4/st3CVfRxcxZWi1UUZHHZeb/6etczfjtto8= contains 204800 B
[2026-04-19T03:26:14.574Z INFO  worker::batch_maker] Batch Qn1CcElMiHcNU9GLWSfSHrZ7ShY8xsr1m4G4jushvp8= contains sample tx 1596
[2026-04-19T03:26:14.575Z INFO  worker::batch_maker] Batch Qn1CcElMiHcNU9GLWSfSHrZ7ShY8xsr1m4G4jushvp8= contains 204800 B
[2026-04-19T03:26:14.628Z INFO  worker::batch_maker] Batch trYnyFnHtCdld8zFWRddSikGnAH7cIf4gpd7XDSZBC0= contains sample tx 1597
[2026-04-19T03:26:14.628Z INFO  worker::batch_maker] Batch trYnyFnHtCdld8zFWRddSikGnAH7cIf4gpd7XDSZBC0= contains 204800 B
[2026-04-19T03:26:14.682Z INFO  worker::batch_maker] Batch qLRAyMRXyg+HDSzgm9qw+R2BrQC1OZURUhcSBqXLleY= contains sample tx 1598
[2026-04-19T03:26:14.682Z INFO  worker::batch_maker] Batch qLRAyMRXyg+HDSzgm9qw+R2BrQC1OZURUhcSBqXLleY= contains 204800 B
[2026-04-19T03:26:14.735Z INFO  worker::batch_maker] Batch 4pyYoRwph4sTGOkvONCLoYw2rf0hMkvASEynu9E6aEU= contains sample tx 1599
[2026-04-19T03:26:14.735Z INFO  worker::batch_maker] Batch 4pyYoRwph4sTGOkvONCLoYw2rf0hMkvASEynu9E6aEU= contains 204800 B
[2026-04-19T03:26:14.789Z INFO  worker::batch_maker] Batch bETnZdFk+xBHlB+8jIHyk/4iO/R+WjMx9YHJsBiEp5Y= contains sample tx 1600
[2026-04-19T03:26:14.795Z INFO  worker::batch_maker] Batch bETnZdFk+xBHlB+8jIHyk/4iO/R+WjMx9YHJsBiEp5Y= contains 204800 B
[2026-04-19T03:26:14.849Z INFO  worker::batch_maker] Batch xlWU58Y0mCUDnvFJc3qYvgTHkdeR12syd2N3xEhoRuA= contains sample tx 1601
[2026-04-19T03:26:14.850Z INFO  worker::batch_maker] Batch xlWU58Y0mCUDnvFJc3qYvgTHkdeR12syd2N3xEhoRuA= contains 204800 B
[2026-04-19T03:26:14.904Z INFO  worker::batch_maker] Batch R4yjDxB5Uq4GQ1tb9X6Rnk/Y+Iag9NN56/5VUEKvTDo= contains sample tx 1602
[2026-04-19T03:26:14.904Z INFO  worker::batch_maker] Batch R4yjDxB5Uq4GQ1tb9X6Rnk/Y+Iag9NN56/5VUEKvTDo= contains 204800 B
[2026-04-19T03:26:14.958Z INFO  worker::batch_maker] Batch 8kKXRIn/D3x2GFcGIw2z1rSY2N4ZDC4f2pOfIJ0iVzo= contains sample tx 1603
[2026-04-19T03:26:14.958Z INFO  worker::batch_maker] Batch 8kKXRIn/D3x2GFcGIw2z1rSY2N4ZDC4f2pOfIJ0iVzo= contains 204800 B
[2026-04-19T03:26:15.011Z INFO  worker::batch_maker] Batch znbqgtV1dqd9zFcbmlE4Jh4EeOStJLeT81NzLd/Jyb8= contains sample tx 1604
[2026-04-19T03:26:15.011Z INFO  worker::batch_maker] Batch znbqgtV1dqd9zFcbmlE4Jh4EeOStJLeT81NzLd/Jyb8= contains sample tx 1605
[2026-04-19T03:26:15.011Z INFO  worker::batch_maker] Batch znbqgtV1dqd9zFcbmlE4Jh4EeOStJLeT81NzLd/Jyb8= contains 407552 B
[2026-04-19T03:26:15.065Z INFO  worker::batch_maker] Batch 8NCiRv3kbEONsQaNJVokKKCIWs+4hnXwqKqze7fvaJ0= contains sample tx 1606
[2026-04-19T03:26:15.065Z INFO  worker::batch_maker] Batch 8NCiRv3kbEONsQaNJVokKKCIWs+4hnXwqKqze7fvaJ0= contains 206848 B
[2026-04-19T03:26:15.117Z INFO  worker::batch_maker] Batch dgo+3py6GNAOouwZH9zU6yEq+WCnqY1dJYZTjWAvZRw= contains sample tx 1607
[2026-04-19T03:26:15.117Z INFO  worker::batch_maker] Batch dgo+3py6GNAOouwZH9zU6yEq+WCnqY1dJYZTjWAvZRw= contains 204800 B
[2026-04-19T03:26:15.170Z INFO  worker::batch_maker] Batch QeoP2ZzBnTuS7ecXUgVceLT0tQQq0ARAv8CB6PP5hSc= contains sample tx 1608
[2026-04-19T03:26:15.170Z INFO  worker::batch_maker] Batch QeoP2ZzBnTuS7ecXUgVceLT0tQQq0ARAv8CB6PP5hSc= contains 204800 B
[2026-04-19T03:26:15.223Z INFO  worker::batch_maker] Batch C1C0e0vyAnSWuNeRLNJC9mxpKwGxI5QuGF62W1NS6rI= contains sample tx 1609
[2026-04-19T03:26:15.223Z INFO  worker::batch_maker] Batch C1C0e0vyAnSWuNeRLNJC9mxpKwGxI5QuGF62W1NS6rI= contains 204800 B
[2026-04-19T03:26:15.275Z INFO  worker::batch_maker] Batch /2r3PlVEZEpgWJt6c08Cu1A+vjBQiFItkwMbeHXNDDo= contains sample tx 1610
[2026-04-19T03:26:15.275Z INFO  worker::batch_maker] Batch /2r3PlVEZEpgWJt6c08Cu1A+vjBQiFItkwMbeHXNDDo= contains 204800 B
[2026-04-19T03:26:15.330Z INFO  worker::batch_maker] Batch wePFQIo8xVMhEQdYZg4tLBKA5rnEFeFb5ox/7XpePQw= contains sample tx 1611
[2026-04-19T03:26:15.330Z INFO  worker::batch_maker] Batch wePFQIo8xVMhEQdYZg4tLBKA5rnEFeFb5ox/7XpePQw= contains 204800 B
[2026-04-19T03:26:15.383Z INFO  worker::batch_maker] Batch jZX7uSNNLrzxxxbaEfpjXnHIop7eE3E47/N0G0xDyFY= contains sample tx 1612
[2026-04-19T03:26:15.383Z INFO  worker::batch_maker] Batch jZX7uSNNLrzxxxbaEfpjXnHIop7eE3E47/N0G0xDyFY= contains 204800 B
[2026-04-19T03:26:15.435Z INFO  worker::batch_maker] Batch UpMJifSahtMuJPHjN56viB8UhAkIgXPdW5Y6plZQW7Q= contains sample tx 1613
[2026-04-19T03:26:15.435Z INFO  worker::batch_maker] Batch UpMJifSahtMuJPHjN56viB8UhAkIgXPdW5Y6plZQW7Q= contains 204800 B
[2026-04-19T03:26:15.490Z INFO  worker::batch_maker] Batch 4txgFSgGKnIaALG9lDYDFe4J4ROToiSODVTU0Mufp3Y= contains sample tx 1614
[2026-04-19T03:26:15.490Z INFO  worker::batch_maker] Batch 4txgFSgGKnIaALG9lDYDFe4J4ROToiSODVTU0Mufp3Y= contains 204800 B
[2026-04-19T03:26:15.542Z INFO  worker::batch_maker] Batch aRpxKfOmhwj0R8EA7RMZdKWCDqzbvVMKK53ThQD+cCc= contains sample tx 1615
[2026-04-19T03:26:15.542Z INFO  worker::batch_maker] Batch aRpxKfOmhwj0R8EA7RMZdKWCDqzbvVMKK53ThQD+cCc= contains 204800 B
[2026-04-19T03:26:15.594Z INFO  worker::batch_maker] Batch 8RzWFtrwMWHR6nsWmhI3k2VHo/0GsJEd6z7MmJ9OVwQ= contains sample tx 1616
[2026-04-19T03:26:15.594Z INFO  worker::batch_maker] Batch 8RzWFtrwMWHR6nsWmhI3k2VHo/0GsJEd6z7MmJ9OVwQ= contains 204800 B
[2026-04-19T03:26:15.647Z INFO  worker::batch_maker] Batch Vy1ksFj91fO18eO5c1rghCM3PR8I/7IyW1q0KM/XskI= contains sample tx 1617
[2026-04-19T03:26:15.647Z INFO  worker::batch_maker] Batch Vy1ksFj91fO18eO5c1rghCM3PR8I/7IyW1q0KM/XskI= contains 204800 B
[2026-04-19T03:26:15.700Z INFO  worker::batch_maker] Batch fZ4KH66YSeNpVy9aLm7Ay798vpZMRzbQ6ASOFLL7q0E= contains sample tx 1618
[2026-04-19T03:26:15.700Z INFO  worker::batch_maker] Batch fZ4KH66YSeNpVy9aLm7Ay798vpZMRzbQ6ASOFLL7q0E= contains 204800 B
[2026-04-19T03:26:15.753Z INFO  worker::batch_maker] Batch RDGbQjuCEuVAyyClr2CWZnAZwTI/PkH8DxVO9nHDV6I= contains sample tx 1619
[2026-04-19T03:26:15.753Z INFO  worker::batch_maker] Batch RDGbQjuCEuVAyyClr2CWZnAZwTI/PkH8DxVO9nHDV6I= contains 204800 B
[2026-04-19T03:26:15.805Z INFO  worker::batch_maker] Batch mA+zRnanR9hoHdaydYG1T1LwurTSQ55a/bs+ZNbpk9I= contains sample tx 1620
[2026-04-19T03:26:15.805Z INFO  worker::batch_maker] Batch mA+zRnanR9hoHdaydYG1T1LwurTSQ55a/bs+ZNbpk9I= contains 204800 B
[2026-04-19T03:26:15.857Z INFO  worker::batch_maker] Batch Jn5i8k3OtxQLeUunJtg1FC37ePPq/1KfQispGp8q3hM= contains sample tx 1621
[2026-04-19T03:26:15.857Z INFO  worker::batch_maker] Batch Jn5i8k3OtxQLeUunJtg1FC37ePPq/1KfQispGp8q3hM= contains sample tx 1622
[2026-04-19T03:26:15.857Z INFO  worker::batch_maker] Batch Jn5i8k3OtxQLeUunJtg1FC37ePPq/1KfQispGp8q3hM= contains 264192 B
[2026-04-19T03:26:15.910Z INFO  worker::batch_maker] Batch 0rht2TE9l6IkeZukx8rvrXjPJ4sxnUxJh11eMUmo0TE= contains sample tx 1623
[2026-04-19T03:26:15.910Z INFO  worker::batch_maker] Batch 0rht2TE9l6IkeZukx8rvrXjPJ4sxnUxJh11eMUmo0TE= contains 350208 B
[2026-04-19T03:26:15.963Z INFO  worker::batch_maker] Batch IQuXDxj3Sfy+HMYngJTVetB5971Wh17HcFkezkWslVI= contains sample tx 1624
[2026-04-19T03:26:15.963Z INFO  worker::batch_maker] Batch IQuXDxj3Sfy+HMYngJTVetB5971Wh17HcFkezkWslVI= contains 204800 B
[2026-04-19T03:26:16.016Z INFO  worker::batch_maker] Batch awMXq8OAkLRP57h50uVwnRsYzRzN+T8TUznX2l7BE/k= contains sample tx 1625
[2026-04-19T03:26:16.016Z INFO  worker::batch_maker] Batch awMXq8OAkLRP57h50uVwnRsYzRzN+T8TUznX2l7BE/k= contains 204800 B
[2026-04-19T03:26:16.069Z INFO  worker::batch_maker] Batch 4flY7RiHacNU/AsM/zo8dS/yXx7q7u5CLwjlY6mbOrs= contains sample tx 1626
[2026-04-19T03:26:16.069Z INFO  worker::batch_maker] Batch 4flY7RiHacNU/AsM/zo8dS/yXx7q7u5CLwjlY6mbOrs= contains 204800 B
[2026-04-19T03:26:16.120Z INFO  worker::batch_maker] Batch HN0F1RGgLz9aUgPshT94kQOC3iGGHmI3GFRzZsTznwA= contains sample tx 1627
[2026-04-19T03:26:16.120Z INFO  worker::batch_maker] Batch HN0F1RGgLz9aUgPshT94kQOC3iGGHmI3GFRzZsTznwA= contains 204800 B
[2026-04-19T03:26:16.173Z INFO  worker::batch_maker] Batch pkRnKe1kq2y5qTZV9Ml5YuArLfjN3Cz5IaqUkneFz8U= contains sample tx 1628
[2026-04-19T03:26:16.173Z INFO  worker::batch_maker] Batch pkRnKe1kq2y5qTZV9Ml5YuArLfjN3Cz5IaqUkneFz8U= contains 204800 B
[2026-04-19T03:26:16.227Z INFO  worker::batch_maker] Batch PJzhUsZ4nmaW+aZl04/BxF4CafE6A/HwO3pjO8XeSFk= contains sample tx 1629
[2026-04-19T03:26:16.227Z INFO  worker::batch_maker] Batch PJzhUsZ4nmaW+aZl04/BxF4CafE6A/HwO3pjO8XeSFk= contains 204800 B
[2026-04-19T03:26:16.280Z INFO  worker::batch_maker] Batch OUxlkX2Xu5gXUn8/9JvsatW6L6lfxIgzw/sv0f1W9/0= contains sample tx 1630
[2026-04-19T03:26:16.280Z INFO  worker::batch_maker] Batch OUxlkX2Xu5gXUn8/9JvsatW6L6lfxIgzw/sv0f1W9/0= contains 204800 B
[2026-04-19T03:26:16.333Z INFO  worker::batch_maker] Batch ZR1BejKlGQNbi+azwI63s6TcVXgcZA/pxJEjuaWbYIQ= contains sample tx 1631
[2026-04-19T03:26:16.333Z INFO  worker::batch_maker] Batch ZR1BejKlGQNbi+azwI63s6TcVXgcZA/pxJEjuaWbYIQ= contains 204800 B
[2026-04-19T03:26:16.385Z INFO  worker::batch_maker] Batch dxQz8bAQDEWwxngwupptkH6URkuUBZU5Obvgspx+x9U= contains sample tx 1632
[2026-04-19T03:26:16.385Z INFO  worker::batch_maker] Batch dxQz8bAQDEWwxngwupptkH6URkuUBZU5Obvgspx+x9U= contains 204800 B
[2026-04-19T03:26:16.438Z INFO  worker::batch_maker] Batch UXa34chsrgdDVlSrSeBjXjVU7qoF1RbXBxa65oBqvfk= contains sample tx 1633
[2026-04-19T03:26:16.438Z INFO  worker::batch_maker] Batch UXa34chsrgdDVlSrSeBjXjVU7qoF1RbXBxa65oBqvfk= contains 204800 B
[2026-04-19T03:26:16.491Z INFO  worker::batch_maker] Batch J95ZWlkFc7yeRoqjjLTk19XA9FUNv6zr/tIOkbjPUbM= contains sample tx 1634
[2026-04-19T03:26:16.491Z INFO  worker::batch_maker] Batch J95ZWlkFc7yeRoqjjLTk19XA9FUNv6zr/tIOkbjPUbM= contains 204800 B
[2026-04-19T03:26:16.543Z INFO  worker::batch_maker] Batch ydxczhI0gYKvGDGY+XFz6VdtSPCxFz89YOzvDgXBFQo= contains sample tx 1635
[2026-04-19T03:26:16.543Z INFO  worker::batch_maker] Batch ydxczhI0gYKvGDGY+XFz6VdtSPCxFz89YOzvDgXBFQo= contains 204800 B
[2026-04-19T03:26:16.597Z INFO  worker::batch_maker] Batch PJAeJp5zuRS8tQP4igl5W/nXVRL0T8NJzKP493BqiXw= contains sample tx 1636
[2026-04-19T03:26:16.597Z INFO  worker::batch_maker] Batch PJAeJp5zuRS8tQP4igl5W/nXVRL0T8NJzKP493BqiXw= contains 204800 B
[2026-04-19T03:26:16.651Z INFO  worker::batch_maker] Batch V/tlN8mY28Eb5L6B9/c69cExvUBk1/5wMmF80n+Rmng= contains sample tx 1637
[2026-04-19T03:26:16.651Z INFO  worker::batch_maker] Batch V/tlN8mY28Eb5L6B9/c69cExvUBk1/5wMmF80n+Rmng= contains 204800 B
[2026-04-19T03:26:16.704Z INFO  worker::batch_maker] Batch iJ4C5U+1sAQe4CRj9kwFQi0O9hMSvo1QlwOhSe66dOw= contains sample tx 1638
[2026-04-19T03:26:16.704Z INFO  worker::batch_maker] Batch iJ4C5U+1sAQe4CRj9kwFQi0O9hMSvo1QlwOhSe66dOw= contains 204800 B
[2026-04-19T03:26:16.757Z INFO  worker::batch_maker] Batch Sr8b5SaA1lvJom5LPMMo3iwJx0D/JLG4jp/LxKwm0Zg= contains sample tx 1639
[2026-04-19T03:26:16.757Z INFO  worker::batch_maker] Batch Sr8b5SaA1lvJom5LPMMo3iwJx0D/JLG4jp/LxKwm0Zg= contains 205312 B
[2026-04-19T03:26:16.811Z INFO  worker::batch_maker] Batch oUqkda9Nv8E5n7Z/7GM4idOuNvhg/pD/YbCazH4o45Q= contains sample tx 1640
[2026-04-19T03:26:16.811Z INFO  worker::batch_maker] Batch oUqkda9Nv8E5n7Z/7GM4idOuNvhg/pD/YbCazH4o45Q= contains sample tx 1641
[2026-04-19T03:26:16.811Z INFO  worker::batch_maker] Batch oUqkda9Nv8E5n7Z/7GM4idOuNvhg/pD/YbCazH4o45Q= contains 350720 B
[2026-04-19T03:26:16.868Z INFO  worker::batch_maker] Batch +qL+mqyOXgPTFCrzmXnGhg8bv051sIqBL8jnZtsl+U4= contains sample tx 1642
[2026-04-19T03:26:16.868Z INFO  worker::batch_maker] Batch +qL+mqyOXgPTFCrzmXnGhg8bv051sIqBL8jnZtsl+U4= contains 263168 B
[2026-04-19T03:26:16.921Z INFO  worker::batch_maker] Batch bfrL6UwF7ce+lxO/VEQwAdVYgKO2TYIMhvYRsLy2juA= contains sample tx 1643
[2026-04-19T03:26:16.921Z INFO  worker::batch_maker] Batch bfrL6UwF7ce+lxO/VEQwAdVYgKO2TYIMhvYRsLy2juA= contains 204800 B
[2026-04-19T03:26:16.974Z INFO  worker::batch_maker] Batch 9lDQ+GC7r9Kg2IF1KNO0brO1qy4eR8b4QKzuU5yrx7w= contains sample tx 1644
[2026-04-19T03:26:16.974Z INFO  worker::batch_maker] Batch 9lDQ+GC7r9Kg2IF1KNO0brO1qy4eR8b4QKzuU5yrx7w= contains 204800 B
[2026-04-19T03:26:17.027Z INFO  worker::batch_maker] Batch 4JWIkvJVZUTvJDp0upSGpHcW22/dgmlE7eJi92k3vDk= contains sample tx 1645
[2026-04-19T03:26:17.027Z INFO  worker::batch_maker] Batch 4JWIkvJVZUTvJDp0upSGpHcW22/dgmlE7eJi92k3vDk= contains 204800 B
[2026-04-19T03:26:17.081Z INFO  worker::batch_maker] Batch xsVogyFbjjAraOC2XjRNvMVO74TmXyhJ/rH2+zI5RD4= contains sample tx 1646
[2026-04-19T03:26:17.081Z INFO  worker::batch_maker] Batch xsVogyFbjjAraOC2XjRNvMVO74TmXyhJ/rH2+zI5RD4= contains 204800 B
[2026-04-19T03:26:17.133Z INFO  worker::batch_maker] Batch MIH4mT9DfjWMmzvrlsaYmn65JC7KG0vwe++eHNRiVpY= contains sample tx 1647
[2026-04-19T03:26:17.133Z INFO  worker::batch_maker] Batch MIH4mT9DfjWMmzvrlsaYmn65JC7KG0vwe++eHNRiVpY= contains 204800 B
[2026-04-19T03:26:17.186Z INFO  worker::batch_maker] Batch 1A/Dd9Rlj9mlnihJuyBrxIZgOp9rSGAWSqF7YDx4DJI= contains sample tx 1648
[2026-04-19T03:26:17.186Z INFO  worker::batch_maker] Batch 1A/Dd9Rlj9mlnihJuyBrxIZgOp9rSGAWSqF7YDx4DJI= contains 204800 B
[2026-04-19T03:26:17.240Z INFO  worker::batch_maker] Batch J2dfloCMrMys8JVkf3Y9Nv74Yc2uCoR6mMGI2bBviQQ= contains sample tx 1649
[2026-04-19T03:26:17.240Z INFO  worker::batch_maker] Batch J2dfloCMrMys8JVkf3Y9Nv74Yc2uCoR6mMGI2bBviQQ= contains 204800 B
[2026-04-19T03:26:17.293Z INFO  worker::batch_maker] Batch so1hC8fyWqKnOTrDuLg169M4ttjAvwYfSXozYly7BmU= contains sample tx 1650
[2026-04-19T03:26:17.293Z INFO  worker::batch_maker] Batch so1hC8fyWqKnOTrDuLg169M4ttjAvwYfSXozYly7BmU= contains 204800 B
[2026-04-19T03:26:17.345Z INFO  worker::batch_maker] Batch c+JCkKioYDzz8BWV3JXqP6ietQz/4peg/VBIRhgn9Og= contains sample tx 1651
[2026-04-19T03:26:17.345Z INFO  worker::batch_maker] Batch c+JCkKioYDzz8BWV3JXqP6ietQz/4peg/VBIRhgn9Og= contains 204800 B
[2026-04-19T03:26:17.398Z INFO  worker::batch_maker] Batch 4sAgNWwIVzfpqPLXdBanxKLh1Xxjy8gLS6TixKg7bzE= contains sample tx 1652
[2026-04-19T03:26:17.398Z INFO  worker::batch_maker] Batch 4sAgNWwIVzfpqPLXdBanxKLh1Xxjy8gLS6TixKg7bzE= contains 204800 B
[2026-04-19T03:26:17.452Z INFO  worker::batch_maker] Batch 4+HwZPzD7uEYv6HkXrLQ3YExfPkH1+NxecwBtBgKipY= contains sample tx 1653
[2026-04-19T03:26:17.452Z INFO  worker::batch_maker] Batch 4+HwZPzD7uEYv6HkXrLQ3YExfPkH1+NxecwBtBgKipY= contains 204800 B
[2026-04-19T03:26:17.505Z INFO  worker::batch_maker] Batch EQ7NDGVN5rEdo+aEdTXyKvyZ5HKtnmgrtZHA/5eCbbk= contains sample tx 1654
[2026-04-19T03:26:17.505Z INFO  worker::batch_maker] Batch EQ7NDGVN5rEdo+aEdTXyKvyZ5HKtnmgrtZHA/5eCbbk= contains 204800 B
[2026-04-19T03:26:17.558Z INFO  worker::batch_maker] Batch ZiYxcFqfNHx1+4OdvzxyVDbmj3cqEtDcHmYwV0MHkLk= contains sample tx 1655
[2026-04-19T03:26:17.558Z INFO  worker::batch_maker] Batch ZiYxcFqfNHx1+4OdvzxyVDbmj3cqEtDcHmYwV0MHkLk= contains sample tx 1656
[2026-04-19T03:26:17.558Z INFO  worker::batch_maker] Batch ZiYxcFqfNHx1+4OdvzxyVDbmj3cqEtDcHmYwV0MHkLk= contains 279040 B
[2026-04-19T03:26:17.613Z INFO  worker::batch_maker] Batch YqCN7YgZYehU6puPV5L4mpu9K0noCsMCV9dS1iZt878= contains sample tx 1657
[2026-04-19T03:26:17.613Z INFO  worker::batch_maker] Batch YqCN7YgZYehU6puPV5L4mpu9K0noCsMCV9dS1iZt878= contains 335360 B
[2026-04-19T03:26:17.667Z INFO  worker::batch_maker] Batch iEkoEYekRUL4NgsvR0GnqODUMZ/agvFiaPAcW0NPEEw= contains sample tx 1658
[2026-04-19T03:26:17.667Z INFO  worker::batch_maker] Batch iEkoEYekRUL4NgsvR0GnqODUMZ/agvFiaPAcW0NPEEw= contains 204800 B
[2026-04-19T03:26:17.720Z INFO  worker::batch_maker] Batch JxE2GCKXM9A1h6fCJkdRAvRvkvAPfzDdkKePCdRp7Eg= contains sample tx 1659
[2026-04-19T03:26:17.720Z INFO  worker::batch_maker] Batch JxE2GCKXM9A1h6fCJkdRAvRvkvAPfzDdkKePCdRp7Eg= contains 204800 B
[2026-04-19T03:26:17.772Z INFO  worker::batch_maker] Batch 5BhecWGf7rTlhCI+oulMc7Ig8Uz7vDh/YbzuxVW3St8= contains sample tx 1660
[2026-04-19T03:26:17.772Z INFO  worker::batch_maker] Batch 5BhecWGf7rTlhCI+oulMc7Ig8Uz7vDh/YbzuxVW3St8= contains 204800 B
[2026-04-19T03:26:17.824Z INFO  worker::batch_maker] Batch uKZFgBZuwL/A7TA13q+XDE0dE0eJfOwWyTDUvkrTAus= contains sample tx 1661
[2026-04-19T03:26:17.824Z INFO  worker::batch_maker] Batch uKZFgBZuwL/A7TA13q+XDE0dE0eJfOwWyTDUvkrTAus= contains 204800 B
[2026-04-19T03:26:17.878Z INFO  worker::batch_maker] Batch GSbmKZiJ8QvBA34QWSJ3eVe8z3xz38iPmbx3r6VaRS4= contains sample tx 1662
[2026-04-19T03:26:17.878Z INFO  worker::batch_maker] Batch GSbmKZiJ8QvBA34QWSJ3eVe8z3xz38iPmbx3r6VaRS4= contains 204800 B
[2026-04-19T03:26:17.932Z INFO  worker::batch_maker] Batch k2UHK31W+cicvQ+el9uFyd92FCOIM9J5V+lPLQI/B0E= contains sample tx 1663
[2026-04-19T03:26:17.932Z INFO  worker::batch_maker] Batch k2UHK31W+cicvQ+el9uFyd92FCOIM9J5V+lPLQI/B0E= contains 204800 B
[2026-04-19T03:26:17.985Z INFO  worker::batch_maker] Batch VM8K0S+1/d2bhz7jcGfb8xa/lbK0TyS0A144m3eQqlA= contains sample tx 1664
[2026-04-19T03:26:17.985Z INFO  worker::batch_maker] Batch VM8K0S+1/d2bhz7jcGfb8xa/lbK0TyS0A144m3eQqlA= contains 204800 B
[2026-04-19T03:26:18.039Z INFO  worker::batch_maker] Batch XaxiI+umiBKpoon68WcWV4gtcdpWKaEpvpPwNCQ0YaY= contains sample tx 1665
[2026-04-19T03:26:18.039Z INFO  worker::batch_maker] Batch XaxiI+umiBKpoon68WcWV4gtcdpWKaEpvpPwNCQ0YaY= contains 204800 B
[2026-04-19T03:26:18.092Z INFO  worker::batch_maker] Batch MwUpb0m4zGaDA4xos6zTlzJk0C4eh57j2aM/7HNo7cM= contains sample tx 1666
[2026-04-19T03:26:18.092Z INFO  worker::batch_maker] Batch MwUpb0m4zGaDA4xos6zTlzJk0C4eh57j2aM/7HNo7cM= contains 204800 B
[2026-04-19T03:26:18.145Z INFO  worker::batch_maker] Batch 48/F3UfrOkHY86RiMFiGX8JyPav1Hqb18wbeKedjO4w= contains sample tx 1667
[2026-04-19T03:26:18.145Z INFO  worker::batch_maker] Batch 48/F3UfrOkHY86RiMFiGX8JyPav1Hqb18wbeKedjO4w= contains 204800 B
[2026-04-19T03:26:18.199Z INFO  worker::batch_maker] Batch zMS6xRu6dnag3o/iz5DfIcIDi0rdoFxcbRLXE4UHmac= contains sample tx 1668
[2026-04-19T03:26:18.199Z INFO  worker::batch_maker] Batch zMS6xRu6dnag3o/iz5DfIcIDi0rdoFxcbRLXE4UHmac= contains 204800 B
[2026-04-19T03:26:18.251Z INFO  worker::batch_maker] Batch 3E8WCKy5265axXnO+WXsjA2CtPrx5yN6O+pB5nV2mPs= contains sample tx 1669
[2026-04-19T03:26:18.251Z INFO  worker::batch_maker] Batch 3E8WCKy5265axXnO+WXsjA2CtPrx5yN6O+pB5nV2mPs= contains 204800 B
[2026-04-19T03:26:18.303Z INFO  worker::batch_maker] Batch B7GAEmoTpHtk/vSa2D3GVSRQfxieQ7joRWLlzAuBPtY= contains sample tx 1670
[2026-04-19T03:26:18.303Z INFO  worker::batch_maker] Batch B7GAEmoTpHtk/vSa2D3GVSRQfxieQ7joRWLlzAuBPtY= contains 204800 B
[2026-04-19T03:26:18.356Z INFO  worker::batch_maker] Batch S9/12b4ZBYZQGj+hdNxP0EOlHZbRNgQoEkaYADlNnYo= contains sample tx 1671
[2026-04-19T03:26:18.356Z INFO  worker::batch_maker] Batch S9/12b4ZBYZQGj+hdNxP0EOlHZbRNgQoEkaYADlNnYo= contains 204800 B
[2026-04-19T03:26:18.410Z INFO  worker::batch_maker] Batch XpwFUc0UvpjSSxjm3owX3kITMaaCS/H/97N0twiLcPQ= contains sample tx 1672
[2026-04-19T03:26:18.410Z INFO  worker::batch_maker] Batch XpwFUc0UvpjSSxjm3owX3kITMaaCS/H/97N0twiLcPQ= contains sample tx 1673
[2026-04-19T03:26:18.410Z INFO  worker::batch_maker] Batch XpwFUc0UvpjSSxjm3owX3kITMaaCS/H/97N0twiLcPQ= contains 322048 B
[2026-04-19T03:26:18.464Z INFO  worker::batch_maker] Batch jLKnNhtl9oFGauhWwI44CPrWKRbMNQOVRzcBK7RdyZY= contains sample tx 1674
[2026-04-19T03:26:18.464Z INFO  worker::batch_maker] Batch jLKnNhtl9oFGauhWwI44CPrWKRbMNQOVRzcBK7RdyZY= contains 292352 B
[2026-04-19T03:26:18.517Z INFO  worker::batch_maker] Batch tG73jlhP4+1gR3suKNiyUtkw2WcWzrfDRNYWa0H6SIA= contains sample tx 1675
[2026-04-19T03:26:18.517Z INFO  worker::batch_maker] Batch tG73jlhP4+1gR3suKNiyUtkw2WcWzrfDRNYWa0H6SIA= contains 204800 B
[2026-04-19T03:26:18.568Z INFO  worker::batch_maker] Batch mp/2h86Pq41G6OxeWtYw1wkpI+mTIpe3X3sN5m+c7BU= contains sample tx 1676
[2026-04-19T03:26:18.568Z INFO  worker::batch_maker] Batch mp/2h86Pq41G6OxeWtYw1wkpI+mTIpe3X3sN5m+c7BU= contains 204800 B
[2026-04-19T03:26:18.621Z INFO  worker::batch_maker] Batch umBnxq7b6UhV8sFwOreyqoEXvS9PZdmw4wpAfmj+Y2Q= contains sample tx 1677
[2026-04-19T03:26:18.621Z INFO  worker::batch_maker] Batch umBnxq7b6UhV8sFwOreyqoEXvS9PZdmw4wpAfmj+Y2Q= contains 204800 B
[2026-04-19T03:26:18.674Z INFO  worker::batch_maker] Batch zt1pnqIWgJ4qhmS69//O+Pa519sUMpVOf/pa8sSiNqQ= contains sample tx 1678
[2026-04-19T03:26:18.674Z INFO  worker::batch_maker] Batch zt1pnqIWgJ4qhmS69//O+Pa519sUMpVOf/pa8sSiNqQ= contains 204800 B
[2026-04-19T03:26:18.727Z INFO  worker::batch_maker] Batch R0zZ0Sk5ni6YbJ2wrQ4ZpK2bzc14VeI2fMW2L8CeZMY= contains sample tx 1679
[2026-04-19T03:26:18.727Z INFO  worker::batch_maker] Batch R0zZ0Sk5ni6YbJ2wrQ4ZpK2bzc14VeI2fMW2L8CeZMY= contains 204800 B
[2026-04-19T03:26:18.780Z INFO  worker::batch_maker] Batch lK94emZHwwCGhTmQsXeOJOspeGCoNXvs64YmPk9aQqw= contains sample tx 1680
[2026-04-19T03:26:18.780Z INFO  worker::batch_maker] Batch lK94emZHwwCGhTmQsXeOJOspeGCoNXvs64YmPk9aQqw= contains 204800 B
[2026-04-19T03:26:18.832Z INFO  worker::batch_maker] Batch +w9SwVyjq/OSUuBK90GC32IECJYyhuYGV+qDlk0TnwM= contains sample tx 1681
[2026-04-19T03:26:18.832Z INFO  worker::batch_maker] Batch +w9SwVyjq/OSUuBK90GC32IECJYyhuYGV+qDlk0TnwM= contains 204800 B
[2026-04-19T03:26:18.885Z INFO  worker::batch_maker] Batch zMQs6kiQT9oIVboUa5njTlnIvSm5vvhlXLmezvYccWU= contains sample tx 1682
[2026-04-19T03:26:18.885Z INFO  worker::batch_maker] Batch zMQs6kiQT9oIVboUa5njTlnIvSm5vvhlXLmezvYccWU= contains 204800 B
[2026-04-19T03:26:18.938Z INFO  worker::batch_maker] Batch SeGlTh3lDNmy1gE7+/so9RqN45OVC9jl7+J90Hy3ctU= contains sample tx 1683
[2026-04-19T03:26:18.938Z INFO  worker::batch_maker] Batch SeGlTh3lDNmy1gE7+/so9RqN45OVC9jl7+J90Hy3ctU= contains 204800 B
[2026-04-19T03:26:18.992Z INFO  worker::batch_maker] Batch uIVKsC6nVXzj+vnZUpnxWUD0BSlEm7Nzsn5KkRUQnDQ= contains sample tx 1684
[2026-04-19T03:26:18.992Z INFO  worker::batch_maker] Batch uIVKsC6nVXzj+vnZUpnxWUD0BSlEm7Nzsn5KkRUQnDQ= contains 204800 B
[2026-04-19T03:26:19.045Z INFO  worker::batch_maker] Batch nNT/9xtz3RM8v8SiuHLISZK1kRCNG9U7nJZBD8SOjS4= contains sample tx 1685
[2026-04-19T03:26:19.045Z INFO  worker::batch_maker] Batch nNT/9xtz3RM8v8SiuHLISZK1kRCNG9U7nJZBD8SOjS4= contains 204800 B
[2026-04-19T03:26:19.097Z INFO  worker::batch_maker] Batch g+mHa6RwDfBiUecXxRN9bhqzy0Lsr/ixXd60O6qqP8M= contains sample tx 1686
[2026-04-19T03:26:19.097Z INFO  worker::batch_maker] Batch g+mHa6RwDfBiUecXxRN9bhqzy0Lsr/ixXd60O6qqP8M= contains 204800 B
[2026-04-19T03:26:19.148Z INFO  worker::batch_maker] Batch EeRa7yTuXHMNpGU3A1a6QcTkNuFsrCKdbuzM34lCerY= contains sample tx 1687
[2026-04-19T03:26:19.148Z INFO  worker::batch_maker] Batch EeRa7yTuXHMNpGU3A1a6QcTkNuFsrCKdbuzM34lCerY= contains 204800 B
[2026-04-19T03:26:19.202Z INFO  worker::batch_maker] Batch AneDV7GQ8oyMT8J26T+oJUu7zYNuUxfTDHn+LY7c/1Q= contains sample tx 1688
[2026-04-19T03:26:19.202Z INFO  worker::batch_maker] Batch AneDV7GQ8oyMT8J26T+oJUu7zYNuUxfTDHn+LY7c/1Q= contains 204800 B
[2026-04-19T03:26:19.255Z INFO  worker::batch_maker] Batch Nb7CtTPFvYH0eUVFMlpSqueTkyeF0RQwqriYCERVmi4= contains sample tx 1689
[2026-04-19T03:26:19.255Z INFO  worker::batch_maker] Batch Nb7CtTPFvYH0eUVFMlpSqueTkyeF0RQwqriYCERVmi4= contains 204800 B
[2026-04-19T03:26:19.308Z INFO  worker::batch_maker] Batch E/aATqB0lZhVudtNkypvG5XcGWXN6A4Oali4Xr5Ispg= contains sample tx 1690
[2026-04-19T03:26:19.308Z INFO  worker::batch_maker] Batch E/aATqB0lZhVudtNkypvG5XcGWXN6A4Oali4Xr5Ispg= contains 219648 B
[2026-04-19T03:26:19.361Z INFO  worker::batch_maker] Batch hHpfyyJ44fkxF3DD/qWN1e3Y/+EDRwvph/VZLY0ytp4= contains sample tx 1691
[2026-04-19T03:26:19.362Z INFO  worker::batch_maker] Batch hHpfyyJ44fkxF3DD/qWN1e3Y/+EDRwvph/VZLY0ytp4= contains sample tx 1692
[2026-04-19T03:26:19.362Z INFO  worker::batch_maker] Batch hHpfyyJ44fkxF3DD/qWN1e3Y/+EDRwvph/VZLY0ytp4= contains 394752 B
[2026-04-19T03:26:19.414Z INFO  worker::batch_maker] Batch 7ZHp78yp+RjtdIBGFFRPBvRJa9b1kat4Ve8CWEbq/Qo= contains sample tx 1693
[2026-04-19T03:26:19.414Z INFO  worker::batch_maker] Batch 7ZHp78yp+RjtdIBGFFRPBvRJa9b1kat4Ve8CWEbq/Qo= contains 204800 B
[2026-04-19T03:26:19.465Z INFO  worker::batch_maker] Batch SecJxrdnu52N/AIT2PlOCGqkO4XZVq8rwey7OEJRsnk= contains sample tx 1694
[2026-04-19T03:26:19.465Z INFO  worker::batch_maker] Batch SecJxrdnu52N/AIT2PlOCGqkO4XZVq8rwey7OEJRsnk= contains 204800 B
[2026-04-19T03:26:19.517Z INFO  worker::batch_maker] Batch XgFLq31UlocOuxt3tdzNSrQWpoDfuHhk9h+jYfuiz18= contains sample tx 1695
[2026-04-19T03:26:19.517Z INFO  worker::batch_maker] Batch XgFLq31UlocOuxt3tdzNSrQWpoDfuHhk9h+jYfuiz18= contains 204800 B
[2026-04-19T03:26:19.571Z INFO  worker::batch_maker] Batch c54K37VzvB+OQFvqFZwUE4LnVse1AcfCuEZjdtt1eOk= contains sample tx 1696
[2026-04-19T03:26:19.571Z INFO  worker::batch_maker] Batch c54K37VzvB+OQFvqFZwUE4LnVse1AcfCuEZjdtt1eOk= contains 204800 B
[2026-04-19T03:26:19.625Z INFO  worker::batch_maker] Batch U5EG6XdKilVhHilOE/dMqYVci8wflVbdPY0AySEuyxE= contains sample tx 1697
[2026-04-19T03:26:19.625Z INFO  worker::batch_maker] Batch U5EG6XdKilVhHilOE/dMqYVci8wflVbdPY0AySEuyxE= contains 204800 B
[2026-04-19T03:26:19.677Z INFO  worker::batch_maker] Batch /lChqoARi4gZGANQSwVD1V7Jf1cxDi641fqO4Y+KuFg= contains sample tx 1698
[2026-04-19T03:26:19.677Z INFO  worker::batch_maker] Batch /lChqoARi4gZGANQSwVD1V7Jf1cxDi641fqO4Y+KuFg= contains 204800 B
[2026-04-19T03:26:19.731Z INFO  worker::batch_maker] Batch ordriWVkIJ4QvH2UnpsRHbojLJf4bcA0yMYiBydor+c= contains sample tx 1699
[2026-04-19T03:26:19.731Z INFO  worker::batch_maker] Batch ordriWVkIJ4QvH2UnpsRHbojLJf4bcA0yMYiBydor+c= contains 204800 B
[2026-04-19T03:26:19.782Z INFO  worker::batch_maker] Batch tESlZoODdFPf/Qt72RueNznWJJz5f4TXmRD+0G763k4= contains sample tx 1700
[2026-04-19T03:26:19.782Z INFO  worker::batch_maker] Batch tESlZoODdFPf/Qt72RueNznWJJz5f4TXmRD+0G763k4= contains 204800 B
[2026-04-19T03:26:19.836Z INFO  worker::batch_maker] Batch wC643cSE1tF9K61fvt6W7bxfJjU2NVXkGyL8u/5NuNs= contains sample tx 1701
[2026-04-19T03:26:19.836Z INFO  worker::batch_maker] Batch wC643cSE1tF9K61fvt6W7bxfJjU2NVXkGyL8u/5NuNs= contains 204800 B
[2026-04-19T03:26:19.889Z INFO  worker::batch_maker] Batch TufAr4vFg9OHPpKtAglWU0LrIDnbigVo+yqekAd6wQQ= contains sample tx 1702
[2026-04-19T03:26:19.889Z INFO  worker::batch_maker] Batch TufAr4vFg9OHPpKtAglWU0LrIDnbigVo+yqekAd6wQQ= contains 204800 B
[2026-04-19T03:26:19.943Z INFO  worker::batch_maker] Batch alhj/wtnQDL5Nm/MbLC482MZ/kL6aEo6esVuO5AhY0g= contains sample tx 1703
[2026-04-19T03:26:19.943Z INFO  worker::batch_maker] Batch alhj/wtnQDL5Nm/MbLC482MZ/kL6aEo6esVuO5AhY0g= contains 204800 B
[2026-04-19T03:26:19.996Z INFO  worker::batch_maker] Batch q+KUZk0LuWYsZzr7J9Hm3gB94ZFrh9bDm29kLXuJyr0= contains sample tx 1704
[2026-04-19T03:26:19.996Z INFO  worker::batch_maker] Batch q+KUZk0LuWYsZzr7J9Hm3gB94ZFrh9bDm29kLXuJyr0= contains 204800 B
[2026-04-19T03:26:20.050Z INFO  worker::batch_maker] Batch I83eWaolm6qD/7m9eTpnAlf++TsBpQBuaQrY/UloeDg= contains sample tx 1705
[2026-04-19T03:26:20.050Z INFO  worker::batch_maker] Batch I83eWaolm6qD/7m9eTpnAlf++TsBpQBuaQrY/UloeDg= contains 204800 B
[2026-04-19T03:26:20.103Z INFO  worker::batch_maker] Batch 03PxbGh/oEDuT4XqDeNTXOTnw8Lt5cpRhKIyMan05UI= contains sample tx 1706
[2026-04-19T03:26:20.103Z INFO  worker::batch_maker] Batch 03PxbGh/oEDuT4XqDeNTXOTnw8Lt5cpRhKIyMan05UI= contains 204800 B
[2026-04-19T03:26:20.155Z INFO  worker::batch_maker] Batch KW7DVc3rSO1/s+UQ/XgIcDcCGtVBOekDtKPrIU7Bx0M= contains sample tx 1707
[2026-04-19T03:26:20.155Z INFO  worker::batch_maker] Batch KW7DVc3rSO1/s+UQ/XgIcDcCGtVBOekDtKPrIU7Bx0M= contains 204800 B
[2026-04-19T03:26:20.207Z INFO  worker::batch_maker] Batch F8TWT3kGwhxwonE3XEIkVqcwAmxwDy+KWULMKMAjyiY= contains sample tx 1708
[2026-04-19T03:26:20.207Z INFO  worker::batch_maker] Batch F8TWT3kGwhxwonE3XEIkVqcwAmxwDy+KWULMKMAjyiY= contains sample tx 1709
[2026-04-19T03:26:20.207Z INFO  worker::batch_maker] Batch F8TWT3kGwhxwonE3XEIkVqcwAmxwDy+KWULMKMAjyiY= contains 264704 B
[2026-04-19T03:26:20.261Z INFO  worker::batch_maker] Batch R7rtyohATlsNGU1jCgjJqk8MJ9YszuQjXBQgET8ic0w= contains sample tx 1710
[2026-04-19T03:26:20.261Z INFO  worker::batch_maker] Batch R7rtyohATlsNGU1jCgjJqk8MJ9YszuQjXBQgET8ic0w= contains 308224 B
[2026-04-19T03:26:20.314Z INFO  worker::batch_maker] Batch cBOZJHKZLJVGrL+6p4KNBXQyCWWmDYekb65MhbsIe2k= contains sample tx 1711
[2026-04-19T03:26:20.314Z INFO  worker::batch_maker] Batch cBOZJHKZLJVGrL+6p4KNBXQyCWWmDYekb65MhbsIe2k= contains 246272 B
[2026-04-19T03:26:20.367Z INFO  worker::batch_maker] Batch mlLwAxze6Cr0zClvXa6Jy1vgw4DmXxROYcHgkKPsFiU= contains sample tx 1712
[2026-04-19T03:26:20.367Z INFO  worker::batch_maker] Batch mlLwAxze6Cr0zClvXa6Jy1vgw4DmXxROYcHgkKPsFiU= contains 204800 B
[2026-04-19T03:26:20.422Z INFO  worker::batch_maker] Batch b/9pFYGF0CxhtWEi0XET5ms4wY8DsUx99e2Mh+bAMZI= contains sample tx 1713
[2026-04-19T03:26:20.422Z INFO  worker::batch_maker] Batch b/9pFYGF0CxhtWEi0XET5ms4wY8DsUx99e2Mh+bAMZI= contains 204800 B
[2026-04-19T03:26:20.475Z INFO  worker::batch_maker] Batch vgluBOLAcPjqJJpd60e9XaiB+9eE3uPvxTe0rEA5ufo= contains sample tx 1714
[2026-04-19T03:26:20.475Z INFO  worker::batch_maker] Batch vgluBOLAcPjqJJpd60e9XaiB+9eE3uPvxTe0rEA5ufo= contains 204800 B
[2026-04-19T03:26:20.528Z INFO  worker::batch_maker] Batch PGuh/xWlfwKZZwssGcZoTBbrcJMcCtCxmbWCYcP/OQk= contains sample tx 1715
[2026-04-19T03:26:20.528Z INFO  worker::batch_maker] Batch PGuh/xWlfwKZZwssGcZoTBbrcJMcCtCxmbWCYcP/OQk= contains 204800 B
[2026-04-19T03:26:20.581Z INFO  worker::batch_maker] Batch cAdOvJHfZbDHYQ8/YtSYVExA4MQY/nVxbRSoulHEVQA= contains sample tx 1716
[2026-04-19T03:26:20.581Z INFO  worker::batch_maker] Batch cAdOvJHfZbDHYQ8/YtSYVExA4MQY/nVxbRSoulHEVQA= contains 204800 B
[2026-04-19T03:26:20.635Z INFO  worker::batch_maker] Batch IPzlD0mvMTQwPasJLAapoRXKCCIkqSViBunD4M9Ye20= contains sample tx 1717
[2026-04-19T03:26:20.635Z INFO  worker::batch_maker] Batch IPzlD0mvMTQwPasJLAapoRXKCCIkqSViBunD4M9Ye20= contains 204800 B
[2026-04-19T03:26:20.688Z INFO  worker::batch_maker] Batch 6YzdYLp0V2/z9IOCKSVNsBwp73DG00ruJWzoxIQVg74= contains sample tx 1718
[2026-04-19T03:26:20.689Z INFO  worker::batch_maker] Batch 6YzdYLp0V2/z9IOCKSVNsBwp73DG00ruJWzoxIQVg74= contains 204800 B
[2026-04-19T03:26:20.742Z INFO  worker::batch_maker] Batch jW5JAxYlga637rYj/7soIGsHHIo7UZNw87ph1M3UlWU= contains sample tx 1719
[2026-04-19T03:26:20.742Z INFO  worker::batch_maker] Batch jW5JAxYlga637rYj/7soIGsHHIo7UZNw87ph1M3UlWU= contains 204800 B
[2026-04-19T03:26:20.795Z INFO  worker::batch_maker] Batch Ag70B+WSHbP2y+olrgGWb0TR21YbLwxe1MJAm4yko+I= contains sample tx 1720
[2026-04-19T03:26:20.795Z INFO  worker::batch_maker] Batch Ag70B+WSHbP2y+olrgGWb0TR21YbLwxe1MJAm4yko+I= contains 204800 B
[2026-04-19T03:26:20.850Z INFO  worker::batch_maker] Batch 0xoWGdBw491KRsAw1h+uKcL8huKUUB8MSe7fKmVDxfc= contains sample tx 1721
[2026-04-19T03:26:20.850Z INFO  worker::batch_maker] Batch 0xoWGdBw491KRsAw1h+uKcL8huKUUB8MSe7fKmVDxfc= contains 204800 B
[2026-04-19T03:26:20.903Z INFO  worker::batch_maker] Batch ZG9m2NKbd2O4zmB2Ug/e2qP9vFlLP2SWLPmwjTB6NVk= contains sample tx 1722
[2026-04-19T03:26:20.903Z INFO  worker::batch_maker] Batch ZG9m2NKbd2O4zmB2Ug/e2qP9vFlLP2SWLPmwjTB6NVk= contains 204800 B
[2026-04-19T03:26:20.956Z INFO  worker::batch_maker] Batch U0jC9ARAItVqk/U76hEEEThlT37a0v+7fd8qV447CbM= contains sample tx 1723
[2026-04-19T03:26:20.956Z INFO  worker::batch_maker] Batch U0jC9ARAItVqk/U76hEEEThlT37a0v+7fd8qV447CbM= contains 204800 B
[2026-04-19T03:26:21.010Z INFO  worker::batch_maker] Batch vO7HrMa+X3llsr6OAheOzRdEXsTWjcGuAazmB5np9CM= contains sample tx 1724
[2026-04-19T03:26:21.011Z INFO  worker::batch_maker] Batch vO7HrMa+X3llsr6OAheOzRdEXsTWjcGuAazmB5np9CM= contains sample tx 1725
[2026-04-19T03:26:21.011Z INFO  worker::batch_maker] Batch vO7HrMa+X3llsr6OAheOzRdEXsTWjcGuAazmB5np9CM= contains 300544 B
[2026-04-19T03:26:21.066Z INFO  worker::batch_maker] Batch rSpIyG2AcdfITosQVIACokhvgvWU8DhXSQCRvKb58kE= contains sample tx 1726
[2026-04-19T03:26:21.066Z INFO  worker::batch_maker] Batch rSpIyG2AcdfITosQVIACokhvgvWU8DhXSQCRvKb58kE= contains 313856 B
[2026-04-19T03:26:21.119Z INFO  worker::batch_maker] Batch +ilO9IY4zjfC+XX3RuyUoUhzIPqconADm0PlDKhodkw= contains sample tx 1727
[2026-04-19T03:26:21.119Z INFO  worker::batch_maker] Batch +ilO9IY4zjfC+XX3RuyUoUhzIPqconADm0PlDKhodkw= contains 204800 B
[2026-04-19T03:26:21.172Z INFO  worker::batch_maker] Batch xwPi08VtUHcwtf+E4lzdOcubyBtDTcOBmUsEhjW2TFQ= contains sample tx 1728
[2026-04-19T03:26:21.172Z INFO  worker::batch_maker] Batch xwPi08VtUHcwtf+E4lzdOcubyBtDTcOBmUsEhjW2TFQ= contains 204800 B
[2026-04-19T03:26:21.223Z INFO  worker::batch_maker] Batch uuzpqxXB5lyXXegHS71Xz++MHKSpeR+agcptwide+bM= contains sample tx 1729
[2026-04-19T03:26:21.223Z INFO  worker::batch_maker] Batch uuzpqxXB5lyXXegHS71Xz++MHKSpeR+agcptwide+bM= contains 204800 B
[2026-04-19T03:26:21.275Z INFO  worker::batch_maker] Batch Hh+6SagbXX0HFNkG9dLD24Mx5jgtJjPFUIRyrTW1Bb0= contains sample tx 1730
[2026-04-19T03:26:21.275Z INFO  worker::batch_maker] Batch Hh+6SagbXX0HFNkG9dLD24Mx5jgtJjPFUIRyrTW1Bb0= contains 204800 B
[2026-04-19T03:26:21.328Z INFO  worker::batch_maker] Batch OEmbn6w9RVy07cJfD6JNiQKsPmeWeUsdtviV7xMSkN0= contains sample tx 1731
[2026-04-19T03:26:21.328Z INFO  worker::batch_maker] Batch OEmbn6w9RVy07cJfD6JNiQKsPmeWeUsdtviV7xMSkN0= contains 204800 B
[2026-04-19T03:26:21.380Z INFO  worker::batch_maker] Batch gpuMk4mzWpLrvzENooelnQGUYIKdFk3Svl3Y0If+RmE= contains sample tx 1732
[2026-04-19T03:26:21.380Z INFO  worker::batch_maker] Batch gpuMk4mzWpLrvzENooelnQGUYIKdFk3Svl3Y0If+RmE= contains 204800 B
[2026-04-19T03:26:21.434Z INFO  worker::batch_maker] Batch DrwlNILnkDZUEDnBn490SpC4PeKcBkeluzZy/EbgsSY= contains sample tx 1733
[2026-04-19T03:26:21.434Z INFO  worker::batch_maker] Batch DrwlNILnkDZUEDnBn490SpC4PeKcBkeluzZy/EbgsSY= contains 204800 B
[2026-04-19T03:26:21.488Z INFO  worker::batch_maker] Batch 6eTCEEs8n8YDllkdXAYxqiZsHovKsoxxU/NEgrDB4sA= contains sample tx 1734
[2026-04-19T03:26:21.488Z INFO  worker::batch_maker] Batch 6eTCEEs8n8YDllkdXAYxqiZsHovKsoxxU/NEgrDB4sA= contains 204800 B
[2026-04-19T03:26:21.543Z INFO  worker::batch_maker] Batch y7p94AK+eT7+D18TWukLww4AUyHxBALFQZuADcOQQdY= contains sample tx 1735
[2026-04-19T03:26:21.543Z INFO  worker::batch_maker] Batch y7p94AK+eT7+D18TWukLww4AUyHxBALFQZuADcOQQdY= contains 204800 B
[2026-04-19T03:26:21.596Z INFO  worker::batch_maker] Batch Kiqtw9N7FuAI4/z/NjUgUtyY5wuHoYbxR0qV6txiggY= contains sample tx 1736
[2026-04-19T03:26:21.596Z INFO  worker::batch_maker] Batch Kiqtw9N7FuAI4/z/NjUgUtyY5wuHoYbxR0qV6txiggY= contains 204800 B
[2026-04-19T03:26:21.649Z INFO  worker::batch_maker] Batch Mowe4ys9XFMkYmMZZA4Eh0LvMOtW21KzPbS3v2Pb3p0= contains sample tx 1737
[2026-04-19T03:26:21.649Z INFO  worker::batch_maker] Batch Mowe4ys9XFMkYmMZZA4Eh0LvMOtW21KzPbS3v2Pb3p0= contains 204800 B
[2026-04-19T03:26:21.702Z INFO  worker::batch_maker] Batch o6ETKAaZjqz/AibKgvAwYUGLc8oFmmywRdKalUlnyCY= contains sample tx 1738
[2026-04-19T03:26:21.702Z INFO  worker::batch_maker] Batch o6ETKAaZjqz/AibKgvAwYUGLc8oFmmywRdKalUlnyCY= contains 204800 B
[2026-04-19T03:26:21.755Z INFO  worker::batch_maker] Batch M64eRI/n7/x/SnZt3UEF1a+kGZZHpHsPQGAIZxOVrl0= contains sample tx 1739
[2026-04-19T03:26:21.755Z INFO  worker::batch_maker] Batch M64eRI/n7/x/SnZt3UEF1a+kGZZHpHsPQGAIZxOVrl0= contains 204800 B
[2026-04-19T03:26:21.811Z INFO  worker::batch_maker] Batch 0GnAfBl6EPKdM3/BUtYYuixxWFtg2ByfzqVIZj33wyQ= contains sample tx 1740
[2026-04-19T03:26:21.811Z INFO  worker::batch_maker] Batch 0GnAfBl6EPKdM3/BUtYYuixxWFtg2ByfzqVIZj33wyQ= contains sample tx 1741
[2026-04-19T03:26:21.811Z INFO  worker::batch_maker] Batch 0GnAfBl6EPKdM3/BUtYYuixxWFtg2ByfzqVIZj33wyQ= contains 363520 B
[2026-04-19T03:26:21.863Z INFO  worker::batch_maker] Batch DyvC5qVcEdp52vyntpYqb34uMrB8OdVTeZvN3Qjhv24= contains sample tx 1742
[2026-04-19T03:26:21.863Z INFO  worker::batch_maker] Batch DyvC5qVcEdp52vyntpYqb34uMrB8OdVTeZvN3Qjhv24= contains 250880 B
[2026-04-19T03:26:21.916Z INFO  worker::batch_maker] Batch TMDUFeBdAn4iwi2/9/IfBcDRD6tkAk1Nw2VbQzM2Uew= contains sample tx 1743
[2026-04-19T03:26:21.916Z INFO  worker::batch_maker] Batch TMDUFeBdAn4iwi2/9/IfBcDRD6tkAk1Nw2VbQzM2Uew= contains 204800 B
[2026-04-19T03:26:21.969Z INFO  worker::batch_maker] Batch uqi9MaA6qy5/V0+lJqBbu6LKNkwk7PkZrEPiMQl/C4Y= contains sample tx 1744
[2026-04-19T03:26:21.969Z INFO  worker::batch_maker] Batch uqi9MaA6qy5/V0+lJqBbu6LKNkwk7PkZrEPiMQl/C4Y= contains 204800 B
[2026-04-19T03:26:22.023Z INFO  worker::batch_maker] Batch AGizWNvxcf/wtwaq8bXTVMcW6ekQV3LC5QUmHlXBbbg= contains sample tx 1745
[2026-04-19T03:26:22.023Z INFO  worker::batch_maker] Batch AGizWNvxcf/wtwaq8bXTVMcW6ekQV3LC5QUmHlXBbbg= contains 204800 B
[2026-04-19T03:26:22.076Z INFO  worker::batch_maker] Batch NVZxldgl8HF5MKgmtlmrg2qkOtz4wNzJoi9l3k11wCY= contains sample tx 1746
[2026-04-19T03:26:22.077Z INFO  worker::batch_maker] Batch NVZxldgl8HF5MKgmtlmrg2qkOtz4wNzJoi9l3k11wCY= contains 204800 B
[2026-04-19T03:26:22.130Z INFO  worker::batch_maker] Batch doVtE+F5PlOeSANLTCmW0ZvMX/lAqeFgA7Uk6fAnckQ= contains sample tx 1747
[2026-04-19T03:26:22.130Z INFO  worker::batch_maker] Batch doVtE+F5PlOeSANLTCmW0ZvMX/lAqeFgA7Uk6fAnckQ= contains 204800 B
[2026-04-19T03:26:22.184Z INFO  worker::batch_maker] Batch D9yDzYl6MaUqxCTWX9qy4zNkKAFbSQ+qcSowwwRceTc= contains sample tx 1748
[2026-04-19T03:26:22.184Z INFO  worker::batch_maker] Batch D9yDzYl6MaUqxCTWX9qy4zNkKAFbSQ+qcSowwwRceTc= contains 204800 B
[2026-04-19T03:26:22.236Z INFO  worker::batch_maker] Batch sERv+7jN5JdYr1sL+VZOJec2U8NxzMXxGszgsK2UZx8= contains sample tx 1749
[2026-04-19T03:26:22.236Z INFO  worker::batch_maker] Batch sERv+7jN5JdYr1sL+VZOJec2U8NxzMXxGszgsK2UZx8= contains 204800 B
[2026-04-19T03:26:22.290Z INFO  worker::batch_maker] Batch gqSCg/UbW2qi1mQwQW1JOj12vmPL5GoVekXqKChjat0= contains sample tx 1750
[2026-04-19T03:26:22.290Z INFO  worker::batch_maker] Batch gqSCg/UbW2qi1mQwQW1JOj12vmPL5GoVekXqKChjat0= contains 204800 B
[2026-04-19T03:26:22.344Z INFO  worker::batch_maker] Batch 7XbVfxWXEFAYZYxZF0g/4Ox0/ZVcoGNLJVES97c+Bec= contains sample tx 1751
[2026-04-19T03:26:22.344Z INFO  worker::batch_maker] Batch 7XbVfxWXEFAYZYxZF0g/4Ox0/ZVcoGNLJVES97c+Bec= contains 204800 B
[2026-04-19T03:26:22.397Z INFO  worker::batch_maker] Batch uNHFM4SEVp84DySu4TEJDvYCJ0grQfVn4/QTPn6Zt78= contains sample tx 1752
[2026-04-19T03:26:22.397Z INFO  worker::batch_maker] Batch uNHFM4SEVp84DySu4TEJDvYCJ0grQfVn4/QTPn6Zt78= contains 204800 B
[2026-04-19T03:26:22.451Z INFO  worker::batch_maker] Batch VLwROq6Wi66g9o2IcG2Nhgrc79UlC7XHfnjN4PonNXs= contains sample tx 1753
[2026-04-19T03:26:22.451Z INFO  worker::batch_maker] Batch VLwROq6Wi66g9o2IcG2Nhgrc79UlC7XHfnjN4PonNXs= contains 204800 B
[2026-04-19T03:26:22.505Z INFO  worker::batch_maker] Batch o160ag6Znt/xgCf8j1RYXBsKUT9WLAJ9/aH2W8hwgBU= contains sample tx 1754
[2026-04-19T03:26:22.505Z INFO  worker::batch_maker] Batch o160ag6Znt/xgCf8j1RYXBsKUT9WLAJ9/aH2W8hwgBU= contains 204800 B
[2026-04-19T03:26:22.558Z INFO  worker::batch_maker] Batch IL1tE3KcIgaL69JRRt89YL0aGfFbFafJl1yMDSbd5ZM= contains sample tx 1755
[2026-04-19T03:26:22.558Z INFO  worker::batch_maker] Batch IL1tE3KcIgaL69JRRt89YL0aGfFbFafJl1yMDSbd5ZM= contains 261120 B
[2026-04-19T03:26:22.615Z INFO  worker::batch_maker] Batch RwFlq/c46f5kqFUQw7BR0D2XHmSpkd91SNH2003UoZY= contains sample tx 1756
[2026-04-19T03:26:22.615Z INFO  worker::batch_maker] Batch RwFlq/c46f5kqFUQw7BR0D2XHmSpkd91SNH2003UoZY= contains sample tx 1757
[2026-04-19T03:26:22.615Z INFO  worker::batch_maker] Batch RwFlq/c46f5kqFUQw7BR0D2XHmSpkd91SNH2003UoZY= contains 303104 B
[2026-04-19T03:26:22.668Z INFO  worker::batch_maker] Batch iwSWzN7SUzO0CBjxV5wlbyxtZ4EChGVm/8JSWvDurXo= contains sample tx 1758
[2026-04-19T03:26:22.668Z INFO  worker::batch_maker] Batch iwSWzN7SUzO0CBjxV5wlbyxtZ4EChGVm/8JSWvDurXo= contains 254976 B
[2026-04-19T03:26:22.722Z INFO  worker::batch_maker] Batch qua2IZKvD9Mg3nGYu3aKiiZL0BPUT7KdJEZTeSvpUTk= contains sample tx 1759
[2026-04-19T03:26:22.722Z INFO  worker::batch_maker] Batch qua2IZKvD9Mg3nGYu3aKiiZL0BPUT7KdJEZTeSvpUTk= contains 204800 B
[2026-04-19T03:26:22.776Z INFO  worker::batch_maker] Batch 67x2MG1gb4ifT8OJztTRkcCcD1Q5VQtbV/jHOsSWVIY= contains sample tx 1760
[2026-04-19T03:26:22.776Z INFO  worker::batch_maker] Batch 67x2MG1gb4ifT8OJztTRkcCcD1Q5VQtbV/jHOsSWVIY= contains 204800 B
[2026-04-19T03:26:22.829Z INFO  worker::batch_maker] Batch 4SYjUst8yTAVPw7/VHIUIBEpfhkkD/Oht6jWr9L73sY= contains sample tx 1761
[2026-04-19T03:26:22.829Z INFO  worker::batch_maker] Batch 4SYjUst8yTAVPw7/VHIUIBEpfhkkD/Oht6jWr9L73sY= contains 204800 B
[2026-04-19T03:26:22.882Z INFO  worker::batch_maker] Batch +NeDPpVgwp+0lOs1G03Mp3C2B9DRPNux0maSEOnoq3A= contains sample tx 1762
[2026-04-19T03:26:22.882Z INFO  worker::batch_maker] Batch +NeDPpVgwp+0lOs1G03Mp3C2B9DRPNux0maSEOnoq3A= contains 204800 B
[2026-04-19T03:26:22.936Z INFO  worker::batch_maker] Batch Dmeg/45dqy9SjDLGTSQDlz8YLqHghapzvcjFMmjMFTk= contains sample tx 1763
[2026-04-19T03:26:22.936Z INFO  worker::batch_maker] Batch Dmeg/45dqy9SjDLGTSQDlz8YLqHghapzvcjFMmjMFTk= contains 204800 B
[2026-04-19T03:26:22.989Z INFO  worker::batch_maker] Batch yMBYNz6Ksm7wKuPKMENhV+7N9vjxmIPCBQUCL7Ce8/M= contains sample tx 1764
[2026-04-19T03:26:22.989Z INFO  worker::batch_maker] Batch yMBYNz6Ksm7wKuPKMENhV+7N9vjxmIPCBQUCL7Ce8/M= contains 204800 B
[2026-04-19T03:26:23.043Z INFO  worker::batch_maker] Batch lvohs72fYrdwBLkrqkfPNvccrcigmBzaaRxyS0JGDQk= contains sample tx 1765
[2026-04-19T03:26:23.043Z INFO  worker::batch_maker] Batch lvohs72fYrdwBLkrqkfPNvccrcigmBzaaRxyS0JGDQk= contains 204800 B
[2026-04-19T03:26:23.096Z INFO  worker::batch_maker] Batch 4vBPlfMUAEl9GTYSKpVDESNi/X3nWsRzoVg/uJVPfoo= contains sample tx 1766
[2026-04-19T03:26:23.096Z INFO  worker::batch_maker] Batch 4vBPlfMUAEl9GTYSKpVDESNi/X3nWsRzoVg/uJVPfoo= contains 204800 B
[2026-04-19T03:26:23.149Z INFO  worker::batch_maker] Batch fAHIt3z2fhayJ6QBCQxhX3Sxxknl43eSDpTWaMMoPG0= contains sample tx 1767
[2026-04-19T03:26:23.150Z INFO  worker::batch_maker] Batch fAHIt3z2fhayJ6QBCQxhX3Sxxknl43eSDpTWaMMoPG0= contains 204800 B
[2026-04-19T03:26:23.203Z INFO  worker::batch_maker] Batch BOTjNdkza8naPuDKDrZGVvwI034uuJXnZ8Pbr5SFSG4= contains sample tx 1768
[2026-04-19T03:26:23.203Z INFO  worker::batch_maker] Batch BOTjNdkza8naPuDKDrZGVvwI034uuJXnZ8Pbr5SFSG4= contains 204800 B
[2026-04-19T03:26:23.258Z INFO  worker::batch_maker] Batch K3Sp1qXX8oUmIXIZFdiwYWjLgkIQz5pmgQ/tdKr0O/8= contains sample tx 1769
[2026-04-19T03:26:23.258Z INFO  worker::batch_maker] Batch K3Sp1qXX8oUmIXIZFdiwYWjLgkIQz5pmgQ/tdKr0O/8= contains 204800 B
[2026-04-19T03:26:23.311Z INFO  worker::batch_maker] Batch gCn9KCnlVdY6PaA0ywRauVNFe6jJyMjkIFmY7VMitxk= contains sample tx 1770
[2026-04-19T03:26:23.311Z INFO  worker::batch_maker] Batch gCn9KCnlVdY6PaA0ywRauVNFe6jJyMjkIFmY7VMitxk= contains 149504 B
[2026-04-19T03:26:23.446Z INFO  worker::batch_maker] Batch 84kGQhvksB+LGBdRvqFXHPQ70IhyqHhyqhHFT+jhpQM= contains sample tx 1771
[2026-04-19T03:26:23.446Z INFO  worker::batch_maker] Batch 84kGQhvksB+LGBdRvqFXHPQ70IhyqHhyqhHFT+jhpQM= contains sample tx 1772
[2026-04-19T03:26:23.446Z INFO  worker::batch_maker] Batch 84kGQhvksB+LGBdRvqFXHPQ70IhyqHhyqhHFT+jhpQM= contains 500224 B
[2026-04-19T03:26:23.501Z INFO  worker::batch_maker] Batch DAVUZVMUeguOg/EsOwlra5NnX/CCKBJp0RCrDVMZ0LQ= contains sample tx 1773
[2026-04-19T03:26:23.501Z INFO  worker::batch_maker] Batch DAVUZVMUeguOg/EsOwlra5NnX/CCKBJp0RCrDVMZ0LQ= contains sample tx 1774
[2026-04-19T03:26:23.501Z INFO  worker::batch_maker] Batch DAVUZVMUeguOg/EsOwlra5NnX/CCKBJp0RCrDVMZ0LQ= contains 374272 B
[2026-04-19T03:26:23.554Z INFO  worker::batch_maker] Batch yQKWS8Z7yByRMXBq1zzy9OqIYjzbSwsNQ5oB/fP+trc= contains sample tx 1775
[2026-04-19T03:26:23.554Z INFO  worker::batch_maker] Batch yQKWS8Z7yByRMXBq1zzy9OqIYjzbSwsNQ5oB/fP+trc= contains 204800 B
[2026-04-19T03:26:23.605Z INFO  worker::batch_maker] Batch EQVwRhgJR/Ty1td945sXNJXN+loNYKgzIWLrEZgCAnI= contains sample tx 1776
[2026-04-19T03:26:23.606Z INFO  worker::batch_maker] Batch EQVwRhgJR/Ty1td945sXNJXN+loNYKgzIWLrEZgCAnI= contains 204800 B
[2026-04-19T03:26:23.662Z INFO  worker::batch_maker] Batch dH38XWWnJylqksvvVqiS+eK/w0pQO0+9HHWaH8TIPZM= contains sample tx 1777
[2026-04-19T03:26:23.662Z INFO  worker::batch_maker] Batch dH38XWWnJylqksvvVqiS+eK/w0pQO0+9HHWaH8TIPZM= contains 276480 B
[2026-04-19T03:26:23.718Z INFO  worker::batch_maker] Batch Wd48N8oHlGJo8IBwk4GCxRD1ECFgIdzXiVKiwAzH8qg= contains sample tx 1778
[2026-04-19T03:26:23.718Z INFO  worker::batch_maker] Batch Wd48N8oHlGJo8IBwk4GCxRD1ECFgIdzXiVKiwAzH8qg= contains sample tx 1779
[2026-04-19T03:26:23.718Z INFO  worker::batch_maker] Batch Wd48N8oHlGJo8IBwk4GCxRD1ECFgIdzXiVKiwAzH8qg= contains 337920 B
[2026-04-19T03:26:23.771Z INFO  worker::batch_maker] Batch 86bmv0u0tZVaB1QkUCy6++aw7DTUlo4ovurZ37yZO7A= contains sample tx 1780
[2026-04-19T03:26:23.771Z INFO  worker::batch_maker] Batch 86bmv0u0tZVaB1QkUCy6++aw7DTUlo4ovurZ37yZO7A= contains 204800 B
[2026-04-19T03:26:23.822Z INFO  worker::batch_maker] Batch DzeYPU1sg46fXB0EKsR5AOItP0lbfXVkyLCdRWYVI6I= contains sample tx 1781
[2026-04-19T03:26:23.822Z INFO  worker::batch_maker] Batch DzeYPU1sg46fXB0EKsR5AOItP0lbfXVkyLCdRWYVI6I= contains 204800 B
[2026-04-19T03:26:23.876Z INFO  worker::batch_maker] Batch AWuWBQNxui3k6iOzbALN3PPFSQLS0RCR7IIh5Xuy9xw= contains sample tx 1782
[2026-04-19T03:26:23.876Z INFO  worker::batch_maker] Batch AWuWBQNxui3k6iOzbALN3PPFSQLS0RCR7IIh5Xuy9xw= contains 204800 B
[2026-04-19T03:26:23.928Z INFO  worker::batch_maker] Batch EPMjEV+6ek6As7fSGWxuxBxalUEbfPLd9B5OBBoEReQ= contains sample tx 1783
[2026-04-19T03:26:23.928Z INFO  worker::batch_maker] Batch EPMjEV+6ek6As7fSGWxuxBxalUEbfPLd9B5OBBoEReQ= contains 204800 B
[2026-04-19T03:26:23.980Z INFO  worker::batch_maker] Batch /vXXg2O4aGy3kYZOW3hpphJ85CV625oENwGj6SYaPK8= contains sample tx 1784
[2026-04-19T03:26:23.980Z INFO  worker::batch_maker] Batch /vXXg2O4aGy3kYZOW3hpphJ85CV625oENwGj6SYaPK8= contains 204800 B
[2026-04-19T03:26:24.032Z INFO  worker::batch_maker] Batch 7dCNKV3UqDItAqUnExbLB+kb495/0ZGFXsh88kU4UFQ= contains sample tx 1785
[2026-04-19T03:26:24.032Z INFO  worker::batch_maker] Batch 7dCNKV3UqDItAqUnExbLB+kb495/0ZGFXsh88kU4UFQ= contains 204800 B
[2026-04-19T03:26:24.085Z INFO  worker::batch_maker] Batch gESfCjLq6X//37rhR82tGBgSCrzuwT5Fmyc7PR9oaMs= contains sample tx 1786
[2026-04-19T03:26:24.085Z INFO  worker::batch_maker] Batch gESfCjLq6X//37rhR82tGBgSCrzuwT5Fmyc7PR9oaMs= contains 204800 B
[2026-04-19T03:26:24.138Z INFO  worker::batch_maker] Batch Rq3yP6UBW/TVitPKzm/A06a3YZy7B/oiD1Bu2J8lX3U= contains sample tx 1787
[2026-04-19T03:26:24.195Z INFO  worker::batch_maker] Batch Rq3yP6UBW/TVitPKzm/A06a3YZy7B/oiD1Bu2J8lX3U= contains 204800 B
[2026-04-19T03:26:24.250Z INFO  worker::batch_maker] Batch MbGC+/Gy92cxC7c+gVj6NAzumguMk/VUc35CSGeXr+o= contains sample tx 1788
[2026-04-19T03:26:24.250Z INFO  worker::batch_maker] Batch MbGC+/Gy92cxC7c+gVj6NAzumguMk/VUc35CSGeXr+o= contains sample tx 1789
[2026-04-19T03:26:24.271Z INFO  worker::batch_maker] Batch MbGC+/Gy92cxC7c+gVj6NAzumguMk/VUc35CSGeXr+o= contains 409600 B
[2026-04-19T03:26:24.325Z INFO  worker::batch_maker] Batch UmJ3dGZJXMkrXoJL617ceyaVGPpW6+VHTdutna+3Dkg= contains sample tx 1790
[2026-04-19T03:26:24.325Z INFO  worker::batch_maker] Batch UmJ3dGZJXMkrXoJL617ceyaVGPpW6+VHTdutna+3Dkg= contains sample tx 1791
[2026-04-19T03:26:24.325Z INFO  worker::batch_maker] Batch UmJ3dGZJXMkrXoJL617ceyaVGPpW6+VHTdutna+3Dkg= contains 409600 B
[2026-04-19T03:26:24.378Z INFO  worker::batch_maker] Batch yl2ZxqUqM6kyuvg/LecYxOn9kPzzVbW3od68E49DA4I= contains sample tx 1792
[2026-04-19T03:26:24.378Z INFO  worker::batch_maker] Batch yl2ZxqUqM6kyuvg/LecYxOn9kPzzVbW3od68E49DA4I= contains 204800 B
[2026-04-19T03:26:24.431Z INFO  worker::batch_maker] Batch HTb8DdvCIO6g+s7O14/wWvUkVVrhZRrpAn/I+9IOf5c= contains sample tx 1793
[2026-04-19T03:26:24.431Z INFO  worker::batch_maker] Batch HTb8DdvCIO6g+s7O14/wWvUkVVrhZRrpAn/I+9IOf5c= contains 204800 B
[2026-04-19T03:26:24.486Z INFO  worker::batch_maker] Batch THRqZGjKKfLqvqj2Vw8+oNPyd96mj5s30DXWMxcEzVg= contains sample tx 1794
[2026-04-19T03:26:24.486Z INFO  worker::batch_maker] Batch THRqZGjKKfLqvqj2Vw8+oNPyd96mj5s30DXWMxcEzVg= contains 204800 B
[2026-04-19T03:26:24.539Z INFO  worker::batch_maker] Batch qQ3NGmZkzThSUsGHZajW1rNU8sBalBT7mUxwjjzsUiU= contains sample tx 1795
[2026-04-19T03:26:24.539Z INFO  worker::batch_maker] Batch qQ3NGmZkzThSUsGHZajW1rNU8sBalBT7mUxwjjzsUiU= contains 204800 B
[2026-04-19T03:26:24.591Z INFO  worker::batch_maker] Batch w9Nggt1vRV59FVAUp7TXvcz0WjDgPtO7FfWA2ekLlH0= contains sample tx 1796
[2026-04-19T03:26:24.591Z INFO  worker::batch_maker] Batch w9Nggt1vRV59FVAUp7TXvcz0WjDgPtO7FfWA2ekLlH0= contains 204800 B
[2026-04-19T03:26:24.644Z INFO  worker::batch_maker] Batch 9K5XtYkkXZ+GvBgBBYzzW8wPzcvuqnvYqK7QACdJHfI= contains sample tx 1797
[2026-04-19T03:26:24.644Z INFO  worker::batch_maker] Batch 9K5XtYkkXZ+GvBgBBYzzW8wPzcvuqnvYqK7QACdJHfI= contains 204800 B
[2026-04-19T03:26:24.697Z INFO  worker::batch_maker] Batch ov5cDA2LZgVOQrkknoXOyci0n7iP5YzyAg4QyM7NwSM= contains sample tx 1798
[2026-04-19T03:26:24.697Z INFO  worker::batch_maker] Batch ov5cDA2LZgVOQrkknoXOyci0n7iP5YzyAg4QyM7NwSM= contains 204800 B
[2026-04-19T03:26:24.750Z INFO  worker::batch_maker] Batch 14wUWmzPVEiyqy7NRUj6Z8DXYMIzkZJRiWQ64asVH24= contains sample tx 1799
[2026-04-19T03:26:24.750Z INFO  worker::batch_maker] Batch 14wUWmzPVEiyqy7NRUj6Z8DXYMIzkZJRiWQ64asVH24= contains 204800 B
[2026-04-19T03:26:24.803Z INFO  worker::batch_maker] Batch OVBx7Hhn7+e3A4VHWXWLoxy3NWD4S7+WCpufTXWRHjM= contains sample tx 1800
[2026-04-19T03:26:24.803Z INFO  worker::batch_maker] Batch OVBx7Hhn7+e3A4VHWXWLoxy3NWD4S7+WCpufTXWRHjM= contains 204800 B
[2026-04-19T03:26:24.856Z INFO  worker::batch_maker] Batch KjK8rwvM6JYwupYPSE9iG1sumYGSvsTuaS6JPHFGCIE= contains sample tx 1801
[2026-04-19T03:26:24.857Z INFO  worker::batch_maker] Batch KjK8rwvM6JYwupYPSE9iG1sumYGSvsTuaS6JPHFGCIE= contains 204800 B
[2026-04-19T03:26:24.909Z INFO  worker::batch_maker] Batch PGeQlYoBlrrtqbr0g5Rvh1TZXWZpdAoq6SzDRnd6IPY= contains sample tx 1802
[2026-04-19T03:26:24.909Z INFO  worker::batch_maker] Batch PGeQlYoBlrrtqbr0g5Rvh1TZXWZpdAoq6SzDRnd6IPY= contains sample tx 1803
[2026-04-19T03:26:24.909Z INFO  worker::batch_maker] Batch PGeQlYoBlrrtqbr0g5Rvh1TZXWZpdAoq6SzDRnd6IPY= contains 375296 B
[2026-04-19T03:26:24.962Z INFO  worker::batch_maker] Batch UcZB7AYeD/0IoQFJ229EnkDieob5TnwCnPxV9O13SKA= contains sample tx 1804
[2026-04-19T03:26:24.962Z INFO  worker::batch_maker] Batch UcZB7AYeD/0IoQFJ229EnkDieob5TnwCnPxV9O13SKA= contains 239104 B
[2026-04-19T03:26:25.014Z INFO  worker::batch_maker] Batch eDBCl6lyEEZawG8E3/r5wA7SmpFfS4c+qjXrBYoBFdA= contains sample tx 1805
[2026-04-19T03:26:25.015Z INFO  worker::batch_maker] Batch eDBCl6lyEEZawG8E3/r5wA7SmpFfS4c+qjXrBYoBFdA= contains 204800 B
[2026-04-19T03:26:25.069Z INFO  worker::batch_maker] Batch ylcJ0A9t3Wpv3zU7BMFp+laL8yzl+RGFSftcM2FtTrE= contains sample tx 1806
[2026-04-19T03:26:25.069Z INFO  worker::batch_maker] Batch ylcJ0A9t3Wpv3zU7BMFp+laL8yzl+RGFSftcM2FtTrE= contains 204800 B
[2026-04-19T03:26:25.122Z INFO  worker::batch_maker] Batch E93CMXctruIdu4cwnviOGfRc+qwQiMxQgXjzeIAi7D0= contains sample tx 1807
[2026-04-19T03:26:25.122Z INFO  worker::batch_maker] Batch E93CMXctruIdu4cwnviOGfRc+qwQiMxQgXjzeIAi7D0= contains 204800 B
[2026-04-19T03:26:25.175Z INFO  worker::batch_maker] Batch ahQHwGIVK3S5iCm5GiKU/8vdILeO/I2fgY/J8e2cmgA= contains sample tx 1808
[2026-04-19T03:26:25.176Z INFO  worker::batch_maker] Batch ahQHwGIVK3S5iCm5GiKU/8vdILeO/I2fgY/J8e2cmgA= contains 204800 B
[2026-04-19T03:26:25.228Z INFO  worker::batch_maker] Batch jK+RqFFuGTOdS/XY75rlP/MqRCJ9460dBHyvQFsdEUQ= contains sample tx 1809
[2026-04-19T03:26:25.228Z INFO  worker::batch_maker] Batch jK+RqFFuGTOdS/XY75rlP/MqRCJ9460dBHyvQFsdEUQ= contains 204800 B
[2026-04-19T03:26:25.281Z INFO  worker::batch_maker] Batch 8MFBhKQLZi+uhhDUyQXL8xecIXmkr42mv4OJAQkafH8= contains sample tx 1810
[2026-04-19T03:26:25.281Z INFO  worker::batch_maker] Batch 8MFBhKQLZi+uhhDUyQXL8xecIXmkr42mv4OJAQkafH8= contains 204800 B
[2026-04-19T03:26:25.334Z INFO  worker::batch_maker] Batch Tg/rXHQqcQikdOBP2E0N1eqd/wRyA4H3OYSsNUXnw0c= contains sample tx 1811
[2026-04-19T03:26:25.334Z INFO  worker::batch_maker] Batch Tg/rXHQqcQikdOBP2E0N1eqd/wRyA4H3OYSsNUXnw0c= contains 204800 B
[2026-04-19T03:26:25.386Z INFO  worker::batch_maker] Batch 9Ta7ITrpa1ajSTrO4KuZIRIM3Y3VnPioVvcqWDtudjk= contains sample tx 1812
[2026-04-19T03:26:25.386Z INFO  worker::batch_maker] Batch 9Ta7ITrpa1ajSTrO4KuZIRIM3Y3VnPioVvcqWDtudjk= contains 204800 B
[2026-04-19T03:26:25.442Z INFO  worker::batch_maker] Batch Y/XCOGTQTxDleQNBeFL6ba2k0qAsvJ/iyudD8jX7IJE= contains sample tx 1813
[2026-04-19T03:26:25.442Z INFO  worker::batch_maker] Batch Y/XCOGTQTxDleQNBeFL6ba2k0qAsvJ/iyudD8jX7IJE= contains 204800 B
[2026-04-19T03:26:25.494Z INFO  worker::batch_maker] Batch WopSQEJkzpBD6PrtD6iwOHowzy0RfGEKjQdYKQ4KRn4= contains sample tx 1814
[2026-04-19T03:26:25.494Z INFO  worker::batch_maker] Batch WopSQEJkzpBD6PrtD6iwOHowzy0RfGEKjQdYKQ4KRn4= contains 204800 B
[2026-04-19T03:26:25.546Z INFO  worker::batch_maker] Batch JQ99a66z+itJE1y04MWvsmVOXBTgGxRt+Nw9xLVgKkI= contains sample tx 1815
[2026-04-19T03:26:25.546Z INFO  worker::batch_maker] Batch JQ99a66z+itJE1y04MWvsmVOXBTgGxRt+Nw9xLVgKkI= contains 204800 B
[2026-04-19T03:26:25.599Z INFO  worker::batch_maker] Batch etXWAD1eyuw2YftXg8yEYzDXcUs5FJ9mKT7pd9LgxJk= contains sample tx 1816
[2026-04-19T03:26:25.599Z INFO  worker::batch_maker] Batch etXWAD1eyuw2YftXg8yEYzDXcUs5FJ9mKT7pd9LgxJk= contains 204800 B
[2026-04-19T03:26:25.651Z INFO  worker::batch_maker] Batch SMRc6oWEeYqth5jq6CIUYaBXQQbbmf2+264d9ybEe0A= contains sample tx 1817
[2026-04-19T03:26:25.651Z INFO  worker::batch_maker] Batch SMRc6oWEeYqth5jq6CIUYaBXQQbbmf2+264d9ybEe0A= contains 204800 B
[2026-04-19T03:26:25.704Z INFO  worker::batch_maker] Batch 08JHufwrbah2qscbbbwp+/FqU+vE4fExiVpGAxP+s9Q= contains sample tx 1818
[2026-04-19T03:26:25.704Z INFO  worker::batch_maker] Batch 08JHufwrbah2qscbbbwp+/FqU+vE4fExiVpGAxP+s9Q= contains 204800 B
[2026-04-19T03:26:25.757Z INFO  worker::batch_maker] Batch ruXkDZLqJZA0kQE3HK8pxP8uo7p/O8eDe/wA3RecIwA= contains sample tx 1819
[2026-04-19T03:26:25.757Z INFO  worker::batch_maker] Batch ruXkDZLqJZA0kQE3HK8pxP8uo7p/O8eDe/wA3RecIwA= contains 237568 B
[2026-04-19T03:26:25.812Z INFO  worker::batch_maker] Batch 4mMbqvaiQJylF+CHpIHiUZWMnW1FWk0YUd+SanyAYr0= contains sample tx 1820
[2026-04-19T03:26:25.813Z INFO  worker::batch_maker] Batch 4mMbqvaiQJylF+CHpIHiUZWMnW1FWk0YUd+SanyAYr0= contains sample tx 1821
[2026-04-19T03:26:25.813Z INFO  worker::batch_maker] Batch 4mMbqvaiQJylF+CHpIHiUZWMnW1FWk0YUd+SanyAYr0= contains 376832 B
[2026-04-19T03:26:25.864Z INFO  worker::batch_maker] Batch xd/RZHBr7q0A9ZzhNvd4pJSaTwQMMy8oWXJy0cE+gn0= contains sample tx 1822
[2026-04-19T03:26:25.864Z INFO  worker::batch_maker] Batch xd/RZHBr7q0A9ZzhNvd4pJSaTwQMMy8oWXJy0cE+gn0= contains 204800 B
[2026-04-19T03:26:25.917Z INFO  worker::batch_maker] Batch i0wa/heQvcIvJWvI+gZf4ARUsXkJcxHkXbqFwrEdakQ= contains sample tx 1823
[2026-04-19T03:26:25.917Z INFO  worker::batch_maker] Batch i0wa/heQvcIvJWvI+gZf4ARUsXkJcxHkXbqFwrEdakQ= contains 204800 B
[2026-04-19T03:26:25.971Z INFO  worker::batch_maker] Batch /HHWRb9r3OHX6db+w780Wm5s7nr2xgYithg+vhw9I5w= contains sample tx 1824
[2026-04-19T03:26:25.971Z INFO  worker::batch_maker] Batch /HHWRb9r3OHX6db+w780Wm5s7nr2xgYithg+vhw9I5w= contains 204800 B
[2026-04-19T03:26:26.023Z INFO  worker::batch_maker] Batch tHTErtprfqttqhNB/K9osKZH1c1Z34dwdiDCVD9z0TY= contains sample tx 1825
[2026-04-19T03:26:26.023Z INFO  worker::batch_maker] Batch tHTErtprfqttqhNB/K9osKZH1c1Z34dwdiDCVD9z0TY= contains 204800 B
[2026-04-19T03:26:26.077Z INFO  worker::batch_maker] Batch Dm8qzVzDl6sqdQAvGTz6kxUsbmjSQdjMzYCas2Zo7Qs= contains sample tx 1826
[2026-04-19T03:26:26.077Z INFO  worker::batch_maker] Batch Dm8qzVzDl6sqdQAvGTz6kxUsbmjSQdjMzYCas2Zo7Qs= contains 204800 B
[2026-04-19T03:26:26.129Z INFO  worker::batch_maker] Batch WQI7LFmRQgVFa5VEhZ5nGscKBpkICk20JMawmZXVF2E= contains sample tx 1827
[2026-04-19T03:26:26.129Z INFO  worker::batch_maker] Batch WQI7LFmRQgVFa5VEhZ5nGscKBpkICk20JMawmZXVF2E= contains 204800 B
[2026-04-19T03:26:26.180Z INFO  worker::batch_maker] Batch Zaf5S9/emrx6D1ay6oKVH7xhLgfQhPwG68i+3aLR7+Q= contains sample tx 1828
[2026-04-19T03:26:26.180Z INFO  worker::batch_maker] Batch Zaf5S9/emrx6D1ay6oKVH7xhLgfQhPwG68i+3aLR7+Q= contains 204800 B
[2026-04-19T03:26:26.233Z INFO  worker::batch_maker] Batch +uSSd0kImA8tuP7ONOk2GPr1E0uYD5PORhSyGdRcky0= contains sample tx 1829
[2026-04-19T03:26:26.233Z INFO  worker::batch_maker] Batch +uSSd0kImA8tuP7ONOk2GPr1E0uYD5PORhSyGdRcky0= contains 204800 B
[2026-04-19T03:26:26.284Z INFO  worker::batch_maker] Batch NbcuP3pUgb//o6ZbwVHhWN+kidzv75EDZNpD+qD9CtU= contains sample tx 1830
[2026-04-19T03:26:26.284Z INFO  worker::batch_maker] Batch NbcuP3pUgb//o6ZbwVHhWN+kidzv75EDZNpD+qD9CtU= contains 204800 B
[2026-04-19T03:26:26.338Z INFO  worker::batch_maker] Batch VNZw7sNqaDkBNgp0BImYWyE6BV5HZr+h8ZLl4e1Sgyk= contains sample tx 1831
[2026-04-19T03:26:26.338Z INFO  worker::batch_maker] Batch VNZw7sNqaDkBNgp0BImYWyE6BV5HZr+h8ZLl4e1Sgyk= contains 204800 B
[2026-04-19T03:26:26.391Z INFO  worker::batch_maker] Batch NZKITCYNqpjuvUuNKw1llwEmU+CHhLcIP0LUgtfljkI= contains sample tx 1832
[2026-04-19T03:26:26.391Z INFO  worker::batch_maker] Batch NZKITCYNqpjuvUuNKw1llwEmU+CHhLcIP0LUgtfljkI= contains 204800 B
[2026-04-19T03:26:26.445Z INFO  worker::batch_maker] Batch ByOLx9j4TeOdIkwwG+5lTrnCbVkFBZnEYPBWPiexdTA= contains sample tx 1833
[2026-04-19T03:26:26.445Z INFO  worker::batch_maker] Batch ByOLx9j4TeOdIkwwG+5lTrnCbVkFBZnEYPBWPiexdTA= contains 204800 B
[2026-04-19T03:26:26.498Z INFO  worker::batch_maker] Batch 0Q5tn78KnnG8kJ09OPkYeaITATy+SkhVT37F1FWeJtc= contains sample tx 1834
[2026-04-19T03:26:26.498Z INFO  worker::batch_maker] Batch 0Q5tn78KnnG8kJ09OPkYeaITATy+SkhVT37F1FWeJtc= contains 204800 B
[2026-04-19T03:26:26.549Z INFO  worker::batch_maker] Batch 8f4aUIIfEiVNGmW54f2LORykzuIzCF1Sf9YAZ9wZds8= contains sample tx 1835
[2026-04-19T03:26:26.549Z INFO  worker::batch_maker] Batch 8f4aUIIfEiVNGmW54f2LORykzuIzCF1Sf9YAZ9wZds8= contains 204800 B
[2026-04-19T03:26:26.602Z INFO  worker::batch_maker] Batch e+jeNaUyA9sUBJB3sc2zKrrTaQaw0nXxlVJZBkIzhlk= contains sample tx 1836
[2026-04-19T03:26:26.602Z INFO  worker::batch_maker] Batch e+jeNaUyA9sUBJB3sc2zKrrTaQaw0nXxlVJZBkIzhlk= contains 204800 B
[2026-04-19T03:26:26.655Z INFO  worker::batch_maker] Batch 2eO6ZVh2JUjYbZWFUVXb98BEc4z1J/1XaonyX4U4H+Q= contains sample tx 1837
[2026-04-19T03:26:26.655Z INFO  worker::batch_maker] Batch 2eO6ZVh2JUjYbZWFUVXb98BEc4z1J/1XaonyX4U4H+Q= contains 204800 B
[2026-04-19T03:26:26.709Z INFO  worker::batch_maker] Batch r9Xq+8Ncf6RoJF8hHWNNZ2dG3remTR1CvjXiEnIiv3s= contains sample tx 1838
[2026-04-19T03:26:26.709Z INFO  worker::batch_maker] Batch r9Xq+8Ncf6RoJF8hHWNNZ2dG3remTR1CvjXiEnIiv3s= contains sample tx 1839
[2026-04-19T03:26:26.709Z INFO  worker::batch_maker] Batch r9Xq+8Ncf6RoJF8hHWNNZ2dG3remTR1CvjXiEnIiv3s= contains 339456 B
[2026-04-19T03:26:26.763Z INFO  worker::batch_maker] Batch hxfwyUGAFT15ceZwIAWdazJs0iFCzat/6ibs5RuQdWs= contains sample tx 1840
[2026-04-19T03:26:26.763Z INFO  worker::batch_maker] Batch hxfwyUGAFT15ceZwIAWdazJs0iFCzat/6ibs5RuQdWs= contains 274944 B
[2026-04-19T03:26:26.815Z INFO  worker::batch_maker] Batch /WefIJGOd81AoT3F1eUoT3iAQtVmH2hnaefHTNh0CNw= contains sample tx 1841
[2026-04-19T03:26:26.815Z INFO  worker::batch_maker] Batch /WefIJGOd81AoT3F1eUoT3iAQtVmH2hnaefHTNh0CNw= contains 204800 B
[2026-04-19T03:26:26.869Z INFO  worker::batch_maker] Batch jEvx+pkbj+Nm0q4yjQkHvmMk0nt/aSKggVkmC31jP80= contains sample tx 1842
[2026-04-19T03:26:26.869Z INFO  worker::batch_maker] Batch jEvx+pkbj+Nm0q4yjQkHvmMk0nt/aSKggVkmC31jP80= contains 204800 B
[2026-04-19T03:26:26.922Z INFO  worker::batch_maker] Batch 487fRcENufnuf1rb/9/696HEwMA+tvQC88YSCg/iZk8= contains sample tx 1843
[2026-04-19T03:26:26.922Z INFO  worker::batch_maker] Batch 487fRcENufnuf1rb/9/696HEwMA+tvQC88YSCg/iZk8= contains 204800 B
[2026-04-19T03:26:26.976Z INFO  worker::batch_maker] Batch NF9YvuEdW8FiUA/wAMKJykj+y4FP/VUfqCaBAzE4wuQ= contains sample tx 1844
[2026-04-19T03:26:26.976Z INFO  worker::batch_maker] Batch NF9YvuEdW8FiUA/wAMKJykj+y4FP/VUfqCaBAzE4wuQ= contains 204800 B
[2026-04-19T03:26:27.029Z INFO  worker::batch_maker] Batch +laEWpleipbBReZ0N5yQehlElMywrmkP+dD7Pb2yoZc= contains sample tx 1845
[2026-04-19T03:26:27.029Z INFO  worker::batch_maker] Batch +laEWpleipbBReZ0N5yQehlElMywrmkP+dD7Pb2yoZc= contains 204800 B
[2026-04-19T03:26:27.082Z INFO  worker::batch_maker] Batch xiSx5wnMxzjtQZRCPy2S3FcOJCz9TniYSAdNjACMIpA= contains sample tx 1846
[2026-04-19T03:26:27.082Z INFO  worker::batch_maker] Batch xiSx5wnMxzjtQZRCPy2S3FcOJCz9TniYSAdNjACMIpA= contains 204800 B
[2026-04-19T03:26:27.135Z INFO  worker::batch_maker] Batch lNNGOUp0B6ZyWNVr9SlSJWXHYUHBTJQdIxZY7fep6so= contains sample tx 1847
[2026-04-19T03:26:27.135Z INFO  worker::batch_maker] Batch lNNGOUp0B6ZyWNVr9SlSJWXHYUHBTJQdIxZY7fep6so= contains 204800 B
[2026-04-19T03:26:27.187Z INFO  worker::batch_maker] Batch GFYLMFm/wRK26pp6iq1nXwq8QSVjfRZ0QTDggE2NtBQ= contains sample tx 1848
[2026-04-19T03:26:27.187Z INFO  worker::batch_maker] Batch GFYLMFm/wRK26pp6iq1nXwq8QSVjfRZ0QTDggE2NtBQ= contains 204800 B
[2026-04-19T03:26:27.239Z INFO  worker::batch_maker] Batch zwUCctFSm3qd7D4GMGATI+2OJK9880VsbpRKmqBZR4g= contains sample tx 1849
[2026-04-19T03:26:27.239Z INFO  worker::batch_maker] Batch zwUCctFSm3qd7D4GMGATI+2OJK9880VsbpRKmqBZR4g= contains 204800 B
[2026-04-19T03:26:27.291Z INFO  worker::batch_maker] Batch 9YaFPoT1zG4Zi2dYK5JCXj0YAXUxShsSmU+QdvSxpeY= contains sample tx 1850
[2026-04-19T03:26:27.291Z INFO  worker::batch_maker] Batch 9YaFPoT1zG4Zi2dYK5JCXj0YAXUxShsSmU+QdvSxpeY= contains 204800 B
[2026-04-19T03:26:27.343Z INFO  worker::batch_maker] Batch 4DSDfIJrJBfURrLVBWsdpyWRXxScx+NMon2ysCmr01c= contains sample tx 1851
[2026-04-19T03:26:27.343Z INFO  worker::batch_maker] Batch 4DSDfIJrJBfURrLVBWsdpyWRXxScx+NMon2ysCmr01c= contains 204800 B
[2026-04-19T03:26:27.395Z INFO  worker::batch_maker] Batch h0GngEK5wlbBquJOUBrhC3u3bH1uDygeByQLrU64suY= contains sample tx 1852
[2026-04-19T03:26:27.395Z INFO  worker::batch_maker] Batch h0GngEK5wlbBquJOUBrhC3u3bH1uDygeByQLrU64suY= contains 204800 B
[2026-04-19T03:26:27.447Z INFO  worker::batch_maker] Batch i05wvulKlSHqpYIYhsnMfnSAj0GwhlUzZv1j7GPtKQU= contains sample tx 1853
[2026-04-19T03:26:27.447Z INFO  worker::batch_maker] Batch i05wvulKlSHqpYIYhsnMfnSAj0GwhlUzZv1j7GPtKQU= contains 204800 B
[2026-04-19T03:26:27.500Z INFO  worker::batch_maker] Batch +SoVHirObnuetNRr7jFDJsB+tPVoHKVmy/nmQX1BCE4= contains sample tx 1854
[2026-04-19T03:26:27.500Z INFO  worker::batch_maker] Batch +SoVHirObnuetNRr7jFDJsB+tPVoHKVmy/nmQX1BCE4= contains 204800 B
[2026-04-19T03:26:27.553Z INFO  worker::batch_maker] Batch OOWdFKPWpsGfi82aUbv7+4A3mbIkbUkI+Vqk91DAlnk= contains sample tx 1855
[2026-04-19T03:26:27.553Z INFO  worker::batch_maker] Batch OOWdFKPWpsGfi82aUbv7+4A3mbIkbUkI+Vqk91DAlnk= contains 204800 B
[2026-04-19T03:26:27.606Z INFO  worker::batch_maker] Batch jmnC2HfswCTM1l1fTqFAWDYvHkV/+PaveyNVjDAeS70= contains sample tx 1856
[2026-04-19T03:26:27.606Z INFO  worker::batch_maker] Batch jmnC2HfswCTM1l1fTqFAWDYvHkV/+PaveyNVjDAeS70= contains 204800 B
[2026-04-19T03:26:27.661Z INFO  worker::batch_maker] Batch ADYwS5O3uYM+Uf9ITiVi76GVrn5WZtJMkZvNCIYK/M8= contains sample tx 1857
[2026-04-19T03:26:27.661Z INFO  worker::batch_maker] Batch ADYwS5O3uYM+Uf9ITiVi76GVrn5WZtJMkZvNCIYK/M8= contains sample tx 1858
[2026-04-19T03:26:27.661Z INFO  worker::batch_maker] Batch ADYwS5O3uYM+Uf9ITiVi76GVrn5WZtJMkZvNCIYK/M8= contains 348672 B
[2026-04-19T03:26:27.715Z INFO  worker::batch_maker] Batch Fkmv6NupMDYjC4/2d70aia3fZabP21JOoEp0UwjubX0= contains sample tx 1859
[2026-04-19T03:26:27.716Z INFO  worker::batch_maker] Batch Fkmv6NupMDYjC4/2d70aia3fZabP21JOoEp0UwjubX0= contains 265728 B
[2026-04-19T03:26:27.770Z INFO  worker::batch_maker] Batch rwwjOybKBx5+qeaSqyDCOG1ht8XabVjp6F9/cy5IxkA= contains sample tx 1860
[2026-04-19T03:26:27.770Z INFO  worker::batch_maker] Batch rwwjOybKBx5+qeaSqyDCOG1ht8XabVjp6F9/cy5IxkA= contains 204800 B
[2026-04-19T03:26:27.822Z INFO  worker::batch_maker] Batch 5XPVxAIfFwff20JhD+kxEpsZJGfBXSF6nz/2+GXtiPg= contains sample tx 1861
[2026-04-19T03:26:27.822Z INFO  worker::batch_maker] Batch 5XPVxAIfFwff20JhD+kxEpsZJGfBXSF6nz/2+GXtiPg= contains 204800 B
[2026-04-19T03:26:27.875Z INFO  worker::batch_maker] Batch H70iAEWE5niRnhxKcGV7lkLidTPOAPQeUmtUraGDg2Q= contains sample tx 1862
[2026-04-19T03:26:27.875Z INFO  worker::batch_maker] Batch H70iAEWE5niRnhxKcGV7lkLidTPOAPQeUmtUraGDg2Q= contains 204800 B
[2026-04-19T03:26:27.929Z INFO  worker::batch_maker] Batch Nov4I5VYr3WUY/mzUVr04hymGHx9ffob43bAmzF0Wq4= contains sample tx 1863
[2026-04-19T03:26:27.929Z INFO  worker::batch_maker] Batch Nov4I5VYr3WUY/mzUVr04hymGHx9ffob43bAmzF0Wq4= contains 204800 B
[2026-04-19T03:26:27.983Z INFO  worker::batch_maker] Batch +wjcm6cFO6UV9emvRjXKR23OWyk6xCt7nycAk/bUEIM= contains sample tx 1864
[2026-04-19T03:26:27.983Z INFO  worker::batch_maker] Batch +wjcm6cFO6UV9emvRjXKR23OWyk6xCt7nycAk/bUEIM= contains 204800 B
[2026-04-19T03:26:28.035Z INFO  worker::batch_maker] Batch 6tIvpd9+kAz/HrQujhV4GSKMIcU0h3/a6nl2ACCPnbg= contains sample tx 1865
[2026-04-19T03:26:28.035Z INFO  worker::batch_maker] Batch 6tIvpd9+kAz/HrQujhV4GSKMIcU0h3/a6nl2ACCPnbg= contains 204800 B
[2026-04-19T03:26:28.088Z INFO  worker::batch_maker] Batch 03dS0S2dt0ZvJ9f7EOUZEugJpZspjCyJw4v71tWx8ig= contains sample tx 1866
[2026-04-19T03:26:28.088Z INFO  worker::batch_maker] Batch 03dS0S2dt0ZvJ9f7EOUZEugJpZspjCyJw4v71tWx8ig= contains 204800 B
[2026-04-19T03:26:28.143Z INFO  worker::batch_maker] Batch 9RVic8AK0PRmxjviNckfdBQHOTjMHq3Zk7uwNzZeIYQ= contains sample tx 1867
[2026-04-19T03:26:28.143Z INFO  worker::batch_maker] Batch 9RVic8AK0PRmxjviNckfdBQHOTjMHq3Zk7uwNzZeIYQ= contains 204800 B
[2026-04-19T03:26:28.195Z INFO  worker::batch_maker] Batch wrI5m11sllhzm2G1u1HiBfrlp2pdfOR8Ig1jyGgWLGM= contains sample tx 1868
[2026-04-19T03:26:28.195Z INFO  worker::batch_maker] Batch wrI5m11sllhzm2G1u1HiBfrlp2pdfOR8Ig1jyGgWLGM= contains 204800 B
[2026-04-19T03:26:28.248Z INFO  worker::batch_maker] Batch iLyMzPPaEEBQHCHw90LQ3A9OF334EL4SQmE6sP8MwoA= contains sample tx 1869
[2026-04-19T03:26:28.248Z INFO  worker::batch_maker] Batch iLyMzPPaEEBQHCHw90LQ3A9OF334EL4SQmE6sP8MwoA= contains 204800 B
[2026-04-19T03:26:28.300Z INFO  worker::batch_maker] Batch 3UFsr+lb+5/OniOkySq24r/PirEBTO3Io+q7YastzF0= contains sample tx 1870
[2026-04-19T03:26:28.300Z INFO  worker::batch_maker] Batch 3UFsr+lb+5/OniOkySq24r/PirEBTO3Io+q7YastzF0= contains 204800 B
[2026-04-19T03:26:28.352Z INFO  worker::batch_maker] Batch yvjpOmmXlOZel21fYn4znGqFYPwpOwwQ4mR209HvcMQ= contains sample tx 1871
[2026-04-19T03:26:28.352Z INFO  worker::batch_maker] Batch yvjpOmmXlOZel21fYn4znGqFYPwpOwwQ4mR209HvcMQ= contains 204800 B
[2026-04-19T03:26:28.406Z INFO  worker::batch_maker] Batch 4auC9D8ah3K7X1ODSjinypbHk336Wf2S7cWjQVrY0EY= contains sample tx 1872
[2026-04-19T03:26:28.406Z INFO  worker::batch_maker] Batch 4auC9D8ah3K7X1ODSjinypbHk336Wf2S7cWjQVrY0EY= contains 204800 B
[2026-04-19T03:26:28.460Z INFO  worker::batch_maker] Batch JIb/Pk6QcfG2yAy/sFZZI8SoKQKE8w0tzW4gVfN3SxU= contains sample tx 1873
[2026-04-19T03:26:28.460Z INFO  worker::batch_maker] Batch JIb/Pk6QcfG2yAy/sFZZI8SoKQKE8w0tzW4gVfN3SxU= contains 331264 B
[2026-04-19T03:26:28.513Z INFO  worker::batch_maker] Batch A8FsZYZ15EbhMjdMyUeb0r+zBuSXgjP4lIInfLU9mKI= contains sample tx 1874
[2026-04-19T03:26:28.513Z INFO  worker::batch_maker] Batch A8FsZYZ15EbhMjdMyUeb0r+zBuSXgjP4lIInfLU9mKI= contains sample tx 1875
[2026-04-19T03:26:28.513Z INFO  worker::batch_maker] Batch A8FsZYZ15EbhMjdMyUeb0r+zBuSXgjP4lIInfLU9mKI= contains 283136 B
[2026-04-19T03:26:28.567Z INFO  worker::batch_maker] Batch zIotbmPBeFZqGK+khOwOwA4AE8DDOTTjx06ZjMgiVcM= contains sample tx 1876
[2026-04-19T03:26:28.567Z INFO  worker::batch_maker] Batch zIotbmPBeFZqGK+khOwOwA4AE8DDOTTjx06ZjMgiVcM= contains 204800 B
[2026-04-19T03:26:28.619Z INFO  worker::batch_maker] Batch QmqGl4wWallrZz0EKbCqCq7pOi46TXe7I1G3pOyT8sk= contains sample tx 1877
[2026-04-19T03:26:28.619Z INFO  worker::batch_maker] Batch QmqGl4wWallrZz0EKbCqCq7pOi46TXe7I1G3pOyT8sk= contains 204800 B
[2026-04-19T03:26:28.671Z INFO  worker::batch_maker] Batch l5QV5hCACN9Re5iOUuHrcfcCl378mS/hMGdTyAQud7o= contains sample tx 1878
[2026-04-19T03:26:28.671Z INFO  worker::batch_maker] Batch l5QV5hCACN9Re5iOUuHrcfcCl378mS/hMGdTyAQud7o= contains 204800 B
[2026-04-19T03:26:28.723Z INFO  worker::batch_maker] Batch lOS7Sw73qDcsTSMOrmMoUC0cPchXamUvwVxSvZ4Lk+4= contains sample tx 1879
[2026-04-19T03:26:28.723Z INFO  worker::batch_maker] Batch lOS7Sw73qDcsTSMOrmMoUC0cPchXamUvwVxSvZ4Lk+4= contains 204800 B
[2026-04-19T03:26:28.775Z INFO  worker::batch_maker] Batch jcYB0s+WPyDsolwItsyniWG0dpp3/3o7fVaVqt0jkkc= contains sample tx 1880
[2026-04-19T03:26:28.775Z INFO  worker::batch_maker] Batch jcYB0s+WPyDsolwItsyniWG0dpp3/3o7fVaVqt0jkkc= contains 204800 B
[2026-04-19T03:26:28.827Z INFO  worker::batch_maker] Batch BdGCqcgbBjhob6pFBQfofZ1jY7A85Fj0pcZo/Ul+p4Y= contains sample tx 1881
[2026-04-19T03:26:28.827Z INFO  worker::batch_maker] Batch BdGCqcgbBjhob6pFBQfofZ1jY7A85Fj0pcZo/Ul+p4Y= contains 204800 B
[2026-04-19T03:26:28.881Z INFO  worker::batch_maker] Batch FSawFhNFUAA+kIEfpllGY+9JIqP+Lb9CM7iGrP3rY8k= contains sample tx 1882
[2026-04-19T03:26:28.881Z INFO  worker::batch_maker] Batch FSawFhNFUAA+kIEfpllGY+9JIqP+Lb9CM7iGrP3rY8k= contains 204800 B
[2026-04-19T03:26:28.932Z INFO  worker::batch_maker] Batch Eu3w9+WX0GqGCdfxX33HkSQ97xapW3f8dRoQfQrvt30= contains sample tx 1883
[2026-04-19T03:26:28.932Z INFO  worker::batch_maker] Batch Eu3w9+WX0GqGCdfxX33HkSQ97xapW3f8dRoQfQrvt30= contains 204800 B
[2026-04-19T03:26:28.984Z INFO  worker::batch_maker] Batch h0bgcHWXd5GPK+y4gvq/HptvKe1AHRLA0R0SbeoSGOc= contains sample tx 1884
[2026-04-19T03:26:28.984Z INFO  worker::batch_maker] Batch h0bgcHWXd5GPK+y4gvq/HptvKe1AHRLA0R0SbeoSGOc= contains 204800 B
[2026-04-19T03:26:29.038Z INFO  worker::batch_maker] Batch jVLd8orIGo2/5wRh0ji83H0qK88YVZ8bwvJeIr5Upy8= contains sample tx 1885
[2026-04-19T03:26:29.038Z INFO  worker::batch_maker] Batch jVLd8orIGo2/5wRh0ji83H0qK88YVZ8bwvJeIr5Upy8= contains 204800 B
[2026-04-19T03:26:29.090Z INFO  worker::batch_maker] Batch 4p5ARTZd1LLf8VEpcaaTGQlHAFpo+dEVn8AJOy3wyyI= contains sample tx 1886
[2026-04-19T03:26:29.090Z INFO  worker::batch_maker] Batch 4p5ARTZd1LLf8VEpcaaTGQlHAFpo+dEVn8AJOy3wyyI= contains 204800 B
[2026-04-19T03:26:29.142Z INFO  worker::batch_maker] Batch yY/FfM9BhDB1XH3hTo8kRhbzMqES1VSnKZo2o+4DMa4= contains sample tx 1887
[2026-04-19T03:26:29.142Z INFO  worker::batch_maker] Batch yY/FfM9BhDB1XH3hTo8kRhbzMqES1VSnKZo2o+4DMa4= contains 204800 B
[2026-04-19T03:26:29.193Z INFO  worker::batch_maker] Batch 8f/IioI1necS/jQgCTzx8mW5xA+JQEEBSyjCm/nLlLE= contains sample tx 1888
[2026-04-19T03:26:29.193Z INFO  worker::batch_maker] Batch 8f/IioI1necS/jQgCTzx8mW5xA+JQEEBSyjCm/nLlLE= contains 204800 B
[2026-04-19T03:26:29.246Z INFO  worker::batch_maker] Batch SBhSECHnpr7fGu+h86JJaXhBUoOp/Mx1AhcAWW6zfTQ= contains sample tx 1889
[2026-04-19T03:26:29.246Z INFO  worker::batch_maker] Batch SBhSECHnpr7fGu+h86JJaXhBUoOp/Mx1AhcAWW6zfTQ= contains 204800 B
[2026-04-19T03:26:29.301Z INFO  worker::batch_maker] Batch FTc0FhXtnD4CTItavIL2LEGSCOONz+Jlac2Xp2nVRAY= contains sample tx 1890
[2026-04-19T03:26:29.301Z INFO  worker::batch_maker] Batch FTc0FhXtnD4CTItavIL2LEGSCOONz+Jlac2Xp2nVRAY= contains 204800 B
[2026-04-19T03:26:29.354Z INFO  worker::batch_maker] Batch y7qfzKaZ+ea8OpEDOAsTpQi2bQKlj7dLonEl59YOgO4= contains sample tx 1891
[2026-04-19T03:26:29.354Z INFO  worker::batch_maker] Batch y7qfzKaZ+ea8OpEDOAsTpQi2bQKlj7dLonEl59YOgO4= contains 204800 B
[2026-04-19T03:26:29.406Z INFO  worker::batch_maker] Batch V9Vm2XjRJupOxk6aGIziPeJY0Uko/mJ6SnMIvwMT8u0= contains sample tx 1892
[2026-04-19T03:26:29.406Z INFO  worker::batch_maker] Batch V9Vm2XjRJupOxk6aGIziPeJY0Uko/mJ6SnMIvwMT8u0= contains 204800 B
[2026-04-19T03:26:29.459Z INFO  worker::batch_maker] Batch vw5M8C6bk9TAhdnRHcZgYC1uaVcPt71BO1I3PUs7fNA= contains sample tx 1893
[2026-04-19T03:26:29.459Z INFO  worker::batch_maker] Batch vw5M8C6bk9TAhdnRHcZgYC1uaVcPt71BO1I3PUs7fNA= contains sample tx 1894
[2026-04-19T03:26:29.459Z INFO  worker::batch_maker] Batch vw5M8C6bk9TAhdnRHcZgYC1uaVcPt71BO1I3PUs7fNA= contains 400384 B
[2026-04-19T03:26:29.513Z INFO  worker::batch_maker] Batch zCRgm4eHJEiVaWzBtZUgwxQf2wk/ToZq3k1hLLkN/Yw= contains sample tx 1895
[2026-04-19T03:26:29.513Z INFO  worker::batch_maker] Batch zCRgm4eHJEiVaWzBtZUgwxQf2wk/ToZq3k1hLLkN/Yw= contains 214016 B
[2026-04-19T03:26:29.567Z INFO  worker::batch_maker] Batch 3P03Gylietv8cUNFSkUTIs8SMkCJyiYaQx64/iE/Qqw= contains sample tx 1896
[2026-04-19T03:26:29.567Z INFO  worker::batch_maker] Batch 3P03Gylietv8cUNFSkUTIs8SMkCJyiYaQx64/iE/Qqw= contains 204800 B
[2026-04-19T03:26:29.620Z INFO  worker::batch_maker] Batch P8BXWiegfOEEv5Wph3sPGqJ5//KyNR1MpQfOmdIOUU8= contains sample tx 1897
[2026-04-19T03:26:29.620Z INFO  worker::batch_maker] Batch P8BXWiegfOEEv5Wph3sPGqJ5//KyNR1MpQfOmdIOUU8= contains 204800 B
[2026-04-19T03:26:29.673Z INFO  worker::batch_maker] Batch L8e9kScz7atqCYiRIbej4uWdz6ETJ4BQqNZjhFFGmow= contains sample tx 1898
[2026-04-19T03:26:29.673Z INFO  worker::batch_maker] Batch L8e9kScz7atqCYiRIbej4uWdz6ETJ4BQqNZjhFFGmow= contains 204800 B
[2026-04-19T03:26:29.727Z INFO  worker::batch_maker] Batch QntjFJRIEL7CDcS2Kn51WTaoDckgz67qhBMRMePLp2s= contains sample tx 1899
[2026-04-19T03:26:29.727Z INFO  worker::batch_maker] Batch QntjFJRIEL7CDcS2Kn51WTaoDckgz67qhBMRMePLp2s= contains 204800 B
[2026-04-19T03:26:29.780Z INFO  worker::batch_maker] Batch YuxUnBwQWCkp5VXpehtwslH5DHrWpAYpcsJ169JbLVk= contains sample tx 1900
[2026-04-19T03:26:29.780Z INFO  worker::batch_maker] Batch YuxUnBwQWCkp5VXpehtwslH5DHrWpAYpcsJ169JbLVk= contains 204800 B
[2026-04-19T03:26:29.832Z INFO  worker::batch_maker] Batch d3JHoHaM9wWVgmCqkzftHizJsbW4cXYMPt65TvFM+iM= contains sample tx 1901
[2026-04-19T03:26:29.832Z INFO  worker::batch_maker] Batch d3JHoHaM9wWVgmCqkzftHizJsbW4cXYMPt65TvFM+iM= contains 204800 B
[2026-04-19T03:26:29.884Z INFO  worker::batch_maker] Batch ECb2eM0m9/R1an4V2tD8Y/GlbNrUx06YBRPyXWM272o= contains sample tx 1902
[2026-04-19T03:26:29.884Z INFO  worker::batch_maker] Batch ECb2eM0m9/R1an4V2tD8Y/GlbNrUx06YBRPyXWM272o= contains 204800 B
[2026-04-19T03:26:29.936Z INFO  worker::batch_maker] Batch EJbgdEYLqjKiDC6qg4FXTpzv3g4ysnrIDbTZGr8s1AI= contains sample tx 1903
[2026-04-19T03:26:29.936Z INFO  worker::batch_maker] Batch EJbgdEYLqjKiDC6qg4FXTpzv3g4ysnrIDbTZGr8s1AI= contains 204800 B
[2026-04-19T03:26:29.988Z INFO  worker::batch_maker] Batch 1jDeMfn0ZOZN7qP6iPvOi9lfA89df9CjqlFgpVmNON0= contains sample tx 1904
[2026-04-19T03:26:29.988Z INFO  worker::batch_maker] Batch 1jDeMfn0ZOZN7qP6iPvOi9lfA89df9CjqlFgpVmNON0= contains 204800 B
[2026-04-19T03:26:30.040Z INFO  worker::batch_maker] Batch qn787TCl5GWhdJKDtqWFSpcp2UDHqcIkW3+LzPVDgX4= contains sample tx 1905
[2026-04-19T03:26:30.040Z INFO  worker::batch_maker] Batch qn787TCl5GWhdJKDtqWFSpcp2UDHqcIkW3+LzPVDgX4= contains 204800 B
[2026-04-19T03:26:30.092Z INFO  worker::batch_maker] Batch suyUhu2rgmYWnZViyxbZLfLS12OUoyYobvSszjHyFzE= contains sample tx 1906
[2026-04-19T03:26:30.092Z INFO  worker::batch_maker] Batch suyUhu2rgmYWnZViyxbZLfLS12OUoyYobvSszjHyFzE= contains 204800 B
[2026-04-19T03:26:30.144Z INFO  worker::batch_maker] Batch EaPGz52+mzl8tEY0V900hiSFwNFJzpGEPhPCW13WtE0= contains sample tx 1907
[2026-04-19T03:26:30.144Z INFO  worker::batch_maker] Batch EaPGz52+mzl8tEY0V900hiSFwNFJzpGEPhPCW13WtE0= contains 204800 B
[2026-04-19T03:26:30.197Z INFO  worker::batch_maker] Batch c0zzI2OoEaayeHg8Z+Mbga9dZ6GfBQAPLMmCwPWrE7Q= contains sample tx 1908
[2026-04-19T03:26:30.197Z INFO  worker::batch_maker] Batch c0zzI2OoEaayeHg8Z+Mbga9dZ6GfBQAPLMmCwPWrE7Q= contains 204800 B
[2026-04-19T03:26:30.249Z INFO  worker::batch_maker] Batch y0qNY5zXDQGHE4eTd7XqQIBmD1RVTAoDvt5m24zVf5I= contains sample tx 1909
[2026-04-19T03:26:30.249Z INFO  worker::batch_maker] Batch y0qNY5zXDQGHE4eTd7XqQIBmD1RVTAoDvt5m24zVf5I= contains 204800 B
[2026-04-19T03:26:30.302Z INFO  worker::batch_maker] Batch LCtv0xYsug7iLX6HECla04QTjntf2QCk1L8piYBFQss= contains sample tx 1910
[2026-04-19T03:26:30.302Z INFO  worker::batch_maker] Batch LCtv0xYsug7iLX6HECla04QTjntf2QCk1L8piYBFQss= contains 204800 B
[2026-04-19T03:26:30.354Z INFO  worker::batch_maker] Batch dklPI3QRwfyHMMsvCYdUHOYV1f10LUThCqd/QtkYFMY= contains sample tx 1911
[2026-04-19T03:26:30.354Z INFO  worker::batch_maker] Batch dklPI3QRwfyHMMsvCYdUHOYV1f10LUThCqd/QtkYFMY= contains 204800 B
[2026-04-19T03:26:30.405Z INFO  worker::batch_maker] Batch x128FjEOysE/e7R4UM/egIKyyCSJLqWYpocVaqec/Bc= contains sample tx 1912
[2026-04-19T03:26:30.405Z INFO  worker::batch_maker] Batch x128FjEOysE/e7R4UM/egIKyyCSJLqWYpocVaqec/Bc= contains 205312 B
[2026-04-19T03:26:30.460Z INFO  worker::batch_maker] Batch mZfRqO1muCM3xZRDmwsQcoz1cEab7Yu84hwY85Efm28= contains sample tx 1913
[2026-04-19T03:26:30.460Z INFO  worker::batch_maker] Batch mZfRqO1muCM3xZRDmwsQcoz1cEab7Yu84hwY85Efm28= contains 343040 B
[2026-04-19T03:26:30.513Z INFO  worker::batch_maker] Batch epiQG9IvrkJTptXO0amZMqjXHQExrF5qxRulHKXAfSk= contains sample tx 1914
[2026-04-19T03:26:30.513Z INFO  worker::batch_maker] Batch epiQG9IvrkJTptXO0amZMqjXHQExrF5qxRulHKXAfSk= contains sample tx 1915
[2026-04-19T03:26:30.513Z INFO  worker::batch_maker] Batch epiQG9IvrkJTptXO0amZMqjXHQExrF5qxRulHKXAfSk= contains 270848 B
[2026-04-19T03:26:30.565Z INFO  worker::batch_maker] Batch T1o5rHyBD3qcIZH5G8anEigrAuZYntWUmfnnUFZqpg8= contains sample tx 1916
[2026-04-19T03:26:30.565Z INFO  worker::batch_maker] Batch T1o5rHyBD3qcIZH5G8anEigrAuZYntWUmfnnUFZqpg8= contains 204800 B
[2026-04-19T03:26:30.617Z INFO  worker::batch_maker] Batch vPOoOcG92XXhY/Og5r96jXhDwZJw3ZSDENgMkxh4qKI= contains sample tx 1917
[2026-04-19T03:26:30.617Z INFO  worker::batch_maker] Batch vPOoOcG92XXhY/Og5r96jXhDwZJw3ZSDENgMkxh4qKI= contains 204800 B
[2026-04-19T03:26:30.669Z INFO  worker::batch_maker] Batch xEdgk4XxT9Rgnkc6UhMWkkH3JNzza3GW9tYOME5qo1U= contains sample tx 1918
[2026-04-19T03:26:30.669Z INFO  worker::batch_maker] Batch xEdgk4XxT9Rgnkc6UhMWkkH3JNzza3GW9tYOME5qo1U= contains 204800 B
[2026-04-19T03:26:30.723Z INFO  worker::batch_maker] Batch gt6XOvr6GVNBj2ftZYxwoYkPIjTusEyGr1LvkbLnhpE= contains sample tx 1919
[2026-04-19T03:26:30.723Z INFO  worker::batch_maker] Batch gt6XOvr6GVNBj2ftZYxwoYkPIjTusEyGr1LvkbLnhpE= contains 204800 B
[2026-04-19T03:26:30.775Z INFO  worker::batch_maker] Batch IsB0EUxv+A1TOTn0fJWC3S4TuoTUlMFuRUlPero2uPI= contains sample tx 1920
[2026-04-19T03:26:30.775Z INFO  worker::batch_maker] Batch IsB0EUxv+A1TOTn0fJWC3S4TuoTUlMFuRUlPero2uPI= contains 204800 B
[2026-04-19T03:26:30.828Z INFO  worker::batch_maker] Batch lEk4LTYd5JYwlbH/0Qgl5uieY51IdPcO+Al7oZFXtHk= contains sample tx 1921
[2026-04-19T03:26:30.828Z INFO  worker::batch_maker] Batch lEk4LTYd5JYwlbH/0Qgl5uieY51IdPcO+Al7oZFXtHk= contains 204800 B
[2026-04-19T03:26:30.881Z INFO  worker::batch_maker] Batch xWJNCiWxiKT0RyW0hkjtYyEbqINdGiPsVf7KhTojzS4= contains sample tx 1922
[2026-04-19T03:26:30.881Z INFO  worker::batch_maker] Batch xWJNCiWxiKT0RyW0hkjtYyEbqINdGiPsVf7KhTojzS4= contains 204800 B
[2026-04-19T03:26:30.934Z INFO  worker::batch_maker] Batch rtAQxaIIwx2aUDE2kvJbS8C5mdPTKTlyB8NBU01ZXT0= contains sample tx 1923
[2026-04-19T03:26:30.934Z INFO  worker::batch_maker] Batch rtAQxaIIwx2aUDE2kvJbS8C5mdPTKTlyB8NBU01ZXT0= contains 204800 B
[2026-04-19T03:26:30.987Z INFO  worker::batch_maker] Batch H9TcHw3GfPDb/sl2ZuxmaFPrXcxj6JA82GllERlADCI= contains sample tx 1924
[2026-04-19T03:26:30.987Z INFO  worker::batch_maker] Batch H9TcHw3GfPDb/sl2ZuxmaFPrXcxj6JA82GllERlADCI= contains 204800 B
[2026-04-19T03:26:31.041Z INFO  worker::batch_maker] Batch qNFUugH/TLv0KBjp78Davgi7EvAh8k3T7yUR5FFCn1U= contains sample tx 1925
[2026-04-19T03:26:31.041Z INFO  worker::batch_maker] Batch qNFUugH/TLv0KBjp78Davgi7EvAh8k3T7yUR5FFCn1U= contains 204800 B
[2026-04-19T03:26:31.095Z INFO  worker::batch_maker] Batch jh6FrFPhpurLI/AocahP8k3kLJHpGGe7m13/9axVj4c= contains sample tx 1926
[2026-04-19T03:26:31.095Z INFO  worker::batch_maker] Batch jh6FrFPhpurLI/AocahP8k3kLJHpGGe7m13/9axVj4c= contains 204800 B
[2026-04-19T03:26:31.149Z INFO  worker::batch_maker] Batch N8TjkPOy+9d4x3c0K/7nbIxFo2aoVhfyZTiptOA+CsQ= contains sample tx 1927
[2026-04-19T03:26:31.149Z INFO  worker::batch_maker] Batch N8TjkPOy+9d4x3c0K/7nbIxFo2aoVhfyZTiptOA+CsQ= contains 204800 B
[2026-04-19T03:26:31.201Z INFO  worker::batch_maker] Batch R4K2Mvd9rog6/186AyJMccH1rxoYFkIYyoRr24KwWIM= contains sample tx 1928
[2026-04-19T03:26:31.201Z INFO  worker::batch_maker] Batch R4K2Mvd9rog6/186AyJMccH1rxoYFkIYyoRr24KwWIM= contains 204800 B
[2026-04-19T03:26:31.256Z INFO  worker::batch_maker] Batch 7mm9pcTuI86XQU3nc31u4GkftTEmDfHeLz7el7qnj70= contains sample tx 1929
[2026-04-19T03:26:31.256Z INFO  worker::batch_maker] Batch 7mm9pcTuI86XQU3nc31u4GkftTEmDfHeLz7el7qnj70= contains 204800 B
[2026-04-19T03:26:31.310Z INFO  worker::batch_maker] Batch QSJaweI0IHmjz4wE2cO5DMGX2LJx5pkaARZpShNzw+w= contains sample tx 1930
[2026-04-19T03:26:31.310Z INFO  worker::batch_maker] Batch QSJaweI0IHmjz4wE2cO5DMGX2LJx5pkaARZpShNzw+w= contains 309248 B
[2026-04-19T03:26:31.364Z INFO  worker::batch_maker] Batch 3Lgn9qzxyUPwKmnB/8ekTYHQOkBYe/BTfXTKuFCefQk= contains sample tx 1931
[2026-04-19T03:26:31.364Z INFO  worker::batch_maker] Batch 3Lgn9qzxyUPwKmnB/8ekTYHQOkBYe/BTfXTKuFCefQk= contains sample tx 1932
[2026-04-19T03:26:31.364Z INFO  worker::batch_maker] Batch 3Lgn9qzxyUPwKmnB/8ekTYHQOkBYe/BTfXTKuFCefQk= contains 305152 B
[2026-04-19T03:26:31.416Z INFO  worker::batch_maker] Batch 9pOSR1xHYqga8BKXJ9WDirb8zBjo4SFQIjNi9+J/2lY= contains sample tx 1933
[2026-04-19T03:26:31.416Z INFO  worker::batch_maker] Batch 9pOSR1xHYqga8BKXJ9WDirb8zBjo4SFQIjNi9+J/2lY= contains 201728 B
[2026-04-19T03:26:31.468Z INFO  worker::batch_maker] Batch wCfclr5PHHRJx09cs+EtLmxWFcpbq9f+rH7dHNGVLXE= contains sample tx 1934
[2026-04-19T03:26:31.468Z INFO  worker::batch_maker] Batch wCfclr5PHHRJx09cs+EtLmxWFcpbq9f+rH7dHNGVLXE= contains 207872 B
[2026-04-19T03:26:31.521Z INFO  worker::batch_maker] Batch Ezi9AqIaVXO9F/sNf4Af7nMa30/Z5OMnbzWpcDxNzak= contains sample tx 1935
[2026-04-19T03:26:31.521Z INFO  worker::batch_maker] Batch Ezi9AqIaVXO9F/sNf4Af7nMa30/Z5OMnbzWpcDxNzak= contains 204800 B
[2026-04-19T03:26:31.573Z INFO  worker::batch_maker] Batch nnSWyzxP8HuXC+E1PUH8yT82Jy4BbB+hxYItbsEw1/M= contains sample tx 1936
[2026-04-19T03:26:31.573Z INFO  worker::batch_maker] Batch nnSWyzxP8HuXC+E1PUH8yT82Jy4BbB+hxYItbsEw1/M= contains 204800 B
[2026-04-19T03:26:31.624Z INFO  worker::batch_maker] Batch RKmUKtypl4dd6R+vL3jyJU7N473Bq84OYY1pHxOahYc= contains sample tx 1937
[2026-04-19T03:26:31.624Z INFO  worker::batch_maker] Batch RKmUKtypl4dd6R+vL3jyJU7N473Bq84OYY1pHxOahYc= contains 204800 B
[2026-04-19T03:26:31.677Z INFO  worker::batch_maker] Batch EQreFSBX92q9uzBtVPwgMmMeM0/7we9sTHaQ2KRiCYQ= contains sample tx 1938
[2026-04-19T03:26:31.677Z INFO  worker::batch_maker] Batch EQreFSBX92q9uzBtVPwgMmMeM0/7we9sTHaQ2KRiCYQ= contains 204800 B
[2026-04-19T03:26:31.730Z INFO  worker::batch_maker] Batch 2WtETfBZfLEvXPdJeqPr6gEN2TqJ2pdltZU3jOEJmcI= contains sample tx 1939
[2026-04-19T03:26:31.730Z INFO  worker::batch_maker] Batch 2WtETfBZfLEvXPdJeqPr6gEN2TqJ2pdltZU3jOEJmcI= contains 204800 B
[2026-04-19T03:26:31.782Z INFO  worker::batch_maker] Batch uFEfpummTk6zSMx4swUYPZ17FFwUAXHLbfD2QtDfPeY= contains sample tx 1940
[2026-04-19T03:26:31.782Z INFO  worker::batch_maker] Batch uFEfpummTk6zSMx4swUYPZ17FFwUAXHLbfD2QtDfPeY= contains 204800 B
[2026-04-19T03:26:31.833Z INFO  worker::batch_maker] Batch AkcnH4JWxKuL0Y4jPX6r20DF4AUtJ+UWncx9itMAWAQ= contains sample tx 1941
[2026-04-19T03:26:31.833Z INFO  worker::batch_maker] Batch AkcnH4JWxKuL0Y4jPX6r20DF4AUtJ+UWncx9itMAWAQ= contains 204800 B
[2026-04-19T03:26:31.886Z INFO  worker::batch_maker] Batch DxvsomYgI97XY34qwnBHjUyveg7z60hn1S/9W20NafA= contains sample tx 1942
[2026-04-19T03:26:31.886Z INFO  worker::batch_maker] Batch DxvsomYgI97XY34qwnBHjUyveg7z60hn1S/9W20NafA= contains 204800 B
[2026-04-19T03:26:31.938Z INFO  worker::batch_maker] Batch JQpLGQUGAdzDpZh+JyoaBhSE+rhn2ngkvMfT7+Klwks= contains sample tx 1943
[2026-04-19T03:26:31.938Z INFO  worker::batch_maker] Batch JQpLGQUGAdzDpZh+JyoaBhSE+rhn2ngkvMfT7+Klwks= contains 204800 B
[2026-04-19T03:26:31.990Z INFO  worker::batch_maker] Batch a2cfLLadJdRleFv+uQbPBqJg4jYj61jVUy/FWixwunY= contains sample tx 1944
[2026-04-19T03:26:31.990Z INFO  worker::batch_maker] Batch a2cfLLadJdRleFv+uQbPBqJg4jYj61jVUy/FWixwunY= contains 204800 B
[2026-04-19T03:26:32.043Z INFO  worker::batch_maker] Batch n7XoacYKX2N3aQPsL74f6IoI5mUHK8lfGIn2z1a+KUE= contains sample tx 1945
[2026-04-19T03:26:32.043Z INFO  worker::batch_maker] Batch n7XoacYKX2N3aQPsL74f6IoI5mUHK8lfGIn2z1a+KUE= contains 204800 B
[2026-04-19T03:26:32.096Z INFO  worker::batch_maker] Batch dY6ZfpzaIIAWdeO5GNdDgXn3nvJKJnMqd32iHnYpqDo= contains sample tx 1946
[2026-04-19T03:26:32.096Z INFO  worker::batch_maker] Batch dY6ZfpzaIIAWdeO5GNdDgXn3nvJKJnMqd32iHnYpqDo= contains 204800 B
[2026-04-19T03:26:32.149Z INFO  worker::batch_maker] Batch 6nhPkQYv5y+/nJ+n6MewLn0jeZaUwwlPAwq5aYJxaE0= contains sample tx 1947
[2026-04-19T03:26:32.149Z INFO  worker::batch_maker] Batch 6nhPkQYv5y+/nJ+n6MewLn0jeZaUwwlPAwq5aYJxaE0= contains 204800 B
[2026-04-19T03:26:32.200Z INFO  worker::batch_maker] Batch QyIC1wFZSGS3O9+HJKN4g/F5d8dNccru4+TL/5+e6uQ= contains sample tx 1948
[2026-04-19T03:26:32.200Z INFO  worker::batch_maker] Batch QyIC1wFZSGS3O9+HJKN4g/F5d8dNccru4+TL/5+e6uQ= contains 204800 B
[2026-04-19T03:26:32.254Z INFO  worker::batch_maker] Batch gaOOQfH/BGVC1xwDR5TW+eK7u7iHoYjho/bGGR6/yuw= contains sample tx 1949
[2026-04-19T03:26:32.254Z INFO  worker::batch_maker] Batch gaOOQfH/BGVC1xwDR5TW+eK7u7iHoYjho/bGGR6/yuw= contains 204800 B
[2026-04-19T03:26:32.307Z INFO  worker::batch_maker] Batch 82niBuSewEjVoFB0hu3WyYNQ5ODcCa1Gkw6vmztEdlU= contains sample tx 1950
[2026-04-19T03:26:32.307Z INFO  worker::batch_maker] Batch 82niBuSewEjVoFB0hu3WyYNQ5ODcCa1Gkw6vmztEdlU= contains 243200 B
[2026-04-19T03:26:32.359Z INFO  worker::batch_maker] Batch RZwQHO6Ybef3ejzy7fsEl8cyEE+sXeROAcezAyGi3Kw= contains sample tx 1951
[2026-04-19T03:26:32.359Z INFO  worker::batch_maker] Batch RZwQHO6Ybef3ejzy7fsEl8cyEE+sXeROAcezAyGi3Kw= contains sample tx 1952
[2026-04-19T03:26:32.359Z INFO  worker::batch_maker] Batch RZwQHO6Ybef3ejzy7fsEl8cyEE+sXeROAcezAyGi3Kw= contains 371200 B
[2026-04-19T03:26:32.411Z INFO  worker::batch_maker] Batch vNC+wOvQYJkn0F699793ovFgP7OSkuaTHimaGO8P4LQ= contains sample tx 1953
[2026-04-19T03:26:32.411Z INFO  worker::batch_maker] Batch vNC+wOvQYJkn0F699793ovFgP7OSkuaTHimaGO8P4LQ= contains 204800 B
[2026-04-19T03:26:32.466Z INFO  worker::batch_maker] Batch +v8LRpGzPoUsHdevrMHwnRCpG1+QjUQD6oFThlwFT7g= contains sample tx 1954
[2026-04-19T03:26:32.466Z INFO  worker::batch_maker] Batch +v8LRpGzPoUsHdevrMHwnRCpG1+QjUQD6oFThlwFT7g= contains 204800 B
[2026-04-19T03:26:32.519Z INFO  worker::batch_maker] Batch gl1yoWaTUxL3lEgmq4Ri0zZK7eCjprKbSB/bXr+Xr5M= contains sample tx 1955
[2026-04-19T03:26:32.519Z INFO  worker::batch_maker] Batch gl1yoWaTUxL3lEgmq4Ri0zZK7eCjprKbSB/bXr+Xr5M= contains 204800 B
[2026-04-19T03:26:32.572Z INFO  worker::batch_maker] Batch C25ZrLWmZrDW0oZQeWjbiEYERgDjVfVNInkTl0QUyxs= contains sample tx 1956
[2026-04-19T03:26:32.572Z INFO  worker::batch_maker] Batch C25ZrLWmZrDW0oZQeWjbiEYERgDjVfVNInkTl0QUyxs= contains 204800 B
[2026-04-19T03:26:32.625Z INFO  worker::batch_maker] Batch u15RX1chAPAbZ2eAwL4tFa0SsA/B0QEWoBVdmfhnVSc= contains sample tx 1957
[2026-04-19T03:26:32.625Z INFO  worker::batch_maker] Batch u15RX1chAPAbZ2eAwL4tFa0SsA/B0QEWoBVdmfhnVSc= contains 204800 B
[2026-04-19T03:26:32.678Z INFO  worker::batch_maker] Batch 6oU0wgiF2GyUBgA7CMrH/FHjhD/KBcJ02GaGIdSy7t0= contains sample tx 1958
[2026-04-19T03:26:32.678Z INFO  worker::batch_maker] Batch 6oU0wgiF2GyUBgA7CMrH/FHjhD/KBcJ02GaGIdSy7t0= contains 204800 B
[2026-04-19T03:26:32.731Z INFO  worker::batch_maker] Batch n0yRboSsqmA+dvXaoFVQPp+87G4ZPfkv3VIcPUYYIaU= contains sample tx 1959
[2026-04-19T03:26:32.731Z INFO  worker::batch_maker] Batch n0yRboSsqmA+dvXaoFVQPp+87G4ZPfkv3VIcPUYYIaU= contains 204800 B
[2026-04-19T03:26:32.784Z INFO  worker::batch_maker] Batch Wr8UxwEeWUi+hNXNuORGayM2d1ppJGFt7j6Ebm3GwcM= contains sample tx 1960
[2026-04-19T03:26:32.784Z INFO  worker::batch_maker] Batch Wr8UxwEeWUi+hNXNuORGayM2d1ppJGFt7j6Ebm3GwcM= contains 204800 B
[2026-04-19T03:26:32.838Z INFO  worker::batch_maker] Batch vgp34sQSylxxk1Xedbe3mK3HGi/xgqtrXsqVyTVjUdw= contains sample tx 1961
[2026-04-19T03:26:32.838Z INFO  worker::batch_maker] Batch vgp34sQSylxxk1Xedbe3mK3HGi/xgqtrXsqVyTVjUdw= contains 204800 B
[2026-04-19T03:26:32.891Z INFO  worker::batch_maker] Batch PJddzEAOPt9c1mAbtXUd+gNmRuCIj5VHLZaD44sQ2lk= contains sample tx 1962
[2026-04-19T03:26:32.891Z INFO  worker::batch_maker] Batch PJddzEAOPt9c1mAbtXUd+gNmRuCIj5VHLZaD44sQ2lk= contains 204800 B
[2026-04-19T03:26:32.946Z INFO  worker::batch_maker] Batch TGs6cmYcXSf1lOY5WbNM6+p/b5NXcpIzmGSlmCe9QSI= contains sample tx 1963
[2026-04-19T03:26:32.946Z INFO  worker::batch_maker] Batch TGs6cmYcXSf1lOY5WbNM6+p/b5NXcpIzmGSlmCe9QSI= contains 204800 B
[2026-04-19T03:26:32.999Z INFO  worker::batch_maker] Batch 1+9alOm064H0BvqQxewmZxzmrlACG2MSvAW6px26oeM= contains sample tx 1964
[2026-04-19T03:26:32.999Z INFO  worker::batch_maker] Batch 1+9alOm064H0BvqQxewmZxzmrlACG2MSvAW6px26oeM= contains 204800 B
[2026-04-19T03:26:33.052Z INFO  worker::batch_maker] Batch 4v2RtHoK28yTniHV78+rYItrGmdC7f0LrFFkwd0cLr4= contains sample tx 1965
[2026-04-19T03:26:33.052Z INFO  worker::batch_maker] Batch 4v2RtHoK28yTniHV78+rYItrGmdC7f0LrFFkwd0cLr4= contains 204800 B
[2026-04-19T03:26:33.105Z INFO  worker::batch_maker] Batch ISiw5IlQBCN1pGoXf96wuNoegasWOfXKnscG6JRQGE8= contains sample tx 1966
[2026-04-19T03:26:33.105Z INFO  worker::batch_maker] Batch ISiw5IlQBCN1pGoXf96wuNoegasWOfXKnscG6JRQGE8= contains 204800 B
[2026-04-19T03:26:33.158Z INFO  worker::batch_maker] Batch Zk4LnWMxRoGkysbKF0AD0kKRNpIahYlC3kdwlmjHo3A= contains sample tx 1967
[2026-04-19T03:26:33.158Z INFO  worker::batch_maker] Batch Zk4LnWMxRoGkysbKF0AD0kKRNpIahYlC3kdwlmjHo3A= contains 259584 B
[2026-04-19T03:26:33.211Z INFO  worker::batch_maker] Batch u+oSeUcVQQTPccTfX6zNS5vRg1dBbX92V5V/+QodlFo= contains sample tx 1968
[2026-04-19T03:26:33.211Z INFO  worker::batch_maker] Batch u+oSeUcVQQTPccTfX6zNS5vRg1dBbX92V5V/+QodlFo= contains sample tx 1969
[2026-04-19T03:26:33.211Z INFO  worker::batch_maker] Batch u+oSeUcVQQTPccTfX6zNS5vRg1dBbX92V5V/+QodlFo= contains 354816 B
[2026-04-19T03:26:33.264Z INFO  worker::batch_maker] Batch fgiTROzWGiwdWXskIInRZI5n/ZEyVb6v6Ttmz2De2uc= contains sample tx 1970
[2026-04-19T03:26:33.264Z INFO  worker::batch_maker] Batch fgiTROzWGiwdWXskIInRZI5n/ZEyVb6v6Ttmz2De2uc= contains 204800 B
[2026-04-19T03:26:33.318Z INFO  worker::batch_maker] Batch UWWmn9yn+F3ZvlryhJXIYSSO12a8hFC/Xwzm+sOSVsk= contains sample tx 1971
[2026-04-19T03:26:33.318Z INFO  worker::batch_maker] Batch UWWmn9yn+F3ZvlryhJXIYSSO12a8hFC/Xwzm+sOSVsk= contains 204800 B
[2026-04-19T03:26:33.371Z INFO  worker::batch_maker] Batch E4gmCK1lT2p5NfKf5dY04A4YFNXxnS1d1JbP+ftyy6E= contains sample tx 1972
[2026-04-19T03:26:33.371Z INFO  worker::batch_maker] Batch E4gmCK1lT2p5NfKf5dY04A4YFNXxnS1d1JbP+ftyy6E= contains 204800 B
[2026-04-19T03:26:33.424Z INFO  worker::batch_maker] Batch cNXHTD0eG15QgVRIoGmx9jKIM2TI0XTzKRbtz3/E82U= contains sample tx 1973
[2026-04-19T03:26:33.424Z INFO  worker::batch_maker] Batch cNXHTD0eG15QgVRIoGmx9jKIM2TI0XTzKRbtz3/E82U= contains 204800 B
[2026-04-19T03:26:33.478Z INFO  worker::batch_maker] Batch qzQDUCIO+/MwfYJIZKNDr1E1F9qfeAPqmOv/j1FEBuQ= contains 191488 B
[2026-04-19T03:26:33.532Z INFO  worker::batch_maker] Batch LFoxRbkPfo9ufmMOpZ6jDAptJ/xykfGce4dEzY4FOHw= contains sample tx 1974
[2026-04-19T03:26:33.532Z INFO  worker::batch_maker] Batch LFoxRbkPfo9ufmMOpZ6jDAptJ/xykfGce4dEzY4FOHw= contains sample tx 1975
[2026-04-19T03:26:33.532Z INFO  worker::batch_maker] Batch LFoxRbkPfo9ufmMOpZ6jDAptJ/xykfGce4dEzY4FOHw= contains 218112 B
[2026-04-19T03:26:33.584Z INFO  worker::batch_maker] Batch 5xFSdxmM8D28fw2bhkoAMNikhdmbVQh4Dxfj8j68hrg= contains sample tx 1976
[2026-04-19T03:26:33.588Z INFO  worker::batch_maker] Batch 5xFSdxmM8D28fw2bhkoAMNikhdmbVQh4Dxfj8j68hrg= contains 204800 B
[2026-04-19T03:26:33.642Z INFO  worker::batch_maker] Batch TxUaL6AXy0geIG7vNnDUPgjffd+j2wvUlWIhMDCXKaE= contains sample tx 1977
[2026-04-19T03:26:33.642Z INFO  worker::batch_maker] Batch TxUaL6AXy0geIG7vNnDUPgjffd+j2wvUlWIhMDCXKaE= contains 204800 B
[2026-04-19T03:26:33.696Z INFO  worker::batch_maker] Batch ZYaTwZXVR21LTxJi9LrDkzR0UyR1ErVoM7wE3taa0Jg= contains sample tx 1978
[2026-04-19T03:26:33.696Z INFO  worker::batch_maker] Batch ZYaTwZXVR21LTxJi9LrDkzR0UyR1ErVoM7wE3taa0Jg= contains 204800 B
[2026-04-19T03:26:33.748Z INFO  worker::batch_maker] Batch RIRMSfVCeTOxj0VsNA7ZmFMuBU23r0hM1/HZisE+dcQ= contains sample tx 1979
[2026-04-19T03:26:33.755Z INFO  worker::batch_maker] Batch RIRMSfVCeTOxj0VsNA7ZmFMuBU23r0hM1/HZisE+dcQ= contains 204800 B
[2026-04-19T03:26:33.809Z INFO  worker::batch_maker] Batch kR7n7lWdsiwF+G+cWGkcrNSr9jqxwP/IKUxa219uJzY= contains sample tx 1980
[2026-04-19T03:26:33.809Z INFO  worker::batch_maker] Batch kR7n7lWdsiwF+G+cWGkcrNSr9jqxwP/IKUxa219uJzY= contains 314880 B
[2026-04-19T03:26:33.863Z INFO  worker::batch_maker] Batch 4wll5LwYIgzEPG7o8fEkr1u3SkWqLjbbXo4QYZMs9CA= contains sample tx 1981
[2026-04-19T03:26:33.863Z INFO  worker::batch_maker] Batch 4wll5LwYIgzEPG7o8fEkr1u3SkWqLjbbXo4QYZMs9CA= contains sample tx 1982
[2026-04-19T03:26:33.863Z INFO  worker::batch_maker] Batch 4wll5LwYIgzEPG7o8fEkr1u3SkWqLjbbXo4QYZMs9CA= contains 299520 B
[2026-04-19T03:26:33.916Z INFO  worker::batch_maker] Batch zEKrmPDndj58LNuZiQ8IN2KU9bzJHi+Sv7vJnHy5rFw= contains sample tx 1983
[2026-04-19T03:26:33.916Z INFO  worker::batch_maker] Batch zEKrmPDndj58LNuZiQ8IN2KU9bzJHi+Sv7vJnHy5rFw= contains 204800 B
[2026-04-19T03:26:33.970Z INFO  worker::batch_maker] Batch c5hX+foPwVy0XIvrT9bGHd733JfoPIMbiGAgH48Z4qk= contains sample tx 1984
[2026-04-19T03:26:33.970Z INFO  worker::batch_maker] Batch c5hX+foPwVy0XIvrT9bGHd733JfoPIMbiGAgH48Z4qk= contains 204800 B
[2026-04-19T03:26:34.024Z INFO  worker::batch_maker] Batch hmlO3K+TvTtGLFokE41NHZNsjpS1+tuah/UsjB8kP4I= contains sample tx 1985
[2026-04-19T03:26:34.025Z INFO  worker::batch_maker] Batch hmlO3K+TvTtGLFokE41NHZNsjpS1+tuah/UsjB8kP4I= contains 204800 B
[2026-04-19T03:26:34.077Z INFO  worker::batch_maker] Batch ewqSgOroA7w+/m8/8QM/QTKGwnHadn2+UhKRsookm+0= contains sample tx 1986
[2026-04-19T03:26:34.077Z INFO  worker::batch_maker] Batch ewqSgOroA7w+/m8/8QM/QTKGwnHadn2+UhKRsookm+0= contains 204800 B
[2026-04-19T03:26:34.129Z INFO  worker::batch_maker] Batch OxLxiHtNttAKIPhoVTsNygs3VUI8xuDeAqdSL9xymeE= contains sample tx 1987
[2026-04-19T03:26:34.129Z INFO  worker::batch_maker] Batch OxLxiHtNttAKIPhoVTsNygs3VUI8xuDeAqdSL9xymeE= contains 204800 B
[2026-04-19T03:26:34.183Z INFO  worker::batch_maker] Batch ZXuery84r4nMzF3S4RsDFWREBMP+6TdLjT0FJI6C9TQ= contains sample tx 1988
[2026-04-19T03:26:34.183Z INFO  worker::batch_maker] Batch ZXuery84r4nMzF3S4RsDFWREBMP+6TdLjT0FJI6C9TQ= contains 204800 B
[2026-04-19T03:26:34.236Z INFO  worker::batch_maker] Batch vD/Ju5J6+YK7qv2t2cIt9IneIgKWso9Oi/cW6fKv9Rc= contains sample tx 1989
[2026-04-19T03:26:34.236Z INFO  worker::batch_maker] Batch vD/Ju5J6+YK7qv2t2cIt9IneIgKWso9Oi/cW6fKv9Rc= contains 204800 B
[2026-04-19T03:26:34.288Z INFO  worker::batch_maker] Batch DzmKLWoFBmGfspRhkV+07Aq8BMfkDBUJzLmYbKmnIkM= contains sample tx 1990
[2026-04-19T03:26:34.288Z INFO  worker::batch_maker] Batch DzmKLWoFBmGfspRhkV+07Aq8BMfkDBUJzLmYbKmnIkM= contains 204800 B
[2026-04-19T03:26:34.341Z INFO  worker::batch_maker] Batch gJ6HILjzdh+Xl3Nyo29lzzDrGVifaoLxwqQP8y/xjUQ= contains sample tx 1991
[2026-04-19T03:26:34.341Z INFO  worker::batch_maker] Batch gJ6HILjzdh+Xl3Nyo29lzzDrGVifaoLxwqQP8y/xjUQ= contains 204800 B
[2026-04-19T03:26:34.392Z INFO  worker::batch_maker] Batch 9q+f2kBxU736mdWu/hFGc5SPN+4k/qEv/BK5LllxRHQ= contains sample tx 1992
[2026-04-19T03:26:34.392Z INFO  worker::batch_maker] Batch 9q+f2kBxU736mdWu/hFGc5SPN+4k/qEv/BK5LllxRHQ= contains 204800 B
[2026-04-19T03:26:34.446Z INFO  worker::batch_maker] Batch xfCjTBL+Sh+KDcsT0LudspWsPTu5PnTMWNH/chfd5KU= contains sample tx 1993
[2026-04-19T03:26:34.446Z INFO  worker::batch_maker] Batch xfCjTBL+Sh+KDcsT0LudspWsPTu5PnTMWNH/chfd5KU= contains 204800 B
[2026-04-19T03:26:34.500Z INFO  worker::batch_maker] Batch GiWMCQzcftapc/R2aFY2AGo/CUJFoXBm8dFa4phj10M= contains sample tx 1994
[2026-04-19T03:26:34.500Z INFO  worker::batch_maker] Batch GiWMCQzcftapc/R2aFY2AGo/CUJFoXBm8dFa4phj10M= contains 204800 B
[2026-04-19T03:26:34.554Z INFO  worker::batch_maker] Batch 1bdvmAVxG8WkHrtO5yITSheNVMe9oqZcojucU/rdnuw= contains sample tx 1995
[2026-04-19T03:26:34.554Z INFO  worker::batch_maker] Batch 1bdvmAVxG8WkHrtO5yITSheNVMe9oqZcojucU/rdnuw= contains 204800 B
[2026-04-19T03:26:34.608Z INFO  worker::batch_maker] Batch ly87Ni8YnHguoWrZvGhF/D7Mf7is3iwU0KlfMFgtsF0= contains sample tx 1996
[2026-04-19T03:26:34.608Z INFO  worker::batch_maker] Batch ly87Ni8YnHguoWrZvGhF/D7Mf7is3iwU0KlfMFgtsF0= contains 365568 B
[2026-04-19T03:26:34.662Z INFO  worker::batch_maker] Batch zHkd7A3dFuKMTvRg5S9RlUBlqqHYPLoH88XnXUCKZWM= contains sample tx 1997
[2026-04-19T03:26:34.662Z INFO  worker::batch_maker] Batch zHkd7A3dFuKMTvRg5S9RlUBlqqHYPLoH88XnXUCKZWM= contains sample tx 1998
[2026-04-19T03:26:34.662Z INFO  worker::batch_maker] Batch zHkd7A3dFuKMTvRg5S9RlUBlqqHYPLoH88XnXUCKZWM= contains 248832 B
[2026-04-19T03:26:34.714Z INFO  worker::batch_maker] Batch 3bM00KiIk7q23y86Amh4IdMnEFYo+RE9PtYEHRxwD28= contains sample tx 1999
[2026-04-19T03:26:34.714Z INFO  worker::batch_maker] Batch 3bM00KiIk7q23y86Amh4IdMnEFYo+RE9PtYEHRxwD28= contains 204800 B
[2026-04-19T03:26:34.766Z INFO  worker::batch_maker] Batch cp4uhp2ycGDGgZ5dYcEy3/3dg/Ykb0c1WIY31qlAn/k= contains sample tx 2000
[2026-04-19T03:26:34.766Z INFO  worker::batch_maker] Batch cp4uhp2ycGDGgZ5dYcEy3/3dg/Ykb0c1WIY31qlAn/k= contains 204800 B
[2026-04-19T03:26:34.819Z INFO  worker::batch_maker] Batch vESnOHwkvpWVmVFQ+xXa7mUxN9qWwZxLTorekMM9FXs= contains sample tx 2001
[2026-04-19T03:26:34.819Z INFO  worker::batch_maker] Batch vESnOHwkvpWVmVFQ+xXa7mUxN9qWwZxLTorekMM9FXs= contains 204800 B
[2026-04-19T03:26:34.871Z INFO  worker::batch_maker] Batch M/SuuOYJWhlRZPoL7qV5d1triG6Ri5P5zXHlGaH9Cnk= contains sample tx 2002
[2026-04-19T03:26:34.871Z INFO  worker::batch_maker] Batch M/SuuOYJWhlRZPoL7qV5d1triG6Ri5P5zXHlGaH9Cnk= contains 204800 B
[2026-04-19T03:26:34.922Z INFO  worker::batch_maker] Batch u8SmxyrHASduATFHsaEJ1B4mFd8jLhsRjwHodcMyNv4= contains sample tx 2003
[2026-04-19T03:26:34.922Z INFO  worker::batch_maker] Batch u8SmxyrHASduATFHsaEJ1B4mFd8jLhsRjwHodcMyNv4= contains 204800 B
[2026-04-19T03:26:34.975Z INFO  worker::batch_maker] Batch Jl5kFv7uFvrrLlQ/i/we2IA0u7CsoBAv3/MF+RfTe1I= contains sample tx 2004
[2026-04-19T03:26:34.975Z INFO  worker::batch_maker] Batch Jl5kFv7uFvrrLlQ/i/we2IA0u7CsoBAv3/MF+RfTe1I= contains 204800 B
[2026-04-19T03:26:35.028Z INFO  worker::batch_maker] Batch QCvhdTedn3B+8vyfHEm2sZLp90XymWiWFsS9PkkNoak= contains sample tx 2005
[2026-04-19T03:26:35.028Z INFO  worker::batch_maker] Batch QCvhdTedn3B+8vyfHEm2sZLp90XymWiWFsS9PkkNoak= contains 204800 B
[2026-04-19T03:26:35.080Z INFO  worker::batch_maker] Batch QSs6Obj4tlzRD5ucuhW+zPHxVW9xxaWICMCP2kd6hBw= contains sample tx 2006
[2026-04-19T03:26:35.080Z INFO  worker::batch_maker] Batch QSs6Obj4tlzRD5ucuhW+zPHxVW9xxaWICMCP2kd6hBw= contains 204800 B
[2026-04-19T03:26:35.133Z INFO  worker::batch_maker] Batch 4RHTS3oU+72aR58dZ85kgZjj2xtFudRMDG/iqnhJl70= contains sample tx 2007
[2026-04-19T03:26:35.133Z INFO  worker::batch_maker] Batch 4RHTS3oU+72aR58dZ85kgZjj2xtFudRMDG/iqnhJl70= contains 204800 B
[2026-04-19T03:26:35.185Z INFO  worker::batch_maker] Batch kecJcIzKf9bV1byJxr90+C0/b+DkOh+Zhj/KporAatE= contains sample tx 2008
[2026-04-19T03:26:35.185Z INFO  worker::batch_maker] Batch kecJcIzKf9bV1byJxr90+C0/b+DkOh+Zhj/KporAatE= contains 204800 B
[2026-04-19T03:26:35.237Z INFO  worker::batch_maker] Batch yOlgzv8eWn00L35J7KI35rzrl6lm/KOBRqUau0JyUrY= contains sample tx 2009
[2026-04-19T03:26:35.237Z INFO  worker::batch_maker] Batch yOlgzv8eWn00L35J7KI35rzrl6lm/KOBRqUau0JyUrY= contains 204800 B
[2026-04-19T03:26:35.290Z INFO  worker::batch_maker] Batch nGWDUPfkVBh377Pwdjv1vmP0hlzLSo2+y7wH6kfJqDQ= contains sample tx 2010
[2026-04-19T03:26:35.290Z INFO  worker::batch_maker] Batch nGWDUPfkVBh377Pwdjv1vmP0hlzLSo2+y7wH6kfJqDQ= contains 204800 B
[2026-04-19T03:26:35.343Z INFO  worker::batch_maker] Batch Xgq6Ywe0Jq+AxjUMz31S0/SWoVHomELSGB0sHo3/+Fg= contains sample tx 2011
[2026-04-19T03:26:35.343Z INFO  worker::batch_maker] Batch Xgq6Ywe0Jq+AxjUMz31S0/SWoVHomELSGB0sHo3/+Fg= contains 204800 B
[2026-04-19T03:26:35.395Z INFO  worker::batch_maker] Batch HpjosALQJP0mqxSChEmZFr2Od7vMzMyWdWj8QAy6i6Y= contains sample tx 2012
[2026-04-19T03:26:35.395Z INFO  worker::batch_maker] Batch HpjosALQJP0mqxSChEmZFr2Od7vMzMyWdWj8QAy6i6Y= contains 204800 B
[2026-04-19T03:26:35.449Z INFO  worker::batch_maker] Batch +B+FMEN3TbhlNnihkUguryHBmw+Co0VyMvIIdhVtEtk= contains sample tx 2013
[2026-04-19T03:26:35.449Z INFO  worker::batch_maker] Batch +B+FMEN3TbhlNnihkUguryHBmw+Co0VyMvIIdhVtEtk= contains 204800 B
[2026-04-19T03:26:35.502Z INFO  worker::batch_maker] Batch sNB9fwtfA8WW0mqzqcqMSl78Do5xvUJuWVZ4wjdny7s= contains sample tx 2014
[2026-04-19T03:26:35.502Z INFO  worker::batch_maker] Batch sNB9fwtfA8WW0mqzqcqMSl78Do5xvUJuWVZ4wjdny7s= contains 204800 B
[2026-04-19T03:26:35.556Z INFO  worker::batch_maker] Batch PGSapeZ+t3TUE7AjfDsJ6GGlsDdq8VvQVVKoXlXilPo= contains sample tx 2015
[2026-04-19T03:26:35.556Z INFO  worker::batch_maker] Batch PGSapeZ+t3TUE7AjfDsJ6GGlsDdq8VvQVVKoXlXilPo= contains 204800 B
[2026-04-19T03:26:35.612Z INFO  worker::batch_maker] Batch Ik9Ofp9iBQCoIfbuPgFOqydDbdNzKtYRF5gLR+rLg+w= contains sample tx 2016
[2026-04-19T03:26:35.612Z INFO  worker::batch_maker] Batch Ik9Ofp9iBQCoIfbuPgFOqydDbdNzKtYRF5gLR+rLg+w= contains sample tx 2017
[2026-04-19T03:26:35.612Z INFO  worker::batch_maker] Batch Ik9Ofp9iBQCoIfbuPgFOqydDbdNzKtYRF5gLR+rLg+w= contains 408064 B
[2026-04-19T03:26:35.665Z INFO  worker::batch_maker] Batch NdujlKSa0/3ZDbl4nFcsUUH5ZvQR4DX9hI2t+je8FF4= contains sample tx 2018
[2026-04-19T03:26:35.665Z INFO  worker::batch_maker] Batch NdujlKSa0/3ZDbl4nFcsUUH5ZvQR4DX9hI2t+je8FF4= contains 206336 B
[2026-04-19T03:26:35.717Z INFO  worker::batch_maker] Batch BjJQK/YxhjsbT+GKxpT9HW4m2gP/3kLn8KnUScQLG6I= contains sample tx 2019
[2026-04-19T03:26:35.717Z INFO  worker::batch_maker] Batch BjJQK/YxhjsbT+GKxpT9HW4m2gP/3kLn8KnUScQLG6I= contains 204800 B
[2026-04-19T03:26:35.769Z INFO  worker::batch_maker] Batch DQSaJ1l3HF4xdloY1YOy0OA2fnyt7t+Amaz+cnrucwo= contains sample tx 2020
[2026-04-19T03:26:35.769Z INFO  worker::batch_maker] Batch DQSaJ1l3HF4xdloY1YOy0OA2fnyt7t+Amaz+cnrucwo= contains 204800 B
[2026-04-19T03:26:35.821Z INFO  worker::batch_maker] Batch F1pKSjzsz1rf8/sKavJTkx69IM7NuCgj1+hBpZwTiHU= contains sample tx 2021
[2026-04-19T03:26:35.821Z INFO  worker::batch_maker] Batch F1pKSjzsz1rf8/sKavJTkx69IM7NuCgj1+hBpZwTiHU= contains 204800 B
[2026-04-19T03:26:35.873Z INFO  worker::batch_maker] Batch T3kyMNnuDTm1ilJE/1Bggk1u4f1TLevfVdwk+orD7R0= contains sample tx 2022
[2026-04-19T03:26:35.873Z INFO  worker::batch_maker] Batch T3kyMNnuDTm1ilJE/1Bggk1u4f1TLevfVdwk+orD7R0= contains 204800 B
[2026-04-19T03:26:35.926Z INFO  worker::batch_maker] Batch 4O+yCbIEGIE8ACbj/3qdJVOnwsgmCsulLxPEB9zVAuA= contains sample tx 2023
[2026-04-19T03:26:35.926Z INFO  worker::batch_maker] Batch 4O+yCbIEGIE8ACbj/3qdJVOnwsgmCsulLxPEB9zVAuA= contains 204800 B
[2026-04-19T03:26:35.978Z INFO  worker::batch_maker] Batch IYdnpAcvB8dwtxwy/cYG/IwGDFX/DJzEy/gAUM1xcGM= contains sample tx 2024
[2026-04-19T03:26:35.979Z INFO  worker::batch_maker] Batch IYdnpAcvB8dwtxwy/cYG/IwGDFX/DJzEy/gAUM1xcGM= contains 204800 B
[2026-04-19T03:26:36.032Z INFO  worker::batch_maker] Batch gfOH+Lu9ewvVrOJ5bjq3ldhXNCGbhtuN1fUgewoj8uI= contains sample tx 2025
[2026-04-19T03:26:36.032Z INFO  worker::batch_maker] Batch gfOH+Lu9ewvVrOJ5bjq3ldhXNCGbhtuN1fUgewoj8uI= contains 204800 B
[2026-04-19T03:26:36.084Z INFO  worker::batch_maker] Batch LrfSTiBmDzDIzePDu7iYvlRphyy+tBfkcrpuNFApigc= contains sample tx 2026
[2026-04-19T03:26:36.084Z INFO  worker::batch_maker] Batch LrfSTiBmDzDIzePDu7iYvlRphyy+tBfkcrpuNFApigc= contains 204800 B
[2026-04-19T03:26:36.136Z INFO  worker::batch_maker] Batch AGihTas/MGSJwlGW8ZovAb8ELWwueBqoVi8CS05M83k= contains sample tx 2027
[2026-04-19T03:26:36.136Z INFO  worker::batch_maker] Batch AGihTas/MGSJwlGW8ZovAb8ELWwueBqoVi8CS05M83k= contains 204800 B
[2026-04-19T03:26:36.189Z INFO  worker::batch_maker] Batch lrXR0V2+oy6kJGHl4PHnBLFwmOqVRLLpJeW3XsxX7yU= contains sample tx 2028
[2026-04-19T03:26:36.189Z INFO  worker::batch_maker] Batch lrXR0V2+oy6kJGHl4PHnBLFwmOqVRLLpJeW3XsxX7yU= contains 204800 B
[2026-04-19T03:26:36.241Z INFO  worker::batch_maker] Batch XwXcxJcCHLn5u0u+Zwhs0X48CSnBOU+/yS2tXCW6sIU= contains sample tx 2029
[2026-04-19T03:26:36.241Z INFO  worker::batch_maker] Batch XwXcxJcCHLn5u0u+Zwhs0X48CSnBOU+/yS2tXCW6sIU= contains 204800 B
[2026-04-19T03:26:36.293Z INFO  worker::batch_maker] Batch Oay+KjunEQSS+SAR+sDqPnwfgAVN/8EVvpy1RX5zw+k= contains sample tx 2030
[2026-04-19T03:26:36.293Z INFO  worker::batch_maker] Batch Oay+KjunEQSS+SAR+sDqPnwfgAVN/8EVvpy1RX5zw+k= contains 204800 B
[2026-04-19T03:26:36.346Z INFO  worker::batch_maker] Batch nNQ1vQYe4Eeaapvlb1crPKAKejwN92A2SFmt6C3ojMo= contains sample tx 2031
[2026-04-19T03:26:36.346Z INFO  worker::batch_maker] Batch nNQ1vQYe4Eeaapvlb1crPKAKejwN92A2SFmt6C3ojMo= contains 204800 B
[2026-04-19T03:26:36.398Z INFO  worker::batch_maker] Batch E/LtaAMmgs1Xl6XdfWLjFGeYcg0zw2HaK/QB7wuLmyg= contains sample tx 2032
[2026-04-19T03:26:36.398Z INFO  worker::batch_maker] Batch E/LtaAMmgs1Xl6XdfWLjFGeYcg0zw2HaK/QB7wuLmyg= contains 204800 B
[2026-04-19T03:26:36.449Z INFO  worker::batch_maker] Batch IUMT9dUhJw6oh24iewQy8cqYjIjqdm6jRXV3khKvSe4= contains sample tx 2033
[2026-04-19T03:26:36.449Z INFO  worker::batch_maker] Batch IUMT9dUhJw6oh24iewQy8cqYjIjqdm6jRXV3khKvSe4= contains 204800 B
[2026-04-19T03:26:36.502Z INFO  worker::batch_maker] Batch Ogmn+O4n+J60NX1ATYK6pBKsrDum891EhRvZdz58qvg= contains sample tx 2034
[2026-04-19T03:26:36.502Z INFO  worker::batch_maker] Batch Ogmn+O4n+J60NX1ATYK6pBKsrDum891EhRvZdz58qvg= contains 204800 B
[2026-04-19T03:26:36.555Z INFO  worker::batch_maker] Batch /ubtCn+oogfW90SUxtI4TSZrdT6HQNwuMJn3TI/1egI= contains sample tx 2035
[2026-04-19T03:26:36.555Z INFO  worker::batch_maker] Batch /ubtCn+oogfW90SUxtI4TSZrdT6HQNwuMJn3TI/1egI= contains 204800 B
[2026-04-19T03:26:36.607Z INFO  worker::batch_maker] Batch 0RYuwqVHrrt7Y1g1WXiiA8O49Gr6PN7O3Km+23xeG04= contains sample tx 2036
[2026-04-19T03:26:36.607Z INFO  worker::batch_maker] Batch 0RYuwqVHrrt7Y1g1WXiiA8O49Gr6PN7O3Km+23xeG04= contains sample tx 2037
[2026-04-19T03:26:36.607Z INFO  worker::batch_maker] Batch 0RYuwqVHrrt7Y1g1WXiiA8O49Gr6PN7O3Km+23xeG04= contains 229888 B
[2026-04-19T03:26:36.661Z INFO  worker::batch_maker] Batch zi2F4Cd5+zUjBZnN+bjEACMD+MhlsBj/Ik+CJRUlo04= contains sample tx 2038
[2026-04-19T03:26:36.661Z INFO  worker::batch_maker] Batch zi2F4Cd5+zUjBZnN+bjEACMD+MhlsBj/Ik+CJRUlo04= contains 384512 B
[2026-04-19T03:26:36.713Z INFO  worker::batch_maker] Batch uBp6C/5LXjVr34y9akUBUrwiRVFvij0WHuHx5amVdfY= contains sample tx 2039
[2026-04-19T03:26:36.713Z INFO  worker::batch_maker] Batch uBp6C/5LXjVr34y9akUBUrwiRVFvij0WHuHx5amVdfY= contains 204800 B
[2026-04-19T03:26:36.765Z INFO  worker::batch_maker] Batch voJ5lRbVlECBEEoHqBalpvQnjYwmnmxv+eQ9HTYJriI= contains sample tx 2040
[2026-04-19T03:26:36.765Z INFO  worker::batch_maker] Batch voJ5lRbVlECBEEoHqBalpvQnjYwmnmxv+eQ9HTYJriI= contains 204800 B
[2026-04-19T03:26:36.818Z INFO  worker::batch_maker] Batch UN4ANFmHq73zEixbVvJLsv/E2ycuhfOqGX2yCbcYyKM= contains sample tx 2041
[2026-04-19T03:26:36.818Z INFO  worker::batch_maker] Batch UN4ANFmHq73zEixbVvJLsv/E2ycuhfOqGX2yCbcYyKM= contains 204800 B
[2026-04-19T03:26:36.872Z INFO  worker::batch_maker] Batch QLLxhpSKbZaRAKo+b17V+uMe6G4MBMiktUaevJCTOG8= contains sample tx 2042
[2026-04-19T03:26:36.872Z INFO  worker::batch_maker] Batch QLLxhpSKbZaRAKo+b17V+uMe6G4MBMiktUaevJCTOG8= contains 204800 B
[2026-04-19T03:26:36.924Z INFO  worker::batch_maker] Batch pxj20xFuLB0nF1QDwrmaI6Qw28TLOG8uDRxKrkm4vQU= contains sample tx 2043
[2026-04-19T03:26:36.924Z INFO  worker::batch_maker] Batch pxj20xFuLB0nF1QDwrmaI6Qw28TLOG8uDRxKrkm4vQU= contains 204800 B
[2026-04-19T03:26:36.976Z INFO  worker::batch_maker] Batch 6/6fg+E0WeUxhzUmzvFZLz+MyIwANUlyFF78J60RZN0= contains sample tx 2044
[2026-04-19T03:26:36.976Z INFO  worker::batch_maker] Batch 6/6fg+E0WeUxhzUmzvFZLz+MyIwANUlyFF78J60RZN0= contains 204800 B
[2026-04-19T03:26:37.028Z INFO  worker::batch_maker] Batch p0M6NUGWdY9d9qwglY2IJ06xMfwKsbM4fiorr2bKqrY= contains sample tx 2045
[2026-04-19T03:26:37.028Z INFO  worker::batch_maker] Batch p0M6NUGWdY9d9qwglY2IJ06xMfwKsbM4fiorr2bKqrY= contains 204800 B
[2026-04-19T03:26:37.080Z INFO  worker::batch_maker] Batch lkHrb/TyC0oPiMkfpZLuZNQsVttp5XYPATRFLjoAymU= contains sample tx 2046
[2026-04-19T03:26:37.080Z INFO  worker::batch_maker] Batch lkHrb/TyC0oPiMkfpZLuZNQsVttp5XYPATRFLjoAymU= contains 204800 B
[2026-04-19T03:26:37.132Z INFO  worker::batch_maker] Batch vIeQEk4bHS54pHgStJ2r1dXF2mycutycgJV9VYFlhVQ= contains sample tx 2047
[2026-04-19T03:26:37.132Z INFO  worker::batch_maker] Batch vIeQEk4bHS54pHgStJ2r1dXF2mycutycgJV9VYFlhVQ= contains 204800 B
[2026-04-19T03:26:37.187Z INFO  worker::batch_maker] Batch lg0kbe6bbSdXAknMAKIj0efPeGRQKns7i3NaBGp+dFg= contains sample tx 2048
[2026-04-19T03:26:37.187Z INFO  worker::batch_maker] Batch lg0kbe6bbSdXAknMAKIj0efPeGRQKns7i3NaBGp+dFg= contains 204800 B
[2026-04-19T03:26:37.240Z INFO  worker::batch_maker] Batch y6Fn/thC9VlUUf+f5suKJWbpyVLA0s2F5lWbzKzlCuk= contains sample tx 2049
[2026-04-19T03:26:37.240Z INFO  worker::batch_maker] Batch y6Fn/thC9VlUUf+f5suKJWbpyVLA0s2F5lWbzKzlCuk= contains 204800 B
[2026-04-19T03:26:37.293Z INFO  worker::batch_maker] Batch qdMsCTR5Wr2BWrP8ZvkuZbOaC2AJIxizSkHN7FSgLOc= contains sample tx 2050
[2026-04-19T03:26:37.293Z INFO  worker::batch_maker] Batch qdMsCTR5Wr2BWrP8ZvkuZbOaC2AJIxizSkHN7FSgLOc= contains 204800 B
[2026-04-19T03:26:37.344Z INFO  worker::batch_maker] Batch OjiftBks1HkPCfxVID4YE4/NGBLfrB0ePt5sfXSTFtc= contains sample tx 2051
[2026-04-19T03:26:37.344Z INFO  worker::batch_maker] Batch OjiftBks1HkPCfxVID4YE4/NGBLfrB0ePt5sfXSTFtc= contains 204800 B
[2026-04-19T03:26:37.397Z INFO  worker::batch_maker] Batch 2qeNh38GmxexDtbgNtS9Bd47wH44YLU1txIPiXjNMZA= contains sample tx 2052
[2026-04-19T03:26:37.397Z INFO  worker::batch_maker] Batch 2qeNh38GmxexDtbgNtS9Bd47wH44YLU1txIPiXjNMZA= contains 204800 B
[2026-04-19T03:26:37.450Z INFO  worker::batch_maker] Batch 2I57tNgvgOtvAqd/eXhYc7fICPdyGAEscsbnw9iSO/k= contains sample tx 2053
[2026-04-19T03:26:37.450Z INFO  worker::batch_maker] Batch 2I57tNgvgOtvAqd/eXhYc7fICPdyGAEscsbnw9iSO/k= contains 204800 B
[2026-04-19T03:26:37.501Z INFO  worker::batch_maker] Batch yIMeI152nNTwE47j67/HvFcXe2y6Kwzcdxvdx01JZOk= contains sample tx 2054
[2026-04-19T03:26:37.501Z INFO  worker::batch_maker] Batch yIMeI152nNTwE47j67/HvFcXe2y6Kwzcdxvdx01JZOk= contains 204800 B
[2026-04-19T03:26:37.554Z INFO  worker::batch_maker] Batch v+d6660D5UIhTbGGo7/iaNBytN9451XU+wdtyPwGxjE= contains sample tx 2055
[2026-04-19T03:26:37.554Z INFO  worker::batch_maker] Batch v+d6660D5UIhTbGGo7/iaNBytN9451XU+wdtyPwGxjE= contains 204800 B
[2026-04-19T03:26:37.605Z INFO  worker::batch_maker] Batch ZnCs4o5C0pBggEfBAhEBh3BK45rP+Xr4O1l61s7e0M0= contains sample tx 2056
[2026-04-19T03:26:37.605Z INFO  worker::batch_maker] Batch ZnCs4o5C0pBggEfBAhEBh3BK45rP+Xr4O1l61s7e0M0= contains sample tx 2057
[2026-04-19T03:26:37.605Z INFO  worker::batch_maker] Batch ZnCs4o5C0pBggEfBAhEBh3BK45rP+Xr4O1l61s7e0M0= contains 237056 B
[2026-04-19T03:26:37.658Z INFO  worker::batch_maker] Batch 3Ak6aaDd1f2fs2S0USl2nPw4L46Ll9BMYwedcJSM+kk= contains sample tx 2058
[2026-04-19T03:26:37.658Z INFO  worker::batch_maker] Batch 3Ak6aaDd1f2fs2S0USl2nPw4L46Ll9BMYwedcJSM+kk= contains 205824 B
[2026-04-19T03:26:37.710Z INFO  worker::batch_maker] Batch 3lx6rsxI6PKnuo2CojyrL/wezIDBEtzfbTzuUghxEVY= contains 181248 B
[2026-04-19T03:26:37.763Z INFO  worker::batch_maker] Batch 8iuMOUKKLJtiu10C9RALidKrlZMAlXWIqRlzamDzUJA= contains sample tx 2059
[2026-04-19T03:26:37.763Z INFO  worker::batch_maker] Batch 8iuMOUKKLJtiu10C9RALidKrlZMAlXWIqRlzamDzUJA= contains sample tx 2060
[2026-04-19T03:26:37.763Z INFO  worker::batch_maker] Batch 8iuMOUKKLJtiu10C9RALidKrlZMAlXWIqRlzamDzUJA= contains 399872 B
[2026-04-19T03:26:37.815Z INFO  worker::batch_maker] Batch hLEtEsWURIa3YMOZgtBjl2ZHBllXHzDRz7O3vnepq9s= contains sample tx 2061
[2026-04-19T03:26:37.815Z INFO  worker::batch_maker] Batch hLEtEsWURIa3YMOZgtBjl2ZHBllXHzDRz7O3vnepq9s= contains 204800 B
[2026-04-19T03:26:37.868Z INFO  worker::batch_maker] Batch Bmx3O31l42dKC1hBu3j+ndcK3+QOhQmAGC3jm5RF3uk= contains sample tx 2062
[2026-04-19T03:26:37.868Z INFO  worker::batch_maker] Batch Bmx3O31l42dKC1hBu3j+ndcK3+QOhQmAGC3jm5RF3uk= contains 204800 B
[2026-04-19T03:26:37.921Z INFO  worker::batch_maker] Batch WOQcbGNutwXxuRALoTLVXW+0MVSqGGBl/QHvmN3ZDyU= contains sample tx 2063
[2026-04-19T03:26:37.921Z INFO  worker::batch_maker] Batch WOQcbGNutwXxuRALoTLVXW+0MVSqGGBl/QHvmN3ZDyU= contains 204800 B
[2026-04-19T03:26:37.973Z INFO  worker::batch_maker] Batch ExFVcMurVGjNfUvRQXcPGzmnQfUPdtA7ITLcNKbRoCU= contains sample tx 2064
[2026-04-19T03:26:37.973Z INFO  worker::batch_maker] Batch ExFVcMurVGjNfUvRQXcPGzmnQfUPdtA7ITLcNKbRoCU= contains 204800 B
[2026-04-19T03:26:38.025Z INFO  worker::batch_maker] Batch B19CSbsoionip+oi0xdgYS5wj9ikXS8D33iQrKdKZFU= contains sample tx 2065
[2026-04-19T03:26:38.025Z INFO  worker::batch_maker] Batch B19CSbsoionip+oi0xdgYS5wj9ikXS8D33iQrKdKZFU= contains 204800 B
[2026-04-19T03:26:38.078Z INFO  worker::batch_maker] Batch yvZj+WBBmV4PDAIRR1D1rdf/ahM2te8cKaug2o2zUh4= contains sample tx 2066
[2026-04-19T03:26:38.078Z INFO  worker::batch_maker] Batch yvZj+WBBmV4PDAIRR1D1rdf/ahM2te8cKaug2o2zUh4= contains 204800 B
[2026-04-19T03:26:38.131Z INFO  worker::batch_maker] Batch GjAv/2svijIB/M7lSdRr1QxUbmjnUPrCPBDROkp1Gsc= contains sample tx 2067
[2026-04-19T03:26:38.131Z INFO  worker::batch_maker] Batch GjAv/2svijIB/M7lSdRr1QxUbmjnUPrCPBDROkp1Gsc= contains 204800 B
[2026-04-19T03:26:38.183Z INFO  worker::batch_maker] Batch EHt4pFdTy6UZ8EprGBjDD92571RFuS/grW22t4OXcHU= contains sample tx 2068
[2026-04-19T03:26:38.183Z INFO  worker::batch_maker] Batch EHt4pFdTy6UZ8EprGBjDD92571RFuS/grW22t4OXcHU= contains 204800 B
[2026-04-19T03:26:38.234Z INFO  worker::batch_maker] Batch 6QoQKkCCxTDC5v0ZJlXCZ5eGniBtfY6wADL012MToL0= contains sample tx 2069
[2026-04-19T03:26:38.234Z INFO  worker::batch_maker] Batch 6QoQKkCCxTDC5v0ZJlXCZ5eGniBtfY6wADL012MToL0= contains 204800 B
[2026-04-19T03:26:38.286Z INFO  worker::batch_maker] Batch KaGMVzD8Y2abrxMI0pnvJ5GwEIEex8eXsZPIgclz2ko= contains sample tx 2070
[2026-04-19T03:26:38.286Z INFO  worker::batch_maker] Batch KaGMVzD8Y2abrxMI0pnvJ5GwEIEex8eXsZPIgclz2ko= contains 204800 B
[2026-04-19T03:26:38.338Z INFO  worker::batch_maker] Batch B6E/JJ/ZUBGnkV0jfwjmNmLWu+jFfZ036Q4+oZu1EiE= contains sample tx 2071
[2026-04-19T03:26:38.338Z INFO  worker::batch_maker] Batch B6E/JJ/ZUBGnkV0jfwjmNmLWu+jFfZ036Q4+oZu1EiE= contains 204800 B
[2026-04-19T03:26:38.391Z INFO  worker::batch_maker] Batch MOtDq4w7vHa+EnWtX2KqbYhISG76t8/Q02Sm0yaxUPY= contains sample tx 2072
[2026-04-19T03:26:38.391Z INFO  worker::batch_maker] Batch MOtDq4w7vHa+EnWtX2KqbYhISG76t8/Q02Sm0yaxUPY= contains 204800 B
[2026-04-19T03:26:38.444Z INFO  worker::batch_maker] Batch DzV3BTB5Ea+bRJsRgVuc/o/fVATA3f4Iaxgc3OhWg1U= contains sample tx 2073
[2026-04-19T03:26:38.444Z INFO  worker::batch_maker] Batch DzV3BTB5Ea+bRJsRgVuc/o/fVATA3f4Iaxgc3OhWg1U= contains 204800 B
[2026-04-19T03:26:38.496Z INFO  worker::batch_maker] Batch lbN1+7ev6Gc98obvWBKb3Hq6s/XfSE8K/GN1qCzspyM= contains sample tx 2074
[2026-04-19T03:26:38.496Z INFO  worker::batch_maker] Batch lbN1+7ev6Gc98obvWBKb3Hq6s/XfSE8K/GN1qCzspyM= contains 204800 B
[2026-04-19T03:26:38.548Z INFO  worker::batch_maker] Batch KDKo38xnXdw1Ajn7K3yQTqmSpCkksC44KJLWgfWQsZk= contains sample tx 2075
[2026-04-19T03:26:38.548Z INFO  worker::batch_maker] Batch KDKo38xnXdw1Ajn7K3yQTqmSpCkksC44KJLWgfWQsZk= contains 204800 B
[2026-04-19T03:26:38.631Z INFO  worker::batch_maker] Batch nZkKVRSbnwwJj/siJKDbPCZv6ZzsUyQvZNLL3ejVqLI= contains sample tx 2076
[2026-04-19T03:26:38.631Z INFO  worker::batch_maker] Batch nZkKVRSbnwwJj/siJKDbPCZv6ZzsUyQvZNLL3ejVqLI= contains sample tx 2077
[2026-04-19T03:26:38.631Z INFO  worker::batch_maker] Batch nZkKVRSbnwwJj/siJKDbPCZv6ZzsUyQvZNLL3ejVqLI= contains 409600 B
[2026-04-19T03:26:38.685Z INFO  worker::batch_maker] Batch Roj5a9xa7Wf018O0RvXPO0+yuBHJlsy2Dpy6CFnbF90= contains sample tx 2078
[2026-04-19T03:26:38.685Z INFO  worker::batch_maker] Batch Roj5a9xa7Wf018O0RvXPO0+yuBHJlsy2Dpy6CFnbF90= contains 204800 B
[2026-04-19T03:26:38.738Z INFO  worker::batch_maker] Batch jQScnuzjd99eKShn2dyVAItIpluPTPdKFBQm3IeJ0k8= contains sample tx 2079
[2026-04-19T03:26:38.738Z INFO  worker::batch_maker] Batch jQScnuzjd99eKShn2dyVAItIpluPTPdKFBQm3IeJ0k8= contains 204800 B
[2026-04-19T03:26:38.792Z INFO  worker::batch_maker] Batch WgSg6lypXZ6ugBNxn+Ystjz7UTDUrCxcvhlZcUAqtfM= contains sample tx 2080
[2026-04-19T03:26:38.792Z INFO  worker::batch_maker] Batch WgSg6lypXZ6ugBNxn+Ystjz7UTDUrCxcvhlZcUAqtfM= contains 204800 B
[2026-04-19T03:26:38.845Z INFO  worker::batch_maker] Batch SeK2ZQU1NSgmx4e/LN2xppHEAzU+UdyGwKpgHw6LwG0= contains sample tx 2081
[2026-04-19T03:26:38.845Z INFO  worker::batch_maker] Batch SeK2ZQU1NSgmx4e/LN2xppHEAzU+UdyGwKpgHw6LwG0= contains 204800 B
[2026-04-19T03:26:38.899Z INFO  worker::batch_maker] Batch t33/g121AkJmDkyJ9JyEpkvRcuoD2gnRvoOh8ZZGJnI= contains sample tx 2082
[2026-04-19T03:26:38.899Z INFO  worker::batch_maker] Batch t33/g121AkJmDkyJ9JyEpkvRcuoD2gnRvoOh8ZZGJnI= contains 204800 B
[2026-04-19T03:26:38.952Z INFO  worker::batch_maker] Batch Cwa4so0WenoDX/j1UPIWH2luihiAEX7ARI278ZJ1Z/Y= contains sample tx 2083
[2026-04-19T03:26:38.952Z INFO  worker::batch_maker] Batch Cwa4so0WenoDX/j1UPIWH2luihiAEX7ARI278ZJ1Z/Y= contains 204800 B
[2026-04-19T03:26:39.004Z INFO  worker::batch_maker] Batch zTDCyMd6oaeHyBZyGKnL7ESbRryzNGE8WYxjssfTyi0= contains sample tx 2084
[2026-04-19T03:26:39.004Z INFO  worker::batch_maker] Batch zTDCyMd6oaeHyBZyGKnL7ESbRryzNGE8WYxjssfTyi0= contains 204800 B
[2026-04-19T03:26:39.057Z INFO  worker::batch_maker] Batch GrKygpSNSyiV2R7bzfWr7sncvem3YpUREDWIhAYRc+8= contains sample tx 2085
[2026-04-19T03:26:39.057Z INFO  worker::batch_maker] Batch GrKygpSNSyiV2R7bzfWr7sncvem3YpUREDWIhAYRc+8= contains 204800 B
[2026-04-19T03:26:39.111Z INFO  worker::batch_maker] Batch WXGhGOy7WlNJAEfxh/FdOW3fdJu5RfkNulBGqBtEcJg= contains sample tx 2086
[2026-04-19T03:26:39.111Z INFO  worker::batch_maker] Batch WXGhGOy7WlNJAEfxh/FdOW3fdJu5RfkNulBGqBtEcJg= contains sample tx 2087
[2026-04-19T03:26:39.111Z INFO  worker::batch_maker] Batch WXGhGOy7WlNJAEfxh/FdOW3fdJu5RfkNulBGqBtEcJg= contains 409600 B
[2026-04-19T03:26:39.163Z INFO  worker::batch_maker] Batch 6zkL7ynd546zTc6l98SUzZfmXhmZHR3X1M3Q+E51n54= contains sample tx 2088
[2026-04-19T03:26:39.163Z INFO  worker::batch_maker] Batch 6zkL7ynd546zTc6l98SUzZfmXhmZHR3X1M3Q+E51n54= contains 204800 B
[2026-04-19T03:26:39.214Z INFO  worker::batch_maker] Batch KvLeNPUyVNlmqAO2d5bPWDNge9RqfQibFOpeTl/Hix8= contains sample tx 2089
[2026-04-19T03:26:39.214Z INFO  worker::batch_maker] Batch KvLeNPUyVNlmqAO2d5bPWDNge9RqfQibFOpeTl/Hix8= contains 204800 B
[2026-04-19T03:26:39.266Z INFO  worker::batch_maker] Batch tQ8Qb2ufQuW79hj/yg5l74EPJ92mDwQtThfOwRL6erk= contains sample tx 2090
[2026-04-19T03:26:39.266Z INFO  worker::batch_maker] Batch tQ8Qb2ufQuW79hj/yg5l74EPJ92mDwQtThfOwRL6erk= contains 204800 B
[2026-04-19T03:26:39.319Z INFO  worker::batch_maker] Batch 1DqsUusi01C+TTrU2T+o7wnEdY4zxfxN5K68byh3vDg= contains sample tx 2091
[2026-04-19T03:26:39.319Z INFO  worker::batch_maker] Batch 1DqsUusi01C+TTrU2T+o7wnEdY4zxfxN5K68byh3vDg= contains 204800 B
[2026-04-19T03:26:39.371Z INFO  worker::batch_maker] Batch ER+dk/g1sxjgTPxQLs+ZUJW5pqP6g19oqfW0bJ1pX6U= contains sample tx 2092
[2026-04-19T03:26:39.371Z INFO  worker::batch_maker] Batch ER+dk/g1sxjgTPxQLs+ZUJW5pqP6g19oqfW0bJ1pX6U= contains 204800 B
[2026-04-19T03:26:39.422Z INFO  worker::batch_maker] Batch EZnuaPm+VgM52qsBFQCmuc3AQldXtBNLBkB+myPey5A= contains sample tx 2093
[2026-04-19T03:26:39.422Z INFO  worker::batch_maker] Batch EZnuaPm+VgM52qsBFQCmuc3AQldXtBNLBkB+myPey5A= contains 204800 B
[2026-04-19T03:26:39.475Z INFO  worker::batch_maker] Batch 1PQHciEL6hrRtPBQZ6hu0WLuCxBS466mEMu6yyp5oWk= contains sample tx 2094
[2026-04-19T03:26:39.475Z INFO  worker::batch_maker] Batch 1PQHciEL6hrRtPBQZ6hu0WLuCxBS466mEMu6yyp5oWk= contains 204800 B
[2026-04-19T03:26:39.527Z INFO  worker::batch_maker] Batch xJul87W9MWF2QWXO9bq7aWONL2mPTLqThd8WKE8ShB4= contains sample tx 2095
[2026-04-19T03:26:39.527Z INFO  worker::batch_maker] Batch xJul87W9MWF2QWXO9bq7aWONL2mPTLqThd8WKE8ShB4= contains 204800 B
[2026-04-19T03:26:39.579Z INFO  worker::batch_maker] Batch e8IYweyjpfVW7DYPUse7849yz00z1C23t8gFaymkEzM= contains sample tx 2096
[2026-04-19T03:26:39.579Z INFO  worker::batch_maker] Batch e8IYweyjpfVW7DYPUse7849yz00z1C23t8gFaymkEzM= contains 204800 B
[2026-04-19T03:26:39.632Z INFO  worker::batch_maker] Batch iK1xvEV1vew0i7y0b+tcZv9dexQG9roH1t06Q/T7gak= contains sample tx 2097
[2026-04-19T03:26:39.632Z INFO  worker::batch_maker] Batch iK1xvEV1vew0i7y0b+tcZv9dexQG9roH1t06Q/T7gak= contains 204800 B
[2026-04-19T03:26:39.684Z INFO  worker::batch_maker] Batch FisNn9A0xIUg2IevOy30ZqUhFK03k7R966Wyzuz4ei0= contains sample tx 2098
[2026-04-19T03:26:39.684Z INFO  worker::batch_maker] Batch FisNn9A0xIUg2IevOy30ZqUhFK03k7R966Wyzuz4ei0= contains 204800 B
[2026-04-19T03:26:39.737Z INFO  worker::batch_maker] Batch dAF+BEbl3Qv2sUz/eKS7jL4Gcwd0dfdF9+JVDHhRLec= contains sample tx 2099
[2026-04-19T03:26:39.737Z INFO  worker::batch_maker] Batch dAF+BEbl3Qv2sUz/eKS7jL4Gcwd0dfdF9+JVDHhRLec= contains 204800 B
[2026-04-19T03:26:39.790Z INFO  worker::batch_maker] Batch g7Jx/HkdSjgvA6b0/2mJ0CCZ85maIclHGXXxAogfxrM= contains sample tx 2100
[2026-04-19T03:26:39.790Z INFO  worker::batch_maker] Batch g7Jx/HkdSjgvA6b0/2mJ0CCZ85maIclHGXXxAogfxrM= contains 204800 B
[2026-04-19T03:26:39.844Z INFO  worker::batch_maker] Batch iX6lrS3TFkSnZxwnl46NB6YiAQRYl0/4/lcPdmkRU4A= contains sample tx 2101
[2026-04-19T03:26:39.844Z INFO  worker::batch_maker] Batch iX6lrS3TFkSnZxwnl46NB6YiAQRYl0/4/lcPdmkRU4A= contains 204800 B
[2026-04-19T03:26:39.897Z INFO  worker::batch_maker] Batch iJC5NCyw0/VISYPQFlFDDtkntng11Xf7T1bNq4vH5S8= contains sample tx 2102
[2026-04-19T03:26:39.897Z INFO  worker::batch_maker] Batch iJC5NCyw0/VISYPQFlFDDtkntng11Xf7T1bNq4vH5S8= contains 204800 B
[2026-04-19T03:26:39.950Z INFO  worker::batch_maker] Batch mLCtsLej/DScfYAEI0LXEB12pMFJWiFKx2YQxyR1C54= contains sample tx 2103
[2026-04-19T03:26:39.950Z INFO  worker::batch_maker] Batch mLCtsLej/DScfYAEI0LXEB12pMFJWiFKx2YQxyR1C54= contains 204800 B
[2026-04-19T03:26:40.004Z INFO  worker::batch_maker] Batch LtKYdVekXPwDX7IKprbzLa4M3OzZGoi52+reuIa8034= contains sample tx 2104
[2026-04-19T03:26:40.004Z INFO  worker::batch_maker] Batch LtKYdVekXPwDX7IKprbzLa4M3OzZGoi52+reuIa8034= contains 204800 B
[2026-04-19T03:26:40.058Z INFO  worker::batch_maker] Batch 5ulUegtnZk/ST9wmg4aYML7y3LKiNZTdaP7lfwJB1/Y= contains sample tx 2105
[2026-04-19T03:26:40.058Z INFO  worker::batch_maker] Batch 5ulUegtnZk/ST9wmg4aYML7y3LKiNZTdaP7lfwJB1/Y= contains 204800 B
[2026-04-19T03:26:40.111Z INFO  worker::batch_maker] Batch 32zIhVSJwxG0N2l/Jt3tlDThRjjDHW0gwy2XdajVozs= contains sample tx 2106
[2026-04-19T03:26:40.111Z INFO  worker::batch_maker] Batch 32zIhVSJwxG0N2l/Jt3tlDThRjjDHW0gwy2XdajVozs= contains 229888 B
[2026-04-19T03:26:40.167Z INFO  worker::batch_maker] Batch N2MIIK9RrgHKZHS5mtD5GCC6rhr8RZLAayPmu7yCAac= contains sample tx 2107
[2026-04-19T03:26:40.167Z INFO  worker::batch_maker] Batch N2MIIK9RrgHKZHS5mtD5GCC6rhr8RZLAayPmu7yCAac= contains sample tx 2108
[2026-04-19T03:26:40.167Z INFO  worker::batch_maker] Batch N2MIIK9RrgHKZHS5mtD5GCC6rhr8RZLAayPmu7yCAac= contains 378368 B
[2026-04-19T03:26:40.220Z INFO  worker::batch_maker] Batch up3avF1/RTkDSwZupi5kcbFnhFT7FYSjU0Yn9CRQqb4= contains sample tx 2109
[2026-04-19T03:26:40.220Z INFO  worker::batch_maker] Batch up3avF1/RTkDSwZupi5kcbFnhFT7FYSjU0Yn9CRQqb4= contains 210944 B
[2026-04-19T03:26:40.272Z INFO  worker::batch_maker] Batch iikIV5ErEF9G92eVs8yNmZI+egyIOmX6upr6UtMoY8w= contains sample tx 2110
[2026-04-19T03:26:40.272Z INFO  worker::batch_maker] Batch iikIV5ErEF9G92eVs8yNmZI+egyIOmX6upr6UtMoY8w= contains 204800 B
[2026-04-19T03:26:40.323Z INFO  worker::batch_maker] Batch rbJOH2pGVvEkk2pibxtXxQ5iResAE2hr2pwpNp49XSI= contains sample tx 2111
[2026-04-19T03:26:40.323Z INFO  worker::batch_maker] Batch rbJOH2pGVvEkk2pibxtXxQ5iResAE2hr2pwpNp49XSI= contains 204800 B
[2026-04-19T03:26:40.375Z INFO  worker::batch_maker] Batch /ekZhrbyWj2s3n/Mz12btNqcpyTmrDEwRLlxuvlNH2c= contains sample tx 2112
[2026-04-19T03:26:40.375Z INFO  worker::batch_maker] Batch /ekZhrbyWj2s3n/Mz12btNqcpyTmrDEwRLlxuvlNH2c= contains 204800 B
[2026-04-19T03:26:40.428Z INFO  worker::batch_maker] Batch +iU2VvkGn6pknJ2n49s0wbyWM5w7VOsProir3ouqOBQ= contains sample tx 2113
[2026-04-19T03:26:40.428Z INFO  worker::batch_maker] Batch +iU2VvkGn6pknJ2n49s0wbyWM5w7VOsProir3ouqOBQ= contains 204800 B
[2026-04-19T03:26:40.480Z INFO  worker::batch_maker] Batch OWnMpHl3HOBvctUXxDEpQE+bnfCMGKJbR2DelI/ouTI= contains sample tx 2114
[2026-04-19T03:26:40.480Z INFO  worker::batch_maker] Batch OWnMpHl3HOBvctUXxDEpQE+bnfCMGKJbR2DelI/ouTI= contains 204800 B
[2026-04-19T03:26:40.531Z INFO  worker::batch_maker] Batch 3mNQTYhw5JL2T8caROB/dE8SJXOeyol37phi6Z3//W4= contains sample tx 2115
[2026-04-19T03:26:40.531Z INFO  worker::batch_maker] Batch 3mNQTYhw5JL2T8caROB/dE8SJXOeyol37phi6Z3//W4= contains 204800 B
[2026-04-19T03:26:40.585Z INFO  worker::batch_maker] Batch yFbeoUCAbm1BeeZg5B5eR1JnuBCxXLrZM3nhIwJIf20= contains sample tx 2116
[2026-04-19T03:26:40.585Z INFO  worker::batch_maker] Batch yFbeoUCAbm1BeeZg5B5eR1JnuBCxXLrZM3nhIwJIf20= contains 204800 B
[2026-04-19T03:26:40.639Z INFO  worker::batch_maker] Batch 2qpSrZqNVvov9qqhD6cswkAT2MkHHWUetRpeeZdf9oU= contains sample tx 2117
[2026-04-19T03:26:40.639Z INFO  worker::batch_maker] Batch 2qpSrZqNVvov9qqhD6cswkAT2MkHHWUetRpeeZdf9oU= contains 204800 B
[2026-04-19T03:26:40.692Z INFO  worker::batch_maker] Batch QP+NFvrv6H2JunhVCxeRLniDZK0HclNlZ+du9lUjy2g= contains sample tx 2118
[2026-04-19T03:26:40.692Z INFO  worker::batch_maker] Batch QP+NFvrv6H2JunhVCxeRLniDZK0HclNlZ+du9lUjy2g= contains 204800 B
[2026-04-19T03:26:40.745Z INFO  worker::batch_maker] Batch /dpg7J4mgWJ0osfO/08U4cbDRb1wD8KiETjRalBDVOw= contains sample tx 2119
[2026-04-19T03:26:40.745Z INFO  worker::batch_maker] Batch /dpg7J4mgWJ0osfO/08U4cbDRb1wD8KiETjRalBDVOw= contains 204800 B
[2026-04-19T03:26:40.798Z INFO  worker::batch_maker] Batch VRtZJi1I8KR4CqU1ALHfHOJcXQ7XWSPh1DZMajVhqhA= contains sample tx 2120
[2026-04-19T03:26:40.798Z INFO  worker::batch_maker] Batch VRtZJi1I8KR4CqU1ALHfHOJcXQ7XWSPh1DZMajVhqhA= contains 204800 B
[2026-04-19T03:26:40.850Z INFO  worker::batch_maker] Batch ue+op4eSj2gZiSzAYFnV06vGDWYhlMlmCKCVGlwByz0= contains sample tx 2121
[2026-04-19T03:26:40.850Z INFO  worker::batch_maker] Batch ue+op4eSj2gZiSzAYFnV06vGDWYhlMlmCKCVGlwByz0= contains 204800 B
[2026-04-19T03:26:40.903Z INFO  worker::batch_maker] Batch 1YAOHVH79RsVlN+t401iXGqnfzJrDrw8qpTG92B79kQ= contains sample tx 2122
[2026-04-19T03:26:40.903Z INFO  worker::batch_maker] Batch 1YAOHVH79RsVlN+t401iXGqnfzJrDrw8qpTG92B79kQ= contains 204800 B
[2026-04-19T03:26:40.955Z INFO  worker::batch_maker] Batch iu98Z8C4l/XvOWCER8kqWqZY+kbJo2UsuU3TwpBBzYs= contains sample tx 2123
[2026-04-19T03:26:40.955Z INFO  worker::batch_maker] Batch iu98Z8C4l/XvOWCER8kqWqZY+kbJo2UsuU3TwpBBzYs= contains 213504 B
[2026-04-19T03:26:41.009Z INFO  worker::batch_maker] Batch jppy8rSsjnuXnqUo5UNGjm1XMO3UkKuoK5EgSLIwGwE= contains sample tx 2124
[2026-04-19T03:26:41.009Z INFO  worker::batch_maker] Batch jppy8rSsjnuXnqUo5UNGjm1XMO3UkKuoK5EgSLIwGwE= contains sample tx 2125
[2026-04-19T03:26:41.009Z INFO  worker::batch_maker] Batch jppy8rSsjnuXnqUo5UNGjm1XMO3UkKuoK5EgSLIwGwE= contains 342016 B
[2026-04-19T03:26:41.061Z INFO  worker::batch_maker] Batch j4xc9SzUsbHlx/rLd/+UiybQK0o5AOdsg2BQBz+0izc= contains sample tx 2126
[2026-04-19T03:26:41.061Z INFO  worker::batch_maker] Batch j4xc9SzUsbHlx/rLd/+UiybQK0o5AOdsg2BQBz+0izc= contains 263680 B
[2026-04-19T03:26:41.113Z INFO  worker::batch_maker] Batch QKfgHufagibMrKHYYdfbOktEdy97cUrtmIuyQfyogEw= contains sample tx 2127
[2026-04-19T03:26:41.113Z INFO  worker::batch_maker] Batch QKfgHufagibMrKHYYdfbOktEdy97cUrtmIuyQfyogEw= contains 204800 B
[2026-04-19T03:26:41.166Z INFO  worker::batch_maker] Batch QrJBclQTRY+VYO1o61IdB4476V0dmph1YDLgue5hSWI= contains sample tx 2128
[2026-04-19T03:26:41.166Z INFO  worker::batch_maker] Batch QrJBclQTRY+VYO1o61IdB4476V0dmph1YDLgue5hSWI= contains 204800 B
[2026-04-19T03:26:41.220Z INFO  worker::batch_maker] Batch z2Ui1JcQ/3VkVzuIposhn3Pc+BLqSvme3U+jh6Pyw7E= contains sample tx 2129
[2026-04-19T03:26:41.220Z INFO  worker::batch_maker] Batch z2Ui1JcQ/3VkVzuIposhn3Pc+BLqSvme3U+jh6Pyw7E= contains 204800 B
[2026-04-19T03:26:41.272Z INFO  worker::batch_maker] Batch H8mkgqMuX3/iTEbVLhQXSTs5Pkugd6KIkKd7jzuScVw= contains sample tx 2130
[2026-04-19T03:26:41.272Z INFO  worker::batch_maker] Batch H8mkgqMuX3/iTEbVLhQXSTs5Pkugd6KIkKd7jzuScVw= contains 204800 B
[2026-04-19T03:26:41.325Z INFO  worker::batch_maker] Batch ko3lan8nCSHB4ijRIeebh6yL85+bWsSjP44bsDpKf4M= contains sample tx 2131
[2026-04-19T03:26:41.325Z INFO  worker::batch_maker] Batch ko3lan8nCSHB4ijRIeebh6yL85+bWsSjP44bsDpKf4M= contains 204800 B
[2026-04-19T03:26:41.379Z INFO  worker::batch_maker] Batch XHG7iC77T9EnC13AbzJHlDBFQVyYDqA5GXQGIStDp9w= contains sample tx 2132
[2026-04-19T03:26:41.379Z INFO  worker::batch_maker] Batch XHG7iC77T9EnC13AbzJHlDBFQVyYDqA5GXQGIStDp9w= contains 204800 B
[2026-04-19T03:26:41.432Z INFO  worker::batch_maker] Batch qFJ6aYwF81tL7CCdwaJ11RkiGbUPxaZjpD26QQ9Ddzs= contains sample tx 2133
[2026-04-19T03:26:41.432Z INFO  worker::batch_maker] Batch qFJ6aYwF81tL7CCdwaJ11RkiGbUPxaZjpD26QQ9Ddzs= contains 204800 B
[2026-04-19T03:26:41.485Z INFO  worker::batch_maker] Batch 7ghlC5WZp7FbpHjcRfMSvj+GP3MElKgHHowbE+3KEHE= contains sample tx 2134
[2026-04-19T03:26:41.485Z INFO  worker::batch_maker] Batch 7ghlC5WZp7FbpHjcRfMSvj+GP3MElKgHHowbE+3KEHE= contains 204800 B
[2026-04-19T03:26:41.538Z INFO  worker::batch_maker] Batch 5IC76pbOdKNSaqKcPncoeVmQ6NK95Xszc2687fVu2xA= contains sample tx 2135
[2026-04-19T03:26:41.538Z INFO  worker::batch_maker] Batch 5IC76pbOdKNSaqKcPncoeVmQ6NK95Xszc2687fVu2xA= contains 204800 B
[2026-04-19T03:26:41.591Z INFO  worker::batch_maker] Batch 1TzcqG2CYHQ/n5VTapSxNIyA5Gma5UxsCQKi94+JAW4= contains sample tx 2136
[2026-04-19T03:26:41.591Z INFO  worker::batch_maker] Batch 1TzcqG2CYHQ/n5VTapSxNIyA5Gma5UxsCQKi94+JAW4= contains 204800 B
[2026-04-19T03:26:41.646Z INFO  worker::batch_maker] Batch zeuVwFmgCLQ0Apbe+70rQhmULQ8LvC1ZAYXg2jCbY2U= contains sample tx 2137
[2026-04-19T03:26:41.646Z INFO  worker::batch_maker] Batch zeuVwFmgCLQ0Apbe+70rQhmULQ8LvC1ZAYXg2jCbY2U= contains 204800 B
[2026-04-19T03:26:41.700Z INFO  worker::batch_maker] Batch k5nk+F9sQfW/gygSNcBAt7antU8v0fiA1jWd2h7XRFg= contains sample tx 2138
[2026-04-19T03:26:41.700Z INFO  worker::batch_maker] Batch k5nk+F9sQfW/gygSNcBAt7antU8v0fiA1jWd2h7XRFg= contains 204800 B
[2026-04-19T03:26:41.751Z INFO  worker::batch_maker] Batch FsOucG7E8Bb5WtZqTRFgxeOK0iVypMCEYdC1x27aNMk= contains sample tx 2139
[2026-04-19T03:26:41.751Z INFO  worker::batch_maker] Batch FsOucG7E8Bb5WtZqTRFgxeOK0iVypMCEYdC1x27aNMk= contains 204800 B
[2026-04-19T03:26:41.803Z INFO  worker::batch_maker] Batch pitcBs8VAL5mPJ5wRaYRET5HF62/cM9TskWDtqIr/gA= contains sample tx 2140
[2026-04-19T03:26:41.803Z INFO  worker::batch_maker] Batch pitcBs8VAL5mPJ5wRaYRET5HF62/cM9TskWDtqIr/gA= contains 204800 B
[2026-04-19T03:26:41.855Z INFO  worker::batch_maker] Batch of7GLX0NhRiMwLnCg77JucDwcbJeYsyGlusCv2sVVuE= contains sample tx 2141
[2026-04-19T03:26:41.855Z INFO  worker::batch_maker] Batch of7GLX0NhRiMwLnCg77JucDwcbJeYsyGlusCv2sVVuE= contains 221696 B
[2026-04-19T03:26:41.909Z INFO  worker::batch_maker] Batch cw0O3fDIQBZ/4lMVm9vLJLbj6/qLcOR1YgYco1ZURvs= contains sample tx 2142
[2026-04-19T03:26:41.910Z INFO  worker::batch_maker] Batch cw0O3fDIQBZ/4lMVm9vLJLbj6/qLcOR1YgYco1ZURvs= contains sample tx 2143
[2026-04-19T03:26:41.910Z INFO  worker::batch_maker] Batch cw0O3fDIQBZ/4lMVm9vLJLbj6/qLcOR1YgYco1ZURvs= contains 281088 B
[2026-04-19T03:26:41.962Z INFO  worker::batch_maker] Batch 2pkiiy3uO+XtcUC76XRqVeBb4MuxFVaeCbbe+rd61qU= contains sample tx 2144
[2026-04-19T03:26:41.962Z INFO  worker::batch_maker] Batch 2pkiiy3uO+XtcUC76XRqVeBb4MuxFVaeCbbe+rd61qU= contains 316416 B
[2026-04-19T03:26:42.015Z INFO  worker::batch_maker] Batch ViU1ZQ3iRDzqc9oMxmbbGN54GWhHzfqlgavW33uKFtI= contains sample tx 2145
[2026-04-19T03:26:42.015Z INFO  worker::batch_maker] Batch ViU1ZQ3iRDzqc9oMxmbbGN54GWhHzfqlgavW33uKFtI= contains 204800 B
[2026-04-19T03:26:42.069Z INFO  worker::batch_maker] Batch JCfDEFS+KWHIecXshl1F3TpKwMc6W0i6nPFEgLC0hNM= contains sample tx 2146
[2026-04-19T03:26:42.069Z INFO  worker::batch_maker] Batch JCfDEFS+KWHIecXshl1F3TpKwMc6W0i6nPFEgLC0hNM= contains 204800 B
[2026-04-19T03:26:42.122Z INFO  worker::batch_maker] Batch eR5jgqoWWQIZedOiw+pfasQm8rS3pzSeLKIWbkrYYiY= contains sample tx 2147
[2026-04-19T03:26:42.122Z INFO  worker::batch_maker] Batch eR5jgqoWWQIZedOiw+pfasQm8rS3pzSeLKIWbkrYYiY= contains 204800 B
[2026-04-19T03:26:42.174Z INFO  worker::batch_maker] Batch kjArwvkndNTCcihIYwNhiYPD/N20g0RmGT01qntHbM0= contains sample tx 2148
[2026-04-19T03:26:42.175Z INFO  worker::batch_maker] Batch kjArwvkndNTCcihIYwNhiYPD/N20g0RmGT01qntHbM0= contains 204800 B
[2026-04-19T03:26:42.229Z INFO  worker::batch_maker] Batch RsWWHVpTwVBfVDMA0IOuOocY1cdsRZsd8OF5Ryz9Htc= contains sample tx 2149
[2026-04-19T03:26:42.229Z INFO  worker::batch_maker] Batch RsWWHVpTwVBfVDMA0IOuOocY1cdsRZsd8OF5Ryz9Htc= contains 204800 B
[2026-04-19T03:26:42.282Z INFO  worker::batch_maker] Batch x7k/wS/QJ7dOXTkTxoBHhpYECmoo47sa3QLUJM3VQFM= contains sample tx 2150
[2026-04-19T03:26:42.282Z INFO  worker::batch_maker] Batch x7k/wS/QJ7dOXTkTxoBHhpYECmoo47sa3QLUJM3VQFM= contains 204800 B
[2026-04-19T03:26:42.334Z INFO  worker::batch_maker] Batch 4bEYIJriLkeYzjgZck/gNygeYu21Glcj1MIz7lgFxmY= contains sample tx 2151
[2026-04-19T03:26:42.334Z INFO  worker::batch_maker] Batch 4bEYIJriLkeYzjgZck/gNygeYu21Glcj1MIz7lgFxmY= contains 204800 B
[2026-04-19T03:26:42.386Z INFO  worker::batch_maker] Batch tRy+Nuw+KXGZ1Xfn0TTNO29sc0eWpx4kWzy2g6qqxdU= contains sample tx 2152
[2026-04-19T03:26:42.386Z INFO  worker::batch_maker] Batch tRy+Nuw+KXGZ1Xfn0TTNO29sc0eWpx4kWzy2g6qqxdU= contains 204800 B
[2026-04-19T03:26:42.438Z INFO  worker::batch_maker] Batch v86oKq3u+TZQcKlscFtgau72tcttTcwkYC1JIvvqeDs= contains sample tx 2153
[2026-04-19T03:26:42.439Z INFO  worker::batch_maker] Batch v86oKq3u+TZQcKlscFtgau72tcttTcwkYC1JIvvqeDs= contains 204800 B
[2026-04-19T03:26:42.490Z INFO  worker::batch_maker] Batch DT2MHLiDymUJQoT1eUzNOGLSG5Xl5mD+OlpxV7fsRnM= contains sample tx 2154
[2026-04-19T03:26:42.490Z INFO  worker::batch_maker] Batch DT2MHLiDymUJQoT1eUzNOGLSG5Xl5mD+OlpxV7fsRnM= contains 204800 B
[2026-04-19T03:26:42.544Z INFO  worker::batch_maker] Batch 7NIHpJeCY71tsUHecJ22VVhzGLApon78Dmb9OPYIvSo= contains sample tx 2155
[2026-04-19T03:26:42.544Z INFO  worker::batch_maker] Batch 7NIHpJeCY71tsUHecJ22VVhzGLApon78Dmb9OPYIvSo= contains 204800 B
[2026-04-19T03:26:42.596Z INFO  worker::batch_maker] Batch 44MTsRA6yEx/9PCGIIrntHMWC9W87cKzpkrbqqx5UWE= contains sample tx 2156
[2026-04-19T03:26:42.596Z INFO  worker::batch_maker] Batch 44MTsRA6yEx/9PCGIIrntHMWC9W87cKzpkrbqqx5UWE= contains 204800 B
[2026-04-19T03:26:42.648Z INFO  worker::batch_maker] Batch 8qOmzd1MMjLzjXnCeDcbNpE/1KPHwdo3wz7oWLi/tDU= contains sample tx 2157
[2026-04-19T03:26:42.648Z INFO  worker::batch_maker] Batch 8qOmzd1MMjLzjXnCeDcbNpE/1KPHwdo3wz7oWLi/tDU= contains 204800 B
[2026-04-19T03:26:42.700Z INFO  worker::batch_maker] Batch dv9iYI3VPhVb1PNC5GPOxZP9e2avYwMeL/OMsPHl3k8= contains sample tx 2158
[2026-04-19T03:26:42.700Z INFO  worker::batch_maker] Batch dv9iYI3VPhVb1PNC5GPOxZP9e2avYwMeL/OMsPHl3k8= contains 204800 B
[2026-04-19T03:26:42.751Z INFO  worker::batch_maker] Batch IpEVwAPN5XV9YdMFR+bRE7gfET80aTvgDIWiB5pl6Us= contains sample tx 2159
[2026-04-19T03:26:42.751Z INFO  worker::batch_maker] Batch IpEVwAPN5XV9YdMFR+bRE7gfET80aTvgDIWiB5pl6Us= contains 204800 B
[2026-04-19T03:26:42.803Z INFO  worker::batch_maker] Batch SZDp/LSTPHsbp2bXDUFGhGTEVkhruxdCMy6i11aTU6k= contains sample tx 2160
[2026-04-19T03:26:42.803Z INFO  worker::batch_maker] Batch SZDp/LSTPHsbp2bXDUFGhGTEVkhruxdCMy6i11aTU6k= contains 204800 B
[2026-04-19T03:26:42.856Z INFO  worker::batch_maker] Batch cGueyizNLR47/0QoRVxGjsxoYpmPlWwQmXZpINgtDVM= contains sample tx 2161
[2026-04-19T03:26:42.856Z INFO  worker::batch_maker] Batch cGueyizNLR47/0QoRVxGjsxoYpmPlWwQmXZpINgtDVM= contains 232960 B
[2026-04-19T03:26:42.908Z INFO  worker::batch_maker] Batch 6umIR88b3FTo7Hm9RkBUpD1qDfAguAfAkKmpnuo+4iE= contains sample tx 2162
[2026-04-19T03:26:42.908Z INFO  worker::batch_maker] Batch 6umIR88b3FTo7Hm9RkBUpD1qDfAguAfAkKmpnuo+4iE= contains sample tx 2163
[2026-04-19T03:26:42.908Z INFO  worker::batch_maker] Batch 6umIR88b3FTo7Hm9RkBUpD1qDfAguAfAkKmpnuo+4iE= contains 327680 B
[2026-04-19T03:26:42.961Z INFO  worker::batch_maker] Batch pCEBxXdbxtPisOqPJDUsu52k1+pxZVihyQ3q7VYlWu4= contains sample tx 2164
[2026-04-19T03:26:42.962Z INFO  worker::batch_maker] Batch pCEBxXdbxtPisOqPJDUsu52k1+pxZVihyQ3q7VYlWu4= contains 258560 B
[2026-04-19T03:26:43.014Z INFO  worker::batch_maker] Batch xDyQbbgb5PiqklMykVTZhr74O7xAdFG0ikhzZUqBy7o= contains sample tx 2165
[2026-04-19T03:26:43.014Z INFO  worker::batch_maker] Batch xDyQbbgb5PiqklMykVTZhr74O7xAdFG0ikhzZUqBy7o= contains 204800 B
[2026-04-19T03:26:43.065Z INFO  worker::batch_maker] Batch J7d2e7nIpjixyBxHdzWBh15VF8+1q8my7XRIrjFV1gY= contains sample tx 2166
[2026-04-19T03:26:43.065Z INFO  worker::batch_maker] Batch J7d2e7nIpjixyBxHdzWBh15VF8+1q8my7XRIrjFV1gY= contains 204800 B
[2026-04-19T03:26:43.118Z INFO  worker::batch_maker] Batch x1+tCb+pcFRha0eAPx0gW9gCjts2bsaRufQ7+o5+O1E= contains sample tx 2167
[2026-04-19T03:26:43.118Z INFO  worker::batch_maker] Batch x1+tCb+pcFRha0eAPx0gW9gCjts2bsaRufQ7+o5+O1E= contains 204800 B
[2026-04-19T03:26:43.171Z INFO  worker::batch_maker] Batch X2pw4qMk18/LynTqTMsbZTiZkSZ8jySwFnqPuW4Lx+U= contains sample tx 2168
[2026-04-19T03:26:43.171Z INFO  worker::batch_maker] Batch X2pw4qMk18/LynTqTMsbZTiZkSZ8jySwFnqPuW4Lx+U= contains 204800 B
[2026-04-19T03:26:43.223Z INFO  worker::batch_maker] Batch rUF2a9fXT7ralxHaNrppvioaAVqgfK0P8EWbnBo2MLA= contains sample tx 2169
[2026-04-19T03:26:43.223Z INFO  worker::batch_maker] Batch rUF2a9fXT7ralxHaNrppvioaAVqgfK0P8EWbnBo2MLA= contains 204800 B
[2026-04-19T03:26:43.276Z INFO  worker::batch_maker] Batch X14EDKKPbmAvPezDpxndPSTfVnBGI5QqNb1fdoHFWcg= contains sample tx 2170
[2026-04-19T03:26:43.276Z INFO  worker::batch_maker] Batch X14EDKKPbmAvPezDpxndPSTfVnBGI5QqNb1fdoHFWcg= contains 204800 B
[2026-04-19T03:26:43.329Z INFO  worker::batch_maker] Batch j9Ovt7ULSNVM0OkAshQt/3CaaObN7LW9rP8GezZ5Jhk= contains sample tx 2171
[2026-04-19T03:26:43.329Z INFO  worker::batch_maker] Batch j9Ovt7ULSNVM0OkAshQt/3CaaObN7LW9rP8GezZ5Jhk= contains 204800 B
[2026-04-19T03:26:43.382Z INFO  worker::batch_maker] Batch wu2vMA3wLdcXcoMDGvAHWiPPYXP49Ys4komEjNFkcj8= contains sample tx 2172
[2026-04-19T03:26:43.382Z INFO  worker::batch_maker] Batch wu2vMA3wLdcXcoMDGvAHWiPPYXP49Ys4komEjNFkcj8= contains 204800 B
[2026-04-19T03:26:43.434Z INFO  worker::batch_maker] Batch GMpZCTUdzHxf6G1elZRx4h2WnxNsxx49+VDFUi9csHU= contains sample tx 2173
[2026-04-19T03:26:43.435Z INFO  worker::batch_maker] Batch GMpZCTUdzHxf6G1elZRx4h2WnxNsxx49+VDFUi9csHU= contains 204800 B
[2026-04-19T03:26:43.490Z INFO  worker::batch_maker] Batch IKvwIISxH1Vej50Q768MDnkXw3s72k5yRoENcQP7r6Q= contains sample tx 2174
[2026-04-19T03:26:43.490Z INFO  worker::batch_maker] Batch IKvwIISxH1Vej50Q768MDnkXw3s72k5yRoENcQP7r6Q= contains 204800 B
[2026-04-19T03:26:43.543Z INFO  worker::batch_maker] Batch oM3xTDn/OGqJNjs7fOxMYd1UbPbpEQmVe33wgiKCX1g= contains sample tx 2175
[2026-04-19T03:26:43.543Z INFO  worker::batch_maker] Batch oM3xTDn/OGqJNjs7fOxMYd1UbPbpEQmVe33wgiKCX1g= contains 204800 B
[2026-04-19T03:26:43.598Z INFO  worker::batch_maker] Batch vuKBpIWO9yg9HBfJo2alAamibzD3A+rSGqvbzR+r3Co= contains sample tx 2176
[2026-04-19T03:26:43.598Z INFO  worker::batch_maker] Batch vuKBpIWO9yg9HBfJo2alAamibzD3A+rSGqvbzR+r3Co= contains 204800 B
[2026-04-19T03:26:43.653Z INFO  worker::batch_maker] Batch MxyTLnXLdVKzV3lCy2RJT+67rjeXTm0NCM0F1V1tgjk= contains sample tx 2177
[2026-04-19T03:26:43.653Z INFO  worker::batch_maker] Batch MxyTLnXLdVKzV3lCy2RJT+67rjeXTm0NCM0F1V1tgjk= contains 204800 B
[2026-04-19T03:26:43.706Z INFO  worker::batch_maker] Batch DVTbfCgmb7lxleFO5t2WE9bEnCrslI8liHGOQXXfsKo= contains sample tx 2178
[2026-04-19T03:26:43.706Z INFO  worker::batch_maker] Batch DVTbfCgmb7lxleFO5t2WE9bEnCrslI8liHGOQXXfsKo= contains 204800 B
[2026-04-19T03:26:43.758Z INFO  worker::batch_maker] Batch w3MVVfL2x43I1t4P3+UKRghaASpSclYuaP5fW2cTviM= contains sample tx 2179
[2026-04-19T03:26:43.758Z INFO  worker::batch_maker] Batch w3MVVfL2x43I1t4P3+UKRghaASpSclYuaP5fW2cTviM= contains 288256 B
[2026-04-19T03:26:43.812Z INFO  worker::batch_maker] Batch 2aXQUhkGKsRELfKSizzsa4j5iYEzEJt5jRuzfsqtWLk= contains sample tx 2180
[2026-04-19T03:26:43.812Z INFO  worker::batch_maker] Batch 2aXQUhkGKsRELfKSizzsa4j5iYEzEJt5jRuzfsqtWLk= contains sample tx 2181
[2026-04-19T03:26:43.812Z INFO  worker::batch_maker] Batch 2aXQUhkGKsRELfKSizzsa4j5iYEzEJt5jRuzfsqtWLk= contains 326144 B
[2026-04-19T03:26:43.864Z INFO  worker::batch_maker] Batch oQbbd5TIYsEap3X65ipMrh1lr0NyukMVCYN5gCk7xn0= contains sample tx 2182
[2026-04-19T03:26:43.864Z INFO  worker::batch_maker] Batch oQbbd5TIYsEap3X65ipMrh1lr0NyukMVCYN5gCk7xn0= contains 204800 B
[2026-04-19T03:26:43.915Z INFO  worker::batch_maker] Batch AUdD5PyAdr+bFcc4W5j8VwPXCjkj/oJ2IPeifp6TZcc= contains sample tx 2183
[2026-04-19T03:26:43.915Z INFO  worker::batch_maker] Batch AUdD5PyAdr+bFcc4W5j8VwPXCjkj/oJ2IPeifp6TZcc= contains 204800 B
[2026-04-19T03:26:43.968Z INFO  worker::batch_maker] Batch DXTrrkaJ6Xmzn7DMhloy8pTll2zRfCG/tEMtp+L4kNY= contains sample tx 2184
[2026-04-19T03:26:43.968Z INFO  worker::batch_maker] Batch DXTrrkaJ6Xmzn7DMhloy8pTll2zRfCG/tEMtp+L4kNY= contains 204800 B
[2026-04-19T03:26:44.020Z INFO  worker::batch_maker] Batch JSCE3+Q+y2FGZzuXr5T7oIEkBkgVmubzyKB7sR5heI0= contains sample tx 2185
[2026-04-19T03:26:44.020Z INFO  worker::batch_maker] Batch JSCE3+Q+y2FGZzuXr5T7oIEkBkgVmubzyKB7sR5heI0= contains 204800 B
[2026-04-19T03:26:44.073Z INFO  worker::batch_maker] Batch JMkfP0dL7yMtKXSVcXYE/ObFicQ9y0RaOvTHRp/oKS0= contains sample tx 2186
[2026-04-19T03:26:44.073Z INFO  worker::batch_maker] Batch JMkfP0dL7yMtKXSVcXYE/ObFicQ9y0RaOvTHRp/oKS0= contains 204800 B
[2026-04-19T03:26:44.125Z INFO  worker::batch_maker] Batch v8zJS+VTDRM8sKqr9mR6yawUxiDxxBQVTeKbXeZ8FEI= contains sample tx 2187
[2026-04-19T03:26:44.125Z INFO  worker::batch_maker] Batch v8zJS+VTDRM8sKqr9mR6yawUxiDxxBQVTeKbXeZ8FEI= contains 204800 B
[2026-04-19T03:26:44.177Z INFO  worker::batch_maker] Batch QhaAjwHBBG4XTHJ79kWJeYUO5YWnf3/ZxpfLLmD/ztI= contains sample tx 2188
[2026-04-19T03:26:44.177Z INFO  worker::batch_maker] Batch QhaAjwHBBG4XTHJ79kWJeYUO5YWnf3/ZxpfLLmD/ztI= contains 204800 B
[2026-04-19T03:26:44.229Z INFO  worker::batch_maker] Batch XQSRc7FJpLcahvyLYk/QjChRsV6DfnVBUTH/948ckKs= contains sample tx 2189
[2026-04-19T03:26:44.229Z INFO  worker::batch_maker] Batch XQSRc7FJpLcahvyLYk/QjChRsV6DfnVBUTH/948ckKs= contains 204800 B
[2026-04-19T03:26:44.281Z INFO  worker::batch_maker] Batch ubpfuWeN5Mj/9xGJYNKYYRhjNLMCQSv7JyItkAcueKU= contains sample tx 2190
[2026-04-19T03:26:44.281Z INFO  worker::batch_maker] Batch ubpfuWeN5Mj/9xGJYNKYYRhjNLMCQSv7JyItkAcueKU= contains 204800 B
[2026-04-19T03:26:44.332Z INFO  worker::batch_maker] Batch tb3OvL2EHgyY+jPK7ZZL8Nju5H1gTKHb7DN6YnTHx7U= contains sample tx 2191
[2026-04-19T03:26:44.332Z INFO  worker::batch_maker] Batch tb3OvL2EHgyY+jPK7ZZL8Nju5H1gTKHb7DN6YnTHx7U= contains 204800 B
[2026-04-19T03:26:44.385Z INFO  worker::batch_maker] Batch xjT3oJGpS4JIZA/mZ6ifGB7tacHo0T6mHl5oT4q7U4I= contains sample tx 2192
[2026-04-19T03:26:44.385Z INFO  worker::batch_maker] Batch xjT3oJGpS4JIZA/mZ6ifGB7tacHo0T6mHl5oT4q7U4I= contains 204800 B
[2026-04-19T03:26:44.437Z INFO  worker::batch_maker] Batch V82hhIxgIcS66crfhSVh/USEJ0uiXju0PvvRmyTKVFs= contains sample tx 2193
[2026-04-19T03:26:44.437Z INFO  worker::batch_maker] Batch V82hhIxgIcS66crfhSVh/USEJ0uiXju0PvvRmyTKVFs= contains 204800 B
[2026-04-19T03:26:44.490Z INFO  worker::batch_maker] Batch kbuTUAOFX+EKyBu/hgcThdb9gpyRzxhmlNHeJ5zcMUk= contains sample tx 2194
[2026-04-19T03:26:44.490Z INFO  worker::batch_maker] Batch kbuTUAOFX+EKyBu/hgcThdb9gpyRzxhmlNHeJ5zcMUk= contains 204800 B
[2026-04-19T03:26:44.543Z INFO  worker::batch_maker] Batch 3sPS2L8FXLflU4WUZPPPVm1S6PKEZsLWUOaoigLZ/Lc= contains sample tx 2195
[2026-04-19T03:26:44.543Z INFO  worker::batch_maker] Batch 3sPS2L8FXLflU4WUZPPPVm1S6PKEZsLWUOaoigLZ/Lc= contains 204800 B
[2026-04-19T03:26:44.595Z INFO  worker::batch_maker] Batch IuwPqCPQSI0EnF8HldF+elRl0Gpd73e4xH6+Z93TiQA= contains sample tx 2196
[2026-04-19T03:26:44.595Z INFO  worker::batch_maker] Batch IuwPqCPQSI0EnF8HldF+elRl0Gpd73e4xH6+Z93TiQA= contains 204800 B
[2026-04-19T03:26:44.646Z INFO  worker::batch_maker] Batch nNY2E0MYiKxcrcBiVn5QZqnncrjuqVE7f0CTYR+YTNQ= contains sample tx 2197
[2026-04-19T03:26:44.646Z INFO  worker::batch_maker] Batch nNY2E0MYiKxcrcBiVn5QZqnncrjuqVE7f0CTYR+YTNQ= contains 204800 B
[2026-04-19T03:26:44.699Z INFO  worker::batch_maker] Batch cy/k6Re0psJ/Di6Q8IgvzpEeZ9MlsZXRsMW9V2Ndp6g= contains sample tx 2198
[2026-04-19T03:26:44.699Z INFO  worker::batch_maker] Batch cy/k6Re0psJ/Di6Q8IgvzpEeZ9MlsZXRsMW9V2Ndp6g= contains 204800 B
[2026-04-19T03:26:44.753Z INFO  worker::batch_maker] Batch 8fx0A5yMoVKev+gDKgEBYmFjTFNWsUbkcZD671FHt+s= contains sample tx 2199
[2026-04-19T03:26:44.753Z INFO  worker::batch_maker] Batch 8fx0A5yMoVKev+gDKgEBYmFjTFNWsUbkcZD671FHt+s= contains 204800 B
[2026-04-19T03:26:44.805Z INFO  worker::batch_maker] Batch 8m/Fk2mc3aHBWrutfMkkqnrwVbHFk5wpRCdNfAE94tg= contains sample tx 2200
[2026-04-19T03:26:44.805Z INFO  worker::batch_maker] Batch 8m/Fk2mc3aHBWrutfMkkqnrwVbHFk5wpRCdNfAE94tg= contains 204800 B
[2026-04-19T03:26:44.858Z INFO  worker::batch_maker] Batch SeQksy7Z3HwgfF8BwQ1Ww4LOZwNTfcOGQ2rvkZYPS/I= contains sample tx 2201
[2026-04-19T03:26:44.858Z INFO  worker::batch_maker] Batch SeQksy7Z3HwgfF8BwQ1Ww4LOZwNTfcOGQ2rvkZYPS/I= contains 260096 B
[2026-04-19T03:26:44.913Z INFO  worker::batch_maker] Batch WH4Grb2pZS4XGPGM8JaJvsmU3CBHvhqL2QBG1KKLDlA= contains sample tx 2202
[2026-04-19T03:26:44.913Z INFO  worker::batch_maker] Batch WH4Grb2pZS4XGPGM8JaJvsmU3CBHvhqL2QBG1KKLDlA= contains sample tx 2203
[2026-04-19T03:26:44.913Z INFO  worker::batch_maker] Batch WH4Grb2pZS4XGPGM8JaJvsmU3CBHvhqL2QBG1KKLDlA= contains 354304 B
[2026-04-19T03:26:44.970Z INFO  worker::batch_maker] Batch jVSgtJc//agC6rNqPZFtefZbBpxhAdP6Ok8EwTK0WlM= contains sample tx 2204
[2026-04-19T03:26:44.970Z INFO  worker::batch_maker] Batch jVSgtJc//agC6rNqPZFtefZbBpxhAdP6Ok8EwTK0WlM= contains 204800 B
[2026-04-19T03:26:45.023Z INFO  worker::batch_maker] Batch chtyXj8/67RZqXTJMpPqteEqx3LtjWP/uJCjmCK9NZQ= contains sample tx 2205
[2026-04-19T03:26:45.023Z INFO  worker::batch_maker] Batch chtyXj8/67RZqXTJMpPqteEqx3LtjWP/uJCjmCK9NZQ= contains 204800 B
[2026-04-19T03:26:45.075Z INFO  worker::batch_maker] Batch 2GS/nFlv3UaCtqUPSuLUHaFIH38NvEtcKY1eilGyQbs= contains sample tx 2206
[2026-04-19T03:26:45.075Z INFO  worker::batch_maker] Batch 2GS/nFlv3UaCtqUPSuLUHaFIH38NvEtcKY1eilGyQbs= contains 204800 B
[2026-04-19T03:26:45.128Z INFO  worker::batch_maker] Batch GUi4mByw5yu8OBH2zsavRp/cozGvRP7N97cUmv8Ovf4= contains sample tx 2207
[2026-04-19T03:26:45.128Z INFO  worker::batch_maker] Batch GUi4mByw5yu8OBH2zsavRp/cozGvRP7N97cUmv8Ovf4= contains 204800 B
[2026-04-19T03:26:45.184Z INFO  worker::batch_maker] Batch 0Q0gCLQo8lJzJezFjuDcKZfU6+l4PHZatRIzPOwJnSE= contains sample tx 2208
[2026-04-19T03:26:45.184Z INFO  worker::batch_maker] Batch 0Q0gCLQo8lJzJezFjuDcKZfU6+l4PHZatRIzPOwJnSE= contains 204800 B
[2026-04-19T03:26:45.239Z INFO  worker::batch_maker] Batch 8uVvfHqxAbIIUd7WbWasIeRQ2sLbbHFwVglLAs+RsOo= contains sample tx 2209
[2026-04-19T03:26:45.239Z INFO  worker::batch_maker] Batch 8uVvfHqxAbIIUd7WbWasIeRQ2sLbbHFwVglLAs+RsOo= contains 204800 B
[2026-04-19T03:26:45.291Z INFO  worker::batch_maker] Batch ypqLz9C/nw/wniZl7socxe09+de2OpFv8YD4/jITCEk= contains sample tx 2210
[2026-04-19T03:26:45.291Z INFO  worker::batch_maker] Batch ypqLz9C/nw/wniZl7socxe09+de2OpFv8YD4/jITCEk= contains 204800 B
[2026-04-19T03:26:45.344Z INFO  worker::batch_maker] Batch bU9iSGNODX4LPjOFfSUseqa/PulfQEENGdsIGoD6AII= contains sample tx 2211
[2026-04-19T03:26:45.344Z INFO  worker::batch_maker] Batch bU9iSGNODX4LPjOFfSUseqa/PulfQEENGdsIGoD6AII= contains 204800 B
[2026-04-19T03:26:45.396Z INFO  worker::batch_maker] Batch dMNxXi/fBFB+5FyG2wl4zZHoPNL/W1LRs8GdeJIsoOQ= contains sample tx 2212
[2026-04-19T03:26:45.396Z INFO  worker::batch_maker] Batch dMNxXi/fBFB+5FyG2wl4zZHoPNL/W1LRs8GdeJIsoOQ= contains 204800 B
[2026-04-19T03:26:45.449Z INFO  worker::batch_maker] Batch ql/2NUrJnvAHicZ0pd730TI7iv2S2s68hEef9E62Tek= contains sample tx 2213
[2026-04-19T03:26:45.450Z INFO  worker::batch_maker] Batch ql/2NUrJnvAHicZ0pd730TI7iv2S2s68hEef9E62Tek= contains 204800 B
[2026-04-19T03:26:45.503Z INFO  worker::batch_maker] Batch Op9Mz85UyDmXi5x+hORYonFvXYtWO5uCw6bCzkxZ1dM= contains sample tx 2214
[2026-04-19T03:26:45.503Z INFO  worker::batch_maker] Batch Op9Mz85UyDmXi5x+hORYonFvXYtWO5uCw6bCzkxZ1dM= contains 204800 B
[2026-04-19T03:26:45.556Z INFO  worker::batch_maker] Batch S+DIWm5oRz/1iac8m6TPNLO/KE5qYligZZhnIUqpWYA= contains sample tx 2215
[2026-04-19T03:26:45.556Z INFO  worker::batch_maker] Batch S+DIWm5oRz/1iac8m6TPNLO/KE5qYligZZhnIUqpWYA= contains 204800 B
[2026-04-19T03:26:45.609Z INFO  worker::batch_maker] Batch xUdAqoy+3x//XwwIjuDnbsVC+VHD4Ku0GkjBRbaHfK0= contains sample tx 2216
[2026-04-19T03:26:45.609Z INFO  worker::batch_maker] Batch xUdAqoy+3x//XwwIjuDnbsVC+VHD4Ku0GkjBRbaHfK0= contains sample tx 2217
[2026-04-19T03:26:45.609Z INFO  worker::batch_maker] Batch xUdAqoy+3x//XwwIjuDnbsVC+VHD4Ku0GkjBRbaHfK0= contains 321024 B
[2026-04-19T03:26:45.664Z INFO  worker::batch_maker] Batch bRdFWtjSQqThW1IdAqm5ase2VCl3mLXE/KYcUwpU7Xo= contains sample tx 2218
[2026-04-19T03:26:45.675Z INFO  worker::batch_maker] Batch bRdFWtjSQqThW1IdAqm5ase2VCl3mLXE/KYcUwpU7Xo= contains 293376 B
[2026-04-19T03:26:45.726Z INFO  worker::batch_maker] Batch 3cJEMhQjOCRddlhU1xv5u8ZHL+Mvhum2s+wtBbQo9F8= contains sample tx 2219
[2026-04-19T03:26:45.726Z INFO  worker::batch_maker] Batch 3cJEMhQjOCRddlhU1xv5u8ZHL+Mvhum2s+wtBbQo9F8= contains 204800 B
[2026-04-19T03:26:45.780Z INFO  worker::batch_maker] Batch ufJ1FsHjz8jaEf3wn5SgYTF6a6ggK4Dkf4SdjTwWv1Q= contains sample tx 2220
[2026-04-19T03:26:45.780Z INFO  worker::batch_maker] Batch ufJ1FsHjz8jaEf3wn5SgYTF6a6ggK4Dkf4SdjTwWv1Q= contains 204800 B
[2026-04-19T03:26:45.832Z INFO  worker::batch_maker] Batch aQ6SjMKksLlBn3u3NOhysmq+Gm/BZvvHU+iEsgj28Q0= contains 113152 B
[2026-04-19T03:26:45.893Z INFO  worker::batch_maker] Batch bDiWmsYkcDWyuMubS1Pd8eFYJDqGnQpMbIQzaTkk4aM= contains sample tx 2221
[2026-04-19T03:26:45.893Z INFO  worker::batch_maker] Batch bDiWmsYkcDWyuMubS1Pd8eFYJDqGnQpMbIQzaTkk4aM= contains sample tx 2222
[2026-04-19T03:26:45.893Z INFO  worker::batch_maker] Batch bDiWmsYkcDWyuMubS1Pd8eFYJDqGnQpMbIQzaTkk4aM= contains 296448 B
[2026-04-19T03:26:45.946Z INFO  worker::batch_maker] Batch WxOI6IHui/cTl4SDe9I5hVHxTW+ZL79T6AXYF5oFPR4= contains sample tx 2223
[2026-04-19T03:26:45.946Z INFO  worker::batch_maker] Batch WxOI6IHui/cTl4SDe9I5hVHxTW+ZL79T6AXYF5oFPR4= contains 204800 B
[2026-04-19T03:26:45.998Z INFO  worker::batch_maker] Batch Z3zM2KG5ETGIrLQqDvNO7Yr8DATKQrZel7/ang/x1/M= contains sample tx 2224
[2026-04-19T03:26:45.998Z INFO  worker::batch_maker] Batch Z3zM2KG5ETGIrLQqDvNO7Yr8DATKQrZel7/ang/x1/M= contains 204800 B
[2026-04-19T03:26:46.051Z INFO  worker::batch_maker] Batch 1ZXF/46g66MEZgmPd5V5ipRjyQip/yAhOdOL2vliUQE= contains sample tx 2225
[2026-04-19T03:26:46.051Z INFO  worker::batch_maker] Batch 1ZXF/46g66MEZgmPd5V5ipRjyQip/yAhOdOL2vliUQE= contains 204800 B
[2026-04-19T03:26:46.105Z INFO  worker::batch_maker] Batch QfFm+cT6O6rygHf++VxPSkfObOgvYm1IDqo1vy9WSSs= contains sample tx 2226
[2026-04-19T03:26:46.105Z INFO  worker::batch_maker] Batch QfFm+cT6O6rygHf++VxPSkfObOgvYm1IDqo1vy9WSSs= contains 204800 B
[2026-04-19T03:26:46.157Z INFO  worker::batch_maker] Batch 3AGy2V6Ggwb7LDMty7BqYuNCWKcFljnKWrdXanyG9lI= contains sample tx 2227
[2026-04-19T03:26:46.157Z INFO  worker::batch_maker] Batch 3AGy2V6Ggwb7LDMty7BqYuNCWKcFljnKWrdXanyG9lI= contains 268800 B
[2026-04-19T03:26:46.212Z INFO  worker::batch_maker] Batch X4OsOVRHPQ6E6bqDGgd8YaHHYZ+nlshXJM0J5El1Nno= contains sample tx 2228
[2026-04-19T03:26:46.212Z INFO  worker::batch_maker] Batch X4OsOVRHPQ6E6bqDGgd8YaHHYZ+nlshXJM0J5El1Nno= contains sample tx 2229
[2026-04-19T03:26:46.212Z INFO  worker::batch_maker] Batch X4OsOVRHPQ6E6bqDGgd8YaHHYZ+nlshXJM0J5El1Nno= contains 345600 B
[2026-04-19T03:26:46.264Z INFO  worker::batch_maker] Batch qCNPoyILPnq+uWnLpWVeqfyabnURED3tSQemLdAQzRA= contains sample tx 2230
[2026-04-19T03:26:46.264Z INFO  worker::batch_maker] Batch qCNPoyILPnq+uWnLpWVeqfyabnURED3tSQemLdAQzRA= contains 204800 B
[2026-04-19T03:26:46.317Z INFO  worker::batch_maker] Batch hJxJYVG4eYSbS1ZaYVFfjLudPt8HmJKKVRkIPu5pu8c= contains sample tx 2231
[2026-04-19T03:26:46.317Z INFO  worker::batch_maker] Batch hJxJYVG4eYSbS1ZaYVFfjLudPt8HmJKKVRkIPu5pu8c= contains 204800 B
[2026-04-19T03:26:46.368Z INFO  worker::batch_maker] Batch 3HlPkUyUBlY7kI8MMWWXu4MWUgeecK8v5D2gTCgfLgE= contains sample tx 2232
[2026-04-19T03:26:46.368Z INFO  worker::batch_maker] Batch 3HlPkUyUBlY7kI8MMWWXu4MWUgeecK8v5D2gTCgfLgE= contains 204800 B
[2026-04-19T03:26:46.420Z INFO  worker::batch_maker] Batch xqrcJBnPUmOpMkQZw47MH0SD1juYGcepQ1eplitoOVE= contains sample tx 2233
[2026-04-19T03:26:46.420Z INFO  worker::batch_maker] Batch xqrcJBnPUmOpMkQZw47MH0SD1juYGcepQ1eplitoOVE= contains 204800 B
[2026-04-19T03:26:46.473Z INFO  worker::batch_maker] Batch Gzx8nxNMiap4FIgLyHpUNQFXWv99QZNUmrPywZ2prec= contains sample tx 2234
[2026-04-19T03:26:46.473Z INFO  worker::batch_maker] Batch Gzx8nxNMiap4FIgLyHpUNQFXWv99QZNUmrPywZ2prec= contains 204800 B
[2026-04-19T03:26:46.526Z INFO  worker::batch_maker] Batch ySuWgTrhAvxlXbpZDKOrPQAxms/BKuzdCixhIG0YezE= contains sample tx 2235
[2026-04-19T03:26:46.526Z INFO  worker::batch_maker] Batch ySuWgTrhAvxlXbpZDKOrPQAxms/BKuzdCixhIG0YezE= contains 204800 B
[2026-04-19T03:26:46.579Z INFO  worker::batch_maker] Batch jOcJiXedUT1CM4rKGKsSzzcjFsLvnyvWPeUesQoXmBg= contains sample tx 2236
[2026-04-19T03:26:46.579Z INFO  worker::batch_maker] Batch jOcJiXedUT1CM4rKGKsSzzcjFsLvnyvWPeUesQoXmBg= contains 204800 B
[2026-04-19T03:26:46.632Z INFO  worker::batch_maker] Batch Lxu/yyOw/7hkrhO7+yW/H9r+GGvU/VIyYw/EvwBwI2c= contains sample tx 2237
[2026-04-19T03:26:46.632Z INFO  worker::batch_maker] Batch Lxu/yyOw/7hkrhO7+yW/H9r+GGvU/VIyYw/EvwBwI2c= contains 204800 B
[2026-04-19T03:26:46.685Z INFO  worker::batch_maker] Batch ZIWgYCbV0hAiqvC+DKWDchfkTYZqzO/PNaNDm9kVufs= contains sample tx 2238
[2026-04-19T03:26:46.685Z INFO  worker::batch_maker] Batch ZIWgYCbV0hAiqvC+DKWDchfkTYZqzO/PNaNDm9kVufs= contains 204800 B
[2026-04-19T03:26:46.738Z INFO  worker::batch_maker] Batch QQq1nlwaR0giuNZEyAdC/lLogop0mEJIVoV6L3cNUO4= contains sample tx 2239
[2026-04-19T03:26:46.738Z INFO  worker::batch_maker] Batch QQq1nlwaR0giuNZEyAdC/lLogop0mEJIVoV6L3cNUO4= contains 204800 B
[2026-04-19T03:26:46.790Z INFO  worker::batch_maker] Batch cQbYEF+/+8d2X86qKVJ7+ZXoIqOcsHm1lsJgRmpLRU4= contains sample tx 2240
[2026-04-19T03:26:46.790Z INFO  worker::batch_maker] Batch cQbYEF+/+8d2X86qKVJ7+ZXoIqOcsHm1lsJgRmpLRU4= contains 204800 B
[2026-04-19T03:26:46.842Z INFO  worker::batch_maker] Batch G5A8mKJOPoJDwqx5QAC93CBnKulpYYKvkQazJmEK/vE= contains sample tx 2241
[2026-04-19T03:26:46.842Z INFO  worker::batch_maker] Batch G5A8mKJOPoJDwqx5QAC93CBnKulpYYKvkQazJmEK/vE= contains 204800 B
[2026-04-19T03:26:46.896Z INFO  worker::batch_maker] Batch fBHuApT0jtfKEJjvK5aJKUh0+HVe1mvyPoUTwLtENaM= contains sample tx 2242
[2026-04-19T03:26:46.896Z INFO  worker::batch_maker] Batch fBHuApT0jtfKEJjvK5aJKUh0+HVe1mvyPoUTwLtENaM= contains 204800 B
[2026-04-19T03:26:46.950Z INFO  worker::batch_maker] Batch vKpNCdHzcf1lfsY2bET1WErS8BtAOLDsE+5qRceonyA= contains sample tx 2243
[2026-04-19T03:26:46.950Z INFO  worker::batch_maker] Batch vKpNCdHzcf1lfsY2bET1WErS8BtAOLDsE+5qRceonyA= contains 204800 B
[2026-04-19T03:26:47.003Z INFO  worker::batch_maker] Batch 9iottPo2em7EoqNTkvfSasigzu1TjqX4rtCUm3cqlSA= contains sample tx 2244
[2026-04-19T03:26:47.003Z INFO  worker::batch_maker] Batch 9iottPo2em7EoqNTkvfSasigzu1TjqX4rtCUm3cqlSA= contains 204800 B
[2026-04-19T03:26:47.055Z INFO  worker::batch_maker] Batch 9TZrI9VVJhaWHepuRxBW7ZUhAjHg+uLKLw5TYxW3N3k= contains sample tx 2245
[2026-04-19T03:26:47.055Z INFO  worker::batch_maker] Batch 9TZrI9VVJhaWHepuRxBW7ZUhAjHg+uLKLw5TYxW3N3k= contains 204800 B
[2026-04-19T03:26:47.107Z INFO  worker::batch_maker] Batch pSEyiBlnY8gY5jKSqu18TWi2dBBlFRuKpyqSJEHnmxg= contains sample tx 2246
[2026-04-19T03:26:47.107Z INFO  worker::batch_maker] Batch pSEyiBlnY8gY5jKSqu18TWi2dBBlFRuKpyqSJEHnmxg= contains 259584 B
[2026-04-19T03:26:47.162Z INFO  worker::batch_maker] Batch IqYZM/MCeU1gNRx09tR/9xXSnukdB66j5j77efE7uok= contains sample tx 2247
[2026-04-19T03:26:47.162Z INFO  worker::batch_maker] Batch IqYZM/MCeU1gNRx09tR/9xXSnukdB66j5j77efE7uok= contains sample tx 2248
[2026-04-19T03:26:47.162Z INFO  worker::batch_maker] Batch IqYZM/MCeU1gNRx09tR/9xXSnukdB66j5j77efE7uok= contains 312832 B
[2026-04-19T03:26:47.217Z INFO  worker::batch_maker] Batch BR2pGnedB8oLlDCQwR/Vp6W6AtKZha8VnSFr2WiKpxM= contains sample tx 2249
[2026-04-19T03:26:47.217Z INFO  worker::batch_maker] Batch BR2pGnedB8oLlDCQwR/Vp6W6AtKZha8VnSFr2WiKpxM= contains 246784 B
[2026-04-19T03:26:47.270Z INFO  worker::batch_maker] Batch eLmrn1JqjKvGvz4fX5l/55tuQnv37RtByHRwXjkMMpM= contains sample tx 2250
[2026-04-19T03:26:47.270Z INFO  worker::batch_maker] Batch eLmrn1JqjKvGvz4fX5l/55tuQnv37RtByHRwXjkMMpM= contains 204800 B
[2026-04-19T03:26:47.322Z INFO  worker::batch_maker] Batch L/jW6VjDM16W6g5dA7+BX2inDe537AvDXstqiuHxjNU= contains sample tx 2251
[2026-04-19T03:26:47.322Z INFO  worker::batch_maker] Batch L/jW6VjDM16W6g5dA7+BX2inDe537AvDXstqiuHxjNU= contains 204800 B
[2026-04-19T03:26:47.374Z INFO  worker::batch_maker] Batch 93yj+Dn0+DCKDqsx4lKEuAj8NMosnCTuKy8UuYSLyG4= contains sample tx 2252
[2026-04-19T03:26:47.374Z INFO  worker::batch_maker] Batch 93yj+Dn0+DCKDqsx4lKEuAj8NMosnCTuKy8UuYSLyG4= contains 204800 B
[2026-04-19T03:26:47.426Z INFO  worker::batch_maker] Batch 8ikDhCy95QWafCG7VwKhNseC0CdJ9pz55N7J0Dt8VVM= contains sample tx 2253
[2026-04-19T03:26:47.426Z INFO  worker::batch_maker] Batch 8ikDhCy95QWafCG7VwKhNseC0CdJ9pz55N7J0Dt8VVM= contains 204800 B
[2026-04-19T03:26:47.478Z INFO  worker::batch_maker] Batch fznYVF9et1nd7peq9Q0rbb0NzIHuFrUA8NWDrWNlsmQ= contains sample tx 2254
[2026-04-19T03:26:47.478Z INFO  worker::batch_maker] Batch fznYVF9et1nd7peq9Q0rbb0NzIHuFrUA8NWDrWNlsmQ= contains 204800 B
[2026-04-19T03:26:47.531Z INFO  worker::batch_maker] Batch gIKZoMet9LPmpb1cPoairehzNric/OjnnRfiAjRT8ic= contains sample tx 2255
[2026-04-19T03:26:47.531Z INFO  worker::batch_maker] Batch gIKZoMet9LPmpb1cPoairehzNric/OjnnRfiAjRT8ic= contains 204800 B
[2026-04-19T03:26:47.585Z INFO  worker::batch_maker] Batch rg0fJnP+1mU2ceeHwQjo6dyxHjaNdTbhyxzNqpi/XU8= contains sample tx 2256
[2026-04-19T03:26:47.585Z INFO  worker::batch_maker] Batch rg0fJnP+1mU2ceeHwQjo6dyxHjaNdTbhyxzNqpi/XU8= contains 204800 B
[2026-04-19T03:26:47.639Z INFO  worker::batch_maker] Batch 6+iU6+zojQ+dDlVS6Oq7NxemtWJkBc0MdihYKfYBPs4= contains sample tx 2257
[2026-04-19T03:26:47.639Z INFO  worker::batch_maker] Batch 6+iU6+zojQ+dDlVS6Oq7NxemtWJkBc0MdihYKfYBPs4= contains 204800 B
[2026-04-19T03:26:47.691Z INFO  worker::batch_maker] Batch oZWnX7fH3UT8m5UnNZ1tXqFB6O+OMSWsSiI/FpD0TUk= contains sample tx 2258
[2026-04-19T03:26:47.691Z INFO  worker::batch_maker] Batch oZWnX7fH3UT8m5UnNZ1tXqFB6O+OMSWsSiI/FpD0TUk= contains 204800 B
[2026-04-19T03:26:47.743Z INFO  worker::batch_maker] Batch 4fnJyZRu3A0By6AQLxYGZPENIHmhxU7+4kN5oXQfH0s= contains sample tx 2259
[2026-04-19T03:26:47.743Z INFO  worker::batch_maker] Batch 4fnJyZRu3A0By6AQLxYGZPENIHmhxU7+4kN5oXQfH0s= contains 204800 B
[2026-04-19T03:26:47.795Z INFO  worker::batch_maker] Batch Lfrg/6sfEM//A/Hzh1ltjQSBpHlOpn73Nkn3jVsiTRE= contains sample tx 2260
[2026-04-19T03:26:47.795Z INFO  worker::batch_maker] Batch Lfrg/6sfEM//A/Hzh1ltjQSBpHlOpn73Nkn3jVsiTRE= contains 204800 B
[2026-04-19T03:26:47.846Z INFO  worker::batch_maker] Batch HEifVCYXz6FioOianTLbB9zGlDe+nbEtrmzZqwJUFTU= contains sample tx 2261
[2026-04-19T03:26:47.847Z INFO  worker::batch_maker] Batch HEifVCYXz6FioOianTLbB9zGlDe+nbEtrmzZqwJUFTU= contains 204800 B
[2026-04-19T03:26:47.899Z INFO  worker::batch_maker] Batch lT9u2asVZCJGIfYPmXZFhpur94GpMTcl+jmRFhh7nwQ= contains sample tx 2262
[2026-04-19T03:26:47.899Z INFO  worker::batch_maker] Batch lT9u2asVZCJGIfYPmXZFhpur94GpMTcl+jmRFhh7nwQ= contains 204800 B
[2026-04-19T03:26:47.951Z INFO  worker::batch_maker] Batch 8/8WDFXH2ryVPcYcEjZ0O0ytVZ8rV2saE2bsD2Qomjg= contains sample tx 2263
[2026-04-19T03:26:47.951Z INFO  worker::batch_maker] Batch 8/8WDFXH2ryVPcYcEjZ0O0ytVZ8rV2saE2bsD2Qomjg= contains 204800 B
[2026-04-19T03:26:48.002Z INFO  worker::batch_maker] Batch iEom7jiBQf8BfFv6UHhTw0EiDPpDOfYnK6l8J2HDbGU= contains sample tx 2264
[2026-04-19T03:26:48.002Z INFO  worker::batch_maker] Batch iEom7jiBQf8BfFv6UHhTw0EiDPpDOfYnK6l8J2HDbGU= contains 204800 B
[2026-04-19T03:26:48.054Z INFO  worker::batch_maker] Batch z3BUNRhhMP69Ubuj7Inr9zwvSywlOX84Yap8yHa24pQ= contains sample tx 2265
[2026-04-19T03:26:48.054Z INFO  worker::batch_maker] Batch z3BUNRhhMP69Ubuj7Inr9zwvSywlOX84Yap8yHa24pQ= contains 204800 B
[2026-04-19T03:26:48.108Z INFO  worker::batch_maker] Batch N+xyw3A2SAJGrjZiQRBsrQx8V1Rvs+B68PRa0RDbntA= contains sample tx 2266
[2026-04-19T03:26:48.108Z INFO  worker::batch_maker] Batch N+xyw3A2SAJGrjZiQRBsrQx8V1Rvs+B68PRa0RDbntA= contains 244224 B
[2026-04-19T03:26:48.160Z INFO  worker::batch_maker] Batch 8/gh+GwV2Iamhkb/BBWRNGEecuJP3uz+4vv5wMGu3Ic= contains sample tx 2267
[2026-04-19T03:26:48.160Z INFO  worker::batch_maker] Batch 8/gh+GwV2Iamhkb/BBWRNGEecuJP3uz+4vv5wMGu3Ic= contains sample tx 2268
[2026-04-19T03:26:48.160Z INFO  worker::batch_maker] Batch 8/gh+GwV2Iamhkb/BBWRNGEecuJP3uz+4vv5wMGu3Ic= contains 370176 B
[2026-04-19T03:26:48.214Z INFO  worker::batch_maker] Batch rUGsRqGc4vjbmsPQoXPWpqZaNO0gcqa6Ca7RM/kOc48= contains sample tx 2269
[2026-04-19T03:26:48.214Z INFO  worker::batch_maker] Batch rUGsRqGc4vjbmsPQoXPWpqZaNO0gcqa6Ca7RM/kOc48= contains 204800 B
[2026-04-19T03:26:48.266Z INFO  worker::batch_maker] Batch JCrsDXJM6ubMdPVuF9u5Ll9vvPOVZjFt8SWQoeIeIyA= contains sample tx 2270
[2026-04-19T03:26:48.266Z INFO  worker::batch_maker] Batch JCrsDXJM6ubMdPVuF9u5Ll9vvPOVZjFt8SWQoeIeIyA= contains 204800 B
[2026-04-19T03:26:48.320Z INFO  worker::batch_maker] Batch ETyexA8pDXujh7pBEC0hLmazKGo/o3uF7ExEG8NtNbI= contains sample tx 2271
[2026-04-19T03:26:48.320Z INFO  worker::batch_maker] Batch ETyexA8pDXujh7pBEC0hLmazKGo/o3uF7ExEG8NtNbI= contains 204800 B
[2026-04-19T03:26:48.372Z INFO  worker::batch_maker] Batch rdjZ/TKapVLHw0uMxChV3wG7q3ChvJKfa8LcHrhYKRY= contains sample tx 2272
[2026-04-19T03:26:48.372Z INFO  worker::batch_maker] Batch rdjZ/TKapVLHw0uMxChV3wG7q3ChvJKfa8LcHrhYKRY= contains 204800 B
[2026-04-19T03:26:48.424Z INFO  worker::batch_maker] Batch hnTc2lD/bjE1D2ogPJ846UrV+8wj0/N1L/FCl33564U= contains sample tx 2273
[2026-04-19T03:26:48.424Z INFO  worker::batch_maker] Batch hnTc2lD/bjE1D2ogPJ846UrV+8wj0/N1L/FCl33564U= contains 204800 B
[2026-04-19T03:26:48.476Z INFO  worker::batch_maker] Batch 7yeKCdJrit8EkfRqD/osBHE98QUYYxfCcs1RQdigxWI= contains sample tx 2274
[2026-04-19T03:26:48.476Z INFO  worker::batch_maker] Batch 7yeKCdJrit8EkfRqD/osBHE98QUYYxfCcs1RQdigxWI= contains 204800 B
[2026-04-19T03:26:48.528Z INFO  worker::batch_maker] Batch NEbY87cwKJLBsmdbrEKdKOuefzuqWt7E7zcszDdI5Wo= contains sample tx 2275
[2026-04-19T03:26:48.528Z INFO  worker::batch_maker] Batch NEbY87cwKJLBsmdbrEKdKOuefzuqWt7E7zcszDdI5Wo= contains 204800 B
[2026-04-19T03:26:48.582Z INFO  worker::batch_maker] Batch XmDpgr43GBWQ3UnZfl3u0R42yeAZO64ygz7JZcitZwg= contains sample tx 2276
[2026-04-19T03:26:48.582Z INFO  worker::batch_maker] Batch XmDpgr43GBWQ3UnZfl3u0R42yeAZO64ygz7JZcitZwg= contains 204800 B
[2026-04-19T03:26:48.635Z INFO  worker::batch_maker] Batch X49mRU/v/z66KL/khMeML5K9mNJcyNmjsD9rXa0CziQ= contains sample tx 2277
[2026-04-19T03:26:48.635Z INFO  worker::batch_maker] Batch X49mRU/v/z66KL/khMeML5K9mNJcyNmjsD9rXa0CziQ= contains 204800 B
[2026-04-19T03:26:48.686Z INFO  worker::batch_maker] Batch zNlY7Xjr+sQy+FKKOhdpp5lchVaoTg6YtRCJkcoyYK0= contains sample tx 2278
[2026-04-19T03:26:48.686Z INFO  worker::batch_maker] Batch zNlY7Xjr+sQy+FKKOhdpp5lchVaoTg6YtRCJkcoyYK0= contains 204800 B
[2026-04-19T03:26:48.738Z INFO  worker::batch_maker] Batch Seq4TUKoVJ6rXDSD2+ayODU/f8Ovew3UeWWJSy6YA5U= contains sample tx 2279
[2026-04-19T03:26:48.738Z INFO  worker::batch_maker] Batch Seq4TUKoVJ6rXDSD2+ayODU/f8Ovew3UeWWJSy6YA5U= contains 204800 B
[2026-04-19T03:26:48.791Z INFO  worker::batch_maker] Batch MI+mPcaf8xeOX0HtZa1SMSrK5o9PSFtUnH31Imx9zZA= contains sample tx 2280
[2026-04-19T03:26:48.791Z INFO  worker::batch_maker] Batch MI+mPcaf8xeOX0HtZa1SMSrK5o9PSFtUnH31Imx9zZA= contains 204800 B
[2026-04-19T03:26:48.843Z INFO  worker::batch_maker] Batch wa3hbD/SE+mkWzC1HiXBtUy/ksXIrRiUc/g3Q+OtXeY= contains sample tx 2281
[2026-04-19T03:26:48.843Z INFO  worker::batch_maker] Batch wa3hbD/SE+mkWzC1HiXBtUy/ksXIrRiUc/g3Q+OtXeY= contains 204800 B
[2026-04-19T03:26:48.895Z INFO  worker::batch_maker] Batch CKa1UZ0JxT1Zfq9+C7oZfqkHb03Iq/+Xnzl5P1xvO+4= contains sample tx 2282
[2026-04-19T03:26:48.895Z INFO  worker::batch_maker] Batch CKa1UZ0JxT1Zfq9+C7oZfqkHb03Iq/+Xnzl5P1xvO+4= contains 204800 B
[2026-04-19T03:26:48.948Z INFO  worker::batch_maker] Batch jGqFeqpy45BRF5KDvAOrZBQvKI6fYZVEVpE5rqZ9+mE= contains sample tx 2283
[2026-04-19T03:26:48.948Z INFO  worker::batch_maker] Batch jGqFeqpy45BRF5KDvAOrZBQvKI6fYZVEVpE5rqZ9+mE= contains 204800 B
[2026-04-19T03:26:49.000Z INFO  worker::batch_maker] Batch V7FdUFNHi9e3CC9SlIU1ZodC08bjtL0kqDgt6xXmik4= contains sample tx 2284
[2026-04-19T03:26:49.000Z INFO  worker::batch_maker] Batch V7FdUFNHi9e3CC9SlIU1ZodC08bjtL0kqDgt6xXmik4= contains 204800 B
[2026-04-19T03:26:49.052Z INFO  worker::batch_maker] Batch xk6Gzy9HmYhbThQpzRhdeK387RVvhmkzYi4p+yzLKyY= contains sample tx 2285
[2026-04-19T03:26:49.052Z INFO  worker::batch_maker] Batch xk6Gzy9HmYhbThQpzRhdeK387RVvhmkzYi4p+yzLKyY= contains 204800 B
[2026-04-19T03:26:49.106Z INFO  worker::batch_maker] Batch nnuWvvOinZpk4GTTxYr01GxdfbxzNG/gzkNI0bgtpAg= contains sample tx 2286
[2026-04-19T03:26:49.106Z INFO  worker::batch_maker] Batch nnuWvvOinZpk4GTTxYr01GxdfbxzNG/gzkNI0bgtpAg= contains 204800 B
[2026-04-19T03:26:49.158Z INFO  worker::batch_maker] Batch xvPfd3O1eRYKSgADaac4oLRpH0vC8ytU24JrbmRjh2o= contains sample tx 2287
[2026-04-19T03:26:49.158Z INFO  worker::batch_maker] Batch xvPfd3O1eRYKSgADaac4oLRpH0vC8ytU24JrbmRjh2o= contains sample tx 2288
[2026-04-19T03:26:49.158Z INFO  worker::batch_maker] Batch xvPfd3O1eRYKSgADaac4oLRpH0vC8ytU24JrbmRjh2o= contains 404480 B
[2026-04-19T03:26:49.209Z INFO  worker::batch_maker] Batch Qem8YhJZbqvlWNKrRsvVcdVmTVVIh9hK9lGQXRZrv2I= contains 61952 B
[2026-04-19T03:26:49.262Z INFO  worker::batch_maker] Batch gCgjl+2yi4aAcEhXVP9yBX/MyIYiQ9kEuEnFcY5III4= contains sample tx 2289
[2026-04-19T03:26:49.262Z INFO  worker::batch_maker] Batch gCgjl+2yi4aAcEhXVP9yBX/MyIYiQ9kEuEnFcY5III4= contains sample tx 2290
[2026-04-19T03:26:49.262Z INFO  worker::batch_maker] Batch gCgjl+2yi4aAcEhXVP9yBX/MyIYiQ9kEuEnFcY5III4= contains 352768 B
[2026-04-19T03:26:49.315Z INFO  worker::batch_maker] Batch tnl/xiJuXq+ZvZWHBUQD0QCGdP4IJM1xpBJUDVXroSo= contains sample tx 2291
[2026-04-19T03:26:49.315Z INFO  worker::batch_maker] Batch tnl/xiJuXq+ZvZWHBUQD0QCGdP4IJM1xpBJUDVXroSo= contains 204800 B
[2026-04-19T03:26:49.366Z INFO  worker::batch_maker] Batch AAe3OBjvoxvtMQIdTFHG1sD8nTLcBtP90eA6sdAkeps= contains sample tx 2292
[2026-04-19T03:26:49.366Z INFO  worker::batch_maker] Batch AAe3OBjvoxvtMQIdTFHG1sD8nTLcBtP90eA6sdAkeps= contains 204800 B
[2026-04-19T03:26:49.420Z INFO  worker::batch_maker] Batch XCRuxs/UKNzRexUE5JI3FtM0+El/L+kWif1L4GjYKgM= contains sample tx 2293
[2026-04-19T03:26:49.420Z INFO  worker::batch_maker] Batch XCRuxs/UKNzRexUE5JI3FtM0+El/L+kWif1L4GjYKgM= contains 204800 B
[2026-04-19T03:26:49.471Z INFO  worker::batch_maker] Batch C8dW6hGqq3XbhtEvXyHOIYeg9Q9zexr79H/2bY3U1JQ= contains sample tx 2294
[2026-04-19T03:26:49.471Z INFO  worker::batch_maker] Batch C8dW6hGqq3XbhtEvXyHOIYeg9Q9zexr79H/2bY3U1JQ= contains 204800 B
[2026-04-19T03:26:49.523Z INFO  worker::batch_maker] Batch Y/QbVgHoNoHe+1YfX7yAa2oiyVxvg9UFWY6TZ2DtqGU= contains sample tx 2295
[2026-04-19T03:26:49.523Z INFO  worker::batch_maker] Batch Y/QbVgHoNoHe+1YfX7yAa2oiyVxvg9UFWY6TZ2DtqGU= contains 204800 B
[2026-04-19T03:26:49.575Z INFO  worker::batch_maker] Batch Nhib5uXwkKQ2HZZm8lP7dwGfT/nkXc5z2JcAUWHiTC8= contains sample tx 2296
[2026-04-19T03:26:49.575Z INFO  worker::batch_maker] Batch Nhib5uXwkKQ2HZZm8lP7dwGfT/nkXc5z2JcAUWHiTC8= contains 204800 B
[2026-04-19T03:26:49.628Z INFO  worker::batch_maker] Batch QSsJkSR36dTOlGDB2Dx4A0WmVfeMvASn+mgVJLAubM4= contains sample tx 2297
[2026-04-19T03:26:49.628Z INFO  worker::batch_maker] Batch QSsJkSR36dTOlGDB2Dx4A0WmVfeMvASn+mgVJLAubM4= contains 204800 B
[2026-04-19T03:26:49.679Z INFO  worker::batch_maker] Batch GQ+uUNaJSiKXIAwsdpIQ2bLtR9SzHvo/5EBIPwAxagY= contains sample tx 2298
[2026-04-19T03:26:49.679Z INFO  worker::batch_maker] Batch GQ+uUNaJSiKXIAwsdpIQ2bLtR9SzHvo/5EBIPwAxagY= contains 204800 B
[2026-04-19T03:26:49.732Z INFO  worker::batch_maker] Batch 0WNg693Fk0pOoScRApsSVdbL2mW1SuV4okl2PP2cSvQ= contains sample tx 2299
[2026-04-19T03:26:49.732Z INFO  worker::batch_maker] Batch 0WNg693Fk0pOoScRApsSVdbL2mW1SuV4okl2PP2cSvQ= contains 204800 B
[2026-04-19T03:26:49.784Z INFO  worker::batch_maker] Batch gQASVFqyLxb0ghn6oF0L8MgunTq0uvrsupzPjOi3HNw= contains sample tx 2300
[2026-04-19T03:26:49.784Z INFO  worker::batch_maker] Batch gQASVFqyLxb0ghn6oF0L8MgunTq0uvrsupzPjOi3HNw= contains 204800 B
[2026-04-19T03:26:49.836Z INFO  worker::batch_maker] Batch fXoHzMTpsvRDhOYwE2iZS69sr+hTxghZNgRufmXHH8s= contains sample tx 2301
[2026-04-19T03:26:49.836Z INFO  worker::batch_maker] Batch fXoHzMTpsvRDhOYwE2iZS69sr+hTxghZNgRufmXHH8s= contains 204800 B
[2026-04-19T03:26:49.889Z INFO  worker::batch_maker] Batch mmBMdUWT0nI1sGauaazAHtsan7o+WSu1dzyv9z904KY= contains sample tx 2302
[2026-04-19T03:26:49.889Z INFO  worker::batch_maker] Batch mmBMdUWT0nI1sGauaazAHtsan7o+WSu1dzyv9z904KY= contains 204800 B
[2026-04-19T03:26:49.942Z INFO  worker::batch_maker] Batch 5Dc20f3apK9dBAzWkZ9JGIsbAwTSYNoLBmS0lohtj+0= contains sample tx 2303
[2026-04-19T03:26:49.942Z INFO  worker::batch_maker] Batch 5Dc20f3apK9dBAzWkZ9JGIsbAwTSYNoLBmS0lohtj+0= contains 204800 B
[2026-04-19T03:26:49.993Z INFO  worker::batch_maker] Batch 8h41D7RZXwyTK77TUiY/nnanKvBA+OIoOLywSH/0Qqo= contains sample tx 2304
[2026-04-19T03:26:49.993Z INFO  worker::batch_maker] Batch 8h41D7RZXwyTK77TUiY/nnanKvBA+OIoOLywSH/0Qqo= contains 204800 B
[2026-04-19T03:26:50.046Z INFO  worker::batch_maker] Batch 8RqGc+kUHVnoWyYRmxzUp+k9JA5c9bQ/wRBgo0AgUw8= contains sample tx 2305
[2026-04-19T03:26:50.046Z INFO  worker::batch_maker] Batch 8RqGc+kUHVnoWyYRmxzUp+k9JA5c9bQ/wRBgo0AgUw8= contains 204800 B
[2026-04-19T03:26:50.097Z INFO  worker::batch_maker] Batch jQ9YRjm27q7q7r46Z7tyGiA4G6/Krz0c2viD5Nku2Jc= contains sample tx 2306
[2026-04-19T03:26:50.097Z INFO  worker::batch_maker] Batch jQ9YRjm27q7q7r46Z7tyGiA4G6/Krz0c2viD5Nku2Jc= contains 204800 B
[2026-04-19T03:26:50.150Z INFO  worker::batch_maker] Batch 1bWaGHUFUbJ9XWN7uQWxH0PgvcftS46wuso5cU6fjCw= contains sample tx 2307
[2026-04-19T03:26:50.150Z INFO  worker::batch_maker] Batch 1bWaGHUFUbJ9XWN7uQWxH0PgvcftS46wuso5cU6fjCw= contains 204800 B
[2026-04-19T03:26:50.202Z INFO  worker::batch_maker] Batch aFcCmd/Dal2VsJ+gD5gEdd9bFLS1nNjy4R+6ymcO7k4= contains sample tx 2308
[2026-04-19T03:26:50.202Z INFO  worker::batch_maker] Batch aFcCmd/Dal2VsJ+gD5gEdd9bFLS1nNjy4R+6ymcO7k4= contains 204800 B
[2026-04-19T03:26:50.255Z INFO  worker::batch_maker] Batch ZkO/Ns5NXcjmLjDGMR96y0uKYiz47IqbpIhDJbu5XFY= contains sample tx 2309
[2026-04-19T03:26:50.256Z INFO  worker::batch_maker] Batch ZkO/Ns5NXcjmLjDGMR96y0uKYiz47IqbpIhDJbu5XFY= contains 204800 B
[2026-04-19T03:26:50.309Z INFO  worker::batch_maker] Batch XbdKh/1UrcwCfnG512fuPxqmAKnfbJQvwzvBL6p3CC0= contains sample tx 2310
[2026-04-19T03:26:50.309Z INFO  worker::batch_maker] Batch XbdKh/1UrcwCfnG512fuPxqmAKnfbJQvwzvBL6p3CC0= contains sample tx 2311
[2026-04-19T03:26:50.309Z INFO  worker::batch_maker] Batch XbdKh/1UrcwCfnG512fuPxqmAKnfbJQvwzvBL6p3CC0= contains 378368 B
[2026-04-19T03:26:50.362Z INFO  worker::batch_maker] Batch +osRzWG/6gNtTOSzLVZQjP8QI0bl3EzDRI6NCBGu3w8= contains sample tx 2312
[2026-04-19T03:26:50.362Z INFO  worker::batch_maker] Batch +osRzWG/6gNtTOSzLVZQjP8QI0bl3EzDRI6NCBGu3w8= contains 236032 B
[2026-04-19T03:26:50.419Z INFO  worker::batch_maker] Batch dNQ/HuoPfWznvwEsjCB4r7gEyYGuFVFx6KlG0bOkpm8= contains sample tx 2313
[2026-04-19T03:26:50.419Z INFO  worker::batch_maker] Batch dNQ/HuoPfWznvwEsjCB4r7gEyYGuFVFx6KlG0bOkpm8= contains 204800 B
[2026-04-19T03:26:50.472Z INFO  worker::batch_maker] Batch AlqakK5WYl92BQCeFPWQqrH7r1fIZjrXXWZXOvdMfFo= contains sample tx 2314
[2026-04-19T03:26:50.472Z INFO  worker::batch_maker] Batch AlqakK5WYl92BQCeFPWQqrH7r1fIZjrXXWZXOvdMfFo= contains 204800 B
[2026-04-19T03:26:50.525Z INFO  worker::batch_maker] Batch T9BXVgk0VJ8hahilr4YWrqmisvnLM9NlLZZfCiNzzdk= contains sample tx 2315
[2026-04-19T03:26:50.525Z INFO  worker::batch_maker] Batch T9BXVgk0VJ8hahilr4YWrqmisvnLM9NlLZZfCiNzzdk= contains 204800 B
[2026-04-19T03:26:50.578Z INFO  worker::batch_maker] Batch MSTSYlAlnHuJejpzQymBY1K74d1Wd319Knmt813k8hM= contains sample tx 2316
[2026-04-19T03:26:50.578Z INFO  worker::batch_maker] Batch MSTSYlAlnHuJejpzQymBY1K74d1Wd319Knmt813k8hM= contains 204800 B
[2026-04-19T03:26:50.632Z INFO  worker::batch_maker] Batch 995v6Ux9tPYxN1U/X6RHeAZArAPAdJ9OgGQh4po5YS4= contains sample tx 2317
[2026-04-19T03:26:50.633Z INFO  worker::batch_maker] Batch 995v6Ux9tPYxN1U/X6RHeAZArAPAdJ9OgGQh4po5YS4= contains 204800 B
[2026-04-19T03:26:50.687Z INFO  worker::batch_maker] Batch wCmV0XTQjXE1M+j1yMQTojvI9Y5iAUU4jown61nulig= contains sample tx 2318
[2026-04-19T03:26:50.687Z INFO  worker::batch_maker] Batch wCmV0XTQjXE1M+j1yMQTojvI9Y5iAUU4jown61nulig= contains 204800 B
[2026-04-19T03:26:50.740Z INFO  worker::batch_maker] Batch aB1syTg0bFgFtCpqkfQfy1V0gI+EiWa/hLVxmYINJ8w= contains sample tx 2319
[2026-04-19T03:26:50.740Z INFO  worker::batch_maker] Batch aB1syTg0bFgFtCpqkfQfy1V0gI+EiWa/hLVxmYINJ8w= contains 204800 B
[2026-04-19T03:26:50.793Z INFO  worker::batch_maker] Batch Sn3q3lssSeT2psrBn5WvUlGnztOd+xchfY6fUka2E9Q= contains sample tx 2320
[2026-04-19T03:26:50.793Z INFO  worker::batch_maker] Batch Sn3q3lssSeT2psrBn5WvUlGnztOd+xchfY6fUka2E9Q= contains 204800 B
[2026-04-19T03:26:50.846Z INFO  worker::batch_maker] Batch /E/T2ixYpNFHmEXw4orVlKQ9a+4asIA3WwT8MDosO1w= contains sample tx 2321
[2026-04-19T03:26:50.846Z INFO  worker::batch_maker] Batch /E/T2ixYpNFHmEXw4orVlKQ9a+4asIA3WwT8MDosO1w= contains 204800 B
[2026-04-19T03:26:50.899Z INFO  worker::batch_maker] Batch eR08JhYfpgGK605yCobBhc90Z+m5dhDY8R2HMbfKmuw= contains sample tx 2322
[2026-04-19T03:26:50.899Z INFO  worker::batch_maker] Batch eR08JhYfpgGK605yCobBhc90Z+m5dhDY8R2HMbfKmuw= contains 204800 B
[2026-04-19T03:26:50.952Z INFO  worker::batch_maker] Batch CXHw6A5QW01kbiLYx5NVMI8hNjYBtk4Dc9rsZkCcjE8= contains sample tx 2323
[2026-04-19T03:26:50.952Z INFO  worker::batch_maker] Batch CXHw6A5QW01kbiLYx5NVMI8hNjYBtk4Dc9rsZkCcjE8= contains 204800 B
[2026-04-19T03:26:51.005Z INFO  worker::batch_maker] Batch y4EIdTQ9ktOz2+lyGn7fpt/zrDGtdaGw1kEFxxplO9g= contains sample tx 2324
[2026-04-19T03:26:51.005Z INFO  worker::batch_maker] Batch y4EIdTQ9ktOz2+lyGn7fpt/zrDGtdaGw1kEFxxplO9g= contains 204800 B
[2026-04-19T03:26:51.057Z INFO  worker::batch_maker] Batch FcD4uXCyAGUINvF7UZD3pjsxCjlcjTAbDImDHEAA548= contains sample tx 2325
[2026-04-19T03:26:51.057Z INFO  worker::batch_maker] Batch FcD4uXCyAGUINvF7UZD3pjsxCjlcjTAbDImDHEAA548= contains 300032 B
[2026-04-19T03:26:51.109Z INFO  worker::batch_maker] Batch VGgbfWVY2vSslt0DjaHQAMZ7LmLRqZ6IfURYG9cWe/c= contains sample tx 2326
[2026-04-19T03:26:51.109Z INFO  worker::batch_maker] Batch VGgbfWVY2vSslt0DjaHQAMZ7LmLRqZ6IfURYG9cWe/c= contains sample tx 2327
[2026-04-19T03:26:51.109Z INFO  worker::batch_maker] Batch VGgbfWVY2vSslt0DjaHQAMZ7LmLRqZ6IfURYG9cWe/c= contains 314368 B
[2026-04-19T03:26:51.161Z INFO  worker::batch_maker] Batch hxptDl4KoWv0PMND1GWCNpA8xEhjqgS57bgOrjKNDdg= contains sample tx 2328
[2026-04-19T03:26:51.161Z INFO  worker::batch_maker] Batch hxptDl4KoWv0PMND1GWCNpA8xEhjqgS57bgOrjKNDdg= contains 204800 B
[2026-04-19T03:26:51.213Z INFO  worker::batch_maker] Batch 3/MS1nt7aO3l16LLxl+XJU99ApHoqX3opMOUXqP8b20= contains sample tx 2329
[2026-04-19T03:26:51.213Z INFO  worker::batch_maker] Batch 3/MS1nt7aO3l16LLxl+XJU99ApHoqX3opMOUXqP8b20= contains 204800 B
[2026-04-19T03:26:51.265Z INFO  worker::batch_maker] Batch 94I25jGcybnqTIrlgjuEjNVbntsG3/2JT12U7wTE6oc= contains sample tx 2330
[2026-04-19T03:26:51.265Z INFO  worker::batch_maker] Batch 94I25jGcybnqTIrlgjuEjNVbntsG3/2JT12U7wTE6oc= contains 204800 B
[2026-04-19T03:26:51.317Z INFO  worker::batch_maker] Batch E++hZMo1kNFfknZkv+7biD72DTqLKPzFN6YCsAKDvGE= contains sample tx 2331
[2026-04-19T03:26:51.317Z INFO  worker::batch_maker] Batch E++hZMo1kNFfknZkv+7biD72DTqLKPzFN6YCsAKDvGE= contains 204800 B
[2026-04-19T03:26:51.368Z INFO  worker::batch_maker] Batch C+Yngz+XqmMngwtZE274tjnOpMHhYAFDEWqxwie17Pw= contains sample tx 2332
[2026-04-19T03:26:51.368Z INFO  worker::batch_maker] Batch C+Yngz+XqmMngwtZE274tjnOpMHhYAFDEWqxwie17Pw= contains 204800 B
[2026-04-19T03:26:51.424Z INFO  worker::batch_maker] Batch r8Hg0TxiQ98VYxZImxYlTGRhpwtswH2VVOsEfQTMPzU= contains sample tx 2333
[2026-04-19T03:26:51.424Z INFO  worker::batch_maker] Batch r8Hg0TxiQ98VYxZImxYlTGRhpwtswH2VVOsEfQTMPzU= contains 204800 B
[2026-04-19T03:26:51.477Z INFO  worker::batch_maker] Batch FXO7LO2vOpJOtQdpF70R7AtBCwI+viB75b6vS9jHIVs= contains sample tx 2334
[2026-04-19T03:26:51.477Z INFO  worker::batch_maker] Batch FXO7LO2vOpJOtQdpF70R7AtBCwI+viB75b6vS9jHIVs= contains 204800 B
[2026-04-19T03:26:51.530Z INFO  worker::batch_maker] Batch msRjIfX+k4XarTvnEe6RfPhUXSLhR6u7pTVber2+25E= contains sample tx 2335
[2026-04-19T03:26:51.530Z INFO  worker::batch_maker] Batch msRjIfX+k4XarTvnEe6RfPhUXSLhR6u7pTVber2+25E= contains 204800 B
[2026-04-19T03:26:51.584Z INFO  worker::batch_maker] Batch Yi89SPK+nxGu69fQJrr01ANh2hz0u/oi2dG0HwgDg4A= contains sample tx 2336
[2026-04-19T03:26:51.584Z INFO  worker::batch_maker] Batch Yi89SPK+nxGu69fQJrr01ANh2hz0u/oi2dG0HwgDg4A= contains 204800 B
[2026-04-19T03:26:51.637Z INFO  worker::batch_maker] Batch 14Qj3Xv+fUwTJ4TihX2yIjpl0Ws9z++iBbHVV6QvaVw= contains sample tx 2337
[2026-04-19T03:26:51.637Z INFO  worker::batch_maker] Batch 14Qj3Xv+fUwTJ4TihX2yIjpl0Ws9z++iBbHVV6QvaVw= contains 204800 B
[2026-04-19T03:26:51.689Z INFO  worker::batch_maker] Batch iVMAQ1Z+kX0y9L11o0fAUs9AP1HjIWsF1BN+5iMBe1Y= contains sample tx 2338
[2026-04-19T03:26:51.689Z INFO  worker::batch_maker] Batch iVMAQ1Z+kX0y9L11o0fAUs9AP1HjIWsF1BN+5iMBe1Y= contains 204800 B
[2026-04-19T03:26:51.741Z INFO  worker::batch_maker] Batch M3F2R8vsAV5UitOgWHz8OtrMJii/cw9U8RRYrM3SpxM= contains sample tx 2339
[2026-04-19T03:26:51.741Z INFO  worker::batch_maker] Batch M3F2R8vsAV5UitOgWHz8OtrMJii/cw9U8RRYrM3SpxM= contains 204800 B
[2026-04-19T03:26:51.793Z INFO  worker::batch_maker] Batch HViX897Gw+TV/RIUIcPrCrviBMKOE3Q8H4+OeJaRk0Q= contains sample tx 2340
[2026-04-19T03:26:51.793Z INFO  worker::batch_maker] Batch HViX897Gw+TV/RIUIcPrCrviBMKOE3Q8H4+OeJaRk0Q= contains 204800 B
[2026-04-19T03:26:51.846Z INFO  worker::batch_maker] Batch VbEQ6X8fhQahDY0vQ6fRfCoXkkZqtln7eZ39s1H1EQs= contains sample tx 2341
[2026-04-19T03:26:51.846Z INFO  worker::batch_maker] Batch VbEQ6X8fhQahDY0vQ6fRfCoXkkZqtln7eZ39s1H1EQs= contains 204800 B
[2026-04-19T03:26:51.898Z INFO  worker::batch_maker] Batch tF6mv1KbI79TaWqWlS2gr/8aaF3dvU+FbtWmx6HdCek= contains sample tx 2342
[2026-04-19T03:26:51.898Z INFO  worker::batch_maker] Batch tF6mv1KbI79TaWqWlS2gr/8aaF3dvU+FbtWmx6HdCek= contains 204800 B
[2026-04-19T03:26:51.951Z INFO  worker::batch_maker] Batch KJ2FH4sVVbzUghuhl6FHqA0Vn8SXSvR2gnE8F6s2CUs= contains sample tx 2343
[2026-04-19T03:26:51.951Z INFO  worker::batch_maker] Batch KJ2FH4sVVbzUghuhl6FHqA0Vn8SXSvR2gnE8F6s2CUs= contains 204800 B
[2026-04-19T03:26:52.004Z INFO  worker::batch_maker] Batch fsQGlIj+lt36V9qB4EfYjXH4JosdQ4jc4sx7QzTuWOA= contains sample tx 2344
[2026-04-19T03:26:52.004Z INFO  worker::batch_maker] Batch fsQGlIj+lt36V9qB4EfYjXH4JosdQ4jc4sx7QzTuWOA= contains 204800 B
[2026-04-19T03:26:52.058Z INFO  worker::batch_maker] Batch u8RN9rAbKwNXegnfnLt8zCY2eMUhPGII+Zw8PXulKnw= contains sample tx 2345
[2026-04-19T03:26:52.058Z INFO  worker::batch_maker] Batch u8RN9rAbKwNXegnfnLt8zCY2eMUhPGII+Zw8PXulKnw= contains 249856 B
[2026-04-19T03:26:52.113Z INFO  worker::batch_maker] Batch GCOw2tT4HSMazxTW9yjp3F32GurIbnHmNpUEXjZiTWE= contains sample tx 2346
[2026-04-19T03:26:52.113Z INFO  worker::batch_maker] Batch GCOw2tT4HSMazxTW9yjp3F32GurIbnHmNpUEXjZiTWE= contains sample tx 2347
[2026-04-19T03:26:52.113Z INFO  worker::batch_maker] Batch GCOw2tT4HSMazxTW9yjp3F32GurIbnHmNpUEXjZiTWE= contains 358912 B
[2026-04-19T03:26:52.165Z INFO  worker::batch_maker] Batch 8MsKbLEWUwqCaazZjl5elp9WKJwgAc3STjWorlmclaA= contains sample tx 2348
[2026-04-19T03:26:52.165Z INFO  worker::batch_maker] Batch 8MsKbLEWUwqCaazZjl5elp9WKJwgAc3STjWorlmclaA= contains 210432 B
[2026-04-19T03:26:52.219Z INFO  worker::batch_maker] Batch 1nxMDFn8gNpzrU5xA7GTJSY9TeV9ZMCwhvzfhvbKPnE= contains sample tx 2349
[2026-04-19T03:26:52.219Z INFO  worker::batch_maker] Batch 1nxMDFn8gNpzrU5xA7GTJSY9TeV9ZMCwhvzfhvbKPnE= contains 204800 B
[2026-04-19T03:26:52.272Z INFO  worker::batch_maker] Batch uSqvSiorO9wsISZ3sywutdfzMlLyQ4mSt6c7TnoeVqE= contains sample tx 2350
[2026-04-19T03:26:52.272Z INFO  worker::batch_maker] Batch uSqvSiorO9wsISZ3sywutdfzMlLyQ4mSt6c7TnoeVqE= contains 204800 B
[2026-04-19T03:26:52.327Z INFO  worker::batch_maker] Batch xG4Z/pLs7tSbQ4DaTB/FAH+yHE+22+weF5qq2DU0P20= contains sample tx 2351
[2026-04-19T03:26:52.327Z INFO  worker::batch_maker] Batch xG4Z/pLs7tSbQ4DaTB/FAH+yHE+22+weF5qq2DU0P20= contains 204800 B
[2026-04-19T03:26:52.382Z INFO  worker::batch_maker] Batch R7XsSCCu9qm+X6uhCzFzyzZlrjs8j5FUMDWYjKkGHns= contains sample tx 2352
[2026-04-19T03:26:52.382Z INFO  worker::batch_maker] Batch R7XsSCCu9qm+X6uhCzFzyzZlrjs8j5FUMDWYjKkGHns= contains 204800 B
[2026-04-19T03:26:52.435Z INFO  worker::batch_maker] Batch mrbbOVZNmDlsztVF0jSAWBXtqWqr7mCnalgQ1tzAVlk= contains 180736 B
[2026-04-19T03:26:52.489Z INFO  worker::batch_maker] Batch o4PiwOyqg+cZrgpV3FZDG7nrcw1eUcHuYwrOk7NeZKI= contains sample tx 2353
[2026-04-19T03:26:52.489Z INFO  worker::batch_maker] Batch o4PiwOyqg+cZrgpV3FZDG7nrcw1eUcHuYwrOk7NeZKI= contains sample tx 2354
[2026-04-19T03:26:52.489Z INFO  worker::batch_maker] Batch o4PiwOyqg+cZrgpV3FZDG7nrcw1eUcHuYwrOk7NeZKI= contains 228864 B
[2026-04-19T03:26:52.543Z INFO  worker::batch_maker] Batch D+xUXKKmUlVNJjec65WZ8Jn8PdTtswZlRUM1MuSPXHc= contains sample tx 2355
[2026-04-19T03:26:52.543Z INFO  worker::batch_maker] Batch D+xUXKKmUlVNJjec65WZ8Jn8PdTtswZlRUM1MuSPXHc= contains 204800 B
[2026-04-19T03:26:52.599Z INFO  worker::batch_maker] Batch 1KWIIT+sQL0A8V34cT6EqBok0OBotMdPoPRDoI12xQE= contains sample tx 2356
[2026-04-19T03:26:52.599Z INFO  worker::batch_maker] Batch 1KWIIT+sQL0A8V34cT6EqBok0OBotMdPoPRDoI12xQE= contains 204800 B
[2026-04-19T03:26:52.652Z INFO  worker::batch_maker] Batch WPwyXqzkjRajkyEJauWc4lqGZ7hJ/xAi/D7TdcNL31A= contains sample tx 2357
[2026-04-19T03:26:52.653Z INFO  worker::batch_maker] Batch WPwyXqzkjRajkyEJauWc4lqGZ7hJ/xAi/D7TdcNL31A= contains 204800 B
[2026-04-19T03:26:52.706Z INFO  worker::batch_maker] Batch aMYJfTgOxjajUxM6y9jra06D83XW1GoGTbL/K5FKwDY= contains sample tx 2358
[2026-04-19T03:26:52.706Z INFO  worker::batch_maker] Batch aMYJfTgOxjajUxM6y9jra06D83XW1GoGTbL/K5FKwDY= contains 204800 B
[2026-04-19T03:26:52.762Z INFO  worker::batch_maker] Batch 8+SanW529y4cNUYpPxh6J+NwUkk59Ifzy4Gtvy22/eo= contains sample tx 2359
[2026-04-19T03:26:52.762Z INFO  worker::batch_maker] Batch 8+SanW529y4cNUYpPxh6J+NwUkk59Ifzy4Gtvy22/eo= contains 345600 B
[2026-04-19T03:26:52.815Z INFO  worker::batch_maker] Batch ccKCVepGTP4ZqqCPXEVu+6SmWpHw7JkoEV2q5jASdfY= contains sample tx 2360
[2026-04-19T03:26:52.815Z INFO  worker::batch_maker] Batch ccKCVepGTP4ZqqCPXEVu+6SmWpHw7JkoEV2q5jASdfY= contains sample tx 2361
[2026-04-19T03:26:52.815Z INFO  worker::batch_maker] Batch ccKCVepGTP4ZqqCPXEVu+6SmWpHw7JkoEV2q5jASdfY= contains 268800 B
[2026-04-19T03:26:52.868Z INFO  worker::batch_maker] Batch Rt7Lbli0dLBjPxQ9MusnLMIEKrBzHFMYk72dMZEMRCo= contains sample tx 2362
[2026-04-19T03:26:52.869Z INFO  worker::batch_maker] Batch Rt7Lbli0dLBjPxQ9MusnLMIEKrBzHFMYk72dMZEMRCo= contains 188416 B
[2026-04-19T03:26:52.925Z INFO  worker::batch_maker] Batch EIacYkz/RQMbnaEBV7MLIPoTYaIjqlIGkbLei0pmNhQ= contains sample tx 2363
[2026-04-19T03:26:52.925Z INFO  worker::batch_maker] Batch EIacYkz/RQMbnaEBV7MLIPoTYaIjqlIGkbLei0pmNhQ= contains 221184 B
[2026-04-19T03:26:52.978Z INFO  worker::batch_maker] Batch lK0Cqe9vPp7RK6jOSYO1ObtCLS+ieSmTV755+Cu0ing= contains sample tx 2364
[2026-04-19T03:26:52.978Z INFO  worker::batch_maker] Batch lK0Cqe9vPp7RK6jOSYO1ObtCLS+ieSmTV755+Cu0ing= contains 204800 B
[2026-04-19T03:26:53.032Z INFO  worker::batch_maker] Batch s8Rwr5F0hStRVDyXTwCGn10bzMp8i0Rfuvm2NBRwySY= contains sample tx 2365
[2026-04-19T03:26:53.032Z INFO  worker::batch_maker] Batch s8Rwr5F0hStRVDyXTwCGn10bzMp8i0Rfuvm2NBRwySY= contains 204800 B
[2026-04-19T03:26:53.085Z INFO  worker::batch_maker] Batch B8y+n+KsPT39nmkBBFDRHh4+Zmb1VEBLhi7vD4DJ7Y0= contains sample tx 2366
[2026-04-19T03:26:53.085Z INFO  worker::batch_maker] Batch B8y+n+KsPT39nmkBBFDRHh4+Zmb1VEBLhi7vD4DJ7Y0= contains 204800 B
[2026-04-19T03:26:53.139Z INFO  worker::batch_maker] Batch +GNWfHAQ57v1bxnx5RRc1EsXlz4iuhys/mudBSvQw7A= contains sample tx 2367
[2026-04-19T03:26:53.139Z INFO  worker::batch_maker] Batch +GNWfHAQ57v1bxnx5RRc1EsXlz4iuhys/mudBSvQw7A= contains 204800 B
[2026-04-19T03:26:53.192Z INFO  worker::batch_maker] Batch 1ge3kLmB7NdL1sXesR+8tM1IayiBq+BlYdok/zPErkk= contains sample tx 2368
[2026-04-19T03:26:53.192Z INFO  worker::batch_maker] Batch 1ge3kLmB7NdL1sXesR+8tM1IayiBq+BlYdok/zPErkk= contains 204800 B
[2026-04-19T03:26:53.244Z INFO  worker::batch_maker] Batch pcbI4Za9Y+GR1ymdsBG13BIgdK3Y2rVn2THHukdzQ78= contains sample tx 2369
[2026-04-19T03:26:53.244Z INFO  worker::batch_maker] Batch pcbI4Za9Y+GR1ymdsBG13BIgdK3Y2rVn2THHukdzQ78= contains 204800 B
[2026-04-19T03:26:53.297Z INFO  worker::batch_maker] Batch WRApUVwUh3Wbc1XyKfN68Gflsbhr6OqZArc4aRjL+Ao= contains sample tx 2370
[2026-04-19T03:26:53.297Z INFO  worker::batch_maker] Batch WRApUVwUh3Wbc1XyKfN68Gflsbhr6OqZArc4aRjL+Ao= contains 204800 B
[2026-04-19T03:26:53.352Z INFO  worker::batch_maker] Batch Od49ESxrioaKyGuJchgPFX2tl0PRNoWM4va4LCoZ1nw= contains sample tx 2371
[2026-04-19T03:26:53.352Z INFO  worker::batch_maker] Batch Od49ESxrioaKyGuJchgPFX2tl0PRNoWM4va4LCoZ1nw= contains 204800 B
[2026-04-19T03:26:53.404Z INFO  worker::batch_maker] Batch N6hvHkWkycMQwow1wExYYK5O25957UHA2vCB7nUgmaQ= contains sample tx 2372
[2026-04-19T03:26:53.404Z INFO  worker::batch_maker] Batch N6hvHkWkycMQwow1wExYYK5O25957UHA2vCB7nUgmaQ= contains 204800 B
[2026-04-19T03:26:53.456Z INFO  worker::batch_maker] Batch 9HPBDMHst3UpoK3VhaIrihbMXNCdJGd2MqtW7v/qXD0= contains sample tx 2373
[2026-04-19T03:26:53.456Z INFO  worker::batch_maker] Batch 9HPBDMHst3UpoK3VhaIrihbMXNCdJGd2MqtW7v/qXD0= contains 204800 B
[2026-04-19T03:26:53.508Z INFO  worker::batch_maker] Batch BKHoFwdkRQ4PvOWxjrvynruZOU8lh9jeYoDRtimFacA= contains sample tx 2374
[2026-04-19T03:26:53.508Z INFO  worker::batch_maker] Batch BKHoFwdkRQ4PvOWxjrvynruZOU8lh9jeYoDRtimFacA= contains 284672 B
[2026-04-19T03:26:53.562Z INFO  worker::batch_maker] Batch s37q14ak38j05xNlgJWCBpNEDxUeWgQVP4GLIY387d8= contains sample tx 2375
[2026-04-19T03:26:53.562Z INFO  worker::batch_maker] Batch s37q14ak38j05xNlgJWCBpNEDxUeWgQVP4GLIY387d8= contains sample tx 2376
[2026-04-19T03:26:53.562Z INFO  worker::batch_maker] Batch s37q14ak38j05xNlgJWCBpNEDxUeWgQVP4GLIY387d8= contains 329728 B
[2026-04-19T03:26:53.618Z INFO  worker::batch_maker] Batch EKa13Fx43fBL66x113MlLjsK4kGLneFrUOdCvNOcvdc= contains sample tx 2377
[2026-04-19T03:26:53.618Z INFO  worker::batch_maker] Batch EKa13Fx43fBL66x113MlLjsK4kGLneFrUOdCvNOcvdc= contains 204800 B
[2026-04-19T03:26:53.670Z INFO  worker::batch_maker] Batch FIkGxr5TnZK3Nm1bZuFK8euC0VwZBoe0Z+fZSBjnYK8= contains sample tx 2378
[2026-04-19T03:26:53.670Z INFO  worker::batch_maker] Batch FIkGxr5TnZK3Nm1bZuFK8euC0VwZBoe0Z+fZSBjnYK8= contains 204800 B
[2026-04-19T03:26:53.723Z INFO  worker::batch_maker] Batch TLV3cgqC7GDvmBDhns7uqcKMmdZYNCmd5aVA1l5M2N4= contains sample tx 2379
[2026-04-19T03:26:53.723Z INFO  worker::batch_maker] Batch TLV3cgqC7GDvmBDhns7uqcKMmdZYNCmd5aVA1l5M2N4= contains 204800 B
[2026-04-19T03:26:53.776Z INFO  worker::batch_maker] Batch QnVIpGVamPfkOcwgo+B6PZL+ubpBXuIgsU/mxNEjgq8= contains sample tx 2380
[2026-04-19T03:26:53.776Z INFO  worker::batch_maker] Batch QnVIpGVamPfkOcwgo+B6PZL+ubpBXuIgsU/mxNEjgq8= contains 204800 B
[2026-04-19T03:26:53.829Z INFO  worker::batch_maker] Batch KsphDywqzwWwHguGCrXQU5Wnw95HNr0q/KKSirG48Lo= contains sample tx 2381
[2026-04-19T03:26:53.829Z INFO  worker::batch_maker] Batch KsphDywqzwWwHguGCrXQU5Wnw95HNr0q/KKSirG48Lo= contains 204800 B
[2026-04-19T03:26:53.884Z INFO  worker::batch_maker] Batch yjXqVus0Usi+x6GJr6DsM1tm0N0cvTvgyqjofTqzQx8= contains sample tx 2382
[2026-04-19T03:26:53.884Z INFO  worker::batch_maker] Batch yjXqVus0Usi+x6GJr6DsM1tm0N0cvTvgyqjofTqzQx8= contains 204800 B
[2026-04-19T03:26:53.937Z INFO  worker::batch_maker] Batch gPbKy1kKDp62bgNHnRlD7OznI5QFzzaY/4iYLzCYPLw= contains sample tx 2383
[2026-04-19T03:26:53.937Z INFO  worker::batch_maker] Batch gPbKy1kKDp62bgNHnRlD7OznI5QFzzaY/4iYLzCYPLw= contains 204800 B
[2026-04-19T03:26:53.991Z INFO  worker::batch_maker] Batch CXDwo+fgEy4YyKVft4mWW37xpZlqJdMLp+A2+FwDQm4= contains sample tx 2384
[2026-04-19T03:26:53.991Z INFO  worker::batch_maker] Batch CXDwo+fgEy4YyKVft4mWW37xpZlqJdMLp+A2+FwDQm4= contains 204800 B
[2026-04-19T03:26:54.044Z INFO  worker::batch_maker] Batch 8N3SbsTgs5DfV0On0eYvwVssflwizTWxHz78VoCjMXY= contains sample tx 2385
[2026-04-19T03:26:54.044Z INFO  worker::batch_maker] Batch 8N3SbsTgs5DfV0On0eYvwVssflwizTWxHz78VoCjMXY= contains 204800 B
[2026-04-19T03:26:54.099Z INFO  worker::batch_maker] Batch zcdA7GPkhIsxNTJHTCELb7DghFVJX0VRvHFb6HcRIoY= contains sample tx 2386
[2026-04-19T03:26:54.099Z INFO  worker::batch_maker] Batch zcdA7GPkhIsxNTJHTCELb7DghFVJX0VRvHFb6HcRIoY= contains 204800 B
[2026-04-19T03:26:54.152Z INFO  worker::batch_maker] Batch 21oPMZnsLD+XGjyxVso5uE1JeBPesUUawBzW16BzS3g= contains sample tx 2387
[2026-04-19T03:26:54.152Z INFO  worker::batch_maker] Batch 21oPMZnsLD+XGjyxVso5uE1JeBPesUUawBzW16BzS3g= contains 204800 B
[2026-04-19T03:26:54.205Z INFO  worker::batch_maker] Batch iJmls+742HPBlxAr3L4IIAS2PjDXyLAhB8EmGLTspWE= contains sample tx 2388
[2026-04-19T03:26:54.205Z INFO  worker::batch_maker] Batch iJmls+742HPBlxAr3L4IIAS2PjDXyLAhB8EmGLTspWE= contains 204800 B
[2026-04-19T03:26:54.261Z INFO  worker::batch_maker] Batch T3BGXvxEIE5y0c0wYAbfPi53QZ2pyYCqFnNrX/S70V4= contains sample tx 2389
[2026-04-19T03:26:54.261Z INFO  worker::batch_maker] Batch T3BGXvxEIE5y0c0wYAbfPi53QZ2pyYCqFnNrX/S70V4= contains 322048 B
[2026-04-19T03:26:54.315Z INFO  worker::batch_maker] Batch 0Hsmu4K/UZNN47Khkp4S9jdnKlsWSvh9iCJKjGQgOdw= contains sample tx 2390
[2026-04-19T03:26:54.315Z INFO  worker::batch_maker] Batch 0Hsmu4K/UZNN47Khkp4S9jdnKlsWSvh9iCJKjGQgOdw= contains sample tx 2391
[2026-04-19T03:26:54.315Z INFO  worker::batch_maker] Batch 0Hsmu4K/UZNN47Khkp4S9jdnKlsWSvh9iCJKjGQgOdw= contains 292352 B
[2026-04-19T03:26:54.367Z INFO  worker::batch_maker] Batch V9fud03G3CpgvooZ3zQdU/5rnixEO+qA+AsLrTuFu9o= contains sample tx 2392
[2026-04-19T03:26:54.367Z INFO  worker::batch_maker] Batch V9fud03G3CpgvooZ3zQdU/5rnixEO+qA+AsLrTuFu9o= contains 204800 B
[2026-04-19T03:26:54.420Z INFO  worker::batch_maker] Batch 2O9ok9/UDAGY+hs6mLA4dVbIkDJFmDIEYBwKzpCrGgs= contains sample tx 2393
[2026-04-19T03:26:54.420Z INFO  worker::batch_maker] Batch 2O9ok9/UDAGY+hs6mLA4dVbIkDJFmDIEYBwKzpCrGgs= contains 204800 B
[2026-04-19T03:26:54.474Z INFO  worker::batch_maker] Batch 095BRO+fxwTlM6I3KUgpkpTRX7Xjl2WYqp5Eyq/Gy7k= contains sample tx 2394
[2026-04-19T03:26:54.474Z INFO  worker::batch_maker] Batch 095BRO+fxwTlM6I3KUgpkpTRX7Xjl2WYqp5Eyq/Gy7k= contains 204800 B
[2026-04-19T03:26:54.528Z INFO  worker::batch_maker] Batch kDng7UvDfVE5z8tgqei8d7/aUNr/B2AKPYCT8npqWLs= contains sample tx 2395
[2026-04-19T03:26:54.528Z INFO  worker::batch_maker] Batch kDng7UvDfVE5z8tgqei8d7/aUNr/B2AKPYCT8npqWLs= contains 204800 B
[2026-04-19T03:26:54.582Z INFO  worker::batch_maker] Batch i9SR0G/srr0gcP3+cwFhMKkzhA+1dDRhlZXbqgSCwwU= contains sample tx 2396
[2026-04-19T03:26:54.582Z INFO  worker::batch_maker] Batch i9SR0G/srr0gcP3+cwFhMKkzhA+1dDRhlZXbqgSCwwU= contains 204800 B
[2026-04-19T03:26:54.638Z INFO  worker::batch_maker] Batch /+kuFyb6sg6xrXvY8VuHr+QBg3fPF0LgRUTpypCsCFU= contains sample tx 2397
[2026-04-19T03:26:54.638Z INFO  worker::batch_maker] Batch /+kuFyb6sg6xrXvY8VuHr+QBg3fPF0LgRUTpypCsCFU= contains 204800 B
[2026-04-19T03:26:54.692Z INFO  worker::batch_maker] Batch CbONHo6K9R1g1G9Ahrk34nSQfP3/5dUImABFmCexW4U= contains sample tx 2398
[2026-04-19T03:26:54.692Z INFO  worker::batch_maker] Batch CbONHo6K9R1g1G9Ahrk34nSQfP3/5dUImABFmCexW4U= contains 204800 B
[2026-04-19T03:26:54.745Z INFO  worker::batch_maker] Batch rItwKEml+9puridwW9R9u2kKmBw4uXYI1ge/4goHbT0= contains sample tx 2399
[2026-04-19T03:26:54.745Z INFO  worker::batch_maker] Batch rItwKEml+9puridwW9R9u2kKmBw4uXYI1ge/4goHbT0= contains 204800 B
[2026-04-19T03:26:54.798Z INFO  worker::batch_maker] Batch vWksjzptC/7mv6MW62j3KjEVSVsG7jeWpQbx2sHMNUg= contains sample tx 2400
[2026-04-19T03:26:54.798Z INFO  worker::batch_maker] Batch vWksjzptC/7mv6MW62j3KjEVSVsG7jeWpQbx2sHMNUg= contains 204800 B
[2026-04-19T03:26:54.853Z INFO  worker::batch_maker] Batch MVRaHNe1zHAUAwgtzuwGHsh9v8OLNMNpudETICb3Uz4= contains sample tx 2401
[2026-04-19T03:26:54.853Z INFO  worker::batch_maker] Batch MVRaHNe1zHAUAwgtzuwGHsh9v8OLNMNpudETICb3Uz4= contains 204800 B
[2026-04-19T03:26:54.907Z INFO  worker::batch_maker] Batch 7ad3snhi4IB5KKwQv/rEOCDH1Q6NHU+y+zNnl23KND4= contains sample tx 2402
[2026-04-19T03:26:54.907Z INFO  worker::batch_maker] Batch 7ad3snhi4IB5KKwQv/rEOCDH1Q6NHU+y+zNnl23KND4= contains 204800 B
[2026-04-19T03:26:54.962Z INFO  worker::batch_maker] Batch XUASqZ94x9ZdP/MyMYQS//Hp2BqMLSvqE28fYSPItIk= contains sample tx 2403
[2026-04-19T03:26:54.962Z INFO  worker::batch_maker] Batch XUASqZ94x9ZdP/MyMYQS//Hp2BqMLSvqE28fYSPItIk= contains sample tx 2404
[2026-04-19T03:26:54.962Z INFO  worker::batch_maker] Batch XUASqZ94x9ZdP/MyMYQS//Hp2BqMLSvqE28fYSPItIk= contains 332800 B
[2026-04-19T03:26:55.016Z INFO  worker::batch_maker] Batch 24kTvGaZeFSEYj3qu9wbm4XJEooKWxeRTRT57KtCuiI= contains sample tx 2405
[2026-04-19T03:26:55.016Z INFO  worker::batch_maker] Batch 24kTvGaZeFSEYj3qu9wbm4XJEooKWxeRTRT57KtCuiI= contains 207872 B
[2026-04-19T03:26:55.069Z INFO  worker::batch_maker] Batch /fqOVcQJ1CTXfl75i/xZwj+ByGGTknHHU5Dhpz0Dn2Y= contains sample tx 2406
[2026-04-19T03:26:55.070Z INFO  worker::batch_maker] Batch /fqOVcQJ1CTXfl75i/xZwj+ByGGTknHHU5Dhpz0Dn2Y= contains 188416 B
[2026-04-19T03:26:55.124Z INFO  worker::batch_maker] Batch pF5ewwwF+2JupktrtA4RK8AP8OJwCA492kY+LYitK7g= contains sample tx 2407
[2026-04-19T03:26:55.124Z INFO  worker::batch_maker] Batch pF5ewwwF+2JupktrtA4RK8AP8OJwCA492kY+LYitK7g= contains 294912 B
[2026-04-19T03:26:55.178Z INFO  worker::batch_maker] Batch gvzhJ6u/ndpZpYEG1YwO3vqTdjAxQ5jk9DYbdRYwz3A= contains sample tx 2408
[2026-04-19T03:26:55.178Z INFO  worker::batch_maker] Batch gvzhJ6u/ndpZpYEG1YwO3vqTdjAxQ5jk9DYbdRYwz3A= contains 204800 B
[2026-04-19T03:26:55.229Z INFO  worker::batch_maker] Batch yNy8PBR5vUPhKnL24yXPmshp2rOSVG4tseJX9lxKyB4= contains sample tx 2409
[2026-04-19T03:26:55.229Z INFO  worker::batch_maker] Batch yNy8PBR5vUPhKnL24yXPmshp2rOSVG4tseJX9lxKyB4= contains 204800 B
[2026-04-19T03:26:55.282Z INFO  worker::batch_maker] Batch C3V+Ycs+euu6RjVPhoONwyCC1YBDH7m3mDkuQNdzWrg= contains sample tx 2410
[2026-04-19T03:26:55.282Z INFO  worker::batch_maker] Batch C3V+Ycs+euu6RjVPhoONwyCC1YBDH7m3mDkuQNdzWrg= contains 204800 B
[2026-04-19T03:26:55.334Z INFO  worker::batch_maker] Batch /QJg//QbQAFYyo8qTCbiQkMHSUKc8dhY8rD4hTnSXBI= contains sample tx 2411
[2026-04-19T03:26:55.334Z INFO  worker::batch_maker] Batch /QJg//QbQAFYyo8qTCbiQkMHSUKc8dhY8rD4hTnSXBI= contains 204800 B
[2026-04-19T03:26:55.386Z INFO  worker::batch_maker] Batch 38FhIvtAC4FDegUHjh32lfadDOtPy/PTljJVmjoymAU= contains sample tx 2412
[2026-04-19T03:26:55.386Z INFO  worker::batch_maker] Batch 38FhIvtAC4FDegUHjh32lfadDOtPy/PTljJVmjoymAU= contains 204800 B
[2026-04-19T03:26:55.403Z WARN  network::receiver] Connection closed by peer 10.10.1.4:42118
[2026-04-19T03:26:55.416Z WARN  network::receiver] Connection closed by peer 10.10.1.9:39920
[2026-04-19T03:26:55.421Z WARN  network::receiver] Connection closed by peer 10.10.1.7:55028
[2026-04-19T03:26:55.421Z WARN  network::simple_sender] Failed to receive ACK from 10.10.1.7:5031
[2026-04-19T03:26:55.423Z WARN  network::simple_sender] Failed to connect to 10.10.1.7:5031 (retry 0): Connection refused (os error 111)
[2026-04-19T03:26:55.424Z WARN  network::simple_sender] Failed to connect to 10.10.1.7:5031 (retry 0): Connection refused (os error 111)
[2026-04-19T03:26:55.426Z WARN  network::receiver] Connection closed by peer 10.10.1.8:33998
[2026-04-19T03:26:55.427Z WARN  network::receiver] Connection closed by peer 10.10.1.10:35544
[2026-04-19T03:26:55.433Z WARN  network::receiver] Connection closed by peer 10.10.1.3:35498
[2026-04-19T03:26:55.435Z WARN  network::receiver] Connection closed by peer 10.10.1.5:36196
[2026-04-19T03:26:55.436Z WARN  network::simple_sender] Failed to connect to 10.10.1.7:5031 (retry 0): Connection refused (os error 111)
[2026-04-19T03:26:55.438Z WARN  network::simple_sender] Failed to connect to 10.10.1.7:5031 (retry 0): Connection refused (os error 111)
[2026-04-19T03:26:55.438Z WARN  network::receiver] Connection closed by peer 10.10.1.2:35036
[2026-04-19T03:26:55.439Z INFO  worker::batch_maker] Batch mFJ+A2KUeeONxQyptI+XL9/LLDPsanh458lHFMyE7IY= contains sample tx 2413
[2026-04-19T03:26:55.439Z INFO  worker::batch_maker] Batch mFJ+A2KUeeONxQyptI+XL9/LLDPsanh458lHFMyE7IY= contains 204800 B
[2026-04-19T03:26:55.441Z WARN  network::receiver] Connection closed by peer 10.10.1.1:54602
[2026-04-19T03:26:55.441Z WARN  network::simple_sender] Failed to connect to 10.10.1.7:5031 (retry 0): Connection refused (os error 111)
[2026-04-19T03:26:55.442Z WARN  network::simple_sender] Failed to connect to 10.10.1.7:5031 (retry 0): Connection refused (os error 111)
[2026-04-19T03:26:55.443Z WARN  network::simple_sender] Failed to connect to 10.10.1.7:5031 (retry 0): Connection refused (os error 111)
[2026-04-19T03:26:55.458Z WARN  network::simple_sender] Failed to connect to 10.10.1.7:5031 (retry 0): Connection refused (os error 111)
[2026-04-19T03:26:55.459Z WARN  network::simple_sender] Failed to connect to 10.10.1.7:5031 (retry 0): Connection refused (os error 111)
[2026-04-19T03:26:55.466Z WARN  network::receiver] Connection closed by peer 10.10.1.6:46062
[2026-04-19T03:26:55.475Z WARN  network::simple_sender] Failed to connect to 10.10.1.7:5031 (retry 0): Connection refused (os error 111)
[2026-04-19T03:26:55.476Z WARN  network::simple_sender] Failed to connect to 10.10.1.7:5031 (retry 0): Connection refused (os error 111)
[2026-04-19T03:26:55.479Z WARN  network::simple_sender] Failed to connect to 10.10.1.7:5031 (retry 0): Connection refused (os error 111)
[2026-04-19T03:26:55.487Z WARN  network::simple_sender] Failed to connect to 10.10.1.7:5031 (retry 0): Connection refused (os error 111)
[2026-04-19T03:26:55.490Z WARN  network::simple_sender] Failed to connect to 10.10.1.7:5031 (retry 0): Connection refused (os error 111)
[2026-04-19T03:26:55.491Z INFO  worker::batch_maker] Batch EB7wkcdlrm8kUxBtl7i9U/eJ6mgwCo6LZ4kDaeWXUm8= contains sample tx 2414
[2026-04-19T03:26:55.491Z INFO  worker::batch_maker] Batch EB7wkcdlrm8kUxBtl7i9U/eJ6mgwCo6LZ4kDaeWXUm8= contains 204800 B
[2026-04-19T03:26:55.493Z WARN  network::simple_sender] Failed to connect to 10.10.1.7:5031 (retry 0): Connection refused (os error 111)
[2026-04-19T03:26:55.495Z WARN  network::simple_sender] Failed to connect to 10.10.1.7:5031 (retry 0): Connection refused (os error 111)
[2026-04-19T03:26:55.509Z WARN  network::simple_sender] Failed to connect to 10.10.1.7:5031 (retry 0): Connection refused (os error 111)
[2026-04-19T03:26:55.512Z WARN  network::simple_sender] Failed to connect to 10.10.1.7:5031 (retry 0): Connection refused (os error 111)
[2026-04-19T03:26:55.514Z WARN  network::simple_sender] Failed to connect to 10.10.1.7:5031 (retry 0): Connection refused (os error 111)
[2026-04-19T03:26:55.526Z WARN  network::simple_sender] Failed to connect to 10.10.1.7:5031 (retry 0): Connection refused (os error 111)
[2026-04-19T03:26:55.528Z WARN  network::simple_sender] Failed to connect to 10.10.1.7:5031 (retry 0): Connection refused (os error 111)
[2026-04-19T03:26:55.528Z WARN  network::simple_sender] Failed to connect to 10.10.1.7:5031 (retry 0): Connection refused (os error 111)
[2026-04-19T03:26:55.540Z WARN  network::simple_sender] Failed to connect to 10.10.1.7:5031 (retry 0): Connection refused (os error 111)
[2026-04-19T03:26:55.542Z WARN  network::simple_sender] Failed to connect to 10.10.1.7:5031 (retry 0): Connection refused (os error 111)
[2026-04-19T03:26:55.542Z INFO  worker::batch_maker] Batch 7AsoGA6ysEtrZ+j0h4DJRvCdlzKS75tK8Fn/c7ym73w= contains sample tx 2415
[2026-04-19T03:26:55.542Z INFO  worker::batch_maker] Batch 7AsoGA6ysEtrZ+j0h4DJRvCdlzKS75tK8Fn/c7ym73w= contains 204800 B
[2026-04-19T03:26:55.545Z WARN  network::simple_sender] Failed to connect to 10.10.1.7:5031 (retry 0): Connection refused (os error 111)
[2026-04-19T03:26:55.547Z WARN  network::simple_sender] Failed to connect to 10.10.1.7:5031 (retry 0): Connection refused (os error 111)
[2026-04-19T03:26:55.561Z WARN  network::simple_sender] Failed to connect to 10.10.1.7:5031 (retry 0): Connection refused (os error 111)
[2026-04-19T03:26:55.570Z WARN  network::simple_sender] Failed to connect to 10.10.1.7:5031 (retry 0): Connection refused (os error 111)
[2026-04-19T03:26:55.572Z WARN  network::simple_sender] Failed to connect to 10.10.1.7:5031 (retry 0): Connection refused (os error 111)
[2026-04-19T03:26:55.578Z WARN  network::simple_sender] Failed to connect to 10.10.1.7:5031 (retry 0): Connection refused (os error 111)
[2026-04-19T03:26:55.581Z WARN  network::simple_sender] Failed to connect to 10.10.1.7:5031 (retry 0): Connection refused (os error 111)
[2026-04-19T03:26:55.582Z WARN  network::simple_sender] Failed to connect to 10.10.1.7:5031 (retry 0): Connection refused (os error 111)
[2026-04-19T03:26:55.593Z WARN  network::simple_sender] Failed to connect to 10.10.1.7:5031 (retry 0): Connection refused (os error 111)
[2026-04-19T03:26:55.594Z INFO  worker::batch_maker] Batch Om8flWdZ4xLKCkNlim5brdznjRd1VWX6bpp3xsKjl4s= contains sample tx 2416
[2026-04-19T03:26:55.594Z INFO  worker::batch_maker] Batch Om8flWdZ4xLKCkNlim5brdznjRd1VWX6bpp3xsKjl4s= contains 204800 B
[2026-04-19T03:26:55.595Z WARN  network::simple_sender] Failed to connect to 10.10.1.7:5031 (retry 0): Connection refused (os error 111)
[2026-04-19T03:26:55.597Z WARN  network::simple_sender] Failed to connect to 10.10.1.7:5031 (retry 0): Connection refused (os error 111)
[2026-04-19T03:26:55.599Z WARN  network::simple_sender] Failed to connect to 10.10.1.7:5031 (retry 0): Connection refused (os error 111)
[2026-04-19T03:26:55.615Z WARN  network::simple_sender] Failed to connect to 10.10.1.7:5031 (retry 0): Connection refused (os error 111)
[2026-04-19T03:26:55.620Z WARN  network::simple_sender] Failed to connect to 10.10.1.7:5031 (retry 0): Connection refused (os error 111)
[2026-04-19T03:26:55.621Z WARN  network::simple_sender] Failed to connect to 10.10.1.7:5031 (retry 0): Connection refused (os error 111)
[2026-04-19T03:26:55.630Z WARN  network::simple_sender] Failed to connect to 10.10.1.7:5031 (retry 0): Connection refused (os error 111)
[2026-04-19T03:26:55.633Z WARN  network::simple_sender] Failed to connect to 10.10.1.7:5031 (retry 0): Connection refused (os error 111)
[2026-04-19T03:26:55.635Z WARN  network::simple_sender] Failed to connect to 10.10.1.7:5031 (retry 0): Connection refused (os error 111)
[2026-04-19T03:26:55.645Z WARN  network::simple_sender] Failed to connect to 10.10.1.7:5031 (retry 0): Connection refused (os error 111)
[2026-04-19T03:26:55.646Z WARN  network::simple_sender] Failed to connect to 10.10.1.7:5031 (retry 0): Connection refused (os error 111)
[2026-04-19T03:26:55.647Z INFO  worker::batch_maker] Batch GSWWhVQxcXM0SFL7qqCTDdpvk/shQBoQCCCwDFcslaM= contains sample tx 2417
[2026-04-19T03:26:55.647Z INFO  worker::batch_maker] Batch GSWWhVQxcXM0SFL7qqCTDdpvk/shQBoQCCCwDFcslaM= contains 204800 B
[2026-04-19T03:26:55.649Z WARN  network::simple_sender] Failed to connect to 10.10.1.7:5031 (retry 0): Connection refused (os error 111)
[2026-04-19T03:26:55.650Z WARN  network::simple_sender] Failed to connect to 10.10.1.7:5031 (retry 0): Connection refused (os error 111)
[2026-04-19T03:26:55.668Z WARN  network::simple_sender] Failed to connect to 10.10.1.7:5031 (retry 0): Connection refused (os error 111)
[2026-04-19T03:26:55.674Z WARN  network::simple_sender] Failed to connect to 10.10.1.7:5031 (retry 0): Connection refused (os error 111)
[2026-04-19T03:26:55.678Z WARN  network::simple_sender] Failed to connect to 10.10.1.7:5031 (retry 0): Connection refused (os error 111)
[2026-04-19T03:26:55.683Z WARN  network::simple_sender] Failed to connect to 10.10.1.7:5031 (retry 0): Connection refused (os error 111)
[2026-04-19T03:26:55.685Z WARN  network::simple_sender] Failed to connect to 10.10.1.7:5031 (retry 0): Connection refused (os error 111)
[2026-04-19T03:26:55.691Z WARN  network::simple_sender] Failed to connect to 10.10.1.7:5031 (retry 0): Connection refused (os error 111)
[2026-04-19T03:26:55.698Z INFO  worker::batch_maker] Batch sSBhJISMJfaYAUR1ZcMm7Su3aC80hXSY6eihgcaMS/E= contains sample tx 2418
[2026-04-19T03:26:55.698Z INFO  worker::batch_maker] Batch sSBhJISMJfaYAUR1ZcMm7Su3aC80hXSY6eihgcaMS/E= contains 204800 B
[2026-04-19T03:26:55.698Z WARN  network::simple_sender] Failed to connect to 10.10.1.7:5031 (retry 0): Connection refused (os error 111)
[2026-04-19T03:26:55.699Z WARN  network::simple_sender] Failed to connect to 10.10.1.7:5031 (retry 0): Connection refused (os error 111)
[2026-04-19T03:26:55.701Z WARN  network::simple_sender] Failed to connect to 10.10.1.7:5031 (retry 0): Connection refused (os error 111)
[2026-04-19T03:26:55.704Z WARN  network::simple_sender] Failed to connect to 10.10.1.7:5031 (retry 0): Connection refused (os error 111)
[2026-04-19T03:26:55.721Z WARN  network::simple_sender] Failed to connect to 10.10.1.7:5031 (retry 0): Connection refused (os error 111)
[2026-04-19T03:26:55.726Z WARN  network::simple_sender] Failed to connect to 10.10.1.7:5031 (retry 0): Connection refused (os error 111)
[2026-04-19T03:26:55.732Z WARN  network::simple_sender] Failed to connect to 10.10.1.7:5031 (retry 0): Connection refused (os error 111)
[2026-04-19T03:26:55.733Z WARN  network::simple_sender] Failed to connect to 10.10.1.7:5031 (retry 0): Connection refused (os error 111)
[2026-04-19T03:26:55.738Z WARN  network::simple_sender] Failed to connect to 10.10.1.7:5031 (retry 0): Connection refused (os error 111)
[2026-04-19T03:26:55.741Z WARN  network::simple_sender] Failed to connect to 10.10.1.7:5031 (retry 0): Connection refused (os error 111)
[2026-04-19T03:26:55.749Z WARN  network::simple_sender] Failed to connect to 10.10.1.7:5031 (retry 0): Connection refused (os error 111)
[2026-04-19T03:26:55.751Z INFO  worker::batch_maker] Batch QJ6AxqUKREKhEYvm2U5ATpkCRtsm5gnhsneokpQA5A8= contains sample tx 2419
[2026-04-19T03:26:55.751Z INFO  worker::batch_maker] Batch QJ6AxqUKREKhEYvm2U5ATpkCRtsm5gnhsneokpQA5A8= contains 204800 B
[2026-04-19T03:26:55.753Z WARN  network::simple_sender] Failed to connect to 10.10.1.7:5031 (retry 0): Connection refused (os error 111)
[2026-04-19T03:26:55.754Z WARN  network::simple_sender] Failed to connect to 10.10.1.7:5031 (retry 0): Connection refused (os error 111)
[2026-04-19T03:26:55.757Z WARN  network::simple_sender] Failed to connect to 10.10.1.7:5031 (retry 0): Connection refused (os error 111)
[2026-04-19T03:26:55.775Z WARN  network::simple_sender] Failed to connect to 10.10.1.7:5031 (retry 0): Connection refused (os error 111)
[2026-04-19T03:26:55.776Z WARN  network::simple_sender] Failed to connect to 10.10.1.7:5031 (retry 0): Connection refused (os error 111)
[2026-04-19T03:26:55.785Z WARN  network::simple_sender] Failed to connect to 10.10.1.7:5031 (retry 0): Connection refused (os error 111)
[2026-04-19T03:26:55.793Z WARN  network::simple_sender] Failed to connect to 10.10.1.7:5031 (retry 0): Connection refused (os error 111)
[2026-04-19T03:26:55.802Z WARN  network::simple_sender] Failed to connect to 10.10.1.7:5031 (retry 0): Connection refused (os error 111)
[2026-04-19T03:26:55.803Z INFO  worker::batch_maker] Batch 0AlM7dkvFspXkEWsFPbyP82IQDq9CcHFV8yRaQrgYZg= contains sample tx 2420
[2026-04-19T03:26:55.803Z INFO  worker::batch_maker] Batch 0AlM7dkvFspXkEWsFPbyP82IQDq9CcHFV8yRaQrgYZg= contains 204800 B
[2026-04-19T03:26:55.806Z WARN  network::simple_sender] Failed to connect to 10.10.1.7:5031 (retry 0): Connection refused (os error 111)
[2026-04-19T03:26:55.806Z WARN  network::simple_sender] Failed to connect to 10.10.1.7:5031 (retry 0): Connection refused (os error 111)
[2026-04-19T03:26:55.806Z WARN  network::simple_sender] Failed to connect to 10.10.1.7:5031 (retry 0): Connection refused (os error 111)
[2026-04-19T03:26:55.807Z WARN  network::simple_sender] Failed to connect to 10.10.1.7:5031 (retry 0): Connection refused (os error 111)
[2026-04-19T03:26:55.822Z WARN  network::simple_sender] Failed to connect to 10.10.1.7:5031 (retry 0): Connection refused (os error 111)
[2026-04-19T03:26:55.829Z WARN  network::simple_sender] Failed to connect to 10.10.1.7:5031 (retry 0): Connection refused (os error 111)
[2026-04-19T03:26:55.836Z WARN  network::simple_sender] Failed to connect to 10.10.1.7:5031 (retry 0): Connection refused (os error 111)
[2026-04-19T03:26:55.842Z WARN  network::simple_sender] Failed to connect to 10.10.1.7:5031 (retry 0): Connection refused (os error 111)
[2026-04-19T03:26:55.843Z WARN  network::simple_sender] Failed to connect to 10.10.1.7:5031 (retry 0): Connection refused (os error 111)
[2026-04-19T03:26:55.852Z WARN  network::simple_sender] Failed to connect to 10.10.1.7:5031 (retry 0): Connection refused (os error 111)
[2026-04-19T03:26:55.854Z WARN  network::simple_sender] Failed to connect to 10.10.1.7:5031 (retry 0): Connection refused (os error 111)
[2026-04-19T03:26:55.855Z INFO  worker::batch_maker] Batch +mfbxZq2oZ1z6vrVvaDMWO1j0nmc33hlc2M/Un1XNrs= contains sample tx 2421
[2026-04-19T03:26:55.855Z INFO  worker::batch_maker] Batch +mfbxZq2oZ1z6vrVvaDMWO1j0nmc33hlc2M/Un1XNrs= contains 204800 B
[2026-04-19T03:26:55.858Z WARN  network::simple_sender] Failed to connect to 10.10.1.7:5031 (retry 0): Connection refused (os error 111)
[2026-04-19T03:26:55.862Z WARN  network::simple_sender] Failed to connect to 10.10.1.7:5031 (retry 0): Connection refused (os error 111)
[2026-04-19T03:26:55.865Z WARN  network::simple_sender] Failed to connect to 10.10.1.7:5031 (retry 0): Connection refused (os error 111)
[2026-04-19T03:26:55.880Z WARN  network::simple_sender] Failed to connect to 10.10.1.7:5031 (retry 0): Connection refused (os error 111)
[2026-04-19T03:26:55.882Z WARN  network::simple_sender] Failed to connect to 10.10.1.7:5031 (retry 0): Connection refused (os error 111)
[2026-04-19T03:26:55.884Z WARN  network::simple_sender] Failed to connect to 10.10.1.7:5031 (retry 0): Connection refused (os error 111)
[2026-04-19T03:26:55.895Z WARN  network::simple_sender] Failed to connect to 10.10.1.7:5031 (retry 0): Connection refused (os error 111)
[2026-04-19T03:26:55.898Z WARN  network::simple_sender] Failed to connect to 10.10.1.7:5031 (retry 0): Connection refused (os error 111)
[2026-04-19T03:26:55.906Z WARN  network::simple_sender] Failed to connect to 10.10.1.7:5031 (retry 0): Connection refused (os error 111)
[2026-04-19T03:26:55.909Z WARN  network::simple_sender] Failed to connect to 10.10.1.7:5031 (retry 0): Connection refused (os error 111)
[2026-04-19T03:26:55.909Z INFO  worker::batch_maker] Batch KxWvMCurg4OJb7AK5fk7W7Lx4VqDv42mv7M+g97Pwtw= contains sample tx 2422
[2026-04-19T03:26:55.909Z INFO  worker::batch_maker] Batch KxWvMCurg4OJb7AK5fk7W7Lx4VqDv42mv7M+g97Pwtw= contains sample tx 2423
[2026-04-19T03:26:55.909Z INFO  worker::batch_maker] Batch KxWvMCurg4OJb7AK5fk7W7Lx4VqDv42mv7M+g97Pwtw= contains 271360 B
[2026-04-19T03:26:55.914Z WARN  network::simple_sender] Failed to connect to 10.10.1.7:5031 (retry 0): Connection refused (os error 111)
[2026-04-19T03:26:55.916Z WARN  network::simple_sender] Failed to connect to 10.10.1.7:5031 (retry 0): Connection refused (os error 111)
[2026-04-19T03:26:55.918Z WARN  network::simple_sender] Failed to connect to 10.10.1.7:5031 (retry 0): Connection refused (os error 111)
[2026-04-19T03:26:55.932Z WARN  network::simple_sender] Failed to connect to 10.10.1.7:5031 (retry 0): Connection refused (os error 111)
[2026-04-19T03:26:55.936Z WARN  network::simple_sender] Failed to connect to 10.10.1.7:5031 (retry 0): Connection refused (os error 111)
[2026-04-19T03:26:55.938Z WARN  network::simple_sender] Failed to connect to 10.10.1.7:5031 (retry 0): Connection refused (os error 111)
[2026-04-19T03:26:55.948Z WARN  network::simple_sender] Failed to connect to 10.10.1.7:5031 (retry 0): Connection refused (os error 111)
[2026-04-19T03:26:55.952Z WARN  network::simple_sender] Failed to connect to 10.10.1.7:5031 (retry 0): Connection refused (os error 111)
[2026-04-19T03:26:55.962Z WARN  network::simple_sender] Failed to connect to 10.10.1.7:5031 (retry 0): Connection refused (os error 111)
[2026-04-19T03:26:55.965Z INFO  worker::batch_maker] Batch tgJ/0KuYYBdEHbf1hvAX2TkwWZajtteYIAv2s3fnRJ8= contains sample tx 2424
[2026-04-19T03:26:55.965Z INFO  worker::batch_maker] Batch tgJ/0KuYYBdEHbf1hvAX2TkwWZajtteYIAv2s3fnRJ8= contains 343040 B
[2026-04-19T03:26:55.965Z WARN  network::simple_sender] Failed to connect to 10.10.1.7:5031 (retry 0): Connection refused (os error 111)
[2026-04-19T03:26:55.968Z WARN  network::simple_sender] Failed to connect to 10.10.1.7:5031 (retry 0): Connection refused (os error 111)
[2026-04-19T03:26:55.969Z WARN  network::simple_sender] Failed to connect to 10.10.1.7:5031 (retry 0): Connection refused (os error 111)
[2026-04-19T03:26:55.970Z WARN  network::simple_sender] Failed to connect to 10.10.1.7:5031 (retry 0): Connection refused (os error 111)
[2026-04-19T03:26:55.985Z WARN  network::simple_sender] Failed to connect to 10.10.1.7:5031 (retry 0): Connection refused (os error 111)
[2026-04-19T03:26:55.988Z WARN  network::simple_sender] Failed to connect to 10.10.1.7:5031 (retry 0): Connection refused (os error 111)
[2026-04-19T03:26:55.990Z WARN  network::simple_sender] Failed to connect to 10.10.1.7:5031 (retry 0): Connection refused (os error 111)
[2026-04-19T03:26:56.001Z WARN  network::simple_sender] Failed to connect to 10.10.1.7:5031 (retry 0): Connection refused (os error 111)
[2026-04-19T03:26:56.003Z WARN  network::simple_sender] Failed to connect to 10.10.1.7:5031 (retry 0): Connection refused (os error 111)
[2026-04-19T03:26:56.010Z WARN  network::simple_sender] Failed to connect to 10.10.1.7:5031 (retry 0): Connection refused (os error 111)
[2026-04-19T03:26:56.014Z WARN  network::simple_sender] Failed to connect to 10.10.1.7:5031 (retry 0): Connection refused (os error 111)
[2026-04-19T03:26:56.017Z INFO  worker::batch_maker] Batch dj4iZ4PI+ZHFWMcWru9y+Bc3IwnvVhc9YExhVC7Y+lk= contains sample tx 2425
[2026-04-19T03:26:56.017Z INFO  worker::batch_maker] Batch dj4iZ4PI+ZHFWMcWru9y+Bc3IwnvVhc9YExhVC7Y+lk= contains 204800 B
[2026-04-19T03:26:56.020Z WARN  network::simple_sender] Failed to connect to 10.10.1.7:5031 (retry 0): Connection refused (os error 111)
[2026-04-19T03:26:56.021Z WARN  network::simple_sender] Failed to connect to 10.10.1.7:5031 (retry 0): Connection refused (os error 111)
[2026-04-19T03:26:56.028Z WARN  network::simple_sender] Failed to connect to 10.10.1.7:5031 (retry 0): Connection refused (os error 111)
[2026-04-19T03:26:56.037Z WARN  network::simple_sender] Failed to connect to 10.10.1.7:5031 (retry 0): Connection refused (os error 111)
[2026-04-19T03:26:56.041Z WARN  network::simple_sender] Failed to connect to 10.10.1.7:5031 (retry 0): Connection refused (os error 111)
[2026-04-19T03:26:56.042Z WARN  network::simple_sender] Failed to connect to 10.10.1.7:5031 (retry 0): Connection refused (os error 111)
[2026-04-19T03:26:56.054Z WARN  network::simple_sender] Failed to connect to 10.10.1.7:5031 (retry 0): Connection refused (os error 111)
[2026-04-19T03:26:56.064Z WARN  network::simple_sender] Failed to connect to 10.10.1.7:5031 (retry 0): Connection refused (os error 111)
[2026-04-19T03:26:56.068Z WARN  network::simple_sender] Failed to connect to 10.10.1.7:5031 (retry 0): Connection refused (os error 111)
[2026-04-19T03:26:56.068Z INFO  worker::batch_maker] Batch CaOHi3rA2wx5mvYTPAMB6wvlCBSijnjcDAsxehivjZw= contains sample tx 2426
[2026-04-19T03:26:56.068Z INFO  worker::batch_maker] Batch CaOHi3rA2wx5mvYTPAMB6wvlCBSijnjcDAsxehivjZw= contains 204800 B
[2026-04-19T03:26:56.070Z WARN  network::simple_sender] Failed to connect to 10.10.1.7:5031 (retry 0): Connection refused (os error 111)
[2026-04-19T03:26:56.072Z WARN  network::simple_sender] Failed to connect to 10.10.1.7:5031 (retry 0): Connection refused (os error 111)
[2026-04-19T03:26:56.076Z WARN  network::simple_sender] Failed to connect to 10.10.1.7:5031 (retry 0): Connection refused (os error 111)
[2026-04-19T03:26:56.080Z WARN  network::simple_sender] Failed to connect to 10.10.1.7:5031 (retry 0): Connection refused (os error 111)
[2026-04-19T03:26:56.087Z WARN  network::simple_sender] Failed to connect to 10.10.1.7:5031 (retry 0): Connection refused (os error 111)
[2026-04-19T03:26:56.092Z WARN  network::simple_sender] Failed to connect to 10.10.1.7:5031 (retry 0): Connection refused (os error 111)
[2026-04-19T03:26:56.095Z WARN  network::simple_sender] Failed to connect to 10.10.1.7:5031 (retry 0): Connection refused (os error 111)
[2026-04-19T03:26:56.109Z WARN  network::simple_sender] Failed to connect to 10.10.1.7:5031 (retry 0): Connection refused (os error 111)
[2026-04-19T03:26:56.116Z WARN  network::simple_sender] Failed to connect to 10.10.1.7:5031 (retry 0): Connection refused (os error 111)
[2026-04-19T03:26:56.118Z WARN  network::simple_sender] Failed to connect to 10.10.1.7:5031 (retry 0): Connection refused (os error 111)
[2026-04-19T03:26:56.120Z WARN  network::simple_sender] Failed to connect to 10.10.1.7:5031 (retry 0): Connection refused (os error 111)
[2026-04-19T03:26:56.122Z INFO  worker::batch_maker] Batch /QqrDzzSQbE2OIoMqWXQeuRSZ9n0fXvoMvYoY42gyd4= contains sample tx 2427
[2026-04-19T03:26:56.122Z INFO  worker::batch_maker] Batch /QqrDzzSQbE2OIoMqWXQeuRSZ9n0fXvoMvYoY42gyd4= contains 204800 B
[2026-04-19T03:26:56.126Z WARN  network::simple_sender] Failed to connect to 10.10.1.7:5031 (retry 0): Connection refused (os error 111)
[2026-04-19T03:26:56.129Z WARN  network::simple_sender] Failed to connect to 10.10.1.7:5031 (retry 0): Connection refused (os error 111)
[2026-04-19T03:26:56.133Z WARN  network::simple_sender] Failed to connect to 10.10.1.7:5031 (retry 0): Connection refused (os error 111)
[2026-04-19T03:26:56.141Z WARN  network::simple_sender] Failed to connect to 10.10.1.7:5031 (retry 0): Connection refused (os error 111)
[2026-04-19T03:26:56.143Z WARN  network::simple_sender] Failed to connect to 10.10.1.7:5031 (retry 0): Connection refused (os error 111)
[2026-04-19T03:26:56.146Z WARN  network::simple_sender] Failed to connect to 10.10.1.7:5031 (retry 0): Connection refused (os error 111)
[2026-04-19T03:26:56.161Z WARN  network::simple_sender] Failed to connect to 10.10.1.7:5031 (retry 0): Connection refused (os error 111)
[2026-04-19T03:26:56.167Z WARN  network::simple_sender] Failed to connect to 10.10.1.7:5031 (retry 0): Connection refused (os error 111)
[2026-04-19T03:26:56.168Z WARN  network::simple_sender] Failed to connect to 10.10.1.7:5031 (retry 0): Connection refused (os error 111)
[2026-04-19T03:26:56.171Z WARN  network::simple_sender] Failed to connect to 10.10.1.7:5031 (retry 0): Connection refused (os error 111)
[2026-04-19T03:26:56.174Z INFO  worker::batch_maker] Batch g0wiTgvwe5/sy+sRbxKKiNr1kNWPiIcch50CoZlwM+Q= contains sample tx 2428
[2026-04-19T03:26:56.174Z INFO  worker::batch_maker] Batch g0wiTgvwe5/sy+sRbxKKiNr1kNWPiIcch50CoZlwM+Q= contains 204800 B
[2026-04-19T03:26:56.178Z WARN  network::simple_sender] Failed to connect to 10.10.1.7:5031 (retry 0): Connection refused (os error 111)
[2026-04-19T03:26:56.182Z WARN  network::simple_sender] Failed to connect to 10.10.1.7:5031 (retry 0): Connection refused (os error 111)
[2026-04-19T03:26:56.185Z WARN  network::simple_sender] Failed to connect to 10.10.1.7:5031 (retry 0): Connection refused (os error 111)
[2026-04-19T03:26:56.194Z WARN  network::simple_sender] Failed to connect to 10.10.1.7:5031 (retry 0): Connection refused (os error 111)
[2026-04-19T03:26:56.198Z WARN  network::simple_sender] Failed to connect to 10.10.1.7:5031 (retry 0): Connection refused (os error 111)
[2026-04-19T03:26:56.200Z WARN  network::simple_sender] Failed to connect to 10.10.1.7:5031 (retry 0): Connection refused (os error 111)
[2026-04-19T03:26:56.219Z WARN  network::simple_sender] Failed to connect to 10.10.1.7:5031 (retry 0): Connection refused (os error 111)
[2026-04-19T03:26:56.221Z WARN  network::simple_sender] Failed to connect to 10.10.1.7:5031 (retry 0): Connection refused (os error 111)
[2026-04-19T03:26:56.224Z WARN  network::simple_sender] Failed to connect to 10.10.1.7:5031 (retry 0): Connection refused (os error 111)
[2026-04-19T03:26:56.225Z WARN  network::simple_sender] Failed to connect to 10.10.1.7:5031 (retry 0): Connection refused (os error 111)
[2026-04-19T03:26:56.227Z INFO  worker::batch_maker] Batch /jXpNkGE/GhkCqJ7IO39AgV7SMFUWt3vu4HM5ko6dyk= contains sample tx 2429
[2026-04-19T03:26:56.227Z INFO  worker::batch_maker] Batch /jXpNkGE/GhkCqJ7IO39AgV7SMFUWt3vu4HM5ko6dyk= contains 204800 B
[2026-04-19T03:26:56.231Z WARN  network::simple_sender] Failed to connect to 10.10.1.7:5031 (retry 0): Connection refused (os error 111)
[2026-04-19T03:26:56.235Z WARN  network::simple_sender] Failed to connect to 10.10.1.7:5031 (retry 0): Connection refused (os error 111)
[2026-04-19T03:26:56.240Z WARN  network::simple_sender] Failed to connect to 10.10.1.7:5031 (retry 0): Connection refused (os error 111)
[2026-04-19T03:26:56.246Z WARN  network::simple_sender] Failed to connect to 10.10.1.7:5031 (retry 0): Connection refused (os error 111)
[2026-04-19T03:26:56.249Z WARN  network::simple_sender] Failed to connect to 10.10.1.7:5031 (retry 0): Connection refused (os error 111)
[2026-04-19T03:26:56.253Z WARN  network::simple_sender] Failed to connect to 10.10.1.7:5031 (retry 0): Connection refused (os error 111)
[2026-04-19T03:26:56.272Z WARN  network::simple_sender] Failed to connect to 10.10.1.7:5031 (retry 0): Connection refused (os error 111)
[2026-04-19T03:26:56.275Z WARN  network::simple_sender] Failed to connect to 10.10.1.7:5031 (retry 0): Connection refused (os error 111)
[2026-04-19T03:26:56.276Z WARN  network::simple_sender] Failed to connect to 10.10.1.7:5031 (retry 0): Connection refused (os error 111)
[2026-04-19T03:26:56.278Z WARN  network::simple_sender] Failed to connect to 10.10.1.7:5031 (retry 0): Connection refused (os error 111)
[2026-04-19T03:26:56.280Z INFO  worker::batch_maker] Batch wT65Cj7Esun64Ey4Js4MdG+2yy1lcERhalbTPHAdZiM= contains sample tx 2430
[2026-04-19T03:26:56.280Z INFO  worker::batch_maker] Batch wT65Cj7Esun64Ey4Js4MdG+2yy1lcERhalbTPHAdZiM= contains 204800 B
[2026-04-19T03:26:56.282Z WARN  network::simple_sender] Failed to connect to 10.10.1.7:5031 (retry 0): Connection refused (os error 111)
[2026-04-19T03:26:56.288Z WARN  network::simple_sender] Failed to connect to 10.10.1.7:5031 (retry 0): Connection refused (os error 111)
[2026-04-19T03:26:56.293Z WARN  network::simple_sender] Failed to connect to 10.10.1.7:5031 (retry 0): Connection refused (os error 111)
[2026-04-19T03:26:56.301Z WARN  network::simple_sender] Failed to connect to 10.10.1.7:5031 (retry 0): Connection refused (os error 111)
[2026-04-19T03:26:56.302Z WARN  network::simple_sender] Failed to connect to 10.10.1.7:5031 (retry 0): Connection refused (os error 111)
[2026-04-19T03:26:56.306Z WARN  network::simple_sender] Failed to connect to 10.10.1.7:5031 (retry 0): Connection refused (os error 111)
[2026-04-19T03:26:56.322Z WARN  network::simple_sender] Failed to connect to 10.10.1.7:5031 (retry 0): Connection refused (os error 111)
[2026-04-19T03:26:56.326Z WARN  network::simple_sender] Failed to connect to 10.10.1.7:5031 (retry 0): Connection refused (os error 111)
[2026-04-19T03:26:56.331Z WARN  network::simple_sender] Failed to connect to 10.10.1.7:5031 (retry 0): Connection refused (os error 111)
[2026-04-19T03:26:56.333Z WARN  network::simple_sender] Failed to connect to 10.10.1.7:5031 (retry 0): Connection refused (os error 111)
[2026-04-19T03:26:56.334Z INFO  worker::batch_maker] Batch iedVdbm62n70Nl3Io3/ClnVtqwTHts4qa9DpsablWxY= contains sample tx 2431
[2026-04-19T03:26:56.334Z INFO  worker::batch_maker] Batch iedVdbm62n70Nl3Io3/ClnVtqwTHts4qa9DpsablWxY= contains 204800 B
[2026-04-19T03:26:56.336Z WARN  network::simple_sender] Failed to connect to 10.10.1.7:5031 (retry 0): Connection refused (os error 111)
[2026-04-19T03:26:56.341Z WARN  network::simple_sender] Failed to connect to 10.10.1.7:5031 (retry 0): Connection refused (os error 111)
[2026-04-19T03:26:56.347Z WARN  network::simple_sender] Failed to connect to 10.10.1.7:5031 (retry 0): Connection refused (os error 111)
[2026-04-19T03:26:56.353Z WARN  network::simple_sender] Failed to connect to 10.10.1.7:5031 (retry 0): Connection refused (os error 111)
[2026-04-19T03:26:56.358Z WARN  network::simple_sender] Failed to connect to 10.10.1.7:5031 (retry 0): Connection refused (os error 111)
[2026-04-19T03:26:56.358Z WARN  network::simple_sender] Failed to connect to 10.10.1.7:5031 (retry 0): Connection refused (os error 111)
[2026-04-19T03:26:56.378Z WARN  network::simple_sender] Failed to connect to 10.10.1.7:5031 (retry 0): Connection refused (os error 111)
[2026-04-19T03:26:56.382Z WARN  network::simple_sender] Failed to connect to 10.10.1.7:5031 (retry 0): Connection refused (os error 111)
[2026-04-19T03:26:56.383Z WARN  network::simple_sender] Failed to connect to 10.10.1.7:5031 (retry 0): Connection refused (os error 111)
[2026-04-19T03:26:56.384Z WARN  network::simple_sender] Failed to connect to 10.10.1.7:5031 (retry 0): Connection refused (os error 111)
[2026-04-19T03:26:56.387Z INFO  worker::batch_maker] Batch 5KY7dmyFrT+q7c/t2rSQevC2mBaJHXIMd+GGblsdLxs= contains sample tx 2432
[2026-04-19T03:26:56.387Z INFO  worker::batch_maker] Batch 5KY7dmyFrT+q7c/t2rSQevC2mBaJHXIMd+GGblsdLxs= contains 204800 B
[2026-04-19T03:26:56.391Z WARN  network::simple_sender] Failed to connect to 10.10.1.7:5031 (retry 0): Connection refused (os error 111)
[2026-04-19T03:26:56.394Z WARN  network::simple_sender] Failed to connect to 10.10.1.7:5031 (retry 0): Connection refused (os error 111)
[2026-04-19T03:26:56.401Z WARN  network::simple_sender] Failed to connect to 10.10.1.7:5031 (retry 0): Connection refused (os error 111)
[2026-04-19T03:26:56.408Z WARN  network::simple_sender] Failed to connect to 10.10.1.7:5031 (retry 0): Connection refused (os error 111)
[2026-04-19T03:26:56.409Z WARN  network::simple_sender] Failed to connect to 10.10.1.7:5031 (retry 0): Connection refused (os error 111)
[2026-04-19T03:26:56.412Z WARN  network::simple_sender] Failed to connect to 10.10.1.7:5031 (retry 0): Connection refused (os error 111)
[2026-04-19T03:26:56.434Z WARN  network::simple_sender] Failed to connect to 10.10.1.7:5031 (retry 0): Connection refused (os error 111)
[2026-04-19T03:26:56.436Z WARN  network::simple_sender] Failed to connect to 10.10.1.7:5031 (retry 0): Connection refused (os error 111)
[2026-04-19T03:26:56.438Z WARN  network::simple_sender] Failed to connect to 10.10.1.7:5031 (retry 0): Connection refused (os error 111)
[2026-04-19T03:26:56.440Z INFO  worker::batch_maker] Batch jlt2AVtSr1ycuGBhCmOgOaTuErk07cr80VAjqV1W/3g= contains sample tx 2433
[2026-04-19T03:26:56.440Z INFO  worker::batch_maker] Batch jlt2AVtSr1ycuGBhCmOgOaTuErk07cr80VAjqV1W/3g= contains 204800 B
[2026-04-19T03:26:56.440Z WARN  network::simple_sender] Failed to connect to 10.10.1.7:5031 (retry 0): Connection refused (os error 111)
[2026-04-19T03:26:56.444Z WARN  network::simple_sender] Failed to connect to 10.10.1.7:5031 (retry 0): Connection refused (os error 111)
[2026-04-19T03:26:56.448Z WARN  network::simple_sender] Failed to connect to 10.10.1.7:5031 (retry 0): Connection refused (os error 111)
[2026-04-19T03:26:56.456Z WARN  network::simple_sender] Failed to connect to 10.10.1.7:5031 (retry 0): Connection refused (os error 111)
[2026-04-19T03:26:56.460Z WARN  network::simple_sender] Failed to connect to 10.10.1.7:5031 (retry 0): Connection refused (os error 111)
[2026-04-19T03:26:56.462Z WARN  network::simple_sender] Failed to connect to 10.10.1.7:5031 (retry 0): Connection refused (os error 111)
[2026-04-19T03:26:56.473Z WARN  network::simple_sender] Failed to connect to 10.10.1.7:5031 (retry 0): Connection refused (os error 111)
[2026-04-19T03:26:56.489Z WARN  network::simple_sender] Failed to connect to 10.10.1.7:5031 (retry 0): Connection refused (os error 111)
[2026-04-19T03:26:56.491Z WARN  network::simple_sender] Failed to connect to 10.10.1.7:5031 (retry 0): Connection refused (os error 111)
[2026-04-19T03:26:56.493Z INFO  worker::batch_maker] Batch jAdDE9qSJU19y+AnWgpo+dYFqVGdruubuvoESXAqqBw= contains sample tx 2434
[2026-04-19T03:26:56.493Z INFO  worker::batch_maker] Batch jAdDE9qSJU19y+AnWgpo+dYFqVGdruubuvoESXAqqBw= contains 204800 B
[2026-04-19T03:26:56.493Z WARN  network::simple_sender] Failed to connect to 10.10.1.7:5031 (retry 0): Connection refused (os error 111)
[2026-04-19T03:26:56.495Z WARN  network::simple_sender] Failed to connect to 10.10.1.7:5031 (retry 0): Connection refused (os error 111)
[2026-04-19T03:26:56.497Z WARN  network::simple_sender] Failed to connect to 10.10.1.7:5031 (retry 0): Connection refused (os error 111)
[2026-04-19T03:26:56.501Z WARN  network::simple_sender] Failed to connect to 10.10.1.7:5031 (retry 0): Connection refused (os error 111)
[2026-04-19T03:26:56.509Z WARN  network::simple_sender] Failed to connect to 10.10.1.7:5031 (retry 0): Connection refused (os error 111)
[2026-04-19T03:26:56.512Z WARN  network::simple_sender] Failed to connect to 10.10.1.7:5031 (retry 0): Connection refused (os error 111)
[2026-04-19T03:26:56.523Z WARN  network::simple_sender] Failed to connect to 10.10.1.7:5031 (retry 0): Connection refused (os error 111)
[2026-04-19T03:26:56.524Z WARN  network::simple_sender] Failed to connect to 10.10.1.7:5031 (retry 0): Connection refused (os error 111)
[2026-04-19T03:26:56.541Z WARN  network::simple_sender] Failed to connect to 10.10.1.7:5031 (retry 0): Connection refused (os error 111)
[2026-04-19T03:26:56.544Z WARN  network::simple_sender] Failed to connect to 10.10.1.7:5031 (retry 0): Connection refused (os error 111)
[2026-04-19T03:26:56.546Z INFO  worker::batch_maker] Batch CyV3IltdecjuPh4mLsxhIbN/9DiO1UGKrsGmtH6bW6o= contains sample tx 2435
[2026-04-19T03:26:56.546Z INFO  worker::batch_maker] Batch CyV3IltdecjuPh4mLsxhIbN/9DiO1UGKrsGmtH6bW6o= contains 204800 B
[2026-04-19T03:26:56.547Z WARN  network::simple_sender] Failed to connect to 10.10.1.7:5031 (retry 0): Connection refused (os error 111)
[2026-04-19T03:26:56.550Z WARN  network::simple_sender] Failed to connect to 10.10.1.7:5031 (retry 0): Connection refused (os error 111)
[2026-04-19T03:26:56.550Z WARN  network::simple_sender] Failed to connect to 10.10.1.7:5031 (retry 0): Connection refused (os error 111)
[2026-04-19T03:26:56.555Z WARN  network::simple_sender] Failed to connect to 10.10.1.7:5031 (retry 0): Connection refused (os error 111)
[2026-04-19T03:26:56.562Z WARN  network::simple_sender] Failed to connect to 10.10.1.7:5031 (retry 0): Connection refused (os error 111)
[2026-04-19T03:26:56.564Z WARN  network::simple_sender] Failed to connect to 10.10.1.7:5031 (retry 0): Connection refused (os error 111)
[2026-04-19T03:26:56.571Z WARN  network::simple_sender] Failed to connect to 10.10.1.7:5031 (retry 0): Connection refused (os error 111)
[2026-04-19T03:26:56.573Z WARN  network::simple_sender] Failed to connect to 10.10.1.7:5031 (retry 0): Connection refused (os error 111)
[2026-04-19T03:26:56.595Z WARN  network::simple_sender] Failed to connect to 10.10.1.7:5031 (retry 0): Connection refused (os error 111)
[2026-04-19T03:26:56.598Z WARN  network::simple_sender] Failed to connect to 10.10.1.7:5031 (retry 0): Connection refused (os error 111)
[2026-04-19T03:26:56.599Z WARN  network::simple_sender] Failed to connect to 10.10.1.7:5031 (retry 0): Connection refused (os error 111)
[2026-04-19T03:26:56.601Z INFO  worker::batch_maker] Batch wtiavw3PihVhjOAtBKzSRSiMEdQsJTO9gNlB0DxvYQk= contains sample tx 2436
[2026-04-19T03:26:56.601Z INFO  worker::batch_maker] Batch wtiavw3PihVhjOAtBKzSRSiMEdQsJTO9gNlB0DxvYQk= contains 204800 B
[2026-04-19T03:26:56.602Z WARN  network::simple_sender] Failed to connect to 10.10.1.7:5031 (retry 0): Connection refused (os error 111)
[2026-04-19T03:26:56.607Z WARN  network::simple_sender] Failed to connect to 10.10.1.7:5031 (retry 0): Connection refused (os error 111)
[2026-04-19T03:26:56.607Z WARN  network::simple_sender] Failed to connect to 10.10.1.7:5031 (retry 0): Connection refused (os error 111)
[2026-04-19T03:26:56.616Z WARN  network::simple_sender] Failed to connect to 10.10.1.7:5031 (retry 0): Connection refused (os error 111)
[2026-04-19T03:26:56.618Z WARN  network::simple_sender] Failed to connect to 10.10.1.7:5031 (retry 0): Connection refused (os error 111)
[2026-04-19T03:26:56.625Z WARN  network::simple_sender] Failed to connect to 10.10.1.7:5031 (retry 0): Connection refused (os error 111)
[2026-04-19T03:26:56.627Z WARN  network::simple_sender] Failed to connect to 10.10.1.7:5031 (retry 0): Connection refused (os error 111)
[2026-04-19T03:26:56.648Z WARN  network::simple_sender] Failed to connect to 10.10.1.7:5031 (retry 0): Connection refused (os error 111)
[2026-04-19T03:26:56.650Z WARN  network::simple_sender] Failed to connect to 10.10.1.7:5031 (retry 0): Connection refused (os error 111)
[2026-04-19T03:26:56.652Z WARN  network::simple_sender] Failed to connect to 10.10.1.7:5031 (retry 0): Connection refused (os error 111)
[2026-04-19T03:26:56.655Z INFO  worker::batch_maker] Batch Qh2z+CtmtYghX9OYZhEKwvmAj04y8QZUTdR/qZcg79Q= contains sample tx 2437
[2026-04-19T03:26:56.655Z INFO  worker::batch_maker] Batch Qh2z+CtmtYghX9OYZhEKwvmAj04y8QZUTdR/qZcg79Q= contains 204800 B
[2026-04-19T03:26:56.658Z WARN  network::simple_sender] Failed to connect to 10.10.1.7:5031 (retry 0): Connection refused (os error 111)
[2026-04-19T03:26:56.659Z WARN  network::simple_sender] Failed to connect to 10.10.1.7:5031 (retry 0): Connection refused (os error 111)
[2026-04-19T03:26:56.666Z WARN  network::simple_sender] Failed to connect to 10.10.1.7:5031 (retry 0): Connection refused (os error 111)
[2026-04-19T03:26:56.668Z WARN  network::simple_sender] Failed to connect to 10.10.1.7:5031 (retry 0): Connection refused (os error 111)
[2026-04-19T03:26:56.677Z WARN  network::simple_sender] Failed to connect to 10.10.1.7:5031 (retry 0): Connection refused (os error 111)
[2026-04-19T03:26:56.679Z WARN  network::simple_sender] Failed to connect to 10.10.1.7:5031 (retry 0): Connection refused (os error 111)
[2026-04-19T03:26:56.681Z WARN  network::simple_sender] Failed to connect to 10.10.1.7:5031 (retry 0): Connection refused (os error 111)
[2026-04-19T03:26:56.701Z WARN  network::simple_sender] Failed to connect to 10.10.1.7:5031 (retry 0): Connection refused (os error 111)
[2026-04-19T03:26:56.704Z WARN  network::simple_sender] Failed to connect to 10.10.1.7:5031 (retry 0): Connection refused (os error 111)
[2026-04-19T03:26:56.705Z WARN  network::simple_sender] Failed to connect to 10.10.1.7:5031 (retry 0): Connection refused (os error 111)
[2026-04-19T03:26:56.707Z INFO  worker::batch_maker] Batch SfKjRzeNjyBilbD2AMMnkytnljWJNpx/aP3wta0/4kE= contains sample tx 2438
[2026-04-19T03:26:56.707Z INFO  worker::batch_maker] Batch SfKjRzeNjyBilbD2AMMnkytnljWJNpx/aP3wta0/4kE= contains sample tx 2439
[2026-04-19T03:26:56.707Z INFO  worker::batch_maker] Batch SfKjRzeNjyBilbD2AMMnkytnljWJNpx/aP3wta0/4kE= contains 254464 B
[2026-04-19T03:26:56.712Z WARN  network::simple_sender] Failed to connect to 10.10.1.7:5031 (retry 0): Connection refused (os error 111)
[2026-04-19T03:26:56.713Z WARN  network::simple_sender] Failed to connect to 10.10.1.7:5031 (retry 0): Connection refused (os error 111)
[2026-04-19T03:26:56.718Z WARN  network::simple_sender] Failed to connect to 10.10.1.7:5031 (retry 0): Connection refused (os error 111)
[2026-04-19T03:26:56.720Z WARN  network::simple_sender] Failed to connect to 10.10.1.7:5031 (retry 0): Connection refused (os error 111)
[2026-04-19T03:26:56.731Z WARN  network::simple_sender] Failed to connect to 10.10.1.7:5031 (retry 0): Connection refused (os error 111)
[2026-04-19T03:26:56.733Z WARN  network::simple_sender] Failed to connect to 10.10.1.7:5031 (retry 0): Connection refused (os error 111)
[2026-04-19T03:26:56.735Z WARN  network::simple_sender] Failed to connect to 10.10.1.7:5031 (retry 0): Connection refused (os error 111)
[2026-04-19T03:26:56.754Z WARN  network::simple_sender] Failed to connect to 10.10.1.7:5031 (retry 0): Connection refused (os error 111)
[2026-04-19T03:26:56.759Z WARN  network::simple_sender] Failed to connect to 10.10.1.7:5031 (retry 0): Connection refused (os error 111)
[2026-04-19T03:26:56.763Z INFO  worker::batch_maker] Batch NaKPOetPKX//DFXYIWEc7tuk34Xt0J/IXGI8M0yStWY= contains sample tx 2440
[2026-04-19T03:26:56.763Z INFO  worker::batch_maker] Batch NaKPOetPKX//DFXYIWEc7tuk34Xt0J/IXGI8M0yStWY= contains 304128 B
[2026-04-19T03:26:56.764Z WARN  network::simple_sender] Failed to connect to 10.10.1.7:5031 (retry 0): Connection refused (os error 111)
[2026-04-19T03:26:56.766Z WARN  network::simple_sender] Failed to connect to 10.10.1.7:5031 (retry 0): Connection refused (os error 111)
[2026-04-19T03:26:56.769Z WARN  network::simple_sender] Failed to connect to 10.10.1.7:5031 (retry 0): Connection refused (os error 111)
[2026-04-19T03:26:56.771Z WARN  network::simple_sender] Failed to connect to 10.10.1.7:5031 (retry 0): Connection refused (os error 111)
[2026-04-19T03:26:56.773Z WARN  network::simple_sender] Failed to connect to 10.10.1.7:5031 (retry 0): Connection refused (os error 111)
[2026-04-19T03:26:56.783Z WARN  network::simple_sender] Failed to connect to 10.10.1.7:5031 (retry 0): Connection refused (os error 111)
[2026-04-19T03:26:56.784Z WARN  network::simple_sender] Failed to connect to 10.10.1.7:5031 (retry 0): Connection refused (os error 111)
[2026-04-19T03:26:56.786Z WARN  network::simple_sender] Failed to connect to 10.10.1.7:5031 (retry 0): Connection refused (os error 111)
[2026-04-19T03:26:56.809Z WARN  network::simple_sender] Failed to connect to 10.10.1.7:5031 (retry 0): Connection refused (os error 111)
[2026-04-19T03:26:56.813Z WARN  network::simple_sender] Failed to connect to 10.10.1.7:5031 (retry 0): Connection refused (os error 111)
[2026-04-19T03:26:56.816Z WARN  network::simple_sender] Failed to connect to 10.10.1.7:5031 (retry 0): Connection refused (os error 111)
[2026-04-19T03:26:56.817Z INFO  worker::batch_maker] Batch pg9afaQbkKGw+wET7adhoFYp5OdRRxgcYQf54NKCqPY= contains sample tx 2441
[2026-04-19T03:26:56.817Z INFO  worker::batch_maker] Batch pg9afaQbkKGw+wET7adhoFYp5OdRRxgcYQf54NKCqPY= contains 260608 B
[2026-04-19T03:26:56.819Z WARN  network::simple_sender] Failed to connect to 10.10.1.7:5031 (retry 0): Connection refused (os error 111)
[2026-04-19T03:26:56.823Z WARN  network::simple_sender] Failed to connect to 10.10.1.7:5031 (retry 0): Connection refused (os error 111)
[2026-04-19T03:26:56.824Z WARN  network::simple_sender] Failed to connect to 10.10.1.7:5031 (retry 0): Connection refused (os error 111)
[2026-04-19T03:26:56.824Z WARN  network::simple_sender] Failed to connect to 10.10.1.7:5031 (retry 0): Connection refused (os error 111)
[2026-04-19T03:26:56.835Z WARN  network::simple_sender] Failed to connect to 10.10.1.7:5031 (retry 0): Connection refused (os error 111)
[2026-04-19T03:26:56.836Z WARN  network::simple_sender] Failed to connect to 10.10.1.7:5031 (retry 0): Connection refused (os error 111)
[2026-04-19T03:26:56.839Z WARN  network::simple_sender] Failed to connect to 10.10.1.7:5031 (retry 0): Connection refused (os error 111)
[2026-04-19T03:26:56.864Z WARN  network::simple_sender] Failed to connect to 10.10.1.7:5031 (retry 0): Connection refused (os error 111)
[2026-04-19T03:26:56.867Z WARN  network::simple_sender] Failed to connect to 10.10.1.7:5031 (retry 0): Connection refused (os error 111)
[2026-04-19T03:26:56.868Z WARN  network::simple_sender] Failed to connect to 10.10.1.7:5031 (retry 0): Connection refused (os error 111)
[2026-04-19T03:26:56.870Z WARN  network::simple_sender] Failed to connect to 10.10.1.7:5031 (retry 0): Connection refused (os error 111)
[2026-04-19T03:26:56.870Z INFO  worker::batch_maker] Batch gwhhxzbB87VR170kpz9xgUixZVtOa+CrCU38flJ2tsE= contains sample tx 2442
[2026-04-19T03:26:56.870Z INFO  worker::batch_maker] Batch gwhhxzbB87VR170kpz9xgUixZVtOa+CrCU38flJ2tsE= contains 204800 B
[2026-04-19T03:26:56.874Z WARN  network::simple_sender] Failed to connect to 10.10.1.7:5031 (retry 0): Connection refused (os error 111)
[2026-04-19T03:26:56.877Z WARN  network::simple_sender] Failed to connect to 10.10.1.7:5031 (retry 0): Connection refused (os error 111)
[2026-04-19T03:26:56.886Z WARN  network::simple_sender] Failed to connect to 10.10.1.7:5031 (retry 0): Connection refused (os error 111)
[2026-04-19T03:26:56.887Z WARN  network::simple_sender] Failed to connect to 10.10.1.7:5031 (retry 0): Connection refused (os error 111)
[2026-04-19T03:26:56.889Z WARN  network::simple_sender] Failed to connect to 10.10.1.7:5031 (retry 0): Connection refused (os error 111)
[2026-04-19T03:26:56.891Z WARN  network::simple_sender] Failed to connect to 10.10.1.7:5031 (retry 0): Connection refused (os error 111)
[2026-04-19T03:26:56.918Z WARN  network::simple_sender] Failed to connect to 10.10.1.7:5031 (retry 0): Connection refused (os error 111)
[2026-04-19T03:26:56.921Z WARN  network::simple_sender] Failed to connect to 10.10.1.7:5031 (retry 0): Connection refused (os error 111)
[2026-04-19T03:26:56.924Z INFO  worker::batch_maker] Batch e7mtOnDuAcjl/UtLhaeYzYPogAAli0Lk7OYcIV03RVg= contains sample tx 2443
[2026-04-19T03:26:56.924Z INFO  worker::batch_maker] Batch e7mtOnDuAcjl/UtLhaeYzYPogAAli0Lk7OYcIV03RVg= contains 204800 B
[2026-04-19T03:26:56.925Z WARN  network::simple_sender] Failed to connect to 10.10.1.7:5031 (retry 0): Connection refused (os error 111)
[2026-04-19T03:26:56.927Z WARN  network::simple_sender] Failed to connect to 10.10.1.7:5031 (retry 0): Connection refused (os error 111)
[2026-04-19T03:26:56.928Z WARN  network::simple_sender] Failed to connect to 10.10.1.7:5031 (retry 0): Connection refused (os error 111)
[2026-04-19T03:26:56.930Z WARN  network::simple_sender] Failed to connect to 10.10.1.7:5031 (retry 0): Connection refused (os error 111)
[2026-04-19T03:26:56.939Z WARN  network::simple_sender] Failed to connect to 10.10.1.7:5031 (retry 0): Connection refused (os error 111)
[2026-04-19T03:26:56.941Z WARN  network::simple_sender] Failed to connect to 10.10.1.7:5031 (retry 0): Connection refused (os error 111)
[2026-04-19T03:26:56.942Z WARN  network::simple_sender] Failed to connect to 10.10.1.7:5031 (retry 0): Connection refused (os error 111)
[2026-04-19T03:26:56.944Z WARN  network::simple_sender] Failed to connect to 10.10.1.7:5031 (retry 0): Connection refused (os error 111)
[2026-04-19T03:26:56.972Z WARN  network::simple_sender] Failed to connect to 10.10.1.7:5031 (retry 0): Connection refused (os error 111)
[2026-04-19T03:26:56.975Z WARN  network::simple_sender] Failed to connect to 10.10.1.7:5031 (retry 0): Connection refused (os error 111)
[2026-04-19T03:26:56.977Z INFO  worker::batch_maker] Batch BpJ6vK2qQTvU8JQLImqzAMOQZXhq4s02JUvnKLNId84= contains sample tx 2444
[2026-04-19T03:26:56.977Z INFO  worker::batch_maker] Batch BpJ6vK2qQTvU8JQLImqzAMOQZXhq4s02JUvnKLNId84= contains 204800 B
[2026-04-19T03:26:56.979Z WARN  network::simple_sender] Failed to connect to 10.10.1.7:5031 (retry 0): Connection refused (os error 111)
[2026-04-19T03:26:56.982Z WARN  network::simple_sender] Failed to connect to 10.10.1.7:5031 (retry 0): Connection refused (os error 111)
[2026-04-19T03:26:56.993Z WARN  network::simple_sender] Failed to connect to 10.10.1.7:5031 (retry 0): Connection refused (os error 111)
[2026-04-19T03:26:56.995Z WARN  network::simple_sender] Failed to connect to 10.10.1.7:5031 (retry 0): Connection refused (os error 111)
[2026-04-19T03:26:56.997Z WARN  network::simple_sender] Failed to connect to 10.10.1.7:5031 (retry 0): Connection refused (os error 111)
[2026-04-19T03:26:57.032Z INFO  worker::batch_maker] Batch tsbGOCRz+GobmNOO3YfsuiZqsM15KrWU9oTvTBVtYBc= contains sample tx 2445
[2026-04-19T03:26:57.032Z INFO  worker::batch_maker] Batch tsbGOCRz+GobmNOO3YfsuiZqsM15KrWU9oTvTBVtYBc= contains 204800 B
[2026-04-19T03:26:57.035Z WARN  network::simple_sender] Failed to connect to 10.10.1.7:5031 (retry 0): Connection refused (os error 111)
[2026-04-19T03:26:57.045Z WARN  network::simple_sender] Failed to connect to 10.10.1.7:5031 (retry 0): Connection refused (os error 111)
[2026-04-19T03:26:57.047Z WARN  network::simple_sender] Failed to connect to 10.10.1.7:5031 (retry 0): Connection refused (os error 111)
[2026-04-19T03:26:57.049Z WARN  network::simple_sender] Failed to connect to 10.10.1.7:5031 (retry 0): Connection refused (os error 111)
[2026-04-19T03:26:57.052Z WARN  network::simple_sender] Failed to connect to 10.10.1.7:5031 (retry 0): Connection refused (os error 111)
[2026-04-19T03:26:57.074Z WARN  network::simple_sender] Failed to connect to 10.10.1.7:5031 (retry 0): Connection refused (os error 111)
[2026-04-19T03:26:57.077Z WARN  network::simple_sender] Failed to connect to 10.10.1.7:5031 (retry 0): Connection refused (os error 111)
[2026-04-19T03:26:57.081Z WARN  network::simple_sender] Failed to connect to 10.10.1.7:5031 (retry 0): Connection refused (os error 111)
[2026-04-19T03:26:57.083Z WARN  network::simple_sender] Failed to connect to 10.10.1.7:5031 (retry 0): Connection refused (os error 111)
[2026-04-19T03:26:57.085Z INFO  worker::batch_maker] Batch oHYPYkAfcEQwaJu9Fvfq7yykdcLcxE2sG/JmOIP1tUE= contains sample tx 2446
[2026-04-19T03:26:57.085Z INFO  worker::batch_maker] Batch oHYPYkAfcEQwaJu9Fvfq7yykdcLcxE2sG/JmOIP1tUE= contains 204800 B
[2026-04-19T03:26:57.089Z WARN  network::simple_sender] Failed to connect to 10.10.1.7:5031 (retry 0): Connection refused (os error 111)
[2026-04-19T03:26:57.089Z WARN  network::simple_sender] Failed to connect to 10.10.1.7:5031 (retry 0): Connection refused (os error 111)
[2026-04-19T03:26:57.099Z WARN  network::simple_sender] Failed to connect to 10.10.1.7:5031 (retry 0): Connection refused (os error 111)
[2026-04-19T03:26:57.101Z WARN  network::simple_sender] Failed to connect to 10.10.1.7:5031 (retry 0): Connection refused (os error 111)
[2026-04-19T03:26:57.103Z WARN  network::simple_sender] Failed to connect to 10.10.1.7:5031 (retry 0): Connection refused (os error 111)
[2026-04-19T03:26:57.105Z WARN  network::simple_sender] Failed to connect to 10.10.1.7:5031 (retry 0): Connection refused (os error 111)
[2026-04-19T03:26:57.125Z WARN  network::simple_sender] Failed to connect to 10.10.1.7:5031 (retry 0): Connection refused (os error 111)
[2026-04-19T03:26:57.131Z WARN  network::simple_sender] Failed to connect to 10.10.1.7:5031 (retry 0): Connection refused (os error 111)
[2026-04-19T03:26:57.133Z WARN  network::simple_sender] Failed to connect to 10.10.1.7:5031 (retry 0): Connection refused (os error 111)
[2026-04-19T03:26:57.135Z WARN  network::simple_sender] Failed to connect to 10.10.1.7:5031 (retry 0): Connection refused (os error 111)
[2026-04-19T03:26:57.138Z INFO  worker::batch_maker] Batch pduzXDnlXn1SignMEuwzZElN1yjtIKzKDNEdATxJN98= contains sample tx 2447
[2026-04-19T03:26:57.138Z INFO  worker::batch_maker] Batch pduzXDnlXn1SignMEuwzZElN1yjtIKzKDNEdATxJN98= contains 204800 B
[2026-04-19T03:26:57.142Z WARN  network::simple_sender] Failed to connect to 10.10.1.7:5031 (retry 0): Connection refused (os error 111)
[2026-04-19T03:26:57.154Z WARN  network::simple_sender] Failed to connect to 10.10.1.7:5031 (retry 0): Connection refused (os error 111)
[2026-04-19T03:26:57.156Z WARN  network::simple_sender] Failed to connect to 10.10.1.7:5031 (retry 0): Connection refused (os error 111)
[2026-04-19T03:26:57.160Z WARN  network::simple_sender] Failed to connect to 10.10.1.7:5031 (retry 0): Connection refused (os error 111)
[2026-04-19T03:26:57.163Z WARN  network::simple_sender] Failed to connect to 10.10.1.7:5031 (retry 0): Connection refused (os error 111)
[2026-04-19T03:26:57.178Z WARN  network::simple_sender] Failed to connect to 10.10.1.7:5031 (retry 0): Connection refused (os error 111)
[2026-04-19T03:26:57.191Z INFO  worker::batch_maker] Batch oY2N7I2MNwPkTYlTI7trAlH6gPlxQZcustzDFGBherY= contains sample tx 2448
[2026-04-19T03:26:57.199Z INFO  worker::batch_maker] Batch oY2N7I2MNwPkTYlTI7trAlH6gPlxQZcustzDFGBherY= contains 204800 B
[2026-04-19T03:26:57.203Z WARN  network::simple_sender] Failed to connect to 10.10.1.7:5031 (retry 0): Connection refused (os error 111)
[2026-04-19T03:26:57.205Z WARN  network::simple_sender] Failed to connect to 10.10.1.7:5031 (retry 0): Connection refused (os error 111)
[2026-04-19T03:26:57.207Z WARN  network::simple_sender] Failed to connect to 10.10.1.7:5031 (retry 0): Connection refused (os error 111)
[2026-04-19T03:26:57.208Z WARN  network::simple_sender] Failed to connect to 10.10.1.7:5031 (retry 0): Connection refused (os error 111)
[2026-04-19T03:26:57.210Z WARN  network::simple_sender] Failed to connect to 10.10.1.7:5031 (retry 0): Connection refused (os error 111)
[2026-04-19T03:26:57.230Z WARN  network::simple_sender] Failed to connect to 10.10.1.7:5031 (retry 0): Connection refused (os error 111)
[2026-04-19T03:26:57.237Z WARN  network::simple_sender] Failed to connect to 10.10.1.7:5031 (retry 0): Connection refused (os error 111)
[2026-04-19T03:26:57.238Z WARN  network::simple_sender] Failed to connect to 10.10.1.7:5031 (retry 0): Connection refused (os error 111)
[2026-04-19T03:26:57.239Z WARN  network::simple_sender] Failed to connect to 10.10.1.7:5031 (retry 0): Connection refused (os error 111)
[2026-04-19T03:26:57.248Z WARN  network::simple_sender] Failed to connect to 10.10.1.7:5031 (retry 0): Connection refused (os error 111)
[2026-04-19T03:26:57.251Z INFO  worker::batch_maker] Batch y+Jwy7u1vbFoBCg04yJ9w/3jaCtjqVFE0TVN8PRhA0Y= contains sample tx 2449
[2026-04-19T03:26:57.251Z INFO  worker::batch_maker] Batch y+Jwy7u1vbFoBCg04yJ9w/3jaCtjqVFE0TVN8PRhA0Y= contains 204800 B
[2026-04-19T03:26:57.254Z WARN  network::simple_sender] Failed to connect to 10.10.1.7:5031 (retry 0): Connection refused (os error 111)
[2026-04-19T03:26:57.258Z WARN  network::simple_sender] Failed to connect to 10.10.1.7:5031 (retry 0): Connection refused (os error 111)
[2026-04-19T03:26:57.259Z WARN  network::simple_sender] Failed to connect to 10.10.1.7:5031 (retry 0): Connection refused (os error 111)
[2026-04-19T03:26:57.261Z WARN  network::simple_sender] Failed to connect to 10.10.1.7:5031 (retry 0): Connection refused (os error 111)
[2026-04-19T03:26:57.262Z WARN  network::simple_sender] Failed to connect to 10.10.1.7:5031 (retry 0): Connection refused (os error 111)
[2026-04-19T03:26:57.280Z WARN  network::simple_sender] Failed to connect to 10.10.1.7:5031 (retry 0): Connection refused (os error 111)
[2026-04-19T03:26:57.286Z WARN  network::simple_sender] Failed to connect to 10.10.1.7:5031 (retry 0): Connection refused (os error 111)
[2026-04-19T03:26:57.290Z WARN  network::simple_sender] Failed to connect to 10.10.1.7:5031 (retry 0): Connection refused (os error 111)
[2026-04-19T03:26:57.291Z WARN  network::simple_sender] Failed to connect to 10.10.1.7:5031 (retry 0): Connection refused (os error 111)
[2026-04-19T03:26:57.303Z WARN  network::simple_sender] Failed to connect to 10.10.1.7:5031 (retry 0): Connection refused (os error 111)
[2026-04-19T03:26:57.305Z INFO  worker::batch_maker] Batch 8vX8CFhPNgIc2/rU7BOjBmK34mdSAfKYQxOHI3tEHAM= contains sample tx 2450
[2026-04-19T03:26:57.305Z INFO  worker::batch_maker] Batch 8vX8CFhPNgIc2/rU7BOjBmK34mdSAfKYQxOHI3tEHAM= contains 204800 B
[2026-04-19T03:26:57.308Z WARN  network::simple_sender] Failed to connect to 10.10.1.7:5031 (retry 0): Connection refused (os error 111)
[2026-04-19T03:26:57.313Z WARN  network::simple_sender] Failed to connect to 10.10.1.7:5031 (retry 0): Connection refused (os error 111)
[2026-04-19T03:26:57.315Z WARN  network::simple_sender] Failed to connect to 10.10.1.7:5031 (retry 0): Connection refused (os error 111)
[2026-04-19T03:26:57.319Z WARN  network::simple_sender] Failed to connect to 10.10.1.7:5031 (retry 0): Connection refused (os error 111)
[2026-04-19T03:26:57.321Z WARN  network::simple_sender] Failed to connect to 10.10.1.7:5031 (retry 0): Connection refused (os error 111)
[2026-04-19T03:26:57.333Z WARN  network::simple_sender] Failed to connect to 10.10.1.7:5031 (retry 0): Connection refused (os error 111)
[2026-04-19T03:26:57.344Z WARN  network::simple_sender] Failed to connect to 10.10.1.7:5031 (retry 0): Connection refused (os error 111)
[2026-04-19T03:26:57.345Z WARN  network::simple_sender] Failed to connect to 10.10.1.7:5031 (retry 0): Connection refused (os error 111)
[2026-04-19T03:26:57.346Z WARN  network::simple_sender] Failed to connect to 10.10.1.7:5031 (retry 0): Connection refused (os error 111)
[2026-04-19T03:26:57.358Z INFO  worker::batch_maker] Batch eTggAd2O2z+Xej2ECGluQa8CiZLllVjBUNBRZn7C/w8= contains sample tx 2451
[2026-04-19T03:26:57.358Z INFO  worker::batch_maker] Batch eTggAd2O2z+Xej2ECGluQa8CiZLllVjBUNBRZn7C/w8= contains sample tx 2452
[2026-04-19T03:26:57.358Z INFO  worker::batch_maker] Batch eTggAd2O2z+Xej2ECGluQa8CiZLllVjBUNBRZn7C/w8= contains 363008 B
[2026-04-19T03:26:57.360Z WARN  network::simple_sender] Failed to connect to 10.10.1.7:5031 (retry 0): Connection refused (os error 111)
[2026-04-19T03:26:57.363Z WARN  network::simple_sender] Failed to connect to 10.10.1.7:5031 (retry 0): Connection refused (os error 111)
[2026-04-19T03:26:57.368Z WARN  network::simple_sender] Failed to connect to 10.10.1.7:5031 (retry 0): Connection refused (os error 111)
[2026-04-19T03:26:57.369Z WARN  network::simple_sender] Failed to connect to 10.10.1.7:5031 (retry 0): Connection refused (os error 111)
[2026-04-19T03:26:57.371Z WARN  network::simple_sender] Failed to connect to 10.10.1.7:5031 (retry 0): Connection refused (os error 111)
[2026-04-19T03:26:57.372Z WARN  network::simple_sender] Failed to connect to 10.10.1.7:5031 (retry 0): Connection refused (os error 111)
[2026-04-19T03:26:57.386Z WARN  network::simple_sender] Failed to connect to 10.10.1.7:5031 (retry 0): Connection refused (os error 111)
[2026-04-19T03:26:57.397Z WARN  network::simple_sender] Failed to connect to 10.10.1.7:5031 (retry 0): Connection refused (os error 111)
[2026-04-19T03:26:57.398Z WARN  network::simple_sender] Failed to connect to 10.10.1.7:5031 (retry 0): Connection refused (os error 111)
[2026-04-19T03:26:57.400Z WARN  network::simple_sender] Failed to connect to 10.10.1.7:5031 (retry 0): Connection refused (os error 111)
[2026-04-19T03:26:57.412Z INFO  worker::batch_maker] Batch WcDF/5RFcCQtTel838kdIu2xQmzJq0rW2tNKQ1IHw+4= contains sample tx 2453
[2026-04-19T03:26:57.412Z INFO  worker::batch_maker] Batch WcDF/5RFcCQtTel838kdIu2xQmzJq0rW2tNKQ1IHw+4= contains 251392 B
[2026-04-19T03:26:57.415Z WARN  network::simple_sender] Failed to connect to 10.10.1.7:5031 (retry 0): Connection refused (os error 111)
[2026-04-19T03:26:57.416Z WARN  network::simple_sender] Failed to connect to 10.10.1.7:5031 (retry 0): Connection refused (os error 111)
[2026-04-19T03:26:57.422Z WARN  network::simple_sender] Failed to connect to 10.10.1.7:5031 (retry 0): Connection refused (os error 111)
[2026-04-19T03:26:57.425Z WARN  network::simple_sender] Failed to connect to 10.10.1.7:5031 (retry 0): Connection refused (os error 111)
[2026-04-19T03:26:57.427Z WARN  network::simple_sender] Failed to connect to 10.10.1.7:5031 (retry 0): Connection refused (os error 111)
[2026-04-19T03:26:57.428Z WARN  network::simple_sender] Failed to connect to 10.10.1.7:5031 (retry 0): Connection refused (os error 111)
[2026-04-19T03:26:57.439Z WARN  network::simple_sender] Failed to connect to 10.10.1.7:5031 (retry 0): Connection refused (os error 111)
[2026-04-19T03:26:57.450Z WARN  network::simple_sender] Failed to connect to 10.10.1.7:5031 (retry 0): Connection refused (os error 111)
[2026-04-19T03:26:57.452Z WARN  network::simple_sender] Failed to connect to 10.10.1.7:5031 (retry 0): Connection refused (os error 111)
[2026-04-19T03:26:57.456Z WARN  network::simple_sender] Failed to connect to 10.10.1.7:5031 (retry 0): Connection refused (os error 111)
[2026-04-19T03:26:57.464Z INFO  worker::batch_maker] Batch 52Bidm9icSVYdjHdFR5Zg0AKe2um//CSszpxMAkM2h8= contains sample tx 2454
[2026-04-19T03:26:57.464Z INFO  worker::batch_maker] Batch 52Bidm9icSVYdjHdFR5Zg0AKe2um//CSszpxMAkM2h8= contains 204800 B
[2026-04-19T03:26:57.466Z WARN  network::simple_sender] Failed to connect to 10.10.1.7:5031 (retry 0): Connection refused (os error 111)
[2026-04-19T03:26:57.468Z WARN  network::simple_sender] Failed to connect to 10.10.1.7:5031 (retry 0): Connection refused (os error 111)
[2026-04-19T03:26:57.473Z WARN  network::simple_sender] Failed to connect to 10.10.1.7:5031 (retry 0): Connection refused (os error 111)
[2026-04-19T03:26:57.476Z WARN  network::simple_sender] Failed to connect to 10.10.1.7:5031 (retry 0): Connection refused (os error 111)
[2026-04-19T03:26:57.477Z WARN  network::simple_sender] Failed to connect to 10.10.1.7:5031 (retry 0): Connection refused (os error 111)
[2026-04-19T03:26:57.479Z WARN  network::simple_sender] Failed to connect to 10.10.1.7:5031 (retry 0): Connection refused (os error 111)
[2026-04-19T03:26:57.493Z WARN  network::simple_sender] Failed to connect to 10.10.1.7:5031 (retry 0): Connection refused (os error 111)
[2026-04-19T03:26:57.501Z WARN  network::simple_sender] Failed to connect to 10.10.1.7:5031 (retry 0): Connection refused (os error 111)
[2026-04-19T03:26:57.503Z WARN  network::simple_sender] Failed to connect to 10.10.1.7:5031 (retry 0): Connection refused (os error 111)
[2026-04-19T03:26:57.508Z WARN  network::simple_sender] Failed to connect to 10.10.1.7:5031 (retry 0): Connection refused (os error 111)
[2026-04-19T03:26:57.518Z INFO  worker::batch_maker] Batch JxoKix4RuQovbQXH2hkjOrxR84puxg7R8uZr1qxYVak= contains sample tx 2455
[2026-04-19T03:26:57.518Z INFO  worker::batch_maker] Batch JxoKix4RuQovbQXH2hkjOrxR84puxg7R8uZr1qxYVak= contains 204800 B
[2026-04-19T03:26:57.520Z WARN  network::simple_sender] Failed to connect to 10.10.1.7:5031 (retry 0): Connection refused (os error 111)
[2026-04-19T03:26:57.522Z WARN  network::simple_sender] Failed to connect to 10.10.1.7:5031 (retry 0): Connection refused (os error 111)
[2026-04-19T03:26:57.526Z WARN  network::simple_sender] Failed to connect to 10.10.1.7:5031 (retry 0): Connection refused (os error 111)
[2026-04-19T03:26:57.528Z WARN  network::simple_sender] Failed to connect to 10.10.1.7:5031 (retry 0): Connection refused (os error 111)
[2026-04-19T03:26:57.528Z WARN  network::simple_sender] Failed to connect to 10.10.1.7:5031 (retry 0): Connection refused (os error 111)
[2026-04-19T03:26:57.532Z WARN  network::simple_sender] Failed to connect to 10.10.1.7:5031 (retry 0): Connection refused (os error 111)
[2026-04-19T03:26:57.544Z WARN  network::simple_sender] Failed to connect to 10.10.1.7:5031 (retry 0): Connection refused (os error 111)
[2026-04-19T03:26:57.555Z WARN  network::simple_sender] Failed to connect to 10.10.1.7:5031 (retry 0): Connection refused (os error 111)
[2026-04-19T03:26:57.560Z WARN  network::simple_sender] Failed to connect to 10.10.1.7:5031 (retry 0): Connection refused (os error 111)
[2026-04-19T03:26:57.563Z WARN  network::simple_sender] Failed to connect to 10.10.1.7:5031 (retry 0): Connection refused (os error 111)
[2026-04-19T03:26:57.571Z INFO  worker::batch_maker] Batch Ss6JFYhIw2TQhdFtDCTrmWdEKiXuUwV7Q2bXLifqbSI= contains sample tx 2456
[2026-04-19T03:26:57.571Z INFO  worker::batch_maker] Batch Ss6JFYhIw2TQhdFtDCTrmWdEKiXuUwV7Q2bXLifqbSI= contains 204800 B
[2026-04-19T03:26:57.574Z WARN  network::simple_sender] Failed to connect to 10.10.1.7:5031 (retry 0): Connection refused (os error 111)
[2026-04-19T03:26:57.580Z WARN  network::simple_sender] Failed to connect to 10.10.1.7:5031 (retry 0): Connection refused (os error 111)
[2026-04-19T03:26:57.582Z WARN  network::simple_sender] Failed to connect to 10.10.1.7:5031 (retry 0): Connection refused (os error 111)
[2026-04-19T03:26:57.585Z WARN  network::simple_sender] Failed to connect to 10.10.1.7:5031 (retry 0): Connection refused (os error 111)
[2026-04-19T03:26:57.587Z WARN  network::simple_sender] Failed to connect to 10.10.1.7:5031 (retry 0): Connection refused (os error 111)
[2026-04-19T03:26:57.598Z WARN  network::simple_sender] Failed to connect to 10.10.1.7:5031 (retry 0): Connection refused (os error 111)
[2026-04-19T03:26:57.610Z WARN  network::simple_sender] Failed to connect to 10.10.1.7:5031 (retry 0): Connection refused (os error 111)
[2026-04-19T03:26:57.611Z WARN  network::simple_sender] Failed to connect to 10.10.1.7:5031 (retry 0): Connection refused (os error 111)
[2026-04-19T03:26:57.614Z WARN  network::simple_sender] Failed to connect to 10.10.1.7:5031 (retry 0): Connection refused (os error 111)
[2026-04-19T03:26:57.623Z INFO  worker::batch_maker] Batch Ri18QHACVywu/w7LZ7+9CXsQAwlAXEWfat2GKXQa8M8= contains sample tx 2457
[2026-04-19T03:26:57.623Z INFO  worker::batch_maker] Batch Ri18QHACVywu/w7LZ7+9CXsQAwlAXEWfat2GKXQa8M8= contains 204800 B
[2026-04-19T03:26:57.627Z WARN  network::simple_sender] Failed to connect to 10.10.1.7:5031 (retry 0): Connection refused (os error 111)
[2026-04-19T03:26:57.633Z WARN  network::simple_sender] Failed to connect to 10.10.1.7:5031 (retry 0): Connection refused (os error 111)
[2026-04-19T03:26:57.635Z WARN  network::simple_sender] Failed to connect to 10.10.1.7:5031 (retry 0): Connection refused (os error 111)
[2026-04-19T03:26:57.639Z WARN  network::simple_sender] Failed to connect to 10.10.1.7:5031 (retry 0): Connection refused (os error 111)
[2026-04-19T03:26:57.640Z WARN  network::simple_sender] Failed to connect to 10.10.1.7:5031 (retry 0): Connection refused (os error 111)
[2026-04-19T03:26:57.652Z WARN  network::simple_sender] Failed to connect to 10.10.1.7:5031 (retry 0): Connection refused (os error 111)
[2026-04-19T03:26:57.665Z WARN  network::simple_sender] Failed to connect to 10.10.1.7:5031 (retry 0): Connection refused (os error 111)
[2026-04-19T03:26:57.666Z WARN  network::simple_sender] Failed to connect to 10.10.1.7:5031 (retry 0): Connection refused (os error 111)
[2026-04-19T03:26:57.675Z WARN  network::simple_sender] Failed to connect to 10.10.1.7:5031 (retry 0): Connection refused (os error 111)
[2026-04-19T03:26:57.676Z INFO  worker::batch_maker] Batch ihLSrrjV7w5ILOnIR1PnvM4mZBluAkWeZUokEXqALxA= contains sample tx 2458
[2026-04-19T03:26:57.676Z INFO  worker::batch_maker] Batch ihLSrrjV7w5ILOnIR1PnvM4mZBluAkWeZUokEXqALxA= contains 204800 B
[2026-04-19T03:26:57.680Z WARN  network::simple_sender] Failed to connect to 10.10.1.7:5031 (retry 0): Connection refused (os error 111)
[2026-04-19T03:26:57.686Z WARN  network::simple_sender] Failed to connect to 10.10.1.7:5031 (retry 0): Connection refused (os error 111)
[2026-04-19T03:26:57.688Z WARN  network::simple_sender] Failed to connect to 10.10.1.7:5031 (retry 0): Connection refused (os error 111)
[2026-04-19T03:26:57.691Z WARN  network::simple_sender] Failed to connect to 10.10.1.7:5031 (retry 0): Connection refused (os error 111)
[2026-04-19T03:26:57.693Z WARN  network::simple_sender] Failed to connect to 10.10.1.7:5031 (retry 0): Connection refused (os error 111)
[2026-04-19T03:26:57.706Z WARN  network::simple_sender] Failed to connect to 10.10.1.7:5031 (retry 0): Connection refused (os error 111)
[2026-04-19T03:26:57.714Z WARN  network::simple_sender] Failed to connect to 10.10.1.7:5031 (retry 0): Connection refused (os error 111)
[2026-04-19T03:26:57.717Z WARN  network::simple_sender] Failed to connect to 10.10.1.7:5031 (retry 0): Connection refused (os error 111)
[2026-04-19T03:26:57.724Z WARN  network::simple_sender] Failed to connect to 10.10.1.7:5031 (retry 0): Connection refused (os error 111)
[2026-04-19T03:26:57.731Z INFO  worker::batch_maker] Batch SqC2oAMc+nSK/vvd4roxhIH1Jwmw7Oz1Z07PB8C8sYs= contains sample tx 2459
[2026-04-19T03:26:57.731Z INFO  worker::batch_maker] Batch SqC2oAMc+nSK/vvd4roxhIH1Jwmw7Oz1Z07PB8C8sYs= contains 204800 B
[2026-04-19T03:26:57.734Z WARN  network::simple_sender] Failed to connect to 10.10.1.7:5031 (retry 0): Connection refused (os error 111)
[2026-04-19T03:26:57.735Z WARN  network::simple_sender] Failed to connect to 10.10.1.7:5031 (retry 0): Connection refused (os error 111)
[2026-04-19T03:26:57.738Z WARN  network::simple_sender] Failed to connect to 10.10.1.7:5031 (retry 0): Connection refused (os error 111)
[2026-04-19T03:26:57.739Z WARN  network::simple_sender] Failed to connect to 10.10.1.7:5031 (retry 0): Connection refused (os error 111)
[2026-04-19T03:26:57.744Z WARN  network::simple_sender] Failed to connect to 10.10.1.7:5031 (retry 0): Connection refused (os error 111)
[2026-04-19T03:26:57.746Z WARN  network::simple_sender] Failed to connect to 10.10.1.7:5031 (retry 0): Connection refused (os error 111)
[2026-04-19T03:26:57.761Z WARN  network::simple_sender] Failed to connect to 10.10.1.7:5031 (retry 0): Connection refused (os error 111)
[2026-04-19T03:26:57.768Z WARN  network::simple_sender] Failed to connect to 10.10.1.7:5031 (retry 0): Connection refused (os error 111)
[2026-04-19T03:26:57.770Z WARN  network::simple_sender] Failed to connect to 10.10.1.7:5031 (retry 0): Connection refused (os error 111)
[2026-04-19T03:26:57.774Z WARN  network::simple_sender] Failed to connect to 10.10.1.7:5031 (retry 0): Connection refused (os error 111)
[2026-04-19T03:26:57.784Z INFO  worker::batch_maker] Batch QMXpYNOT0aG+FQDQKZEO/SL2jOZdFGamm2jNsFXXQi8= contains sample tx 2460
[2026-04-19T03:26:57.784Z INFO  worker::batch_maker] Batch QMXpYNOT0aG+FQDQKZEO/SL2jOZdFGamm2jNsFXXQi8= contains 204800 B
[2026-04-19T03:26:57.787Z WARN  network::simple_sender] Failed to connect to 10.10.1.7:5031 (retry 0): Connection refused (os error 111)
[2026-04-19T03:26:57.788Z WARN  network::simple_sender] Failed to connect to 10.10.1.7:5031 (retry 0): Connection refused (os error 111)
[2026-04-19T03:26:57.791Z WARN  network::simple_sender] Failed to connect to 10.10.1.7:5031 (retry 0): Connection refused (os error 111)
[2026-04-19T03:26:57.793Z WARN  network::simple_sender] Failed to connect to 10.10.1.7:5031 (retry 0): Connection refused (os error 111)
[2026-04-19T03:26:57.796Z WARN  network::simple_sender] Failed to connect to 10.10.1.7:5031 (retry 0): Connection refused (os error 111)
[2026-04-19T03:26:57.797Z WARN  network::simple_sender] Failed to connect to 10.10.1.7:5031 (retry 0): Connection refused (os error 111)
[2026-04-19T03:26:57.813Z WARN  network::simple_sender] Failed to connect to 10.10.1.7:5031 (retry 0): Connection refused (os error 111)
[2026-04-19T03:26:57.821Z WARN  network::simple_sender] Failed to connect to 10.10.1.7:5031 (retry 0): Connection refused (os error 111)
[2026-04-19T03:26:57.821Z WARN  network::simple_sender] Failed to connect to 10.10.1.7:5031 (retry 0): Connection refused (os error 111)
[2026-04-19T03:26:57.827Z WARN  network::simple_sender] Failed to connect to 10.10.1.7:5031 (retry 0): Connection refused (os error 111)
[2026-04-19T03:26:57.837Z INFO  worker::batch_maker] Batch QhTHPwf3z0q+Z7z7bk26JjUWHKbJ0WfT3R1DKk5B2Aw= contains sample tx 2461
[2026-04-19T03:26:57.837Z INFO  worker::batch_maker] Batch QhTHPwf3z0q+Z7z7bk26JjUWHKbJ0WfT3R1DKk5B2Aw= contains 204800 B
[2026-04-19T03:26:57.841Z WARN  network::simple_sender] Failed to connect to 10.10.1.7:5031 (retry 0): Connection refused (os error 111)
[2026-04-19T03:26:57.844Z WARN  network::simple_sender] Failed to connect to 10.10.1.7:5031 (retry 0): Connection refused (os error 111)
[2026-04-19T03:26:57.845Z WARN  network::simple_sender] Failed to connect to 10.10.1.7:5031 (retry 0): Connection refused (os error 111)
[2026-04-19T03:26:57.847Z WARN  network::simple_sender] Failed to connect to 10.10.1.7:5031 (retry 0): Connection refused (os error 111)
[2026-04-19T03:26:57.849Z WARN  network::simple_sender] Failed to connect to 10.10.1.7:5031 (retry 0): Connection refused (os error 111)
[2026-04-19T03:26:57.864Z WARN  network::simple_sender] Failed to connect to 10.10.1.7:5031 (retry 0): Connection refused (os error 111)
[2026-04-19T03:26:57.873Z WARN  network::simple_sender] Failed to connect to 10.10.1.7:5031 (retry 0): Connection refused (os error 111)
[2026-04-19T03:26:57.874Z WARN  network::simple_sender] Failed to connect to 10.10.1.7:5031 (retry 0): Connection refused (os error 111)
[2026-04-19T03:26:57.882Z WARN  network::simple_sender] Failed to connect to 10.10.1.7:5031 (retry 0): Connection refused (os error 111)
[2026-04-19T03:26:57.888Z INFO  worker::batch_maker] Batch 02nzDqMQ7zVDaHgzEumEEkpVHKwIGNEbQHmeFOHfiyc= contains sample tx 2462
[2026-04-19T03:26:57.888Z INFO  worker::batch_maker] Batch 02nzDqMQ7zVDaHgzEumEEkpVHKwIGNEbQHmeFOHfiyc= contains 204800 B
[2026-04-19T03:26:57.892Z WARN  network::simple_sender] Failed to connect to 10.10.1.7:5031 (retry 0): Connection refused (os error 111)
[2026-04-19T03:26:57.895Z WARN  network::simple_sender] Failed to connect to 10.10.1.7:5031 (retry 0): Connection refused (os error 111)
[2026-04-19T03:26:57.898Z WARN  network::simple_sender] Failed to connect to 10.10.1.7:5031 (retry 0): Connection refused (os error 111)
[2026-04-19T03:26:57.901Z WARN  network::simple_sender] Failed to connect to 10.10.1.7:5031 (retry 0): Connection refused (os error 111)
[2026-04-19T03:26:57.903Z WARN  network::simple_sender] Failed to connect to 10.10.1.7:5031 (retry 0): Connection refused (os error 111)
[2026-04-19T03:26:57.904Z WARN  network::simple_sender] Failed to connect to 10.10.1.7:5031 (retry 0): Connection refused (os error 111)
[2026-04-19T03:26:57.919Z WARN  network::simple_sender] Failed to connect to 10.10.1.7:5031 (retry 0): Connection refused (os error 111)
[2026-04-19T03:26:57.926Z WARN  network::simple_sender] Failed to connect to 10.10.1.7:5031 (retry 0): Connection refused (os error 111)
[2026-04-19T03:26:57.929Z WARN  network::simple_sender] Failed to connect to 10.10.1.7:5031 (retry 0): Connection refused (os error 111)
[2026-04-19T03:26:57.936Z WARN  network::simple_sender] Failed to connect to 10.10.1.7:5031 (retry 0): Connection refused (os error 111)
[2026-04-19T03:26:57.940Z INFO  worker::batch_maker] Batch abYUhcOIF2o1SoHAtJhhk01gv9OtJEusUEkeiBfU0Bg= contains sample tx 2463
[2026-04-19T03:26:57.940Z INFO  worker::batch_maker] Batch abYUhcOIF2o1SoHAtJhhk01gv9OtJEusUEkeiBfU0Bg= contains 204800 B
[2026-04-19T03:26:57.943Z WARN  network::simple_sender] Failed to connect to 10.10.1.7:5031 (retry 0): Connection refused (os error 111)
[2026-04-19T03:26:57.947Z WARN  network::simple_sender] Failed to connect to 10.10.1.7:5031 (retry 0): Connection refused (os error 111)
[2026-04-19T03:26:57.951Z WARN  network::simple_sender] Failed to connect to 10.10.1.7:5031 (retry 0): Connection refused (os error 111)
[2026-04-19T03:26:57.953Z WARN  network::simple_sender] Failed to connect to 10.10.1.7:5031 (retry 0): Connection refused (os error 111)
[2026-04-19T03:26:57.955Z WARN  network::simple_sender] Failed to connect to 10.10.1.7:5031 (retry 0): Connection refused (os error 111)
[2026-04-19T03:26:57.956Z WARN  network::simple_sender] Failed to connect to 10.10.1.7:5031 (retry 0): Connection refused (os error 111)
[2026-04-19T03:26:57.974Z WARN  network::simple_sender] Failed to connect to 10.10.1.7:5031 (retry 0): Connection refused (os error 111)
[2026-04-19T03:26:57.981Z WARN  network::simple_sender] Failed to connect to 10.10.1.7:5031 (retry 0): Connection refused (os error 111)
[2026-04-19T03:26:57.985Z WARN  network::simple_sender] Failed to connect to 10.10.1.7:5031 (retry 0): Connection refused (os error 111)
[2026-04-19T03:26:57.990Z WARN  network::simple_sender] Failed to connect to 10.10.1.7:5031 (retry 0): Connection refused (os error 111)
[2026-04-19T03:26:57.995Z INFO  worker::batch_maker] Batch kb+IV7KIFRz76eHO6K8keVg5ldhhT1Akowlmpg8Gsi8= contains sample tx 2464
[2026-04-19T03:26:57.995Z INFO  worker::batch_maker] Batch kb+IV7KIFRz76eHO6K8keVg5ldhhT1Akowlmpg8Gsi8= contains 204800 B
[2026-04-19T03:26:57.998Z WARN  network::simple_sender] Failed to connect to 10.10.1.7:5031 (retry 0): Connection refused (os error 111)
[2026-04-19T03:26:58.002Z WARN  network::simple_sender] Failed to connect to 10.10.1.7:5031 (retry 0): Connection refused (os error 111)
[2026-04-19T03:26:58.003Z WARN  network::simple_sender] Failed to connect to 10.10.1.7:5031 (retry 0): Connection refused (os error 111)
[2026-04-19T03:26:58.006Z WARN  network::simple_sender] Failed to connect to 10.10.1.7:5031 (retry 0): Connection refused (os error 111)
[2026-04-19T03:26:58.011Z WARN  network::simple_sender] Failed to connect to 10.10.1.7:5031 (retry 0): Connection refused (os error 111)
[2026-04-19T03:26:58.013Z WARN  network::simple_sender] Failed to connect to 10.10.1.7:5031 (retry 0): Connection refused (os error 111)
[2026-04-19T03:26:58.026Z WARN  network::simple_sender] Failed to connect to 10.10.1.7:5031 (retry 0): Connection refused (os error 111)
[2026-04-19T03:26:58.033Z WARN  network::simple_sender] Failed to connect to 10.10.1.7:5031 (retry 0): Connection refused (os error 111)
[2026-04-19T03:26:58.038Z WARN  network::simple_sender] Failed to connect to 10.10.1.7:5031 (retry 0): Connection refused (os error 111)
[2026-04-19T03:26:58.041Z WARN  network::simple_sender] Failed to connect to 10.10.1.7:5031 (retry 0): Connection refused (os error 111)
[2026-04-19T03:26:58.048Z INFO  worker::batch_maker] Batch UbvfsekUaeM7bv0PV9xdVj4uWiGVtjFhRDDQtCH9GLU= contains sample tx 2465
[2026-04-19T03:26:58.048Z INFO  worker::batch_maker] Batch UbvfsekUaeM7bv0PV9xdVj4uWiGVtjFhRDDQtCH9GLU= contains 204800 B
[2026-04-19T03:26:58.052Z WARN  network::simple_sender] Failed to connect to 10.10.1.7:5031 (retry 0): Connection refused (os error 111)
[2026-04-19T03:26:58.055Z WARN  network::simple_sender] Failed to connect to 10.10.1.7:5031 (retry 0): Connection refused (os error 111)
[2026-04-19T03:26:58.057Z WARN  network::simple_sender] Failed to connect to 10.10.1.7:5031 (retry 0): Connection refused (os error 111)
[2026-04-19T03:26:58.059Z WARN  network::simple_sender] Failed to connect to 10.10.1.7:5031 (retry 0): Connection refused (os error 111)
[2026-04-19T03:26:58.065Z WARN  network::simple_sender] Failed to connect to 10.10.1.7:5031 (retry 0): Connection refused (os error 111)
[2026-04-19T03:26:58.068Z WARN  network::simple_sender] Failed to connect to 10.10.1.7:5031 (retry 0): Connection refused (os error 111)
[2026-04-19T03:26:58.080Z WARN  network::simple_sender] Failed to connect to 10.10.1.7:5031 (retry 0): Connection refused (os error 111)
[2026-04-19T03:26:58.087Z WARN  network::simple_sender] Failed to connect to 10.10.1.7:5031 (retry 0): Connection refused (os error 111)
[2026-04-19T03:26:58.091Z WARN  network::simple_sender] Failed to connect to 10.10.1.7:5031 (retry 0): Connection refused (os error 111)
[2026-04-19T03:26:58.094Z WARN  network::simple_sender] Failed to connect to 10.10.1.7:5031 (retry 0): Connection refused (os error 111)
[2026-04-19T03:26:58.102Z INFO  worker::batch_maker] Batch zE4aVr9HgoJdCvOStrqq4rsvyvAY0+mJ2R9VlJKj90U= contains sample tx 2466
[2026-04-19T03:26:58.102Z INFO  worker::batch_maker] Batch zE4aVr9HgoJdCvOStrqq4rsvyvAY0+mJ2R9VlJKj90U= contains 204800 B
[2026-04-19T03:26:58.106Z WARN  network::simple_sender] Failed to connect to 10.10.1.7:5031 (retry 0): Connection refused (os error 111)
[2026-04-19T03:26:58.107Z WARN  network::simple_sender] Failed to connect to 10.10.1.7:5031 (retry 0): Connection refused (os error 111)
[2026-04-19T03:26:58.113Z WARN  network::simple_sender] Failed to connect to 10.10.1.7:5031 (retry 0): Connection refused (os error 111)
[2026-04-19T03:26:58.116Z WARN  network::simple_sender] Failed to connect to 10.10.1.7:5031 (retry 0): Connection refused (os error 111)
[2026-04-19T03:26:58.118Z WARN  network::simple_sender] Failed to connect to 10.10.1.7:5031 (retry 0): Connection refused (os error 111)
[2026-04-19T03:26:58.124Z WARN  network::simple_sender] Failed to connect to 10.10.1.7:5031 (retry 0): Connection refused (os error 111)
[2026-04-19T03:26:58.132Z WARN  network::simple_sender] Failed to connect to 10.10.1.7:5031 (retry 0): Connection refused (os error 111)
[2026-04-19T03:26:58.141Z WARN  network::simple_sender] Failed to connect to 10.10.1.7:5031 (retry 0): Connection refused (os error 111)
[2026-04-19T03:26:58.145Z WARN  network::simple_sender] Failed to connect to 10.10.1.7:5031 (retry 0): Connection refused (os error 111)
[2026-04-19T03:26:58.147Z WARN  network::simple_sender] Failed to connect to 10.10.1.7:5031 (retry 0): Connection refused (os error 111)
[2026-04-19T03:26:58.156Z INFO  worker::batch_maker] Batch t0Llf63HNm1G6YNbBtwOa0LcPpRVtaowUgnAub/0++8= contains sample tx 2467
[2026-04-19T03:26:58.156Z INFO  worker::batch_maker] Batch t0Llf63HNm1G6YNbBtwOa0LcPpRVtaowUgnAub/0++8= contains 204800 B
[2026-04-19T03:26:58.160Z WARN  network::simple_sender] Failed to connect to 10.10.1.7:5031 (retry 0): Connection refused (os error 111)
[2026-04-19T03:26:58.162Z WARN  network::simple_sender] Failed to connect to 10.10.1.7:5031 (retry 0): Connection refused (os error 111)
[2026-04-19T03:26:58.164Z WARN  network::simple_sender] Failed to connect to 10.10.1.7:5031 (retry 0): Connection refused (os error 111)
[2026-04-19T03:26:58.166Z WARN  network::simple_sender] Failed to connect to 10.10.1.7:5031 (retry 0): Connection refused (os error 111)
[2026-04-19T03:26:58.172Z WARN  network::simple_sender] Failed to connect to 10.10.1.7:5031 (retry 0): Connection refused (os error 111)
[2026-04-19T03:26:58.174Z WARN  network::simple_sender] Failed to connect to 10.10.1.7:5031 (retry 0): Connection refused (os error 111)
[2026-04-19T03:26:58.187Z WARN  network::simple_sender] Failed to connect to 10.10.1.7:5031 (retry 0): Connection refused (os error 111)
[2026-04-19T03:26:58.195Z WARN  network::simple_sender] Failed to connect to 10.10.1.7:5031 (retry 0): Connection refused (os error 111)
[2026-04-19T03:26:58.198Z WARN  network::simple_sender] Failed to connect to 10.10.1.7:5031 (retry 0): Connection refused (os error 111)
[2026-04-19T03:26:58.200Z WARN  network::simple_sender] Failed to connect to 10.10.1.7:5031 (retry 0): Connection refused (os error 111)
[2026-04-19T03:26:58.208Z INFO  worker::batch_maker] Batch 3AaXe5k4XzYH6oRp3W+4aiZY4ucqgU3C6g6XdEt7rpc= contains sample tx 2468
[2026-04-19T03:26:58.208Z INFO  worker::batch_maker] Batch 3AaXe5k4XzYH6oRp3W+4aiZY4ucqgU3C6g6XdEt7rpc= contains sample tx 2469
[2026-04-19T03:26:58.208Z INFO  worker::batch_maker] Batch 3AaXe5k4XzYH6oRp3W+4aiZY4ucqgU3C6g6XdEt7rpc= contains 332800 B
[2026-04-19T03:26:58.214Z WARN  network::simple_sender] Failed to connect to 10.10.1.7:5031 (retry 0): Connection refused (os error 111)
[2026-04-19T03:26:58.216Z WARN  network::simple_sender] Failed to connect to 10.10.1.7:5031 (retry 0): Connection refused (os error 111)
[2026-04-19T03:26:58.218Z WARN  network::simple_sender] Failed to connect to 10.10.1.7:5031 (retry 0): Connection refused (os error 111)
[2026-04-19T03:26:58.226Z WARN  network::simple_sender] Failed to connect to 10.10.1.7:5031 (retry 0): Connection refused (os error 111)
[2026-04-19T03:26:58.227Z WARN  network::simple_sender] Failed to connect to 10.10.1.7:5031 (retry 0): Connection refused (os error 111)
[2026-04-19T03:26:58.230Z WARN  network::simple_sender] Failed to connect to 10.10.1.7:5031 (retry 0): Connection refused (os error 111)
[2026-04-19T03:26:58.240Z WARN  network::simple_sender] Failed to connect to 10.10.1.7:5031 (retry 0): Connection refused (os error 111)
[2026-04-19T03:26:58.249Z WARN  network::simple_sender] Failed to connect to 10.10.1.7:5031 (retry 0): Connection refused (os error 111)
[2026-04-19T03:26:58.252Z WARN  network::simple_sender] Failed to connect to 10.10.1.7:5031 (retry 0): Connection refused (os error 111)
[2026-04-19T03:26:58.254Z WARN  network::simple_sender] Failed to connect to 10.10.1.7:5031 (retry 0): Connection refused (os error 111)
[2026-04-19T03:26:58.262Z INFO  worker::batch_maker] Batch dvLDebIKK2xE9vMj3Mw/mP9NIuzdwXq3ysemI+mRB9Y= contains sample tx 2470
[2026-04-19T03:26:58.262Z INFO  worker::batch_maker] Batch dvLDebIKK2xE9vMj3Mw/mP9NIuzdwXq3ysemI+mRB9Y= contains 281600 B
[2026-04-19T03:26:58.267Z WARN  network::simple_sender] Failed to connect to 10.10.1.7:5031 (retry 0): Connection refused (os error 111)
[2026-04-19T03:26:58.270Z WARN  network::simple_sender] Failed to connect to 10.10.1.7:5031 (retry 0): Connection refused (os error 111)
[2026-04-19T03:26:58.275Z WARN  network::simple_sender] Failed to connect to 10.10.1.7:5031 (retry 0): Connection refused (os error 111)
[2026-04-19T03:26:58.276Z WARN  network::simple_sender] Failed to connect to 10.10.1.7:5031 (retry 0): Connection refused (os error 111)
[2026-04-19T03:26:58.278Z WARN  network::simple_sender] Failed to connect to 10.10.1.7:5031 (retry 0): Connection refused (os error 111)
[2026-04-19T03:26:58.283Z WARN  network::simple_sender] Failed to connect to 10.10.1.7:5031 (retry 0): Connection refused (os error 111)
[2026-04-19T03:26:58.294Z WARN  network::simple_sender] Failed to connect to 10.10.1.7:5031 (retry 0): Connection refused (os error 111)
[2026-04-19T03:26:58.304Z WARN  network::simple_sender] Failed to connect to 10.10.1.7:5031 (retry 0): Connection refused (os error 111)
[2026-04-19T03:26:58.306Z WARN  network::simple_sender] Failed to connect to 10.10.1.7:5031 (retry 0): Connection refused (os error 111)
[2026-04-19T03:26:58.308Z WARN  network::simple_sender] Failed to connect to 10.10.1.7:5031 (retry 0): Connection refused (os error 111)
[2026-04-19T03:26:58.315Z INFO  worker::batch_maker] Batch 2STqmS3KSrkWGuUXW6bTsMCNLsddApAUzrUzg4QqPjQ= contains sample tx 2471
[2026-04-19T03:26:58.315Z INFO  worker::batch_maker] Batch 2STqmS3KSrkWGuUXW6bTsMCNLsddApAUzrUzg4QqPjQ= contains 204800 B
[2026-04-19T03:26:58.319Z WARN  network::simple_sender] Failed to connect to 10.10.1.7:5031 (retry 0): Connection refused (os error 111)
[2026-04-19T03:26:58.323Z WARN  network::simple_sender] Failed to connect to 10.10.1.7:5031 (retry 0): Connection refused (os error 111)
[2026-04-19T03:26:58.325Z WARN  network::simple_sender] Failed to connect to 10.10.1.7:5031 (retry 0): Connection refused (os error 111)
[2026-04-19T03:26:58.329Z WARN  network::simple_sender] Failed to connect to 10.10.1.7:5031 (retry 0): Connection refused (os error 111)
[2026-04-19T03:26:58.330Z WARN  network::simple_sender] Failed to connect to 10.10.1.7:5031 (retry 0): Connection refused (os error 111)
[2026-04-19T03:26:58.336Z WARN  network::simple_sender] Failed to connect to 10.10.1.7:5031 (retry 0): Connection refused (os error 111)
[2026-04-19T03:26:58.348Z WARN  network::simple_sender] Failed to connect to 10.10.1.7:5031 (retry 0): Connection refused (os error 111)
[2026-04-19T03:26:58.360Z WARN  network::simple_sender] Failed to connect to 10.10.1.7:5031 (retry 0): Connection refused (os error 111)
[2026-04-19T03:26:58.362Z WARN  network::simple_sender] Failed to connect to 10.10.1.7:5031 (retry 0): Connection refused (os error 111)
[2026-04-19T03:26:58.365Z WARN  network::simple_sender] Failed to connect to 10.10.1.7:5031 (retry 0): Connection refused (os error 111)
[2026-04-19T03:26:58.369Z INFO  worker::batch_maker] Batch w1bAk4BTtFXIK3LnPT00BA5AP9EbCGYgCeMwzGhSdDM= contains sample tx 2472
[2026-04-19T03:26:58.369Z INFO  worker::batch_maker] Batch w1bAk4BTtFXIK3LnPT00BA5AP9EbCGYgCeMwzGhSdDM= contains 204800 B
[2026-04-19T03:26:58.373Z WARN  network::simple_sender] Failed to connect to 10.10.1.7:5031 (retry 0): Connection refused (os error 111)
[2026-04-19T03:26:58.376Z WARN  network::simple_sender] Failed to connect to 10.10.1.7:5031 (retry 0): Connection refused (os error 111)
[2026-04-19T03:26:58.378Z WARN  network::simple_sender] Failed to connect to 10.10.1.7:5031 (retry 0): Connection refused (os error 111)
[2026-04-19T03:26:58.383Z WARN  network::simple_sender] Failed to connect to 10.10.1.7:5031 (retry 0): Connection refused (os error 111)
[2026-04-19T03:26:58.389Z WARN  network::simple_sender] Failed to connect to 10.10.1.7:5031 (retry 0): Connection refused (os error 111)
[2026-04-19T03:26:58.402Z WARN  network::simple_sender] Failed to connect to 10.10.1.7:5031 (retry 0): Connection refused (os error 111)
[2026-04-19T03:26:58.415Z WARN  network::simple_sender] Failed to connect to 10.10.1.7:5031 (retry 0): Connection refused (os error 111)
[2026-04-19T03:26:58.417Z WARN  network::simple_sender] Failed to connect to 10.10.1.7:5031 (retry 0): Connection refused (os error 111)
[2026-04-19T03:26:58.419Z WARN  network::simple_sender] Failed to connect to 10.10.1.7:5031 (retry 0): Connection refused (os error 111)
[2026-04-19T03:26:58.422Z INFO  worker::batch_maker] Batch x9XOHyKm1d+ym3PJrOUxmppSMFe2vdgXOaX9YXN3vD0= contains sample tx 2473
[2026-04-19T03:26:58.422Z INFO  worker::batch_maker] Batch x9XOHyKm1d+ym3PJrOUxmppSMFe2vdgXOaX9YXN3vD0= contains 204800 B
[2026-04-19T03:26:58.426Z WARN  network::simple_sender] Failed to connect to 10.10.1.7:5031 (retry 0): Connection refused (os error 111)
[2026-04-19T03:26:58.430Z WARN  network::simple_sender] Failed to connect to 10.10.1.7:5031 (retry 0): Connection refused (os error 111)
[2026-04-19T03:26:58.432Z WARN  network::simple_sender] Failed to connect to 10.10.1.7:5031 (retry 0): Connection refused (os error 111)
[2026-04-19T03:26:58.437Z WARN  network::simple_sender] Failed to connect to 10.10.1.7:5031 (retry 0): Connection refused (os error 111)
[2026-04-19T03:26:58.442Z WARN  network::simple_sender] Failed to connect to 10.10.1.7:5031 (retry 0): Connection refused (os error 111)
[2026-04-19T03:26:58.458Z WARN  network::simple_sender] Failed to connect to 10.10.1.7:5031 (retry 0): Connection refused (os error 111)
[2026-04-19T03:26:58.468Z WARN  network::simple_sender] Failed to connect to 10.10.1.7:5031 (retry 0): Connection refused (os error 111)
[2026-04-19T03:26:58.469Z WARN  network::simple_sender] Failed to connect to 10.10.1.7:5031 (retry 0): Connection refused (os error 111)
[2026-04-19T03:26:58.474Z WARN  network::simple_sender] Failed to connect to 10.10.1.7:5031 (retry 0): Connection refused (os error 111)
[2026-04-19T03:26:58.475Z INFO  worker::batch_maker] Batch hpT5/tU1ZEdHaCEWnRnrQLi1ya2lH+j20E5V3aeBqV8= contains sample tx 2474
[2026-04-19T03:26:58.475Z INFO  worker::batch_maker] Batch hpT5/tU1ZEdHaCEWnRnrQLi1ya2lH+j20E5V3aeBqV8= contains 204800 B
[2026-04-19T03:26:58.476Z WARN  network::simple_sender] Failed to connect to 10.10.1.7:5031 (retry 0): Connection refused (os error 111)
[2026-04-19T03:26:58.479Z WARN  network::simple_sender] Failed to connect to 10.10.1.7:5031 (retry 0): Connection refused (os error 111)
[2026-04-19T03:26:58.483Z WARN  network::simple_sender] Failed to connect to 10.10.1.7:5031 (retry 0): Connection refused (os error 111)
[2026-04-19T03:26:58.485Z WARN  network::simple_sender] Failed to connect to 10.10.1.7:5031 (retry 0): Connection refused (os error 111)
[2026-04-19T03:26:58.492Z WARN  network::simple_sender] Failed to connect to 10.10.1.7:5031 (retry 0): Connection refused (os error 111)
[2026-04-19T03:26:58.495Z WARN  network::simple_sender] Failed to connect to 10.10.1.7:5031 (retry 0): Connection refused (os error 111)
[2026-04-19T03:26:58.518Z WARN  network::simple_sender] Failed to connect to 10.10.1.7:5031 (retry 0): Connection refused (os error 111)
[2026-04-19T03:26:58.522Z WARN  network::simple_sender] Failed to connect to 10.10.1.7:5031 (retry 0): Connection refused (os error 111)
[2026-04-19T03:26:58.524Z WARN  network::simple_sender] Failed to connect to 10.10.1.7:5031 (retry 0): Connection refused (os error 111)
[2026-04-19T03:26:58.526Z WARN  network::simple_sender] Failed to connect to 10.10.1.7:5031 (retry 0): Connection refused (os error 111)
[2026-04-19T03:26:58.527Z WARN  network::simple_sender] Failed to connect to 10.10.1.7:5031 (retry 0): Connection refused (os error 111)
[2026-04-19T03:26:58.528Z INFO  worker::batch_maker] Batch RBNuDto+kHImF+CM3F8zU8klEAGyZwHmtE+fexi1GH8= contains sample tx 2475
[2026-04-19T03:26:58.528Z INFO  worker::batch_maker] Batch RBNuDto+kHImF+CM3F8zU8klEAGyZwHmtE+fexi1GH8= contains 204800 B
[2026-04-19T03:26:58.532Z WARN  network::simple_sender] Failed to connect to 10.10.1.7:5031 (retry 0): Connection refused (os error 111)
[2026-04-19T03:26:58.536Z WARN  network::simple_sender] Failed to connect to 10.10.1.7:5031 (retry 0): Connection refused (os error 111)
[2026-04-19T03:26:58.538Z WARN  network::simple_sender] Failed to connect to 10.10.1.7:5031 (retry 0): Connection refused (os error 111)
[2026-04-19T03:26:58.546Z WARN  network::simple_sender] Failed to connect to 10.10.1.7:5031 (retry 0): Connection refused (os error 111)
[2026-04-19T03:26:58.549Z WARN  network::simple_sender] Failed to connect to 10.10.1.7:5031 (retry 0): Connection refused (os error 111)
[2026-04-19T03:26:58.568Z WARN  network::simple_sender] Failed to connect to 10.10.1.7:5031 (retry 0): Connection refused (os error 111)
[2026-04-19T03:26:58.571Z WARN  network::simple_sender] Failed to connect to 10.10.1.7:5031 (retry 0): Connection refused (os error 111)
[2026-04-19T03:26:58.574Z WARN  network::simple_sender] Failed to connect to 10.10.1.7:5031 (retry 0): Connection refused (os error 111)
[2026-04-19T03:26:58.576Z WARN  network::simple_sender] Failed to connect to 10.10.1.7:5031 (retry 0): Connection refused (os error 111)
[2026-04-19T03:26:58.580Z WARN  network::simple_sender] Failed to connect to 10.10.1.7:5031 (retry 0): Connection refused (os error 111)
[2026-04-19T03:26:58.582Z INFO  worker::batch_maker] Batch GEJOL/X5ZlDMijAcc9MZN40BPgkwtOVYCtI6AoylN6I= contains sample tx 2476
[2026-04-19T03:26:58.582Z INFO  worker::batch_maker] Batch GEJOL/X5ZlDMijAcc9MZN40BPgkwtOVYCtI6AoylN6I= contains 204800 B
[2026-04-19T03:26:58.586Z WARN  network::simple_sender] Failed to connect to 10.10.1.7:5031 (retry 0): Connection refused (os error 111)
[2026-04-19T03:26:58.588Z WARN  network::simple_sender] Failed to connect to 10.10.1.7:5031 (retry 0): Connection refused (os error 111)
[2026-04-19T03:26:58.591Z WARN  network::simple_sender] Failed to connect to 10.10.1.7:5031 (retry 0): Connection refused (os error 111)
[2026-04-19T03:26:58.599Z WARN  network::simple_sender] Failed to connect to 10.10.1.7:5031 (retry 0): Connection refused (os error 111)
[2026-04-19T03:26:58.602Z WARN  network::simple_sender] Failed to connect to 10.10.1.7:5031 (retry 0): Connection refused (os error 111)
[2026-04-19T03:26:58.621Z WARN  network::simple_sender] Failed to connect to 10.10.1.7:5031 (retry 0): Connection refused (os error 111)
[2026-04-19T03:26:58.623Z WARN  network::simple_sender] Failed to connect to 10.10.1.7:5031 (retry 0): Connection refused (os error 111)
[2026-04-19T03:26:58.628Z WARN  network::simple_sender] Failed to connect to 10.10.1.7:5031 (retry 0): Connection refused (os error 111)
[2026-04-19T03:26:58.630Z WARN  network::simple_sender] Failed to connect to 10.10.1.7:5031 (retry 0): Connection refused (os error 111)
[2026-04-19T03:26:58.632Z WARN  network::simple_sender] Failed to connect to 10.10.1.7:5031 (retry 0): Connection refused (os error 111)
[2026-04-19T03:26:58.635Z INFO  worker::batch_maker] Batch /ipSRJIavdJg5weM7vDAoMj1qmsWFCAM68XhwAStOzM= contains sample tx 2477
[2026-04-19T03:26:58.635Z INFO  worker::batch_maker] Batch /ipSRJIavdJg5weM7vDAoMj1qmsWFCAM68XhwAStOzM= contains 204800 B
[2026-04-19T03:26:58.639Z WARN  network::simple_sender] Failed to connect to 10.10.1.7:5031 (retry 0): Connection refused (os error 111)
[2026-04-19T03:26:58.642Z WARN  network::simple_sender] Failed to connect to 10.10.1.7:5031 (retry 0): Connection refused (os error 111)
[2026-04-19T03:26:58.644Z WARN  network::simple_sender] Failed to connect to 10.10.1.7:5031 (retry 0): Connection refused (os error 111)
[2026-04-19T03:26:58.654Z WARN  network::simple_sender] Failed to connect to 10.10.1.7:5031 (retry 0): Connection refused (os error 111)
[2026-04-19T03:26:58.658Z WARN  network::simple_sender] Failed to connect to 10.10.1.7:5031 (retry 0): Connection refused (os error 111)
[2026-04-19T03:26:58.674Z WARN  network::simple_sender] Failed to connect to 10.10.1.7:5031 (retry 0): Connection refused (os error 111)
[2026-04-19T03:26:58.676Z WARN  network::simple_sender] Failed to connect to 10.10.1.7:5031 (retry 0): Connection refused (os error 111)
[2026-04-19T03:26:58.679Z WARN  network::simple_sender] Failed to connect to 10.10.1.7:5031 (retry 0): Connection refused (os error 111)
[2026-04-19T03:26:58.683Z WARN  network::simple_sender] Failed to connect to 10.10.1.7:5031 (retry 0): Connection refused (os error 111)
[2026-04-19T03:26:58.685Z WARN  network::simple_sender] Failed to connect to 10.10.1.7:5031 (retry 0): Connection refused (os error 111)
[2026-04-19T03:26:58.688Z INFO  worker::batch_maker] Batch DYgt0te0QE+iHiSrVWWP0lzDX2dEhkf1PRnLwWMIuQI= contains sample tx 2478
[2026-04-19T03:26:58.688Z INFO  worker::batch_maker] Batch DYgt0te0QE+iHiSrVWWP0lzDX2dEhkf1PRnLwWMIuQI= contains 204800 B
[2026-04-19T03:26:58.692Z WARN  network::simple_sender] Failed to connect to 10.10.1.7:5031 (retry 0): Connection refused (os error 111)
[2026-04-19T03:26:58.697Z WARN  network::simple_sender] Failed to connect to 10.10.1.7:5031 (retry 0): Connection refused (os error 111)
[2026-04-19T03:26:58.707Z WARN  network::simple_sender] Failed to connect to 10.10.1.7:5031 (retry 0): Connection refused (os error 111)
[2026-04-19T03:26:58.717Z WARN  network::simple_sender] Failed to connect to 10.10.1.7:5031 (retry 0): Connection refused (os error 111)
[2026-04-19T03:26:58.727Z WARN  network::simple_sender] Failed to connect to 10.10.1.7:5031 (retry 0): Connection refused (os error 111)
[2026-04-19T03:26:58.729Z WARN  network::simple_sender] Failed to connect to 10.10.1.7:5031 (retry 0): Connection refused (os error 111)
[2026-04-19T03:26:58.733Z WARN  network::simple_sender] Failed to connect to 10.10.1.7:5031 (retry 0): Connection refused (os error 111)
[2026-04-19T03:26:58.735Z WARN  network::simple_sender] Failed to connect to 10.10.1.7:5031 (retry 0): Connection refused (os error 111)
[2026-04-19T03:26:58.738Z WARN  network::simple_sender] Failed to connect to 10.10.1.7:5031 (retry 0): Connection refused (os error 111)
[2026-04-19T03:26:58.742Z INFO  worker::batch_maker] Batch MV2ED2zdS8EjQbKlS4KW4yr/rg7pjuB7AvocrnmTLLU= contains sample tx 2479
[2026-04-19T03:26:58.742Z INFO  worker::batch_maker] Batch MV2ED2zdS8EjQbKlS4KW4yr/rg7pjuB7AvocrnmTLLU= contains 204800 B
[2026-04-19T03:26:58.746Z WARN  network::simple_sender] Failed to connect to 10.10.1.7:5031 (retry 0): Connection refused (os error 111)
[2026-04-19T03:26:58.750Z WARN  network::simple_sender] Failed to connect to 10.10.1.7:5031 (retry 0): Connection refused (os error 111)
[2026-04-19T03:26:58.760Z WARN  network::simple_sender] Failed to connect to 10.10.1.7:5031 (retry 0): Connection refused (os error 111)
[2026-04-19T03:26:58.768Z WARN  network::simple_sender] Failed to connect to 10.10.1.7:5031 (retry 0): Connection refused (os error 111)
[2026-04-19T03:26:58.779Z WARN  network::simple_sender] Failed to connect to 10.10.1.7:5031 (retry 0): Connection refused (os error 111)
[2026-04-19T03:26:58.781Z WARN  network::simple_sender] Failed to connect to 10.10.1.7:5031 (retry 0): Connection refused (os error 111)
[2026-04-19T03:26:58.782Z WARN  network::simple_sender] Failed to connect to 10.10.1.7:5031 (retry 0): Connection refused (os error 111)
[2026-04-19T03:26:58.786Z WARN  network::simple_sender] Failed to connect to 10.10.1.7:5031 (retry 0): Connection refused (os error 111)
[2026-04-19T03:26:58.788Z WARN  network::simple_sender] Failed to connect to 10.10.1.7:5031 (retry 0): Connection refused (os error 111)
[2026-04-19T03:26:58.791Z WARN  network::simple_sender] Failed to connect to 10.10.1.7:5031 (retry 0): Connection refused (os error 111)
[2026-04-19T03:26:58.795Z INFO  worker::batch_maker] Batch JiPF7vEpmGn7ASASOOt8jW+TCi7Sdvb1S9Ddejr6qcA= contains sample tx 2480
[2026-04-19T03:26:58.795Z INFO  worker::batch_maker] Batch JiPF7vEpmGn7ASASOOt8jW+TCi7Sdvb1S9Ddejr6qcA= contains 204800 B
[2026-04-19T03:26:58.798Z WARN  network::simple_sender] Failed to connect to 10.10.1.7:5031 (retry 0): Connection refused (os error 111)
[2026-04-19T03:26:58.804Z WARN  network::simple_sender] Failed to connect to 10.10.1.7:5031 (retry 0): Connection refused (os error 111)
[2026-04-19T03:26:58.812Z WARN  network::simple_sender] Failed to connect to 10.10.1.7:5031 (retry 0): Connection refused (os error 111)
[2026-04-19T03:26:58.819Z WARN  network::simple_sender] Failed to connect to 10.10.1.7:5031 (retry 0): Connection refused (os error 111)
[2026-04-19T03:26:58.820Z WARN  network::simple_sender] Failed to connect to 10.10.1.7:5031 (retry 0): Connection refused (os error 111)
[2026-04-19T03:26:58.831Z WARN  network::simple_sender] Failed to connect to 10.10.1.7:5031 (retry 0): Connection refused (os error 111)
[2026-04-19T03:26:58.833Z WARN  network::simple_sender] Failed to connect to 10.10.1.7:5031 (retry 0): Connection refused (os error 111)
[2026-04-19T03:26:58.838Z WARN  network::simple_sender] Failed to connect to 10.10.1.7:5031 (retry 0): Connection refused (os error 111)
[2026-04-19T03:26:58.840Z WARN  network::simple_sender] Failed to connect to 10.10.1.7:5031 (retry 0): Connection refused (os error 111)
[2026-04-19T03:26:58.841Z WARN  network::simple_sender] Failed to connect to 10.10.1.7:5031 (retry 0): Connection refused (os error 111)
[2026-04-19T03:26:58.847Z INFO  worker::batch_maker] Batch Ya0F/pWtzsnjqCSqEbgumajyK+yEE2HSkVs+iZo40QU= contains sample tx 2481
[2026-04-19T03:26:58.847Z INFO  worker::batch_maker] Batch Ya0F/pWtzsnjqCSqEbgumajyK+yEE2HSkVs+iZo40QU= contains 204800 B
[2026-04-19T03:26:58.850Z WARN  network::simple_sender] Failed to connect to 10.10.1.7:5031 (retry 0): Connection refused (os error 111)
[2026-04-19T03:26:58.860Z WARN  network::simple_sender] Failed to connect to 10.10.1.7:5031 (retry 0): Connection refused (os error 111)
[2026-04-19T03:26:58.868Z WARN  network::simple_sender] Failed to connect to 10.10.1.7:5031 (retry 0): Connection refused (os error 111)
[2026-04-19T03:26:58.869Z WARN  network::simple_sender] Failed to connect to 10.10.1.7:5031 (retry 0): Connection refused (os error 111)
[2026-04-19T03:26:58.871Z WARN  network::simple_sender] Failed to connect to 10.10.1.7:5031 (retry 0): Connection refused (os error 111)
[2026-04-19T03:26:58.883Z WARN  network::simple_sender] Failed to connect to 10.10.1.7:5031 (retry 0): Connection refused (os error 111)
[2026-04-19T03:26:58.884Z WARN  network::simple_sender] Failed to connect to 10.10.1.7:5031 (retry 0): Connection refused (os error 111)
[2026-04-19T03:26:58.891Z WARN  network::simple_sender] Failed to connect to 10.10.1.7:5031 (retry 0): Connection refused (os error 111)
[2026-04-19T03:26:58.893Z WARN  network::simple_sender] Failed to connect to 10.10.1.7:5031 (retry 0): Connection refused (os error 111)
[2026-04-19T03:26:58.895Z WARN  network::simple_sender] Failed to connect to 10.10.1.7:5031 (retry 0): Connection refused (os error 111)
[2026-04-19T03:26:58.899Z INFO  worker::batch_maker] Batch AKkfweDcrYJVaNkZjXP6GtJxARgueLlmUBnvORL5Kt4= contains sample tx 2482
[2026-04-19T03:26:58.899Z INFO  worker::batch_maker] Batch AKkfweDcrYJVaNkZjXP6GtJxARgueLlmUBnvORL5Kt4= contains 204800 B
[2026-04-19T03:26:58.902Z WARN  network::simple_sender] Failed to connect to 10.10.1.7:5031 (retry 0): Connection refused (os error 111)
[2026-04-19T03:26:58.912Z WARN  network::simple_sender] Failed to connect to 10.10.1.7:5031 (retry 0): Connection refused (os error 111)
[2026-04-19T03:26:58.916Z WARN  network::simple_sender] Failed to connect to 10.10.1.7:5031 (retry 0): Connection refused (os error 111)
[2026-04-19T03:26:58.922Z WARN  network::simple_sender] Failed to connect to 10.10.1.7:5031 (retry 0): Connection refused (os error 111)
[2026-04-19T03:26:58.925Z WARN  network::simple_sender] Failed to connect to 10.10.1.7:5031 (retry 0): Connection refused (os error 111)
[2026-04-19T03:26:58.934Z WARN  network::simple_sender] Failed to connect to 10.10.1.7:5031 (retry 0): Connection refused (os error 111)
[2026-04-19T03:26:58.936Z WARN  network::simple_sender] Failed to connect to 10.10.1.7:5031 (retry 0): Connection refused (os error 111)
[2026-04-19T03:26:58.945Z WARN  network::simple_sender] Failed to connect to 10.10.1.7:5031 (retry 0): Connection refused (os error 111)
[2026-04-19T03:26:58.947Z WARN  network::simple_sender] Failed to connect to 10.10.1.7:5031 (retry 0): Connection refused (os error 111)
[2026-04-19T03:26:58.950Z WARN  network::simple_sender] Failed to connect to 10.10.1.7:5031 (retry 0): Connection refused (os error 111)
[2026-04-19T03:26:58.951Z INFO  worker::batch_maker] Batch OfQlEUsyPmPUZGTxbjKi+25cTVxtVGfMvvPU7z/+hQo= contains sample tx 2483
[2026-04-19T03:26:58.951Z INFO  worker::batch_maker] Batch OfQlEUsyPmPUZGTxbjKi+25cTVxtVGfMvvPU7z/+hQo= contains 204800 B
[2026-04-19T03:26:58.954Z WARN  network::simple_sender] Failed to connect to 10.10.1.7:5031 (retry 0): Connection refused (os error 111)
[2026-04-19T03:26:58.965Z WARN  network::simple_sender] Failed to connect to 10.10.1.7:5031 (retry 0): Connection refused (os error 111)
[2026-04-19T03:26:58.975Z WARN  network::simple_sender] Failed to connect to 10.10.1.7:5031 (retry 0): Connection refused (os error 111)
[2026-04-19T03:26:58.976Z WARN  network::simple_sender] Failed to connect to 10.10.1.7:5031 (retry 0): Connection refused (os error 111)
[2026-04-19T03:26:58.981Z WARN  network::simple_sender] Failed to connect to 10.10.1.7:5031 (retry 0): Connection refused (os error 111)
[2026-04-19T03:26:58.990Z WARN  network::simple_sender] Failed to connect to 10.10.1.7:5031 (retry 0): Connection refused (os error 111)
[2026-04-19T03:26:58.992Z WARN  network::simple_sender] Failed to connect to 10.10.1.7:5031 (retry 0): Connection refused (os error 111)
[2026-04-19T03:26:59.001Z WARN  network::simple_sender] Failed to connect to 10.10.1.7:5031 (retry 0): Connection refused (os error 111)
[2026-04-19T03:26:59.002Z WARN  network::simple_sender] Failed to connect to 10.10.1.7:5031 (retry 0): Connection refused (os error 111)
[2026-04-19T03:26:59.004Z INFO  worker::batch_maker] Batch 3AbygQEDC99s4tCUjuOOVo/NN0a+OOSB9SJ6tiGCx44= contains sample tx 2484
[2026-04-19T03:26:59.004Z INFO  worker::batch_maker] Batch 3AbygQEDC99s4tCUjuOOVo/NN0a+OOSB9SJ6tiGCx44= contains 204800 B
[2026-04-19T03:26:59.004Z WARN  network::simple_sender] Failed to connect to 10.10.1.7:5031 (retry 0): Connection refused (os error 111)
[2026-04-19T03:26:59.007Z WARN  network::simple_sender] Failed to connect to 10.10.1.7:5031 (retry 0): Connection refused (os error 111)
[2026-04-19T03:26:59.022Z WARN  network::simple_sender] Failed to connect to 10.10.1.7:5031 (retry 0): Connection refused (os error 111)
[2026-04-19T03:26:59.024Z WARN  network::simple_sender] Failed to connect to 10.10.1.7:5031 (retry 0): Connection refused (os error 111)
[2026-04-19T03:26:59.028Z WARN  network::simple_sender] Failed to connect to 10.10.1.7:5031 (retry 0): Connection refused (os error 111)
[2026-04-19T03:26:59.034Z WARN  network::simple_sender] Failed to connect to 10.10.1.7:5031 (retry 0): Connection refused (os error 111)
[2026-04-19T03:26:59.044Z WARN  network::simple_sender] Failed to connect to 10.10.1.7:5031 (retry 0): Connection refused (os error 111)
[2026-04-19T03:26:59.045Z WARN  network::simple_sender] Failed to connect to 10.10.1.7:5031 (retry 0): Connection refused (os error 111)
[2026-04-19T03:26:59.055Z INFO  worker::batch_maker] Batch IkQ3pRdlgjPLu4f7Da6+k1N/wL3OHLfQdo3HTeigv60= contains sample tx 2485
[2026-04-19T03:26:59.055Z INFO  worker::batch_maker] Batch IkQ3pRdlgjPLu4f7Da6+k1N/wL3OHLfQdo3HTeigv60= contains 204800 B
[2026-04-19T03:26:59.057Z WARN  network::simple_sender] Failed to connect to 10.10.1.7:5031 (retry 0): Connection refused (os error 111)
[2026-04-19T03:26:59.059Z WARN  network::simple_sender] Failed to connect to 10.10.1.7:5031 (retry 0): Connection refused (os error 111)
[2026-04-19T03:26:59.059Z WARN  network::simple_sender] Failed to connect to 10.10.1.7:5031 (retry 0): Connection refused (os error 111)
[2026-04-19T03:26:59.063Z WARN  network::simple_sender] Failed to connect to 10.10.1.7:5031 (retry 0): Connection refused (os error 111)
[2026-04-19T03:26:59.073Z WARN  network::simple_sender] Failed to connect to 10.10.1.7:5031 (retry 0): Connection refused (os error 111)
[2026-04-19T03:26:59.075Z WARN  network::simple_sender] Failed to connect to 10.10.1.7:5031 (retry 0): Connection refused (os error 111)
[2026-04-19T03:26:59.081Z WARN  network::simple_sender] Failed to connect to 10.10.1.7:5031 (retry 0): Connection refused (os error 111)
[2026-04-19T03:26:59.088Z WARN  network::simple_sender] Failed to connect to 10.10.1.7:5031 (retry 0): Connection refused (os error 111)
[2026-04-19T03:26:59.096Z WARN  network::simple_sender] Failed to connect to 10.10.1.7:5031 (retry 0): Connection refused (os error 111)
[2026-04-19T03:26:59.098Z WARN  network::simple_sender] Failed to connect to 10.10.1.7:5031 (retry 0): Connection refused (os error 111)
[2026-04-19T03:26:59.107Z WARN  network::simple_sender] Failed to connect to 10.10.1.7:5031 (retry 0): Connection refused (os error 111)
[2026-04-19T03:26:59.109Z INFO  worker::batch_maker] Batch yAaoajfnv+bKNjQW7bkxK8XBQ9JA4Dwz4kyzE9RUG/8= contains sample tx 2486
[2026-04-19T03:26:59.109Z INFO  worker::batch_maker] Batch yAaoajfnv+bKNjQW7bkxK8XBQ9JA4Dwz4kyzE9RUG/8= contains 243712 B
[2026-04-19T03:26:59.110Z WARN  network::simple_sender] Failed to connect to 10.10.1.7:5031 (retry 0): Connection refused (os error 111)
[2026-04-19T03:26:59.114Z WARN  network::simple_sender] Failed to connect to 10.10.1.7:5031 (retry 0): Connection refused (os error 111)
[2026-04-19T03:26:59.117Z WARN  network::simple_sender] Failed to connect to 10.10.1.7:5031 (retry 0): Connection refused (os error 111)
[2026-04-19T03:26:59.128Z WARN  network::simple_sender] Failed to connect to 10.10.1.7:5031 (retry 0): Connection refused (os error 111)
[2026-04-19T03:26:59.131Z WARN  network::simple_sender] Failed to connect to 10.10.1.7:5031 (retry 0): Connection refused (os error 111)
[2026-04-19T03:26:59.133Z WARN  network::simple_sender] Failed to connect to 10.10.1.7:5031 (retry 0): Connection refused (os error 111)
[2026-04-19T03:26:59.139Z WARN  network::simple_sender] Failed to connect to 10.10.1.7:5031 (retry 0): Connection refused (os error 111)
[2026-04-19T03:26:59.150Z WARN  network::simple_sender] Failed to connect to 10.10.1.7:5031 (retry 0): Connection refused (os error 111)
[2026-04-19T03:26:59.152Z WARN  network::simple_sender] Failed to connect to 10.10.1.7:5031 (retry 0): Connection refused (os error 111)
[2026-04-19T03:26:59.159Z WARN  network::simple_sender] Failed to connect to 10.10.1.7:5031 (retry 0): Connection refused (os error 111)
[2026-04-19T03:26:59.163Z INFO  worker::batch_maker] Batch tuotglyeWSn3JZYP7lPcYMTFdb6chVRNXXVG+2IkH6w= contains sample tx 2487
[2026-04-19T03:26:59.163Z INFO  worker::batch_maker] Batch tuotglyeWSn3JZYP7lPcYMTFdb6chVRNXXVG+2IkH6w= contains sample tx 2488
[2026-04-19T03:26:59.163Z INFO  worker::batch_maker] Batch tuotglyeWSn3JZYP7lPcYMTFdb6chVRNXXVG+2IkH6w= contains 355328 B
[2026-04-19T03:26:59.166Z WARN  network::simple_sender] Failed to connect to 10.10.1.7:5031 (retry 0): Connection refused (os error 111)
[2026-04-19T03:26:59.168Z WARN  network::simple_sender] Failed to connect to 10.10.1.7:5031 (retry 0): Connection refused (os error 111)
[2026-04-19T03:26:59.170Z WARN  network::simple_sender] Failed to connect to 10.10.1.7:5031 (retry 0): Connection refused (os error 111)
[2026-04-19T03:26:59.181Z WARN  network::simple_sender] Failed to connect to 10.10.1.7:5031 (retry 0): Connection refused (os error 111)
[2026-04-19T03:26:59.184Z WARN  network::simple_sender] Failed to connect to 10.10.1.7:5031 (retry 0): Connection refused (os error 111)
[2026-04-19T03:26:59.188Z WARN  network::simple_sender] Failed to connect to 10.10.1.7:5031 (retry 0): Connection refused (os error 111)
[2026-04-19T03:26:59.195Z WARN  network::simple_sender] Failed to connect to 10.10.1.7:5031 (retry 0): Connection refused (os error 111)
[2026-04-19T03:26:59.201Z WARN  network::simple_sender] Failed to connect to 10.10.1.7:5031 (retry 0): Connection refused (os error 111)
[2026-04-19T03:26:59.204Z WARN  network::simple_sender] Failed to connect to 10.10.1.7:5031 (retry 0): Connection refused (os error 111)
[2026-04-19T03:26:59.210Z WARN  network::simple_sender] Failed to connect to 10.10.1.7:5031 (retry 0): Connection refused (os error 111)
[2026-04-19T03:26:59.214Z WARN  network::simple_sender] Failed to connect to 10.10.1.7:5031 (retry 0): Connection refused (os error 111)
[2026-04-19T03:26:59.215Z INFO  worker::batch_maker] Batch HBHw8COmE0Is2VtWko8pTOPotBLsLRbSLw7M9B7Nx1c= contains sample tx 2489
[2026-04-19T03:26:59.215Z INFO  worker::batch_maker] Batch HBHw8COmE0Is2VtWko8pTOPotBLsLRbSLw7M9B7Nx1c= contains 220160 B
[2026-04-19T03:26:59.220Z WARN  network::simple_sender] Failed to connect to 10.10.1.7:5031 (retry 0): Connection refused (os error 111)
[2026-04-19T03:26:59.222Z WARN  network::simple_sender] Failed to connect to 10.10.1.7:5031 (retry 0): Connection refused (os error 111)
[2026-04-19T03:26:59.235Z WARN  network::simple_sender] Failed to connect to 10.10.1.7:5031 (retry 0): Connection refused (os error 111)
[2026-04-19T03:26:59.238Z WARN  network::simple_sender] Failed to connect to 10.10.1.7:5031 (retry 0): Connection refused (os error 111)
[2026-04-19T03:26:59.242Z WARN  network::simple_sender] Failed to connect to 10.10.1.7:5031 (retry 0): Connection refused (os error 111)
[2026-04-19T03:26:59.249Z WARN  network::simple_sender] Failed to connect to 10.10.1.7:5031 (retry 0): Connection refused (os error 111)
[2026-04-19T03:26:59.256Z WARN  network::simple_sender] Failed to connect to 10.10.1.7:5031 (retry 0): Connection refused (os error 111)
[2026-04-19T03:26:59.258Z WARN  network::simple_sender] Failed to connect to 10.10.1.7:5031 (retry 0): Connection refused (os error 111)
[2026-04-19T03:26:59.263Z WARN  network::simple_sender] Failed to connect to 10.10.1.7:5031 (retry 0): Connection refused (os error 111)
[2026-04-19T03:26:59.269Z INFO  worker::batch_maker] Batch Eq+QT11E6OUdbuujUvvjy5GnsNvF6pQQYjZxI3H5hus= contains sample tx 2490
[2026-04-19T03:26:59.269Z INFO  worker::batch_maker] Batch Eq+QT11E6OUdbuujUvvjy5GnsNvF6pQQYjZxI3H5hus= contains 204800 B
[2026-04-19T03:26:59.271Z WARN  network::simple_sender] Failed to connect to 10.10.1.7:5031 (retry 0): Connection refused (os error 111)
[2026-04-19T03:26:59.272Z WARN  network::simple_sender] Failed to connect to 10.10.1.7:5031 (retry 0): Connection refused (os error 111)
[2026-04-19T03:26:59.274Z WARN  network::simple_sender] Failed to connect to 10.10.1.7:5031 (retry 0): Connection refused (os error 111)
[2026-04-19T03:26:59.286Z WARN  network::simple_sender] Failed to connect to 10.10.1.7:5031 (retry 0): Connection refused (os error 111)
[2026-04-19T03:26:59.291Z WARN  network::simple_sender] Failed to connect to 10.10.1.7:5031 (retry 0): Connection refused (os error 111)
[2026-04-19T03:26:59.297Z WARN  network::simple_sender] Failed to connect to 10.10.1.7:5031 (retry 0): Connection refused (os error 111)
[2026-04-19T03:26:59.302Z WARN  network::simple_sender] Failed to connect to 10.10.1.7:5031 (retry 0): Connection refused (os error 111)
[2026-04-19T03:26:59.309Z WARN  network::simple_sender] Failed to connect to 10.10.1.7:5031 (retry 0): Connection refused (os error 111)
[2026-04-19T03:26:59.313Z WARN  network::simple_sender] Failed to connect to 10.10.1.7:5031 (retry 0): Connection refused (os error 111)
[2026-04-19T03:26:59.317Z WARN  network::simple_sender] Failed to connect to 10.10.1.7:5031 (retry 0): Connection refused (os error 111)
[2026-04-19T03:26:59.322Z INFO  worker::batch_maker] Batch mSI2jUQDatPLmXERFmigJIZECFCpIHSrE5okHqxSC74= contains sample tx 2491
[2026-04-19T03:26:59.322Z INFO  worker::batch_maker] Batch mSI2jUQDatPLmXERFmigJIZECFCpIHSrE5okHqxSC74= contains 204800 B
[2026-04-19T03:26:59.324Z WARN  network::simple_sender] Failed to connect to 10.10.1.7:5031 (retry 0): Connection refused (os error 111)
[2026-04-19T03:26:59.325Z WARN  network::simple_sender] Failed to connect to 10.10.1.7:5031 (retry 0): Connection refused (os error 111)
[2026-04-19T03:26:59.326Z WARN  network::simple_sender] Failed to connect to 10.10.1.7:5031 (retry 0): Connection refused (os error 111)
[2026-04-19T03:26:59.342Z WARN  network::simple_sender] Failed to connect to 10.10.1.7:5031 (retry 0): Connection refused (os error 111)
[2026-04-19T03:26:59.344Z WARN  network::simple_sender] Failed to connect to 10.10.1.7:5031 (retry 0): Connection refused (os error 111)
[2026-04-19T03:26:59.348Z WARN  network::simple_sender] Failed to connect to 10.10.1.7:5031 (retry 0): Connection refused (os error 111)
[2026-04-19T03:26:59.355Z WARN  network::simple_sender] Failed to connect to 10.10.1.7:5031 (retry 0): Connection refused (os error 111)
[2026-04-19T03:26:59.365Z WARN  network::simple_sender] Failed to connect to 10.10.1.7:5031 (retry 0): Connection refused (os error 111)
[2026-04-19T03:26:59.368Z WARN  network::simple_sender] Failed to connect to 10.10.1.7:5031 (retry 0): Connection refused (os error 111)
[2026-04-19T03:26:59.369Z WARN  network::simple_sender] Failed to connect to 10.10.1.7:5031 (retry 0): Connection refused (os error 111)
[2026-04-19T03:26:59.375Z INFO  worker::batch_maker] Batch pAcInE/Xb4rR6yYE9wZWjdK96HJZ5a4flwpcDC+n1W8= contains sample tx 2492
[2026-04-19T03:26:59.375Z INFO  worker::batch_maker] Batch pAcInE/Xb4rR6yYE9wZWjdK96HJZ5a4flwpcDC+n1W8= contains 204800 B
[2026-04-19T03:26:59.378Z WARN  network::simple_sender] Failed to connect to 10.10.1.7:5031 (retry 0): Connection refused (os error 111)
[2026-04-19T03:26:59.379Z WARN  network::simple_sender] Failed to connect to 10.10.1.7:5031 (retry 0): Connection refused (os error 111)
[2026-04-19T03:26:59.380Z WARN  network::simple_sender] Failed to connect to 10.10.1.7:5031 (retry 0): Connection refused (os error 111)
[2026-04-19T03:26:59.395Z WARN  network::simple_sender] Failed to connect to 10.10.1.7:5031 (retry 0): Connection refused (os error 111)
[2026-04-19T03:26:59.397Z WARN  network::simple_sender] Failed to connect to 10.10.1.7:5031 (retry 0): Connection refused (os error 111)
[2026-04-19T03:26:59.403Z WARN  network::simple_sender] Failed to connect to 10.10.1.7:5031 (retry 0): Connection refused (os error 111)
[2026-04-19T03:26:59.408Z WARN  network::simple_sender] Failed to connect to 10.10.1.7:5031 (retry 0): Connection refused (os error 111)
[2026-04-19T03:26:59.415Z WARN  network::simple_sender] Failed to connect to 10.10.1.7:5031 (retry 0): Connection refused (os error 111)
[2026-04-19T03:26:59.415Z WARN  network::simple_sender] Failed to connect to 10.10.1.7:5031 (retry 0): Connection refused (os error 111)
[2026-04-19T03:26:59.422Z WARN  network::simple_sender] Failed to connect to 10.10.1.7:5031 (retry 0): Connection refused (os error 111)
[2026-04-19T03:26:59.428Z INFO  worker::batch_maker] Batch OkGKwL63hZP67u2OxToRUkx6ArXtPHcHML1HYZrRiyo= contains sample tx 2493
[2026-04-19T03:26:59.428Z INFO  worker::batch_maker] Batch OkGKwL63hZP67u2OxToRUkx6ArXtPHcHML1HYZrRiyo= contains 204800 B
[2026-04-19T03:26:59.431Z WARN  network::simple_sender] Failed to connect to 10.10.1.7:5031 (retry 0): Connection refused (os error 111)
[2026-04-19T03:26:59.433Z WARN  network::simple_sender] Failed to connect to 10.10.1.7:5031 (retry 0): Connection refused (os error 111)
[2026-04-19T03:26:59.449Z WARN  network::simple_sender] Failed to connect to 10.10.1.7:5031 (retry 0): Connection refused (os error 111)
[2026-04-19T03:26:59.453Z WARN  network::simple_sender] Failed to connect to 10.10.1.7:5031 (retry 0): Connection refused (os error 111)
[2026-04-19T03:26:59.456Z WARN  network::simple_sender] Failed to connect to 10.10.1.7:5031 (retry 0): Connection refused (os error 111)
[2026-04-19T03:26:59.466Z WARN  network::simple_sender] Failed to connect to 10.10.1.7:5031 (retry 0): Connection refused (os error 111)
[2026-04-19T03:26:59.470Z WARN  network::simple_sender] Failed to connect to 10.10.1.7:5031 (retry 0): Connection refused (os error 111)
[2026-04-19T03:26:59.472Z WARN  network::simple_sender] Failed to connect to 10.10.1.7:5031 (retry 0): Connection refused (os error 111)
[2026-04-19T03:26:59.476Z WARN  network::simple_sender] Failed to connect to 10.10.1.7:5031 (retry 0): Connection refused (os error 111)
[2026-04-19T03:26:59.481Z INFO  worker::batch_maker] Batch Y3vGSEu/s6CvR+mZ57ptWl6tVSGK8JV8zbiu8SB1UA8= contains sample tx 2494
[2026-04-19T03:26:59.481Z INFO  worker::batch_maker] Batch Y3vGSEu/s6CvR+mZ57ptWl6tVSGK8JV8zbiu8SB1UA8= contains 204800 B
[2026-04-19T03:26:59.483Z WARN  network::simple_sender] Failed to connect to 10.10.1.7:5031 (retry 0): Connection refused (os error 111)
[2026-04-19T03:26:59.485Z WARN  network::simple_sender] Failed to connect to 10.10.1.7:5031 (retry 0): Connection refused (os error 111)
[2026-04-19T03:26:59.485Z WARN  network::simple_sender] Failed to connect to 10.10.1.7:5031 (retry 0): Connection refused (os error 111)
[2026-04-19T03:26:59.504Z WARN  network::simple_sender] Failed to connect to 10.10.1.7:5031 (retry 0): Connection refused (os error 111)
[2026-04-19T03:26:59.506Z WARN  network::simple_sender] Failed to connect to 10.10.1.7:5031 (retry 0): Connection refused (os error 111)
[2026-04-19T03:26:59.512Z WARN  network::simple_sender] Failed to connect to 10.10.1.7:5031 (retry 0): Connection refused (os error 111)
[2026-04-19T03:26:59.517Z WARN  network::simple_sender] Failed to connect to 10.10.1.7:5031 (retry 0): Connection refused (os error 111)
[2026-04-19T03:26:59.519Z WARN  network::simple_sender] Failed to connect to 10.10.1.7:5031 (retry 0): Connection refused (os error 111)
[2026-04-19T03:26:59.520Z WARN  network::simple_sender] Failed to connect to 10.10.1.7:5031 (retry 0): Connection refused (os error 111)
[2026-04-19T03:26:59.527Z WARN  network::simple_sender] Failed to connect to 10.10.1.7:5031 (retry 0): Connection refused (os error 111)
[2026-04-19T03:26:59.533Z INFO  worker::batch_maker] Batch NzaV4IdMCNkfXcrjBejrKfmuEUEJc47xjRgJQ+eo3ls= contains sample tx 2495
[2026-04-19T03:26:59.533Z INFO  worker::batch_maker] Batch NzaV4IdMCNkfXcrjBejrKfmuEUEJc47xjRgJQ+eo3ls= contains 204800 B
[2026-04-19T03:26:59.536Z WARN  network::simple_sender] Failed to connect to 10.10.1.7:5031 (retry 0): Connection refused (os error 111)
[2026-04-19T03:26:59.537Z WARN  network::simple_sender] Failed to connect to 10.10.1.7:5031 (retry 0): Connection refused (os error 111)
[2026-04-19T03:26:59.538Z WARN  network::simple_sender] Failed to connect to 10.10.1.7:5031 (retry 0): Connection refused (os error 111)
[2026-04-19T03:26:59.558Z WARN  network::simple_sender] Failed to connect to 10.10.1.7:5031 (retry 0): Connection refused (os error 111)
[2026-04-19T03:26:59.563Z WARN  network::simple_sender] Failed to connect to 10.10.1.7:5031 (retry 0): Connection refused (os error 111)
[2026-04-19T03:26:59.570Z WARN  network::simple_sender] Failed to connect to 10.10.1.7:5031 (retry 0): Connection refused (os error 111)
[2026-04-19T03:26:59.572Z WARN  network::simple_sender] Failed to connect to 10.10.1.7:5031 (retry 0): Connection refused (os error 111)
[2026-04-19T03:26:59.572Z WARN  network::simple_sender] Failed to connect to 10.10.1.7:5031 (retry 0): Connection refused (os error 111)
[2026-04-19T03:26:59.574Z WARN  network::simple_sender] Failed to connect to 10.10.1.7:5031 (retry 0): Connection refused (os error 111)
[2026-04-19T03:26:59.579Z WARN  network::simple_sender] Failed to connect to 10.10.1.7:5031 (retry 0): Connection refused (os error 111)
[2026-04-19T03:26:59.585Z INFO  worker::batch_maker] Batch 8dYCOUBjBX7LvX5xk6bdVXMyHLn+halyQX5E60sv4KA= contains sample tx 2496
[2026-04-19T03:26:59.585Z INFO  worker::batch_maker] Batch 8dYCOUBjBX7LvX5xk6bdVXMyHLn+halyQX5E60sv4KA= contains 204800 B
[2026-04-19T03:26:59.587Z WARN  network::simple_sender] Failed to connect to 10.10.1.7:5031 (retry 0): Connection refused (os error 111)
[2026-04-19T03:26:59.588Z WARN  network::simple_sender] Failed to connect to 10.10.1.7:5031 (retry 0): Connection refused (os error 111)
[2026-04-19T03:26:59.612Z WARN  network::simple_sender] Failed to connect to 10.10.1.7:5031 (retry 0): Connection refused (os error 111)
[2026-04-19T03:26:59.615Z WARN  network::simple_sender] Failed to connect to 10.10.1.7:5031 (retry 0): Connection refused (os error 111)
[2026-04-19T03:26:59.624Z WARN  network::simple_sender] Failed to connect to 10.10.1.7:5031 (retry 0): Connection refused (os error 111)
[2026-04-19T03:26:59.625Z WARN  network::simple_sender] Failed to connect to 10.10.1.7:5031 (retry 0): Connection refused (os error 111)
[2026-04-19T03:26:59.626Z WARN  network::simple_sender] Failed to connect to 10.10.1.7:5031 (retry 0): Connection refused (os error 111)
[2026-04-19T03:26:59.627Z WARN  network::simple_sender] Failed to connect to 10.10.1.7:5031 (retry 0): Connection refused (os error 111)
[2026-04-19T03:26:59.631Z WARN  network::simple_sender] Failed to connect to 10.10.1.7:5031 (retry 0): Connection refused (os error 111)
[2026-04-19T03:26:59.637Z INFO  worker::batch_maker] Batch 8RgXy3goZlHmXWHG8dRlZhJLW/BvRw0sVDuH96ktZuQ= contains sample tx 2497
[2026-04-19T03:26:59.637Z INFO  worker::batch_maker] Batch 8RgXy3goZlHmXWHG8dRlZhJLW/BvRw0sVDuH96ktZuQ= contains 204800 B
[2026-04-19T03:26:59.641Z WARN  network::simple_sender] Failed to connect to 10.10.1.7:5031 (retry 0): Connection refused (os error 111)
[2026-04-19T03:26:59.642Z WARN  network::simple_sender] Failed to connect to 10.10.1.7:5031 (retry 0): Connection refused (os error 111)
[2026-04-19T03:26:59.643Z WARN  network::simple_sender] Failed to connect to 10.10.1.7:5031 (retry 0): Connection refused (os error 111)
[2026-04-19T03:26:59.666Z WARN  network::simple_sender] Failed to connect to 10.10.1.7:5031 (retry 0): Connection refused (os error 111)
[2026-04-19T03:26:59.671Z WARN  network::simple_sender] Failed to connect to 10.10.1.7:5031 (retry 0): Connection refused (os error 111)
[2026-04-19T03:26:59.676Z WARN  network::simple_sender] Failed to connect to 10.10.1.7:5031 (retry 0): Connection refused (os error 111)
[2026-04-19T03:26:59.680Z WARN  network::simple_sender] Failed to connect to 10.10.1.7:5031 (retry 0): Connection refused (os error 111)
[2026-04-19T03:26:59.683Z WARN  network::simple_sender] Failed to connect to 10.10.1.7:5031 (retry 0): Connection refused (os error 111)
[2026-04-19T03:26:59.685Z WARN  network::simple_sender] Failed to connect to 10.10.1.7:5031 (retry 0): Connection refused (os error 111)
[2026-04-19T03:26:59.687Z WARN  network::simple_sender] Failed to connect to 10.10.1.7:5031 (retry 0): Connection refused (os error 111)
[2026-04-19T03:26:59.691Z INFO  worker::batch_maker] Batch Dzm8rufdPghIgLaTkDKwdlvmSUqNuI1B+8E3KIazMaM= contains sample tx 2498
[2026-04-19T03:26:59.691Z INFO  worker::batch_maker] Batch Dzm8rufdPghIgLaTkDKwdlvmSUqNuI1B+8E3KIazMaM= contains 204800 B
[2026-04-19T03:26:59.694Z WARN  network::simple_sender] Failed to connect to 10.10.1.7:5031 (retry 0): Connection refused (os error 111)
[2026-04-19T03:26:59.695Z WARN  network::simple_sender] Failed to connect to 10.10.1.7:5031 (retry 0): Connection refused (os error 111)
[2026-04-19T03:26:59.698Z WARN  network::simple_sender] Failed to connect to 10.10.1.7:5031 (retry 0): Connection refused (os error 111)
[2026-04-19T03:26:59.722Z WARN  network::simple_sender] Failed to connect to 10.10.1.7:5031 (retry 0): Connection refused (os error 111)
[2026-04-19T03:26:59.724Z WARN  network::simple_sender] Failed to connect to 10.10.1.7:5031 (retry 0): Connection refused (os error 111)
[2026-04-19T03:26:59.731Z WARN  network::simple_sender] Failed to connect to 10.10.1.7:5031 (retry 0): Connection refused (os error 111)
[2026-04-19T03:26:59.732Z WARN  network::simple_sender] Failed to connect to 10.10.1.7:5031 (retry 0): Connection refused (os error 111)
[2026-04-19T03:26:59.733Z WARN  network::simple_sender] Failed to connect to 10.10.1.7:5031 (retry 0): Connection refused (os error 111)
[2026-04-19T03:26:59.733Z WARN  network::simple_sender] Failed to connect to 10.10.1.7:5031 (retry 0): Connection refused (os error 111)
[2026-04-19T03:26:59.736Z WARN  network::simple_sender] Failed to connect to 10.10.1.7:5031 (retry 0): Connection refused (os error 111)
[2026-04-19T03:26:59.746Z INFO  worker::batch_maker] Batch rqv1uj8K/TCUdIdokdHtiENeDB+dM1ins0leEPDAFZo= contains sample tx 2499
[2026-04-19T03:26:59.746Z INFO  worker::batch_maker] Batch rqv1uj8K/TCUdIdokdHtiENeDB+dM1ins0leEPDAFZo= contains 204800 B
[2026-04-19T03:26:59.749Z WARN  network::simple_sender] Failed to connect to 10.10.1.7:5031 (retry 0): Connection refused (os error 111)
[2026-04-19T03:26:59.750Z WARN  network::simple_sender] Failed to connect to 10.10.1.7:5031 (retry 0): Connection refused (os error 111)
[2026-04-19T03:26:59.752Z WARN  network::simple_sender] Failed to connect to 10.10.1.7:5031 (retry 0): Connection refused (os error 111)
[2026-04-19T03:26:59.775Z WARN  network::simple_sender] Failed to connect to 10.10.1.7:5031 (retry 0): Connection refused (os error 111)
[2026-04-19T03:26:59.777Z WARN  network::simple_sender] Failed to connect to 10.10.1.7:5031 (retry 0): Connection refused (os error 111)
[2026-04-19T03:26:59.784Z WARN  network::simple_sender] Failed to connect to 10.10.1.7:5031 (retry 0): Connection refused (os error 111)
[2026-04-19T03:26:59.787Z WARN  network::simple_sender] Failed to connect to 10.10.1.7:5031 (retry 0): Connection refused (os error 111)
[2026-04-19T03:26:59.789Z WARN  network::simple_sender] Failed to connect to 10.10.1.7:5031 (retry 0): Connection refused (os error 111)
[2026-04-19T03:26:59.791Z WARN  network::simple_sender] Failed to connect to 10.10.1.7:5031 (retry 0): Connection refused (os error 111)
[2026-04-19T03:26:59.792Z WARN  network::simple_sender] Failed to connect to 10.10.1.7:5031 (retry 0): Connection refused (os error 111)
[2026-04-19T03:26:59.800Z INFO  worker::batch_maker] Batch 9BCyDEFYeT7d1YWwqi0TWhJ3RjZSGcIdqis4wTTava0= contains sample tx 2500
[2026-04-19T03:26:59.800Z INFO  worker::batch_maker] Batch 9BCyDEFYeT7d1YWwqi0TWhJ3RjZSGcIdqis4wTTava0= contains 204800 B
[2026-04-19T03:26:59.804Z WARN  network::simple_sender] Failed to connect to 10.10.1.7:5031 (retry 0): Connection refused (os error 111)
[2026-04-19T03:26:59.806Z WARN  network::simple_sender] Failed to connect to 10.10.1.7:5031 (retry 0): Connection refused (os error 111)
[2026-04-19T03:26:59.829Z WARN  network::simple_sender] Failed to connect to 10.10.1.7:5031 (retry 0): Connection refused (os error 111)
[2026-04-19T03:26:59.831Z WARN  network::simple_sender] Failed to connect to 10.10.1.7:5031 (retry 0): Connection refused (os error 111)
[2026-04-19T03:26:59.839Z WARN  network::simple_sender] Failed to connect to 10.10.1.7:5031 (retry 0): Connection refused (os error 111)
[2026-04-19T03:26:59.841Z WARN  network::simple_sender] Failed to connect to 10.10.1.7:5031 (retry 0): Connection refused (os error 111)
[2026-04-19T03:26:59.843Z WARN  network::simple_sender] Failed to connect to 10.10.1.7:5031 (retry 0): Connection refused (os error 111)
[2026-04-19T03:26:59.845Z WARN  network::simple_sender] Failed to connect to 10.10.1.7:5031 (retry 0): Connection refused (os error 111)
[2026-04-19T03:26:59.847Z WARN  network::simple_sender] Failed to connect to 10.10.1.7:5031 (retry 0): Connection refused (os error 111)
[2026-04-19T03:26:59.853Z INFO  worker::batch_maker] Batch hwvuneS1j296nPbZZHJUibgEL5xK5EzBVSdZJpAfCQs= contains sample tx 2501
[2026-04-19T03:26:59.853Z INFO  worker::batch_maker] Batch hwvuneS1j296nPbZZHJUibgEL5xK5EzBVSdZJpAfCQs= contains 204800 B
[2026-04-19T03:26:59.857Z WARN  network::simple_sender] Failed to connect to 10.10.1.7:5031 (retry 0): Connection refused (os error 111)
[2026-04-19T03:26:59.860Z WARN  network::simple_sender] Failed to connect to 10.10.1.7:5031 (retry 0): Connection refused (os error 111)
[2026-04-19T03:26:59.883Z WARN  network::simple_sender] Failed to connect to 10.10.1.7:5031 (retry 0): Connection refused (os error 111)
[2026-04-19T03:26:59.887Z WARN  network::simple_sender] Failed to connect to 10.10.1.7:5031 (retry 0): Connection refused (os error 111)
[2026-04-19T03:26:59.894Z WARN  network::simple_sender] Failed to connect to 10.10.1.7:5031 (retry 0): Connection refused (os error 111)
[2026-04-19T03:26:59.897Z WARN  network::simple_sender] Failed to connect to 10.10.1.7:5031 (retry 0): Connection refused (os error 111)
[2026-04-19T03:26:59.900Z WARN  network::simple_sender] Failed to connect to 10.10.1.7:5031 (retry 0): Connection refused (os error 111)
[2026-04-19T03:26:59.902Z WARN  network::simple_sender] Failed to connect to 10.10.1.7:5031 (retry 0): Connection refused (os error 111)
[2026-04-19T03:26:59.905Z WARN  network::simple_sender] Failed to connect to 10.10.1.7:5031 (retry 0): Connection refused (os error 111)
[2026-04-19T03:26:59.905Z INFO  worker::batch_maker] Batch ZOXlkoWPCB5jUcw3NP/XslBqINrQiT3QBfOD/cd8Uf0= contains sample tx 2502
[2026-04-19T03:26:59.905Z INFO  worker::batch_maker] Batch ZOXlkoWPCB5jUcw3NP/XslBqINrQiT3QBfOD/cd8Uf0= contains 204800 B
[2026-04-19T03:26:59.909Z WARN  network::simple_sender] Failed to connect to 10.10.1.7:5031 (retry 0): Connection refused (os error 111)
[2026-04-19T03:26:59.911Z WARN  network::simple_sender] Failed to connect to 10.10.1.7:5031 (retry 0): Connection refused (os error 111)
[2026-04-19T03:26:59.914Z WARN  network::simple_sender] Failed to connect to 10.10.1.7:5031 (retry 0): Connection refused (os error 111)
[2026-04-19T03:26:59.936Z WARN  network::simple_sender] Failed to connect to 10.10.1.7:5031 (retry 0): Connection refused (os error 111)
[2026-04-19T03:26:59.941Z WARN  network::simple_sender] Failed to connect to 10.10.1.7:5031 (retry 0): Connection refused (os error 111)
[2026-04-19T03:26:59.946Z WARN  network::simple_sender] Failed to connect to 10.10.1.7:5031 (retry 0): Connection refused (os error 111)
[2026-04-19T03:26:59.948Z WARN  network::simple_sender] Failed to connect to 10.10.1.7:5031 (retry 0): Connection refused (os error 111)
[2026-04-19T03:26:59.950Z WARN  network::simple_sender] Failed to connect to 10.10.1.7:5031 (retry 0): Connection refused (os error 111)
[2026-04-19T03:26:59.951Z WARN  network::simple_sender] Failed to connect to 10.10.1.7:5031 (retry 0): Connection refused (os error 111)
[2026-04-19T03:26:59.953Z WARN  network::simple_sender] Failed to connect to 10.10.1.7:5031 (retry 0): Connection refused (os error 111)
[2026-04-19T03:26:59.960Z INFO  worker::batch_maker] Batch m64NECAb0T4nuPxlrsdTch/xefsSM4l07NISVffw164= contains sample tx 2503
[2026-04-19T03:26:59.960Z INFO  worker::batch_maker] Batch m64NECAb0T4nuPxlrsdTch/xefsSM4l07NISVffw164= contains sample tx 2504
[2026-04-19T03:26:59.960Z INFO  worker::batch_maker] Batch m64NECAb0T4nuPxlrsdTch/xefsSM4l07NISVffw164= contains 300544 B
[2026-04-19T03:26:59.965Z WARN  network::simple_sender] Failed to connect to 10.10.1.7:5031 (retry 0): Connection refused (os error 111)
[2026-04-19T03:26:59.965Z WARN  network::simple_sender] Failed to connect to 10.10.1.7:5031 (retry 0): Connection refused (os error 111)
[2026-04-19T03:26:59.970Z WARN  network::simple_sender] Failed to connect to 10.10.1.7:5031 (retry 0): Connection refused (os error 111)
[2026-04-19T03:26:59.990Z WARN  network::simple_sender] Failed to connect to 10.10.1.7:5031 (retry 0): Connection refused (os error 111)
[2026-04-19T03:26:59.994Z WARN  network::simple_sender] Failed to connect to 10.10.1.7:5031 (retry 0): Connection refused (os error 111)
[2026-04-19T03:26:59.997Z WARN  network::simple_sender] Failed to connect to 10.10.1.7:5031 (retry 0): Connection refused (os error 111)
[2026-04-19T03:27:00.000Z WARN  network::simple_sender] Failed to connect to 10.10.1.7:5031 (retry 0): Connection refused (os error 111)
[2026-04-19T03:27:00.002Z WARN  network::simple_sender] Failed to connect to 10.10.1.7:5031 (retry 0): Connection refused (os error 111)
[2026-04-19T03:27:00.004Z WARN  network::simple_sender] Failed to connect to 10.10.1.7:5031 (retry 0): Connection refused (os error 111)
[2026-04-19T03:27:00.006Z WARN  network::simple_sender] Failed to connect to 10.10.1.7:5031 (retry 0): Connection refused (os error 111)
[2026-04-19T03:27:00.015Z INFO  worker::batch_maker] Batch vyYZ27AKsNaICo9FVKfsTUJfWVR5A3ys+ZhoAsxDq4E= contains sample tx 2505
[2026-04-19T03:27:00.015Z INFO  worker::batch_maker] Batch vyYZ27AKsNaICo9FVKfsTUJfWVR5A3ys+ZhoAsxDq4E= contains 313856 B
[2026-04-19T03:27:00.018Z WARN  network::simple_sender] Failed to connect to 10.10.1.7:5031 (retry 0): Connection refused (os error 111)
[2026-04-19T03:27:00.020Z WARN  network::simple_sender] Failed to connect to 10.10.1.7:5031 (retry 0): Connection refused (os error 111)
[2026-04-19T03:27:00.021Z WARN  network::simple_sender] Failed to connect to 10.10.1.7:5031 (retry 0): Connection refused (os error 111)
[2026-04-19T03:27:00.043Z WARN  network::simple_sender] Failed to connect to 10.10.1.7:5031 (retry 0): Connection refused (os error 111)
[2026-04-19T03:27:00.047Z WARN  network::simple_sender] Failed to connect to 10.10.1.7:5031 (retry 0): Connection refused (os error 111)
[2026-04-19T03:27:00.049Z WARN  network::simple_sender] Failed to connect to 10.10.1.7:5031 (retry 0): Connection refused (os error 111)
[2026-04-19T03:27:00.053Z WARN  network::simple_sender] Failed to connect to 10.10.1.7:5031 (retry 0): Connection refused (os error 111)
[2026-04-19T03:27:00.055Z WARN  network::simple_sender] Failed to connect to 10.10.1.7:5031 (retry 0): Connection refused (os error 111)
[2026-04-19T03:27:00.057Z WARN  network::simple_sender] Failed to connect to 10.10.1.7:5031 (retry 0): Connection refused (os error 111)
[2026-04-19T03:27:00.059Z WARN  network::simple_sender] Failed to connect to 10.10.1.7:5031 (retry 0): Connection refused (os error 111)
[2026-04-19T03:27:00.068Z INFO  worker::batch_maker] Batch vE1ZlV8DYW9x5vruqh/v28XGn+/QRYGsLjLVLrDd68Y= contains sample tx 2506
[2026-04-19T03:27:00.068Z INFO  worker::batch_maker] Batch vE1ZlV8DYW9x5vruqh/v28XGn+/QRYGsLjLVLrDd68Y= contains 204800 B
[2026-04-19T03:27:00.073Z WARN  network::simple_sender] Failed to connect to 10.10.1.7:5031 (retry 0): Connection refused (os error 111)
[2026-04-19T03:27:00.073Z WARN  network::simple_sender] Failed to connect to 10.10.1.7:5031 (retry 0): Connection refused (os error 111)
[2026-04-19T03:27:00.078Z WARN  network::simple_sender] Failed to connect to 10.10.1.7:5031 (retry 0): Connection refused (os error 111)
[2026-04-19T03:27:00.096Z WARN  network::simple_sender] Failed to connect to 10.10.1.7:5031 (retry 0): Connection refused (os error 111)
[2026-04-19T03:27:00.100Z WARN  network::simple_sender] Failed to connect to 10.10.1.7:5031 (retry 0): Connection refused (os error 111)
[2026-04-19T03:27:00.102Z WARN  network::simple_sender] Failed to connect to 10.10.1.7:5031 (retry 0): Connection refused (os error 111)
[2026-04-19T03:27:00.106Z WARN  network::simple_sender] Failed to connect to 10.10.1.7:5031 (retry 0): Connection refused (os error 111)
[2026-04-19T03:27:00.109Z WARN  network::simple_sender] Failed to connect to 10.10.1.7:5031 (retry 0): Connection refused (os error 111)
[2026-04-19T03:27:00.111Z WARN  network::simple_sender] Failed to connect to 10.10.1.7:5031 (retry 0): Connection refused (os error 111)
[2026-04-19T03:27:00.113Z WARN  network::simple_sender] Failed to connect to 10.10.1.7:5031 (retry 0): Connection refused (os error 111)
[2026-04-19T03:27:00.121Z INFO  worker::batch_maker] Batch eTsbLz4TgnRulg2LAU+wQE+kIGaamffo/N3uY7/sLvM= contains sample tx 2507
[2026-04-19T03:27:00.121Z INFO  worker::batch_maker] Batch eTsbLz4TgnRulg2LAU+wQE+kIGaamffo/N3uY7/sLvM= contains 204800 B
[2026-04-19T03:27:00.125Z WARN  network::simple_sender] Failed to connect to 10.10.1.7:5031 (retry 0): Connection refused (os error 111)
[2026-04-19T03:27:00.127Z WARN  network::simple_sender] Failed to connect to 10.10.1.7:5031 (retry 0): Connection refused (os error 111)
[2026-04-19T03:27:00.150Z WARN  network::simple_sender] Failed to connect to 10.10.1.7:5031 (retry 0): Connection refused (os error 111)
[2026-04-19T03:27:00.153Z WARN  network::simple_sender] Failed to connect to 10.10.1.7:5031 (retry 0): Connection refused (os error 111)
[2026-04-19T03:27:00.159Z WARN  network::simple_sender] Failed to connect to 10.10.1.7:5031 (retry 0): Connection refused (os error 111)
[2026-04-19T03:27:00.160Z WARN  network::simple_sender] Failed to connect to 10.10.1.7:5031 (retry 0): Connection refused (os error 111)
[2026-04-19T03:27:00.165Z WARN  network::simple_sender] Failed to connect to 10.10.1.7:5031 (retry 0): Connection refused (os error 111)
[2026-04-19T03:27:00.167Z WARN  network::simple_sender] Failed to connect to 10.10.1.7:5031 (retry 0): Connection refused (os error 111)
[2026-04-19T03:27:00.169Z WARN  network::simple_sender] Failed to connect to 10.10.1.7:5031 (retry 0): Connection refused (os error 111)
[2026-04-19T03:27:00.174Z INFO  worker::batch_maker] Batch hfMZRtPd4vupE0JNVvyr6PTecYlyO05rFadc6iRS/PA= contains sample tx 2508
[2026-04-19T03:27:00.174Z INFO  worker::batch_maker] Batch hfMZRtPd4vupE0JNVvyr6PTecYlyO05rFadc6iRS/PA= contains 204800 B
[2026-04-19T03:27:00.178Z WARN  network::simple_sender] Failed to connect to 10.10.1.7:5031 (retry 0): Connection refused (os error 111)
[2026-04-19T03:27:00.178Z WARN  network::simple_sender] Failed to connect to 10.10.1.7:5031 (retry 0): Connection refused (os error 111)
[2026-04-19T03:27:00.180Z WARN  network::simple_sender] Failed to connect to 10.10.1.7:5031 (retry 0): Connection refused (os error 111)
[2026-04-19T03:27:00.206Z WARN  network::simple_sender] Failed to connect to 10.10.1.7:5031 (retry 0): Connection refused (os error 111)
[2026-04-19T03:27:00.208Z WARN  network::simple_sender] Failed to connect to 10.10.1.7:5031 (retry 0): Connection refused (os error 111)
[2026-04-19T03:27:00.211Z WARN  network::simple_sender] Failed to connect to 10.10.1.7:5031 (retry 0): Connection refused (os error 111)
[2026-04-19T03:27:00.214Z WARN  network::simple_sender] Failed to connect to 10.10.1.7:5031 (retry 0): Connection refused (os error 111)
[2026-04-19T03:27:00.219Z WARN  network::simple_sender] Failed to connect to 10.10.1.7:5031 (retry 0): Connection refused (os error 111)
[2026-04-19T03:27:00.220Z WARN  network::simple_sender] Failed to connect to 10.10.1.7:5031 (retry 0): Connection refused (os error 111)
[2026-04-19T03:27:00.222Z WARN  network::simple_sender] Failed to connect to 10.10.1.7:5031 (retry 0): Connection refused (os error 111)
[2026-04-19T03:27:00.227Z INFO  worker::batch_maker] Batch bVm7/2f5Yghf2gCmidNdAmkNyFebLcGa8551uCclyTM= contains sample tx 2509
[2026-04-19T03:27:00.227Z INFO  worker::batch_maker] Batch bVm7/2f5Yghf2gCmidNdAmkNyFebLcGa8551uCclyTM= contains 204800 B
[2026-04-19T03:27:00.231Z WARN  network::simple_sender] Failed to connect to 10.10.1.7:5031 (retry 0): Connection refused (os error 111)
[2026-04-19T03:27:00.232Z WARN  network::simple_sender] Failed to connect to 10.10.1.7:5031 (retry 0): Connection refused (os error 111)
[2026-04-19T03:27:00.233Z WARN  network::simple_sender] Failed to connect to 10.10.1.7:5031 (retry 0): Connection refused (os error 111)
[2026-04-19T03:27:00.263Z WARN  network::simple_sender] Failed to connect to 10.10.1.7:5031 (retry 0): Connection refused (os error 111)
[2026-04-19T03:27:00.265Z WARN  network::simple_sender] Failed to connect to 10.10.1.7:5031 (retry 0): Connection refused (os error 111)
[2026-04-19T03:27:00.268Z WARN  network::simple_sender] Failed to connect to 10.10.1.7:5031 (retry 0): Connection refused (os error 111)
[2026-04-19T03:27:00.272Z WARN  network::simple_sender] Failed to connect to 10.10.1.7:5031 (retry 0): Connection refused (os error 111)
[2026-04-19T03:27:00.274Z WARN  network::simple_sender] Failed to connect to 10.10.1.7:5031 (retry 0): Connection refused (os error 111)
[2026-04-19T03:27:00.276Z WARN  network::simple_sender] Failed to connect to 10.10.1.7:5031 (retry 0): Connection refused (os error 111)
[2026-04-19T03:27:00.278Z WARN  network::simple_sender] Failed to connect to 10.10.1.7:5031 (retry 0): Connection refused (os error 111)
[2026-04-19T03:27:00.280Z INFO  worker::batch_maker] Batch OljiEKEPYxdrcuA2q+VivMRb3fhmrZZCP61x5lzHnR8= contains sample tx 2510
[2026-04-19T03:27:00.280Z INFO  worker::batch_maker] Batch OljiEKEPYxdrcuA2q+VivMRb3fhmrZZCP61x5lzHnR8= contains 204800 B
[2026-04-19T03:27:00.284Z WARN  network::simple_sender] Failed to connect to 10.10.1.7:5031 (retry 0): Connection refused (os error 111)
[2026-04-19T03:27:00.286Z WARN  network::simple_sender] Failed to connect to 10.10.1.7:5031 (retry 0): Connection refused (os error 111)
[2026-04-19T03:27:00.311Z WARN  network::simple_sender] Failed to connect to 10.10.1.7:5031 (retry 0): Connection refused (os error 111)
[2026-04-19T03:27:00.317Z WARN  network::simple_sender] Failed to connect to 10.10.1.7:5031 (retry 0): Connection refused (os error 111)
[2026-04-19T03:27:00.319Z WARN  network::simple_sender] Failed to connect to 10.10.1.7:5031 (retry 0): Connection refused (os error 111)
[2026-04-19T03:27:00.324Z WARN  network::simple_sender] Failed to connect to 10.10.1.7:5031 (retry 0): Connection refused (os error 111)
[2026-04-19T03:27:00.326Z WARN  network::simple_sender] Failed to connect to 10.10.1.7:5031 (retry 0): Connection refused (os error 111)
[2026-04-19T03:27:00.326Z WARN  network::simple_sender] Failed to connect to 10.10.1.7:5031 (retry 0): Connection refused (os error 111)
[2026-04-19T03:27:00.328Z WARN  network::simple_sender] Failed to connect to 10.10.1.7:5031 (retry 0): Connection refused (os error 111)
[2026-04-19T03:27:00.333Z INFO  worker::batch_maker] Batch ChweR4oGEIb47Sh7YWHpyKnObfqWRDnoRPp7CLZK2Ek= contains sample tx 2511
[2026-04-19T03:27:00.333Z INFO  worker::batch_maker] Batch ChweR4oGEIb47Sh7YWHpyKnObfqWRDnoRPp7CLZK2Ek= contains 204800 B
[2026-04-19T03:27:00.336Z WARN  network::simple_sender] Failed to connect to 10.10.1.7:5031 (retry 0): Connection refused (os error 111)
[2026-04-19T03:27:00.337Z WARN  network::simple_sender] Failed to connect to 10.10.1.7:5031 (retry 0): Connection refused (os error 111)
[2026-04-19T03:27:00.339Z WARN  network::simple_sender] Failed to connect to 10.10.1.7:5031 (retry 0): Connection refused (os error 111)
[2026-04-19T03:27:00.365Z WARN  network::simple_sender] Failed to connect to 10.10.1.7:5031 (retry 0): Connection refused (os error 111)
[2026-04-19T03:27:00.374Z WARN  network::simple_sender] Failed to connect to 10.10.1.7:5031 (retry 0): Connection refused (os error 111)
[2026-04-19T03:27:00.376Z WARN  network::simple_sender] Failed to connect to 10.10.1.7:5031 (retry 0): Connection refused (os error 111)
[2026-04-19T03:27:00.378Z WARN  network::simple_sender] Failed to connect to 10.10.1.7:5031 (retry 0): Connection refused (os error 111)
[2026-04-19T03:27:00.380Z WARN  network::simple_sender] Failed to connect to 10.10.1.7:5031 (retry 0): Connection refused (os error 111)
[2026-04-19T03:27:00.382Z WARN  network::simple_sender] Failed to connect to 10.10.1.7:5031 (retry 0): Connection refused (os error 111)
[2026-04-19T03:27:00.385Z WARN  network::simple_sender] Failed to connect to 10.10.1.7:5031 (retry 0): Connection refused (os error 111)
[2026-04-19T03:27:00.387Z WARN  network::simple_sender] Failed to connect to 10.10.1.7:5031 (retry 0): Connection refused (os error 111)
[2026-04-19T03:27:00.387Z INFO  worker::batch_maker] Batch pKJlLkeYPBJo9hq+UHYGELq4HFYj1YlUN0epxH7l+hQ= contains sample tx 2512
[2026-04-19T03:27:00.387Z INFO  worker::batch_maker] Batch pKJlLkeYPBJo9hq+UHYGELq4HFYj1YlUN0epxH7l+hQ= contains 204800 B
[2026-04-19T03:27:00.389Z WARN  network::simple_sender] Failed to connect to 10.10.1.7:5031 (retry 0): Connection refused (os error 111)
[2026-04-19T03:27:00.391Z WARN  network::simple_sender] Failed to connect to 10.10.1.7:5031 (retry 0): Connection refused (os error 111)
[2026-04-19T03:27:00.418Z WARN  network::simple_sender] Failed to connect to 10.10.1.7:5031 (retry 0): Connection refused (os error 111)
[2026-04-19T03:27:00.424Z WARN  network::simple_sender] Failed to connect to 10.10.1.7:5031 (retry 0): Connection refused (os error 111)
[2026-04-19T03:27:00.426Z WARN  network::simple_sender] Failed to connect to 10.10.1.7:5031 (retry 0): Connection refused (os error 111)
[2026-04-19T03:27:00.429Z WARN  network::simple_sender] Failed to connect to 10.10.1.7:5031 (retry 0): Connection refused (os error 111)
[2026-04-19T03:27:00.432Z WARN  network::simple_sender] Failed to connect to 10.10.1.7:5031 (retry 0): Connection refused (os error 111)
[2026-04-19T03:27:00.433Z WARN  network::simple_sender] Failed to connect to 10.10.1.7:5031 (retry 0): Connection refused (os error 111)
[2026-04-19T03:27:00.435Z WARN  network::simple_sender] Failed to connect to 10.10.1.7:5031 (retry 0): Connection refused (os error 111)
[2026-04-19T03:27:00.439Z WARN  network::simple_sender] Failed to connect to 10.10.1.7:5031 (retry 0): Connection refused (os error 111)
[2026-04-19T03:27:00.440Z INFO  worker::batch_maker] Batch z4Vydd/dSNjr/o3387l5E6jUpRKuZ7fReufQUO4Hyk0= contains sample tx 2513
[2026-04-19T03:27:00.440Z INFO  worker::batch_maker] Batch z4Vydd/dSNjr/o3387l5E6jUpRKuZ7fReufQUO4Hyk0= contains 204800 B
[2026-04-19T03:27:00.443Z WARN  network::simple_sender] Failed to connect to 10.10.1.7:5031 (retry 0): Connection refused (os error 111)
[2026-04-19T03:27:00.444Z WARN  network::simple_sender] Failed to connect to 10.10.1.7:5031 (retry 0): Connection refused (os error 111)
[2026-04-19T03:27:00.469Z WARN  network::simple_sender] Failed to connect to 10.10.1.7:5031 (retry 0): Connection refused (os error 111)
[2026-04-19T03:27:00.478Z WARN  network::simple_sender] Failed to connect to 10.10.1.7:5031 (retry 0): Connection refused (os error 111)
[2026-04-19T03:27:00.480Z WARN  network::simple_sender] Failed to connect to 10.10.1.7:5031 (retry 0): Connection refused (os error 111)
[2026-04-19T03:27:00.482Z WARN  network::simple_sender] Failed to connect to 10.10.1.7:5031 (retry 0): Connection refused (os error 111)
[2026-04-19T03:27:00.485Z WARN  network::simple_sender] Failed to connect to 10.10.1.7:5031 (retry 0): Connection refused (os error 111)
[2026-04-19T03:27:00.487Z WARN  network::simple_sender] Failed to connect to 10.10.1.7:5031 (retry 0): Connection refused (os error 111)
[2026-04-19T03:27:00.489Z WARN  network::simple_sender] Failed to connect to 10.10.1.7:5031 (retry 0): Connection refused (os error 111)
[2026-04-19T03:27:00.492Z WARN  network::simple_sender] Failed to connect to 10.10.1.7:5031 (retry 0): Connection refused (os error 111)
[2026-04-19T03:27:00.493Z WARN  network::simple_sender] Failed to connect to 10.10.1.7:5031 (retry 0): Connection refused (os error 111)
[2026-04-19T03:27:00.494Z INFO  worker::batch_maker] Batch gd/R73e5Kv0sY5P41Ny0K0/q8boXiUn3HuifqJ6ZGEI= contains sample tx 2514
[2026-04-19T03:27:00.494Z INFO  worker::batch_maker] Batch gd/R73e5Kv0sY5P41Ny0K0/q8boXiUn3HuifqJ6ZGEI= contains 204800 B
[2026-04-19T03:27:00.498Z WARN  network::simple_sender] Failed to connect to 10.10.1.7:5031 (retry 0): Connection refused (os error 111)
[2026-04-19T03:27:00.523Z WARN  network::simple_sender] Failed to connect to 10.10.1.7:5031 (retry 0): Connection refused (os error 111)
[2026-04-19T03:27:00.530Z WARN  network::simple_sender] Failed to connect to 10.10.1.7:5031 (retry 0): Connection refused (os error 111)
[2026-04-19T03:27:00.530Z WARN  network::simple_sender] Failed to connect to 10.10.1.7:5031 (retry 0): Connection refused (os error 111)
[2026-04-19T03:27:00.534Z WARN  network::simple_sender] Failed to connect to 10.10.1.7:5031 (retry 0): Connection refused (os error 111)
[2026-04-19T03:27:00.537Z WARN  network::simple_sender] Failed to connect to 10.10.1.7:5031 (retry 0): Connection refused (os error 111)
[2026-04-19T03:27:00.540Z WARN  network::simple_sender] Failed to connect to 10.10.1.7:5031 (retry 0): Connection refused (os error 111)
[2026-04-19T03:27:00.542Z WARN  network::simple_sender] Failed to connect to 10.10.1.7:5031 (retry 0): Connection refused (os error 111)
[2026-04-19T03:27:00.543Z WARN  network::simple_sender] Failed to connect to 10.10.1.7:5031 (retry 0): Connection refused (os error 111)
[2026-04-19T03:27:00.546Z WARN  network::simple_sender] Failed to connect to 10.10.1.7:5031 (retry 0): Connection refused (os error 111)
[2026-04-19T03:27:00.548Z INFO  worker::batch_maker] Batch ymT4voag1UJA+3/0SWHW/8Rv3GRVnbD7wMsWPQsqW7A= contains sample tx 2515
[2026-04-19T03:27:00.548Z INFO  worker::batch_maker] Batch ymT4voag1UJA+3/0SWHW/8Rv3GRVnbD7wMsWPQsqW7A= contains 204800 B
[2026-04-19T03:27:00.550Z WARN  network::simple_sender] Failed to connect to 10.10.1.7:5031 (retry 0): Connection refused (os error 111)
[2026-04-19T03:27:00.576Z WARN  network::simple_sender] Failed to connect to 10.10.1.7:5031 (retry 0): Connection refused (os error 111)
[2026-04-19T03:27:00.582Z WARN  network::simple_sender] Failed to connect to 10.10.1.7:5031 (retry 0): Connection refused (os error 111)
[2026-04-19T03:27:00.583Z WARN  network::simple_sender] Failed to connect to 10.10.1.7:5031 (retry 0): Connection refused (os error 111)
[2026-04-19T03:27:00.585Z WARN  network::simple_sender] Failed to connect to 10.10.1.7:5031 (retry 0): Connection refused (os error 111)
[2026-04-19T03:27:00.587Z WARN  network::simple_sender] Failed to connect to 10.10.1.7:5031 (retry 0): Connection refused (os error 111)
[2026-04-19T03:27:00.590Z WARN  network::simple_sender] Failed to connect to 10.10.1.7:5031 (retry 0): Connection refused (os error 111)
[2026-04-19T03:27:00.592Z WARN  network::simple_sender] Failed to connect to 10.10.1.7:5031 (retry 0): Connection refused (os error 111)
[2026-04-19T03:27:00.594Z WARN  network::simple_sender] Failed to connect to 10.10.1.7:5031 (retry 0): Connection refused (os error 111)
[2026-04-19T03:27:00.595Z WARN  network::simple_sender] Failed to connect to 10.10.1.7:5031 (retry 0): Connection refused (os error 111)
[2026-04-19T03:27:00.600Z INFO  worker::batch_maker] Batch JR19syGarCWNEcpHmBvFoNH8NZjVASEbn8tOPIpT74M= contains sample tx 2516
[2026-04-19T03:27:00.600Z INFO  worker::batch_maker] Batch JR19syGarCWNEcpHmBvFoNH8NZjVASEbn8tOPIpT74M= contains 204800 B
[2026-04-19T03:27:00.604Z WARN  network::simple_sender] Failed to connect to 10.10.1.7:5031 (retry 0): Connection refused (os error 111)
[2026-04-19T03:27:00.630Z WARN  network::simple_sender] Failed to connect to 10.10.1.7:5031 (retry 0): Connection refused (os error 111)
[2026-04-19T03:27:00.637Z WARN  network::simple_sender] Failed to connect to 10.10.1.7:5031 (retry 0): Connection refused (os error 111)
[2026-04-19T03:27:00.639Z WARN  network::simple_sender] Failed to connect to 10.10.1.7:5031 (retry 0): Connection refused (os error 111)
[2026-04-19T03:27:00.640Z WARN  network::simple_sender] Failed to connect to 10.10.1.7:5031 (retry 0): Connection refused (os error 111)
[2026-04-19T03:27:00.643Z WARN  network::simple_sender] Failed to connect to 10.10.1.7:5031 (retry 0): Connection refused (os error 111)
[2026-04-19T03:27:00.646Z WARN  network::simple_sender] Failed to connect to 10.10.1.7:5031 (retry 0): Connection refused (os error 111)
[2026-04-19T03:27:00.647Z WARN  network::simple_sender] Failed to connect to 10.10.1.7:5031 (retry 0): Connection refused (os error 111)
[2026-04-19T03:27:00.649Z WARN  network::simple_sender] Failed to connect to 10.10.1.7:5031 (retry 0): Connection refused (os error 111)
[2026-04-19T03:27:00.651Z WARN  network::simple_sender] Failed to connect to 10.10.1.7:5031 (retry 0): Connection refused (os error 111)
[2026-04-19T03:27:00.654Z INFO  worker::batch_maker] Batch Gtsa7wgUw36jYevnrQsIeacZ27MI+CnKQZmg+tRe9+Y= contains sample tx 2517
[2026-04-19T03:27:00.654Z INFO  worker::batch_maker] Batch Gtsa7wgUw36jYevnrQsIeacZ27MI+CnKQZmg+tRe9+Y= contains 204800 B
[2026-04-19T03:27:00.658Z WARN  network::simple_sender] Failed to connect to 10.10.1.7:5031 (retry 0): Connection refused (os error 111)
[2026-04-19T03:27:00.685Z WARN  network::simple_sender] Failed to connect to 10.10.1.7:5031 (retry 0): Connection refused (os error 111)
[2026-04-19T03:27:00.691Z WARN  network::simple_sender] Failed to connect to 10.10.1.7:5031 (retry 0): Connection refused (os error 111)
[2026-04-19T03:27:00.693Z WARN  network::simple_sender] Failed to connect to 10.10.1.7:5031 (retry 0): Connection refused (os error 111)
[2026-04-19T03:27:00.694Z WARN  network::simple_sender] Failed to connect to 10.10.1.7:5031 (retry 0): Connection refused (os error 111)
[2026-04-19T03:27:00.697Z WARN  network::simple_sender] Failed to connect to 10.10.1.7:5031 (retry 0): Connection refused (os error 111)
[2026-04-19T03:27:00.698Z WARN  network::simple_sender] Failed to connect to 10.10.1.7:5031 (retry 0): Connection refused (os error 111)
[2026-04-19T03:27:00.700Z WARN  network::simple_sender] Failed to connect to 10.10.1.7:5031 (retry 0): Connection refused (os error 111)
[2026-04-19T03:27:00.702Z WARN  network::simple_sender] Failed to connect to 10.10.1.7:5031 (retry 0): Connection refused (os error 111)
[2026-04-19T03:27:00.704Z WARN  network::simple_sender] Failed to connect to 10.10.1.7:5031 (retry 0): Connection refused (os error 111)
[2026-04-19T03:27:00.707Z INFO  worker::batch_maker] Batch 7loC25zW/Gx2T0mhVO4Lln1/rYiIYcKMKgXAXIViCiQ= contains sample tx 2518
[2026-04-19T03:27:00.707Z INFO  worker::batch_maker] Batch 7loC25zW/Gx2T0mhVO4Lln1/rYiIYcKMKgXAXIViCiQ= contains 240640 B
[2026-04-19T03:27:00.710Z WARN  network::simple_sender] Failed to connect to 10.10.1.7:5031 (retry 0): Connection refused (os error 111)
[2026-04-19T03:27:00.737Z WARN  network::simple_sender] Failed to connect to 10.10.1.7:5031 (retry 0): Connection refused (os error 111)
[2026-04-19T03:27:00.743Z WARN  network::simple_sender] Failed to connect to 10.10.1.7:5031 (retry 0): Connection refused (os error 111)
[2026-04-19T03:27:00.743Z WARN  network::simple_sender] Failed to connect to 10.10.1.7:5031 (retry 0): Connection refused (os error 111)
[2026-04-19T03:27:00.746Z WARN  network::simple_sender] Failed to connect to 10.10.1.7:5031 (retry 0): Connection refused (os error 111)
[2026-04-19T03:27:00.748Z WARN  network::simple_sender] Failed to connect to 10.10.1.7:5031 (retry 0): Connection refused (os error 111)
[2026-04-19T03:27:00.751Z WARN  network::simple_sender] Failed to connect to 10.10.1.7:5031 (retry 0): Connection refused (os error 111)
[2026-04-19T03:27:00.753Z WARN  network::simple_sender] Failed to connect to 10.10.1.7:5031 (retry 0): Connection refused (os error 111)
[2026-04-19T03:27:00.754Z WARN  network::simple_sender] Failed to connect to 10.10.1.7:5031 (retry 0): Connection refused (os error 111)
[2026-04-19T03:27:00.756Z WARN  network::simple_sender] Failed to connect to 10.10.1.7:5031 (retry 0): Connection refused (os error 111)
[2026-04-19T03:27:00.759Z INFO  worker::batch_maker] Batch 8+Nfwvqt4czXgVxUGsYXahsBRp1gb6JPT2SkPx8X6cw= contains sample tx 2519
[2026-04-19T03:27:00.759Z INFO  worker::batch_maker] Batch 8+Nfwvqt4czXgVxUGsYXahsBRp1gb6JPT2SkPx8X6cw= contains sample tx 2520
[2026-04-19T03:27:00.759Z INFO  worker::batch_maker] Batch 8+Nfwvqt4czXgVxUGsYXahsBRp1gb6JPT2SkPx8X6cw= contains 368128 B
[2026-04-19T03:27:00.766Z WARN  network::simple_sender] Failed to connect to 10.10.1.7:5031 (retry 0): Connection refused (os error 111)
[2026-04-19T03:27:00.792Z WARN  network::simple_sender] Failed to connect to 10.10.1.7:5031 (retry 0): Connection refused (os error 111)
[2026-04-19T03:27:00.796Z WARN  network::simple_sender] Failed to connect to 10.10.1.7:5031 (retry 0): Connection refused (os error 111)
[2026-04-19T03:27:00.798Z WARN  network::simple_sender] Failed to connect to 10.10.1.7:5031 (retry 0): Connection refused (os error 111)
[2026-04-19T03:27:00.800Z WARN  network::simple_sender] Failed to connect to 10.10.1.7:5031 (retry 0): Connection refused (os error 111)
[2026-04-19T03:27:00.801Z WARN  network::simple_sender] Failed to connect to 10.10.1.7:5031 (retry 0): Connection refused (os error 111)
[2026-04-19T03:27:00.803Z WARN  network::simple_sender] Failed to connect to 10.10.1.7:5031 (retry 0): Connection refused (os error 111)
[2026-04-19T03:27:00.805Z WARN  network::simple_sender] Failed to connect to 10.10.1.7:5031 (retry 0): Connection refused (os error 111)
[2026-04-19T03:27:00.807Z WARN  network::simple_sender] Failed to connect to 10.10.1.7:5031 (retry 0): Connection refused (os error 111)
[2026-04-19T03:27:00.809Z WARN  network::simple_sender] Failed to connect to 10.10.1.7:5031 (retry 0): Connection refused (os error 111)
[2026-04-19T03:27:00.811Z INFO  worker::batch_maker] Batch 9FqyVI3ba3LHVQqBb/6+9K4llLgC4QFBR4ZwT/9/7ZE= contains sample tx 2521
[2026-04-19T03:27:00.811Z INFO  worker::batch_maker] Batch 9FqyVI3ba3LHVQqBb/6+9K4llLgC4QFBR4ZwT/9/7ZE= contains 153600 B
[2026-04-19T03:27:00.814Z WARN  network::simple_sender] Failed to connect to 10.10.1.7:5031 (retry 0): Connection refused (os error 111)
[2026-04-19T03:27:00.847Z WARN  network::simple_sender] Failed to connect to 10.10.1.7:5031 (retry 0): Connection refused (os error 111)
[2026-04-19T03:27:00.849Z WARN  network::simple_sender] Failed to connect to 10.10.1.7:5031 (retry 0): Connection refused (os error 111)
[2026-04-19T03:27:00.851Z WARN  network::simple_sender] Failed to connect to 10.10.1.7:5031 (retry 0): Connection refused (os error 111)
[2026-04-19T03:27:00.853Z WARN  network::simple_sender] Failed to connect to 10.10.1.7:5031 (retry 0): Connection refused (os error 111)
[2026-04-19T03:27:00.856Z WARN  network::simple_sender] Failed to connect to 10.10.1.7:5031 (retry 0): Connection refused (os error 111)
[2026-04-19T03:27:00.858Z WARN  network::simple_sender] Failed to connect to 10.10.1.7:5031 (retry 0): Connection refused (os error 111)
[2026-04-19T03:27:00.860Z WARN  network::simple_sender] Failed to connect to 10.10.1.7:5031 (retry 0): Connection refused (os error 111)
[2026-04-19T03:27:00.862Z WARN  network::simple_sender] Failed to connect to 10.10.1.7:5031 (retry 0): Connection refused (os error 111)
[2026-04-19T03:27:00.864Z WARN  network::simple_sender] Failed to connect to 10.10.1.7:5031 (retry 0): Connection refused (os error 111)
[2026-04-19T03:27:00.867Z INFO  worker::batch_maker] Batch qw1DKXFAuLu+jIZgyz6wbsxJfcl2ozheCT5jRz0o20w= contains sample tx 2522
[2026-04-19T03:27:00.867Z INFO  worker::batch_maker] Batch qw1DKXFAuLu+jIZgyz6wbsxJfcl2ozheCT5jRz0o20w= contains 261632 B
[2026-04-19T03:27:00.872Z WARN  network::simple_sender] Failed to connect to 10.10.1.7:5031 (retry 0): Connection refused (os error 111)
[2026-04-19T03:27:00.900Z WARN  network::simple_sender] Failed to connect to 10.10.1.7:5031 (retry 0): Connection refused (os error 111)
[2026-04-19T03:27:00.903Z WARN  network::simple_sender] Failed to connect to 10.10.1.7:5031 (retry 0): Connection refused (os error 111)
[2026-04-19T03:27:00.906Z WARN  network::simple_sender] Failed to connect to 10.10.1.7:5031 (retry 0): Connection refused (os error 111)
[2026-04-19T03:27:00.909Z WARN  network::simple_sender] Failed to connect to 10.10.1.7:5031 (retry 0): Connection refused (os error 111)
[2026-04-19T03:27:00.911Z WARN  network::simple_sender] Failed to connect to 10.10.1.7:5031 (retry 0): Connection refused (os error 111)
[2026-04-19T03:27:00.912Z WARN  network::simple_sender] Failed to connect to 10.10.1.7:5031 (retry 0): Connection refused (os error 111)
[2026-04-19T03:27:00.914Z WARN  network::simple_sender] Failed to connect to 10.10.1.7:5031 (retry 0): Connection refused (os error 111)
[2026-04-19T03:27:00.916Z WARN  network::simple_sender] Failed to connect to 10.10.1.7:5031 (retry 0): Connection refused (os error 111)
[2026-04-19T03:27:00.918Z WARN  network::simple_sender] Failed to connect to 10.10.1.7:5031 (retry 0): Connection refused (os error 111)
[2026-04-19T03:27:00.921Z INFO  worker::batch_maker] Batch JUfy+79Rh6bGr2Uen6CQtEb2cAUeOFKX2RCb06SPSZk= contains sample tx 2523
[2026-04-19T03:27:00.921Z INFO  worker::batch_maker] Batch JUfy+79Rh6bGr2Uen6CQtEb2cAUeOFKX2RCb06SPSZk= contains 204800 B
[2026-04-19T03:27:00.925Z WARN  network::simple_sender] Failed to connect to 10.10.1.7:5031 (retry 0): Connection refused (os error 111)
[2026-04-19T03:27:00.956Z WARN  network::simple_sender] Failed to connect to 10.10.1.7:5031 (retry 0): Connection refused (os error 111)
[2026-04-19T03:27:00.958Z WARN  network::simple_sender] Failed to connect to 10.10.1.7:5031 (retry 0): Connection refused (os error 111)
[2026-04-19T03:27:00.960Z WARN  network::simple_sender] Failed to connect to 10.10.1.7:5031 (retry 0): Connection refused (os error 111)
[2026-04-19T03:27:00.963Z WARN  network::simple_sender] Failed to connect to 10.10.1.7:5031 (retry 0): Connection refused (os error 111)
[2026-04-19T03:27:00.967Z WARN  network::simple_sender] Failed to connect to 10.10.1.7:5031 (retry 0): Connection refused (os error 111)
[2026-04-19T03:27:00.970Z WARN  network::simple_sender] Failed to connect to 10.10.1.7:5031 (retry 0): Connection refused (os error 111)
[2026-04-19T03:27:00.973Z WARN  network::simple_sender] Failed to connect to 10.10.1.7:5031 (retry 0): Connection refused (os error 111)
[2026-04-19T03:27:00.976Z INFO  worker::batch_maker] Batch v9/2r8eWVeuJNy5chY/b2pOGOySlEJ3l6YcdTz9qY00= contains sample tx 2524
[2026-04-19T03:27:00.976Z INFO  worker::batch_maker] Batch v9/2r8eWVeuJNy5chY/b2pOGOySlEJ3l6YcdTz9qY00= contains 204800 B
[2026-04-19T03:27:00.977Z WARN  network::simple_sender] Failed to connect to 10.10.1.7:5031 (retry 0): Connection refused (os error 111)
[2026-04-19T03:27:00.979Z WARN  network::simple_sender] Failed to connect to 10.10.1.7:5031 (retry 0): Connection refused (os error 111)
[2026-04-19T03:27:00.983Z WARN  network::simple_sender] Failed to connect to 10.10.1.7:5031 (retry 0): Connection refused (os error 111)
[2026-04-19T03:27:01.012Z WARN  network::simple_sender] Failed to connect to 10.10.1.7:5031 (retry 0): Connection refused (os error 111)
[2026-04-19T03:27:01.017Z WARN  network::simple_sender] Failed to connect to 10.10.1.7:5031 (retry 0): Connection refused (os error 111)
[2026-04-19T03:27:01.020Z WARN  network::simple_sender] Failed to connect to 10.10.1.7:5031 (retry 0): Connection refused (os error 111)
[2026-04-19T03:27:01.025Z WARN  network::simple_sender] Failed to connect to 10.10.1.7:5031 (retry 0): Connection refused (os error 111)
[2026-04-19T03:27:01.028Z WARN  network::simple_sender] Failed to connect to 10.10.1.7:5031 (retry 0): Connection refused (os error 111)
[2026-04-19T03:27:01.029Z INFO  worker::batch_maker] Batch dblBYwsT1PrCsowYCLmzm/X2Eaam+9Vn4TXiowjVtsQ= contains sample tx 2525
[2026-04-19T03:27:01.029Z INFO  worker::batch_maker] Batch dblBYwsT1PrCsowYCLmzm/X2Eaam+9Vn4TXiowjVtsQ= contains 204800 B
[2026-04-19T03:27:01.031Z WARN  network::simple_sender] Failed to connect to 10.10.1.7:5031 (retry 0): Connection refused (os error 111)
[2026-04-19T03:27:01.033Z WARN  network::simple_sender] Failed to connect to 10.10.1.7:5031 (retry 0): Connection refused (os error 111)
[2026-04-19T03:27:01.034Z WARN  network::simple_sender] Failed to connect to 10.10.1.7:5031 (retry 0): Connection refused (os error 111)
[2026-04-19T03:27:01.039Z WARN  network::simple_sender] Failed to connect to 10.10.1.7:5031 (retry 0): Connection refused (os error 111)
[2026-04-19T03:27:01.042Z WARN  network::simple_sender] Failed to connect to 10.10.1.7:5031 (retry 0): Connection refused (os error 111)
[2026-04-19T03:27:01.065Z WARN  network::simple_sender] Failed to connect to 10.10.1.7:5031 (retry 0): Connection refused (os error 111)
[2026-04-19T03:27:01.067Z WARN  network::simple_sender] Failed to connect to 10.10.1.7:5031 (retry 0): Connection refused (os error 111)
[2026-04-19T03:27:01.070Z WARN  network::simple_sender] Failed to connect to 10.10.1.7:5031 (retry 0): Connection refused (os error 111)
[2026-04-19T03:27:01.072Z WARN  network::simple_sender] Failed to connect to 10.10.1.7:5031 (retry 0): Connection refused (os error 111)
[2026-04-19T03:27:01.074Z WARN  network::simple_sender] Failed to connect to 10.10.1.7:5031 (retry 0): Connection refused (os error 111)
[2026-04-19T03:27:01.076Z WARN  network::simple_sender] Failed to connect to 10.10.1.7:5031 (retry 0): Connection refused (os error 111)
[2026-04-19T03:27:01.077Z WARN  network::simple_sender] Failed to connect to 10.10.1.7:5031 (retry 0): Connection refused (os error 111)
[2026-04-19T03:27:01.080Z WARN  network::simple_sender] Failed to connect to 10.10.1.7:5031 (retry 0): Connection refused (os error 111)
[2026-04-19T03:27:01.081Z WARN  network::simple_sender] Failed to connect to 10.10.1.7:5031 (retry 0): Connection refused (os error 111)
[2026-04-19T03:27:01.083Z INFO  worker::batch_maker] Batch peEd8KqrjOhdDXpig8hexYMz5k74+YdBWr7LPwtLCdw= contains sample tx 2526
[2026-04-19T03:27:01.083Z INFO  worker::batch_maker] Batch peEd8KqrjOhdDXpig8hexYMz5k74+YdBWr7LPwtLCdw= contains 204800 B
[2026-04-19T03:27:01.087Z WARN  network::simple_sender] Failed to connect to 10.10.1.7:5031 (retry 0): Connection refused (os error 111)
[2026-04-19T03:27:01.118Z WARN  network::simple_sender] Failed to connect to 10.10.1.7:5031 (retry 0): Connection refused (os error 111)
[2026-04-19T03:27:01.122Z WARN  network::simple_sender] Failed to connect to 10.10.1.7:5031 (retry 0): Connection refused (os error 111)
[2026-04-19T03:27:01.124Z WARN  network::simple_sender] Failed to connect to 10.10.1.7:5031 (retry 0): Connection refused (os error 111)
[2026-04-19T03:27:01.126Z WARN  network::simple_sender] Failed to connect to 10.10.1.7:5031 (retry 0): Connection refused (os error 111)
[2026-04-19T03:27:01.127Z WARN  network::simple_sender] Failed to connect to 10.10.1.7:5031 (retry 0): Connection refused (os error 111)
[2026-04-19T03:27:01.129Z WARN  network::simple_sender] Failed to connect to 10.10.1.7:5031 (retry 0): Connection refused (os error 111)
[2026-04-19T03:27:01.131Z WARN  network::simple_sender] Failed to connect to 10.10.1.7:5031 (retry 0): Connection refused (os error 111)
[2026-04-19T03:27:01.132Z WARN  network::simple_sender] Failed to connect to 10.10.1.7:5031 (retry 0): Connection refused (os error 111)
[2026-04-19T03:27:01.135Z WARN  network::simple_sender] Failed to connect to 10.10.1.7:5031 (retry 0): Connection refused (os error 111)
[2026-04-19T03:27:01.136Z INFO  worker::batch_maker] Batch EAAUR+FUDu3Ay2qJpV6eZpZBXhBW3iHeeHlQ91dL8I8= contains sample tx 2527
[2026-04-19T03:27:01.136Z INFO  worker::batch_maker] Batch EAAUR+FUDu3Ay2qJpV6eZpZBXhBW3iHeeHlQ91dL8I8= contains 204800 B
[2026-04-19T03:27:01.139Z WARN  network::simple_sender] Failed to connect to 10.10.1.7:5031 (retry 0): Connection refused (os error 111)
[2026-04-19T03:27:01.170Z WARN  network::simple_sender] Failed to connect to 10.10.1.7:5031 (retry 0): Connection refused (os error 111)
[2026-04-19T03:27:01.172Z WARN  network::simple_sender] Failed to connect to 10.10.1.7:5031 (retry 0): Connection refused (os error 111)
[2026-04-19T03:27:01.174Z WARN  network::simple_sender] Failed to connect to 10.10.1.7:5031 (retry 0): Connection refused (os error 111)
[2026-04-19T03:27:01.175Z WARN  network::simple_sender] Failed to connect to 10.10.1.7:5031 (retry 0): Connection refused (os error 111)
[2026-04-19T03:27:01.177Z WARN  network::simple_sender] Failed to connect to 10.10.1.7:5031 (retry 0): Connection refused (os error 111)
[2026-04-19T03:27:01.179Z WARN  network::simple_sender] Failed to connect to 10.10.1.7:5031 (retry 0): Connection refused (os error 111)
[2026-04-19T03:27:01.181Z WARN  network::simple_sender] Failed to connect to 10.10.1.7:5031 (retry 0): Connection refused (os error 111)
[2026-04-19T03:27:01.182Z WARN  network::simple_sender] Failed to connect to 10.10.1.7:5031 (retry 0): Connection refused (os error 111)
[2026-04-19T03:27:01.188Z WARN  network::simple_sender] Failed to connect to 10.10.1.7:5031 (retry 0): Connection refused (os error 111)
[2026-04-19T03:27:01.188Z INFO  worker::batch_maker] Batch ttMn+VlWPvkrPg02qCWxajEjebMUM+vOLtBBpmQ/2rM= contains sample tx 2528
[2026-04-19T03:27:01.188Z INFO  worker::batch_maker] Batch ttMn+VlWPvkrPg02qCWxajEjebMUM+vOLtBBpmQ/2rM= contains 204800 B
[2026-04-19T03:27:01.192Z WARN  network::simple_sender] Failed to connect to 10.10.1.7:5031 (retry 0): Connection refused (os error 111)
[2026-04-19T03:27:01.223Z WARN  network::simple_sender] Failed to connect to 10.10.1.7:5031 (retry 0): Connection refused (os error 111)
[2026-04-19T03:27:01.226Z WARN  network::simple_sender] Failed to connect to 10.10.1.7:5031 (retry 0): Connection refused (os error 111)
[2026-04-19T03:27:01.227Z WARN  network::simple_sender] Failed to connect to 10.10.1.7:5031 (retry 0): Connection refused (os error 111)
[2026-04-19T03:27:01.229Z WARN  network::simple_sender] Failed to connect to 10.10.1.7:5031 (retry 0): Connection refused (os error 111)
[2026-04-19T03:27:01.231Z WARN  network::simple_sender] Failed to connect to 10.10.1.7:5031 (retry 0): Connection refused (os error 111)
[2026-04-19T03:27:01.233Z WARN  network::simple_sender] Failed to connect to 10.10.1.7:5031 (retry 0): Connection refused (os error 111)
[2026-04-19T03:27:01.236Z WARN  network::simple_sender] Failed to connect to 10.10.1.7:5031 (retry 0): Connection refused (os error 111)
[2026-04-19T03:27:01.237Z WARN  network::simple_sender] Failed to connect to 10.10.1.7:5031 (retry 0): Connection refused (os error 111)
[2026-04-19T03:27:01.241Z WARN  network::simple_sender] Failed to connect to 10.10.1.7:5031 (retry 0): Connection refused (os error 111)
[2026-04-19T03:27:01.243Z INFO  worker::batch_maker] Batch nNY40HIe3FmLDs+YKKukYEw8u15hNquC7tRFBL5xWwM= contains sample tx 2529
[2026-04-19T03:27:01.243Z INFO  worker::batch_maker] Batch nNY40HIe3FmLDs+YKKukYEw8u15hNquC7tRFBL5xWwM= contains 204800 B
[2026-04-19T03:27:01.245Z WARN  network::simple_sender] Failed to connect to 10.10.1.7:5031 (retry 0): Connection refused (os error 111)
[2026-04-19T03:27:01.273Z WARN  network::simple_sender] Failed to connect to 10.10.1.7:5031 (retry 0): Connection refused (os error 111)
[2026-04-19T03:27:01.276Z WARN  network::simple_sender] Failed to connect to 10.10.1.7:5031 (retry 0): Connection refused (os error 111)
[2026-04-19T03:27:01.279Z WARN  network::simple_sender] Failed to connect to 10.10.1.7:5031 (retry 0): Connection refused (os error 111)
[2026-04-19T03:27:01.281Z WARN  network::simple_sender] Failed to connect to 10.10.1.7:5031 (retry 0): Connection refused (os error 111)
[2026-04-19T03:27:01.282Z WARN  network::simple_sender] Failed to connect to 10.10.1.7:5031 (retry 0): Connection refused (os error 111)
[2026-04-19T03:27:01.288Z WARN  network::simple_sender] Failed to connect to 10.10.1.7:5031 (retry 0): Connection refused (os error 111)
[2026-04-19T03:27:01.290Z WARN  network::simple_sender] Failed to connect to 10.10.1.7:5031 (retry 0): Connection refused (os error 111)
[2026-04-19T03:27:01.291Z WARN  network::simple_sender] Failed to connect to 10.10.1.7:5031 (retry 0): Connection refused (os error 111)
[2026-04-19T03:27:01.294Z WARN  network::simple_sender] Failed to connect to 10.10.1.7:5031 (retry 0): Connection refused (os error 111)
[2026-04-19T03:27:01.296Z INFO  worker::batch_maker] Batch mET1D/tP8YMINskPH2dQ849NjT6+Hg5/feRxTPO9iTI= contains sample tx 2530
[2026-04-19T03:27:01.296Z INFO  worker::batch_maker] Batch mET1D/tP8YMINskPH2dQ849NjT6+Hg5/feRxTPO9iTI= contains 204800 B
[2026-04-19T03:27:01.300Z WARN  network::simple_sender] Failed to connect to 10.10.1.7:5031 (retry 0): Connection refused (os error 111)
[2026-04-19T03:27:01.327Z WARN  network::simple_sender] Failed to connect to 10.10.1.7:5031 (retry 0): Connection refused (os error 111)
[2026-04-19T03:27:01.333Z WARN  network::simple_sender] Failed to connect to 10.10.1.7:5031 (retry 0): Connection refused (os error 111)
[2026-04-19T03:27:01.334Z WARN  network::simple_sender] Failed to connect to 10.10.1.7:5031 (retry 0): Connection refused (os error 111)
[2026-04-19T03:27:01.336Z WARN  network::simple_sender] Failed to connect to 10.10.1.7:5031 (retry 0): Connection refused (os error 111)
[2026-04-19T03:27:01.338Z WARN  network::simple_sender] Failed to connect to 10.10.1.7:5031 (retry 0): Connection refused (os error 111)
[2026-04-19T03:27:01.341Z WARN  network::simple_sender] Failed to connect to 10.10.1.7:5031 (retry 0): Connection refused (os error 111)
[2026-04-19T03:27:01.343Z WARN  network::simple_sender] Failed to connect to 10.10.1.7:5031 (retry 0): Connection refused (os error 111)
[2026-04-19T03:27:01.345Z WARN  network::simple_sender] Failed to connect to 10.10.1.7:5031 (retry 0): Connection refused (os error 111)
[2026-04-19T03:27:01.348Z WARN  network::simple_sender] Failed to connect to 10.10.1.7:5031 (retry 0): Connection refused (os error 111)
[2026-04-19T03:27:01.349Z INFO  worker::batch_maker] Batch aAxVqn8W671J2CvsH7FLs2HFIJK5XVEfhH8hHcWA5Mk= contains sample tx 2531
[2026-04-19T03:27:01.349Z INFO  worker::batch_maker] Batch aAxVqn8W671J2CvsH7FLs2HFIJK5XVEfhH8hHcWA5Mk= contains 204800 B
[2026-04-19T03:27:01.353Z WARN  network::simple_sender] Failed to connect to 10.10.1.7:5031 (retry 0): Connection refused (os error 111)
[2026-04-19T03:27:01.380Z WARN  network::simple_sender] Failed to connect to 10.10.1.7:5031 (retry 0): Connection refused (os error 111)
[2026-04-19T03:27:01.386Z WARN  network::simple_sender] Failed to connect to 10.10.1.7:5031 (retry 0): Connection refused (os error 111)
[2026-04-19T03:27:01.387Z WARN  network::simple_sender] Failed to connect to 10.10.1.7:5031 (retry 0): Connection refused (os error 111)
[2026-04-19T03:27:01.389Z WARN  network::simple_sender] Failed to connect to 10.10.1.7:5031 (retry 0): Connection refused (os error 111)
[2026-04-19T03:27:01.390Z WARN  network::simple_sender] Failed to connect to 10.10.1.7:5031 (retry 0): Connection refused (os error 111)
[2026-04-19T03:27:01.394Z WARN  network::simple_sender] Failed to connect to 10.10.1.7:5031 (retry 0): Connection refused (os error 111)
[2026-04-19T03:27:01.396Z WARN  network::simple_sender] Failed to connect to 10.10.1.7:5031 (retry 0): Connection refused (os error 111)
[2026-04-19T03:27:01.398Z WARN  network::simple_sender] Failed to connect to 10.10.1.7:5031 (retry 0): Connection refused (os error 111)
[2026-04-19T03:27:01.400Z WARN  network::simple_sender] Failed to connect to 10.10.1.7:5031 (retry 0): Connection refused (os error 111)
[2026-04-19T03:27:01.402Z INFO  worker::batch_maker] Batch VZKmEgMlta8RqQsZN2rLfImMd5b8GqzHcUhhWMj4/X0= contains sample tx 2532
[2026-04-19T03:27:01.402Z INFO  worker::batch_maker] Batch VZKmEgMlta8RqQsZN2rLfImMd5b8GqzHcUhhWMj4/X0= contains 204800 B
[2026-04-19T03:27:01.406Z WARN  network::simple_sender] Failed to connect to 10.10.1.7:5031 (retry 0): Connection refused (os error 111)
[2026-04-19T03:27:01.432Z WARN  network::simple_sender] Failed to connect to 10.10.1.7:5031 (retry 0): Connection refused (os error 111)
[2026-04-19T03:27:01.439Z WARN  network::simple_sender] Failed to connect to 10.10.1.7:5031 (retry 0): Connection refused (os error 111)
[2026-04-19T03:27:01.440Z WARN  network::simple_sender] Failed to connect to 10.10.1.7:5031 (retry 0): Connection refused (os error 111)
[2026-04-19T03:27:01.441Z WARN  network::simple_sender] Failed to connect to 10.10.1.7:5031 (retry 0): Connection refused (os error 111)
[2026-04-19T03:27:01.442Z WARN  network::simple_sender] Failed to connect to 10.10.1.7:5031 (retry 0): Connection refused (os error 111)
[2026-04-19T03:27:01.448Z WARN  network::simple_sender] Failed to connect to 10.10.1.7:5031 (retry 0): Connection refused (os error 111)
[2026-04-19T03:27:01.449Z WARN  network::simple_sender] Failed to connect to 10.10.1.7:5031 (retry 0): Connection refused (os error 111)
[2026-04-19T03:27:01.453Z WARN  network::simple_sender] Failed to connect to 10.10.1.7:5031 (retry 0): Connection refused (os error 111)
[2026-04-19T03:27:01.454Z INFO  worker::batch_maker] Batch JOr7781MT4n5UjuqEubMukndWCPqZSPHwtTQ44LXc0g= contains sample tx 2533
[2026-04-19T03:27:01.454Z INFO  worker::batch_maker] Batch JOr7781MT4n5UjuqEubMukndWCPqZSPHwtTQ44LXc0g= contains 204800 B
[2026-04-19T03:27:01.457Z WARN  network::simple_sender] Failed to connect to 10.10.1.7:5031 (retry 0): Connection refused (os error 111)
[2026-04-19T03:27:01.472Z WARN  network::simple_sender] Failed to connect to 10.10.1.7:5031 (retry 0): Connection refused (os error 111)
[2026-04-19T03:27:01.485Z WARN  network::simple_sender] Failed to connect to 10.10.1.7:5031 (retry 0): Connection refused (os error 111)
[2026-04-19T03:27:01.492Z WARN  network::simple_sender] Failed to connect to 10.10.1.7:5031 (retry 0): Connection refused (os error 111)
[2026-04-19T03:27:01.494Z WARN  network::simple_sender] Failed to connect to 10.10.1.7:5031 (retry 0): Connection refused (os error 111)
[2026-04-19T03:27:01.495Z WARN  network::simple_sender] Failed to connect to 10.10.1.7:5031 (retry 0): Connection refused (os error 111)
[2026-04-19T03:27:01.496Z WARN  network::simple_sender] Failed to connect to 10.10.1.7:5031 (retry 0): Connection refused (os error 111)
[2026-04-19T03:27:01.503Z WARN  network::simple_sender] Failed to connect to 10.10.1.7:5031 (retry 0): Connection refused (os error 111)
[2026-04-19T03:27:01.505Z INFO  worker::batch_maker] Batch z7/f0aLwtB9py+RrftT03xfYJXbTGTb1adeXhduXmAY= contains sample tx 2534
[2026-04-19T03:27:01.505Z INFO  worker::batch_maker] Batch z7/f0aLwtB9py+RrftT03xfYJXbTGTb1adeXhduXmAY= contains 204800 B
[2026-04-19T03:27:01.506Z WARN  network::simple_sender] Failed to connect to 10.10.1.7:5031 (retry 0): Connection refused (os error 111)
[2026-04-19T03:27:01.509Z WARN  network::simple_sender] Failed to connect to 10.10.1.7:5031 (retry 0): Connection refused (os error 111)
[2026-04-19T03:27:01.513Z WARN  network::simple_sender] Failed to connect to 10.10.1.7:5031 (retry 0): Connection refused (os error 111)
[2026-04-19T03:27:01.535Z WARN  network::simple_sender] Failed to connect to 10.10.1.7:5031 (retry 0): Connection refused (os error 111)
[2026-04-19T03:27:01.539Z WARN  network::simple_sender] Failed to connect to 10.10.1.7:5031 (retry 0): Connection refused (os error 111)
[2026-04-19T03:27:01.544Z WARN  network::simple_sender] Failed to connect to 10.10.1.7:5031 (retry 0): Connection refused (os error 111)
[2026-04-19T03:27:01.545Z WARN  network::simple_sender] Failed to connect to 10.10.1.7:5031 (retry 0): Connection refused (os error 111)
[2026-04-19T03:27:01.546Z WARN  network::simple_sender] Failed to connect to 10.10.1.7:5031 (retry 0): Connection refused (os error 111)
[2026-04-19T03:27:01.547Z WARN  network::simple_sender] Failed to connect to 10.10.1.7:5031 (retry 0): Connection refused (os error 111)
[2026-04-19T03:27:01.559Z WARN  network::simple_sender] Failed to connect to 10.10.1.7:5031 (retry 0): Connection refused (os error 111)
[2026-04-19T03:27:01.560Z INFO  worker::batch_maker] Batch S9o0+iWAFuO3QSjH+1kIwZZREjNB8hR7kRXf3VCKBOA= contains sample tx 2535
[2026-04-19T03:27:01.560Z INFO  worker::batch_maker] Batch S9o0+iWAFuO3QSjH+1kIwZZREjNB8hR7kRXf3VCKBOA= contains sample tx 2536
[2026-04-19T03:27:01.560Z INFO  worker::batch_maker] Batch S9o0+iWAFuO3QSjH+1kIwZZREjNB8hR7kRXf3VCKBOA= contains 409600 B
[2026-04-19T03:27:01.565Z WARN  network::simple_sender] Failed to connect to 10.10.1.7:5031 (retry 0): Connection refused (os error 111)
[2026-04-19T03:27:01.566Z WARN  network::simple_sender] Failed to connect to 10.10.1.7:5031 (retry 0): Connection refused (os error 111)
[2026-04-19T03:27:01.569Z WARN  network::simple_sender] Failed to connect to 10.10.1.7:5031 (retry 0): Connection refused (os error 111)
[2026-04-19T03:27:01.585Z WARN  network::simple_sender] Failed to connect to 10.10.1.7:5031 (retry 0): Connection refused (os error 111)
[2026-04-19T03:27:01.592Z WARN  network::simple_sender] Failed to connect to 10.10.1.7:5031 (retry 0): Connection refused (os error 111)
[2026-04-19T03:27:01.598Z WARN  network::simple_sender] Failed to connect to 10.10.1.7:5031 (retry 0): Connection refused (os error 111)
[2026-04-19T03:27:01.600Z WARN  network::simple_sender] Failed to connect to 10.10.1.7:5031 (retry 0): Connection refused (os error 111)
[2026-04-19T03:27:01.602Z WARN  network::simple_sender] Failed to connect to 10.10.1.7:5031 (retry 0): Connection refused (os error 111)
[2026-04-19T03:27:01.603Z WARN  network::simple_sender] Failed to connect to 10.10.1.7:5031 (retry 0): Connection refused (os error 111)
[2026-04-19T03:27:01.611Z WARN  network::simple_sender] Failed to connect to 10.10.1.7:5031 (retry 0): Connection refused (os error 111)
[2026-04-19T03:27:01.611Z INFO  worker::batch_maker] Batch 3XGM04wnJFBb7+Qbsf2Ya2L4SQLzjNqTI66iGU2IQ5s= contains sample tx 2537
[2026-04-19T03:27:01.611Z INFO  worker::batch_maker] Batch 3XGM04wnJFBb7+Qbsf2Ya2L4SQLzjNqTI66iGU2IQ5s= contains 204800 B
[2026-04-19T03:27:01.614Z WARN  network::simple_sender] Failed to connect to 10.10.1.7:5031 (retry 0): Connection refused (os error 111)
[2026-04-19T03:27:01.621Z WARN  network::simple_sender] Failed to connect to 10.10.1.7:5031 (retry 0): Connection refused (os error 111)
[2026-04-19T03:27:01.627Z WARN  network::simple_sender] Failed to connect to 10.10.1.7:5031 (retry 0): Connection refused (os error 111)
[2026-04-19T03:27:01.636Z WARN  network::simple_sender] Failed to connect to 10.10.1.7:5031 (retry 0): Connection refused (os error 111)
[2026-04-19T03:27:01.646Z WARN  network::simple_sender] Failed to connect to 10.10.1.7:5031 (retry 0): Connection refused (os error 111)
[2026-04-19T03:27:01.652Z WARN  network::simple_sender] Failed to connect to 10.10.1.7:5031 (retry 0): Connection refused (os error 111)
[2026-04-19T03:27:01.654Z WARN  network::simple_sender] Failed to connect to 10.10.1.7:5031 (retry 0): Connection refused (os error 111)
[2026-04-19T03:27:01.656Z WARN  network::simple_sender] Failed to connect to 10.10.1.7:5031 (retry 0): Connection refused (os error 111)
[2026-04-19T03:27:01.661Z WARN  network::simple_sender] Failed to connect to 10.10.1.7:5031 (retry 0): Connection refused (os error 111)
[2026-04-19T03:27:01.665Z INFO  worker::batch_maker] Batch ia75tXEKijnVKg92BqT/YE+VjZ9uhKR4ROLANiADwZc= contains sample tx 2538
[2026-04-19T03:27:01.665Z INFO  worker::batch_maker] Batch ia75tXEKijnVKg92BqT/YE+VjZ9uhKR4ROLANiADwZc= contains 204800 B
[2026-04-19T03:27:01.668Z WARN  network::simple_sender] Failed to connect to 10.10.1.7:5031 (retry 0): Connection refused (os error 111)
[2026-04-19T03:27:01.672Z WARN  network::simple_sender] Failed to connect to 10.10.1.7:5031 (retry 0): Connection refused (os error 111)
[2026-04-19T03:27:01.679Z WARN  network::simple_sender] Failed to connect to 10.10.1.7:5031 (retry 0): Connection refused (os error 111)
[2026-04-19T03:27:01.690Z WARN  network::simple_sender] Failed to connect to 10.10.1.7:5031 (retry 0): Connection refused (os error 111)
[2026-04-19T03:27:01.700Z WARN  network::simple_sender] Failed to connect to 10.10.1.7:5031 (retry 0): Connection refused (os error 111)
[2026-04-19T03:27:01.703Z WARN  network::simple_sender] Failed to connect to 10.10.1.7:5031 (retry 0): Connection refused (os error 111)
[2026-04-19T03:27:01.710Z WARN  network::simple_sender] Failed to connect to 10.10.1.7:5031 (retry 0): Connection refused (os error 111)
[2026-04-19T03:27:01.713Z WARN  network::simple_sender] Failed to connect to 10.10.1.7:5031 (retry 0): Connection refused (os error 111)
[2026-04-19T03:27:01.716Z WARN  network::simple_sender] Failed to connect to 10.10.1.7:5031 (retry 0): Connection refused (os error 111)
[2026-04-19T03:27:01.718Z INFO  worker::batch_maker] Batch omDb3fgaDtlsC+G1g20CWy0Olj3XQMToa4OZeCclwe0= contains sample tx 2539
[2026-04-19T03:27:01.718Z INFO  worker::batch_maker] Batch omDb3fgaDtlsC+G1g20CWy0Olj3XQMToa4OZeCclwe0= contains 204800 B
[2026-04-19T03:27:01.719Z WARN  network::simple_sender] Failed to connect to 10.10.1.7:5031 (retry 0): Connection refused (os error 111)
[2026-04-19T03:27:01.722Z WARN  network::simple_sender] Failed to connect to 10.10.1.7:5031 (retry 0): Connection refused (os error 111)
[2026-04-19T03:27:01.725Z WARN  network::simple_sender] Failed to connect to 10.10.1.7:5031 (retry 0): Connection refused (os error 111)
[2026-04-19T03:27:01.733Z WARN  network::simple_sender] Failed to connect to 10.10.1.7:5031 (retry 0): Connection refused (os error 111)
[2026-04-19T03:27:01.743Z WARN  network::simple_sender] Failed to connect to 10.10.1.7:5031 (retry 0): Connection refused (os error 111)
[2026-04-19T03:27:01.755Z WARN  network::simple_sender] Failed to connect to 10.10.1.7:5031 (retry 0): Connection refused (os error 111)
[2026-04-19T03:27:01.757Z WARN  network::simple_sender] Failed to connect to 10.10.1.7:5031 (retry 0): Connection refused (os error 111)
[2026-04-19T03:27:01.767Z WARN  network::simple_sender] Failed to connect to 10.10.1.7:5031 (retry 0): Connection refused (os error 111)
[2026-04-19T03:27:01.770Z WARN  network::simple_sender] Failed to connect to 10.10.1.7:5031 (retry 0): Connection refused (os error 111)
[2026-04-19T03:27:01.771Z INFO  worker::batch_maker] Batch xde3Zva0/+jeyDGrZ8LYkCBTDkTYMdoDG4UCC6JYtLk= contains sample tx 2540
[2026-04-19T03:27:01.771Z INFO  worker::batch_maker] Batch xde3Zva0/+jeyDGrZ8LYkCBTDkTYMdoDG4UCC6JYtLk= contains 204800 B
[2026-04-19T03:27:01.772Z WARN  network::simple_sender] Failed to connect to 10.10.1.7:5031 (retry 0): Connection refused (os error 111)
[2026-04-19T03:27:01.774Z WARN  network::simple_sender] Failed to connect to 10.10.1.7:5031 (retry 0): Connection refused (os error 111)
[2026-04-19T03:27:01.775Z WARN  network::simple_sender] Failed to connect to 10.10.1.7:5031 (retry 0): Connection refused (os error 111)
[2026-04-19T03:27:01.778Z WARN  network::simple_sender] Failed to connect to 10.10.1.7:5031 (retry 0): Connection refused (os error 111)
[2026-04-19T03:27:01.787Z WARN  network::simple_sender] Failed to connect to 10.10.1.7:5031 (retry 0): Connection refused (os error 111)
[2026-04-19T03:27:01.797Z WARN  network::simple_sender] Failed to connect to 10.10.1.7:5031 (retry 0): Connection refused (os error 111)
[2026-04-19T03:27:01.808Z WARN  network::simple_sender] Failed to connect to 10.10.1.7:5031 (retry 0): Connection refused (os error 111)
[2026-04-19T03:27:01.810Z WARN  network::simple_sender] Failed to connect to 10.10.1.7:5031 (retry 0): Connection refused (os error 111)
[2026-04-19T03:27:01.819Z WARN  network::simple_sender] Failed to connect to 10.10.1.7:5031 (retry 0): Connection refused (os error 111)
[2026-04-19T03:27:01.821Z WARN  network::simple_sender] Failed to connect to 10.10.1.7:5031 (retry 0): Connection refused (os error 111)
[2026-04-19T03:27:01.822Z WARN  network::simple_sender] Failed to connect to 10.10.1.7:5031 (retry 0): Connection refused (os error 111)
[2026-04-19T03:27:01.824Z INFO  worker::batch_maker] Batch bSEgUFhj4xXPIT/FHkzLndiYYQlh3S1s7KMHQx8I928= contains sample tx 2541
[2026-04-19T03:27:01.824Z INFO  worker::batch_maker] Batch bSEgUFhj4xXPIT/FHkzLndiYYQlh3S1s7KMHQx8I928= contains 204800 B
[2026-04-19T03:27:01.825Z WARN  network::simple_sender] Failed to connect to 10.10.1.7:5031 (retry 0): Connection refused (os error 111)
[2026-04-19T03:27:01.828Z WARN  network::simple_sender] Failed to connect to 10.10.1.7:5031 (retry 0): Connection refused (os error 111)
[2026-04-19T03:27:01.833Z WARN  network::simple_sender] Failed to connect to 10.10.1.7:5031 (retry 0): Connection refused (os error 111)
[2026-04-19T03:27:01.839Z WARN  network::simple_sender] Failed to connect to 10.10.1.7:5031 (retry 0): Connection refused (os error 111)
[2026-04-19T03:27:01.850Z WARN  network::simple_sender] Failed to connect to 10.10.1.7:5031 (retry 0): Connection refused (os error 111)
[2026-04-19T03:27:01.861Z WARN  network::simple_sender] Failed to connect to 10.10.1.7:5031 (retry 0): Connection refused (os error 111)
[2026-04-19T03:27:01.867Z WARN  network::simple_sender] Failed to connect to 10.10.1.7:5031 (retry 0): Connection refused (os error 111)
[2026-04-19T03:27:01.872Z WARN  network::simple_sender] Failed to connect to 10.10.1.7:5031 (retry 0): Connection refused (os error 111)
[2026-04-19T03:27:01.874Z WARN  network::simple_sender] Failed to connect to 10.10.1.7:5031 (retry 0): Connection refused (os error 111)
[2026-04-19T03:27:01.875Z WARN  network::simple_sender] Failed to connect to 10.10.1.7:5031 (retry 0): Connection refused (os error 111)
[2026-04-19T03:27:01.877Z INFO  worker::batch_maker] Batch RZiZiwjM9NJ530TKWiL7vL5lcMSWeoAkrVzx8YIkkD4= contains sample tx 2542
[2026-04-19T03:27:01.877Z INFO  worker::batch_maker] Batch RZiZiwjM9NJ530TKWiL7vL5lcMSWeoAkrVzx8YIkkD4= contains 204800 B
[2026-04-19T03:27:01.879Z WARN  network::simple_sender] Failed to connect to 10.10.1.7:5031 (retry 0): Connection refused (os error 111)
[2026-04-19T03:27:01.881Z WARN  network::simple_sender] Failed to connect to 10.10.1.7:5031 (retry 0): Connection refused (os error 111)
[2026-04-19T03:27:01.887Z WARN  network::simple_sender] Failed to connect to 10.10.1.7:5031 (retry 0): Connection refused (os error 111)
[2026-04-19T03:27:01.893Z WARN  network::simple_sender] Failed to connect to 10.10.1.7:5031 (retry 0): Connection refused (os error 111)
[2026-04-19T03:27:01.903Z WARN  network::simple_sender] Failed to connect to 10.10.1.7:5031 (retry 0): Connection refused (os error 111)
[2026-04-19T03:27:01.914Z WARN  network::simple_sender] Failed to connect to 10.10.1.7:5031 (retry 0): Connection refused (os error 111)
[2026-04-19T03:27:01.918Z WARN  network::simple_sender] Failed to connect to 10.10.1.7:5031 (retry 0): Connection refused (os error 111)
[2026-04-19T03:27:01.925Z WARN  network::simple_sender] Failed to connect to 10.10.1.7:5031 (retry 0): Connection refused (os error 111)
[2026-04-19T03:27:01.927Z WARN  network::simple_sender] Failed to connect to 10.10.1.7:5031 (retry 0): Connection refused (os error 111)
[2026-04-19T03:27:01.928Z WARN  network::simple_sender] Failed to connect to 10.10.1.7:5031 (retry 0): Connection refused (os error 111)
[2026-04-19T03:27:01.930Z INFO  worker::batch_maker] Batch TgFyfO67+tniy/jkgDqlaemALFnCOlWtpGsCNhC2iAY= contains sample tx 2543
[2026-04-19T03:27:01.930Z INFO  worker::batch_maker] Batch TgFyfO67+tniy/jkgDqlaemALFnCOlWtpGsCNhC2iAY= contains 204800 B
[2026-04-19T03:27:01.931Z WARN  network::simple_sender] Failed to connect to 10.10.1.7:5031 (retry 0): Connection refused (os error 111)
[2026-04-19T03:27:01.934Z WARN  network::simple_sender] Failed to connect to 10.10.1.7:5031 (retry 0): Connection refused (os error 111)
[2026-04-19T03:27:01.942Z WARN  network::simple_sender] Failed to connect to 10.10.1.7:5031 (retry 0): Connection refused (os error 111)
[2026-04-19T03:27:01.946Z WARN  network::simple_sender] Failed to connect to 10.10.1.7:5031 (retry 0): Connection refused (os error 111)
[2026-04-19T03:27:01.958Z WARN  network::simple_sender] Failed to connect to 10.10.1.7:5031 (retry 0): Connection refused (os error 111)
[2026-04-19T03:27:01.968Z WARN  network::simple_sender] Failed to connect to 10.10.1.7:5031 (retry 0): Connection refused (os error 111)
[2026-04-19T03:27:01.978Z WARN  network::simple_sender] Failed to connect to 10.10.1.7:5031 (retry 0): Connection refused (os error 111)
[2026-04-19T03:27:01.980Z WARN  network::simple_sender] Failed to connect to 10.10.1.7:5031 (retry 0): Connection refused (os error 111)
[2026-04-19T03:27:01.982Z WARN  network::simple_sender] Failed to connect to 10.10.1.7:5031 (retry 0): Connection refused (os error 111)
[2026-04-19T03:27:01.983Z INFO  worker::batch_maker] Batch 2Bv8FhsmDkG9FgKz1JgAfWj2ZU7MD+8aycTNuBLk35k= contains sample tx 2544
[2026-04-19T03:27:01.983Z INFO  worker::batch_maker] Batch 2Bv8FhsmDkG9FgKz1JgAfWj2ZU7MD+8aycTNuBLk35k= contains 204800 B
[2026-04-19T03:27:01.985Z WARN  network::simple_sender] Failed to connect to 10.10.1.7:5031 (retry 0): Connection refused (os error 111)
[2026-04-19T03:27:01.987Z WARN  network::simple_sender] Failed to connect to 10.10.1.7:5031 (retry 0): Connection refused (os error 111)
[2026-04-19T03:27:01.996Z WARN  network::simple_sender] Failed to connect to 10.10.1.7:5031 (retry 0): Connection refused (os error 111)
[2026-04-19T03:27:02.001Z WARN  network::simple_sender] Failed to connect to 10.10.1.7:5031 (retry 0): Connection refused (os error 111)
[2026-04-19T03:27:02.010Z WARN  network::simple_sender] Failed to connect to 10.10.1.7:5031 (retry 0): Connection refused (os error 111)
[2026-04-19T03:27:02.020Z WARN  network::simple_sender] Failed to connect to 10.10.1.7:5031 (retry 0): Connection refused (os error 111)
[2026-04-19T03:27:02.022Z WARN  network::simple_sender] Failed to connect to 10.10.1.7:5031 (retry 0): Connection refused (os error 111)
[2026-04-19T03:27:02.031Z WARN  network::simple_sender] Failed to connect to 10.10.1.7:5031 (retry 0): Connection refused (os error 111)
[2026-04-19T03:27:02.033Z WARN  network::simple_sender] Failed to connect to 10.10.1.7:5031 (retry 0): Connection refused (os error 111)
[2026-04-19T03:27:02.034Z WARN  network::simple_sender] Failed to connect to 10.10.1.7:5031 (retry 0): Connection refused (os error 111)
[2026-04-19T03:27:02.037Z INFO  worker::batch_maker] Batch tb1UP6gAlLYPaxCucsmcQpvz63Hi4mQsCUwjWbsiRI0= contains sample tx 2545
[2026-04-19T03:27:02.037Z INFO  worker::batch_maker] Batch tb1UP6gAlLYPaxCucsmcQpvz63Hi4mQsCUwjWbsiRI0= contains 204800 B
[2026-04-19T03:27:02.040Z WARN  network::simple_sender] Failed to connect to 10.10.1.7:5031 (retry 0): Connection refused (os error 111)
[2026-04-19T03:27:02.041Z WARN  network::simple_sender] Failed to connect to 10.10.1.7:5031 (retry 0): Connection refused (os error 111)
[2026-04-19T03:27:02.049Z WARN  network::simple_sender] Failed to connect to 10.10.1.7:5031 (retry 0): Connection refused (os error 111)
[2026-04-19T03:27:02.054Z WARN  network::simple_sender] Failed to connect to 10.10.1.7:5031 (retry 0): Connection refused (os error 111)
[2026-04-19T03:27:02.066Z WARN  network::simple_sender] Failed to connect to 10.10.1.7:5031 (retry 0): Connection refused (os error 111)
[2026-04-19T03:27:02.072Z WARN  network::simple_sender] Failed to connect to 10.10.1.7:5031 (retry 0): Connection refused (os error 111)
[2026-04-19T03:27:02.076Z WARN  network::simple_sender] Failed to connect to 10.10.1.7:5031 (retry 0): Connection refused (os error 111)
[2026-04-19T03:27:02.083Z WARN  network::simple_sender] Failed to connect to 10.10.1.7:5031 (retry 0): Connection refused (os error 111)
[2026-04-19T03:27:02.084Z WARN  network::simple_sender] Failed to connect to 10.10.1.7:5031 (retry 0): Connection refused (os error 111)
[2026-04-19T03:27:02.088Z WARN  network::simple_sender] Failed to connect to 10.10.1.7:5031 (retry 0): Connection refused (os error 111)
[2026-04-19T03:27:02.089Z INFO  worker::batch_maker] Batch VVTT+NcvHQR/wkwqFwrjXODv3PavfkgXMpc6P8lBqLw= contains sample tx 2546
[2026-04-19T03:27:02.089Z INFO  worker::batch_maker] Batch VVTT+NcvHQR/wkwqFwrjXODv3PavfkgXMpc6P8lBqLw= contains 204800 B
[2026-04-19T03:27:02.093Z WARN  network::simple_sender] Failed to connect to 10.10.1.7:5031 (retry 0): Connection refused (os error 111)
[2026-04-19T03:27:02.093Z WARN  network::simple_sender] Failed to connect to 10.10.1.7:5031 (retry 0): Connection refused (os error 111)
[2026-04-19T03:27:02.104Z WARN  network::simple_sender] Failed to connect to 10.10.1.7:5031 (retry 0): Connection refused (os error 111)
[2026-04-19T03:27:02.108Z WARN  network::simple_sender] Failed to connect to 10.10.1.7:5031 (retry 0): Connection refused (os error 111)
[2026-04-19T03:27:02.120Z WARN  network::simple_sender] Failed to connect to 10.10.1.7:5031 (retry 0): Connection refused (os error 111)
[2026-04-19T03:27:02.125Z WARN  network::simple_sender] Failed to connect to 10.10.1.7:5031 (retry 0): Connection refused (os error 111)
[2026-04-19T03:27:02.131Z WARN  network::simple_sender] Failed to connect to 10.10.1.7:5031 (retry 0): Connection refused (os error 111)
[2026-04-19T03:27:02.136Z WARN  network::simple_sender] Failed to connect to 10.10.1.7:5031 (retry 0): Connection refused (os error 111)
[2026-04-19T03:27:02.137Z WARN  network::simple_sender] Failed to connect to 10.10.1.7:5031 (retry 0): Connection refused (os error 111)
[2026-04-19T03:27:02.140Z WARN  network::simple_sender] Failed to connect to 10.10.1.7:5031 (retry 0): Connection refused (os error 111)
[2026-04-19T03:27:02.140Z INFO  worker::batch_maker] Batch /U2JR2elrJArXOrA5RjtfJZjQy7ywk1UJLiiiklxguo= contains sample tx 2547
[2026-04-19T03:27:02.141Z INFO  worker::batch_maker] Batch /U2JR2elrJArXOrA5RjtfJZjQy7ywk1UJLiiiklxguo= contains 204800 B
[2026-04-19T03:27:02.143Z WARN  network::simple_sender] Failed to connect to 10.10.1.7:5031 (retry 0): Connection refused (os error 111)
[2026-04-19T03:27:02.149Z WARN  network::simple_sender] Failed to connect to 10.10.1.7:5031 (retry 0): Connection refused (os error 111)
[2026-04-19T03:27:02.154Z WARN  network::simple_sender] Failed to connect to 10.10.1.7:5031 (retry 0): Connection refused (os error 111)
[2026-04-19T03:27:02.160Z WARN  network::simple_sender] Failed to connect to 10.10.1.7:5031 (retry 0): Connection refused (os error 111)
[2026-04-19T03:27:02.171Z WARN  network::simple_sender] Failed to connect to 10.10.1.7:5031 (retry 0): Connection refused (os error 111)
[2026-04-19T03:27:02.176Z WARN  network::simple_sender] Failed to connect to 10.10.1.7:5031 (retry 0): Connection refused (os error 111)
[2026-04-19T03:27:02.179Z WARN  network::simple_sender] Failed to connect to 10.10.1.7:5031 (retry 0): Connection refused (os error 111)
[2026-04-19T03:27:02.188Z WARN  network::simple_sender] Failed to connect to 10.10.1.7:5031 (retry 0): Connection refused (os error 111)
[2026-04-19T03:27:02.188Z WARN  network::simple_sender] Failed to connect to 10.10.1.7:5031 (retry 0): Connection refused (os error 111)
[2026-04-19T03:27:02.194Z INFO  worker::batch_maker] Batch fNJU5cgDOmfekVj8QKcJ2kwcY7mTH8UgCmhpHD+yYpo= contains sample tx 2548
[2026-04-19T03:27:02.194Z INFO  worker::batch_maker] Batch fNJU5cgDOmfekVj8QKcJ2kwcY7mTH8UgCmhpHD+yYpo= contains 204800 B
[2026-04-19T03:27:02.195Z WARN  network::simple_sender] Failed to connect to 10.10.1.7:5031 (retry 0): Connection refused (os error 111)
[2026-04-19T03:27:02.196Z WARN  network::simple_sender] Failed to connect to 10.10.1.7:5031 (retry 0): Connection refused (os error 111)
[2026-04-19T03:27:02.200Z WARN  network::simple_sender] Failed to connect to 10.10.1.7:5031 (retry 0): Connection refused (os error 111)
[2026-04-19T03:27:02.210Z WARN  network::simple_sender] Failed to connect to 10.10.1.7:5031 (retry 0): Connection refused (os error 111)
[2026-04-19T03:27:02.215Z WARN  network::simple_sender] Failed to connect to 10.10.1.7:5031 (retry 0): Connection refused (os error 111)
[2026-04-19T03:27:02.226Z WARN  network::simple_sender] Failed to connect to 10.10.1.7:5031 (retry 0): Connection refused (os error 111)
[2026-04-19T03:27:02.229Z WARN  network::simple_sender] Failed to connect to 10.10.1.7:5031 (retry 0): Connection refused (os error 111)
[2026-04-19T03:27:02.231Z WARN  network::simple_sender] Failed to connect to 10.10.1.7:5031 (retry 0): Connection refused (os error 111)
[2026-04-19T03:27:02.241Z WARN  network::simple_sender] Failed to connect to 10.10.1.7:5031 (retry 0): Connection refused (os error 111)
[2026-04-19T03:27:02.243Z WARN  network::simple_sender] Failed to connect to 10.10.1.7:5031 (retry 0): Connection refused (os error 111)
[2026-04-19T03:27:02.246Z INFO  worker::batch_maker] Batch HF0ZfH1NlEdZ9b0NFx0U5jNyDxYy391VRKNo7ekiYVQ= contains sample tx 2549
[2026-04-19T03:27:02.246Z INFO  worker::batch_maker] Batch HF0ZfH1NlEdZ9b0NFx0U5jNyDxYy391VRKNo7ekiYVQ= contains 204800 B
[2026-04-19T03:27:02.247Z WARN  network::simple_sender] Failed to connect to 10.10.1.7:5031 (retry 0): Connection refused (os error 111)
[2026-04-19T03:27:02.249Z WARN  network::simple_sender] Failed to connect to 10.10.1.7:5031 (retry 0): Connection refused (os error 111)
[2026-04-19T03:27:02.255Z WARN  network::simple_sender] Failed to connect to 10.10.1.7:5031 (retry 0): Connection refused (os error 111)
[2026-04-19T03:27:02.266Z WARN  network::simple_sender] Failed to connect to 10.10.1.7:5031 (retry 0): Connection refused (os error 111)
[2026-04-19T03:27:02.273Z WARN  network::simple_sender] Failed to connect to 10.10.1.7:5031 (retry 0): Connection refused (os error 111)
[2026-04-19T03:27:02.279Z WARN  network::simple_sender] Failed to connect to 10.10.1.7:5031 (retry 0): Connection refused (os error 111)
[2026-04-19T03:27:02.281Z WARN  network::simple_sender] Failed to connect to 10.10.1.7:5031 (retry 0): Connection refused (os error 111)
[2026-04-19T03:27:02.283Z WARN  network::simple_sender] Failed to connect to 10.10.1.7:5031 (retry 0): Connection refused (os error 111)
[2026-04-19T03:27:02.294Z WARN  network::simple_sender] Failed to connect to 10.10.1.7:5031 (retry 0): Connection refused (os error 111)
[2026-04-19T03:27:02.295Z WARN  network::simple_sender] Failed to connect to 10.10.1.7:5031 (retry 0): Connection refused (os error 111)
[2026-04-19T03:27:02.299Z INFO  worker::batch_maker] Batch poEXWUAURS4O0dcWkZYW0sn+2tcIcGjZB0x0nPHEeR8= contains sample tx 2550
[2026-04-19T03:27:02.299Z INFO  worker::batch_maker] Batch poEXWUAURS4O0dcWkZYW0sn+2tcIcGjZB0x0nPHEeR8= contains 204800 B
[2026-04-19T03:27:02.301Z WARN  network::simple_sender] Failed to connect to 10.10.1.7:5031 (retry 0): Connection refused (os error 111)
[2026-04-19T03:27:02.301Z WARN  network::simple_sender] Failed to connect to 10.10.1.7:5031 (retry 0): Connection refused (os error 111)
[2026-04-19T03:27:02.310Z WARN  network::simple_sender] Failed to connect to 10.10.1.7:5031 (retry 0): Connection refused (os error 111)
[2026-04-19T03:27:02.318Z WARN  network::simple_sender] Failed to connect to 10.10.1.7:5031 (retry 0): Connection refused (os error 111)
[2026-04-19T03:27:02.322Z WARN  network::simple_sender] Failed to connect to 10.10.1.7:5031 (retry 0): Connection refused (os error 111)
[2026-04-19T03:27:02.332Z WARN  network::simple_sender] Failed to connect to 10.10.1.7:5031 (retry 0): Connection refused (os error 111)
[2026-04-19T03:27:02.333Z WARN  network::simple_sender] Failed to connect to 10.10.1.7:5031 (retry 0): Connection refused (os error 111)
[2026-04-19T03:27:02.336Z WARN  network::simple_sender] Failed to connect to 10.10.1.7:5031 (retry 0): Connection refused (os error 111)
[2026-04-19T03:27:02.346Z WARN  network::simple_sender] Failed to connect to 10.10.1.7:5031 (retry 0): Connection refused (os error 111)
[2026-04-19T03:27:02.348Z WARN  network::simple_sender] Failed to connect to 10.10.1.7:5031 (retry 0): Connection refused (os error 111)
[2026-04-19T03:27:02.353Z INFO  worker::batch_maker] Batch KZR/10qWNBWK3WrfLSKOQ/d/Iv/kp0RLpnjaVjlYd2U= contains sample tx 2551
[2026-04-19T03:27:02.353Z INFO  worker::batch_maker] Batch KZR/10qWNBWK3WrfLSKOQ/d/Iv/kp0RLpnjaVjlYd2U= contains 204800 B
[2026-04-19T03:27:02.355Z WARN  network::simple_sender] Failed to connect to 10.10.1.7:5031 (retry 0): Connection refused (os error 111)
[2026-04-19T03:27:02.391Z WARN  network::simple_sender] Failed to connect to 10.10.1.7:5031 (retry 0): Connection refused (os error 111)
[2026-04-19T03:27:02.398Z WARN  network::simple_sender] Failed to connect to 10.10.1.7:5031 (retry 0): Connection refused (os error 111)
[2026-04-19T03:27:02.403Z WARN  network::simple_sender] Failed to connect to 10.10.1.7:5031 (retry 0): Connection refused (os error 111)
[2026-04-19T03:27:02.405Z INFO  worker::batch_maker] Batch Onk/t2WnVvcecx9TKxjIhzYppKagIKRsK1shJnlrMYE= contains sample tx 2552
[2026-04-19T03:27:02.405Z INFO  worker::batch_maker] Batch Onk/t2WnVvcecx9TKxjIhzYppKagIKRsK1shJnlrMYE= contains 204800 B
[2026-04-19T03:27:02.408Z WARN  network::simple_sender] Failed to connect to 10.10.1.7:5031 (retry 0): Connection refused (os error 111)
[2026-04-19T03:27:02.413Z WARN  network::simple_sender] Failed to connect to 10.10.1.7:5031 (retry 0): Connection refused (os error 111)
[2026-04-19T03:27:02.419Z WARN  network::simple_sender] Failed to connect to 10.10.1.7:5031 (retry 0): Connection refused (os error 111)
[2026-04-19T03:27:02.425Z WARN  network::simple_sender] Failed to connect to 10.10.1.7:5031 (retry 0): Connection refused (os error 111)
[2026-04-19T03:27:02.429Z WARN  network::simple_sender] Failed to connect to 10.10.1.7:5031 (retry 0): Connection refused (os error 111)
[2026-04-19T03:27:02.441Z WARN  network::simple_sender] Failed to connect to 10.10.1.7:5031 (retry 0): Connection refused (os error 111)
[2026-04-19T03:27:02.442Z WARN  network::simple_sender] Failed to connect to 10.10.1.7:5031 (retry 0): Connection refused (os error 111)
[2026-04-19T03:27:02.444Z WARN  network::simple_sender] Failed to connect to 10.10.1.7:5031 (retry 0): Connection refused (os error 111)
[2026-04-19T03:27:02.452Z WARN  network::simple_sender] Failed to connect to 10.10.1.7:5031 (retry 0): Connection refused (os error 111)
[2026-04-19T03:27:02.458Z WARN  network::simple_sender] Failed to connect to 10.10.1.7:5031 (retry 0): Connection refused (os error 111)
[2026-04-19T03:27:02.459Z INFO  worker::batch_maker] Batch BN3WhLS4G6C9tm1ozuj6ZAOIOACkAvQTfdcg2nMOzD0= contains sample tx 2553
[2026-04-19T03:27:02.459Z INFO  worker::batch_maker] Batch BN3WhLS4G6C9tm1ozuj6ZAOIOACkAvQTfdcg2nMOzD0= contains sample tx 2554
[2026-04-19T03:27:02.459Z INFO  worker::batch_maker] Batch BN3WhLS4G6C9tm1ozuj6ZAOIOACkAvQTfdcg2nMOzD0= contains 286208 B
[2026-04-19T03:27:02.463Z WARN  network::simple_sender] Failed to connect to 10.10.1.7:5031 (retry 0): Connection refused (os error 111)
[2026-04-19T03:27:02.465Z WARN  network::simple_sender] Failed to connect to 10.10.1.7:5031 (retry 0): Connection refused (os error 111)
[2026-04-19T03:27:02.470Z WARN  network::simple_sender] Failed to connect to 10.10.1.7:5031 (retry 0): Connection refused (os error 111)
[2026-04-19T03:27:02.479Z WARN  network::simple_sender] Failed to connect to 10.10.1.7:5031 (retry 0): Connection refused (os error 111)
[2026-04-19T03:27:02.481Z WARN  network::simple_sender] Failed to connect to 10.10.1.7:5031 (retry 0): Connection refused (os error 111)
[2026-04-19T03:27:02.494Z WARN  network::simple_sender] Failed to connect to 10.10.1.7:5031 (retry 0): Connection refused (os error 111)
[2026-04-19T03:27:02.496Z WARN  network::simple_sender] Failed to connect to 10.10.1.7:5031 (retry 0): Connection refused (os error 111)
[2026-04-19T03:27:02.498Z WARN  network::simple_sender] Failed to connect to 10.10.1.7:5031 (retry 0): Connection refused (os error 111)
[2026-04-19T03:27:02.507Z WARN  network::simple_sender] Failed to connect to 10.10.1.7:5031 (retry 0): Connection refused (os error 111)
[2026-04-19T03:27:02.514Z INFO  worker::batch_maker] Batch mJqyTTZWKVNRZFADGkGLxeBnN7RZv5J7wqI0ZhhDkGw= contains sample tx 2555
[2026-04-19T03:27:02.514Z INFO  worker::batch_maker] Batch mJqyTTZWKVNRZFADGkGLxeBnN7RZv5J7wqI0ZhhDkGw= contains 328192 B
[2026-04-19T03:27:02.518Z WARN  network::simple_sender] Failed to connect to 10.10.1.7:5031 (retry 0): Connection refused (os error 111)
[2026-04-19T03:27:02.520Z WARN  network::simple_sender] Failed to connect to 10.10.1.7:5031 (retry 0): Connection refused (os error 111)
[2026-04-19T03:27:02.521Z WARN  network::simple_sender] Failed to connect to 10.10.1.7:5031 (retry 0): Connection refused (os error 111)
[2026-04-19T03:27:02.524Z WARN  network::simple_sender] Failed to connect to 10.10.1.7:5031 (retry 0): Connection refused (os error 111)
[2026-04-19T03:27:02.533Z WARN  network::simple_sender] Failed to connect to 10.10.1.7:5031 (retry 0): Connection refused (os error 111)
[2026-04-19T03:27:02.535Z WARN  network::simple_sender] Failed to connect to 10.10.1.7:5031 (retry 0): Connection refused (os error 111)
[2026-04-19T03:27:02.547Z WARN  network::simple_sender] Failed to connect to 10.10.1.7:5031 (retry 0): Connection refused (os error 111)
[2026-04-19T03:27:02.548Z WARN  network::simple_sender] Failed to connect to 10.10.1.7:5031 (retry 0): Connection refused (os error 111)
[2026-04-19T03:27:02.550Z WARN  network::simple_sender] Failed to connect to 10.10.1.7:5031 (retry 0): Connection refused (os error 111)
[2026-04-19T03:27:02.564Z WARN  network::simple_sender] Failed to connect to 10.10.1.7:5031 (retry 0): Connection refused (os error 111)
[2026-04-19T03:27:02.568Z INFO  worker::batch_maker] Batch cal+hNyRLq1EMQROr5L7XQ+WHKlJu/4SXNvo7XV2c8E= contains sample tx 2556
[2026-04-19T03:27:02.568Z INFO  worker::batch_maker] Batch cal+hNyRLq1EMQROr5L7XQ+WHKlJu/4SXNvo7XV2c8E= contains 204800 B
[2026-04-19T03:27:02.569Z WARN  network::simple_sender] Failed to connect to 10.10.1.7:5031 (retry 0): Connection refused (os error 111)
[2026-04-19T03:27:02.571Z WARN  network::simple_sender] Failed to connect to 10.10.1.7:5031 (retry 0): Connection refused (os error 111)
[2026-04-19T03:27:02.577Z WARN  network::simple_sender] Failed to connect to 10.10.1.7:5031 (retry 0): Connection refused (os error 111)
[2026-04-19T03:27:02.578Z WARN  network::simple_sender] Failed to connect to 10.10.1.7:5031 (retry 0): Connection refused (os error 111)
[2026-04-19T03:27:02.585Z WARN  network::simple_sender] Failed to connect to 10.10.1.7:5031 (retry 0): Connection refused (os error 111)
[2026-04-19T03:27:02.587Z WARN  network::simple_sender] Failed to connect to 10.10.1.7:5031 (retry 0): Connection refused (os error 111)
[2026-04-19T03:27:02.599Z WARN  network::simple_sender] Failed to connect to 10.10.1.7:5031 (retry 0): Connection refused (os error 111)
[2026-04-19T03:27:02.600Z WARN  network::simple_sender] Failed to connect to 10.10.1.7:5031 (retry 0): Connection refused (os error 111)
[2026-04-19T03:27:02.601Z WARN  network::simple_sender] Failed to connect to 10.10.1.7:5031 (retry 0): Connection refused (os error 111)
[2026-04-19T03:27:02.613Z WARN  network::simple_sender] Failed to connect to 10.10.1.7:5031 (retry 0): Connection refused (os error 111)
[2026-04-19T03:27:02.620Z WARN  network::simple_sender] Failed to connect to 10.10.1.7:5031 (retry 0): Connection refused (os error 111)
[2026-04-19T03:27:02.622Z INFO  worker::batch_maker] Batch OHTntjVqpLQxNZQOuG2NtG4qIeHVtv4GdZO6uvVKpv8= contains sample tx 2557
[2026-04-19T03:27:02.622Z INFO  worker::batch_maker] Batch OHTntjVqpLQxNZQOuG2NtG4qIeHVtv4GdZO6uvVKpv8= contains 204800 B
[2026-04-19T03:27:02.625Z WARN  network::simple_sender] Failed to connect to 10.10.1.7:5031 (retry 0): Connection refused (os error 111)
[2026-04-19T03:27:02.625Z WARN  network::simple_sender] Failed to connect to 10.10.1.7:5031 (retry 0): Connection refused (os error 111)
[2026-04-19T03:27:02.628Z WARN  network::simple_sender] Failed to connect to 10.10.1.7:5031 (retry 0): Connection refused (os error 111)
[2026-04-19T03:27:02.637Z WARN  network::simple_sender] Failed to connect to 10.10.1.7:5031 (retry 0): Connection refused (os error 111)
[2026-04-19T03:27:02.642Z WARN  network::simple_sender] Failed to connect to 10.10.1.7:5031 (retry 0): Connection refused (os error 111)
[2026-04-19T03:27:02.652Z WARN  network::simple_sender] Failed to connect to 10.10.1.7:5031 (retry 0): Connection refused (os error 111)
[2026-04-19T03:27:02.654Z WARN  network::simple_sender] Failed to connect to 10.10.1.7:5031 (retry 0): Connection refused (os error 111)
[2026-04-19T03:27:02.671Z WARN  network::simple_sender] Failed to connect to 10.10.1.7:5031 (retry 0): Connection refused (os error 111)
[2026-04-19T03:27:02.675Z INFO  worker::batch_maker] Batch KVIkx2thy21u1OU63e4Y70XTmC8XgFTeZKk2zkU4coU= contains sample tx 2558
[2026-04-19T03:27:02.675Z INFO  worker::batch_maker] Batch KVIkx2thy21u1OU63e4Y70XTmC8XgFTeZKk2zkU4coU= contains 204800 B
[2026-04-19T03:27:02.678Z WARN  network::simple_sender] Failed to connect to 10.10.1.7:5031 (retry 0): Connection refused (os error 111)
[2026-04-19T03:27:02.682Z WARN  network::simple_sender] Failed to connect to 10.10.1.7:5031 (retry 0): Connection refused (os error 111)
[2026-04-19T03:27:02.683Z WARN  network::simple_sender] Failed to connect to 10.10.1.7:5031 (retry 0): Connection refused (os error 111)
[2026-04-19T03:27:02.689Z WARN  network::simple_sender] Failed to connect to 10.10.1.7:5031 (retry 0): Connection refused (os error 111)
[2026-04-19T03:27:02.694Z WARN  network::simple_sender] Failed to connect to 10.10.1.7:5031 (retry 0): Connection refused (os error 111)
[2026-04-19T03:27:02.703Z WARN  network::simple_sender] Failed to connect to 10.10.1.7:5031 (retry 0): Connection refused (os error 111)
[2026-04-19T03:27:02.708Z WARN  network::simple_sender] Failed to connect to 10.10.1.7:5031 (retry 0): Connection refused (os error 111)
[2026-04-19T03:27:02.709Z WARN  network::simple_sender] Failed to connect to 10.10.1.7:5031 (retry 0): Connection refused (os error 111)
[2026-04-19T03:27:02.721Z WARN  network::simple_sender] Failed to connect to 10.10.1.7:5031 (retry 0): Connection refused (os error 111)
[2026-04-19T03:27:02.724Z WARN  network::simple_sender] Failed to connect to 10.10.1.7:5031 (retry 0): Connection refused (os error 111)
[2026-04-19T03:27:02.728Z INFO  worker::batch_maker] Batch OIiFpTqPofks6xjybqckGXEr3V7Mi6/l2TlaJXXmuyk= contains sample tx 2559
[2026-04-19T03:27:02.728Z INFO  worker::batch_maker] Batch OIiFpTqPofks6xjybqckGXEr3V7Mi6/l2TlaJXXmuyk= contains 204800 B
[2026-04-19T03:27:02.732Z WARN  network::simple_sender] Failed to connect to 10.10.1.7:5031 (retry 0): Connection refused (os error 111)
[2026-04-19T03:27:02.734Z WARN  network::simple_sender] Failed to connect to 10.10.1.7:5031 (retry 0): Connection refused (os error 111)
[2026-04-19T03:27:02.735Z WARN  network::simple_sender] Failed to connect to 10.10.1.7:5031 (retry 0): Connection refused (os error 111)
[2026-04-19T03:27:02.740Z WARN  network::simple_sender] Failed to connect to 10.10.1.7:5031 (retry 0): Connection refused (os error 111)
[2026-04-19T03:27:02.747Z WARN  network::simple_sender] Failed to connect to 10.10.1.7:5031 (retry 0): Connection refused (os error 111)
[2026-04-19T03:27:02.757Z WARN  network::simple_sender] Failed to connect to 10.10.1.7:5031 (retry 0): Connection refused (os error 111)
[2026-04-19T03:27:02.762Z WARN  network::simple_sender] Failed to connect to 10.10.1.7:5031 (retry 0): Connection refused (os error 111)
[2026-04-19T03:27:02.768Z WARN  network::simple_sender] Failed to connect to 10.10.1.7:5031 (retry 0): Connection refused (os error 111)
[2026-04-19T03:27:02.775Z WARN  network::simple_sender] Failed to connect to 10.10.1.7:5031 (retry 0): Connection refused (os error 111)
[2026-04-19T03:27:02.776Z WARN  network::simple_sender] Failed to connect to 10.10.1.7:5031 (retry 0): Connection refused (os error 111)
[2026-04-19T03:27:02.781Z INFO  worker::batch_maker] Batch ZqGlrJ3+vopJJcMFAnn1Nipf9Xof1cslY5uDVjg5+pU= contains sample tx 2560
[2026-04-19T03:27:02.781Z INFO  worker::batch_maker] Batch ZqGlrJ3+vopJJcMFAnn1Nipf9Xof1cslY5uDVjg5+pU= contains 204800 B
[2026-04-19T03:27:02.783Z WARN  network::simple_sender] Failed to connect to 10.10.1.7:5031 (retry 0): Connection refused (os error 111)
[2026-04-19T03:27:02.786Z WARN  network::simple_sender] Failed to connect to 10.10.1.7:5031 (retry 0): Connection refused (os error 111)
[2026-04-19T03:27:02.790Z WARN  network::simple_sender] Failed to connect to 10.10.1.7:5031 (retry 0): Connection refused (os error 111)
[2026-04-19T03:27:02.794Z WARN  network::simple_sender] Failed to connect to 10.10.1.7:5031 (retry 0): Connection refused (os error 111)
[2026-04-19T03:27:02.801Z WARN  network::simple_sender] Failed to connect to 10.10.1.7:5031 (retry 0): Connection refused (os error 111)
[2026-04-19T03:27:02.812Z WARN  network::simple_sender] Failed to connect to 10.10.1.7:5031 (retry 0): Connection refused (os error 111)
[2026-04-19T03:27:02.822Z WARN  network::simple_sender] Failed to connect to 10.10.1.7:5031 (retry 0): Connection refused (os error 111)
[2026-04-19T03:27:02.829Z WARN  network::simple_sender] Failed to connect to 10.10.1.7:5031 (retry 0): Connection refused (os error 111)
[2026-04-19T03:27:02.830Z WARN  network::simple_sender] Failed to connect to 10.10.1.7:5031 (retry 0): Connection refused (os error 111)
[2026-04-19T03:27:02.833Z INFO  worker::batch_maker] Batch rZ7gtA6pkNW4vpMosNoaY4F4nQNKZy0oPX4FIfRmwTo= contains sample tx 2561
[2026-04-19T03:27:02.833Z INFO  worker::batch_maker] Batch rZ7gtA6pkNW4vpMosNoaY4F4nQNKZy0oPX4FIfRmwTo= contains 204800 B
[2026-04-19T03:27:02.836Z WARN  network::simple_sender] Failed to connect to 10.10.1.7:5031 (retry 0): Connection refused (os error 111)
[2026-04-19T03:27:02.844Z WARN  network::simple_sender] Failed to connect to 10.10.1.7:5031 (retry 0): Connection refused (os error 111)
[2026-04-19T03:27:02.845Z WARN  network::simple_sender] Failed to connect to 10.10.1.7:5031 (retry 0): Connection refused (os error 111)
[2026-04-19T03:27:02.847Z WARN  network::simple_sender] Failed to connect to 10.10.1.7:5031 (retry 0): Connection refused (os error 111)
[2026-04-19T03:27:02.849Z WARN  network::simple_sender] Failed to connect to 10.10.1.7:5031 (retry 0): Connection refused (os error 111)
[2026-04-19T03:27:02.853Z WARN  network::simple_sender] Failed to connect to 10.10.1.7:5031 (retry 0): Connection refused (os error 111)
[2026-04-19T03:27:02.870Z WARN  network::simple_sender] Failed to connect to 10.10.1.7:5031 (retry 0): Connection refused (os error 111)
[2026-04-19T03:27:02.874Z WARN  network::simple_sender] Failed to connect to 10.10.1.7:5031 (retry 0): Connection refused (os error 111)
