[2026-04-19T03:24:54.743Z INFO  worker::worker] Worker 0 listening to primary messages on 0.0.0.0:5047
[2026-04-19T03:24:54.743Z INFO  worker::worker] Worker 0 listening to client transactions on 0.0.0.0:5048
[2026-04-19T03:24:54.743Z INFO  worker::worker] Worker 0 listening to worker messages on 0.0.0.0:5049
[2026-04-19T03:24:54.743Z INFO  worker::worker] Worker 0 successfully booted on 10.10.1.10
[2026-04-19T03:24:54.743Z INFO  network::receiver] Incoming connection established with 10.10.1.4:54618
[2026-04-19T03:24:54.744Z WARN  network::receiver] Connection closed by peer 10.10.1.4:54618
[2026-04-19T03:24:54.744Z INFO  network::receiver] Incoming connection established with 10.10.1.1:38986
[2026-04-19T03:24:54.744Z WARN  network::receiver] Connection closed by peer 10.10.1.1:38986
[2026-04-19T03:24:54.746Z INFO  network::receiver] Incoming connection established with 10.10.1.5:58758
[2026-04-19T03:24:54.746Z WARN  network::receiver] Connection closed by peer 10.10.1.5:58758
[2026-04-19T03:24:54.747Z INFO  network::receiver] Incoming connection established with 10.10.1.8:59292
[2026-04-19T03:24:54.747Z WARN  network::receiver] Connection closed by peer 10.10.1.8:59292
[2026-04-19T03:24:54.748Z INFO  network::receiver] Incoming connection established with 10.10.1.10:33734
[2026-04-19T03:24:54.748Z WARN  network::receiver] Connection closed by peer 10.10.1.10:33734
[2026-04-19T03:24:54.749Z INFO  network::receiver] Incoming connection established with 10.10.1.10:33750
[2026-04-19T03:24:54.751Z INFO  network::receiver] Incoming connection established with 10.10.1.6:50182
[2026-04-19T03:24:54.751Z WARN  network::receiver] Connection closed by peer 10.10.1.6:50182
[2026-04-19T03:24:54.752Z INFO  network::receiver] Incoming connection established with 10.10.1.7:47646
[2026-04-19T03:24:54.752Z WARN  network::receiver] Connection closed by peer 10.10.1.7:47646
[2026-04-19T03:24:54.753Z INFO  network::receiver] Incoming connection established with 10.10.1.9:34072
[2026-04-19T03:24:54.753Z WARN  network::receiver] Connection closed by peer 10.10.1.9:34072
[2026-04-19T03:24:54.754Z INFO  network::receiver] Incoming connection established with 10.10.1.3:42242
[2026-04-19T03:24:54.754Z WARN  network::receiver] Connection closed by peer 10.10.1.3:42242
[2026-04-19T03:24:54.754Z INFO  network::receiver] Incoming connection established with 10.10.1.2:36556
[2026-04-19T03:24:54.754Z WARN  network::receiver] Connection closed by peer 10.10.1.2:36556
[2026-04-19T03:24:54.758Z INFO  network::receiver] Incoming connection established with 10.10.1.5:36298
[2026-04-19T03:24:54.759Z INFO  network::receiver] Incoming connection established with 10.10.1.8:57860
[2026-04-19T03:24:54.763Z INFO  network::simple_sender] Outgoing connection established with 10.10.1.10:5046
[2026-04-19T03:24:54.776Z INFO  network::receiver] Incoming connection established with 10.10.1.7:34154
[2026-04-19T03:24:54.778Z INFO  network::receiver] Incoming connection established with 10.10.1.2:39416
[2026-04-19T03:24:54.786Z INFO  network::receiver] Incoming connection established with 10.10.1.10:53114
[2026-04-19T03:24:54.793Z INFO  network::receiver] Incoming connection established with 10.10.1.1:41766
[2026-04-19T03:24:54.795Z INFO  network::receiver] Incoming connection established with 10.10.1.4:34370
[2026-04-19T03:24:54.795Z INFO  network::receiver] Incoming connection established with 10.10.1.9:45288
[2026-04-19T03:24:54.796Z INFO  worker::batch_maker] Batch D+6OPXxaXXMdQdE8fP9sYb23AdiuriOdNgpP5YfdP3I= contains sample tx 0
[2026-04-19T03:24:54.796Z INFO  worker::batch_maker] Batch D+6OPXxaXXMdQdE8fP9sYb23AdiuriOdNgpP5YfdP3I= contains 204800 B
[2026-04-19T03:24:54.797Z INFO  network::reliable_sender] Outgoing connection established with 10.10.1.6:5029
[2026-04-19T03:24:54.797Z INFO  network::reliable_sender] Outgoing connection established with 10.10.1.1:5004
[2026-04-19T03:24:54.797Z INFO  network::reliable_sender] Outgoing connection established with 10.10.1.7:5034
[2026-04-19T03:24:54.797Z INFO  network::reliable_sender] Outgoing connection established with 10.10.1.3:5014
[2026-04-19T03:24:54.797Z INFO  network::reliable_sender] Outgoing connection established with 10.10.1.5:5024
[2026-04-19T03:24:54.797Z INFO  network::reliable_sender] Outgoing connection established with 10.10.1.2:5009
[2026-04-19T03:24:54.797Z INFO  network::reliable_sender] Outgoing connection established with 10.10.1.8:5039
[2026-04-19T03:24:54.797Z INFO  network::reliable_sender] Outgoing connection established with 10.10.1.4:5019
[2026-04-19T03:24:54.797Z INFO  network::reliable_sender] Outgoing connection established with 10.10.1.9:5044
[2026-04-19T03:24:54.798Z INFO  network::receiver] Incoming connection established with 10.10.1.6:55606
[2026-04-19T03:24:54.799Z INFO  network::receiver] Incoming connection established with 10.10.1.3:49994
[2026-04-19T03:24:54.849Z INFO  worker::batch_maker] Batch wVK4jNYSViCrQoI8zXrpPK/0Km2/4FKa1Zcpu88cWl8= contains sample tx 1
[2026-04-19T03:24:54.849Z INFO  worker::batch_maker] Batch wVK4jNYSViCrQoI8zXrpPK/0Km2/4FKa1Zcpu88cWl8= contains 204800 B
[2026-04-19T03:24:54.902Z INFO  worker::batch_maker] Batch fJKAOsC+kaKpv3iZ1rmni1MnijUOC5ZH8Y/TC0p5FXU= contains sample tx 2
[2026-04-19T03:24:54.902Z INFO  worker::batch_maker] Batch fJKAOsC+kaKpv3iZ1rmni1MnijUOC5ZH8Y/TC0p5FXU= contains sample tx 3
[2026-04-19T03:24:54.902Z INFO  worker::batch_maker] Batch fJKAOsC+kaKpv3iZ1rmni1MnijUOC5ZH8Y/TC0p5FXU= contains 211456 B
[2026-04-19T03:24:54.957Z INFO  worker::batch_maker] Batch s52mCVYpRGSoA/0lKDNO0rTpwjwWYpLwvIIxfy1IOSQ= contains sample tx 4
[2026-04-19T03:24:54.957Z INFO  worker::batch_maker] Batch s52mCVYpRGSoA/0lKDNO0rTpwjwWYpLwvIIxfy1IOSQ= contains 389632 B
[2026-04-19T03:24:55.010Z INFO  worker::batch_maker] Batch s+DMRB530NuiA3yoJiGjvncJwyN6753sNcRzcQjJ6e4= contains sample tx 5
[2026-04-19T03:24:55.011Z INFO  worker::batch_maker] Batch s+DMRB530NuiA3yoJiGjvncJwyN6753sNcRzcQjJ6e4= contains 218112 B
[2026-04-19T03:24:55.062Z INFO  worker::batch_maker] Batch YMd3CmQZmUhzOPVttcBJgVeDw2XhCjhOIf6UjcvMrbk= contains sample tx 6
[2026-04-19T03:24:55.063Z INFO  worker::batch_maker] Batch YMd3CmQZmUhzOPVttcBJgVeDw2XhCjhOIf6UjcvMrbk= contains 204800 B
[2026-04-19T03:24:55.115Z INFO  worker::batch_maker] Batch egoxzqVu1sGuFdHEopgueTrVpoenEcmPNC5jr39txuU= contains sample tx 7
[2026-04-19T03:24:55.115Z INFO  worker::batch_maker] Batch egoxzqVu1sGuFdHEopgueTrVpoenEcmPNC5jr39txuU= contains 204800 B
[2026-04-19T03:24:55.167Z INFO  worker::batch_maker] Batch QnOC19yLHv2Ot9trowLrHu6noX4OIXVP5Jba5ZS/dOk= contains sample tx 8
[2026-04-19T03:24:55.167Z INFO  worker::batch_maker] Batch QnOC19yLHv2Ot9trowLrHu6noX4OIXVP5Jba5ZS/dOk= contains 204800 B
[2026-04-19T03:24:55.220Z INFO  worker::batch_maker] Batch x9ENnJH3jYADe8SFTIrNfi8OEcVLxf0q8PrUJTG2F6E= contains sample tx 9
[2026-04-19T03:24:55.220Z INFO  worker::batch_maker] Batch x9ENnJH3jYADe8SFTIrNfi8OEcVLxf0q8PrUJTG2F6E= contains 204800 B
[2026-04-19T03:24:55.272Z INFO  worker::batch_maker] Batch xvLCDWN5vEnMBsLe7oB+GC7qiZxkFWxbEvMLTfI1rx0= contains sample tx 10
[2026-04-19T03:24:55.272Z INFO  worker::batch_maker] Batch xvLCDWN5vEnMBsLe7oB+GC7qiZxkFWxbEvMLTfI1rx0= contains 204800 B
[2026-04-19T03:24:55.326Z INFO  worker::batch_maker] Batch CAUBag0tCoi0dKXP1e5eNu8gdVPOmIBanAmn3HbA2i8= contains sample tx 11
[2026-04-19T03:24:55.326Z INFO  worker::batch_maker] Batch CAUBag0tCoi0dKXP1e5eNu8gdVPOmIBanAmn3HbA2i8= contains 204800 B
[2026-04-19T03:24:55.380Z INFO  worker::batch_maker] Batch uzSsZQEMLWUSpB3HQNR3EaTlyYZB9K/P0Q8fKWP5WFc= contains sample tx 12
[2026-04-19T03:24:55.381Z INFO  worker::batch_maker] Batch uzSsZQEMLWUSpB3HQNR3EaTlyYZB9K/P0Q8fKWP5WFc= contains 204800 B
[2026-04-19T03:24:55.434Z INFO  worker::batch_maker] Batch JLFyVOXigJqp9LmgtrFWgBAs6FYmYG0rJ1FE/ruHXAM= contains sample tx 13
[2026-04-19T03:24:55.434Z INFO  worker::batch_maker] Batch JLFyVOXigJqp9LmgtrFWgBAs6FYmYG0rJ1FE/ruHXAM= contains 204800 B
[2026-04-19T03:24:55.488Z INFO  worker::batch_maker] Batch it5MxlUVMAaDxSaIrcfEIr8pn4GpVkCpUKE10PN9jOY= contains sample tx 14
[2026-04-19T03:24:55.488Z INFO  worker::batch_maker] Batch it5MxlUVMAaDxSaIrcfEIr8pn4GpVkCpUKE10PN9jOY= contains 204800 B
[2026-04-19T03:24:55.542Z INFO  worker::batch_maker] Batch TB5+JJC8RbrE24g3l1Bh8SVgbMECy1gC6OqulL0K/n0= contains sample tx 15
[2026-04-19T03:24:55.542Z INFO  worker::batch_maker] Batch TB5+JJC8RbrE24g3l1Bh8SVgbMECy1gC6OqulL0K/n0= contains 204800 B
[2026-04-19T03:24:55.596Z INFO  worker::batch_maker] Batch nfeRCeg8Vi8ezyQcTJkjEXczIotbDkLCYVWbn+ISkCE= contains sample tx 16
[2026-04-19T03:24:55.596Z INFO  worker::batch_maker] Batch nfeRCeg8Vi8ezyQcTJkjEXczIotbDkLCYVWbn+ISkCE= contains 204800 B
[2026-04-19T03:24:55.649Z INFO  worker::batch_maker] Batch Uh/mSMT1HkNcAdbnYaktVZCjFUC8JvSzYA5W9z7vUzE= contains sample tx 17
[2026-04-19T03:24:55.649Z INFO  worker::batch_maker] Batch Uh/mSMT1HkNcAdbnYaktVZCjFUC8JvSzYA5W9z7vUzE= contains 204800 B
[2026-04-19T03:24:55.702Z INFO  worker::batch_maker] Batch 5rpgjaUqss/ZtNbntVFM6YSW2jpwdZF2zCYOSEQBQd8= contains sample tx 18
[2026-04-19T03:24:55.702Z INFO  worker::batch_maker] Batch 5rpgjaUqss/ZtNbntVFM6YSW2jpwdZF2zCYOSEQBQd8= contains 205312 B
[2026-04-19T03:24:55.757Z INFO  worker::batch_maker] Batch 7yEqWUS0CM709RrrOYNR9hryNt4PlaNL1SKG/8AJoXQ= contains sample tx 19
[2026-04-19T03:24:55.757Z INFO  worker::batch_maker] Batch 7yEqWUS0CM709RrrOYNR9hryNt4PlaNL1SKG/8AJoXQ= contains sample tx 20
[2026-04-19T03:24:55.757Z INFO  worker::batch_maker] Batch 7yEqWUS0CM709RrrOYNR9hryNt4PlaNL1SKG/8AJoXQ= contains 347136 B
[2026-04-19T03:24:55.810Z INFO  worker::batch_maker] Batch 1PPezNn9phDHbigyg9c3caCOCcb2Ix/c37GgMNvkVuI= contains sample tx 21
[2026-04-19T03:24:55.810Z INFO  worker::batch_maker] Batch 1PPezNn9phDHbigyg9c3caCOCcb2Ix/c37GgMNvkVuI= contains 173568 B
[2026-04-19T03:24:55.865Z INFO  worker::batch_maker] Batch mBYTjugNPRD8ndBVpDOPetoRYgM3UfoAHJbK5OX7K7M= contains sample tx 22
[2026-04-19T03:24:55.865Z INFO  worker::batch_maker] Batch mBYTjugNPRD8ndBVpDOPetoRYgM3UfoAHJbK5OX7K7M= contains 297984 B
[2026-04-19T03:24:55.918Z INFO  worker::batch_maker] Batch ppFMD9rewUp0nISrCz5O7KgyKyfZWRyaB9Oj1nK9fOY= contains sample tx 23
[2026-04-19T03:24:55.918Z INFO  worker::batch_maker] Batch ppFMD9rewUp0nISrCz5O7KgyKyfZWRyaB9Oj1nK9fOY= contains 204800 B
[2026-04-19T03:24:55.969Z INFO  worker::batch_maker] Batch 6myKxzIW3NC7ksRZPmQI2GBJo5uJYmhJY2lQgcYtCFY= contains sample tx 24
[2026-04-19T03:24:55.969Z INFO  worker::batch_maker] Batch 6myKxzIW3NC7ksRZPmQI2GBJo5uJYmhJY2lQgcYtCFY= contains 204800 B
[2026-04-19T03:24:56.022Z INFO  worker::batch_maker] Batch GpOIyRvd9mKfvwpnnXkzq12KzQOyypPtaF2zrLee5EI= contains sample tx 25
[2026-04-19T03:24:56.022Z INFO  worker::batch_maker] Batch GpOIyRvd9mKfvwpnnXkzq12KzQOyypPtaF2zrLee5EI= contains 204800 B
[2026-04-19T03:24:56.032Z INFO  network::receiver] Incoming connection established with 10.10.1.6:53290
[2026-04-19T03:24:56.032Z INFO  network::simple_sender] Outgoing connection established with 10.10.1.10:5049
[2026-04-19T03:24:56.032Z INFO  network::receiver] Incoming connection established with 10.10.1.10:51870
[2026-04-19T03:24:56.075Z INFO  worker::batch_maker] Batch RBoMZJf0gNobi2Zw6b59lFi6OFgU4Qh5c+jLAViF4+8= contains sample tx 26
[2026-04-19T03:24:56.075Z INFO  worker::batch_maker] Batch RBoMZJf0gNobi2Zw6b59lFi6OFgU4Qh5c+jLAViF4+8= contains 204800 B
[2026-04-19T03:24:56.129Z INFO  worker::batch_maker] Batch bwTg/Us9JRG4ta5TeMiv25ULBafqRskMMCunY9lrY4g= contains sample tx 27
[2026-04-19T03:24:56.129Z INFO  worker::batch_maker] Batch bwTg/Us9JRG4ta5TeMiv25ULBafqRskMMCunY9lrY4g= contains 204800 B
[2026-04-19T03:24:56.183Z INFO  worker::batch_maker] Batch icCZc+yPR2AfiYXSz1CnPdj79paBQcoAFfKfLvcGKd0= contains sample tx 28
[2026-04-19T03:24:56.183Z INFO  worker::batch_maker] Batch icCZc+yPR2AfiYXSz1CnPdj79paBQcoAFfKfLvcGKd0= contains 204800 B
[2026-04-19T03:24:56.235Z INFO  worker::batch_maker] Batch PK+GXD5htXjg5FQ1/d2Jwz8rUpecXgPSwlF3RG2/ZqA= contains sample tx 29
[2026-04-19T03:24:56.235Z INFO  worker::batch_maker] Batch PK+GXD5htXjg5FQ1/d2Jwz8rUpecXgPSwlF3RG2/ZqA= contains 204800 B
[2026-04-19T03:24:56.287Z INFO  worker::batch_maker] Batch goMeaQpqdn8SQDfqbpsPCbRhIheqM9PHplUN4W43Obg= contains sample tx 30
[2026-04-19T03:24:56.287Z INFO  worker::batch_maker] Batch goMeaQpqdn8SQDfqbpsPCbRhIheqM9PHplUN4W43Obg= contains 204800 B
[2026-04-19T03:24:56.339Z INFO  worker::batch_maker] Batch cRVCSP8c7UmLLYxcol4BaWO1/WNCGxS6kFuvYFhejeg= contains sample tx 31
[2026-04-19T03:24:56.339Z INFO  worker::batch_maker] Batch cRVCSP8c7UmLLYxcol4BaWO1/WNCGxS6kFuvYFhejeg= contains 204800 B
[2026-04-19T03:24:56.392Z INFO  worker::batch_maker] Batch uwTbBhXosTBZabcOzavOYwqJdBkiYxHBPWixJ/9mAS8= contains sample tx 32
[2026-04-19T03:24:56.392Z INFO  worker::batch_maker] Batch uwTbBhXosTBZabcOzavOYwqJdBkiYxHBPWixJ/9mAS8= contains 204800 B
[2026-04-19T03:24:56.446Z INFO  worker::batch_maker] Batch S5nx+OMmP9fS4DNJv5SvBjA6AP5GofaV/FXIHe/NZ3g= contains sample tx 33
[2026-04-19T03:24:56.446Z INFO  worker::batch_maker] Batch S5nx+OMmP9fS4DNJv5SvBjA6AP5GofaV/FXIHe/NZ3g= contains 204800 B
[2026-04-19T03:24:56.499Z INFO  worker::batch_maker] Batch IA/lqGEmX7tYZIF8tIoZjecOZCbuB3ckxjTHMe/70Ks= contains sample tx 34
[2026-04-19T03:24:56.499Z INFO  worker::batch_maker] Batch IA/lqGEmX7tYZIF8tIoZjecOZCbuB3ckxjTHMe/70Ks= contains 204800 B
[2026-04-19T03:24:56.550Z INFO  worker::batch_maker] Batch 3jGz4J2zRNMEhGUuLI/ZKl9eWeN1TNoeSNWT8Hkdy5w= contains sample tx 35
[2026-04-19T03:24:56.550Z INFO  worker::batch_maker] Batch 3jGz4J2zRNMEhGUuLI/ZKl9eWeN1TNoeSNWT8Hkdy5w= contains 204800 B
[2026-04-19T03:24:56.604Z INFO  worker::batch_maker] Batch XmycY0Y7YjJq0q+Jbo+F1aw6emKB0uENe4oUj1s+v4A= contains sample tx 36
[2026-04-19T03:24:56.604Z INFO  worker::batch_maker] Batch XmycY0Y7YjJq0q+Jbo+F1aw6emKB0uENe4oUj1s+v4A= contains sample tx 37
[2026-04-19T03:24:56.604Z INFO  worker::batch_maker] Batch XmycY0Y7YjJq0q+Jbo+F1aw6emKB0uENe4oUj1s+v4A= contains 247808 B
[2026-04-19T03:24:56.660Z INFO  worker::batch_maker] Batch Gg55aIcJ7OpXlmCUQnWndJm2QDVj+PoCSEOP3tNbE1I= contains sample tx 38
[2026-04-19T03:24:56.660Z INFO  worker::batch_maker] Batch Gg55aIcJ7OpXlmCUQnWndJm2QDVj+PoCSEOP3tNbE1I= contains 288256 B
[2026-04-19T03:24:56.713Z INFO  worker::batch_maker] Batch MIuvPMWnI02/ya5PT0+uQdgABx4iltwCNKEw6144w1o= contains sample tx 39
[2026-04-19T03:24:56.713Z INFO  worker::batch_maker] Batch MIuvPMWnI02/ya5PT0+uQdgABx4iltwCNKEw6144w1o= contains 283136 B
[2026-04-19T03:24:56.765Z INFO  worker::batch_maker] Batch 6z+Xznl56kt3gaxUgSiF/GSkf6xXMHNtkf++/V6aRwc= contains sample tx 40
[2026-04-19T03:24:56.765Z INFO  worker::batch_maker] Batch 6z+Xznl56kt3gaxUgSiF/GSkf6xXMHNtkf++/V6aRwc= contains 204800 B
[2026-04-19T03:24:56.819Z INFO  worker::batch_maker] Batch mrDllAYHGoABah5rKX9urd9U92hIjzVGY7DZlA0NbUs= contains sample tx 41
[2026-04-19T03:24:56.819Z INFO  worker::batch_maker] Batch mrDllAYHGoABah5rKX9urd9U92hIjzVGY7DZlA0NbUs= contains 204800 B
[2026-04-19T03:24:56.872Z INFO  worker::batch_maker] Batch E+1ZmkVeI2c7giblsuDwGWa2KWNw2n7wpARC07GFHZM= contains sample tx 42
[2026-04-19T03:24:56.872Z INFO  worker::batch_maker] Batch E+1ZmkVeI2c7giblsuDwGWa2KWNw2n7wpARC07GFHZM= contains 204800 B
[2026-04-19T03:24:56.924Z INFO  worker::batch_maker] Batch VYMJfjOlkLETMS837OjQw/Sf9KkEvRu6Sq03lhPJaqk= contains sample tx 43
[2026-04-19T03:24:56.924Z INFO  worker::batch_maker] Batch VYMJfjOlkLETMS837OjQw/Sf9KkEvRu6Sq03lhPJaqk= contains 204800 B
[2026-04-19T03:24:56.977Z INFO  worker::batch_maker] Batch VQYy6EJYMryzVepJEDJMBGB3i2lNSE/TsZrFsnvz7ZE= contains sample tx 44
[2026-04-19T03:24:56.978Z INFO  worker::batch_maker] Batch VQYy6EJYMryzVepJEDJMBGB3i2lNSE/TsZrFsnvz7ZE= contains 204800 B
[2026-04-19T03:24:56.984Z INFO  network::receiver] Incoming connection established with 10.10.1.1:49234
[2026-04-19T03:24:56.984Z INFO  network::receiver] Incoming connection established with 10.10.1.4:38910
[2026-04-19T03:24:57.029Z INFO  worker::batch_maker] Batch Njya//zRdLXkjLmAkLz2l/Z80gsam3KrHgsJQ4HTQBs= contains sample tx 45
[2026-04-19T03:24:57.029Z INFO  worker::batch_maker] Batch Njya//zRdLXkjLmAkLz2l/Z80gsam3KrHgsJQ4HTQBs= contains 204800 B
[2026-04-19T03:24:57.083Z INFO  worker::batch_maker] Batch otYoIMkT4wTSvfZPzA2/uLFxOWjLns6w4733h42cZLY= contains sample tx 46
[2026-04-19T03:24:57.083Z INFO  worker::batch_maker] Batch otYoIMkT4wTSvfZPzA2/uLFxOWjLns6w4733h42cZLY= contains 204800 B
[2026-04-19T03:24:57.136Z INFO  worker::batch_maker] Batch doysTe7eLYrV4BjcnWGZZrj63v72kGy1dXNztiTyBN0= contains sample tx 47
[2026-04-19T03:24:57.136Z INFO  worker::batch_maker] Batch doysTe7eLYrV4BjcnWGZZrj63v72kGy1dXNztiTyBN0= contains 204800 B
[2026-04-19T03:24:57.189Z INFO  worker::batch_maker] Batch CXaipsvYQZ4cI46x/mO804dQdDY0mh/NCPRHqY0VTxQ= contains sample tx 48
[2026-04-19T03:24:57.189Z INFO  worker::batch_maker] Batch CXaipsvYQZ4cI46x/mO804dQdDY0mh/NCPRHqY0VTxQ= contains 204800 B
[2026-04-19T03:24:57.244Z INFO  worker::batch_maker] Batch NR9ZTuaJfBrDqE2797UHogG/c5gWGiGJ74vpSHCuG1k= contains sample tx 49
[2026-04-19T03:24:57.244Z INFO  worker::batch_maker] Batch NR9ZTuaJfBrDqE2797UHogG/c5gWGiGJ74vpSHCuG1k= contains 204800 B
[2026-04-19T03:24:57.296Z INFO  worker::batch_maker] Batch BEY8+0PTeO4r/AiyFHjEgHcJPTmbM6jZPz4VEvYfuD8= contains sample tx 50
[2026-04-19T03:24:57.296Z INFO  worker::batch_maker] Batch BEY8+0PTeO4r/AiyFHjEgHcJPTmbM6jZPz4VEvYfuD8= contains 204800 B
[2026-04-19T03:24:57.349Z INFO  worker::batch_maker] Batch DfuuTMQfNVjKuFkdyGHI5A63TuBn6f4QvXxNTT2vqpk= contains sample tx 51
[2026-04-19T03:24:57.349Z INFO  worker::batch_maker] Batch DfuuTMQfNVjKuFkdyGHI5A63TuBn6f4QvXxNTT2vqpk= contains 204800 B
[2026-04-19T03:24:57.401Z INFO  worker::batch_maker] Batch iVn8Zl7msNKIBfJLXO7VkC+S2IvnjnQfUPkPhn9D0T0= contains sample tx 52
[2026-04-19T03:24:57.401Z INFO  worker::batch_maker] Batch iVn8Zl7msNKIBfJLXO7VkC+S2IvnjnQfUPkPhn9D0T0= contains 204800 B
[2026-04-19T03:24:57.452Z INFO  worker::batch_maker] Batch hhbW9Y6g8OihLChm2bQQ/nHoXOtHNfTrVxWpQ5GciwA= contains sample tx 53
[2026-04-19T03:24:57.452Z INFO  worker::batch_maker] Batch hhbW9Y6g8OihLChm2bQQ/nHoXOtHNfTrVxWpQ5GciwA= contains sample tx 54
[2026-04-19T03:24:57.452Z INFO  worker::batch_maker] Batch hhbW9Y6g8OihLChm2bQQ/nHoXOtHNfTrVxWpQ5GciwA= contains 284672 B
[2026-04-19T03:24:57.506Z INFO  worker::batch_maker] Batch n6FZHbqDH76OLm7u7hPxy8/hPIGNxs8o5Q4A039Z/7s= contains sample tx 55
[2026-04-19T03:24:57.506Z INFO  worker::batch_maker] Batch n6FZHbqDH76OLm7u7hPxy8/hPIGNxs8o5Q4A039Z/7s= contains 329728 B
[2026-04-19T03:24:57.560Z INFO  worker::batch_maker] Batch jvVR/R9msIQUbN7FWAcCdmoMu7B7pv8z9kbb9jUYIwQ= contains sample tx 56
[2026-04-19T03:24:57.560Z INFO  worker::batch_maker] Batch jvVR/R9msIQUbN7FWAcCdmoMu7B7pv8z9kbb9jUYIwQ= contains 204800 B
[2026-04-19T03:24:57.612Z INFO  worker::batch_maker] Batch bhS0gl5+oQ6M9zWkFpCTJcedLSXUMqt/5JCyh7wSZ+0= contains sample tx 57
[2026-04-19T03:24:57.612Z INFO  worker::batch_maker] Batch bhS0gl5+oQ6M9zWkFpCTJcedLSXUMqt/5JCyh7wSZ+0= contains 204800 B
[2026-04-19T03:24:57.665Z INFO  worker::batch_maker] Batch SquCkH4XvyYg4ErhDZKvjqHGfjApLT97ULLV6TS8Fj4= contains sample tx 58
[2026-04-19T03:24:57.665Z INFO  worker::batch_maker] Batch SquCkH4XvyYg4ErhDZKvjqHGfjApLT97ULLV6TS8Fj4= contains 204800 B
[2026-04-19T03:24:57.717Z INFO  worker::batch_maker] Batch KGm5pbfvNdlYDnddFN/fITUuflZg+10aQidaQdutsm8= contains sample tx 59
[2026-04-19T03:24:57.717Z INFO  worker::batch_maker] Batch KGm5pbfvNdlYDnddFN/fITUuflZg+10aQidaQdutsm8= contains 204800 B
[2026-04-19T03:24:57.770Z INFO  worker::batch_maker] Batch nE8oNovXfpdE5joCiPqFnIgaWBx0wR16q8qWMegJXts= contains sample tx 60
[2026-04-19T03:24:57.770Z INFO  worker::batch_maker] Batch nE8oNovXfpdE5joCiPqFnIgaWBx0wR16q8qWMegJXts= contains 204800 B
[2026-04-19T03:24:57.823Z INFO  worker::batch_maker] Batch 4gMsCP/FcQu42vA30vUvFOH3V4EvP5eQuaiJQm0QUK0= contains sample tx 61
[2026-04-19T03:24:57.823Z INFO  worker::batch_maker] Batch 4gMsCP/FcQu42vA30vUvFOH3V4EvP5eQuaiJQm0QUK0= contains 204800 B
[2026-04-19T03:24:57.876Z INFO  worker::batch_maker] Batch +NSa3SVDRQGXg4zDaMqWq+dRdMfuPODBVRM64/2Tx9Y= contains sample tx 62
[2026-04-19T03:24:57.876Z INFO  worker::batch_maker] Batch +NSa3SVDRQGXg4zDaMqWq+dRdMfuPODBVRM64/2Tx9Y= contains 204800 B
[2026-04-19T03:24:57.928Z INFO  worker::batch_maker] Batch 8692MCoV2HtnngvuF2H9LJb95Eev0k+JNOqBtxhB0wA= contains sample tx 63
[2026-04-19T03:24:57.928Z INFO  worker::batch_maker] Batch 8692MCoV2HtnngvuF2H9LJb95Eev0k+JNOqBtxhB0wA= contains 204800 B
[2026-04-19T03:24:57.981Z INFO  worker::batch_maker] Batch MzRB44OATsbGHpCXfNai9Y3RIsEeBHPkQSKmmacmTKQ= contains sample tx 64
[2026-04-19T03:24:57.981Z INFO  worker::batch_maker] Batch MzRB44OATsbGHpCXfNai9Y3RIsEeBHPkQSKmmacmTKQ= contains 204800 B
[2026-04-19T03:24:57.986Z INFO  network::receiver] Incoming connection established with 10.10.1.3:51594
[2026-04-19T03:24:57.986Z INFO  network::receiver] Incoming connection established with 10.10.1.2:37062
[2026-04-19T03:24:57.986Z INFO  network::receiver] Incoming connection established with 10.10.1.5:54812
[2026-04-19T03:24:57.987Z INFO  network::receiver] Incoming connection established with 10.10.1.9:57052
[2026-04-19T03:24:58.035Z INFO  worker::batch_maker] Batch QoAld/OaQkqc+ZpxVGtGEiq2lQQGhhRdKKRpx53F0Xc= contains sample tx 65
[2026-04-19T03:24:58.035Z INFO  worker::batch_maker] Batch QoAld/OaQkqc+ZpxVGtGEiq2lQQGhhRdKKRpx53F0Xc= contains 204800 B
[2026-04-19T03:24:58.089Z INFO  worker::batch_maker] Batch WMJf9UmZIgAgBFw5S0uuxGR4lBf8YDUXVNtmi1frbGo= contains sample tx 66
[2026-04-19T03:24:58.089Z INFO  worker::batch_maker] Batch WMJf9UmZIgAgBFw5S0uuxGR4lBf8YDUXVNtmi1frbGo= contains 204800 B
[2026-04-19T03:24:58.142Z INFO  worker::batch_maker] Batch XiXXaWBBm+RbI6kHuBoh2jRUJFQ+0tJNfkJQwMjI4VY= contains sample tx 67
[2026-04-19T03:24:58.142Z INFO  worker::batch_maker] Batch XiXXaWBBm+RbI6kHuBoh2jRUJFQ+0tJNfkJQwMjI4VY= contains 204800 B
[2026-04-19T03:24:58.196Z INFO  worker::batch_maker] Batch VQlTOEmQfQ8S2Ri8/f6ZBkSKZCVI1fnsFuEHMu1VvNU= contains sample tx 68
[2026-04-19T03:24:58.197Z INFO  worker::batch_maker] Batch VQlTOEmQfQ8S2Ri8/f6ZBkSKZCVI1fnsFuEHMu1VvNU= contains 204800 B
[2026-04-19T03:24:58.250Z INFO  worker::batch_maker] Batch Qw4BGjR0L+5s9GLvxgd62lVGxg6c3gHAm5oeDmJtnLQ= contains sample tx 69
[2026-04-19T03:24:58.250Z INFO  worker::batch_maker] Batch Qw4BGjR0L+5s9GLvxgd62lVGxg6c3gHAm5oeDmJtnLQ= contains 204800 B
[2026-04-19T03:24:58.303Z INFO  worker::batch_maker] Batch JwB9XvjxU272a2n2Jke9BQSE9p9yR7MalrKFepcZ5o4= contains sample tx 70
[2026-04-19T03:24:58.303Z INFO  worker::batch_maker] Batch JwB9XvjxU272a2n2Jke9BQSE9p9yR7MalrKFepcZ5o4= contains 204800 B
[2026-04-19T03:24:58.359Z INFO  worker::batch_maker] Batch XYkWPUhZ62loJbhxhZzV0YVQdHrt4Xd4b3fExm021Vs= contains sample tx 71
[2026-04-19T03:24:58.478Z INFO  worker::batch_maker] Batch XYkWPUhZ62loJbhxhZzV0YVQdHrt4Xd4b3fExm021Vs= contains sample tx 72
[2026-04-19T03:24:58.478Z INFO  worker::batch_maker] Batch XYkWPUhZ62loJbhxhZzV0YVQdHrt4Xd4b3fExm021Vs= contains 409600 B
[2026-04-19T03:24:58.519Z INFO  worker::batch_maker] Batch Ps1Ch62SOFb14WppvPRY/8+m2BV3j+eeLUY4z4lEpno= contains sample tx 73
[2026-04-19T03:24:58.519Z INFO  worker::batch_maker] Batch Ps1Ch62SOFb14WppvPRY/8+m2BV3j+eeLUY4z4lEpno= contains sample tx 74
[2026-04-19T03:24:58.519Z INFO  worker::batch_maker] Batch Ps1Ch62SOFb14WppvPRY/8+m2BV3j+eeLUY4z4lEpno= contains sample tx 75
[2026-04-19T03:24:58.519Z INFO  worker::batch_maker] Batch Ps1Ch62SOFb14WppvPRY/8+m2BV3j+eeLUY4z4lEpno= contains 500224 B
[2026-04-19T03:24:58.574Z INFO  worker::batch_maker] Batch l5T98pSoDhaG3u2PMgM8bPGSEWgopp5lyIneYs28+xs= contains sample tx 76
[2026-04-19T03:24:58.574Z INFO  worker::batch_maker] Batch l5T98pSoDhaG3u2PMgM8bPGSEWgopp5lyIneYs28+xs= contains 318976 B
[2026-04-19T03:24:58.627Z INFO  worker::batch_maker] Batch /CE6Cz6C2rO9NE4qDNbht5qZ3N2P0/eamyWSsR3crcU= contains sample tx 77
[2026-04-19T03:24:58.627Z INFO  worker::batch_maker] Batch /CE6Cz6C2rO9NE4qDNbht5qZ3N2P0/eamyWSsR3crcU= contains 204800 B
[2026-04-19T03:24:58.680Z INFO  worker::batch_maker] Batch EmOxKNJMkEgcwRnaJPaS/yS8jt4v3ENbuk7TR5aVXBQ= contains sample tx 78
[2026-04-19T03:24:58.680Z INFO  worker::batch_maker] Batch EmOxKNJMkEgcwRnaJPaS/yS8jt4v3ENbuk7TR5aVXBQ= contains 204800 B
[2026-04-19T03:24:58.732Z INFO  worker::batch_maker] Batch 9r5JE8znrisf/Iid3Tc/t2hRv0Ta+VLJZZBsPOrzjZw= contains sample tx 79
[2026-04-19T03:24:58.732Z INFO  worker::batch_maker] Batch 9r5JE8znrisf/Iid3Tc/t2hRv0Ta+VLJZZBsPOrzjZw= contains 204800 B
[2026-04-19T03:24:58.738Z INFO  network::receiver] Incoming connection established with 10.10.1.8:39092
[2026-04-19T03:24:58.738Z INFO  network::receiver] Incoming connection established with 10.10.1.7:50418
[2026-04-19T03:24:58.783Z INFO  worker::batch_maker] Batch yS7x40jfFfnzZrnDTQxbFVz0V3ZGIvwhN4DQ+36YW24= contains sample tx 80
[2026-04-19T03:24:58.783Z INFO  worker::batch_maker] Batch yS7x40jfFfnzZrnDTQxbFVz0V3ZGIvwhN4DQ+36YW24= contains 204800 B
[2026-04-19T03:24:58.836Z INFO  worker::batch_maker] Batch YdQzv0jQRu147t7h0KCj3VooAZOOdZMxlvaYnVJLGXo= contains sample tx 81
[2026-04-19T03:24:58.836Z INFO  worker::batch_maker] Batch YdQzv0jQRu147t7h0KCj3VooAZOOdZMxlvaYnVJLGXo= contains 204800 B
[2026-04-19T03:24:58.887Z INFO  worker::batch_maker] Batch r/86/d7nV2Tf4exruLf8UtnK/mlS+S/ioeIMRfSDYw4= contains sample tx 82
[2026-04-19T03:24:58.887Z INFO  worker::batch_maker] Batch r/86/d7nV2Tf4exruLf8UtnK/mlS+S/ioeIMRfSDYw4= contains 204800 B
[2026-04-19T03:24:58.939Z INFO  worker::batch_maker] Batch j1M0KpeUkSwljH6DtsEQTegDmrhJETAbH5qejqIiO38= contains sample tx 83
[2026-04-19T03:24:58.939Z INFO  worker::batch_maker] Batch j1M0KpeUkSwljH6DtsEQTegDmrhJETAbH5qejqIiO38= contains 204800 B
[2026-04-19T03:24:58.992Z INFO  worker::batch_maker] Batch TfpCZ6ndWFkY+SCO+J5SKfVa7PNDERobP9ZGh61C134= contains sample tx 84
[2026-04-19T03:24:58.993Z INFO  worker::batch_maker] Batch TfpCZ6ndWFkY+SCO+J5SKfVa7PNDERobP9ZGh61C134= contains 204800 B
[2026-04-19T03:24:59.045Z INFO  worker::batch_maker] Batch 2eh9AfgAs+oDacyFzx9S0Iv5vkcOlrzo9ELxf6RAC8A= contains sample tx 85
[2026-04-19T03:24:59.045Z INFO  worker::batch_maker] Batch 2eh9AfgAs+oDacyFzx9S0Iv5vkcOlrzo9ELxf6RAC8A= contains 204800 B
[2026-04-19T03:24:59.098Z INFO  worker::batch_maker] Batch eS3Nvhz5sHNUynWOsQxxaC28STqK2ynySmUwKS+eyeo= contains sample tx 86
[2026-04-19T03:24:59.098Z INFO  worker::batch_maker] Batch eS3Nvhz5sHNUynWOsQxxaC28STqK2ynySmUwKS+eyeo= contains 204800 B
[2026-04-19T03:24:59.150Z INFO  worker::batch_maker] Batch 86Hx6z1HdyvacEqEJuzXIDP4afgtWtHA6cTIhjpPcHI= contains sample tx 87
[2026-04-19T03:24:59.150Z INFO  worker::batch_maker] Batch 86Hx6z1HdyvacEqEJuzXIDP4afgtWtHA6cTIhjpPcHI= contains 204800 B
[2026-04-19T03:24:59.205Z INFO  worker::batch_maker] Batch Q2/JMCr4GcC/FKxDT43QBDPeoADdAYaeVGqBEYrAX9Q= contains sample tx 88
[2026-04-19T03:24:59.205Z INFO  worker::batch_maker] Batch Q2/JMCr4GcC/FKxDT43QBDPeoADdAYaeVGqBEYrAX9Q= contains sample tx 89
[2026-04-19T03:24:59.205Z INFO  worker::batch_maker] Batch Q2/JMCr4GcC/FKxDT43QBDPeoADdAYaeVGqBEYrAX9Q= contains 251904 B
[2026-04-19T03:24:59.261Z INFO  worker::batch_maker] Batch b77Hj2/40PJfq2Z61TGVL18CygJX0W699UGEUv/kqAk= contains sample tx 90
[2026-04-19T03:24:59.261Z INFO  worker::batch_maker] Batch b77Hj2/40PJfq2Z61TGVL18CygJX0W699UGEUv/kqAk= contains 295936 B
[2026-04-19T03:24:59.315Z INFO  worker::batch_maker] Batch fdgTsrKMJcHIHdUEC/TQ0tzb6/SI22k1MAhj+YqMd0Q= contains sample tx 91
[2026-04-19T03:24:59.315Z INFO  worker::batch_maker] Batch fdgTsrKMJcHIHdUEC/TQ0tzb6/SI22k1MAhj+YqMd0Q= contains 271360 B
[2026-04-19T03:24:59.369Z INFO  worker::batch_maker] Batch uxMA+XcZ22ayOpDwL/C271ic1uYk3hcoGYudAttikD0= contains sample tx 92
[2026-04-19T03:24:59.369Z INFO  worker::batch_maker] Batch uxMA+XcZ22ayOpDwL/C271ic1uYk3hcoGYudAttikD0= contains 204800 B
[2026-04-19T03:24:59.423Z INFO  worker::batch_maker] Batch Qbnd0XXpul3vZtbk5mNiAoK0MqbriTUTf7GElmg0umU= contains sample tx 93
[2026-04-19T03:24:59.423Z INFO  worker::batch_maker] Batch Qbnd0XXpul3vZtbk5mNiAoK0MqbriTUTf7GElmg0umU= contains 204800 B
[2026-04-19T03:24:59.476Z INFO  worker::batch_maker] Batch Rke4B9F0Gov+L2dBgkySCWLbH+tJ/XDDDL+Q75UBaZQ= contains sample tx 94
[2026-04-19T03:24:59.476Z INFO  worker::batch_maker] Batch Rke4B9F0Gov+L2dBgkySCWLbH+tJ/XDDDL+Q75UBaZQ= contains 204800 B
[2026-04-19T03:24:59.527Z INFO  worker::batch_maker] Batch wiiSwifngLUZ0Aa9ps4uFh8E0Q7HoKYI/S1MrlJPCWM= contains sample tx 95
[2026-04-19T03:24:59.527Z INFO  worker::batch_maker] Batch wiiSwifngLUZ0Aa9ps4uFh8E0Q7HoKYI/S1MrlJPCWM= contains 204800 B
[2026-04-19T03:24:59.581Z INFO  worker::batch_maker] Batch LJBGoZdtEimVlKSz35x7ZdrGTqnAqmGD37yPfmL3fP0= contains sample tx 96
[2026-04-19T03:24:59.581Z INFO  worker::batch_maker] Batch LJBGoZdtEimVlKSz35x7ZdrGTqnAqmGD37yPfmL3fP0= contains 204800 B
[2026-04-19T03:24:59.633Z INFO  worker::batch_maker] Batch PyegAd4mP4advTQUXHbYL4GA3/eEPavc9Si2d4Z6SEM= contains sample tx 97
[2026-04-19T03:24:59.633Z INFO  worker::batch_maker] Batch PyegAd4mP4advTQUXHbYL4GA3/eEPavc9Si2d4Z6SEM= contains 204800 B
[2026-04-19T03:24:59.687Z INFO  worker::batch_maker] Batch z/7WPWZzVHzSyghZsgz9wQHcsci9HVx++m4Yhj01fm0= contains sample tx 98
[2026-04-19T03:24:59.687Z INFO  worker::batch_maker] Batch z/7WPWZzVHzSyghZsgz9wQHcsci9HVx++m4Yhj01fm0= contains 204800 B
[2026-04-19T03:24:59.739Z INFO  worker::batch_maker] Batch EH/h8oQvHTABNJuT+sjEkkWIVedGnpRIR3i63nfRrbQ= contains sample tx 99
[2026-04-19T03:24:59.739Z INFO  worker::batch_maker] Batch EH/h8oQvHTABNJuT+sjEkkWIVedGnpRIR3i63nfRrbQ= contains 204800 B
[2026-04-19T03:24:59.793Z INFO  worker::batch_maker] Batch GbTsWhgVRYmfx7YvKvBA1CNo9OFGyg19C0J3jlmLrbk= contains sample tx 100
[2026-04-19T03:24:59.793Z INFO  worker::batch_maker] Batch GbTsWhgVRYmfx7YvKvBA1CNo9OFGyg19C0J3jlmLrbk= contains 204800 B
[2026-04-19T03:24:59.846Z INFO  worker::batch_maker] Batch 8kxcVVAoxmN+dFHXhTfK523B6H2IG6cg1cC70cDiIMo= contains sample tx 101
[2026-04-19T03:24:59.846Z INFO  worker::batch_maker] Batch 8kxcVVAoxmN+dFHXhTfK523B6H2IG6cg1cC70cDiIMo= contains 195072 B
[2026-04-19T03:24:59.900Z INFO  worker::batch_maker] Batch XbWs/S48gpwi5mGZ0dErdCoCPI86ohHFMyrynS0r+RA= contains sample tx 102
[2026-04-19T03:24:59.900Z INFO  worker::batch_maker] Batch XbWs/S48gpwi5mGZ0dErdCoCPI86ohHFMyrynS0r+RA= contains 214528 B
[2026-04-19T03:24:59.952Z INFO  worker::batch_maker] Batch zXHEIb0wTSwseHgE8NucKJ5ula667NtwCoDSfp+HuAs= contains sample tx 103
[2026-04-19T03:24:59.952Z INFO  worker::batch_maker] Batch zXHEIb0wTSwseHgE8NucKJ5ula667NtwCoDSfp+HuAs= contains 205312 B
[2026-04-19T03:25:00.006Z INFO  worker::batch_maker] Batch kFhzIzCLXCM0u3ob904LbgGyhKKBOqQIrZjsnOrZHAI= contains sample tx 104
[2026-04-19T03:25:00.006Z INFO  worker::batch_maker] Batch kFhzIzCLXCM0u3ob904LbgGyhKKBOqQIrZjsnOrZHAI= contains sample tx 105
[2026-04-19T03:25:00.006Z INFO  worker::batch_maker] Batch kFhzIzCLXCM0u3ob904LbgGyhKKBOqQIrZjsnOrZHAI= contains 293376 B
[2026-04-19T03:25:00.061Z INFO  worker::batch_maker] Batch XvUPh741XLrg2jWAFgyQE/1vp28IwVIFTNGO+PIyL0Y= contains sample tx 106
[2026-04-19T03:25:00.061Z INFO  worker::batch_maker] Batch XvUPh741XLrg2jWAFgyQE/1vp28IwVIFTNGO+PIyL0Y= contains 320512 B
[2026-04-19T03:25:00.115Z INFO  worker::batch_maker] Batch ShRjvjpBeTSWSE8wm7TMZPniW2Lq2iM4U/RW2gM8PsI= contains sample tx 107
[2026-04-19T03:25:00.115Z INFO  worker::batch_maker] Batch ShRjvjpBeTSWSE8wm7TMZPniW2Lq2iM4U/RW2gM8PsI= contains 204800 B
[2026-04-19T03:25:00.167Z INFO  worker::batch_maker] Batch 4BR1rXxxhE4tkUzt1mTTgvyifPSDK9gNu01PrDfDUIk= contains sample tx 108
[2026-04-19T03:25:00.167Z INFO  worker::batch_maker] Batch 4BR1rXxxhE4tkUzt1mTTgvyifPSDK9gNu01PrDfDUIk= contains 204800 B
[2026-04-19T03:25:00.220Z INFO  worker::batch_maker] Batch CtkC+Zy8skII9d31SXdFuUEzE4GjZhWvjU1ZatbZyEs= contains sample tx 109
[2026-04-19T03:25:00.220Z INFO  worker::batch_maker] Batch CtkC+Zy8skII9d31SXdFuUEzE4GjZhWvjU1ZatbZyEs= contains 204800 B
[2026-04-19T03:25:00.273Z INFO  worker::batch_maker] Batch ZFfdACTvSXh8aLCbTPxdShm4Luw2AFxCkNx6Xn64+TM= contains sample tx 110
[2026-04-19T03:25:00.273Z INFO  worker::batch_maker] Batch ZFfdACTvSXh8aLCbTPxdShm4Luw2AFxCkNx6Xn64+TM= contains 204800 B
[2026-04-19T03:25:00.327Z INFO  worker::batch_maker] Batch rJn3ISKkcfjk0o8PUNnGDvOLenyGJBFowfhRMK+ZycI= contains sample tx 111
[2026-04-19T03:25:00.327Z INFO  worker::batch_maker] Batch rJn3ISKkcfjk0o8PUNnGDvOLenyGJBFowfhRMK+ZycI= contains 204800 B
[2026-04-19T03:25:00.380Z INFO  worker::batch_maker] Batch T6yJvZ2/GmbLdEwhXnPpwpesrvnZlwf8oYSDV2+HUlQ= contains sample tx 112
[2026-04-19T03:25:00.380Z INFO  worker::batch_maker] Batch T6yJvZ2/GmbLdEwhXnPpwpesrvnZlwf8oYSDV2+HUlQ= contains 204800 B
[2026-04-19T03:25:00.433Z INFO  worker::batch_maker] Batch QRTc44fjJK18kRPCmxilQoGwnw1PtksEXsLrUK3yJRA= contains sample tx 113
[2026-04-19T03:25:00.433Z INFO  worker::batch_maker] Batch QRTc44fjJK18kRPCmxilQoGwnw1PtksEXsLrUK3yJRA= contains 204800 B
[2026-04-19T03:25:00.487Z INFO  worker::batch_maker] Batch HnGBBbxwCoegeAw3xEe660ayFSJ1dnApMrvPC2nPWCg= contains sample tx 114
[2026-04-19T03:25:00.487Z INFO  worker::batch_maker] Batch HnGBBbxwCoegeAw3xEe660ayFSJ1dnApMrvPC2nPWCg= contains 204800 B
[2026-04-19T03:25:00.541Z INFO  worker::batch_maker] Batch YbfVtidSFAELYj4h/8f2DzFum8iWSiPcwHLuYtfhnHA= contains sample tx 115
[2026-04-19T03:25:00.541Z INFO  worker::batch_maker] Batch YbfVtidSFAELYj4h/8f2DzFum8iWSiPcwHLuYtfhnHA= contains 204800 B
[2026-04-19T03:25:00.594Z INFO  worker::batch_maker] Batch 4GcFbNu2OdbKjlqMOvjE8KvNSX5HQ2Uu5TxUIftC/ek= contains sample tx 116
[2026-04-19T03:25:00.594Z INFO  worker::batch_maker] Batch 4GcFbNu2OdbKjlqMOvjE8KvNSX5HQ2Uu5TxUIftC/ek= contains 204800 B
[2026-04-19T03:25:00.646Z INFO  worker::batch_maker] Batch 7L0kT1mkuMGLurPyvD+AJSGKB3nzr2z4ydpJVYP+aPU= contains sample tx 117
[2026-04-19T03:25:00.646Z INFO  worker::batch_maker] Batch 7L0kT1mkuMGLurPyvD+AJSGKB3nzr2z4ydpJVYP+aPU= contains 204800 B
[2026-04-19T03:25:00.700Z INFO  worker::batch_maker] Batch 6SqcWk19bsPEJjQLsYOh7D2t2Z4MHES2FlqXWtpwpuQ= contains sample tx 118
[2026-04-19T03:25:00.700Z INFO  worker::batch_maker] Batch 6SqcWk19bsPEJjQLsYOh7D2t2Z4MHES2FlqXWtpwpuQ= contains 204800 B
[2026-04-19T03:25:00.752Z INFO  worker::batch_maker] Batch ghC0Z3HsZG4iSZ5ehqaxzsKD/koMXLCpspKxGdaUq1s= contains sample tx 119
[2026-04-19T03:25:00.752Z INFO  worker::batch_maker] Batch ghC0Z3HsZG4iSZ5ehqaxzsKD/koMXLCpspKxGdaUq1s= contains 205312 B
[2026-04-19T03:25:00.806Z INFO  worker::batch_maker] Batch JfRAvtbqez0J6Q37W4Xy60WfDTIYX8okcqTWDOWyGUU= contains sample tx 120
[2026-04-19T03:25:00.806Z INFO  worker::batch_maker] Batch JfRAvtbqez0J6Q37W4Xy60WfDTIYX8okcqTWDOWyGUU= contains sample tx 121
[2026-04-19T03:25:00.806Z INFO  worker::batch_maker] Batch JfRAvtbqez0J6Q37W4Xy60WfDTIYX8okcqTWDOWyGUU= contains 340992 B
[2026-04-19T03:25:00.860Z INFO  worker::batch_maker] Batch WCdQfwdUszIpSIgQ1y3K2xFB7AN46DjqnBhBwmEiJnA= contains sample tx 122
[2026-04-19T03:25:00.860Z INFO  worker::batch_maker] Batch WCdQfwdUszIpSIgQ1y3K2xFB7AN46DjqnBhBwmEiJnA= contains 272896 B
[2026-04-19T03:25:00.913Z INFO  worker::batch_maker] Batch K3NAHps65r0LIztwkagIeB+O5N963URlOp/rMMgB8QE= contains sample tx 123
[2026-04-19T03:25:00.913Z INFO  worker::batch_maker] Batch K3NAHps65r0LIztwkagIeB+O5N963URlOp/rMMgB8QE= contains 204800 B
[2026-04-19T03:25:00.966Z INFO  worker::batch_maker] Batch 7d8O9A2yHVlBQELht09NcPYgQ7XTnrmRSwPaKSnJ0zI= contains sample tx 124
[2026-04-19T03:25:00.966Z INFO  worker::batch_maker] Batch 7d8O9A2yHVlBQELht09NcPYgQ7XTnrmRSwPaKSnJ0zI= contains 204800 B
[2026-04-19T03:25:01.019Z INFO  worker::batch_maker] Batch 2ZYK4n2PRw/h/ycHNxCpx2Cj3MWPiiR7IzlW7cjryRQ= contains sample tx 125
[2026-04-19T03:25:01.019Z INFO  worker::batch_maker] Batch 2ZYK4n2PRw/h/ycHNxCpx2Cj3MWPiiR7IzlW7cjryRQ= contains 204800 B
[2026-04-19T03:25:01.073Z INFO  worker::batch_maker] Batch GArtAkZqrm/237FRX/bAVJIHUz1Cy+Gl8XOF0urh7W0= contains sample tx 126
[2026-04-19T03:25:01.073Z INFO  worker::batch_maker] Batch GArtAkZqrm/237FRX/bAVJIHUz1Cy+Gl8XOF0urh7W0= contains 204800 B
[2026-04-19T03:25:01.125Z INFO  worker::batch_maker] Batch MDNbVDBPtCvutZzYeBS/Clhw/SU8tyTkkV3KmICZHps= contains sample tx 127
[2026-04-19T03:25:01.125Z INFO  worker::batch_maker] Batch MDNbVDBPtCvutZzYeBS/Clhw/SU8tyTkkV3KmICZHps= contains 204800 B
[2026-04-19T03:25:01.179Z INFO  worker::batch_maker] Batch YGaHxt+d62RtN728KH9JoldnRoF5jdGM7NS7cHxQFyc= contains sample tx 128
[2026-04-19T03:25:01.179Z INFO  worker::batch_maker] Batch YGaHxt+d62RtN728KH9JoldnRoF5jdGM7NS7cHxQFyc= contains 204800 B
[2026-04-19T03:25:01.233Z INFO  worker::batch_maker] Batch PvYnHyTfNFbeSCCn/GN26uXDg4cCe1UnpC7/Ld6n+Bk= contains sample tx 129
[2026-04-19T03:25:01.233Z INFO  worker::batch_maker] Batch PvYnHyTfNFbeSCCn/GN26uXDg4cCe1UnpC7/Ld6n+Bk= contains 204800 B
[2026-04-19T03:25:01.286Z INFO  worker::batch_maker] Batch 0Xz67WPx66mlBkp4SjayGxwMDExkeCHg2BVj/UTbK0E= contains sample tx 130
[2026-04-19T03:25:01.286Z INFO  worker::batch_maker] Batch 0Xz67WPx66mlBkp4SjayGxwMDExkeCHg2BVj/UTbK0E= contains 204800 B
[2026-04-19T03:25:01.339Z INFO  worker::batch_maker] Batch Dlm8+XXwPcpV/fnSd5zZvKbTv/j34O2uFnSdIcmEnZQ= contains sample tx 131
[2026-04-19T03:25:01.339Z INFO  worker::batch_maker] Batch Dlm8+XXwPcpV/fnSd5zZvKbTv/j34O2uFnSdIcmEnZQ= contains 204800 B
[2026-04-19T03:25:01.390Z INFO  worker::batch_maker] Batch 5Fvixw+ivtNueIIx+djKGKa6QSyXa1x6dYPlpTs6hvQ= contains sample tx 132
[2026-04-19T03:25:01.390Z INFO  worker::batch_maker] Batch 5Fvixw+ivtNueIIx+djKGKa6QSyXa1x6dYPlpTs6hvQ= contains 204800 B
[2026-04-19T03:25:01.443Z INFO  worker::batch_maker] Batch 5n5fDXWE+uEG11fuo3z+iCqWwhiY1medRsUD9BdIwJc= contains sample tx 133
[2026-04-19T03:25:01.443Z INFO  worker::batch_maker] Batch 5n5fDXWE+uEG11fuo3z+iCqWwhiY1medRsUD9BdIwJc= contains 204800 B
[2026-04-19T03:25:01.494Z INFO  worker::batch_maker] Batch CnB9z7eCJQ5IHhoDMBDEwSao1WUm8//fyTzdgeteerw= contains sample tx 134
[2026-04-19T03:25:01.494Z INFO  worker::batch_maker] Batch CnB9z7eCJQ5IHhoDMBDEwSao1WUm8//fyTzdgeteerw= contains 204800 B
[2026-04-19T03:25:01.547Z INFO  worker::batch_maker] Batch xOEGEbRYVnd4h9dc7LKNFx8uBFVPx9PFyqDtmHe2sco= contains sample tx 135
[2026-04-19T03:25:01.547Z INFO  worker::batch_maker] Batch xOEGEbRYVnd4h9dc7LKNFx8uBFVPx9PFyqDtmHe2sco= contains 204800 B
[2026-04-19T03:25:01.599Z INFO  worker::batch_maker] Batch cHrUAcS5PLnasdPWTbJwjy+7j266UZtOVReb2kQGfSA= contains sample tx 136
[2026-04-19T03:25:01.599Z INFO  worker::batch_maker] Batch cHrUAcS5PLnasdPWTbJwjy+7j266UZtOVReb2kQGfSA= contains 204800 B
[2026-04-19T03:25:01.652Z INFO  worker::batch_maker] Batch KJqlfcoatZPadruWHoQ50nnXyiXgfDocheIInSbDeLo= contains sample tx 137
[2026-04-19T03:25:01.652Z INFO  worker::batch_maker] Batch KJqlfcoatZPadruWHoQ50nnXyiXgfDocheIInSbDeLo= contains 209408 B
[2026-04-19T03:25:01.707Z INFO  worker::batch_maker] Batch zCPTFY1f4qKj0KMdVKDVof5pFf2g0WzaAd8oN8IgT9o= contains sample tx 138
[2026-04-19T03:25:01.707Z INFO  worker::batch_maker] Batch zCPTFY1f4qKj0KMdVKDVof5pFf2g0WzaAd8oN8IgT9o= contains sample tx 139
[2026-04-19T03:25:01.707Z INFO  worker::batch_maker] Batch zCPTFY1f4qKj0KMdVKDVof5pFf2g0WzaAd8oN8IgT9o= contains 310272 B
[2026-04-19T03:25:01.761Z INFO  worker::batch_maker] Batch kGVoZ3fDhul6rHBmqO2qqs90H1zUgTWms94UbYZwJCs= contains sample tx 140
[2026-04-19T03:25:01.761Z INFO  worker::batch_maker] Batch kGVoZ3fDhul6rHBmqO2qqs90H1zUgTWms94UbYZwJCs= contains 299520 B
[2026-04-19T03:25:01.814Z INFO  worker::batch_maker] Batch ykQU5yBcRVKJx9yEXBDtPv430W+emNMJiKt9adTqJvk= contains sample tx 141
[2026-04-19T03:25:01.814Z INFO  worker::batch_maker] Batch ykQU5yBcRVKJx9yEXBDtPv430W+emNMJiKt9adTqJvk= contains 204800 B
[2026-04-19T03:25:01.866Z INFO  worker::batch_maker] Batch 8+UcMTWMrGdNWiQkn9obL86bTJMyu906RpRVYOSgUCQ= contains sample tx 142
[2026-04-19T03:25:01.866Z INFO  worker::batch_maker] Batch 8+UcMTWMrGdNWiQkn9obL86bTJMyu906RpRVYOSgUCQ= contains 204800 B
[2026-04-19T03:25:01.919Z INFO  worker::batch_maker] Batch yHa1hIoidLYdgSzTDf/xdLSBNfNK4flqTqH5vlN5oA4= contains sample tx 143
[2026-04-19T03:25:01.919Z INFO  worker::batch_maker] Batch yHa1hIoidLYdgSzTDf/xdLSBNfNK4flqTqH5vlN5oA4= contains 204800 B
[2026-04-19T03:25:01.972Z INFO  worker::batch_maker] Batch PGQyCGwW4IlwuHsFaEAmlznMR7Mgl69ty1q5lAJO5tc= contains sample tx 144
[2026-04-19T03:25:01.972Z INFO  worker::batch_maker] Batch PGQyCGwW4IlwuHsFaEAmlznMR7Mgl69ty1q5lAJO5tc= contains 204800 B
[2026-04-19T03:25:02.025Z INFO  worker::batch_maker] Batch K4wY2+NELGbD3olqLBRkIS8pyZgHAuS+ujCXgQ07Uys= contains sample tx 145
[2026-04-19T03:25:02.025Z INFO  worker::batch_maker] Batch K4wY2+NELGbD3olqLBRkIS8pyZgHAuS+ujCXgQ07Uys= contains 204800 B
[2026-04-19T03:25:02.078Z INFO  worker::batch_maker] Batch GDi16Iz7jLCmJsmMFWL7slbz+tOCFrdplv7hDK80H1Q= contains sample tx 146
[2026-04-19T03:25:02.078Z INFO  worker::batch_maker] Batch GDi16Iz7jLCmJsmMFWL7slbz+tOCFrdplv7hDK80H1Q= contains 204800 B
[2026-04-19T03:25:02.129Z INFO  worker::batch_maker] Batch ouIY3MtWVnqQdp1EnwZFEdHT4px0hhJNDp+jBi/aSHc= contains sample tx 147
[2026-04-19T03:25:02.129Z INFO  worker::batch_maker] Batch ouIY3MtWVnqQdp1EnwZFEdHT4px0hhJNDp+jBi/aSHc= contains 204800 B
[2026-04-19T03:25:02.182Z INFO  worker::batch_maker] Batch W/tw//ntMNocClqJ86aOUPrVt4JLqCMeYHHXhdlXKXY= contains sample tx 148
[2026-04-19T03:25:02.182Z INFO  worker::batch_maker] Batch W/tw//ntMNocClqJ86aOUPrVt4JLqCMeYHHXhdlXKXY= contains 204800 B
[2026-04-19T03:25:02.238Z INFO  worker::batch_maker] Batch kJVnz+VZsV7J3wc/FBO/BmWzVHgz7tx+z7D2rK2+zqA= contains sample tx 149
[2026-04-19T03:25:02.238Z INFO  worker::batch_maker] Batch kJVnz+VZsV7J3wc/FBO/BmWzVHgz7tx+z7D2rK2+zqA= contains 204800 B
[2026-04-19T03:25:02.292Z INFO  worker::batch_maker] Batch uuz3uuxTooABFXj4DcSXH5iCaUBHncs2FynRiOT9bns= contains sample tx 150
[2026-04-19T03:25:02.292Z INFO  worker::batch_maker] Batch uuz3uuxTooABFXj4DcSXH5iCaUBHncs2FynRiOT9bns= contains 204800 B
[2026-04-19T03:25:02.345Z INFO  worker::batch_maker] Batch KM6lBZ0XDoscMpjMNCCpKQdQcJ7OphEQpNDpxfZdQWI= contains sample tx 151
[2026-04-19T03:25:02.345Z INFO  worker::batch_maker] Batch KM6lBZ0XDoscMpjMNCCpKQdQcJ7OphEQpNDpxfZdQWI= contains 204800 B
[2026-04-19T03:25:02.398Z INFO  worker::batch_maker] Batch kB5BpiVln/X0mk+sl4SRY/MdwofAeLwGfk6BeEm3/u8= contains sample tx 152
[2026-04-19T03:25:02.398Z INFO  worker::batch_maker] Batch kB5BpiVln/X0mk+sl4SRY/MdwofAeLwGfk6BeEm3/u8= contains 204800 B
[2026-04-19T03:25:02.450Z INFO  worker::batch_maker] Batch FX3xp1K5cImNwPeJKhL3seCHnNEWW7bOZyRVj8CfonQ= contains sample tx 153
[2026-04-19T03:25:02.450Z INFO  worker::batch_maker] Batch FX3xp1K5cImNwPeJKhL3seCHnNEWW7bOZyRVj8CfonQ= contains 204800 B
[2026-04-19T03:25:02.501Z INFO  worker::batch_maker] Batch fqEbXc20M6hHuabfzsXjXxk1hVt4MuI9NkeZnhFxMbg= contains sample tx 154
[2026-04-19T03:25:02.501Z INFO  worker::batch_maker] Batch fqEbXc20M6hHuabfzsXjXxk1hVt4MuI9NkeZnhFxMbg= contains 205312 B
[2026-04-19T03:25:02.555Z INFO  worker::batch_maker] Batch i5j7fxTnrERuYS2hj6IA5mF6XL83qILm8wyWiuWo+BE= contains sample tx 155
[2026-04-19T03:25:02.555Z INFO  worker::batch_maker] Batch i5j7fxTnrERuYS2hj6IA5mF6XL83qILm8wyWiuWo+BE= contains sample tx 156
[2026-04-19T03:25:02.555Z INFO  worker::batch_maker] Batch i5j7fxTnrERuYS2hj6IA5mF6XL83qILm8wyWiuWo+BE= contains 297984 B
[2026-04-19T03:25:02.610Z INFO  worker::batch_maker] Batch AtpYs5zjMTHByNzW/hPLVF9fxxJ2kTe8QR1om7nFZ+k= contains sample tx 157
[2026-04-19T03:25:02.611Z INFO  worker::batch_maker] Batch AtpYs5zjMTHByNzW/hPLVF9fxxJ2kTe8QR1om7nFZ+k= contains 295424 B
[2026-04-19T03:25:02.665Z INFO  worker::batch_maker] Batch M91G+jMP2WM6d/MF2uON8l5bipZ3gvkZu90jqPLImOo= contains sample tx 158
[2026-04-19T03:25:02.665Z INFO  worker::batch_maker] Batch M91G+jMP2WM6d/MF2uON8l5bipZ3gvkZu90jqPLImOo= contains 225280 B
[2026-04-19T03:25:02.717Z INFO  worker::batch_maker] Batch wfLlFM+mpWUEaYXOiKOfged8OoYuf8KG4HD4TaXJuf0= contains sample tx 159
[2026-04-19T03:25:02.717Z INFO  worker::batch_maker] Batch wfLlFM+mpWUEaYXOiKOfged8OoYuf8KG4HD4TaXJuf0= contains 204800 B
[2026-04-19T03:25:02.770Z INFO  worker::batch_maker] Batch DBoPI8qvFsM0V1ZGDYJgmfBda5ATp5zbW35ANyTtNv8= contains sample tx 160
[2026-04-19T03:25:02.770Z INFO  worker::batch_maker] Batch DBoPI8qvFsM0V1ZGDYJgmfBda5ATp5zbW35ANyTtNv8= contains 204800 B
[2026-04-19T03:25:02.822Z INFO  worker::batch_maker] Batch rMNsG+8PI+sf6rI+ybAxtI9NrPwtswSUJlwAKCVj9Qg= contains sample tx 161
[2026-04-19T03:25:02.822Z INFO  worker::batch_maker] Batch rMNsG+8PI+sf6rI+ybAxtI9NrPwtswSUJlwAKCVj9Qg= contains 204800 B
[2026-04-19T03:25:02.874Z INFO  worker::batch_maker] Batch iDZup0b/I/0Unxcgo4IwGnc24wybv35ExHa5D9JG5U4= contains sample tx 162
[2026-04-19T03:25:02.874Z INFO  worker::batch_maker] Batch iDZup0b/I/0Unxcgo4IwGnc24wybv35ExHa5D9JG5U4= contains 204800 B
[2026-04-19T03:25:02.927Z INFO  worker::batch_maker] Batch Cp7Wb/oPcEBuw2QbwakjFFe6vcFPmejMhJQg3BjVGQU= contains sample tx 163
[2026-04-19T03:25:02.929Z INFO  worker::batch_maker] Batch Cp7Wb/oPcEBuw2QbwakjFFe6vcFPmejMhJQg3BjVGQU= contains 204800 B
[2026-04-19T03:25:02.984Z INFO  worker::batch_maker] Batch aowdG+4bT88QbZWsKxo3xM0ZtcmeQf0q5p4/fdDgbbw= contains sample tx 164
[2026-04-19T03:25:02.984Z INFO  worker::batch_maker] Batch aowdG+4bT88QbZWsKxo3xM0ZtcmeQf0q5p4/fdDgbbw= contains 204800 B
[2026-04-19T03:25:03.038Z INFO  worker::batch_maker] Batch m1beSA51YDgJNBH8sJewVphrGWysLnjHIkYml/sqqy4= contains sample tx 165
[2026-04-19T03:25:03.038Z INFO  worker::batch_maker] Batch m1beSA51YDgJNBH8sJewVphrGWysLnjHIkYml/sqqy4= contains 204800 B
[2026-04-19T03:25:03.091Z INFO  worker::batch_maker] Batch WLWKx7LuTnsKKoO50hfYRyUjiCgRDSgisoUG2Td0kiw= contains sample tx 166
[2026-04-19T03:25:03.091Z INFO  worker::batch_maker] Batch WLWKx7LuTnsKKoO50hfYRyUjiCgRDSgisoUG2Td0kiw= contains 204800 B
[2026-04-19T03:25:03.145Z INFO  worker::batch_maker] Batch Sq0hsacKjlcllOevV91IwPz+3Hr76Xp9ITLvGh1hcUo= contains sample tx 167
[2026-04-19T03:25:03.145Z INFO  worker::batch_maker] Batch Sq0hsacKjlcllOevV91IwPz+3Hr76Xp9ITLvGh1hcUo= contains 204800 B
[2026-04-19T03:25:03.199Z INFO  worker::batch_maker] Batch XqcL1HqWKUUCelLRj4Shvzhrr+lYc4bbrQTudgVEni8= contains sample tx 168
[2026-04-19T03:25:03.199Z INFO  worker::batch_maker] Batch XqcL1HqWKUUCelLRj4Shvzhrr+lYc4bbrQTudgVEni8= contains 204800 B
[2026-04-19T03:25:03.251Z INFO  worker::batch_maker] Batch b9uW8ydiyFtmKI/koETUmPdu2at7sivYg09ObM6mUFg= contains sample tx 169
[2026-04-19T03:25:03.251Z INFO  worker::batch_maker] Batch b9uW8ydiyFtmKI/koETUmPdu2at7sivYg09ObM6mUFg= contains 204800 B
[2026-04-19T03:25:03.302Z INFO  worker::batch_maker] Batch 8sdyO2a5cgHmITfqNouqhhf38s1ST3G/qtMj5CFj2g4= contains sample tx 170
[2026-04-19T03:25:03.303Z INFO  worker::batch_maker] Batch 8sdyO2a5cgHmITfqNouqhhf38s1ST3G/qtMj5CFj2g4= contains 248320 B
[2026-04-19T03:25:03.357Z INFO  worker::batch_maker] Batch To58QiunJb5hf1skvo+44H/2cABqmKixPvyPw361pgU= contains sample tx 171
[2026-04-19T03:25:03.357Z INFO  worker::batch_maker] Batch To58QiunJb5hf1skvo+44H/2cABqmKixPvyPw361pgU= contains sample tx 172
[2026-04-19T03:25:03.357Z INFO  worker::batch_maker] Batch To58QiunJb5hf1skvo+44H/2cABqmKixPvyPw361pgU= contains 366080 B
[2026-04-19T03:25:03.411Z INFO  worker::batch_maker] Batch SEBpZVNyEMsXM7umVlY4MabqiNbXl78DmQkipg06kiQ= contains sample tx 173
[2026-04-19T03:25:03.411Z INFO  worker::batch_maker] Batch SEBpZVNyEMsXM7umVlY4MabqiNbXl78DmQkipg06kiQ= contains 204800 B
[2026-04-19T03:25:03.465Z INFO  worker::batch_maker] Batch iTHK0vh6SmYpYyd8JEg/vWcOz8INaUVwChlXYssolaQ= contains sample tx 174
[2026-04-19T03:25:03.465Z INFO  worker::batch_maker] Batch iTHK0vh6SmYpYyd8JEg/vWcOz8INaUVwChlXYssolaQ= contains 204800 B
[2026-04-19T03:25:03.517Z INFO  worker::batch_maker] Batch iepChNb/FUSEq/WqbSQnbHcEkrFIBmQIgzDM9yTuuSI= contains sample tx 175
[2026-04-19T03:25:03.517Z INFO  worker::batch_maker] Batch iepChNb/FUSEq/WqbSQnbHcEkrFIBmQIgzDM9yTuuSI= contains 204800 B
[2026-04-19T03:25:03.571Z INFO  worker::batch_maker] Batch u0N/miHEW0cY/yg/emT24H6gPcsN9mtWI28+Kf5qSSw= contains sample tx 176
[2026-04-19T03:25:03.571Z INFO  worker::batch_maker] Batch u0N/miHEW0cY/yg/emT24H6gPcsN9mtWI28+Kf5qSSw= contains 204800 B
[2026-04-19T03:25:03.625Z INFO  worker::batch_maker] Batch vynybBQ6MPpuAC0YAdV4LlXiZUDIVXL81uB17hF4ns8= contains sample tx 177
[2026-04-19T03:25:03.625Z INFO  worker::batch_maker] Batch vynybBQ6MPpuAC0YAdV4LlXiZUDIVXL81uB17hF4ns8= contains 204800 B
[2026-04-19T03:25:03.677Z INFO  worker::batch_maker] Batch Jk5IP84ZL44ZuueszZzqW2AofL5oEUSqQ7EcNw6ZFmE= contains sample tx 178
[2026-04-19T03:25:03.677Z INFO  worker::batch_maker] Batch Jk5IP84ZL44ZuueszZzqW2AofL5oEUSqQ7EcNw6ZFmE= contains 204800 B
[2026-04-19T03:25:03.731Z INFO  worker::batch_maker] Batch HCOR2CXnom3jOsKW6DxZKxNgQsHcVOQ2nh4J8tAAKD4= contains sample tx 179
[2026-04-19T03:25:03.731Z INFO  worker::batch_maker] Batch HCOR2CXnom3jOsKW6DxZKxNgQsHcVOQ2nh4J8tAAKD4= contains 204800 B
[2026-04-19T03:25:03.783Z INFO  worker::batch_maker] Batch xTjrCo66I+kuNCuiwLRW46qejVv3ThmPVjbZdcRqHyY= contains sample tx 180
[2026-04-19T03:25:03.783Z INFO  worker::batch_maker] Batch xTjrCo66I+kuNCuiwLRW46qejVv3ThmPVjbZdcRqHyY= contains 204800 B
[2026-04-19T03:25:03.838Z INFO  worker::batch_maker] Batch i9NS8oHi0/IRFZUVjZ8DGXKXIIWXNj/CSPwMfPmptTI= contains sample tx 181
[2026-04-19T03:25:03.838Z INFO  worker::batch_maker] Batch i9NS8oHi0/IRFZUVjZ8DGXKXIIWXNj/CSPwMfPmptTI= contains 204800 B
[2026-04-19T03:25:03.891Z INFO  worker::batch_maker] Batch mX4YOSECKYMroEuPH0vml9EzAvEvN5kTYSMvR9mlwR0= contains sample tx 182
[2026-04-19T03:25:03.891Z INFO  worker::batch_maker] Batch mX4YOSECKYMroEuPH0vml9EzAvEvN5kTYSMvR9mlwR0= contains 204800 B
[2026-04-19T03:25:03.945Z INFO  worker::batch_maker] Batch h+8yJlRqUQLdFV7CosZ0eDM/CIf7XBA0rNKz6By/SUM= contains sample tx 183
[2026-04-19T03:25:03.945Z INFO  worker::batch_maker] Batch h+8yJlRqUQLdFV7CosZ0eDM/CIf7XBA0rNKz6By/SUM= contains 204800 B
[2026-04-19T03:25:03.998Z INFO  worker::batch_maker] Batch I2K9k9ysX3lpTtXMlK+qK5CTc/2eZH+G2GICA6vDC7A= contains sample tx 184
[2026-04-19T03:25:03.998Z INFO  worker::batch_maker] Batch I2K9k9ysX3lpTtXMlK+qK5CTc/2eZH+G2GICA6vDC7A= contains 204800 B
[2026-04-19T03:25:04.052Z INFO  worker::batch_maker] Batch hZJOPH4otCrw0OckvEm3QRlniPrwvEaA/8qbdOW1NIk= contains sample tx 185
[2026-04-19T03:25:04.052Z INFO  worker::batch_maker] Batch hZJOPH4otCrw0OckvEm3QRlniPrwvEaA/8qbdOW1NIk= contains 204800 B
[2026-04-19T03:25:04.108Z INFO  worker::batch_maker] Batch VKuv4gNEZDN8Hdv/6qtuDRQ/HKABJHFokOjWwDk4HTo= contains sample tx 186
[2026-04-19T03:25:04.108Z INFO  worker::batch_maker] Batch VKuv4gNEZDN8Hdv/6qtuDRQ/HKABJHFokOjWwDk4HTo= contains sample tx 187
[2026-04-19T03:25:04.108Z INFO  worker::batch_maker] Batch VKuv4gNEZDN8Hdv/6qtuDRQ/HKABJHFokOjWwDk4HTo= contains 409600 B
[2026-04-19T03:25:04.160Z INFO  worker::batch_maker] Batch 3gMc4PGkl8++9OGxOT1qH8fknQyhPXflsnyAMA/gH8g= contains sample tx 188
[2026-04-19T03:25:04.161Z INFO  worker::batch_maker] Batch 3gMc4PGkl8++9OGxOT1qH8fknQyhPXflsnyAMA/gH8g= contains 204800 B
[2026-04-19T03:25:04.213Z INFO  worker::batch_maker] Batch 9a0ojUEhJOe2xn17fHtoYBO1g+CeKb8fkx9WRNDFKbs= contains sample tx 189
[2026-04-19T03:25:04.213Z INFO  worker::batch_maker] Batch 9a0ojUEhJOe2xn17fHtoYBO1g+CeKb8fkx9WRNDFKbs= contains 204800 B
[2026-04-19T03:25:04.266Z INFO  worker::batch_maker] Batch YpEuVQZmxeN6cKCEeRTZ5pzmXzR39UVdqsQBkyt869Y= contains sample tx 190
[2026-04-19T03:25:04.266Z INFO  worker::batch_maker] Batch YpEuVQZmxeN6cKCEeRTZ5pzmXzR39UVdqsQBkyt869Y= contains 204800 B
[2026-04-19T03:25:04.318Z INFO  worker::batch_maker] Batch gwx+5qW9EciGtGEl1vi2JxLhg8bK3nKtHQ7iT/T8GM0= contains sample tx 191
[2026-04-19T03:25:04.318Z INFO  worker::batch_maker] Batch gwx+5qW9EciGtGEl1vi2JxLhg8bK3nKtHQ7iT/T8GM0= contains 204800 B
[2026-04-19T03:25:04.371Z INFO  worker::batch_maker] Batch xNw2aAZ3l5YeEM0FVXtUt2YhuL07H0DN/9QfawG9hKo= contains sample tx 192
[2026-04-19T03:25:04.371Z INFO  worker::batch_maker] Batch xNw2aAZ3l5YeEM0FVXtUt2YhuL07H0DN/9QfawG9hKo= contains 204800 B
[2026-04-19T03:25:04.424Z INFO  worker::batch_maker] Batch loR6IIL8WbF+eLiDoyGTsClKzZyy0lsU33V071oUxwA= contains sample tx 193
[2026-04-19T03:25:04.424Z INFO  worker::batch_maker] Batch loR6IIL8WbF+eLiDoyGTsClKzZyy0lsU33V071oUxwA= contains 204800 B
[2026-04-19T03:25:04.478Z INFO  worker::batch_maker] Batch N3yXHjuj2ZDDIeaZMUeKIPM5pIt9cEqJrQspFfn7fTY= contains sample tx 194
[2026-04-19T03:25:04.478Z INFO  worker::batch_maker] Batch N3yXHjuj2ZDDIeaZMUeKIPM5pIt9cEqJrQspFfn7fTY= contains 204800 B
[2026-04-19T03:25:04.531Z INFO  worker::batch_maker] Batch qjeBUDlsN+hqnDCmNpiEyUijSfh7EF9UaJCbgqSUCGQ= contains sample tx 195
[2026-04-19T03:25:04.531Z INFO  worker::batch_maker] Batch qjeBUDlsN+hqnDCmNpiEyUijSfh7EF9UaJCbgqSUCGQ= contains 204800 B
[2026-04-19T03:25:04.585Z INFO  worker::batch_maker] Batch Tyzy77muk5cLZGfCuiYltMqoR3XCztECu77y9XssRtg= contains sample tx 196
[2026-04-19T03:25:04.585Z INFO  worker::batch_maker] Batch Tyzy77muk5cLZGfCuiYltMqoR3XCztECu77y9XssRtg= contains 204800 B
[2026-04-19T03:25:04.638Z INFO  worker::batch_maker] Batch 4v1lnKx/ZoHo42qCkmA1yp707CO1TrqyjYvCycXllrE= contains sample tx 197
[2026-04-19T03:25:04.638Z INFO  worker::batch_maker] Batch 4v1lnKx/ZoHo42qCkmA1yp707CO1TrqyjYvCycXllrE= contains 204800 B
[2026-04-19T03:25:04.697Z INFO  worker::batch_maker] Batch hn6hCCA4eYuEqGYJENZjJ22Q+Gvhmt2W/8j6dvrRzoE= contains sample tx 198
[2026-04-19T03:25:04.697Z INFO  worker::batch_maker] Batch hn6hCCA4eYuEqGYJENZjJ22Q+Gvhmt2W/8j6dvrRzoE= contains 204800 B
[2026-04-19T03:25:04.751Z INFO  worker::batch_maker] Batch SK8mbwmR7icJSLYPMz5sCKBS/DGwoXbLeqJKb9g7v7g= contains sample tx 199
[2026-04-19T03:25:04.751Z INFO  worker::batch_maker] Batch SK8mbwmR7icJSLYPMz5sCKBS/DGwoXbLeqJKb9g7v7g= contains 204800 B
[2026-04-19T03:25:04.803Z INFO  worker::batch_maker] Batch lrur0zxfR2OQO0DOP7H7iBlio6Trutw3p8EDX+UJDlk= contains sample tx 200
[2026-04-19T03:25:04.804Z INFO  worker::batch_maker] Batch lrur0zxfR2OQO0DOP7H7iBlio6Trutw3p8EDX+UJDlk= contains 233472 B
[2026-04-19T03:25:04.857Z INFO  worker::batch_maker] Batch ulnWBK2wLkkE1HPfeW8xljRmksgMejwk0+dn7V2XRGU= contains sample tx 201
[2026-04-19T03:25:04.857Z INFO  worker::batch_maker] Batch ulnWBK2wLkkE1HPfeW8xljRmksgMejwk0+dn7V2XRGU= contains sample tx 202
[2026-04-19T03:25:04.857Z INFO  worker::batch_maker] Batch ulnWBK2wLkkE1HPfeW8xljRmksgMejwk0+dn7V2XRGU= contains 380928 B
[2026-04-19T03:25:04.911Z INFO  worker::batch_maker] Batch Co07qrrGThhL0C0HWYHmVkrIEwqJrx+zRTwlmU42bD8= contains sample tx 203
[2026-04-19T03:25:04.911Z INFO  worker::batch_maker] Batch Co07qrrGThhL0C0HWYHmVkrIEwqJrx+zRTwlmU42bD8= contains 204800 B
[2026-04-19T03:25:04.963Z INFO  worker::batch_maker] Batch ePBSskdO0mu82Cxk64xVD3TvLiFdZ9/9X57hFYDvppY= contains sample tx 204
[2026-04-19T03:25:04.963Z INFO  worker::batch_maker] Batch ePBSskdO0mu82Cxk64xVD3TvLiFdZ9/9X57hFYDvppY= contains 204800 B
[2026-04-19T03:25:05.016Z INFO  worker::batch_maker] Batch aK+0+0ZE0zSyj0suLG4m3p51FOHOfDjRPMGXYiGEZUU= contains sample tx 205
[2026-04-19T03:25:05.016Z INFO  worker::batch_maker] Batch aK+0+0ZE0zSyj0suLG4m3p51FOHOfDjRPMGXYiGEZUU= contains 204800 B
[2026-04-19T03:25:05.070Z INFO  worker::batch_maker] Batch nnStzkTebpS5DgJG3SR+PKsbkDYovdj6Vn1jPrUSOMc= contains sample tx 206
[2026-04-19T03:25:05.070Z INFO  worker::batch_maker] Batch nnStzkTebpS5DgJG3SR+PKsbkDYovdj6Vn1jPrUSOMc= contains 204800 B
[2026-04-19T03:25:05.123Z INFO  worker::batch_maker] Batch r923m6tvJdrBp4n39h9ekRPSJdLztZ/SaC9GckioQPk= contains sample tx 207
[2026-04-19T03:25:05.124Z INFO  worker::batch_maker] Batch r923m6tvJdrBp4n39h9ekRPSJdLztZ/SaC9GckioQPk= contains 204800 B
[2026-04-19T03:25:05.177Z INFO  worker::batch_maker] Batch akHYoT1EHtD8ZzZ2csg7oeD22JEZ8rTS3n1SGyDpzLg= contains sample tx 208
[2026-04-19T03:25:05.177Z INFO  worker::batch_maker] Batch akHYoT1EHtD8ZzZ2csg7oeD22JEZ8rTS3n1SGyDpzLg= contains 204800 B
[2026-04-19T03:25:05.229Z INFO  worker::batch_maker] Batch a2RD+bZH0Jrnz0o5pbBXnujVSc0xKEf2jJq1XjRu/Yg= contains sample tx 209
[2026-04-19T03:25:05.229Z INFO  worker::batch_maker] Batch a2RD+bZH0Jrnz0o5pbBXnujVSc0xKEf2jJq1XjRu/Yg= contains 204800 B
[2026-04-19T03:25:05.282Z INFO  worker::batch_maker] Batch y73t8vT6BfHXIyRZ+I//1p9PhIx7+Pnt47JyrYf6bwg= contains sample tx 210
[2026-04-19T03:25:05.282Z INFO  worker::batch_maker] Batch y73t8vT6BfHXIyRZ+I//1p9PhIx7+Pnt47JyrYf6bwg= contains 204800 B
[2026-04-19T03:25:05.335Z INFO  worker::batch_maker] Batch 9N3Lyqh0pO5DvhJyfJLnJNhBMFtge0TjyU3WprwyS30= contains sample tx 211
[2026-04-19T03:25:05.335Z INFO  worker::batch_maker] Batch 9N3Lyqh0pO5DvhJyfJLnJNhBMFtge0TjyU3WprwyS30= contains 204800 B
[2026-04-19T03:25:05.388Z INFO  worker::batch_maker] Batch cE4QCR4Vdl+BmsrJbjuwlTWb27I0xZ60dWCIIFXie1k= contains sample tx 212
[2026-04-19T03:25:05.388Z INFO  worker::batch_maker] Batch cE4QCR4Vdl+BmsrJbjuwlTWb27I0xZ60dWCIIFXie1k= contains 204800 B
[2026-04-19T03:25:05.441Z INFO  worker::batch_maker] Batch rBUwVB0+M2ip9C+6rUL/wEuzVtd6ZjQYYh4IJsS2tVo= contains sample tx 213
[2026-04-19T03:25:05.441Z INFO  worker::batch_maker] Batch rBUwVB0+M2ip9C+6rUL/wEuzVtd6ZjQYYh4IJsS2tVo= contains 204800 B
[2026-04-19T03:25:05.494Z INFO  worker::batch_maker] Batch Pr9S4bSLLFlh2nHB8/qKGnvM201rbi4rBuzz153qpik= contains sample tx 214
[2026-04-19T03:25:05.494Z INFO  worker::batch_maker] Batch Pr9S4bSLLFlh2nHB8/qKGnvM201rbi4rBuzz153qpik= contains 204800 B
[2026-04-19T03:25:05.549Z INFO  worker::batch_maker] Batch kQBBXzyoJDqFPcX6aSGqA8QQTg5Tm5cp3ky5CMO5X7Q= contains sample tx 215
[2026-04-19T03:25:05.549Z INFO  worker::batch_maker] Batch kQBBXzyoJDqFPcX6aSGqA8QQTg5Tm5cp3ky5CMO5X7Q= contains 204800 B
[2026-04-19T03:25:05.601Z INFO  worker::batch_maker] Batch JQ5tuyoJ+lLFz+9XljQgHPvP8J/KwUZD/0PGz79oVfU= contains sample tx 216
[2026-04-19T03:25:05.601Z INFO  worker::batch_maker] Batch JQ5tuyoJ+lLFz+9XljQgHPvP8J/KwUZD/0PGz79oVfU= contains 204800 B
[2026-04-19T03:25:05.654Z INFO  worker::batch_maker] Batch kPq+EF80sU9wnhkAzaGZzgpk+VTm1ciL8JU40IMVUGQ= contains sample tx 217
[2026-04-19T03:25:05.654Z INFO  worker::batch_maker] Batch kPq+EF80sU9wnhkAzaGZzgpk+VTm1ciL8JU40IMVUGQ= contains 284672 B
[2026-04-19T03:25:05.708Z INFO  worker::batch_maker] Batch gi0ejpfuUbXNUp3Fe1fTgECTqdflHn3HnpAnjF8+r4A= contains sample tx 218
[2026-04-19T03:25:05.708Z INFO  worker::batch_maker] Batch gi0ejpfuUbXNUp3Fe1fTgECTqdflHn3HnpAnjF8+r4A= contains sample tx 219
[2026-04-19T03:25:05.708Z INFO  worker::batch_maker] Batch gi0ejpfuUbXNUp3Fe1fTgECTqdflHn3HnpAnjF8+r4A= contains 329728 B
[2026-04-19T03:25:05.761Z INFO  worker::batch_maker] Batch 44lJRa2J7e9TFD1umTyfNHtLqNrnhE64nQKnmiiTLow= contains sample tx 220
[2026-04-19T03:25:05.761Z INFO  worker::batch_maker] Batch 44lJRa2J7e9TFD1umTyfNHtLqNrnhE64nQKnmiiTLow= contains 132608 B
[2026-04-19T03:25:05.814Z INFO  worker::batch_maker] Batch +qdtKaC++CX+9DhQJniwHkH4bndjTVGlBC3+dE0uhXM= contains sample tx 221
[2026-04-19T03:25:05.814Z INFO  worker::batch_maker] Batch +qdtKaC++CX+9DhQJniwHkH4bndjTVGlBC3+dE0uhXM= contains 276992 B
[2026-04-19T03:25:05.867Z INFO  worker::batch_maker] Batch GUg/URbgZwdrCYvCeAjvzMqbBcoGHNDr8c7m81ZZiU0= contains 113664 B
[2026-04-19T03:25:05.972Z INFO  worker::batch_maker] Batch 1/k7ESaARBWGXkVH2sTarXhNSHb/4Z+HtiDbmxiGtlM= contains sample tx 222
[2026-04-19T03:25:05.972Z INFO  worker::batch_maker] Batch 1/k7ESaARBWGXkVH2sTarXhNSHb/4Z+HtiDbmxiGtlM= contains sample tx 223
[2026-04-19T03:25:05.972Z INFO  worker::batch_maker] Batch 1/k7ESaARBWGXkVH2sTarXhNSHb/4Z+HtiDbmxiGtlM= contains 258560 B
[2026-04-19T03:25:06.031Z INFO  worker::batch_maker] Batch AVUC0pdTdF/lsS2bhbPtzOxx8pG4a/NaMZeXW2SSZJ0= contains sample tx 224
[2026-04-19T03:25:06.031Z INFO  worker::batch_maker] Batch AVUC0pdTdF/lsS2bhbPtzOxx8pG4a/NaMZeXW2SSZJ0= contains sample tx 225
[2026-04-19T03:25:06.031Z INFO  worker::batch_maker] Batch AVUC0pdTdF/lsS2bhbPtzOxx8pG4a/NaMZeXW2SSZJ0= contains 446976 B
[2026-04-19T03:25:06.084Z INFO  worker::batch_maker] Batch ZfXEwsEbEWOXcd8gDNeMOwN3v2sCFFRTYAvOCOYSa2Y= contains 115712 B
[2026-04-19T03:25:06.138Z INFO  worker::batch_maker] Batch sMNodbJLeWk5dCRJpLba0wGj+vfHA/lTEUdK4r2CBdE= contains sample tx 226
[2026-04-19T03:25:06.138Z INFO  worker::batch_maker] Batch sMNodbJLeWk5dCRJpLba0wGj+vfHA/lTEUdK4r2CBdE= contains sample tx 227
[2026-04-19T03:25:06.138Z INFO  worker::batch_maker] Batch sMNodbJLeWk5dCRJpLba0wGj+vfHA/lTEUdK4r2CBdE= contains 293888 B
[2026-04-19T03:25:06.191Z INFO  worker::batch_maker] Batch tzutuHwsBue2oq/2+F2dlG55nMnocgKTTVuvLQ+tsTw= contains sample tx 228
[2026-04-19T03:25:06.191Z INFO  worker::batch_maker] Batch tzutuHwsBue2oq/2+F2dlG55nMnocgKTTVuvLQ+tsTw= contains 204800 B
[2026-04-19T03:25:06.243Z INFO  worker::batch_maker] Batch mpjQUvgickiFBbX+aEO+nH6B56O0bO7YNtZ4gnl9E+Y= contains sample tx 229
[2026-04-19T03:25:06.243Z INFO  worker::batch_maker] Batch mpjQUvgickiFBbX+aEO+nH6B56O0bO7YNtZ4gnl9E+Y= contains 204800 B
[2026-04-19T03:25:06.295Z INFO  worker::batch_maker] Batch NJ1oZIvG7c1sEKWOBJN9KqwueVffsXSwIvgGf2HjBL8= contains sample tx 230
[2026-04-19T03:25:06.295Z INFO  worker::batch_maker] Batch NJ1oZIvG7c1sEKWOBJN9KqwueVffsXSwIvgGf2HjBL8= contains 204800 B
[2026-04-19T03:25:06.348Z INFO  worker::batch_maker] Batch Nl1yX502Y6/XCum2SjtBxfA++cJHsZIMlwxi3IABRNo= contains sample tx 231
[2026-04-19T03:25:06.348Z INFO  worker::batch_maker] Batch Nl1yX502Y6/XCum2SjtBxfA++cJHsZIMlwxi3IABRNo= contains 204800 B
[2026-04-19T03:25:06.402Z INFO  worker::batch_maker] Batch KlyYVibskJyI0KK+I7HbRFRj/xCbK7g1VQMwQ/GY+kw= contains sample tx 232
[2026-04-19T03:25:06.402Z INFO  worker::batch_maker] Batch KlyYVibskJyI0KK+I7HbRFRj/xCbK7g1VQMwQ/GY+kw= contains 204800 B
[2026-04-19T03:25:06.454Z INFO  worker::batch_maker] Batch YXGh0k4EC7NozHNzdkgWAkycT3A8ftFhU2B1vdprs3g= contains sample tx 233
[2026-04-19T03:25:06.454Z INFO  worker::batch_maker] Batch YXGh0k4EC7NozHNzdkgWAkycT3A8ftFhU2B1vdprs3g= contains sample tx 234
[2026-04-19T03:25:06.454Z INFO  worker::batch_maker] Batch YXGh0k4EC7NozHNzdkgWAkycT3A8ftFhU2B1vdprs3g= contains 409600 B
[2026-04-19T03:25:06.506Z INFO  worker::batch_maker] Batch Ayd32dP/a0ITDPQuDeXoBJPAVBn3MBsx2/5dQm7Ocgc= contains sample tx 235
[2026-04-19T03:25:06.506Z INFO  worker::batch_maker] Batch Ayd32dP/a0ITDPQuDeXoBJPAVBn3MBsx2/5dQm7Ocgc= contains 204800 B
[2026-04-19T03:25:06.558Z INFO  worker::batch_maker] Batch MimZsSgMPXAvOVdejDSLh/OkEEJJmQmLbu1tBiyrWFI= contains sample tx 236
[2026-04-19T03:25:06.558Z INFO  worker::batch_maker] Batch MimZsSgMPXAvOVdejDSLh/OkEEJJmQmLbu1tBiyrWFI= contains 204800 B
[2026-04-19T03:25:06.611Z INFO  worker::batch_maker] Batch Ot+04U3ay2GwtTfFXpiIhmAzEvfS2FMjuyd2Y5jfGTo= contains sample tx 237
[2026-04-19T03:25:06.611Z INFO  worker::batch_maker] Batch Ot+04U3ay2GwtTfFXpiIhmAzEvfS2FMjuyd2Y5jfGTo= contains 204800 B
[2026-04-19T03:25:06.665Z INFO  worker::batch_maker] Batch +MbG2S7x/OU+arLt3o+JbwniqKqatdXYLLSsRbEqv0Y= contains sample tx 238
[2026-04-19T03:25:06.665Z INFO  worker::batch_maker] Batch +MbG2S7x/OU+arLt3o+JbwniqKqatdXYLLSsRbEqv0Y= contains 204800 B
[2026-04-19T03:25:06.718Z INFO  worker::batch_maker] Batch H0Cxb7BuceBbOACgVvLHxN8P1c+wGXSt20Fm7gXCBGI= contains sample tx 239
[2026-04-19T03:25:06.718Z INFO  worker::batch_maker] Batch H0Cxb7BuceBbOACgVvLHxN8P1c+wGXSt20Fm7gXCBGI= contains 204800 B
[2026-04-19T03:25:06.771Z INFO  worker::batch_maker] Batch 2UMDANq6W8CALNXrhvVyu6X8ihodjrLHUthd4JZ1oiY= contains sample tx 240
[2026-04-19T03:25:06.771Z INFO  worker::batch_maker] Batch 2UMDANq6W8CALNXrhvVyu6X8ihodjrLHUthd4JZ1oiY= contains 204800 B
[2026-04-19T03:25:06.824Z INFO  worker::batch_maker] Batch 9gpuTEjH3Cxcaorb8ZtF8BxsYaGB/UUlt05zTpqjqRk= contains sample tx 241
[2026-04-19T03:25:06.824Z INFO  worker::batch_maker] Batch 9gpuTEjH3Cxcaorb8ZtF8BxsYaGB/UUlt05zTpqjqRk= contains 204800 B
[2026-04-19T03:25:06.877Z INFO  worker::batch_maker] Batch Lv9greRUde7yNMUtMd6+qlwAjLylmOvt0JVcI1rqx88= contains sample tx 242
[2026-04-19T03:25:06.877Z INFO  worker::batch_maker] Batch Lv9greRUde7yNMUtMd6+qlwAjLylmOvt0JVcI1rqx88= contains 204800 B
[2026-04-19T03:25:06.930Z INFO  worker::batch_maker] Batch 8uYgCVKybx9K6L/Bb7AI+85igfCGL8BGsLDilWLL6Dg= contains sample tx 243
[2026-04-19T03:25:06.930Z INFO  worker::batch_maker] Batch 8uYgCVKybx9K6L/Bb7AI+85igfCGL8BGsLDilWLL6Dg= contains 204800 B
[2026-04-19T03:25:06.981Z INFO  worker::batch_maker] Batch jUO6GcVdvZQ1I7ArpEnT3ceZQjtqOSmzDtNoesM5cG0= contains sample tx 244
[2026-04-19T03:25:06.982Z INFO  worker::batch_maker] Batch jUO6GcVdvZQ1I7ArpEnT3ceZQjtqOSmzDtNoesM5cG0= contains 204800 B
[2026-04-19T03:25:07.033Z INFO  worker::batch_maker] Batch PKF8eMMnddZ/E3XDm13h4+/FF49xUdVVuwKTJW0Zyn8= contains sample tx 245
[2026-04-19T03:25:07.033Z INFO  worker::batch_maker] Batch PKF8eMMnddZ/E3XDm13h4+/FF49xUdVVuwKTJW0Zyn8= contains 204800 B
[2026-04-19T03:25:07.085Z INFO  worker::batch_maker] Batch AXMigM7mWRAl9IhJ/Pk5om9lcHlagTZlW/nP6Y1GCNU= contains sample tx 246
[2026-04-19T03:25:07.085Z INFO  worker::batch_maker] Batch AXMigM7mWRAl9IhJ/Pk5om9lcHlagTZlW/nP6Y1GCNU= contains 204800 B
[2026-04-19T03:25:07.137Z INFO  worker::batch_maker] Batch o+iLhKP2zj4Z1pp34RZ4YPulenuVULcBUgm4lbfk1bY= contains sample tx 247
[2026-04-19T03:25:07.137Z INFO  worker::batch_maker] Batch o+iLhKP2zj4Z1pp34RZ4YPulenuVULcBUgm4lbfk1bY= contains 204800 B
[2026-04-19T03:25:07.189Z INFO  worker::batch_maker] Batch xr2VfMjcXp/dXj5/negKyRX6hbm+irj5yW1xtlPWUKM= contains sample tx 248
[2026-04-19T03:25:07.189Z INFO  worker::batch_maker] Batch xr2VfMjcXp/dXj5/negKyRX6hbm+irj5yW1xtlPWUKM= contains 204800 B
[2026-04-19T03:25:07.243Z INFO  worker::batch_maker] Batch VkKXFXzU/Hat2PpWLjYORREhTUxpsAjccQCGQcLzZoo= contains sample tx 249
[2026-04-19T03:25:07.243Z INFO  worker::batch_maker] Batch VkKXFXzU/Hat2PpWLjYORREhTUxpsAjccQCGQcLzZoo= contains 204800 B
[2026-04-19T03:25:07.297Z INFO  worker::batch_maker] Batch 94GxSn0N/ISF3CZj4PjiPIZHP6ba+EKeAQyGeMA3VWY= contains sample tx 250
[2026-04-19T03:25:07.297Z INFO  worker::batch_maker] Batch 94GxSn0N/ISF3CZj4PjiPIZHP6ba+EKeAQyGeMA3VWY= contains 204800 B
[2026-04-19T03:25:07.349Z INFO  worker::batch_maker] Batch T0NmMLQj+uwgVWgpVVCn+W15lEIAIv4kkU2d4Qe4aAw= contains sample tx 251
[2026-04-19T03:25:07.349Z INFO  worker::batch_maker] Batch T0NmMLQj+uwgVWgpVVCn+W15lEIAIv4kkU2d4Qe4aAw= contains 204800 B
[2026-04-19T03:25:07.404Z INFO  worker::batch_maker] Batch ACWPPZfxXaYgOotpFQ4Gmv7qf5QfkOFBcEF8tb2rwjE= contains sample tx 252
[2026-04-19T03:25:07.404Z INFO  worker::batch_maker] Batch ACWPPZfxXaYgOotpFQ4Gmv7qf5QfkOFBcEF8tb2rwjE= contains 214016 B
[2026-04-19T03:25:07.459Z INFO  worker::batch_maker] Batch 7B6DFwPsbxGf6ml/SCbKh1TNFfc6KX5GoobdVzV8wwM= contains sample tx 253
[2026-04-19T03:25:07.459Z INFO  worker::batch_maker] Batch 7B6DFwPsbxGf6ml/SCbKh1TNFfc6KX5GoobdVzV8wwM= contains sample tx 254
[2026-04-19T03:25:07.459Z INFO  worker::batch_maker] Batch 7B6DFwPsbxGf6ml/SCbKh1TNFfc6KX5GoobdVzV8wwM= contains 366080 B
[2026-04-19T03:25:07.513Z INFO  worker::batch_maker] Batch 0xXHSXmawQPXL5ggfJUdwqk6ziSPqHnMoPXsKWL8bfQ= contains sample tx 255
[2026-04-19T03:25:07.513Z INFO  worker::batch_maker] Batch 0xXHSXmawQPXL5ggfJUdwqk6ziSPqHnMoPXsKWL8bfQ= contains 239104 B
[2026-04-19T03:25:07.567Z INFO  worker::batch_maker] Batch NK7r8NJA6Ndx93BoiSPEl0ZUvtpSWK9OnWzH3mrSixU= contains sample tx 256
[2026-04-19T03:25:07.567Z INFO  worker::batch_maker] Batch NK7r8NJA6Ndx93BoiSPEl0ZUvtpSWK9OnWzH3mrSixU= contains 204800 B
[2026-04-19T03:25:07.619Z INFO  worker::batch_maker] Batch aXdUJbwkYLlV1LqzIun3UAwZFeHNQA+Dv3jfJ6uc/7U= contains sample tx 257
[2026-04-19T03:25:07.619Z INFO  worker::batch_maker] Batch aXdUJbwkYLlV1LqzIun3UAwZFeHNQA+Dv3jfJ6uc/7U= contains 204800 B
[2026-04-19T03:25:07.674Z INFO  worker::batch_maker] Batch /ZZY3RQojsQlKfZl4jxNFKvSonLwgbhebRHTMsQRS30= contains sample tx 258
[2026-04-19T03:25:07.674Z INFO  worker::batch_maker] Batch /ZZY3RQojsQlKfZl4jxNFKvSonLwgbhebRHTMsQRS30= contains 204800 B
[2026-04-19T03:25:07.727Z INFO  worker::batch_maker] Batch mTsNLOqaZB5DZzsXZDxLTlfHyMknFuYYj5VjYB3GCxg= contains sample tx 259
[2026-04-19T03:25:07.727Z INFO  worker::batch_maker] Batch mTsNLOqaZB5DZzsXZDxLTlfHyMknFuYYj5VjYB3GCxg= contains 204800 B
[2026-04-19T03:25:07.782Z INFO  worker::batch_maker] Batch BehUfYVo3NMUJAx0qeBanv+b6p7DQ/wcmPpj+hwN7Iw= contains sample tx 260
[2026-04-19T03:25:07.805Z INFO  worker::batch_maker] Batch BehUfYVo3NMUJAx0qeBanv+b6p7DQ/wcmPpj+hwN7Iw= contains 204800 B
[2026-04-19T03:25:07.858Z INFO  worker::batch_maker] Batch WOcLFwFLa5wBFFyQgXPjNPRJRJ5pmF+b89JisFvuFNk= contains sample tx 261
[2026-04-19T03:25:07.858Z INFO  worker::batch_maker] Batch WOcLFwFLa5wBFFyQgXPjNPRJRJ5pmF+b89JisFvuFNk= contains sample tx 262
[2026-04-19T03:25:07.858Z INFO  worker::batch_maker] Batch WOcLFwFLa5wBFFyQgXPjNPRJRJ5pmF+b89JisFvuFNk= contains 409600 B
[2026-04-19T03:25:07.910Z INFO  worker::batch_maker] Batch sNshGxLiHENeCsuBYrHKDsz/yXEOJTyhSJTWPXwRoL4= contains sample tx 263
[2026-04-19T03:25:07.910Z INFO  worker::batch_maker] Batch sNshGxLiHENeCsuBYrHKDsz/yXEOJTyhSJTWPXwRoL4= contains 204800 B
[2026-04-19T03:25:07.962Z INFO  worker::batch_maker] Batch brdg2SOKGGlgtPHbKCn9163fVtp5BIEBI+cUuQvI6qk= contains sample tx 264
[2026-04-19T03:25:07.962Z INFO  worker::batch_maker] Batch brdg2SOKGGlgtPHbKCn9163fVtp5BIEBI+cUuQvI6qk= contains 204800 B
[2026-04-19T03:25:08.014Z INFO  worker::batch_maker] Batch tKhNGfA8MXMTVsdHpBhm6G0GE7Sx9jWhOz//sGQwbXM= contains sample tx 265
[2026-04-19T03:25:08.014Z INFO  worker::batch_maker] Batch tKhNGfA8MXMTVsdHpBhm6G0GE7Sx9jWhOz//sGQwbXM= contains 204800 B
[2026-04-19T03:25:08.066Z INFO  worker::batch_maker] Batch XYnqGhZZViwfbSwPGjEF8kptbdG9Pedz1MFooOkHh8w= contains sample tx 266
[2026-04-19T03:25:08.066Z INFO  worker::batch_maker] Batch XYnqGhZZViwfbSwPGjEF8kptbdG9Pedz1MFooOkHh8w= contains 204800 B
[2026-04-19T03:25:08.119Z INFO  worker::batch_maker] Batch UvmJJXxJpiH56/OGUTYP77lPSwD1NR5TgKvPb3eGvlo= contains sample tx 267
[2026-04-19T03:25:08.119Z INFO  worker::batch_maker] Batch UvmJJXxJpiH56/OGUTYP77lPSwD1NR5TgKvPb3eGvlo= contains 204800 B
[2026-04-19T03:25:08.172Z INFO  worker::batch_maker] Batch Fhi3Y3MlfUjbaUmyZY1odNUFoJbhoc3cW9Nn/rF5kpw= contains sample tx 268
[2026-04-19T03:25:08.172Z INFO  worker::batch_maker] Batch Fhi3Y3MlfUjbaUmyZY1odNUFoJbhoc3cW9Nn/rF5kpw= contains 204800 B
[2026-04-19T03:25:08.223Z INFO  worker::batch_maker] Batch +LLZmukQ03h+kP86CS/97cJ7mxhfajCEW5DK9Ybr/jo= contains sample tx 269
[2026-04-19T03:25:08.223Z INFO  worker::batch_maker] Batch +LLZmukQ03h+kP86CS/97cJ7mxhfajCEW5DK9Ybr/jo= contains 204800 B
[2026-04-19T03:25:08.277Z INFO  worker::batch_maker] Batch Vs9YJHDusev5TnHMHYW53SCJcf6SPGACklIV9PNf51o= contains sample tx 270
[2026-04-19T03:25:08.277Z INFO  worker::batch_maker] Batch Vs9YJHDusev5TnHMHYW53SCJcf6SPGACklIV9PNf51o= contains 204800 B
[2026-04-19T03:25:08.330Z INFO  worker::batch_maker] Batch zTtFBPPQRIiG+TP0cNxYGdBfJkod7TYPnb9/KE+hTD4= contains sample tx 271
[2026-04-19T03:25:08.330Z INFO  worker::batch_maker] Batch zTtFBPPQRIiG+TP0cNxYGdBfJkod7TYPnb9/KE+hTD4= contains 204800 B
[2026-04-19T03:25:08.383Z INFO  worker::batch_maker] Batch k+EkrB5UQyZNierWyIq5mafCNViYV7f/yMwaOUppmh0= contains sample tx 272
[2026-04-19T03:25:08.383Z INFO  worker::batch_maker] Batch k+EkrB5UQyZNierWyIq5mafCNViYV7f/yMwaOUppmh0= contains 204800 B
[2026-04-19T03:25:08.435Z INFO  worker::batch_maker] Batch imrul/x1vobyK/cFRypWbvI/sSfBQXnF5paQ3EQweU4= contains sample tx 273
[2026-04-19T03:25:08.435Z INFO  worker::batch_maker] Batch imrul/x1vobyK/cFRypWbvI/sSfBQXnF5paQ3EQweU4= contains 204800 B
[2026-04-19T03:25:08.487Z INFO  worker::batch_maker] Batch qTB74DkToD81sSc+1XwxrPt2+CqWFEXLZlME/sCxVLg= contains sample tx 274
[2026-04-19T03:25:08.487Z INFO  worker::batch_maker] Batch qTB74DkToD81sSc+1XwxrPt2+CqWFEXLZlME/sCxVLg= contains 204800 B
[2026-04-19T03:25:08.540Z INFO  worker::batch_maker] Batch ULtVBq5VObHH1c3ZrtW3dogZ32ZJJqZme7Nb7e79ETw= contains sample tx 275
[2026-04-19T03:25:08.540Z INFO  worker::batch_maker] Batch ULtVBq5VObHH1c3ZrtW3dogZ32ZJJqZme7Nb7e79ETw= contains 204800 B
[2026-04-19T03:25:08.593Z INFO  worker::batch_maker] Batch tiU1LrvPcSW2m1Vo+eBCHSmrQFAdMQgRz9Nqo8mXXBg= contains sample tx 276
[2026-04-19T03:25:08.593Z INFO  worker::batch_maker] Batch tiU1LrvPcSW2m1Vo+eBCHSmrQFAdMQgRz9Nqo8mXXBg= contains 204800 B
[2026-04-19T03:25:08.648Z INFO  worker::batch_maker] Batch 18OJbybU0epDdsRoBWvj19zn7DW6tHA3yhtsCUVl0iI= contains sample tx 277
[2026-04-19T03:25:08.648Z INFO  worker::batch_maker] Batch 18OJbybU0epDdsRoBWvj19zn7DW6tHA3yhtsCUVl0iI= contains 204800 B
[2026-04-19T03:25:08.701Z INFO  worker::batch_maker] Batch vVxBsJ3zDTpueg+a4IyG2vXIiK/wcFTnLv6luH+NVsE= contains sample tx 278
[2026-04-19T03:25:08.701Z INFO  worker::batch_maker] Batch vVxBsJ3zDTpueg+a4IyG2vXIiK/wcFTnLv6luH+NVsE= contains 204800 B
[2026-04-19T03:25:08.755Z INFO  worker::batch_maker] Batch WwjATyYuMEJcbhwMO0fV6VyT9ZlvIgXbYY4DMcmgR8s= contains sample tx 279
[2026-04-19T03:25:08.755Z INFO  worker::batch_maker] Batch WwjATyYuMEJcbhwMO0fV6VyT9ZlvIgXbYY4DMcmgR8s= contains 243200 B
[2026-04-19T03:25:08.810Z INFO  worker::batch_maker] Batch VV8pYweb7zdskhFhhiJKkP9bN31DDWKN+//f0Cw272Y= contains sample tx 280
[2026-04-19T03:25:08.810Z INFO  worker::batch_maker] Batch VV8pYweb7zdskhFhhiJKkP9bN31DDWKN+//f0Cw272Y= contains sample tx 281
[2026-04-19T03:25:08.810Z INFO  worker::batch_maker] Batch VV8pYweb7zdskhFhhiJKkP9bN31DDWKN+//f0Cw272Y= contains 371200 B
[2026-04-19T03:25:08.863Z INFO  worker::batch_maker] Batch U9NtLjFH/Ue8iXubxVuIST+iWT1IoCpPoP1tfmcXM1Q= contains sample tx 282
[2026-04-19T03:25:08.863Z INFO  worker::batch_maker] Batch U9NtLjFH/Ue8iXubxVuIST+iWT1IoCpPoP1tfmcXM1Q= contains 204800 B
[2026-04-19T03:25:08.915Z INFO  worker::batch_maker] Batch Ef8tR24LWVJ2+ABpjRBu6u6Gz80yg47vWwmLHBEbBAs= contains sample tx 283
[2026-04-19T03:25:08.915Z INFO  worker::batch_maker] Batch Ef8tR24LWVJ2+ABpjRBu6u6Gz80yg47vWwmLHBEbBAs= contains 204800 B
[2026-04-19T03:25:08.969Z INFO  worker::batch_maker] Batch eOWf/I0lHMF8Exxr4MjRXRQsuo43MwGFlXWaOBs0qW4= contains sample tx 284
[2026-04-19T03:25:08.969Z INFO  worker::batch_maker] Batch eOWf/I0lHMF8Exxr4MjRXRQsuo43MwGFlXWaOBs0qW4= contains 204800 B
[2026-04-19T03:25:09.022Z INFO  worker::batch_maker] Batch 2kNn7+fvL5SkN2k/bOrid8flrNTM+znbZT2GRnZhd+0= contains sample tx 285
[2026-04-19T03:25:09.022Z INFO  worker::batch_maker] Batch 2kNn7+fvL5SkN2k/bOrid8flrNTM+znbZT2GRnZhd+0= contains 204800 B
[2026-04-19T03:25:09.076Z INFO  worker::batch_maker] Batch cwGtEU3OQWk3JGpFxc4fF2pYiHqsQjg0uSvXyM/fjVM= contains sample tx 286
[2026-04-19T03:25:09.076Z INFO  worker::batch_maker] Batch cwGtEU3OQWk3JGpFxc4fF2pYiHqsQjg0uSvXyM/fjVM= contains 204800 B
[2026-04-19T03:25:09.130Z INFO  worker::batch_maker] Batch bkUfupEjKzDBcGMA7QX5SOCNQrYTYu7q3cyIDI9CnbY= contains sample tx 287
[2026-04-19T03:25:09.130Z INFO  worker::batch_maker] Batch bkUfupEjKzDBcGMA7QX5SOCNQrYTYu7q3cyIDI9CnbY= contains 204800 B
[2026-04-19T03:25:09.183Z INFO  worker::batch_maker] Batch +pwhG0RoEReBKESQYtQLkhxx3f7y9DIh3x9+Vb2ary4= contains sample tx 288
[2026-04-19T03:25:09.183Z INFO  worker::batch_maker] Batch +pwhG0RoEReBKESQYtQLkhxx3f7y9DIh3x9+Vb2ary4= contains 204800 B
[2026-04-19T03:25:09.237Z INFO  worker::batch_maker] Batch KDbd/MtED6CPH6hf307o3pIvCpqC44EELucEMk9Iq8E= contains sample tx 289
[2026-04-19T03:25:09.237Z INFO  worker::batch_maker] Batch KDbd/MtED6CPH6hf307o3pIvCpqC44EELucEMk9Iq8E= contains 204800 B
[2026-04-19T03:25:09.290Z INFO  worker::batch_maker] Batch DPYHDk64pExGgeXD7T6hYLxCQYDj56uCig6GptYkFkM= contains sample tx 290
[2026-04-19T03:25:09.290Z INFO  worker::batch_maker] Batch DPYHDk64pExGgeXD7T6hYLxCQYDj56uCig6GptYkFkM= contains 204800 B
[2026-04-19T03:25:09.344Z INFO  worker::batch_maker] Batch FEAViqKkR+ny8DK4BznIekT5EUuz7Gvz6w4W0QPbU4E= contains sample tx 291
[2026-04-19T03:25:09.344Z INFO  worker::batch_maker] Batch FEAViqKkR+ny8DK4BznIekT5EUuz7Gvz6w4W0QPbU4E= contains 204800 B
[2026-04-19T03:25:09.396Z INFO  worker::batch_maker] Batch 1DjqauW28MZQcRdDmtO61oRHmMAO6m4L1M6KVbDEGl8= contains sample tx 292
[2026-04-19T03:25:09.396Z INFO  worker::batch_maker] Batch 1DjqauW28MZQcRdDmtO61oRHmMAO6m4L1M6KVbDEGl8= contains 204800 B
[2026-04-19T03:25:09.450Z INFO  worker::batch_maker] Batch xn/yBYk+VUHCpqnjDSotodd2sfO4WR0S2RBoEh/a1oU= contains sample tx 293
[2026-04-19T03:25:09.450Z INFO  worker::batch_maker] Batch xn/yBYk+VUHCpqnjDSotodd2sfO4WR0S2RBoEh/a1oU= contains 204800 B
[2026-04-19T03:25:09.502Z INFO  worker::batch_maker] Batch K6ugMRmqm22caORkwXv/KWb/l78wvbJC5psDZtSNI5s= contains sample tx 294
[2026-04-19T03:25:09.502Z INFO  worker::batch_maker] Batch K6ugMRmqm22caORkwXv/KWb/l78wvbJC5psDZtSNI5s= contains 208896 B
[2026-04-19T03:25:09.556Z INFO  worker::batch_maker] Batch ukTAdhLQwBoHPB7qGh38yhU1LOJ3+wGwz4wplPZl9DA= contains sample tx 295
[2026-04-19T03:25:09.556Z INFO  worker::batch_maker] Batch ukTAdhLQwBoHPB7qGh38yhU1LOJ3+wGwz4wplPZl9DA= contains sample tx 296
[2026-04-19T03:25:09.556Z INFO  worker::batch_maker] Batch ukTAdhLQwBoHPB7qGh38yhU1LOJ3+wGwz4wplPZl9DA= contains 405504 B
[2026-04-19T03:25:09.609Z INFO  worker::batch_maker] Batch Jn/M8A+qoUZbqHXTTZuW0la0thO2g1YCdx7vUx1WPt0= contains sample tx 297
[2026-04-19T03:25:09.609Z INFO  worker::batch_maker] Batch Jn/M8A+qoUZbqHXTTZuW0la0thO2g1YCdx7vUx1WPt0= contains 204800 B
[2026-04-19T03:25:09.662Z INFO  worker::batch_maker] Batch tvroDL3GZxSCPAAfNqx+Cb+EHYBIh/5npLjdzZT+SX0= contains sample tx 298
[2026-04-19T03:25:09.662Z INFO  worker::batch_maker] Batch tvroDL3GZxSCPAAfNqx+Cb+EHYBIh/5npLjdzZT+SX0= contains 204800 B
[2026-04-19T03:25:09.715Z INFO  worker::batch_maker] Batch qCE4UVyoIAG2BBK5ifkfKzzHBU/Yk4Ro+75qeCWF4pE= contains sample tx 299
[2026-04-19T03:25:09.715Z INFO  worker::batch_maker] Batch qCE4UVyoIAG2BBK5ifkfKzzHBU/Yk4Ro+75qeCWF4pE= contains 204800 B
[2026-04-19T03:25:09.769Z INFO  worker::batch_maker] Batch BcvMIEd78cMk4pNia1GLujpeHGIc1H2DPhhIrAi4i88= contains sample tx 300
[2026-04-19T03:25:09.769Z INFO  worker::batch_maker] Batch BcvMIEd78cMk4pNia1GLujpeHGIc1H2DPhhIrAi4i88= contains 204800 B
[2026-04-19T03:25:09.823Z INFO  worker::batch_maker] Batch MdkrXsFSaqmr+6kybLjsHT64W04fHTYBnJlP2oCk+tc= contains sample tx 301
[2026-04-19T03:25:09.823Z INFO  worker::batch_maker] Batch MdkrXsFSaqmr+6kybLjsHT64W04fHTYBnJlP2oCk+tc= contains 204800 B
[2026-04-19T03:25:09.878Z INFO  worker::batch_maker] Batch bMRbTEyMEbRYjio7tDhYRaGZpfcwEl+q7DxABBEfYXA= contains sample tx 302
[2026-04-19T03:25:09.878Z INFO  worker::batch_maker] Batch bMRbTEyMEbRYjio7tDhYRaGZpfcwEl+q7DxABBEfYXA= contains 204800 B
[2026-04-19T03:25:09.931Z INFO  worker::batch_maker] Batch OnxvzOrLR8OX1168/Gu7sj9lQ96l3llshg8VBq0rjPE= contains sample tx 303
[2026-04-19T03:25:09.931Z INFO  worker::batch_maker] Batch OnxvzOrLR8OX1168/Gu7sj9lQ96l3llshg8VBq0rjPE= contains 204800 B
[2026-04-19T03:25:09.983Z INFO  worker::batch_maker] Batch 34BpAlj7bg4Mnty0bySqRVjIierlYkzocgP/rPyZubw= contains sample tx 304
[2026-04-19T03:25:09.983Z INFO  worker::batch_maker] Batch 34BpAlj7bg4Mnty0bySqRVjIierlYkzocgP/rPyZubw= contains 204800 B
[2026-04-19T03:25:10.036Z INFO  worker::batch_maker] Batch aff+FF+X8PqKQlx8A2uSxvFmWj49LJKBxw58umZ1JgQ= contains sample tx 305
[2026-04-19T03:25:10.036Z INFO  worker::batch_maker] Batch aff+FF+X8PqKQlx8A2uSxvFmWj49LJKBxw58umZ1JgQ= contains 204800 B
[2026-04-19T03:25:10.088Z INFO  worker::batch_maker] Batch qoRLXOv3wzmRRZsoqydZBgWVx+JYUMkksFRXxyQWEpE= contains sample tx 306
[2026-04-19T03:25:10.088Z INFO  worker::batch_maker] Batch qoRLXOv3wzmRRZsoqydZBgWVx+JYUMkksFRXxyQWEpE= contains 204800 B
[2026-04-19T03:25:10.140Z INFO  worker::batch_maker] Batch EdOLtFgZhHoH1zbFJR+lRemyGY8IQRwqNaWy4gYA51s= contains sample tx 307
[2026-04-19T03:25:10.141Z INFO  worker::batch_maker] Batch EdOLtFgZhHoH1zbFJR+lRemyGY8IQRwqNaWy4gYA51s= contains 204800 B
[2026-04-19T03:25:10.194Z INFO  worker::batch_maker] Batch hZUDDalI0ZkUPf2xr7/pQE/5dlWg8Ia0cA4N4ReuT8A= contains sample tx 308
[2026-04-19T03:25:10.194Z INFO  worker::batch_maker] Batch hZUDDalI0ZkUPf2xr7/pQE/5dlWg8Ia0cA4N4ReuT8A= contains 204800 B
[2026-04-19T03:25:10.248Z INFO  worker::batch_maker] Batch BgbJ16jqLVxmHdTV04BmhrSwfnUhO1OsC7z1aEgjJU0= contains sample tx 309
[2026-04-19T03:25:10.248Z INFO  worker::batch_maker] Batch BgbJ16jqLVxmHdTV04BmhrSwfnUhO1OsC7z1aEgjJU0= contains 204800 B
[2026-04-19T03:25:10.302Z INFO  worker::batch_maker] Batch RAuDmbCy6YdO3IDVRMivfDp9z/Kz23dcbgmPvkAPBeI= contains sample tx 310
[2026-04-19T03:25:10.302Z INFO  worker::batch_maker] Batch RAuDmbCy6YdO3IDVRMivfDp9z/Kz23dcbgmPvkAPBeI= contains 204800 B
[2026-04-19T03:25:10.358Z INFO  worker::batch_maker] Batch 5MrVWKm5xHUghMLNpHrKS7hHqfM0FuC4I8ZiJ481fhA= contains sample tx 311
[2026-04-19T03:25:10.358Z INFO  worker::batch_maker] Batch 5MrVWKm5xHUghMLNpHrKS7hHqfM0FuC4I8ZiJ481fhA= contains sample tx 312
[2026-04-19T03:25:10.358Z INFO  worker::batch_maker] Batch 5MrVWKm5xHUghMLNpHrKS7hHqfM0FuC4I8ZiJ481fhA= contains 409600 B
[2026-04-19T03:25:10.410Z INFO  worker::batch_maker] Batch Yt7f9o4MYkNJhDa8inDV5CvOFH4HJ33X3ZMn0FdhjHs= contains sample tx 313
[2026-04-19T03:25:10.410Z INFO  worker::batch_maker] Batch Yt7f9o4MYkNJhDa8inDV5CvOFH4HJ33X3ZMn0FdhjHs= contains 204800 B
[2026-04-19T03:25:10.462Z INFO  worker::batch_maker] Batch 1F3+SAwnOXQljFY6AqxyFHEJ36G62jkJld4HiOmlcMU= contains sample tx 314
[2026-04-19T03:25:10.462Z INFO  worker::batch_maker] Batch 1F3+SAwnOXQljFY6AqxyFHEJ36G62jkJld4HiOmlcMU= contains 204800 B
[2026-04-19T03:25:10.516Z INFO  worker::batch_maker] Batch mhYM56aYnN+x/zpwVtNdz4W7unM6TlB6KE6BGuUgIe8= contains sample tx 315
[2026-04-19T03:25:10.516Z INFO  worker::batch_maker] Batch mhYM56aYnN+x/zpwVtNdz4W7unM6TlB6KE6BGuUgIe8= contains 204800 B
[2026-04-19T03:25:10.568Z INFO  worker::batch_maker] Batch gsa9fXZDV8xvz8lDwl1Ll7R6yOQiu48MWHN57s9vltg= contains sample tx 316
[2026-04-19T03:25:10.568Z INFO  worker::batch_maker] Batch gsa9fXZDV8xvz8lDwl1Ll7R6yOQiu48MWHN57s9vltg= contains 204800 B
[2026-04-19T03:25:10.621Z INFO  worker::batch_maker] Batch WTKzhEjjYeWLHYipIJgeQXmmbEHkNZd+WpbObyqW02E= contains sample tx 317
[2026-04-19T03:25:10.621Z INFO  worker::batch_maker] Batch WTKzhEjjYeWLHYipIJgeQXmmbEHkNZd+WpbObyqW02E= contains 204800 B
[2026-04-19T03:25:10.676Z INFO  worker::batch_maker] Batch UHY44wfh10cfivyJ2aQ36FLSOM/0R3Wxczlkb9Igm2g= contains sample tx 318
[2026-04-19T03:25:10.676Z INFO  worker::batch_maker] Batch UHY44wfh10cfivyJ2aQ36FLSOM/0R3Wxczlkb9Igm2g= contains 204800 B
[2026-04-19T03:25:10.729Z INFO  worker::batch_maker] Batch bO1i9bc4nsHJoJ1sYGHhJLDJcwxJjHMX0/h5UcpPvK0= contains sample tx 319
[2026-04-19T03:25:10.729Z INFO  worker::batch_maker] Batch bO1i9bc4nsHJoJ1sYGHhJLDJcwxJjHMX0/h5UcpPvK0= contains 204800 B
[2026-04-19T03:25:10.780Z INFO  worker::batch_maker] Batch 0YoBqSgzx5ftQPS9jmnvzFXh4onOBFCNqsAK9inveis= contains sample tx 320
[2026-04-19T03:25:10.780Z INFO  worker::batch_maker] Batch 0YoBqSgzx5ftQPS9jmnvzFXh4onOBFCNqsAK9inveis= contains 204800 B
[2026-04-19T03:25:10.834Z INFO  worker::batch_maker] Batch 8innUYmNeQJsRPw7Ry6zj27/xFLWxBtH9S7k/xjJBFw= contains sample tx 321
[2026-04-19T03:25:10.834Z INFO  worker::batch_maker] Batch 8innUYmNeQJsRPw7Ry6zj27/xFLWxBtH9S7k/xjJBFw= contains 204800 B
[2026-04-19T03:25:10.887Z INFO  worker::batch_maker] Batch Id/Taj6d3u0u+DY0mTOufQuU+0FO5lr7NTXc73pO6bc= contains sample tx 322
[2026-04-19T03:25:10.887Z INFO  worker::batch_maker] Batch Id/Taj6d3u0u+DY0mTOufQuU+0FO5lr7NTXc73pO6bc= contains 204800 B
[2026-04-19T03:25:10.941Z INFO  worker::batch_maker] Batch iYgLOzjctVEuXeGOFoWAkk8C61MtIkJs0Nr7h+2TjZ4= contains sample tx 323
[2026-04-19T03:25:10.941Z INFO  worker::batch_maker] Batch iYgLOzjctVEuXeGOFoWAkk8C61MtIkJs0Nr7h+2TjZ4= contains 204800 B
[2026-04-19T03:25:10.993Z INFO  worker::batch_maker] Batch hZMa70PwZDQSmE06/hjxrgmZkud+mJeJNOiuUQxg4j0= contains sample tx 324
[2026-04-19T03:25:10.994Z INFO  worker::batch_maker] Batch hZMa70PwZDQSmE06/hjxrgmZkud+mJeJNOiuUQxg4j0= contains 204800 B
[2026-04-19T03:25:11.045Z INFO  worker::batch_maker] Batch ylzyXu+UqaI1nb1Os53QjyHp5HHav2PoEa8WXYkU2Lg= contains sample tx 325
[2026-04-19T03:25:11.045Z INFO  worker::batch_maker] Batch ylzyXu+UqaI1nb1Os53QjyHp5HHav2PoEa8WXYkU2Lg= contains 204800 B
[2026-04-19T03:25:11.099Z INFO  worker::batch_maker] Batch VBA0Ng+Tzi49vYF0hbt/qneFC9eVz6lmCwS3+24OBb8= contains sample tx 326
[2026-04-19T03:25:11.099Z INFO  worker::batch_maker] Batch VBA0Ng+Tzi49vYF0hbt/qneFC9eVz6lmCwS3+24OBb8= contains 204800 B
[2026-04-19T03:25:11.152Z INFO  worker::batch_maker] Batch wLcJddldU/AtiDaBv1obfQ/UxpN26S4n3h0EJmZwsPY= contains sample tx 327
[2026-04-19T03:25:11.152Z INFO  worker::batch_maker] Batch wLcJddldU/AtiDaBv1obfQ/UxpN26S4n3h0EJmZwsPY= contains 233984 B
[2026-04-19T03:25:11.204Z INFO  worker::batch_maker] Batch 1JxBv/RXObSQCrxmrBhlK1UIyMA4ARjtTxTxipJb8Q0= contains sample tx 328
[2026-04-19T03:25:11.204Z INFO  worker::batch_maker] Batch 1JxBv/RXObSQCrxmrBhlK1UIyMA4ARjtTxTxipJb8Q0= contains 207360 B
[2026-04-19T03:25:11.260Z INFO  worker::batch_maker] Batch pVjLqXqEpfZqKAek/LmmWYgsok2e23VO3MrjFD/B1B0= contains sample tx 329
[2026-04-19T03:25:11.260Z INFO  worker::batch_maker] Batch pVjLqXqEpfZqKAek/LmmWYgsok2e23VO3MrjFD/B1B0= contains sample tx 330
[2026-04-19T03:25:11.260Z INFO  worker::batch_maker] Batch pVjLqXqEpfZqKAek/LmmWYgsok2e23VO3MrjFD/B1B0= contains 377856 B
[2026-04-19T03:25:11.315Z INFO  worker::batch_maker] Batch DqY6KkWi1JnYWbLd+yhzSTW6L5avJIEPhtyVPew/lP4= contains sample tx 331
[2026-04-19T03:25:11.315Z INFO  worker::batch_maker] Batch DqY6KkWi1JnYWbLd+yhzSTW6L5avJIEPhtyVPew/lP4= contains 204800 B
[2026-04-19T03:25:11.368Z INFO  worker::batch_maker] Batch VRvCL9ARIMdrayRYurGw+pfzaRJCc/9UHDM5me1jkY0= contains sample tx 332
[2026-04-19T03:25:11.368Z INFO  worker::batch_maker] Batch VRvCL9ARIMdrayRYurGw+pfzaRJCc/9UHDM5me1jkY0= contains 204800 B
[2026-04-19T03:25:11.420Z INFO  worker::batch_maker] Batch Mc1xi5EewWzjcbOIosjnFq0u01E9nWQnXmUYuNjl9WU= contains sample tx 333
[2026-04-19T03:25:11.421Z INFO  worker::batch_maker] Batch Mc1xi5EewWzjcbOIosjnFq0u01E9nWQnXmUYuNjl9WU= contains 204800 B
[2026-04-19T03:25:11.474Z INFO  worker::batch_maker] Batch KFIDyuAd/8t+IhD6LY0qHm69Zd3oZ4PxtSpncfvQgrc= contains sample tx 334
[2026-04-19T03:25:11.474Z INFO  worker::batch_maker] Batch KFIDyuAd/8t+IhD6LY0qHm69Zd3oZ4PxtSpncfvQgrc= contains 204800 B
[2026-04-19T03:25:11.528Z INFO  worker::batch_maker] Batch Zu4gIOuWmhZbsG7mLQdwkOtXhtm73kGDNz5w7Fu0FDY= contains sample tx 335
[2026-04-19T03:25:11.528Z INFO  worker::batch_maker] Batch Zu4gIOuWmhZbsG7mLQdwkOtXhtm73kGDNz5w7Fu0FDY= contains 204800 B
[2026-04-19T03:25:11.580Z INFO  worker::batch_maker] Batch SaRdmF4KkdUJDIsO4m6RFNujJXIqZ3Bb9kcKosE/w4s= contains sample tx 336
[2026-04-19T03:25:11.580Z INFO  worker::batch_maker] Batch SaRdmF4KkdUJDIsO4m6RFNujJXIqZ3Bb9kcKosE/w4s= contains 204800 B
[2026-04-19T03:25:11.633Z INFO  worker::batch_maker] Batch heH6nB+Vw+CPIrMO6v8gqpoFi+bZpbZ41VfZopdGgWI= contains sample tx 337
[2026-04-19T03:25:11.633Z INFO  worker::batch_maker] Batch heH6nB+Vw+CPIrMO6v8gqpoFi+bZpbZ41VfZopdGgWI= contains 204800 B
[2026-04-19T03:25:11.687Z INFO  worker::batch_maker] Batch M37v3mzTRrgE+dU4hiXRs3lc1OWAeb3VKQRdl285kL8= contains sample tx 338
[2026-04-19T03:25:11.687Z INFO  worker::batch_maker] Batch M37v3mzTRrgE+dU4hiXRs3lc1OWAeb3VKQRdl285kL8= contains 204800 B
[2026-04-19T03:25:11.739Z INFO  worker::batch_maker] Batch fxbmM6P7zm191f+uT8xIKH7KvfQXXKzI5iW3xczL7Ek= contains sample tx 339
[2026-04-19T03:25:11.739Z INFO  worker::batch_maker] Batch fxbmM6P7zm191f+uT8xIKH7KvfQXXKzI5iW3xczL7Ek= contains 204800 B
[2026-04-19T03:25:11.793Z INFO  worker::batch_maker] Batch QbeQV0ZQZIeToQ+eOnqzXLyKcGQvzflHfwYWhBX4lR0= contains sample tx 340
[2026-04-19T03:25:11.793Z INFO  worker::batch_maker] Batch QbeQV0ZQZIeToQ+eOnqzXLyKcGQvzflHfwYWhBX4lR0= contains 204800 B
[2026-04-19T03:25:11.846Z INFO  worker::batch_maker] Batch xbBLm1xJp4DLWhWiC6zPH+RKqsvw2RRDTwCdC1b4/oE= contains sample tx 341
[2026-04-19T03:25:11.846Z INFO  worker::batch_maker] Batch xbBLm1xJp4DLWhWiC6zPH+RKqsvw2RRDTwCdC1b4/oE= contains 204800 B
[2026-04-19T03:25:11.898Z INFO  worker::batch_maker] Batch eXqOEv0F9gq2O+hshzRlDvmkoJzqB7clWfHSNcxLt3E= contains sample tx 342
[2026-04-19T03:25:11.898Z INFO  worker::batch_maker] Batch eXqOEv0F9gq2O+hshzRlDvmkoJzqB7clWfHSNcxLt3E= contains 204800 B
[2026-04-19T03:25:11.952Z INFO  worker::batch_maker] Batch Gi9Uu08tIPNt1D7V7rDumWtqqt6GxbHeVHMqxMlbfoM= contains sample tx 343
[2026-04-19T03:25:11.952Z INFO  worker::batch_maker] Batch Gi9Uu08tIPNt1D7V7rDumWtqqt6GxbHeVHMqxMlbfoM= contains 204800 B
[2026-04-19T03:25:12.008Z INFO  worker::batch_maker] Batch mxuFqTr2me5eEwg+9RUepnkjUQOryrogZXqW/bdBZ3w= contains sample tx 344
[2026-04-19T03:25:12.008Z INFO  worker::batch_maker] Batch mxuFqTr2me5eEwg+9RUepnkjUQOryrogZXqW/bdBZ3w= contains sample tx 345
[2026-04-19T03:25:12.008Z INFO  worker::batch_maker] Batch mxuFqTr2me5eEwg+9RUepnkjUQOryrogZXqW/bdBZ3w= contains 409600 B
[2026-04-19T03:25:12.061Z INFO  worker::batch_maker] Batch GNPNBPDCJU2KRXpGjYJsxybmd8nN2uThe7b3V/wRspA= contains sample tx 346
[2026-04-19T03:25:12.061Z INFO  worker::batch_maker] Batch GNPNBPDCJU2KRXpGjYJsxybmd8nN2uThe7b3V/wRspA= contains 204800 B
[2026-04-19T03:25:12.114Z INFO  worker::batch_maker] Batch iqv8Kp8U7IWVRl3fHW8Bj92F/tx5OiXwDGRFQqkgEY4= contains sample tx 347
[2026-04-19T03:25:12.114Z INFO  worker::batch_maker] Batch iqv8Kp8U7IWVRl3fHW8Bj92F/tx5OiXwDGRFQqkgEY4= contains 204800 B
[2026-04-19T03:25:12.166Z INFO  worker::batch_maker] Batch bLtrgv3xzaxNiDQaQs3fjOUNgCSxR+s9H7fEGF+WEGM= contains sample tx 348
[2026-04-19T03:25:12.166Z INFO  worker::batch_maker] Batch bLtrgv3xzaxNiDQaQs3fjOUNgCSxR+s9H7fEGF+WEGM= contains 204800 B
[2026-04-19T03:25:12.219Z INFO  worker::batch_maker] Batch Xej06CPc1hPXI0lIlhpZlG0OAc4SPz4yC2UShCK2c5M= contains 178688 B
[2026-04-19T03:25:12.273Z INFO  worker::batch_maker] Batch NM054em9X8AgZrdl5yWz1aAJD2/Dhp3DirJUdnyvYUU= contains sample tx 349
[2026-04-19T03:25:12.273Z INFO  worker::batch_maker] Batch NM054em9X8AgZrdl5yWz1aAJD2/Dhp3DirJUdnyvYUU= contains sample tx 350
[2026-04-19T03:25:12.273Z INFO  worker::batch_maker] Batch NM054em9X8AgZrdl5yWz1aAJD2/Dhp3DirJUdnyvYUU= contains 230912 B
[2026-04-19T03:25:12.328Z INFO  worker::batch_maker] Batch PiRsCMAldwGjWFRnJkPYtewuMBymUv0P+oUDLJU+9W8= contains sample tx 351
[2026-04-19T03:25:12.349Z INFO  worker::batch_maker] Batch PiRsCMAldwGjWFRnJkPYtewuMBymUv0P+oUDLJU+9W8= contains 204800 B
[2026-04-19T03:25:12.401Z INFO  worker::batch_maker] Batch 9dDcF8h+ga5OPSWMABt3jhKqhua6IyGtDLAFBTT/2Sc= contains sample tx 352
[2026-04-19T03:25:12.401Z INFO  worker::batch_maker] Batch 9dDcF8h+ga5OPSWMABt3jhKqhua6IyGtDLAFBTT/2Sc= contains 204800 B
[2026-04-19T03:25:12.455Z INFO  worker::batch_maker] Batch q1KmySj4+fiBhKuH9Nn+0Bxq2c54Ieud5pl7Pc/hDpU= contains sample tx 353
[2026-04-19T03:25:12.455Z INFO  worker::batch_maker] Batch q1KmySj4+fiBhKuH9Nn+0Bxq2c54Ieud5pl7Pc/hDpU= contains 340992 B
[2026-04-19T03:25:12.509Z INFO  worker::batch_maker] Batch g8EOCvGiwAYJ9XP4EeQ7U3yItl0kNFnTwcjWDl/ncMQ= contains sample tx 354
[2026-04-19T03:25:12.509Z INFO  worker::batch_maker] Batch g8EOCvGiwAYJ9XP4EeQ7U3yItl0kNFnTwcjWDl/ncMQ= contains sample tx 355
[2026-04-19T03:25:12.509Z INFO  worker::batch_maker] Batch g8EOCvGiwAYJ9XP4EeQ7U3yItl0kNFnTwcjWDl/ncMQ= contains 273408 B
[2026-04-19T03:25:12.564Z INFO  worker::batch_maker] Batch icLvccmVpAPQ4HdfVvIbEwQ3qEp1fpFUo1WxUWaBnww= contains sample tx 356
[2026-04-19T03:25:12.564Z INFO  worker::batch_maker] Batch icLvccmVpAPQ4HdfVvIbEwQ3qEp1fpFUo1WxUWaBnww= contains 204800 B
[2026-04-19T03:25:12.616Z INFO  worker::batch_maker] Batch i+u/qmreZdbdvZl64rPe7A+gARNUcoKL45pUJlQ/XAg= contains sample tx 357
[2026-04-19T03:25:12.616Z INFO  worker::batch_maker] Batch i+u/qmreZdbdvZl64rPe7A+gARNUcoKL45pUJlQ/XAg= contains 204800 B
[2026-04-19T03:25:12.668Z INFO  worker::batch_maker] Batch mL59D4dMfT3d68jOsDylMVg6U8VMOE8uY+NzNyMqmRQ= contains sample tx 358
[2026-04-19T03:25:12.668Z INFO  worker::batch_maker] Batch mL59D4dMfT3d68jOsDylMVg6U8VMOE8uY+NzNyMqmRQ= contains 204800 B
[2026-04-19T03:25:12.722Z INFO  worker::batch_maker] Batch DkkC0DSB2wLxaVt3jD94j2NbxpYjgU4waj7qVmVkCCc= contains sample tx 359
[2026-04-19T03:25:12.722Z INFO  worker::batch_maker] Batch DkkC0DSB2wLxaVt3jD94j2NbxpYjgU4waj7qVmVkCCc= contains 204800 B
[2026-04-19T03:25:12.775Z INFO  worker::batch_maker] Batch Et3i2ka6BjEseqV2w6dEQscZ14Q5oWVlvjgnwZFjWGU= contains sample tx 360
[2026-04-19T03:25:12.775Z INFO  worker::batch_maker] Batch Et3i2ka6BjEseqV2w6dEQscZ14Q5oWVlvjgnwZFjWGU= contains 204800 B
[2026-04-19T03:25:12.827Z INFO  worker::batch_maker] Batch QKVHkdPXSpviy3eeJVaBqe90NPoreWJuwjxpTA1HiWw= contains sample tx 361
[2026-04-19T03:25:12.827Z INFO  worker::batch_maker] Batch QKVHkdPXSpviy3eeJVaBqe90NPoreWJuwjxpTA1HiWw= contains 204800 B
[2026-04-19T03:25:12.880Z INFO  worker::batch_maker] Batch 3Za6toLaezOLAPNWGDhL50V7p+ejW/+6WUr023QUK/k= contains sample tx 362
[2026-04-19T03:25:12.880Z INFO  worker::batch_maker] Batch 3Za6toLaezOLAPNWGDhL50V7p+ejW/+6WUr023QUK/k= contains 204800 B
[2026-04-19T03:25:12.933Z INFO  worker::batch_maker] Batch o03Nb6+VdqAY2fqbdSoDx6c9pNFF6liQgVpxAW/5Dm4= contains sample tx 363
[2026-04-19T03:25:12.933Z INFO  worker::batch_maker] Batch o03Nb6+VdqAY2fqbdSoDx6c9pNFF6liQgVpxAW/5Dm4= contains 204800 B
[2026-04-19T03:25:12.986Z INFO  worker::batch_maker] Batch bMAjx9R1XcQmgtXklEe3kJefOC/brRg/ALFVOq2/64o= contains sample tx 364
[2026-04-19T03:25:12.986Z INFO  worker::batch_maker] Batch bMAjx9R1XcQmgtXklEe3kJefOC/brRg/ALFVOq2/64o= contains 204800 B
[2026-04-19T03:25:13.039Z INFO  worker::batch_maker] Batch 7KCc+rhKh4l5MqN53CpPbG27G0lAw0j04HTBjyEqZVI= contains sample tx 365
[2026-04-19T03:25:13.039Z INFO  worker::batch_maker] Batch 7KCc+rhKh4l5MqN53CpPbG27G0lAw0j04HTBjyEqZVI= contains 204800 B
[2026-04-19T03:25:13.092Z INFO  worker::batch_maker] Batch 9puzT3oVue/FR2h3Oqrt8g1JgEG6bchozjZ0V4Kqx7M= contains sample tx 366
[2026-04-19T03:25:13.092Z INFO  worker::batch_maker] Batch 9puzT3oVue/FR2h3Oqrt8g1JgEG6bchozjZ0V4Kqx7M= contains 204800 B
[2026-04-19T03:25:13.145Z INFO  worker::batch_maker] Batch yYUsNBeXs5hlFfEB9kiJ5Ih9JbVHnI2jNTT5UJCCblo= contains sample tx 367
[2026-04-19T03:25:13.145Z INFO  worker::batch_maker] Batch yYUsNBeXs5hlFfEB9kiJ5Ih9JbVHnI2jNTT5UJCCblo= contains 204800 B
[2026-04-19T03:25:13.199Z INFO  worker::batch_maker] Batch wW59Laq1f62oFVbi5y4PdmUA4a7OYc1UJEMy38s/1d8= contains sample tx 368
[2026-04-19T03:25:13.199Z INFO  worker::batch_maker] Batch wW59Laq1f62oFVbi5y4PdmUA4a7OYc1UJEMy38s/1d8= contains 204800 B
[2026-04-19T03:25:13.252Z INFO  worker::batch_maker] Batch RTOitgC+sn1egNOndM/1mtpSlJ3tO9g8f+/W69wgkRU= contains sample tx 369
[2026-04-19T03:25:13.252Z INFO  worker::batch_maker] Batch RTOitgC+sn1egNOndM/1mtpSlJ3tO9g8f+/W69wgkRU= contains 204800 B
[2026-04-19T03:25:13.309Z INFO  worker::batch_maker] Batch cBRFk59FX8nvyCnwm0juwib9OT3lQZ6bx0G04dtykXY= contains sample tx 370
[2026-04-19T03:25:13.309Z INFO  worker::batch_maker] Batch cBRFk59FX8nvyCnwm0juwib9OT3lQZ6bx0G04dtykXY= contains sample tx 371
[2026-04-19T03:25:13.309Z INFO  worker::batch_maker] Batch cBRFk59FX8nvyCnwm0juwib9OT3lQZ6bx0G04dtykXY= contains 400896 B
[2026-04-19T03:25:13.363Z INFO  worker::batch_maker] Batch ICjZW4Xi3BwfDbgMw1TAgSAXKmu1DV9iNwuVf7DUlmw= contains sample tx 372
[2026-04-19T03:25:13.363Z INFO  worker::batch_maker] Batch ICjZW4Xi3BwfDbgMw1TAgSAXKmu1DV9iNwuVf7DUlmw= contains 213504 B
[2026-04-19T03:25:13.416Z INFO  worker::batch_maker] Batch i8ko56SF+ZX2IVQaQP9gSU+RrHff3kS2kztWpLivGSs= contains sample tx 373
[2026-04-19T03:25:13.416Z INFO  worker::batch_maker] Batch i8ko56SF+ZX2IVQaQP9gSU+RrHff3kS2kztWpLivGSs= contains 204800 B
[2026-04-19T03:25:13.469Z INFO  worker::batch_maker] Batch hF/Czpl2166OGm9Q16QsB/fzt+6G9wWK5QuRB60OAz4= contains sample tx 374
[2026-04-19T03:25:13.469Z INFO  worker::batch_maker] Batch hF/Czpl2166OGm9Q16QsB/fzt+6G9wWK5QuRB60OAz4= contains 204800 B
[2026-04-19T03:25:13.523Z INFO  worker::batch_maker] Batch 0C14dN1sX7OrdUTgGO2EEw3wEUgd2fqwJ5FV15RYTLs= contains sample tx 375
[2026-04-19T03:25:13.523Z INFO  worker::batch_maker] Batch 0C14dN1sX7OrdUTgGO2EEw3wEUgd2fqwJ5FV15RYTLs= contains 204800 B
[2026-04-19T03:25:13.575Z INFO  worker::batch_maker] Batch SfivVBXVAoR5yvxAooa9EcJTSBAXX1wcij0fA6oyKhQ= contains sample tx 376
[2026-04-19T03:25:13.575Z INFO  worker::batch_maker] Batch SfivVBXVAoR5yvxAooa9EcJTSBAXX1wcij0fA6oyKhQ= contains 204800 B
[2026-04-19T03:25:13.629Z INFO  worker::batch_maker] Batch xkrfvQyDse2gcWSzGX6mJpTiQHnyE5KcDfMXJCSbQbE= contains sample tx 377
[2026-04-19T03:25:13.629Z INFO  worker::batch_maker] Batch xkrfvQyDse2gcWSzGX6mJpTiQHnyE5KcDfMXJCSbQbE= contains 204800 B
[2026-04-19T03:25:13.681Z INFO  worker::batch_maker] Batch Ee+k29rqjwe/mgJPZdaerQ64aEhS7ceshaJmId+ujPk= contains sample tx 378
[2026-04-19T03:25:13.681Z INFO  worker::batch_maker] Batch Ee+k29rqjwe/mgJPZdaerQ64aEhS7ceshaJmId+ujPk= contains 204800 B
[2026-04-19T03:25:13.734Z INFO  worker::batch_maker] Batch ntwJTUYwtkA/1iM1xMlL6LSRscNYrFu1wa/CtLJgXXs= contains sample tx 379
[2026-04-19T03:25:13.734Z INFO  worker::batch_maker] Batch ntwJTUYwtkA/1iM1xMlL6LSRscNYrFu1wa/CtLJgXXs= contains 204800 B
[2026-04-19T03:25:13.788Z INFO  worker::batch_maker] Batch YXr939t1vitMxtcYUhdMwuFyfhmAqrGC1S4oFazD2Kc= contains sample tx 380
[2026-04-19T03:25:13.788Z INFO  worker::batch_maker] Batch YXr939t1vitMxtcYUhdMwuFyfhmAqrGC1S4oFazD2Kc= contains 204800 B
[2026-04-19T03:25:13.841Z INFO  worker::batch_maker] Batch 9/zdagWHnpKTpp8iL8OeXr0sYcN1bEdhfbr6jRH7la8= contains sample tx 381
[2026-04-19T03:25:13.841Z INFO  worker::batch_maker] Batch 9/zdagWHnpKTpp8iL8OeXr0sYcN1bEdhfbr6jRH7la8= contains 204800 B
[2026-04-19T03:25:13.896Z INFO  worker::batch_maker] Batch AioNSVJZd7wfgd5TJvaJmS7VzSUh0t6zP8skzFAgUuQ= contains sample tx 382
[2026-04-19T03:25:13.896Z INFO  worker::batch_maker] Batch AioNSVJZd7wfgd5TJvaJmS7VzSUh0t6zP8skzFAgUuQ= contains 204800 B
[2026-04-19T03:25:13.950Z INFO  worker::batch_maker] Batch fPcKUmXOAb+Vme2TdLSnIkI3ertYyh5C9LD9G6/FZpQ= contains sample tx 383
[2026-04-19T03:25:13.973Z INFO  worker::batch_maker] Batch fPcKUmXOAb+Vme2TdLSnIkI3ertYyh5C9LD9G6/FZpQ= contains 204800 B
[2026-04-19T03:25:14.026Z INFO  worker::batch_maker] Batch MSpznyAE/w2pmA9OHOXyHz9W1oU4JYuOTtNuAFEGwy4= contains sample tx 384
[2026-04-19T03:25:14.026Z INFO  worker::batch_maker] Batch MSpznyAE/w2pmA9OHOXyHz9W1oU4JYuOTtNuAFEGwy4= contains sample tx 385
[2026-04-19T03:25:14.026Z INFO  worker::batch_maker] Batch MSpznyAE/w2pmA9OHOXyHz9W1oU4JYuOTtNuAFEGwy4= contains 409600 B
[2026-04-19T03:25:14.079Z INFO  worker::batch_maker] Batch u9O2E2AJdhUBvs/01n+ny+hO4fF9AVdJFjzUPkSR5pI= contains sample tx 386
[2026-04-19T03:25:14.079Z INFO  worker::batch_maker] Batch u9O2E2AJdhUBvs/01n+ny+hO4fF9AVdJFjzUPkSR5pI= contains 204800 B
[2026-04-19T03:25:14.132Z INFO  worker::batch_maker] Batch kh1nT1acYulk4kMPl8P+qHu66nOMIuHgeLJE/J5aSMg= contains sample tx 387
[2026-04-19T03:25:14.132Z INFO  worker::batch_maker] Batch kh1nT1acYulk4kMPl8P+qHu66nOMIuHgeLJE/J5aSMg= contains 204800 B
[2026-04-19T03:25:14.183Z INFO  worker::batch_maker] Batch w/pqnD5DIGOU7RZ4Q0nVT5rzIgNj48VhXsI0D9NZTgw= contains sample tx 388
[2026-04-19T03:25:14.183Z INFO  worker::batch_maker] Batch w/pqnD5DIGOU7RZ4Q0nVT5rzIgNj48VhXsI0D9NZTgw= contains 204800 B
[2026-04-19T03:25:14.236Z INFO  worker::batch_maker] Batch MWPIgmT4ItUNfTkuADJqQKgYMaOD5/a3DhK5CRfnp5U= contains sample tx 389
[2026-04-19T03:25:14.236Z INFO  worker::batch_maker] Batch MWPIgmT4ItUNfTkuADJqQKgYMaOD5/a3DhK5CRfnp5U= contains 204800 B
[2026-04-19T03:25:14.288Z INFO  worker::batch_maker] Batch 38IOkoGMN54BUoMXhVrNvRO7vxaTExKLWjJ3dMjwEmg= contains sample tx 390
[2026-04-19T03:25:14.288Z INFO  worker::batch_maker] Batch 38IOkoGMN54BUoMXhVrNvRO7vxaTExKLWjJ3dMjwEmg= contains 204800 B
[2026-04-19T03:25:14.342Z INFO  worker::batch_maker] Batch VLsgJ7PeexrNgPBybZuZ92520n+CY0V1H3zs9e1fYCQ= contains sample tx 391
[2026-04-19T03:25:14.342Z INFO  worker::batch_maker] Batch VLsgJ7PeexrNgPBybZuZ92520n+CY0V1H3zs9e1fYCQ= contains 204800 B
[2026-04-19T03:25:14.393Z INFO  worker::batch_maker] Batch 7lSqmZ3qb0ezNQA8ynwi+aHgjsN8VzQN0qcCAUM44DA= contains sample tx 392
[2026-04-19T03:25:14.393Z INFO  worker::batch_maker] Batch 7lSqmZ3qb0ezNQA8ynwi+aHgjsN8VzQN0qcCAUM44DA= contains 204800 B
[2026-04-19T03:25:14.446Z INFO  worker::batch_maker] Batch UbrUyJom4A0RoUlNPb+p5XctCnM7OIWuAmRvPdnp528= contains sample tx 393
[2026-04-19T03:25:14.446Z INFO  worker::batch_maker] Batch UbrUyJom4A0RoUlNPb+p5XctCnM7OIWuAmRvPdnp528= contains 204800 B
[2026-04-19T03:25:14.497Z INFO  worker::batch_maker] Batch zup5f0zti1t+sj2D3M/UAG2+ePzfuPUuMvQa7FmtEFU= contains sample tx 394
[2026-04-19T03:25:14.497Z INFO  worker::batch_maker] Batch zup5f0zti1t+sj2D3M/UAG2+ePzfuPUuMvQa7FmtEFU= contains 204800 B
[2026-04-19T03:25:14.550Z INFO  worker::batch_maker] Batch 7If/4Ubk1zGVDIgqIeVskpadAOSwkoVkayKZPyne2nM= contains sample tx 395
[2026-04-19T03:25:14.550Z INFO  worker::batch_maker] Batch 7If/4Ubk1zGVDIgqIeVskpadAOSwkoVkayKZPyne2nM= contains 204800 B
[2026-04-19T03:25:14.601Z INFO  worker::batch_maker] Batch oWfsJxoaZoXbV3gq7I3WYCHo+SzZuAP2TDIEdP0CKXA= contains sample tx 396
[2026-04-19T03:25:14.601Z INFO  worker::batch_maker] Batch oWfsJxoaZoXbV3gq7I3WYCHo+SzZuAP2TDIEdP0CKXA= contains 249344 B
[2026-04-19T03:25:14.654Z INFO  worker::batch_maker] Batch MVzg4i+z/HV/5Qpvsj9pOdb1W5V7eRsgiA7QP+ZIDeM= contains sample tx 397
[2026-04-19T03:25:14.654Z INFO  worker::batch_maker] Batch MVzg4i+z/HV/5Qpvsj9pOdb1W5V7eRsgiA7QP+ZIDeM= contains 343040 B
[2026-04-19T03:25:14.706Z INFO  worker::batch_maker] Batch vo8PVOrBx7A9M9uv3uCIZZC8m+8m9rBp+nb9773Mpes= contains sample tx 398
[2026-04-19T03:25:14.706Z INFO  worker::batch_maker] Batch vo8PVOrBx7A9M9uv3uCIZZC8m+8m9rBp+nb9773Mpes= contains sample tx 399
[2026-04-19T03:25:14.706Z INFO  worker::batch_maker] Batch vo8PVOrBx7A9M9uv3uCIZZC8m+8m9rBp+nb9773Mpes= contains 226816 B
[2026-04-19T03:25:14.758Z INFO  worker::batch_maker] Batch C+Ja55muC/r8tVh3trR4dBnEPI6u37aRbBl/M9j1AB0= contains sample tx 400
[2026-04-19T03:25:14.758Z INFO  worker::batch_maker] Batch C+Ja55muC/r8tVh3trR4dBnEPI6u37aRbBl/M9j1AB0= contains 204800 B
[2026-04-19T03:25:14.810Z INFO  worker::batch_maker] Batch +F2J7OTInyl8cr6rCx1KuOdr0vi29xD4GAXT9/Fb+V0= contains sample tx 401
[2026-04-19T03:25:14.810Z INFO  worker::batch_maker] Batch +F2J7OTInyl8cr6rCx1KuOdr0vi29xD4GAXT9/Fb+V0= contains 204800 B
[2026-04-19T03:25:14.862Z INFO  worker::batch_maker] Batch GOkNtust6RzWn2mMNLaSw0vND64srk9HopsIcFijATc= contains sample tx 402
[2026-04-19T03:25:14.862Z INFO  worker::batch_maker] Batch GOkNtust6RzWn2mMNLaSw0vND64srk9HopsIcFijATc= contains 204800 B
[2026-04-19T03:25:14.914Z INFO  worker::batch_maker] Batch uM28VojVtoKQCXfXaoErUs5yQOANB7Zc8WeONH6xJmw= contains sample tx 403
[2026-04-19T03:25:14.914Z INFO  worker::batch_maker] Batch uM28VojVtoKQCXfXaoErUs5yQOANB7Zc8WeONH6xJmw= contains 204800 B
[2026-04-19T03:25:14.967Z INFO  worker::batch_maker] Batch zZ4piR9Ol4Bxc5LyedJ8AnfR6mRRMf6j2W42nMwvq9U= contains sample tx 404
[2026-04-19T03:25:14.967Z INFO  worker::batch_maker] Batch zZ4piR9Ol4Bxc5LyedJ8AnfR6mRRMf6j2W42nMwvq9U= contains 204800 B
[2026-04-19T03:25:15.018Z INFO  worker::batch_maker] Batch iqVOfk7KI9cs+L+m/qmBAySmV1HtW5DVS0NJGjblMkE= contains sample tx 405
[2026-04-19T03:25:15.018Z INFO  worker::batch_maker] Batch iqVOfk7KI9cs+L+m/qmBAySmV1HtW5DVS0NJGjblMkE= contains 204800 B
[2026-04-19T03:25:15.070Z INFO  worker::batch_maker] Batch 99sMtbYmIWB7xX8nmUtqc6FSAMi6HG/6wBXb1JRmb8Y= contains sample tx 406
[2026-04-19T03:25:15.070Z INFO  worker::batch_maker] Batch 99sMtbYmIWB7xX8nmUtqc6FSAMi6HG/6wBXb1JRmb8Y= contains 204800 B
[2026-04-19T03:25:15.124Z INFO  worker::batch_maker] Batch nq2gK3ABGoOrgnwwmTkJMP529irslWen3d6MqubGYCQ= contains sample tx 407
[2026-04-19T03:25:15.124Z INFO  worker::batch_maker] Batch nq2gK3ABGoOrgnwwmTkJMP529irslWen3d6MqubGYCQ= contains 204800 B
[2026-04-19T03:25:15.178Z INFO  worker::batch_maker] Batch qf/nSb/YbsdVx/zwtvowakF74/gJLOTxlkNbPHjFAGg= contains sample tx 408
[2026-04-19T03:25:15.178Z INFO  worker::batch_maker] Batch qf/nSb/YbsdVx/zwtvowakF74/gJLOTxlkNbPHjFAGg= contains 204800 B
[2026-04-19T03:25:15.231Z INFO  worker::batch_maker] Batch AC+42RRWCH6tAH9Rp02dODvLVj2c7M2iTl4ZzDG3ro4= contains sample tx 409
[2026-04-19T03:25:15.231Z INFO  worker::batch_maker] Batch AC+42RRWCH6tAH9Rp02dODvLVj2c7M2iTl4ZzDG3ro4= contains 204800 B
[2026-04-19T03:25:15.285Z INFO  worker::batch_maker] Batch G/G1zd2n0TPdkEibrTPUEY0LEAVhXhHLKzfwXJSeA6E= contains sample tx 410
[2026-04-19T03:25:15.285Z INFO  worker::batch_maker] Batch G/G1zd2n0TPdkEibrTPUEY0LEAVhXhHLKzfwXJSeA6E= contains 204800 B
[2026-04-19T03:25:15.337Z INFO  worker::batch_maker] Batch FRmTiO7KoaMmuO1YH88H3gsWMiCS1Gv5CsWuAcAfHj8= contains sample tx 411
[2026-04-19T03:25:15.337Z INFO  worker::batch_maker] Batch FRmTiO7KoaMmuO1YH88H3gsWMiCS1Gv5CsWuAcAfHj8= contains 204800 B
[2026-04-19T03:25:15.390Z INFO  worker::batch_maker] Batch Ss85rXul8CJbdNUF7NVM9khZbK3KHeNpvJGYgdxstFo= contains sample tx 412
[2026-04-19T03:25:15.390Z INFO  worker::batch_maker] Batch Ss85rXul8CJbdNUF7NVM9khZbK3KHeNpvJGYgdxstFo= contains 204800 B
[2026-04-19T03:25:15.443Z INFO  worker::batch_maker] Batch tkgrSoEXGmqlKJlPqBsxK0rQv7qjIQ9PA12kSeBrhFE= contains sample tx 413
[2026-04-19T03:25:15.443Z INFO  worker::batch_maker] Batch tkgrSoEXGmqlKJlPqBsxK0rQv7qjIQ9PA12kSeBrhFE= contains 204800 B
[2026-04-19T03:25:15.494Z INFO  worker::batch_maker] Batch cnU+vFuv6Fxt6IjlZ+a+oBb+TCQYgmOmyo8EJyHX24o= contains sample tx 414
[2026-04-19T03:25:15.494Z INFO  worker::batch_maker] Batch cnU+vFuv6Fxt6IjlZ+a+oBb+TCQYgmOmyo8EJyHX24o= contains 204800 B
[2026-04-19T03:25:15.547Z INFO  worker::batch_maker] Batch 6AVSDUww9dmXo6jW1MI3TazZ9jS0xNWEmNsAPnRsD+k= contains sample tx 415
[2026-04-19T03:25:15.547Z INFO  worker::batch_maker] Batch 6AVSDUww9dmXo6jW1MI3TazZ9jS0xNWEmNsAPnRsD+k= contains 204800 B
[2026-04-19T03:25:15.600Z INFO  worker::batch_maker] Batch 6sMTxuLDUMAN1Qa5q6IEmh4tDNmMr7CH3D30yt1aQjk= contains sample tx 416
[2026-04-19T03:25:15.600Z INFO  worker::batch_maker] Batch 6sMTxuLDUMAN1Qa5q6IEmh4tDNmMr7CH3D30yt1aQjk= contains 204800 B
[2026-04-19T03:25:15.653Z INFO  worker::batch_maker] Batch mXAoL/SHn4S9okUfTwYfQm8EAjDplRNJuIl+JCogQss= contains sample tx 417
[2026-04-19T03:25:15.653Z INFO  worker::batch_maker] Batch mXAoL/SHn4S9okUfTwYfQm8EAjDplRNJuIl+JCogQss= contains 210944 B
[2026-04-19T03:25:15.706Z INFO  worker::batch_maker] Batch ZfGDK7gaMQnW4o9QQZd+YFjRViFJF5LjbObfZE99yzk= contains sample tx 418
[2026-04-19T03:25:15.706Z INFO  worker::batch_maker] Batch ZfGDK7gaMQnW4o9QQZd+YFjRViFJF5LjbObfZE99yzk= contains sample tx 419
[2026-04-19T03:25:15.706Z INFO  worker::batch_maker] Batch ZfGDK7gaMQnW4o9QQZd+YFjRViFJF5LjbObfZE99yzk= contains 290304 B
[2026-04-19T03:25:15.799Z INFO  worker::batch_maker] Batch 2OZRSkQrF+7GnW6LoIMFKOz8FCslBYSOpu7Ihh/cbzI= contains sample tx 420
[2026-04-19T03:25:15.799Z INFO  worker::batch_maker] Batch 2OZRSkQrF+7GnW6LoIMFKOz8FCslBYSOpu7Ihh/cbzI= contains 317952 B
[2026-04-19T03:25:15.852Z INFO  worker::batch_maker] Batch aDuEjRIkPMwqcj3DJ4Dw7ngypowTkycA8pSAwCAkfkY= contains sample tx 421
[2026-04-19T03:25:15.852Z INFO  worker::batch_maker] Batch aDuEjRIkPMwqcj3DJ4Dw7ngypowTkycA8pSAwCAkfkY= contains 204800 B
[2026-04-19T03:25:15.906Z INFO  worker::batch_maker] Batch vRNG7P0uMY/ATQ6RU1KqOMFHH5Ad0QML6CEzb6UZ6/A= contains sample tx 422
[2026-04-19T03:25:15.906Z INFO  worker::batch_maker] Batch vRNG7P0uMY/ATQ6RU1KqOMFHH5Ad0QML6CEzb6UZ6/A= contains 216576 B
[2026-04-19T03:25:15.962Z INFO  worker::batch_maker] Batch DkST/ZDnIGi8kN/Toe55dRIRLyd6vM3gkR8tuscu9Tg= contains sample tx 423
[2026-04-19T03:25:15.962Z INFO  worker::batch_maker] Batch DkST/ZDnIGi8kN/Toe55dRIRLyd6vM3gkR8tuscu9Tg= contains sample tx 424
[2026-04-19T03:25:15.962Z INFO  worker::batch_maker] Batch DkST/ZDnIGi8kN/Toe55dRIRLyd6vM3gkR8tuscu9Tg= contains 397824 B
[2026-04-19T03:25:16.015Z INFO  worker::batch_maker] Batch CPaizcx13tGozHfgGamW464wbJZ6GTzh6NKRGv/qcNs= contains sample tx 425
[2026-04-19T03:25:16.015Z INFO  worker::batch_maker] Batch CPaizcx13tGozHfgGamW464wbJZ6GTzh6NKRGv/qcNs= contains 204800 B
[2026-04-19T03:25:16.068Z INFO  worker::batch_maker] Batch RoGSX5exe3tT37W9zuIAf+Bw4xBDIn57YVnaNKmQyL0= contains sample tx 426
[2026-04-19T03:25:16.068Z INFO  worker::batch_maker] Batch RoGSX5exe3tT37W9zuIAf+Bw4xBDIn57YVnaNKmQyL0= contains 204800 B
[2026-04-19T03:25:16.123Z INFO  worker::batch_maker] Batch 6EEGJwO053WShM3DIICq4rtysNNoJI4QTKEYeQOES/A= contains sample tx 427
[2026-04-19T03:25:16.123Z INFO  worker::batch_maker] Batch 6EEGJwO053WShM3DIICq4rtysNNoJI4QTKEYeQOES/A= contains 204800 B
[2026-04-19T03:25:16.177Z INFO  worker::batch_maker] Batch HCRgd2lAWX0rK6oMqjZ3tWFiPfz2PN7a4wfUA+7ZfhE= contains sample tx 428
[2026-04-19T03:25:16.177Z INFO  worker::batch_maker] Batch HCRgd2lAWX0rK6oMqjZ3tWFiPfz2PN7a4wfUA+7ZfhE= contains 204800 B
[2026-04-19T03:25:16.230Z INFO  worker::batch_maker] Batch rLjjPxjNgBLzGO4b/Oee2iW5OQ+wn77ctmsDGmLQj9s= contains sample tx 429
[2026-04-19T03:25:16.230Z INFO  worker::batch_maker] Batch rLjjPxjNgBLzGO4b/Oee2iW5OQ+wn77ctmsDGmLQj9s= contains 204800 B
[2026-04-19T03:25:16.284Z INFO  worker::batch_maker] Batch biR9gMSaULIVPHtQth5MzpWFofgdyqL6pr4d4WPyC2M= contains sample tx 430
[2026-04-19T03:25:16.284Z INFO  worker::batch_maker] Batch biR9gMSaULIVPHtQth5MzpWFofgdyqL6pr4d4WPyC2M= contains 204800 B
[2026-04-19T03:25:16.337Z INFO  worker::batch_maker] Batch LYUINU5GCJZ+1+TsHLXH5mjDaI/UkKLJ5nw+By08iBU= contains sample tx 431
[2026-04-19T03:25:16.337Z INFO  worker::batch_maker] Batch LYUINU5GCJZ+1+TsHLXH5mjDaI/UkKLJ5nw+By08iBU= contains 204800 B
[2026-04-19T03:25:16.389Z INFO  worker::batch_maker] Batch IBsREAe3AGtI/FDK1/e1Irn1bAXT7X1XDRUDC0n2FD0= contains sample tx 432
[2026-04-19T03:25:16.389Z INFO  worker::batch_maker] Batch IBsREAe3AGtI/FDK1/e1Irn1bAXT7X1XDRUDC0n2FD0= contains 204800 B
[2026-04-19T03:25:16.442Z INFO  worker::batch_maker] Batch 1adWDRa+pyeKRhQqpP0nFqaGz3ESgKZaX7Et6KVpndM= contains sample tx 433
[2026-04-19T03:25:16.442Z INFO  worker::batch_maker] Batch 1adWDRa+pyeKRhQqpP0nFqaGz3ESgKZaX7Et6KVpndM= contains 204800 B
[2026-04-19T03:25:16.495Z INFO  worker::batch_maker] Batch SjN1d8VOKU5bjFvAfznZvtIlEk3Ty/AjeyMLzdxpslo= contains sample tx 434
[2026-04-19T03:25:16.495Z INFO  worker::batch_maker] Batch SjN1d8VOKU5bjFvAfznZvtIlEk3Ty/AjeyMLzdxpslo= contains 204800 B
[2026-04-19T03:25:16.549Z INFO  worker::batch_maker] Batch kNRJiMewqdv52uMMiK5MGyb0zfWaMjg9i8o0nVNqntA= contains sample tx 435
[2026-04-19T03:25:16.549Z INFO  worker::batch_maker] Batch kNRJiMewqdv52uMMiK5MGyb0zfWaMjg9i8o0nVNqntA= contains 204800 B
[2026-04-19T03:25:16.602Z INFO  worker::batch_maker] Batch Ps8p1ZEmQYerYd7lZXuaCFPDnNGpTQWirTpVpXVw/T4= contains sample tx 436
[2026-04-19T03:25:16.602Z INFO  worker::batch_maker] Batch Ps8p1ZEmQYerYd7lZXuaCFPDnNGpTQWirTpVpXVw/T4= contains 209920 B
[2026-04-19T03:25:16.657Z INFO  worker::batch_maker] Batch M9a9ACK2/0Keby3e4NMKYiDX5fmz5g7tG6bWdSJV29Q= contains sample tx 437
[2026-04-19T03:25:16.657Z INFO  worker::batch_maker] Batch M9a9ACK2/0Keby3e4NMKYiDX5fmz5g7tG6bWdSJV29Q= contains sample tx 438
[2026-04-19T03:25:16.657Z INFO  worker::batch_maker] Batch M9a9ACK2/0Keby3e4NMKYiDX5fmz5g7tG6bWdSJV29Q= contains 336384 B
[2026-04-19T03:25:16.712Z INFO  worker::batch_maker] Batch i6kfJ5Rn6rs5UtuLyr2Rd2+Xy1d86vfCniiBWgsF9qE= contains sample tx 439
[2026-04-19T03:25:16.712Z INFO  worker::batch_maker] Batch i6kfJ5Rn6rs5UtuLyr2Rd2+Xy1d86vfCniiBWgsF9qE= contains 272896 B
[2026-04-19T03:25:16.766Z INFO  worker::batch_maker] Batch NLuUHA7rGJv6KherX0ALGhgjaCI1VTDyOqZb6s+dN24= contains sample tx 440
[2026-04-19T03:25:16.766Z INFO  worker::batch_maker] Batch NLuUHA7rGJv6KherX0ALGhgjaCI1VTDyOqZb6s+dN24= contains 204800 B
[2026-04-19T03:25:16.820Z INFO  worker::batch_maker] Batch S7TOvyKSFPGAd7gi+SX5h137N6OjcOZRzT4BJmjEa4s= contains sample tx 441
[2026-04-19T03:25:16.820Z INFO  worker::batch_maker] Batch S7TOvyKSFPGAd7gi+SX5h137N6OjcOZRzT4BJmjEa4s= contains 204800 B
[2026-04-19T03:25:16.872Z INFO  worker::batch_maker] Batch V/huwX6NRUJIUjr4RlR7Vo3psGaB2aMtyorNlnEo8sg= contains sample tx 442
[2026-04-19T03:25:16.872Z INFO  worker::batch_maker] Batch V/huwX6NRUJIUjr4RlR7Vo3psGaB2aMtyorNlnEo8sg= contains 204800 B
[2026-04-19T03:25:16.925Z INFO  worker::batch_maker] Batch Ic2G1d0cPcM20nH2t7i5PWFAXU6WaqQrdKFoUpq/8Qs= contains sample tx 443
[2026-04-19T03:25:16.925Z INFO  worker::batch_maker] Batch Ic2G1d0cPcM20nH2t7i5PWFAXU6WaqQrdKFoUpq/8Qs= contains 204800 B
[2026-04-19T03:25:16.979Z INFO  worker::batch_maker] Batch f2f/JKbPB1fcEZq310IhY0PmKyi/+4tWaegZ3NWj+4k= contains sample tx 444
[2026-04-19T03:25:16.979Z INFO  worker::batch_maker] Batch f2f/JKbPB1fcEZq310IhY0PmKyi/+4tWaegZ3NWj+4k= contains 204800 B
[2026-04-19T03:25:17.032Z INFO  worker::batch_maker] Batch okY7LpaIyYuxMD3jd7yju2ENUxATjUkIujIf7bDzU8U= contains sample tx 445
[2026-04-19T03:25:17.032Z INFO  worker::batch_maker] Batch okY7LpaIyYuxMD3jd7yju2ENUxATjUkIujIf7bDzU8U= contains 204800 B
[2026-04-19T03:25:17.084Z INFO  worker::batch_maker] Batch ZrwAo/21nodRMpJrDGc7kr9+oA22c3HbTvOZCF+lYxE= contains sample tx 446
[2026-04-19T03:25:17.084Z INFO  worker::batch_maker] Batch ZrwAo/21nodRMpJrDGc7kr9+oA22c3HbTvOZCF+lYxE= contains 204800 B
[2026-04-19T03:25:17.137Z INFO  worker::batch_maker] Batch 886fm++uv0tdkHgaRDh/CwVR70iT6MbMgUb020iVEJk= contains sample tx 447
[2026-04-19T03:25:17.137Z INFO  worker::batch_maker] Batch 886fm++uv0tdkHgaRDh/CwVR70iT6MbMgUb020iVEJk= contains 204800 B
[2026-04-19T03:25:17.191Z INFO  worker::batch_maker] Batch Lvr35f2cIRBw8P48Ynvx393lmkZLiY71BRSXJKZJa6Q= contains sample tx 448
[2026-04-19T03:25:17.191Z INFO  worker::batch_maker] Batch Lvr35f2cIRBw8P48Ynvx393lmkZLiY71BRSXJKZJa6Q= contains 204800 B
[2026-04-19T03:25:17.244Z INFO  worker::batch_maker] Batch M3COUZmlybNEG4dbWI1jG3DjRY18iw5IB9wXA/Bkl6c= contains sample tx 449
[2026-04-19T03:25:17.244Z INFO  worker::batch_maker] Batch M3COUZmlybNEG4dbWI1jG3DjRY18iw5IB9wXA/Bkl6c= contains 204800 B
[2026-04-19T03:25:17.297Z INFO  worker::batch_maker] Batch G925Q8SjhvU/a1PpVv11ZuPremAevOa3cS15HII2Two= contains sample tx 450
[2026-04-19T03:25:17.297Z INFO  worker::batch_maker] Batch G925Q8SjhvU/a1PpVv11ZuPremAevOa3cS15HII2Two= contains 204800 B
[2026-04-19T03:25:17.351Z INFO  worker::batch_maker] Batch ZLnec3zPGE+XpobM/JHdui1jsjpjuBvFcWTzZ/3Mc9I= contains sample tx 451
[2026-04-19T03:25:17.351Z INFO  worker::batch_maker] Batch ZLnec3zPGE+XpobM/JHdui1jsjpjuBvFcWTzZ/3Mc9I= contains 204800 B
[2026-04-19T03:25:17.404Z INFO  worker::batch_maker] Batch Jo4aDkK7bHNXwtROwGCkO0JH6hoRJVsFano7Qc4x+uQ= contains sample tx 452
[2026-04-19T03:25:17.404Z INFO  worker::batch_maker] Batch Jo4aDkK7bHNXwtROwGCkO0JH6hoRJVsFano7Qc4x+uQ= contains sample tx 453
[2026-04-19T03:25:17.404Z INFO  worker::batch_maker] Batch Jo4aDkK7bHNXwtROwGCkO0JH6hoRJVsFano7Qc4x+uQ= contains 244224 B
[2026-04-19T03:25:17.458Z INFO  worker::batch_maker] Batch JU7tiVcbrK3WjfSO4AhEsxeLEPEf4ot+q9nMmTENYvc= contains sample tx 454
[2026-04-19T03:25:17.458Z INFO  worker::batch_maker] Batch JU7tiVcbrK3WjfSO4AhEsxeLEPEf4ot+q9nMmTENYvc= contains 278528 B
[2026-04-19T03:25:17.510Z INFO  worker::batch_maker] Batch eav3qa5ROUp7Jqfnr1H3YXzqrCfxB16b2qo6gljMPHY= contains sample tx 455
[2026-04-19T03:25:17.510Z INFO  worker::batch_maker] Batch eav3qa5ROUp7Jqfnr1H3YXzqrCfxB16b2qo6gljMPHY= contains 296448 B
[2026-04-19T03:25:17.566Z INFO  worker::batch_maker] Batch 2ZrZdKRp5BajXVDvuBvP93Eb6QSIhq02H3nHhJOLXek= contains sample tx 456
[2026-04-19T03:25:17.567Z INFO  worker::batch_maker] Batch 2ZrZdKRp5BajXVDvuBvP93Eb6QSIhq02H3nHhJOLXek= contains 204800 B
[2026-04-19T03:25:17.620Z INFO  worker::batch_maker] Batch yO24EDwIJkIptdpkgObQWWpU1G8zCDq7QDACro8NAkQ= contains sample tx 457
[2026-04-19T03:25:17.620Z INFO  worker::batch_maker] Batch yO24EDwIJkIptdpkgObQWWpU1G8zCDq7QDACro8NAkQ= contains 204800 B
[2026-04-19T03:25:17.672Z INFO  worker::batch_maker] Batch KKqmwWU58Wxoy4mXQZ5q2uBQLsLja3LSoB/Qddi+5gM= contains sample tx 458
[2026-04-19T03:25:17.672Z INFO  worker::batch_maker] Batch KKqmwWU58Wxoy4mXQZ5q2uBQLsLja3LSoB/Qddi+5gM= contains 204800 B
[2026-04-19T03:25:17.724Z INFO  worker::batch_maker] Batch tEXGn1WdbsOdbfWgCPTuqYs7FncN74oHZqSw4BiQaik= contains sample tx 459
[2026-04-19T03:25:17.724Z INFO  worker::batch_maker] Batch tEXGn1WdbsOdbfWgCPTuqYs7FncN74oHZqSw4BiQaik= contains 204800 B
[2026-04-19T03:25:17.776Z INFO  worker::batch_maker] Batch G4zBJJLUQmwxIs8+p+UkeWeEYZCSWAPVUocZ2l+HXso= contains sample tx 460
[2026-04-19T03:25:17.776Z INFO  worker::batch_maker] Batch G4zBJJLUQmwxIs8+p+UkeWeEYZCSWAPVUocZ2l+HXso= contains 204800 B
[2026-04-19T03:25:17.829Z INFO  worker::batch_maker] Batch BdNleR9buvE8oIur8sSRZJz8Hc1Pj6UAqW2Da1/qXPA= contains sample tx 461
[2026-04-19T03:25:17.829Z INFO  worker::batch_maker] Batch BdNleR9buvE8oIur8sSRZJz8Hc1Pj6UAqW2Da1/qXPA= contains 204800 B
[2026-04-19T03:25:17.881Z INFO  worker::batch_maker] Batch m8OsXFIh8jmN7yW7FujwEAJGa31NBzq8xpTTgYsJ5Rs= contains sample tx 462
[2026-04-19T03:25:17.881Z INFO  worker::batch_maker] Batch m8OsXFIh8jmN7yW7FujwEAJGa31NBzq8xpTTgYsJ5Rs= contains 204800 B
[2026-04-19T03:25:17.932Z INFO  worker::batch_maker] Batch YaSx1FWJbDqlwDJZVPNE3Fk/G8TnDDa/Xh9asw3apT0= contains sample tx 463
[2026-04-19T03:25:17.932Z INFO  worker::batch_maker] Batch YaSx1FWJbDqlwDJZVPNE3Fk/G8TnDDa/Xh9asw3apT0= contains 204800 B
[2026-04-19T03:25:17.985Z INFO  worker::batch_maker] Batch C+Hj3M/G9MCztw6TlK6lzdADc8mjyk0Qw6yRM2FcpZo= contains sample tx 464
[2026-04-19T03:25:17.985Z INFO  worker::batch_maker] Batch C+Hj3M/G9MCztw6TlK6lzdADc8mjyk0Qw6yRM2FcpZo= contains 204800 B
[2026-04-19T03:25:18.038Z INFO  worker::batch_maker] Batch nBAWUZJJBZyYBP6M6rpElsSUId2U0SfKr9p3F80v95M= contains sample tx 465
[2026-04-19T03:25:18.038Z INFO  worker::batch_maker] Batch nBAWUZJJBZyYBP6M6rpElsSUId2U0SfKr9p3F80v95M= contains 204800 B
[2026-04-19T03:25:18.090Z INFO  worker::batch_maker] Batch gxAjvzaaPMqzmC5IPEPONKizeqbMrxISJvG/5PGrhRY= contains sample tx 466
[2026-04-19T03:25:18.090Z INFO  worker::batch_maker] Batch gxAjvzaaPMqzmC5IPEPONKizeqbMrxISJvG/5PGrhRY= contains 204800 B
[2026-04-19T03:25:18.144Z INFO  worker::batch_maker] Batch nX0WMuvE78ek1FsfWsAs7bxmyMjOmt2pKIKPnM2nuOI= contains sample tx 467
[2026-04-19T03:25:18.144Z INFO  worker::batch_maker] Batch nX0WMuvE78ek1FsfWsAs7bxmyMjOmt2pKIKPnM2nuOI= contains 204800 B
[2026-04-19T03:25:18.197Z INFO  worker::batch_maker] Batch 2V8S0z5M/GxrtVmVdf4yi+PLt3OlorW3Q0Xf1qgSSKg= contains sample tx 468
[2026-04-19T03:25:18.197Z INFO  worker::batch_maker] Batch 2V8S0z5M/GxrtVmVdf4yi+PLt3OlorW3Q0Xf1qgSSKg= contains 204800 B
[2026-04-19T03:25:18.251Z INFO  worker::batch_maker] Batch L8teLjiPjos2KxGt5hdft90WDVg8dHsd9tHaUUP0ebo= contains sample tx 469
[2026-04-19T03:25:18.251Z INFO  worker::batch_maker] Batch L8teLjiPjos2KxGt5hdft90WDVg8dHsd9tHaUUP0ebo= contains 204800 B
[2026-04-19T03:25:18.306Z INFO  worker::batch_maker] Batch Ljp+o1hVBCevpemwFMTOVF6gSQ5QaG4OJau2/X1Sm/w= contains sample tx 470
[2026-04-19T03:25:18.306Z INFO  worker::batch_maker] Batch Ljp+o1hVBCevpemwFMTOVF6gSQ5QaG4OJau2/X1Sm/w= contains sample tx 471
[2026-04-19T03:25:18.306Z INFO  worker::batch_maker] Batch Ljp+o1hVBCevpemwFMTOVF6gSQ5QaG4OJau2/X1Sm/w= contains 380928 B
[2026-04-19T03:25:18.361Z INFO  worker::batch_maker] Batch 87UFII+fjcNDDTzPBc090Nk96qZ7A2L7KJXcmDXE5Ww= contains sample tx 472
[2026-04-19T03:25:18.361Z INFO  worker::batch_maker] Batch 87UFII+fjcNDDTzPBc090Nk96qZ7A2L7KJXcmDXE5Ww= contains 233472 B
[2026-04-19T03:25:18.413Z INFO  worker::batch_maker] Batch vuWwxLpZADZR/dFWuhaimYFjbx341GxV6s6qu/t8VAI= contains sample tx 473
[2026-04-19T03:25:18.413Z INFO  worker::batch_maker] Batch vuWwxLpZADZR/dFWuhaimYFjbx341GxV6s6qu/t8VAI= contains 204800 B
[2026-04-19T03:25:18.465Z INFO  worker::batch_maker] Batch YfaUKqaX4rO/9WBy3NDGOaIbtSESTBZH0xi+tyi7idw= contains sample tx 474
[2026-04-19T03:25:18.465Z INFO  worker::batch_maker] Batch YfaUKqaX4rO/9WBy3NDGOaIbtSESTBZH0xi+tyi7idw= contains 204800 B
[2026-04-19T03:25:18.518Z INFO  worker::batch_maker] Batch BJaW5S4LdTsV5Tsu7Yv67BikvirJiDoWE+8HimQwFsQ= contains sample tx 475
[2026-04-19T03:25:18.518Z INFO  worker::batch_maker] Batch BJaW5S4LdTsV5Tsu7Yv67BikvirJiDoWE+8HimQwFsQ= contains 204800 B
[2026-04-19T03:25:18.571Z INFO  worker::batch_maker] Batch KBlUbMcoopF9tB+/RQSMb4udXMSGROyManM8XUtGg3Q= contains sample tx 476
[2026-04-19T03:25:18.571Z INFO  worker::batch_maker] Batch KBlUbMcoopF9tB+/RQSMb4udXMSGROyManM8XUtGg3Q= contains 204800 B
[2026-04-19T03:25:18.626Z INFO  worker::batch_maker] Batch UWWavKsufSyAJQhZbDE2acifJzj2FPIJ/4Lw3eodszk= contains sample tx 477
[2026-04-19T03:25:18.626Z INFO  worker::batch_maker] Batch UWWavKsufSyAJQhZbDE2acifJzj2FPIJ/4Lw3eodszk= contains 204800 B
[2026-04-19T03:25:18.677Z INFO  worker::batch_maker] Batch wlQ9WqghKixm3z0JZOYnIQ1hDX3BTNVxKLXYLfAWNpA= contains sample tx 478
[2026-04-19T03:25:18.677Z INFO  worker::batch_maker] Batch wlQ9WqghKixm3z0JZOYnIQ1hDX3BTNVxKLXYLfAWNpA= contains 204800 B
[2026-04-19T03:25:18.730Z INFO  worker::batch_maker] Batch 0mQ7eJi7EnOStK2L6Q8Rz5oh68MCg/gNz3HpZ6x9qfM= contains sample tx 479
[2026-04-19T03:25:18.730Z INFO  worker::batch_maker] Batch 0mQ7eJi7EnOStK2L6Q8Rz5oh68MCg/gNz3HpZ6x9qfM= contains 204800 B
[2026-04-19T03:25:18.782Z INFO  worker::batch_maker] Batch sc1nZ0GqE2JR7x5zlIyEU3W4j1laa1RTUh+m7pCdbJc= contains sample tx 480
[2026-04-19T03:25:18.782Z INFO  worker::batch_maker] Batch sc1nZ0GqE2JR7x5zlIyEU3W4j1laa1RTUh+m7pCdbJc= contains 204800 B
[2026-04-19T03:25:18.833Z INFO  worker::batch_maker] Batch HsV3MkIHABxvddUbb59zG1DDNTdmu6S84X85fP6cmlg= contains sample tx 481
[2026-04-19T03:25:18.833Z INFO  worker::batch_maker] Batch HsV3MkIHABxvddUbb59zG1DDNTdmu6S84X85fP6cmlg= contains 204800 B
[2026-04-19T03:25:18.887Z INFO  worker::batch_maker] Batch QgchoXKbT1zC13iJ4EUfaxkyp92zux455FRDPc4vn48= contains sample tx 482
[2026-04-19T03:25:18.887Z INFO  worker::batch_maker] Batch QgchoXKbT1zC13iJ4EUfaxkyp92zux455FRDPc4vn48= contains 204800 B
[2026-04-19T03:25:18.939Z INFO  worker::batch_maker] Batch zGFyDgD/BTQxSAcnCzz3HEGh5hlWxQVBwVwYRlN9ql0= contains sample tx 483
[2026-04-19T03:25:18.939Z INFO  worker::batch_maker] Batch zGFyDgD/BTQxSAcnCzz3HEGh5hlWxQVBwVwYRlN9ql0= contains 204800 B
[2026-04-19T03:25:18.992Z INFO  worker::batch_maker] Batch SZeqlcL55XyHhuOsmBOujYajas+6sMur2iVSTG+rASI= contains sample tx 484
[2026-04-19T03:25:18.992Z INFO  worker::batch_maker] Batch SZeqlcL55XyHhuOsmBOujYajas+6sMur2iVSTG+rASI= contains 204800 B
[2026-04-19T03:25:19.044Z INFO  worker::batch_maker] Batch wkE8qqp5BkcOKvHK/lMUkoLs9H56EUF5oRmQBIHWXw4= contains sample tx 485
[2026-04-19T03:25:19.044Z INFO  worker::batch_maker] Batch wkE8qqp5BkcOKvHK/lMUkoLs9H56EUF5oRmQBIHWXw4= contains 204800 B
[2026-04-19T03:25:19.098Z INFO  worker::batch_maker] Batch zZLpTc0RktU6cH/699+7jEHA9dI/G3IZ5kDmtiH4zbs= contains sample tx 486
[2026-04-19T03:25:19.098Z INFO  worker::batch_maker] Batch zZLpTc0RktU6cH/699+7jEHA9dI/G3IZ5kDmtiH4zbs= contains 204800 B
[2026-04-19T03:25:19.152Z INFO  worker::batch_maker] Batch Ydqeg98+1y8sIMkpD/igNS1rpOnwPm8X/EmYVFvL97o= contains sample tx 487
[2026-04-19T03:25:19.152Z INFO  worker::batch_maker] Batch Ydqeg98+1y8sIMkpD/igNS1rpOnwPm8X/EmYVFvL97o= contains 204800 B
[2026-04-19T03:25:19.206Z INFO  worker::batch_maker] Batch JWPdLI+pu9IAzyVWTbK9T2EPqHJ39yUJ0ybm96xVd4U= contains sample tx 488
[2026-04-19T03:25:19.206Z INFO  worker::batch_maker] Batch JWPdLI+pu9IAzyVWTbK9T2EPqHJ39yUJ0ybm96xVd4U= contains sample tx 489
[2026-04-19T03:25:19.206Z INFO  worker::batch_maker] Batch JWPdLI+pu9IAzyVWTbK9T2EPqHJ39yUJ0ybm96xVd4U= contains 409600 B
[2026-04-19T03:25:19.259Z INFO  worker::batch_maker] Batch bwKMn2gVlFfuKGJ8l7if28CFGfdRpOTbg0bDBtEeOHM= contains sample tx 490
[2026-04-19T03:25:19.259Z INFO  worker::batch_maker] Batch bwKMn2gVlFfuKGJ8l7if28CFGfdRpOTbg0bDBtEeOHM= contains 204800 B
[2026-04-19T03:25:19.313Z INFO  worker::batch_maker] Batch AM75sbH8dMtaEHK5W6CxEgtbXcnq6Ag4FYrmZ8/FqcE= contains sample tx 491
[2026-04-19T03:25:19.313Z INFO  worker::batch_maker] Batch AM75sbH8dMtaEHK5W6CxEgtbXcnq6Ag4FYrmZ8/FqcE= contains 204800 B
[2026-04-19T03:25:19.366Z INFO  worker::batch_maker] Batch LGv7+8LCjiA/+nMgR+17TCqqhUqmfe4OxKK6IGoPG7U= contains sample tx 492
[2026-04-19T03:25:19.366Z INFO  worker::batch_maker] Batch LGv7+8LCjiA/+nMgR+17TCqqhUqmfe4OxKK6IGoPG7U= contains 204800 B
[2026-04-19T03:25:19.419Z INFO  worker::batch_maker] Batch yf3FvUhe8DO51yYG6brLG8eMBk7j8JSpA+qsRyaX0iE= contains sample tx 493
[2026-04-19T03:25:19.419Z INFO  worker::batch_maker] Batch yf3FvUhe8DO51yYG6brLG8eMBk7j8JSpA+qsRyaX0iE= contains 204800 B
[2026-04-19T03:25:19.473Z INFO  worker::batch_maker] Batch OAaUUEsFV10rzmWNjRs9obBlrV+3IWVIneBGqryzyU0= contains sample tx 494
[2026-04-19T03:25:19.473Z INFO  worker::batch_maker] Batch OAaUUEsFV10rzmWNjRs9obBlrV+3IWVIneBGqryzyU0= contains 204800 B
[2026-04-19T03:25:19.526Z INFO  worker::batch_maker] Batch NDg7CHIDNyAhhOexjxeyCVNLghCtCZ2bUMQAGOCWx7w= contains sample tx 495
[2026-04-19T03:25:19.526Z INFO  worker::batch_maker] Batch NDg7CHIDNyAhhOexjxeyCVNLghCtCZ2bUMQAGOCWx7w= contains 204800 B
[2026-04-19T03:25:19.578Z INFO  worker::batch_maker] Batch V3lzDtd5Bd12jMizvzfoIqWqkRlxckk1MkwMHiGkmc0= contains sample tx 496
[2026-04-19T03:25:19.578Z INFO  worker::batch_maker] Batch V3lzDtd5Bd12jMizvzfoIqWqkRlxckk1MkwMHiGkmc0= contains 204800 B
[2026-04-19T03:25:19.631Z INFO  worker::batch_maker] Batch vlORDN3WxqcMFlu+izTmdEGGPwopVHIbArBlKZYtRZo= contains sample tx 497
[2026-04-19T03:25:19.631Z INFO  worker::batch_maker] Batch vlORDN3WxqcMFlu+izTmdEGGPwopVHIbArBlKZYtRZo= contains 204800 B
[2026-04-19T03:25:19.682Z INFO  worker::batch_maker] Batch pMlVV4EyuquQs0Ow/tqi240TgKqzcQlMQjbg8y4G9t8= contains sample tx 498
[2026-04-19T03:25:19.682Z INFO  worker::batch_maker] Batch pMlVV4EyuquQs0Ow/tqi240TgKqzcQlMQjbg8y4G9t8= contains 204800 B
[2026-04-19T03:25:19.735Z INFO  worker::batch_maker] Batch +1PcDPicPJXu5MNYFDJGTqQZsBq1B2EllqpaTKKtN+g= contains sample tx 499
[2026-04-19T03:25:19.735Z INFO  worker::batch_maker] Batch +1PcDPicPJXu5MNYFDJGTqQZsBq1B2EllqpaTKKtN+g= contains 204800 B
[2026-04-19T03:25:19.789Z INFO  worker::batch_maker] Batch tuH3cdN/pG1wM2Ap8hQjg3A1Fhr3Sf46U4971p174mk= contains sample tx 500
[2026-04-19T03:25:19.789Z INFO  worker::batch_maker] Batch tuH3cdN/pG1wM2Ap8hQjg3A1Fhr3Sf46U4971p174mk= contains 204800 B
[2026-04-19T03:25:19.844Z INFO  worker::batch_maker] Batch q9q7m9XnZHNwytUE1QFApH5evAVEd+LGtEOMZtflq2w= contains sample tx 501
[2026-04-19T03:25:19.844Z INFO  worker::batch_maker] Batch q9q7m9XnZHNwytUE1QFApH5evAVEd+LGtEOMZtflq2w= contains 204800 B
[2026-04-19T03:25:19.898Z INFO  worker::batch_maker] Batch dT1Fl8F4Ep22LWJIiTDaAw6me0QhutrttfaD17F/FK0= contains sample tx 502
[2026-04-19T03:25:19.898Z INFO  worker::batch_maker] Batch dT1Fl8F4Ep22LWJIiTDaAw6me0QhutrttfaD17F/FK0= contains 204800 B
[2026-04-19T03:25:19.950Z INFO  worker::batch_maker] Batch NkHeKxeMJdcTt/JMYP+Kfg9XhtQalP86EausI7nomH0= contains sample tx 503
[2026-04-19T03:25:19.950Z INFO  worker::batch_maker] Batch NkHeKxeMJdcTt/JMYP+Kfg9XhtQalP86EausI7nomH0= contains 204800 B
[2026-04-19T03:25:20.001Z INFO  worker::batch_maker] Batch vK3pHL7hgA+XFZfaeDfzJW77B2IIHeOpXine3xMhbHU= contains sample tx 504
[2026-04-19T03:25:20.001Z INFO  worker::batch_maker] Batch vK3pHL7hgA+XFZfaeDfzJW77B2IIHeOpXine3xMhbHU= contains 205312 B
[2026-04-19T03:25:20.056Z INFO  worker::batch_maker] Batch cY0AN5Wzk34ltaXzI9mAlVHDwYcBcQIOVI9BtZg9aO8= contains sample tx 505
[2026-04-19T03:25:20.056Z INFO  worker::batch_maker] Batch cY0AN5Wzk34ltaXzI9mAlVHDwYcBcQIOVI9BtZg9aO8= contains sample tx 506
[2026-04-19T03:25:20.056Z INFO  worker::batch_maker] Batch cY0AN5Wzk34ltaXzI9mAlVHDwYcBcQIOVI9BtZg9aO8= contains 307712 B
[2026-04-19T03:25:20.111Z INFO  worker::batch_maker] Batch Y/7O79ELu/PhcAoBVf9HNkokN1P249idvYOe9V1xhDM= contains sample tx 507
[2026-04-19T03:25:20.111Z INFO  worker::batch_maker] Batch Y/7O79ELu/PhcAoBVf9HNkokN1P249idvYOe9V1xhDM= contains 306176 B
[2026-04-19T03:25:20.167Z INFO  worker::batch_maker] Batch /jZSJfJ+pclcYu2IMtWIJL9fJeTzRbYLS71+DUeIq2o= contains sample tx 508
[2026-04-19T03:25:20.167Z INFO  worker::batch_maker] Batch /jZSJfJ+pclcYu2IMtWIJL9fJeTzRbYLS71+DUeIq2o= contains 204800 B
[2026-04-19T03:25:20.220Z INFO  worker::batch_maker] Batch kr33+SClRqPqhdE5870V9bBG8xIml13lRT9Ulr6G3Yo= contains sample tx 509
[2026-04-19T03:25:20.220Z INFO  worker::batch_maker] Batch kr33+SClRqPqhdE5870V9bBG8xIml13lRT9Ulr6G3Yo= contains 204800 B
[2026-04-19T03:25:20.272Z INFO  worker::batch_maker] Batch U4sVNAQceL0u/sKBmkC7OUaPuEmx77TSB3VTnPaFE2E= contains sample tx 510
[2026-04-19T03:25:20.272Z INFO  worker::batch_maker] Batch U4sVNAQceL0u/sKBmkC7OUaPuEmx77TSB3VTnPaFE2E= contains 204800 B
[2026-04-19T03:25:20.325Z INFO  worker::batch_maker] Batch ZspxmpNW6DPCneTWLy58tHG6Ve4yRkRP5uOEkKIEkEs= contains sample tx 511
[2026-04-19T03:25:20.325Z INFO  worker::batch_maker] Batch ZspxmpNW6DPCneTWLy58tHG6Ve4yRkRP5uOEkKIEkEs= contains 204800 B
[2026-04-19T03:25:20.377Z INFO  worker::batch_maker] Batch L57n4Y+cCDyZvKetvWjHIGUV7QOBW9qgn918QEkwN0U= contains sample tx 512
[2026-04-19T03:25:20.377Z INFO  worker::batch_maker] Batch L57n4Y+cCDyZvKetvWjHIGUV7QOBW9qgn918QEkwN0U= contains 204800 B
[2026-04-19T03:25:20.429Z INFO  worker::batch_maker] Batch vNhDfORALg4Ejnb2pbuiO+DyyZExI8XRToLkBi0RIjg= contains sample tx 513
[2026-04-19T03:25:20.429Z INFO  worker::batch_maker] Batch vNhDfORALg4Ejnb2pbuiO+DyyZExI8XRToLkBi0RIjg= contains 204800 B
[2026-04-19T03:25:20.482Z INFO  worker::batch_maker] Batch ndBB0WWdkNbksSQ57CWzyHZKQMNFULhZiM2lhb06I7w= contains sample tx 514
[2026-04-19T03:25:20.482Z INFO  worker::batch_maker] Batch ndBB0WWdkNbksSQ57CWzyHZKQMNFULhZiM2lhb06I7w= contains 204800 B
[2026-04-19T03:25:20.533Z INFO  worker::batch_maker] Batch ta30aWA63oNlFYpaPw3mvQqfi8K4ROdstxsn7Ie8Uag= contains sample tx 515
[2026-04-19T03:25:20.533Z INFO  worker::batch_maker] Batch ta30aWA63oNlFYpaPw3mvQqfi8K4ROdstxsn7Ie8Uag= contains 204800 B
[2026-04-19T03:25:20.585Z INFO  worker::batch_maker] Batch BrC3/BqD7kU78Gfdi4A8BLeVZW4DzAOGP8qH8wwqml8= contains sample tx 516
[2026-04-19T03:25:20.585Z INFO  worker::batch_maker] Batch BrC3/BqD7kU78Gfdi4A8BLeVZW4DzAOGP8qH8wwqml8= contains 204800 B
[2026-04-19T03:25:20.637Z INFO  worker::batch_maker] Batch GeEA9pxV7B4i8BdwWPv9DNAUMSjPEXXm7/sfMZcWxPU= contains sample tx 517
[2026-04-19T03:25:20.637Z INFO  worker::batch_maker] Batch GeEA9pxV7B4i8BdwWPv9DNAUMSjPEXXm7/sfMZcWxPU= contains 204800 B
[2026-04-19T03:25:20.690Z INFO  worker::batch_maker] Batch ZcFtTx9pUuJD81GjMJACHyR7QXuph85zSEI34pTCeS0= contains sample tx 518
[2026-04-19T03:25:20.690Z INFO  worker::batch_maker] Batch ZcFtTx9pUuJD81GjMJACHyR7QXuph85zSEI34pTCeS0= contains 204800 B
[2026-04-19T03:25:20.741Z INFO  worker::batch_maker] Batch umkHqxe7ud8jXLslVB9NR75Uk3/3MbJysd1qJY/aQLE= contains sample tx 519
[2026-04-19T03:25:20.741Z INFO  worker::batch_maker] Batch umkHqxe7ud8jXLslVB9NR75Uk3/3MbJysd1qJY/aQLE= contains 204800 B
[2026-04-19T03:25:20.794Z INFO  worker::batch_maker] Batch jlXcsnO/VaU9f6+WO4m90AHKk+LLna0sWPRARVcIkGQ= contains sample tx 520
[2026-04-19T03:25:20.794Z INFO  worker::batch_maker] Batch jlXcsnO/VaU9f6+WO4m90AHKk+LLna0sWPRARVcIkGQ= contains 204800 B
[2026-04-19T03:25:20.847Z INFO  worker::batch_maker] Batch v/Z8BlBAOVPCzPrXtslkJHB4CowDCkf+ux0GOO0WU3A= contains sample tx 521
[2026-04-19T03:25:20.847Z INFO  worker::batch_maker] Batch v/Z8BlBAOVPCzPrXtslkJHB4CowDCkf+ux0GOO0WU3A= contains 204800 B
[2026-04-19T03:25:20.898Z INFO  worker::batch_maker] Batch n4R2OiIMh/FxXUxbBlT1oxGpiMxDKtDPVJU3Y2yHNso= contains sample tx 522
[2026-04-19T03:25:20.898Z INFO  worker::batch_maker] Batch n4R2OiIMh/FxXUxbBlT1oxGpiMxDKtDPVJU3Y2yHNso= contains 204800 B
[2026-04-19T03:25:20.950Z INFO  worker::batch_maker] Batch a0HPwJb32bd0ucSXpdUkmuePnavDk5yMZ4hJv99i25A= contains sample tx 523
[2026-04-19T03:25:20.950Z INFO  worker::batch_maker] Batch a0HPwJb32bd0ucSXpdUkmuePnavDk5yMZ4hJv99i25A= contains 204800 B
[2026-04-19T03:25:21.002Z INFO  worker::batch_maker] Batch B5zVUJB5RF/lQEcUHXlBSrY21VnIg8mxRXnJQBJqFps= contains sample tx 524
[2026-04-19T03:25:21.002Z INFO  worker::batch_maker] Batch B5zVUJB5RF/lQEcUHXlBSrY21VnIg8mxRXnJQBJqFps= contains sample tx 525
[2026-04-19T03:25:21.002Z INFO  worker::batch_maker] Batch B5zVUJB5RF/lQEcUHXlBSrY21VnIg8mxRXnJQBJqFps= contains 301056 B
[2026-04-19T03:25:21.055Z INFO  worker::batch_maker] Batch VdzmJ/ynU4r31xrPQxqT8RXvCz/3VtRyyTOajOMnOuk= contains sample tx 526
[2026-04-19T03:25:21.055Z INFO  worker::batch_maker] Batch VdzmJ/ynU4r31xrPQxqT8RXvCz/3VtRyyTOajOMnOuk= contains 313344 B
[2026-04-19T03:25:21.106Z INFO  worker::batch_maker] Batch jYfv4iOJe/R8DjuCNx+r3D0D7K3eivu2SuuNtHh7N70= contains sample tx 527
[2026-04-19T03:25:21.106Z INFO  worker::batch_maker] Batch jYfv4iOJe/R8DjuCNx+r3D0D7K3eivu2SuuNtHh7N70= contains 204800 B
[2026-04-19T03:25:21.159Z INFO  worker::batch_maker] Batch Ut5Umyu8ZQtlxyAA4Y89jM5QApWKSDaSAtqYcoXLgBA= contains sample tx 528
[2026-04-19T03:25:21.159Z INFO  worker::batch_maker] Batch Ut5Umyu8ZQtlxyAA4Y89jM5QApWKSDaSAtqYcoXLgBA= contains 204800 B
[2026-04-19T03:25:21.211Z INFO  worker::batch_maker] Batch dinQA+Idh//JqfGopCmAAr9Wf2vhktIWofNFFYDHQqw= contains sample tx 529
[2026-04-19T03:25:21.211Z INFO  worker::batch_maker] Batch dinQA+Idh//JqfGopCmAAr9Wf2vhktIWofNFFYDHQqw= contains 204800 B
[2026-04-19T03:25:21.265Z INFO  worker::batch_maker] Batch ufr/alLRXY4Ga49UD1tkPcyNubT05FcgBfrbCq0Twrg= contains sample tx 530
[2026-04-19T03:25:21.265Z INFO  worker::batch_maker] Batch ufr/alLRXY4Ga49UD1tkPcyNubT05FcgBfrbCq0Twrg= contains 204800 B
[2026-04-19T03:25:21.318Z INFO  worker::batch_maker] Batch oBDw/kLBKAHB65R+tJKMJ9hNmWWkLjNDXthuaklnf28= contains sample tx 531
[2026-04-19T03:25:21.318Z INFO  worker::batch_maker] Batch oBDw/kLBKAHB65R+tJKMJ9hNmWWkLjNDXthuaklnf28= contains 204800 B
[2026-04-19T03:25:21.372Z INFO  worker::batch_maker] Batch y94i8L7wq5HfRJb8SnudkANyvB9zwLzOCvCoJoUXABQ= contains sample tx 532
[2026-04-19T03:25:21.372Z INFO  worker::batch_maker] Batch y94i8L7wq5HfRJb8SnudkANyvB9zwLzOCvCoJoUXABQ= contains 204800 B
[2026-04-19T03:25:21.426Z INFO  worker::batch_maker] Batch ZDedFgXe4ZPeAJFqFrwfCKF1GI3mCboDGUoEMQYYIeg= contains sample tx 533
[2026-04-19T03:25:21.426Z INFO  worker::batch_maker] Batch ZDedFgXe4ZPeAJFqFrwfCKF1GI3mCboDGUoEMQYYIeg= contains 204800 B
[2026-04-19T03:25:21.477Z INFO  worker::batch_maker] Batch 7zI5IlhKU4D8593aZCD0hjQUbwZmAKJv6dqvvJ3zPvI= contains sample tx 534
[2026-04-19T03:25:21.477Z INFO  worker::batch_maker] Batch 7zI5IlhKU4D8593aZCD0hjQUbwZmAKJv6dqvvJ3zPvI= contains 204800 B
[2026-04-19T03:25:21.529Z INFO  worker::batch_maker] Batch 95dXjbRiJMi+1W/GuugpAgQ7JoyIETGNstrNNS6W5ic= contains sample tx 535
[2026-04-19T03:25:21.529Z INFO  worker::batch_maker] Batch 95dXjbRiJMi+1W/GuugpAgQ7JoyIETGNstrNNS6W5ic= contains 204800 B
[2026-04-19T03:25:21.582Z INFO  worker::batch_maker] Batch IEVPKD/giabQi+M7CO3AOtR4tuDvLKuODw+oi8gCPTc= contains sample tx 536
[2026-04-19T03:25:21.582Z INFO  worker::batch_maker] Batch IEVPKD/giabQi+M7CO3AOtR4tuDvLKuODw+oi8gCPTc= contains 204800 B
[2026-04-19T03:25:21.634Z INFO  worker::batch_maker] Batch EhTA05cHT9/FOkg4hii+IeURbhSNxMh1Zlsx7/c0gP4= contains sample tx 537
[2026-04-19T03:25:21.634Z INFO  worker::batch_maker] Batch EhTA05cHT9/FOkg4hii+IeURbhSNxMh1Zlsx7/c0gP4= contains 204800 B
[2026-04-19T03:25:21.686Z INFO  worker::batch_maker] Batch ZvETJel98vZMN2gPezmEeuQuiCPiHq/SYYY9Ih6Xkhs= contains sample tx 538
[2026-04-19T03:25:21.686Z INFO  worker::batch_maker] Batch ZvETJel98vZMN2gPezmEeuQuiCPiHq/SYYY9Ih6Xkhs= contains 204800 B
[2026-04-19T03:25:21.740Z INFO  worker::batch_maker] Batch tu2+aB/hKcxsXlGjk2IZwRAOSLnFysMnJUMK/LDbb/c= contains sample tx 539
[2026-04-19T03:25:21.740Z INFO  worker::batch_maker] Batch tu2+aB/hKcxsXlGjk2IZwRAOSLnFysMnJUMK/LDbb/c= contains 204800 B
[2026-04-19T03:25:21.794Z INFO  worker::batch_maker] Batch wkv1SARX8DFhVUeYcoejswu6p64NbdQRWmuRtN3LjOU= contains sample tx 540
[2026-04-19T03:25:21.794Z INFO  worker::batch_maker] Batch wkv1SARX8DFhVUeYcoejswu6p64NbdQRWmuRtN3LjOU= contains 204800 B
[2026-04-19T03:25:21.846Z INFO  worker::batch_maker] Batch v1gkxAipb+8Pd3KZMwa4imEhhr2146Tikg120dhVvNs= contains sample tx 541
[2026-04-19T03:25:21.846Z INFO  worker::batch_maker] Batch v1gkxAipb+8Pd3KZMwa4imEhhr2146Tikg120dhVvNs= contains 204800 B
[2026-04-19T03:25:21.899Z INFO  worker::batch_maker] Batch WNUdz59ju9a/CIGduAGkNCUg5mI3E1XFvI3UcWmw58w= contains sample tx 542
[2026-04-19T03:25:21.899Z INFO  worker::batch_maker] Batch WNUdz59ju9a/CIGduAGkNCUg5mI3E1XFvI3UcWmw58w= contains 204800 B
[2026-04-19T03:25:21.952Z INFO  worker::batch_maker] Batch myos9AmnO5mh8azVFWpNZm+G9QcRXyKmoyjNzk1h0Ks= contains sample tx 543
[2026-04-19T03:25:21.952Z INFO  worker::batch_maker] Batch myos9AmnO5mh8azVFWpNZm+G9QcRXyKmoyjNzk1h0Ks= contains 209920 B
[2026-04-19T03:25:22.007Z INFO  worker::batch_maker] Batch r5AQzvvNbTa+CnspvWSIHdQjD5rP4f1prTvCcj9LKqc= contains sample tx 544
[2026-04-19T03:25:22.007Z INFO  worker::batch_maker] Batch r5AQzvvNbTa+CnspvWSIHdQjD5rP4f1prTvCcj9LKqc= contains sample tx 545
[2026-04-19T03:25:22.007Z INFO  worker::batch_maker] Batch r5AQzvvNbTa+CnspvWSIHdQjD5rP4f1prTvCcj9LKqc= contains 370176 B
[2026-04-19T03:25:22.060Z INFO  worker::batch_maker] Batch fNwJZO7Sioo2EsCk6rleO5AuOkOo4FznWsRYK1mUXV4= contains 88064 B
[2026-04-19T03:25:22.119Z INFO  worker::batch_maker] Batch ckSlyYUlDAeEXNLq6tFeZlJvSCFc8uNcxPe3iX2nGpk= contains sample tx 546
[2026-04-19T03:25:22.119Z INFO  worker::batch_maker] Batch ckSlyYUlDAeEXNLq6tFeZlJvSCFc8uNcxPe3iX2nGpk= contains sample tx 547
[2026-04-19T03:25:22.119Z INFO  worker::batch_maker] Batch ckSlyYUlDAeEXNLq6tFeZlJvSCFc8uNcxPe3iX2nGpk= contains 355840 B
[2026-04-19T03:25:22.171Z INFO  worker::batch_maker] Batch BXLRPtovKejfbmGZ1yGt0IJImAliIlAOLrmyAj/3tuA= contains sample tx 548
[2026-04-19T03:25:22.171Z INFO  worker::batch_maker] Batch BXLRPtovKejfbmGZ1yGt0IJImAliIlAOLrmyAj/3tuA= contains 204800 B
[2026-04-19T03:25:22.223Z INFO  worker::batch_maker] Batch JE+a/XPyNGZx/OKeRRWny6fFiRxKozL6rqWvY6NPlDQ= contains sample tx 549
[2026-04-19T03:25:22.223Z INFO  worker::batch_maker] Batch JE+a/XPyNGZx/OKeRRWny6fFiRxKozL6rqWvY6NPlDQ= contains 204800 B
[2026-04-19T03:25:22.277Z INFO  worker::batch_maker] Batch ddjt95mwAK2dTgOTG83O7OXrliTfp74rFUj9Saldjkg= contains sample tx 550
[2026-04-19T03:25:22.277Z INFO  worker::batch_maker] Batch ddjt95mwAK2dTgOTG83O7OXrliTfp74rFUj9Saldjkg= contains 204800 B
[2026-04-19T03:25:22.332Z INFO  worker::batch_maker] Batch zwr1DYbcbs0RrDr0uh0mN/dbb2kfALW1ztM/e74Vgn0= contains sample tx 551
[2026-04-19T03:25:22.332Z INFO  worker::batch_maker] Batch zwr1DYbcbs0RrDr0uh0mN/dbb2kfALW1ztM/e74Vgn0= contains 204800 B
[2026-04-19T03:25:22.385Z INFO  worker::batch_maker] Batch sN0wZKV3zdNwfCiTRihECKbcH7kFUWqXI+7rybLkbU0= contains sample tx 552
[2026-04-19T03:25:22.385Z INFO  worker::batch_maker] Batch sN0wZKV3zdNwfCiTRihECKbcH7kFUWqXI+7rybLkbU0= contains 204800 B
[2026-04-19T03:25:22.437Z INFO  worker::batch_maker] Batch l9IuPKgduNvacqKnDOVWWa3Xhzl+d5G1jvOEaYpt6AY= contains sample tx 553
[2026-04-19T03:25:22.437Z INFO  worker::batch_maker] Batch l9IuPKgduNvacqKnDOVWWa3Xhzl+d5G1jvOEaYpt6AY= contains 204800 B
[2026-04-19T03:25:22.491Z INFO  worker::batch_maker] Batch vRabP2YEgGpt945YZor0aBf7KfBULtbcB0wcBovEQNg= contains sample tx 554
[2026-04-19T03:25:22.491Z INFO  worker::batch_maker] Batch vRabP2YEgGpt945YZor0aBf7KfBULtbcB0wcBovEQNg= contains 204800 B
[2026-04-19T03:25:22.544Z INFO  worker::batch_maker] Batch KNHxkFA0IFK7x6dwajFkjZmhhKULXkkUkh4EEd2YizU= contains sample tx 555
[2026-04-19T03:25:22.544Z INFO  worker::batch_maker] Batch KNHxkFA0IFK7x6dwajFkjZmhhKULXkkUkh4EEd2YizU= contains 204800 B
[2026-04-19T03:25:22.598Z INFO  worker::batch_maker] Batch CiWo50v6vYX0UYwJFu2dzz2JMTCnGsOEI+FMcBNaC20= contains sample tx 556
[2026-04-19T03:25:22.598Z INFO  worker::batch_maker] Batch CiWo50v6vYX0UYwJFu2dzz2JMTCnGsOEI+FMcBNaC20= contains 204800 B
[2026-04-19T03:25:22.650Z INFO  worker::batch_maker] Batch GandJJCDV21TRCU+L4nWyp7rAHUuxqd/cKkFXc/wlcc= contains sample tx 557
[2026-04-19T03:25:22.650Z INFO  worker::batch_maker] Batch GandJJCDV21TRCU+L4nWyp7rAHUuxqd/cKkFXc/wlcc= contains 204800 B
[2026-04-19T03:25:22.703Z INFO  worker::batch_maker] Batch TTPDT/PyXo/BOMmDtzedU5rzRguXLevnNQVBWmlKmhU= contains sample tx 558
[2026-04-19T03:25:22.703Z INFO  worker::batch_maker] Batch TTPDT/PyXo/BOMmDtzedU5rzRguXLevnNQVBWmlKmhU= contains 275456 B
[2026-04-19T03:25:22.757Z INFO  worker::batch_maker] Batch YFYpy1v8iyKUOlptpnLgXQ3MswylXAwRwkNfozrfHI8= contains sample tx 559
[2026-04-19T03:25:22.757Z INFO  worker::batch_maker] Batch YFYpy1v8iyKUOlptpnLgXQ3MswylXAwRwkNfozrfHI8= contains sample tx 560
[2026-04-19T03:25:22.757Z INFO  worker::batch_maker] Batch YFYpy1v8iyKUOlptpnLgXQ3MswylXAwRwkNfozrfHI8= contains 289792 B
[2026-04-19T03:25:22.810Z INFO  worker::batch_maker] Batch cL9RNrpxUbDoG/dWNsVCR0SCWXuwI+QL5tLliQhskts= contains sample tx 561
[2026-04-19T03:25:22.810Z INFO  worker::batch_maker] Batch cL9RNrpxUbDoG/dWNsVCR0SCWXuwI+QL5tLliQhskts= contains 253952 B
[2026-04-19T03:25:22.864Z INFO  worker::batch_maker] Batch ez/Wbrt4IC6FDWcgCaF/V4PRK0A2SfbjpDK92uoikFc= contains sample tx 562
[2026-04-19T03:25:22.864Z INFO  worker::batch_maker] Batch ez/Wbrt4IC6FDWcgCaF/V4PRK0A2SfbjpDK92uoikFc= contains 204800 B
[2026-04-19T03:25:22.916Z INFO  worker::batch_maker] Batch yHkgUFHuVU3+F3uE+1ckCOWJCArGPE7gbjR64i3rT10= contains sample tx 563
[2026-04-19T03:25:22.916Z INFO  worker::batch_maker] Batch yHkgUFHuVU3+F3uE+1ckCOWJCArGPE7gbjR64i3rT10= contains 204800 B
[2026-04-19T03:25:22.969Z INFO  worker::batch_maker] Batch oug8HqdgdI/frHTQXXS2hvEZJqRb8neOtXfuCyC9QII= contains sample tx 564
[2026-04-19T03:25:22.969Z INFO  worker::batch_maker] Batch oug8HqdgdI/frHTQXXS2hvEZJqRb8neOtXfuCyC9QII= contains 204800 B
[2026-04-19T03:25:23.022Z INFO  worker::batch_maker] Batch GLZr7nVo3RiS1OWisVGELmu9gmgt3OhJ5I/CTzBC4NM= contains sample tx 565
[2026-04-19T03:25:23.022Z INFO  worker::batch_maker] Batch GLZr7nVo3RiS1OWisVGELmu9gmgt3OhJ5I/CTzBC4NM= contains 204800 B
[2026-04-19T03:25:23.075Z INFO  worker::batch_maker] Batch ZZ8+ri0TtlqI6XxAWF/oKKqsG93XankuIAQYotcFJFU= contains sample tx 566
[2026-04-19T03:25:23.075Z INFO  worker::batch_maker] Batch ZZ8+ri0TtlqI6XxAWF/oKKqsG93XankuIAQYotcFJFU= contains 204800 B
[2026-04-19T03:25:23.129Z INFO  worker::batch_maker] Batch sheNvM9k/gWUHt+aJ0TjQ3BXGYMVT3XUmagpGbqwny4= contains sample tx 567
[2026-04-19T03:25:23.129Z INFO  worker::batch_maker] Batch sheNvM9k/gWUHt+aJ0TjQ3BXGYMVT3XUmagpGbqwny4= contains 204800 B
[2026-04-19T03:25:23.181Z INFO  worker::batch_maker] Batch 2pvrSwJn4r/xD5sJnwDSPLt/Whbi+sa41TxIQQ0KCbs= contains sample tx 568
[2026-04-19T03:25:23.181Z INFO  worker::batch_maker] Batch 2pvrSwJn4r/xD5sJnwDSPLt/Whbi+sa41TxIQQ0KCbs= contains 204800 B
[2026-04-19T03:25:23.235Z INFO  worker::batch_maker] Batch OI6MBpKUOR+ieNxmdOpOsUjQTrHO1hpvKUVzsE4VIMk= contains sample tx 569
[2026-04-19T03:25:23.235Z INFO  worker::batch_maker] Batch OI6MBpKUOR+ieNxmdOpOsUjQTrHO1hpvKUVzsE4VIMk= contains 204800 B
[2026-04-19T03:25:23.289Z INFO  worker::batch_maker] Batch VegzJ+rKQRu/qGEAtoAMdvmRaWX4aqv7twE6/7KvezI= contains sample tx 570
[2026-04-19T03:25:23.289Z INFO  worker::batch_maker] Batch VegzJ+rKQRu/qGEAtoAMdvmRaWX4aqv7twE6/7KvezI= contains 204800 B
[2026-04-19T03:25:23.343Z INFO  worker::batch_maker] Batch 2FlSKNtsFgIDxloqSFmb2E/lC6akwJuJcG/qCuRa8zY= contains sample tx 571
[2026-04-19T03:25:23.343Z INFO  worker::batch_maker] Batch 2FlSKNtsFgIDxloqSFmb2E/lC6akwJuJcG/qCuRa8zY= contains 204800 B
[2026-04-19T03:25:23.396Z INFO  worker::batch_maker] Batch u3nPoQmTTgNSOWhpBELLdOUJ7K9u8m/PK+uRg5ryoiE= contains sample tx 572
[2026-04-19T03:25:23.396Z INFO  worker::batch_maker] Batch u3nPoQmTTgNSOWhpBELLdOUJ7K9u8m/PK+uRg5ryoiE= contains 204800 B
[2026-04-19T03:25:23.448Z INFO  worker::batch_maker] Batch RMFlBA8cWJJ31zC2o4p1nc+8MOzI441fNMuLI/C8p0Y= contains sample tx 573
[2026-04-19T03:25:23.448Z INFO  worker::batch_maker] Batch RMFlBA8cWJJ31zC2o4p1nc+8MOzI441fNMuLI/C8p0Y= contains 204800 B
[2026-04-19T03:25:23.502Z INFO  worker::batch_maker] Batch /tSv/U7futJ7wjIGPNqf+eXZG2BPtHJDGl/fhAOzQs0= contains sample tx 574
[2026-04-19T03:25:23.502Z INFO  worker::batch_maker] Batch /tSv/U7futJ7wjIGPNqf+eXZG2BPtHJDGl/fhAOzQs0= contains 204800 B
[2026-04-19T03:25:23.555Z INFO  worker::batch_maker] Batch twsFHKfStRLANqev2Wr2iQgkn7SDmN41Gk7Q3fieJro= contains sample tx 575
[2026-04-19T03:25:23.555Z INFO  worker::batch_maker] Batch twsFHKfStRLANqev2Wr2iQgkn7SDmN41Gk7Q3fieJro= contains sample tx 576
[2026-04-19T03:25:23.555Z INFO  worker::batch_maker] Batch twsFHKfStRLANqev2Wr2iQgkn7SDmN41Gk7Q3fieJro= contains 403968 B
[2026-04-19T03:25:23.608Z INFO  worker::batch_maker] Batch dCoC9YqvvsG4HStyFqP2b8kPPD2TA0NbLe+FUdHmSaQ= contains sample tx 577
[2026-04-19T03:25:23.608Z INFO  worker::batch_maker] Batch dCoC9YqvvsG4HStyFqP2b8kPPD2TA0NbLe+FUdHmSaQ= contains 210432 B
[2026-04-19T03:25:23.660Z INFO  worker::batch_maker] Batch E+nwTkWUvjGBxgoj0oEdC98u8jDZYXv26foiX3h2fwk= contains sample tx 578
[2026-04-19T03:25:23.660Z INFO  worker::batch_maker] Batch E+nwTkWUvjGBxgoj0oEdC98u8jDZYXv26foiX3h2fwk= contains 204800 B
[2026-04-19T03:25:23.712Z INFO  worker::batch_maker] Batch Ka0bIVRFscvDfj3zLkrDrz2tLOUl7kgiYyVPCRt2I4Y= contains sample tx 579
[2026-04-19T03:25:23.712Z INFO  worker::batch_maker] Batch Ka0bIVRFscvDfj3zLkrDrz2tLOUl7kgiYyVPCRt2I4Y= contains 204800 B
[2026-04-19T03:25:23.766Z INFO  worker::batch_maker] Batch dxywKcAZk0Kxak4K8bj05+YUX/plTuE9XaWM4IisSHA= contains sample tx 580
[2026-04-19T03:25:23.766Z INFO  worker::batch_maker] Batch dxywKcAZk0Kxak4K8bj05+YUX/plTuE9XaWM4IisSHA= contains 204800 B
[2026-04-19T03:25:23.821Z INFO  worker::batch_maker] Batch y/CVgATFKZOuOAepehNO2iIO2CllBmIPzI/l3oaulFg= contains sample tx 581
[2026-04-19T03:25:23.821Z INFO  worker::batch_maker] Batch y/CVgATFKZOuOAepehNO2iIO2CllBmIPzI/l3oaulFg= contains 204800 B
[2026-04-19T03:25:23.875Z INFO  worker::batch_maker] Batch gsN0sXD4tp7ErSeeZeaITmmEiMhZ2/B1ff3KhT3QUrU= contains sample tx 582
[2026-04-19T03:25:23.875Z INFO  worker::batch_maker] Batch gsN0sXD4tp7ErSeeZeaITmmEiMhZ2/B1ff3KhT3QUrU= contains 204800 B
[2026-04-19T03:25:23.927Z INFO  worker::batch_maker] Batch L4QOsUuLcwALZ14PQrbg2GvhV7Y6E16qcx0HCnNeYo8= contains sample tx 583
[2026-04-19T03:25:23.927Z INFO  worker::batch_maker] Batch L4QOsUuLcwALZ14PQrbg2GvhV7Y6E16qcx0HCnNeYo8= contains 204800 B
[2026-04-19T03:25:23.980Z INFO  worker::batch_maker] Batch R3EMwmR2wIxAuqsoHPnzFmqwhu8QSf2RRkD7cKh6G8k= contains sample tx 584
[2026-04-19T03:25:23.980Z INFO  worker::batch_maker] Batch R3EMwmR2wIxAuqsoHPnzFmqwhu8QSf2RRkD7cKh6G8k= contains 204800 B
[2026-04-19T03:25:24.032Z INFO  worker::batch_maker] Batch ElNuU/AzTCpik8dnDuADY6RsynAd9PNPpMGYuOWUAaE= contains sample tx 585
[2026-04-19T03:25:24.032Z INFO  worker::batch_maker] Batch ElNuU/AzTCpik8dnDuADY6RsynAd9PNPpMGYuOWUAaE= contains 204800 B
[2026-04-19T03:25:24.085Z INFO  worker::batch_maker] Batch AmllNvALHRO9w0hSzuiww4wQ0WngrsDZqZ2f/6qDCbM= contains sample tx 586
[2026-04-19T03:25:24.085Z INFO  worker::batch_maker] Batch AmllNvALHRO9w0hSzuiww4wQ0WngrsDZqZ2f/6qDCbM= contains 204800 B
[2026-04-19T03:25:24.137Z INFO  worker::batch_maker] Batch cuOHoi5XV4H3r11uxnunpiq6ozZVQ9tnisWriU7JhyU= contains sample tx 587
[2026-04-19T03:25:24.137Z INFO  worker::batch_maker] Batch cuOHoi5XV4H3r11uxnunpiq6ozZVQ9tnisWriU7JhyU= contains 204800 B
[2026-04-19T03:25:24.190Z INFO  worker::batch_maker] Batch v24lwJD9oyR4jU/HZQMeeDNG4pVOWyaEJizxNSuKDxo= contains sample tx 588
[2026-04-19T03:25:24.190Z INFO  worker::batch_maker] Batch v24lwJD9oyR4jU/HZQMeeDNG4pVOWyaEJizxNSuKDxo= contains 204800 B
[2026-04-19T03:25:24.242Z INFO  worker::batch_maker] Batch WR4mSeAxZkK/4LwGVlFIwRhN8dDpVMU8Bnw+u/EWDYI= contains sample tx 589
[2026-04-19T03:25:24.242Z INFO  worker::batch_maker] Batch WR4mSeAxZkK/4LwGVlFIwRhN8dDpVMU8Bnw+u/EWDYI= contains 204800 B
[2026-04-19T03:25:24.294Z INFO  worker::batch_maker] Batch D2QKjw6vQQU0nqqd3iRv5s3Oa51U7cXXIDfhYKMFN2I= contains sample tx 590
[2026-04-19T03:25:24.294Z INFO  worker::batch_maker] Batch D2QKjw6vQQU0nqqd3iRv5s3Oa51U7cXXIDfhYKMFN2I= contains 204800 B
[2026-04-19T03:25:24.346Z INFO  worker::batch_maker] Batch rIK1KcBX30CYuRN47ZxI4f+wtJehcFff1vW4hW60c+E= contains sample tx 591
[2026-04-19T03:25:24.346Z INFO  worker::batch_maker] Batch rIK1KcBX30CYuRN47ZxI4f+wtJehcFff1vW4hW60c+E= contains 204800 B
[2026-04-19T03:25:24.397Z INFO  worker::batch_maker] Batch K+5UTJK8PHb+7wHYX9ulI7x4YDAHHht8LIoM8uON90I= contains sample tx 592
[2026-04-19T03:25:24.397Z INFO  worker::batch_maker] Batch K+5UTJK8PHb+7wHYX9ulI7x4YDAHHht8LIoM8uON90I= contains 204800 B
[2026-04-19T03:25:24.450Z INFO  worker::batch_maker] Batch 5KC8rUxrRR4w1wTnZSCegEGOnZomVbXHGBEnQb6pZFE= contains sample tx 593
[2026-04-19T03:25:24.450Z INFO  worker::batch_maker] Batch 5KC8rUxrRR4w1wTnZSCegEGOnZomVbXHGBEnQb6pZFE= contains 204800 B
[2026-04-19T03:25:24.506Z INFO  worker::batch_maker] Batch XPEv+dN0LyPBZc7X2SIsh/A6R/fFgEqel78pr3IDYM8= contains sample tx 594
[2026-04-19T03:25:24.506Z INFO  worker::batch_maker] Batch XPEv+dN0LyPBZc7X2SIsh/A6R/fFgEqel78pr3IDYM8= contains 225280 B
[2026-04-19T03:25:24.566Z INFO  worker::batch_maker] Batch xFM5CS4iXi9gITDwWJ7AuxKxf9674ZwkpT1wSEzoN3w= contains sample tx 595
[2026-04-19T03:25:24.566Z INFO  worker::batch_maker] Batch xFM5CS4iXi9gITDwWJ7AuxKxf9674ZwkpT1wSEzoN3w= contains sample tx 596
[2026-04-19T03:25:24.566Z INFO  worker::batch_maker] Batch xFM5CS4iXi9gITDwWJ7AuxKxf9674ZwkpT1wSEzoN3w= contains 389120 B
[2026-04-19T03:25:24.619Z INFO  worker::batch_maker] Batch rdLUV5c7K/C+leWJSheMfGAzreAhgkHqSs0an+UiSNY= contains sample tx 597
[2026-04-19T03:25:24.619Z INFO  worker::batch_maker] Batch rdLUV5c7K/C+leWJSheMfGAzreAhgkHqSs0an+UiSNY= contains 204800 B
[2026-04-19T03:25:24.672Z INFO  worker::batch_maker] Batch uCVrYPiqszwAHtVCwvLRrRFPQEUdjDWrVhpZUl2c2Mg= contains sample tx 598
[2026-04-19T03:25:24.672Z INFO  worker::batch_maker] Batch uCVrYPiqszwAHtVCwvLRrRFPQEUdjDWrVhpZUl2c2Mg= contains 204800 B
[2026-04-19T03:25:24.725Z INFO  worker::batch_maker] Batch RVw9CySSAsI1BijcQNaVwgrD0oaLMyeeCjYoCPxq3M4= contains sample tx 599
[2026-04-19T03:25:24.725Z INFO  worker::batch_maker] Batch RVw9CySSAsI1BijcQNaVwgrD0oaLMyeeCjYoCPxq3M4= contains 204800 B
[2026-04-19T03:25:24.778Z INFO  worker::batch_maker] Batch oJ2IEJdHToKZTksm0liRTXx5d7ep5FdsTBxfEpqThE8= contains sample tx 600
[2026-04-19T03:25:24.778Z INFO  worker::batch_maker] Batch oJ2IEJdHToKZTksm0liRTXx5d7ep5FdsTBxfEpqThE8= contains 204800 B
[2026-04-19T03:25:24.831Z INFO  worker::batch_maker] Batch GB1rgGIRGZSfDD94KfJknAs55T8rQ/sonPLYUxfSsdk= contains sample tx 601
[2026-04-19T03:25:24.831Z INFO  worker::batch_maker] Batch GB1rgGIRGZSfDD94KfJknAs55T8rQ/sonPLYUxfSsdk= contains 204800 B
[2026-04-19T03:25:24.885Z INFO  worker::batch_maker] Batch UO5vNDbkHjQ1c70RFXyUbri1XGDtfUxsUe2TzlQhVBg= contains sample tx 602
[2026-04-19T03:25:24.885Z INFO  worker::batch_maker] Batch UO5vNDbkHjQ1c70RFXyUbri1XGDtfUxsUe2TzlQhVBg= contains 204800 B
[2026-04-19T03:25:24.938Z INFO  worker::batch_maker] Batch qZ5vZ0HkPwHrKJMXyfvMDgQgORcjghkpOTvYyjsCjO0= contains sample tx 603
[2026-04-19T03:25:24.939Z INFO  worker::batch_maker] Batch qZ5vZ0HkPwHrKJMXyfvMDgQgORcjghkpOTvYyjsCjO0= contains 204800 B
[2026-04-19T03:25:24.992Z INFO  worker::batch_maker] Batch 1t1KiZLaiZs7rn0uUfB5UBpSiKfZwmSzloz7pNwxgTg= contains sample tx 604
[2026-04-19T03:25:24.992Z INFO  worker::batch_maker] Batch 1t1KiZLaiZs7rn0uUfB5UBpSiKfZwmSzloz7pNwxgTg= contains 204800 B
[2026-04-19T03:25:25.044Z INFO  worker::batch_maker] Batch yZOmAYYpjNGjKMWylH1yHBf96UsLEE6fDinA00ZGDsM= contains sample tx 605
[2026-04-19T03:25:25.044Z INFO  worker::batch_maker] Batch yZOmAYYpjNGjKMWylH1yHBf96UsLEE6fDinA00ZGDsM= contains 204800 B
[2026-04-19T03:25:25.098Z INFO  worker::batch_maker] Batch mHMIqYnsCpUwaBDEclETRA6IoOy//I/WvHdTHTMtb3U= contains sample tx 606
[2026-04-19T03:25:25.098Z INFO  worker::batch_maker] Batch mHMIqYnsCpUwaBDEclETRA6IoOy//I/WvHdTHTMtb3U= contains 204800 B
[2026-04-19T03:25:25.152Z INFO  worker::batch_maker] Batch 8tQi+XjLgUwONOFOVrEDtP5ghAcIZeI3NWVgPahufl8= contains sample tx 607
[2026-04-19T03:25:25.152Z INFO  worker::batch_maker] Batch 8tQi+XjLgUwONOFOVrEDtP5ghAcIZeI3NWVgPahufl8= contains 204800 B
[2026-04-19T03:25:25.209Z INFO  worker::batch_maker] Batch C3UQvtSlajZ3zRW/Avon3vQI3qs8atfE+6fY64bIRZw= contains sample tx 608
[2026-04-19T03:25:25.209Z INFO  worker::batch_maker] Batch C3UQvtSlajZ3zRW/Avon3vQI3qs8atfE+6fY64bIRZw= contains sample tx 609
[2026-04-19T03:25:25.209Z INFO  worker::batch_maker] Batch C3UQvtSlajZ3zRW/Avon3vQI3qs8atfE+6fY64bIRZw= contains 392192 B
[2026-04-19T03:25:25.263Z INFO  worker::batch_maker] Batch cHm6ZYlsttuAGu0ByEZG55X99GpLGn3xqgazgmsQUas= contains sample tx 610
[2026-04-19T03:25:25.263Z INFO  worker::batch_maker] Batch cHm6ZYlsttuAGu0ByEZG55X99GpLGn3xqgazgmsQUas= contains 222208 B
[2026-04-19T03:25:25.316Z INFO  worker::batch_maker] Batch pNK70UrCKVeafWfzJP6Kz52uLfu3obvuH9V7KlyGlyY= contains sample tx 611
[2026-04-19T03:25:25.316Z INFO  worker::batch_maker] Batch pNK70UrCKVeafWfzJP6Kz52uLfu3obvuH9V7KlyGlyY= contains 204800 B
[2026-04-19T03:25:25.367Z INFO  worker::batch_maker] Batch VwJTm6hmb8P3M78u65mR4Ne9AzkzVcNH/tQvJdoVRTQ= contains sample tx 612
[2026-04-19T03:25:25.367Z INFO  worker::batch_maker] Batch VwJTm6hmb8P3M78u65mR4Ne9AzkzVcNH/tQvJdoVRTQ= contains 204800 B
[2026-04-19T03:25:25.421Z INFO  worker::batch_maker] Batch 2jEy1Tejgwrif6ZHQwdhhnzfza/fGjfpYLznZNVslkk= contains sample tx 613
[2026-04-19T03:25:25.421Z INFO  worker::batch_maker] Batch 2jEy1Tejgwrif6ZHQwdhhnzfza/fGjfpYLznZNVslkk= contains 204800 B
[2026-04-19T03:25:25.474Z INFO  worker::batch_maker] Batch EoyuCLFBEuU5PwUdXyH3++wZqlCYDf7t2Xc4xG26q38= contains sample tx 614
[2026-04-19T03:25:25.475Z INFO  worker::batch_maker] Batch EoyuCLFBEuU5PwUdXyH3++wZqlCYDf7t2Xc4xG26q38= contains 204800 B
[2026-04-19T03:25:25.526Z INFO  worker::batch_maker] Batch 4h+B1XCfMD70yJSlmbX1Edklzkeu/IUZNvm9F1i3MvA= contains sample tx 615
[2026-04-19T03:25:25.526Z INFO  worker::batch_maker] Batch 4h+B1XCfMD70yJSlmbX1Edklzkeu/IUZNvm9F1i3MvA= contains 204800 B
[2026-04-19T03:25:25.578Z INFO  worker::batch_maker] Batch 4BXxoNKe5DnW8xFcdCDSkrsVpY1y53w3OsI+6Pj1q2M= contains sample tx 616
[2026-04-19T03:25:25.578Z INFO  worker::batch_maker] Batch 4BXxoNKe5DnW8xFcdCDSkrsVpY1y53w3OsI+6Pj1q2M= contains 204800 B
[2026-04-19T03:25:25.631Z INFO  worker::batch_maker] Batch xzP3l7Dj+A1EGR7iOnnMLnQg+f7m+Dt9tUMsmmLZ6WU= contains sample tx 617
[2026-04-19T03:25:25.631Z INFO  worker::batch_maker] Batch xzP3l7Dj+A1EGR7iOnnMLnQg+f7m+Dt9tUMsmmLZ6WU= contains 204800 B
[2026-04-19T03:25:25.684Z INFO  worker::batch_maker] Batch v1AYgTGG7uSsRxuHE/Rk923SJI1oLOKfqqG+rDuwO4c= contains sample tx 618
[2026-04-19T03:25:25.684Z INFO  worker::batch_maker] Batch v1AYgTGG7uSsRxuHE/Rk923SJI1oLOKfqqG+rDuwO4c= contains 204800 B
[2026-04-19T03:25:25.736Z INFO  worker::batch_maker] Batch cCiBxdKywKz2fYq5vFIPUSG+InsRs/wQmpKTUgkuOMY= contains sample tx 619
[2026-04-19T03:25:25.736Z INFO  worker::batch_maker] Batch cCiBxdKywKz2fYq5vFIPUSG+InsRs/wQmpKTUgkuOMY= contains 204800 B
[2026-04-19T03:25:25.788Z INFO  worker::batch_maker] Batch iSgODNyR7GbLl7Jta5XmlZ/81A6SQFVFfPWPUb8poRk= contains sample tx 620
[2026-04-19T03:25:25.788Z INFO  worker::batch_maker] Batch iSgODNyR7GbLl7Jta5XmlZ/81A6SQFVFfPWPUb8poRk= contains 204800 B
[2026-04-19T03:25:25.840Z INFO  worker::batch_maker] Batch n5iajkwklXGccorN1v/XUZbb2JZziqm/wdk8mi5csrQ= contains sample tx 621
[2026-04-19T03:25:25.840Z INFO  worker::batch_maker] Batch n5iajkwklXGccorN1v/XUZbb2JZziqm/wdk8mi5csrQ= contains 204800 B
[2026-04-19T03:25:25.894Z INFO  worker::batch_maker] Batch DBVYsUCZH8EZzoqcegBqtiSiwHC57AFv1mH/UG9kx2k= contains sample tx 622
[2026-04-19T03:25:25.894Z INFO  worker::batch_maker] Batch DBVYsUCZH8EZzoqcegBqtiSiwHC57AFv1mH/UG9kx2k= contains 204800 B
[2026-04-19T03:25:25.946Z INFO  worker::batch_maker] Batch F+BENoGdZDImFeyFY6B4Dxt4U9EnuZwRgUShi3RQSII= contains sample tx 623
[2026-04-19T03:25:25.946Z INFO  worker::batch_maker] Batch F+BENoGdZDImFeyFY6B4Dxt4U9EnuZwRgUShi3RQSII= contains 204800 B
[2026-04-19T03:25:25.997Z INFO  worker::batch_maker] Batch JKpvZoGL1gYX0y55nxoVNzZ4gkMWyGID91VATTRHiso= contains sample tx 624
[2026-04-19T03:25:25.997Z INFO  worker::batch_maker] Batch JKpvZoGL1gYX0y55nxoVNzZ4gkMWyGID91VATTRHiso= contains 204800 B
[2026-04-19T03:25:26.050Z INFO  worker::batch_maker] Batch WdBvpCrV5VQb+Vb5NNQ3BqT0tSt5cRjC1mULDkrIszU= contains sample tx 625
[2026-04-19T03:25:26.059Z INFO  worker::batch_maker] Batch WdBvpCrV5VQb+Vb5NNQ3BqT0tSt5cRjC1mULDkrIszU= contains 204800 B
[2026-04-19T03:25:26.113Z INFO  worker::batch_maker] Batch VDnbKUiAm+naJAzbsF/j7yPyWtHDOpAox+AVDBkIEao= contains sample tx 626
[2026-04-19T03:25:26.113Z INFO  worker::batch_maker] Batch VDnbKUiAm+naJAzbsF/j7yPyWtHDOpAox+AVDBkIEao= contains sample tx 627
[2026-04-19T03:25:26.113Z INFO  worker::batch_maker] Batch VDnbKUiAm+naJAzbsF/j7yPyWtHDOpAox+AVDBkIEao= contains 409600 B
[2026-04-19T03:25:26.166Z INFO  worker::batch_maker] Batch n6l3LUKZ/0xm8F3nmJFWDsgEfJBvnO1+SbAkKlXgSBg= contains sample tx 628
[2026-04-19T03:25:26.166Z INFO  worker::batch_maker] Batch n6l3LUKZ/0xm8F3nmJFWDsgEfJBvnO1+SbAkKlXgSBg= contains 204800 B
[2026-04-19T03:25:26.217Z INFO  worker::batch_maker] Batch sGeGrbllB7cDDACDOiwHmbmAl7MM7pmRSVk6hQakVtQ= contains sample tx 629
[2026-04-19T03:25:26.217Z INFO  worker::batch_maker] Batch sGeGrbllB7cDDACDOiwHmbmAl7MM7pmRSVk6hQakVtQ= contains 204800 B
[2026-04-19T03:25:26.270Z INFO  worker::batch_maker] Batch yRcc0IbH0tbzeGu9xMLrWXXec8LmzgSoEV1+eisRwyk= contains sample tx 630
[2026-04-19T03:25:26.270Z INFO  worker::batch_maker] Batch yRcc0IbH0tbzeGu9xMLrWXXec8LmzgSoEV1+eisRwyk= contains 204800 B
[2026-04-19T03:25:26.322Z INFO  worker::batch_maker] Batch lrTACkFiOD6O4WmDBgWqhNdp8+tTuM7oJc5L6s3Tp4k= contains sample tx 631
[2026-04-19T03:25:26.322Z INFO  worker::batch_maker] Batch lrTACkFiOD6O4WmDBgWqhNdp8+tTuM7oJc5L6s3Tp4k= contains 204800 B
[2026-04-19T03:25:26.374Z INFO  worker::batch_maker] Batch Ip15RecdhgEPu18kV+yrFwXw8licohIO85vVKorXYwQ= contains sample tx 632
[2026-04-19T03:25:26.374Z INFO  worker::batch_maker] Batch Ip15RecdhgEPu18kV+yrFwXw8licohIO85vVKorXYwQ= contains 204800 B
[2026-04-19T03:25:26.426Z INFO  worker::batch_maker] Batch 0E4UnbZqFfGECpvLN9VsWChtDHzaSaCh+7z4tx6U8wM= contains sample tx 633
[2026-04-19T03:25:26.426Z INFO  worker::batch_maker] Batch 0E4UnbZqFfGECpvLN9VsWChtDHzaSaCh+7z4tx6U8wM= contains 204800 B
[2026-04-19T03:25:26.478Z INFO  worker::batch_maker] Batch Kvp50sHfHlefq1/Z4mBrQuCY+jVYg5nSgvSaBdE7jtw= contains sample tx 634
[2026-04-19T03:25:26.478Z INFO  worker::batch_maker] Batch Kvp50sHfHlefq1/Z4mBrQuCY+jVYg5nSgvSaBdE7jtw= contains 204800 B
[2026-04-19T03:25:26.530Z INFO  worker::batch_maker] Batch YO18lN2y+mQMUQ4WTgBkkwzqH0FPHjH+OJJCTSclEg8= contains sample tx 635
[2026-04-19T03:25:26.530Z INFO  worker::batch_maker] Batch YO18lN2y+mQMUQ4WTgBkkwzqH0FPHjH+OJJCTSclEg8= contains 204800 B
[2026-04-19T03:25:26.582Z INFO  worker::batch_maker] Batch dJLq2HciGyI7Qk6kZMTbaOvXaC2dLBIvbwPMrN9DegE= contains sample tx 636
[2026-04-19T03:25:26.582Z INFO  worker::batch_maker] Batch dJLq2HciGyI7Qk6kZMTbaOvXaC2dLBIvbwPMrN9DegE= contains 204800 B
[2026-04-19T03:25:26.634Z INFO  worker::batch_maker] Batch 78E5aRJa55/VjAIz7kIN417H7LNAniAwqMc/dyupbZQ= contains sample tx 637
[2026-04-19T03:25:26.634Z INFO  worker::batch_maker] Batch 78E5aRJa55/VjAIz7kIN417H7LNAniAwqMc/dyupbZQ= contains 204800 B
[2026-04-19T03:25:26.686Z INFO  worker::batch_maker] Batch DbrR6hy60CgIRJk1PCrsAOvi5LyWhtyptWeqZomTxB8= contains sample tx 638
[2026-04-19T03:25:26.686Z INFO  worker::batch_maker] Batch DbrR6hy60CgIRJk1PCrsAOvi5LyWhtyptWeqZomTxB8= contains 204800 B
[2026-04-19T03:25:26.737Z INFO  worker::batch_maker] Batch iXIbakqpnpVTANOkm4gJGhNYsmvS8TMFfXZ8LhFyFZM= contains sample tx 639
[2026-04-19T03:25:26.737Z INFO  worker::batch_maker] Batch iXIbakqpnpVTANOkm4gJGhNYsmvS8TMFfXZ8LhFyFZM= contains 204800 B
[2026-04-19T03:25:26.789Z INFO  worker::batch_maker] Batch 5laUenyuOWbEhS6ML4BqTnyBUZCNDIse+vxY3UVeCKE= contains sample tx 640
[2026-04-19T03:25:26.789Z INFO  worker::batch_maker] Batch 5laUenyuOWbEhS6ML4BqTnyBUZCNDIse+vxY3UVeCKE= contains 204800 B
[2026-04-19T03:25:26.842Z INFO  worker::batch_maker] Batch g1mSCWBYfCKQRqIT4A1NPcG1leWi392Cn8k9kygLNeI= contains sample tx 641
[2026-04-19T03:25:26.842Z INFO  worker::batch_maker] Batch g1mSCWBYfCKQRqIT4A1NPcG1leWi392Cn8k9kygLNeI= contains 204800 B
[2026-04-19T03:25:26.893Z INFO  worker::batch_maker] Batch hG3NpoX62tAjPRaVTZoK90NVoW623fk2ViwyMJ0cSn4= contains sample tx 642
[2026-04-19T03:25:26.893Z INFO  worker::batch_maker] Batch hG3NpoX62tAjPRaVTZoK90NVoW623fk2ViwyMJ0cSn4= contains 204800 B
[2026-04-19T03:25:26.945Z INFO  worker::batch_maker] Batch nmMnz4Peuy1nKC48AxY6q5BqN8zQ5NIWUh9UvNpNr/Q= contains sample tx 643
[2026-04-19T03:25:26.945Z INFO  worker::batch_maker] Batch nmMnz4Peuy1nKC48AxY6q5BqN8zQ5NIWUh9UvNpNr/Q= contains 204800 B
[2026-04-19T03:25:26.997Z INFO  worker::batch_maker] Batch KTg01bYnL1kCGSaKbTX61+nk2BWTJgyovw9EY5Br0Wg= contains sample tx 644
[2026-04-19T03:25:26.997Z INFO  worker::batch_maker] Batch KTg01bYnL1kCGSaKbTX61+nk2BWTJgyovw9EY5Br0Wg= contains 204800 B
[2026-04-19T03:25:27.049Z INFO  worker::batch_maker] Batch Sq48LamDv7UG+Ws5IDLsCburRMNwygZ4/+sD/xR6egA= contains sample tx 645
[2026-04-19T03:25:27.049Z INFO  worker::batch_maker] Batch Sq48LamDv7UG+Ws5IDLsCburRMNwygZ4/+sD/xR6egA= contains 204800 B
[2026-04-19T03:25:27.101Z INFO  worker::batch_maker] Batch x3FDf3ym6E8psygKbuRgvvUYZEPXpv2XSv5HvQIlCrU= contains sample tx 646
[2026-04-19T03:25:27.101Z INFO  worker::batch_maker] Batch x3FDf3ym6E8psygKbuRgvvUYZEPXpv2XSv5HvQIlCrU= contains 244736 B
[2026-04-19T03:25:27.155Z INFO  worker::batch_maker] Batch g3jWhlcBsHu8c9qE2zQqChCOilesbOKHjYRKyds1OMk= contains sample tx 647
[2026-04-19T03:25:27.155Z INFO  worker::batch_maker] Batch g3jWhlcBsHu8c9qE2zQqChCOilesbOKHjYRKyds1OMk= contains sample tx 648
[2026-04-19T03:25:27.155Z INFO  worker::batch_maker] Batch g3jWhlcBsHu8c9qE2zQqChCOilesbOKHjYRKyds1OMk= contains 369664 B
[2026-04-19T03:25:27.208Z INFO  worker::batch_maker] Batch dsp8q5TNs5Bvq6pDqBpj/DguWmYYNvL/2RcpD0R0WCA= contains sample tx 649
[2026-04-19T03:25:27.208Z INFO  worker::batch_maker] Batch dsp8q5TNs5Bvq6pDqBpj/DguWmYYNvL/2RcpD0R0WCA= contains 204800 B
[2026-04-19T03:25:27.261Z INFO  worker::batch_maker] Batch qHfRipoUmFMwI+QriMWCDi/YVNoqx/RwsCftVNttY6U= contains sample tx 650
[2026-04-19T03:25:27.261Z INFO  worker::batch_maker] Batch qHfRipoUmFMwI+QriMWCDi/YVNoqx/RwsCftVNttY6U= contains 204800 B
[2026-04-19T03:25:27.312Z INFO  worker::batch_maker] Batch PIlkqgGjyHoEtzToqItLLIQxozLAVUk+6GdFHB00c98= contains sample tx 651
[2026-04-19T03:25:27.312Z INFO  worker::batch_maker] Batch PIlkqgGjyHoEtzToqItLLIQxozLAVUk+6GdFHB00c98= contains 204800 B
[2026-04-19T03:25:27.364Z INFO  worker::batch_maker] Batch hZiWhJfxou0NfN1i3e9gTEHQkUR+gn4JcbiKjoYQPAA= contains sample tx 652
[2026-04-19T03:25:27.364Z INFO  worker::batch_maker] Batch hZiWhJfxou0NfN1i3e9gTEHQkUR+gn4JcbiKjoYQPAA= contains 204800 B
[2026-04-19T03:25:27.416Z INFO  worker::batch_maker] Batch mu4EOuf0eIKoOrrp7nwnrAHotwU34iyW73YtS5r1jt8= contains sample tx 653
[2026-04-19T03:25:27.416Z INFO  worker::batch_maker] Batch mu4EOuf0eIKoOrrp7nwnrAHotwU34iyW73YtS5r1jt8= contains 204800 B
[2026-04-19T03:25:27.468Z INFO  worker::batch_maker] Batch WlLXO5c9BknIeA+FiyWtahjiJKgVGbCMc33BP4dW1gI= contains sample tx 654
[2026-04-19T03:25:27.468Z INFO  worker::batch_maker] Batch WlLXO5c9BknIeA+FiyWtahjiJKgVGbCMc33BP4dW1gI= contains 142848 B
[2026-04-19T03:25:27.522Z INFO  worker::batch_maker] Batch NRsdEvVCc7EMgkYl3i7NpgfQhVw4r+84lLBDXzBSQyg= contains sample tx 655
[2026-04-19T03:25:27.522Z INFO  worker::batch_maker] Batch NRsdEvVCc7EMgkYl3i7NpgfQhVw4r+84lLBDXzBSQyg= contains 266752 B
[2026-04-19T03:25:27.576Z INFO  worker::batch_maker] Batch 6LL2M6wKm4JtFY4XPAU0TG3HsrXtddap3Yu62bmPjoI= contains sample tx 656
[2026-04-19T03:25:27.576Z INFO  worker::batch_maker] Batch 6LL2M6wKm4JtFY4XPAU0TG3HsrXtddap3Yu62bmPjoI= contains 204800 B
[2026-04-19T03:25:27.657Z INFO  worker::batch_maker] Batch 3p80yIOcLnQvubIE46y1CdbnL1J752YnY2kendQOhE4= contains sample tx 657
[2026-04-19T03:25:27.657Z INFO  worker::batch_maker] Batch 3p80yIOcLnQvubIE46y1CdbnL1J752YnY2kendQOhE4= contains sample tx 658
[2026-04-19T03:25:27.657Z INFO  worker::batch_maker] Batch 3p80yIOcLnQvubIE46y1CdbnL1J752YnY2kendQOhE4= contains 363520 B
[2026-04-19T03:25:27.711Z INFO  worker::batch_maker] Batch eW5lwe6z7pSJH8N0lqLxj78WXwfKXlC+cMLUY6mN1Lk= contains sample tx 659
[2026-04-19T03:25:27.711Z INFO  worker::batch_maker] Batch eW5lwe6z7pSJH8N0lqLxj78WXwfKXlC+cMLUY6mN1Lk= contains 250880 B
[2026-04-19T03:25:27.765Z INFO  worker::batch_maker] Batch r3EtlYmnISKbn8gYeRSYOvjLN67tKdAs1BQx9+XnVCQ= contains sample tx 660
[2026-04-19T03:25:27.765Z INFO  worker::batch_maker] Batch r3EtlYmnISKbn8gYeRSYOvjLN67tKdAs1BQx9+XnVCQ= contains 204800 B
[2026-04-19T03:25:27.818Z INFO  worker::batch_maker] Batch UrY2rXmtGR5iLeP4uV70E6MigFewUqAxabP2ZYtI7XM= contains sample tx 661
[2026-04-19T03:25:27.818Z INFO  worker::batch_maker] Batch UrY2rXmtGR5iLeP4uV70E6MigFewUqAxabP2ZYtI7XM= contains 204800 B
[2026-04-19T03:25:27.872Z INFO  worker::batch_maker] Batch XJR12Zg8ER1jKhRMpw+dQ7JvdJIVdqHFBX2A/3zK5j4= contains sample tx 662
[2026-04-19T03:25:27.872Z INFO  worker::batch_maker] Batch XJR12Zg8ER1jKhRMpw+dQ7JvdJIVdqHFBX2A/3zK5j4= contains 204800 B
[2026-04-19T03:25:27.926Z INFO  worker::batch_maker] Batch 0MHPINmD3EJgHBvRjTAEUxUdUEhhYYRCjNvHPLw1MjI= contains sample tx 663
[2026-04-19T03:25:27.926Z INFO  worker::batch_maker] Batch 0MHPINmD3EJgHBvRjTAEUxUdUEhhYYRCjNvHPLw1MjI= contains 204800 B
[2026-04-19T03:25:27.979Z INFO  worker::batch_maker] Batch u0ZDzuEmwpFn3ghuCqHH84RnH7zpjVKHK63lEqFXdrU= contains sample tx 664
[2026-04-19T03:25:27.979Z INFO  worker::batch_maker] Batch u0ZDzuEmwpFn3ghuCqHH84RnH7zpjVKHK63lEqFXdrU= contains 204800 B
[2026-04-19T03:25:28.032Z INFO  worker::batch_maker] Batch +VqcNLZsuVG10PePiOyGGOk/ZW8ZRKoLEvnG1Teji3s= contains sample tx 665
[2026-04-19T03:25:28.032Z INFO  worker::batch_maker] Batch +VqcNLZsuVG10PePiOyGGOk/ZW8ZRKoLEvnG1Teji3s= contains 204800 B
[2026-04-19T03:25:28.085Z INFO  worker::batch_maker] Batch CLZSvNVVaMi5A/4Ac4rZEOKHPIFh4zGczCIUFsrpScU= contains sample tx 666
[2026-04-19T03:25:28.085Z INFO  worker::batch_maker] Batch CLZSvNVVaMi5A/4Ac4rZEOKHPIFh4zGczCIUFsrpScU= contains 204800 B
[2026-04-19T03:25:28.140Z INFO  worker::batch_maker] Batch RLLnvksz1AEEJlEiT7aV/MpC9jb36B4Kqbg+89Tikeg= contains sample tx 667
[2026-04-19T03:25:28.140Z INFO  worker::batch_maker] Batch RLLnvksz1AEEJlEiT7aV/MpC9jb36B4Kqbg+89Tikeg= contains 204800 B
[2026-04-19T03:25:28.193Z INFO  worker::batch_maker] Batch 7G971Io2myqJRIk4zfoGclbx8zRn0BY7WWgTlBrzznc= contains sample tx 668
[2026-04-19T03:25:28.193Z INFO  worker::batch_maker] Batch 7G971Io2myqJRIk4zfoGclbx8zRn0BY7WWgTlBrzznc= contains 204800 B
[2026-04-19T03:25:28.247Z INFO  worker::batch_maker] Batch GUL2susJj3Dzo96NbPGrJ5eSJz2gvH/AKvelHN9CRHk= contains sample tx 669
[2026-04-19T03:25:28.247Z INFO  worker::batch_maker] Batch GUL2susJj3Dzo96NbPGrJ5eSJz2gvH/AKvelHN9CRHk= contains 204800 B
[2026-04-19T03:25:28.299Z INFO  worker::batch_maker] Batch +cOf3wXG0twY93ArPNS/Ga/0MQxKtWSb48i49v4nyLU= contains sample tx 670
[2026-04-19T03:25:28.299Z INFO  worker::batch_maker] Batch +cOf3wXG0twY93ArPNS/Ga/0MQxKtWSb48i49v4nyLU= contains 204800 B
[2026-04-19T03:25:28.353Z INFO  worker::batch_maker] Batch os42IcRghjSq98GruGZ1zg600C/xiQbA4FWCxUxQ7u0= contains sample tx 671
[2026-04-19T03:25:28.353Z INFO  worker::batch_maker] Batch os42IcRghjSq98GruGZ1zg600C/xiQbA4FWCxUxQ7u0= contains 204800 B
[2026-04-19T03:25:28.405Z INFO  worker::batch_maker] Batch Nsw3hIp98sFdUwrLBuo8UtoZru5QusfcxQrubQ69S6w= contains sample tx 672
[2026-04-19T03:25:28.405Z INFO  worker::batch_maker] Batch Nsw3hIp98sFdUwrLBuo8UtoZru5QusfcxQrubQ69S6w= contains sample tx 673
[2026-04-19T03:25:28.405Z INFO  worker::batch_maker] Batch Nsw3hIp98sFdUwrLBuo8UtoZru5QusfcxQrubQ69S6w= contains 409600 B
[2026-04-19T03:25:28.459Z INFO  worker::batch_maker] Batch 9WYH1HVoxjt/lJziguqsA/f21DTs1yBlbqYdQIj7MPw= contains sample tx 674
[2026-04-19T03:25:28.459Z INFO  worker::batch_maker] Batch 9WYH1HVoxjt/lJziguqsA/f21DTs1yBlbqYdQIj7MPw= contains 204800 B
[2026-04-19T03:25:28.511Z INFO  worker::batch_maker] Batch Po488JbBAza4QodsGk/EU26iH0stHJWlKQ+A2VyFJLM= contains sample tx 675
[2026-04-19T03:25:28.511Z INFO  worker::batch_maker] Batch Po488JbBAza4QodsGk/EU26iH0stHJWlKQ+A2VyFJLM= contains 204800 B
[2026-04-19T03:25:28.563Z INFO  worker::batch_maker] Batch pG8UKcpFJXasYPSPAxrDJHgcfdUPLdLz+VQtL1EiPLA= contains sample tx 676
[2026-04-19T03:25:28.563Z INFO  worker::batch_maker] Batch pG8UKcpFJXasYPSPAxrDJHgcfdUPLdLz+VQtL1EiPLA= contains 204800 B
[2026-04-19T03:25:28.616Z INFO  worker::batch_maker] Batch oaFd70x6LQOTGFXZHGr6NUImsS2PbXugis9AdtHz2V8= contains sample tx 677
[2026-04-19T03:25:28.616Z INFO  worker::batch_maker] Batch oaFd70x6LQOTGFXZHGr6NUImsS2PbXugis9AdtHz2V8= contains 204800 B
[2026-04-19T03:25:28.669Z INFO  worker::batch_maker] Batch S1RKhQkESMgTuYDo9jTxbOONmEEHEQJB1X0e3gXXGsU= contains sample tx 678
[2026-04-19T03:25:28.669Z INFO  worker::batch_maker] Batch S1RKhQkESMgTuYDo9jTxbOONmEEHEQJB1X0e3gXXGsU= contains 204800 B
[2026-04-19T03:25:28.722Z INFO  worker::batch_maker] Batch q27fciTf4anoO0th1HKslPVk91evae0zZgbUC/yaC04= contains sample tx 679
[2026-04-19T03:25:28.722Z INFO  worker::batch_maker] Batch q27fciTf4anoO0th1HKslPVk91evae0zZgbUC/yaC04= contains 204800 B
[2026-04-19T03:25:28.774Z INFO  worker::batch_maker] Batch Ch1bP6+ITuAEN6Xhs8AF+Alt7tcq1mwU/XAZsrTdL2c= contains 143360 B
[2026-04-19T03:25:28.830Z INFO  worker::batch_maker] Batch FND271he0t9ZiPtlflBk/0FcRemvjr/p1eBGTtXqibA= contains sample tx 680
[2026-04-19T03:25:28.830Z INFO  worker::batch_maker] Batch FND271he0t9ZiPtlflBk/0FcRemvjr/p1eBGTtXqibA= contains sample tx 681
[2026-04-19T03:25:28.830Z INFO  worker::batch_maker] Batch FND271he0t9ZiPtlflBk/0FcRemvjr/p1eBGTtXqibA= contains 266240 B
[2026-04-19T03:25:28.884Z INFO  worker::batch_maker] Batch zergAGjb8YoGI4rriB31ktPhwdRSGhX2293VLqJzvXM= contains sample tx 682
[2026-04-19T03:25:28.884Z INFO  worker::batch_maker] Batch zergAGjb8YoGI4rriB31ktPhwdRSGhX2293VLqJzvXM= contains 204800 B
[2026-04-19T03:25:28.935Z INFO  worker::batch_maker] Batch P7VFZlab4YnIj5pNdMPYhBFQ05vEc3/9hGJXsJgnqXE= contains sample tx 683
[2026-04-19T03:25:28.935Z INFO  worker::batch_maker] Batch P7VFZlab4YnIj5pNdMPYhBFQ05vEc3/9hGJXsJgnqXE= contains 204800 B
[2026-04-19T03:25:28.988Z INFO  worker::batch_maker] Batch 0gn4FZHbHHo98jzvbsFX/UmJ2JwdpXUJUMO7waLNWVg= contains sample tx 684
[2026-04-19T03:25:28.988Z INFO  worker::batch_maker] Batch 0gn4FZHbHHo98jzvbsFX/UmJ2JwdpXUJUMO7waLNWVg= contains 204800 B
[2026-04-19T03:25:29.041Z INFO  worker::batch_maker] Batch Z9UeoBa3+sxN/DEFtJNsiqDWHmdKClLE+ko+JHNPSNg= contains sample tx 685
[2026-04-19T03:25:29.043Z INFO  worker::batch_maker] Batch Z9UeoBa3+sxN/DEFtJNsiqDWHmdKClLE+ko+JHNPSNg= contains 204800 B
[2026-04-19T03:25:29.096Z INFO  worker::batch_maker] Batch ngqT4LSgsl9UQTkCOvDKKRJ8fCAfBrnaPf3xz66B5Jc= contains sample tx 686
[2026-04-19T03:25:29.096Z INFO  worker::batch_maker] Batch ngqT4LSgsl9UQTkCOvDKKRJ8fCAfBrnaPf3xz66B5Jc= contains 204800 B
[2026-04-19T03:25:29.149Z INFO  worker::batch_maker] Batch 2g6gJ6DA+5jaO/PuAew31lsvWW+TrU7FzLnhD0glkaU= contains sample tx 687
[2026-04-19T03:25:29.149Z INFO  worker::batch_maker] Batch 2g6gJ6DA+5jaO/PuAew31lsvWW+TrU7FzLnhD0glkaU= contains 204800 B
[2026-04-19T03:25:29.201Z INFO  worker::batch_maker] Batch C6h3VX1MPJWgH8f3AZPFyDReLRxJMCITln6gllqJlBI= contains sample tx 688
[2026-04-19T03:25:29.201Z INFO  worker::batch_maker] Batch C6h3VX1MPJWgH8f3AZPFyDReLRxJMCITln6gllqJlBI= contains 204800 B
[2026-04-19T03:25:29.254Z INFO  worker::batch_maker] Batch XMuMz4gbPdUiPeDL2gMUbV2wOtmfFf3jAm7BUjqIZxQ= contains sample tx 689
[2026-04-19T03:25:29.254Z INFO  worker::batch_maker] Batch XMuMz4gbPdUiPeDL2gMUbV2wOtmfFf3jAm7BUjqIZxQ= contains sample tx 690
[2026-04-19T03:25:29.254Z INFO  worker::batch_maker] Batch XMuMz4gbPdUiPeDL2gMUbV2wOtmfFf3jAm7BUjqIZxQ= contains 406016 B
[2026-04-19T03:25:29.306Z INFO  worker::batch_maker] Batch VW1gMEcUqObVrkke74YAao8raRCvBYcihKNVy6yFuxM= contains sample tx 691
[2026-04-19T03:25:29.306Z INFO  worker::batch_maker] Batch VW1gMEcUqObVrkke74YAao8raRCvBYcihKNVy6yFuxM= contains 208384 B
[2026-04-19T03:25:29.360Z INFO  worker::batch_maker] Batch Fj39CfH3xW8IZ9Y6jDsXICvVZ6eG6ShCbZkianMcPSY= contains sample tx 692
[2026-04-19T03:25:29.360Z INFO  worker::batch_maker] Batch Fj39CfH3xW8IZ9Y6jDsXICvVZ6eG6ShCbZkianMcPSY= contains 204800 B
[2026-04-19T03:25:29.414Z INFO  worker::batch_maker] Batch XC65mqcSgBjnilINiyUIiCk+NnAw8/zRgbvDNpIvJFI= contains sample tx 693
[2026-04-19T03:25:29.414Z INFO  worker::batch_maker] Batch XC65mqcSgBjnilINiyUIiCk+NnAw8/zRgbvDNpIvJFI= contains 204800 B
[2026-04-19T03:25:29.468Z INFO  worker::batch_maker] Batch taIygVOyfyC5Eduy/lJYykyNoYWeZgqsWDUu1Ploh0k= contains sample tx 694
[2026-04-19T03:25:29.468Z INFO  worker::batch_maker] Batch taIygVOyfyC5Eduy/lJYykyNoYWeZgqsWDUu1Ploh0k= contains 204800 B
[2026-04-19T03:25:29.521Z INFO  worker::batch_maker] Batch SGfwc7lIllge9fQzu358wirfcU8tkMABGFQMIiYp/fA= contains sample tx 695
[2026-04-19T03:25:29.521Z INFO  worker::batch_maker] Batch SGfwc7lIllge9fQzu358wirfcU8tkMABGFQMIiYp/fA= contains 204800 B
[2026-04-19T03:25:29.573Z INFO  worker::batch_maker] Batch Zy3jH21LJinItuUgq9mYUCIhzij6tf3/SrY9AWp91SA= contains sample tx 696
[2026-04-19T03:25:29.573Z INFO  worker::batch_maker] Batch Zy3jH21LJinItuUgq9mYUCIhzij6tf3/SrY9AWp91SA= contains 204800 B
[2026-04-19T03:25:29.627Z INFO  worker::batch_maker] Batch WL3tksmT+t3CSiQRAr74sQzlpSOGD+Po3Qxm1PH2J3Q= contains sample tx 697
[2026-04-19T03:25:29.627Z INFO  worker::batch_maker] Batch WL3tksmT+t3CSiQRAr74sQzlpSOGD+Po3Qxm1PH2J3Q= contains 204800 B
[2026-04-19T03:25:29.680Z INFO  worker::batch_maker] Batch rGzAa/3k82y3YRQCHOLTWEJdEExO+duBzRgF3IgAgBg= contains sample tx 698
[2026-04-19T03:25:29.680Z INFO  worker::batch_maker] Batch rGzAa/3k82y3YRQCHOLTWEJdEExO+duBzRgF3IgAgBg= contains 204800 B
[2026-04-19T03:25:29.733Z INFO  worker::batch_maker] Batch 8GMNbBA+wW+JsSWRXzKDPmDyRikI7GYLsoB/Tccjyw8= contains sample tx 699
[2026-04-19T03:25:29.733Z INFO  worker::batch_maker] Batch 8GMNbBA+wW+JsSWRXzKDPmDyRikI7GYLsoB/Tccjyw8= contains 204800 B
[2026-04-19T03:25:29.787Z INFO  worker::batch_maker] Batch jXfQupyg/MctrRNq8V5ZkW8o5ZVIKPOdEtbd80Hr8gU= contains sample tx 700
[2026-04-19T03:25:29.787Z INFO  worker::batch_maker] Batch jXfQupyg/MctrRNq8V5ZkW8o5ZVIKPOdEtbd80Hr8gU= contains 204800 B
[2026-04-19T03:25:29.840Z INFO  worker::batch_maker] Batch Aoy4WjtfpboSaIilbVRF2vEWSJ/yvP361yEePSK9530= contains sample tx 701
[2026-04-19T03:25:29.840Z INFO  worker::batch_maker] Batch Aoy4WjtfpboSaIilbVRF2vEWSJ/yvP361yEePSK9530= contains 204800 B
[2026-04-19T03:25:29.893Z INFO  worker::batch_maker] Batch lNwYeZrNcHCvwjXpcMvnmxPY6qqms79Hz5FFodIlWKU= contains sample tx 702
[2026-04-19T03:25:29.893Z INFO  worker::batch_maker] Batch lNwYeZrNcHCvwjXpcMvnmxPY6qqms79Hz5FFodIlWKU= contains 204800 B
[2026-04-19T03:25:29.945Z INFO  worker::batch_maker] Batch Pvz9243ke0MeE+3wgM//iRYx/ZQkcb3qYJ4tdP10FZg= contains sample tx 703
[2026-04-19T03:25:29.945Z INFO  worker::batch_maker] Batch Pvz9243ke0MeE+3wgM//iRYx/ZQkcb3qYJ4tdP10FZg= contains 204800 B
[2026-04-19T03:25:29.999Z INFO  worker::batch_maker] Batch RWHZ4kY8u8oweNM+Jc1C9lqLLm7r7C4AdaIhUX97Vng= contains sample tx 704
[2026-04-19T03:25:29.999Z INFO  worker::batch_maker] Batch RWHZ4kY8u8oweNM+Jc1C9lqLLm7r7C4AdaIhUX97Vng= contains 204800 B
[2026-04-19T03:25:30.051Z INFO  worker::batch_maker] Batch CFbU0gRTGkZGnojILXrvAgJOMPT1bnDJsHDQ31AaY5g= contains sample tx 705
[2026-04-19T03:25:30.051Z INFO  worker::batch_maker] Batch CFbU0gRTGkZGnojILXrvAgJOMPT1bnDJsHDQ31AaY5g= contains 205312 B
[2026-04-19T03:25:30.107Z INFO  worker::batch_maker] Batch neuHULc3ACK5HE4fH5TIsFfdu7QQrHDULGzWQ3KF9Lg= contains sample tx 706
[2026-04-19T03:25:30.107Z INFO  worker::batch_maker] Batch neuHULc3ACK5HE4fH5TIsFfdu7QQrHDULGzWQ3KF9Lg= contains sample tx 707
[2026-04-19T03:25:30.107Z INFO  worker::batch_maker] Batch neuHULc3ACK5HE4fH5TIsFfdu7QQrHDULGzWQ3KF9Lg= contains 409088 B
[2026-04-19T03:25:30.161Z INFO  worker::batch_maker] Batch 3wiJ4dRWOjUWR+12U0+d1htRr1CRVGyQt+fZ6HofD6Q= contains sample tx 708
[2026-04-19T03:25:30.161Z INFO  worker::batch_maker] Batch 3wiJ4dRWOjUWR+12U0+d1htRr1CRVGyQt+fZ6HofD6Q= contains 204800 B
[2026-04-19T03:25:30.214Z INFO  worker::batch_maker] Batch xl2Rofz0oG8Gnh1BV5r1iwGCQ/ag1HnkXcd8QEJ+DpE= contains sample tx 709
[2026-04-19T03:25:30.214Z INFO  worker::batch_maker] Batch xl2Rofz0oG8Gnh1BV5r1iwGCQ/ag1HnkXcd8QEJ+DpE= contains 204800 B
[2026-04-19T03:25:30.267Z INFO  worker::batch_maker] Batch 4oDCguV2bgTs2GbAhoO+dWhnSnSpDDqxGmrEe56VNkk= contains sample tx 710
[2026-04-19T03:25:30.267Z INFO  worker::batch_maker] Batch 4oDCguV2bgTs2GbAhoO+dWhnSnSpDDqxGmrEe56VNkk= contains 204800 B
[2026-04-19T03:25:30.319Z INFO  worker::batch_maker] Batch ssv6Vff0JZIyT4+EQLCmoRVpPtIm17G6xucx3UYGgto= contains sample tx 711
[2026-04-19T03:25:30.319Z INFO  worker::batch_maker] Batch ssv6Vff0JZIyT4+EQLCmoRVpPtIm17G6xucx3UYGgto= contains 204800 B
[2026-04-19T03:25:30.372Z INFO  worker::batch_maker] Batch fusYjIX0Y4whPzI0qRsC9VHhE2R0LLHG+AEwpeWWKms= contains sample tx 712
[2026-04-19T03:25:30.372Z INFO  worker::batch_maker] Batch fusYjIX0Y4whPzI0qRsC9VHhE2R0LLHG+AEwpeWWKms= contains 204800 B
[2026-04-19T03:25:30.428Z INFO  worker::batch_maker] Batch NYWgEjnON1SQlL4tjiqvh4uKLtd4GNbSA/llqqV57xg= contains sample tx 713
[2026-04-19T03:25:30.428Z INFO  worker::batch_maker] Batch NYWgEjnON1SQlL4tjiqvh4uKLtd4GNbSA/llqqV57xg= contains 204800 B
[2026-04-19T03:25:30.481Z INFO  worker::batch_maker] Batch MRUP1PYUGeYq41gRDVlazoN3iO6lKtDhyTGiyHPsWUo= contains sample tx 714
[2026-04-19T03:25:30.481Z INFO  worker::batch_maker] Batch MRUP1PYUGeYq41gRDVlazoN3iO6lKtDhyTGiyHPsWUo= contains 204800 B
[2026-04-19T03:25:30.533Z INFO  worker::batch_maker] Batch lTuVhNyiz662R7oa5xJZiKN33AsGQ/CTywmwAul81Pg= contains sample tx 715
[2026-04-19T03:25:30.533Z INFO  worker::batch_maker] Batch lTuVhNyiz662R7oa5xJZiKN33AsGQ/CTywmwAul81Pg= contains 204800 B
[2026-04-19T03:25:30.586Z INFO  worker::batch_maker] Batch Y5xEM1X0F9Ak07SUKLxR3IlONtDV5vxx9ZDd7oJYgMY= contains sample tx 716
[2026-04-19T03:25:30.586Z INFO  worker::batch_maker] Batch Y5xEM1X0F9Ak07SUKLxR3IlONtDV5vxx9ZDd7oJYgMY= contains 204800 B
[2026-04-19T03:25:30.640Z INFO  worker::batch_maker] Batch Ht/i+kr82UO7VMfi5UquBJqdTV3JiLlhUFuYLThVjHU= contains sample tx 717
[2026-04-19T03:25:30.640Z INFO  worker::batch_maker] Batch Ht/i+kr82UO7VMfi5UquBJqdTV3JiLlhUFuYLThVjHU= contains 204800 B
[2026-04-19T03:25:30.694Z INFO  worker::batch_maker] Batch efoBll+sXnK2mhqCroBLdoHgqxmaCAwwJdDRQggHYw0= contains sample tx 718
[2026-04-19T03:25:30.694Z INFO  worker::batch_maker] Batch efoBll+sXnK2mhqCroBLdoHgqxmaCAwwJdDRQggHYw0= contains 204800 B
[2026-04-19T03:25:30.748Z INFO  worker::batch_maker] Batch c4c8YKtVFxfYJTP6QlQfeevaE6HgISE4zo68fb4j7Qs= contains sample tx 719
[2026-04-19T03:25:30.748Z INFO  worker::batch_maker] Batch c4c8YKtVFxfYJTP6QlQfeevaE6HgISE4zo68fb4j7Qs= contains 204800 B
[2026-04-19T03:25:30.802Z INFO  worker::batch_maker] Batch nNLjR4SS4nWzDTrfGLUW3SKHTi4nOWDJDY2lA723pdk= contains sample tx 720
[2026-04-19T03:25:30.802Z INFO  worker::batch_maker] Batch nNLjR4SS4nWzDTrfGLUW3SKHTi4nOWDJDY2lA723pdk= contains 204800 B
[2026-04-19T03:25:30.854Z INFO  worker::batch_maker] Batch KwK1l58z/YJVgi+mRoDC+YZiAAgjfFtHF/M6frBYc8k= contains sample tx 721
[2026-04-19T03:25:30.854Z INFO  worker::batch_maker] Batch KwK1l58z/YJVgi+mRoDC+YZiAAgjfFtHF/M6frBYc8k= contains 344064 B
[2026-04-19T03:25:30.907Z INFO  worker::batch_maker] Batch JbZX0CA3hno9AijPNOW+j0BbNQczjIRCIoQyFASEYrs= contains sample tx 722
[2026-04-19T03:25:30.907Z INFO  worker::batch_maker] Batch JbZX0CA3hno9AijPNOW+j0BbNQczjIRCIoQyFASEYrs= contains sample tx 723
[2026-04-19T03:25:30.907Z INFO  worker::batch_maker] Batch JbZX0CA3hno9AijPNOW+j0BbNQczjIRCIoQyFASEYrs= contains 270336 B
[2026-04-19T03:25:30.960Z INFO  worker::batch_maker] Batch GFJS4yzuCM83ED8njTTAee0SDIenYqTQHLNjDa9jq5g= contains sample tx 724
[2026-04-19T03:25:30.960Z INFO  worker::batch_maker] Batch GFJS4yzuCM83ED8njTTAee0SDIenYqTQHLNjDa9jq5g= contains 204800 B
[2026-04-19T03:25:31.012Z INFO  worker::batch_maker] Batch M8wwatxuIn+5CMk73oR/OQio73HjfO2qGtPgGz4UGX8= contains sample tx 725
[2026-04-19T03:25:31.012Z INFO  worker::batch_maker] Batch M8wwatxuIn+5CMk73oR/OQio73HjfO2qGtPgGz4UGX8= contains 204800 B
[2026-04-19T03:25:31.066Z INFO  worker::batch_maker] Batch 3v6gbVbMeRN5w00uaXwPqbWZG8Rd7S29MyQ7zU4Q+54= contains sample tx 726
[2026-04-19T03:25:31.066Z INFO  worker::batch_maker] Batch 3v6gbVbMeRN5w00uaXwPqbWZG8Rd7S29MyQ7zU4Q+54= contains 204800 B
[2026-04-19T03:25:31.119Z INFO  worker::batch_maker] Batch 3bTHeqqyFdD2lTac+L2KAsDsH1i26A7eIbOuXj7Mx5o= contains sample tx 727
[2026-04-19T03:25:31.119Z INFO  worker::batch_maker] Batch 3bTHeqqyFdD2lTac+L2KAsDsH1i26A7eIbOuXj7Mx5o= contains 204800 B
[2026-04-19T03:25:31.173Z INFO  worker::batch_maker] Batch 66k96d948ax9Dgu5+rzT0OeHMyQ2KpVxZBYr3rMWmJU= contains sample tx 728
[2026-04-19T03:25:31.173Z INFO  worker::batch_maker] Batch 66k96d948ax9Dgu5+rzT0OeHMyQ2KpVxZBYr3rMWmJU= contains 204800 B
[2026-04-19T03:25:31.226Z INFO  worker::batch_maker] Batch xPcsH7sEFJvyQH/Z6Da9vBwPzpP+kOjieyXTc5u6SpQ= contains sample tx 729
[2026-04-19T03:25:31.226Z INFO  worker::batch_maker] Batch xPcsH7sEFJvyQH/Z6Da9vBwPzpP+kOjieyXTc5u6SpQ= contains 204800 B
[2026-04-19T03:25:31.279Z INFO  worker::batch_maker] Batch 5Ebxlpf8498nRvYb4euWuER4T7xG1VJx6HOkE0/+Wq8= contains sample tx 730
[2026-04-19T03:25:31.279Z INFO  worker::batch_maker] Batch 5Ebxlpf8498nRvYb4euWuER4T7xG1VJx6HOkE0/+Wq8= contains 204800 B
[2026-04-19T03:25:31.332Z INFO  worker::batch_maker] Batch N3ZHmh1FOG+m+oGQkbVuHL6Ht6aF31HIEuXRucm8s7w= contains sample tx 731
[2026-04-19T03:25:31.332Z INFO  worker::batch_maker] Batch N3ZHmh1FOG+m+oGQkbVuHL6Ht6aF31HIEuXRucm8s7w= contains 204800 B
[2026-04-19T03:25:31.386Z INFO  worker::batch_maker] Batch GQNMEEPKZJ1weow+GA62wyW1zIaWRa6+Lry2Zhi705w= contains sample tx 732
[2026-04-19T03:25:31.386Z INFO  worker::batch_maker] Batch GQNMEEPKZJ1weow+GA62wyW1zIaWRa6+Lry2Zhi705w= contains 204800 B
[2026-04-19T03:25:31.438Z INFO  worker::batch_maker] Batch GDhQdq6J/GjnGRjLX5delmh/QYHR6Bdpg6TZLyLU/+E= contains sample tx 733
[2026-04-19T03:25:31.439Z INFO  worker::batch_maker] Batch GDhQdq6J/GjnGRjLX5delmh/QYHR6Bdpg6TZLyLU/+E= contains 204800 B
[2026-04-19T03:25:31.492Z INFO  worker::batch_maker] Batch 2xw5/E3upzadSLNLV/fIrWs4JEaqBD8o8WLciQ6PKQo= contains sample tx 734
[2026-04-19T03:25:31.492Z INFO  worker::batch_maker] Batch 2xw5/E3upzadSLNLV/fIrWs4JEaqBD8o8WLciQ6PKQo= contains 204800 B
[2026-04-19T03:25:31.545Z INFO  worker::batch_maker] Batch WtRYfB36zUeEX6oLquQqX+c0lteja7p5FZKatRaqmqU= contains sample tx 735
[2026-04-19T03:25:31.545Z INFO  worker::batch_maker] Batch WtRYfB36zUeEX6oLquQqX+c0lteja7p5FZKatRaqmqU= contains 204800 B
[2026-04-19T03:25:31.599Z INFO  worker::batch_maker] Batch 3MoWLkWDZ/a0QA32QE9DIpY8kn+B4EFE6JIk1mEurLc= contains sample tx 736
[2026-04-19T03:25:31.599Z INFO  worker::batch_maker] Batch 3MoWLkWDZ/a0QA32QE9DIpY8kn+B4EFE6JIk1mEurLc= contains 204800 B
[2026-04-19T03:25:31.651Z INFO  worker::batch_maker] Batch L3ZEzZhCUFzTa0E3OX0WD4W28JXR9vM5AxuJU4yoYLw= contains sample tx 737
[2026-04-19T03:25:31.651Z INFO  worker::batch_maker] Batch L3ZEzZhCUFzTa0E3OX0WD4W28JXR9vM5AxuJU4yoYLw= contains 222208 B
[2026-04-19T03:25:31.705Z INFO  worker::batch_maker] Batch /e2k23p6VckkGsTE1V8ox2Yx278hTFVvj7S6poINljo= contains sample tx 738
[2026-04-19T03:25:31.705Z INFO  worker::batch_maker] Batch /e2k23p6VckkGsTE1V8ox2Yx278hTFVvj7S6poINljo= contains 284672 B
[2026-04-19T03:25:31.760Z INFO  worker::batch_maker] Batch UjTKcvH7CFDiACh8tw5DBTP2JvvD91Qf4zG9cD9DGTc= contains sample tx 739
[2026-04-19T03:25:31.760Z INFO  worker::batch_maker] Batch UjTKcvH7CFDiACh8tw5DBTP2JvvD91Qf4zG9cD9DGTc= contains sample tx 740
[2026-04-19T03:25:31.760Z INFO  worker::batch_maker] Batch UjTKcvH7CFDiACh8tw5DBTP2JvvD91Qf4zG9cD9DGTc= contains 312320 B
[2026-04-19T03:25:31.813Z INFO  worker::batch_maker] Batch 5pqx2NvrO2qaWi1P8V2N9d9lSZCEKMHbo9T5DvlYdmY= contains sample tx 741
[2026-04-19T03:25:31.813Z INFO  worker::batch_maker] Batch 5pqx2NvrO2qaWi1P8V2N9d9lSZCEKMHbo9T5DvlYdmY= contains 204800 B
[2026-04-19T03:25:31.866Z INFO  worker::batch_maker] Batch Cfsgkt7pFY8SPcwmnd8rq0EwJcyWtCuOpIaKtk2tZwE= contains sample tx 742
[2026-04-19T03:25:31.866Z INFO  worker::batch_maker] Batch Cfsgkt7pFY8SPcwmnd8rq0EwJcyWtCuOpIaKtk2tZwE= contains 204800 B
[2026-04-19T03:25:31.919Z INFO  worker::batch_maker] Batch KuMazPwOvNRosncyQ2ju0B/6mnixkoOMbaJ0FJ06D2Q= contains 162816 B
[2026-04-19T03:25:31.972Z INFO  worker::batch_maker] Batch bCpgo5yJEjH/4/lhY5OZf5qfbYm0LlgBSkaNjUvvVuk= contains sample tx 743
[2026-04-19T03:25:31.972Z INFO  worker::batch_maker] Batch bCpgo5yJEjH/4/lhY5OZf5qfbYm0LlgBSkaNjUvvVuk= contains sample tx 744
[2026-04-19T03:25:31.972Z INFO  worker::batch_maker] Batch bCpgo5yJEjH/4/lhY5OZf5qfbYm0LlgBSkaNjUvvVuk= contains 246784 B
[2026-04-19T03:25:32.026Z INFO  worker::batch_maker] Batch UZPgpBjLqQZDoLzysXIGi/u3rWaVrpOoJbHP8mF9n6g= contains sample tx 745
[2026-04-19T03:25:32.026Z INFO  worker::batch_maker] Batch UZPgpBjLqQZDoLzysXIGi/u3rWaVrpOoJbHP8mF9n6g= contains 204800 B
[2026-04-19T03:25:32.079Z INFO  worker::batch_maker] Batch TeLarU62f3gi6zKhXkiOaYPv9r5/5BqIUFDbDlR2uG0= contains sample tx 746
[2026-04-19T03:25:32.079Z INFO  worker::batch_maker] Batch TeLarU62f3gi6zKhXkiOaYPv9r5/5BqIUFDbDlR2uG0= contains 204800 B
[2026-04-19T03:25:32.133Z INFO  worker::batch_maker] Batch Mew0A2u1vw1n4H1du1eBt+JUAbZJgOKrji1v4emcciI= contains sample tx 747
[2026-04-19T03:25:32.133Z INFO  worker::batch_maker] Batch Mew0A2u1vw1n4H1du1eBt+JUAbZJgOKrji1v4emcciI= contains 204800 B
[2026-04-19T03:25:32.186Z INFO  worker::batch_maker] Batch zp64j1PMT1fFOxIWuHOwfTvwJKRoJ8s+M1lRwvl1ixM= contains sample tx 748
[2026-04-19T03:25:32.186Z INFO  worker::batch_maker] Batch zp64j1PMT1fFOxIWuHOwfTvwJKRoJ8s+M1lRwvl1ixM= contains 204800 B
[2026-04-19T03:25:32.238Z INFO  worker::batch_maker] Batch 5+799ZWt7dhvKZZLtKu/mraNDbpyZeIGJKh7iDB8i4k= contains sample tx 749
[2026-04-19T03:25:32.238Z INFO  worker::batch_maker] Batch 5+799ZWt7dhvKZZLtKu/mraNDbpyZeIGJKh7iDB8i4k= contains 204800 B
[2026-04-19T03:25:32.291Z INFO  worker::batch_maker] Batch A5M1dsN3oJVyjY0TbVnkfOE+nDI390rzTUIi0yIV9QM= contains sample tx 750
[2026-04-19T03:25:32.291Z INFO  worker::batch_maker] Batch A5M1dsN3oJVyjY0TbVnkfOE+nDI390rzTUIi0yIV9QM= contains 204800 B
[2026-04-19T03:25:32.344Z INFO  worker::batch_maker] Batch GSUP7r1iNJnnoMTnhwIahsnNZ71HMismFmewKXum40Y= contains sample tx 751
[2026-04-19T03:25:32.344Z INFO  worker::batch_maker] Batch GSUP7r1iNJnnoMTnhwIahsnNZ71HMismFmewKXum40Y= contains 204800 B
[2026-04-19T03:25:32.397Z INFO  worker::batch_maker] Batch qUOzy1x0hvajc19Y520RUoHo3KtGOTIumKiHzgpdDmg= contains sample tx 752
[2026-04-19T03:25:32.397Z INFO  worker::batch_maker] Batch qUOzy1x0hvajc19Y520RUoHo3KtGOTIumKiHzgpdDmg= contains 204800 B
[2026-04-19T03:25:32.450Z INFO  worker::batch_maker] Batch BGznBUGtoKEvWhRNKsdU9/1MWFR6hfVI7fU/QnXV1Rw= contains sample tx 753
[2026-04-19T03:25:32.450Z INFO  worker::batch_maker] Batch BGznBUGtoKEvWhRNKsdU9/1MWFR6hfVI7fU/QnXV1Rw= contains 204800 B
[2026-04-19T03:25:32.503Z INFO  worker::batch_maker] Batch gBC907n6ZrYjGJmZ9tZNDPYSTMGsmFzV1MbcPU6SNwg= contains sample tx 754
[2026-04-19T03:25:32.503Z INFO  worker::batch_maker] Batch gBC907n6ZrYjGJmZ9tZNDPYSTMGsmFzV1MbcPU6SNwg= contains 294912 B
[2026-04-19T03:25:32.558Z INFO  worker::batch_maker] Batch 4OKYM4ZfrK5g9Pa+Ny0mSIym06sF0UrE7aDG8Cq73ig= contains sample tx 755
[2026-04-19T03:25:32.558Z INFO  worker::batch_maker] Batch 4OKYM4ZfrK5g9Pa+Ny0mSIym06sF0UrE7aDG8Cq73ig= contains sample tx 756
[2026-04-19T03:25:32.558Z INFO  worker::batch_maker] Batch 4OKYM4ZfrK5g9Pa+Ny0mSIym06sF0UrE7aDG8Cq73ig= contains 312320 B
[2026-04-19T03:25:32.610Z INFO  worker::batch_maker] Batch b+PYjrWJJYgxIUMJlgdLCT9HMcM91IzhGV7+CLupCq0= contains sample tx 757
[2026-04-19T03:25:32.610Z INFO  worker::batch_maker] Batch b+PYjrWJJYgxIUMJlgdLCT9HMcM91IzhGV7+CLupCq0= contains 211968 B
[2026-04-19T03:25:32.663Z INFO  worker::batch_maker] Batch gyFLPNcmjPDjTbDuE58AEKkpwedunM1rhgTKLcP1tKA= contains sample tx 758
[2026-04-19T03:25:32.663Z INFO  worker::batch_maker] Batch gyFLPNcmjPDjTbDuE58AEKkpwedunM1rhgTKLcP1tKA= contains 204800 B
[2026-04-19T03:25:32.716Z INFO  worker::batch_maker] Batch GgmzzR9QCMv3Pn4lvqvZt8iiQz4Me2CUSHwOus5qnX8= contains sample tx 759
[2026-04-19T03:25:32.716Z INFO  worker::batch_maker] Batch GgmzzR9QCMv3Pn4lvqvZt8iiQz4Me2CUSHwOus5qnX8= contains 204800 B
[2026-04-19T03:25:32.772Z INFO  worker::batch_maker] Batch SHUcjx8IsqjMnHndpfzrQrR+loMAItDFtm6IDGPoLBU= contains sample tx 760
[2026-04-19T03:25:32.772Z INFO  worker::batch_maker] Batch SHUcjx8IsqjMnHndpfzrQrR+loMAItDFtm6IDGPoLBU= contains 204800 B
[2026-04-19T03:25:32.826Z INFO  worker::batch_maker] Batch IvHE8/Cp/XTbUw2KeX8vn5LIGvJOgINOM5c4FjgwU2Y= contains sample tx 761
[2026-04-19T03:25:32.826Z INFO  worker::batch_maker] Batch IvHE8/Cp/XTbUw2KeX8vn5LIGvJOgINOM5c4FjgwU2Y= contains 204800 B
[2026-04-19T03:25:32.879Z INFO  worker::batch_maker] Batch o2rnOn+k09IUz7N1GSJXSmgmdOf/nB8npW2ZV8VUeTY= contains sample tx 762
[2026-04-19T03:25:32.879Z INFO  worker::batch_maker] Batch o2rnOn+k09IUz7N1GSJXSmgmdOf/nB8npW2ZV8VUeTY= contains 204800 B
[2026-04-19T03:25:32.931Z INFO  worker::batch_maker] Batch Nx+uOz4wtLBJNNp/voakZl/aM48LqOrQRaN7q6RtyfY= contains sample tx 763
[2026-04-19T03:25:32.931Z INFO  worker::batch_maker] Batch Nx+uOz4wtLBJNNp/voakZl/aM48LqOrQRaN7q6RtyfY= contains 204800 B
[2026-04-19T03:25:32.985Z INFO  worker::batch_maker] Batch lBekIXy2tu/EhXtNCiJdiWO+vr6pPKYZWMwNBhrMYY0= contains sample tx 764
[2026-04-19T03:25:32.985Z INFO  worker::batch_maker] Batch lBekIXy2tu/EhXtNCiJdiWO+vr6pPKYZWMwNBhrMYY0= contains 204800 B
[2026-04-19T03:25:33.039Z INFO  worker::batch_maker] Batch 1n0QYX1XNczbNxuo7lBQ2lReS7PtDp+x58cq/LTdyfY= contains sample tx 765
[2026-04-19T03:25:33.039Z INFO  worker::batch_maker] Batch 1n0QYX1XNczbNxuo7lBQ2lReS7PtDp+x58cq/LTdyfY= contains 204800 B
[2026-04-19T03:25:33.094Z INFO  worker::batch_maker] Batch lP+65cB4z90riPNIo+5tOgkVb3U8KY1Xi/d3T2E9p/4= contains sample tx 766
[2026-04-19T03:25:33.094Z INFO  worker::batch_maker] Batch lP+65cB4z90riPNIo+5tOgkVb3U8KY1Xi/d3T2E9p/4= contains 204800 B
[2026-04-19T03:25:33.147Z INFO  worker::batch_maker] Batch 5I0rTpZwuNq/u7WTRgytR+AOYdIALG9Hw1DcckXzNWY= contains sample tx 767
[2026-04-19T03:25:33.147Z INFO  worker::batch_maker] Batch 5I0rTpZwuNq/u7WTRgytR+AOYdIALG9Hw1DcckXzNWY= contains 204800 B
[2026-04-19T03:25:33.199Z INFO  worker::batch_maker] Batch PfhgpdgMFg30/j0n+a14q3twadXl3M558PNmOoR4Aes= contains sample tx 768
[2026-04-19T03:25:33.199Z INFO  worker::batch_maker] Batch PfhgpdgMFg30/j0n+a14q3twadXl3M558PNmOoR4Aes= contains 204800 B
[2026-04-19T03:25:33.253Z INFO  worker::batch_maker] Batch 0jqAZDE8anGycyooR4c0JE2g+rJfeIO3UsQB4eL0bRs= contains sample tx 769
[2026-04-19T03:25:33.253Z INFO  worker::batch_maker] Batch 0jqAZDE8anGycyooR4c0JE2g+rJfeIO3UsQB4eL0bRs= contains 204800 B
[2026-04-19T03:25:33.308Z INFO  worker::batch_maker] Batch P5YqnPkEcCbKorQAL4AIwnNxufzrzU+bORX1gOsEUnM= contains sample tx 770
[2026-04-19T03:25:33.308Z INFO  worker::batch_maker] Batch P5YqnPkEcCbKorQAL4AIwnNxufzrzU+bORX1gOsEUnM= contains sample tx 771
[2026-04-19T03:25:33.308Z INFO  worker::batch_maker] Batch P5YqnPkEcCbKorQAL4AIwnNxufzrzU+bORX1gOsEUnM= contains 409600 B
[2026-04-19T03:25:33.362Z INFO  worker::batch_maker] Batch Q5HGnkvHY7O5P6JWDmMDugJWEM4vKtwiyI3FcRDkeJQ= contains sample tx 772
[2026-04-19T03:25:33.362Z INFO  worker::batch_maker] Batch Q5HGnkvHY7O5P6JWDmMDugJWEM4vKtwiyI3FcRDkeJQ= contains 204800 B
[2026-04-19T03:25:33.414Z INFO  worker::batch_maker] Batch DAgm7mquOX7Fq6Illv+unKVcX9kXnTLZmxPaF/a+cps= contains sample tx 773
[2026-04-19T03:25:33.414Z INFO  worker::batch_maker] Batch DAgm7mquOX7Fq6Illv+unKVcX9kXnTLZmxPaF/a+cps= contains 204800 B
[2026-04-19T03:25:33.468Z INFO  worker::batch_maker] Batch xlSyhl/4QymOhfbBMxqrm8hFtPClN5mi5jnH940KHTU= contains sample tx 774
[2026-04-19T03:25:33.468Z INFO  worker::batch_maker] Batch xlSyhl/4QymOhfbBMxqrm8hFtPClN5mi5jnH940KHTU= contains 204800 B
[2026-04-19T03:25:33.521Z INFO  worker::batch_maker] Batch NkysqgS3ivOucujYeTh0+ZZ6r1fcWvNuKKbdU0OG3ts= contains sample tx 775
[2026-04-19T03:25:33.522Z INFO  worker::batch_maker] Batch NkysqgS3ivOucujYeTh0+ZZ6r1fcWvNuKKbdU0OG3ts= contains 204800 B
[2026-04-19T03:25:33.573Z INFO  worker::batch_maker] Batch vMsre2T/peilO+vyjZkllkCKIJSy3mWdAy2HFW+HEEc= contains sample tx 776
[2026-04-19T03:25:33.573Z INFO  worker::batch_maker] Batch vMsre2T/peilO+vyjZkllkCKIJSy3mWdAy2HFW+HEEc= contains 204800 B
[2026-04-19T03:25:33.625Z INFO  worker::batch_maker] Batch bShGO4Z5ZFw6F50rGUtx9T7wFdi2pzwfxPJjWv4YMUI= contains sample tx 777
[2026-04-19T03:25:33.625Z INFO  worker::batch_maker] Batch bShGO4Z5ZFw6F50rGUtx9T7wFdi2pzwfxPJjWv4YMUI= contains 204800 B
[2026-04-19T03:25:33.680Z INFO  worker::batch_maker] Batch 9Tokxm57GV/cNTtyiz4dS21gvun/KjhvzagHN90gzxw= contains sample tx 778
[2026-04-19T03:25:33.680Z INFO  worker::batch_maker] Batch 9Tokxm57GV/cNTtyiz4dS21gvun/KjhvzagHN90gzxw= contains 204800 B
[2026-04-19T03:25:33.733Z INFO  worker::batch_maker] Batch igHhLOYaXzHgg5DevlpDMGGF5+WeZejYFW1gNEMVvbc= contains sample tx 779
[2026-04-19T03:25:33.733Z INFO  worker::batch_maker] Batch igHhLOYaXzHgg5DevlpDMGGF5+WeZejYFW1gNEMVvbc= contains 204800 B
[2026-04-19T03:25:33.786Z INFO  worker::batch_maker] Batch X+x/fHI35U6CzqY/wiJJGQc3xOxA8Uqim9cp8TN0NNI= contains sample tx 780
[2026-04-19T03:25:33.786Z INFO  worker::batch_maker] Batch X+x/fHI35U6CzqY/wiJJGQc3xOxA8Uqim9cp8TN0NNI= contains 204800 B
[2026-04-19T03:25:33.840Z INFO  worker::batch_maker] Batch FxPeFYbcM4TEDZRQ0TvtdoJ8Rybhs+QReK6MIyMFxqA= contains sample tx 781
[2026-04-19T03:25:33.840Z INFO  worker::batch_maker] Batch FxPeFYbcM4TEDZRQ0TvtdoJ8Rybhs+QReK6MIyMFxqA= contains 204800 B
[2026-04-19T03:25:33.894Z INFO  worker::batch_maker] Batch YN3zQ/TDVZjIQ0iOnd/PmE9NV1qBcvaylLeiuF6+YFA= contains sample tx 782
[2026-04-19T03:25:33.894Z INFO  worker::batch_maker] Batch YN3zQ/TDVZjIQ0iOnd/PmE9NV1qBcvaylLeiuF6+YFA= contains 204800 B
[2026-04-19T03:25:33.946Z INFO  worker::batch_maker] Batch O62PDWm74gBrWb4tmd3yPsEuaMhLMpD7t+vu4B2GDIA= contains sample tx 783
[2026-04-19T03:25:33.946Z INFO  worker::batch_maker] Batch O62PDWm74gBrWb4tmd3yPsEuaMhLMpD7t+vu4B2GDIA= contains 204800 B
[2026-04-19T03:25:34.000Z INFO  worker::batch_maker] Batch /c8lhjfogygNQeCzFpmO4+0nzk2DqGTqlwIulsw/gM8= contains sample tx 784
[2026-04-19T03:25:34.000Z INFO  worker::batch_maker] Batch /c8lhjfogygNQeCzFpmO4+0nzk2DqGTqlwIulsw/gM8= contains 204800 B
[2026-04-19T03:25:34.054Z INFO  worker::batch_maker] Batch X7T4AOKOTO1uRbWqPcb0TOG8wJ/OcXlAUdDTRVgXuzs= contains sample tx 785
[2026-04-19T03:25:34.054Z INFO  worker::batch_maker] Batch X7T4AOKOTO1uRbWqPcb0TOG8wJ/OcXlAUdDTRVgXuzs= contains 267264 B
[2026-04-19T03:25:34.110Z INFO  worker::batch_maker] Batch DWPHS5U1j/rThyxhy5bzKhWqMGv6Y95Wg4FeQCYdZbI= contains sample tx 786
[2026-04-19T03:25:34.110Z INFO  worker::batch_maker] Batch DWPHS5U1j/rThyxhy5bzKhWqMGv6Y95Wg4FeQCYdZbI= contains sample tx 787
[2026-04-19T03:25:34.110Z INFO  worker::batch_maker] Batch DWPHS5U1j/rThyxhy5bzKhWqMGv6Y95Wg4FeQCYdZbI= contains 347136 B
[2026-04-19T03:25:34.165Z INFO  worker::batch_maker] Batch PoS2ga+Q7DL4YRW5Ilku3aKHv/d71hm3Kojcif2O+vQ= contains sample tx 788
[2026-04-19T03:25:34.166Z INFO  worker::batch_maker] Batch PoS2ga+Q7DL4YRW5Ilku3aKHv/d71hm3Kojcif2O+vQ= contains 204800 B
[2026-04-19T03:25:34.220Z INFO  worker::batch_maker] Batch 6Q0ciL4kV+PqnNpT0aIYVWuBQWd5Jj496gBXd3buBG4= contains sample tx 789
[2026-04-19T03:25:34.220Z INFO  worker::batch_maker] Batch 6Q0ciL4kV+PqnNpT0aIYVWuBQWd5Jj496gBXd3buBG4= contains 204800 B
[2026-04-19T03:25:34.273Z INFO  worker::batch_maker] Batch Rv8W06Ri6BHDl2E10VK3RCx+W1jZhXcXpcxGJVnF3og= contains sample tx 790
[2026-04-19T03:25:34.273Z INFO  worker::batch_maker] Batch Rv8W06Ri6BHDl2E10VK3RCx+W1jZhXcXpcxGJVnF3og= contains 204800 B
[2026-04-19T03:25:34.325Z INFO  worker::batch_maker] Batch szM86olCTxFdkY7EmdrhgQYl8VhMhKLXYcxZ03tYz+E= contains sample tx 791
[2026-04-19T03:25:34.325Z INFO  worker::batch_maker] Batch szM86olCTxFdkY7EmdrhgQYl8VhMhKLXYcxZ03tYz+E= contains 204800 B
[2026-04-19T03:25:34.378Z INFO  worker::batch_maker] Batch FU0eBcmrVh2PY+ZhEogbwMTLnGWTxT7hZgVMIl7xzmY= contains sample tx 792
[2026-04-19T03:25:34.378Z INFO  worker::batch_maker] Batch FU0eBcmrVh2PY+ZhEogbwMTLnGWTxT7hZgVMIl7xzmY= contains 204800 B
[2026-04-19T03:25:34.430Z INFO  worker::batch_maker] Batch YoculB2Xi9O84il9T2++t5Dv9bHUd/zPTLIdBRTpLXo= contains sample tx 793
[2026-04-19T03:25:34.430Z INFO  worker::batch_maker] Batch YoculB2Xi9O84il9T2++t5Dv9bHUd/zPTLIdBRTpLXo= contains 204800 B
[2026-04-19T03:25:34.483Z INFO  worker::batch_maker] Batch gOeV4oit/z2kGRX4qH+HaE+6KSbrEMIU4qTTj6O+ua0= contains sample tx 794
[2026-04-19T03:25:34.483Z INFO  worker::batch_maker] Batch gOeV4oit/z2kGRX4qH+HaE+6KSbrEMIU4qTTj6O+ua0= contains 204800 B
[2026-04-19T03:25:34.534Z INFO  worker::batch_maker] Batch d+OhD0NZLwa9wEuJSUu3LFscU+FFg9lRTwDRJ5vvOJc= contains sample tx 795
[2026-04-19T03:25:34.534Z INFO  worker::batch_maker] Batch d+OhD0NZLwa9wEuJSUu3LFscU+FFg9lRTwDRJ5vvOJc= contains 204800 B
[2026-04-19T03:25:34.586Z INFO  worker::batch_maker] Batch XmpoI2MzuwkaG9b7JalCt5mlbvZnIt6kRdhkmwLeJpw= contains sample tx 796
[2026-04-19T03:25:34.586Z INFO  worker::batch_maker] Batch XmpoI2MzuwkaG9b7JalCt5mlbvZnIt6kRdhkmwLeJpw= contains 204800 B
[2026-04-19T03:25:34.640Z INFO  worker::batch_maker] Batch W7Ixf8oYDcdZqA2pHswdvL6gN5yMX++n3q8qbrh/I4I= contains sample tx 797
[2026-04-19T03:25:34.640Z INFO  worker::batch_maker] Batch W7Ixf8oYDcdZqA2pHswdvL6gN5yMX++n3q8qbrh/I4I= contains 204800 B
[2026-04-19T03:25:34.694Z INFO  worker::batch_maker] Batch vCmIaN0aP0bFRlDC/iLQ/ftT99CUZqEcs9TgmtX9rIM= contains sample tx 798
[2026-04-19T03:25:34.694Z INFO  worker::batch_maker] Batch vCmIaN0aP0bFRlDC/iLQ/ftT99CUZqEcs9TgmtX9rIM= contains 204800 B
[2026-04-19T03:25:34.747Z INFO  worker::batch_maker] Batch NEgm+hY62PuGLYEq0VhDuVdBFLDQZ1aFcHyqvW10/l4= contains sample tx 799
[2026-04-19T03:25:34.747Z INFO  worker::batch_maker] Batch NEgm+hY62PuGLYEq0VhDuVdBFLDQZ1aFcHyqvW10/l4= contains 204800 B
[2026-04-19T03:25:34.800Z INFO  worker::batch_maker] Batch 6gfYeKPnTijDvRpJ98NbcEZsrmUXZ9bTb6eaAt+0Acc= contains sample tx 800
[2026-04-19T03:25:34.800Z INFO  worker::batch_maker] Batch 6gfYeKPnTijDvRpJ98NbcEZsrmUXZ9bTb6eaAt+0Acc= contains 204800 B
[2026-04-19T03:25:34.851Z INFO  worker::batch_maker] Batch RSUqTYmbi5JBCglksCow7DvztYlhaOvAjnsoVi9B8ms= contains sample tx 801
[2026-04-19T03:25:34.851Z INFO  worker::batch_maker] Batch RSUqTYmbi5JBCglksCow7DvztYlhaOvAjnsoVi9B8ms= contains 204800 B
[2026-04-19T03:25:34.905Z INFO  worker::batch_maker] Batch L2Ed4qeW8iHVQWJSv8oIMe2Hi4jieFO+6LOEF8BV8ww= contains sample tx 802
[2026-04-19T03:25:34.905Z INFO  worker::batch_maker] Batch L2Ed4qeW8iHVQWJSv8oIMe2Hi4jieFO+6LOEF8BV8ww= contains sample tx 803
[2026-04-19T03:25:34.905Z INFO  worker::batch_maker] Batch L2Ed4qeW8iHVQWJSv8oIMe2Hi4jieFO+6LOEF8BV8ww= contains 409600 B
[2026-04-19T03:25:34.957Z INFO  worker::batch_maker] Batch 60Nr1YUGziztb/4SC8ZeG+nywH77GV8V9ypi3ESbXGA= contains sample tx 804
[2026-04-19T03:25:34.957Z INFO  worker::batch_maker] Batch 60Nr1YUGziztb/4SC8ZeG+nywH77GV8V9ypi3ESbXGA= contains 204800 B
[2026-04-19T03:25:35.009Z INFO  worker::batch_maker] Batch hzyeqCA1F2l+6ee7jqOhWNmBRfF6aL0lrgcYICUKYmk= contains sample tx 805
[2026-04-19T03:25:35.009Z INFO  worker::batch_maker] Batch hzyeqCA1F2l+6ee7jqOhWNmBRfF6aL0lrgcYICUKYmk= contains 204800 B
[2026-04-19T03:25:35.062Z INFO  worker::batch_maker] Batch hXqTxPdlMcTVYFEp5S4xgTuN/NCEp8seMziPnp6denA= contains sample tx 806
[2026-04-19T03:25:35.062Z INFO  worker::batch_maker] Batch hXqTxPdlMcTVYFEp5S4xgTuN/NCEp8seMziPnp6denA= contains 204800 B
[2026-04-19T03:25:35.115Z INFO  worker::batch_maker] Batch G2TSt3ztycSvXfpUvqbMhqt31JUGu0rr4d5IxhkkHO8= contains sample tx 807
[2026-04-19T03:25:35.115Z INFO  worker::batch_maker] Batch G2TSt3ztycSvXfpUvqbMhqt31JUGu0rr4d5IxhkkHO8= contains 204800 B
[2026-04-19T03:25:35.168Z INFO  worker::batch_maker] Batch 9WQK3yfhwHjHfk6GBCDdRPwfQ+DWO93cIU7zwx48WTU= contains sample tx 808
[2026-04-19T03:25:35.168Z INFO  worker::batch_maker] Batch 9WQK3yfhwHjHfk6GBCDdRPwfQ+DWO93cIU7zwx48WTU= contains 204800 B
[2026-04-19T03:25:35.220Z INFO  worker::batch_maker] Batch oeh+gLmBLXHylkFLMYja4MObHEq/pmlGb59qKs+Wuco= contains sample tx 809
[2026-04-19T03:25:35.220Z INFO  worker::batch_maker] Batch oeh+gLmBLXHylkFLMYja4MObHEq/pmlGb59qKs+Wuco= contains 204800 B
[2026-04-19T03:25:35.272Z INFO  worker::batch_maker] Batch qGvZML0Mf03xSLs3NrZ8uruTWUf+VYuJLDq/IG4spoA= contains sample tx 810
[2026-04-19T03:25:35.272Z INFO  worker::batch_maker] Batch qGvZML0Mf03xSLs3NrZ8uruTWUf+VYuJLDq/IG4spoA= contains 204800 B
[2026-04-19T03:25:35.326Z INFO  worker::batch_maker] Batch 3Y/tc2/3CQnOicbTUWXWGisxLCalAlKsBsdjC0bgY+M= contains sample tx 811
[2026-04-19T03:25:35.326Z INFO  worker::batch_maker] Batch 3Y/tc2/3CQnOicbTUWXWGisxLCalAlKsBsdjC0bgY+M= contains 204800 B
[2026-04-19T03:25:35.379Z INFO  worker::batch_maker] Batch mAzYqpKXPvetNumnuP1EPXq13Xmi6HAuc6iuSMPgRfs= contains sample tx 812
[2026-04-19T03:25:35.379Z INFO  worker::batch_maker] Batch mAzYqpKXPvetNumnuP1EPXq13Xmi6HAuc6iuSMPgRfs= contains 204800 B
[2026-04-19T03:25:35.432Z INFO  worker::batch_maker] Batch IO2wgLWxx49bGIGUkL+hZG4lVsw96lXp6o67p2mkK6w= contains sample tx 813
[2026-04-19T03:25:35.432Z INFO  worker::batch_maker] Batch IO2wgLWxx49bGIGUkL+hZG4lVsw96lXp6o67p2mkK6w= contains 204800 B
[2026-04-19T03:25:35.486Z INFO  worker::batch_maker] Batch pBxwSYVur9pS2zFeeHQw5JLqg9YWvzUZ9i9dW8Yp9Iw= contains sample tx 814
[2026-04-19T03:25:35.486Z INFO  worker::batch_maker] Batch pBxwSYVur9pS2zFeeHQw5JLqg9YWvzUZ9i9dW8Yp9Iw= contains 204800 B
[2026-04-19T03:25:35.540Z INFO  worker::batch_maker] Batch X0NO2Hj0BsZfZBwZpQb79DX74B8rsCDW1HI9q7pkm0I= contains sample tx 815
[2026-04-19T03:25:35.540Z INFO  worker::batch_maker] Batch X0NO2Hj0BsZfZBwZpQb79DX74B8rsCDW1HI9q7pkm0I= contains 204800 B
[2026-04-19T03:25:35.593Z INFO  worker::batch_maker] Batch JsTpgS8tWUhYTRJdL5h1PwzstkDSZFAdAVo7QxyXfiM= contains sample tx 816
[2026-04-19T03:25:35.593Z INFO  worker::batch_maker] Batch JsTpgS8tWUhYTRJdL5h1PwzstkDSZFAdAVo7QxyXfiM= contains 204800 B
[2026-04-19T03:25:35.644Z INFO  worker::batch_maker] Batch 5qLw2bqRLI2UzPkEuT0g4pPHHo1e5MdD8lrrzgG8QLU= contains sample tx 817
[2026-04-19T03:25:35.644Z INFO  worker::batch_maker] Batch 5qLw2bqRLI2UzPkEuT0g4pPHHo1e5MdD8lrrzgG8QLU= contains 204800 B
[2026-04-19T03:25:35.697Z INFO  worker::batch_maker] Batch TcJThXiZExC96rUWzKogptYl9LERIFXSx3CFG4FbgeM= contains sample tx 818
[2026-04-19T03:25:35.697Z INFO  worker::batch_maker] Batch TcJThXiZExC96rUWzKogptYl9LERIFXSx3CFG4FbgeM= contains 204800 B
[2026-04-19T03:25:35.749Z INFO  worker::batch_maker] Batch ncYbA/RnInNl4ggFSTiGJ91VepkCGh11dqtNI0VKXK0= contains sample tx 819
[2026-04-19T03:25:35.749Z INFO  worker::batch_maker] Batch ncYbA/RnInNl4ggFSTiGJ91VepkCGh11dqtNI0VKXK0= contains 204800 B
[2026-04-19T03:25:35.802Z INFO  worker::batch_maker] Batch OrUQczMUT393+FU8qpzmkDtVppgsOY5Pl6Rso4mZeEA= contains sample tx 820
[2026-04-19T03:25:35.802Z INFO  worker::batch_maker] Batch OrUQczMUT393+FU8qpzmkDtVppgsOY5Pl6Rso4mZeEA= contains 215552 B
[2026-04-19T03:25:35.855Z INFO  worker::batch_maker] Batch FZjz7QXAXQy/GY8ydLtD7ozB04EdYqESTQpZWBPJMqs= contains sample tx 821
[2026-04-19T03:25:35.855Z INFO  worker::batch_maker] Batch FZjz7QXAXQy/GY8ydLtD7ozB04EdYqESTQpZWBPJMqs= contains sample tx 822
[2026-04-19T03:25:35.855Z INFO  worker::batch_maker] Batch FZjz7QXAXQy/GY8ydLtD7ozB04EdYqESTQpZWBPJMqs= contains 398848 B
[2026-04-19T03:25:35.906Z INFO  worker::batch_maker] Batch gjM4CqtQ8cgAZaXjxnwa/EqZP62nQfN9OY/s24t5iRQ= contains sample tx 823
[2026-04-19T03:25:35.906Z INFO  worker::batch_maker] Batch gjM4CqtQ8cgAZaXjxnwa/EqZP62nQfN9OY/s24t5iRQ= contains 204800 B
[2026-04-19T03:25:35.958Z INFO  worker::batch_maker] Batch xLtt5ujjCdGNqbtijfXXc/EZtIJwGtBfkCaMqEtpAF4= contains sample tx 824
[2026-04-19T03:25:35.958Z INFO  worker::batch_maker] Batch xLtt5ujjCdGNqbtijfXXc/EZtIJwGtBfkCaMqEtpAF4= contains 204800 B
[2026-04-19T03:25:36.010Z INFO  worker::batch_maker] Batch aZ9scqhHVaCGUU8a4p3WJAh1SBQYezGMeS3NqCSEwh4= contains sample tx 825
[2026-04-19T03:25:36.010Z INFO  worker::batch_maker] Batch aZ9scqhHVaCGUU8a4p3WJAh1SBQYezGMeS3NqCSEwh4= contains 204800 B
[2026-04-19T03:25:36.062Z INFO  worker::batch_maker] Batch I66cO5Jv5mYK3HdPbvMdDdGEXVPU0LCiietad7rZdPA= contains sample tx 826
[2026-04-19T03:25:36.062Z INFO  worker::batch_maker] Batch I66cO5Jv5mYK3HdPbvMdDdGEXVPU0LCiietad7rZdPA= contains 204800 B
[2026-04-19T03:25:36.114Z INFO  worker::batch_maker] Batch JTZVvmvqgzu8LGomUmsqVkNirUgyE6KlcsTVhNhl2nk= contains sample tx 827
[2026-04-19T03:25:36.114Z INFO  worker::batch_maker] Batch JTZVvmvqgzu8LGomUmsqVkNirUgyE6KlcsTVhNhl2nk= contains 204800 B
[2026-04-19T03:25:36.167Z INFO  worker::batch_maker] Batch 3ZtD9+CvJQh8zQfhsIzFovHbKrPqTN5wt5f5vr11bPE= contains sample tx 828
[2026-04-19T03:25:36.167Z INFO  worker::batch_maker] Batch 3ZtD9+CvJQh8zQfhsIzFovHbKrPqTN5wt5f5vr11bPE= contains 204800 B
[2026-04-19T03:25:36.219Z INFO  worker::batch_maker] Batch CpOxc8FvrwAXA4wKOJ5LIH5FOEOwTarydxKa9Es1nXA= contains sample tx 829
[2026-04-19T03:25:36.219Z INFO  worker::batch_maker] Batch CpOxc8FvrwAXA4wKOJ5LIH5FOEOwTarydxKa9Es1nXA= contains 204800 B
[2026-04-19T03:25:36.273Z INFO  worker::batch_maker] Batch 1u7GOnhlE6wq9/pgnU1pOL0A/2NctLF/hsyDXqInGF8= contains sample tx 830
[2026-04-19T03:25:36.273Z INFO  worker::batch_maker] Batch 1u7GOnhlE6wq9/pgnU1pOL0A/2NctLF/hsyDXqInGF8= contains 204800 B
[2026-04-19T03:25:36.325Z INFO  worker::batch_maker] Batch a2AqygICmLK7D0zH59bJgDMqplS6+BkGK9rLjRCsgP4= contains sample tx 831
[2026-04-19T03:25:36.325Z INFO  worker::batch_maker] Batch a2AqygICmLK7D0zH59bJgDMqplS6+BkGK9rLjRCsgP4= contains 204800 B
[2026-04-19T03:25:36.377Z INFO  worker::batch_maker] Batch PAFW2lRdT3abTK6zhS1CrXmP0puDBXDSRMAYIIXESao= contains sample tx 832
[2026-04-19T03:25:36.377Z INFO  worker::batch_maker] Batch PAFW2lRdT3abTK6zhS1CrXmP0puDBXDSRMAYIIXESao= contains 204800 B
[2026-04-19T03:25:36.431Z INFO  worker::batch_maker] Batch 3dfXQLvTxvgzKOwFCtpgx62ZqSNtxvkfw4lkO8qdTbM= contains sample tx 833
[2026-04-19T03:25:36.431Z INFO  worker::batch_maker] Batch 3dfXQLvTxvgzKOwFCtpgx62ZqSNtxvkfw4lkO8qdTbM= contains 204800 B
[2026-04-19T03:25:36.483Z INFO  worker::batch_maker] Batch p5p8RjcEHtduiuI83bro4AsGBZS0yql7+wOb6ngr3TA= contains sample tx 834
[2026-04-19T03:25:36.483Z INFO  worker::batch_maker] Batch p5p8RjcEHtduiuI83bro4AsGBZS0yql7+wOb6ngr3TA= contains 204800 B
[2026-04-19T03:25:36.536Z INFO  worker::batch_maker] Batch ri3S9NT9EjwMwNuxZ27xiqlW7t9rtxZ6hd8hMC+SdNw= contains sample tx 835
[2026-04-19T03:25:36.536Z INFO  worker::batch_maker] Batch ri3S9NT9EjwMwNuxZ27xiqlW7t9rtxZ6hd8hMC+SdNw= contains 204800 B
[2026-04-19T03:25:36.588Z INFO  worker::batch_maker] Batch CP0zfB0dbafAda2yGtrQJE0rczn6W0kKuksxOOk4iZY= contains sample tx 836
[2026-04-19T03:25:36.588Z INFO  worker::batch_maker] Batch CP0zfB0dbafAda2yGtrQJE0rczn6W0kKuksxOOk4iZY= contains 204800 B
[2026-04-19T03:25:36.641Z INFO  worker::batch_maker] Batch SOU3SBq3jvfMZ1nw7iVFeDmYNIY881aLcubFYEcAHBQ= contains sample tx 837
[2026-04-19T03:25:36.641Z INFO  worker::batch_maker] Batch SOU3SBq3jvfMZ1nw7iVFeDmYNIY881aLcubFYEcAHBQ= contains 204800 B
[2026-04-19T03:25:36.692Z INFO  worker::batch_maker] Batch NZQ0SFuaT82Hl3IAn2l7qWUsw0+lmorZ77yJneDkQbA= contains sample tx 838
[2026-04-19T03:25:36.693Z INFO  worker::batch_maker] Batch NZQ0SFuaT82Hl3IAn2l7qWUsw0+lmorZ77yJneDkQbA= contains 204800 B
[2026-04-19T03:25:36.745Z INFO  worker::batch_maker] Batch aGOHfyicp/TcGRuBUIuh99DSl9kf8PcO8r2jTWfkXLU= contains sample tx 839
[2026-04-19T03:25:36.745Z INFO  worker::batch_maker] Batch aGOHfyicp/TcGRuBUIuh99DSl9kf8PcO8r2jTWfkXLU= contains 204800 B
[2026-04-19T03:25:36.800Z INFO  worker::batch_maker] Batch 911fT2+re8id32Nfax5TB1uVAh3y0GG/8M8rrcdU8o0= contains sample tx 840
[2026-04-19T03:25:36.808Z INFO  worker::batch_maker] Batch 911fT2+re8id32Nfax5TB1uVAh3y0GG/8M8rrcdU8o0= contains 204800 B
[2026-04-19T03:25:36.865Z INFO  worker::batch_maker] Batch p78IsOVVwD1POY4rmmRCghvXvsjTs/7f6xrFToAvC0Q= contains sample tx 841
[2026-04-19T03:25:36.865Z INFO  worker::batch_maker] Batch p78IsOVVwD1POY4rmmRCghvXvsjTs/7f6xrFToAvC0Q= contains sample tx 842
[2026-04-19T03:25:36.865Z INFO  worker::batch_maker] Batch p78IsOVVwD1POY4rmmRCghvXvsjTs/7f6xrFToAvC0Q= contains 409600 B
[2026-04-19T03:25:36.917Z INFO  worker::batch_maker] Batch DwvSUuH1QVVoxcuRfXqyK2ZMRqw0nk3gSqmeFQ2PQJQ= contains sample tx 843
[2026-04-19T03:25:36.933Z INFO  worker::batch_maker] Batch DwvSUuH1QVVoxcuRfXqyK2ZMRqw0nk3gSqmeFQ2PQJQ= contains 204800 B
[2026-04-19T03:25:36.986Z INFO  worker::batch_maker] Batch 0VUS9IwMDLoT/mUEKf9ZKwXO9KFNRXn2ViSYFC7H8CU= contains sample tx 844
[2026-04-19T03:25:36.986Z INFO  worker::batch_maker] Batch 0VUS9IwMDLoT/mUEKf9ZKwXO9KFNRXn2ViSYFC7H8CU= contains 204800 B
[2026-04-19T03:25:37.040Z INFO  worker::batch_maker] Batch RrA1KB4ZETqdxWSCyG7DqbnOmgxi6F6+JRWr1hX6P90= contains sample tx 845
[2026-04-19T03:25:37.040Z INFO  worker::batch_maker] Batch RrA1KB4ZETqdxWSCyG7DqbnOmgxi6F6+JRWr1hX6P90= contains 204800 B
[2026-04-19T03:25:37.092Z INFO  worker::batch_maker] Batch RH6xJ3oNveZndgiOi1MSluw02v174dGXxk6ezrG4Vmo= contains sample tx 846
[2026-04-19T03:25:37.092Z INFO  worker::batch_maker] Batch RH6xJ3oNveZndgiOi1MSluw02v174dGXxk6ezrG4Vmo= contains 204800 B
[2026-04-19T03:25:37.146Z INFO  worker::batch_maker] Batch 1htBd8goZn1G1bQbQ5Z8zihA7EfFJS0BPNrd9lMIzkY= contains sample tx 847
[2026-04-19T03:25:37.146Z INFO  worker::batch_maker] Batch 1htBd8goZn1G1bQbQ5Z8zihA7EfFJS0BPNrd9lMIzkY= contains 204800 B
[2026-04-19T03:25:37.198Z INFO  worker::batch_maker] Batch FfRIqZGno3Ra8W0a357eXwUOODe6liJRZbHF/84K5VI= contains sample tx 848
[2026-04-19T03:25:37.198Z INFO  worker::batch_maker] Batch FfRIqZGno3Ra8W0a357eXwUOODe6liJRZbHF/84K5VI= contains 204800 B
[2026-04-19T03:25:37.252Z INFO  worker::batch_maker] Batch Xw/UJFGjn7S1GxKTDKUHJcVvSva+Mgl45m11qnynTNE= contains sample tx 849
[2026-04-19T03:25:37.252Z INFO  worker::batch_maker] Batch Xw/UJFGjn7S1GxKTDKUHJcVvSva+Mgl45m11qnynTNE= contains 204800 B
[2026-04-19T03:25:37.307Z INFO  worker::batch_maker] Batch PNBzVTtDTdY2sMmrMy9SQAj65cW8ug2xOkawXzfwBHY= contains sample tx 850
[2026-04-19T03:25:37.307Z INFO  worker::batch_maker] Batch PNBzVTtDTdY2sMmrMy9SQAj65cW8ug2xOkawXzfwBHY= contains sample tx 851
[2026-04-19T03:25:37.307Z INFO  worker::batch_maker] Batch PNBzVTtDTdY2sMmrMy9SQAj65cW8ug2xOkawXzfwBHY= contains 344576 B
[2026-04-19T03:25:37.362Z INFO  worker::batch_maker] Batch wxOZwxSVei9KMjMyKVm1TFc55TsgG3b/edk4NV/lWRE= contains sample tx 852
[2026-04-19T03:25:37.362Z INFO  worker::batch_maker] Batch wxOZwxSVei9KMjMyKVm1TFc55TsgG3b/edk4NV/lWRE= contains 269824 B
[2026-04-19T03:25:37.416Z INFO  worker::batch_maker] Batch oSwlbcyHAwPbx/AnFS6AjVXbj88R+oxPmSjelz7ld4g= contains sample tx 853
[2026-04-19T03:25:37.416Z INFO  worker::batch_maker] Batch oSwlbcyHAwPbx/AnFS6AjVXbj88R+oxPmSjelz7ld4g= contains 204800 B
[2026-04-19T03:25:37.470Z INFO  worker::batch_maker] Batch 7u37pHplh5N225GZ4Dq4d3C9hi38uvO/1YclqnMZUHs= contains sample tx 854
[2026-04-19T03:25:37.470Z INFO  worker::batch_maker] Batch 7u37pHplh5N225GZ4Dq4d3C9hi38uvO/1YclqnMZUHs= contains 204800 B
[2026-04-19T03:25:37.524Z INFO  worker::batch_maker] Batch p5mDvQlDIf7ulPDWGbm3OQqWmIbPGSNMdEkAl0OZOBo= contains sample tx 855
[2026-04-19T03:25:37.525Z INFO  worker::batch_maker] Batch p5mDvQlDIf7ulPDWGbm3OQqWmIbPGSNMdEkAl0OZOBo= contains 204800 B
[2026-04-19T03:25:37.578Z INFO  worker::batch_maker] Batch ktsvNqlfTzQr/MBNVOIKTkKh46gB4VlQ2DyVH0AJzlg= contains sample tx 856
[2026-04-19T03:25:37.578Z INFO  worker::batch_maker] Batch ktsvNqlfTzQr/MBNVOIKTkKh46gB4VlQ2DyVH0AJzlg= contains 204800 B
[2026-04-19T03:25:37.631Z INFO  worker::batch_maker] Batch XHkB9A6YaLsiY8iE0yR6yjusF8LAGjdydF5YCYEtW4g= contains sample tx 857
[2026-04-19T03:25:37.631Z INFO  worker::batch_maker] Batch XHkB9A6YaLsiY8iE0yR6yjusF8LAGjdydF5YCYEtW4g= contains 204800 B
[2026-04-19T03:25:37.683Z INFO  worker::batch_maker] Batch yFgRVoGry1qPgbiYtduL5SXju7bO7SS1zSp3b/SGVek= contains sample tx 858
[2026-04-19T03:25:37.683Z INFO  worker::batch_maker] Batch yFgRVoGry1qPgbiYtduL5SXju7bO7SS1zSp3b/SGVek= contains 204800 B
[2026-04-19T03:25:37.737Z INFO  worker::batch_maker] Batch Q4MMD9unvF8RBCQRr/RrYNF/jhH6DTF8B8O85Fns0Z8= contains sample tx 859
[2026-04-19T03:25:37.737Z INFO  worker::batch_maker] Batch Q4MMD9unvF8RBCQRr/RrYNF/jhH6DTF8B8O85Fns0Z8= contains 204800 B
[2026-04-19T03:25:37.789Z INFO  worker::batch_maker] Batch Nn+UOXLqB0AejHk1VWJKGJMTNLkerW/KFSDDrFXRJbM= contains sample tx 860
[2026-04-19T03:25:37.789Z INFO  worker::batch_maker] Batch Nn+UOXLqB0AejHk1VWJKGJMTNLkerW/KFSDDrFXRJbM= contains 204800 B
[2026-04-19T03:25:37.841Z INFO  worker::batch_maker] Batch F2UatkrzfBr/tawALkijuXubhA+VHh/ND0qMGzQWjak= contains sample tx 861
[2026-04-19T03:25:37.841Z INFO  worker::batch_maker] Batch F2UatkrzfBr/tawALkijuXubhA+VHh/ND0qMGzQWjak= contains 204800 B
[2026-04-19T03:25:37.894Z INFO  worker::batch_maker] Batch n9WBvbxnYOgg5Kx9S+qQSYWZbp5yttoQ1CxICbctZzA= contains sample tx 862
[2026-04-19T03:25:37.894Z INFO  worker::batch_maker] Batch n9WBvbxnYOgg5Kx9S+qQSYWZbp5yttoQ1CxICbctZzA= contains 204800 B
[2026-04-19T03:25:37.947Z INFO  worker::batch_maker] Batch sy94I8Im3XuNOffG2EjoCWR9Qhhpc3ouUFyCaDkObao= contains sample tx 863
[2026-04-19T03:25:37.947Z INFO  worker::batch_maker] Batch sy94I8Im3XuNOffG2EjoCWR9Qhhpc3ouUFyCaDkObao= contains 204800 B
[2026-04-19T03:25:37.998Z INFO  worker::batch_maker] Batch RBsY8Yh+NWLJP3R4TekPzUVScyc3nfO7UpIsLGZ3qoI= contains sample tx 864
[2026-04-19T03:25:37.998Z INFO  worker::batch_maker] Batch RBsY8Yh+NWLJP3R4TekPzUVScyc3nfO7UpIsLGZ3qoI= contains 204800 B
[2026-04-19T03:25:38.052Z INFO  worker::batch_maker] Batch qj9MDry0HnrQ7I0+DxIx7JW+z94Ijel15zmjNhOBKSA= contains sample tx 865
[2026-04-19T03:25:38.052Z INFO  worker::batch_maker] Batch qj9MDry0HnrQ7I0+DxIx7JW+z94Ijel15zmjNhOBKSA= contains 204800 B
[2026-04-19T03:25:38.106Z INFO  worker::batch_maker] Batch qt6uHB2gr7iB1F9DR2Bp/RDmi/2pwMEItj6cwvzQ62o= contains sample tx 866
[2026-04-19T03:25:38.106Z INFO  worker::batch_maker] Batch qt6uHB2gr7iB1F9DR2Bp/RDmi/2pwMEItj6cwvzQ62o= contains sample tx 867
[2026-04-19T03:25:38.106Z INFO  worker::batch_maker] Batch qt6uHB2gr7iB1F9DR2Bp/RDmi/2pwMEItj6cwvzQ62o= contains 300544 B
[2026-04-19T03:25:38.159Z INFO  worker::batch_maker] Batch PCRgBk70K7RQ29cMKIS6ryjJmlMnrUbW+lnd3VgxAHI= contains 143872 B
[2026-04-19T03:25:38.214Z INFO  worker::batch_maker] Batch 85D9NUQfgr41dwEv6a8vz9pPsm1ipLDCDOUbBqqFXQw= contains sample tx 868
[2026-04-19T03:25:38.214Z INFO  worker::batch_maker] Batch 85D9NUQfgr41dwEv6a8vz9pPsm1ipLDCDOUbBqqFXQw= contains sample tx 869
[2026-04-19T03:25:38.214Z INFO  worker::batch_maker] Batch 85D9NUQfgr41dwEv6a8vz9pPsm1ipLDCDOUbBqqFXQw= contains 374784 B
[2026-04-19T03:25:38.268Z INFO  worker::batch_maker] Batch 9/zzSTD/4NbS+KLuC1SCU9LDS+Wi4YIjeFM7RYcqvYI= contains sample tx 870
[2026-04-19T03:25:38.268Z INFO  worker::batch_maker] Batch 9/zzSTD/4NbS+KLuC1SCU9LDS+Wi4YIjeFM7RYcqvYI= contains 204800 B
[2026-04-19T03:25:38.322Z INFO  worker::batch_maker] Batch D1SO8SsobOqroBHnNyt5XO+HV8uG3hXhS9XFz8TIHaU= contains sample tx 871
[2026-04-19T03:25:38.322Z INFO  worker::batch_maker] Batch D1SO8SsobOqroBHnNyt5XO+HV8uG3hXhS9XFz8TIHaU= contains 204800 B
[2026-04-19T03:25:38.375Z INFO  worker::batch_maker] Batch oGcc7s9a7dHIFzbmOK1mluJeAANPjuhU1YDQ1ObkVqA= contains sample tx 872
[2026-04-19T03:25:38.375Z INFO  worker::batch_maker] Batch oGcc7s9a7dHIFzbmOK1mluJeAANPjuhU1YDQ1ObkVqA= contains 204800 B
[2026-04-19T03:25:38.428Z INFO  worker::batch_maker] Batch rBQLWp4lMkwN5Eqy5YgCfU5L5GZwK3/aMOGiCMLWP4o= contains sample tx 873
[2026-04-19T03:25:38.428Z INFO  worker::batch_maker] Batch rBQLWp4lMkwN5Eqy5YgCfU5L5GZwK3/aMOGiCMLWP4o= contains 204800 B
[2026-04-19T03:25:38.482Z INFO  worker::batch_maker] Batch CufeJRHWV/EeEiBRJ1X+zo1D5XasyydTgUs9Nrx06GM= contains sample tx 874
[2026-04-19T03:25:38.483Z INFO  worker::batch_maker] Batch CufeJRHWV/EeEiBRJ1X+zo1D5XasyydTgUs9Nrx06GM= contains 204800 B
[2026-04-19T03:25:38.534Z INFO  worker::batch_maker] Batch 2TDmz8qXBXPk9Ljz3zD4gljKlFs/XvNQilDv8CeFrgo= contains sample tx 875
[2026-04-19T03:25:38.534Z INFO  worker::batch_maker] Batch 2TDmz8qXBXPk9Ljz3zD4gljKlFs/XvNQilDv8CeFrgo= contains 204800 B
[2026-04-19T03:25:38.586Z INFO  worker::batch_maker] Batch jJ3gzXpzrutyOwRoOLyhn+++az7VUTcfsHmpu2eYAK8= contains sample tx 876
[2026-04-19T03:25:38.586Z INFO  worker::batch_maker] Batch jJ3gzXpzrutyOwRoOLyhn+++az7VUTcfsHmpu2eYAK8= contains 204800 B
[2026-04-19T03:25:38.639Z INFO  worker::batch_maker] Batch G6XhNiAtlo0vcuTTZaTDNOQh5eEiNerV67Y6DsZT8v4= contains sample tx 877
[2026-04-19T03:25:38.639Z INFO  worker::batch_maker] Batch G6XhNiAtlo0vcuTTZaTDNOQh5eEiNerV67Y6DsZT8v4= contains 204800 B
[2026-04-19T03:25:38.690Z INFO  worker::batch_maker] Batch AUClQz5XwZrM9gYc6KOeCFadjO/35hUX48e+9lgYGZg= contains sample tx 878
[2026-04-19T03:25:38.690Z INFO  worker::batch_maker] Batch AUClQz5XwZrM9gYc6KOeCFadjO/35hUX48e+9lgYGZg= contains 204800 B
[2026-04-19T03:25:38.742Z INFO  worker::batch_maker] Batch XxJTDXXYT8x04TXrZYy8f/7IlBgztr3RkVYiDLUh6bM= contains sample tx 879
[2026-04-19T03:25:38.742Z INFO  worker::batch_maker] Batch XxJTDXXYT8x04TXrZYy8f/7IlBgztr3RkVYiDLUh6bM= contains 204800 B
[2026-04-19T03:25:38.795Z INFO  worker::batch_maker] Batch 5WOlTapO+zoY4kClUXDx33esCEEw14e/HEFyc2h/EtI= contains sample tx 880
[2026-04-19T03:25:38.795Z INFO  worker::batch_maker] Batch 5WOlTapO+zoY4kClUXDx33esCEEw14e/HEFyc2h/EtI= contains 204800 B
[2026-04-19T03:25:38.848Z INFO  worker::batch_maker] Batch vGXYdfSzqKtHLah7jpBSsoE36oAvFNbFXPpxGHnGNWs= contains sample tx 881
[2026-04-19T03:25:38.848Z INFO  worker::batch_maker] Batch vGXYdfSzqKtHLah7jpBSsoE36oAvFNbFXPpxGHnGNWs= contains 204800 B
[2026-04-19T03:25:38.900Z INFO  worker::batch_maker] Batch d+t8KkG32uzjeI2kMYGX5/1+ujVKH5Timwdqi+oV7AI= contains sample tx 882
[2026-04-19T03:25:38.900Z INFO  worker::batch_maker] Batch d+t8KkG32uzjeI2kMYGX5/1+ujVKH5Timwdqi+oV7AI= contains 204800 B
[2026-04-19T03:25:38.953Z INFO  worker::batch_maker] Batch VPWMVDs+A9nt5ebyXTWezl9+FqhGl/zj/y5fUB2ypcU= contains sample tx 883
[2026-04-19T03:25:38.953Z INFO  worker::batch_maker] Batch VPWMVDs+A9nt5ebyXTWezl9+FqhGl/zj/y5fUB2ypcU= contains sample tx 884
[2026-04-19T03:25:38.953Z INFO  worker::batch_maker] Batch VPWMVDs+A9nt5ebyXTWezl9+FqhGl/zj/y5fUB2ypcU= contains 395776 B
[2026-04-19T03:25:39.006Z INFO  worker::batch_maker] Batch 1nFyImCFIFAZrQSt/m5bRPHA+0DjbX1b/6v6QUm1wM8= contains sample tx 885
[2026-04-19T03:25:39.006Z INFO  worker::batch_maker] Batch 1nFyImCFIFAZrQSt/m5bRPHA+0DjbX1b/6v6QUm1wM8= contains 185856 B
[2026-04-19T03:25:39.058Z INFO  worker::batch_maker] Batch fdO4zObWxOKirujI5SkoJ3BIrb8WwfRZMPPgqryBQ8A= contains sample tx 886
[2026-04-19T03:25:39.058Z INFO  worker::batch_maker] Batch fdO4zObWxOKirujI5SkoJ3BIrb8WwfRZMPPgqryBQ8A= contains 237568 B
[2026-04-19T03:25:39.111Z INFO  worker::batch_maker] Batch NmNKeOpvXk43shDr5CgcomVyE7+fTIKWg/BtQEj543Q= contains sample tx 887
[2026-04-19T03:25:39.111Z INFO  worker::batch_maker] Batch NmNKeOpvXk43shDr5CgcomVyE7+fTIKWg/BtQEj543Q= contains 204800 B
[2026-04-19T03:25:39.163Z INFO  worker::batch_maker] Batch 8s/p545kFdO/q5X6LjAucEm1WUfZM+LxEr7ei5OWR/o= contains sample tx 888
[2026-04-19T03:25:39.163Z INFO  worker::batch_maker] Batch 8s/p545kFdO/q5X6LjAucEm1WUfZM+LxEr7ei5OWR/o= contains 204800 B
[2026-04-19T03:25:39.216Z INFO  worker::batch_maker] Batch 8xzkeEUpV999/o6vVrwAzKAOmCA7qfYl61v7E9JmNv8= contains sample tx 889
[2026-04-19T03:25:39.216Z INFO  worker::batch_maker] Batch 8xzkeEUpV999/o6vVrwAzKAOmCA7qfYl61v7E9JmNv8= contains 204800 B
[2026-04-19T03:25:39.267Z INFO  worker::batch_maker] Batch 9qFazpBDrUt1EIW9qxeeqWvd+vpVE4Ibaj91Qr6R7tU= contains sample tx 890
[2026-04-19T03:25:39.267Z INFO  worker::batch_maker] Batch 9qFazpBDrUt1EIW9qxeeqWvd+vpVE4Ibaj91Qr6R7tU= contains 204800 B
[2026-04-19T03:25:39.319Z INFO  worker::batch_maker] Batch VUsBn9vbNqn1uTyaZbgHWNJt2OjBtu2lgXSUfpJxOv4= contains sample tx 891
[2026-04-19T03:25:39.319Z INFO  worker::batch_maker] Batch VUsBn9vbNqn1uTyaZbgHWNJt2OjBtu2lgXSUfpJxOv4= contains 204800 B
[2026-04-19T03:25:39.372Z INFO  worker::batch_maker] Batch 4AryFaKxzzCgATCltNrDOijXMNWq+ktEqHH6qYmY7NA= contains sample tx 892
[2026-04-19T03:25:39.372Z INFO  worker::batch_maker] Batch 4AryFaKxzzCgATCltNrDOijXMNWq+ktEqHH6qYmY7NA= contains 204800 B
[2026-04-19T03:25:39.423Z INFO  worker::batch_maker] Batch iv0eLFG+bKk6k8Ua2ABXeUrWD8DtJsWKwgpdC6mW2HI= contains sample tx 893
[2026-04-19T03:25:39.423Z INFO  worker::batch_maker] Batch iv0eLFG+bKk6k8Ua2ABXeUrWD8DtJsWKwgpdC6mW2HI= contains 204800 B
[2026-04-19T03:25:39.477Z INFO  worker::batch_maker] Batch tZ0CEDI1of4U7D07Yz2b355WYkV12BAtO8YQ2xdESvw= contains sample tx 894
[2026-04-19T03:25:39.477Z INFO  worker::batch_maker] Batch tZ0CEDI1of4U7D07Yz2b355WYkV12BAtO8YQ2xdESvw= contains 204800 B
[2026-04-19T03:25:39.528Z INFO  worker::batch_maker] Batch TpI6T6m6vhAWTH5CeYTvWP4qzeJayVx/qMDz7Cvcnec= contains sample tx 895
[2026-04-19T03:25:39.528Z INFO  worker::batch_maker] Batch TpI6T6m6vhAWTH5CeYTvWP4qzeJayVx/qMDz7Cvcnec= contains 204800 B
[2026-04-19T03:25:39.581Z INFO  worker::batch_maker] Batch OYySS/ML4Q0vidlhoAXhKy88uRLOkx+E7oLefS3uMBk= contains sample tx 896
[2026-04-19T03:25:39.581Z INFO  worker::batch_maker] Batch OYySS/ML4Q0vidlhoAXhKy88uRLOkx+E7oLefS3uMBk= contains 204800 B
[2026-04-19T03:25:39.635Z INFO  worker::batch_maker] Batch WxO+U6ip57PAAtEb4FP2Wx83LUIg5EWB8IZty8wNffg= contains sample tx 897
[2026-04-19T03:25:39.635Z INFO  worker::batch_maker] Batch WxO+U6ip57PAAtEb4FP2Wx83LUIg5EWB8IZty8wNffg= contains 204800 B
[2026-04-19T03:25:39.688Z INFO  worker::batch_maker] Batch psYdAwzffbaAAZMbG8/5LAmPrJaGMIl72nHVyfiOIgQ= contains sample tx 898
[2026-04-19T03:25:39.688Z INFO  worker::batch_maker] Batch psYdAwzffbaAAZMbG8/5LAmPrJaGMIl72nHVyfiOIgQ= contains 204800 B
[2026-04-19T03:25:39.741Z INFO  worker::batch_maker] Batch 6VCc2/CaSUOwIZyF/zEvrF2tKv1YSDbq7XcEIvF2sPA= contains sample tx 899
[2026-04-19T03:25:39.741Z INFO  worker::batch_maker] Batch 6VCc2/CaSUOwIZyF/zEvrF2tKv1YSDbq7XcEIvF2sPA= contains 204800 B
[2026-04-19T03:25:39.793Z INFO  worker::batch_maker] Batch 5Ph5YSq4GyK+sRi+g9et6ZgJx6VPC2iFyrZgT3ywGE8= contains sample tx 900
[2026-04-19T03:25:39.793Z INFO  worker::batch_maker] Batch 5Ph5YSq4GyK+sRi+g9et6ZgJx6VPC2iFyrZgT3ywGE8= contains 204800 B
[2026-04-19T03:25:39.847Z INFO  worker::batch_maker] Batch 8BoJ2t5KOu0+VZBYd2MVwxTYA55Ysb+GBSH3GxqsR6k= contains sample tx 901
[2026-04-19T03:25:39.847Z INFO  worker::batch_maker] Batch 8BoJ2t5KOu0+VZBYd2MVwxTYA55Ysb+GBSH3GxqsR6k= contains 204800 B
[2026-04-19T03:25:39.900Z INFO  worker::batch_maker] Batch KSxIOSUyNH1jTN5uXcoPmuaTQtvMctmUvfkTP6lFVjQ= contains sample tx 902
[2026-04-19T03:25:39.900Z INFO  worker::batch_maker] Batch KSxIOSUyNH1jTN5uXcoPmuaTQtvMctmUvfkTP6lFVjQ= contains 204800 B
[2026-04-19T03:25:39.951Z INFO  worker::batch_maker] Batch IUnJjhYQ6P640pVuKDJYMQh0BSH5NNWtOQcui5hmq8I= contains sample tx 903
[2026-04-19T03:25:39.951Z INFO  worker::batch_maker] Batch IUnJjhYQ6P640pVuKDJYMQh0BSH5NNWtOQcui5hmq8I= contains 205312 B
[2026-04-19T03:25:40.004Z INFO  worker::batch_maker] Batch 6xOSBljxvnvmxH+bdRS/5sWFjdmGpXS1x5nIIGMztEU= contains sample tx 904
[2026-04-19T03:25:40.004Z INFO  worker::batch_maker] Batch 6xOSBljxvnvmxH+bdRS/5sWFjdmGpXS1x5nIIGMztEU= contains sample tx 905
[2026-04-19T03:25:40.004Z INFO  worker::batch_maker] Batch 6xOSBljxvnvmxH+bdRS/5sWFjdmGpXS1x5nIIGMztEU= contains 398336 B
[2026-04-19T03:25:40.057Z INFO  worker::batch_maker] Batch czLG2WXhkB7h9RoNsPxiCBSgIvwOYXh6MLlhssY001w= contains sample tx 906
[2026-04-19T03:25:40.057Z INFO  worker::batch_maker] Batch czLG2WXhkB7h9RoNsPxiCBSgIvwOYXh6MLlhssY001w= contains 215552 B
[2026-04-19T03:25:40.112Z INFO  worker::batch_maker] Batch SXNi8NBIQLlRa6VSsBQqArRxs6U4L96O1LDB6zlHPRY= contains sample tx 907
[2026-04-19T03:25:40.112Z INFO  worker::batch_maker] Batch SXNi8NBIQLlRa6VSsBQqArRxs6U4L96O1LDB6zlHPRY= contains 204800 B
[2026-04-19T03:25:40.167Z INFO  worker::batch_maker] Batch jvtuA/N86eiQmj/ljhw2xdxi8OLNolbm7juqcjas17c= contains sample tx 908
[2026-04-19T03:25:40.167Z INFO  worker::batch_maker] Batch jvtuA/N86eiQmj/ljhw2xdxi8OLNolbm7juqcjas17c= contains 204800 B
[2026-04-19T03:25:40.221Z INFO  worker::batch_maker] Batch M96XlXzfUxyIoxWqbtnMn/u1ByXBy531FPebCJf0yvU= contains sample tx 909
[2026-04-19T03:25:40.221Z INFO  worker::batch_maker] Batch M96XlXzfUxyIoxWqbtnMn/u1ByXBy531FPebCJf0yvU= contains 204800 B
[2026-04-19T03:25:40.274Z INFO  worker::batch_maker] Batch jSSeKJgigoqkyrBKEcWGQaXYQRlxk92OA6hxpjLIqCw= contains sample tx 910
[2026-04-19T03:25:40.274Z INFO  worker::batch_maker] Batch jSSeKJgigoqkyrBKEcWGQaXYQRlxk92OA6hxpjLIqCw= contains 204800 B
[2026-04-19T03:25:40.327Z INFO  worker::batch_maker] Batch C6hJbVsRwiSisYQoF6S6eQmzqx2fUX62ECSe29hZZxY= contains sample tx 911
[2026-04-19T03:25:40.327Z INFO  worker::batch_maker] Batch C6hJbVsRwiSisYQoF6S6eQmzqx2fUX62ECSe29hZZxY= contains 204800 B
[2026-04-19T03:25:40.379Z INFO  worker::batch_maker] Batch moHmE8QQJ0o7h+Un6vcoJwSJmcUPqqD9Xj3yrytlooc= contains sample tx 912
[2026-04-19T03:25:40.380Z INFO  worker::batch_maker] Batch moHmE8QQJ0o7h+Un6vcoJwSJmcUPqqD9Xj3yrytlooc= contains 204800 B
[2026-04-19T03:25:40.431Z INFO  worker::batch_maker] Batch kd87ynyBlO0ZpaB3b6obt/eKbQFiGc4Oin7dvVs1uSs= contains sample tx 913
[2026-04-19T03:25:40.431Z INFO  worker::batch_maker] Batch kd87ynyBlO0ZpaB3b6obt/eKbQFiGc4Oin7dvVs1uSs= contains 204800 B
[2026-04-19T03:25:40.484Z INFO  worker::batch_maker] Batch mozUxH8Qproa2MnLSkFaipzzU1r8Vjoqyozha4QSHeg= contains sample tx 914
[2026-04-19T03:25:40.484Z INFO  worker::batch_maker] Batch mozUxH8Qproa2MnLSkFaipzzU1r8Vjoqyozha4QSHeg= contains 204800 B
[2026-04-19T03:25:40.536Z INFO  worker::batch_maker] Batch QdnGyFcsUd+h8OWRRGVTcboEuGB0KRFjTC7laUyG8fw= contains sample tx 915
[2026-04-19T03:25:40.536Z INFO  worker::batch_maker] Batch QdnGyFcsUd+h8OWRRGVTcboEuGB0KRFjTC7laUyG8fw= contains 204800 B
[2026-04-19T03:25:40.588Z INFO  worker::batch_maker] Batch DryMgofgvMroTazwwKqhBpEMjIBYJyICAfJg2akbDQs= contains sample tx 916
[2026-04-19T03:25:40.588Z INFO  worker::batch_maker] Batch DryMgofgvMroTazwwKqhBpEMjIBYJyICAfJg2akbDQs= contains 204800 B
[2026-04-19T03:25:40.640Z INFO  worker::batch_maker] Batch J1gDJoQ9Fb1iaqJ0HlBGKYoiHZfj6GnKmTmntj1Vrg4= contains sample tx 917
[2026-04-19T03:25:40.640Z INFO  worker::batch_maker] Batch J1gDJoQ9Fb1iaqJ0HlBGKYoiHZfj6GnKmTmntj1Vrg4= contains 204800 B
[2026-04-19T03:25:40.692Z INFO  worker::batch_maker] Batch hn6w17wi8hdhPcmctbyqLuU3S5W96Wxwyt+ntsdcpMg= contains sample tx 918
[2026-04-19T03:25:40.692Z INFO  worker::batch_maker] Batch hn6w17wi8hdhPcmctbyqLuU3S5W96Wxwyt+ntsdcpMg= contains 204800 B
[2026-04-19T03:25:40.745Z INFO  worker::batch_maker] Batch 3ErwDuJEQX5gDCUvn6H6sFAvVCl8duawGXjkUaDkTmk= contains sample tx 919
[2026-04-19T03:25:40.745Z INFO  worker::batch_maker] Batch 3ErwDuJEQX5gDCUvn6H6sFAvVCl8duawGXjkUaDkTmk= contains 204800 B
[2026-04-19T03:25:40.798Z INFO  worker::batch_maker] Batch U5Df+ZJScxnBg07dvMwzhzv9smvlFLhmyaFzaRYl4Uk= contains sample tx 920
[2026-04-19T03:25:40.798Z INFO  worker::batch_maker] Batch U5Df+ZJScxnBg07dvMwzhzv9smvlFLhmyaFzaRYl4Uk= contains 204800 B
[2026-04-19T03:25:40.851Z INFO  worker::batch_maker] Batch XDtxsJWi2tSqBXglWK0ZdAOsyDPI2FuYSzbwKKALD4w= contains sample tx 921
[2026-04-19T03:25:40.851Z INFO  worker::batch_maker] Batch XDtxsJWi2tSqBXglWK0ZdAOsyDPI2FuYSzbwKKALD4w= contains 204800 B
[2026-04-19T03:25:40.904Z INFO  worker::batch_maker] Batch EPOir4qmWGlDZ9QYa+SNhAgtJWWi5e5r5GnKQdCpIOM= contains sample tx 922
[2026-04-19T03:25:40.904Z INFO  worker::batch_maker] Batch EPOir4qmWGlDZ9QYa+SNhAgtJWWi5e5r5GnKQdCpIOM= contains sample tx 923
[2026-04-19T03:25:40.904Z INFO  worker::batch_maker] Batch EPOir4qmWGlDZ9QYa+SNhAgtJWWi5e5r5GnKQdCpIOM= contains 409600 B
[2026-04-19T03:25:40.956Z INFO  worker::batch_maker] Batch SZVkUhTSMve22ASxlrreAoTafXDA5ntXlueT3Nv9tes= contains sample tx 924
[2026-04-19T03:25:40.956Z INFO  worker::batch_maker] Batch SZVkUhTSMve22ASxlrreAoTafXDA5ntXlueT3Nv9tes= contains 160256 B
[2026-04-19T03:25:41.009Z INFO  worker::batch_maker] Batch yV7GDNF9ay/msb9hIIy1BZq3pb5vLr85862FVEUv1nk= contains sample tx 925
[2026-04-19T03:25:41.009Z INFO  worker::batch_maker] Batch yV7GDNF9ay/msb9hIIy1BZq3pb5vLr85862FVEUv1nk= contains 249344 B
[2026-04-19T03:25:41.063Z INFO  worker::batch_maker] Batch 9OS9STeZTVaJSnMZgXVNATZqorDVhZGwC9eq+rAoTTE= contains sample tx 926
[2026-04-19T03:25:41.063Z INFO  worker::batch_maker] Batch 9OS9STeZTVaJSnMZgXVNATZqorDVhZGwC9eq+rAoTTE= contains 204800 B
[2026-04-19T03:25:41.115Z INFO  worker::batch_maker] Batch lU+77Nf0GwPB+y7JLfz4IANaBdxkmQ7DhXyMH2fBqlM= contains sample tx 927
[2026-04-19T03:25:41.115Z INFO  worker::batch_maker] Batch lU+77Nf0GwPB+y7JLfz4IANaBdxkmQ7DhXyMH2fBqlM= contains 204800 B
[2026-04-19T03:25:41.167Z INFO  worker::batch_maker] Batch FTJyhLyvpdZYonvSTK41KhbyQT/ZQO3V799I+1pATVE= contains sample tx 928
[2026-04-19T03:25:41.167Z INFO  worker::batch_maker] Batch FTJyhLyvpdZYonvSTK41KhbyQT/ZQO3V799I+1pATVE= contains 204800 B
[2026-04-19T03:25:41.220Z INFO  worker::batch_maker] Batch GfAdRf3vLfffjV+V1y6Ccgv6+zKM0dOCL4bWVaAUlZc= contains sample tx 929
[2026-04-19T03:25:41.220Z INFO  worker::batch_maker] Batch GfAdRf3vLfffjV+V1y6Ccgv6+zKM0dOCL4bWVaAUlZc= contains 204800 B
[2026-04-19T03:25:41.273Z INFO  worker::batch_maker] Batch GHMPAJT7y4HWJc4oxQDS0bCopNKa7FHTV6jC8uk8oBI= contains sample tx 930
[2026-04-19T03:25:41.273Z INFO  worker::batch_maker] Batch GHMPAJT7y4HWJc4oxQDS0bCopNKa7FHTV6jC8uk8oBI= contains 204800 B
[2026-04-19T03:25:41.327Z INFO  worker::batch_maker] Batch AdyyonpMujPFJexQB3DexvrlRr8pm03PJtnPsn9dCq0= contains sample tx 931
[2026-04-19T03:25:41.327Z INFO  worker::batch_maker] Batch AdyyonpMujPFJexQB3DexvrlRr8pm03PJtnPsn9dCq0= contains 204800 B
[2026-04-19T03:25:41.380Z INFO  worker::batch_maker] Batch P6at2m2BEFp0STaqyJKZjDDsJ24cXGXSIr6ESZz4ZeQ= contains sample tx 932
[2026-04-19T03:25:41.380Z INFO  worker::batch_maker] Batch P6at2m2BEFp0STaqyJKZjDDsJ24cXGXSIr6ESZz4ZeQ= contains 204800 B
[2026-04-19T03:25:41.433Z INFO  worker::batch_maker] Batch QyJ2WMfs5cJ5plwDSpu0ugs2reZFoWwHUc4QqoFZFJw= contains sample tx 933
[2026-04-19T03:25:41.433Z INFO  worker::batch_maker] Batch QyJ2WMfs5cJ5plwDSpu0ugs2reZFoWwHUc4QqoFZFJw= contains 204800 B
[2026-04-19T03:25:41.486Z INFO  worker::batch_maker] Batch rn5oV4UF8rDkH0eiR+H0Kn59vteAMW5hfb8p+rNSxyE= contains sample tx 934
[2026-04-19T03:25:41.486Z INFO  worker::batch_maker] Batch rn5oV4UF8rDkH0eiR+H0Kn59vteAMW5hfb8p+rNSxyE= contains 204800 B
[2026-04-19T03:25:41.540Z INFO  worker::batch_maker] Batch RAGC1U70CBHe3N1pef8SSaX4bu0nHnbkpQ3j8FICi50= contains sample tx 935
[2026-04-19T03:25:41.540Z INFO  worker::batch_maker] Batch RAGC1U70CBHe3N1pef8SSaX4bu0nHnbkpQ3j8FICi50= contains 204800 B
[2026-04-19T03:25:41.595Z INFO  worker::batch_maker] Batch ty8ESbCyqnE9bpQQSP4aRy2eLnIZRff+mWKPAJRTjpY= contains sample tx 936
[2026-04-19T03:25:41.595Z INFO  worker::batch_maker] Batch ty8ESbCyqnE9bpQQSP4aRy2eLnIZRff+mWKPAJRTjpY= contains 204800 B
[2026-04-19T03:25:41.648Z INFO  worker::batch_maker] Batch PlllhcwUJKs35UIoxsw8CqnRA1rAGe6XJNCHktEfOPU= contains sample tx 937
[2026-04-19T03:25:41.648Z INFO  worker::batch_maker] Batch PlllhcwUJKs35UIoxsw8CqnRA1rAGe6XJNCHktEfOPU= contains 204800 B
[2026-04-19T03:25:41.703Z INFO  worker::batch_maker] Batch YEvzMq1g1T7IYY45dTEJqOblK38Y1m27WRzxg0TqhV8= contains sample tx 938
[2026-04-19T03:25:41.703Z INFO  worker::batch_maker] Batch YEvzMq1g1T7IYY45dTEJqOblK38Y1m27WRzxg0TqhV8= contains 204800 B
[2026-04-19T03:25:41.757Z INFO  worker::batch_maker] Batch Xqq9R25ZT40KVqPTbB0y+b6tlJenBnItg0M4t6BL0Aw= contains sample tx 939
[2026-04-19T03:25:41.757Z INFO  worker::batch_maker] Batch Xqq9R25ZT40KVqPTbB0y+b6tlJenBnItg0M4t6BL0Aw= contains sample tx 940
[2026-04-19T03:25:41.757Z INFO  worker::batch_maker] Batch Xqq9R25ZT40KVqPTbB0y+b6tlJenBnItg0M4t6BL0Aw= contains 387584 B
[2026-04-19T03:25:41.811Z INFO  worker::batch_maker] Batch F2zdi9dXjCfbntJytK05pvb0Fa+tZqZij3MYgNFjH6w= contains sample tx 941
[2026-04-19T03:25:41.811Z INFO  worker::batch_maker] Batch F2zdi9dXjCfbntJytK05pvb0Fa+tZqZij3MYgNFjH6w= contains 226816 B
[2026-04-19T03:25:41.865Z INFO  worker::batch_maker] Batch 0rJFqEGaNL+tXzhuFRJJKLT6voqs+7mK074euexF/t8= contains sample tx 942
[2026-04-19T03:25:41.865Z INFO  worker::batch_maker] Batch 0rJFqEGaNL+tXzhuFRJJKLT6voqs+7mK074euexF/t8= contains 204800 B
[2026-04-19T03:25:41.917Z INFO  worker::batch_maker] Batch QvaEudadTzQ2jguBGxUyAd5dh90vQrY9VPLlvh1ey7w= contains sample tx 943
[2026-04-19T03:25:41.917Z INFO  worker::batch_maker] Batch QvaEudadTzQ2jguBGxUyAd5dh90vQrY9VPLlvh1ey7w= contains 204800 B
[2026-04-19T03:25:41.971Z INFO  worker::batch_maker] Batch QtlB8cLZybEu0rarLCwbH3oHcLPvzAurCGsvJmctjCw= contains sample tx 944
[2026-04-19T03:25:41.971Z INFO  worker::batch_maker] Batch QtlB8cLZybEu0rarLCwbH3oHcLPvzAurCGsvJmctjCw= contains 204800 B
[2026-04-19T03:25:42.024Z INFO  worker::batch_maker] Batch ikTADIKqPxn84wZW6TNWOaG0dVfIXQ7SQaMqQVhQSKw= contains sample tx 945
[2026-04-19T03:25:42.025Z INFO  worker::batch_maker] Batch ikTADIKqPxn84wZW6TNWOaG0dVfIXQ7SQaMqQVhQSKw= contains 204800 B
[2026-04-19T03:25:42.077Z INFO  worker::batch_maker] Batch KjMq8lHLQwTw+ytods8IOnbTo2YyZKjrpLhMUbZDUWo= contains sample tx 946
[2026-04-19T03:25:42.078Z INFO  worker::batch_maker] Batch KjMq8lHLQwTw+ytods8IOnbTo2YyZKjrpLhMUbZDUWo= contains 204800 B
[2026-04-19T03:25:42.131Z INFO  worker::batch_maker] Batch ckafPQK3jAkmNsV4JsMQbuNxLysX63vy5k250Yq3Kh8= contains sample tx 947
[2026-04-19T03:25:42.131Z INFO  worker::batch_maker] Batch ckafPQK3jAkmNsV4JsMQbuNxLysX63vy5k250Yq3Kh8= contains 204800 B
[2026-04-19T03:25:42.185Z INFO  worker::batch_maker] Batch fTGF5UbgnE6NprETdQ5twB5+q0sGTv/zW/h/RTxpnwo= contains sample tx 948
[2026-04-19T03:25:42.185Z INFO  worker::batch_maker] Batch fTGF5UbgnE6NprETdQ5twB5+q0sGTv/zW/h/RTxpnwo= contains 204800 B
[2026-04-19T03:25:42.238Z INFO  worker::batch_maker] Batch h/5InUloFmBjWQLjXYG0dcKHSqpFGHOq+Vok/5d55MY= contains sample tx 949
[2026-04-19T03:25:42.238Z INFO  worker::batch_maker] Batch h/5InUloFmBjWQLjXYG0dcKHSqpFGHOq+Vok/5d55MY= contains 204800 B
[2026-04-19T03:25:42.290Z INFO  worker::batch_maker] Batch EBfcT7TUWBC8crnJ6LNvZXZlqJfzL1OmWPM8rhB/8LQ= contains sample tx 950
[2026-04-19T03:25:42.290Z INFO  worker::batch_maker] Batch EBfcT7TUWBC8crnJ6LNvZXZlqJfzL1OmWPM8rhB/8LQ= contains 204800 B
[2026-04-19T03:25:42.343Z INFO  worker::batch_maker] Batch b6bOBvMOtZluDWiGCHsBMusffcDPkG25Q/UgUmrMXyQ= contains sample tx 951
[2026-04-19T03:25:42.343Z INFO  worker::batch_maker] Batch b6bOBvMOtZluDWiGCHsBMusffcDPkG25Q/UgUmrMXyQ= contains 204800 B
[2026-04-19T03:25:42.397Z INFO  worker::batch_maker] Batch g438PK9XBYO8nPwiAbgSzh5BjYlq+i00lPS4XHHzU8I= contains sample tx 952
[2026-04-19T03:25:42.397Z INFO  worker::batch_maker] Batch g438PK9XBYO8nPwiAbgSzh5BjYlq+i00lPS4XHHzU8I= contains 204800 B
[2026-04-19T03:25:42.451Z INFO  worker::batch_maker] Batch HJAZ97bQn96hdcIPyOfuPvWKlEMzlS2sBzFO4pKUABA= contains sample tx 953
[2026-04-19T03:25:42.451Z INFO  worker::batch_maker] Batch HJAZ97bQn96hdcIPyOfuPvWKlEMzlS2sBzFO4pKUABA= contains 204800 B
[2026-04-19T03:25:42.505Z INFO  worker::batch_maker] Batch BY3JY2AfUoDQi5SeCnNJsLFNmp3Gl+h0TlEF42ndyGA= contains sample tx 954
[2026-04-19T03:25:42.505Z INFO  worker::batch_maker] Batch BY3JY2AfUoDQi5SeCnNJsLFNmp3Gl+h0TlEF42ndyGA= contains 272384 B
[2026-04-19T03:25:42.559Z INFO  worker::batch_maker] Batch OOX4V2jQjFM4ach4GMFJjkRoGe56EKwtmd//mE5Gdf4= contains sample tx 955
[2026-04-19T03:25:42.559Z INFO  worker::batch_maker] Batch OOX4V2jQjFM4ach4GMFJjkRoGe56EKwtmd//mE5Gdf4= contains sample tx 956
[2026-04-19T03:25:42.559Z INFO  worker::batch_maker] Batch OOX4V2jQjFM4ach4GMFJjkRoGe56EKwtmd//mE5Gdf4= contains 342016 B
[2026-04-19T03:25:42.612Z INFO  worker::batch_maker] Batch bVJ+JiywX7Ui+PU6UzpE9cea/W82Wp8hX6fPIaDegZY= contains sample tx 957
[2026-04-19T03:25:42.612Z INFO  worker::batch_maker] Batch bVJ+JiywX7Ui+PU6UzpE9cea/W82Wp8hX6fPIaDegZY= contains 204800 B
[2026-04-19T03:25:42.668Z INFO  worker::batch_maker] Batch wAgVqXXmHZ7Eas9vpxQq0bNl98pULdB2b3F22rVoy5o= contains sample tx 958
[2026-04-19T03:25:42.668Z INFO  worker::batch_maker] Batch wAgVqXXmHZ7Eas9vpxQq0bNl98pULdB2b3F22rVoy5o= contains 204800 B
[2026-04-19T03:25:42.720Z INFO  worker::batch_maker] Batch +ICyXXU17VeX3HYUH+/ZQ86+2QDjSSBrjByF0FfGCsY= contains 81408 B
[2026-04-19T03:25:42.775Z INFO  worker::batch_maker] Batch k87Y88E3BsRlleE/den/9CB8pULQICawgz4qYcdIfK0= contains sample tx 959
[2026-04-19T03:25:42.775Z INFO  worker::batch_maker] Batch k87Y88E3BsRlleE/den/9CB8pULQICawgz4qYcdIfK0= contains sample tx 960
[2026-04-19T03:25:42.775Z INFO  worker::batch_maker] Batch k87Y88E3BsRlleE/den/9CB8pULQICawgz4qYcdIfK0= contains 328192 B
[2026-04-19T03:25:42.829Z INFO  worker::batch_maker] Batch vwijLAax51DumY0IlNakrZQdKZGkIHeDszbwj57y/s8= contains sample tx 961
[2026-04-19T03:25:42.829Z INFO  worker::batch_maker] Batch vwijLAax51DumY0IlNakrZQdKZGkIHeDszbwj57y/s8= contains 204800 B
[2026-04-19T03:25:42.882Z INFO  worker::batch_maker] Batch WnVorpocx28vjAIBQWnXpDkADmGpy4hOCsv8FLTJY9M= contains sample tx 962
[2026-04-19T03:25:42.882Z INFO  worker::batch_maker] Batch WnVorpocx28vjAIBQWnXpDkADmGpy4hOCsv8FLTJY9M= contains 204800 B
[2026-04-19T03:25:42.937Z INFO  worker::batch_maker] Batch 43z3KKX/0rU9LKUSnfxKHTk3UhT9jhbm37hXGqC8UXI= contains sample tx 963
[2026-04-19T03:25:42.937Z INFO  worker::batch_maker] Batch 43z3KKX/0rU9LKUSnfxKHTk3UhT9jhbm37hXGqC8UXI= contains 204800 B
[2026-04-19T03:25:42.989Z INFO  worker::batch_maker] Batch D4jQMMrGm4F0VWbdQhvhFRckcNsyDPqWLY963GvP9Dg= contains sample tx 964
[2026-04-19T03:25:42.989Z INFO  worker::batch_maker] Batch D4jQMMrGm4F0VWbdQhvhFRckcNsyDPqWLY963GvP9Dg= contains 204800 B
[2026-04-19T03:25:43.042Z INFO  worker::batch_maker] Batch gUXjxY3A37+yJFyoxYXCCWnnUgx3FF8In0dd7k8Z/NI= contains sample tx 965
[2026-04-19T03:25:43.042Z INFO  worker::batch_maker] Batch gUXjxY3A37+yJFyoxYXCCWnnUgx3FF8In0dd7k8Z/NI= contains 204800 B
[2026-04-19T03:25:43.097Z INFO  worker::batch_maker] Batch cunKFEEHxUUF70LgQRhLXkh4ltuRgTtF9L44Sxdfx88= contains sample tx 966
[2026-04-19T03:25:43.097Z INFO  worker::batch_maker] Batch cunKFEEHxUUF70LgQRhLXkh4ltuRgTtF9L44Sxdfx88= contains 204800 B
[2026-04-19T03:25:43.148Z INFO  worker::batch_maker] Batch 4/V1DCW3G3VGZFMx3XgneWV8evWm3QgpU7YsLq8LozA= contains sample tx 967
[2026-04-19T03:25:43.148Z INFO  worker::batch_maker] Batch 4/V1DCW3G3VGZFMx3XgneWV8evWm3QgpU7YsLq8LozA= contains 204800 B
[2026-04-19T03:25:43.200Z INFO  worker::batch_maker] Batch FUaHSu6NWJVPN903OK1Kx2cFG++i8aqG5mDyVNldZYc= contains sample tx 968
[2026-04-19T03:25:43.200Z INFO  worker::batch_maker] Batch FUaHSu6NWJVPN903OK1Kx2cFG++i8aqG5mDyVNldZYc= contains 204800 B
[2026-04-19T03:25:43.253Z INFO  worker::batch_maker] Batch j/Zn5LSyfGwWZrQn4zvgwJKzZg+3VIeq0qPY9H5DJDc= contains sample tx 969
[2026-04-19T03:25:43.253Z INFO  worker::batch_maker] Batch j/Zn5LSyfGwWZrQn4zvgwJKzZg+3VIeq0qPY9H5DJDc= contains 284160 B
[2026-04-19T03:25:43.308Z INFO  worker::batch_maker] Batch 7oxTOv0Tw4eSLih+ctSOJrOoyQ/VFYS5Q6xeLhonYLg= contains sample tx 970
[2026-04-19T03:25:43.308Z INFO  worker::batch_maker] Batch 7oxTOv0Tw4eSLih+ctSOJrOoyQ/VFYS5Q6xeLhonYLg= contains sample tx 971
[2026-04-19T03:25:43.308Z INFO  worker::batch_maker] Batch 7oxTOv0Tw4eSLih+ctSOJrOoyQ/VFYS5Q6xeLhonYLg= contains 330240 B
[2026-04-19T03:25:43.362Z INFO  worker::batch_maker] Batch MiTLKwltGYZY394PnKKvEdMNqU8glUStxvSrwPURbXM= contains sample tx 972
[2026-04-19T03:25:43.362Z INFO  worker::batch_maker] Batch MiTLKwltGYZY394PnKKvEdMNqU8glUStxvSrwPURbXM= contains 204800 B
[2026-04-19T03:25:43.415Z INFO  worker::batch_maker] Batch E/lItLjfT0iuabFObNHQDS/SBviqfAaBpvRRc2lK7yY= contains sample tx 973
[2026-04-19T03:25:43.415Z INFO  worker::batch_maker] Batch E/lItLjfT0iuabFObNHQDS/SBviqfAaBpvRRc2lK7yY= contains 204800 B
[2026-04-19T03:25:43.469Z INFO  worker::batch_maker] Batch 4oZlZTa6oUWcPZCt4IdFKaUQhfedWjrtT5v49cbmRJI= contains sample tx 974
[2026-04-19T03:25:43.469Z INFO  worker::batch_maker] Batch 4oZlZTa6oUWcPZCt4IdFKaUQhfedWjrtT5v49cbmRJI= contains 204800 B
[2026-04-19T03:25:43.523Z INFO  worker::batch_maker] Batch daP7DXkZ27w3vzeq/4PQMBT8vmB9IU7VJRobmxuKCG0= contains sample tx 975
[2026-04-19T03:25:43.523Z INFO  worker::batch_maker] Batch daP7DXkZ27w3vzeq/4PQMBT8vmB9IU7VJRobmxuKCG0= contains 204800 B
[2026-04-19T03:25:43.576Z INFO  worker::batch_maker] Batch GsEZv1s/TU7jqmnTOK3GLzJ/yZQKiP6reQBFPvffRWk= contains sample tx 976
[2026-04-19T03:25:43.576Z INFO  worker::batch_maker] Batch GsEZv1s/TU7jqmnTOK3GLzJ/yZQKiP6reQBFPvffRWk= contains 204800 B
[2026-04-19T03:25:43.628Z INFO  worker::batch_maker] Batch QnHSO9SGrzjTcWplZxc9Tv+wBsjcbQ2B765CKuLsPbo= contains sample tx 977
[2026-04-19T03:25:43.629Z INFO  worker::batch_maker] Batch QnHSO9SGrzjTcWplZxc9Tv+wBsjcbQ2B765CKuLsPbo= contains 204800 B
[2026-04-19T03:25:43.682Z INFO  worker::batch_maker] Batch NeaitVMcdPy9ziPGkfg0qUiDp6x8IRuGuQlzVYGjgLU= contains sample tx 978
[2026-04-19T03:25:43.682Z INFO  worker::batch_maker] Batch NeaitVMcdPy9ziPGkfg0qUiDp6x8IRuGuQlzVYGjgLU= contains 204800 B
[2026-04-19T03:25:43.736Z INFO  worker::batch_maker] Batch d372uzO1IDOiQVlUIJg+2vMifqpO0IZX0vxCjk7jfvA= contains sample tx 979
[2026-04-19T03:25:43.736Z INFO  worker::batch_maker] Batch d372uzO1IDOiQVlUIJg+2vMifqpO0IZX0vxCjk7jfvA= contains 204800 B
[2026-04-19T03:25:43.791Z INFO  worker::batch_maker] Batch OAkNm6jPCMVvlYcR9EsB5elfScK+/Rm1jGmPOCI/I48= contains sample tx 980
[2026-04-19T03:25:43.791Z INFO  worker::batch_maker] Batch OAkNm6jPCMVvlYcR9EsB5elfScK+/Rm1jGmPOCI/I48= contains 204800 B
[2026-04-19T03:25:43.844Z INFO  worker::batch_maker] Batch vNYn0coiMbS+j/DGOqxtVMgB2qAOAVHuL1WX6U0X8UY= contains sample tx 981
[2026-04-19T03:25:43.844Z INFO  worker::batch_maker] Batch vNYn0coiMbS+j/DGOqxtVMgB2qAOAVHuL1WX6U0X8UY= contains 204800 B
[2026-04-19T03:25:43.895Z INFO  worker::batch_maker] Batch wq+cWuRA/fN6VDQnVEaLFS3zS/lhTnmXWnzuVuebXck= contains sample tx 982
[2026-04-19T03:25:43.895Z INFO  worker::batch_maker] Batch wq+cWuRA/fN6VDQnVEaLFS3zS/lhTnmXWnzuVuebXck= contains 204800 B
[2026-04-19T03:25:43.950Z INFO  worker::batch_maker] Batch lGmLesGXZ7YkVbH68WyUqVop7dGW0xwXdBNeBr4nJl4= contains sample tx 983
[2026-04-19T03:25:43.950Z INFO  worker::batch_maker] Batch lGmLesGXZ7YkVbH68WyUqVop7dGW0xwXdBNeBr4nJl4= contains 204800 B
[2026-04-19T03:25:44.003Z INFO  worker::batch_maker] Batch jmuNLRRq4pxepuMOdZbP5vkc1x3cVWcDr1kcHpCf5Hw= contains sample tx 984
[2026-04-19T03:25:44.003Z INFO  worker::batch_maker] Batch jmuNLRRq4pxepuMOdZbP5vkc1x3cVWcDr1kcHpCf5Hw= contains 204800 B
[2026-04-19T03:25:44.056Z INFO  worker::batch_maker] Batch 3eETz+8CRc/ar2S7mR8pZnMpwzbZlOIsoysxt1BjLgo= contains sample tx 985
[2026-04-19T03:25:44.056Z INFO  worker::batch_maker] Batch 3eETz+8CRc/ar2S7mR8pZnMpwzbZlOIsoysxt1BjLgo= contains sample tx 986
[2026-04-19T03:25:44.056Z INFO  worker::batch_maker] Batch 3eETz+8CRc/ar2S7mR8pZnMpwzbZlOIsoysxt1BjLgo= contains 391168 B
[2026-04-19T03:25:44.109Z INFO  worker::batch_maker] Batch 25+YA3BTJQeGuXrkFEZowTgmrWyrGWkID00JnAr6Spo= contains sample tx 987
[2026-04-19T03:25:44.109Z INFO  worker::batch_maker] Batch 25+YA3BTJQeGuXrkFEZowTgmrWyrGWkID00JnAr6Spo= contains 223232 B
[2026-04-19T03:25:44.162Z INFO  worker::batch_maker] Batch 8/QNVMS+9W/0vsYbp15UesSVNIP37x4HPEaKUjfUhmM= contains sample tx 988
[2026-04-19T03:25:44.162Z INFO  worker::batch_maker] Batch 8/QNVMS+9W/0vsYbp15UesSVNIP37x4HPEaKUjfUhmM= contains 204800 B
[2026-04-19T03:25:44.214Z INFO  worker::batch_maker] Batch 5FfuXS57rz/SzHbAyWDziJ1VQnkmSy0q1FVJ4TtsZXA= contains sample tx 989
[2026-04-19T03:25:44.261Z INFO  worker::batch_maker] Batch 5FfuXS57rz/SzHbAyWDziJ1VQnkmSy0q1FVJ4TtsZXA= contains 204800 B
[2026-04-19T03:25:44.314Z INFO  worker::batch_maker] Batch rYaiba6WCuXIjg1BmIE372kVFscD9kOVL+jd035E25s= contains sample tx 990
[2026-04-19T03:25:44.314Z INFO  worker::batch_maker] Batch rYaiba6WCuXIjg1BmIE372kVFscD9kOVL+jd035E25s= contains sample tx 991
[2026-04-19T03:25:44.314Z INFO  worker::batch_maker] Batch rYaiba6WCuXIjg1BmIE372kVFscD9kOVL+jd035E25s= contains 409600 B
[2026-04-19T03:25:44.367Z INFO  worker::batch_maker] Batch 4kI0qmko47OdNM6Fh3I5QSYZLHPW3r3ttUfNlJIFZeM= contains sample tx 992
[2026-04-19T03:25:44.387Z INFO  worker::batch_maker] Batch 4kI0qmko47OdNM6Fh3I5QSYZLHPW3r3ttUfNlJIFZeM= contains 204800 B
[2026-04-19T03:25:44.441Z INFO  worker::batch_maker] Batch bGH6yVKUCzdrVJ1KG+opAUfqCKjgQgcmD46Pq+qiUsQ= contains sample tx 993
[2026-04-19T03:25:44.441Z INFO  worker::batch_maker] Batch bGH6yVKUCzdrVJ1KG+opAUfqCKjgQgcmD46Pq+qiUsQ= contains 204800 B
[2026-04-19T03:25:44.493Z INFO  worker::batch_maker] Batch 5U5EIRBd84CSYFuIY+FkZTv4CHhxMNUAcbDwBLwYP3M= contains sample tx 994
[2026-04-19T03:25:44.493Z INFO  worker::batch_maker] Batch 5U5EIRBd84CSYFuIY+FkZTv4CHhxMNUAcbDwBLwYP3M= contains 204800 B
[2026-04-19T03:25:44.545Z INFO  worker::batch_maker] Batch fJFhdFkAQuuyTbQ6r5991oSuJYqONDxEdsr3iPt0kXs= contains sample tx 995
[2026-04-19T03:25:44.545Z INFO  worker::batch_maker] Batch fJFhdFkAQuuyTbQ6r5991oSuJYqONDxEdsr3iPt0kXs= contains 204800 B
[2026-04-19T03:25:44.597Z INFO  worker::batch_maker] Batch 6g8UYho7H2IJbwH5tAS045u2C8Dj7rkDNG+0btFjotU= contains sample tx 996
[2026-04-19T03:25:44.597Z INFO  worker::batch_maker] Batch 6g8UYho7H2IJbwH5tAS045u2C8Dj7rkDNG+0btFjotU= contains 204800 B
[2026-04-19T03:25:44.649Z INFO  worker::batch_maker] Batch dya8VILUVAwW4I3PhXGxhsaSfJIsE6GsNJ0GPz2ZEQU= contains sample tx 997
[2026-04-19T03:25:44.649Z INFO  worker::batch_maker] Batch dya8VILUVAwW4I3PhXGxhsaSfJIsE6GsNJ0GPz2ZEQU= contains 204800 B
[2026-04-19T03:25:44.703Z INFO  worker::batch_maker] Batch 99zSG3ZgYk5oo59cck9Vb6jjnP3zLDRMOOqetQf64kA= contains sample tx 998
[2026-04-19T03:25:44.703Z INFO  worker::batch_maker] Batch 99zSG3ZgYk5oo59cck9Vb6jjnP3zLDRMOOqetQf64kA= contains 217600 B
[2026-04-19T03:25:44.755Z INFO  worker::batch_maker] Batch rhW6DA8gPEY9EZva8nLQqVSXqzEsEGEeIzhTIMHdT2g= contains sample tx 999
[2026-04-19T03:25:44.755Z INFO  worker::batch_maker] Batch rhW6DA8gPEY9EZva8nLQqVSXqzEsEGEeIzhTIMHdT2g= contains sample tx 1000
[2026-04-19T03:25:44.755Z INFO  worker::batch_maker] Batch rhW6DA8gPEY9EZva8nLQqVSXqzEsEGEeIzhTIMHdT2g= contains 334336 B
[2026-04-19T03:25:44.808Z INFO  worker::batch_maker] Batch Rg/RPiL+HP0NFvCCkRbBY6/Fw7lHSQE4XlYb3Pw06F4= contains sample tx 1001
[2026-04-19T03:25:44.808Z INFO  worker::batch_maker] Batch Rg/RPiL+HP0NFvCCkRbBY6/Fw7lHSQE4XlYb3Pw06F4= contains 267264 B
[2026-04-19T03:25:44.861Z INFO  worker::batch_maker] Batch 0kk+AEq71XwJ1uzdndg3yOdPP7EaAsHlixEmgpBQygc= contains sample tx 1002
[2026-04-19T03:25:44.861Z INFO  worker::batch_maker] Batch 0kk+AEq71XwJ1uzdndg3yOdPP7EaAsHlixEmgpBQygc= contains 204800 B
[2026-04-19T03:25:44.913Z INFO  worker::batch_maker] Batch MfSvEKx/2OpFKaHr1K2OhF7IZDD8WCbBSA9PHfv5nIA= contains sample tx 1003
[2026-04-19T03:25:44.913Z INFO  worker::batch_maker] Batch MfSvEKx/2OpFKaHr1K2OhF7IZDD8WCbBSA9PHfv5nIA= contains 204800 B
[2026-04-19T03:25:44.966Z INFO  worker::batch_maker] Batch SOZLpPhSNOCL00UDXw1ycWwiDLRB8YL/LbIzAkd8zvI= contains sample tx 1004
[2026-04-19T03:25:44.966Z INFO  worker::batch_maker] Batch SOZLpPhSNOCL00UDXw1ycWwiDLRB8YL/LbIzAkd8zvI= contains 204800 B
[2026-04-19T03:25:45.018Z INFO  worker::batch_maker] Batch vQQW/3p1MhGJvIDgyYFmZh3oU5Ebd1ywQlQy2rRPyzo= contains sample tx 1005
[2026-04-19T03:25:45.018Z INFO  worker::batch_maker] Batch vQQW/3p1MhGJvIDgyYFmZh3oU5Ebd1ywQlQy2rRPyzo= contains 204800 B
[2026-04-19T03:25:45.070Z INFO  worker::batch_maker] Batch uHKDPaKi+aGA8wgc7wADzWGdBlMCBdXrnAECMCVUNj8= contains sample tx 1006
[2026-04-19T03:25:45.070Z INFO  worker::batch_maker] Batch uHKDPaKi+aGA8wgc7wADzWGdBlMCBdXrnAECMCVUNj8= contains 204800 B
[2026-04-19T03:25:45.122Z INFO  worker::batch_maker] Batch kNIn35xCJi11ZKiqGQ1tP/0lmwFjOgj0V6Ynr90i8a4= contains sample tx 1007
[2026-04-19T03:25:45.122Z INFO  worker::batch_maker] Batch kNIn35xCJi11ZKiqGQ1tP/0lmwFjOgj0V6Ynr90i8a4= contains 204800 B
[2026-04-19T03:25:45.175Z INFO  worker::batch_maker] Batch 1M6nKDYJeGW4Zgj2Az2RYS/C33pJ+9aP5U9J5OmBGS8= contains sample tx 1008
[2026-04-19T03:25:45.175Z INFO  worker::batch_maker] Batch 1M6nKDYJeGW4Zgj2Az2RYS/C33pJ+9aP5U9J5OmBGS8= contains 204800 B
[2026-04-19T03:25:45.227Z INFO  worker::batch_maker] Batch sdBFypqc7V1AF/XzciuLCzeohCpkLsBZkxjiTH+3bqk= contains sample tx 1009
[2026-04-19T03:25:45.227Z INFO  worker::batch_maker] Batch sdBFypqc7V1AF/XzciuLCzeohCpkLsBZkxjiTH+3bqk= contains 204800 B
[2026-04-19T03:25:45.280Z INFO  worker::batch_maker] Batch 8FrOAVTpEvswNMA+0o4rP5ZgcmHiul+Vv9KupS6zZDs= contains sample tx 1010
[2026-04-19T03:25:45.280Z INFO  worker::batch_maker] Batch 8FrOAVTpEvswNMA+0o4rP5ZgcmHiul+Vv9KupS6zZDs= contains 204800 B
[2026-04-19T03:25:45.332Z INFO  worker::batch_maker] Batch Y/TbIcm7E7skYDUFnf0oClxAt+GINgQDxnEb0+eex/w= contains sample tx 1011
[2026-04-19T03:25:45.332Z INFO  worker::batch_maker] Batch Y/TbIcm7E7skYDUFnf0oClxAt+GINgQDxnEb0+eex/w= contains 204800 B
[2026-04-19T03:25:45.385Z INFO  worker::batch_maker] Batch Si8/ZkM66sjdzvl7ThIyK6L1pvXPqG9XPbjYf7HcesM= contains sample tx 1012
[2026-04-19T03:25:45.385Z INFO  worker::batch_maker] Batch Si8/ZkM66sjdzvl7ThIyK6L1pvXPqG9XPbjYf7HcesM= contains 204800 B
[2026-04-19T03:25:45.437Z INFO  worker::batch_maker] Batch +OVzBZ6zu1uhkKeU3y9U1CjgAKGCif4wZC2D3BhiCK8= contains sample tx 1013
[2026-04-19T03:25:45.437Z INFO  worker::batch_maker] Batch +OVzBZ6zu1uhkKeU3y9U1CjgAKGCif4wZC2D3BhiCK8= contains 204800 B
[2026-04-19T03:25:45.489Z INFO  worker::batch_maker] Batch J1SKXLtrfb/dml2XJ+5rxtdkmQYps8Af3qQNDA5G+gU= contains sample tx 1014
[2026-04-19T03:25:45.489Z INFO  worker::batch_maker] Batch J1SKXLtrfb/dml2XJ+5rxtdkmQYps8Af3qQNDA5G+gU= contains 204800 B
[2026-04-19T03:25:45.541Z INFO  worker::batch_maker] Batch 0ybKNn438UfDq5WH9PcitYm3ujIaEkN5EI0mKtMY8Aw= contains sample tx 1015
[2026-04-19T03:25:45.541Z INFO  worker::batch_maker] Batch 0ybKNn438UfDq5WH9PcitYm3ujIaEkN5EI0mKtMY8Aw= contains 204800 B
[2026-04-19T03:25:45.593Z INFO  worker::batch_maker] Batch 6EG4bAPS39oW5l3/O9l+k5/uCt882Awmblbxo94Treo= contains sample tx 1016
[2026-04-19T03:25:45.593Z INFO  worker::batch_maker] Batch 6EG4bAPS39oW5l3/O9l+k5/uCt882Awmblbxo94Treo= contains 204800 B
[2026-04-19T03:25:45.645Z INFO  worker::batch_maker] Batch 85+y7ZB3EwwhNpkrP69Cy98E9HDDym6gKuId17Sx3pk= contains sample tx 1017
[2026-04-19T03:25:45.645Z INFO  worker::batch_maker] Batch 85+y7ZB3EwwhNpkrP69Cy98E9HDDym6gKuId17Sx3pk= contains 204800 B
[2026-04-19T03:25:45.697Z INFO  worker::batch_maker] Batch 1IGVuGGq2hy9ROpm3JNjpOvuzR6fbrE1N2mwh0PzDhQ= contains sample tx 1018
[2026-04-19T03:25:45.697Z INFO  worker::batch_maker] Batch 1IGVuGGq2hy9ROpm3JNjpOvuzR6fbrE1N2mwh0PzDhQ= contains 204800 B
[2026-04-19T03:25:45.751Z INFO  worker::batch_maker] Batch ihrmTWMZunZiQdk+1/kGMss9prKo8uJ8G9RuvmO8leA= contains sample tx 1019
[2026-04-19T03:25:45.751Z INFO  worker::batch_maker] Batch ihrmTWMZunZiQdk+1/kGMss9prKo8uJ8G9RuvmO8leA= contains 204800 B
[2026-04-19T03:25:45.805Z INFO  worker::batch_maker] Batch +APsAISnFNPmMW/ySI3nnldos9+so1fLBsL5ypwUchA= contains sample tx 1020
[2026-04-19T03:25:45.805Z INFO  worker::batch_maker] Batch +APsAISnFNPmMW/ySI3nnldos9+so1fLBsL5ypwUchA= contains sample tx 1021
[2026-04-19T03:25:45.805Z INFO  worker::batch_maker] Batch +APsAISnFNPmMW/ySI3nnldos9+so1fLBsL5ypwUchA= contains 409600 B
[2026-04-19T03:25:45.858Z INFO  worker::batch_maker] Batch ORx+Irc/dexz9cZ55Hx2bLBd7EOwaA02mSZbTQeoII0= contains sample tx 1022
[2026-04-19T03:25:45.858Z INFO  worker::batch_maker] Batch ORx+Irc/dexz9cZ55Hx2bLBd7EOwaA02mSZbTQeoII0= contains 204800 B
[2026-04-19T03:25:45.911Z INFO  worker::batch_maker] Batch w/az72GXzLqLpzBxjM0NVwbYa8WVhoszPFyPPApbUnA= contains sample tx 1023
[2026-04-19T03:25:45.911Z INFO  worker::batch_maker] Batch w/az72GXzLqLpzBxjM0NVwbYa8WVhoszPFyPPApbUnA= contains 204800 B
[2026-04-19T03:25:45.964Z INFO  worker::batch_maker] Batch 2uOWk6zNS6RkwdDpZLPxTYFQ8b6FkYwP4Ww680kPsMY= contains sample tx 1024
[2026-04-19T03:25:45.964Z INFO  worker::batch_maker] Batch 2uOWk6zNS6RkwdDpZLPxTYFQ8b6FkYwP4Ww680kPsMY= contains 204800 B
[2026-04-19T03:25:46.019Z INFO  worker::batch_maker] Batch fa+IL3oV1Mtctfakok4XPXti0JPOb++kOknzTprGCeQ= contains sample tx 1025
[2026-04-19T03:25:46.019Z INFO  worker::batch_maker] Batch fa+IL3oV1Mtctfakok4XPXti0JPOb++kOknzTprGCeQ= contains 204800 B
[2026-04-19T03:25:46.072Z INFO  worker::batch_maker] Batch I7XOwzANaHvVXuRQZhxxmHF9w16jrbAPo6tV9jmKm48= contains sample tx 1026
[2026-04-19T03:25:46.072Z INFO  worker::batch_maker] Batch I7XOwzANaHvVXuRQZhxxmHF9w16jrbAPo6tV9jmKm48= contains 204800 B
[2026-04-19T03:25:46.126Z INFO  worker::batch_maker] Batch 8GrcpeRNEONTBPzw6cHaafZCt28pT/5Rsw7cllVkRNM= contains sample tx 1027
[2026-04-19T03:25:46.126Z INFO  worker::batch_maker] Batch 8GrcpeRNEONTBPzw6cHaafZCt28pT/5Rsw7cllVkRNM= contains 204800 B
[2026-04-19T03:25:46.177Z INFO  worker::batch_maker] Batch GGMrCwSEaHwdeZc+dtT7iotqZsssQLeBJQvH2neI8Dc= contains sample tx 1028
[2026-04-19T03:25:46.177Z INFO  worker::batch_maker] Batch GGMrCwSEaHwdeZc+dtT7iotqZsssQLeBJQvH2neI8Dc= contains 204800 B
[2026-04-19T03:25:46.230Z INFO  worker::batch_maker] Batch Dycwr89FnjIV7GzPidU8c3DxBeVjz+y67bJRyrDeCgc= contains sample tx 1029
[2026-04-19T03:25:46.230Z INFO  worker::batch_maker] Batch Dycwr89FnjIV7GzPidU8c3DxBeVjz+y67bJRyrDeCgc= contains 204800 B
[2026-04-19T03:25:46.281Z INFO  worker::batch_maker] Batch UWV8K5zWqA7eKX2+l994u6cY31Ni3AKWKno/Kh51Yj8= contains sample tx 1030
[2026-04-19T03:25:46.281Z INFO  worker::batch_maker] Batch UWV8K5zWqA7eKX2+l994u6cY31Ni3AKWKno/Kh51Yj8= contains 204800 B
[2026-04-19T03:25:46.334Z INFO  worker::batch_maker] Batch PcVgNyVC97eZdZ3wMsVTL/F8nH5EmO0cWiNERQh188Q= contains sample tx 1031
[2026-04-19T03:25:46.334Z INFO  worker::batch_maker] Batch PcVgNyVC97eZdZ3wMsVTL/F8nH5EmO0cWiNERQh188Q= contains 204800 B
[2026-04-19T03:25:46.386Z INFO  worker::batch_maker] Batch CVE8RuR8gYJ+S+9Gwt5gAgy+c1MeLmbsz1dc2tK4KiQ= contains sample tx 1032
[2026-04-19T03:25:46.386Z INFO  worker::batch_maker] Batch CVE8RuR8gYJ+S+9Gwt5gAgy+c1MeLmbsz1dc2tK4KiQ= contains 204800 B
[2026-04-19T03:25:46.439Z INFO  worker::batch_maker] Batch AYmMPiSQwL5Z8HPaHT/gnctiH23ton3x09FIV4LkZJI= contains sample tx 1033
[2026-04-19T03:25:46.439Z INFO  worker::batch_maker] Batch AYmMPiSQwL5Z8HPaHT/gnctiH23ton3x09FIV4LkZJI= contains 204800 B
[2026-04-19T03:25:46.491Z INFO  worker::batch_maker] Batch dVwNMf0CaFPmN+mh9L+SSDg/fa5cQP1kFqt/2qzdAkA= contains sample tx 1034
[2026-04-19T03:25:46.491Z INFO  worker::batch_maker] Batch dVwNMf0CaFPmN+mh9L+SSDg/fa5cQP1kFqt/2qzdAkA= contains 204800 B
[2026-04-19T03:25:46.543Z INFO  worker::batch_maker] Batch MwHW9fwk5riuSAlYa0mha/REpVaGmIIxKrgUpH5+yUc= contains sample tx 1035
[2026-04-19T03:25:46.543Z INFO  worker::batch_maker] Batch MwHW9fwk5riuSAlYa0mha/REpVaGmIIxKrgUpH5+yUc= contains 204800 B
[2026-04-19T03:25:46.596Z INFO  worker::batch_maker] Batch WgHMueZ/1CzU3PffyBxnTXRYSeDXCAhfbfgP1WgNJsM= contains sample tx 1036
[2026-04-19T03:25:46.596Z INFO  worker::batch_maker] Batch WgHMueZ/1CzU3PffyBxnTXRYSeDXCAhfbfgP1WgNJsM= contains 204800 B
[2026-04-19T03:25:46.649Z INFO  worker::batch_maker] Batch 7TENLzgLXNm4xx0bb4OCsr8jWRQb8DEb4QDiquXrZKA= contains sample tx 1037
[2026-04-19T03:25:46.649Z INFO  worker::batch_maker] Batch 7TENLzgLXNm4xx0bb4OCsr8jWRQb8DEb4QDiquXrZKA= contains 204800 B
[2026-04-19T03:25:46.703Z INFO  worker::batch_maker] Batch lfTdI0hyVlH4YnuX6MHSOWe+8Ljz4WK7yZpTE3gLjd0= contains sample tx 1038
[2026-04-19T03:25:46.703Z INFO  worker::batch_maker] Batch lfTdI0hyVlH4YnuX6MHSOWe+8Ljz4WK7yZpTE3gLjd0= contains 217088 B
[2026-04-19T03:25:46.758Z INFO  worker::batch_maker] Batch kby0GfXHzxS4GkCjvySuOkOt8Awdq7shQ4RnAhACWUM= contains sample tx 1039
[2026-04-19T03:25:46.758Z INFO  worker::batch_maker] Batch kby0GfXHzxS4GkCjvySuOkOt8Awdq7shQ4RnAhACWUM= contains sample tx 1040
[2026-04-19T03:25:46.758Z INFO  worker::batch_maker] Batch kby0GfXHzxS4GkCjvySuOkOt8Awdq7shQ4RnAhACWUM= contains 397312 B
[2026-04-19T03:25:46.811Z INFO  worker::batch_maker] Batch Qj87UqNMdpJ/moRKGd/6r9Yb6ydmwyFN+v0RhTaWDLU= contains sample tx 1041
[2026-04-19T03:25:46.811Z INFO  worker::batch_maker] Batch Qj87UqNMdpJ/moRKGd/6r9Yb6ydmwyFN+v0RhTaWDLU= contains 204800 B
[2026-04-19T03:25:46.863Z INFO  worker::batch_maker] Batch +3EZt9ifZlaVBugEwF3zmhAbpNl9/c7TO9vlpjt2RmI= contains sample tx 1042
[2026-04-19T03:25:46.863Z INFO  worker::batch_maker] Batch +3EZt9ifZlaVBugEwF3zmhAbpNl9/c7TO9vlpjt2RmI= contains 204800 B
[2026-04-19T03:25:46.915Z INFO  worker::batch_maker] Batch KnfxtytY+FN7uRYEXU/8z/HtRCcFJFKQLbevaf7QjGY= contains sample tx 1043
[2026-04-19T03:25:46.916Z INFO  worker::batch_maker] Batch KnfxtytY+FN7uRYEXU/8z/HtRCcFJFKQLbevaf7QjGY= contains 204800 B
[2026-04-19T03:25:46.968Z INFO  worker::batch_maker] Batch XoejKusk7prUP+6P89QK4j8eTrTtVwTYJASnDo5o/oM= contains sample tx 1044
[2026-04-19T03:25:46.968Z INFO  worker::batch_maker] Batch XoejKusk7prUP+6P89QK4j8eTrTtVwTYJASnDo5o/oM= contains 204800 B
[2026-04-19T03:25:47.019Z INFO  worker::batch_maker] Batch dP6Yf5yd0sDQs7sI9LOYtUtFC3UMFywr7RhT/kdZFs8= contains sample tx 1045
[2026-04-19T03:25:47.019Z INFO  worker::batch_maker] Batch dP6Yf5yd0sDQs7sI9LOYtUtFC3UMFywr7RhT/kdZFs8= contains 204800 B
[2026-04-19T03:25:47.071Z INFO  worker::batch_maker] Batch 9G1Kns7TbE2LuGdtMTe6JKqqHrgBirn4w3jdwqX35P0= contains sample tx 1046
[2026-04-19T03:25:47.071Z INFO  worker::batch_maker] Batch 9G1Kns7TbE2LuGdtMTe6JKqqHrgBirn4w3jdwqX35P0= contains 204800 B
[2026-04-19T03:25:47.123Z INFO  worker::batch_maker] Batch Xvo3rlIZ2HCm92rSZcbpSRQnneEbzydjPH5xwB6KHEM= contains sample tx 1047
[2026-04-19T03:25:47.123Z INFO  worker::batch_maker] Batch Xvo3rlIZ2HCm92rSZcbpSRQnneEbzydjPH5xwB6KHEM= contains 204800 B
[2026-04-19T03:25:47.175Z INFO  worker::batch_maker] Batch ZTDX4ykZheSP5QqPHZHlfbSZVoaPUy+K12Si3s60YQg= contains sample tx 1048
[2026-04-19T03:25:47.175Z INFO  worker::batch_maker] Batch ZTDX4ykZheSP5QqPHZHlfbSZVoaPUy+K12Si3s60YQg= contains 204800 B
[2026-04-19T03:25:47.228Z INFO  worker::batch_maker] Batch u3ZZHSW87M85WpDgqApSvKhkeBvUt7hfkxUwBoDTsJw= contains sample tx 1049
[2026-04-19T03:25:47.228Z INFO  worker::batch_maker] Batch u3ZZHSW87M85WpDgqApSvKhkeBvUt7hfkxUwBoDTsJw= contains 204800 B
[2026-04-19T03:25:47.280Z INFO  worker::batch_maker] Batch 7zjj9szqeLEzNGixZUvy39bhxvsF/0zyD5Zs5532pY0= contains sample tx 1050
[2026-04-19T03:25:47.280Z INFO  worker::batch_maker] Batch 7zjj9szqeLEzNGixZUvy39bhxvsF/0zyD5Zs5532pY0= contains 204800 B
[2026-04-19T03:25:47.332Z INFO  worker::batch_maker] Batch ZIOpe3eW2ikyYVDJPpF7hTdX0nCUiOttDWfabEiuZkU= contains sample tx 1051
[2026-04-19T03:25:47.332Z INFO  worker::batch_maker] Batch ZIOpe3eW2ikyYVDJPpF7hTdX0nCUiOttDWfabEiuZkU= contains 204800 B
[2026-04-19T03:25:47.385Z INFO  worker::batch_maker] Batch nEMmk0kT32yyAxXoTxRJnKlG7+oi9wbhjTrxLrv7/J0= contains sample tx 1052
[2026-04-19T03:25:47.385Z INFO  worker::batch_maker] Batch nEMmk0kT32yyAxXoTxRJnKlG7+oi9wbhjTrxLrv7/J0= contains 204800 B
[2026-04-19T03:25:47.438Z INFO  worker::batch_maker] Batch dpAr/9BhbGaTgotAMdK6qpsm2KKKT6DomyrTgyquCbU= contains sample tx 1053
[2026-04-19T03:25:47.438Z INFO  worker::batch_maker] Batch dpAr/9BhbGaTgotAMdK6qpsm2KKKT6DomyrTgyquCbU= contains 204800 B
[2026-04-19T03:25:47.489Z INFO  worker::batch_maker] Batch bnvtj2Wjnll4B8wUNlXq6XRshs+KLNPFvrYb4ItVRS8= contains sample tx 1054
[2026-04-19T03:25:47.489Z INFO  worker::batch_maker] Batch bnvtj2Wjnll4B8wUNlXq6XRshs+KLNPFvrYb4ItVRS8= contains 204800 B
[2026-04-19T03:25:47.543Z INFO  worker::batch_maker] Batch PteDF1ITBzQT/h080Hmg+2H7zNblmaEmQSQBvWmbS4s= contains sample tx 1055
[2026-04-19T03:25:47.543Z INFO  worker::batch_maker] Batch PteDF1ITBzQT/h080Hmg+2H7zNblmaEmQSQBvWmbS4s= contains 204800 B
[2026-04-19T03:25:47.596Z INFO  worker::batch_maker] Batch 4QpQkPXNarcciOe+Y0GanRwXqLtYvPfXsVkhvkVakLA= contains sample tx 1056
[2026-04-19T03:25:47.596Z INFO  worker::batch_maker] Batch 4QpQkPXNarcciOe+Y0GanRwXqLtYvPfXsVkhvkVakLA= contains 204800 B
[2026-04-19T03:25:47.649Z INFO  worker::batch_maker] Batch T4yvSygs8t2mR+2WKMi2MmMEDDEteQ/WY2ThyfKv5I0= contains sample tx 1057
[2026-04-19T03:25:47.649Z INFO  worker::batch_maker] Batch T4yvSygs8t2mR+2WKMi2MmMEDDEteQ/WY2ThyfKv5I0= contains 204800 B
[2026-04-19T03:25:47.701Z INFO  worker::batch_maker] Batch U6LEEWNLt11evHzrrtVZbcJNBiWoTY39li1nVqLlpHU= contains sample tx 1058
[2026-04-19T03:25:47.701Z INFO  worker::batch_maker] Batch U6LEEWNLt11evHzrrtVZbcJNBiWoTY39li1nVqLlpHU= contains 204800 B
[2026-04-19T03:25:47.755Z INFO  worker::batch_maker] Batch PzbyH9S+kLtliuhlsSv6fRq6/0IvWrm+mS8egcYjFsk= contains sample tx 1059
[2026-04-19T03:25:47.755Z INFO  worker::batch_maker] Batch PzbyH9S+kLtliuhlsSv6fRq6/0IvWrm+mS8egcYjFsk= contains 292864 B
[2026-04-19T03:25:47.808Z INFO  worker::batch_maker] Batch w/z4n+pqTxNSn6TyE9uylQF2xDJOdAiSKNmTewijteM= contains sample tx 1060
[2026-04-19T03:25:47.808Z INFO  worker::batch_maker] Batch w/z4n+pqTxNSn6TyE9uylQF2xDJOdAiSKNmTewijteM= contains sample tx 1061
[2026-04-19T03:25:47.808Z INFO  worker::batch_maker] Batch w/z4n+pqTxNSn6TyE9uylQF2xDJOdAiSKNmTewijteM= contains 321536 B
[2026-04-19T03:25:47.860Z INFO  worker::batch_maker] Batch 71w0D04RrA/GEmgBK3eezKT/5XENYi/Dlkm4EXE8I7Q= contains sample tx 1062
[2026-04-19T03:25:47.860Z INFO  worker::batch_maker] Batch 71w0D04RrA/GEmgBK3eezKT/5XENYi/Dlkm4EXE8I7Q= contains 204800 B
[2026-04-19T03:25:47.913Z INFO  worker::batch_maker] Batch Gm66Qh9PgsHyYT7+JW5LccC1YorAmeUowE2ClDZXWZ8= contains 134656 B
[2026-04-19T03:25:47.967Z INFO  worker::batch_maker] Batch RK6VkeGg/k3mFjTBd0GEPW/e8aPBL8xF+z/5vyEoFz0= contains sample tx 1063
[2026-04-19T03:25:47.967Z INFO  worker::batch_maker] Batch RK6VkeGg/k3mFjTBd0GEPW/e8aPBL8xF+z/5vyEoFz0= contains sample tx 1064
[2026-04-19T03:25:47.967Z INFO  worker::batch_maker] Batch RK6VkeGg/k3mFjTBd0GEPW/e8aPBL8xF+z/5vyEoFz0= contains 274944 B
[2026-04-19T03:25:48.019Z INFO  worker::batch_maker] Batch ozCp386YI+c4kKeWzvrnYy1KBb9n9JAcCYkgAj+PmhU= contains sample tx 1065
[2026-04-19T03:25:48.019Z INFO  worker::batch_maker] Batch ozCp386YI+c4kKeWzvrnYy1KBb9n9JAcCYkgAj+PmhU= contains 204800 B
[2026-04-19T03:25:48.071Z INFO  worker::batch_maker] Batch g4koMmXrzFvDu00BKrYGaD7MfE83kA1JGFcJbTAGfRY= contains 136192 B
[2026-04-19T03:25:48.125Z INFO  worker::batch_maker] Batch 3lWUsTHtJigDUGl57YYv2k3fWasLzsuW2ESOYeNoyJA= contains sample tx 1066
[2026-04-19T03:25:48.125Z INFO  worker::batch_maker] Batch 3lWUsTHtJigDUGl57YYv2k3fWasLzsuW2ESOYeNoyJA= contains sample tx 1067
[2026-04-19T03:25:48.125Z INFO  worker::batch_maker] Batch 3lWUsTHtJigDUGl57YYv2k3fWasLzsuW2ESOYeNoyJA= contains 273408 B
[2026-04-19T03:25:48.177Z INFO  worker::batch_maker] Batch FO81kTxcrkPRCibSizs/3n1J4kKy+tHW9KBuAvDUwCM= contains sample tx 1068
[2026-04-19T03:25:48.177Z INFO  worker::batch_maker] Batch FO81kTxcrkPRCibSizs/3n1J4kKy+tHW9KBuAvDUwCM= contains 204800 B
[2026-04-19T03:25:48.230Z INFO  worker::batch_maker] Batch zy8WdzJ5j7MlH7gkp1m5L5/on8/PDpbgjdKCrqCcLuQ= contains sample tx 1069
[2026-04-19T03:25:48.230Z INFO  worker::batch_maker] Batch zy8WdzJ5j7MlH7gkp1m5L5/on8/PDpbgjdKCrqCcLuQ= contains 204800 B
[2026-04-19T03:25:48.283Z INFO  worker::batch_maker] Batch uQR4Mfphc9e/ckttKGHTk6cAYYgnd7PhW8aoQ2oRwms= contains sample tx 1070
[2026-04-19T03:25:48.283Z INFO  worker::batch_maker] Batch uQR4Mfphc9e/ckttKGHTk6cAYYgnd7PhW8aoQ2oRwms= contains 204800 B
[2026-04-19T03:25:48.337Z INFO  worker::batch_maker] Batch cKBMqpEb3Uo48Cq6cdTrOS3fIHSynMoYJzOKYaOXFpA= contains sample tx 1071
[2026-04-19T03:25:48.337Z INFO  worker::batch_maker] Batch cKBMqpEb3Uo48Cq6cdTrOS3fIHSynMoYJzOKYaOXFpA= contains 204800 B
[2026-04-19T03:25:48.391Z INFO  worker::batch_maker] Batch uPWSUPEZjV+v+kIldyLWr9nWufAu8gEq3qwgfeBQBOg= contains sample tx 1072
[2026-04-19T03:25:48.391Z INFO  worker::batch_maker] Batch uPWSUPEZjV+v+kIldyLWr9nWufAu8gEq3qwgfeBQBOg= contains 204800 B
[2026-04-19T03:25:48.444Z INFO  worker::batch_maker] Batch ZvUkKiO7pMGVP2PP6HeHXPn58OqPO+rdd7SxGyNCMh4= contains sample tx 1073
[2026-04-19T03:25:48.444Z INFO  worker::batch_maker] Batch ZvUkKiO7pMGVP2PP6HeHXPn58OqPO+rdd7SxGyNCMh4= contains 204800 B
[2026-04-19T03:25:48.496Z INFO  worker::batch_maker] Batch m35WdZqi/hOhPhBTwEtm2Z3Oq7GVonNyPJm+65oENqg= contains sample tx 1074
[2026-04-19T03:25:48.496Z INFO  worker::batch_maker] Batch m35WdZqi/hOhPhBTwEtm2Z3Oq7GVonNyPJm+65oENqg= contains 204800 B
[2026-04-19T03:25:48.548Z INFO  worker::batch_maker] Batch GCzGKEnZZgPS+jGTXCzk2djXxWHTh7McDDS9D0NsHT8= contains sample tx 1075
[2026-04-19T03:25:48.548Z INFO  worker::batch_maker] Batch GCzGKEnZZgPS+jGTXCzk2djXxWHTh7McDDS9D0NsHT8= contains 204800 B
[2026-04-19T03:25:48.600Z INFO  worker::batch_maker] Batch USh1QwmOiVLmCxwT+BwS2sF5TNIwtv1A7MGoHcEn0Xg= contains sample tx 1076
[2026-04-19T03:25:48.600Z INFO  worker::batch_maker] Batch USh1QwmOiVLmCxwT+BwS2sF5TNIwtv1A7MGoHcEn0Xg= contains 204800 B
[2026-04-19T03:25:48.653Z INFO  worker::batch_maker] Batch NeS8Jc/d88S9+ERx2HewBRFqpidbWagNBmUx58ohevw= contains sample tx 1077
[2026-04-19T03:25:48.653Z INFO  worker::batch_maker] Batch NeS8Jc/d88S9+ERx2HewBRFqpidbWagNBmUx58ohevw= contains 309248 B
[2026-04-19T03:25:48.706Z INFO  worker::batch_maker] Batch 7W5kR3YISByKooMlxH6KQoYNFKoBgH3N95K++mal/SA= contains sample tx 1078
[2026-04-19T03:25:48.706Z INFO  worker::batch_maker] Batch 7W5kR3YISByKooMlxH6KQoYNFKoBgH3N95K++mal/SA= contains 243200 B
[2026-04-19T03:25:48.761Z INFO  worker::batch_maker] Batch pqNF03pYKd+AzECs410FKiZprNwZ/GtDkdingJZsjtE= contains sample tx 1079
[2026-04-19T03:25:48.761Z INFO  worker::batch_maker] Batch pqNF03pYKd+AzECs410FKiZprNwZ/GtDkdingJZsjtE= contains sample tx 1080
[2026-04-19T03:25:48.761Z INFO  worker::batch_maker] Batch pqNF03pYKd+AzECs410FKiZprNwZ/GtDkdingJZsjtE= contains 266752 B
[2026-04-19T03:25:48.814Z INFO  worker::batch_maker] Batch 8HW63p138MwmVcNOMlX/USO4k0S1opgesczo9E/ANqI= contains sample tx 1081
[2026-04-19T03:25:48.814Z INFO  worker::batch_maker] Batch 8HW63p138MwmVcNOMlX/USO4k0S1opgesczo9E/ANqI= contains 204800 B
[2026-04-19T03:25:48.867Z INFO  worker::batch_maker] Batch +/tD5QD+UAwdocHOLF9DwHDtqPjU9Jvp0AptAubCi8o= contains sample tx 1082
[2026-04-19T03:25:48.867Z INFO  worker::batch_maker] Batch +/tD5QD+UAwdocHOLF9DwHDtqPjU9Jvp0AptAubCi8o= contains 204800 B
[2026-04-19T03:25:48.919Z INFO  worker::batch_maker] Batch swb2MCFemRwqYFg4DS9fNQyUR5BHzh0oeL3ts9iehLA= contains sample tx 1083
[2026-04-19T03:25:48.919Z INFO  worker::batch_maker] Batch swb2MCFemRwqYFg4DS9fNQyUR5BHzh0oeL3ts9iehLA= contains 204800 B
[2026-04-19T03:25:48.973Z INFO  worker::batch_maker] Batch vRLESWHnlQuIzjm8N/AHurTWjFVc4Vb69afROFNcTo8= contains sample tx 1084
[2026-04-19T03:25:48.973Z INFO  worker::batch_maker] Batch vRLESWHnlQuIzjm8N/AHurTWjFVc4Vb69afROFNcTo8= contains 204800 B
[2026-04-19T03:25:49.028Z INFO  worker::batch_maker] Batch 6QR1zlMnzqjR00uAtMMGCZDRb8mS53Aj89aIRd+0HLQ= contains sample tx 1085
[2026-04-19T03:25:49.028Z INFO  worker::batch_maker] Batch 6QR1zlMnzqjR00uAtMMGCZDRb8mS53Aj89aIRd+0HLQ= contains 204800 B
[2026-04-19T03:25:49.082Z INFO  worker::batch_maker] Batch Nj1Dfq3StsO1pSHuWYuzcgNFcpqUBW/NrBJDFxweaUs= contains sample tx 1086
[2026-04-19T03:25:49.082Z INFO  worker::batch_maker] Batch Nj1Dfq3StsO1pSHuWYuzcgNFcpqUBW/NrBJDFxweaUs= contains 204800 B
[2026-04-19T03:25:49.135Z INFO  worker::batch_maker] Batch D6f+80UxbJ0MKCEmbWmJ0RtINZRWnmWDO+qCtVWFH6Q= contains sample tx 1087
[2026-04-19T03:25:49.135Z INFO  worker::batch_maker] Batch D6f+80UxbJ0MKCEmbWmJ0RtINZRWnmWDO+qCtVWFH6Q= contains 204800 B
[2026-04-19T03:25:49.187Z INFO  worker::batch_maker] Batch kKJRKKIZZKXqa8VNGWiSLf+U3KwpNuX19Ly2tmIi16k= contains sample tx 1088
[2026-04-19T03:25:49.187Z INFO  worker::batch_maker] Batch kKJRKKIZZKXqa8VNGWiSLf+U3KwpNuX19Ly2tmIi16k= contains 204800 B
[2026-04-19T03:25:49.240Z INFO  worker::batch_maker] Batch ++3XtGb6BduY0sPAb2UVyYKq1EArO1gMOaVtJALf5dE= contains sample tx 1089
[2026-04-19T03:25:49.240Z INFO  worker::batch_maker] Batch ++3XtGb6BduY0sPAb2UVyYKq1EArO1gMOaVtJALf5dE= contains 204800 B
[2026-04-19T03:25:49.294Z INFO  worker::batch_maker] Batch 1p448wxrlD05bJuw/nUqKLLuYSd+6fuxkvZPkpv0/8A= contains sample tx 1090
[2026-04-19T03:25:49.294Z INFO  worker::batch_maker] Batch 1p448wxrlD05bJuw/nUqKLLuYSd+6fuxkvZPkpv0/8A= contains 204800 B
[2026-04-19T03:25:49.346Z INFO  worker::batch_maker] Batch BepzjUwfDPCYV2mob6yc8K4EgRydsJfUWIa+YrCmqNI= contains sample tx 1091
[2026-04-19T03:25:49.346Z INFO  worker::batch_maker] Batch BepzjUwfDPCYV2mob6yc8K4EgRydsJfUWIa+YrCmqNI= contains 204800 B
[2026-04-19T03:25:49.399Z INFO  worker::batch_maker] Batch vZURl8LQbz8bHs6c/f+Q10WJhfAW8R/gVVMv7EQtFI8= contains sample tx 1092
[2026-04-19T03:25:49.399Z INFO  worker::batch_maker] Batch vZURl8LQbz8bHs6c/f+Q10WJhfAW8R/gVVMv7EQtFI8= contains 204800 B
[2026-04-19T03:25:49.454Z INFO  worker::batch_maker] Batch CYbp6woISv54Nr6/biVoHr+dY2/UpUEojGZOMc4LtnM= contains sample tx 1093
[2026-04-19T03:25:49.454Z INFO  worker::batch_maker] Batch CYbp6woISv54Nr6/biVoHr+dY2/UpUEojGZOMc4LtnM= contains 204800 B
[2026-04-19T03:25:49.510Z INFO  worker::batch_maker] Batch bPpcuZmF1BgGDulkdOEG4lvcLv0bOjmW55iYhfz3O7U= contains sample tx 1094
[2026-04-19T03:25:49.510Z INFO  worker::batch_maker] Batch bPpcuZmF1BgGDulkdOEG4lvcLv0bOjmW55iYhfz3O7U= contains sample tx 1095
[2026-04-19T03:25:49.510Z INFO  worker::batch_maker] Batch bPpcuZmF1BgGDulkdOEG4lvcLv0bOjmW55iYhfz3O7U= contains 409600 B
[2026-04-19T03:25:49.564Z INFO  worker::batch_maker] Batch YEDCvNIGjTL4DhN0KWnV0Ac4BiOjXor0eUchxEqAsmo= contains sample tx 1096
[2026-04-19T03:25:49.564Z INFO  worker::batch_maker] Batch YEDCvNIGjTL4DhN0KWnV0Ac4BiOjXor0eUchxEqAsmo= contains 204800 B
[2026-04-19T03:25:49.618Z INFO  worker::batch_maker] Batch synJB7sVLc9uGM89TFoNFYRmX5ILUyx1o1qLrC9Qqbk= contains sample tx 1097
[2026-04-19T03:25:49.618Z INFO  worker::batch_maker] Batch synJB7sVLc9uGM89TFoNFYRmX5ILUyx1o1qLrC9Qqbk= contains 204800 B
[2026-04-19T03:25:49.672Z INFO  worker::batch_maker] Batch edJqc0MF2slmi5fgAe4rWdTMu+06XnYvVew0YLsd92w= contains sample tx 1098
[2026-04-19T03:25:49.672Z INFO  worker::batch_maker] Batch edJqc0MF2slmi5fgAe4rWdTMu+06XnYvVew0YLsd92w= contains 204800 B
[2026-04-19T03:25:49.726Z INFO  worker::batch_maker] Batch bLohLS9G6H5UX1A6C5HA56Ngfy+cZKHe8YUURAbSWbk= contains sample tx 1099
[2026-04-19T03:25:49.726Z INFO  worker::batch_maker] Batch bLohLS9G6H5UX1A6C5HA56Ngfy+cZKHe8YUURAbSWbk= contains 204800 B
[2026-04-19T03:25:49.779Z INFO  worker::batch_maker] Batch ifbNj7xfLvg+Zq84F7Tnuj5d+EeTHqWbx5j/9vSmEZ4= contains sample tx 1100
[2026-04-19T03:25:49.779Z INFO  worker::batch_maker] Batch ifbNj7xfLvg+Zq84F7Tnuj5d+EeTHqWbx5j/9vSmEZ4= contains 204800 B
[2026-04-19T03:25:49.832Z INFO  worker::batch_maker] Batch VSeXITciosPzM5sKu3igOOjyaTOHvlukmJyo/rs02GI= contains sample tx 1101
[2026-04-19T03:25:49.832Z INFO  worker::batch_maker] Batch VSeXITciosPzM5sKu3igOOjyaTOHvlukmJyo/rs02GI= contains 204800 B
[2026-04-19T03:25:49.884Z INFO  worker::batch_maker] Batch z9uneZ/T+iKgWBr/v6ebP/l4ji8ZGi/40gXQT7xOYGA= contains sample tx 1102
[2026-04-19T03:25:49.884Z INFO  worker::batch_maker] Batch z9uneZ/T+iKgWBr/v6ebP/l4ji8ZGi/40gXQT7xOYGA= contains 204800 B
[2026-04-19T03:25:49.937Z INFO  worker::batch_maker] Batch r1gBpQqG9XTOzl7MnxlpI6kS3QViRSwHY944EIUBNNk= contains sample tx 1103
[2026-04-19T03:25:49.937Z INFO  worker::batch_maker] Batch r1gBpQqG9XTOzl7MnxlpI6kS3QViRSwHY944EIUBNNk= contains 204800 B
[2026-04-19T03:25:49.990Z INFO  worker::batch_maker] Batch w6ACZm1IH3pO2NAre1jjG1Yaq11/HVqkyhHSHdcM5Og= contains sample tx 1104
[2026-04-19T03:25:49.990Z INFO  worker::batch_maker] Batch w6ACZm1IH3pO2NAre1jjG1Yaq11/HVqkyhHSHdcM5Og= contains 204800 B
[2026-04-19T03:25:50.043Z INFO  worker::batch_maker] Batch zlHAJWCNlPmzO9iJkL18v7WTdb8xrCz8aTtSHqdCksg= contains sample tx 1105
[2026-04-19T03:25:50.043Z INFO  worker::batch_maker] Batch zlHAJWCNlPmzO9iJkL18v7WTdb8xrCz8aTtSHqdCksg= contains 204800 B
[2026-04-19T03:25:50.097Z INFO  worker::batch_maker] Batch hW4E7CT+dYmUOkDGf9JgiTnVIda1oVU0h4eMDw5wby4= contains sample tx 1106
[2026-04-19T03:25:50.097Z INFO  worker::batch_maker] Batch hW4E7CT+dYmUOkDGf9JgiTnVIda1oVU0h4eMDw5wby4= contains 204800 B
[2026-04-19T03:25:50.149Z INFO  worker::batch_maker] Batch skuctOKM4GrEdi+AARThbnIuF1/0c1sFjrOF8+KkkqY= contains sample tx 1107
[2026-04-19T03:25:50.149Z INFO  worker::batch_maker] Batch skuctOKM4GrEdi+AARThbnIuF1/0c1sFjrOF8+KkkqY= contains 204800 B
[2026-04-19T03:25:50.202Z INFO  worker::batch_maker] Batch hBwHmHSJBKURq1PtDML0IDCc5bidzVrJgwi09OJxC74= contains sample tx 1108
[2026-04-19T03:25:50.202Z INFO  worker::batch_maker] Batch hBwHmHSJBKURq1PtDML0IDCc5bidzVrJgwi09OJxC74= contains 294912 B
[2026-04-19T03:25:50.257Z INFO  worker::batch_maker] Batch UD2tyZV5NAVLybgNAVmg89dokz92kn+v6DmmV+kvJGA= contains sample tx 1109
[2026-04-19T03:25:50.257Z INFO  worker::batch_maker] Batch UD2tyZV5NAVLybgNAVmg89dokz92kn+v6DmmV+kvJGA= contains sample tx 1110
[2026-04-19T03:25:50.257Z INFO  worker::batch_maker] Batch UD2tyZV5NAVLybgNAVmg89dokz92kn+v6DmmV+kvJGA= contains 319488 B
[2026-04-19T03:25:50.310Z INFO  worker::batch_maker] Batch WoZlEceoCzUQzOQgMAwtD9XneO2SWpVOfqMCOGCapo0= contains sample tx 1111
[2026-04-19T03:25:50.310Z INFO  worker::batch_maker] Batch WoZlEceoCzUQzOQgMAwtD9XneO2SWpVOfqMCOGCapo0= contains 204800 B
[2026-04-19T03:25:50.362Z INFO  worker::batch_maker] Batch VJCo4FKIDFLvxxZZz6+r2QCpAPIrX4+B72U5rRSRiTg= contains sample tx 1112
[2026-04-19T03:25:50.362Z INFO  worker::batch_maker] Batch VJCo4FKIDFLvxxZZz6+r2QCpAPIrX4+B72U5rRSRiTg= contains 204800 B
[2026-04-19T03:25:50.416Z INFO  worker::batch_maker] Batch 0MiePS5YLg9CEeePIu8zqApyE0yT5kBsiCY5+rSlYCU= contains 160256 B
[2026-04-19T03:25:50.470Z INFO  worker::batch_maker] Batch R+la7o8fITSwVO2mb7EPft/V7aYPKIDPQFnxC3D3SuI= contains sample tx 1113
[2026-04-19T03:25:50.470Z INFO  worker::batch_maker] Batch R+la7o8fITSwVO2mb7EPft/V7aYPKIDPQFnxC3D3SuI= contains sample tx 1114
[2026-04-19T03:25:50.470Z INFO  worker::batch_maker] Batch R+la7o8fITSwVO2mb7EPft/V7aYPKIDPQFnxC3D3SuI= contains 249344 B
[2026-04-19T03:25:50.524Z INFO  worker::batch_maker] Batch 4a2Qkk9Ci0OVcn/ShAPCeM2MzLZBuGtvYJgitFtnAaQ= contains sample tx 1115
[2026-04-19T03:25:50.524Z INFO  worker::batch_maker] Batch 4a2Qkk9Ci0OVcn/ShAPCeM2MzLZBuGtvYJgitFtnAaQ= contains 204800 B
[2026-04-19T03:25:50.578Z INFO  worker::batch_maker] Batch 4NfOe9pZKaQg8EkV+LfGcEFDqFwofoAwcLTbLi3qTbM= contains sample tx 1116
[2026-04-19T03:25:50.578Z INFO  worker::batch_maker] Batch 4NfOe9pZKaQg8EkV+LfGcEFDqFwofoAwcLTbLi3qTbM= contains 204800 B
[2026-04-19T03:25:50.632Z INFO  worker::batch_maker] Batch he1N0Ii9lYoEtsYYU1mxUXgKBiMujMOd+7eb9Ei5CqE= contains sample tx 1117
[2026-04-19T03:25:50.632Z INFO  worker::batch_maker] Batch he1N0Ii9lYoEtsYYU1mxUXgKBiMujMOd+7eb9Ei5CqE= contains 204800 B
[2026-04-19T03:25:50.685Z INFO  worker::batch_maker] Batch tGMiaKOg8NKNRDBy8myz1Qixo4L270qtSF/oIH9Q2GI= contains sample tx 1118
[2026-04-19T03:25:50.686Z INFO  worker::batch_maker] Batch tGMiaKOg8NKNRDBy8myz1Qixo4L270qtSF/oIH9Q2GI= contains 204800 B
[2026-04-19T03:25:50.737Z INFO  worker::batch_maker] Batch m2s4X4su36jTypgsyeWrsHYgy/LLkMWYwXrNGODJEgI= contains sample tx 1119
[2026-04-19T03:25:50.737Z INFO  worker::batch_maker] Batch m2s4X4su36jTypgsyeWrsHYgy/LLkMWYwXrNGODJEgI= contains 204800 B
[2026-04-19T03:25:50.789Z INFO  worker::batch_maker] Batch K4SrVsjTmgvml9b5oT7a7H4hzCjJ1zo4FozTSMB0K+A= contains sample tx 1120
[2026-04-19T03:25:50.789Z INFO  worker::batch_maker] Batch K4SrVsjTmgvml9b5oT7a7H4hzCjJ1zo4FozTSMB0K+A= contains 204800 B
[2026-04-19T03:25:50.841Z INFO  worker::batch_maker] Batch 4CXbGYCQuQhUiSun7CaUF/aSaR5hx3QH8MispPqjMdw= contains sample tx 1121
[2026-04-19T03:25:50.841Z INFO  worker::batch_maker] Batch 4CXbGYCQuQhUiSun7CaUF/aSaR5hx3QH8MispPqjMdw= contains 204800 B
[2026-04-19T03:25:50.894Z INFO  worker::batch_maker] Batch Su2jy1wb8enFtCryLsqyAbiaMLwZXYFyV9wt6WhaQtM= contains sample tx 1122
[2026-04-19T03:25:50.894Z INFO  worker::batch_maker] Batch Su2jy1wb8enFtCryLsqyAbiaMLwZXYFyV9wt6WhaQtM= contains 204800 B
[2026-04-19T03:25:50.945Z INFO  worker::batch_maker] Batch Y69bCxQRxFJlm44Lp/EVD+fTlwahIuRQnE2XSIwdKjE= contains sample tx 1123
[2026-04-19T03:25:50.945Z INFO  worker::batch_maker] Batch Y69bCxQRxFJlm44Lp/EVD+fTlwahIuRQnE2XSIwdKjE= contains 204800 B
[2026-04-19T03:25:50.998Z INFO  worker::batch_maker] Batch goY4KZsrQy8kIPX4Xzj73KkWwDNa3yJR7zksR4twxWE= contains sample tx 1124
[2026-04-19T03:25:50.998Z INFO  worker::batch_maker] Batch goY4KZsrQy8kIPX4Xzj73KkWwDNa3yJR7zksR4twxWE= contains 204800 B
[2026-04-19T03:25:51.051Z INFO  worker::batch_maker] Batch W2Mb8kkvJgy2Wv7FzmjEEcu0RTEj/CE3rFuJMrZeoTY= contains sample tx 1125
[2026-04-19T03:25:51.051Z INFO  worker::batch_maker] Batch W2Mb8kkvJgy2Wv7FzmjEEcu0RTEj/CE3rFuJMrZeoTY= contains 204800 B
[2026-04-19T03:25:51.102Z INFO  worker::batch_maker] Batch FXdPMnaIdXjfrnmCIZ3Tpk9164WzSiQFtlA6jcYUHhA= contains sample tx 1126
[2026-04-19T03:25:51.102Z INFO  worker::batch_maker] Batch FXdPMnaIdXjfrnmCIZ3Tpk9164WzSiQFtlA6jcYUHhA= contains 319488 B
[2026-04-19T03:25:51.155Z INFO  worker::batch_maker] Batch hNfzCK7j7JyGHoseeuXYo08BZDbDr8GN5l7oAkI/kOQ= contains sample tx 1127
[2026-04-19T03:25:51.155Z INFO  worker::batch_maker] Batch hNfzCK7j7JyGHoseeuXYo08BZDbDr8GN5l7oAkI/kOQ= contains sample tx 1128
[2026-04-19T03:25:51.155Z INFO  worker::batch_maker] Batch hNfzCK7j7JyGHoseeuXYo08BZDbDr8GN5l7oAkI/kOQ= contains 294912 B
[2026-04-19T03:25:51.207Z INFO  worker::batch_maker] Batch YXOBXi7JsnnlFaCEltIbsC5pmeCxSP/6Z8zPRuj/IPQ= contains sample tx 1129
[2026-04-19T03:25:51.207Z INFO  worker::batch_maker] Batch YXOBXi7JsnnlFaCEltIbsC5pmeCxSP/6Z8zPRuj/IPQ= contains 204800 B
[2026-04-19T03:25:51.259Z INFO  worker::batch_maker] Batch Vf9wVlSXPgZxGD3/e7COipNBz1h63Eat/A3UgsGPWFo= contains sample tx 1130
[2026-04-19T03:25:51.259Z INFO  worker::batch_maker] Batch Vf9wVlSXPgZxGD3/e7COipNBz1h63Eat/A3UgsGPWFo= contains 204800 B
[2026-04-19T03:25:51.311Z INFO  worker::batch_maker] Batch aakA7pP9B+0JXV+4cCidsKOvJGQCR9q0+nt3L3EgLHc= contains sample tx 1131
[2026-04-19T03:25:51.311Z INFO  worker::batch_maker] Batch aakA7pP9B+0JXV+4cCidsKOvJGQCR9q0+nt3L3EgLHc= contains 204800 B
[2026-04-19T03:25:51.363Z INFO  worker::batch_maker] Batch dw8aEqyYy/o7+gAe6ixNf4wDuv/x6drDLEJtPHT0sbs= contains sample tx 1132
[2026-04-19T03:25:51.363Z INFO  worker::batch_maker] Batch dw8aEqyYy/o7+gAe6ixNf4wDuv/x6drDLEJtPHT0sbs= contains 204800 B
[2026-04-19T03:25:51.416Z INFO  worker::batch_maker] Batch wHQVLBXPpNHxzAh1c7yqe9VNGYsyg9kgMIiZJmiIKJo= contains sample tx 1133
[2026-04-19T03:25:51.416Z INFO  worker::batch_maker] Batch wHQVLBXPpNHxzAh1c7yqe9VNGYsyg9kgMIiZJmiIKJo= contains 204800 B
[2026-04-19T03:25:51.470Z INFO  worker::batch_maker] Batch rOgXwa4CTAK0hicOEPP0WgOpDkcFYy6PmJTTtJZV6Ho= contains sample tx 1134
[2026-04-19T03:25:51.470Z INFO  worker::batch_maker] Batch rOgXwa4CTAK0hicOEPP0WgOpDkcFYy6PmJTTtJZV6Ho= contains 204800 B
[2026-04-19T03:25:51.524Z INFO  worker::batch_maker] Batch qiMVqQkKtJVvPTLDA92+h6a40Y9ai89HsYYlNQPVoBY= contains sample tx 1135
[2026-04-19T03:25:51.524Z INFO  worker::batch_maker] Batch qiMVqQkKtJVvPTLDA92+h6a40Y9ai89HsYYlNQPVoBY= contains 204800 B
[2026-04-19T03:25:51.578Z INFO  worker::batch_maker] Batch VSXJBrFSdZNvmT4uJteeUwEu5Hl5oDpozlAsG9/DnFE= contains sample tx 1136
[2026-04-19T03:25:51.578Z INFO  worker::batch_maker] Batch VSXJBrFSdZNvmT4uJteeUwEu5Hl5oDpozlAsG9/DnFE= contains 204800 B
[2026-04-19T03:25:51.631Z INFO  worker::batch_maker] Batch HWO96foO/p4QqVLR8vxpWf8BaP6+tcRS6UG1NSeYD7M= contains sample tx 1137
[2026-04-19T03:25:51.631Z INFO  worker::batch_maker] Batch HWO96foO/p4QqVLR8vxpWf8BaP6+tcRS6UG1NSeYD7M= contains 204800 B
[2026-04-19T03:25:51.682Z INFO  worker::batch_maker] Batch SyNkbhpq2CPbF0B82IM+HB+o0FshZKD7zz0s9DJSlUU= contains sample tx 1138
[2026-04-19T03:25:51.682Z INFO  worker::batch_maker] Batch SyNkbhpq2CPbF0B82IM+HB+o0FshZKD7zz0s9DJSlUU= contains 204800 B
[2026-04-19T03:25:51.735Z INFO  worker::batch_maker] Batch ZpNfSUciZCT0VuXFOqrBr29lzLpoLslBroGcvY6TOPI= contains sample tx 1139
[2026-04-19T03:25:51.735Z INFO  worker::batch_maker] Batch ZpNfSUciZCT0VuXFOqrBr29lzLpoLslBroGcvY6TOPI= contains 204800 B
[2026-04-19T03:25:51.787Z INFO  worker::batch_maker] Batch 7f7S2wLfAXBFuxmVrHTyxvtG4EnvRBw7nVvWPGhkpG4= contains sample tx 1140
[2026-04-19T03:25:51.787Z INFO  worker::batch_maker] Batch 7f7S2wLfAXBFuxmVrHTyxvtG4EnvRBw7nVvWPGhkpG4= contains 204800 B
[2026-04-19T03:25:51.839Z INFO  worker::batch_maker] Batch wq28sUCdj/aRYh4fYoys4EPKwdIjKl7n4h6FJ43ivk4= contains sample tx 1141
[2026-04-19T03:25:51.839Z INFO  worker::batch_maker] Batch wq28sUCdj/aRYh4fYoys4EPKwdIjKl7n4h6FJ43ivk4= contains 204800 B
[2026-04-19T03:25:51.892Z INFO  worker::batch_maker] Batch 6sTCY6a0ncHDWk68J5up+Md0yoamGfsQAJFrKq3TgAk= contains sample tx 1142
[2026-04-19T03:25:51.892Z INFO  worker::batch_maker] Batch 6sTCY6a0ncHDWk68J5up+Md0yoamGfsQAJFrKq3TgAk= contains 204800 B
[2026-04-19T03:25:51.944Z INFO  worker::batch_maker] Batch 4zAAEV++NimlH8PxSJIRdn382WFK5SqN7RwR1zcELE0= contains sample tx 1143
[2026-04-19T03:25:51.944Z INFO  worker::batch_maker] Batch 4zAAEV++NimlH8PxSJIRdn382WFK5SqN7RwR1zcELE0= contains 204800 B
[2026-04-19T03:25:51.997Z INFO  worker::batch_maker] Batch /h8edzhV0sI/lQoN1ExIy0TXU91vhbRVS/LdWG5rejw= contains sample tx 1144
[2026-04-19T03:25:51.997Z INFO  worker::batch_maker] Batch /h8edzhV0sI/lQoN1ExIy0TXU91vhbRVS/LdWG5rejw= contains 204800 B
[2026-04-19T03:25:52.050Z INFO  worker::batch_maker] Batch QE1frpaKWTw5wL6pqpFg7TGJuaL7syDZH3SVs9moxlk= contains sample tx 1145
[2026-04-19T03:25:52.050Z INFO  worker::batch_maker] Batch QE1frpaKWTw5wL6pqpFg7TGJuaL7syDZH3SVs9moxlk= contains 204800 B
[2026-04-19T03:25:52.104Z INFO  worker::batch_maker] Batch hAluSdn6gw+qQhYMFVea7SXj7xYq/I1hx/u2vIk88TE= contains sample tx 1146
[2026-04-19T03:25:52.104Z INFO  worker::batch_maker] Batch hAluSdn6gw+qQhYMFVea7SXj7xYq/I1hx/u2vIk88TE= contains 280064 B
[2026-04-19T03:25:52.159Z INFO  worker::batch_maker] Batch 8ZnIPAlohGqlb0Dp1hV0x/o+7WDQaye1LSebKPY0f4A= contains sample tx 1147
[2026-04-19T03:25:52.159Z INFO  worker::batch_maker] Batch 8ZnIPAlohGqlb0Dp1hV0x/o+7WDQaye1LSebKPY0f4A= contains sample tx 1148
[2026-04-19T03:25:52.159Z INFO  worker::batch_maker] Batch 8ZnIPAlohGqlb0Dp1hV0x/o+7WDQaye1LSebKPY0f4A= contains 334336 B
[2026-04-19T03:25:52.215Z INFO  worker::batch_maker] Batch 5e7ewIM2RViCIhUtiFxnuLMyMqvyLuRs/BoTIcawU98= contains sample tx 1149
[2026-04-19T03:25:52.215Z INFO  worker::batch_maker] Batch 5e7ewIM2RViCIhUtiFxnuLMyMqvyLuRs/BoTIcawU98= contains 204800 B
[2026-04-19T03:25:52.266Z INFO  worker::batch_maker] Batch aC17+5iHYtgwUNxOvqtUfOuhaHK9hoCgTw6ZDmV54mQ= contains sample tx 1150
[2026-04-19T03:25:52.267Z INFO  worker::batch_maker] Batch aC17+5iHYtgwUNxOvqtUfOuhaHK9hoCgTw6ZDmV54mQ= contains 204800 B
[2026-04-19T03:25:52.320Z INFO  worker::batch_maker] Batch FmLi1s7DKKXAuqqk4+Smke+PK0hkyH+7Lcw/5++Z2MM= contains sample tx 1151
[2026-04-19T03:25:52.320Z INFO  worker::batch_maker] Batch FmLi1s7DKKXAuqqk4+Smke+PK0hkyH+7Lcw/5++Z2MM= contains 204800 B
[2026-04-19T03:25:52.372Z INFO  worker::batch_maker] Batch /z0yZt9sysKE70VgyqKYpntAvrwOZbGeCwlm1/PaPfA= contains sample tx 1152
[2026-04-19T03:25:52.372Z INFO  worker::batch_maker] Batch /z0yZt9sysKE70VgyqKYpntAvrwOZbGeCwlm1/PaPfA= contains 204800 B
[2026-04-19T03:25:52.426Z INFO  worker::batch_maker] Batch hN8iHjCkKyEGCtrCp+GjZAsHkCw32AMnsfsKDVOsilk= contains sample tx 1153
[2026-04-19T03:25:52.426Z INFO  worker::batch_maker] Batch hN8iHjCkKyEGCtrCp+GjZAsHkCw32AMnsfsKDVOsilk= contains 204800 B
[2026-04-19T03:25:52.480Z INFO  worker::batch_maker] Batch BQ8+xQunb/yispatYqdizqSxC2sfGBfcspKfNpWpG1A= contains sample tx 1154
[2026-04-19T03:25:52.480Z INFO  worker::batch_maker] Batch BQ8+xQunb/yispatYqdizqSxC2sfGBfcspKfNpWpG1A= contains 204800 B
[2026-04-19T03:25:52.533Z INFO  worker::batch_maker] Batch Jil9zy8qmOxneQUp74Xm8uvSuOgy2SRtFAon40VIKXo= contains sample tx 1155
[2026-04-19T03:25:52.533Z INFO  worker::batch_maker] Batch Jil9zy8qmOxneQUp74Xm8uvSuOgy2SRtFAon40VIKXo= contains 204800 B
[2026-04-19T03:25:52.587Z INFO  worker::batch_maker] Batch pRhW8JfpLccVhvkhUn6J2fwjeBTuevdcuWfprsJaND4= contains sample tx 1156
[2026-04-19T03:25:52.587Z INFO  worker::batch_maker] Batch pRhW8JfpLccVhvkhUn6J2fwjeBTuevdcuWfprsJaND4= contains 204800 B
[2026-04-19T03:25:52.641Z INFO  worker::batch_maker] Batch uyoLYVeTMCZVKiq1V+OZOBoYWL7hTQwMsk7g0yBnRwQ= contains sample tx 1157
[2026-04-19T03:25:52.641Z INFO  worker::batch_maker] Batch uyoLYVeTMCZVKiq1V+OZOBoYWL7hTQwMsk7g0yBnRwQ= contains 204800 B
[2026-04-19T03:25:52.694Z INFO  worker::batch_maker] Batch Qhm+AcIFMxbsPJRuRTCB0h3sSdtQFf50bFnTrWMhQnA= contains sample tx 1158
[2026-04-19T03:25:52.694Z INFO  worker::batch_maker] Batch Qhm+AcIFMxbsPJRuRTCB0h3sSdtQFf50bFnTrWMhQnA= contains 204800 B
[2026-04-19T03:25:52.748Z INFO  worker::batch_maker] Batch TpaE6jtDa1ZINMKCLYZq6monJB6Yv+wMMEEEkuhQ+bM= contains sample tx 1159
[2026-04-19T03:25:52.748Z INFO  worker::batch_maker] Batch TpaE6jtDa1ZINMKCLYZq6monJB6Yv+wMMEEEkuhQ+bM= contains 204800 B
[2026-04-19T03:25:52.801Z INFO  worker::batch_maker] Batch 3EDAICsYeWKkqFr6ixui23bID/Oaw9KmgxswP1IzHok= contains sample tx 1160
[2026-04-19T03:25:52.801Z INFO  worker::batch_maker] Batch 3EDAICsYeWKkqFr6ixui23bID/Oaw9KmgxswP1IzHok= contains 204800 B
[2026-04-19T03:25:52.853Z INFO  worker::batch_maker] Batch H2s7PDk8lavUKe/q4dE3QJslBJQsGMjCC/r0aZnGBDs= contains sample tx 1161
[2026-04-19T03:25:52.853Z INFO  worker::batch_maker] Batch H2s7PDk8lavUKe/q4dE3QJslBJQsGMjCC/r0aZnGBDs= contains 384512 B
[2026-04-19T03:25:52.905Z INFO  worker::batch_maker] Batch nwYhjGIZXXYBTu9SidKqFX0JRR5ayXghX0Cr3AyljLc= contains sample tx 1162
[2026-04-19T03:25:52.905Z INFO  worker::batch_maker] Batch nwYhjGIZXXYBTu9SidKqFX0JRR5ayXghX0Cr3AyljLc= contains sample tx 1163
[2026-04-19T03:25:52.905Z INFO  worker::batch_maker] Batch nwYhjGIZXXYBTu9SidKqFX0JRR5ayXghX0Cr3AyljLc= contains 214528 B
[2026-04-19T03:25:52.958Z INFO  worker::batch_maker] Batch dF0tuDQh9UHuGVUFhRH6vyTOIcm8qh2ep9Iwas40RHE= contains sample tx 1164
[2026-04-19T03:25:52.958Z INFO  worker::batch_maker] Batch dF0tuDQh9UHuGVUFhRH6vyTOIcm8qh2ep9Iwas40RHE= contains 220160 B
[2026-04-19T03:25:53.010Z INFO  worker::batch_maker] Batch x573LzZUEBPiFEZS6u7jWubyysTNUCKzz/Yb7VB6KNs= contains sample tx 1165
[2026-04-19T03:25:53.010Z INFO  worker::batch_maker] Batch x573LzZUEBPiFEZS6u7jWubyysTNUCKzz/Yb7VB6KNs= contains 204800 B
[2026-04-19T03:25:53.063Z INFO  worker::batch_maker] Batch 5NBLwRsTvRL0jIVDGJqZYZOEkUqpHVZNV+AAQRzt0/U= contains sample tx 1166
[2026-04-19T03:25:53.063Z INFO  worker::batch_maker] Batch 5NBLwRsTvRL0jIVDGJqZYZOEkUqpHVZNV+AAQRzt0/U= contains 204800 B
[2026-04-19T03:25:53.115Z INFO  worker::batch_maker] Batch E0Juw1xag0/6WmYxDxs468k/pFR7hFstR2lqyj8KSm4= contains sample tx 1167
[2026-04-19T03:25:53.115Z INFO  worker::batch_maker] Batch E0Juw1xag0/6WmYxDxs468k/pFR7hFstR2lqyj8KSm4= contains 204800 B
[2026-04-19T03:25:53.167Z INFO  worker::batch_maker] Batch wGMcXDBbNYjqAj5vOhgG5qUaoxCgxvxOTbVhuP2l4+E= contains sample tx 1168
[2026-04-19T03:25:53.167Z INFO  worker::batch_maker] Batch wGMcXDBbNYjqAj5vOhgG5qUaoxCgxvxOTbVhuP2l4+E= contains 204800 B
[2026-04-19T03:25:53.220Z INFO  worker::batch_maker] Batch GSENkl/jxZqk9Z37PfH4GA2H1uUZIyQbVquIQbo9+3c= contains sample tx 1169
[2026-04-19T03:25:53.220Z INFO  worker::batch_maker] Batch GSENkl/jxZqk9Z37PfH4GA2H1uUZIyQbVquIQbo9+3c= contains 204800 B
[2026-04-19T03:25:53.271Z INFO  worker::batch_maker] Batch eeJcEOyg7UYYALJxosfpuDhhnDTrbf8boca8FzJ0QMg= contains sample tx 1170
[2026-04-19T03:25:53.272Z INFO  worker::batch_maker] Batch eeJcEOyg7UYYALJxosfpuDhhnDTrbf8boca8FzJ0QMg= contains 204800 B
[2026-04-19T03:25:53.323Z INFO  worker::batch_maker] Batch yNBFt2cmcb5Od4FF7KVobXRee+hF3mCAZXwqc7m2znc= contains sample tx 1171
[2026-04-19T03:25:53.323Z INFO  worker::batch_maker] Batch yNBFt2cmcb5Od4FF7KVobXRee+hF3mCAZXwqc7m2znc= contains 204800 B
[2026-04-19T03:25:53.376Z INFO  worker::batch_maker] Batch 3/f6DtKJH/KdPJ7yvBsCZwrrWOTBePjh8D10JryGRFk= contains sample tx 1172
[2026-04-19T03:25:53.376Z INFO  worker::batch_maker] Batch 3/f6DtKJH/KdPJ7yvBsCZwrrWOTBePjh8D10JryGRFk= contains 204800 B
[2026-04-19T03:25:53.428Z INFO  worker::batch_maker] Batch RO8y7SJK6Ei93l/6VDe7IW8PoY+Js/RxWFkTfpQGCNw= contains sample tx 1173
[2026-04-19T03:25:53.428Z INFO  worker::batch_maker] Batch RO8y7SJK6Ei93l/6VDe7IW8PoY+Js/RxWFkTfpQGCNw= contains 204800 B
[2026-04-19T03:25:53.480Z INFO  worker::batch_maker] Batch tM1AKZut+jtdZK3oirxT+uKJlaL2VJnIDno8JgSzPNo= contains sample tx 1174
[2026-04-19T03:25:53.480Z INFO  worker::batch_maker] Batch tM1AKZut+jtdZK3oirxT+uKJlaL2VJnIDno8JgSzPNo= contains 204800 B
[2026-04-19T03:25:53.532Z INFO  worker::batch_maker] Batch QMuEAnT9cggcfrrijgnuWd9ZOJDfFGVoSse0xDfwOgs= contains sample tx 1175
[2026-04-19T03:25:53.532Z INFO  worker::batch_maker] Batch QMuEAnT9cggcfrrijgnuWd9ZOJDfFGVoSse0xDfwOgs= contains 204800 B
[2026-04-19T03:25:53.584Z INFO  worker::batch_maker] Batch 757AgfOkrYZp9Bh5O9r1T1c08RCXHti/bwElmE1+Hwc= contains sample tx 1176
[2026-04-19T03:25:53.584Z INFO  worker::batch_maker] Batch 757AgfOkrYZp9Bh5O9r1T1c08RCXHti/bwElmE1+Hwc= contains 204800 B
[2026-04-19T03:25:53.636Z INFO  worker::batch_maker] Batch Emv8jaMH4NILJuglDaDffTKrUWHAt0fQTJX8C1NkfCw= contains sample tx 1177
[2026-04-19T03:25:53.636Z INFO  worker::batch_maker] Batch Emv8jaMH4NILJuglDaDffTKrUWHAt0fQTJX8C1NkfCw= contains 204800 B
[2026-04-19T03:25:53.689Z INFO  worker::batch_maker] Batch py+JFny0xFZGpEb1FqFE5kCaSVDetztiErYE9TJM/z4= contains sample tx 1178
[2026-04-19T03:25:53.689Z INFO  worker::batch_maker] Batch py+JFny0xFZGpEb1FqFE5kCaSVDetztiErYE9TJM/z4= contains 204800 B
[2026-04-19T03:25:53.740Z INFO  worker::batch_maker] Batch l9Nrsi7BSCO/wOGg+yUvgpOqo7/KkPtegBstI1RzYeQ= contains sample tx 1179
[2026-04-19T03:25:53.740Z INFO  worker::batch_maker] Batch l9Nrsi7BSCO/wOGg+yUvgpOqo7/KkPtegBstI1RzYeQ= contains 204800 B
[2026-04-19T03:25:53.792Z INFO  worker::batch_maker] Batch QXKxLRlFuDKe2lN0Sbug3+Ud38HHqccf+5SdtEsLPTo= contains sample tx 1180
[2026-04-19T03:25:53.792Z INFO  worker::batch_maker] Batch QXKxLRlFuDKe2lN0Sbug3+Ud38HHqccf+5SdtEsLPTo= contains 204800 B
[2026-04-19T03:25:53.845Z INFO  worker::batch_maker] Batch KhhJ3YMp+asouzyZIvu7p297IDj1PRnAcICNm7G2neU= contains sample tx 1181
[2026-04-19T03:25:53.845Z INFO  worker::batch_maker] Batch KhhJ3YMp+asouzyZIvu7p297IDj1PRnAcICNm7G2neU= contains 204800 B
[2026-04-19T03:25:53.897Z INFO  worker::batch_maker] Batch +4yS7HEKKG36xuND7Vz3/RwqpFgrLhhr+K9SuPasFig= contains sample tx 1182
[2026-04-19T03:25:53.897Z INFO  worker::batch_maker] Batch +4yS7HEKKG36xuND7Vz3/RwqpFgrLhhr+K9SuPasFig= contains 204800 B
[2026-04-19T03:25:53.949Z INFO  worker::batch_maker] Batch M/RZi+9IpHgki9R1ANT5J4NWnifnxhzU4aLBNm20jkg= contains sample tx 1183
[2026-04-19T03:25:53.949Z INFO  worker::batch_maker] Batch M/RZi+9IpHgki9R1ANT5J4NWnifnxhzU4aLBNm20jkg= contains 204800 B
[2026-04-19T03:25:54.002Z INFO  worker::batch_maker] Batch nGcL65OmhreHa39p1T0bD74ik9DIUBjBh0mLBpegFjs= contains sample tx 1184
[2026-04-19T03:25:54.002Z INFO  worker::batch_maker] Batch nGcL65OmhreHa39p1T0bD74ik9DIUBjBh0mLBpegFjs= contains 204800 B
[2026-04-19T03:25:54.054Z INFO  worker::batch_maker] Batch G9FzoHgO/laP4++7bzOjRq0ssVHy4tLFhn/BmmgvSJA= contains sample tx 1185
[2026-04-19T03:25:54.054Z INFO  worker::batch_maker] Batch G9FzoHgO/laP4++7bzOjRq0ssVHy4tLFhn/BmmgvSJA= contains sample tx 1186
[2026-04-19T03:25:54.054Z INFO  worker::batch_maker] Batch G9FzoHgO/laP4++7bzOjRq0ssVHy4tLFhn/BmmgvSJA= contains 409600 B
[2026-04-19T03:25:54.107Z INFO  worker::batch_maker] Batch P6bLlR8R46NZ0f95qZohCr0FzsX9sxTvFj1mZLzxtVg= contains sample tx 1187
[2026-04-19T03:25:54.107Z INFO  worker::batch_maker] Batch P6bLlR8R46NZ0f95qZohCr0FzsX9sxTvFj1mZLzxtVg= contains 204800 B
[2026-04-19T03:25:54.159Z INFO  worker::batch_maker] Batch NNTLsyL69LFxsMI3vqs6V7an4NeAFuu+T2xnAs9wfNk= contains 196608 B
[2026-04-19T03:25:54.212Z INFO  worker::batch_maker] Batch oMnF+8eLmu0+Xf/N6x1tFbsZR3Rc3psp2CuVSJhPlbQ= contains sample tx 1188
[2026-04-19T03:25:54.212Z INFO  worker::batch_maker] Batch oMnF+8eLmu0+Xf/N6x1tFbsZR3Rc3psp2CuVSJhPlbQ= contains sample tx 1189
[2026-04-19T03:25:54.212Z INFO  worker::batch_maker] Batch oMnF+8eLmu0+Xf/N6x1tFbsZR3Rc3psp2CuVSJhPlbQ= contains 212992 B
[2026-04-19T03:25:54.264Z INFO  worker::batch_maker] Batch kH7DizxgVAKcj6r7x0WgpUmKDA6YRNG561MjqhLzAYA= contains sample tx 1190
[2026-04-19T03:25:54.264Z INFO  worker::batch_maker] Batch kH7DizxgVAKcj6r7x0WgpUmKDA6YRNG561MjqhLzAYA= contains 204800 B
[2026-04-19T03:25:54.317Z INFO  worker::batch_maker] Batch V+y+Tv2OIIObhBdk/RtWRDkxUqEJb2O27bTF82bX1tk= contains sample tx 1191
[2026-04-19T03:25:54.317Z INFO  worker::batch_maker] Batch V+y+Tv2OIIObhBdk/RtWRDkxUqEJb2O27bTF82bX1tk= contains 204800 B
[2026-04-19T03:25:54.370Z INFO  worker::batch_maker] Batch fZcxZhzyMYXf2Gxt+M/oIEOf9Um4vU/iXG2KlcorTjc= contains sample tx 1192
[2026-04-19T03:25:54.370Z INFO  worker::batch_maker] Batch fZcxZhzyMYXf2Gxt+M/oIEOf9Um4vU/iXG2KlcorTjc= contains 204800 B
[2026-04-19T03:25:54.423Z INFO  worker::batch_maker] Batch S70O7iI++8a3uiIvMrmKeWjFSCWSCrPopgCzXWrsnus= contains sample tx 1193
[2026-04-19T03:25:54.423Z INFO  worker::batch_maker] Batch S70O7iI++8a3uiIvMrmKeWjFSCWSCrPopgCzXWrsnus= contains 204800 B
[2026-04-19T03:25:54.475Z INFO  worker::batch_maker] Batch 4OgewLDRGX5BDbxQWUaHHsItx84bqZISNSuz/iJ/CcY= contains sample tx 1194
[2026-04-19T03:25:54.475Z INFO  worker::batch_maker] Batch 4OgewLDRGX5BDbxQWUaHHsItx84bqZISNSuz/iJ/CcY= contains 204800 B
[2026-04-19T03:25:54.529Z INFO  worker::batch_maker] Batch kMT9fy3NYeUs4PkZ/qhhEnINm8In5E7JSmu/XELaBfA= contains 202240 B
[2026-04-19T03:25:54.658Z INFO  worker::batch_maker] Batch cYZq3i5tQHMW7ZrPPiUwPOhJJOc9nLG6Ja0LyOMnEbQ= contains sample tx 1195
[2026-04-19T03:25:54.658Z INFO  worker::batch_maker] Batch cYZq3i5tQHMW7ZrPPiUwPOhJJOc9nLG6Ja0LyOMnEbQ= contains sample tx 1196
[2026-04-19T03:25:54.658Z INFO  worker::batch_maker] Batch cYZq3i5tQHMW7ZrPPiUwPOhJJOc9nLG6Ja0LyOMnEbQ= contains sample tx 1197
[2026-04-19T03:25:54.658Z INFO  worker::batch_maker] Batch cYZq3i5tQHMW7ZrPPiUwPOhJJOc9nLG6Ja0LyOMnEbQ= contains 500224 B
[2026-04-19T03:25:54.713Z INFO  worker::batch_maker] Batch PepSpxNAnyht7dl1CQ39g3hTUt+aXCD37uNftCmH7BU= contains sample tx 1198
[2026-04-19T03:25:54.714Z INFO  worker::batch_maker] Batch PepSpxNAnyht7dl1CQ39g3hTUt+aXCD37uNftCmH7BU= contains 321024 B
[2026-04-19T03:25:54.766Z INFO  worker::batch_maker] Batch x/HFHPHYxQqVLLlR9Z7Z0BUJ0eQdp2BX+1MxeSBQpCk= contains sample tx 1199
[2026-04-19T03:25:54.766Z INFO  worker::batch_maker] Batch x/HFHPHYxQqVLLlR9Z7Z0BUJ0eQdp2BX+1MxeSBQpCk= contains sample tx 1200
[2026-04-19T03:25:54.766Z INFO  worker::batch_maker] Batch x/HFHPHYxQqVLLlR9Z7Z0BUJ0eQdp2BX+1MxeSBQpCk= contains 205312 B
[2026-04-19T03:25:54.818Z INFO  worker::batch_maker] Batch iFhyRWkJFjSfXoKJuPoCxcl7eMsfwftjqFmSNzseK+c= contains sample tx 1201
[2026-04-19T03:25:54.818Z INFO  worker::batch_maker] Batch iFhyRWkJFjSfXoKJuPoCxcl7eMsfwftjqFmSNzseK+c= contains 204800 B
[2026-04-19T03:25:54.870Z INFO  worker::batch_maker] Batch M17mqgLBrQoIGb4TiDDTzD0IlMzFSHTiTfd3Y10j3go= contains sample tx 1202
[2026-04-19T03:25:54.870Z INFO  worker::batch_maker] Batch M17mqgLBrQoIGb4TiDDTzD0IlMzFSHTiTfd3Y10j3go= contains 60928 B
[2026-04-19T03:25:54.924Z INFO  worker::batch_maker] Batch bYeMEp4jK6ahNB/VXmFLciVJW1CsSDWCv8bHXEiCRO8= contains sample tx 1203
[2026-04-19T03:25:54.924Z INFO  worker::batch_maker] Batch bYeMEp4jK6ahNB/VXmFLciVJW1CsSDWCv8bHXEiCRO8= contains 348672 B
[2026-04-19T03:25:54.979Z INFO  worker::batch_maker] Batch eo/6Uw/Rnqjd93qRssB659EUUMfG5oEJZ4MjDpQqrjU= contains sample tx 1204
[2026-04-19T03:25:54.979Z INFO  worker::batch_maker] Batch eo/6Uw/Rnqjd93qRssB659EUUMfG5oEJZ4MjDpQqrjU= contains 204800 B
[2026-04-19T03:25:55.033Z INFO  worker::batch_maker] Batch RmIzrXHMjyRwzl6bsMgy15Ykp0L9dHbI8FrhziMTb9E= contains sample tx 1205
[2026-04-19T03:25:55.033Z INFO  worker::batch_maker] Batch RmIzrXHMjyRwzl6bsMgy15Ykp0L9dHbI8FrhziMTb9E= contains 204800 B
[2026-04-19T03:25:55.086Z INFO  worker::batch_maker] Batch q1up/BF7cQbNi9DhO294S54K7xEnVkSA44wQHLwwT0o= contains sample tx 1206
[2026-04-19T03:25:55.096Z INFO  worker::batch_maker] Batch q1up/BF7cQbNi9DhO294S54K7xEnVkSA44wQHLwwT0o= contains 204800 B
[2026-04-19T03:25:55.149Z INFO  worker::batch_maker] Batch tkju4qUT1G+jqfqflR8NI5b1sGP6CPYzCI1WlcA5+HU= contains sample tx 1207
[2026-04-19T03:25:55.149Z INFO  worker::batch_maker] Batch tkju4qUT1G+jqfqflR8NI5b1sGP6CPYzCI1WlcA5+HU= contains 204800 B
[2026-04-19T03:25:55.202Z INFO  worker::batch_maker] Batch Iijp8ckhmMxQBQqrp5pN04xZeCLIT9Tq3fzShinJUd8= contains sample tx 1208
[2026-04-19T03:25:55.202Z INFO  worker::batch_maker] Batch Iijp8ckhmMxQBQqrp5pN04xZeCLIT9Tq3fzShinJUd8= contains 204800 B
[2026-04-19T03:25:55.258Z INFO  worker::batch_maker] Batch P69tVGQxs/uSp7rz5qKbuPPlpIHuxc+TTqZmqQsYqus= contains sample tx 1209
[2026-04-19T03:25:55.258Z INFO  worker::batch_maker] Batch P69tVGQxs/uSp7rz5qKbuPPlpIHuxc+TTqZmqQsYqus= contains sample tx 1210
[2026-04-19T03:25:55.258Z INFO  worker::batch_maker] Batch P69tVGQxs/uSp7rz5qKbuPPlpIHuxc+TTqZmqQsYqus= contains 409600 B
[2026-04-19T03:25:55.311Z INFO  worker::batch_maker] Batch IolZJrE4CwJpwCRdUhDGlXQQ/w867vJaDka9XYeG7t0= contains sample tx 1211
[2026-04-19T03:25:55.311Z INFO  worker::batch_maker] Batch IolZJrE4CwJpwCRdUhDGlXQQ/w867vJaDka9XYeG7t0= contains 204800 B
[2026-04-19T03:25:55.365Z INFO  worker::batch_maker] Batch IZDUhpgIDQWYd//S9PZI6gqILPgyYsPRGAMZaoZOqdc= contains sample tx 1212
[2026-04-19T03:25:55.365Z INFO  worker::batch_maker] Batch IZDUhpgIDQWYd//S9PZI6gqILPgyYsPRGAMZaoZOqdc= contains 204800 B
[2026-04-19T03:25:55.419Z INFO  worker::batch_maker] Batch BAH+ws0/g9FAgkV/JxHgHfb9/Ogr0W8AHXPqoioUeZw= contains sample tx 1213
[2026-04-19T03:25:55.419Z INFO  worker::batch_maker] Batch BAH+ws0/g9FAgkV/JxHgHfb9/Ogr0W8AHXPqoioUeZw= contains 204800 B
[2026-04-19T03:25:55.473Z INFO  worker::batch_maker] Batch 8dsfJcdhuZoVvLwgNdFm/iIH2bE00XOUbYOevtJFBqs= contains sample tx 1214
[2026-04-19T03:25:55.473Z INFO  worker::batch_maker] Batch 8dsfJcdhuZoVvLwgNdFm/iIH2bE00XOUbYOevtJFBqs= contains 204800 B
[2026-04-19T03:25:55.527Z INFO  worker::batch_maker] Batch NeViqdmarGzh+Yg6pj1YDej3x8v8SQoTrnUy9hx+mRQ= contains sample tx 1215
[2026-04-19T03:25:55.527Z INFO  worker::batch_maker] Batch NeViqdmarGzh+Yg6pj1YDej3x8v8SQoTrnUy9hx+mRQ= contains 204800 B
[2026-04-19T03:25:55.581Z INFO  worker::batch_maker] Batch Rjhdos5MwD1QnNTB+1i+E9EAYg9EsP1DdWH1wFqcbjo= contains sample tx 1216
[2026-04-19T03:25:55.581Z INFO  worker::batch_maker] Batch Rjhdos5MwD1QnNTB+1i+E9EAYg9EsP1DdWH1wFqcbjo= contains 204800 B
[2026-04-19T03:25:55.635Z INFO  worker::batch_maker] Batch /x8exBlGavwP1b/vv3gpgjwfTLDwG8SDJJo4qzBADOM= contains sample tx 1217
[2026-04-19T03:25:55.635Z INFO  worker::batch_maker] Batch /x8exBlGavwP1b/vv3gpgjwfTLDwG8SDJJo4qzBADOM= contains 204800 B
[2026-04-19T03:25:55.689Z INFO  worker::batch_maker] Batch xkxS9M9uWTCfa6kKjc7NpPoVCefWwWwBS/nVWgZ7G14= contains sample tx 1218
[2026-04-19T03:25:55.689Z INFO  worker::batch_maker] Batch xkxS9M9uWTCfa6kKjc7NpPoVCefWwWwBS/nVWgZ7G14= contains 204800 B
[2026-04-19T03:25:55.742Z INFO  worker::batch_maker] Batch vYj2MW/I/wjLu8tcZiSy4wON1Qs1sk8OXaRMhy9ui0M= contains sample tx 1219
[2026-04-19T03:25:55.742Z INFO  worker::batch_maker] Batch vYj2MW/I/wjLu8tcZiSy4wON1Qs1sk8OXaRMhy9ui0M= contains 204800 B
[2026-04-19T03:25:55.794Z INFO  worker::batch_maker] Batch RpE0dGcEUA92LH2EPkvfX7BgC2WPv15dYA/H9+e3A7E= contains sample tx 1220
[2026-04-19T03:25:55.794Z INFO  worker::batch_maker] Batch RpE0dGcEUA92LH2EPkvfX7BgC2WPv15dYA/H9+e3A7E= contains 204800 B
[2026-04-19T03:25:55.845Z INFO  worker::batch_maker] Batch Dm/rl7Byf4SvjOIHSrcUn0hwZETI9iF65HrOmyv+OUw= contains sample tx 1221
[2026-04-19T03:25:55.845Z INFO  worker::batch_maker] Batch Dm/rl7Byf4SvjOIHSrcUn0hwZETI9iF65HrOmyv+OUw= contains 204800 B
[2026-04-19T03:25:55.898Z INFO  worker::batch_maker] Batch nBjeztikDXK11Y4kCMyrzj+FQ/PEYvlUGvqrT97wFJk= contains sample tx 1222
[2026-04-19T03:25:55.898Z INFO  worker::batch_maker] Batch nBjeztikDXK11Y4kCMyrzj+FQ/PEYvlUGvqrT97wFJk= contains 204800 B
[2026-04-19T03:25:55.950Z INFO  worker::batch_maker] Batch 8o3OvYxjajixl5mXnlAcmxmadfzvDZtqruf67mnmZQc= contains sample tx 1223
[2026-04-19T03:25:55.950Z INFO  worker::batch_maker] Batch 8o3OvYxjajixl5mXnlAcmxmadfzvDZtqruf67mnmZQc= contains 204800 B
[2026-04-19T03:25:56.004Z INFO  worker::batch_maker] Batch cJ43XMztqyvQ25aIvwqu4Y78PEiZqu/mGcmCk+h9Ei0= contains sample tx 1224
[2026-04-19T03:25:56.004Z INFO  worker::batch_maker] Batch cJ43XMztqyvQ25aIvwqu4Y78PEiZqu/mGcmCk+h9Ei0= contains sample tx 1225
[2026-04-19T03:25:56.004Z INFO  worker::batch_maker] Batch cJ43XMztqyvQ25aIvwqu4Y78PEiZqu/mGcmCk+h9Ei0= contains 287232 B
[2026-04-19T03:25:56.057Z INFO  worker::batch_maker] Batch cebMhih1JXQ/4d5r/fR6VY3tk3hfv7t4Xpbfsn70+Iw= contains sample tx 1226
[2026-04-19T03:25:56.057Z INFO  worker::batch_maker] Batch cebMhih1JXQ/4d5r/fR6VY3tk3hfv7t4Xpbfsn70+Iw= contains 327168 B
[2026-04-19T03:25:56.110Z INFO  worker::batch_maker] Batch oOqCyNKdH+9l1IghdchL9v5UJ75fpJFEAo7QjcGCCWc= contains sample tx 1227
[2026-04-19T03:25:56.110Z INFO  worker::batch_maker] Batch oOqCyNKdH+9l1IghdchL9v5UJ75fpJFEAo7QjcGCCWc= contains 204800 B
[2026-04-19T03:25:56.162Z INFO  worker::batch_maker] Batch LMkyV1sFNt7MoLfDoldQQH3f+rxG2++7nEcdOOGF3lM= contains sample tx 1228
[2026-04-19T03:25:56.162Z INFO  worker::batch_maker] Batch LMkyV1sFNt7MoLfDoldQQH3f+rxG2++7nEcdOOGF3lM= contains 204800 B
[2026-04-19T03:25:56.214Z INFO  worker::batch_maker] Batch iFoHG2QU5eePZwsb4lUGk5mMokMhJAivwfxkaxVSpRA= contains sample tx 1229
[2026-04-19T03:25:56.214Z INFO  worker::batch_maker] Batch iFoHG2QU5eePZwsb4lUGk5mMokMhJAivwfxkaxVSpRA= contains 204800 B
[2026-04-19T03:25:56.265Z INFO  worker::batch_maker] Batch Q9jQldAAQ+JW1imZ0C56gT8Qubbi4U1G0iVXbXrbwSg= contains sample tx 1230
[2026-04-19T03:25:56.265Z INFO  worker::batch_maker] Batch Q9jQldAAQ+JW1imZ0C56gT8Qubbi4U1G0iVXbXrbwSg= contains 204800 B
[2026-04-19T03:25:56.317Z INFO  worker::batch_maker] Batch SWDCjgn5qf/4qMZKt27k9Wd6c2rh8Prr+XCsqbd0fMY= contains sample tx 1231
[2026-04-19T03:25:56.317Z INFO  worker::batch_maker] Batch SWDCjgn5qf/4qMZKt27k9Wd6c2rh8Prr+XCsqbd0fMY= contains 204800 B
[2026-04-19T03:25:56.371Z INFO  worker::batch_maker] Batch iTfSCN6Y+5ZBe7XqC+NwJR28ik/+CbG0lGAkSN9qe9o= contains sample tx 1232
[2026-04-19T03:25:56.371Z INFO  worker::batch_maker] Batch iTfSCN6Y+5ZBe7XqC+NwJR28ik/+CbG0lGAkSN9qe9o= contains 204800 B
[2026-04-19T03:25:56.424Z INFO  worker::batch_maker] Batch 2vwuh9V7a/PlLXypolvvBe5g+ZVbUIcHdRlp6vJT2Oc= contains sample tx 1233
[2026-04-19T03:25:56.424Z INFO  worker::batch_maker] Batch 2vwuh9V7a/PlLXypolvvBe5g+ZVbUIcHdRlp6vJT2Oc= contains 204800 B
[2026-04-19T03:25:56.477Z INFO  worker::batch_maker] Batch cfHdSZIIQkD+VbNZND5Dj6z6zLPgVAi+Wlu8wDjrpBk= contains sample tx 1234
[2026-04-19T03:25:56.477Z INFO  worker::batch_maker] Batch cfHdSZIIQkD+VbNZND5Dj6z6zLPgVAi+Wlu8wDjrpBk= contains 204800 B
[2026-04-19T03:25:56.529Z INFO  worker::batch_maker] Batch AH03YYc7JwiEYlMo4GpwIM5UPyT66KBBSs+3cvqEQck= contains sample tx 1235
[2026-04-19T03:25:56.529Z INFO  worker::batch_maker] Batch AH03YYc7JwiEYlMo4GpwIM5UPyT66KBBSs+3cvqEQck= contains 204800 B
[2026-04-19T03:25:56.583Z INFO  worker::batch_maker] Batch 6w/8xqdyxjRDdNKh+Ap7bHp1ob+03MHK7TUvrZx7bQQ= contains sample tx 1236
[2026-04-19T03:25:56.583Z INFO  worker::batch_maker] Batch 6w/8xqdyxjRDdNKh+Ap7bHp1ob+03MHK7TUvrZx7bQQ= contains 204800 B
[2026-04-19T03:25:56.634Z INFO  worker::batch_maker] Batch oOu/oRSallOznpt7a5CsMXBV+Gte3h4oiFrjn3ZIhpg= contains sample tx 1237
[2026-04-19T03:25:56.634Z INFO  worker::batch_maker] Batch oOu/oRSallOznpt7a5CsMXBV+Gte3h4oiFrjn3ZIhpg= contains 204800 B
[2026-04-19T03:25:56.687Z INFO  worker::batch_maker] Batch krEYyp0+PAX4eL+RoQafkwSl+2x8y35uuRbun33GPpU= contains sample tx 1238
[2026-04-19T03:25:56.687Z INFO  worker::batch_maker] Batch krEYyp0+PAX4eL+RoQafkwSl+2x8y35uuRbun33GPpU= contains 204800 B
[2026-04-19T03:25:56.739Z INFO  worker::batch_maker] Batch bKjlb5qqwQXgl/Xmsb74CQtC3w/mASHcHKRh1ONA1WE= contains sample tx 1239
[2026-04-19T03:25:56.739Z INFO  worker::batch_maker] Batch bKjlb5qqwQXgl/Xmsb74CQtC3w/mASHcHKRh1ONA1WE= contains 204800 B
[2026-04-19T03:25:56.792Z INFO  worker::batch_maker] Batch vDV6N2EnLVMXpywYFEtl7GskGPAuFEEi2rp1YVQMmnI= contains sample tx 1240
[2026-04-19T03:25:56.792Z INFO  worker::batch_maker] Batch vDV6N2EnLVMXpywYFEtl7GskGPAuFEEi2rp1YVQMmnI= contains 204800 B
[2026-04-19T03:25:56.846Z INFO  worker::batch_maker] Batch 9Uvib10tz5iLnfH4jA2Hk2jl/FBc2cLeHWJ6nZL1Pms= contains sample tx 1241
[2026-04-19T03:25:56.846Z INFO  worker::batch_maker] Batch 9Uvib10tz5iLnfH4jA2Hk2jl/FBc2cLeHWJ6nZL1Pms= contains 204800 B
[2026-04-19T03:25:56.899Z INFO  worker::batch_maker] Batch fjpTR2d/Mc7E60hK9A5b0Y2dMUBy/bYlWgalAQE8oRY= contains sample tx 1242
[2026-04-19T03:25:56.899Z INFO  worker::batch_maker] Batch fjpTR2d/Mc7E60hK9A5b0Y2dMUBy/bYlWgalAQE8oRY= contains 204800 B
[2026-04-19T03:25:56.951Z INFO  worker::batch_maker] Batch fWq3bxo/8rgTSWRMe0FseMF23z5I2F2X2UyM+q4GdwQ= contains sample tx 1243
[2026-04-19T03:25:56.951Z INFO  worker::batch_maker] Batch fWq3bxo/8rgTSWRMe0FseMF23z5I2F2X2UyM+q4GdwQ= contains sample tx 1244
[2026-04-19T03:25:56.951Z INFO  worker::batch_maker] Batch fWq3bxo/8rgTSWRMe0FseMF23z5I2F2X2UyM+q4GdwQ= contains 265216 B
[2026-04-19T03:25:57.005Z INFO  worker::batch_maker] Batch WbGvp8iNtw4fGjD0GAqezfVsiYj8CPBrcANdBBlhQ5I= contains sample tx 1245
[2026-04-19T03:25:57.005Z INFO  worker::batch_maker] Batch WbGvp8iNtw4fGjD0GAqezfVsiYj8CPBrcANdBBlhQ5I= contains 275968 B
[2026-04-19T03:25:57.058Z INFO  worker::batch_maker] Batch HoLaZ2t7jodvr3UJaeTDE4y1Xk9lsiQCbmvKJFAHwJw= contains sample tx 1246
[2026-04-19T03:25:57.058Z INFO  worker::batch_maker] Batch HoLaZ2t7jodvr3UJaeTDE4y1Xk9lsiQCbmvKJFAHwJw= contains 278016 B
[2026-04-19T03:25:57.110Z INFO  worker::batch_maker] Batch 1/zeD4ljnkJAGZ7z36LFRSYx3GdYYrXyo+QJz/sLMG4= contains sample tx 1247
[2026-04-19T03:25:57.110Z INFO  worker::batch_maker] Batch 1/zeD4ljnkJAGZ7z36LFRSYx3GdYYrXyo+QJz/sLMG4= contains 204800 B
[2026-04-19T03:25:57.163Z INFO  worker::batch_maker] Batch rugWKHSrcfY3CGtzPpezyZRf+IpktTqqDMsj1VrMEzw= contains sample tx 1248
[2026-04-19T03:25:57.163Z INFO  worker::batch_maker] Batch rugWKHSrcfY3CGtzPpezyZRf+IpktTqqDMsj1VrMEzw= contains 204800 B
[2026-04-19T03:25:57.215Z INFO  worker::batch_maker] Batch u/Z8178dJ5OdMo5alD3gwBErJRoDBVKKEO1NCgF7+YM= contains sample tx 1249
[2026-04-19T03:25:57.215Z INFO  worker::batch_maker] Batch u/Z8178dJ5OdMo5alD3gwBErJRoDBVKKEO1NCgF7+YM= contains 204800 B
[2026-04-19T03:25:57.267Z INFO  worker::batch_maker] Batch PWHFihSTLEYuvGnNyzQEvGincNmr8mOtBNIuAPMQGLw= contains sample tx 1250
[2026-04-19T03:25:57.267Z INFO  worker::batch_maker] Batch PWHFihSTLEYuvGnNyzQEvGincNmr8mOtBNIuAPMQGLw= contains 204800 B
[2026-04-19T03:25:57.318Z INFO  worker::batch_maker] Batch /KPVLN2gEEyiWuRIwPqnxAFLMkYAvVyWR2/vf5dUXlw= contains sample tx 1251
[2026-04-19T03:25:57.318Z INFO  worker::batch_maker] Batch /KPVLN2gEEyiWuRIwPqnxAFLMkYAvVyWR2/vf5dUXlw= contains 204800 B
[2026-04-19T03:25:57.370Z INFO  worker::batch_maker] Batch iXiQ1TvxjDX3v72sF/rVvPQLP2khD1OgALKt7aZjrmw= contains sample tx 1252
[2026-04-19T03:25:57.370Z INFO  worker::batch_maker] Batch iXiQ1TvxjDX3v72sF/rVvPQLP2khD1OgALKt7aZjrmw= contains 204800 B
[2026-04-19T03:25:57.423Z INFO  worker::batch_maker] Batch ZFP9ao4MULSu/Hq7Egj7kAEk5vhNUyxltcxiN0NmpYA= contains sample tx 1253
[2026-04-19T03:25:57.423Z INFO  worker::batch_maker] Batch ZFP9ao4MULSu/Hq7Egj7kAEk5vhNUyxltcxiN0NmpYA= contains 204800 B
[2026-04-19T03:25:57.475Z INFO  worker::batch_maker] Batch K13LmhUioOcUpC3c0qTw01puCAxKlsFbcb6d61J2ajw= contains sample tx 1254
[2026-04-19T03:25:57.476Z INFO  worker::batch_maker] Batch K13LmhUioOcUpC3c0qTw01puCAxKlsFbcb6d61J2ajw= contains 204800 B
[2026-04-19T03:25:57.527Z INFO  worker::batch_maker] Batch ygvbK2fJRk6ot5q+k5PIvk08h0UrX0JLDKVK3XTHrIk= contains sample tx 1255
[2026-04-19T03:25:57.527Z INFO  worker::batch_maker] Batch ygvbK2fJRk6ot5q+k5PIvk08h0UrX0JLDKVK3XTHrIk= contains 204800 B
[2026-04-19T03:25:57.580Z INFO  worker::batch_maker] Batch JFhIGbQC6+bNCGdk5h3/OMiW+CNStjLxJwSqVdEBVE8= contains sample tx 1256
[2026-04-19T03:25:57.580Z INFO  worker::batch_maker] Batch JFhIGbQC6+bNCGdk5h3/OMiW+CNStjLxJwSqVdEBVE8= contains 204800 B
[2026-04-19T03:25:57.632Z INFO  worker::batch_maker] Batch qCFFtTEjL50EGiJyADpNTR3vf5lUYcXiaKINF33lF/Y= contains sample tx 1257
[2026-04-19T03:25:57.632Z INFO  worker::batch_maker] Batch qCFFtTEjL50EGiJyADpNTR3vf5lUYcXiaKINF33lF/Y= contains 204800 B
[2026-04-19T03:25:57.684Z INFO  worker::batch_maker] Batch M1cXfHD6T9hXjB6vNTtESMRkUrgitL525d6WSw2su3Q= contains sample tx 1258
[2026-04-19T03:25:57.684Z INFO  worker::batch_maker] Batch M1cXfHD6T9hXjB6vNTtESMRkUrgitL525d6WSw2su3Q= contains 204800 B
[2026-04-19T03:25:57.736Z INFO  worker::batch_maker] Batch AKCtKOM0lSlH38QevQvAuFvT/p8HGHwtzU54cZTfJTM= contains sample tx 1259
[2026-04-19T03:25:57.736Z INFO  worker::batch_maker] Batch AKCtKOM0lSlH38QevQvAuFvT/p8HGHwtzU54cZTfJTM= contains 204800 B
[2026-04-19T03:25:57.789Z INFO  worker::batch_maker] Batch gAUJYKfm4i9Wz3Hv9jur6/dLI8j9sx+4l3xb+AVSjv8= contains sample tx 1260
[2026-04-19T03:25:57.789Z INFO  worker::batch_maker] Batch gAUJYKfm4i9Wz3Hv9jur6/dLI8j9sx+4l3xb+AVSjv8= contains 204800 B
[2026-04-19T03:25:57.841Z INFO  worker::batch_maker] Batch HmGi16MpQbo3QpkN23nONsmlQp8afrlBVo2CrqHjIec= contains sample tx 1261
[2026-04-19T03:25:57.841Z INFO  worker::batch_maker] Batch HmGi16MpQbo3QpkN23nONsmlQp8afrlBVo2CrqHjIec= contains 204800 B
[2026-04-19T03:25:57.894Z INFO  worker::batch_maker] Batch tY8qSuRTRdE14x4SrvvCy0QcEyNUxt1cCTiggRq6sb4= contains sample tx 1262
[2026-04-19T03:25:57.894Z INFO  worker::batch_maker] Batch tY8qSuRTRdE14x4SrvvCy0QcEyNUxt1cCTiggRq6sb4= contains 204800 B
[2026-04-19T03:25:57.946Z INFO  worker::batch_maker] Batch U96FmSn52C+YDbUu1mIy8WkjqJrP72p4QpT4B81UR8s= contains sample tx 1263
[2026-04-19T03:25:57.946Z INFO  worker::batch_maker] Batch U96FmSn52C+YDbUu1mIy8WkjqJrP72p4QpT4B81UR8s= contains 204800 B
[2026-04-19T03:25:58.000Z INFO  worker::batch_maker] Batch vEbxSOnvnSDDpG4pmyM1Xa/0rJmLg9TNeeVs3P9ud6s= contains sample tx 1264
[2026-04-19T03:25:58.000Z INFO  worker::batch_maker] Batch vEbxSOnvnSDDpG4pmyM1Xa/0rJmLg9TNeeVs3P9ud6s= contains 204800 B
[2026-04-19T03:25:58.054Z INFO  worker::batch_maker] Batch /CQSAod+2qlYt14gRchiiAmAyZkYu0C/0fucCjpE9jo= contains sample tx 1265
[2026-04-19T03:25:58.054Z INFO  worker::batch_maker] Batch /CQSAod+2qlYt14gRchiiAmAyZkYu0C/0fucCjpE9jo= contains sample tx 1266
[2026-04-19T03:25:58.054Z INFO  worker::batch_maker] Batch /CQSAod+2qlYt14gRchiiAmAyZkYu0C/0fucCjpE9jo= contains 276480 B
[2026-04-19T03:25:58.106Z INFO  worker::batch_maker] Batch GheqzbWrKD0DSq7yQEt9aYTSxfyRotrOXrVVKwqBc1A= contains sample tx 1267
[2026-04-19T03:25:58.106Z INFO  worker::batch_maker] Batch GheqzbWrKD0DSq7yQEt9aYTSxfyRotrOXrVVKwqBc1A= contains 186368 B
[2026-04-19T03:25:58.159Z INFO  worker::batch_maker] Batch LRSJHT1jTNinMDdfpG/mM+MtakfFHLN1NrTJ6dPF+5Y= contains sample tx 1268
[2026-04-19T03:25:58.159Z INFO  worker::batch_maker] Batch LRSJHT1jTNinMDdfpG/mM+MtakfFHLN1NrTJ6dPF+5Y= contains 356352 B
[2026-04-19T03:25:58.212Z INFO  worker::batch_maker] Batch imJ26FOTFV4SB0718QlJ0/9vwdYYulvmLxP+39UzDMc= contains sample tx 1269
[2026-04-19T03:25:58.212Z INFO  worker::batch_maker] Batch imJ26FOTFV4SB0718QlJ0/9vwdYYulvmLxP+39UzDMc= contains 204800 B
[2026-04-19T03:25:58.263Z INFO  worker::batch_maker] Batch e8cwTpBYhCOXO2glyjNSjMJ7Oh2/g+AnmOrkANVxlbI= contains sample tx 1270
[2026-04-19T03:25:58.263Z INFO  worker::batch_maker] Batch e8cwTpBYhCOXO2glyjNSjMJ7Oh2/g+AnmOrkANVxlbI= contains 204800 B
[2026-04-19T03:25:58.317Z INFO  worker::batch_maker] Batch iXnfpz7LRoStiIBYYZXuwVs5dpvTknGTsHs920GAbXM= contains sample tx 1271
[2026-04-19T03:25:58.317Z INFO  worker::batch_maker] Batch iXnfpz7LRoStiIBYYZXuwVs5dpvTknGTsHs920GAbXM= contains 204800 B
[2026-04-19T03:25:58.370Z INFO  worker::batch_maker] Batch XfDgkzxoQlA+xqHDleJW5NW779E+1VJ2BZ/PeCHCohw= contains sample tx 1272
[2026-04-19T03:25:58.370Z INFO  worker::batch_maker] Batch XfDgkzxoQlA+xqHDleJW5NW779E+1VJ2BZ/PeCHCohw= contains 204800 B
[2026-04-19T03:25:58.424Z INFO  worker::batch_maker] Batch jcMQifI49uqmSCwFbW9xxxKaJ9T1nfvS1agCNU0U5Cg= contains sample tx 1273
[2026-04-19T03:25:58.424Z INFO  worker::batch_maker] Batch jcMQifI49uqmSCwFbW9xxxKaJ9T1nfvS1agCNU0U5Cg= contains 204800 B
[2026-04-19T03:25:58.477Z INFO  worker::batch_maker] Batch djdj/B3Y2P8u//SmozS05ZUp0pW0nXZXn6LdCyfRric= contains sample tx 1274
[2026-04-19T03:25:58.477Z INFO  worker::batch_maker] Batch djdj/B3Y2P8u//SmozS05ZUp0pW0nXZXn6LdCyfRric= contains 204800 B
[2026-04-19T03:25:58.532Z INFO  worker::batch_maker] Batch qCtb/RGBtvN2JD1+H0+wqmWnXZMJja+N2NGNI5CWwQY= contains sample tx 1275
[2026-04-19T03:25:58.532Z INFO  worker::batch_maker] Batch qCtb/RGBtvN2JD1+H0+wqmWnXZMJja+N2NGNI5CWwQY= contains 204800 B
[2026-04-19T03:25:58.586Z INFO  worker::batch_maker] Batch Q7KRL3j8q6QHkWcvcOY2uUxwHgYntFArZY3MZWeykYE= contains sample tx 1276
[2026-04-19T03:25:58.586Z INFO  worker::batch_maker] Batch Q7KRL3j8q6QHkWcvcOY2uUxwHgYntFArZY3MZWeykYE= contains 204800 B
[2026-04-19T03:25:58.638Z INFO  worker::batch_maker] Batch NxUkR3dHeO6fVHwKwMPiMhiPz9LHUWQnuijEYApilOc= contains sample tx 1277
[2026-04-19T03:25:58.639Z INFO  worker::batch_maker] Batch NxUkR3dHeO6fVHwKwMPiMhiPz9LHUWQnuijEYApilOc= contains 204800 B
[2026-04-19T03:25:58.691Z INFO  worker::batch_maker] Batch 5uoBsxVCole0AjmBvXyJ5SYNKMzIBQauSn+UDQijgaU= contains sample tx 1278
[2026-04-19T03:25:58.691Z INFO  worker::batch_maker] Batch 5uoBsxVCole0AjmBvXyJ5SYNKMzIBQauSn+UDQijgaU= contains 204800 B
[2026-04-19T03:25:58.748Z INFO  worker::batch_maker] Batch EHKJUI1w8HYypHmerhJxRruE5JEvwLONHpoj9AZZFTI= contains sample tx 1279
[2026-04-19T03:25:58.748Z INFO  worker::batch_maker] Batch EHKJUI1w8HYypHmerhJxRruE5JEvwLONHpoj9AZZFTI= contains 204800 B
[2026-04-19T03:25:58.800Z INFO  worker::batch_maker] Batch j9EMF0PON05I16dY8iqwJvQoOEllc8NBRXV1/ofe6Is= contains sample tx 1280
[2026-04-19T03:25:58.800Z INFO  worker::batch_maker] Batch j9EMF0PON05I16dY8iqwJvQoOEllc8NBRXV1/ofe6Is= contains 204800 B
[2026-04-19T03:25:58.852Z INFO  worker::batch_maker] Batch DXIpagHRMiGDyRVWQBO95r8PFqtQlX1qylacHGmdu+M= contains sample tx 1281
[2026-04-19T03:25:58.852Z INFO  worker::batch_maker] Batch DXIpagHRMiGDyRVWQBO95r8PFqtQlX1qylacHGmdu+M= contains sample tx 1282
[2026-04-19T03:25:58.852Z INFO  worker::batch_maker] Batch DXIpagHRMiGDyRVWQBO95r8PFqtQlX1qylacHGmdu+M= contains 249344 B
[2026-04-19T03:25:58.905Z INFO  worker::batch_maker] Batch B7i1DHKQcneXfA34IGnnTAISnLGXYvEUJuyof0YX3cI= contains sample tx 1283
[2026-04-19T03:25:58.905Z INFO  worker::batch_maker] Batch B7i1DHKQcneXfA34IGnnTAISnLGXYvEUJuyof0YX3cI= contains 365056 B
[2026-04-19T03:25:58.956Z INFO  worker::batch_maker] Batch i6N02scveeX7wG262mYlt4W1ngyM4N+l9QHtn07vwXA= contains sample tx 1284
[2026-04-19T03:25:58.956Z INFO  worker::batch_maker] Batch i6N02scveeX7wG262mYlt4W1ngyM4N+l9QHtn07vwXA= contains 204800 B
[2026-04-19T03:25:59.008Z INFO  worker::batch_maker] Batch wI80x2Mbsl2hdsPQRwYEr30BWO5fY5rCOh2+QZhs9ns= contains sample tx 1285
[2026-04-19T03:25:59.008Z INFO  worker::batch_maker] Batch wI80x2Mbsl2hdsPQRwYEr30BWO5fY5rCOh2+QZhs9ns= contains 204800 B
[2026-04-19T03:25:59.060Z INFO  worker::batch_maker] Batch 3YU371yEPhWmybMgZ+6nOXNzBydKKnz51Tw9QhYb2u0= contains sample tx 1286
[2026-04-19T03:25:59.060Z INFO  worker::batch_maker] Batch 3YU371yEPhWmybMgZ+6nOXNzBydKKnz51Tw9QhYb2u0= contains 204800 B
[2026-04-19T03:25:59.112Z INFO  worker::batch_maker] Batch Bho9pRFPiVYWOBjJtKPOuVDpqH211yxQMBFWmkk2GuE= contains sample tx 1287
[2026-04-19T03:25:59.112Z INFO  worker::batch_maker] Batch Bho9pRFPiVYWOBjJtKPOuVDpqH211yxQMBFWmkk2GuE= contains 204800 B
[2026-04-19T03:25:59.164Z INFO  worker::batch_maker] Batch iNKyScw0hlnmxOHE4h8mq2TD61Q4sqaYD9Sbsx3A0dE= contains sample tx 1288
[2026-04-19T03:25:59.164Z INFO  worker::batch_maker] Batch iNKyScw0hlnmxOHE4h8mq2TD61Q4sqaYD9Sbsx3A0dE= contains 204800 B
[2026-04-19T03:25:59.216Z INFO  worker::batch_maker] Batch kg7fVproKO4RpbMcGedTmA18gyyM0vOtE9p8OQxSrC0= contains sample tx 1289
[2026-04-19T03:25:59.216Z INFO  worker::batch_maker] Batch kg7fVproKO4RpbMcGedTmA18gyyM0vOtE9p8OQxSrC0= contains 204800 B
[2026-04-19T03:25:59.268Z INFO  worker::batch_maker] Batch Kd1LTsr7DyVZofLbAYqJ5gxjJa554m0eTIta5jhM9cI= contains sample tx 1290
[2026-04-19T03:25:59.268Z INFO  worker::batch_maker] Batch Kd1LTsr7DyVZofLbAYqJ5gxjJa554m0eTIta5jhM9cI= contains 204800 B
[2026-04-19T03:25:59.321Z INFO  worker::batch_maker] Batch 7tMZblQrWzCxTtNve5kEwxiuT0Ww8MHobjvXjFogJ+o= contains sample tx 1291
[2026-04-19T03:25:59.321Z INFO  worker::batch_maker] Batch 7tMZblQrWzCxTtNve5kEwxiuT0Ww8MHobjvXjFogJ+o= contains 204800 B
[2026-04-19T03:25:59.374Z INFO  worker::batch_maker] Batch oZBIJG3to5SftShFh1g3lM8zYnHbjK1izaOoXhPAqzk= contains sample tx 1292
[2026-04-19T03:25:59.374Z INFO  worker::batch_maker] Batch oZBIJG3to5SftShFh1g3lM8zYnHbjK1izaOoXhPAqzk= contains 204800 B
[2026-04-19T03:25:59.425Z INFO  worker::batch_maker] Batch yJS2ytKpTsWc59+kITvQDQS50SQ5HRD29Irl67JxTZ0= contains sample tx 1293
[2026-04-19T03:25:59.425Z INFO  worker::batch_maker] Batch yJS2ytKpTsWc59+kITvQDQS50SQ5HRD29Irl67JxTZ0= contains 204800 B
[2026-04-19T03:25:59.477Z INFO  worker::batch_maker] Batch d0GRf0J0Io1wsQW2gyJynXPGUTt8+b/qmRBcNQOV9KE= contains sample tx 1294
[2026-04-19T03:25:59.477Z INFO  worker::batch_maker] Batch d0GRf0J0Io1wsQW2gyJynXPGUTt8+b/qmRBcNQOV9KE= contains 204800 B
[2026-04-19T03:25:59.529Z INFO  worker::batch_maker] Batch 4gvudXiDVsYxOqUhCLXutMCxBhAN2Lhp4Z3fbx66rJQ= contains sample tx 1295
[2026-04-19T03:25:59.529Z INFO  worker::batch_maker] Batch 4gvudXiDVsYxOqUhCLXutMCxBhAN2Lhp4Z3fbx66rJQ= contains 204800 B
[2026-04-19T03:25:59.581Z INFO  worker::batch_maker] Batch idoj7CjA6mmxbic6lXhImaYPVSOXp0J2v8TFUqqc/Ng= contains sample tx 1296
[2026-04-19T03:25:59.581Z INFO  worker::batch_maker] Batch idoj7CjA6mmxbic6lXhImaYPVSOXp0J2v8TFUqqc/Ng= contains 204800 B
[2026-04-19T03:25:59.633Z INFO  worker::batch_maker] Batch S/VVxlj9nkv+B64pDBbKYIl7Wwj+22sz3vxihAuvnQQ= contains sample tx 1297
[2026-04-19T03:25:59.633Z INFO  worker::batch_maker] Batch S/VVxlj9nkv+B64pDBbKYIl7Wwj+22sz3vxihAuvnQQ= contains 204800 B
[2026-04-19T03:25:59.685Z INFO  worker::batch_maker] Batch 1I8DNk2psS8Mq2mTL+mGcmbzlsdBzo/20bc8PbRRLbM= contains sample tx 1298
[2026-04-19T03:25:59.685Z INFO  worker::batch_maker] Batch 1I8DNk2psS8Mq2mTL+mGcmbzlsdBzo/20bc8PbRRLbM= contains 204800 B
[2026-04-19T03:25:59.738Z INFO  worker::batch_maker] Batch B6+o77lt7OqBLxRyHZVQvTue7yPwh9J2Hwb+1Xwwwa4= contains sample tx 1299
[2026-04-19T03:25:59.738Z INFO  worker::batch_maker] Batch B6+o77lt7OqBLxRyHZVQvTue7yPwh9J2Hwb+1Xwwwa4= contains 204800 B
[2026-04-19T03:25:59.790Z INFO  worker::batch_maker] Batch IDNJ4lPlIqWwe9RYs3jT86lzlD/jIgq0MNIm3chbupI= contains sample tx 1300
[2026-04-19T03:25:59.790Z INFO  worker::batch_maker] Batch IDNJ4lPlIqWwe9RYs3jT86lzlD/jIgq0MNIm3chbupI= contains 204800 B
[2026-04-19T03:25:59.843Z INFO  worker::batch_maker] Batch /VSGQhgJ6UL9u8PyB2KG6f4NfzUSj1TgM5tbTBKtkrQ= contains sample tx 1301
[2026-04-19T03:25:59.843Z INFO  worker::batch_maker] Batch /VSGQhgJ6UL9u8PyB2KG6f4NfzUSj1TgM5tbTBKtkrQ= contains 204800 B
[2026-04-19T03:25:59.895Z INFO  worker::batch_maker] Batch A2zOYsJfkVJwjPm+KDbIgEZgIUPQ57IqNHU2GFMX8bM= contains sample tx 1302
[2026-04-19T03:25:59.895Z INFO  worker::batch_maker] Batch A2zOYsJfkVJwjPm+KDbIgEZgIUPQ57IqNHU2GFMX8bM= contains 204800 B
[2026-04-19T03:25:59.948Z INFO  worker::batch_maker] Batch CWrY3VYrRbINFNuhHWY4lKtoF5tFi7spGHyqO8wCzsE= contains sample tx 1303
[2026-04-19T03:25:59.948Z INFO  worker::batch_maker] Batch CWrY3VYrRbINFNuhHWY4lKtoF5tFi7spGHyqO8wCzsE= contains 204800 B
[2026-04-19T03:26:00.002Z INFO  worker::batch_maker] Batch ib1kwAriGLp4AB6wg3N+Tyj5PV4ppaNzN/anua5SMkY= contains sample tx 1304
[2026-04-19T03:26:00.002Z INFO  worker::batch_maker] Batch ib1kwAriGLp4AB6wg3N+Tyj5PV4ppaNzN/anua5SMkY= contains 204800 B
[2026-04-19T03:26:00.055Z INFO  worker::batch_maker] Batch KRfKNW2rhBP8x4boUh1GXuGsutDeP+CATzBYkJmUW30= contains sample tx 1305
[2026-04-19T03:26:00.055Z INFO  worker::batch_maker] Batch KRfKNW2rhBP8x4boUh1GXuGsutDeP+CATzBYkJmUW30= contains sample tx 1306
[2026-04-19T03:26:00.055Z INFO  worker::batch_maker] Batch KRfKNW2rhBP8x4boUh1GXuGsutDeP+CATzBYkJmUW30= contains 329728 B
[2026-04-19T03:26:00.108Z INFO  worker::batch_maker] Batch jJ721qDNr2p9Ak2W7z2g/QJdSnFZZtertOMnGadBOzo= contains sample tx 1307
[2026-04-19T03:26:00.108Z INFO  worker::batch_maker] Batch jJ721qDNr2p9Ak2W7z2g/QJdSnFZZtertOMnGadBOzo= contains 284672 B
[2026-04-19T03:26:00.162Z INFO  worker::batch_maker] Batch 17BQ72638IwIHXToEZWAdNjfmLAU6rb1/x8AwCfstCU= contains sample tx 1308
[2026-04-19T03:26:00.162Z INFO  worker::batch_maker] Batch 17BQ72638IwIHXToEZWAdNjfmLAU6rb1/x8AwCfstCU= contains 204800 B
[2026-04-19T03:26:00.216Z INFO  worker::batch_maker] Batch 2azoTFxKEpAaDI566qVEAOK4fJgxTCykep1c4hK22F0= contains sample tx 1309
[2026-04-19T03:26:00.216Z INFO  worker::batch_maker] Batch 2azoTFxKEpAaDI566qVEAOK4fJgxTCykep1c4hK22F0= contains 204800 B
[2026-04-19T03:26:00.269Z INFO  worker::batch_maker] Batch pIkNWJJNSY0ZGoKgzk6ATTn4ihglwYkoJTcvfHD+Vu4= contains sample tx 1310
[2026-04-19T03:26:00.269Z INFO  worker::batch_maker] Batch pIkNWJJNSY0ZGoKgzk6ATTn4ihglwYkoJTcvfHD+Vu4= contains 204800 B
[2026-04-19T03:26:00.321Z INFO  worker::batch_maker] Batch ZV5sxCo+LpB7vkdjAjHbCSTwu6li2+F+NvuB8GAsuZY= contains sample tx 1311
[2026-04-19T03:26:00.321Z INFO  worker::batch_maker] Batch ZV5sxCo+LpB7vkdjAjHbCSTwu6li2+F+NvuB8GAsuZY= contains 204800 B
[2026-04-19T03:26:00.374Z INFO  worker::batch_maker] Batch AaUUKWXQ8hxSBQs3CvooWjddKFoQG7JlMVaNnTz88Ek= contains sample tx 1312
[2026-04-19T03:26:00.374Z INFO  worker::batch_maker] Batch AaUUKWXQ8hxSBQs3CvooWjddKFoQG7JlMVaNnTz88Ek= contains 204800 B
[2026-04-19T03:26:00.427Z INFO  worker::batch_maker] Batch Q0maLNc70Lh7wFL8eBJDB5tuUziuRRFaex7hlbdvpac= contains sample tx 1313
[2026-04-19T03:26:00.427Z INFO  worker::batch_maker] Batch Q0maLNc70Lh7wFL8eBJDB5tuUziuRRFaex7hlbdvpac= contains 204800 B
[2026-04-19T03:26:00.478Z INFO  worker::batch_maker] Batch 0nhY4sHf7LGGxoTMG4ohU3IaXhtbWsJncD5yRVOnXAE= contains sample tx 1314
[2026-04-19T03:26:00.478Z INFO  worker::batch_maker] Batch 0nhY4sHf7LGGxoTMG4ohU3IaXhtbWsJncD5yRVOnXAE= contains 204800 B
[2026-04-19T03:26:00.531Z INFO  worker::batch_maker] Batch PBVLQ58T8d7uAsvz9YjquDPMjXcebvTlX+KA3WNRucg= contains sample tx 1315
[2026-04-19T03:26:00.531Z INFO  worker::batch_maker] Batch PBVLQ58T8d7uAsvz9YjquDPMjXcebvTlX+KA3WNRucg= contains 204800 B
[2026-04-19T03:26:00.583Z INFO  worker::batch_maker] Batch d6diU6/+TobLH5yT24Me98fKUoXyMRMmgaMcmprFL2Y= contains sample tx 1316
[2026-04-19T03:26:00.583Z INFO  worker::batch_maker] Batch d6diU6/+TobLH5yT24Me98fKUoXyMRMmgaMcmprFL2Y= contains 204800 B
[2026-04-19T03:26:00.636Z INFO  worker::batch_maker] Batch SCwy5I7qTyBwWUupEuZhs13zutDJg+jIv9slRyDFP58= contains sample tx 1317
[2026-04-19T03:26:00.636Z INFO  worker::batch_maker] Batch SCwy5I7qTyBwWUupEuZhs13zutDJg+jIv9slRyDFP58= contains 204800 B
[2026-04-19T03:26:00.688Z INFO  worker::batch_maker] Batch k/pH0IHnPP+l5kyRiTdochPMiDFA93nSeiFyseBPVdg= contains sample tx 1318
[2026-04-19T03:26:00.688Z INFO  worker::batch_maker] Batch k/pH0IHnPP+l5kyRiTdochPMiDFA93nSeiFyseBPVdg= contains 204800 B
[2026-04-19T03:26:00.742Z INFO  worker::batch_maker] Batch Ttr0ydtWZ5EFM0F4zaUjTT6nq5RjUQ8Lg9f3CCjuuME= contains sample tx 1319
[2026-04-19T03:26:00.742Z INFO  worker::batch_maker] Batch Ttr0ydtWZ5EFM0F4zaUjTT6nq5RjUQ8Lg9f3CCjuuME= contains 204800 B
[2026-04-19T03:26:00.795Z INFO  worker::batch_maker] Batch R9IP28rTpMII+B+GFmXhh//JkVEDFrv0WdviV8VGNN4= contains sample tx 1320
[2026-04-19T03:26:00.795Z INFO  worker::batch_maker] Batch R9IP28rTpMII+B+GFmXhh//JkVEDFrv0WdviV8VGNN4= contains 204800 B
[2026-04-19T03:26:00.849Z INFO  worker::batch_maker] Batch ZkxS8SsaqLpmUJLb4LDMgzMPQapKz4Zt9O6lKgY43S8= contains sample tx 1321
[2026-04-19T03:26:00.849Z INFO  worker::batch_maker] Batch ZkxS8SsaqLpmUJLb4LDMgzMPQapKz4Zt9O6lKgY43S8= contains 204800 B
[2026-04-19T03:26:00.902Z INFO  worker::batch_maker] Batch FSRt6SdAR5QVvHCoWMm78VXSuH+D5qhrgjHfxQniXpM= contains sample tx 1322
[2026-04-19T03:26:00.902Z INFO  worker::batch_maker] Batch FSRt6SdAR5QVvHCoWMm78VXSuH+D5qhrgjHfxQniXpM= contains 204800 B
[2026-04-19T03:26:00.956Z INFO  worker::batch_maker] Batch +FgIGknsrrdlZD7YAL4oMeibzBJsHQfHf383UwXD4wA= contains sample tx 1323
[2026-04-19T03:26:00.956Z INFO  worker::batch_maker] Batch +FgIGknsrrdlZD7YAL4oMeibzBJsHQfHf383UwXD4wA= contains sample tx 1324
[2026-04-19T03:26:00.956Z INFO  worker::batch_maker] Batch +FgIGknsrrdlZD7YAL4oMeibzBJsHQfHf383UwXD4wA= contains 301568 B
[2026-04-19T03:26:01.009Z INFO  worker::batch_maker] Batch Hd+LGWHd8oHw96iUlZrRMhVoxnmRIQ/3/kCk6Re9L9c= contains sample tx 1325
[2026-04-19T03:26:01.009Z INFO  worker::batch_maker] Batch Hd+LGWHd8oHw96iUlZrRMhVoxnmRIQ/3/kCk6Re9L9c= contains 312832 B
[2026-04-19T03:26:01.063Z INFO  worker::batch_maker] Batch emscWJgTJcW6F827wQWJqY9g+VdESWeFcSmUXuL6y+E= contains sample tx 1326
[2026-04-19T03:26:01.063Z INFO  worker::batch_maker] Batch emscWJgTJcW6F827wQWJqY9g+VdESWeFcSmUXuL6y+E= contains 204800 B
[2026-04-19T03:26:01.115Z INFO  worker::batch_maker] Batch zFXl8JAH2CX4OhCdPeKjprkOL71wAIHqKHqTuz4sFnU= contains sample tx 1327
[2026-04-19T03:26:01.116Z INFO  worker::batch_maker] Batch zFXl8JAH2CX4OhCdPeKjprkOL71wAIHqKHqTuz4sFnU= contains 204800 B
[2026-04-19T03:26:01.168Z INFO  worker::batch_maker] Batch mZ63EQr7kXind7/Ac1CFjk86MfHe03rG24z1DeaExfw= contains sample tx 1328
[2026-04-19T03:26:01.169Z INFO  worker::batch_maker] Batch mZ63EQr7kXind7/Ac1CFjk86MfHe03rG24z1DeaExfw= contains 204800 B
[2026-04-19T03:26:01.220Z INFO  worker::batch_maker] Batch UbEy8UYnJZKkrlA1PXW8NSObA90lLfmPnhHGgv2QFrM= contains 66048 B
[2026-04-19T03:26:01.275Z INFO  worker::batch_maker] Batch htOa44VlZpPOp8hpYiVm976y3+BZraHUOUMW4YANHIA= contains sample tx 1329
[2026-04-19T03:26:01.275Z INFO  worker::batch_maker] Batch htOa44VlZpPOp8hpYiVm976y3+BZraHUOUMW4YANHIA= contains sample tx 1330
[2026-04-19T03:26:01.275Z INFO  worker::batch_maker] Batch htOa44VlZpPOp8hpYiVm976y3+BZraHUOUMW4YANHIA= contains 343552 B
[2026-04-19T03:26:01.328Z INFO  worker::batch_maker] Batch RxPw86xNQ3VOHK7QkVCuf+OoAkx6BAJbUDVZ5609ojM= contains sample tx 1331
[2026-04-19T03:26:01.328Z INFO  worker::batch_maker] Batch RxPw86xNQ3VOHK7QkVCuf+OoAkx6BAJbUDVZ5609ojM= contains 204800 B
[2026-04-19T03:26:01.380Z INFO  worker::batch_maker] Batch gVUkwMNtUf/64BthYSwz7kXGtq97yQkru2vypG70434= contains sample tx 1332
[2026-04-19T03:26:01.380Z INFO  worker::batch_maker] Batch gVUkwMNtUf/64BthYSwz7kXGtq97yQkru2vypG70434= contains 204800 B
[2026-04-19T03:26:01.434Z INFO  worker::batch_maker] Batch rQAGQyv0HJYOvc1/FjjJ12S5wb88o4rHXRCSQ4r9SKs= contains sample tx 1333
[2026-04-19T03:26:01.434Z INFO  worker::batch_maker] Batch rQAGQyv0HJYOvc1/FjjJ12S5wb88o4rHXRCSQ4r9SKs= contains 204800 B
[2026-04-19T03:26:01.487Z INFO  worker::batch_maker] Batch RtxyW3omsRfhqavS7XSqwQMu6VR8ah7rFgYmbN0y3pc= contains sample tx 1334
[2026-04-19T03:26:01.487Z INFO  worker::batch_maker] Batch RtxyW3omsRfhqavS7XSqwQMu6VR8ah7rFgYmbN0y3pc= contains 204800 B
[2026-04-19T03:26:01.539Z INFO  worker::batch_maker] Batch gb3p7LcnztK9jarUY0Z2mM1ongHtr6vzZQUH9hw7SxE= contains sample tx 1335
[2026-04-19T03:26:01.539Z INFO  worker::batch_maker] Batch gb3p7LcnztK9jarUY0Z2mM1ongHtr6vzZQUH9hw7SxE= contains 204800 B
[2026-04-19T03:26:01.591Z INFO  worker::batch_maker] Batch bw9cBY3jzQCv2Xd49nqDXYaO1twyBJrXCm+GaE5DXEY= contains sample tx 1336
[2026-04-19T03:26:01.592Z INFO  worker::batch_maker] Batch bw9cBY3jzQCv2Xd49nqDXYaO1twyBJrXCm+GaE5DXEY= contains 204800 B
[2026-04-19T03:26:01.643Z INFO  worker::batch_maker] Batch Nrpra6mALQQN0gr0cUQXw6/0giXc1ErekenvFjo8S7Y= contains sample tx 1337
[2026-04-19T03:26:01.643Z INFO  worker::batch_maker] Batch Nrpra6mALQQN0gr0cUQXw6/0giXc1ErekenvFjo8S7Y= contains 204800 B
[2026-04-19T03:26:01.696Z INFO  worker::batch_maker] Batch L1/1tLfbxvhWv7estermeEssYqaO1CQVTreEgMg6zIE= contains sample tx 1338
[2026-04-19T03:26:01.696Z INFO  worker::batch_maker] Batch L1/1tLfbxvhWv7estermeEssYqaO1CQVTreEgMg6zIE= contains 204800 B
[2026-04-19T03:26:01.747Z INFO  worker::batch_maker] Batch quzSdwR8qfPrj8Cv8GeMfGJZwLhGuxwIcUa4hJnNOw0= contains sample tx 1339
[2026-04-19T03:26:01.747Z INFO  worker::batch_maker] Batch quzSdwR8qfPrj8Cv8GeMfGJZwLhGuxwIcUa4hJnNOw0= contains 204800 B
[2026-04-19T03:26:01.801Z INFO  worker::batch_maker] Batch OYNcW822mBRBB1HJZBZYx1+qYxg0Ap5mib+1jA7gUAM= contains sample tx 1340
[2026-04-19T03:26:01.801Z INFO  worker::batch_maker] Batch OYNcW822mBRBB1HJZBZYx1+qYxg0Ap5mib+1jA7gUAM= contains 204800 B
[2026-04-19T03:26:01.857Z INFO  worker::batch_maker] Batch lsB0MDJ6LHKAlqBYn55R31UrMiMLmcLzpcJkYRjo+Cw= contains sample tx 1341
[2026-04-19T03:26:01.857Z INFO  worker::batch_maker] Batch lsB0MDJ6LHKAlqBYn55R31UrMiMLmcLzpcJkYRjo+Cw= contains 230400 B
[2026-04-19T03:26:01.910Z INFO  worker::batch_maker] Batch 1XKNJ/4w/lf/RbUl2uw260dXsomvIOISgSlIXLxXLRM= contains sample tx 1342
[2026-04-19T03:26:01.910Z INFO  worker::batch_maker] Batch 1XKNJ/4w/lf/RbUl2uw260dXsomvIOISgSlIXLxXLRM= contains sample tx 1343
[2026-04-19T03:26:01.911Z INFO  worker::batch_maker] Batch 1XKNJ/4w/lf/RbUl2uw260dXsomvIOISgSlIXLxXLRM= contains 285184 B
[2026-04-19T03:26:01.965Z INFO  worker::batch_maker] Batch vSMDrRrdJ/DD8UZomDUNg1073StZvIaJkBbI98x9Apg= contains sample tx 1344
[2026-04-19T03:26:01.965Z INFO  worker::batch_maker] Batch vSMDrRrdJ/DD8UZomDUNg1073StZvIaJkBbI98x9Apg= contains 303616 B
[2026-04-19T03:26:02.019Z INFO  worker::batch_maker] Batch iLHMvsUnmPM5lxK5liJDz0HPeJ5DcDLjLTQmFIOOuOY= contains sample tx 1345
[2026-04-19T03:26:02.019Z INFO  worker::batch_maker] Batch iLHMvsUnmPM5lxK5liJDz0HPeJ5DcDLjLTQmFIOOuOY= contains 204800 B
[2026-04-19T03:26:02.070Z INFO  worker::batch_maker] Batch 0NtvHWDoYLDWDc59J0zgTu78pq+5P9PIdO1Y/H2M51Q= contains sample tx 1346
[2026-04-19T03:26:02.070Z INFO  worker::batch_maker] Batch 0NtvHWDoYLDWDc59J0zgTu78pq+5P9PIdO1Y/H2M51Q= contains 204800 B
[2026-04-19T03:26:02.124Z INFO  worker::batch_maker] Batch RtL/xJHsgYFOhdMPIEl2XJk61Z4DD2/9dGiVqq2lhaM= contains sample tx 1347
[2026-04-19T03:26:02.124Z INFO  worker::batch_maker] Batch RtL/xJHsgYFOhdMPIEl2XJk61Z4DD2/9dGiVqq2lhaM= contains 204800 B
[2026-04-19T03:26:02.176Z INFO  worker::batch_maker] Batch 00UjfKgr4yE/EDgeqhtlmFQ2J0NZg5L+aJOsGzehbyM= contains sample tx 1348
[2026-04-19T03:26:02.176Z INFO  worker::batch_maker] Batch 00UjfKgr4yE/EDgeqhtlmFQ2J0NZg5L+aJOsGzehbyM= contains 204800 B
[2026-04-19T03:26:02.230Z INFO  worker::batch_maker] Batch Auwx7INviGJjzv/ueF+PLkmtPM7EyP6Ou7PESAkhxg8= contains sample tx 1349
[2026-04-19T03:26:02.230Z INFO  worker::batch_maker] Batch Auwx7INviGJjzv/ueF+PLkmtPM7EyP6Ou7PESAkhxg8= contains 204800 B
[2026-04-19T03:26:02.282Z INFO  worker::batch_maker] Batch RVUoxoTMXe2WoAqn/wTdmeDu/Y+39gVx2fPxPVlH3jw= contains sample tx 1350
[2026-04-19T03:26:02.282Z INFO  worker::batch_maker] Batch RVUoxoTMXe2WoAqn/wTdmeDu/Y+39gVx2fPxPVlH3jw= contains 204800 B
[2026-04-19T03:26:02.335Z INFO  worker::batch_maker] Batch alLuqsJOTPk28xuGE2YMffXO1U7CqQNrmP9kcdgpZ7s= contains sample tx 1351
[2026-04-19T03:26:02.336Z INFO  worker::batch_maker] Batch alLuqsJOTPk28xuGE2YMffXO1U7CqQNrmP9kcdgpZ7s= contains 204800 B
[2026-04-19T03:26:02.389Z INFO  worker::batch_maker] Batch kykuVJTlCxa8boxj+n3bGzZJYuTeC6befHMiLpGfI84= contains sample tx 1352
[2026-04-19T03:26:02.389Z INFO  worker::batch_maker] Batch kykuVJTlCxa8boxj+n3bGzZJYuTeC6befHMiLpGfI84= contains 204800 B
[2026-04-19T03:26:02.440Z INFO  worker::batch_maker] Batch 35TWlr2/yOlml2aw+IcIe3FnYcIShb8lHEGWa+8kyXE= contains sample tx 1353
[2026-04-19T03:26:02.440Z INFO  worker::batch_maker] Batch 35TWlr2/yOlml2aw+IcIe3FnYcIShb8lHEGWa+8kyXE= contains 204800 B
[2026-04-19T03:26:02.494Z INFO  worker::batch_maker] Batch gl4Zd71G4eRL1BKvcsdjyeLZ36Dta1UhDa1u86jCZT4= contains sample tx 1354
[2026-04-19T03:26:02.494Z INFO  worker::batch_maker] Batch gl4Zd71G4eRL1BKvcsdjyeLZ36Dta1UhDa1u86jCZT4= contains 204800 B
[2026-04-19T03:26:02.548Z INFO  worker::batch_maker] Batch NZ9su5W/545qSgIR0Db/GerhLgnIVlO6KOK7GijbOkc= contains sample tx 1355
[2026-04-19T03:26:02.548Z INFO  worker::batch_maker] Batch NZ9su5W/545qSgIR0Db/GerhLgnIVlO6KOK7GijbOkc= contains 204800 B
[2026-04-19T03:26:02.601Z INFO  worker::batch_maker] Batch HdosqyxbXMbJFKvPp+SqEtwNrGvhVqSWuIjhyee7Uwk= contains sample tx 1356
[2026-04-19T03:26:02.601Z INFO  worker::batch_maker] Batch HdosqyxbXMbJFKvPp+SqEtwNrGvhVqSWuIjhyee7Uwk= contains 204800 B
[2026-04-19T03:26:02.652Z INFO  worker::batch_maker] Batch QHuYj4CcmPe10pk74Z7FZpDgKmWbRdtXMHGFHvJgfHI= contains sample tx 1357
[2026-04-19T03:26:02.652Z INFO  worker::batch_maker] Batch QHuYj4CcmPe10pk74Z7FZpDgKmWbRdtXMHGFHvJgfHI= contains 267776 B
[2026-04-19T03:26:02.705Z INFO  worker::batch_maker] Batch JB76QnE22DuqfGojEGBxx5pZIiqWi0JtMbe4SznTUXs= contains sample tx 1358
[2026-04-19T03:26:02.705Z INFO  worker::batch_maker] Batch JB76QnE22DuqfGojEGBxx5pZIiqWi0JtMbe4SznTUXs= contains sample tx 1359
[2026-04-19T03:26:02.705Z INFO  worker::batch_maker] Batch JB76QnE22DuqfGojEGBxx5pZIiqWi0JtMbe4SznTUXs= contains 261632 B
[2026-04-19T03:26:02.759Z INFO  worker::batch_maker] Batch p51Skls1lNZkgBgDIaS5odXO4YBq1Ts1q1oW8crpqbM= contains sample tx 1360
[2026-04-19T03:26:02.759Z INFO  worker::batch_maker] Batch p51Skls1lNZkgBgDIaS5odXO4YBq1Ts1q1oW8crpqbM= contains 289792 B
[2026-04-19T03:26:02.811Z INFO  worker::batch_maker] Batch /Xf5OQJx9wSE38X0U6aMustDt5tbMJbSimtZvgte8mk= contains sample tx 1361
[2026-04-19T03:26:02.811Z INFO  worker::batch_maker] Batch /Xf5OQJx9wSE38X0U6aMustDt5tbMJbSimtZvgte8mk= contains 204800 B
[2026-04-19T03:26:02.863Z INFO  worker::batch_maker] Batch nzsoSGQsv+wkhSH9EyHRGEYXsQEauUaMkn9M19eDByA= contains sample tx 1362
[2026-04-19T03:26:02.863Z INFO  worker::batch_maker] Batch nzsoSGQsv+wkhSH9EyHRGEYXsQEauUaMkn9M19eDByA= contains 204800 B
[2026-04-19T03:26:02.915Z INFO  worker::batch_maker] Batch /yEQ5pP4nBp5TbsDwBRF+wpVDhJe4Fp2JcaOu3DqY9s= contains sample tx 1363
[2026-04-19T03:26:02.915Z INFO  worker::batch_maker] Batch /yEQ5pP4nBp5TbsDwBRF+wpVDhJe4Fp2JcaOu3DqY9s= contains 204800 B
[2026-04-19T03:26:02.968Z INFO  worker::batch_maker] Batch YTYC4T0e1i72IGMsSEWxmgPahM/AkJx8hxEy43zNLBA= contains sample tx 1364
[2026-04-19T03:26:02.968Z INFO  worker::batch_maker] Batch YTYC4T0e1i72IGMsSEWxmgPahM/AkJx8hxEy43zNLBA= contains 204800 B
[2026-04-19T03:26:03.019Z INFO  worker::batch_maker] Batch XD0L+RQWqF0ATxpLl1872OQSk/7DwXlsq2MpICGbLts= contains sample tx 1365
[2026-04-19T03:26:03.019Z INFO  worker::batch_maker] Batch XD0L+RQWqF0ATxpLl1872OQSk/7DwXlsq2MpICGbLts= contains 204800 B
[2026-04-19T03:26:03.071Z INFO  worker::batch_maker] Batch 2oDM6s1HfdkvRtRj6gCnYqoAP7TU8RGXpenYDdX+u7I= contains sample tx 1366
[2026-04-19T03:26:03.071Z INFO  worker::batch_maker] Batch 2oDM6s1HfdkvRtRj6gCnYqoAP7TU8RGXpenYDdX+u7I= contains 204800 B
[2026-04-19T03:26:03.123Z INFO  worker::batch_maker] Batch G2Q28xxwmpdULVAEPbBA3Kh7FAQbM47Su923keTfjq4= contains sample tx 1367
[2026-04-19T03:26:03.123Z INFO  worker::batch_maker] Batch G2Q28xxwmpdULVAEPbBA3Kh7FAQbM47Su923keTfjq4= contains 204800 B
[2026-04-19T03:26:03.175Z INFO  worker::batch_maker] Batch ScRN7mhqxZp3GyVSnoSPSD5ASjnQLXyre2Xx8m75fhw= contains sample tx 1368
[2026-04-19T03:26:03.175Z INFO  worker::batch_maker] Batch ScRN7mhqxZp3GyVSnoSPSD5ASjnQLXyre2Xx8m75fhw= contains 204800 B
[2026-04-19T03:26:03.227Z INFO  worker::batch_maker] Batch SrrYpgvH+1HHBM0UtXBOESbimuDkHy1qyZ3Xe7lribk= contains sample tx 1369
[2026-04-19T03:26:03.227Z INFO  worker::batch_maker] Batch SrrYpgvH+1HHBM0UtXBOESbimuDkHy1qyZ3Xe7lribk= contains 204800 B
[2026-04-19T03:26:03.279Z INFO  worker::batch_maker] Batch Dr4xhXCjq7paUGpef0Mw377yeTLikc/sx+ySmpksfpc= contains sample tx 1370
[2026-04-19T03:26:03.279Z INFO  worker::batch_maker] Batch Dr4xhXCjq7paUGpef0Mw377yeTLikc/sx+ySmpksfpc= contains 204800 B
[2026-04-19T03:26:03.332Z INFO  worker::batch_maker] Batch C9bGF97rpDFzkcGIUWNcKnOw1AJlgHd8ePk4mm7/Izs= contains sample tx 1371
[2026-04-19T03:26:03.332Z INFO  worker::batch_maker] Batch C9bGF97rpDFzkcGIUWNcKnOw1AJlgHd8ePk4mm7/Izs= contains 204800 B
[2026-04-19T03:26:03.384Z INFO  worker::batch_maker] Batch ppjtdDmuIcBFfpFnLZP/IlsaTe885eSaORSk4CETa/Y= contains sample tx 1372
[2026-04-19T03:26:03.384Z INFO  worker::batch_maker] Batch ppjtdDmuIcBFfpFnLZP/IlsaTe885eSaORSk4CETa/Y= contains 204800 B
[2026-04-19T03:26:03.436Z INFO  worker::batch_maker] Batch 36ZwYVPJkdYL0SSHVidOb8AH8XN+Er6pkv/pGoZXueY= contains sample tx 1373
[2026-04-19T03:26:03.436Z INFO  worker::batch_maker] Batch 36ZwYVPJkdYL0SSHVidOb8AH8XN+Er6pkv/pGoZXueY= contains 204800 B
[2026-04-19T03:26:03.488Z INFO  worker::batch_maker] Batch Z+6y95Mo/FQC4htA+rmPEMewH7qlG1/Rkls9UwtZnG4= contains sample tx 1374
[2026-04-19T03:26:03.488Z INFO  worker::batch_maker] Batch Z+6y95Mo/FQC4htA+rmPEMewH7qlG1/Rkls9UwtZnG4= contains 204800 B
[2026-04-19T03:26:03.540Z INFO  worker::batch_maker] Batch 6DhW19fNlIkSBmg5oip1uXCK4vQlBfouLq0TzkD8mnk= contains sample tx 1375
[2026-04-19T03:26:03.540Z INFO  worker::batch_maker] Batch 6DhW19fNlIkSBmg5oip1uXCK4vQlBfouLq0TzkD8mnk= contains 204800 B
[2026-04-19T03:26:03.592Z INFO  worker::batch_maker] Batch 3orbnFHWINMZ9ltgRENawQLbP43SVN8jrZ/cxAmffB8= contains sample tx 1376
[2026-04-19T03:26:03.592Z INFO  worker::batch_maker] Batch 3orbnFHWINMZ9ltgRENawQLbP43SVN8jrZ/cxAmffB8= contains 204800 B
[2026-04-19T03:26:03.646Z INFO  worker::batch_maker] Batch nGOV2Wn6sOlf5y2WqITuD0B4x68mZ+vuOzekLS1u5x0= contains sample tx 1377
[2026-04-19T03:26:03.646Z INFO  worker::batch_maker] Batch nGOV2Wn6sOlf5y2WqITuD0B4x68mZ+vuOzekLS1u5x0= contains 204800 B
[2026-04-19T03:26:03.699Z INFO  worker::batch_maker] Batch uI5wbvjYMVCy0dVAvPC/tMGzAlObHADGxXOMXDa9NBk= contains sample tx 1378
[2026-04-19T03:26:03.699Z INFO  worker::batch_maker] Batch uI5wbvjYMVCy0dVAvPC/tMGzAlObHADGxXOMXDa9NBk= contains 204800 B
[2026-04-19T03:26:03.751Z INFO  worker::batch_maker] Batch 6lY1w04JDyM1I1mqpfIqBS0cEcqxQwd0t76kwKrg/4U= contains sample tx 1379
[2026-04-19T03:26:03.751Z INFO  worker::batch_maker] Batch 6lY1w04JDyM1I1mqpfIqBS0cEcqxQwd0t76kwKrg/4U= contains 204800 B
[2026-04-19T03:26:03.803Z INFO  worker::batch_maker] Batch qh+Jx79yFzZkqVF0q70Y3TFTXF2urAEgJrn/zIIqcsA= contains sample tx 1380
[2026-04-19T03:26:03.803Z INFO  worker::batch_maker] Batch qh+Jx79yFzZkqVF0q70Y3TFTXF2urAEgJrn/zIIqcsA= contains sample tx 1381
[2026-04-19T03:26:03.803Z INFO  worker::batch_maker] Batch qh+Jx79yFzZkqVF0q70Y3TFTXF2urAEgJrn/zIIqcsA= contains 304128 B
[2026-04-19T03:26:03.857Z INFO  worker::batch_maker] Batch iCcyYteiptEHW0GQoas0wl1KwEdzT5qVofroKsCBLHU= contains sample tx 1382
[2026-04-19T03:26:03.857Z INFO  worker::batch_maker] Batch iCcyYteiptEHW0GQoas0wl1KwEdzT5qVofroKsCBLHU= contains 303616 B
[2026-04-19T03:26:03.909Z INFO  worker::batch_maker] Batch Pv3mnEalR6+48oqX0KxOweHklykDaUEyqE/dHSJjYUQ= contains sample tx 1383
[2026-04-19T03:26:03.909Z INFO  worker::batch_maker] Batch Pv3mnEalR6+48oqX0KxOweHklykDaUEyqE/dHSJjYUQ= contains 211456 B
[2026-04-19T03:26:03.961Z INFO  worker::batch_maker] Batch e5yhINWCBkfHFR8oQhHRLakW1PQwuRb5QJAtpLzTH4E= contains sample tx 1384
[2026-04-19T03:26:03.961Z INFO  worker::batch_maker] Batch e5yhINWCBkfHFR8oQhHRLakW1PQwuRb5QJAtpLzTH4E= contains 204800 B
[2026-04-19T03:26:04.013Z INFO  worker::batch_maker] Batch V9hgMwihSyQahoN3phXjihSbVJIUEhkC1PnI71qfwl4= contains sample tx 1385
[2026-04-19T03:26:04.013Z INFO  worker::batch_maker] Batch V9hgMwihSyQahoN3phXjihSbVJIUEhkC1PnI71qfwl4= contains 204800 B
[2026-04-19T03:26:04.066Z INFO  worker::batch_maker] Batch j1Txa/Q9ObGFgPjwa2aA9nS/2bFAd2OZKmdll+8t5Ys= contains sample tx 1386
[2026-04-19T03:26:04.066Z INFO  worker::batch_maker] Batch j1Txa/Q9ObGFgPjwa2aA9nS/2bFAd2OZKmdll+8t5Ys= contains 204800 B
[2026-04-19T03:26:04.120Z INFO  worker::batch_maker] Batch 7bt2GMgN7qu+U2JksEqEeFliGeu3hmYAHM3h04DEsm4= contains sample tx 1387
[2026-04-19T03:26:04.120Z INFO  worker::batch_maker] Batch 7bt2GMgN7qu+U2JksEqEeFliGeu3hmYAHM3h04DEsm4= contains 204800 B
[2026-04-19T03:26:04.172Z INFO  worker::batch_maker] Batch ysFLX1+1Luk9JjbNhq7IZ3tjcaSV7boxQ3bE2tvI7bA= contains sample tx 1388
[2026-04-19T03:26:04.172Z INFO  worker::batch_maker] Batch ysFLX1+1Luk9JjbNhq7IZ3tjcaSV7boxQ3bE2tvI7bA= contains 204800 B
[2026-04-19T03:26:04.227Z INFO  worker::batch_maker] Batch oIYEUHOjZdGwEIp+H0s3FgNqH8QfaG3SnsPXdEjXyFE= contains sample tx 1389
[2026-04-19T03:26:04.227Z INFO  worker::batch_maker] Batch oIYEUHOjZdGwEIp+H0s3FgNqH8QfaG3SnsPXdEjXyFE= contains 204800 B
[2026-04-19T03:26:04.281Z INFO  worker::batch_maker] Batch vbICwPguHb/4vG4jYTytaoEIfmfbXzejXvgXDkn/vgQ= contains sample tx 1390
[2026-04-19T03:26:04.281Z INFO  worker::batch_maker] Batch vbICwPguHb/4vG4jYTytaoEIfmfbXzejXvgXDkn/vgQ= contains 204800 B
[2026-04-19T03:26:04.333Z INFO  worker::batch_maker] Batch pQ4t+HQDKu96khvjheZA7/tHWvoR7kts12K5KrQ5hzc= contains sample tx 1391
[2026-04-19T03:26:04.334Z INFO  worker::batch_maker] Batch pQ4t+HQDKu96khvjheZA7/tHWvoR7kts12K5KrQ5hzc= contains 204800 B
[2026-04-19T03:26:04.385Z INFO  worker::batch_maker] Batch JdsrMm+Abb5GmviYHPO46RJOCLGk7NLs3aRkU7cngQk= contains sample tx 1392
[2026-04-19T03:26:04.385Z INFO  worker::batch_maker] Batch JdsrMm+Abb5GmviYHPO46RJOCLGk7NLs3aRkU7cngQk= contains 142336 B
[2026-04-19T03:26:04.438Z INFO  worker::batch_maker] Batch H71x2ipFeHu5vA7oqGf2NRwOg3gU/JpfW2zvqGfMqGU= contains sample tx 1393
[2026-04-19T03:26:04.438Z INFO  worker::batch_maker] Batch H71x2ipFeHu5vA7oqGf2NRwOg3gU/JpfW2zvqGfMqGU= contains 267264 B
[2026-04-19T03:26:04.494Z INFO  worker::batch_maker] Batch 3q6nPcbnUq+WFX4OLpRrGvebWGaTYDbDCYfxE61Gqnk= contains sample tx 1394
[2026-04-19T03:26:04.494Z INFO  worker::batch_maker] Batch 3q6nPcbnUq+WFX4OLpRrGvebWGaTYDbDCYfxE61Gqnk= contains 204800 B
[2026-04-19T03:26:04.548Z INFO  worker::batch_maker] Batch egpbHSvRYT8tGcAeY7C0FjtN81ZtBI/HEt/ngoU8msc= contains sample tx 1395
[2026-04-19T03:26:04.548Z INFO  worker::batch_maker] Batch egpbHSvRYT8tGcAeY7C0FjtN81ZtBI/HEt/ngoU8msc= contains 204800 B
[2026-04-19T03:26:04.601Z INFO  worker::batch_maker] Batch wJs7L95JgrMs/HnTpP1+TImwry3ABZu2538BU1q1df4= contains sample tx 1396
[2026-04-19T03:26:04.601Z INFO  worker::batch_maker] Batch wJs7L95JgrMs/HnTpP1+TImwry3ABZu2538BU1q1df4= contains 204800 B
[2026-04-19T03:26:04.655Z INFO  worker::batch_maker] Batch vF9vG7SwJ9JMkm8T6iBCbEOUxFuHHI6JWPLbbYYXs8k= contains sample tx 1397
[2026-04-19T03:26:04.656Z INFO  worker::batch_maker] Batch vF9vG7SwJ9JMkm8T6iBCbEOUxFuHHI6JWPLbbYYXs8k= contains sample tx 1398
[2026-04-19T03:26:04.656Z INFO  worker::batch_maker] Batch vF9vG7SwJ9JMkm8T6iBCbEOUxFuHHI6JWPLbbYYXs8k= contains 307200 B
[2026-04-19T03:26:04.709Z INFO  worker::batch_maker] Batch siOAVmsG56QMeh4/ko1Qdy+KfF3jcl3WU3gAcWSOzFo= contains sample tx 1399
[2026-04-19T03:26:04.709Z INFO  worker::batch_maker] Batch siOAVmsG56QMeh4/ko1Qdy+KfF3jcl3WU3gAcWSOzFo= contains 295936 B
[2026-04-19T03:26:04.762Z INFO  worker::batch_maker] Batch 6NHMMw1YY9DOvERgxw9hjUrGsOnMHAM93olGo3HmV4E= contains sample tx 1400
[2026-04-19T03:26:04.762Z INFO  worker::batch_maker] Batch 6NHMMw1YY9DOvERgxw9hjUrGsOnMHAM93olGo3HmV4E= contains 216064 B
[2026-04-19T03:26:04.816Z INFO  worker::batch_maker] Batch Jn3D8RM1TXk3Y7nmUal3n242Kg6sXhURG8UOmj06hBk= contains sample tx 1401
[2026-04-19T03:26:04.816Z INFO  worker::batch_maker] Batch Jn3D8RM1TXk3Y7nmUal3n242Kg6sXhURG8UOmj06hBk= contains 204800 B
[2026-04-19T03:26:04.869Z INFO  worker::batch_maker] Batch hGcnNW6lvMU6dUk/FSePcEe7QqxETegXZ3arxPG0AOg= contains sample tx 1402
[2026-04-19T03:26:04.869Z INFO  worker::batch_maker] Batch hGcnNW6lvMU6dUk/FSePcEe7QqxETegXZ3arxPG0AOg= contains 204800 B
[2026-04-19T03:26:04.923Z INFO  worker::batch_maker] Batch KY3Vq2xm2EKJpQZDVmBkfKu5spZA/9mZ6jIbGHRXDg0= contains sample tx 1403
[2026-04-19T03:26:04.923Z INFO  worker::batch_maker] Batch KY3Vq2xm2EKJpQZDVmBkfKu5spZA/9mZ6jIbGHRXDg0= contains 204800 B
[2026-04-19T03:26:04.976Z INFO  worker::batch_maker] Batch nojGgZaK1Jg+U67W7xT1+LKEVXCQsOAXpyj0ZcEnt/8= contains sample tx 1404
[2026-04-19T03:26:04.976Z INFO  worker::batch_maker] Batch nojGgZaK1Jg+U67W7xT1+LKEVXCQsOAXpyj0ZcEnt/8= contains 204800 B
[2026-04-19T03:26:05.028Z INFO  worker::batch_maker] Batch TVrr7jGNT9BWG/m9UI46w/WEdZvVyxQdrHNa4g3CnMw= contains sample tx 1405
[2026-04-19T03:26:05.028Z INFO  worker::batch_maker] Batch TVrr7jGNT9BWG/m9UI46w/WEdZvVyxQdrHNa4g3CnMw= contains 204800 B
[2026-04-19T03:26:05.081Z INFO  worker::batch_maker] Batch a+lS+o8fhRkIURGK53FTjUhKLtKJ98aPUpaOkmLyBLo= contains sample tx 1406
[2026-04-19T03:26:05.081Z INFO  worker::batch_maker] Batch a+lS+o8fhRkIURGK53FTjUhKLtKJ98aPUpaOkmLyBLo= contains 204800 B
[2026-04-19T03:26:05.133Z INFO  worker::batch_maker] Batch xJM27q9vE8QF9ytA01a9SvrIrOEtqUQNSYdp3V0FF3Q= contains sample tx 1407
[2026-04-19T03:26:05.133Z INFO  worker::batch_maker] Batch xJM27q9vE8QF9ytA01a9SvrIrOEtqUQNSYdp3V0FF3Q= contains 204800 B
[2026-04-19T03:26:05.184Z INFO  worker::batch_maker] Batch Tc6qFD0aN3ivPSWRh8IUGSQQm3VNrqJvmfjfSrQbFgI= contains sample tx 1408
[2026-04-19T03:26:05.184Z INFO  worker::batch_maker] Batch Tc6qFD0aN3ivPSWRh8IUGSQQm3VNrqJvmfjfSrQbFgI= contains 204800 B
[2026-04-19T03:26:05.238Z INFO  worker::batch_maker] Batch nwo7ONsDrXA4cSvMn2q3is2MPb2D/LvN6e9e8j6Tm5A= contains sample tx 1409
[2026-04-19T03:26:05.238Z INFO  worker::batch_maker] Batch nwo7ONsDrXA4cSvMn2q3is2MPb2D/LvN6e9e8j6Tm5A= contains 204800 B
[2026-04-19T03:26:05.290Z INFO  worker::batch_maker] Batch dpbv8E/cwA11dmnc/XRiI49tVE4UvgrMTdxh2goYYbw= contains 107520 B
[2026-04-19T03:26:05.358Z INFO  worker::batch_maker] Batch xC3TINAqkIT9wWoCgk6eyEFmvhqOJPxaGamMUGQ44Rc= contains sample tx 1410
[2026-04-19T03:26:05.358Z INFO  worker::batch_maker] Batch xC3TINAqkIT9wWoCgk6eyEFmvhqOJPxaGamMUGQ44Rc= contains sample tx 1411
[2026-04-19T03:26:05.358Z INFO  worker::batch_maker] Batch xC3TINAqkIT9wWoCgk6eyEFmvhqOJPxaGamMUGQ44Rc= contains sample tx 1412
[2026-04-19T03:26:05.358Z INFO  worker::batch_maker] Batch xC3TINAqkIT9wWoCgk6eyEFmvhqOJPxaGamMUGQ44Rc= contains 500224 B
[2026-04-19T03:26:05.413Z INFO  worker::batch_maker] Batch hbggW3CEuFg5efyowpfG4Wf05MNB2WDbGVZZKTJem88= contains sample tx 1413
[2026-04-19T03:26:05.413Z INFO  worker::batch_maker] Batch hbggW3CEuFg5efyowpfG4Wf05MNB2WDbGVZZKTJem88= contains 211456 B
[2026-04-19T03:26:05.467Z INFO  worker::batch_maker] Batch uf0Tb4iz8ps5zNUIaEzLOZ8NH55YZewUojl7g/sMAwY= contains sample tx 1414
[2026-04-19T03:26:05.467Z INFO  worker::batch_maker] Batch uf0Tb4iz8ps5zNUIaEzLOZ8NH55YZewUojl7g/sMAwY= contains 204800 B
[2026-04-19T03:26:05.519Z INFO  worker::batch_maker] Batch gCs5WTTfe+Iz0gG4JIGhYOg5SjhhLeF5Fznt5E2zO3Q= contains sample tx 1415
[2026-04-19T03:26:05.519Z INFO  worker::batch_maker] Batch gCs5WTTfe+Iz0gG4JIGhYOg5SjhhLeF5Fznt5E2zO3Q= contains 204800 B
[2026-04-19T03:26:05.571Z INFO  worker::batch_maker] Batch dMT3H5UU1PqKVjvwJtcLYari/20epAu5e4+TsWh1rLc= contains sample tx 1416
[2026-04-19T03:26:05.571Z INFO  worker::batch_maker] Batch dMT3H5UU1PqKVjvwJtcLYari/20epAu5e4+TsWh1rLc= contains 204800 B
[2026-04-19T03:26:05.624Z INFO  worker::batch_maker] Batch BJLKFqiiRlJjHxAq27U0zeIrt/mBCV2wLzCwWsPOJvU= contains sample tx 1417
[2026-04-19T03:26:05.624Z INFO  worker::batch_maker] Batch BJLKFqiiRlJjHxAq27U0zeIrt/mBCV2wLzCwWsPOJvU= contains 204800 B
[2026-04-19T03:26:05.675Z INFO  worker::batch_maker] Batch pGoe2yy5NoDTjWpaWwNRsymPR6Sekaj598+tFS38VFk= contains sample tx 1418
[2026-04-19T03:26:05.675Z INFO  worker::batch_maker] Batch pGoe2yy5NoDTjWpaWwNRsymPR6Sekaj598+tFS38VFk= contains 204800 B
[2026-04-19T03:26:05.727Z INFO  worker::batch_maker] Batch uspPde0OX8fTh69eRyDD1OvoCDc155tqtzgviUPiVoU= contains sample tx 1419
[2026-04-19T03:26:05.727Z INFO  worker::batch_maker] Batch uspPde0OX8fTh69eRyDD1OvoCDc155tqtzgviUPiVoU= contains 204800 B
[2026-04-19T03:26:05.781Z INFO  worker::batch_maker] Batch e36VJA/CZAV3FeO7EirAWBxnhx6+kbbuDA+YUMfYC3I= contains sample tx 1420
[2026-04-19T03:26:05.781Z INFO  worker::batch_maker] Batch e36VJA/CZAV3FeO7EirAWBxnhx6+kbbuDA+YUMfYC3I= contains 204800 B
[2026-04-19T03:26:05.833Z INFO  worker::batch_maker] Batch MtLD/hOc468+qW1omhcRgTq0363lT3sVjBDlI9a3118= contains sample tx 1421
[2026-04-19T03:26:05.833Z INFO  worker::batch_maker] Batch MtLD/hOc468+qW1omhcRgTq0363lT3sVjBDlI9a3118= contains 204800 B
[2026-04-19T03:26:05.885Z INFO  worker::batch_maker] Batch xFE6YYoKsJaeOvLsFKLHwScvVSgIF2yEkW8E5g8jw90= contains sample tx 1422
[2026-04-19T03:26:05.885Z INFO  worker::batch_maker] Batch xFE6YYoKsJaeOvLsFKLHwScvVSgIF2yEkW8E5g8jw90= contains 204800 B
[2026-04-19T03:26:05.937Z INFO  worker::batch_maker] Batch fjdondVzV2MXXAiDpVq1W8jqBKwHpESm2ygpzix5nHU= contains sample tx 1423
[2026-04-19T03:26:05.938Z INFO  worker::batch_maker] Batch fjdondVzV2MXXAiDpVq1W8jqBKwHpESm2ygpzix5nHU= contains 204800 B
[2026-04-19T03:26:05.990Z INFO  worker::batch_maker] Batch qnUCsAVhhRLswZwEzC9JO00MT+pMkmayR7Lasj4aTs0= contains sample tx 1424
[2026-04-19T03:26:05.990Z INFO  worker::batch_maker] Batch qnUCsAVhhRLswZwEzC9JO00MT+pMkmayR7Lasj4aTs0= contains 204800 B
[2026-04-19T03:26:06.042Z INFO  worker::batch_maker] Batch eTHZ+vUycGgO0zUPP6OrQrgymmm5ll8e8owEFVWNZsM= contains sample tx 1425
[2026-04-19T03:26:06.042Z INFO  worker::batch_maker] Batch eTHZ+vUycGgO0zUPP6OrQrgymmm5ll8e8owEFVWNZsM= contains 204800 B
[2026-04-19T03:26:06.093Z INFO  worker::batch_maker] Batch qEeazN1TBSXi9r2gFMxpQrL2FWpA0K6B693V1JJZJNM= contains sample tx 1426
[2026-04-19T03:26:06.093Z INFO  worker::batch_maker] Batch qEeazN1TBSXi9r2gFMxpQrL2FWpA0K6B693V1JJZJNM= contains 204800 B
[2026-04-19T03:26:06.147Z INFO  worker::batch_maker] Batch bPDA7apBeNIC5xfRz5Hotz+DK6DXI1z847+F6UCUM1c= contains sample tx 1427
[2026-04-19T03:26:06.147Z INFO  worker::batch_maker] Batch bPDA7apBeNIC5xfRz5Hotz+DK6DXI1z847+F6UCUM1c= contains 204800 B
[2026-04-19T03:26:06.201Z INFO  worker::batch_maker] Batch pmvdXFQ7lhfoJEJjpejkgNbawdK615ALwa50iJhZA5M= contains sample tx 1428
[2026-04-19T03:26:06.201Z INFO  worker::batch_maker] Batch pmvdXFQ7lhfoJEJjpejkgNbawdK615ALwa50iJhZA5M= contains 204800 B
[2026-04-19T03:26:06.255Z INFO  worker::batch_maker] Batch 9JaxTh76ZSGCtykg6H564pqlmK8NNJ9XzKllg2fribs= contains sample tx 1429
[2026-04-19T03:26:06.255Z INFO  worker::batch_maker] Batch 9JaxTh76ZSGCtykg6H564pqlmK8NNJ9XzKllg2fribs= contains sample tx 1430
[2026-04-19T03:26:06.255Z INFO  worker::batch_maker] Batch 9JaxTh76ZSGCtykg6H564pqlmK8NNJ9XzKllg2fribs= contains 323072 B
[2026-04-19T03:26:06.308Z INFO  worker::batch_maker] Batch DOM6ZFnSDioeCFLKTw/L2lm2l8Muklpm4oH003PE6FQ= contains sample tx 1431
[2026-04-19T03:26:06.308Z INFO  worker::batch_maker] Batch DOM6ZFnSDioeCFLKTw/L2lm2l8Muklpm4oH003PE6FQ= contains 291328 B
[2026-04-19T03:26:06.360Z INFO  worker::batch_maker] Batch mEFrQYBYIKqocgotI2OikYZvR3GLr2LhPeXLS2YR7yc= contains sample tx 1432
[2026-04-19T03:26:06.360Z INFO  worker::batch_maker] Batch mEFrQYBYIKqocgotI2OikYZvR3GLr2LhPeXLS2YR7yc= contains 204800 B
[2026-04-19T03:26:06.414Z INFO  worker::batch_maker] Batch GEyy6UtRDYABmxqeiUMwlwu9MSa0mYjcgyCJKd7A9Mw= contains sample tx 1433
[2026-04-19T03:26:06.414Z INFO  worker::batch_maker] Batch GEyy6UtRDYABmxqeiUMwlwu9MSa0mYjcgyCJKd7A9Mw= contains 204800 B
[2026-04-19T03:26:06.467Z INFO  worker::batch_maker] Batch dHLjEYa/c9EgE5Qm63kskjg4Q81A4cZDWF9BHFWxvlg= contains 119808 B
[2026-04-19T03:26:06.551Z INFO  worker::batch_maker] Batch T0983d0PJ5iQ23+5H9TSq+7PJG44MTDSfWCg7D00T64= contains sample tx 1434
[2026-04-19T03:26:06.551Z INFO  worker::batch_maker] Batch T0983d0PJ5iQ23+5H9TSq+7PJG44MTDSfWCg7D00T64= contains sample tx 1435
[2026-04-19T03:26:06.551Z INFO  worker::batch_maker] Batch T0983d0PJ5iQ23+5H9TSq+7PJG44MTDSfWCg7D00T64= contains 289792 B
[2026-04-19T03:26:06.604Z INFO  worker::batch_maker] Batch On4deZVAZHpo1SjW440Mh9t1e7F/36MEHYcCk2LrUSA= contains sample tx 1436
[2026-04-19T03:26:06.604Z INFO  worker::batch_maker] Batch On4deZVAZHpo1SjW440Mh9t1e7F/36MEHYcCk2LrUSA= contains 241152 B
[2026-04-19T03:26:06.659Z INFO  worker::batch_maker] Batch WbF2YpEzXy6PSwlxIwKqi6xmfNhAZ7pQHyT2PgAauB0= contains sample tx 1437
[2026-04-19T03:26:06.659Z INFO  worker::batch_maker] Batch WbF2YpEzXy6PSwlxIwKqi6xmfNhAZ7pQHyT2PgAauB0= contains sample tx 1438
[2026-04-19T03:26:06.659Z INFO  worker::batch_maker] Batch WbF2YpEzXy6PSwlxIwKqi6xmfNhAZ7pQHyT2PgAauB0= contains 326656 B
[2026-04-19T03:26:06.711Z INFO  worker::batch_maker] Batch 1Pvud61CgXao46qfHJgITUnzxbK6e38Y9HYQNj2S9SA= contains sample tx 1439
[2026-04-19T03:26:06.711Z INFO  worker::batch_maker] Batch 1Pvud61CgXao46qfHJgITUnzxbK6e38Y9HYQNj2S9SA= contains 251392 B
[2026-04-19T03:26:06.762Z INFO  worker::batch_maker] Batch xYLqt9NKbgr+umYfxNNCk5lts5CYeW4uDMt2G/tpkhU= contains sample tx 1440
[2026-04-19T03:26:06.762Z INFO  worker::batch_maker] Batch xYLqt9NKbgr+umYfxNNCk5lts5CYeW4uDMt2G/tpkhU= contains 204800 B
[2026-04-19T03:26:06.815Z INFO  worker::batch_maker] Batch a+Oh/2I/x6who39z5yNHxxCDPdGL6lj04ZCtP2xfvVk= contains sample tx 1441
[2026-04-19T03:26:06.815Z INFO  worker::batch_maker] Batch a+Oh/2I/x6who39z5yNHxxCDPdGL6lj04ZCtP2xfvVk= contains 204800 B
[2026-04-19T03:26:06.868Z INFO  worker::batch_maker] Batch QrtDBlqKw0IGc8znaBQVqClHQe22ds8j+ct8UB3jrS8= contains sample tx 1442
[2026-04-19T03:26:06.868Z INFO  worker::batch_maker] Batch QrtDBlqKw0IGc8znaBQVqClHQe22ds8j+ct8UB3jrS8= contains 204800 B
[2026-04-19T03:26:06.920Z INFO  worker::batch_maker] Batch S3dAlTq8Ospw+WTXDQDPMg1cOoYUwgevIIzcYlLhr5M= contains sample tx 1443
[2026-04-19T03:26:06.920Z INFO  worker::batch_maker] Batch S3dAlTq8Ospw+WTXDQDPMg1cOoYUwgevIIzcYlLhr5M= contains 204800 B
[2026-04-19T03:26:06.971Z INFO  worker::batch_maker] Batch aU0SMxF733DrAA8314QCPrMTshFoiKBBGo80+2L9zPs= contains sample tx 1444
[2026-04-19T03:26:06.971Z INFO  worker::batch_maker] Batch aU0SMxF733DrAA8314QCPrMTshFoiKBBGo80+2L9zPs= contains 204800 B
[2026-04-19T03:26:07.024Z INFO  worker::batch_maker] Batch Mm3EkGJ9Njjja1NK/ClcZv6CTlJ5woiOe3rtIPgY5MU= contains sample tx 1445
[2026-04-19T03:26:07.024Z INFO  worker::batch_maker] Batch Mm3EkGJ9Njjja1NK/ClcZv6CTlJ5woiOe3rtIPgY5MU= contains 204800 B
[2026-04-19T03:26:07.075Z INFO  worker::batch_maker] Batch 0DDQt+97l3wT1q5REavB8lAvnjz7jrkw7l3QOPRAqgs= contains sample tx 1446
[2026-04-19T03:26:07.075Z INFO  worker::batch_maker] Batch 0DDQt+97l3wT1q5REavB8lAvnjz7jrkw7l3QOPRAqgs= contains 204800 B
[2026-04-19T03:26:07.127Z INFO  worker::batch_maker] Batch 2+YnYHNayw5qaHoWBrnFfxB+86cETHH5L9F+5fSz4C4= contains sample tx 1447
[2026-04-19T03:26:07.127Z INFO  worker::batch_maker] Batch 2+YnYHNayw5qaHoWBrnFfxB+86cETHH5L9F+5fSz4C4= contains 204800 B
[2026-04-19T03:26:07.178Z INFO  worker::batch_maker] Batch pGH2jL7O+rYSg/9/sA7fW2HLcEWpcDKa441g51ij8CI= contains sample tx 1448
[2026-04-19T03:26:07.178Z INFO  worker::batch_maker] Batch pGH2jL7O+rYSg/9/sA7fW2HLcEWpcDKa441g51ij8CI= contains 204800 B
[2026-04-19T03:26:07.231Z INFO  worker::batch_maker] Batch NZgmpDTI4y7aeWIaPxD7OQT9GWAqg0ZN2RGZVsWjzYw= contains sample tx 1449
[2026-04-19T03:26:07.231Z INFO  worker::batch_maker] Batch NZgmpDTI4y7aeWIaPxD7OQT9GWAqg0ZN2RGZVsWjzYw= contains 204800 B
[2026-04-19T03:26:07.282Z INFO  worker::batch_maker] Batch r8i+Lq/mF6aFVviIT7vMqMwYmJiBA7+csx1e8q1oSpE= contains sample tx 1450
[2026-04-19T03:26:07.282Z INFO  worker::batch_maker] Batch r8i+Lq/mF6aFVviIT7vMqMwYmJiBA7+csx1e8q1oSpE= contains 204800 B
[2026-04-19T03:26:07.335Z INFO  worker::batch_maker] Batch wbQOFqbOtRWJ672kjfpAz9myx1db+pb9vBnxcFGFH6E= contains sample tx 1451
[2026-04-19T03:26:07.335Z INFO  worker::batch_maker] Batch wbQOFqbOtRWJ672kjfpAz9myx1db+pb9vBnxcFGFH6E= contains 204800 B
[2026-04-19T03:26:07.387Z INFO  worker::batch_maker] Batch ThSncqIpc4v5DQx8Ni1pFWp0vBl2yfYuCAsyzP2YBZc= contains sample tx 1452
[2026-04-19T03:26:07.388Z INFO  worker::batch_maker] Batch ThSncqIpc4v5DQx8Ni1pFWp0vBl2yfYuCAsyzP2YBZc= contains 204800 B
[2026-04-19T03:26:07.441Z INFO  worker::batch_maker] Batch X0hV/oENMFItg2q81m79YoL1xyT2AQv9CVTLPHcU2Hk= contains sample tx 1453
[2026-04-19T03:26:07.481Z INFO  worker::batch_maker] Batch X0hV/oENMFItg2q81m79YoL1xyT2AQv9CVTLPHcU2Hk= contains 204800 B
[2026-04-19T03:26:07.536Z INFO  worker::batch_maker] Batch /ytbNJIDGXpMyeI6ZH4l/6oOQrEZst/Q9V14rzsPs4U= contains sample tx 1454
[2026-04-19T03:26:07.536Z INFO  worker::batch_maker] Batch /ytbNJIDGXpMyeI6ZH4l/6oOQrEZst/Q9V14rzsPs4U= contains sample tx 1455
[2026-04-19T03:26:07.536Z INFO  worker::batch_maker] Batch /ytbNJIDGXpMyeI6ZH4l/6oOQrEZst/Q9V14rzsPs4U= contains 409600 B
[2026-04-19T03:26:07.591Z INFO  worker::batch_maker] Batch GG4AZh7Ab7BD5FW6HxAqCDcPUOZ+SSHCybKrKyvsd1g= contains sample tx 1456
[2026-04-19T03:26:07.591Z INFO  worker::batch_maker] Batch GG4AZh7Ab7BD5FW6HxAqCDcPUOZ+SSHCybKrKyvsd1g= contains 204800 B
[2026-04-19T03:26:07.644Z INFO  worker::batch_maker] Batch XlKWyDrE7sWzI+6amn/dzJuJyPVuEkw+hD7ZOQg+gjo= contains sample tx 1457
[2026-04-19T03:26:07.644Z INFO  worker::batch_maker] Batch XlKWyDrE7sWzI+6amn/dzJuJyPVuEkw+hD7ZOQg+gjo= contains 204800 B
[2026-04-19T03:26:07.698Z INFO  worker::batch_maker] Batch Ql5JxFWBUgpN8U6V+IaGmXbTjlJws+i2amqj2BtXDCE= contains sample tx 1458
[2026-04-19T03:26:07.698Z INFO  worker::batch_maker] Batch Ql5JxFWBUgpN8U6V+IaGmXbTjlJws+i2amqj2BtXDCE= contains 204800 B
[2026-04-19T03:26:07.752Z INFO  worker::batch_maker] Batch qtlqLB2F/D6M5OuINVbMeAYw7ZF76pvt44b7k0zaRGw= contains sample tx 1459
[2026-04-19T03:26:07.752Z INFO  worker::batch_maker] Batch qtlqLB2F/D6M5OuINVbMeAYw7ZF76pvt44b7k0zaRGw= contains 204800 B
[2026-04-19T03:26:07.806Z INFO  worker::batch_maker] Batch 0s9QtTWACjKND3YZjeDjrIz6WGVBs7E08CW64+gyrn4= contains sample tx 1460
[2026-04-19T03:26:07.806Z INFO  worker::batch_maker] Batch 0s9QtTWACjKND3YZjeDjrIz6WGVBs7E08CW64+gyrn4= contains 307200 B
[2026-04-19T03:26:07.859Z INFO  worker::batch_maker] Batch Orr/jIaW2YWEd+zJ5RVxmt2I/GsZum7QCryomoNhXpo= contains sample tx 1461
[2026-04-19T03:26:07.859Z INFO  worker::batch_maker] Batch Orr/jIaW2YWEd+zJ5RVxmt2I/GsZum7QCryomoNhXpo= contains sample tx 1462
[2026-04-19T03:26:07.859Z INFO  worker::batch_maker] Batch Orr/jIaW2YWEd+zJ5RVxmt2I/GsZum7QCryomoNhXpo= contains 307200 B
[2026-04-19T03:26:07.913Z INFO  worker::batch_maker] Batch yl96ZSJnRrn+e19FMtj0Webw4oFp5thJbTt+CUHywtE= contains sample tx 1463
[2026-04-19T03:26:07.913Z INFO  worker::batch_maker] Batch yl96ZSJnRrn+e19FMtj0Webw4oFp5thJbTt+CUHywtE= contains 204800 B
[2026-04-19T03:26:07.967Z INFO  worker::batch_maker] Batch QSg25+1h09BVNu4WHrk5wFFw10H05VSghesmGAh0xg0= contains sample tx 1464
[2026-04-19T03:26:07.967Z INFO  worker::batch_maker] Batch QSg25+1h09BVNu4WHrk5wFFw10H05VSghesmGAh0xg0= contains 204800 B
[2026-04-19T03:26:08.021Z INFO  worker::batch_maker] Batch HMbU75kDcSWGMcBcEQu6rJ+Krzu4qX1rGX5pVjyATh8= contains sample tx 1465
[2026-04-19T03:26:08.021Z INFO  worker::batch_maker] Batch HMbU75kDcSWGMcBcEQu6rJ+Krzu4qX1rGX5pVjyATh8= contains 204800 B
[2026-04-19T03:26:08.073Z INFO  worker::batch_maker] Batch 7kCUL/btBcZbuFB3VngOaz4bs597Sy0zjUIyWqasOW8= contains sample tx 1466
[2026-04-19T03:26:08.073Z INFO  worker::batch_maker] Batch 7kCUL/btBcZbuFB3VngOaz4bs597Sy0zjUIyWqasOW8= contains 204800 B
[2026-04-19T03:26:08.128Z INFO  worker::batch_maker] Batch +nY79pogAd/rbUW1WJ4gJWjcmC+2EF9picC8L5nY0uk= contains sample tx 1467
[2026-04-19T03:26:08.129Z INFO  worker::batch_maker] Batch +nY79pogAd/rbUW1WJ4gJWjcmC+2EF9picC8L5nY0uk= contains 204800 B
[2026-04-19T03:26:08.182Z INFO  worker::batch_maker] Batch US2FXETxyXTXt5ppstie4QfmsxTVR/65MSwPNo+/L94= contains sample tx 1468
[2026-04-19T03:26:08.182Z INFO  worker::batch_maker] Batch US2FXETxyXTXt5ppstie4QfmsxTVR/65MSwPNo+/L94= contains 204800 B
[2026-04-19T03:26:08.236Z INFO  worker::batch_maker] Batch lMck7wJKAl9+nb2GYZtGCGEjOQjSHzGHRIBiAZAD7+o= contains sample tx 1469
[2026-04-19T03:26:08.236Z INFO  worker::batch_maker] Batch lMck7wJKAl9+nb2GYZtGCGEjOQjSHzGHRIBiAZAD7+o= contains 204800 B
[2026-04-19T03:26:08.288Z INFO  worker::batch_maker] Batch 9f2GI/rfz3VRoLXTvacGlHCeEPdGMDh0Hlc+868zYOk= contains sample tx 1470
[2026-04-19T03:26:08.288Z INFO  worker::batch_maker] Batch 9f2GI/rfz3VRoLXTvacGlHCeEPdGMDh0Hlc+868zYOk= contains 204800 B
[2026-04-19T03:26:08.341Z INFO  worker::batch_maker] Batch VUok37V7xgww/12zO/RcIRr6TG9iBC3zkzdV7Txxd1o= contains sample tx 1471
[2026-04-19T03:26:08.341Z INFO  worker::batch_maker] Batch VUok37V7xgww/12zO/RcIRr6TG9iBC3zkzdV7Txxd1o= contains 204800 B
[2026-04-19T03:26:08.394Z INFO  worker::batch_maker] Batch i8bVQAMAHwIZ/+hhrKLNRbSdr5MYpK6hZtKDtHMLMuE= contains sample tx 1472
[2026-04-19T03:26:08.394Z INFO  worker::batch_maker] Batch i8bVQAMAHwIZ/+hhrKLNRbSdr5MYpK6hZtKDtHMLMuE= contains 204800 B
[2026-04-19T03:26:08.446Z INFO  worker::batch_maker] Batch RfeoV63bPKAjlcSt5JlTXp8+OesaJPQYkhsFoIHgpW4= contains sample tx 1473
[2026-04-19T03:26:08.446Z INFO  worker::batch_maker] Batch RfeoV63bPKAjlcSt5JlTXp8+OesaJPQYkhsFoIHgpW4= contains 204800 B
[2026-04-19T03:26:08.499Z INFO  worker::batch_maker] Batch UqRyzuO0AMLXetA+uaZQSoC2e8eZGVs9w2of6/wNpZo= contains sample tx 1474
[2026-04-19T03:26:08.499Z INFO  worker::batch_maker] Batch UqRyzuO0AMLXetA+uaZQSoC2e8eZGVs9w2of6/wNpZo= contains 204800 B
[2026-04-19T03:26:08.551Z INFO  worker::batch_maker] Batch DZ565r40lek80iWRCFKWHF5WaVqFc79fOuTOeM+zhqY= contains sample tx 1475
[2026-04-19T03:26:08.551Z INFO  worker::batch_maker] Batch DZ565r40lek80iWRCFKWHF5WaVqFc79fOuTOeM+zhqY= contains 204800 B
[2026-04-19T03:26:08.605Z INFO  worker::batch_maker] Batch 6e08+E9/j4n9EaWn/XYngKQDDWEhmrh7qCWBZcDhkBY= contains sample tx 1476
[2026-04-19T03:26:08.605Z INFO  worker::batch_maker] Batch 6e08+E9/j4n9EaWn/XYngKQDDWEhmrh7qCWBZcDhkBY= contains 269824 B
[2026-04-19T03:26:08.660Z INFO  worker::batch_maker] Batch tsGJBqtuOhKCp8PJUp3WvbeF5BVsfxJ8jnYAyVPfLsE= contains sample tx 1477
[2026-04-19T03:26:08.660Z INFO  worker::batch_maker] Batch tsGJBqtuOhKCp8PJUp3WvbeF5BVsfxJ8jnYAyVPfLsE= contains 281600 B
[2026-04-19T03:26:08.713Z INFO  worker::batch_maker] Batch woJUnZSCJhTrbtbtRyKfO4NDMQJemUghAC4+0agWWqE= contains sample tx 1478
[2026-04-19T03:26:08.713Z INFO  worker::batch_maker] Batch woJUnZSCJhTrbtbtRyKfO4NDMQJemUghAC4+0agWWqE= contains sample tx 1479
[2026-04-19T03:26:08.713Z INFO  worker::batch_maker] Batch woJUnZSCJhTrbtbtRyKfO4NDMQJemUghAC4+0agWWqE= contains 267776 B
[2026-04-19T03:26:08.768Z INFO  worker::batch_maker] Batch /VuGZ92Pm28cj2hTlpTN4Fp+gqOuFlYWagwokxJAG9A= contains sample tx 1480
[2026-04-19T03:26:08.768Z INFO  worker::batch_maker] Batch /VuGZ92Pm28cj2hTlpTN4Fp+gqOuFlYWagwokxJAG9A= contains 204800 B
[2026-04-19T03:26:08.821Z INFO  worker::batch_maker] Batch MPW3Hr+jPZ8iAhQtL5ir/enMXgZByIxgk8i7jBoDvzs= contains sample tx 1481
[2026-04-19T03:26:08.821Z INFO  worker::batch_maker] Batch MPW3Hr+jPZ8iAhQtL5ir/enMXgZByIxgk8i7jBoDvzs= contains 204800 B
[2026-04-19T03:26:08.874Z INFO  worker::batch_maker] Batch baYx3LLVaF4GZtuUpoOTNnWFNwxD7pvjNwITiy4lR1g= contains sample tx 1482
[2026-04-19T03:26:08.874Z INFO  worker::batch_maker] Batch baYx3LLVaF4GZtuUpoOTNnWFNwxD7pvjNwITiy4lR1g= contains 204800 B
[2026-04-19T03:26:08.927Z INFO  worker::batch_maker] Batch AzeQBZYgpYlJ85NDKaHT6WQ5TSxGMVYBEelvHIWe9Sg= contains sample tx 1483
[2026-04-19T03:26:08.927Z INFO  worker::batch_maker] Batch AzeQBZYgpYlJ85NDKaHT6WQ5TSxGMVYBEelvHIWe9Sg= contains 204800 B
[2026-04-19T03:26:08.979Z INFO  worker::batch_maker] Batch JAufPD9MNhYDGTf68d0yazhuxNUpayaDQ6Akh9mzxHQ= contains sample tx 1484
[2026-04-19T03:26:08.979Z INFO  worker::batch_maker] Batch JAufPD9MNhYDGTf68d0yazhuxNUpayaDQ6Akh9mzxHQ= contains 204800 B
[2026-04-19T03:26:09.031Z INFO  worker::batch_maker] Batch MXhoL7GODw6DM+u2hkjwdVSQBiUG1Z8ca5LLIXmkHQ0= contains sample tx 1485
[2026-04-19T03:26:09.031Z INFO  worker::batch_maker] Batch MXhoL7GODw6DM+u2hkjwdVSQBiUG1Z8ca5LLIXmkHQ0= contains 204800 B
[2026-04-19T03:26:09.084Z INFO  worker::batch_maker] Batch iyihnVj2o/c1mwWhMTg+s5HPG6ktAWbqSsi36D3PeTk= contains sample tx 1486
[2026-04-19T03:26:09.084Z INFO  worker::batch_maker] Batch iyihnVj2o/c1mwWhMTg+s5HPG6ktAWbqSsi36D3PeTk= contains 204800 B
[2026-04-19T03:26:09.136Z INFO  worker::batch_maker] Batch iqj2qKZU2veGAO3AhUbtseNU8HYgqt1Ym0sRE7NYNpE= contains sample tx 1487
[2026-04-19T03:26:09.136Z INFO  worker::batch_maker] Batch iqj2qKZU2veGAO3AhUbtseNU8HYgqt1Ym0sRE7NYNpE= contains 204800 B
[2026-04-19T03:26:09.188Z INFO  worker::batch_maker] Batch nXrGNBe6aVJcUGVX7Jgh55iVA4ZLalr23NTHxkoevfk= contains sample tx 1488
[2026-04-19T03:26:09.188Z INFO  worker::batch_maker] Batch nXrGNBe6aVJcUGVX7Jgh55iVA4ZLalr23NTHxkoevfk= contains 204800 B
[2026-04-19T03:26:09.241Z INFO  worker::batch_maker] Batch 8boIK/n1+Vaw9A7fK4FD3zOI5Fmkl/PdEZbG7qcFUNU= contains sample tx 1489
[2026-04-19T03:26:09.241Z INFO  worker::batch_maker] Batch 8boIK/n1+Vaw9A7fK4FD3zOI5Fmkl/PdEZbG7qcFUNU= contains 204800 B
[2026-04-19T03:26:09.293Z INFO  worker::batch_maker] Batch bYQwrZu30tykf5nUoWhF7KUnzEyvncXz+6e+hkFNVC4= contains sample tx 1490
[2026-04-19T03:26:09.293Z INFO  worker::batch_maker] Batch bYQwrZu30tykf5nUoWhF7KUnzEyvncXz+6e+hkFNVC4= contains 204800 B
[2026-04-19T03:26:09.346Z INFO  worker::batch_maker] Batch n77hBiEsC/zt/T2HUif/OSgVgsFEBlsqC9ips8CtapM= contains sample tx 1491
[2026-04-19T03:26:09.346Z INFO  worker::batch_maker] Batch n77hBiEsC/zt/T2HUif/OSgVgsFEBlsqC9ips8CtapM= contains 204800 B
[2026-04-19T03:26:09.397Z INFO  worker::batch_maker] Batch l0SYW7bBeWesOmCG0Fk6OWZjNKZKwvFHi7ZCtP4Px7U= contains sample tx 1492
[2026-04-19T03:26:09.397Z INFO  worker::batch_maker] Batch l0SYW7bBeWesOmCG0Fk6OWZjNKZKwvFHi7ZCtP4Px7U= contains 204800 B
[2026-04-19T03:26:09.451Z INFO  worker::batch_maker] Batch 7y4nAXbLCoWDjaBkqsxpkSQDeNyKhXUHPXPqK3TvGzU= contains sample tx 1493
[2026-04-19T03:26:09.451Z INFO  worker::batch_maker] Batch 7y4nAXbLCoWDjaBkqsxpkSQDeNyKhXUHPXPqK3TvGzU= contains 204800 B
[2026-04-19T03:26:09.505Z INFO  worker::batch_maker] Batch x5oyythzWaUVotXMOPksDm6UAbskzN1ItZbBexZzWgA= contains sample tx 1494
[2026-04-19T03:26:09.505Z INFO  worker::batch_maker] Batch x5oyythzWaUVotXMOPksDm6UAbskzN1ItZbBexZzWgA= contains sample tx 1495
[2026-04-19T03:26:09.505Z INFO  worker::batch_maker] Batch x5oyythzWaUVotXMOPksDm6UAbskzN1ItZbBexZzWgA= contains 409600 B
[2026-04-19T03:26:09.556Z INFO  worker::batch_maker] Batch S0tih+DJ4A6cTaFGG0QT7Gjy4VkGlB75UDGpuUidKC4= contains sample tx 1496
[2026-04-19T03:26:09.556Z INFO  worker::batch_maker] Batch S0tih+DJ4A6cTaFGG0QT7Gjy4VkGlB75UDGpuUidKC4= contains 204800 B
[2026-04-19T03:26:09.610Z INFO  worker::batch_maker] Batch hjOBM3EKM+G99of+rHd4aS9O4bwn+bSCIuDlbgdKXkg= contains sample tx 1497
[2026-04-19T03:26:09.611Z INFO  worker::batch_maker] Batch hjOBM3EKM+G99of+rHd4aS9O4bwn+bSCIuDlbgdKXkg= contains 204800 B
[2026-04-19T03:26:09.664Z INFO  worker::batch_maker] Batch l9ZsQGRR9nmq1H5S2QWKolhnCg9q++jB7gnGViNM8HQ= contains sample tx 1498
[2026-04-19T03:26:09.664Z INFO  worker::batch_maker] Batch l9ZsQGRR9nmq1H5S2QWKolhnCg9q++jB7gnGViNM8HQ= contains 204800 B
[2026-04-19T03:26:09.716Z INFO  worker::batch_maker] Batch 11dwuOyevhLo4+oFn4fEYW6k861Fa2JkAg9uRQmWnuE= contains sample tx 1499
[2026-04-19T03:26:09.716Z INFO  worker::batch_maker] Batch 11dwuOyevhLo4+oFn4fEYW6k861Fa2JkAg9uRQmWnuE= contains 204800 B
[2026-04-19T03:26:09.769Z INFO  worker::batch_maker] Batch 9+6gRRKV9BvA7q++tZfPDlVaO+IcPV+IRa5nP5bgOdA= contains sample tx 1500
[2026-04-19T03:26:09.769Z INFO  worker::batch_maker] Batch 9+6gRRKV9BvA7q++tZfPDlVaO+IcPV+IRa5nP5bgOdA= contains 204800 B
[2026-04-19T03:26:09.820Z INFO  worker::batch_maker] Batch /dTHMbCgDl/2WG1HDLUN+VY7YMsoOJLZLhPH4SrEVEA= contains sample tx 1501
[2026-04-19T03:26:09.820Z INFO  worker::batch_maker] Batch /dTHMbCgDl/2WG1HDLUN+VY7YMsoOJLZLhPH4SrEVEA= contains 204800 B
[2026-04-19T03:26:09.873Z INFO  worker::batch_maker] Batch L2aAS+ThuoGVXp67w30GkW0kL3QLOBjrFsHw1lXD5FY= contains sample tx 1502
[2026-04-19T03:26:09.873Z INFO  worker::batch_maker] Batch L2aAS+ThuoGVXp67w30GkW0kL3QLOBjrFsHw1lXD5FY= contains 204800 B
[2026-04-19T03:26:09.926Z INFO  worker::batch_maker] Batch 70qRim8tmGX/EpAqTAKciCmeYC+tE4kR7DIQtEL++1s= contains sample tx 1503
[2026-04-19T03:26:09.926Z INFO  worker::batch_maker] Batch 70qRim8tmGX/EpAqTAKciCmeYC+tE4kR7DIQtEL++1s= contains 204800 B
[2026-04-19T03:26:09.978Z INFO  worker::batch_maker] Batch FpA7sXfzPx9UrJ3/Z40LwLofKcILsfsEjWpOiX+F0Is= contains sample tx 1504
[2026-04-19T03:26:09.978Z INFO  worker::batch_maker] Batch FpA7sXfzPx9UrJ3/Z40LwLofKcILsfsEjWpOiX+F0Is= contains 204800 B
[2026-04-19T03:26:10.030Z INFO  worker::batch_maker] Batch v4xT2mb7je5a84Lov/m6IeExWC8cByeNd4vs/VRVIDA= contains sample tx 1505
[2026-04-19T03:26:10.030Z INFO  worker::batch_maker] Batch v4xT2mb7je5a84Lov/m6IeExWC8cByeNd4vs/VRVIDA= contains 204800 B
[2026-04-19T03:26:10.082Z INFO  worker::batch_maker] Batch ThNuFp5Mp8u0NviqcCSDt/IKneEsOTjb3FKP/X5dNHc= contains sample tx 1506
[2026-04-19T03:26:10.082Z INFO  worker::batch_maker] Batch ThNuFp5Mp8u0NviqcCSDt/IKneEsOTjb3FKP/X5dNHc= contains 204800 B
[2026-04-19T03:26:10.134Z INFO  worker::batch_maker] Batch L12KJy/Bec+AO6wnuPhA6cZOG4Duj+Dkn8Q3UK04Er4= contains sample tx 1507
[2026-04-19T03:26:10.134Z INFO  worker::batch_maker] Batch L12KJy/Bec+AO6wnuPhA6cZOG4Duj+Dkn8Q3UK04Er4= contains 204800 B
[2026-04-19T03:26:10.188Z INFO  worker::batch_maker] Batch bwvhiRGWXItip9bVFIiuggvCaOzqs5BS45SgdIGMnUU= contains sample tx 1508
[2026-04-19T03:26:10.188Z INFO  worker::batch_maker] Batch bwvhiRGWXItip9bVFIiuggvCaOzqs5BS45SgdIGMnUU= contains 204800 B
[2026-04-19T03:26:10.241Z INFO  worker::batch_maker] Batch u4n445zfqod0zMZHB7fx7mKHgQq5pfyL/+VNSJHli2k= contains sample tx 1509
[2026-04-19T03:26:10.241Z INFO  worker::batch_maker] Batch u4n445zfqod0zMZHB7fx7mKHgQq5pfyL/+VNSJHli2k= contains 204800 B
[2026-04-19T03:26:10.294Z INFO  worker::batch_maker] Batch adl9sACi1PzRCt77NJhCTFsZOSpGAlTKqBMivo1X4t0= contains sample tx 1510
[2026-04-19T03:26:10.294Z INFO  worker::batch_maker] Batch adl9sACi1PzRCt77NJhCTFsZOSpGAlTKqBMivo1X4t0= contains 204800 B
[2026-04-19T03:26:10.345Z INFO  worker::batch_maker] Batch oU0L4c5/Ta8p3IjjAhVJZka6qh31us/itXy+YaxeWs8= contains sample tx 1511
[2026-04-19T03:26:10.345Z INFO  worker::batch_maker] Batch oU0L4c5/Ta8p3IjjAhVJZka6qh31us/itXy+YaxeWs8= contains 204800 B
[2026-04-19T03:26:10.398Z INFO  worker::batch_maker] Batch UrCLTJg+PlCcGZpN3zQz56+Uh1kgs36u+T+FItPmvZs= contains sample tx 1512
[2026-04-19T03:26:10.398Z INFO  worker::batch_maker] Batch UrCLTJg+PlCcGZpN3zQz56+Uh1kgs36u+T+FItPmvZs= contains 204800 B
[2026-04-19T03:26:10.450Z INFO  worker::batch_maker] Batch TCscRXAdhO9ZgVkO0aDPM5ouqVkY4cg+9XktLAk0AK8= contains sample tx 1513
[2026-04-19T03:26:10.450Z INFO  worker::batch_maker] Batch TCscRXAdhO9ZgVkO0aDPM5ouqVkY4cg+9XktLAk0AK8= contains 204800 B
[2026-04-19T03:26:10.501Z INFO  worker::batch_maker] Batch iRwjAMPCWREs4xNLDEZrNLILxJaDCQZppdODV1Vfqek= contains sample tx 1514
[2026-04-19T03:26:10.501Z INFO  worker::batch_maker] Batch iRwjAMPCWREs4xNLDEZrNLILxJaDCQZppdODV1Vfqek= contains 232448 B
[2026-04-19T03:26:10.555Z INFO  worker::batch_maker] Batch /ZC/p3EqvuYGAfmJXAn9FyoGRoc6Sxt0rc9QPN5RPNs= contains sample tx 1515
[2026-04-19T03:26:10.555Z INFO  worker::batch_maker] Batch /ZC/p3EqvuYGAfmJXAn9FyoGRoc6Sxt0rc9QPN5RPNs= contains 268288 B
[2026-04-19T03:26:10.610Z INFO  worker::batch_maker] Batch 3dhrHUkujAvLzG1cqSzw1MrmE0fZRxAqg5JfjJcDZnk= contains sample tx 1516
[2026-04-19T03:26:10.610Z INFO  worker::batch_maker] Batch 3dhrHUkujAvLzG1cqSzw1MrmE0fZRxAqg5JfjJcDZnk= contains 164352 B
[2026-04-19T03:26:10.664Z INFO  worker::batch_maker] Batch 720ROS7Wuiq73napfLKjMIQJTh7M3x3PP8YBYMAvhpk= contains sample tx 1517
[2026-04-19T03:26:10.664Z INFO  worker::batch_maker] Batch 720ROS7Wuiq73napfLKjMIQJTh7M3x3PP8YBYMAvhpk= contains sample tx 1518
[2026-04-19T03:26:10.664Z INFO  worker::batch_maker] Batch 720ROS7Wuiq73napfLKjMIQJTh7M3x3PP8YBYMAvhpk= contains 358912 B
[2026-04-19T03:26:10.716Z INFO  worker::batch_maker] Batch IeVBDFo5tMxAuCSZYuDEHhLIgnKoYI5hfptsATIeNs8= contains sample tx 1519
[2026-04-19T03:26:10.716Z INFO  worker::batch_maker] Batch IeVBDFo5tMxAuCSZYuDEHhLIgnKoYI5hfptsATIeNs8= contains 204800 B
[2026-04-19T03:26:10.769Z INFO  worker::batch_maker] Batch LWr/SsBNdGQPQKYVWFrCwLlPWFIf5rSKPZ6w3cGjPTQ= contains sample tx 1520
[2026-04-19T03:26:10.769Z INFO  worker::batch_maker] Batch LWr/SsBNdGQPQKYVWFrCwLlPWFIf5rSKPZ6w3cGjPTQ= contains 204800 B
[2026-04-19T03:26:10.821Z INFO  worker::batch_maker] Batch ue9CEYBOjuiah3mzII9iScryT3gJdmPvNwyL6Eouyf4= contains sample tx 1521
[2026-04-19T03:26:10.821Z INFO  worker::batch_maker] Batch ue9CEYBOjuiah3mzII9iScryT3gJdmPvNwyL6Eouyf4= contains 204800 B
[2026-04-19T03:26:10.873Z INFO  worker::batch_maker] Batch 508gsMn20Mw3aU97sttO/CjG4lfrB1Nt1Iut72bOYnk= contains sample tx 1522
[2026-04-19T03:26:10.873Z INFO  worker::batch_maker] Batch 508gsMn20Mw3aU97sttO/CjG4lfrB1Nt1Iut72bOYnk= contains 204800 B
[2026-04-19T03:26:10.925Z INFO  worker::batch_maker] Batch 7PsRxm2/SPSAWExPIbWizPofv6PZX7+h9Qn76picP6Q= contains sample tx 1523
[2026-04-19T03:26:10.925Z INFO  worker::batch_maker] Batch 7PsRxm2/SPSAWExPIbWizPofv6PZX7+h9Qn76picP6Q= contains 204800 B
[2026-04-19T03:26:10.977Z INFO  worker::batch_maker] Batch IyTuYSskuSd5Ui05yPjLwS/59/sBcAbuutBlT3Vo/J4= contains sample tx 1524
[2026-04-19T03:26:10.977Z INFO  worker::batch_maker] Batch IyTuYSskuSd5Ui05yPjLwS/59/sBcAbuutBlT3Vo/J4= contains 204800 B
[2026-04-19T03:26:11.030Z INFO  worker::batch_maker] Batch qO0juh2qk3C5l/qu6gxYSToTr93bjRpo2p2KBUqYVXQ= contains sample tx 1525
[2026-04-19T03:26:11.030Z INFO  worker::batch_maker] Batch qO0juh2qk3C5l/qu6gxYSToTr93bjRpo2p2KBUqYVXQ= contains 204800 B
[2026-04-19T03:26:11.083Z INFO  worker::batch_maker] Batch Xyx6qw8MgsR9V4moUVQhzE3lKNVcnneYwHLPzjbmGuo= contains sample tx 1526
[2026-04-19T03:26:11.083Z INFO  worker::batch_maker] Batch Xyx6qw8MgsR9V4moUVQhzE3lKNVcnneYwHLPzjbmGuo= contains 204800 B
[2026-04-19T03:26:11.138Z INFO  worker::batch_maker] Batch k4ham9OZIh0/d4HSi89ba/g9eFMKwGLiElqA8iabS2Q= contains sample tx 1527
[2026-04-19T03:26:11.138Z INFO  worker::batch_maker] Batch k4ham9OZIh0/d4HSi89ba/g9eFMKwGLiElqA8iabS2Q= contains 204800 B
[2026-04-19T03:26:11.191Z INFO  worker::batch_maker] Batch Vo/decjkOh3YQQAwNNls4m8oEig2c4mGbc4T01XgWEQ= contains sample tx 1528
[2026-04-19T03:26:11.191Z INFO  worker::batch_maker] Batch Vo/decjkOh3YQQAwNNls4m8oEig2c4mGbc4T01XgWEQ= contains 204800 B
[2026-04-19T03:26:11.243Z INFO  worker::batch_maker] Batch TacddecB4StceUfnV5nduSBDZjORXxcbLL8Mv7mFgQU= contains sample tx 1529
[2026-04-19T03:26:11.280Z INFO  worker::batch_maker] Batch TacddecB4StceUfnV5nduSBDZjORXxcbLL8Mv7mFgQU= contains 204800 B
[2026-04-19T03:26:11.333Z INFO  worker::batch_maker] Batch uWeilYcoEDAhDXpcFR4rAuo14Sx8deUjrG703eap4BA= contains sample tx 1530
[2026-04-19T03:26:11.333Z INFO  worker::batch_maker] Batch uWeilYcoEDAhDXpcFR4rAuo14Sx8deUjrG703eap4BA= contains sample tx 1531
[2026-04-19T03:26:11.333Z INFO  worker::batch_maker] Batch uWeilYcoEDAhDXpcFR4rAuo14Sx8deUjrG703eap4BA= contains 409600 B
[2026-04-19T03:26:11.385Z INFO  worker::batch_maker] Batch Fifb70jsDNuyXr2b2JvPi2idBZQmzrVBrMC9oijbOQU= contains sample tx 1532
[2026-04-19T03:26:11.385Z INFO  worker::batch_maker] Batch Fifb70jsDNuyXr2b2JvPi2idBZQmzrVBrMC9oijbOQU= contains 204800 B
[2026-04-19T03:26:11.437Z INFO  worker::batch_maker] Batch qA7KFyE+2cyUA9HwC2vM3g25Ari9goa7MeAWmUGouz4= contains sample tx 1533
[2026-04-19T03:26:11.437Z INFO  worker::batch_maker] Batch qA7KFyE+2cyUA9HwC2vM3g25Ari9goa7MeAWmUGouz4= contains 204800 B
[2026-04-19T03:26:11.489Z INFO  worker::batch_maker] Batch kqh+lsrXOcqIe78EtOAizZ9Qhkh9r+s1LGXQhyPVE7A= contains sample tx 1534
[2026-04-19T03:26:11.489Z INFO  worker::batch_maker] Batch kqh+lsrXOcqIe78EtOAizZ9Qhkh9r+s1LGXQhyPVE7A= contains 204800 B
[2026-04-19T03:26:11.542Z INFO  worker::batch_maker] Batch WVF1PhP54eQRSjv8LT8EoesjvOUOf3aHImqbqSpIQFA= contains sample tx 1535
[2026-04-19T03:26:11.542Z INFO  worker::batch_maker] Batch WVF1PhP54eQRSjv8LT8EoesjvOUOf3aHImqbqSpIQFA= contains 204800 B
[2026-04-19T03:26:11.594Z INFO  worker::batch_maker] Batch FVeXS49QCmCn8OVLPPEzFJvCnRH3FrHb2yFlpk8fHcw= contains sample tx 1536
[2026-04-19T03:26:11.594Z INFO  worker::batch_maker] Batch FVeXS49QCmCn8OVLPPEzFJvCnRH3FrHb2yFlpk8fHcw= contains 204800 B
[2026-04-19T03:26:11.646Z INFO  worker::batch_maker] Batch zOgNJ+ZKZcjdXfw70J3LG+ffvzeds3X8kXDSUodoSwA= contains sample tx 1537
[2026-04-19T03:26:11.646Z INFO  worker::batch_maker] Batch zOgNJ+ZKZcjdXfw70J3LG+ffvzeds3X8kXDSUodoSwA= contains 204800 B
[2026-04-19T03:26:11.698Z INFO  worker::batch_maker] Batch Hk3nVerap9IbtqOE9cnv8mejFogbUD3edI5YsPdFXp0= contains sample tx 1538
[2026-04-19T03:26:11.698Z INFO  worker::batch_maker] Batch Hk3nVerap9IbtqOE9cnv8mejFogbUD3edI5YsPdFXp0= contains 204800 B
[2026-04-19T03:26:11.750Z INFO  worker::batch_maker] Batch uACgwCURWhiXrlmMUX9xQnsi/4YWMoMwn36WVkr2kAg= contains sample tx 1539
[2026-04-19T03:26:11.750Z INFO  worker::batch_maker] Batch uACgwCURWhiXrlmMUX9xQnsi/4YWMoMwn36WVkr2kAg= contains 204800 B
[2026-04-19T03:26:11.802Z INFO  worker::batch_maker] Batch j+d3LSs32mfIYYPj0WdHB5NNAEtirzB/zZWFO0IjiuI= contains sample tx 1540
[2026-04-19T03:26:11.802Z INFO  worker::batch_maker] Batch j+d3LSs32mfIYYPj0WdHB5NNAEtirzB/zZWFO0IjiuI= contains 322048 B
[2026-04-19T03:26:11.855Z INFO  worker::batch_maker] Batch 3lCdgoDXhFBhAdu63joSAAhRf9ZeD3RTc8H6QGN9FVI= contains sample tx 1541
[2026-04-19T03:26:11.855Z INFO  worker::batch_maker] Batch 3lCdgoDXhFBhAdu63joSAAhRf9ZeD3RTc8H6QGN9FVI= contains sample tx 1542
[2026-04-19T03:26:11.855Z INFO  worker::batch_maker] Batch 3lCdgoDXhFBhAdu63joSAAhRf9ZeD3RTc8H6QGN9FVI= contains 292352 B
[2026-04-19T03:26:11.907Z INFO  worker::batch_maker] Batch vKWmEVsL4K4k50C1qbLdfPsbiIvO5zMpyDOX2car+K0= contains sample tx 1543
[2026-04-19T03:26:11.907Z INFO  worker::batch_maker] Batch vKWmEVsL4K4k50C1qbLdfPsbiIvO5zMpyDOX2car+K0= contains 204800 B
[2026-04-19T03:26:11.959Z INFO  worker::batch_maker] Batch es9Wm3zUnyFKmURxZB/RBz94YvMUo9pWVu5Noef5Prw= contains sample tx 1544
[2026-04-19T03:26:11.959Z INFO  worker::batch_maker] Batch es9Wm3zUnyFKmURxZB/RBz94YvMUo9pWVu5Noef5Prw= contains 204800 B
[2026-04-19T03:26:12.011Z INFO  worker::batch_maker] Batch yfgPPqKaZiPJKwvhJV0bcIqcluep5ZJ+rGk0qRiie+w= contains sample tx 1545
[2026-04-19T03:26:12.012Z INFO  worker::batch_maker] Batch yfgPPqKaZiPJKwvhJV0bcIqcluep5ZJ+rGk0qRiie+w= contains 204800 B
[2026-04-19T03:26:12.063Z INFO  worker::batch_maker] Batch SiMKFx8HstXwN1CXGdU//fmgmeFWY+jely+RgH2E+Jg= contains sample tx 1546
[2026-04-19T03:26:12.063Z INFO  worker::batch_maker] Batch SiMKFx8HstXwN1CXGdU//fmgmeFWY+jely+RgH2E+Jg= contains 204800 B
[2026-04-19T03:26:12.115Z INFO  worker::batch_maker] Batch Me3LF3tiGLL2d5lT2mVhU9bZ1s639LQFNaomT92gBy8= contains sample tx 1547
[2026-04-19T03:26:12.115Z INFO  worker::batch_maker] Batch Me3LF3tiGLL2d5lT2mVhU9bZ1s639LQFNaomT92gBy8= contains 204800 B
[2026-04-19T03:26:12.167Z INFO  worker::batch_maker] Batch +gAmV/9BK1OynUr23cgOj0NAANOVizNntyv+zwIfPqM= contains sample tx 1548
[2026-04-19T03:26:12.167Z INFO  worker::batch_maker] Batch +gAmV/9BK1OynUr23cgOj0NAANOVizNntyv+zwIfPqM= contains 204800 B
[2026-04-19T03:26:12.219Z INFO  worker::batch_maker] Batch xlAsXaWx+F6fOdQeZ+8ZpMEdPEPDwH2aFq3tyWjHlGc= contains sample tx 1549
[2026-04-19T03:26:12.219Z INFO  worker::batch_maker] Batch xlAsXaWx+F6fOdQeZ+8ZpMEdPEPDwH2aFq3tyWjHlGc= contains 204800 B
[2026-04-19T03:26:12.271Z INFO  worker::batch_maker] Batch e7yVyhpsere7gRDfiM9Hq/LREW2QszQNWHOuRoU03Y0= contains sample tx 1550
[2026-04-19T03:26:12.271Z INFO  worker::batch_maker] Batch e7yVyhpsere7gRDfiM9Hq/LREW2QszQNWHOuRoU03Y0= contains 204800 B
[2026-04-19T03:26:12.323Z INFO  worker::batch_maker] Batch ngzwfowF5/YPY89JpmES2dM0asbYfcP6QldeXjvu6f0= contains sample tx 1551
[2026-04-19T03:26:12.323Z INFO  worker::batch_maker] Batch ngzwfowF5/YPY89JpmES2dM0asbYfcP6QldeXjvu6f0= contains 204800 B
[2026-04-19T03:26:12.376Z INFO  worker::batch_maker] Batch 3HYmm2E93RF/ATeR7lR5H+4movhgHcFRoKJ2EMMtKhk= contains sample tx 1552
[2026-04-19T03:26:12.376Z INFO  worker::batch_maker] Batch 3HYmm2E93RF/ATeR7lR5H+4movhgHcFRoKJ2EMMtKhk= contains 204800 B
[2026-04-19T03:26:12.429Z INFO  worker::batch_maker] Batch ch/HyaLir/6vj7PtBaYWAWGTtMu5Vne5PqDjd5e7o5w= contains sample tx 1553
[2026-04-19T03:26:12.429Z INFO  worker::batch_maker] Batch ch/HyaLir/6vj7PtBaYWAWGTtMu5Vne5PqDjd5e7o5w= contains 204800 B
[2026-04-19T03:26:12.482Z INFO  worker::batch_maker] Batch XcJ0igtj5eKKk76fFKIf8EloGArIlbEECGu4tCgTEvc= contains sample tx 1554
[2026-04-19T03:26:12.482Z INFO  worker::batch_maker] Batch XcJ0igtj5eKKk76fFKIf8EloGArIlbEECGu4tCgTEvc= contains 204800 B
[2026-04-19T03:26:12.536Z INFO  worker::batch_maker] Batch eHrPxcxnUrB691j898L3au/L+fEsnzjr8fMe8H5rp2s= contains sample tx 1555
[2026-04-19T03:26:12.536Z INFO  worker::batch_maker] Batch eHrPxcxnUrB691j898L3au/L+fEsnzjr8fMe8H5rp2s= contains 204800 B
[2026-04-19T03:26:12.588Z INFO  worker::batch_maker] Batch yDh287oCiywpH777WfMDonSnSYpGnwB1dpgMwBAhE8E= contains sample tx 1556
[2026-04-19T03:26:12.588Z INFO  worker::batch_maker] Batch yDh287oCiywpH777WfMDonSnSYpGnwB1dpgMwBAhE8E= contains 204800 B
[2026-04-19T03:26:12.641Z INFO  worker::batch_maker] Batch 4nfft2l7uZQaEobymFSBkBUuvKzgZQ/AeeJ/MzGG64c= contains sample tx 1557
[2026-04-19T03:26:12.641Z INFO  worker::batch_maker] Batch 4nfft2l7uZQaEobymFSBkBUuvKzgZQ/AeeJ/MzGG64c= contains 204800 B
[2026-04-19T03:26:12.695Z INFO  worker::batch_maker] Batch eCDClDNbeFfRJWjG7UPTliHglQ4V1Qo8uBvwcIhxPng= contains sample tx 1558
[2026-04-19T03:26:12.695Z INFO  worker::batch_maker] Batch eCDClDNbeFfRJWjG7UPTliHglQ4V1Qo8uBvwcIhxPng= contains 204800 B
[2026-04-19T03:26:12.748Z INFO  worker::batch_maker] Batch cuFyuPJDgfG09JSz8maJpSLCupctusaKoA2Pv5h88+0= contains sample tx 1559
[2026-04-19T03:26:12.748Z INFO  worker::batch_maker] Batch cuFyuPJDgfG09JSz8maJpSLCupctusaKoA2Pv5h88+0= contains 204800 B
[2026-04-19T03:26:12.801Z INFO  worker::batch_maker] Batch xQSZHBpPmWt3Wx7j1vhpMy8LS7PNr/NSk4aneTnD+IM= contains sample tx 1560
[2026-04-19T03:26:12.801Z INFO  worker::batch_maker] Batch xQSZHBpPmWt3Wx7j1vhpMy8LS7PNr/NSk4aneTnD+IM= contains 204800 B
[2026-04-19T03:26:12.852Z INFO  worker::batch_maker] Batch YW95YjuUYJRvVSUYbIPFvLsQmQ0K5JLkdER8kaAAVcY= contains sample tx 1561
[2026-04-19T03:26:12.852Z INFO  worker::batch_maker] Batch YW95YjuUYJRvVSUYbIPFvLsQmQ0K5JLkdER8kaAAVcY= contains 244736 B
[2026-04-19T03:26:12.906Z INFO  worker::batch_maker] Batch oTwc+xHsPk+vFCBQWtqLgciDrFyT4roZZ/RBDHCIFzg= contains sample tx 1562
[2026-04-19T03:26:12.906Z INFO  worker::batch_maker] Batch oTwc+xHsPk+vFCBQWtqLgciDrFyT4roZZ/RBDHCIFzg= contains sample tx 1563
[2026-04-19T03:26:12.906Z INFO  worker::batch_maker] Batch oTwc+xHsPk+vFCBQWtqLgciDrFyT4roZZ/RBDHCIFzg= contains 369664 B
[2026-04-19T03:26:12.958Z INFO  worker::batch_maker] Batch HL78C8X+kB52of0oVhC4mAzVqjThRp7D8+wgjItfd4c= contains sample tx 1564
[2026-04-19T03:26:12.959Z INFO  worker::batch_maker] Batch HL78C8X+kB52of0oVhC4mAzVqjThRp7D8+wgjItfd4c= contains 204800 B
[2026-04-19T03:26:13.011Z INFO  worker::batch_maker] Batch OzY8ytposlmZ+fpsNTTH6p/NB8U9Bn7KI6DJzQQo5y4= contains sample tx 1565
[2026-04-19T03:26:13.011Z INFO  worker::batch_maker] Batch OzY8ytposlmZ+fpsNTTH6p/NB8U9Bn7KI6DJzQQo5y4= contains 204800 B
[2026-04-19T03:26:13.063Z INFO  worker::batch_maker] Batch 6Ar+AfrqQH1aj8AOxYzxYvsngq5HlyKdhW/DxG88Kz4= contains sample tx 1566
[2026-04-19T03:26:13.063Z INFO  worker::batch_maker] Batch 6Ar+AfrqQH1aj8AOxYzxYvsngq5HlyKdhW/DxG88Kz4= contains 204800 B
[2026-04-19T03:26:13.115Z INFO  worker::batch_maker] Batch dgz4LsEeNSrdCaCQirk2/CBKsK3ltW3AkbMzSi6qqYg= contains sample tx 1567
[2026-04-19T03:26:13.115Z INFO  worker::batch_maker] Batch dgz4LsEeNSrdCaCQirk2/CBKsK3ltW3AkbMzSi6qqYg= contains 204800 B
[2026-04-19T03:26:13.167Z INFO  worker::batch_maker] Batch h59u0BOCbVe2xciVseiCWGA1XOB9v/GD3AtugJHMVHg= contains sample tx 1568
[2026-04-19T03:26:13.167Z INFO  worker::batch_maker] Batch h59u0BOCbVe2xciVseiCWGA1XOB9v/GD3AtugJHMVHg= contains 204800 B
[2026-04-19T03:26:13.219Z INFO  worker::batch_maker] Batch 5UDmyr0fiZaqQZ4dgJ/BUK3J/z5BKo28UIIa4WgdOJM= contains sample tx 1569
[2026-04-19T03:26:13.219Z INFO  worker::batch_maker] Batch 5UDmyr0fiZaqQZ4dgJ/BUK3J/z5BKo28UIIa4WgdOJM= contains 204800 B
[2026-04-19T03:26:13.271Z INFO  worker::batch_maker] Batch KI4FD2wdFtbHhvCl4aZ9feJsdhONugTuuvoJKarKgxk= contains sample tx 1570
[2026-04-19T03:26:13.271Z INFO  worker::batch_maker] Batch KI4FD2wdFtbHhvCl4aZ9feJsdhONugTuuvoJKarKgxk= contains 204800 B
[2026-04-19T03:26:13.323Z INFO  worker::batch_maker] Batch 4xbAlQAm0gTIK0wq24aECHPwoQPm6dRaB0coH2UFRDk= contains sample tx 1571
[2026-04-19T03:26:13.323Z INFO  worker::batch_maker] Batch 4xbAlQAm0gTIK0wq24aECHPwoQPm6dRaB0coH2UFRDk= contains 204800 B
[2026-04-19T03:26:13.375Z INFO  worker::batch_maker] Batch vmO2V8AvNwP739vCtTYLZK3ueOCIMFq1H2w/kvsg4C0= contains sample tx 1572
[2026-04-19T03:26:13.375Z INFO  worker::batch_maker] Batch vmO2V8AvNwP739vCtTYLZK3ueOCIMFq1H2w/kvsg4C0= contains 204800 B
[2026-04-19T03:26:13.428Z INFO  worker::batch_maker] Batch JuHSHgvHvEBxJVbzjHCNQ9+GycSWEYArZxvZXwoxUDo= contains sample tx 1573
[2026-04-19T03:26:13.428Z INFO  worker::batch_maker] Batch JuHSHgvHvEBxJVbzjHCNQ9+GycSWEYArZxvZXwoxUDo= contains 204800 B
[2026-04-19T03:26:13.458Z INFO  network::receiver] Incoming connection established with 10.10.1.4:54438
[2026-04-19T03:26:13.458Z INFO  network::simple_sender] Outgoing connection established with 10.10.1.4:5019
[2026-04-19T03:26:13.479Z INFO  worker::batch_maker] Batch TuR7ZZVKzVzVvSPDKzU39zon9A78DqojlwRmUH1BI3w= contains sample tx 1574
[2026-04-19T03:26:13.479Z INFO  worker::batch_maker] Batch TuR7ZZVKzVzVvSPDKzU39zon9A78DqojlwRmUH1BI3w= contains 204800 B
[2026-04-19T03:26:13.531Z INFO  worker::batch_maker] Batch 5OqZrdpFpHxXn92+LkyFTolsS/gGhd/vF2Lir9TIuxU= contains sample tx 1575
[2026-04-19T03:26:13.531Z INFO  worker::batch_maker] Batch 5OqZrdpFpHxXn92+LkyFTolsS/gGhd/vF2Lir9TIuxU= contains 204800 B
[2026-04-19T03:26:13.584Z INFO  worker::batch_maker] Batch Z+S3ypcmrR/l+SnjWP8ujFYe9qVF/Kkk4cpExapK6HQ= contains sample tx 1576
[2026-04-19T03:26:13.584Z INFO  worker::batch_maker] Batch Z+S3ypcmrR/l+SnjWP8ujFYe9qVF/Kkk4cpExapK6HQ= contains 204800 B
[2026-04-19T03:26:13.635Z INFO  worker::batch_maker] Batch geWiXjtNmDATfDbt+tZknO2eG8gLWz1i41uiy1L9mF8= contains sample tx 1577
[2026-04-19T03:26:13.635Z INFO  worker::batch_maker] Batch geWiXjtNmDATfDbt+tZknO2eG8gLWz1i41uiy1L9mF8= contains 204800 B
[2026-04-19T03:26:13.688Z INFO  worker::batch_maker] Batch 6l90joMBxxaK03PDTQiOpu8X8XkdHKqGIcRf2ZHt6Ho= contains sample tx 1578
[2026-04-19T03:26:13.688Z INFO  worker::batch_maker] Batch 6l90joMBxxaK03PDTQiOpu8X8XkdHKqGIcRf2ZHt6Ho= contains 204800 B
[2026-04-19T03:26:13.741Z INFO  worker::batch_maker] Batch yA/G9i8YSnEneCtyLznPvyRlmCZzWivEDBVpsRpX9bo= contains sample tx 1579
[2026-04-19T03:26:13.741Z INFO  worker::batch_maker] Batch yA/G9i8YSnEneCtyLznPvyRlmCZzWivEDBVpsRpX9bo= contains 204800 B
[2026-04-19T03:26:13.794Z INFO  worker::batch_maker] Batch OnAzQlmlt1dn7mzP8W2JXOCAtqlSdj04iPo4Z65Rcuc= contains sample tx 1580
[2026-04-19T03:26:13.804Z INFO  worker::batch_maker] Batch OnAzQlmlt1dn7mzP8W2JXOCAtqlSdj04iPo4Z65Rcuc= contains 204800 B
[2026-04-19T03:26:13.858Z INFO  worker::batch_maker] Batch eUV+Cp0G5fMnW5F9AcmTQRCf91U5dbaXvpG8TYgIy9k= contains sample tx 1581
[2026-04-19T03:26:13.858Z INFO  worker::batch_maker] Batch eUV+Cp0G5fMnW5F9AcmTQRCf91U5dbaXvpG8TYgIy9k= contains sample tx 1582
[2026-04-19T03:26:13.858Z INFO  worker::batch_maker] Batch eUV+Cp0G5fMnW5F9AcmTQRCf91U5dbaXvpG8TYgIy9k= contains 409600 B
[2026-04-19T03:26:13.912Z INFO  worker::batch_maker] Batch aYu7BmDsC/vPCO1hdrKxbeX3Tm8JRAnXmrCbnZpwqtg= contains 196096 B
[2026-04-19T03:26:13.971Z INFO  worker::batch_maker] Batch iqz4O1xlv1XYB29dwQsG4XbnSzJBs0KH2V3Ecgw9ZO0= contains sample tx 1583
[2026-04-19T03:26:13.971Z INFO  worker::batch_maker] Batch iqz4O1xlv1XYB29dwQsG4XbnSzJBs0KH2V3Ecgw9ZO0= contains sample tx 1584
[2026-04-19T03:26:13.971Z INFO  worker::batch_maker] Batch iqz4O1xlv1XYB29dwQsG4XbnSzJBs0KH2V3Ecgw9ZO0= contains 213504 B
[2026-04-19T03:26:14.023Z INFO  worker::batch_maker] Batch NVmdOzSGKY8d/OvZWPo0LLnK7vdHwuCa0SyyW/SL9Vc= contains sample tx 1585
[2026-04-19T03:26:14.023Z INFO  worker::batch_maker] Batch NVmdOzSGKY8d/OvZWPo0LLnK7vdHwuCa0SyyW/SL9Vc= contains 204800 B
[2026-04-19T03:26:14.076Z INFO  worker::batch_maker] Batch XgWSJ+qS0V7tVaEsfhCgt8sezw7Cj0LaUIueAMLPWLU= contains sample tx 1586
[2026-04-19T03:26:14.076Z INFO  worker::batch_maker] Batch XgWSJ+qS0V7tVaEsfhCgt8sezw7Cj0LaUIueAMLPWLU= contains 204800 B
[2026-04-19T03:26:14.128Z INFO  worker::batch_maker] Batch o67MTIYjdNveuh/zo3xMrD8SrHf9+S3MaByPuMFz1+I= contains sample tx 1587
[2026-04-19T03:26:14.128Z INFO  worker::batch_maker] Batch o67MTIYjdNveuh/zo3xMrD8SrHf9+S3MaByPuMFz1+I= contains 204800 B
[2026-04-19T03:26:14.180Z INFO  worker::batch_maker] Batch 6wQ7EuStTKtD9/DmaNWN78rRdsyjj4z9TwRh++v7iAM= contains sample tx 1588
[2026-04-19T03:26:14.180Z INFO  worker::batch_maker] Batch 6wQ7EuStTKtD9/DmaNWN78rRdsyjj4z9TwRh++v7iAM= contains 204800 B
[2026-04-19T03:26:14.232Z INFO  worker::batch_maker] Batch oDkXoq8mZB29ETd4EyQPa23TBF6zmNzETH69WkiQou0= contains sample tx 1589
[2026-04-19T03:26:14.232Z INFO  worker::batch_maker] Batch oDkXoq8mZB29ETd4EyQPa23TBF6zmNzETH69WkiQou0= contains 204800 B
[2026-04-19T03:26:14.286Z INFO  worker::batch_maker] Batch GjNHQdtyDG7evrMHYa5KayQ7iLenBnltcGUnCxM+XYI= contains sample tx 1590
[2026-04-19T03:26:14.286Z INFO  worker::batch_maker] Batch GjNHQdtyDG7evrMHYa5KayQ7iLenBnltcGUnCxM+XYI= contains 204800 B
[2026-04-19T03:26:14.342Z INFO  worker::batch_maker] Batch +pVF51OHsZaAF+slZq9S0+2ifviSJTYqOPbtD4ImqXg= contains sample tx 1591
[2026-04-19T03:26:14.342Z INFO  worker::batch_maker] Batch +pVF51OHsZaAF+slZq9S0+2ifviSJTYqOPbtD4ImqXg= contains 204800 B
[2026-04-19T03:26:14.395Z INFO  worker::batch_maker] Batch 05AIIoRRSEJLcam8OovTXwkSawl81WOeECar5uUox5o= contains sample tx 1592
[2026-04-19T03:26:14.395Z INFO  worker::batch_maker] Batch 05AIIoRRSEJLcam8OovTXwkSawl81WOeECar5uUox5o= contains 204800 B
[2026-04-19T03:26:14.447Z INFO  worker::batch_maker] Batch ZI56hayTJqGGyJVNW1igcwsgpzitwfBdNTVW9qIpWt0= contains sample tx 1593
[2026-04-19T03:26:14.447Z INFO  worker::batch_maker] Batch ZI56hayTJqGGyJVNW1igcwsgpzitwfBdNTVW9qIpWt0= contains 204800 B
[2026-04-19T03:26:14.499Z INFO  worker::batch_maker] Batch 3Sk/qBrE3GOuCM0FlTz8tCW3q/YX3o6gXd0m7CLvsFE= contains sample tx 1594
[2026-04-19T03:26:14.499Z INFO  worker::batch_maker] Batch 3Sk/qBrE3GOuCM0FlTz8tCW3q/YX3o6gXd0m7CLvsFE= contains 204800 B
[2026-04-19T03:26:14.553Z INFO  worker::batch_maker] Batch qWRIv3CynoSYDQlXy8EBzAF5CvjMs5ISsC3P3JugS7I= contains sample tx 1595
[2026-04-19T03:26:14.553Z INFO  worker::batch_maker] Batch qWRIv3CynoSYDQlXy8EBzAF5CvjMs5ISsC3P3JugS7I= contains 204800 B
[2026-04-19T03:26:14.609Z INFO  worker::batch_maker] Batch qo62rTP1FhbV3wjCj7QraU4nhOWrb00oEUh83VpLdwM= contains sample tx 1596
[2026-04-19T03:26:14.609Z INFO  worker::batch_maker] Batch qo62rTP1FhbV3wjCj7QraU4nhOWrb00oEUh83VpLdwM= contains sample tx 1597
[2026-04-19T03:26:14.609Z INFO  worker::batch_maker] Batch qo62rTP1FhbV3wjCj7QraU4nhOWrb00oEUh83VpLdwM= contains 409600 B
[2026-04-19T03:26:14.663Z INFO  worker::batch_maker] Batch JUAZUZ8m3A24Ie9SBcLpsFHHPd6Uowvy/+jsAJzXQi4= contains sample tx 1598
[2026-04-19T03:26:14.663Z INFO  worker::batch_maker] Batch JUAZUZ8m3A24Ie9SBcLpsFHHPd6Uowvy/+jsAJzXQi4= contains 204800 B
[2026-04-19T03:26:14.717Z INFO  worker::batch_maker] Batch kU2gzGsKj1Z0PcpUxXCRbtOvqVvb5lZH3gOuwfl9bPk= contains sample tx 1599
[2026-04-19T03:26:14.717Z INFO  worker::batch_maker] Batch kU2gzGsKj1Z0PcpUxXCRbtOvqVvb5lZH3gOuwfl9bPk= contains 204800 B
[2026-04-19T03:26:14.769Z INFO  worker::batch_maker] Batch jyT+qU8uteQ5CBiyrfwX8Yf2AZGe0gcZRzdMY9AkXH0= contains sample tx 1600
[2026-04-19T03:26:14.769Z INFO  worker::batch_maker] Batch jyT+qU8uteQ5CBiyrfwX8Yf2AZGe0gcZRzdMY9AkXH0= contains 204800 B
[2026-04-19T03:26:14.823Z INFO  worker::batch_maker] Batch neiRZObv8h2lE7Hl5f5THO2cLr/FnDTwOkoGFzb3V8Q= contains sample tx 1601
[2026-04-19T03:26:14.823Z INFO  worker::batch_maker] Batch neiRZObv8h2lE7Hl5f5THO2cLr/FnDTwOkoGFzb3V8Q= contains 204800 B
[2026-04-19T03:26:14.877Z INFO  worker::batch_maker] Batch jlhmnmzWocB72hpvA8LV1zlG4t0BgWXbNniuxUqS3Ls= contains sample tx 1602
[2026-04-19T03:26:14.877Z INFO  worker::batch_maker] Batch jlhmnmzWocB72hpvA8LV1zlG4t0BgWXbNniuxUqS3Ls= contains 204800 B
[2026-04-19T03:26:14.930Z INFO  worker::batch_maker] Batch myO8/xXHlGLCiUGrZljfTs6d+QlUl3HntDVDq36Yuok= contains sample tx 1603
[2026-04-19T03:26:14.930Z INFO  worker::batch_maker] Batch myO8/xXHlGLCiUGrZljfTs6d+QlUl3HntDVDq36Yuok= contains 204800 B
[2026-04-19T03:26:14.985Z INFO  worker::batch_maker] Batch lrdiA6xR9H3ygMSHXQkcNKmGckYpJ6rzutJixYtcbhQ= contains sample tx 1604
[2026-04-19T03:26:14.985Z INFO  worker::batch_maker] Batch lrdiA6xR9H3ygMSHXQkcNKmGckYpJ6rzutJixYtcbhQ= contains 204800 B
[2026-04-19T03:26:15.039Z INFO  worker::batch_maker] Batch ICESBFo4z+g9ZxA6Gc1dBmbdkUXLd9PHOL0zcGv5S2c= contains sample tx 1605
[2026-04-19T03:26:15.039Z INFO  worker::batch_maker] Batch ICESBFo4z+g9ZxA6Gc1dBmbdkUXLd9PHOL0zcGv5S2c= contains 157696 B
[2026-04-19T03:26:15.093Z INFO  worker::batch_maker] Batch wL3wlm6LriuaQ2xnjq6n4rSfthf22f8JWoZ2BheDmL0= contains sample tx 1606
[2026-04-19T03:26:15.093Z INFO  worker::batch_maker] Batch wL3wlm6LriuaQ2xnjq6n4rSfthf22f8JWoZ2BheDmL0= contains 251904 B
[2026-04-19T03:26:15.145Z INFO  worker::batch_maker] Batch zTX4duLs1t4gPRpa3QvV0Xk+qWUrVMUHM7c9nEsV1fU= contains sample tx 1607
[2026-04-19T03:26:15.145Z INFO  worker::batch_maker] Batch zTX4duLs1t4gPRpa3QvV0Xk+qWUrVMUHM7c9nEsV1fU= contains 204800 B
[2026-04-19T03:26:15.198Z INFO  worker::batch_maker] Batch YJ7bzLl6bz7TpP/7PX0P9IauqXCnIkUOGeM4VyAKCjw= contains sample tx 1608
[2026-04-19T03:26:15.198Z INFO  worker::batch_maker] Batch YJ7bzLl6bz7TpP/7PX0P9IauqXCnIkUOGeM4VyAKCjw= contains 204800 B
[2026-04-19T03:26:15.249Z INFO  worker::batch_maker] Batch i033zt3IF6My5iGdjoxJPonLcfUJRM+9Xiv7l2elKSY= contains sample tx 1609
[2026-04-19T03:26:15.249Z INFO  worker::batch_maker] Batch i033zt3IF6My5iGdjoxJPonLcfUJRM+9Xiv7l2elKSY= contains 204800 B
[2026-04-19T03:26:15.302Z INFO  worker::batch_maker] Batch 4o1jLf4eGXo8tPdCFFWSvsm1ckLXIGFh2gbd61hzB4o= contains sample tx 1610
[2026-04-19T03:26:15.302Z INFO  worker::batch_maker] Batch 4o1jLf4eGXo8tPdCFFWSvsm1ckLXIGFh2gbd61hzB4o= contains sample tx 1611
[2026-04-19T03:26:15.302Z INFO  worker::batch_maker] Batch 4o1jLf4eGXo8tPdCFFWSvsm1ckLXIGFh2gbd61hzB4o= contains 266752 B
[2026-04-19T03:26:15.357Z INFO  worker::batch_maker] Batch TfKQAdP/VQ7xaiUJqomDyfTY2XRFz7xtSBvD8n/pPlE= contains sample tx 1612
[2026-04-19T03:26:15.357Z INFO  worker::batch_maker] Batch TfKQAdP/VQ7xaiUJqomDyfTY2XRFz7xtSBvD8n/pPlE= contains 252416 B
[2026-04-19T03:26:15.412Z INFO  worker::batch_maker] Batch B4xYhm9Z+DWaCiCZ0CFX1O56mpjgOo2YPPrf4/iPz98= contains sample tx 1613
[2026-04-19T03:26:15.413Z INFO  worker::batch_maker] Batch B4xYhm9Z+DWaCiCZ0CFX1O56mpjgOo2YPPrf4/iPz98= contains 300032 B
[2026-04-19T03:26:15.466Z INFO  worker::batch_maker] Batch 76hUzOPn9Xr1G5D6BlGjrvGwOIorigzDwVxoeHxfLx0= contains sample tx 1614
[2026-04-19T03:26:15.466Z INFO  worker::batch_maker] Batch 76hUzOPn9Xr1G5D6BlGjrvGwOIorigzDwVxoeHxfLx0= contains 204800 B
[2026-04-19T03:26:15.518Z INFO  worker::batch_maker] Batch pVHCi23tr2ikW7DemzPLZ3it4Yxe3uGPVZgd8bgAHZU= contains sample tx 1615
[2026-04-19T03:26:15.518Z INFO  worker::batch_maker] Batch pVHCi23tr2ikW7DemzPLZ3it4Yxe3uGPVZgd8bgAHZU= contains 204800 B
[2026-04-19T03:26:15.569Z INFO  worker::batch_maker] Batch uLvmCL1dYlQIVd8ykCSzkY8WE7KEVDV+/pGF3+JGSgc= contains sample tx 1616
[2026-04-19T03:26:15.569Z INFO  worker::batch_maker] Batch uLvmCL1dYlQIVd8ykCSzkY8WE7KEVDV+/pGF3+JGSgc= contains 204800 B
[2026-04-19T03:26:15.622Z INFO  worker::batch_maker] Batch njmGb5q/A/EBg0BN6qWhFiczcrABNiIHoGe/Jte31sk= contains sample tx 1617
[2026-04-19T03:26:15.622Z INFO  worker::batch_maker] Batch njmGb5q/A/EBg0BN6qWhFiczcrABNiIHoGe/Jte31sk= contains 204800 B
[2026-04-19T03:26:15.674Z INFO  worker::batch_maker] Batch QKuONGm0isiaK0iaJXc6jPuY/OfCheZC/iiuGaN/xO8= contains sample tx 1618
[2026-04-19T03:26:15.674Z INFO  worker::batch_maker] Batch QKuONGm0isiaK0iaJXc6jPuY/OfCheZC/iiuGaN/xO8= contains 204800 B
[2026-04-19T03:26:15.726Z INFO  worker::batch_maker] Batch 9dr/DlCqIXgVJ/o+Ye4nAaNEzDZyQAkA0pVxY/fR+fs= contains sample tx 1619
[2026-04-19T03:26:15.726Z INFO  worker::batch_maker] Batch 9dr/DlCqIXgVJ/o+Ye4nAaNEzDZyQAkA0pVxY/fR+fs= contains 204800 B
[2026-04-19T03:26:15.778Z INFO  worker::batch_maker] Batch AFLXgHzIyZsBaarCmYomaqsnf776YZ67zr4bLjrGhkw= contains sample tx 1620
[2026-04-19T03:26:15.778Z INFO  worker::batch_maker] Batch AFLXgHzIyZsBaarCmYomaqsnf776YZ67zr4bLjrGhkw= contains 204800 B
[2026-04-19T03:26:15.830Z INFO  worker::batch_maker] Batch J0SDbDhu+t8xueVJmdl8RsS1xAUxp8ZpRECHeYR+qi0= contains sample tx 1621
[2026-04-19T03:26:15.830Z INFO  worker::batch_maker] Batch J0SDbDhu+t8xueVJmdl8RsS1xAUxp8ZpRECHeYR+qi0= contains 204800 B
[2026-04-19T03:26:15.882Z INFO  worker::batch_maker] Batch DOcQ7ci2OKMSaXHnzu61NrH9Qw7mEnsafBn6MaqGDU8= contains sample tx 1622
[2026-04-19T03:26:15.883Z INFO  worker::batch_maker] Batch DOcQ7ci2OKMSaXHnzu61NrH9Qw7mEnsafBn6MaqGDU8= contains 204800 B
[2026-04-19T03:26:15.934Z INFO  worker::batch_maker] Batch w/cSmLHRJfCaLqjHoEHer0Is9p1Vf8q8jND1ObngaCQ= contains sample tx 1623
[2026-04-19T03:26:15.934Z INFO  worker::batch_maker] Batch w/cSmLHRJfCaLqjHoEHer0Is9p1Vf8q8jND1ObngaCQ= contains 204800 B
[2026-04-19T03:26:15.989Z INFO  worker::batch_maker] Batch hWHAr4yIDx4YrUepPwev+NlRcpyq6h0rMY6SS+bNf98= contains sample tx 1624
[2026-04-19T03:26:15.990Z INFO  worker::batch_maker] Batch hWHAr4yIDx4YrUepPwev+NlRcpyq6h0rMY6SS+bNf98= contains 204800 B
[2026-04-19T03:26:16.042Z INFO  worker::batch_maker] Batch o9N64KHgOcdt4/xgyDZRFK9Hi6TyyC1CS4Wv7nwC21I= contains sample tx 1625
[2026-04-19T03:26:16.042Z INFO  worker::batch_maker] Batch o9N64KHgOcdt4/xgyDZRFK9Hi6TyyC1CS4Wv7nwC21I= contains 204800 B
[2026-04-19T03:26:16.095Z INFO  worker::batch_maker] Batch NKc9jXnLMUhOBjT6xVm8ZEGJw7JQSqWWXtCKJvz5tAM= contains sample tx 1626
[2026-04-19T03:26:16.095Z INFO  worker::batch_maker] Batch NKc9jXnLMUhOBjT6xVm8ZEGJw7JQSqWWXtCKJvz5tAM= contains 204800 B
[2026-04-19T03:26:16.148Z INFO  worker::batch_maker] Batch YTjOD73eMPIxY18qNioJBI6s/GWUTAjWyapuRC/Fxek= contains sample tx 1627
[2026-04-19T03:26:16.148Z INFO  worker::batch_maker] Batch YTjOD73eMPIxY18qNioJBI6s/GWUTAjWyapuRC/Fxek= contains 204800 B
[2026-04-19T03:26:16.199Z INFO  worker::batch_maker] Batch ictqNxgrUl6NOQE2p/rQPlXZtXFW3b3GTxmwmWaER7E= contains sample tx 1628
[2026-04-19T03:26:16.199Z INFO  worker::batch_maker] Batch ictqNxgrUl6NOQE2p/rQPlXZtXFW3b3GTxmwmWaER7E= contains 204800 B
[2026-04-19T03:26:16.251Z INFO  worker::batch_maker] Batch 4bZX4NvEtR/NJFPsrCQDYiJg/ymyAe8JZH30STmfeNg= contains sample tx 1629
[2026-04-19T03:26:16.251Z INFO  worker::batch_maker] Batch 4bZX4NvEtR/NJFPsrCQDYiJg/ymyAe8JZH30STmfeNg= contains sample tx 1630
[2026-04-19T03:26:16.251Z INFO  worker::batch_maker] Batch 4bZX4NvEtR/NJFPsrCQDYiJg/ymyAe8JZH30STmfeNg= contains 239616 B
[2026-04-19T03:26:16.303Z INFO  worker::batch_maker] Batch B9glPGJl1wr37XhCmIulxFLDy9q2ilwzEiBOYMaIa1M= contains sample tx 1631
[2026-04-19T03:26:16.303Z INFO  worker::batch_maker] Batch B9glPGJl1wr37XhCmIulxFLDy9q2ilwzEiBOYMaIa1M= contains 261120 B
[2026-04-19T03:26:16.358Z INFO  worker::batch_maker] Batch 5R87epsQuvQYDb9M5E0FV5Yy30v7DiyEBZsHK38WxCU= contains sample tx 1632
[2026-04-19T03:26:16.358Z INFO  worker::batch_maker] Batch 5R87epsQuvQYDb9M5E0FV5Yy30v7DiyEBZsHK38WxCU= contains 318464 B
[2026-04-19T03:26:16.413Z INFO  worker::batch_maker] Batch 3SxlEfdaNjEGmt3yYBTU9yI4DKvfI3t6z8cp1rx0VmQ= contains sample tx 1633
[2026-04-19T03:26:16.413Z INFO  worker::batch_maker] Batch 3SxlEfdaNjEGmt3yYBTU9yI4DKvfI3t6z8cp1rx0VmQ= contains 204800 B
[2026-04-19T03:26:16.466Z INFO  worker::batch_maker] Batch Rd4GtuC5qQhCnL88Gp+Fj8RwhdvYsYNzw//6NzLXZSY= contains sample tx 1634
[2026-04-19T03:26:16.466Z INFO  worker::batch_maker] Batch Rd4GtuC5qQhCnL88Gp+Fj8RwhdvYsYNzw//6NzLXZSY= contains 204800 B
[2026-04-19T03:26:16.518Z INFO  worker::batch_maker] Batch D6UaCxQAg2GNtPZrabJKyrD9xU5F/g5FvVXsGPLS2fg= contains sample tx 1635
[2026-04-19T03:26:16.518Z INFO  worker::batch_maker] Batch D6UaCxQAg2GNtPZrabJKyrD9xU5F/g5FvVXsGPLS2fg= contains 204800 B
[2026-04-19T03:26:16.570Z INFO  worker::batch_maker] Batch Ksc8RgWcsaP5bDmn0iq9yT8COybrGipfJHsggxXy+3Y= contains sample tx 1636
[2026-04-19T03:26:16.570Z INFO  worker::batch_maker] Batch Ksc8RgWcsaP5bDmn0iq9yT8COybrGipfJHsggxXy+3Y= contains 204800 B
[2026-04-19T03:26:16.624Z INFO  worker::batch_maker] Batch D3W9kEV64ElNVIg9Y9f9uwssW8kZmtzWI+/64Sx+Ga0= contains sample tx 1637
[2026-04-19T03:26:16.624Z INFO  worker::batch_maker] Batch D3W9kEV64ElNVIg9Y9f9uwssW8kZmtzWI+/64Sx+Ga0= contains 204800 B
[2026-04-19T03:26:16.676Z INFO  worker::batch_maker] Batch FJ2erFg0JG5iO1x04VfZAuDGQco/BWk3RXeD3CAPv5I= contains sample tx 1638
[2026-04-19T03:26:16.676Z INFO  worker::batch_maker] Batch FJ2erFg0JG5iO1x04VfZAuDGQco/BWk3RXeD3CAPv5I= contains 204800 B
[2026-04-19T03:26:16.731Z INFO  worker::batch_maker] Batch H7O16Iv+KVYvjwa1l/QiA9F+imnPZokC41AtuDuSJVc= contains sample tx 1639
[2026-04-19T03:26:16.731Z INFO  worker::batch_maker] Batch H7O16Iv+KVYvjwa1l/QiA9F+imnPZokC41AtuDuSJVc= contains 204800 B
[2026-04-19T03:26:16.783Z INFO  worker::batch_maker] Batch VhfB8XZMSDjb473Ic5fqez2m3eFQ7jI3oBf9VRuBGb8= contains sample tx 1640
[2026-04-19T03:26:16.783Z INFO  worker::batch_maker] Batch VhfB8XZMSDjb473Ic5fqez2m3eFQ7jI3oBf9VRuBGb8= contains 204800 B
[2026-04-19T03:26:16.835Z INFO  worker::batch_maker] Batch FBBoLrLCX7+ImmlRKh0RgMAvlhTeLbUJSsmy2tv4NQQ= contains sample tx 1641
[2026-04-19T03:26:16.835Z INFO  worker::batch_maker] Batch FBBoLrLCX7+ImmlRKh0RgMAvlhTeLbUJSsmy2tv4NQQ= contains 204800 B
[2026-04-19T03:26:16.887Z INFO  worker::batch_maker] Batch RESa3LyCdEhjgKVCxCPPspaJPJ3+KDgRVlHwOK1AnoI= contains sample tx 1642
[2026-04-19T03:26:16.887Z INFO  worker::batch_maker] Batch RESa3LyCdEhjgKVCxCPPspaJPJ3+KDgRVlHwOK1AnoI= contains 204800 B
[2026-04-19T03:26:16.939Z INFO  worker::batch_maker] Batch Wkb8QaIQfwj/0EZX/vAFVcL4qww8Lo6kLY8ptBP31k8= contains sample tx 1643
[2026-04-19T03:26:16.939Z INFO  worker::batch_maker] Batch Wkb8QaIQfwj/0EZX/vAFVcL4qww8Lo6kLY8ptBP31k8= contains 204800 B
[2026-04-19T03:26:16.993Z INFO  worker::batch_maker] Batch gZ7NP98wPjm7xQ9S95EOvwy7yQPYTwZUH40Nj1ESadQ= contains sample tx 1644
[2026-04-19T03:26:16.993Z INFO  worker::batch_maker] Batch gZ7NP98wPjm7xQ9S95EOvwy7yQPYTwZUH40Nj1ESadQ= contains 204800 B
[2026-04-19T03:26:17.044Z INFO  worker::batch_maker] Batch NByjR55De3hzQCi3p6eGe2q9S5rgGkWJsCG/epjPHbk= contains sample tx 1645
[2026-04-19T03:26:17.044Z INFO  worker::batch_maker] Batch NByjR55De3hzQCi3p6eGe2q9S5rgGkWJsCG/epjPHbk= contains 204800 B
[2026-04-19T03:26:17.097Z INFO  worker::batch_maker] Batch oMJIcX2wWbSFvi1OigVFTt0O1OTo790ZdErLZeB12rs= contains sample tx 1646
[2026-04-19T03:26:17.097Z INFO  worker::batch_maker] Batch oMJIcX2wWbSFvi1OigVFTt0O1OTo790ZdErLZeB12rs= contains 204800 B
[2026-04-19T03:26:17.150Z INFO  worker::batch_maker] Batch Papo6aOXcmad3DZd9Tesn3QCo8gknz0gLy3RohdHz+8= contains sample tx 1647
[2026-04-19T03:26:17.150Z INFO  worker::batch_maker] Batch Papo6aOXcmad3DZd9Tesn3QCo8gknz0gLy3RohdHz+8= contains 204800 B
[2026-04-19T03:26:17.204Z INFO  worker::batch_maker] Batch 8v5cevWB7rxci8SQlF1NeXeyDUJMmZ+TzP7USWcH2gg= contains sample tx 1648
[2026-04-19T03:26:17.204Z INFO  worker::batch_maker] Batch 8v5cevWB7rxci8SQlF1NeXeyDUJMmZ+TzP7USWcH2gg= contains 204800 B
[2026-04-19T03:26:17.261Z INFO  worker::batch_maker] Batch iIyyYgkAUm5vrjphhlI4GMXAW9r34/uSemPADUx9XYI= contains sample tx 1649
[2026-04-19T03:26:17.261Z INFO  worker::batch_maker] Batch iIyyYgkAUm5vrjphhlI4GMXAW9r34/uSemPADUx9XYI= contains sample tx 1650
[2026-04-19T03:26:17.261Z INFO  worker::batch_maker] Batch iIyyYgkAUm5vrjphhlI4GMXAW9r34/uSemPADUx9XYI= contains 409600 B
[2026-04-19T03:26:17.314Z INFO  worker::batch_maker] Batch 9GeJjYM+LsoYGktkR+5PpTLku70a0I1Y/HBDIPputk4= contains sample tx 1651
[2026-04-19T03:26:17.314Z INFO  worker::batch_maker] Batch 9GeJjYM+LsoYGktkR+5PpTLku70a0I1Y/HBDIPputk4= contains 204800 B
[2026-04-19T03:26:17.366Z INFO  worker::batch_maker] Batch QESo/1blLvQW0F98m2lVa1iq2Mw8ha87jtLwZEcRwyY= contains sample tx 1652
[2026-04-19T03:26:17.366Z INFO  worker::batch_maker] Batch QESo/1blLvQW0F98m2lVa1iq2Mw8ha87jtLwZEcRwyY= contains 204800 B
[2026-04-19T03:26:17.420Z INFO  worker::batch_maker] Batch QFnoLw/db+OWsa7NqsLIozQskI7z+HNXm/jg5u7CbuI= contains sample tx 1653
[2026-04-19T03:26:17.420Z INFO  worker::batch_maker] Batch QFnoLw/db+OWsa7NqsLIozQskI7z+HNXm/jg5u7CbuI= contains 204800 B
[2026-04-19T03:26:17.474Z INFO  worker::batch_maker] Batch jXkwnqAfVas6ne4FdEAw+eLiwXKlP7+/nYH0xMyglok= contains sample tx 1654
[2026-04-19T03:26:17.474Z INFO  worker::batch_maker] Batch jXkwnqAfVas6ne4FdEAw+eLiwXKlP7+/nYH0xMyglok= contains 204800 B
[2026-04-19T03:26:17.527Z INFO  worker::batch_maker] Batch BZVVW9Fgu6WGyyZt66/XtMXJ/xmCGFogz2dvFGyQU0A= contains sample tx 1655
[2026-04-19T03:26:17.527Z INFO  worker::batch_maker] Batch BZVVW9Fgu6WGyyZt66/XtMXJ/xmCGFogz2dvFGyQU0A= contains 204800 B
[2026-04-19T03:26:17.579Z INFO  worker::batch_maker] Batch AcUxRiSxdZqX13SvyPnYgFWYG3O9l8zQBTDeKJvM4O0= contains sample tx 1656
[2026-04-19T03:26:17.579Z INFO  worker::batch_maker] Batch AcUxRiSxdZqX13SvyPnYgFWYG3O9l8zQBTDeKJvM4O0= contains 204800 B
[2026-04-19T03:26:17.633Z INFO  worker::batch_maker] Batch 5C6bsGWPafBYZkUx59ueNsgn0Bq4xDLXAIEcd8nEeKA= contains sample tx 1657
[2026-04-19T03:26:17.633Z INFO  worker::batch_maker] Batch 5C6bsGWPafBYZkUx59ueNsgn0Bq4xDLXAIEcd8nEeKA= contains 204800 B
[2026-04-19T03:26:17.686Z INFO  worker::batch_maker] Batch PMloISyvLbhVAgTQbNilSMEs5Sv43Ga9qo9c37rFahY= contains sample tx 1658
[2026-04-19T03:26:17.686Z INFO  worker::batch_maker] Batch PMloISyvLbhVAgTQbNilSMEs5Sv43Ga9qo9c37rFahY= contains 204800 B
[2026-04-19T03:26:17.738Z INFO  worker::batch_maker] Batch n7p6pj+2TFFEeNzplFX77IekvxywWMnQvNCAjMisZLQ= contains sample tx 1659
[2026-04-19T03:26:17.738Z INFO  worker::batch_maker] Batch n7p6pj+2TFFEeNzplFX77IekvxywWMnQvNCAjMisZLQ= contains 204800 B
[2026-04-19T03:26:17.790Z INFO  worker::batch_maker] Batch gyk1pez7QZFTNp4bg6keWwVRM+ZBSwhMhQd1+O7MBuo= contains sample tx 1660
[2026-04-19T03:26:17.790Z INFO  worker::batch_maker] Batch gyk1pez7QZFTNp4bg6keWwVRM+ZBSwhMhQd1+O7MBuo= contains 204800 B
[2026-04-19T03:26:17.846Z INFO  worker::batch_maker] Batch KwGK+k5Sfvs1HANcJXUm9mTdT5tnA6+wUlBf5Xk0yJ4= contains sample tx 1661
[2026-04-19T03:26:17.846Z INFO  worker::batch_maker] Batch KwGK+k5Sfvs1HANcJXUm9mTdT5tnA6+wUlBf5Xk0yJ4= contains 204800 B
[2026-04-19T03:26:17.898Z INFO  worker::batch_maker] Batch 446/bmaPEqP12NKNEkNItn91cG8JuG2mgu+XhFKEOSs= contains sample tx 1662
[2026-04-19T03:26:17.898Z INFO  worker::batch_maker] Batch 446/bmaPEqP12NKNEkNItn91cG8JuG2mgu+XhFKEOSs= contains 204800 B
[2026-04-19T03:26:17.951Z INFO  worker::batch_maker] Batch DWq1AhyctZNodNRyGtt0W1bLNE0JmUQ1CyoP5muCgLY= contains sample tx 1663
[2026-04-19T03:26:17.951Z INFO  worker::batch_maker] Batch DWq1AhyctZNodNRyGtt0W1bLNE0JmUQ1CyoP5muCgLY= contains 204800 B
[2026-04-19T03:26:18.003Z INFO  worker::batch_maker] Batch nf3NVrLNvebZ4tHRgCFFinaoTVT4/1TxlD6vyDS6HFg= contains sample tx 1664
[2026-04-19T03:26:18.003Z INFO  worker::batch_maker] Batch nf3NVrLNvebZ4tHRgCFFinaoTVT4/1TxlD6vyDS6HFg= contains sample tx 1665
[2026-04-19T03:26:18.003Z INFO  worker::batch_maker] Batch nf3NVrLNvebZ4tHRgCFFinaoTVT4/1TxlD6vyDS6HFg= contains 346624 B
[2026-04-19T03:26:18.056Z INFO  worker::batch_maker] Batch QHUTlvviu0L0Kucm7Ol4NFjwB1/S5TMkOEuGDTdnDK8= contains sample tx 1666
[2026-04-19T03:26:18.056Z INFO  worker::batch_maker] Batch QHUTlvviu0L0Kucm7Ol4NFjwB1/S5TMkOEuGDTdnDK8= contains 267776 B
[2026-04-19T03:26:18.107Z INFO  worker::batch_maker] Batch CdvTJGydvE1hIwEC63v/nyb4WQ9BnYNYsgYsa1WhTtA= contains sample tx 1667
[2026-04-19T03:26:18.107Z INFO  worker::batch_maker] Batch CdvTJGydvE1hIwEC63v/nyb4WQ9BnYNYsgYsa1WhTtA= contains 204800 B
[2026-04-19T03:26:18.160Z INFO  worker::batch_maker] Batch CQZIfxPwGdQCQCrDLMhWHMSV78s+vCQc/joEgGOPJSk= contains sample tx 1668
[2026-04-19T03:26:18.160Z INFO  worker::batch_maker] Batch CQZIfxPwGdQCQCrDLMhWHMSV78s+vCQc/joEgGOPJSk= contains 204800 B
[2026-04-19T03:26:18.211Z INFO  worker::batch_maker] Batch 0ySCfi+Q7Dy4lmsH6dibRdgkTaG4Wiq+/vbsKdjC6ws= contains sample tx 1669
[2026-04-19T03:26:18.211Z INFO  worker::batch_maker] Batch 0ySCfi+Q7Dy4lmsH6dibRdgkTaG4Wiq+/vbsKdjC6ws= contains 204800 B
[2026-04-19T03:26:18.263Z INFO  worker::batch_maker] Batch KvVT9ffMzTThrfNyGF//ue0Q3dxd5ajC1Ad+N1JU4Pw= contains sample tx 1670
[2026-04-19T03:26:18.263Z INFO  worker::batch_maker] Batch KvVT9ffMzTThrfNyGF//ue0Q3dxd5ajC1Ad+N1JU4Pw= contains 204800 B
[2026-04-19T03:26:18.315Z INFO  worker::batch_maker] Batch T7sEs2HPOQ0XTGQ833ClRjAmG2GNxUDOLPmwpgPt3gc= contains sample tx 1671
[2026-04-19T03:26:18.315Z INFO  worker::batch_maker] Batch T7sEs2HPOQ0XTGQ833ClRjAmG2GNxUDOLPmwpgPt3gc= contains 204800 B
[2026-04-19T03:26:18.367Z INFO  worker::batch_maker] Batch ugiezFgWRR7fWylTCxd3MD8IWpXAl7E9OPFJc4SK8tg= contains sample tx 1672
[2026-04-19T03:26:18.367Z INFO  worker::batch_maker] Batch ugiezFgWRR7fWylTCxd3MD8IWpXAl7E9OPFJc4SK8tg= contains 204800 B
[2026-04-19T03:26:18.419Z INFO  worker::batch_maker] Batch rUdV7JDdTvdYMJlaSB5MoIsR1ZyGsdPXThC6i5mkGKw= contains sample tx 1673
[2026-04-19T03:26:18.420Z INFO  worker::batch_maker] Batch rUdV7JDdTvdYMJlaSB5MoIsR1ZyGsdPXThC6i5mkGKw= contains 204800 B
[2026-04-19T03:26:18.471Z INFO  worker::batch_maker] Batch V5qOgS0EiDgn7SvwaumAfy6et+qyQz0IsfiUQX+Mfls= contains sample tx 1674
[2026-04-19T03:26:18.471Z INFO  worker::batch_maker] Batch V5qOgS0EiDgn7SvwaumAfy6et+qyQz0IsfiUQX+Mfls= contains 204800 B
[2026-04-19T03:26:18.524Z INFO  worker::batch_maker] Batch 2ZyxJsUtPiR2Z/HRTLUohU29LmcvzrvJ7lohTe72OWE= contains sample tx 1675
[2026-04-19T03:26:18.524Z INFO  worker::batch_maker] Batch 2ZyxJsUtPiR2Z/HRTLUohU29LmcvzrvJ7lohTe72OWE= contains 204800 B
[2026-04-19T03:26:18.576Z INFO  worker::batch_maker] Batch wMvSuSBZAL5phshv2bDT2LR9hDFe9zN1dYnVPFIn3Hg= contains sample tx 1676
[2026-04-19T03:26:18.576Z INFO  worker::batch_maker] Batch wMvSuSBZAL5phshv2bDT2LR9hDFe9zN1dYnVPFIn3Hg= contains 204800 B
[2026-04-19T03:26:18.628Z INFO  worker::batch_maker] Batch CQkmvJ/dPCUI5xPxzyXtv5dVV3lR/uoziEykvuJVqII= contains sample tx 1677
[2026-04-19T03:26:18.628Z INFO  worker::batch_maker] Batch CQkmvJ/dPCUI5xPxzyXtv5dVV3lR/uoziEykvuJVqII= contains 204800 B
[2026-04-19T03:26:18.679Z INFO  worker::batch_maker] Batch boJ+A/rBlDIp19nLB5A4caaed9OnjIUkZwc5r+0H1lI= contains sample tx 1678
[2026-04-19T03:26:18.679Z INFO  worker::batch_maker] Batch boJ+A/rBlDIp19nLB5A4caaed9OnjIUkZwc5r+0H1lI= contains 204800 B
[2026-04-19T03:26:18.732Z INFO  worker::batch_maker] Batch gDcQcZg001vfJh+sPbf4zudXSGSnNkeTlc8SEJt2Kg4= contains sample tx 1679
[2026-04-19T03:26:18.732Z INFO  worker::batch_maker] Batch gDcQcZg001vfJh+sPbf4zudXSGSnNkeTlc8SEJt2Kg4= contains 204800 B
[2026-04-19T03:26:18.784Z INFO  worker::batch_maker] Batch rFRSU+yWfZPlqhMJU7EB4NB1DWJXJprvp0uFElz6tAY= contains sample tx 1680
[2026-04-19T03:26:18.784Z INFO  worker::batch_maker] Batch rFRSU+yWfZPlqhMJU7EB4NB1DWJXJprvp0uFElz6tAY= contains 204800 B
[2026-04-19T03:26:18.837Z INFO  worker::batch_maker] Batch SlzmfuCI6/WQwYq7D7/mCJmKoipK2seiD2kmONt2Lho= contains sample tx 1681
[2026-04-19T03:26:18.837Z INFO  worker::batch_maker] Batch SlzmfuCI6/WQwYq7D7/mCJmKoipK2seiD2kmONt2Lho= contains 204800 B
[2026-04-19T03:26:18.888Z INFO  worker::batch_maker] Batch xzvcnsaXa3ivnb//hIpQfHVQeMhRjKoKEEKNihJ6ozc= contains sample tx 1682
[2026-04-19T03:26:18.888Z INFO  worker::batch_maker] Batch xzvcnsaXa3ivnb//hIpQfHVQeMhRjKoKEEKNihJ6ozc= contains 204800 B
[2026-04-19T03:26:18.940Z INFO  worker::batch_maker] Batch tPQIWu3Ywht3gXHEiPC7wZ60Q6Owra/E4qnGjNDdXGU= contains sample tx 1683
[2026-04-19T03:26:18.940Z INFO  worker::batch_maker] Batch tPQIWu3Ywht3gXHEiPC7wZ60Q6Owra/E4qnGjNDdXGU= contains 204800 B
[2026-04-19T03:26:18.993Z INFO  worker::batch_maker] Batch AbjIdN/2NBTiHM8bu5mJEKehmzBuqD5BmJ4E4OOKKTY= contains sample tx 1684
[2026-04-19T03:26:18.993Z INFO  worker::batch_maker] Batch AbjIdN/2NBTiHM8bu5mJEKehmzBuqD5BmJ4E4OOKKTY= contains 204800 B
[2026-04-19T03:26:19.046Z INFO  worker::batch_maker] Batch yR6jcRgxJ2SLfsyfO8Mkbd2tfL6fnI4gBtycUITGzjo= contains sample tx 1685
[2026-04-19T03:26:19.046Z INFO  worker::batch_maker] Batch yR6jcRgxJ2SLfsyfO8Mkbd2tfL6fnI4gBtycUITGzjo= contains 204800 B
[2026-04-19T03:26:19.098Z INFO  worker::batch_maker] Batch 3BfGU2JkhD2bL4EpVx50dq05H6nLuG2ZRGu3Av+FFq4= contains sample tx 1686
[2026-04-19T03:26:19.098Z INFO  worker::batch_maker] Batch 3BfGU2JkhD2bL4EpVx50dq05H6nLuG2ZRGu3Av+FFq4= contains 204800 B
[2026-04-19T03:26:19.150Z INFO  worker::batch_maker] Batch Pk/7sSzuXwab6NrLANp5lUrqasV3t6RJDSNj0roJV7Q= contains sample tx 1687
[2026-04-19T03:26:19.150Z INFO  worker::batch_maker] Batch Pk/7sSzuXwab6NrLANp5lUrqasV3t6RJDSNj0roJV7Q= contains 204800 B
[2026-04-19T03:26:19.202Z INFO  worker::batch_maker] Batch SuoCaEWHxEGgGxS1OdsY22oWGWcpJB7fukxGB8gynzs= contains sample tx 1688
[2026-04-19T03:26:19.202Z INFO  worker::batch_maker] Batch SuoCaEWHxEGgGxS1OdsY22oWGWcpJB7fukxGB8gynzs= contains 224256 B
[2026-04-19T03:26:19.257Z INFO  worker::batch_maker] Batch wI9LszZKMNM+Sk9HISiGag3EGxG/7fhB0mM5B3+zz9I= contains sample tx 1689
[2026-04-19T03:26:19.257Z INFO  worker::batch_maker] Batch wI9LszZKMNM+Sk9HISiGag3EGxG/7fhB0mM5B3+zz9I= contains sample tx 1690
[2026-04-19T03:26:19.257Z INFO  worker::batch_maker] Batch wI9LszZKMNM+Sk9HISiGag3EGxG/7fhB0mM5B3+zz9I= contains 390144 B
[2026-04-19T03:26:19.314Z INFO  worker::batch_maker] Batch qHCGeAIbPfXKfsjtpXB5VKUZrI/o7n6wkuxRUEPJQ84= contains sample tx 1691
[2026-04-19T03:26:19.314Z INFO  worker::batch_maker] Batch qHCGeAIbPfXKfsjtpXB5VKUZrI/o7n6wkuxRUEPJQ84= contains 204800 B
[2026-04-19T03:26:19.366Z INFO  worker::batch_maker] Batch RdoMF8HtJ6thaGsTnpR1s3gBrGixilmgyycKM64gE7w= contains sample tx 1692
[2026-04-19T03:26:19.367Z INFO  worker::batch_maker] Batch RdoMF8HtJ6thaGsTnpR1s3gBrGixilmgyycKM64gE7w= contains 204800 B
[2026-04-19T03:26:19.419Z INFO  worker::batch_maker] Batch WT26HURT3f0KOmzDrsghC+JoWXul/OjfRVvKMGQ+Qhk= contains sample tx 1693
[2026-04-19T03:26:19.419Z INFO  worker::batch_maker] Batch WT26HURT3f0KOmzDrsghC+JoWXul/OjfRVvKMGQ+Qhk= contains 204800 B
[2026-04-19T03:26:19.471Z INFO  worker::batch_maker] Batch CKBY7d4wKpElSS3vQv2796aDN5kRk/t0qad0ZOh60rQ= contains sample tx 1694
[2026-04-19T03:26:19.471Z INFO  worker::batch_maker] Batch CKBY7d4wKpElSS3vQv2796aDN5kRk/t0qad0ZOh60rQ= contains 204800 B
[2026-04-19T03:26:19.523Z INFO  worker::batch_maker] Batch vpsucht/4TyEH9y/M/91WHyiy1BMg9GwTgXkDmRKyQY= contains sample tx 1695
[2026-04-19T03:26:19.523Z INFO  worker::batch_maker] Batch vpsucht/4TyEH9y/M/91WHyiy1BMg9GwTgXkDmRKyQY= contains 204800 B
[2026-04-19T03:26:19.576Z INFO  worker::batch_maker] Batch iqV7T6Z+Fxn+0nmEbsVrcvHfFcsYIIJvKH6byyHr5xA= contains sample tx 1696
[2026-04-19T03:26:19.576Z INFO  worker::batch_maker] Batch iqV7T6Z+Fxn+0nmEbsVrcvHfFcsYIIJvKH6byyHr5xA= contains 204800 B
[2026-04-19T03:26:19.628Z INFO  worker::batch_maker] Batch 3a8/51E+isxb3FJrBwLbM2k90dc7vftjYeJjHiyYDfU= contains sample tx 1697
[2026-04-19T03:26:19.628Z INFO  worker::batch_maker] Batch 3a8/51E+isxb3FJrBwLbM2k90dc7vftjYeJjHiyYDfU= contains 204800 B
[2026-04-19T03:26:19.679Z INFO  worker::batch_maker] Batch 5zPBIjBYzm0VezBM9pY1XYIGRXKg8c5a4HHfXjNnUaw= contains sample tx 1698
[2026-04-19T03:26:19.680Z INFO  worker::batch_maker] Batch 5zPBIjBYzm0VezBM9pY1XYIGRXKg8c5a4HHfXjNnUaw= contains 204800 B
[2026-04-19T03:26:19.731Z INFO  worker::batch_maker] Batch CrsEuAM7wAGWPI80opd8xI2kgSjcs1rAEIVuAQnI/M0= contains sample tx 1699
[2026-04-19T03:26:19.731Z INFO  worker::batch_maker] Batch CrsEuAM7wAGWPI80opd8xI2kgSjcs1rAEIVuAQnI/M0= contains 204800 B
[2026-04-19T03:26:19.783Z INFO  worker::batch_maker] Batch sCH5AgQ5vwOPNiC1pER1D9RtL9yB/l7cT65FyGd/Dag= contains sample tx 1700
[2026-04-19T03:26:19.783Z INFO  worker::batch_maker] Batch sCH5AgQ5vwOPNiC1pER1D9RtL9yB/l7cT65FyGd/Dag= contains 204800 B
[2026-04-19T03:26:19.835Z INFO  worker::batch_maker] Batch furRjJARfIq3BkoFqwQFQYI6cXYeiTtdGH+iI44oLWM= contains sample tx 1701
[2026-04-19T03:26:19.835Z INFO  worker::batch_maker] Batch furRjJARfIq3BkoFqwQFQYI6cXYeiTtdGH+iI44oLWM= contains 204800 B
[2026-04-19T03:26:19.888Z INFO  worker::batch_maker] Batch ++XMJCqqCeJI6GLEgb2SNtBKiH1kf8l6uRw0ZtLXnzQ= contains sample tx 1702
[2026-04-19T03:26:19.888Z INFO  worker::batch_maker] Batch ++XMJCqqCeJI6GLEgb2SNtBKiH1kf8l6uRw0ZtLXnzQ= contains 204800 B
[2026-04-19T03:26:19.940Z INFO  worker::batch_maker] Batch UaKz06TEonJBvFrYXtuEXHY3gYqgrrqJHb65q5jIo/c= contains sample tx 1703
[2026-04-19T03:26:19.940Z INFO  worker::batch_maker] Batch UaKz06TEonJBvFrYXtuEXHY3gYqgrrqJHb65q5jIo/c= contains 204800 B
[2026-04-19T03:26:19.991Z INFO  worker::batch_maker] Batch KggwVa6UUODKsQOrjbc88jINUfsIPTqXypHwUdGxGuA= contains sample tx 1704
[2026-04-19T03:26:19.994Z INFO  worker::batch_maker] Batch KggwVa6UUODKsQOrjbc88jINUfsIPTqXypHwUdGxGuA= contains 204800 B
[2026-04-19T03:26:20.046Z INFO  worker::batch_maker] Batch 4BVoA86jo7rBeVSvIn1gltU1tUTIrT7jCUYU0zddbrw= contains sample tx 1705
[2026-04-19T03:26:20.046Z INFO  worker::batch_maker] Batch 4BVoA86jo7rBeVSvIn1gltU1tUTIrT7jCUYU0zddbrw= contains 204800 B
[2026-04-19T03:26:20.099Z INFO  worker::batch_maker] Batch 0SAWFm06zWxhk19DNCgugV45IA+m30qommN4dbzPZtU= contains sample tx 1706
[2026-04-19T03:26:20.099Z INFO  worker::batch_maker] Batch 0SAWFm06zWxhk19DNCgugV45IA+m30qommN4dbzPZtU= contains 204800 B
[2026-04-19T03:26:20.150Z INFO  worker::batch_maker] Batch /nf1ZJ8eeyAHyWoBob+vCRxkunKsUVn1MOiJUDp36lA= contains sample tx 1707
[2026-04-19T03:26:20.150Z INFO  worker::batch_maker] Batch /nf1ZJ8eeyAHyWoBob+vCRxkunKsUVn1MOiJUDp36lA= contains 204800 B
[2026-04-19T03:26:20.204Z INFO  worker::batch_maker] Batch T5phP9oJk1CU3HykdHKFfFOZlDbV/nyJWHOOnDbLjHg= contains sample tx 1708
[2026-04-19T03:26:20.204Z INFO  worker::batch_maker] Batch T5phP9oJk1CU3HykdHKFfFOZlDbV/nyJWHOOnDbLjHg= contains sample tx 1709
[2026-04-19T03:26:20.204Z INFO  worker::batch_maker] Batch T5phP9oJk1CU3HykdHKFfFOZlDbV/nyJWHOOnDbLjHg= contains 409600 B
[2026-04-19T03:26:20.256Z INFO  worker::batch_maker] Batch QwkB6F4xgT2/J8QkTiM2Loi+m3wBHBkp6t0eLjZVRDY= contains sample tx 1710
[2026-04-19T03:26:20.256Z INFO  worker::batch_maker] Batch QwkB6F4xgT2/J8QkTiM2Loi+m3wBHBkp6t0eLjZVRDY= contains 204800 B
[2026-04-19T03:26:20.308Z INFO  worker::batch_maker] Batch jUx9rgLGxN/aj1ISGXfgEv4AS8ThX7YSpTI49mJGsJc= contains sample tx 1711
[2026-04-19T03:26:20.308Z INFO  worker::batch_maker] Batch jUx9rgLGxN/aj1ISGXfgEv4AS8ThX7YSpTI49mJGsJc= contains 204800 B
[2026-04-19T03:26:20.360Z INFO  worker::batch_maker] Batch ZfMDf+mHi5C3Jdf/1YGO/kFVCYS9qHT+sDycrQUM92s= contains sample tx 1712
[2026-04-19T03:26:20.360Z INFO  worker::batch_maker] Batch ZfMDf+mHi5C3Jdf/1YGO/kFVCYS9qHT+sDycrQUM92s= contains 204800 B
[2026-04-19T03:26:20.413Z INFO  worker::batch_maker] Batch Snnf7+t6FC/mCgqgYcD3anH2bGpDT2oOsXm44HAXNj4= contains sample tx 1713
[2026-04-19T03:26:20.413Z INFO  worker::batch_maker] Batch Snnf7+t6FC/mCgqgYcD3anH2bGpDT2oOsXm44HAXNj4= contains 201216 B
[2026-04-19T03:26:20.465Z INFO  worker::batch_maker] Batch I+N8VOowgaz2pTUv9cn7L8Ki7VTcJW8E3Yx561UgNyk= contains sample tx 1714
[2026-04-19T03:26:20.465Z INFO  worker::batch_maker] Batch I+N8VOowgaz2pTUv9cn7L8Ki7VTcJW8E3Yx561UgNyk= contains 208384 B
[2026-04-19T03:26:20.519Z INFO  worker::batch_maker] Batch KVpeK9BmTD3slaKJQNBw4iGC0r514QNXazQEKZSO0Pw= contains sample tx 1715
[2026-04-19T03:26:20.519Z INFO  worker::batch_maker] Batch KVpeK9BmTD3slaKJQNBw4iGC0r514QNXazQEKZSO0Pw= contains 204800 B
[2026-04-19T03:26:20.572Z INFO  worker::batch_maker] Batch Up6Jv2acI/7DD6hxn86Ijkg0dK4hXBD/TkBxLdn7Eus= contains sample tx 1716
[2026-04-19T03:26:20.573Z INFO  worker::batch_maker] Batch Up6Jv2acI/7DD6hxn86Ijkg0dK4hXBD/TkBxLdn7Eus= contains 204800 B
[2026-04-19T03:26:20.625Z INFO  worker::batch_maker] Batch l0bLeUC95D4wv803OMitbE3taHFKmsJgtkbmR85fxrQ= contains sample tx 1717
[2026-04-19T03:26:20.625Z INFO  worker::batch_maker] Batch l0bLeUC95D4wv803OMitbE3taHFKmsJgtkbmR85fxrQ= contains 204800 B
[2026-04-19T03:26:20.677Z INFO  worker::batch_maker] Batch /LAcxyunZZM5X9m+HN4Tlun4txo7ZjGPlXj8wLg3WNI= contains sample tx 1718
[2026-04-19T03:26:20.677Z INFO  worker::batch_maker] Batch /LAcxyunZZM5X9m+HN4Tlun4txo7ZjGPlXj8wLg3WNI= contains 204800 B
[2026-04-19T03:26:20.729Z INFO  worker::batch_maker] Batch 3lQoEusQf6XlE4Ku5bt5CE3PLCf3ipDMJUF/IEeL/xg= contains sample tx 1719
[2026-04-19T03:26:20.729Z INFO  worker::batch_maker] Batch 3lQoEusQf6XlE4Ku5bt5CE3PLCf3ipDMJUF/IEeL/xg= contains 204800 B
[2026-04-19T03:26:20.781Z INFO  worker::batch_maker] Batch Rn9XuFgUgNAPeo/ItDPMgUXSbixDTQZ5/j9GJrNZ990= contains sample tx 1720
[2026-04-19T03:26:20.781Z INFO  worker::batch_maker] Batch Rn9XuFgUgNAPeo/ItDPMgUXSbixDTQZ5/j9GJrNZ990= contains 148992 B
[2026-04-19T03:26:20.835Z INFO  worker::batch_maker] Batch zcaqvBuPSvfDhGCEfYZ44V5FpYIrSOq4YvyeAX9I2Gc= contains sample tx 1721
[2026-04-19T03:26:20.835Z INFO  worker::batch_maker] Batch zcaqvBuPSvfDhGCEfYZ44V5FpYIrSOq4YvyeAX9I2Gc= contains 260608 B
[2026-04-19T03:26:20.888Z INFO  worker::batch_maker] Batch tn34C70twEAPKPKkaQutKT8Luj33/V0dnS9SH61t6WE= contains sample tx 1722
[2026-04-19T03:26:20.888Z INFO  worker::batch_maker] Batch tn34C70twEAPKPKkaQutKT8Luj33/V0dnS9SH61t6WE= contains 204800 B
[2026-04-19T03:26:20.940Z INFO  worker::batch_maker] Batch sNHGsRg5KCYcUHpS2ZQIJYOfenaIQXhCldDwA6M3BNk= contains sample tx 1723
[2026-04-19T03:26:20.940Z INFO  worker::batch_maker] Batch sNHGsRg5KCYcUHpS2ZQIJYOfenaIQXhCldDwA6M3BNk= contains 204800 B
[2026-04-19T03:26:20.993Z INFO  worker::batch_maker] Batch 8Y2UR6bKVHpLwznpBLCJkuT7BERt331jDRI5PeH/lc8= contains sample tx 1724
[2026-04-19T03:26:21.019Z INFO  worker::batch_maker] Batch 8Y2UR6bKVHpLwznpBLCJkuT7BERt331jDRI5PeH/lc8= contains 204800 B
[2026-04-19T03:26:21.074Z INFO  worker::batch_maker] Batch za2Ru4sZO8mqc6YOygXT7Wx8OX5CMo2dSH21vCiqORs= contains sample tx 1725
[2026-04-19T03:26:21.074Z INFO  worker::batch_maker] Batch za2Ru4sZO8mqc6YOygXT7Wx8OX5CMo2dSH21vCiqORs= contains sample tx 1726
[2026-04-19T03:26:21.074Z INFO  worker::batch_maker] Batch za2Ru4sZO8mqc6YOygXT7Wx8OX5CMo2dSH21vCiqORs= contains 409600 B
[2026-04-19T03:26:21.127Z INFO  worker::batch_maker] Batch nEOr9eLAvVc2bZ3zbS0/KLRgGfWQY+LW2ospuVRvkSg= contains sample tx 1727
[2026-04-19T03:26:21.127Z INFO  worker::batch_maker] Batch nEOr9eLAvVc2bZ3zbS0/KLRgGfWQY+LW2ospuVRvkSg= contains 204800 B
[2026-04-19T03:26:21.179Z INFO  worker::batch_maker] Batch 3bFZ8mA3ohhRbj1WovuWSjwaF5NvvJrzz5fBMgMdA0Y= contains sample tx 1728
[2026-04-19T03:26:21.179Z INFO  worker::batch_maker] Batch 3bFZ8mA3ohhRbj1WovuWSjwaF5NvvJrzz5fBMgMdA0Y= contains 96256 B
[2026-04-19T03:26:21.234Z INFO  worker::batch_maker] Batch b/kdlLDpsNs8OQ0eRmd1ayc75EOJ9FxdsOMc2fKVo5w= contains sample tx 1729
[2026-04-19T03:26:21.235Z INFO  worker::batch_maker] Batch b/kdlLDpsNs8OQ0eRmd1ayc75EOJ9FxdsOMc2fKVo5w= contains 313344 B
[2026-04-19T03:26:21.288Z INFO  worker::batch_maker] Batch 9eShv+QpDZr7ka2hNw2MA+T9UsiXfN17B7Cil6Yf6c8= contains sample tx 1730
[2026-04-19T03:26:21.288Z INFO  worker::batch_maker] Batch 9eShv+QpDZr7ka2hNw2MA+T9UsiXfN17B7Cil6Yf6c8= contains 204800 B
[2026-04-19T03:26:21.342Z INFO  worker::batch_maker] Batch tyyLvHLlYRuAE3qdw8rvchaWvmlC/1PXX+HEguJa1E8= contains sample tx 1731
[2026-04-19T03:26:21.342Z INFO  worker::batch_maker] Batch tyyLvHLlYRuAE3qdw8rvchaWvmlC/1PXX+HEguJa1E8= contains 204800 B
[2026-04-19T03:26:21.394Z INFO  worker::batch_maker] Batch yaGXkGW/XKWSKIzr8C5ptmgIuqRtPAEL0/pvvAV1wvw= contains sample tx 1732
[2026-04-19T03:26:21.394Z INFO  worker::batch_maker] Batch yaGXkGW/XKWSKIzr8C5ptmgIuqRtPAEL0/pvvAV1wvw= contains 204800 B
[2026-04-19T03:26:21.447Z INFO  worker::batch_maker] Batch e4b3I6GADZnbCaLKPf3JEWUD7MWGSc0QQacLIf+fjg8= contains sample tx 1733
[2026-04-19T03:26:21.447Z INFO  worker::batch_maker] Batch e4b3I6GADZnbCaLKPf3JEWUD7MWGSc0QQacLIf+fjg8= contains 204800 B
[2026-04-19T03:26:21.500Z INFO  worker::batch_maker] Batch jgEn6GCaoEFYYEj2KYp00opYqj++q24qbcjdlWfJKfE= contains sample tx 1734
[2026-04-19T03:26:21.500Z INFO  worker::batch_maker] Batch jgEn6GCaoEFYYEj2KYp00opYqj++q24qbcjdlWfJKfE= contains 204800 B
[2026-04-19T03:26:21.552Z INFO  worker::batch_maker] Batch 0X0wQbWRyImQzb2TEkEImzcvhJgv70X4KzRjOvU5j/Q= contains sample tx 1735
[2026-04-19T03:26:21.552Z INFO  worker::batch_maker] Batch 0X0wQbWRyImQzb2TEkEImzcvhJgv70X4KzRjOvU5j/Q= contains 205312 B
[2026-04-19T03:26:21.606Z INFO  worker::batch_maker] Batch 6xIt9p4W6IW6jeql/foLrOCXvoJ7zBYscRsgKXTcxek= contains sample tx 1736
[2026-04-19T03:26:21.606Z INFO  worker::batch_maker] Batch 6xIt9p4W6IW6jeql/foLrOCXvoJ7zBYscRsgKXTcxek= contains sample tx 1737
[2026-04-19T03:26:21.606Z INFO  worker::batch_maker] Batch 6xIt9p4W6IW6jeql/foLrOCXvoJ7zBYscRsgKXTcxek= contains 398336 B
[2026-04-19T03:26:21.658Z INFO  worker::batch_maker] Batch Ipc57B/LwCfW+PH3z2VpaAaybspeTER/06JAXsm6mj4= contains sample tx 1738
[2026-04-19T03:26:21.658Z INFO  worker::batch_maker] Batch Ipc57B/LwCfW+PH3z2VpaAaybspeTER/06JAXsm6mj4= contains 215552 B
[2026-04-19T03:26:21.710Z INFO  worker::batch_maker] Batch 7Fu6nJeA1sA5BBFHpLiPtS/m9/oQyDKyZ6gKWLYTuKI= contains sample tx 1739
[2026-04-19T03:26:21.710Z INFO  worker::batch_maker] Batch 7Fu6nJeA1sA5BBFHpLiPtS/m9/oQyDKyZ6gKWLYTuKI= contains 204800 B
[2026-04-19T03:26:21.762Z INFO  worker::batch_maker] Batch /va4sYFPcqrE7aDulSGJROjCilVmj7El9B/T+KfgCpM= contains sample tx 1740
[2026-04-19T03:26:21.762Z INFO  worker::batch_maker] Batch /va4sYFPcqrE7aDulSGJROjCilVmj7El9B/T+KfgCpM= contains 204800 B
[2026-04-19T03:26:21.814Z INFO  worker::batch_maker] Batch fde2mk1ClIh7TB4TZZkgsxh8sXm5pJmXp1RJIf9mTyg= contains sample tx 1741
[2026-04-19T03:26:21.814Z INFO  worker::batch_maker] Batch fde2mk1ClIh7TB4TZZkgsxh8sXm5pJmXp1RJIf9mTyg= contains 204800 B
[2026-04-19T03:26:21.866Z INFO  worker::batch_maker] Batch CpyFmnV1UTqo+Zk3cUMBIt2YBWYpXipNswcg5rEg2T0= contains sample tx 1742
[2026-04-19T03:26:21.866Z INFO  worker::batch_maker] Batch CpyFmnV1UTqo+Zk3cUMBIt2YBWYpXipNswcg5rEg2T0= contains 204800 B
[2026-04-19T03:26:21.920Z INFO  worker::batch_maker] Batch Wmmm0VY+nSd6bBuLJX3C8Eu4ZN6961xpE7s4tSQpGhE= contains sample tx 1743
[2026-04-19T03:26:21.920Z INFO  worker::batch_maker] Batch Wmmm0VY+nSd6bBuLJX3C8Eu4ZN6961xpE7s4tSQpGhE= contains 204800 B
[2026-04-19T03:26:21.972Z INFO  worker::batch_maker] Batch yu4uK8XGJabyG9CUvSg9IJ6klxXKK3lsYXBpA/9DcUs= contains sample tx 1744
[2026-04-19T03:26:21.972Z INFO  worker::batch_maker] Batch yu4uK8XGJabyG9CUvSg9IJ6klxXKK3lsYXBpA/9DcUs= contains 204800 B
[2026-04-19T03:26:22.024Z INFO  worker::batch_maker] Batch rLrbJMP5iLexTsVVmxgefNtm+gRwiUArbmBxOL2zA2Y= contains sample tx 1745
[2026-04-19T03:26:22.024Z INFO  worker::batch_maker] Batch rLrbJMP5iLexTsVVmxgefNtm+gRwiUArbmBxOL2zA2Y= contains 204800 B
[2026-04-19T03:26:22.076Z INFO  worker::batch_maker] Batch huPZY0YxBqVnylxzb00Ulu6h+f+KYOC6YRqLL6wuyWY= contains sample tx 1746
[2026-04-19T03:26:22.076Z INFO  worker::batch_maker] Batch huPZY0YxBqVnylxzb00Ulu6h+f+KYOC6YRqLL6wuyWY= contains 204800 B
[2026-04-19T03:26:22.128Z INFO  worker::batch_maker] Batch 8f5l4B7UwiNosvjpt5kOFAF+stbN8Or6T28UEJdWs28= contains sample tx 1747
[2026-04-19T03:26:22.128Z INFO  worker::batch_maker] Batch 8f5l4B7UwiNosvjpt5kOFAF+stbN8Or6T28UEJdWs28= contains 204800 B
[2026-04-19T03:26:22.181Z INFO  worker::batch_maker] Batch cp3Y90dTak4A3nsLjK4JVxRdjhcaMiikk/khMsoMfAo= contains sample tx 1748
[2026-04-19T03:26:22.181Z INFO  worker::batch_maker] Batch cp3Y90dTak4A3nsLjK4JVxRdjhcaMiikk/khMsoMfAo= contains 204800 B
[2026-04-19T03:26:22.233Z INFO  worker::batch_maker] Batch cJL0+vtvP07ZmEjqMUrrr+jkTpOtW9+eW+dkbizA8RQ= contains sample tx 1749
[2026-04-19T03:26:22.233Z INFO  worker::batch_maker] Batch cJL0+vtvP07ZmEjqMUrrr+jkTpOtW9+eW+dkbizA8RQ= contains 204800 B
[2026-04-19T03:26:22.285Z INFO  worker::batch_maker] Batch 69cQDPwSRbuLl7urme31GX4m2OfudWZsE3TXrnJlolg= contains sample tx 1750
[2026-04-19T03:26:22.285Z INFO  worker::batch_maker] Batch 69cQDPwSRbuLl7urme31GX4m2OfudWZsE3TXrnJlolg= contains 204800 B
[2026-04-19T03:26:22.338Z INFO  worker::batch_maker] Batch /qL1Egtufmfj2ebq5m2G1UUJBrTNFFJY+N1OGC/hVwk= contains sample tx 1751
[2026-04-19T03:26:22.338Z INFO  worker::batch_maker] Batch /qL1Egtufmfj2ebq5m2G1UUJBrTNFFJY+N1OGC/hVwk= contains 204800 B
[2026-04-19T03:26:22.390Z INFO  worker::batch_maker] Batch w9DvSLrZji3ZUKdcHWB9b+x5pp3YhczFS1ewGIE1s+Y= contains sample tx 1752
[2026-04-19T03:26:22.390Z INFO  worker::batch_maker] Batch w9DvSLrZji3ZUKdcHWB9b+x5pp3YhczFS1ewGIE1s+Y= contains 204800 B
[2026-04-19T03:26:22.443Z INFO  worker::batch_maker] Batch AYQ+ogEpZMZEmAhYWuWiNf1BwGiWQe4uC1PGzfHJ4+k= contains sample tx 1753
[2026-04-19T03:26:22.443Z INFO  worker::batch_maker] Batch AYQ+ogEpZMZEmAhYWuWiNf1BwGiWQe4uC1PGzfHJ4+k= contains 204800 B
[2026-04-19T03:26:22.495Z INFO  worker::batch_maker] Batch Giax6f9GphqzSo3/7SO52Jm7YtR8i3+KPSJYI0e8TeI= contains sample tx 1754
[2026-04-19T03:26:22.495Z INFO  worker::batch_maker] Batch Giax6f9GphqzSo3/7SO52Jm7YtR8i3+KPSJYI0e8TeI= contains 204800 B
[2026-04-19T03:26:22.547Z INFO  worker::batch_maker] Batch V97VUE9U2DbyXdyVH2LiNOd5hPUnJRyvg1nzw8Qa3Zo= contains sample tx 1755
[2026-04-19T03:26:22.547Z INFO  worker::batch_maker] Batch V97VUE9U2DbyXdyVH2LiNOd5hPUnJRyvg1nzw8Qa3Zo= contains 204800 B
[2026-04-19T03:26:22.599Z INFO  worker::batch_maker] Batch xsEP8C6FEICAAFeoVaHT+QIe0Tfus77IllwB731SCXo= contains sample tx 1756
[2026-04-19T03:26:22.599Z INFO  worker::batch_maker] Batch xsEP8C6FEICAAFeoVaHT+QIe0Tfus77IllwB731SCXo= contains 204800 B
[2026-04-19T03:26:22.651Z INFO  worker::batch_maker] Batch orkvyh6slwb53nfo5mrP9oveO0L7bbJuq4QIMSvvxAQ= contains sample tx 1757
[2026-04-19T03:26:22.651Z INFO  worker::batch_maker] Batch orkvyh6slwb53nfo5mrP9oveO0L7bbJuq4QIMSvvxAQ= contains 206848 B
[2026-04-19T03:26:22.705Z INFO  worker::batch_maker] Batch U2ZvHfVd1JZVCAbl8mXcmLC/iK8tSJqQfZnlJ+D+ltY= contains sample tx 1758
[2026-04-19T03:26:22.705Z INFO  worker::batch_maker] Batch U2ZvHfVd1JZVCAbl8mXcmLC/iK8tSJqQfZnlJ+D+ltY= contains sample tx 1759
[2026-04-19T03:26:22.705Z INFO  worker::batch_maker] Batch U2ZvHfVd1JZVCAbl8mXcmLC/iK8tSJqQfZnlJ+D+ltY= contains 338432 B
[2026-04-19T03:26:22.760Z INFO  worker::batch_maker] Batch XLbdk9Dzr7ORgilaIhq2Art/JWPjDHI+1elKmz3pHS0= contains sample tx 1760
[2026-04-19T03:26:22.760Z INFO  worker::batch_maker] Batch XLbdk9Dzr7ORgilaIhq2Art/JWPjDHI+1elKmz3pHS0= contains 273920 B
[2026-04-19T03:26:22.813Z INFO  worker::batch_maker] Batch 4glfxri7hP1U+LZvlIP3A5jiYZL4Ftp8EliSolOe93k= contains sample tx 1761
[2026-04-19T03:26:22.813Z INFO  worker::batch_maker] Batch 4glfxri7hP1U+LZvlIP3A5jiYZL4Ftp8EliSolOe93k= contains 204800 B
[2026-04-19T03:26:22.865Z INFO  worker::batch_maker] Batch mE3lqxmXPhFulFxWVZGBFlqnPyGr4pHaF2Z8MAe5mXM= contains sample tx 1762
[2026-04-19T03:26:22.865Z INFO  worker::batch_maker] Batch mE3lqxmXPhFulFxWVZGBFlqnPyGr4pHaF2Z8MAe5mXM= contains 204800 B
[2026-04-19T03:26:22.918Z INFO  worker::batch_maker] Batch f98AdQ0a4oFJD55ReuFdQNcn9GwcZTZuL/Z7lCOQ6YE= contains sample tx 1763
[2026-04-19T03:26:22.918Z INFO  worker::batch_maker] Batch f98AdQ0a4oFJD55ReuFdQNcn9GwcZTZuL/Z7lCOQ6YE= contains 204800 B
[2026-04-19T03:26:22.971Z INFO  worker::batch_maker] Batch fQNDS8+Hg44g753/gl+zHPHjbhw858XysZswKU8vfdQ= contains sample tx 1764
[2026-04-19T03:26:22.971Z INFO  worker::batch_maker] Batch fQNDS8+Hg44g753/gl+zHPHjbhw858XysZswKU8vfdQ= contains 204800 B
[2026-04-19T03:26:23.023Z INFO  worker::batch_maker] Batch Cq4TE5WYKQJgd52jTxgmox0KhMfuu6p2K2uNlOQEVRw= contains sample tx 1765
[2026-04-19T03:26:23.023Z INFO  worker::batch_maker] Batch Cq4TE5WYKQJgd52jTxgmox0KhMfuu6p2K2uNlOQEVRw= contains 204800 B
[2026-04-19T03:26:23.076Z INFO  worker::batch_maker] Batch +VgsNhKitd+h5L8ys8i3SuMEFyfEitz35jwTNQBNxvk= contains sample tx 1766
[2026-04-19T03:26:23.076Z INFO  worker::batch_maker] Batch +VgsNhKitd+h5L8ys8i3SuMEFyfEitz35jwTNQBNxvk= contains 204800 B
[2026-04-19T03:26:23.127Z INFO  worker::batch_maker] Batch vgehKCbdMvbTknxj/qtSJglxMk20A25I9GzJSum7P/A= contains sample tx 1767
[2026-04-19T03:26:23.127Z INFO  worker::batch_maker] Batch vgehKCbdMvbTknxj/qtSJglxMk20A25I9GzJSum7P/A= contains 204800 B
[2026-04-19T03:26:23.180Z INFO  worker::batch_maker] Batch Wwh8/3eiCvmiJx+TXhjOQ9oMrMbv3jbCJOOcpPs9lsU= contains sample tx 1768
[2026-04-19T03:26:23.180Z INFO  worker::batch_maker] Batch Wwh8/3eiCvmiJx+TXhjOQ9oMrMbv3jbCJOOcpPs9lsU= contains 204800 B
[2026-04-19T03:26:23.232Z INFO  worker::batch_maker] Batch HpNe0jQwHRZJJMcvItg55LmkgzBaV49WySXqzwmGiyw= contains sample tx 1769
[2026-04-19T03:26:23.232Z INFO  worker::batch_maker] Batch HpNe0jQwHRZJJMcvItg55LmkgzBaV49WySXqzwmGiyw= contains 204800 B
[2026-04-19T03:26:23.284Z INFO  worker::batch_maker] Batch iwPZ2Se6/hz8O9ODca99WddqDwoy+8i+/ubYtbsFUZY= contains sample tx 1770
[2026-04-19T03:26:23.284Z INFO  worker::batch_maker] Batch iwPZ2Se6/hz8O9ODca99WddqDwoy+8i+/ubYtbsFUZY= contains 204800 B
[2026-04-19T03:26:23.337Z INFO  worker::batch_maker] Batch vA28lWcroNUZtZZ+2BhTCZ5UPg6lmDjc1tsuvvvgosM= contains sample tx 1771
[2026-04-19T03:26:23.337Z INFO  worker::batch_maker] Batch vA28lWcroNUZtZZ+2BhTCZ5UPg6lmDjc1tsuvvvgosM= contains 204800 B
[2026-04-19T03:26:23.389Z INFO  worker::batch_maker] Batch vNmEjc3VGnE9b4iHfnN+0gyW5aVDs0k2XfoOWexlTPQ= contains sample tx 1772
[2026-04-19T03:26:23.389Z INFO  worker::batch_maker] Batch vNmEjc3VGnE9b4iHfnN+0gyW5aVDs0k2XfoOWexlTPQ= contains 204800 B
[2026-04-19T03:26:23.441Z INFO  worker::batch_maker] Batch jX/hML7QrGFhCVGVyCrSDK7PJVfrwVYJxuENrfbMftk= contains sample tx 1773
[2026-04-19T03:26:23.441Z INFO  worker::batch_maker] Batch jX/hML7QrGFhCVGVyCrSDK7PJVfrwVYJxuENrfbMftk= contains 204800 B
[2026-04-19T03:26:23.493Z INFO  worker::batch_maker] Batch kYPFiScat9dHaskR3vRlXE4gW7TibOBv5N6MDAgXea0= contains sample tx 1774
[2026-04-19T03:26:23.494Z INFO  worker::batch_maker] Batch kYPFiScat9dHaskR3vRlXE4gW7TibOBv5N6MDAgXea0= contains 204800 B
[2026-04-19T03:26:23.545Z INFO  worker::batch_maker] Batch 416FU4UsXCpdRLR6CEbKLkFbWdTIlk9FJ+SRODLvVhk= contains sample tx 1775
[2026-04-19T03:26:23.545Z INFO  worker::batch_maker] Batch 416FU4UsXCpdRLR6CEbKLkFbWdTIlk9FJ+SRODLvVhk= contains 204800 B
[2026-04-19T03:26:23.598Z INFO  worker::batch_maker] Batch DttZMGr+aVgXU5s93FcFadGZECQBY5TCm9fszlZQj3c= contains sample tx 1776
[2026-04-19T03:26:23.598Z INFO  worker::batch_maker] Batch DttZMGr+aVgXU5s93FcFadGZECQBY5TCm9fszlZQj3c= contains 204800 B
[2026-04-19T03:26:23.652Z INFO  worker::batch_maker] Batch MVLMcson3rbOYsuaiQt0furkxepdUDC/MErJ/D/FL9g= contains sample tx 1777
[2026-04-19T03:26:23.652Z INFO  worker::batch_maker] Batch MVLMcson3rbOYsuaiQt0furkxepdUDC/MErJ/D/FL9g= contains 204800 B
[2026-04-19T03:26:23.705Z INFO  worker::batch_maker] Batch 3QSJv5NwHh14RIqEV4kSmS1RdwSy/UJue7JnPIGse4Q= contains sample tx 1778
[2026-04-19T03:26:23.705Z INFO  worker::batch_maker] Batch 3QSJv5NwHh14RIqEV4kSmS1RdwSy/UJue7JnPIGse4Q= contains sample tx 1779
[2026-04-19T03:26:23.705Z INFO  worker::batch_maker] Batch 3QSJv5NwHh14RIqEV4kSmS1RdwSy/UJue7JnPIGse4Q= contains 409600 B
[2026-04-19T03:26:23.757Z INFO  worker::batch_maker] Batch uHwBoujFd80JsgXkNr4fUfCrJZdDugmWdojH/9Gxdwg= contains sample tx 1780
[2026-04-19T03:26:23.757Z INFO  worker::batch_maker] Batch uHwBoujFd80JsgXkNr4fUfCrJZdDugmWdojH/9Gxdwg= contains 204800 B
[2026-04-19T03:26:23.810Z INFO  worker::batch_maker] Batch k56hG6Gh7bDb3LUnAsLj2fNE6rLaGLajYjhwZR1Audc= contains sample tx 1781
[2026-04-19T03:26:23.810Z INFO  worker::batch_maker] Batch k56hG6Gh7bDb3LUnAsLj2fNE6rLaGLajYjhwZR1Audc= contains 204800 B
[2026-04-19T03:26:23.862Z INFO  worker::batch_maker] Batch OmBzYH0MGxpMW4KSWoqmC0APKYT6Q4x6ZFmL/eKYOMU= contains sample tx 1782
[2026-04-19T03:26:23.862Z INFO  worker::batch_maker] Batch OmBzYH0MGxpMW4KSWoqmC0APKYT6Q4x6ZFmL/eKYOMU= contains 204800 B
[2026-04-19T03:26:23.915Z INFO  worker::batch_maker] Batch i6EMgD9CcXBk/lECuVyVW3IEUQ6ZmfOUCTbKoZeZTbU= contains sample tx 1783
[2026-04-19T03:26:23.915Z INFO  worker::batch_maker] Batch i6EMgD9CcXBk/lECuVyVW3IEUQ6ZmfOUCTbKoZeZTbU= contains 204800 B
[2026-04-19T03:26:23.966Z INFO  worker::batch_maker] Batch OzyE5NpQpEyBIS/hTBgs4vlUYlTbsExttER3ymh9KNU= contains sample tx 1784
[2026-04-19T03:26:23.966Z INFO  worker::batch_maker] Batch OzyE5NpQpEyBIS/hTBgs4vlUYlTbsExttER3ymh9KNU= contains 204800 B
[2026-04-19T03:26:24.018Z INFO  worker::batch_maker] Batch h5mvHqa+8+1oQJHqkkZLxlMu/tv8kdIRui2QzWrBXCw= contains sample tx 1785
[2026-04-19T03:26:24.018Z INFO  worker::batch_maker] Batch h5mvHqa+8+1oQJHqkkZLxlMu/tv8kdIRui2QzWrBXCw= contains 204800 B
[2026-04-19T03:26:24.072Z INFO  worker::batch_maker] Batch 7t0u26V1yws2/4HN6w0AIj96RupeYhNQrA3iOuz2zVw= contains sample tx 1786
[2026-04-19T03:26:24.072Z INFO  worker::batch_maker] Batch 7t0u26V1yws2/4HN6w0AIj96RupeYhNQrA3iOuz2zVw= contains 204800 B
[2026-04-19T03:26:24.125Z INFO  worker::batch_maker] Batch fO9jgZ3cFoY1zwHJyPbGA+Zx98CRyImxk+bmd4FnERU= contains sample tx 1787
[2026-04-19T03:26:24.125Z INFO  worker::batch_maker] Batch fO9jgZ3cFoY1zwHJyPbGA+Zx98CRyImxk+bmd4FnERU= contains 204800 B
[2026-04-19T03:26:24.176Z INFO  worker::batch_maker] Batch pXHqc4O+d1zudmu74U7mmNM3ZYaVtv3bPStuZYJXisI= contains sample tx 1788
[2026-04-19T03:26:24.177Z INFO  worker::batch_maker] Batch pXHqc4O+d1zudmu74U7mmNM3ZYaVtv3bPStuZYJXisI= contains 204800 B
[2026-04-19T03:26:24.229Z INFO  worker::batch_maker] Batch jyELVDrfScc2n/Yljf+R5fcRRnnrvZ+E2W/ouDX7LcM= contains sample tx 1789
[2026-04-19T03:26:24.229Z INFO  worker::batch_maker] Batch jyELVDrfScc2n/Yljf+R5fcRRnnrvZ+E2W/ouDX7LcM= contains 204800 B
[2026-04-19T03:26:24.280Z INFO  worker::batch_maker] Batch zJV4F2Q7y0MOarrB0kMswcy06S1Z0bOzJwt5o4jnAL8= contains sample tx 1790
[2026-04-19T03:26:24.280Z INFO  worker::batch_maker] Batch zJV4F2Q7y0MOarrB0kMswcy06S1Z0bOzJwt5o4jnAL8= contains 204800 B
[2026-04-19T03:26:24.332Z INFO  worker::batch_maker] Batch hS/ssb9dQEpxc6S09dTAw9cwvtIgnAcBd9aTUDhqlJ8= contains sample tx 1791
[2026-04-19T03:26:24.332Z INFO  worker::batch_maker] Batch hS/ssb9dQEpxc6S09dTAw9cwvtIgnAcBd9aTUDhqlJ8= contains 204800 B
[2026-04-19T03:26:24.385Z INFO  worker::batch_maker] Batch 7m2RU7syn+n5hNb21xYx3z0s6nuf30AOt7BCoZVltdY= contains sample tx 1792
[2026-04-19T03:26:24.385Z INFO  worker::batch_maker] Batch 7m2RU7syn+n5hNb21xYx3z0s6nuf30AOt7BCoZVltdY= contains 204800 B
[2026-04-19T03:26:24.436Z INFO  worker::batch_maker] Batch XKyRRVNCwCkgc+XnuVOu8I6QmHAa4fJH4NhJYeMavaM= contains sample tx 1793
[2026-04-19T03:26:24.436Z INFO  worker::batch_maker] Batch XKyRRVNCwCkgc+XnuVOu8I6QmHAa4fJH4NhJYeMavaM= contains 204800 B
[2026-04-19T03:26:24.488Z INFO  worker::batch_maker] Batch J+Tj+gpK7DRLdD6eByITUYvglPpvoc0UNcyDm3rBOfE= contains sample tx 1794
[2026-04-19T03:26:24.488Z INFO  worker::batch_maker] Batch J+Tj+gpK7DRLdD6eByITUYvglPpvoc0UNcyDm3rBOfE= contains 204800 B
[2026-04-19T03:26:24.540Z INFO  worker::batch_maker] Batch 4O9C53JOcYyPVlJDDtt26v0awXYF0b/OL3ompX3p0mE= contains sample tx 1795
[2026-04-19T03:26:24.540Z INFO  worker::batch_maker] Batch 4O9C53JOcYyPVlJDDtt26v0awXYF0b/OL3ompX3p0mE= contains 204800 B
[2026-04-19T03:26:24.593Z INFO  worker::batch_maker] Batch dLUD0xqVthTYixy0TMi6jzNzbXxZCg5j/apqwsx6UGI= contains sample tx 1796
[2026-04-19T03:26:24.593Z INFO  worker::batch_maker] Batch dLUD0xqVthTYixy0TMi6jzNzbXxZCg5j/apqwsx6UGI= contains 204800 B
[2026-04-19T03:26:24.645Z INFO  worker::batch_maker] Batch N0Mm0Zjv3s+wv6q+RzoG4GYnlUtxhzoDciho5QvqeP4= contains sample tx 1797
[2026-04-19T03:26:24.645Z INFO  worker::batch_maker] Batch N0Mm0Zjv3s+wv6q+RzoG4GYnlUtxhzoDciho5QvqeP4= contains 204800 B
[2026-04-19T03:26:24.697Z INFO  worker::batch_maker] Batch 7wvacXDhxBK9HpzMWwP8AFHOxqyCBezcBGg621aw4R8= contains sample tx 1798
[2026-04-19T03:26:24.697Z INFO  worker::batch_maker] Batch 7wvacXDhxBK9HpzMWwP8AFHOxqyCBezcBGg621aw4R8= contains 204800 B
[2026-04-19T03:26:24.749Z INFO  worker::batch_maker] Batch 0ZD2pWMRvab36l+CLu/Q/8FnqyBA2voJQKQHfMAbm0A= contains sample tx 1799
[2026-04-19T03:26:24.749Z INFO  worker::batch_maker] Batch 0ZD2pWMRvab36l+CLu/Q/8FnqyBA2voJQKQHfMAbm0A= contains 204800 B
[2026-04-19T03:26:24.801Z INFO  worker::batch_maker] Batch Fo7dlVKWEmcNKuc5djLupiURezM2ZqUXw9KB7CtzJOg= contains sample tx 1800
[2026-04-19T03:26:24.801Z INFO  worker::batch_maker] Batch Fo7dlVKWEmcNKuc5djLupiURezM2ZqUXw9KB7CtzJOg= contains 215040 B
[2026-04-19T03:26:24.855Z INFO  worker::batch_maker] Batch FBet/YRIm2oPI7sfbuqQubpvEabnroobZ5RE7EmxFYY= contains sample tx 1801
[2026-04-19T03:26:24.855Z INFO  worker::batch_maker] Batch FBet/YRIm2oPI7sfbuqQubpvEabnroobZ5RE7EmxFYY= contains 238080 B
[2026-04-19T03:26:24.907Z INFO  worker::batch_maker] Batch e5QePMiziV7gNAXZCPnNlgGu5A54L7l2+LlBR8opw8Q= contains sample tx 1802
[2026-04-19T03:26:24.907Z INFO  worker::batch_maker] Batch e5QePMiziV7gNAXZCPnNlgGu5A54L7l2+LlBR8opw8Q= contains sample tx 1803
[2026-04-19T03:26:24.907Z INFO  worker::batch_maker] Batch e5QePMiziV7gNAXZCPnNlgGu5A54L7l2+LlBR8opw8Q= contains 366080 B
[2026-04-19T03:26:24.960Z INFO  worker::batch_maker] Batch eAcgPHpReCdy2ZswlT6KWbtnRnpV79Mm5JoiiGqzLtw= contains sample tx 1804
[2026-04-19T03:26:24.960Z INFO  worker::batch_maker] Batch eAcgPHpReCdy2ZswlT6KWbtnRnpV79Mm5JoiiGqzLtw= contains 204800 B
[2026-04-19T03:26:25.013Z INFO  worker::batch_maker] Batch HAsfaxow+7r+iF3EE8zUa8OA9WuZCQlJVdHqUgpWZjk= contains sample tx 1805
[2026-04-19T03:26:25.013Z INFO  worker::batch_maker] Batch HAsfaxow+7r+iF3EE8zUa8OA9WuZCQlJVdHqUgpWZjk= contains 204800 B
[2026-04-19T03:26:25.064Z INFO  worker::batch_maker] Batch uQK14EASkSVTD2tpmMzTW0PndtgFnv1kWTM06UqRAOo= contains sample tx 1806
[2026-04-19T03:26:25.064Z INFO  worker::batch_maker] Batch uQK14EASkSVTD2tpmMzTW0PndtgFnv1kWTM06UqRAOo= contains 204800 B
[2026-04-19T03:26:25.118Z INFO  worker::batch_maker] Batch tRlk6XcsjqhYlOVAVE/Flg2pyUJCQ7Mj6Zih2B2K0wM= contains sample tx 1807
[2026-04-19T03:26:25.118Z INFO  worker::batch_maker] Batch tRlk6XcsjqhYlOVAVE/Flg2pyUJCQ7Mj6Zih2B2K0wM= contains 204800 B
[2026-04-19T03:26:25.170Z INFO  worker::batch_maker] Batch m2yqGxJXFyZ9n1/a4x7Z38SkL+uv1b/5YYMFXl3cNVY= contains sample tx 1808
[2026-04-19T03:26:25.170Z INFO  worker::batch_maker] Batch m2yqGxJXFyZ9n1/a4x7Z38SkL+uv1b/5YYMFXl3cNVY= contains 204800 B
[2026-04-19T03:26:25.222Z INFO  worker::batch_maker] Batch EU4mTemo0HVfIGtEFiKgXbTeKe3GgepL1FiCjKtgUSI= contains sample tx 1809
[2026-04-19T03:26:25.222Z INFO  worker::batch_maker] Batch EU4mTemo0HVfIGtEFiKgXbTeKe3GgepL1FiCjKtgUSI= contains 204800 B
[2026-04-19T03:26:25.274Z INFO  worker::batch_maker] Batch f4pl0IeIsAUQ0e09/Y+MgPbJvnZBWrjF9pdqxbIs4zY= contains sample tx 1810
[2026-04-19T03:26:25.275Z INFO  worker::batch_maker] Batch f4pl0IeIsAUQ0e09/Y+MgPbJvnZBWrjF9pdqxbIs4zY= contains 204800 B
[2026-04-19T03:26:25.326Z INFO  worker::batch_maker] Batch tmjXdTjjTRtJWFqgMnWe6wD5WxwSOv7maoiKuOA6e/0= contains sample tx 1811
[2026-04-19T03:26:25.326Z INFO  worker::batch_maker] Batch tmjXdTjjTRtJWFqgMnWe6wD5WxwSOv7maoiKuOA6e/0= contains 204800 B
[2026-04-19T03:26:25.378Z INFO  worker::batch_maker] Batch biPeN1cgs91sKknTjlpY1Gp08FUTi924V8Brhia14tY= contains sample tx 1812
[2026-04-19T03:26:25.378Z INFO  worker::batch_maker] Batch biPeN1cgs91sKknTjlpY1Gp08FUTi924V8Brhia14tY= contains 204800 B
[2026-04-19T03:26:25.431Z INFO  worker::batch_maker] Batch DFkbp5r7FUWcNNMiNjlJtLKo/zzrr93eqJa22yWlsUQ= contains sample tx 1813
[2026-04-19T03:26:25.431Z INFO  worker::batch_maker] Batch DFkbp5r7FUWcNNMiNjlJtLKo/zzrr93eqJa22yWlsUQ= contains 204800 B
[2026-04-19T03:26:25.485Z INFO  worker::batch_maker] Batch lgymfm2Rw76a2bvxjHZmJv6RP0+V7yk1OcKP0fHCI4c= contains sample tx 1814
[2026-04-19T03:26:25.485Z INFO  worker::batch_maker] Batch lgymfm2Rw76a2bvxjHZmJv6RP0+V7yk1OcKP0fHCI4c= contains 204800 B
[2026-04-19T03:26:25.539Z INFO  worker::batch_maker] Batch /KQ4GVkr1MYnve5+/+aRQ28oHw9GXTEViOPluDgjRkk= contains sample tx 1815
[2026-04-19T03:26:25.539Z INFO  worker::batch_maker] Batch /KQ4GVkr1MYnve5+/+aRQ28oHw9GXTEViOPluDgjRkk= contains 204800 B
[2026-04-19T03:26:25.592Z INFO  worker::batch_maker] Batch 9gwzLDWQlg7+/08WborcAk/KO2SQn3CLafxrDlELvGs= contains sample tx 1816
[2026-04-19T03:26:25.592Z INFO  worker::batch_maker] Batch 9gwzLDWQlg7+/08WborcAk/KO2SQn3CLafxrDlELvGs= contains 204800 B
[2026-04-19T03:26:25.645Z INFO  worker::batch_maker] Batch wnwWzRws9aCLr+fPOgk6mPoKyDcrvymc9bAnsg49Spg= contains sample tx 1817
[2026-04-19T03:26:25.645Z INFO  worker::batch_maker] Batch wnwWzRws9aCLr+fPOgk6mPoKyDcrvymc9bAnsg49Spg= contains 204800 B
[2026-04-19T03:26:25.697Z INFO  worker::batch_maker] Batch zr4Ju8q15OHKRQblrD09ZOnGA1aos+NuLJGhV1gJ/GA= contains sample tx 1818
[2026-04-19T03:26:25.697Z INFO  worker::batch_maker] Batch zr4Ju8q15OHKRQblrD09ZOnGA1aos+NuLJGhV1gJ/GA= contains 204800 B
[2026-04-19T03:26:25.749Z INFO  worker::batch_maker] Batch KSWARO2DGBwtvCb2UQ/nrYNcW1E0hiyx5d+tG4bAYuU= contains sample tx 1819
[2026-04-19T03:26:25.749Z INFO  worker::batch_maker] Batch KSWARO2DGBwtvCb2UQ/nrYNcW1E0hiyx5d+tG4bAYuU= contains 204800 B
[2026-04-19T03:26:25.801Z INFO  worker::batch_maker] Batch zalg2iNYAOTFAZgphna3x3Xlj35U4/RTObIONjQ7SU0= contains sample tx 1820
[2026-04-19T03:26:25.801Z INFO  worker::batch_maker] Batch zalg2iNYAOTFAZgphna3x3Xlj35U4/RTObIONjQ7SU0= contains 204800 B
[2026-04-19T03:26:25.855Z INFO  worker::batch_maker] Batch EGHrfM+fmzm4OrBDrPhuE+fgFXaO5ICrDqigtNym5IM= contains sample tx 1821
[2026-04-19T03:26:25.855Z INFO  worker::batch_maker] Batch EGHrfM+fmzm4OrBDrPhuE+fgFXaO5ICrDqigtNym5IM= contains sample tx 1822
[2026-04-19T03:26:25.855Z INFO  worker::batch_maker] Batch EGHrfM+fmzm4OrBDrPhuE+fgFXaO5ICrDqigtNym5IM= contains 409600 B
[2026-04-19T03:26:25.907Z INFO  worker::batch_maker] Batch GEhSa+bnP83nlDEiDxOCCG83e6MBG1MIdoxG68iKsL0= contains sample tx 1823
[2026-04-19T03:26:25.907Z INFO  worker::batch_maker] Batch GEhSa+bnP83nlDEiDxOCCG83e6MBG1MIdoxG68iKsL0= contains 204800 B
[2026-04-19T03:26:25.958Z INFO  worker::batch_maker] Batch /LE8O5wSQO0tvy9P5SZWKh8804FrlVwod5wpPb8EyU8= contains sample tx 1824
[2026-04-19T03:26:25.958Z INFO  worker::batch_maker] Batch /LE8O5wSQO0tvy9P5SZWKh8804FrlVwod5wpPb8EyU8= contains 204800 B
[2026-04-19T03:26:26.010Z INFO  worker::batch_maker] Batch DjwjTu9L3ifzPtIGYqENu37uOuFH6bzqZaRwazd7lcM= contains sample tx 1825
[2026-04-19T03:26:26.011Z INFO  worker::batch_maker] Batch DjwjTu9L3ifzPtIGYqENu37uOuFH6bzqZaRwazd7lcM= contains 204800 B
[2026-04-19T03:26:26.062Z INFO  worker::batch_maker] Batch S4GbnT4lnSHCcooQ4zB8AQuNT+WI4Sko1pVhLUwr/Bg= contains sample tx 1826
[2026-04-19T03:26:26.062Z INFO  worker::batch_maker] Batch S4GbnT4lnSHCcooQ4zB8AQuNT+WI4Sko1pVhLUwr/Bg= contains 204800 B
[2026-04-19T03:26:26.115Z INFO  worker::batch_maker] Batch /4VZl/ACp0eICeNzF0HH6RA9ppA1vYr082+ti6Qd720= contains sample tx 1827
[2026-04-19T03:26:26.115Z INFO  worker::batch_maker] Batch /4VZl/ACp0eICeNzF0HH6RA9ppA1vYr082+ti6Qd720= contains 204800 B
[2026-04-19T03:26:26.168Z INFO  worker::batch_maker] Batch Gx2GWA/NBghtsilcI/Ii9RUawdiq5tadrg4z21Ims1E= contains sample tx 1828
[2026-04-19T03:26:26.168Z INFO  worker::batch_maker] Batch Gx2GWA/NBghtsilcI/Ii9RUawdiq5tadrg4z21Ims1E= contains 204800 B
[2026-04-19T03:26:26.219Z INFO  worker::batch_maker] Batch qiEENC/pPEgLxeecdv0wcFRici2M1NmuAd0o0lZSfi0= contains sample tx 1829
[2026-04-19T03:26:26.219Z INFO  worker::batch_maker] Batch qiEENC/pPEgLxeecdv0wcFRici2M1NmuAd0o0lZSfi0= contains 204800 B
[2026-04-19T03:26:26.272Z INFO  worker::batch_maker] Batch ba8GkbqEL/J4UqRbPHy8mDsgXbTdVsEiklGJDPysn9g= contains sample tx 1830
[2026-04-19T03:26:26.272Z INFO  worker::batch_maker] Batch ba8GkbqEL/J4UqRbPHy8mDsgXbTdVsEiklGJDPysn9g= contains 204800 B
[2026-04-19T03:26:26.325Z INFO  worker::batch_maker] Batch FiGE4cbB6j8U24QYtyK/qTxSt7jrHTxjIlKngxvc4GE= contains sample tx 1831
[2026-04-19T03:26:26.325Z INFO  worker::batch_maker] Batch FiGE4cbB6j8U24QYtyK/qTxSt7jrHTxjIlKngxvc4GE= contains 204800 B
[2026-04-19T03:26:26.377Z INFO  worker::batch_maker] Batch nsANi8XUXw7qDqvZkU+0idHtA6Z9hXEW0ap08CuOUIY= contains sample tx 1832
[2026-04-19T03:26:26.377Z INFO  worker::batch_maker] Batch nsANi8XUXw7qDqvZkU+0idHtA6Z9hXEW0ap08CuOUIY= contains 204800 B
[2026-04-19T03:26:26.428Z INFO  worker::batch_maker] Batch x8VwevKJnvQrcXsExD5SNymjZxXDZOI3WJ8s+kaf0dI= contains sample tx 1833
[2026-04-19T03:26:26.428Z INFO  worker::batch_maker] Batch x8VwevKJnvQrcXsExD5SNymjZxXDZOI3WJ8s+kaf0dI= contains 204800 B
[2026-04-19T03:26:26.482Z INFO  worker::batch_maker] Batch +TFnyzoPDAUg4OPk5i3Ejbq1w3RP53mO+WzJqmiIeM0= contains sample tx 1834
[2026-04-19T03:26:26.482Z INFO  worker::batch_maker] Batch +TFnyzoPDAUg4OPk5i3Ejbq1w3RP53mO+WzJqmiIeM0= contains 204800 B
[2026-04-19T03:26:26.536Z INFO  worker::batch_maker] Batch 4Nz/vKI6Q5eg8R9K87d0DrY/5B+YsA4o7fhaFzRqMoU= contains sample tx 1835
[2026-04-19T03:26:26.536Z INFO  worker::batch_maker] Batch 4Nz/vKI6Q5eg8R9K87d0DrY/5B+YsA4o7fhaFzRqMoU= contains 204800 B
[2026-04-19T03:26:26.589Z INFO  worker::batch_maker] Batch pcOPm17JkWE/s7wsqvtPQEef+fTu9kQNyIOEFOZgCWc= contains sample tx 1836
[2026-04-19T03:26:26.589Z INFO  worker::batch_maker] Batch pcOPm17JkWE/s7wsqvtPQEef+fTu9kQNyIOEFOZgCWc= contains 204800 B
[2026-04-19T03:26:26.643Z INFO  worker::batch_maker] Batch eja6X3cW2XJomI2rh1tygXR2fA8drtnAuzLozcInAdk= contains sample tx 1837
[2026-04-19T03:26:26.643Z INFO  worker::batch_maker] Batch eja6X3cW2XJomI2rh1tygXR2fA8drtnAuzLozcInAdk= contains 204800 B
[2026-04-19T03:26:26.694Z INFO  worker::batch_maker] Batch yRncKZItNcYexeMMmP4MuvTHKMq3CoWqoFCG4DdB/D4= contains sample tx 1838
[2026-04-19T03:26:26.694Z INFO  worker::batch_maker] Batch yRncKZItNcYexeMMmP4MuvTHKMq3CoWqoFCG4DdB/D4= contains 204800 B
[2026-04-19T03:26:26.747Z INFO  worker::batch_maker] Batch 8KkPKerCO5t2AApZJvIfIbDvWFwsUoANP7WRtOTnZAA= contains sample tx 1839
[2026-04-19T03:26:26.747Z INFO  worker::batch_maker] Batch 8KkPKerCO5t2AApZJvIfIbDvWFwsUoANP7WRtOTnZAA= contains 204800 B
[2026-04-19T03:26:26.799Z INFO  worker::batch_maker] Batch NfZsL4TyxOEzqt8XqRZL5eZgIaQokdqr2SerMgeQc7o= contains sample tx 1840
[2026-04-19T03:26:26.799Z INFO  worker::batch_maker] Batch NfZsL4TyxOEzqt8XqRZL5eZgIaQokdqr2SerMgeQc7o= contains 204800 B
[2026-04-19T03:26:26.851Z INFO  worker::batch_maker] Batch k4HpqVyLv6ysBlKpiJltdicIAfn1O4zc6P5R3+5obiA= contains sample tx 1841
[2026-04-19T03:26:26.851Z INFO  worker::batch_maker] Batch k4HpqVyLv6ysBlKpiJltdicIAfn1O4zc6P5R3+5obiA= contains 204800 B
[2026-04-19T03:26:26.904Z INFO  worker::batch_maker] Batch 8QkIQmxaANZy99Xdt06IwXcai3JRMzfL5oyBX4JKYVg= contains sample tx 1842
[2026-04-19T03:26:26.904Z INFO  worker::batch_maker] Batch 8QkIQmxaANZy99Xdt06IwXcai3JRMzfL5oyBX4JKYVg= contains 296960 B
[2026-04-19T03:26:26.957Z INFO  worker::batch_maker] Batch qv2xTPgMJK4LP9P8m6moZsf7yEpyCIOZm9g8NGo5XZQ= contains sample tx 1843
[2026-04-19T03:26:26.957Z INFO  worker::batch_maker] Batch qv2xTPgMJK4LP9P8m6moZsf7yEpyCIOZm9g8NGo5XZQ= contains sample tx 1844
[2026-04-19T03:26:26.957Z INFO  worker::batch_maker] Batch qv2xTPgMJK4LP9P8m6moZsf7yEpyCIOZm9g8NGo5XZQ= contains 317440 B
[2026-04-19T03:26:27.010Z INFO  worker::batch_maker] Batch YCntYySF9EyXUwEo435uPTgsF89tuE6nQz+kZEm3VRQ= contains sample tx 1845
[2026-04-19T03:26:27.010Z INFO  worker::batch_maker] Batch YCntYySF9EyXUwEo435uPTgsF89tuE6nQz+kZEm3VRQ= contains 204800 B
[2026-04-19T03:26:27.064Z INFO  worker::batch_maker] Batch WzWVRFAVoVP15FVMgpZxDURmF87ZQHeZB14j81jdbCM= contains sample tx 1846
[2026-04-19T03:26:27.064Z INFO  worker::batch_maker] Batch WzWVRFAVoVP15FVMgpZxDURmF87ZQHeZB14j81jdbCM= contains 204800 B
[2026-04-19T03:26:27.120Z INFO  worker::batch_maker] Batch kEE9Q0hrXSyj+ZDFJ8BtzHvGmkOdDr1fnEP6Tz3LbIU= contains sample tx 1847
[2026-04-19T03:26:27.120Z INFO  worker::batch_maker] Batch kEE9Q0hrXSyj+ZDFJ8BtzHvGmkOdDr1fnEP6Tz3LbIU= contains 204800 B
[2026-04-19T03:26:27.171Z INFO  worker::batch_maker] Batch CoJ/oaZ0Sj2xHb+jMslCCB2jK+WuwlbOtnjyWeBQCwY= contains sample tx 1848
[2026-04-19T03:26:27.171Z INFO  worker::batch_maker] Batch CoJ/oaZ0Sj2xHb+jMslCCB2jK+WuwlbOtnjyWeBQCwY= contains 204800 B
[2026-04-19T03:26:27.223Z INFO  worker::batch_maker] Batch WqMHds3fCLpYU+ApCEr41cDjulD99S5iu6/rVy6S4BM= contains 127488 B
[2026-04-19T03:26:27.278Z INFO  worker::batch_maker] Batch hy5mzogJVyojFYxz0a9ePDuGjPGdtIY+BF9dbS+slsY= contains sample tx 1849
[2026-04-19T03:26:27.278Z INFO  worker::batch_maker] Batch hy5mzogJVyojFYxz0a9ePDuGjPGdtIY+BF9dbS+slsY= contains sample tx 1850
[2026-04-19T03:26:27.278Z INFO  worker::batch_maker] Batch hy5mzogJVyojFYxz0a9ePDuGjPGdtIY+BF9dbS+slsY= contains 282112 B
[2026-04-19T03:26:27.332Z INFO  worker::batch_maker] Batch xDqRoeMPGkcGpXYPdwgAfD/MfwztZzaw3ExJ1Cbjv8c= contains sample tx 1851
[2026-04-19T03:26:27.336Z INFO  worker::batch_maker] Batch xDqRoeMPGkcGpXYPdwgAfD/MfwztZzaw3ExJ1Cbjv8c= contains 204800 B
[2026-04-19T03:26:27.390Z INFO  worker::batch_maker] Batch zQ3aXUmvWAolV65UQLCsACCWFAE7OGrgsArmBV+TtYk= contains sample tx 1852
[2026-04-19T03:26:27.390Z INFO  worker::batch_maker] Batch zQ3aXUmvWAolV65UQLCsACCWFAE7OGrgsArmBV+TtYk= contains 204800 B
[2026-04-19T03:26:27.443Z INFO  worker::batch_maker] Batch yRRt55NEDCnILUb98zXKl2wa5tfQWG8m4/8cfDqMaoo= contains sample tx 1853
[2026-04-19T03:26:27.443Z INFO  worker::batch_maker] Batch yRRt55NEDCnILUb98zXKl2wa5tfQWG8m4/8cfDqMaoo= contains 204800 B
[2026-04-19T03:26:27.497Z INFO  worker::batch_maker] Batch yx5aOgz1kscJR17JVityqsV1jAZybEUA9r/QLTfJElo= contains sample tx 1854
[2026-04-19T03:26:27.497Z INFO  worker::batch_maker] Batch yx5aOgz1kscJR17JVityqsV1jAZybEUA9r/QLTfJElo= contains 204800 B
[2026-04-19T03:26:27.549Z INFO  worker::batch_maker] Batch v16bfySYRhZXCMBtc91owZsqcaSRkIB/RnMqVLhwF20= contains sample tx 1855
[2026-04-19T03:26:27.549Z INFO  worker::batch_maker] Batch v16bfySYRhZXCMBtc91owZsqcaSRkIB/RnMqVLhwF20= contains 204800 B
[2026-04-19T03:26:27.602Z INFO  worker::batch_maker] Batch WTMCbkDjtx6e0aIpeIvSDWn5t0uuZSwWGuOJPPXB+kw= contains sample tx 1856
[2026-04-19T03:26:27.602Z INFO  worker::batch_maker] Batch WTMCbkDjtx6e0aIpeIvSDWn5t0uuZSwWGuOJPPXB+kw= contains 205312 B
[2026-04-19T03:26:27.657Z INFO  worker::batch_maker] Batch IYS5uU1wBDch0Bx+blnnENcjExf1pezlXCFVrj2OHfo= contains sample tx 1857
[2026-04-19T03:26:27.657Z INFO  worker::batch_maker] Batch IYS5uU1wBDch0Bx+blnnENcjExf1pezlXCFVrj2OHfo= contains sample tx 1858
[2026-04-19T03:26:27.657Z INFO  worker::batch_maker] Batch IYS5uU1wBDch0Bx+blnnENcjExf1pezlXCFVrj2OHfo= contains 409088 B
[2026-04-19T03:26:27.709Z INFO  worker::batch_maker] Batch 0mB6rBEWKVvNLO9mY9eW5HZ4WqFrIAkQfV1KEoNOgYA= contains sample tx 1859
[2026-04-19T03:26:27.709Z INFO  worker::batch_maker] Batch 0mB6rBEWKVvNLO9mY9eW5HZ4WqFrIAkQfV1KEoNOgYA= contains 204800 B
[2026-04-19T03:26:27.763Z INFO  worker::batch_maker] Batch FfD24n/DfW6xVD+7QqU9xQUbArYkjYcMH5wwawwAnvg= contains sample tx 1860
[2026-04-19T03:26:27.763Z INFO  worker::batch_maker] Batch FfD24n/DfW6xVD+7QqU9xQUbArYkjYcMH5wwawwAnvg= contains 204800 B
[2026-04-19T03:26:27.815Z INFO  worker::batch_maker] Batch bBiFMk/96casSm/F4SxvLk7x3TjDmAXj1EVTbGyLjp0= contains sample tx 1861
[2026-04-19T03:26:27.815Z INFO  worker::batch_maker] Batch bBiFMk/96casSm/F4SxvLk7x3TjDmAXj1EVTbGyLjp0= contains 204800 B
[2026-04-19T03:26:27.867Z INFO  worker::batch_maker] Batch UyK5S20jJF8wcXbxoXaPv6vCIbmWwSrElW30gJByWpQ= contains sample tx 1862
[2026-04-19T03:26:27.867Z INFO  worker::batch_maker] Batch UyK5S20jJF8wcXbxoXaPv6vCIbmWwSrElW30gJByWpQ= contains 204800 B
[2026-04-19T03:26:27.919Z INFO  worker::batch_maker] Batch KlyH/lcsS+eyp452z//4uBMbRr9mhnYYwox+oDY9Jtk= contains sample tx 1863
[2026-04-19T03:26:27.919Z INFO  worker::batch_maker] Batch KlyH/lcsS+eyp452z//4uBMbRr9mhnYYwox+oDY9Jtk= contains 204800 B
[2026-04-19T03:26:27.972Z INFO  worker::batch_maker] Batch E5aJhhbdjh8eTPOeHc2ESxs5GogJbbTiKIN68W7MhME= contains sample tx 1864
[2026-04-19T03:26:27.972Z INFO  worker::batch_maker] Batch E5aJhhbdjh8eTPOeHc2ESxs5GogJbbTiKIN68W7MhME= contains 204800 B
[2026-04-19T03:26:28.023Z INFO  worker::batch_maker] Batch aa6EtR4LIudXBrsRbBraHPy/oJPaVogDpSK4/ChRs9U= contains sample tx 1865
[2026-04-19T03:26:28.023Z INFO  worker::batch_maker] Batch aa6EtR4LIudXBrsRbBraHPy/oJPaVogDpSK4/ChRs9U= contains 204800 B
[2026-04-19T03:26:28.075Z INFO  worker::batch_maker] Batch QvZS9oG10hoZOPpFxyyNeYz2PsnOSE6sFzBedLSuOaI= contains sample tx 1866
[2026-04-19T03:26:28.075Z INFO  worker::batch_maker] Batch QvZS9oG10hoZOPpFxyyNeYz2PsnOSE6sFzBedLSuOaI= contains 204800 B
[2026-04-19T03:26:28.127Z INFO  worker::batch_maker] Batch VuQfsejMboRmex5jO9HuOyj6iSSBpYyI6NkHvMwm4e8= contains sample tx 1867
[2026-04-19T03:26:28.127Z INFO  worker::batch_maker] Batch VuQfsejMboRmex5jO9HuOyj6iSSBpYyI6NkHvMwm4e8= contains 204800 B
[2026-04-19T03:26:28.179Z INFO  worker::batch_maker] Batch aCqbJPjlhdtb9DmbWhKnTBTZWzEj3OzfGl+CetHJ32c= contains sample tx 1868
[2026-04-19T03:26:28.179Z INFO  worker::batch_maker] Batch aCqbJPjlhdtb9DmbWhKnTBTZWzEj3OzfGl+CetHJ32c= contains 204800 B
[2026-04-19T03:26:28.232Z INFO  worker::batch_maker] Batch nXwrIbRBzWRajEDVQkRQ2Fn/IF7aBekj2RXAM/bvH4Q= contains sample tx 1869
[2026-04-19T03:26:28.232Z INFO  worker::batch_maker] Batch nXwrIbRBzWRajEDVQkRQ2Fn/IF7aBekj2RXAM/bvH4Q= contains 204800 B
[2026-04-19T03:26:28.285Z INFO  worker::batch_maker] Batch lPPdPx6hw4q93rq9bawTofaK1xaGMXGnBGbcEs+9cOw= contains sample tx 1870
[2026-04-19T03:26:28.285Z INFO  worker::batch_maker] Batch lPPdPx6hw4q93rq9bawTofaK1xaGMXGnBGbcEs+9cOw= contains 204800 B
[2026-04-19T03:26:28.340Z INFO  worker::batch_maker] Batch h7JZsce3S4N2SFIsp7r28eXZUJrYSbJ6j+GYraoLuSI= contains sample tx 1871
[2026-04-19T03:26:28.340Z INFO  worker::batch_maker] Batch h7JZsce3S4N2SFIsp7r28eXZUJrYSbJ6j+GYraoLuSI= contains 204800 B
[2026-04-19T03:26:28.393Z INFO  worker::batch_maker] Batch 70Hc4P4eTYmj8+tF35uFvL6Tq/k4PLZJyiLME+gDdr8= contains sample tx 1872
[2026-04-19T03:26:28.393Z INFO  worker::batch_maker] Batch 70Hc4P4eTYmj8+tF35uFvL6Tq/k4PLZJyiLME+gDdr8= contains 204800 B
[2026-04-19T03:26:28.446Z INFO  worker::batch_maker] Batch NiaYsrK+IrjAEWLZxrmyaBJonLz7d1HzZv+XFG2H8kY= contains sample tx 1873
[2026-04-19T03:26:28.446Z INFO  worker::batch_maker] Batch NiaYsrK+IrjAEWLZxrmyaBJonLz7d1HzZv+XFG2H8kY= contains 204800 B
[2026-04-19T03:26:28.497Z INFO  worker::batch_maker] Batch meML7B9BKkz29JEswMTB1EANjtMht4/+9KUMQsJ53Fk= contains sample tx 1874
[2026-04-19T03:26:28.497Z INFO  worker::batch_maker] Batch meML7B9BKkz29JEswMTB1EANjtMht4/+9KUMQsJ53Fk= contains 204800 B
[2026-04-19T03:26:28.549Z INFO  worker::batch_maker] Batch rQyyNYkX+DGXrNdN4t9ia5+xBOlcfyfKnmQkBfgpTiY= contains sample tx 1875
[2026-04-19T03:26:28.549Z INFO  worker::batch_maker] Batch rQyyNYkX+DGXrNdN4t9ia5+xBOlcfyfKnmQkBfgpTiY= contains 204800 B
[2026-04-19T03:26:28.601Z INFO  worker::batch_maker] Batch ZQftj8RGKpbZkCpB11vO44ZDD2Es49JEhI2VbV7LXwk= contains sample tx 1876
[2026-04-19T03:26:28.601Z INFO  worker::batch_maker] Batch ZQftj8RGKpbZkCpB11vO44ZDD2Es49JEhI2VbV7LXwk= contains 204800 B
[2026-04-19T03:26:28.654Z INFO  worker::batch_maker] Batch lQAY07LP6XOTVjEqlr1HJ+GWlEPosNUGvVaSDAyZb3g= contains sample tx 1877
[2026-04-19T03:26:28.654Z INFO  worker::batch_maker] Batch lQAY07LP6XOTVjEqlr1HJ+GWlEPosNUGvVaSDAyZb3g= contains sample tx 1878
[2026-04-19T03:26:28.654Z INFO  worker::batch_maker] Batch lQAY07LP6XOTVjEqlr1HJ+GWlEPosNUGvVaSDAyZb3g= contains 409600 B
[2026-04-19T03:26:28.707Z INFO  worker::batch_maker] Batch yZPv6fof/uKsAUeqHCsaPbJOdPNfrPjTflS7W2xNZ1Y= contains sample tx 1879
[2026-04-19T03:26:28.707Z INFO  worker::batch_maker] Batch yZPv6fof/uKsAUeqHCsaPbJOdPNfrPjTflS7W2xNZ1Y= contains 204800 B
[2026-04-19T03:26:28.758Z INFO  worker::batch_maker] Batch N2kNu6EyKRvO0dZktoxrfNSS+AJUKu5D5xNb6IJMySo= contains sample tx 1880
[2026-04-19T03:26:28.758Z INFO  worker::batch_maker] Batch N2kNu6EyKRvO0dZktoxrfNSS+AJUKu5D5xNb6IJMySo= contains 204800 B
[2026-04-19T03:26:28.810Z INFO  worker::batch_maker] Batch xuB9iFOm6247ifYhkTQmy338j748G7t0AfDZj0ssCzM= contains sample tx 1881
[2026-04-19T03:26:28.810Z INFO  worker::batch_maker] Batch xuB9iFOm6247ifYhkTQmy338j748G7t0AfDZj0ssCzM= contains 204800 B
[2026-04-19T03:26:28.862Z INFO  worker::batch_maker] Batch Bixeqk1GONc6jqC87xkcBp85IwhZjqm9f0rODo+bC08= contains sample tx 1882
[2026-04-19T03:26:28.862Z INFO  worker::batch_maker] Batch Bixeqk1GONc6jqC87xkcBp85IwhZjqm9f0rODo+bC08= contains 204800 B
[2026-04-19T03:26:28.915Z INFO  worker::batch_maker] Batch exV4gHSi4VILCiZn5PBO3xhXFNhiZDoNWKea+VEy2Qo= contains sample tx 1883
[2026-04-19T03:26:28.915Z INFO  worker::batch_maker] Batch exV4gHSi4VILCiZn5PBO3xhXFNhiZDoNWKea+VEy2Qo= contains 204800 B
[2026-04-19T03:26:28.968Z INFO  worker::batch_maker] Batch QjjxKBG2+yzGAE9790KRJYywNnXPed58NgK2h//hN7Y= contains sample tx 1884
[2026-04-19T03:26:28.969Z INFO  worker::batch_maker] Batch QjjxKBG2+yzGAE9790KRJYywNnXPed58NgK2h//hN7Y= contains 204800 B
[2026-04-19T03:26:29.022Z INFO  worker::batch_maker] Batch teEUEdO97x7DK90L/S/+1VrMqpbYeN6SQ14b6HAqlDk= contains sample tx 1885
[2026-04-19T03:26:29.022Z INFO  worker::batch_maker] Batch teEUEdO97x7DK90L/S/+1VrMqpbYeN6SQ14b6HAqlDk= contains 204800 B
[2026-04-19T03:26:29.075Z INFO  worker::batch_maker] Batch V+P2QEK0ho6l/pkTq2eGoD/gjOSw39aOqsucJhXyWaU= contains sample tx 1886
[2026-04-19T03:26:29.075Z INFO  worker::batch_maker] Batch V+P2QEK0ho6l/pkTq2eGoD/gjOSw39aOqsucJhXyWaU= contains 204800 B
[2026-04-19T03:26:29.129Z INFO  worker::batch_maker] Batch tbLsu8gIVFflUaJe2BwIRe3jKJBisqIf5Cw218q1U7A= contains sample tx 1887
[2026-04-19T03:26:29.129Z INFO  worker::batch_maker] Batch tbLsu8gIVFflUaJe2BwIRe3jKJBisqIf5Cw218q1U7A= contains 204800 B
[2026-04-19T03:26:29.182Z INFO  worker::batch_maker] Batch NTGJJv5smuWvLjpX1UJEm27S0+J/atyjmlkBUEDrSFM= contains sample tx 1888
[2026-04-19T03:26:29.182Z INFO  worker::batch_maker] Batch NTGJJv5smuWvLjpX1UJEm27S0+J/atyjmlkBUEDrSFM= contains 204800 B
[2026-04-19T03:26:29.233Z INFO  worker::batch_maker] Batch F5jbYwdSacbW/QCYV8Of83KROmVedJ7gUnFLE14ZOus= contains sample tx 1889
[2026-04-19T03:26:29.233Z INFO  worker::batch_maker] Batch F5jbYwdSacbW/QCYV8Of83KROmVedJ7gUnFLE14ZOus= contains 204800 B
[2026-04-19T03:26:29.285Z INFO  worker::batch_maker] Batch Z4BDyuvDmu6U0bDPCKEyT4OMh5iW0ImbCPxkPfCOtzE= contains sample tx 1890
[2026-04-19T03:26:29.285Z INFO  worker::batch_maker] Batch Z4BDyuvDmu6U0bDPCKEyT4OMh5iW0ImbCPxkPfCOtzE= contains 204800 B
[2026-04-19T03:26:29.338Z INFO  worker::batch_maker] Batch /rS02lFlKwGxEQjAKvD/QjrQEytW/YzBZzQ95HUtJzI= contains sample tx 1891
[2026-04-19T03:26:29.338Z INFO  worker::batch_maker] Batch /rS02lFlKwGxEQjAKvD/QjrQEytW/YzBZzQ95HUtJzI= contains 204800 B
[2026-04-19T03:26:29.392Z INFO  worker::batch_maker] Batch eXEY7CurNo2KcIG9TNJSmXjgaQRyUd5hAXWejr/XWwc= contains sample tx 1892
[2026-04-19T03:26:29.392Z INFO  worker::batch_maker] Batch eXEY7CurNo2KcIG9TNJSmXjgaQRyUd5hAXWejr/XWwc= contains 204800 B
[2026-04-19T03:26:29.444Z INFO  worker::batch_maker] Batch UjomsiYMe5Aembm7HpzVi6qPahRtDr2/nxyT/fyZm0U= contains sample tx 1893
[2026-04-19T03:26:29.444Z INFO  worker::batch_maker] Batch UjomsiYMe5Aembm7HpzVi6qPahRtDr2/nxyT/fyZm0U= contains 204800 B
[2026-04-19T03:26:29.496Z INFO  worker::batch_maker] Batch E1snV+fu/Ho9z+yv8QkkptAUH+6bGW4U9zWQfqwGPBQ= contains sample tx 1894
[2026-04-19T03:26:29.496Z INFO  worker::batch_maker] Batch E1snV+fu/Ho9z+yv8QkkptAUH+6bGW4U9zWQfqwGPBQ= contains 204800 B
[2026-04-19T03:26:29.549Z INFO  worker::batch_maker] Batch DbKbKGI4q4jU77zizpMGemjQBZAfza7lXEv1UEV1B34= contains sample tx 1895
[2026-04-19T03:26:29.549Z INFO  worker::batch_maker] Batch DbKbKGI4q4jU77zizpMGemjQBZAfza7lXEv1UEV1B34= contains 204800 B
[2026-04-19T03:26:29.603Z INFO  worker::batch_maker] Batch 05L7OV8oExXswxavbuZJhID0SFP/GwwJv3HhN8Y1b2k= contains sample tx 1896
[2026-04-19T03:26:29.603Z INFO  worker::batch_maker] Batch 05L7OV8oExXswxavbuZJhID0SFP/GwwJv3HhN8Y1b2k= contains 204800 B
[2026-04-19T03:26:29.659Z INFO  worker::batch_maker] Batch 2j104yiJu4Azt5W0eYQbrWS4umojCNO8kz90BxUVk58= contains sample tx 1897
[2026-04-19T03:26:29.659Z INFO  worker::batch_maker] Batch 2j104yiJu4Azt5W0eYQbrWS4umojCNO8kz90BxUVk58= contains 357376 B
[2026-04-19T03:26:29.712Z INFO  worker::batch_maker] Batch 8rnLFhKn+quhATrx4sb4Vr35VDTt+wWt+wmZQ23SaVw= contains sample tx 1898
[2026-04-19T03:26:29.712Z INFO  worker::batch_maker] Batch 8rnLFhKn+quhATrx4sb4Vr35VDTt+wWt+wmZQ23SaVw= contains sample tx 1899
[2026-04-19T03:26:29.712Z INFO  worker::batch_maker] Batch 8rnLFhKn+quhATrx4sb4Vr35VDTt+wWt+wmZQ23SaVw= contains 257024 B
[2026-04-19T03:26:29.765Z INFO  worker::batch_maker] Batch jOM+1Bi4h+BuhUUXmaHqlEkJZlfJgb176iMoHBJI43c= contains sample tx 1900
[2026-04-19T03:26:29.765Z INFO  worker::batch_maker] Batch jOM+1Bi4h+BuhUUXmaHqlEkJZlfJgb176iMoHBJI43c= contains 204800 B
[2026-04-19T03:26:29.816Z INFO  worker::batch_maker] Batch m9de0cFMHn2OARNTcRCt4o9AJ3TkJ90Fxz+guyXxuyE= contains sample tx 1901
[2026-04-19T03:26:29.816Z INFO  worker::batch_maker] Batch m9de0cFMHn2OARNTcRCt4o9AJ3TkJ90Fxz+guyXxuyE= contains 204800 B
[2026-04-19T03:26:29.868Z INFO  worker::batch_maker] Batch +ti44rim45t36nc+7iz/dxuL1b+xzPDXmcktFtdaGhU= contains sample tx 1902
[2026-04-19T03:26:29.868Z INFO  worker::batch_maker] Batch +ti44rim45t36nc+7iz/dxuL1b+xzPDXmcktFtdaGhU= contains 204800 B
[2026-04-19T03:26:29.920Z INFO  worker::batch_maker] Batch LJlF6BAbM+JPMg53lXci62KMp2NAjXgBZsQy0ZDXK3s= contains sample tx 1903
[2026-04-19T03:26:29.920Z INFO  worker::batch_maker] Batch LJlF6BAbM+JPMg53lXci62KMp2NAjXgBZsQy0ZDXK3s= contains 204800 B
[2026-04-19T03:26:29.973Z INFO  worker::batch_maker] Batch Bfwt/onQ/E4jUTgQd0uhjJQXLHvPhhW24kJf89/irFs= contains sample tx 1904
[2026-04-19T03:26:29.973Z INFO  worker::batch_maker] Batch Bfwt/onQ/E4jUTgQd0uhjJQXLHvPhhW24kJf89/irFs= contains 204800 B
[2026-04-19T03:26:30.025Z INFO  worker::batch_maker] Batch LUJpQ1NmCTQiNPAgYAZCsdMPj0VtFSyRcyotqG1oVzI= contains sample tx 1905
[2026-04-19T03:26:30.025Z INFO  worker::batch_maker] Batch LUJpQ1NmCTQiNPAgYAZCsdMPj0VtFSyRcyotqG1oVzI= contains 204800 B
[2026-04-19T03:26:30.076Z INFO  worker::batch_maker] Batch RKXYGlATGZp7eO2qPmA1OY6+VOjoKYzGG+WgDEZJxJM= contains sample tx 1906
[2026-04-19T03:26:30.076Z INFO  worker::batch_maker] Batch RKXYGlATGZp7eO2qPmA1OY6+VOjoKYzGG+WgDEZJxJM= contains 204800 B
[2026-04-19T03:26:30.128Z INFO  worker::batch_maker] Batch 9i27jqrLITFB3OjL7v3OI8gyHJ8tLVrcxHwk8uj+BZE= contains sample tx 1907
[2026-04-19T03:26:30.128Z INFO  worker::batch_maker] Batch 9i27jqrLITFB3OjL7v3OI8gyHJ8tLVrcxHwk8uj+BZE= contains 204800 B
[2026-04-19T03:26:30.180Z INFO  worker::batch_maker] Batch vvyuHCU7PXuvphbeUVpBCZ5xRdznS/SX1S6VcqD66/U= contains sample tx 1908
[2026-04-19T03:26:30.180Z INFO  worker::batch_maker] Batch vvyuHCU7PXuvphbeUVpBCZ5xRdznS/SX1S6VcqD66/U= contains 204800 B
[2026-04-19T03:26:30.232Z INFO  worker::batch_maker] Batch OH0Q2bYNZjJuBkrVxXe/rNT30KUQfTMettfrA3F+ZKM= contains sample tx 1909
[2026-04-19T03:26:30.232Z INFO  worker::batch_maker] Batch OH0Q2bYNZjJuBkrVxXe/rNT30KUQfTMettfrA3F+ZKM= contains 204800 B
[2026-04-19T03:26:30.285Z INFO  worker::batch_maker] Batch zz72Z7HdSGUoT+BDtdSuBPOAMNoPlR4JLkRMk+ngjww= contains sample tx 1910
[2026-04-19T03:26:30.285Z INFO  worker::batch_maker] Batch zz72Z7HdSGUoT+BDtdSuBPOAMNoPlR4JLkRMk+ngjww= contains 204800 B
[2026-04-19T03:26:30.336Z INFO  worker::batch_maker] Batch XCO1xDv9HhHs02IK56a6/gf9p/nNH5BGwPjXipWMQ/M= contains sample tx 1911
[2026-04-19T03:26:30.336Z INFO  worker::batch_maker] Batch XCO1xDv9HhHs02IK56a6/gf9p/nNH5BGwPjXipWMQ/M= contains 204800 B
[2026-04-19T03:26:30.390Z INFO  worker::batch_maker] Batch fdw8Oe7DHb11krfxGipUZtqYq+x0A15148sdJ1MaSuI= contains sample tx 1912
[2026-04-19T03:26:30.390Z INFO  worker::batch_maker] Batch fdw8Oe7DHb11krfxGipUZtqYq+x0A15148sdJ1MaSuI= contains 204800 B
[2026-04-19T03:26:30.442Z INFO  worker::batch_maker] Batch xKBdr8qG88mVy7RQ6kS9oAKDpOE4CkqvTK6nWc04bsM= contains sample tx 1913
[2026-04-19T03:26:30.442Z INFO  worker::batch_maker] Batch xKBdr8qG88mVy7RQ6kS9oAKDpOE4CkqvTK6nWc04bsM= contains 204800 B
[2026-04-19T03:26:30.494Z INFO  worker::batch_maker] Batch omHRJt099u1/qsal1oTjNSpvEAgOAuzT5Cl2ft12zbE= contains sample tx 1914
[2026-04-19T03:26:30.494Z INFO  worker::batch_maker] Batch omHRJt099u1/qsal1oTjNSpvEAgOAuzT5Cl2ft12zbE= contains 204800 B
[2026-04-19T03:26:30.546Z INFO  worker::batch_maker] Batch pnWLxzmRo6IFwd2dSUyD0JV+8Yoc2EdaRvtYOhxDjSo= contains sample tx 1915
[2026-04-19T03:26:30.546Z INFO  worker::batch_maker] Batch pnWLxzmRo6IFwd2dSUyD0JV+8Yoc2EdaRvtYOhxDjSo= contains 204800 B
[2026-04-19T03:26:30.598Z INFO  worker::batch_maker] Batch 2kkiQcvOqZL7AgJyjfDuCMphKlCWWBIgj+5g4LG+GbA= contains sample tx 1916
[2026-04-19T03:26:30.598Z INFO  worker::batch_maker] Batch 2kkiQcvOqZL7AgJyjfDuCMphKlCWWBIgj+5g4LG+GbA= contains 204800 B
[2026-04-19T03:26:30.650Z INFO  worker::batch_maker] Batch BBT/sopVkcinScbD8P8LIU0sOGptS/Frr2Y1bnnuNd4= contains sample tx 1917
[2026-04-19T03:26:30.650Z INFO  worker::batch_maker] Batch BBT/sopVkcinScbD8P8LIU0sOGptS/Frr2Y1bnnuNd4= contains 204800 B
[2026-04-19T03:26:30.702Z INFO  worker::batch_maker] Batch g3d5hIbRiv2YTDArDPsCC8ZDH47yWrlRIyngEkDckbU= contains sample tx 1918
[2026-04-19T03:26:30.702Z INFO  worker::batch_maker] Batch g3d5hIbRiv2YTDArDPsCC8ZDH47yWrlRIyngEkDckbU= contains 243200 B
[2026-04-19T03:26:30.755Z INFO  worker::batch_maker] Batch vmcRrIiBsi7rX4rlvWQbg1T4TSgKKkSuu4Fty82XCmk= contains sample tx 1919
[2026-04-19T03:26:30.755Z INFO  worker::batch_maker] Batch vmcRrIiBsi7rX4rlvWQbg1T4TSgKKkSuu4Fty82XCmk= contains 322048 B
[2026-04-19T03:26:30.809Z INFO  worker::batch_maker] Batch woIBwGoMGnquZvIY8kDzdYU3oSCj39Fw+IG4PQNtp0Y= contains sample tx 1920
[2026-04-19T03:26:30.809Z INFO  worker::batch_maker] Batch woIBwGoMGnquZvIY8kDzdYU3oSCj39Fw+IG4PQNtp0Y= contains sample tx 1921
[2026-04-19T03:26:30.809Z INFO  worker::batch_maker] Batch woIBwGoMGnquZvIY8kDzdYU3oSCj39Fw+IG4PQNtp0Y= contains 253952 B
[2026-04-19T03:26:30.863Z INFO  worker::batch_maker] Batch UUq0kt2CwSfkk8AVTpYmgiFr6cQmqak0nTAjBfBuUDU= contains sample tx 1922
[2026-04-19T03:26:30.890Z INFO  worker::batch_maker] Batch UUq0kt2CwSfkk8AVTpYmgiFr6cQmqak0nTAjBfBuUDU= contains 204800 B
[2026-04-19T03:26:30.944Z INFO  worker::batch_maker] Batch OjTWzs9vFNvw6TdJ21WWqu4woNAf6TCDQx7zJOkBc40= contains sample tx 1923
[2026-04-19T03:26:30.944Z INFO  worker::batch_maker] Batch OjTWzs9vFNvw6TdJ21WWqu4woNAf6TCDQx7zJOkBc40= contains 204800 B
[2026-04-19T03:26:30.997Z INFO  worker::batch_maker] Batch 3QAu1gVrCh+Z+jIPxmgqIGM7FpVWpZL1EIDlTsLVplg= contains sample tx 1924
[2026-04-19T03:26:30.997Z INFO  worker::batch_maker] Batch 3QAu1gVrCh+Z+jIPxmgqIGM7FpVWpZL1EIDlTsLVplg= contains 204800 B
[2026-04-19T03:26:31.049Z INFO  worker::batch_maker] Batch pIWUGosYE/1drcm2UFF5WyY44D6mgRleLAcL7LcaWMk= contains sample tx 1925
[2026-04-19T03:26:31.049Z INFO  worker::batch_maker] Batch pIWUGosYE/1drcm2UFF5WyY44D6mgRleLAcL7LcaWMk= contains 204800 B
[2026-04-19T03:26:31.101Z INFO  worker::batch_maker] Batch qze4BkRaLe/arJDB0AsKtQwhEFBNuGYtMfw9HE6BapA= contains sample tx 1926
[2026-04-19T03:26:31.101Z INFO  worker::batch_maker] Batch qze4BkRaLe/arJDB0AsKtQwhEFBNuGYtMfw9HE6BapA= contains 204800 B
[2026-04-19T03:26:31.154Z INFO  worker::batch_maker] Batch MnI5VaSrKseFp0vQCmRB1+GOh2aPztjoJDd1mE+icRY= contains sample tx 1927
[2026-04-19T03:26:31.154Z INFO  worker::batch_maker] Batch MnI5VaSrKseFp0vQCmRB1+GOh2aPztjoJDd1mE+icRY= contains sample tx 1928
[2026-04-19T03:26:31.154Z INFO  worker::batch_maker] Batch MnI5VaSrKseFp0vQCmRB1+GOh2aPztjoJDd1mE+icRY= contains 409600 B
[2026-04-19T03:26:31.206Z INFO  worker::batch_maker] Batch mBGokRPIZTSnkg2y6WPFIHdRPDb7JEzu5BM/u+7qkyE= contains sample tx 1929
[2026-04-19T03:26:31.206Z INFO  worker::batch_maker] Batch mBGokRPIZTSnkg2y6WPFIHdRPDb7JEzu5BM/u+7qkyE= contains 204800 B
[2026-04-19T03:26:31.258Z INFO  worker::batch_maker] Batch mq9fEQ86JMUWsSYHK+aV0zP2B08dESFqxUnVPg6K+AU= contains sample tx 1930
[2026-04-19T03:26:31.258Z INFO  worker::batch_maker] Batch mq9fEQ86JMUWsSYHK+aV0zP2B08dESFqxUnVPg6K+AU= contains 204800 B
[2026-04-19T03:26:31.312Z INFO  worker::batch_maker] Batch boKeK9P3BWcSnCg1ldo9Y2NpmhtFAO52rHjcSGamX+E= contains sample tx 1931
[2026-04-19T03:26:31.312Z INFO  worker::batch_maker] Batch boKeK9P3BWcSnCg1ldo9Y2NpmhtFAO52rHjcSGamX+E= contains 204800 B
[2026-04-19T03:26:31.364Z INFO  worker::batch_maker] Batch WWImjibPavWylAu/3cp+sXtxjv7PQo47wBQQ32NJIHQ= contains sample tx 1932
[2026-04-19T03:26:31.364Z INFO  worker::batch_maker] Batch WWImjibPavWylAu/3cp+sXtxjv7PQo47wBQQ32NJIHQ= contains 204800 B
[2026-04-19T03:26:31.416Z INFO  worker::batch_maker] Batch hoY5RmHIVuXWPWQq/g3bagz1kiuM6pDbAa4eyXS/WJg= contains sample tx 1933
[2026-04-19T03:26:31.416Z INFO  worker::batch_maker] Batch hoY5RmHIVuXWPWQq/g3bagz1kiuM6pDbAa4eyXS/WJg= contains 204800 B
[2026-04-19T03:26:31.469Z INFO  worker::batch_maker] Batch j5JyN/p6puxYYaPzP2eDCvPbcgY9KuZ5Vw1B3kyXK4I= contains sample tx 1934
[2026-04-19T03:26:31.469Z INFO  worker::batch_maker] Batch j5JyN/p6puxYYaPzP2eDCvPbcgY9KuZ5Vw1B3kyXK4I= contains 204800 B
[2026-04-19T03:26:31.521Z INFO  worker::batch_maker] Batch dvuM9QMuWLsLpvCvYkRgr42hWMwfwb/zqozMWW8V7Ec= contains sample tx 1935
[2026-04-19T03:26:31.521Z INFO  worker::batch_maker] Batch dvuM9QMuWLsLpvCvYkRgr42hWMwfwb/zqozMWW8V7Ec= contains 204800 B
[2026-04-19T03:26:31.573Z INFO  worker::batch_maker] Batch 4ZOIngoAbELhTW9mR3eFbHmNWGkdIY3ymmGe+bXG2zY= contains sample tx 1936
[2026-04-19T03:26:31.573Z INFO  worker::batch_maker] Batch 4ZOIngoAbELhTW9mR3eFbHmNWGkdIY3ymmGe+bXG2zY= contains 204800 B
[2026-04-19T03:26:31.625Z INFO  worker::batch_maker] Batch o9dgdpiRmtWXrH7TY+lFJ5zorigqDiNFZ9BHU9cwEFk= contains sample tx 1937
[2026-04-19T03:26:31.625Z INFO  worker::batch_maker] Batch o9dgdpiRmtWXrH7TY+lFJ5zorigqDiNFZ9BHU9cwEFk= contains 204800 B
[2026-04-19T03:26:31.678Z INFO  worker::batch_maker] Batch E316OAqx2VYtu/M5biYe+rMnZEYcOM9jqW4QSc+ym0Q= contains sample tx 1938
[2026-04-19T03:26:31.678Z INFO  worker::batch_maker] Batch E316OAqx2VYtu/M5biYe+rMnZEYcOM9jqW4QSc+ym0Q= contains 204800 B
[2026-04-19T03:26:31.730Z INFO  worker::batch_maker] Batch 97GKMym7v4mY97K2T199QzGH+AutWSt8FnLNHIgUlcs= contains sample tx 1939
[2026-04-19T03:26:31.730Z INFO  worker::batch_maker] Batch 97GKMym7v4mY97K2T199QzGH+AutWSt8FnLNHIgUlcs= contains 204800 B
[2026-04-19T03:26:31.783Z INFO  worker::batch_maker] Batch +UUDNWMVrurTCtBvvYbcrdx2ZkwIPFdwncxCAtNHXW0= contains sample tx 1940
[2026-04-19T03:26:31.783Z INFO  worker::batch_maker] Batch +UUDNWMVrurTCtBvvYbcrdx2ZkwIPFdwncxCAtNHXW0= contains 204800 B
[2026-04-19T03:26:31.834Z INFO  worker::batch_maker] Batch XIUndJ/NJlsTpbyzvksNfRYaDU7FwDLtt7PoED1tDC4= contains sample tx 1941
[2026-04-19T03:26:31.834Z INFO  worker::batch_maker] Batch XIUndJ/NJlsTpbyzvksNfRYaDU7FwDLtt7PoED1tDC4= contains 204800 B
[2026-04-19T03:26:31.890Z INFO  worker::batch_maker] Batch LJO9SvhjC9z2+wAPKgYrdZdFXiMCcwkcW8Ek+U9cyGw= contains sample tx 1942
[2026-04-19T03:26:31.890Z INFO  worker::batch_maker] Batch LJO9SvhjC9z2+wAPKgYrdZdFXiMCcwkcW8Ek+U9cyGw= contains 204800 B
[2026-04-19T03:26:31.943Z INFO  worker::batch_maker] Batch M/LYMAGYA3coNE2DwWgeLCKENcHgSj8IkUwO6BEQNEk= contains sample tx 1943
[2026-04-19T03:26:31.943Z INFO  worker::batch_maker] Batch M/LYMAGYA3coNE2DwWgeLCKENcHgSj8IkUwO6BEQNEk= contains 204800 B
[2026-04-19T03:26:31.995Z INFO  worker::batch_maker] Batch 4pY8C6AlaQK2xk3VWBZuw6uAZDSoyEdmX92wLZ6PKb0= contains sample tx 1944
[2026-04-19T03:26:31.996Z INFO  worker::batch_maker] Batch 4pY8C6AlaQK2xk3VWBZuw6uAZDSoyEdmX92wLZ6PKb0= contains 204800 B
[2026-04-19T03:26:32.047Z INFO  worker::batch_maker] Batch pdhSZqNhD3xdFJh6MIIy/IkPzICQZXZMXBGIhlwHPwc= contains sample tx 1945
[2026-04-19T03:26:32.047Z INFO  worker::batch_maker] Batch pdhSZqNhD3xdFJh6MIIy/IkPzICQZXZMXBGIhlwHPwc= contains 204800 B
[2026-04-19T03:26:32.101Z INFO  worker::batch_maker] Batch S97HScS9wQlndFsTS/hXnj65oublgZ2BtwugvMbr6Lw= contains sample tx 1946
[2026-04-19T03:26:32.101Z INFO  worker::batch_maker] Batch S97HScS9wQlndFsTS/hXnj65oublgZ2BtwugvMbr6Lw= contains 204800 B
[2026-04-19T03:26:32.152Z INFO  worker::batch_maker] Batch Fob91lJs8eyWPh3jmx65tQfKGBEFqAU7MAvDDgTygLU= contains sample tx 1947
[2026-04-19T03:26:32.152Z INFO  worker::batch_maker] Batch Fob91lJs8eyWPh3jmx65tQfKGBEFqAU7MAvDDgTygLU= contains 241664 B
[2026-04-19T03:26:32.205Z INFO  worker::batch_maker] Batch egf8cDUZl52uvkxlSSKtCsZJTUqrv3zvcOhEtDjTfyc= contains sample tx 1948
[2026-04-19T03:26:32.205Z INFO  worker::batch_maker] Batch egf8cDUZl52uvkxlSSKtCsZJTUqrv3zvcOhEtDjTfyc= contains 325120 B
[2026-04-19T03:26:32.256Z INFO  worker::batch_maker] Batch B8+c2uM7QxE3gjlQ1hpCERiaqSlDccprgUDYWY6DXBY= contains sample tx 1949
[2026-04-19T03:26:32.256Z INFO  worker::batch_maker] Batch B8+c2uM7QxE3gjlQ1hpCERiaqSlDccprgUDYWY6DXBY= contains 107008 B
[2026-04-19T03:26:32.310Z INFO  worker::batch_maker] Batch bTdgfND0Ll3fmjf8e66O83M/INHM5bwdBJQYhVJVnpA= contains sample tx 1950
[2026-04-19T03:26:32.310Z INFO  worker::batch_maker] Batch bTdgfND0Ll3fmjf8e66O83M/INHM5bwdBJQYhVJVnpA= contains sample tx 1951
[2026-04-19T03:26:32.310Z INFO  worker::batch_maker] Batch bTdgfND0Ll3fmjf8e66O83M/INHM5bwdBJQYhVJVnpA= contains 350208 B
[2026-04-19T03:26:32.363Z INFO  worker::batch_maker] Batch tFf2bNb8lnc74hW4Kyv4iYxp0ejGXu5XqnBNVT5Afq8= contains sample tx 1952
[2026-04-19T03:26:32.363Z INFO  worker::batch_maker] Batch tFf2bNb8lnc74hW4Kyv4iYxp0ejGXu5XqnBNVT5Afq8= contains 204800 B
[2026-04-19T03:26:32.417Z INFO  worker::batch_maker] Batch yqBEkS87fQ5e6XpAIBXVpM5xMmDvM9PKyTAjWexU1NA= contains sample tx 1953
[2026-04-19T03:26:32.417Z INFO  worker::batch_maker] Batch yqBEkS87fQ5e6XpAIBXVpM5xMmDvM9PKyTAjWexU1NA= contains 204800 B
[2026-04-19T03:26:32.470Z INFO  worker::batch_maker] Batch jOD6xgfBbxcgRIyZpPzCGdWFGOp8949KfBB5dFShfXw= contains 181248 B
[2026-04-19T03:26:32.524Z INFO  worker::batch_maker] Batch kZF1OTEL3X0A3GMeL4vmojCJphJ+/lA2P/KwUymH4Ho= contains sample tx 1954
[2026-04-19T03:26:32.524Z INFO  worker::batch_maker] Batch kZF1OTEL3X0A3GMeL4vmojCJphJ+/lA2P/KwUymH4Ho= contains sample tx 1955
[2026-04-19T03:26:32.524Z INFO  worker::batch_maker] Batch kZF1OTEL3X0A3GMeL4vmojCJphJ+/lA2P/KwUymH4Ho= contains 228352 B
[2026-04-19T03:26:32.576Z INFO  worker::batch_maker] Batch m+WrL+foGHmA9FMN8z0nBh0oalD0QjdUqh+9BRLgtoM= contains sample tx 1956
[2026-04-19T03:26:32.576Z INFO  worker::batch_maker] Batch m+WrL+foGHmA9FMN8z0nBh0oalD0QjdUqh+9BRLgtoM= contains 204800 B
[2026-04-19T03:26:32.628Z INFO  worker::batch_maker] Batch uKJQF8VXaNFzRDhHp4hBhXjsVofKFaUSeBJRezZykCk= contains sample tx 1957
[2026-04-19T03:26:32.628Z INFO  worker::batch_maker] Batch uKJQF8VXaNFzRDhHp4hBhXjsVofKFaUSeBJRezZykCk= contains 204800 B
[2026-04-19T03:26:32.682Z INFO  worker::batch_maker] Batch LzklnsTcXfl5lqNbBTcXd2vxBPgyYtY5kn9swb6N9cE= contains sample tx 1958
[2026-04-19T03:26:32.682Z INFO  worker::batch_maker] Batch LzklnsTcXfl5lqNbBTcXd2vxBPgyYtY5kn9swb6N9cE= contains 204800 B
[2026-04-19T03:26:32.734Z INFO  worker::batch_maker] Batch dLZNuwO93zT4K9XX3L8Heqxep4IZuF0o6mwFaViEJM4= contains sample tx 1959
[2026-04-19T03:26:32.734Z INFO  worker::batch_maker] Batch dLZNuwO93zT4K9XX3L8Heqxep4IZuF0o6mwFaViEJM4= contains 204800 B
[2026-04-19T03:26:32.788Z INFO  worker::batch_maker] Batch Ahbg6VU27ls5gnBszTx2yoOnt+ESpDXgQet8XcSJ2N0= contains sample tx 1960
[2026-04-19T03:26:32.788Z INFO  worker::batch_maker] Batch Ahbg6VU27ls5gnBszTx2yoOnt+ESpDXgQet8XcSJ2N0= contains 204800 B
[2026-04-19T03:26:32.840Z INFO  worker::batch_maker] Batch 1WUcrHvIjfNNXYqbn/4bx8P2PVYbUJsTmTHT02BG59w= contains sample tx 1961
[2026-04-19T03:26:32.840Z INFO  worker::batch_maker] Batch 1WUcrHvIjfNNXYqbn/4bx8P2PVYbUJsTmTHT02BG59w= contains 204800 B
[2026-04-19T03:26:32.892Z INFO  worker::batch_maker] Batch EvN0cFW5XCrlsr0voae7OTq6eI78+AkAi1zjJWY2iYY= contains sample tx 1962
[2026-04-19T03:26:32.892Z INFO  worker::batch_maker] Batch EvN0cFW5XCrlsr0voae7OTq6eI78+AkAi1zjJWY2iYY= contains 204800 B
[2026-04-19T03:26:32.944Z INFO  worker::batch_maker] Batch B+zSPAy5xw8g7SwdFbwCEcSPJC/FCpk+cxISSkoPApo= contains sample tx 1963
[2026-04-19T03:26:32.944Z INFO  worker::batch_maker] Batch B+zSPAy5xw8g7SwdFbwCEcSPJC/FCpk+cxISSkoPApo= contains 204800 B
[2026-04-19T03:26:32.998Z INFO  worker::batch_maker] Batch wWYpmZOT/ITgzepk3Vl7ZnutncAMm+zta3F9aPwLk88= contains sample tx 1964
[2026-04-19T03:26:32.998Z INFO  worker::batch_maker] Batch wWYpmZOT/ITgzepk3Vl7ZnutncAMm+zta3F9aPwLk88= contains 204800 B
[2026-04-19T03:26:33.051Z INFO  worker::batch_maker] Batch Jc/qhdxQldJtgR9SaQH7DJdjWc9bJs8tA1QFPYc8PIE= contains sample tx 1965
[2026-04-19T03:26:33.052Z INFO  worker::batch_maker] Batch Jc/qhdxQldJtgR9SaQH7DJdjWc9bJs8tA1QFPYc8PIE= contains 204800 B
[2026-04-19T03:26:33.104Z INFO  worker::batch_maker] Batch rUYui5hXZfVNMMhGyn+D05Q07KM4M2Y9u8S6WE/5C5E= contains sample tx 1966
[2026-04-19T03:26:33.104Z INFO  worker::batch_maker] Batch rUYui5hXZfVNMMhGyn+D05Q07KM4M2Y9u8S6WE/5C5E= contains sample tx 1967
[2026-04-19T03:26:33.104Z INFO  worker::batch_maker] Batch rUYui5hXZfVNMMhGyn+D05Q07KM4M2Y9u8S6WE/5C5E= contains 409600 B
[2026-04-19T03:26:33.157Z INFO  worker::batch_maker] Batch BRiaBSejBeB/oady+CYYmCjUyPBtwK9xkgvL9QksJGo= contains sample tx 1968
[2026-04-19T03:26:33.157Z INFO  worker::batch_maker] Batch BRiaBSejBeB/oady+CYYmCjUyPBtwK9xkgvL9QksJGo= contains 204800 B
[2026-04-19T03:26:33.209Z INFO  worker::batch_maker] Batch 2vRHrZde6UvDYH5Pi9+kpQgTAZfGnTNzML5rr/CMm6U= contains sample tx 1969
[2026-04-19T03:26:33.209Z INFO  worker::batch_maker] Batch 2vRHrZde6UvDYH5Pi9+kpQgTAZfGnTNzML5rr/CMm6U= contains 204800 B
[2026-04-19T03:26:33.262Z INFO  worker::batch_maker] Batch O/YxYEwN2I9K0dMyR24PcI1z7yCn3wLEYRZhVZRwiAo= contains sample tx 1970
[2026-04-19T03:26:33.262Z INFO  worker::batch_maker] Batch O/YxYEwN2I9K0dMyR24PcI1z7yCn3wLEYRZhVZRwiAo= contains 204800 B
[2026-04-19T03:26:33.314Z INFO  worker::batch_maker] Batch IMgjOCLLN9bvV+KHbZ/D7PJHCVZmRF+CnNDhfjMswIs= contains sample tx 1971
[2026-04-19T03:26:33.315Z INFO  worker::batch_maker] Batch IMgjOCLLN9bvV+KHbZ/D7PJHCVZmRF+CnNDhfjMswIs= contains 204800 B
[2026-04-19T03:26:33.368Z INFO  worker::batch_maker] Batch tty5rWw7ZpS/UGlbDlfj3LCt1Exh6q5e+fPnUb0aX2k= contains sample tx 1972
[2026-04-19T03:26:33.368Z INFO  worker::batch_maker] Batch tty5rWw7ZpS/UGlbDlfj3LCt1Exh6q5e+fPnUb0aX2k= contains 204800 B
[2026-04-19T03:26:33.421Z INFO  worker::batch_maker] Batch d71uUy0Whxg6Paeor+bEWLJI2YP9HTlqdLSEL81lpco= contains sample tx 1973
[2026-04-19T03:26:33.421Z INFO  worker::batch_maker] Batch d71uUy0Whxg6Paeor+bEWLJI2YP9HTlqdLSEL81lpco= contains 204800 B
[2026-04-19T03:26:33.474Z INFO  worker::batch_maker] Batch HPUj1fqNRQ/ad8qg53j9zcEXTGynWRO2b4p9OZ8LVTw= contains sample tx 1974
[2026-04-19T03:26:33.474Z INFO  worker::batch_maker] Batch HPUj1fqNRQ/ad8qg53j9zcEXTGynWRO2b4p9OZ8LVTw= contains 204800 B
[2026-04-19T03:26:33.526Z INFO  worker::batch_maker] Batch 4RrzzD3W0QTYyPXLwFh564ipZgs9WL35JBhhKLA8INM= contains sample tx 1975
[2026-04-19T03:26:33.526Z INFO  worker::batch_maker] Batch 4RrzzD3W0QTYyPXLwFh564ipZgs9WL35JBhhKLA8INM= contains 204800 B
[2026-04-19T03:26:33.578Z INFO  worker::batch_maker] Batch 7BzhGVkTUN/gFwHhpvKupJJOap262IwuxQjZDZGWZtM= contains sample tx 1976
[2026-04-19T03:26:33.578Z INFO  worker::batch_maker] Batch 7BzhGVkTUN/gFwHhpvKupJJOap262IwuxQjZDZGWZtM= contains 204800 B
[2026-04-19T03:26:33.632Z INFO  worker::batch_maker] Batch HEX2IO4Ma99ngtFPMsRT5rDTNlRtecpRH97buporJWs= contains sample tx 1977
[2026-04-19T03:26:33.632Z INFO  worker::batch_maker] Batch HEX2IO4Ma99ngtFPMsRT5rDTNlRtecpRH97buporJWs= contains 204800 B
[2026-04-19T03:26:33.686Z INFO  worker::batch_maker] Batch 7YF8dWEkZV3r8qel0Yd2BpFFT9AaLK6hPjwoiU57LCk= contains sample tx 1978
[2026-04-19T03:26:33.686Z INFO  worker::batch_maker] Batch 7YF8dWEkZV3r8qel0Yd2BpFFT9AaLK6hPjwoiU57LCk= contains 204800 B
[2026-04-19T03:26:33.738Z INFO  worker::batch_maker] Batch Ln1JN0d/nkHrMYjaiAHPc3gTQVXB6LUeavLbm68hVZU= contains sample tx 1979
[2026-04-19T03:26:33.738Z INFO  worker::batch_maker] Batch Ln1JN0d/nkHrMYjaiAHPc3gTQVXB6LUeavLbm68hVZU= contains 204800 B
[2026-04-19T03:26:33.790Z INFO  worker::batch_maker] Batch QMzaX3FPR6zcpdWTAnM+ik7lBmNvrMTLkKLkVtLpHqw= contains sample tx 1980
[2026-04-19T03:26:33.790Z INFO  worker::batch_maker] Batch QMzaX3FPR6zcpdWTAnM+ik7lBmNvrMTLkKLkVtLpHqw= contains 204800 B
[2026-04-19T03:26:33.842Z INFO  worker::batch_maker] Batch gqI/izUtwyK6+TM8fx1XSYthtjku60+afRV1ThJwfcI= contains sample tx 1981
[2026-04-19T03:26:33.842Z INFO  worker::batch_maker] Batch gqI/izUtwyK6+TM8fx1XSYthtjku60+afRV1ThJwfcI= contains 204800 B
[2026-04-19T03:26:33.894Z INFO  worker::batch_maker] Batch S7ihEKcb5jKQEbFwPRZeS35jFZ9KdW+9/8UoGG4LpMU= contains sample tx 1982
[2026-04-19T03:26:33.894Z INFO  worker::batch_maker] Batch S7ihEKcb5jKQEbFwPRZeS35jFZ9KdW+9/8UoGG4LpMU= contains 204800 B
[2026-04-19T03:26:33.948Z INFO  worker::batch_maker] Batch tJzwkyUj8bNYXGYOm6FzbymS5oLO/C9huAIDSGmpFAM= contains sample tx 1983
[2026-04-19T03:26:33.948Z INFO  worker::batch_maker] Batch tJzwkyUj8bNYXGYOm6FzbymS5oLO/C9huAIDSGmpFAM= contains 204800 B
[2026-04-19T03:26:34.001Z INFO  worker::batch_maker] Batch hoW6s71WrYeqTiNaAaGOnmVu2cvKGsWXBQxA8yRmeRQ= contains sample tx 1984
[2026-04-19T03:26:34.001Z INFO  worker::batch_maker] Batch hoW6s71WrYeqTiNaAaGOnmVu2cvKGsWXBQxA8yRmeRQ= contains 204800 B
[2026-04-19T03:26:34.055Z INFO  worker::batch_maker] Batch +DRyoRVVzql9vPQXX2YDBpWpyK/XxAR7g5IGHXBha08= contains sample tx 1985
[2026-04-19T03:26:34.055Z INFO  worker::batch_maker] Batch +DRyoRVVzql9vPQXX2YDBpWpyK/XxAR7g5IGHXBha08= contains 321536 B
[2026-04-19T03:26:34.108Z INFO  worker::batch_maker] Batch sFeD/bbHi6RP0uNTYyT3sWk42FGF1q1xFtzPwrdhbGA= contains sample tx 1986
[2026-04-19T03:26:34.108Z INFO  worker::batch_maker] Batch sFeD/bbHi6RP0uNTYyT3sWk42FGF1q1xFtzPwrdhbGA= contains sample tx 1987
[2026-04-19T03:26:34.108Z INFO  worker::batch_maker] Batch sFeD/bbHi6RP0uNTYyT3sWk42FGF1q1xFtzPwrdhbGA= contains 292864 B
[2026-04-19T03:26:34.160Z INFO  worker::batch_maker] Batch 4Xrkp9vSSvz3MjYNeTrZ7YAkIRwGDj0/Dx1So4NODrA= contains sample tx 1988
[2026-04-19T03:26:34.160Z INFO  worker::batch_maker] Batch 4Xrkp9vSSvz3MjYNeTrZ7YAkIRwGDj0/Dx1So4NODrA= contains 204800 B
[2026-04-19T03:26:34.211Z INFO  worker::batch_maker] Batch JX+dwy6qdZ5N44GNIb/kieRuyunSSDA8whE8pFDSqjg= contains sample tx 1989
[2026-04-19T03:26:34.211Z INFO  worker::batch_maker] Batch JX+dwy6qdZ5N44GNIb/kieRuyunSSDA8whE8pFDSqjg= contains 204800 B
[2026-04-19T03:26:34.265Z INFO  worker::batch_maker] Batch 9TTrLfCiOOhL22apr0eKGN35bJVvedwpL3twuy8QdCw= contains sample tx 1990
[2026-04-19T03:26:34.265Z INFO  worker::batch_maker] Batch 9TTrLfCiOOhL22apr0eKGN35bJVvedwpL3twuy8QdCw= contains 204800 B
[2026-04-19T03:26:34.318Z INFO  worker::batch_maker] Batch N0ty0mUE+0/pak+hA/TUJpR0Ujp+WnOMmOXVQ7+aKCw= contains sample tx 1991
[2026-04-19T03:26:34.319Z INFO  worker::batch_maker] Batch N0ty0mUE+0/pak+hA/TUJpR0Ujp+WnOMmOXVQ7+aKCw= contains 204800 B
[2026-04-19T03:26:34.374Z INFO  worker::batch_maker] Batch SFOUNSla2U6Jmc2xcXuRue8PyTiPPKTqRmr9b1zEsHk= contains sample tx 1992
[2026-04-19T03:26:34.374Z INFO  worker::batch_maker] Batch SFOUNSla2U6Jmc2xcXuRue8PyTiPPKTqRmr9b1zEsHk= contains 204800 B
[2026-04-19T03:26:34.427Z INFO  worker::batch_maker] Batch HckTrLAON46wHTbypSypFLKN0cRU0gjAb49hSNVZwFg= contains sample tx 1993
[2026-04-19T03:26:34.427Z INFO  worker::batch_maker] Batch HckTrLAON46wHTbypSypFLKN0cRU0gjAb49hSNVZwFg= contains 204800 B
[2026-04-19T03:26:34.479Z INFO  worker::batch_maker] Batch 6bcqWa+88W13X0IgOVUeHEQTJFVCwBwRun7UGeq8U7c= contains sample tx 1994
[2026-04-19T03:26:34.479Z INFO  worker::batch_maker] Batch 6bcqWa+88W13X0IgOVUeHEQTJFVCwBwRun7UGeq8U7c= contains 204800 B
[2026-04-19T03:26:34.531Z INFO  worker::batch_maker] Batch I2N8k5E33UOHPLiIqxkCr1Kc0rRUB5yzUo8zmFPfUqc= contains sample tx 1995
[2026-04-19T03:26:34.531Z INFO  worker::batch_maker] Batch I2N8k5E33UOHPLiIqxkCr1Kc0rRUB5yzUo8zmFPfUqc= contains 204800 B
[2026-04-19T03:26:34.583Z INFO  worker::batch_maker] Batch dsi0RIyyVau0lQId3/PU2IdoTs7NpqwZvp7syOHg+gY= contains sample tx 1996
[2026-04-19T03:26:34.583Z INFO  worker::batch_maker] Batch dsi0RIyyVau0lQId3/PU2IdoTs7NpqwZvp7syOHg+gY= contains 204800 B
[2026-04-19T03:26:34.635Z INFO  worker::batch_maker] Batch p/nKxNkRyCqpstukC/Z/V6QXuAQmaXlj/mvCLcQscP0= contains sample tx 1997
[2026-04-19T03:26:34.636Z INFO  worker::batch_maker] Batch p/nKxNkRyCqpstukC/Z/V6QXuAQmaXlj/mvCLcQscP0= contains 204800 B
[2026-04-19T03:26:34.688Z INFO  worker::batch_maker] Batch vY1j+qe/YyYH7ngCiu42gHUC44d3Fit4LPWZ9fiHnLU= contains sample tx 1998
[2026-04-19T03:26:34.688Z INFO  worker::batch_maker] Batch vY1j+qe/YyYH7ngCiu42gHUC44d3Fit4LPWZ9fiHnLU= contains 204800 B
[2026-04-19T03:26:34.740Z INFO  worker::batch_maker] Batch cbSHAh6iDo6opBQo+VHYqQdTZs0v9E+7rwfvavW5hVM= contains sample tx 1999
[2026-04-19T03:26:34.740Z INFO  worker::batch_maker] Batch cbSHAh6iDo6opBQo+VHYqQdTZs0v9E+7rwfvavW5hVM= contains 204800 B
[2026-04-19T03:26:34.791Z INFO  worker::batch_maker] Batch BFkbOxJ57Do4ZuI+EG3c2idKUiKrjL1UAvAhAf1AxuI= contains sample tx 2000
[2026-04-19T03:26:34.791Z INFO  worker::batch_maker] Batch BFkbOxJ57Do4ZuI+EG3c2idKUiKrjL1UAvAhAf1AxuI= contains 204800 B
[2026-04-19T03:26:34.844Z INFO  worker::batch_maker] Batch hbVWRLghLIeww0R55orV7uDwo3IPEOOtpYLcH8PyXcc= contains sample tx 2001
[2026-04-19T03:26:34.844Z INFO  worker::batch_maker] Batch hbVWRLghLIeww0R55orV7uDwo3IPEOOtpYLcH8PyXcc= contains 204800 B
[2026-04-19T03:26:34.896Z INFO  worker::batch_maker] Batch Sk64mYagdEhzjR4oDVQdSBgqPEXkWUs0NpdOyo2O6ps= contains sample tx 2002
[2026-04-19T03:26:34.896Z INFO  worker::batch_maker] Batch Sk64mYagdEhzjR4oDVQdSBgqPEXkWUs0NpdOyo2O6ps= contains 204800 B
[2026-04-19T03:26:34.947Z INFO  worker::batch_maker] Batch rju4MVeoM6/EAnbvDaNtMhWPLdPir4rsy34uyClE2Q4= contains sample tx 2003
[2026-04-19T03:26:34.947Z INFO  worker::batch_maker] Batch rju4MVeoM6/EAnbvDaNtMhWPLdPir4rsy34uyClE2Q4= contains 204800 B
[2026-04-19T03:26:35.001Z INFO  worker::batch_maker] Batch cvVPEXQxJgfp0gUjKEA7RL4ybcAQgwTWKgI7/cXAJOQ= contains sample tx 2004
[2026-04-19T03:26:35.001Z INFO  worker::batch_maker] Batch cvVPEXQxJgfp0gUjKEA7RL4ybcAQgwTWKgI7/cXAJOQ= contains 204800 B
[2026-04-19T03:26:35.054Z INFO  worker::batch_maker] Batch dbaCeWt4awe1pPsJ17/IPiq6kO3XOiAsTLQe1Ltvlc4= contains sample tx 2005
[2026-04-19T03:26:35.054Z INFO  worker::batch_maker] Batch dbaCeWt4awe1pPsJ17/IPiq6kO3XOiAsTLQe1Ltvlc4= contains sample tx 2006
[2026-04-19T03:26:35.054Z INFO  worker::batch_maker] Batch dbaCeWt4awe1pPsJ17/IPiq6kO3XOiAsTLQe1Ltvlc4= contains 393728 B
[2026-04-19T03:26:35.105Z INFO  worker::batch_maker] Batch r/q8o73e178Atze01ptJFhHn2YPgHfHLnw7NWp+N2qE= contains sample tx 2007
[2026-04-19T03:26:35.105Z INFO  worker::batch_maker] Batch r/q8o73e178Atze01ptJFhHn2YPgHfHLnw7NWp+N2qE= contains 220672 B
[2026-04-19T03:26:35.157Z INFO  worker::batch_maker] Batch RRrOHaMenJoxxbgEQfJ2kQaCDtR4yw14krCmhljFLb8= contains sample tx 2008
[2026-04-19T03:26:35.157Z INFO  worker::batch_maker] Batch RRrOHaMenJoxxbgEQfJ2kQaCDtR4yw14krCmhljFLb8= contains 204800 B
[2026-04-19T03:26:35.209Z INFO  worker::batch_maker] Batch XuO61bNYP928X8Y3+37VAzq0Tdf4j0CRY5XDlUZbAGA= contains sample tx 2009
[2026-04-19T03:26:35.209Z INFO  worker::batch_maker] Batch XuO61bNYP928X8Y3+37VAzq0Tdf4j0CRY5XDlUZbAGA= contains 204800 B
[2026-04-19T03:26:35.265Z INFO  worker::batch_maker] Batch pyvbeafviM4s+p7/Vnt91sznYF+H8UcOLfXcEU0R40M= contains sample tx 2010
[2026-04-19T03:26:35.265Z INFO  worker::batch_maker] Batch pyvbeafviM4s+p7/Vnt91sznYF+H8UcOLfXcEU0R40M= contains 204800 B
[2026-04-19T03:26:35.317Z INFO  worker::batch_maker] Batch Hi9Vz9qPScdZJUXVrxN8c8CsTsGLUfGB74nDa7TE1Lk= contains sample tx 2011
[2026-04-19T03:26:35.317Z INFO  worker::batch_maker] Batch Hi9Vz9qPScdZJUXVrxN8c8CsTsGLUfGB74nDa7TE1Lk= contains 204800 B
[2026-04-19T03:26:35.370Z INFO  worker::batch_maker] Batch NIOdmO63nY/ynvTrwXDJafgATzDkPlHSrq1DREgkBJI= contains sample tx 2012
[2026-04-19T03:26:35.370Z INFO  worker::batch_maker] Batch NIOdmO63nY/ynvTrwXDJafgATzDkPlHSrq1DREgkBJI= contains 204800 B
[2026-04-19T03:26:35.424Z INFO  worker::batch_maker] Batch JnK8C7Pn7Nx3VcD7v9gn2ohfVFHpxs2alRxEquFTP/U= contains sample tx 2013
[2026-04-19T03:26:35.424Z INFO  worker::batch_maker] Batch JnK8C7Pn7Nx3VcD7v9gn2ohfVFHpxs2alRxEquFTP/U= contains 204800 B
[2026-04-19T03:26:35.477Z INFO  worker::batch_maker] Batch gWDsTr9i5ZpJQrQLNRKI45rwhDeg6aCk5aBAVlic7I8= contains sample tx 2014
[2026-04-19T03:26:35.477Z INFO  worker::batch_maker] Batch gWDsTr9i5ZpJQrQLNRKI45rwhDeg6aCk5aBAVlic7I8= contains 204800 B
[2026-04-19T03:26:35.531Z INFO  worker::batch_maker] Batch LfmpucmTNkoyUCrnxC++NH3KKx63tik6V0ia79NFv0c= contains sample tx 2015
[2026-04-19T03:26:35.531Z INFO  worker::batch_maker] Batch LfmpucmTNkoyUCrnxC++NH3KKx63tik6V0ia79NFv0c= contains 204800 B
[2026-04-19T03:26:35.583Z INFO  worker::batch_maker] Batch 2av5dofwWDG26vL2JnoecqMo3JVQ0rGFYLGxqh9/uYg= contains sample tx 2016
[2026-04-19T03:26:35.583Z INFO  worker::batch_maker] Batch 2av5dofwWDG26vL2JnoecqMo3JVQ0rGFYLGxqh9/uYg= contains 204800 B
[2026-04-19T03:26:35.635Z INFO  worker::batch_maker] Batch kUECwK/bvnE6WpJA5R29ppwZg30nap9ZLYF8PxCO3WE= contains sample tx 2017
[2026-04-19T03:26:35.635Z INFO  worker::batch_maker] Batch kUECwK/bvnE6WpJA5R29ppwZg30nap9ZLYF8PxCO3WE= contains 125440 B
[2026-04-19T03:26:35.689Z INFO  worker::batch_maker] Batch BjkcefTa1amtIXoE/Nr4s7SdVU+3zQxzkwCXgLuBRYE= contains sample tx 2018
[2026-04-19T03:26:35.689Z INFO  worker::batch_maker] Batch BjkcefTa1amtIXoE/Nr4s7SdVU+3zQxzkwCXgLuBRYE= contains 284160 B
[2026-04-19T03:26:35.742Z INFO  worker::batch_maker] Batch vGHZkxEtrcU8pbLCY9ON7PZnXkiy4oxE8acmSQSZhCU= contains sample tx 2019
[2026-04-19T03:26:35.742Z INFO  worker::batch_maker] Batch vGHZkxEtrcU8pbLCY9ON7PZnXkiy4oxE8acmSQSZhCU= contains 204800 B
[2026-04-19T03:26:35.794Z INFO  worker::batch_maker] Batch i373oAzI2fJ1tRfyHXrapmd8Y5EiOSC2V8eTtq8c0f0= contains sample tx 2020
[2026-04-19T03:26:35.794Z INFO  worker::batch_maker] Batch i373oAzI2fJ1tRfyHXrapmd8Y5EiOSC2V8eTtq8c0f0= contains 204800 B
[2026-04-19T03:26:35.846Z INFO  worker::batch_maker] Batch MH0b5rzt0nV+h2lOBXvMGpsqSAGWM+PLmQjdkBkc89A= contains sample tx 2021
[2026-04-19T03:26:35.846Z INFO  worker::batch_maker] Batch MH0b5rzt0nV+h2lOBXvMGpsqSAGWM+PLmQjdkBkc89A= contains 204800 B
[2026-04-19T03:26:35.898Z INFO  worker::batch_maker] Batch yiraT9Xir/cZh4Y8HoImYlX8Jd3xh/82Qu1b7tdImyY= contains sample tx 2022
[2026-04-19T03:26:35.898Z INFO  worker::batch_maker] Batch yiraT9Xir/cZh4Y8HoImYlX8Jd3xh/82Qu1b7tdImyY= contains 204800 B
[2026-04-19T03:26:35.951Z INFO  worker::batch_maker] Batch lq9UkXqpEjdeFk21DJZ0o28sGNKxY9xFWU4J/Rs2loI= contains sample tx 2023
[2026-04-19T03:26:35.951Z INFO  worker::batch_maker] Batch lq9UkXqpEjdeFk21DJZ0o28sGNKxY9xFWU4J/Rs2loI= contains 204800 B
[2026-04-19T03:26:36.006Z INFO  worker::batch_maker] Batch /ZhqH5sAqetsCxYSUiIOXCZmE8XpLlOIt2Rk/NY3JVs= contains sample tx 2024
[2026-04-19T03:26:36.006Z INFO  worker::batch_maker] Batch /ZhqH5sAqetsCxYSUiIOXCZmE8XpLlOIt2Rk/NY3JVs= contains sample tx 2025
[2026-04-19T03:26:36.006Z INFO  worker::batch_maker] Batch /ZhqH5sAqetsCxYSUiIOXCZmE8XpLlOIt2Rk/NY3JVs= contains 281600 B
[2026-04-19T03:26:36.058Z INFO  worker::batch_maker] Batch mq5KfZTtTCDGY6RsplXGAbBILU7I2YPBaHkpYUwDYXE= contains sample tx 2026
[2026-04-19T03:26:36.058Z INFO  worker::batch_maker] Batch mq5KfZTtTCDGY6RsplXGAbBILU7I2YPBaHkpYUwDYXE= contains 332800 B
[2026-04-19T03:26:36.113Z INFO  worker::batch_maker] Batch gdDJKrN2cWIVcG0TE9FN4P4s1/9KEXwZNo//hR/aKg0= contains sample tx 2027
[2026-04-19T03:26:36.113Z INFO  worker::batch_maker] Batch gdDJKrN2cWIVcG0TE9FN4P4s1/9KEXwZNo//hR/aKg0= contains 204800 B
[2026-04-19T03:26:36.165Z INFO  worker::batch_maker] Batch 66bLOsL4g2Sn2C6FgV3ZVodJd4b8fvrxTqasKKbE8oA= contains sample tx 2028
[2026-04-19T03:26:36.165Z INFO  worker::batch_maker] Batch 66bLOsL4g2Sn2C6FgV3ZVodJd4b8fvrxTqasKKbE8oA= contains 204800 B
[2026-04-19T03:26:36.217Z INFO  worker::batch_maker] Batch Zcxh2upXapDQqmUzVinlZx6RVB/UDpD5ZTjLTaluI6E= contains sample tx 2029
[2026-04-19T03:26:36.217Z INFO  worker::batch_maker] Batch Zcxh2upXapDQqmUzVinlZx6RVB/UDpD5ZTjLTaluI6E= contains 204800 B
[2026-04-19T03:26:36.269Z INFO  worker::batch_maker] Batch eS/r96s+6U8m73SuIN2fKRVQePP624VTkcE8t2JGvxU= contains sample tx 2030
[2026-04-19T03:26:36.269Z INFO  worker::batch_maker] Batch eS/r96s+6U8m73SuIN2fKRVQePP624VTkcE8t2JGvxU= contains 204800 B
[2026-04-19T03:26:36.321Z INFO  worker::batch_maker] Batch Inbf2L5ahCP7JnNVH3qx9Jgmg62s4Lk3/MnHdMx5/ss= contains sample tx 2031
[2026-04-19T03:26:36.321Z INFO  worker::batch_maker] Batch Inbf2L5ahCP7JnNVH3qx9Jgmg62s4Lk3/MnHdMx5/ss= contains 204800 B
[2026-04-19T03:26:36.373Z INFO  worker::batch_maker] Batch EpM3tg9rTLyhmLo/VcCSOgdXt64xKZFOJurOhFksRpU= contains sample tx 2032
[2026-04-19T03:26:36.373Z INFO  worker::batch_maker] Batch EpM3tg9rTLyhmLo/VcCSOgdXt64xKZFOJurOhFksRpU= contains 204800 B
[2026-04-19T03:26:36.425Z INFO  worker::batch_maker] Batch GEtHjkO19+yQC4E1qgzgZweIhyLLc3Wsafx61nJdjLY= contains sample tx 2033
[2026-04-19T03:26:36.425Z INFO  worker::batch_maker] Batch GEtHjkO19+yQC4E1qgzgZweIhyLLc3Wsafx61nJdjLY= contains 204800 B
[2026-04-19T03:26:36.478Z INFO  worker::batch_maker] Batch FtLGD5+mPnwR41Zy7t2CAgvdxJRqOtWRo4Q7iYuwu7I= contains sample tx 2034
[2026-04-19T03:26:36.478Z INFO  worker::batch_maker] Batch FtLGD5+mPnwR41Zy7t2CAgvdxJRqOtWRo4Q7iYuwu7I= contains 204800 B
[2026-04-19T03:26:36.529Z INFO  worker::batch_maker] Batch 91bSy+CqSwuq+dQjjInj4UQUNGkjPPemHQdSQJX18HI= contains sample tx 2035
[2026-04-19T03:26:36.529Z INFO  worker::batch_maker] Batch 91bSy+CqSwuq+dQjjInj4UQUNGkjPPemHQdSQJX18HI= contains 204800 B
[2026-04-19T03:26:36.581Z INFO  worker::batch_maker] Batch XJ6fNYpWJTL1JO0x2f3ivrDCBySR7DUnxFM0FiYO+Ss= contains sample tx 2036
[2026-04-19T03:26:36.581Z INFO  worker::batch_maker] Batch XJ6fNYpWJTL1JO0x2f3ivrDCBySR7DUnxFM0FiYO+Ss= contains 204800 B
[2026-04-19T03:26:36.634Z INFO  worker::batch_maker] Batch WrPmz0n+R/I9Vc3XVaqQXBni2Pkn+WxP+cElQl6PKJc= contains sample tx 2037
[2026-04-19T03:26:36.634Z INFO  worker::batch_maker] Batch WrPmz0n+R/I9Vc3XVaqQXBni2Pkn+WxP+cElQl6PKJc= contains 204800 B
[2026-04-19T03:26:36.686Z INFO  worker::batch_maker] Batch SCJEyokA7b9txfiogxizQr+3tO5Cry+l+uMKpklsm3Q= contains sample tx 2038
[2026-04-19T03:26:36.686Z INFO  worker::batch_maker] Batch SCJEyokA7b9txfiogxizQr+3tO5Cry+l+uMKpklsm3Q= contains 204800 B
[2026-04-19T03:26:36.738Z INFO  worker::batch_maker] Batch IIi+56ecZJrJUQ/jJ3ECLu7gSru7OfZX+4bGmnpX0No= contains sample tx 2039
[2026-04-19T03:26:36.738Z INFO  worker::batch_maker] Batch IIi+56ecZJrJUQ/jJ3ECLu7gSru7OfZX+4bGmnpX0No= contains 204800 B
[2026-04-19T03:26:36.789Z INFO  worker::batch_maker] Batch 4ocaJySjSqrV/fZKJUmYyW/nFd1lo997TLz4WDrcHlI= contains sample tx 2040
[2026-04-19T03:26:36.789Z INFO  worker::batch_maker] Batch 4ocaJySjSqrV/fZKJUmYyW/nFd1lo997TLz4WDrcHlI= contains 204800 B
[2026-04-19T03:26:36.842Z INFO  worker::batch_maker] Batch d1gjE0MjOZSvLpdFVHiZUodu494kylHmI27DwmaKKfA= contains sample tx 2041
[2026-04-19T03:26:36.842Z INFO  worker::batch_maker] Batch d1gjE0MjOZSvLpdFVHiZUodu494kylHmI27DwmaKKfA= contains 204800 B
[2026-04-19T03:26:36.896Z INFO  worker::batch_maker] Batch P3GSoS3sHPxaG5nRBiWCgUMV9BCf957Np6XSxnjjxqU= contains sample tx 2042
[2026-04-19T03:26:36.896Z INFO  worker::batch_maker] Batch P3GSoS3sHPxaG5nRBiWCgUMV9BCf957Np6XSxnjjxqU= contains 204800 B
[2026-04-19T03:26:36.949Z INFO  worker::batch_maker] Batch PlfDa2QSYM368jvjZLXLCeeLapxDcyRk1Hu9LDu094Q= contains sample tx 2043
[2026-04-19T03:26:36.949Z INFO  worker::batch_maker] Batch PlfDa2QSYM368jvjZLXLCeeLapxDcyRk1Hu9LDu094Q= contains 204800 B
[2026-04-19T03:26:37.001Z INFO  worker::batch_maker] Batch /gnX80CtyNaeTOYXN5LlDUJr6Z5jgcQc67W7U90SpYU= contains sample tx 2044
[2026-04-19T03:26:37.001Z INFO  worker::batch_maker] Batch /gnX80CtyNaeTOYXN5LlDUJr6Z5jgcQc67W7U90SpYU= contains 204800 B
[2026-04-19T03:26:37.054Z INFO  worker::batch_maker] Batch JE1EoZ7tjEr6VPHxDm8lgmDjp4dPYFgglerpMN6ltwE= contains sample tx 2045
[2026-04-19T03:26:37.054Z INFO  worker::batch_maker] Batch JE1EoZ7tjEr6VPHxDm8lgmDjp4dPYFgglerpMN6ltwE= contains sample tx 2046
[2026-04-19T03:26:37.054Z INFO  worker::batch_maker] Batch JE1EoZ7tjEr6VPHxDm8lgmDjp4dPYFgglerpMN6ltwE= contains 409600 B
[2026-04-19T03:26:37.107Z INFO  worker::batch_maker] Batch SqjkfLFGo1pg/BGh72ugSKKITNux9hOg4wVwOzBngsk= contains sample tx 2047
[2026-04-19T03:26:37.107Z INFO  worker::batch_maker] Batch SqjkfLFGo1pg/BGh72ugSKKITNux9hOg4wVwOzBngsk= contains 204800 B
[2026-04-19T03:26:37.159Z INFO  worker::batch_maker] Batch dJ0QEhI4hjyydfBfADleAHuzygYMzgxn8O4XNqb9IAk= contains sample tx 2048
[2026-04-19T03:26:37.159Z INFO  worker::batch_maker] Batch dJ0QEhI4hjyydfBfADleAHuzygYMzgxn8O4XNqb9IAk= contains 204800 B
[2026-04-19T03:26:37.212Z INFO  worker::batch_maker] Batch p04DG+azYUR2CxXsUHmKnMNjFhZHJ+luQRs9zLVTJ1I= contains sample tx 2049
[2026-04-19T03:26:37.212Z INFO  worker::batch_maker] Batch p04DG+azYUR2CxXsUHmKnMNjFhZHJ+luQRs9zLVTJ1I= contains 204800 B
[2026-04-19T03:26:37.265Z INFO  worker::batch_maker] Batch qStnu+05VMHxNRuQ/9IqG0V/Qoq2VPSTcVCYFWVKTk8= contains sample tx 2050
[2026-04-19T03:26:37.265Z INFO  worker::batch_maker] Batch qStnu+05VMHxNRuQ/9IqG0V/Qoq2VPSTcVCYFWVKTk8= contains 204800 B
[2026-04-19T03:26:37.319Z INFO  worker::batch_maker] Batch zfDWIU2uZRJLjdKXyKuv/oLPRPug+Q0GBQu+4QLVFuM= contains sample tx 2051
[2026-04-19T03:26:37.319Z INFO  worker::batch_maker] Batch zfDWIU2uZRJLjdKXyKuv/oLPRPug+Q0GBQu+4QLVFuM= contains 204800 B
[2026-04-19T03:26:37.375Z INFO  worker::batch_maker] Batch 5LK6DlPXjkrmdWB1DZTzjMbWRsA/5+kImUgg0I/Zcf4= contains sample tx 2052
[2026-04-19T03:26:37.375Z INFO  worker::batch_maker] Batch 5LK6DlPXjkrmdWB1DZTzjMbWRsA/5+kImUgg0I/Zcf4= contains 204800 B
[2026-04-19T03:26:37.429Z INFO  worker::batch_maker] Batch jPgwGZi23fPdoOG+f0ZhpoukfD/7fGsePHPCRKqVKn0= contains sample tx 2053
[2026-04-19T03:26:37.429Z INFO  worker::batch_maker] Batch jPgwGZi23fPdoOG+f0ZhpoukfD/7fGsePHPCRKqVKn0= contains 204800 B
[2026-04-19T03:26:37.482Z INFO  worker::batch_maker] Batch B6iRTI1re5dMtcWOEg63d/5ucrM5BIoc6Yq6vCj7MaI= contains sample tx 2054
[2026-04-19T03:26:37.482Z INFO  worker::batch_maker] Batch B6iRTI1re5dMtcWOEg63d/5ucrM5BIoc6Yq6vCj7MaI= contains 204800 B
[2026-04-19T03:26:37.536Z INFO  worker::batch_maker] Batch JxDuqLhVEHFnZOoUgDvpEBfnJe5sFKojPpOc0v4Lrus= contains sample tx 2055
[2026-04-19T03:26:37.536Z INFO  worker::batch_maker] Batch JxDuqLhVEHFnZOoUgDvpEBfnJe5sFKojPpOc0v4Lrus= contains 204800 B
[2026-04-19T03:26:37.588Z INFO  worker::batch_maker] Batch vxr/o0FicoCuqhalOD57He44k0JcSu0iHdE3JRjI/kI= contains sample tx 2056
[2026-04-19T03:26:37.588Z INFO  worker::batch_maker] Batch vxr/o0FicoCuqhalOD57He44k0JcSu0iHdE3JRjI/kI= contains 204800 B
[2026-04-19T03:26:37.640Z INFO  worker::batch_maker] Batch aQJ4NE2mM1QoGIg0vucpLh9G/MsLsMXtTmGDVfi0kMs= contains sample tx 2057
[2026-04-19T03:26:37.640Z INFO  worker::batch_maker] Batch aQJ4NE2mM1QoGIg0vucpLh9G/MsLsMXtTmGDVfi0kMs= contains 204800 B
[2026-04-19T03:26:37.693Z INFO  worker::batch_maker] Batch jSpIeITIchs/btvmsfaZvq9Xkb2Cot2JUZ5PK5kGzbQ= contains sample tx 2058
[2026-04-19T03:26:37.693Z INFO  worker::batch_maker] Batch jSpIeITIchs/btvmsfaZvq9Xkb2Cot2JUZ5PK5kGzbQ= contains 204800 B
[2026-04-19T03:26:37.745Z INFO  worker::batch_maker] Batch WaE2PgU621/m0Le1YBTuMw++QfqR1A18FGqWzrKnKGY= contains sample tx 2059
[2026-04-19T03:26:37.745Z INFO  worker::batch_maker] Batch WaE2PgU621/m0Le1YBTuMw++QfqR1A18FGqWzrKnKGY= contains 204800 B
[2026-04-19T03:26:37.796Z INFO  worker::batch_maker] Batch M1Z/Au71uM0zvmuso4Z1I4mXXPyyY4CcDlWSWYvyTP8= contains sample tx 2060
[2026-04-19T03:26:37.796Z INFO  worker::batch_maker] Batch M1Z/Au71uM0zvmuso4Z1I4mXXPyyY4CcDlWSWYvyTP8= contains 204800 B
[2026-04-19T03:26:37.848Z INFO  worker::batch_maker] Batch rZP7zdAM4imGY6uJEV61LhxBwL/bAQyWQwiXsb3r5jY= contains sample tx 2061
[2026-04-19T03:26:37.848Z INFO  worker::batch_maker] Batch rZP7zdAM4imGY6uJEV61LhxBwL/bAQyWQwiXsb3r5jY= contains 204800 B
[2026-04-19T03:26:37.901Z INFO  worker::batch_maker] Batch 8tmOdUHcgkkx9OL+lgfQoMKchekma+sWYIFwGvC8KkM= contains sample tx 2062
[2026-04-19T03:26:37.901Z INFO  worker::batch_maker] Batch 8tmOdUHcgkkx9OL+lgfQoMKchekma+sWYIFwGvC8KkM= contains 204800 B
[2026-04-19T03:26:37.955Z INFO  worker::batch_maker] Batch iEWm+OTsGVBtl0SencBWS15L1LdqjtCyhiF9HeK+4Mo= contains sample tx 2063
[2026-04-19T03:26:37.955Z INFO  worker::batch_maker] Batch iEWm+OTsGVBtl0SencBWS15L1LdqjtCyhiF9HeK+4Mo= contains sample tx 2064
[2026-04-19T03:26:37.955Z INFO  worker::batch_maker] Batch iEWm+OTsGVBtl0SencBWS15L1LdqjtCyhiF9HeK+4Mo= contains 409600 B
[2026-04-19T03:26:38.006Z INFO  worker::batch_maker] Batch ExsjpEG0AdVo0liLsaGJ0zx9wR8lquX1zs7ddRp4WwY= contains sample tx 2065
[2026-04-19T03:26:38.006Z INFO  worker::batch_maker] Batch ExsjpEG0AdVo0liLsaGJ0zx9wR8lquX1zs7ddRp4WwY= contains 204800 B
[2026-04-19T03:26:38.058Z INFO  worker::batch_maker] Batch erAeG6sGqMgvAo6K56/M0QJetFK21mZlyV/zPcRw5sY= contains sample tx 2066
[2026-04-19T03:26:38.058Z INFO  worker::batch_maker] Batch erAeG6sGqMgvAo6K56/M0QJetFK21mZlyV/zPcRw5sY= contains 204800 B
[2026-04-19T03:26:38.110Z INFO  worker::batch_maker] Batch 032cz4/VPGXLeUSd7ZKenJvHE7DlCZuigMXafDQMYeM= contains sample tx 2067
[2026-04-19T03:26:38.110Z INFO  worker::batch_maker] Batch 032cz4/VPGXLeUSd7ZKenJvHE7DlCZuigMXafDQMYeM= contains 204800 B
[2026-04-19T03:26:38.163Z INFO  worker::batch_maker] Batch hF+qRcYfTxBJottUUo9Fv0RZBIAXLpeZPeWQ2ZQ14bs= contains sample tx 2068
[2026-04-19T03:26:38.163Z INFO  worker::batch_maker] Batch hF+qRcYfTxBJottUUo9Fv0RZBIAXLpeZPeWQ2ZQ14bs= contains 204800 B
[2026-04-19T03:26:38.214Z INFO  worker::batch_maker] Batch SU8iyJ1ZbViCGQSTedz0Gg1dCI659l9VyyLJ2yI0Guo= contains sample tx 2069
[2026-04-19T03:26:38.214Z INFO  worker::batch_maker] Batch SU8iyJ1ZbViCGQSTedz0Gg1dCI659l9VyyLJ2yI0Guo= contains 204800 B
[2026-04-19T03:26:38.267Z INFO  worker::batch_maker] Batch VSAWOpRXN8zcRLKrhcaZER5bEYyLq9tKa/nstgL6i1g= contains sample tx 2070
[2026-04-19T03:26:38.268Z INFO  worker::batch_maker] Batch VSAWOpRXN8zcRLKrhcaZER5bEYyLq9tKa/nstgL6i1g= contains 204800 B
[2026-04-19T03:26:38.320Z INFO  worker::batch_maker] Batch HTr6F3tSmCOgLqNMgFxlRvXh03IbasQZj5TXt0HTYaU= contains sample tx 2071
[2026-04-19T03:26:38.320Z INFO  worker::batch_maker] Batch HTr6F3tSmCOgLqNMgFxlRvXh03IbasQZj5TXt0HTYaU= contains 204800 B
[2026-04-19T03:26:38.371Z INFO  worker::batch_maker] Batch XfDZetlQzX7WNP3NxnYjw9vJWh9ljnp6YSD4NP9g6Zo= contains sample tx 2072
[2026-04-19T03:26:38.371Z INFO  worker::batch_maker] Batch XfDZetlQzX7WNP3NxnYjw9vJWh9ljnp6YSD4NP9g6Zo= contains 204800 B
[2026-04-19T03:26:38.423Z INFO  worker::batch_maker] Batch tIlZgCbKsr4bJlqU8dkzDrtlL1YVt+4NeLnJ1Po8bd8= contains sample tx 2073
[2026-04-19T03:26:38.423Z INFO  worker::batch_maker] Batch tIlZgCbKsr4bJlqU8dkzDrtlL1YVt+4NeLnJ1Po8bd8= contains 204800 B
[2026-04-19T03:26:38.476Z INFO  worker::batch_maker] Batch X0A7L4T1aqcmeH6tbGMJ90qKBidMar0EUfuNXmT2xKU= contains sample tx 2074
[2026-04-19T03:26:38.476Z INFO  worker::batch_maker] Batch X0A7L4T1aqcmeH6tbGMJ90qKBidMar0EUfuNXmT2xKU= contains 204800 B
[2026-04-19T03:26:38.527Z INFO  worker::batch_maker] Batch rtvHpFgp7O1GMvdi0juwO1h6iReQMNFXmO0ILJzjH0g= contains sample tx 2075
[2026-04-19T03:26:38.527Z INFO  worker::batch_maker] Batch rtvHpFgp7O1GMvdi0juwO1h6iReQMNFXmO0ILJzjH0g= contains 204800 B
[2026-04-19T03:26:38.579Z INFO  worker::batch_maker] Batch syTTc25tagsRL39Qa0Y78HuZct4WxNgVJIY6wcbKIbA= contains sample tx 2076
[2026-04-19T03:26:38.579Z INFO  worker::batch_maker] Batch syTTc25tagsRL39Qa0Y78HuZct4WxNgVJIY6wcbKIbA= contains 204800 B
[2026-04-19T03:26:38.632Z INFO  worker::batch_maker] Batch uTXsoelBVk30/yXIvcRG4OiqcLNiVDBJeBaElnN60/A= contains sample tx 2077
[2026-04-19T03:26:38.632Z INFO  worker::batch_maker] Batch uTXsoelBVk30/yXIvcRG4OiqcLNiVDBJeBaElnN60/A= contains 204800 B
[2026-04-19T03:26:38.683Z INFO  worker::batch_maker] Batch Bf30lxm1GZ47l+L3hIJR7gyAwVbkPAkybjmxUHX5Rwk= contains sample tx 2078
[2026-04-19T03:26:38.683Z INFO  worker::batch_maker] Batch Bf30lxm1GZ47l+L3hIJR7gyAwVbkPAkybjmxUHX5Rwk= contains 204800 B
[2026-04-19T03:26:38.735Z INFO  worker::batch_maker] Batch 4xvUe611ugBhfhuS9SGvdzQC4N3CC3Yxtnx0fPlWku4= contains sample tx 2079
[2026-04-19T03:26:38.735Z INFO  worker::batch_maker] Batch 4xvUe611ugBhfhuS9SGvdzQC4N3CC3Yxtnx0fPlWku4= contains 204800 B
[2026-04-19T03:26:38.788Z INFO  worker::batch_maker] Batch 2z/Q0Ki17aaL0h8RoBlqPK3uDf6dnPKo10+3krmrD+c= contains sample tx 2080
[2026-04-19T03:26:38.788Z INFO  worker::batch_maker] Batch 2z/Q0Ki17aaL0h8RoBlqPK3uDf6dnPKo10+3krmrD+c= contains 204800 B
[2026-04-19T03:26:38.841Z INFO  worker::batch_maker] Batch cp5UrN94JGXaNab51Y0AZFNdbyiuzekMYt+FqMRKXVw= contains sample tx 2081
[2026-04-19T03:26:38.841Z INFO  worker::batch_maker] Batch cp5UrN94JGXaNab51Y0AZFNdbyiuzekMYt+FqMRKXVw= contains 204800 B
[2026-04-19T03:26:38.894Z INFO  worker::batch_maker] Batch +MJChb7VSsWJFkDRXhtSfX/qen9LOShNErN7Z+zP5XA= contains sample tx 2082
[2026-04-19T03:26:38.894Z INFO  worker::batch_maker] Batch +MJChb7VSsWJFkDRXhtSfX/qen9LOShNErN7Z+zP5XA= contains 204800 B
[2026-04-19T03:26:38.949Z INFO  worker::batch_maker] Batch 8OzqzYji1kQ/i72Mav+dpTKUy/ttDQAU088owDbDTmI= contains sample tx 2083
[2026-04-19T03:26:38.949Z INFO  worker::batch_maker] Batch 8OzqzYji1kQ/i72Mav+dpTKUy/ttDQAU088owDbDTmI= contains 204800 B
[2026-04-19T03:26:39.003Z INFO  worker::batch_maker] Batch Ee6X5dm5vyTSSg6W3Ecwe4/NKQ7M6xiajijRDxRB6c4= contains sample tx 2084
[2026-04-19T03:26:39.003Z INFO  worker::batch_maker] Batch Ee6X5dm5vyTSSg6W3Ecwe4/NKQ7M6xiajijRDxRB6c4= contains 204800 B
[2026-04-19T03:26:39.058Z INFO  worker::batch_maker] Batch YKpcfgTir6qELzqbENnjEa7FpcqBotFEmw+9eib/VUI= contains sample tx 2085
[2026-04-19T03:26:39.058Z INFO  worker::batch_maker] Batch YKpcfgTir6qELzqbENnjEa7FpcqBotFEmw+9eib/VUI= contains sample tx 2086
[2026-04-19T03:26:39.058Z INFO  worker::batch_maker] Batch YKpcfgTir6qELzqbENnjEa7FpcqBotFEmw+9eib/VUI= contains 384512 B
[2026-04-19T03:26:39.111Z INFO  worker::batch_maker] Batch mnAjOrnTBTdDrUqCtLT7XpQmIf4KLv0uTNP4wPEBlHg= contains sample tx 2087
[2026-04-19T03:26:39.111Z INFO  worker::batch_maker] Batch mnAjOrnTBTdDrUqCtLT7XpQmIf4KLv0uTNP4wPEBlHg= contains 229888 B
[2026-04-19T03:26:39.166Z INFO  worker::batch_maker] Batch DHikcrgmbnyPLXvaJm7TsLKxwhCMO5xnpfzrLdAJ0vg= contains sample tx 2088
[2026-04-19T03:26:39.166Z INFO  worker::batch_maker] Batch DHikcrgmbnyPLXvaJm7TsLKxwhCMO5xnpfzrLdAJ0vg= contains 204800 B
[2026-04-19T03:26:39.217Z INFO  worker::batch_maker] Batch TlEAHnM+NBGNwujmteELIFZJkL7Dcvz2Dw5E/LE5mso= contains sample tx 2089
[2026-04-19T03:26:39.217Z INFO  worker::batch_maker] Batch TlEAHnM+NBGNwujmteELIFZJkL7Dcvz2Dw5E/LE5mso= contains 204800 B
[2026-04-19T03:26:39.270Z INFO  worker::batch_maker] Batch 9YxyUksvKehqN2/K9DJzxZVTcGNAJOHUkONO4jOcwqE= contains sample tx 2090
[2026-04-19T03:26:39.270Z INFO  worker::batch_maker] Batch 9YxyUksvKehqN2/K9DJzxZVTcGNAJOHUkONO4jOcwqE= contains 204800 B
[2026-04-19T03:26:39.325Z INFO  worker::batch_maker] Batch mhrnWENozLCl7afaACt+crLdUu4AKFIN7uBW+EKqYYA= contains sample tx 2091
[2026-04-19T03:26:39.325Z INFO  worker::batch_maker] Batch mhrnWENozLCl7afaACt+crLdUu4AKFIN7uBW+EKqYYA= contains 204800 B
[2026-04-19T03:26:39.378Z INFO  worker::batch_maker] Batch hA5iDqYaKQENMWHpnfCRxX4HOwWw98Aph3dUWngWy5Y= contains sample tx 2092
[2026-04-19T03:26:39.378Z INFO  worker::batch_maker] Batch hA5iDqYaKQENMWHpnfCRxX4HOwWw98Aph3dUWngWy5Y= contains 204800 B
[2026-04-19T03:26:39.432Z INFO  worker::batch_maker] Batch 2FMyr4fDe9vR9sAypIiMbvqeRkQOMahOlAJ8oFW8DmI= contains sample tx 2093
[2026-04-19T03:26:39.432Z INFO  worker::batch_maker] Batch 2FMyr4fDe9vR9sAypIiMbvqeRkQOMahOlAJ8oFW8DmI= contains 204800 B
[2026-04-19T03:26:39.484Z INFO  worker::batch_maker] Batch szdxE+nyYptzIlqwYGHe+ecjloHZwjkm/SMPR7eyreU= contains sample tx 2094
[2026-04-19T03:26:39.484Z INFO  worker::batch_maker] Batch szdxE+nyYptzIlqwYGHe+ecjloHZwjkm/SMPR7eyreU= contains 204800 B
[2026-04-19T03:26:39.535Z INFO  worker::batch_maker] Batch 242EI5+Y7AYDrN4a3mkTewmPrijO49sZ9aRXH3RfErc= contains sample tx 2095
[2026-04-19T03:26:39.535Z INFO  worker::batch_maker] Batch 242EI5+Y7AYDrN4a3mkTewmPrijO49sZ9aRXH3RfErc= contains 204800 B
[2026-04-19T03:26:39.588Z INFO  worker::batch_maker] Batch Dgnesm8fRiVGyfOzCHgd6BnVlxT89L6Kc0bg0Zi4hrQ= contains sample tx 2096
[2026-04-19T03:26:39.588Z INFO  worker::batch_maker] Batch Dgnesm8fRiVGyfOzCHgd6BnVlxT89L6Kc0bg0Zi4hrQ= contains 204800 B
[2026-04-19T03:26:39.641Z INFO  worker::batch_maker] Batch DgeJtnmqdg0Qc5PLTR0XI1XB82yxeKxOjX8EXD8Ay+s= contains sample tx 2097
[2026-04-19T03:26:39.641Z INFO  worker::batch_maker] Batch DgeJtnmqdg0Qc5PLTR0XI1XB82yxeKxOjX8EXD8Ay+s= contains 204800 B
[2026-04-19T03:26:39.695Z INFO  worker::batch_maker] Batch VrUqTZ7O0hfYwxvnKxDL5Lm/wFDtooBVCqocSd7zlfI= contains sample tx 2098
[2026-04-19T03:26:39.695Z INFO  worker::batch_maker] Batch VrUqTZ7O0hfYwxvnKxDL5Lm/wFDtooBVCqocSd7zlfI= contains 204800 B
[2026-04-19T03:26:39.748Z INFO  worker::batch_maker] Batch xdyRmBXv1gdsiW7p7NJfpsDB9BGmZ3009WY1kTjxgdg= contains sample tx 2099
[2026-04-19T03:26:39.748Z INFO  worker::batch_maker] Batch xdyRmBXv1gdsiW7p7NJfpsDB9BGmZ3009WY1kTjxgdg= contains 204800 B
[2026-04-19T03:26:39.801Z INFO  worker::batch_maker] Batch xrhQBOUsxd7GnYfaAvZVlPbiJOOteG0TbV5x9gPvRpU= contains sample tx 2100
[2026-04-19T03:26:39.801Z INFO  worker::batch_maker] Batch xrhQBOUsxd7GnYfaAvZVlPbiJOOteG0TbV5x9gPvRpU= contains 204800 B
[2026-04-19T03:26:39.853Z INFO  worker::batch_maker] Batch 3InvTofQjB55OUs3tfZ9WaqeMl+hC3UrA+8rr9mUo/o= contains sample tx 2101
[2026-04-19T03:26:39.853Z INFO  worker::batch_maker] Batch 3InvTofQjB55OUs3tfZ9WaqeMl+hC3UrA+8rr9mUo/o= contains sample tx 2102
[2026-04-19T03:26:39.853Z INFO  worker::batch_maker] Batch 3InvTofQjB55OUs3tfZ9WaqeMl+hC3UrA+8rr9mUo/o= contains 381952 B
[2026-04-19T03:26:39.905Z INFO  worker::batch_maker] Batch y41pEx7GeoVeIPT3ttUpm8QNTOJjVCK0ZeRgM/alJ3M= contains sample tx 2103
[2026-04-19T03:26:39.905Z INFO  worker::batch_maker] Batch y41pEx7GeoVeIPT3ttUpm8QNTOJjVCK0ZeRgM/alJ3M= contains 232448 B
[2026-04-19T03:26:39.956Z INFO  worker::batch_maker] Batch 8DnE8x+wpLjTZ1U4ekbjDBfzum8STi7Qp3epOGhy0IU= contains sample tx 2104
[2026-04-19T03:26:39.956Z INFO  worker::batch_maker] Batch 8DnE8x+wpLjTZ1U4ekbjDBfzum8STi7Qp3epOGhy0IU= contains 70144 B
[2026-04-19T03:26:40.008Z INFO  worker::batch_maker] Batch P3ysI0QshrAJaEbjEhZb9NqfBpT0i07MYWhoHdCk5jI= contains sample tx 2105
[2026-04-19T03:26:40.008Z INFO  worker::batch_maker] Batch P3ysI0QshrAJaEbjEhZb9NqfBpT0i07MYWhoHdCk5jI= contains 339456 B
[2026-04-19T03:26:40.060Z INFO  worker::batch_maker] Batch IuRCCu5fCJzrJiNPhSLH7JcGTYygjBKA2VYkXDCTyo4= contains sample tx 2106
[2026-04-19T03:26:40.060Z INFO  worker::batch_maker] Batch IuRCCu5fCJzrJiNPhSLH7JcGTYygjBKA2VYkXDCTyo4= contains 204800 B
[2026-04-19T03:26:40.112Z INFO  worker::batch_maker] Batch xk4g7YZs1rtwza5TZ0RYpu6zOgxG3MoiAe/jFrqC+QU= contains sample tx 2107
[2026-04-19T03:26:40.112Z INFO  worker::batch_maker] Batch xk4g7YZs1rtwza5TZ0RYpu6zOgxG3MoiAe/jFrqC+QU= contains 204800 B
[2026-04-19T03:26:40.165Z INFO  worker::batch_maker] Batch NwQImHkTFmJcCpK9ted5RR4/ZJAcesL3HJ0YRaA+Pds= contains sample tx 2108
[2026-04-19T03:26:40.165Z INFO  worker::batch_maker] Batch NwQImHkTFmJcCpK9ted5RR4/ZJAcesL3HJ0YRaA+Pds= contains 204800 B
[2026-04-19T03:26:40.219Z INFO  worker::batch_maker] Batch yvzu9lNosXokOoQbbWwr7qZ7alh7OXF14AOi99vxEUo= contains sample tx 2109
[2026-04-19T03:26:40.219Z INFO  worker::batch_maker] Batch yvzu9lNosXokOoQbbWwr7qZ7alh7OXF14AOi99vxEUo= contains 204800 B
[2026-04-19T03:26:40.272Z INFO  worker::batch_maker] Batch 7fkklz8MFzhsPD9aHiSYaiJlo36MDtns9ZtGbYOdM5Y= contains sample tx 2110
[2026-04-19T03:26:40.272Z INFO  worker::batch_maker] Batch 7fkklz8MFzhsPD9aHiSYaiJlo36MDtns9ZtGbYOdM5Y= contains 204800 B
[2026-04-19T03:26:40.325Z INFO  worker::batch_maker] Batch yn1pKzMMol3roMAj6+i/yOhOHp93mXEzN3pdjOsMY3o= contains sample tx 2111
[2026-04-19T03:26:40.325Z INFO  worker::batch_maker] Batch yn1pKzMMol3roMAj6+i/yOhOHp93mXEzN3pdjOsMY3o= contains 204800 B
[2026-04-19T03:26:40.377Z INFO  worker::batch_maker] Batch Z6x10oRhvDmbzXT9NfiAulVdXa2haPnGCny1qC36ERI= contains sample tx 2112
[2026-04-19T03:26:40.377Z INFO  worker::batch_maker] Batch Z6x10oRhvDmbzXT9NfiAulVdXa2haPnGCny1qC36ERI= contains 204800 B
[2026-04-19T03:26:40.430Z INFO  worker::batch_maker] Batch 7MRZP8iq1TUTR65gpvm3oaHPxy1hHjpHd2fYWABPxkI= contains sample tx 2113
[2026-04-19T03:26:40.430Z INFO  worker::batch_maker] Batch 7MRZP8iq1TUTR65gpvm3oaHPxy1hHjpHd2fYWABPxkI= contains 204800 B
[2026-04-19T03:26:40.484Z INFO  worker::batch_maker] Batch ee081MOHUN6t2NqsAfzx0zaxP7mUCMas2aTq9ZC2TNs= contains sample tx 2114
[2026-04-19T03:26:40.484Z INFO  worker::batch_maker] Batch ee081MOHUN6t2NqsAfzx0zaxP7mUCMas2aTq9ZC2TNs= contains 204800 B
[2026-04-19T03:26:40.537Z INFO  worker::batch_maker] Batch Q1fxdLz1K46TljhJay4jOoeFjmDZPwP0zkja1vW14QQ= contains sample tx 2115
[2026-04-19T03:26:40.537Z INFO  worker::batch_maker] Batch Q1fxdLz1K46TljhJay4jOoeFjmDZPwP0zkja1vW14QQ= contains 204800 B
[2026-04-19T03:26:40.590Z INFO  worker::batch_maker] Batch rO/lAQ43HmD3peDoUm+RcZ2ENYBPE1Dt7j9dT4psx6g= contains sample tx 2116
[2026-04-19T03:26:40.590Z INFO  worker::batch_maker] Batch rO/lAQ43HmD3peDoUm+RcZ2ENYBPE1Dt7j9dT4psx6g= contains 204800 B
[2026-04-19T03:26:40.642Z INFO  worker::batch_maker] Batch 6AWREviwmLtvkaCl8H9CYBazkwaqB+dcj2eDgWIT6fA= contains sample tx 2117
[2026-04-19T03:26:40.642Z INFO  worker::batch_maker] Batch 6AWREviwmLtvkaCl8H9CYBazkwaqB+dcj2eDgWIT6fA= contains 204800 B
[2026-04-19T03:26:40.694Z INFO  worker::batch_maker] Batch VTs471xvobC1ldMI+aHyqnllq9IeWJntzhtoEWIvYwQ= contains sample tx 2118
[2026-04-19T03:26:40.694Z INFO  worker::batch_maker] Batch VTs471xvobC1ldMI+aHyqnllq9IeWJntzhtoEWIvYwQ= contains 204800 B
[2026-04-19T03:26:40.748Z INFO  worker::batch_maker] Batch yvmZVBwJOpwcNht87fGGXA+IaIocpOmrCckp3FXVZXU= contains sample tx 2119
[2026-04-19T03:26:40.748Z INFO  worker::batch_maker] Batch yvmZVBwJOpwcNht87fGGXA+IaIocpOmrCckp3FXVZXU= contains 204800 B
[2026-04-19T03:26:40.800Z INFO  worker::batch_maker] Batch JCHImn5BMUTsXQN60JZpVazfvdqPOKuR+XjrbS7VgzM= contains sample tx 2120
[2026-04-19T03:26:40.800Z INFO  worker::batch_maker] Batch JCHImn5BMUTsXQN60JZpVazfvdqPOKuR+XjrbS7VgzM= contains 204800 B
[2026-04-19T03:26:40.856Z INFO  worker::batch_maker] Batch 5SGPekhnuL44zqJf9WDbiDJCRzq7Wic89ZBLOalJTOs= contains sample tx 2121
[2026-04-19T03:26:40.856Z INFO  worker::batch_maker] Batch 5SGPekhnuL44zqJf9WDbiDJCRzq7Wic89ZBLOalJTOs= contains sample tx 2122
[2026-04-19T03:26:40.856Z INFO  worker::batch_maker] Batch 5SGPekhnuL44zqJf9WDbiDJCRzq7Wic89ZBLOalJTOs= contains 294912 B
[2026-04-19T03:26:40.910Z INFO  worker::batch_maker] Batch tTXZ5ii8aj1sD3DZ3eANtiQFKudpbFcgbRKnCtyEGL8= contains sample tx 2123
[2026-04-19T03:26:40.910Z INFO  worker::batch_maker] Batch tTXZ5ii8aj1sD3DZ3eANtiQFKudpbFcgbRKnCtyEGL8= contains 319488 B
[2026-04-19T03:26:40.962Z INFO  worker::batch_maker] Batch 8Q8Dkr2hUOy0gkvEXyKyd65jv85beSpiYHOoCxUjKKI= contains sample tx 2124
[2026-04-19T03:26:40.962Z INFO  worker::batch_maker] Batch 8Q8Dkr2hUOy0gkvEXyKyd65jv85beSpiYHOoCxUjKKI= contains 204800 B
[2026-04-19T03:26:41.014Z INFO  worker::batch_maker] Batch /3KvBHRahCPvN81sCwUXBGXQuKZWlZIHGb+MqQDnp2Y= contains 64000 B
[2026-04-19T03:26:41.105Z INFO  worker::batch_maker] Batch DavMWPIoLNjW94WGszviOXH86Z70zZqHjUg9VnT2W0s= contains sample tx 2125
[2026-04-19T03:26:41.105Z INFO  worker::batch_maker] Batch DavMWPIoLNjW94WGszviOXH86Z70zZqHjUg9VnT2W0s= contains sample tx 2126
[2026-04-19T03:26:41.105Z INFO  worker::batch_maker] Batch DavMWPIoLNjW94WGszviOXH86Z70zZqHjUg9VnT2W0s= contains sample tx 2127
[2026-04-19T03:26:41.105Z INFO  worker::batch_maker] Batch DavMWPIoLNjW94WGszviOXH86Z70zZqHjUg9VnT2W0s= contains 500224 B
[2026-04-19T03:26:41.159Z INFO  worker::batch_maker] Batch gJQUhM6b6hvoMgJzyoYXuV/zkbYdEO0eXg0SHY3yssc= contains sample tx 2128
[2026-04-19T03:26:41.159Z INFO  worker::batch_maker] Batch gJQUhM6b6hvoMgJzyoYXuV/zkbYdEO0eXg0SHY3yssc= contains 254976 B
[2026-04-19T03:26:41.212Z INFO  worker::batch_maker] Batch v7arEC9RYzY9sWnefY4PfdVSs9jmw0Jq+8ZFgx7UM0s= contains sample tx 2129
[2026-04-19T03:26:41.248Z INFO  worker::batch_maker] Batch v7arEC9RYzY9sWnefY4PfdVSs9jmw0Jq+8ZFgx7UM0s= contains 204800 B
[2026-04-19T03:26:41.300Z INFO  worker::batch_maker] Batch DVykPihw7Q5DSTFFV+J4RFfVTH9v4zDvHqR4ZMEyh9E= contains sample tx 2130
[2026-04-19T03:26:41.300Z INFO  worker::batch_maker] Batch DVykPihw7Q5DSTFFV+J4RFfVTH9v4zDvHqR4ZMEyh9E= contains 204800 B
[2026-04-19T03:26:41.353Z INFO  worker::batch_maker] Batch 1g8LaKtFFUFay5lIFuiVD6JpTvpbi4faUEMOONMO+s0= contains sample tx 2131
[2026-04-19T03:26:41.353Z INFO  worker::batch_maker] Batch 1g8LaKtFFUFay5lIFuiVD6JpTvpbi4faUEMOONMO+s0= contains sample tx 2132
[2026-04-19T03:26:41.353Z INFO  worker::batch_maker] Batch 1g8LaKtFFUFay5lIFuiVD6JpTvpbi4faUEMOONMO+s0= contains 397824 B
[2026-04-19T03:26:41.406Z INFO  worker::batch_maker] Batch klrprVxiWZThvicUyeJgkqrzssGUD2WrWfEEEOj9Bq0= contains sample tx 2133
[2026-04-19T03:26:41.406Z INFO  worker::batch_maker] Batch klrprVxiWZThvicUyeJgkqrzssGUD2WrWfEEEOj9Bq0= contains 216576 B
[2026-04-19T03:26:41.458Z INFO  worker::batch_maker] Batch awPGGd46wyL9CE8uNvxVDmmN7f3BFg1vWgbdTOsTdtM= contains sample tx 2134
[2026-04-19T03:26:41.458Z INFO  worker::batch_maker] Batch awPGGd46wyL9CE8uNvxVDmmN7f3BFg1vWgbdTOsTdtM= contains 204800 B
[2026-04-19T03:26:41.511Z INFO  worker::batch_maker] Batch 143mtgxfwzgsypEVS2kyA6RsOUe6ZgGPnuOj8G9sJ0o= contains sample tx 2135
[2026-04-19T03:26:41.511Z INFO  worker::batch_maker] Batch 143mtgxfwzgsypEVS2kyA6RsOUe6ZgGPnuOj8G9sJ0o= contains 204800 B
[2026-04-19T03:26:41.563Z INFO  worker::batch_maker] Batch hcFVhxMFoT/VAnHVOZmdwlcuJMw1QiSNKXwZt8Q7cJk= contains sample tx 2136
[2026-04-19T03:26:41.563Z INFO  worker::batch_maker] Batch hcFVhxMFoT/VAnHVOZmdwlcuJMw1QiSNKXwZt8Q7cJk= contains 204800 B
[2026-04-19T03:26:41.614Z INFO  worker::batch_maker] Batch vMYWYulc9pGP7+cKyaJ/YZ6rmbdl+fijESbR+QgJPew= contains sample tx 2137
[2026-04-19T03:26:41.614Z INFO  worker::batch_maker] Batch vMYWYulc9pGP7+cKyaJ/YZ6rmbdl+fijESbR+QgJPew= contains 204800 B
[2026-04-19T03:26:41.666Z INFO  worker::batch_maker] Batch H1mekXFJaRQWASUyfx37NnEjm0FUYsbvYsu2tudPe7k= contains sample tx 2138
[2026-04-19T03:26:41.666Z INFO  worker::batch_maker] Batch H1mekXFJaRQWASUyfx37NnEjm0FUYsbvYsu2tudPe7k= contains 204800 B
[2026-04-19T03:26:41.718Z INFO  worker::batch_maker] Batch 0LkMM3ykGXSHS0rDhF+fgEEZ0G9pWDywoU331OX61pw= contains sample tx 2139
[2026-04-19T03:26:41.718Z INFO  worker::batch_maker] Batch 0LkMM3ykGXSHS0rDhF+fgEEZ0G9pWDywoU331OX61pw= contains 204800 B
[2026-04-19T03:26:41.771Z INFO  worker::batch_maker] Batch 73jmN/NzVFzdXGp7qi5T2oRF9xG/5m/UvgaZJvWdadw= contains sample tx 2140
[2026-04-19T03:26:41.771Z INFO  worker::batch_maker] Batch 73jmN/NzVFzdXGp7qi5T2oRF9xG/5m/UvgaZJvWdadw= contains 204800 B
[2026-04-19T03:26:41.824Z INFO  worker::batch_maker] Batch 3Yi3MzIWLiTW4bXICkd18vLowquBRIWNCT8QXX39onU= contains sample tx 2141
[2026-04-19T03:26:41.824Z INFO  worker::batch_maker] Batch 3Yi3MzIWLiTW4bXICkd18vLowquBRIWNCT8QXX39onU= contains 204800 B
[2026-04-19T03:26:41.877Z INFO  worker::batch_maker] Batch chuZA2gWgwVSfLlz3CxXmo4JvMum5VQTe/X1jcs4e8M= contains sample tx 2142
[2026-04-19T03:26:41.877Z INFO  worker::batch_maker] Batch chuZA2gWgwVSfLlz3CxXmo4JvMum5VQTe/X1jcs4e8M= contains 204800 B
[2026-04-19T03:26:41.931Z INFO  worker::batch_maker] Batch bE+NWw6EX0U9dp1AxgfiHDruWzRJOpDY7ySiIg9oa4M= contains sample tx 2143
[2026-04-19T03:26:41.931Z INFO  worker::batch_maker] Batch bE+NWw6EX0U9dp1AxgfiHDruWzRJOpDY7ySiIg9oa4M= contains 204800 B
[2026-04-19T03:26:41.985Z INFO  worker::batch_maker] Batch JT2VSoQMQ6zxwPT0FJMwdQZErckHoWlrdPieu9FTc1o= contains sample tx 2144
[2026-04-19T03:26:41.985Z INFO  worker::batch_maker] Batch JT2VSoQMQ6zxwPT0FJMwdQZErckHoWlrdPieu9FTc1o= contains 204800 B
[2026-04-19T03:26:42.037Z INFO  worker::batch_maker] Batch zyDbc+mpUdD+uWqhW4xK08yGAgmI0fX4iFiXnMNvFq0= contains sample tx 2145
[2026-04-19T03:26:42.037Z INFO  worker::batch_maker] Batch zyDbc+mpUdD+uWqhW4xK08yGAgmI0fX4iFiXnMNvFq0= contains 204800 B
[2026-04-19T03:26:42.089Z INFO  worker::batch_maker] Batch gOdfnbulPqqqQ329o+uML6L4PRlTyTye2Wrmag+y/Nc= contains sample tx 2146
[2026-04-19T03:26:42.089Z INFO  worker::batch_maker] Batch gOdfnbulPqqqQ329o+uML6L4PRlTyTye2Wrmag+y/Nc= contains 204800 B
[2026-04-19T03:26:42.141Z INFO  worker::batch_maker] Batch DzahtiwvMOvelpRni9SCtAs+Yt2fOcQKLpuTAyapRqQ= contains sample tx 2147
[2026-04-19T03:26:42.141Z INFO  worker::batch_maker] Batch DzahtiwvMOvelpRni9SCtAs+Yt2fOcQKLpuTAyapRqQ= contains 204800 B
[2026-04-19T03:26:42.194Z INFO  worker::batch_maker] Batch DY7boJlyFhTy2diYEBmw1rcPJFvCR/+t/rYEZZtkiH4= contains sample tx 2148
[2026-04-19T03:26:42.194Z INFO  worker::batch_maker] Batch DY7boJlyFhTy2diYEBmw1rcPJFvCR/+t/rYEZZtkiH4= contains 204800 B
[2026-04-19T03:26:42.247Z INFO  worker::batch_maker] Batch K7qxHTSZPtnG6wLWbR+fJUnzRS3aDd7upSATDoa1AaE= contains sample tx 2149
[2026-04-19T03:26:42.247Z INFO  worker::batch_maker] Batch K7qxHTSZPtnG6wLWbR+fJUnzRS3aDd7upSATDoa1AaE= contains 204800 B
[2026-04-19T03:26:42.301Z INFO  worker::batch_maker] Batch FCoCjGWtPSpBJLD/8JZwSU8JfatNYSx0IH59htdq8Fg= contains sample tx 2150
[2026-04-19T03:26:42.301Z INFO  worker::batch_maker] Batch FCoCjGWtPSpBJLD/8JZwSU8JfatNYSx0IH59htdq8Fg= contains 204800 B
[2026-04-19T03:26:42.354Z INFO  worker::batch_maker] Batch AM55s5Q4FxQteIh5mHoWm1gQAf7X2GrNG489QKRg4hE= contains sample tx 2151
[2026-04-19T03:26:42.354Z INFO  worker::batch_maker] Batch AM55s5Q4FxQteIh5mHoWm1gQAf7X2GrNG489QKRg4hE= contains 282624 B
[2026-04-19T03:26:42.409Z INFO  worker::batch_maker] Batch W19XsunS3QkHOX7nXPcdZvlbHz2yUtVuqatHRmgQUXs= contains sample tx 2152
[2026-04-19T03:26:42.409Z INFO  worker::batch_maker] Batch W19XsunS3QkHOX7nXPcdZvlbHz2yUtVuqatHRmgQUXs= contains sample tx 2153
[2026-04-19T03:26:42.409Z INFO  worker::batch_maker] Batch W19XsunS3QkHOX7nXPcdZvlbHz2yUtVuqatHRmgQUXs= contains 331776 B
[2026-04-19T03:26:42.463Z INFO  worker::batch_maker] Batch zXMdLzl3hE+Mkbnj2C/j5mDXEQ3pbdnYnDbTLNSOsvI= contains sample tx 2154
[2026-04-19T03:26:42.463Z INFO  worker::batch_maker] Batch zXMdLzl3hE+Mkbnj2C/j5mDXEQ3pbdnYnDbTLNSOsvI= contains 204800 B
[2026-04-19T03:26:42.517Z INFO  worker::batch_maker] Batch kZwL4bd+A2BXdhP5MMhAm5TnMxhPxBjVsZRD6MLbsiw= contains sample tx 2155
[2026-04-19T03:26:42.517Z INFO  worker::batch_maker] Batch kZwL4bd+A2BXdhP5MMhAm5TnMxhPxBjVsZRD6MLbsiw= contains 204800 B
[2026-04-19T03:26:42.569Z INFO  worker::batch_maker] Batch M63adeg596NzFD5cIVPxy8CcR+rRyxtWhLA8LdtWZhs= contains sample tx 2156
[2026-04-19T03:26:42.569Z INFO  worker::batch_maker] Batch M63adeg596NzFD5cIVPxy8CcR+rRyxtWhLA8LdtWZhs= contains 204800 B
[2026-04-19T03:26:42.621Z INFO  worker::batch_maker] Batch IqXXOwmynBEFkZ8P8QJhGdWjJ5WewtFaL7cgZxBGLXU= contains sample tx 2157
[2026-04-19T03:26:42.621Z INFO  worker::batch_maker] Batch IqXXOwmynBEFkZ8P8QJhGdWjJ5WewtFaL7cgZxBGLXU= contains 204800 B
[2026-04-19T03:26:42.674Z INFO  worker::batch_maker] Batch j4wRHk7HaAwVyUB+PL2MajdsPWOCo+jzibqldmL+Lko= contains sample tx 2158
[2026-04-19T03:26:42.674Z INFO  worker::batch_maker] Batch j4wRHk7HaAwVyUB+PL2MajdsPWOCo+jzibqldmL+Lko= contains 204800 B
[2026-04-19T03:26:42.726Z INFO  worker::batch_maker] Batch glAZ2U9/I5eQWuloIfod1JwG7b1Z+kxdxYMR45qpFmA= contains sample tx 2159
[2026-04-19T03:26:42.726Z INFO  worker::batch_maker] Batch glAZ2U9/I5eQWuloIfod1JwG7b1Z+kxdxYMR45qpFmA= contains 204800 B
[2026-04-19T03:26:42.778Z INFO  worker::batch_maker] Batch W1sS64LGeF14hRBxevFni2UZILT1FUE3H9DyZ47qfFk= contains sample tx 2160
[2026-04-19T03:26:42.778Z INFO  worker::batch_maker] Batch W1sS64LGeF14hRBxevFni2UZILT1FUE3H9DyZ47qfFk= contains 204800 B
[2026-04-19T03:26:42.832Z INFO  worker::batch_maker] Batch K1T2j50Sx66av6DYzSw4NVfd9tCr6CZVTKTgoXLUXX8= contains sample tx 2161
[2026-04-19T03:26:42.832Z INFO  worker::batch_maker] Batch K1T2j50Sx66av6DYzSw4NVfd9tCr6CZVTKTgoXLUXX8= contains 204800 B
[2026-04-19T03:26:42.886Z INFO  worker::batch_maker] Batch yVOpI9zZExnClJmpyoXkE3/cQNCxOz7qRpd1pMD1M8M= contains sample tx 2162
[2026-04-19T03:26:42.886Z INFO  worker::batch_maker] Batch yVOpI9zZExnClJmpyoXkE3/cQNCxOz7qRpd1pMD1M8M= contains 204800 B
[2026-04-19T03:26:42.939Z INFO  worker::batch_maker] Batch 1SHUvldgA26AwHmpzIvB+CjOa3WY2Kqy8mbDtremi+s= contains sample tx 2163
[2026-04-19T03:26:42.939Z INFO  worker::batch_maker] Batch 1SHUvldgA26AwHmpzIvB+CjOa3WY2Kqy8mbDtremi+s= contains 204800 B
[2026-04-19T03:26:42.993Z INFO  worker::batch_maker] Batch 3u69zSBsi7AyM8p29OzXTZ7qgFVVXsXANtBYG3/Q7fE= contains sample tx 2164
[2026-04-19T03:26:42.993Z INFO  worker::batch_maker] Batch 3u69zSBsi7AyM8p29OzXTZ7qgFVVXsXANtBYG3/Q7fE= contains 204800 B
[2026-04-19T03:26:43.047Z INFO  worker::batch_maker] Batch UjDPZTpQoB/qP2XjKXHDaXzOYIXRx0tFoICGh/RhdBE= contains sample tx 2165
[2026-04-19T03:26:43.047Z INFO  worker::batch_maker] Batch UjDPZTpQoB/qP2XjKXHDaXzOYIXRx0tFoICGh/RhdBE= contains 204800 B
[2026-04-19T03:26:43.101Z INFO  worker::batch_maker] Batch ZqZMJ1dQZxkXdK7UynCTvpGkPzrHvY3zYU3YiNAC7YQ= contains sample tx 2166
[2026-04-19T03:26:43.101Z INFO  worker::batch_maker] Batch ZqZMJ1dQZxkXdK7UynCTvpGkPzrHvY3zYU3YiNAC7YQ= contains 204800 B
[2026-04-19T03:26:43.156Z INFO  worker::batch_maker] Batch QduK3J+tOsZ+TkoRp0v2PyK98t5DbXR9tAQwUj7aDBY= contains sample tx 2167
[2026-04-19T03:26:43.156Z INFO  worker::batch_maker] Batch QduK3J+tOsZ+TkoRp0v2PyK98t5DbXR9tAQwUj7aDBY= contains sample tx 2168
[2026-04-19T03:26:43.156Z INFO  worker::batch_maker] Batch QduK3J+tOsZ+TkoRp0v2PyK98t5DbXR9tAQwUj7aDBY= contains 339456 B
[2026-04-19T03:26:43.209Z INFO  worker::batch_maker] Batch ASRZerMwp9Hy1CTHSnSnDHhBbzLYX+4s8qJFCysg+5Y= contains sample tx 2169
[2026-04-19T03:26:43.209Z INFO  worker::batch_maker] Batch ASRZerMwp9Hy1CTHSnSnDHhBbzLYX+4s8qJFCysg+5Y= contains 274944 B
[2026-04-19T03:26:43.261Z INFO  worker::batch_maker] Batch KCdIGh1Wdgr4uvY87q1I3Z2L9vbHc/IL9Xt0hpUBEmc= contains sample tx 2170
[2026-04-19T03:26:43.261Z INFO  worker::batch_maker] Batch KCdIGh1Wdgr4uvY87q1I3Z2L9vbHc/IL9Xt0hpUBEmc= contains 204800 B
[2026-04-19T03:26:43.313Z INFO  worker::batch_maker] Batch 7/fs+tYv4CWs6NA9MIgZVSDa8Fk/md6lBB6M4ljfpY8= contains sample tx 2171
[2026-04-19T03:26:43.313Z INFO  worker::batch_maker] Batch 7/fs+tYv4CWs6NA9MIgZVSDa8Fk/md6lBB6M4ljfpY8= contains 204800 B
[2026-04-19T03:26:43.364Z INFO  worker::batch_maker] Batch fS1oW9kUIB2lbtli1A9lRqbkhLEdQA8RvZ2jARU4ZBg= contains sample tx 2172
[2026-04-19T03:26:43.364Z INFO  worker::batch_maker] Batch fS1oW9kUIB2lbtli1A9lRqbkhLEdQA8RvZ2jARU4ZBg= contains 204800 B
[2026-04-19T03:26:43.416Z INFO  worker::batch_maker] Batch +7WG6qtPVnuKKZueBrk2FIE0CXCrZFL5J+Mh5q4tsIE= contains sample tx 2173
[2026-04-19T03:26:43.416Z INFO  worker::batch_maker] Batch +7WG6qtPVnuKKZueBrk2FIE0CXCrZFL5J+Mh5q4tsIE= contains 204800 B
[2026-04-19T03:26:43.468Z INFO  worker::batch_maker] Batch N2HtKWudLpwOiKrkRDygvV381y01r92fhTChobgrGYc= contains sample tx 2174
[2026-04-19T03:26:43.468Z INFO  worker::batch_maker] Batch N2HtKWudLpwOiKrkRDygvV381y01r92fhTChobgrGYc= contains 204800 B
[2026-04-19T03:26:43.520Z INFO  worker::batch_maker] Batch y8GwF0MEqm3AhisEyRRbmMSxRAkhELNzGVmOQKkzr/Q= contains sample tx 2175
[2026-04-19T03:26:43.520Z INFO  worker::batch_maker] Batch y8GwF0MEqm3AhisEyRRbmMSxRAkhELNzGVmOQKkzr/Q= contains 204800 B
[2026-04-19T03:26:43.573Z INFO  worker::batch_maker] Batch BLI0R0y7xQTUc2onBlro8vh1d3c9splO6tN/v+tF+Nc= contains sample tx 2176
[2026-04-19T03:26:43.573Z INFO  worker::batch_maker] Batch BLI0R0y7xQTUc2onBlro8vh1d3c9splO6tN/v+tF+Nc= contains 204800 B
[2026-04-19T03:26:43.626Z INFO  worker::batch_maker] Batch Sp4N1kQ/8dF4nbhjWcdpJPRf2q1x23sil4wynm9OB84= contains sample tx 2177
[2026-04-19T03:26:43.626Z INFO  worker::batch_maker] Batch Sp4N1kQ/8dF4nbhjWcdpJPRf2q1x23sil4wynm9OB84= contains 204800 B
[2026-04-19T03:26:43.680Z INFO  worker::batch_maker] Batch Kp4ecciV+G0c5PmePJb7T7uTBVNLmNxkdgkSOkUIaPY= contains sample tx 2178
[2026-04-19T03:26:43.680Z INFO  worker::batch_maker] Batch Kp4ecciV+G0c5PmePJb7T7uTBVNLmNxkdgkSOkUIaPY= contains 204800 B
[2026-04-19T03:26:43.734Z INFO  worker::batch_maker] Batch MXhtHEJPtn6dj/lwx+Og2eVnS0rpoeDEQ++rQbM4Oe4= contains sample tx 2179
[2026-04-19T03:26:43.734Z INFO  worker::batch_maker] Batch MXhtHEJPtn6dj/lwx+Og2eVnS0rpoeDEQ++rQbM4Oe4= contains 204800 B
[2026-04-19T03:26:43.786Z INFO  worker::batch_maker] Batch Ct6cOTbw8ZFO3/eNud8uT0F3gbBjcxiHoT3tFkpRi/k= contains sample tx 2180
[2026-04-19T03:26:43.786Z INFO  worker::batch_maker] Batch Ct6cOTbw8ZFO3/eNud8uT0F3gbBjcxiHoT3tFkpRi/k= contains 204800 B
[2026-04-19T03:26:43.838Z INFO  worker::batch_maker] Batch MsGmPxVzEoNNl4ifIAiK3fpE3TWPRZ0c+eT+BHWEXFs= contains sample tx 2181
[2026-04-19T03:26:43.838Z INFO  worker::batch_maker] Batch MsGmPxVzEoNNl4ifIAiK3fpE3TWPRZ0c+eT+BHWEXFs= contains 204800 B
[2026-04-19T03:26:43.890Z INFO  worker::batch_maker] Batch aiwSGN5z8uprCS/PuFLojEglOLFJX/vHBUoVqeptx2o= contains sample tx 2182
[2026-04-19T03:26:43.890Z INFO  worker::batch_maker] Batch aiwSGN5z8uprCS/PuFLojEglOLFJX/vHBUoVqeptx2o= contains 204800 B
[2026-04-19T03:26:43.942Z INFO  worker::batch_maker] Batch qp6uOZIfY4gi+VgjrzaCNUxmhoyHgH2deYBmduH1EUM= contains sample tx 2183
[2026-04-19T03:26:43.942Z INFO  worker::batch_maker] Batch qp6uOZIfY4gi+VgjrzaCNUxmhoyHgH2deYBmduH1EUM= contains 204800 B
[2026-04-19T03:26:43.996Z INFO  worker::batch_maker] Batch pJFTRBOeG5sn2QfYMlQLZ0TPvOUtgGeDttkrfva9u3E= contains sample tx 2184
[2026-04-19T03:26:43.996Z INFO  worker::batch_maker] Batch pJFTRBOeG5sn2QfYMlQLZ0TPvOUtgGeDttkrfva9u3E= contains 204800 B
[2026-04-19T03:26:44.047Z INFO  worker::batch_maker] Batch /6Aj7dCJ5J/alX6QuGbw1KPA716SN5p0aWo/BzZY07o= contains sample tx 2185
[2026-04-19T03:26:44.047Z INFO  worker::batch_maker] Batch /6Aj7dCJ5J/alX6QuGbw1KPA716SN5p0aWo/BzZY07o= contains 204800 B
[2026-04-19T03:26:44.100Z INFO  worker::batch_maker] Batch mcPM8+VNs0esG6Jb7t7+CDj5Zekis0HWfcSbosUMzu4= contains sample tx 2186
[2026-04-19T03:26:44.100Z INFO  worker::batch_maker] Batch mcPM8+VNs0esG6Jb7t7+CDj5Zekis0HWfcSbosUMzu4= contains 204800 B
[2026-04-19T03:26:44.151Z INFO  worker::batch_maker] Batch w6OY7eRxONzrAoGo3HzMke9cIWoCO3UvmUjo1KJvACg= contains sample tx 2187
[2026-04-19T03:26:44.151Z INFO  worker::batch_maker] Batch w6OY7eRxONzrAoGo3HzMke9cIWoCO3UvmUjo1KJvACg= contains 204800 B
[2026-04-19T03:26:44.204Z INFO  worker::batch_maker] Batch Di9NHYkuq/3HLG82n5FFbt5FItUipvf/oZf5q1dGdwk= contains sample tx 2188
[2026-04-19T03:26:44.204Z INFO  worker::batch_maker] Batch Di9NHYkuq/3HLG82n5FFbt5FItUipvf/oZf5q1dGdwk= contains sample tx 2189
[2026-04-19T03:26:44.204Z INFO  worker::batch_maker] Batch Di9NHYkuq/3HLG82n5FFbt5FItUipvf/oZf5q1dGdwk= contains 409600 B
[2026-04-19T03:26:44.256Z INFO  worker::batch_maker] Batch 1J8OO1q3b/Du2aeYUzBCNj0Roj3c2dEav86OWhGs55k= contains sample tx 2190
[2026-04-19T03:26:44.256Z INFO  worker::batch_maker] Batch 1J8OO1q3b/Du2aeYUzBCNj0Roj3c2dEav86OWhGs55k= contains 204800 B
[2026-04-19T03:26:44.309Z INFO  worker::batch_maker] Batch rSMexex09HW3SRc0WgIPPTgIzkHW+CDjBxtTc3Lra9k= contains sample tx 2191
[2026-04-19T03:26:44.309Z INFO  worker::batch_maker] Batch rSMexex09HW3SRc0WgIPPTgIzkHW+CDjBxtTc3Lra9k= contains 204800 B
[2026-04-19T03:26:44.361Z INFO  worker::batch_maker] Batch caCe9dB5heLbcTTDnz/l4EBFAcuDwBIcqjzArDbfgUE= contains sample tx 2192
[2026-04-19T03:26:44.361Z INFO  worker::batch_maker] Batch caCe9dB5heLbcTTDnz/l4EBFAcuDwBIcqjzArDbfgUE= contains 204800 B
[2026-04-19T03:26:44.414Z INFO  worker::batch_maker] Batch hRNACm0hg5gldcLapQ/PxrdtJH/UOjLrweeLNDnsEsE= contains sample tx 2193
[2026-04-19T03:26:44.415Z INFO  worker::batch_maker] Batch hRNACm0hg5gldcLapQ/PxrdtJH/UOjLrweeLNDnsEsE= contains 204800 B
[2026-04-19T03:26:44.468Z INFO  worker::batch_maker] Batch 0iA2VMaB2yK1BwfPvWdSMAcGIq79MB/sLnImVwJUMto= contains sample tx 2194
[2026-04-19T03:26:44.468Z INFO  worker::batch_maker] Batch 0iA2VMaB2yK1BwfPvWdSMAcGIq79MB/sLnImVwJUMto= contains 204800 B
[2026-04-19T03:26:44.522Z INFO  worker::batch_maker] Batch psGwaZ95jUCIIjvJNM13aYTvUdpqc2foengX+y+3FRA= contains sample tx 2195
[2026-04-19T03:26:44.522Z INFO  worker::batch_maker] Batch psGwaZ95jUCIIjvJNM13aYTvUdpqc2foengX+y+3FRA= contains 204800 B
[2026-04-19T03:26:44.576Z INFO  worker::batch_maker] Batch /yDQXLsGl7+lnJiLVWqx2+Zs2I+AA0cB2baK5uJ9suk= contains sample tx 2196
[2026-04-19T03:26:44.576Z INFO  worker::batch_maker] Batch /yDQXLsGl7+lnJiLVWqx2+Zs2I+AA0cB2baK5uJ9suk= contains 204800 B
[2026-04-19T03:26:44.628Z INFO  worker::batch_maker] Batch UZom/K+9tw0Z4hK1Rn19+FDuzVTK1wllraaOs80UnHM= contains sample tx 2197
[2026-04-19T03:26:44.628Z INFO  worker::batch_maker] Batch UZom/K+9tw0Z4hK1Rn19+FDuzVTK1wllraaOs80UnHM= contains 204800 B
[2026-04-19T03:26:44.682Z INFO  worker::batch_maker] Batch JWZyXqN1wsSBTPo8Ye8hn51vVio0/Fk0i4rLqi5htAs= contains sample tx 2198
[2026-04-19T03:26:44.682Z INFO  worker::batch_maker] Batch JWZyXqN1wsSBTPo8Ye8hn51vVio0/Fk0i4rLqi5htAs= contains 204800 B
[2026-04-19T03:26:44.735Z INFO  worker::batch_maker] Batch bixK53xbLd3xu/vLJPAaMhmEGwYZwmDHDHtSbQAjuXg= contains sample tx 2199
[2026-04-19T03:26:44.735Z INFO  worker::batch_maker] Batch bixK53xbLd3xu/vLJPAaMhmEGwYZwmDHDHtSbQAjuXg= contains 204800 B
[2026-04-19T03:26:44.788Z INFO  worker::batch_maker] Batch G7m+2VGjNlP7wwPjOXlEfoGwDX6k/2U/oQR6wjYBK/M= contains sample tx 2200
[2026-04-19T03:26:44.788Z INFO  worker::batch_maker] Batch G7m+2VGjNlP7wwPjOXlEfoGwDX6k/2U/oQR6wjYBK/M= contains 204800 B
[2026-04-19T03:26:44.841Z INFO  worker::batch_maker] Batch Gvub8gPOPQdx2ZpcCbKqJGWoXlKsM9RC14eMpCCARMk= contains sample tx 2201
[2026-04-19T03:26:44.841Z INFO  worker::batch_maker] Batch Gvub8gPOPQdx2ZpcCbKqJGWoXlKsM9RC14eMpCCARMk= contains 204800 B
[2026-04-19T03:26:44.892Z INFO  worker::batch_maker] Batch pFvop/9xpAJHoN2y7S3RUtoA5z555qI1lBvZ3xbOhpk= contains sample tx 2202
[2026-04-19T03:26:44.892Z INFO  worker::batch_maker] Batch pFvop/9xpAJHoN2y7S3RUtoA5z555qI1lBvZ3xbOhpk= contains 204800 B
[2026-04-19T03:26:44.944Z INFO  worker::batch_maker] Batch 9wb/y7/Sl9Ru0rv0uV6y/wjM/bDtLZFG2jdDTWMZxwQ= contains sample tx 2203
[2026-04-19T03:26:44.944Z INFO  worker::batch_maker] Batch 9wb/y7/Sl9Ru0rv0uV6y/wjM/bDtLZFG2jdDTWMZxwQ= contains 204800 B
[2026-04-19T03:26:44.997Z INFO  worker::batch_maker] Batch ++GKrob2vsLdlQOt/MLpbxmFNISwMDlXBqunoRm0x68= contains sample tx 2204
[2026-04-19T03:26:44.997Z INFO  worker::batch_maker] Batch ++GKrob2vsLdlQOt/MLpbxmFNISwMDlXBqunoRm0x68= contains 204800 B
[2026-04-19T03:26:45.050Z INFO  worker::batch_maker] Batch 5pk5fNmTi61YKCb+rO7//kCuRKR39DPe86c0URdcmc4= contains sample tx 2205
[2026-04-19T03:26:45.050Z INFO  worker::batch_maker] Batch 5pk5fNmTi61YKCb+rO7//kCuRKR39DPe86c0URdcmc4= contains 204800 B
[2026-04-19T03:26:45.103Z INFO  worker::batch_maker] Batch TQtGenWp+uFNIKVBirvnqGF0vzlTpJraVJS09lVblt0= contains sample tx 2206
[2026-04-19T03:26:45.103Z INFO  worker::batch_maker] Batch TQtGenWp+uFNIKVBirvnqGF0vzlTpJraVJS09lVblt0= contains 219136 B
[2026-04-19T03:26:45.157Z INFO  worker::batch_maker] Batch nvxZe2bcKC8QmzL0dePkgJv9EQweSMb8C3624SJIitQ= contains sample tx 2207
[2026-04-19T03:26:45.157Z INFO  worker::batch_maker] Batch nvxZe2bcKC8QmzL0dePkgJv9EQweSMb8C3624SJIitQ= contains sample tx 2208
[2026-04-19T03:26:45.157Z INFO  worker::batch_maker] Batch nvxZe2bcKC8QmzL0dePkgJv9EQweSMb8C3624SJIitQ= contains 395264 B
[2026-04-19T03:26:45.208Z INFO  worker::batch_maker] Batch a2BL7G5NfkiGwRwZNDRL9mwUaiX4f9y0NaY7DHa97/c= contains sample tx 2209
[2026-04-19T03:26:45.208Z INFO  worker::batch_maker] Batch a2BL7G5NfkiGwRwZNDRL9mwUaiX4f9y0NaY7DHa97/c= contains 204800 B
[2026-04-19T03:26:45.260Z INFO  worker::batch_maker] Batch NIzlZFsL6cGzTyDKYgLl6qBLchUQahacjASkU9OrrFE= contains sample tx 2210
[2026-04-19T03:26:45.260Z INFO  worker::batch_maker] Batch NIzlZFsL6cGzTyDKYgLl6qBLchUQahacjASkU9OrrFE= contains 204800 B
[2026-04-19T03:26:45.312Z INFO  worker::batch_maker] Batch M4Rj1XrohCMdPrtKq4aryQ2TisGgt7sCpGiaChszqDU= contains sample tx 2211
[2026-04-19T03:26:45.312Z INFO  worker::batch_maker] Batch M4Rj1XrohCMdPrtKq4aryQ2TisGgt7sCpGiaChszqDU= contains 204800 B
[2026-04-19T03:26:45.364Z INFO  worker::batch_maker] Batch q3WboI+DNWeVfTQL/doQOFzNzEF2wKoJYTHevMbYPn4= contains sample tx 2212
[2026-04-19T03:26:45.364Z INFO  worker::batch_maker] Batch q3WboI+DNWeVfTQL/doQOFzNzEF2wKoJYTHevMbYPn4= contains 204800 B
[2026-04-19T03:26:45.416Z INFO  worker::batch_maker] Batch xm/Sz3qNfJ2skfciu2vA+ffeLhMObXpAgFn3S9ufGaQ= contains sample tx 2213
[2026-04-19T03:26:45.416Z INFO  worker::batch_maker] Batch xm/Sz3qNfJ2skfciu2vA+ffeLhMObXpAgFn3S9ufGaQ= contains 204800 B
[2026-04-19T03:26:45.468Z INFO  worker::batch_maker] Batch 7xDpLPKNw9fe//D9Ms6yo/dyP9Mxu4OFzXG+Z8C4+1o= contains sample tx 2214
[2026-04-19T03:26:45.468Z INFO  worker::batch_maker] Batch 7xDpLPKNw9fe//D9Ms6yo/dyP9Mxu4OFzXG+Z8C4+1o= contains 204800 B
[2026-04-19T03:26:45.521Z INFO  worker::batch_maker] Batch JJGoABp1C3rd0rL/jag/DwJKLAjpowHFmZY18yZPhDU= contains sample tx 2215
[2026-04-19T03:26:45.521Z INFO  worker::batch_maker] Batch JJGoABp1C3rd0rL/jag/DwJKLAjpowHFmZY18yZPhDU= contains 204800 B
[2026-04-19T03:26:45.573Z INFO  worker::batch_maker] Batch SIlHQp2ZCvaD9LxFCde5FVee6x/ahi3KXy2Dq+1MZd4= contains sample tx 2216
[2026-04-19T03:26:45.573Z INFO  worker::batch_maker] Batch SIlHQp2ZCvaD9LxFCde5FVee6x/ahi3KXy2Dq+1MZd4= contains 204800 B
[2026-04-19T03:26:45.625Z INFO  worker::batch_maker] Batch gawZw7tYsMe5FKAxB9TqLV3HYstiUtDnwDH+MK6a7EY= contains sample tx 2217
[2026-04-19T03:26:45.625Z INFO  worker::batch_maker] Batch gawZw7tYsMe5FKAxB9TqLV3HYstiUtDnwDH+MK6a7EY= contains 204800 B
[2026-04-19T03:26:45.678Z INFO  worker::batch_maker] Batch 9pyoP6ELvwMbg0XBI7YmpJ4zeIksBDfhHx2d2tUDRaQ= contains sample tx 2218
[2026-04-19T03:26:45.678Z INFO  worker::batch_maker] Batch 9pyoP6ELvwMbg0XBI7YmpJ4zeIksBDfhHx2d2tUDRaQ= contains 204800 B
[2026-04-19T03:26:45.729Z INFO  worker::batch_maker] Batch XTVcbOXNoBJgtzpElydvZgKpAy4ddXGGlnh0GsyswCQ= contains sample tx 2219
[2026-04-19T03:26:45.729Z INFO  worker::batch_maker] Batch XTVcbOXNoBJgtzpElydvZgKpAy4ddXGGlnh0GsyswCQ= contains 204800 B
[2026-04-19T03:26:45.781Z INFO  worker::batch_maker] Batch eGcojjVuJy+1KhOVf8XxjrmIL7SMZMfrq3hawgYG17Y= contains sample tx 2220
[2026-04-19T03:26:45.781Z INFO  worker::batch_maker] Batch eGcojjVuJy+1KhOVf8XxjrmIL7SMZMfrq3hawgYG17Y= contains 204800 B
[2026-04-19T03:26:45.833Z INFO  worker::batch_maker] Batch UteV7gxhldpJk4JWsdbmTPEOhGXwqzbeDPeiJFyZjgg= contains sample tx 2221
[2026-04-19T03:26:45.833Z INFO  worker::batch_maker] Batch UteV7gxhldpJk4JWsdbmTPEOhGXwqzbeDPeiJFyZjgg= contains 204800 B
[2026-04-19T03:26:45.885Z INFO  worker::batch_maker] Batch HHN1cCTknkphxUBcLZA6KHclUu8YspjGAjyKmUbIYIs= contains sample tx 2222
[2026-04-19T03:26:45.885Z INFO  worker::batch_maker] Batch HHN1cCTknkphxUBcLZA6KHclUu8YspjGAjyKmUbIYIs= contains 204800 B
[2026-04-19T03:26:45.938Z INFO  worker::batch_maker] Batch puCaURAMUtlS5JlI44ZWnvw4XoU1MPUMt0kjTBPX6Xg= contains sample tx 2223
[2026-04-19T03:26:45.938Z INFO  worker::batch_maker] Batch puCaURAMUtlS5JlI44ZWnvw4XoU1MPUMt0kjTBPX6Xg= contains 204800 B
[2026-04-19T03:26:45.989Z INFO  worker::batch_maker] Batch 267Mk4y1VI3CqL7nfV4SUik3eJ/S2eNX8JRyoeJrpgE= contains sample tx 2224
[2026-04-19T03:26:45.989Z INFO  worker::batch_maker] Batch 267Mk4y1VI3CqL7nfV4SUik3eJ/S2eNX8JRyoeJrpgE= contains 204800 B
[2026-04-19T03:26:46.043Z INFO  worker::batch_maker] Batch dh3O4AIO2Yx/M9X9u192SgRaC0SVrGRQKxz+9a4Pls0= contains sample tx 2225
[2026-04-19T03:26:46.043Z INFO  worker::batch_maker] Batch dh3O4AIO2Yx/M9X9u192SgRaC0SVrGRQKxz+9a4Pls0= contains 204800 B
[2026-04-19T03:26:46.096Z INFO  worker::batch_maker] Batch mhmAcYBTAOsSoB45uDi+Tmn53gtZUZ5ETbA5bHMOXTw= contains sample tx 2226
[2026-04-19T03:26:46.096Z INFO  worker::batch_maker] Batch mhmAcYBTAOsSoB45uDi+Tmn53gtZUZ5ETbA5bHMOXTw= contains 204800 B
[2026-04-19T03:26:46.151Z INFO  worker::batch_maker] Batch Mxd3pZwpCvTd/0VrCGpKAIi2uMc3VEunYPaBnww16aE= contains sample tx 2227
[2026-04-19T03:26:46.151Z INFO  worker::batch_maker] Batch Mxd3pZwpCvTd/0VrCGpKAIi2uMc3VEunYPaBnww16aE= contains 204800 B
[2026-04-19T03:26:46.206Z INFO  worker::batch_maker] Batch xRJW7HttXgt1QGuqdgWoRuFHtgxvfUHwN7NKLarqYHg= contains sample tx 2228
[2026-04-19T03:26:46.206Z INFO  worker::batch_maker] Batch xRJW7HttXgt1QGuqdgWoRuFHtgxvfUHwN7NKLarqYHg= contains 285184 B
[2026-04-19T03:26:46.262Z INFO  worker::batch_maker] Batch 1fdOvgruEQ0GG3zmF17E419mBcg/zSqsRNmu1OFYK5E= contains sample tx 2229
[2026-04-19T03:26:46.262Z INFO  worker::batch_maker] Batch 1fdOvgruEQ0GG3zmF17E419mBcg/zSqsRNmu1OFYK5E= contains sample tx 2230
[2026-04-19T03:26:46.262Z INFO  worker::batch_maker] Batch 1fdOvgruEQ0GG3zmF17E419mBcg/zSqsRNmu1OFYK5E= contains 329216 B
[2026-04-19T03:26:46.314Z INFO  worker::batch_maker] Batch r76q5WJQPVkWyu+71pSFBfeqRu8RHIvkQngznXtNddY= contains sample tx 2231
[2026-04-19T03:26:46.315Z INFO  worker::batch_maker] Batch r76q5WJQPVkWyu+71pSFBfeqRu8RHIvkQngznXtNddY= contains 204800 B
[2026-04-19T03:26:46.367Z INFO  worker::batch_maker] Batch fvin506a+O1SD48AZS7j6MXRGii+3eWq6pn3O8ldb2s= contains sample tx 2232
[2026-04-19T03:26:46.367Z INFO  worker::batch_maker] Batch fvin506a+O1SD48AZS7j6MXRGii+3eWq6pn3O8ldb2s= contains 204800 B
[2026-04-19T03:26:46.421Z INFO  worker::batch_maker] Batch KlQr9S6Aei7Gw5IKEvm+IOyjqponmgb9Vg9GefZntKc= contains sample tx 2233
[2026-04-19T03:26:46.421Z INFO  worker::batch_maker] Batch KlQr9S6Aei7Gw5IKEvm+IOyjqponmgb9Vg9GefZntKc= contains 204800 B
[2026-04-19T03:26:46.475Z INFO  worker::batch_maker] Batch Pqz3ot76Gig6sm+7hOecqF3ckoWusqF9Vw4YcqHhFME= contains sample tx 2234
[2026-04-19T03:26:46.475Z INFO  worker::batch_maker] Batch Pqz3ot76Gig6sm+7hOecqF3ckoWusqF9Vw4YcqHhFME= contains 204800 B
[2026-04-19T03:26:46.526Z INFO  worker::batch_maker] Batch +IPn6HknCU90YfB/sEeQq0USAypqSe0OCmSfYAA1Kw4= contains sample tx 2235
[2026-04-19T03:26:46.526Z INFO  worker::batch_maker] Batch +IPn6HknCU90YfB/sEeQq0USAypqSe0OCmSfYAA1Kw4= contains 204800 B
[2026-04-19T03:26:46.579Z INFO  worker::batch_maker] Batch L3LMKakgx3aPSDW8SEuScn2dRZKj22Jgv+GnkVreU1o= contains sample tx 2236
[2026-04-19T03:26:46.579Z INFO  worker::batch_maker] Batch L3LMKakgx3aPSDW8SEuScn2dRZKj22Jgv+GnkVreU1o= contains 204800 B
[2026-04-19T03:26:46.632Z INFO  worker::batch_maker] Batch vuQmDjTfoW27rP/7LcLYjPmXqluNkXc9Haz63rMp/70= contains sample tx 2237
[2026-04-19T03:26:46.632Z INFO  worker::batch_maker] Batch vuQmDjTfoW27rP/7LcLYjPmXqluNkXc9Haz63rMp/70= contains 204800 B
[2026-04-19T03:26:46.684Z INFO  worker::batch_maker] Batch Ot/13CmsJWpU/dq8RWDlHS3s77suluRWJMQYkrzFtPk= contains sample tx 2238
[2026-04-19T03:26:46.684Z INFO  worker::batch_maker] Batch Ot/13CmsJWpU/dq8RWDlHS3s77suluRWJMQYkrzFtPk= contains 204800 B
[2026-04-19T03:26:46.736Z INFO  worker::batch_maker] Batch J6FRSdSgxfGt6Inh+kXVcn0nqnTmXvSEgBm+wcZyAMo= contains sample tx 2239
[2026-04-19T03:26:46.736Z INFO  worker::batch_maker] Batch J6FRSdSgxfGt6Inh+kXVcn0nqnTmXvSEgBm+wcZyAMo= contains 204800 B
[2026-04-19T03:26:46.788Z INFO  worker::batch_maker] Batch YAO9LVP30jxGNZVuQFeEU7S4CVITAvDuY+bkH0tdTwY= contains sample tx 2240
[2026-04-19T03:26:46.788Z INFO  worker::batch_maker] Batch YAO9LVP30jxGNZVuQFeEU7S4CVITAvDuY+bkH0tdTwY= contains 204800 B
[2026-04-19T03:26:46.840Z INFO  worker::batch_maker] Batch VUa0Mrd2QFsJsLBuhkKO/ev2w5D/9RsB0tkxF6AT+0I= contains sample tx 2241
[2026-04-19T03:26:46.840Z INFO  worker::batch_maker] Batch VUa0Mrd2QFsJsLBuhkKO/ev2w5D/9RsB0tkxF6AT+0I= contains 204800 B
[2026-04-19T03:26:46.893Z INFO  worker::batch_maker] Batch 0r0OGdnud+x3ZJNtHQi402i4bZGl1VWhU03Sl7DSu/0= contains sample tx 2242
[2026-04-19T03:26:46.893Z INFO  worker::batch_maker] Batch 0r0OGdnud+x3ZJNtHQi402i4bZGl1VWhU03Sl7DSu/0= contains 204800 B
[2026-04-19T03:26:46.946Z INFO  worker::batch_maker] Batch APCQCsIqV6QgPIgqu/Y9GWesq7IVrtmrXblDU5qf1tQ= contains sample tx 2243
[2026-04-19T03:26:46.946Z INFO  worker::batch_maker] Batch APCQCsIqV6QgPIgqu/Y9GWesq7IVrtmrXblDU5qf1tQ= contains 204800 B
[2026-04-19T03:26:47.000Z INFO  worker::batch_maker] Batch AHizHxgj7MTXoAqISv8B5LdSu5I5wdVPaQaUl3gA7MU= contains sample tx 2244
[2026-04-19T03:26:47.000Z INFO  worker::batch_maker] Batch AHizHxgj7MTXoAqISv8B5LdSu5I5wdVPaQaUl3gA7MU= contains 204800 B
[2026-04-19T03:26:47.051Z INFO  worker::batch_maker] Batch uHht2W+LTSycr7kC8O3Ywrl09+Cqdl6zOT08/HjYLY4= contains sample tx 2245
[2026-04-19T03:26:47.051Z INFO  worker::batch_maker] Batch uHht2W+LTSycr7kC8O3Ywrl09+Cqdl6zOT08/HjYLY4= contains 204800 B
[2026-04-19T03:26:47.105Z INFO  worker::batch_maker] Batch Rl0zAmNIeF6Hvn6PjBkKyKcEnUnWc/GeAcNImTKi7kc= contains sample tx 2246
[2026-04-19T03:26:47.105Z INFO  worker::batch_maker] Batch Rl0zAmNIeF6Hvn6PjBkKyKcEnUnWc/GeAcNImTKi7kc= contains sample tx 2247
[2026-04-19T03:26:47.105Z INFO  worker::batch_maker] Batch Rl0zAmNIeF6Hvn6PjBkKyKcEnUnWc/GeAcNImTKi7kc= contains 365568 B
[2026-04-19T03:26:47.159Z INFO  worker::batch_maker] Batch XyVHslBzQf/XhkYvL6pxj3RUoh2U0vqOvP+EK+8q/54= contains sample tx 2248
[2026-04-19T03:26:47.159Z INFO  worker::batch_maker] Batch XyVHslBzQf/XhkYvL6pxj3RUoh2U0vqOvP+EK+8q/54= contains 248832 B
[2026-04-19T03:26:47.216Z INFO  worker::batch_maker] Batch f7xh71HXzaN8HLJpgfMFssbdcoT3dZNXQsEYMg+j0yE= contains sample tx 2249
[2026-04-19T03:26:47.216Z INFO  worker::batch_maker] Batch f7xh71HXzaN8HLJpgfMFssbdcoT3dZNXQsEYMg+j0yE= contains 204800 B
[2026-04-19T03:26:47.268Z INFO  worker::batch_maker] Batch O+lvSnY1b6cLPCb+yrAy+ZjFAtb9Zl/kYR68NStrzZ8= contains sample tx 2250
[2026-04-19T03:26:47.268Z INFO  worker::batch_maker] Batch O+lvSnY1b6cLPCb+yrAy+ZjFAtb9Zl/kYR68NStrzZ8= contains 204800 B
[2026-04-19T03:26:47.320Z INFO  worker::batch_maker] Batch xMgHeQLdZhCrL2T3BtbT2TANeLqlC3FXGy2KCcHq6qE= contains sample tx 2251
[2026-04-19T03:26:47.320Z INFO  worker::batch_maker] Batch xMgHeQLdZhCrL2T3BtbT2TANeLqlC3FXGy2KCcHq6qE= contains 204800 B
[2026-04-19T03:26:47.372Z INFO  worker::batch_maker] Batch siZyZgC66o9c6pcamaRCkkFHmhsxsvwr5m81/+rcPyE= contains sample tx 2252
[2026-04-19T03:26:47.372Z INFO  worker::batch_maker] Batch siZyZgC66o9c6pcamaRCkkFHmhsxsvwr5m81/+rcPyE= contains 204800 B
[2026-04-19T03:26:47.424Z INFO  worker::batch_maker] Batch WUXcgYhQ9OHw8DYpPk7VeExTQcx1X0n5fvjBJ5EHymc= contains sample tx 2253
[2026-04-19T03:26:47.424Z INFO  worker::batch_maker] Batch WUXcgYhQ9OHw8DYpPk7VeExTQcx1X0n5fvjBJ5EHymc= contains 204800 B
[2026-04-19T03:26:47.477Z INFO  worker::batch_maker] Batch wNdXSiwZRi7XR13P+vM4Mp5P28Ior3lgvin/W5bgre4= contains sample tx 2254
[2026-04-19T03:26:47.477Z INFO  worker::batch_maker] Batch wNdXSiwZRi7XR13P+vM4Mp5P28Ior3lgvin/W5bgre4= contains 204800 B
[2026-04-19T03:26:47.530Z INFO  worker::batch_maker] Batch jAgs0VSgEtjCEm0M5Bcy1OBHMUR7DdpcgadnWbOhFBI= contains sample tx 2255
[2026-04-19T03:26:47.530Z INFO  worker::batch_maker] Batch jAgs0VSgEtjCEm0M5Bcy1OBHMUR7DdpcgadnWbOhFBI= contains 204800 B
[2026-04-19T03:26:47.583Z INFO  worker::batch_maker] Batch JzE/Sd+InsckYWFeUladx11fT5b/wc3JhKJ7RGRRDUk= contains sample tx 2256
[2026-04-19T03:26:47.583Z INFO  worker::batch_maker] Batch JzE/Sd+InsckYWFeUladx11fT5b/wc3JhKJ7RGRRDUk= contains 204800 B
[2026-04-19T03:26:47.636Z INFO  worker::batch_maker] Batch eQuXkhp6DHVw3k3l1tcupNl9HHgFfvfV3db2se9Yil4= contains sample tx 2257
[2026-04-19T03:26:47.636Z INFO  worker::batch_maker] Batch eQuXkhp6DHVw3k3l1tcupNl9HHgFfvfV3db2se9Yil4= contains 204800 B
[2026-04-19T03:26:47.688Z INFO  worker::batch_maker] Batch ypghRqEf9tfWJA3ygGHODGjUPl9akMhZYlUNRo3ZuMo= contains sample tx 2258
[2026-04-19T03:26:47.688Z INFO  worker::batch_maker] Batch ypghRqEf9tfWJA3ygGHODGjUPl9akMhZYlUNRo3ZuMo= contains 204800 B
[2026-04-19T03:26:47.740Z INFO  worker::batch_maker] Batch Xmyl5v66GyKROCSHmhlmGoqoPSK6LpDIXDKlFb9yBvU= contains sample tx 2259
[2026-04-19T03:26:47.740Z INFO  worker::batch_maker] Batch Xmyl5v66GyKROCSHmhlmGoqoPSK6LpDIXDKlFb9yBvU= contains 204800 B
[2026-04-19T03:26:47.792Z INFO  worker::batch_maker] Batch BJrpKsRrl0VqTNvsWLVoyCrUe9LWJv0pstVw1MTyZXA= contains sample tx 2260
[2026-04-19T03:26:47.792Z INFO  worker::batch_maker] Batch BJrpKsRrl0VqTNvsWLVoyCrUe9LWJv0pstVw1MTyZXA= contains 204800 B
[2026-04-19T03:26:47.845Z INFO  worker::batch_maker] Batch 1hOt/GAEaayxmY40T+SAIzhHsH7VJ6Xqr6dAzPrI03I= contains sample tx 2261
[2026-04-19T03:26:47.845Z INFO  worker::batch_maker] Batch 1hOt/GAEaayxmY40T+SAIzhHsH7VJ6Xqr6dAzPrI03I= contains 204800 B
[2026-04-19T03:26:47.897Z INFO  worker::batch_maker] Batch xPCIRYXFakckhyhDNCmiZsdmmX2NPiubpJ9mTn0nib4= contains sample tx 2262
[2026-04-19T03:26:47.897Z INFO  worker::batch_maker] Batch xPCIRYXFakckhyhDNCmiZsdmmX2NPiubpJ9mTn0nib4= contains 204800 B
[2026-04-19T03:26:47.950Z INFO  worker::batch_maker] Batch UrOgqlRq0Ggp9ewi02ruQZB83pgBNstLUujpzFgbqFE= contains sample tx 2263
[2026-04-19T03:26:47.950Z INFO  worker::batch_maker] Batch UrOgqlRq0Ggp9ewi02ruQZB83pgBNstLUujpzFgbqFE= contains 204800 B
[2026-04-19T03:26:48.006Z INFO  worker::batch_maker] Batch XD8vhnE+ZTeatF/zFq9+pecAaPAz0ze8g0drZufJK6M= contains sample tx 2264
[2026-04-19T03:26:48.006Z INFO  worker::batch_maker] Batch XD8vhnE+ZTeatF/zFq9+pecAaPAz0ze8g0drZufJK6M= contains 216064 B
[2026-04-19T03:26:48.061Z INFO  worker::batch_maker] Batch Z7+XVKQ5d/Hji5pVEKtL+Vij/DVsNgHC280LFS+0QW4= contains sample tx 2265
[2026-04-19T03:26:48.061Z INFO  worker::batch_maker] Batch Z7+XVKQ5d/Hji5pVEKtL+Vij/DVsNgHC280LFS+0QW4= contains sample tx 2266
[2026-04-19T03:26:48.061Z INFO  worker::batch_maker] Batch Z7+XVKQ5d/Hji5pVEKtL+Vij/DVsNgHC280LFS+0QW4= contains 398336 B
[2026-04-19T03:26:48.114Z INFO  worker::batch_maker] Batch JK/FF4OA14JHDRuVpgH+JaLVG/WFrrAapCfoq0clDXk= contains sample tx 2267
[2026-04-19T03:26:48.114Z INFO  worker::batch_maker] Batch JK/FF4OA14JHDRuVpgH+JaLVG/WFrrAapCfoq0clDXk= contains 204800 B
[2026-04-19T03:26:48.168Z INFO  worker::batch_maker] Batch uGAOzqAG0RoI5f1u8RlhhTldwq8HBHjOycMrAf676nU= contains sample tx 2268
[2026-04-19T03:26:48.168Z INFO  worker::batch_maker] Batch uGAOzqAG0RoI5f1u8RlhhTldwq8HBHjOycMrAf676nU= contains 204800 B
[2026-04-19T03:26:48.221Z INFO  worker::batch_maker] Batch u4BkRPTVZUOUdn670TB7LTTUBeVsxzhF7enu5vAKx3w= contains sample tx 2269
[2026-04-19T03:26:48.221Z INFO  worker::batch_maker] Batch u4BkRPTVZUOUdn670TB7LTTUBeVsxzhF7enu5vAKx3w= contains 204800 B
[2026-04-19T03:26:48.274Z INFO  worker::batch_maker] Batch k6tUZN44Wm3Oxhg2BiUl0DZphnZa6JsgfybpW9bmZww= contains sample tx 2270
[2026-04-19T03:26:48.274Z INFO  worker::batch_maker] Batch k6tUZN44Wm3Oxhg2BiUl0DZphnZa6JsgfybpW9bmZww= contains 204800 B
[2026-04-19T03:26:48.326Z INFO  worker::batch_maker] Batch t5Sh8alWhfX18xP7CIwNbUrXXAxKsqlF2M/o9hFIVsA= contains sample tx 2271
[2026-04-19T03:26:48.326Z INFO  worker::batch_maker] Batch t5Sh8alWhfX18xP7CIwNbUrXXAxKsqlF2M/o9hFIVsA= contains 204800 B
[2026-04-19T03:26:48.379Z INFO  worker::batch_maker] Batch /cL0+rGiWAX9N3HkMglP3OIu1N7hi/84115sKNaUtBg= contains sample tx 2272
[2026-04-19T03:26:48.379Z INFO  worker::batch_maker] Batch /cL0+rGiWAX9N3HkMglP3OIu1N7hi/84115sKNaUtBg= contains 204800 B
[2026-04-19T03:26:48.432Z INFO  worker::batch_maker] Batch jBDmUqO6T2ETeoXw0gMlVm9IOgSyZA+7xvYvd9PYyHk= contains sample tx 2273
[2026-04-19T03:26:48.432Z INFO  worker::batch_maker] Batch jBDmUqO6T2ETeoXw0gMlVm9IOgSyZA+7xvYvd9PYyHk= contains 204800 B
[2026-04-19T03:26:48.483Z INFO  worker::batch_maker] Batch ghPxfOI9WKT17P2Y+bKidQ838AM9C+nRQB5VX2BMsfs= contains sample tx 2274
[2026-04-19T03:26:48.483Z INFO  worker::batch_maker] Batch ghPxfOI9WKT17P2Y+bKidQ838AM9C+nRQB5VX2BMsfs= contains 204800 B
[2026-04-19T03:26:48.537Z INFO  worker::batch_maker] Batch sjXk8YTQOnGp0zvU7ge1he728+JND9Z6aUlkNizI7dU= contains sample tx 2275
[2026-04-19T03:26:48.537Z INFO  worker::batch_maker] Batch sjXk8YTQOnGp0zvU7ge1he728+JND9Z6aUlkNizI7dU= contains 204800 B
[2026-04-19T03:26:48.591Z INFO  worker::batch_maker] Batch dP60BR4XIP9vponx6rkdmZTUvOPB7nBtA0AX3gPfgy8= contains sample tx 2276
[2026-04-19T03:26:48.591Z INFO  worker::batch_maker] Batch dP60BR4XIP9vponx6rkdmZTUvOPB7nBtA0AX3gPfgy8= contains 204800 B
[2026-04-19T03:26:48.643Z INFO  worker::batch_maker] Batch PCIJV7M3RxTap4rkQAcXdXokOpe9SnMac6T9VJdfSSw= contains sample tx 2277
[2026-04-19T03:26:48.643Z INFO  worker::batch_maker] Batch PCIJV7M3RxTap4rkQAcXdXokOpe9SnMac6T9VJdfSSw= contains 204800 B
[2026-04-19T03:26:48.697Z INFO  worker::batch_maker] Batch lODl9Nzmy9+oxs9rRblNbHxakjA07ycYJVnuDVIzfbM= contains sample tx 2278
[2026-04-19T03:26:48.697Z INFO  worker::batch_maker] Batch lODl9Nzmy9+oxs9rRblNbHxakjA07ycYJVnuDVIzfbM= contains 204800 B
[2026-04-19T03:26:48.751Z INFO  worker::batch_maker] Batch 1bYRv0p7DvETmkjiNqumDtc+/+0e2Qq+0vNX+y/r8S0= contains sample tx 2279
[2026-04-19T03:26:48.751Z INFO  worker::batch_maker] Batch 1bYRv0p7DvETmkjiNqumDtc+/+0e2Qq+0vNX+y/r8S0= contains 204800 B
[2026-04-19T03:26:48.805Z INFO  worker::batch_maker] Batch d6vtndLyEHm3tjF+rpGtzYqYcx9uw8aHIzccWnwTHzA= contains sample tx 2280
[2026-04-19T03:26:48.805Z INFO  worker::batch_maker] Batch d6vtndLyEHm3tjF+rpGtzYqYcx9uw8aHIzccWnwTHzA= contains sample tx 2281
[2026-04-19T03:26:48.805Z INFO  worker::batch_maker] Batch d6vtndLyEHm3tjF+rpGtzYqYcx9uw8aHIzccWnwTHzA= contains 409600 B
[2026-04-19T03:26:48.858Z INFO  worker::batch_maker] Batch w+ZwqQTN3A6CJL0ppDgG3CvAF919N1ajY7yPTV0KC74= contains sample tx 2282
[2026-04-19T03:26:48.858Z INFO  worker::batch_maker] Batch w+ZwqQTN3A6CJL0ppDgG3CvAF919N1ajY7yPTV0KC74= contains 204800 B
[2026-04-19T03:26:48.910Z INFO  worker::batch_maker] Batch TclvorhxYHW9TmRduL4eYtLQQYxW/7yb4BVIwBf6ZcQ= contains sample tx 2283
[2026-04-19T03:26:48.910Z INFO  worker::batch_maker] Batch TclvorhxYHW9TmRduL4eYtLQQYxW/7yb4BVIwBf6ZcQ= contains 204800 B
[2026-04-19T03:26:48.961Z INFO  worker::batch_maker] Batch MhUxGFCe/PMAgF5iv2+f5HCHps3cH88Uud7ikKS3X7U= contains sample tx 2284
[2026-04-19T03:26:48.961Z INFO  worker::batch_maker] Batch MhUxGFCe/PMAgF5iv2+f5HCHps3cH88Uud7ikKS3X7U= contains 204800 B
[2026-04-19T03:26:49.013Z INFO  worker::batch_maker] Batch /n4mJs9HNKol6MrUzNSFKGH7RKwJUcVekqbsUXGdshs= contains sample tx 2285
[2026-04-19T03:26:49.013Z INFO  worker::batch_maker] Batch /n4mJs9HNKol6MrUzNSFKGH7RKwJUcVekqbsUXGdshs= contains 204800 B
[2026-04-19T03:26:49.065Z INFO  worker::batch_maker] Batch wEWENcpAWD49CYsVz+07CvR6PPZy6NYkSZXn7yjhusM= contains sample tx 2286
[2026-04-19T03:26:49.065Z INFO  worker::batch_maker] Batch wEWENcpAWD49CYsVz+07CvR6PPZy6NYkSZXn7yjhusM= contains 204800 B
[2026-04-19T03:26:49.118Z INFO  worker::batch_maker] Batch q22ssEB2FiUN6vfhm55jat6UwRvvOjW+62bACgzAJlo= contains sample tx 2287
[2026-04-19T03:26:49.118Z INFO  worker::batch_maker] Batch q22ssEB2FiUN6vfhm55jat6UwRvvOjW+62bACgzAJlo= contains 204800 B
[2026-04-19T03:26:49.170Z INFO  worker::batch_maker] Batch j9A8RAykjDQfWb1BNwtwG2RWrBAV2Z7MbDm6e4yQ5cs= contains sample tx 2288
[2026-04-19T03:26:49.170Z INFO  worker::batch_maker] Batch j9A8RAykjDQfWb1BNwtwG2RWrBAV2Z7MbDm6e4yQ5cs= contains 204800 B
[2026-04-19T03:26:49.222Z INFO  worker::batch_maker] Batch 52j3vIA7pS/9MYynMEkgO/uRMWy+qF1xM1QJpMCc0uw= contains sample tx 2289
[2026-04-19T03:26:49.222Z INFO  worker::batch_maker] Batch 52j3vIA7pS/9MYynMEkgO/uRMWy+qF1xM1QJpMCc0uw= contains 204800 B
[2026-04-19T03:26:49.274Z INFO  worker::batch_maker] Batch Bs1cfNJdlNd9EpSrqP8yKN++lZ1ZCiBdIpViVsqOdAU= contains sample tx 2290
[2026-04-19T03:26:49.274Z INFO  worker::batch_maker] Batch Bs1cfNJdlNd9EpSrqP8yKN++lZ1ZCiBdIpViVsqOdAU= contains 204800 B
[2026-04-19T03:26:49.326Z INFO  worker::batch_maker] Batch T1OorwCfAYu76gCE231uDwu4JIBywn/JAqk1wtahr1c= contains sample tx 2291
[2026-04-19T03:26:49.326Z INFO  worker::batch_maker] Batch T1OorwCfAYu76gCE231uDwu4JIBywn/JAqk1wtahr1c= contains 204800 B
[2026-04-19T03:26:49.378Z INFO  worker::batch_maker] Batch dWM277k2WBBTXrHtgtJTTtnt4LmTJp+3xID0/zEhSyg= contains sample tx 2292
[2026-04-19T03:26:49.378Z INFO  worker::batch_maker] Batch dWM277k2WBBTXrHtgtJTTtnt4LmTJp+3xID0/zEhSyg= contains 204800 B
[2026-04-19T03:26:49.431Z INFO  worker::batch_maker] Batch vmgG1LEa0GcC/mXpzTZDPl1/Cvi+NDpPNfQCQFjWByQ= contains sample tx 2293
[2026-04-19T03:26:49.431Z INFO  worker::batch_maker] Batch vmgG1LEa0GcC/mXpzTZDPl1/Cvi+NDpPNfQCQFjWByQ= contains 204800 B
[2026-04-19T03:26:49.483Z INFO  worker::batch_maker] Batch 1gJvmWireOqp35Orfcr2EPgmF6u1pqHTZ5fLSasGBAU= contains sample tx 2294
[2026-04-19T03:26:49.483Z INFO  worker::batch_maker] Batch 1gJvmWireOqp35Orfcr2EPgmF6u1pqHTZ5fLSasGBAU= contains 204800 B
[2026-04-19T03:26:49.534Z INFO  worker::batch_maker] Batch XlY4JQP5u19Z6tk5SCWhJ67I+cd4mTeyGkAmuaWS1Z8= contains sample tx 2295
[2026-04-19T03:26:49.534Z INFO  worker::batch_maker] Batch XlY4JQP5u19Z6tk5SCWhJ67I+cd4mTeyGkAmuaWS1Z8= contains 204800 B
[2026-04-19T03:26:49.587Z INFO  worker::batch_maker] Batch H6PEbtIwloTSTDnorLnOCMKzckpB7XlhmVS2/ZZ/xD4= contains sample tx 2296
[2026-04-19T03:26:49.587Z INFO  worker::batch_maker] Batch H6PEbtIwloTSTDnorLnOCMKzckpB7XlhmVS2/ZZ/xD4= contains 204800 B
[2026-04-19T03:26:49.639Z INFO  worker::batch_maker] Batch aIC9ZgNYgk8hDfv6+VTBVkR0WhIzOczjMxhV8SbW3ec= contains sample tx 2297
[2026-04-19T03:26:49.639Z INFO  worker::batch_maker] Batch aIC9ZgNYgk8hDfv6+VTBVkR0WhIzOczjMxhV8SbW3ec= contains 204800 B
[2026-04-19T03:26:49.692Z INFO  worker::batch_maker] Batch DKamwV5oL3DxSEQKsMgTffK+YX2PIa25k549oJdxCao= contains sample tx 2298
[2026-04-19T03:26:49.692Z INFO  worker::batch_maker] Batch DKamwV5oL3DxSEQKsMgTffK+YX2PIa25k549oJdxCao= contains 204800 B
[2026-04-19T03:26:49.744Z INFO  worker::batch_maker] Batch YQN2BNfbWWDgsC/ov3w+1SD0SCt8qs8OcBMtns2hSFY= contains sample tx 2299
[2026-04-19T03:26:49.744Z INFO  worker::batch_maker] Batch YQN2BNfbWWDgsC/ov3w+1SD0SCt8qs8OcBMtns2hSFY= contains 204800 B
[2026-04-19T03:26:49.796Z INFO  worker::batch_maker] Batch tjjjV4wO2ur+kJ5C8oVAmIhLNHAZa2zmK6Zy8DlFfoc= contains sample tx 2300
[2026-04-19T03:26:49.796Z INFO  worker::batch_maker] Batch tjjjV4wO2ur+kJ5C8oVAmIhLNHAZa2zmK6Zy8DlFfoc= contains 204800 B
[2026-04-19T03:26:49.848Z INFO  worker::batch_maker] Batch ysVaZm4Reh53Ms/gtWqG2dpBeHA4kLm9jTI9TRquCgk= contains sample tx 2301
[2026-04-19T03:26:49.848Z INFO  worker::batch_maker] Batch ysVaZm4Reh53Ms/gtWqG2dpBeHA4kLm9jTI9TRquCgk= contains 204800 B
[2026-04-19T03:26:49.900Z INFO  worker::batch_maker] Batch Pf4h/zBCriJHT4aRVhMOSUvhvSmhOfJ9tX44Ch7nrAc= contains sample tx 2302
[2026-04-19T03:26:49.900Z INFO  worker::batch_maker] Batch Pf4h/zBCriJHT4aRVhMOSUvhvSmhOfJ9tX44Ch7nrAc= contains 204800 B
[2026-04-19T03:26:49.953Z INFO  worker::batch_maker] Batch hZjzNsL56N8wl65StJaFRihwXVx0kdvARmUHBcoMxXM= contains sample tx 2303
[2026-04-19T03:26:49.953Z INFO  worker::batch_maker] Batch hZjzNsL56N8wl65StJaFRihwXVx0kdvARmUHBcoMxXM= contains 299520 B
[2026-04-19T03:26:50.006Z INFO  worker::batch_maker] Batch q4MzXxH/jv1y6bvtqhSuAtuSVW7gETOoY6rv2BnGvQA= contains sample tx 2304
[2026-04-19T03:26:50.006Z INFO  worker::batch_maker] Batch q4MzXxH/jv1y6bvtqhSuAtuSVW7gETOoY6rv2BnGvQA= contains 122368 B
[2026-04-19T03:26:50.059Z INFO  worker::batch_maker] Batch Zc2veDO7qETj7nulFhZQKJUSoimoiZiDbMsPHRisqO0= contains sample tx 2305
[2026-04-19T03:26:50.059Z INFO  worker::batch_maker] Batch Zc2veDO7qETj7nulFhZQKJUSoimoiZiDbMsPHRisqO0= contains sample tx 2306
[2026-04-19T03:26:50.059Z INFO  worker::batch_maker] Batch Zc2veDO7qETj7nulFhZQKJUSoimoiZiDbMsPHRisqO0= contains 397312 B
[2026-04-19T03:26:50.113Z INFO  worker::batch_maker] Batch ItUET7c2wWD1RZ/NN+fmMd+yjydiH8+j/EPLfEQG368= contains sample tx 2307
[2026-04-19T03:26:50.113Z INFO  worker::batch_maker] Batch ItUET7c2wWD1RZ/NN+fmMd+yjydiH8+j/EPLfEQG368= contains 204800 B
[2026-04-19T03:26:50.166Z INFO  worker::batch_maker] Batch TmN86uyDdeFC5rWrX9vvJRvCT1wPjYg0r1FJ14x8mck= contains sample tx 2308
[2026-04-19T03:26:50.166Z INFO  worker::batch_maker] Batch TmN86uyDdeFC5rWrX9vvJRvCT1wPjYg0r1FJ14x8mck= contains 204800 B
[2026-04-19T03:26:50.218Z INFO  worker::batch_maker] Batch xp5/eL9Wg6CO4eNFv8pxhhR+379yY15gKDTYH9c3LqY= contains sample tx 2309
[2026-04-19T03:26:50.218Z INFO  worker::batch_maker] Batch xp5/eL9Wg6CO4eNFv8pxhhR+379yY15gKDTYH9c3LqY= contains 204800 B
[2026-04-19T03:26:50.271Z INFO  worker::batch_maker] Batch 0C4Vy1JADG1UjDLOfLP1xsx9dOddNMyK+Bw3jAvFwqw= contains sample tx 2310
[2026-04-19T03:26:50.271Z INFO  worker::batch_maker] Batch 0C4Vy1JADG1UjDLOfLP1xsx9dOddNMyK+Bw3jAvFwqw= contains 204800 B
[2026-04-19T03:26:50.324Z INFO  worker::batch_maker] Batch KnxLRIuMIrpyPdXcxKsbi9YM2xydnxG24latmdeIcgc= contains sample tx 2311
[2026-04-19T03:26:50.324Z INFO  worker::batch_maker] Batch KnxLRIuMIrpyPdXcxKsbi9YM2xydnxG24latmdeIcgc= contains 204800 B
[2026-04-19T03:26:50.377Z INFO  worker::batch_maker] Batch x+M9tnDTJmX/S2kbY6TqliYkeAfJRMxaxF+q623l0HE= contains sample tx 2312
[2026-04-19T03:26:50.377Z INFO  worker::batch_maker] Batch x+M9tnDTJmX/S2kbY6TqliYkeAfJRMxaxF+q623l0HE= contains 204800 B
[2026-04-19T03:26:50.430Z INFO  worker::batch_maker] Batch J5CPktIRzWkOTPCrL/gwrOHpixX26tPhyfyDn3ywB5g= contains sample tx 2313
[2026-04-19T03:26:50.431Z INFO  worker::batch_maker] Batch J5CPktIRzWkOTPCrL/gwrOHpixX26tPhyfyDn3ywB5g= contains 204800 B
[2026-04-19T03:26:50.483Z INFO  worker::batch_maker] Batch H06cy1gU8Hsh8W4/oRA8y60DGj1F8R2zuqMRVTJ7KwY= contains sample tx 2314
[2026-04-19T03:26:50.483Z INFO  worker::batch_maker] Batch H06cy1gU8Hsh8W4/oRA8y60DGj1F8R2zuqMRVTJ7KwY= contains 204800 B
[2026-04-19T03:26:50.536Z INFO  worker::batch_maker] Batch kf2mPQfLFxM4+DGx7QfuC2rHhvWCjBC7C4DAgVojvFw= contains sample tx 2315
[2026-04-19T03:26:50.537Z INFO  worker::batch_maker] Batch kf2mPQfLFxM4+DGx7QfuC2rHhvWCjBC7C4DAgVojvFw= contains 204800 B
[2026-04-19T03:26:50.590Z INFO  worker::batch_maker] Batch mvDfiifo1dL5nFmjKwbEdO83kMh6uca3Ons280ZmMAM= contains sample tx 2316
[2026-04-19T03:26:50.590Z INFO  worker::batch_maker] Batch mvDfiifo1dL5nFmjKwbEdO83kMh6uca3Ons280ZmMAM= contains 204800 B
[2026-04-19T03:26:50.644Z INFO  worker::batch_maker] Batch XR6DiJRu9XPLr444JnwqCVtEk4EoJ8C0nP2nYu1l1Mc= contains sample tx 2317
[2026-04-19T03:26:50.644Z INFO  worker::batch_maker] Batch XR6DiJRu9XPLr444JnwqCVtEk4EoJ8C0nP2nYu1l1Mc= contains 204800 B
[2026-04-19T03:26:50.697Z INFO  worker::batch_maker] Batch zLsz8FiTeadPHFWdLDyXGHROPRiE0G2ykE2WUrJhEUE= contains sample tx 2318
[2026-04-19T03:26:50.697Z INFO  worker::batch_maker] Batch zLsz8FiTeadPHFWdLDyXGHROPRiE0G2ykE2WUrJhEUE= contains 204800 B
[2026-04-19T03:26:50.750Z INFO  worker::batch_maker] Batch CvW6H+JLRg8Yc7j4izOuriKdfpt+9ZY3gJC/oTtXkII= contains sample tx 2319
[2026-04-19T03:26:50.750Z INFO  worker::batch_maker] Batch CvW6H+JLRg8Yc7j4izOuriKdfpt+9ZY3gJC/oTtXkII= contains 204800 B
[2026-04-19T03:26:50.804Z INFO  worker::batch_maker] Batch vEJ8icBkUSzCzsvKJ9v0Ct3ZHA4VrqDCcXp/kgzmqog= contains sample tx 2320
[2026-04-19T03:26:50.804Z INFO  worker::batch_maker] Batch vEJ8icBkUSzCzsvKJ9v0Ct3ZHA4VrqDCcXp/kgzmqog= contains 261632 B
[2026-04-19T03:26:50.857Z INFO  worker::batch_maker] Batch wtAUoc/eUB0O6euZ+bxTB/WZLFQRjgHChvPTO5xGLuM= contains sample tx 2321
[2026-04-19T03:26:50.857Z INFO  worker::batch_maker] Batch wtAUoc/eUB0O6euZ+bxTB/WZLFQRjgHChvPTO5xGLuM= contains sample tx 2322
[2026-04-19T03:26:50.857Z INFO  worker::batch_maker] Batch wtAUoc/eUB0O6euZ+bxTB/WZLFQRjgHChvPTO5xGLuM= contains 352768 B
[2026-04-19T03:26:50.910Z INFO  worker::batch_maker] Batch rsWhMRnp/WyEA64epU10QZQ497dsgW0yLLNBMl5yZqM= contains sample tx 2323
[2026-04-19T03:26:50.910Z INFO  worker::batch_maker] Batch rsWhMRnp/WyEA64epU10QZQ497dsgW0yLLNBMl5yZqM= contains 166912 B
[2026-04-19T03:26:50.965Z INFO  worker::batch_maker] Batch 6JVzKphEMhSG+BkN0zDBkuGAcrtKUkoUO1g4TrFf290= contains sample tx 2324
[2026-04-19T03:26:50.965Z INFO  worker::batch_maker] Batch 6JVzKphEMhSG+BkN0zDBkuGAcrtKUkoUO1g4TrFf290= contains 242688 B
[2026-04-19T03:26:51.021Z INFO  worker::batch_maker] Batch G2GblxzVaUrakcMoV94OxV910YJ0FyOXXO9m50bECaI= contains sample tx 2325
[2026-04-19T03:26:51.021Z INFO  worker::batch_maker] Batch G2GblxzVaUrakcMoV94OxV910YJ0FyOXXO9m50bECaI= contains 204800 B
[2026-04-19T03:26:51.072Z INFO  worker::batch_maker] Batch krWwd/xJvxguv3uuYNsP30LYtykSfo1/SKQ/R9Dgl2k= contains 166912 B
[2026-04-19T03:26:51.125Z INFO  worker::batch_maker] Batch wBoEXOks20rZb1AGB8kKHDv6dTM2ijfwmOcbsOcxWz0= contains sample tx 2326
[2026-04-19T03:26:51.125Z INFO  worker::batch_maker] Batch wBoEXOks20rZb1AGB8kKHDv6dTM2ijfwmOcbsOcxWz0= contains sample tx 2327
[2026-04-19T03:26:51.125Z INFO  worker::batch_maker] Batch wBoEXOks20rZb1AGB8kKHDv6dTM2ijfwmOcbsOcxWz0= contains 242688 B
[2026-04-19T03:26:51.177Z INFO  worker::batch_maker] Batch 6T+dX6Mh4z8dZf4tHiTl7HvI7FvB60MFQnE2OdeCgo0= contains sample tx 2328
[2026-04-19T03:26:51.177Z INFO  worker::batch_maker] Batch 6T+dX6Mh4z8dZf4tHiTl7HvI7FvB60MFQnE2OdeCgo0= contains 204800 B
[2026-04-19T03:26:51.230Z INFO  worker::batch_maker] Batch ybTLcdroCcg67/GzmD+sPS6xuyUX8B5Lcs27mt1A3+M= contains sample tx 2329
[2026-04-19T03:26:51.231Z INFO  worker::batch_maker] Batch ybTLcdroCcg67/GzmD+sPS6xuyUX8B5Lcs27mt1A3+M= contains 204800 B
[2026-04-19T03:26:51.282Z INFO  worker::batch_maker] Batch qQKlfWyGJFqxC7F7E7+naB7OyujIiVQrDta938HLgYA= contains sample tx 2330
[2026-04-19T03:26:51.282Z INFO  worker::batch_maker] Batch qQKlfWyGJFqxC7F7E7+naB7OyujIiVQrDta938HLgYA= contains 204800 B
[2026-04-19T03:26:51.334Z INFO  worker::batch_maker] Batch gowE3a6YXUkLF2x+8/oTpwharqQSth+RtBVRnTXukIc= contains sample tx 2331
[2026-04-19T03:26:51.334Z INFO  worker::batch_maker] Batch gowE3a6YXUkLF2x+8/oTpwharqQSth+RtBVRnTXukIc= contains 204800 B
[2026-04-19T03:26:51.386Z INFO  worker::batch_maker] Batch IDwqlY/P5c1C/j6t4fO3UV/suY7wKyOqloNOagBVTME= contains sample tx 2332
[2026-04-19T03:26:51.386Z INFO  worker::batch_maker] Batch IDwqlY/P5c1C/j6t4fO3UV/suY7wKyOqloNOagBVTME= contains 204800 B
[2026-04-19T03:26:51.439Z INFO  worker::batch_maker] Batch 20FNJ9Ccl7MeHkg2o7+h9UR17piDM4vuxDuqJ1C/6zQ= contains sample tx 2333
[2026-04-19T03:26:51.439Z INFO  worker::batch_maker] Batch 20FNJ9Ccl7MeHkg2o7+h9UR17piDM4vuxDuqJ1C/6zQ= contains 204800 B
[2026-04-19T03:26:51.491Z INFO  worker::batch_maker] Batch knNDtqFUonLXPsspZDngNs1VSoVT1iH8/8wtGUrZXhI= contains sample tx 2334
[2026-04-19T03:26:51.491Z INFO  worker::batch_maker] Batch knNDtqFUonLXPsspZDngNs1VSoVT1iH8/8wtGUrZXhI= contains 204800 B
[2026-04-19T03:26:51.542Z INFO  worker::batch_maker] Batch t8vLh+g8i7G4cSfV/9Sshjb8p6NoJBI7S1aqbHVhZ88= contains sample tx 2335
[2026-04-19T03:26:51.542Z INFO  worker::batch_maker] Batch t8vLh+g8i7G4cSfV/9Sshjb8p6NoJBI7S1aqbHVhZ88= contains 204800 B
[2026-04-19T03:26:51.595Z INFO  worker::batch_maker] Batch QSzwZyF496TkVYI5y1Fgcp34FiNf9hM+LJwWJyezxL0= contains sample tx 2336
[2026-04-19T03:26:51.595Z INFO  worker::batch_maker] Batch QSzwZyF496TkVYI5y1Fgcp34FiNf9hM+LJwWJyezxL0= contains 204800 B
[2026-04-19T03:26:51.647Z INFO  worker::batch_maker] Batch GODQs8xtJ3zUkBCCa7Ui14Wlkf0k0LY5VVMp1MWy1YY= contains sample tx 2337
[2026-04-19T03:26:51.647Z INFO  worker::batch_maker] Batch GODQs8xtJ3zUkBCCa7Ui14Wlkf0k0LY5VVMp1MWy1YY= contains 204800 B
[2026-04-19T03:26:51.698Z INFO  worker::batch_maker] Batch JmR9fft3jIuXYXk12t209uziw5x99DZ0oKSXXunhcWo= contains sample tx 2338
[2026-04-19T03:26:51.698Z INFO  worker::batch_maker] Batch JmR9fft3jIuXYXk12t209uziw5x99DZ0oKSXXunhcWo= contains 204800 B
[2026-04-19T03:26:51.750Z INFO  worker::batch_maker] Batch m3ZWYPUMk00dB+e2RTtJHP60sBW20SQQTWpSGEf24c8= contains sample tx 2339
[2026-04-19T03:26:51.750Z INFO  worker::batch_maker] Batch m3ZWYPUMk00dB+e2RTtJHP60sBW20SQQTWpSGEf24c8= contains 204800 B
[2026-04-19T03:26:51.802Z INFO  worker::batch_maker] Batch B8/fHFMiaxtml/X+QA66amo6EN6D6cF9ahBNFaw4CC0= contains sample tx 2340
[2026-04-19T03:26:51.802Z INFO  worker::batch_maker] Batch B8/fHFMiaxtml/X+QA66amo6EN6D6cF9ahBNFaw4CC0= contains 348160 B
[2026-04-19T03:26:51.854Z INFO  worker::batch_maker] Batch CRrZ4H+nRbebf8hBLbHvYfWPwopnIumvRmM5YGLIE3w= contains sample tx 2341
[2026-04-19T03:26:51.854Z INFO  worker::batch_maker] Batch CRrZ4H+nRbebf8hBLbHvYfWPwopnIumvRmM5YGLIE3w= contains sample tx 2342
[2026-04-19T03:26:51.854Z INFO  worker::batch_maker] Batch CRrZ4H+nRbebf8hBLbHvYfWPwopnIumvRmM5YGLIE3w= contains 266240 B
[2026-04-19T03:26:51.906Z INFO  worker::batch_maker] Batch /X2AM1kEaIsqDs6H09Z1CEjFpLufOhl7/iYZKeK7psc= contains sample tx 2343
[2026-04-19T03:26:51.906Z INFO  worker::batch_maker] Batch /X2AM1kEaIsqDs6H09Z1CEjFpLufOhl7/iYZKeK7psc= contains 204800 B
[2026-04-19T03:26:51.958Z INFO  worker::batch_maker] Batch DxXO3foLw5bCSiUc10qR5IYMd9XO4DzZnVCw675jf2A= contains sample tx 2344
[2026-04-19T03:26:51.958Z INFO  worker::batch_maker] Batch DxXO3foLw5bCSiUc10qR5IYMd9XO4DzZnVCw675jf2A= contains 204800 B
[2026-04-19T03:26:52.010Z INFO  worker::batch_maker] Batch MDctvzgDEvKTtVcgvCofkL3eE1TscoLEKc0ivEUj+jc= contains sample tx 2345
[2026-04-19T03:26:52.010Z INFO  worker::batch_maker] Batch MDctvzgDEvKTtVcgvCofkL3eE1TscoLEKc0ivEUj+jc= contains 204800 B
[2026-04-19T03:26:52.062Z INFO  worker::batch_maker] Batch VSEBpiXotLNhbj1VS0JyqdNIZ6w0sfS/x34eqTOV31s= contains sample tx 2346
[2026-04-19T03:26:52.062Z INFO  worker::batch_maker] Batch VSEBpiXotLNhbj1VS0JyqdNIZ6w0sfS/x34eqTOV31s= contains 204800 B
[2026-04-19T03:26:52.113Z INFO  worker::batch_maker] Batch 89xSHnM+zIodQCxU0muU28rgJDc6+CG9zIryHXKDTgo= contains sample tx 2347
[2026-04-19T03:26:52.113Z INFO  worker::batch_maker] Batch 89xSHnM+zIodQCxU0muU28rgJDc6+CG9zIryHXKDTgo= contains 204800 B
[2026-04-19T03:26:52.165Z INFO  worker::batch_maker] Batch ZZRxSpGq1Nmqx3T6XAX7vYLAJMHdShBi6xzJjl7ElE0= contains sample tx 2348
[2026-04-19T03:26:52.165Z INFO  worker::batch_maker] Batch ZZRxSpGq1Nmqx3T6XAX7vYLAJMHdShBi6xzJjl7ElE0= contains 204800 B
[2026-04-19T03:26:52.218Z INFO  worker::batch_maker] Batch MARpSEHp5oS9FLA5iX/suVsHMmUes6PhN2Ql5cqrrqk= contains sample tx 2349
[2026-04-19T03:26:52.218Z INFO  worker::batch_maker] Batch MARpSEHp5oS9FLA5iX/suVsHMmUes6PhN2Ql5cqrrqk= contains 204800 B
[2026-04-19T03:26:52.269Z INFO  worker::batch_maker] Batch okUMXYqrlU0Eh49x3BbE+i3jzsJotHis9GQI0PUJZS8= contains sample tx 2350
[2026-04-19T03:26:52.269Z INFO  worker::batch_maker] Batch okUMXYqrlU0Eh49x3BbE+i3jzsJotHis9GQI0PUJZS8= contains 204800 B
[2026-04-19T03:26:52.322Z INFO  worker::batch_maker] Batch z9pD+D1z1Vqo7uJaDF4VAf5W3lKcvEIfHIaXpgWUWHY= contains sample tx 2351
[2026-04-19T03:26:52.322Z INFO  worker::batch_maker] Batch z9pD+D1z1Vqo7uJaDF4VAf5W3lKcvEIfHIaXpgWUWHY= contains 204800 B
[2026-04-19T03:26:52.376Z INFO  worker::batch_maker] Batch 1+y9o+7NVwfBxBjV6Xq5rD1QwjLQ5Br/7/TMvjnZSTs= contains sample tx 2352
[2026-04-19T03:26:52.376Z INFO  worker::batch_maker] Batch 1+y9o+7NVwfBxBjV6Xq5rD1QwjLQ5Br/7/TMvjnZSTs= contains 204800 B
[2026-04-19T03:26:52.428Z INFO  worker::batch_maker] Batch BKkpch+LV/uREyNMMPMqekwUvJ2mm+nEp/vAkghLOhE= contains sample tx 2353
[2026-04-19T03:26:52.428Z INFO  worker::batch_maker] Batch BKkpch+LV/uREyNMMPMqekwUvJ2mm+nEp/vAkghLOhE= contains 204800 B
[2026-04-19T03:26:52.482Z INFO  worker::batch_maker] Batch sMzbDXlo7zNAAyzN89EjcL8BQfhzfqiMCGaGCOomYcQ= contains sample tx 2354
[2026-04-19T03:26:52.482Z INFO  worker::batch_maker] Batch sMzbDXlo7zNAAyzN89EjcL8BQfhzfqiMCGaGCOomYcQ= contains 204800 B
[2026-04-19T03:26:52.536Z INFO  worker::batch_maker] Batch /AlCWUnwY168mazD1UchpqGH6J6EJekU9XUpLBZKHMQ= contains sample tx 2355
[2026-04-19T03:26:52.536Z INFO  worker::batch_maker] Batch /AlCWUnwY168mazD1UchpqGH6J6EJekU9XUpLBZKHMQ= contains 204800 B
[2026-04-19T03:26:52.590Z INFO  worker::batch_maker] Batch VTLn7ydIXmvIFbQv9BKPXujy0aFHn1OmGLRzr+LSMyY= contains sample tx 2356
[2026-04-19T03:26:52.590Z INFO  worker::batch_maker] Batch VTLn7ydIXmvIFbQv9BKPXujy0aFHn1OmGLRzr+LSMyY= contains 204800 B
[2026-04-19T03:26:52.644Z INFO  worker::batch_maker] Batch yzszLOPSO/m7n4FfKkIp/W74Ujjdw7Gp++7oGMowrUQ= contains sample tx 2357
[2026-04-19T03:26:52.644Z INFO  worker::batch_maker] Batch yzszLOPSO/m7n4FfKkIp/W74Ujjdw7Gp++7oGMowrUQ= contains 204800 B
[2026-04-19T03:26:52.696Z INFO  worker::batch_maker] Batch eU3PzibRezhc1QwRAQ2NUHtFkv9NRhdkg9anpk5VK4o= contains sample tx 2358
[2026-04-19T03:26:52.696Z INFO  worker::batch_maker] Batch eU3PzibRezhc1QwRAQ2NUHtFkv9NRhdkg9anpk5VK4o= contains 204800 B
[2026-04-19T03:26:52.748Z INFO  worker::batch_maker] Batch f4Ma5ldVUT4SbiTAyqTWFf5g+Ww1Fcj7SN6eqz0zXsc= contains sample tx 2359
[2026-04-19T03:26:52.748Z INFO  worker::batch_maker] Batch f4Ma5ldVUT4SbiTAyqTWFf5g+Ww1Fcj7SN6eqz0zXsc= contains 204800 B
[2026-04-19T03:26:52.800Z INFO  worker::batch_maker] Batch JhLOxlXIKHC5F+TBGNnruL5RgiHZxsstyUy9qdNneAk= contains sample tx 2360
[2026-04-19T03:26:52.800Z INFO  worker::batch_maker] Batch JhLOxlXIKHC5F+TBGNnruL5RgiHZxsstyUy9qdNneAk= contains 204800 B
[2026-04-19T03:26:52.854Z INFO  worker::batch_maker] Batch HhftOH4pSWRJgKCuyUbyBn//gsBTnZCDQ3Xt/dyI3yE= contains sample tx 2361
[2026-04-19T03:26:52.854Z INFO  worker::batch_maker] Batch HhftOH4pSWRJgKCuyUbyBn//gsBTnZCDQ3Xt/dyI3yE= contains 252928 B
[2026-04-19T03:26:52.907Z INFO  worker::batch_maker] Batch Uox0OYMK4c6TgO/4k5Ddy9bziP7C3GP2tkvMjH8YyBs= contains sample tx 2362
[2026-04-19T03:26:52.907Z INFO  worker::batch_maker] Batch Uox0OYMK4c6TgO/4k5Ddy9bziP7C3GP2tkvMjH8YyBs= contains sample tx 2363
[2026-04-19T03:26:52.907Z INFO  worker::batch_maker] Batch Uox0OYMK4c6TgO/4k5Ddy9bziP7C3GP2tkvMjH8YyBs= contains 361472 B
[2026-04-19T03:26:52.959Z INFO  worker::batch_maker] Batch aFU+FpNaeDRJUUVXVi8HnujyvSzJEXNDMOddmUa3NZI= contains sample tx 2364
[2026-04-19T03:26:52.959Z INFO  worker::batch_maker] Batch aFU+FpNaeDRJUUVXVi8HnujyvSzJEXNDMOddmUa3NZI= contains 204800 B
[2026-04-19T03:26:53.011Z INFO  worker::batch_maker] Batch b2Uc/LDsc6h4BbmcMLT1+F7M5fmyVthDEIKSWJ2+xss= contains sample tx 2365
[2026-04-19T03:26:53.011Z INFO  worker::batch_maker] Batch b2Uc/LDsc6h4BbmcMLT1+F7M5fmyVthDEIKSWJ2+xss= contains 204800 B
[2026-04-19T03:26:53.065Z INFO  worker::batch_maker] Batch ODAmHs9U06Js23UFbLDfV4bdgSs7qsyHxWATKX01nKk= contains sample tx 2366
[2026-04-19T03:26:53.065Z INFO  worker::batch_maker] Batch ODAmHs9U06Js23UFbLDfV4bdgSs7qsyHxWATKX01nKk= contains 204800 B
[2026-04-19T03:26:53.116Z INFO  worker::batch_maker] Batch h7l/L4L9BArLpaxw0iAWV81o3n/fDR2+q6Izs6fpKoc= contains sample tx 2367
[2026-04-19T03:26:53.116Z INFO  worker::batch_maker] Batch h7l/L4L9BArLpaxw0iAWV81o3n/fDR2+q6Izs6fpKoc= contains 204800 B
[2026-04-19T03:26:53.169Z INFO  worker::batch_maker] Batch Fa+ylXTGkosZY8YH7wpvbfpyNOck0/nnJFONYNI7ISI= contains sample tx 2368
[2026-04-19T03:26:53.169Z INFO  worker::batch_maker] Batch Fa+ylXTGkosZY8YH7wpvbfpyNOck0/nnJFONYNI7ISI= contains 204800 B
[2026-04-19T03:26:53.222Z INFO  worker::batch_maker] Batch RxgzsWZayf067Lo98yHddL4AISive0hFA2XkqP5Qc5I= contains sample tx 2369
[2026-04-19T03:26:53.222Z INFO  worker::batch_maker] Batch RxgzsWZayf067Lo98yHddL4AISive0hFA2XkqP5Qc5I= contains 204800 B
[2026-04-19T03:26:53.275Z INFO  worker::batch_maker] Batch +vZneKoglAHa4yhrLdbhBGnG3b1rtKMUP0XROJtXpWY= contains sample tx 2370
[2026-04-19T03:26:53.275Z INFO  worker::batch_maker] Batch +vZneKoglAHa4yhrLdbhBGnG3b1rtKMUP0XROJtXpWY= contains 204800 B
[2026-04-19T03:26:53.328Z INFO  worker::batch_maker] Batch FqllmjRQE8X1vkRbQUXGVYNLbEuF2Eyo8BVyJVRwzXo= contains sample tx 2371
[2026-04-19T03:26:53.328Z INFO  worker::batch_maker] Batch FqllmjRQE8X1vkRbQUXGVYNLbEuF2Eyo8BVyJVRwzXo= contains 204800 B
[2026-04-19T03:26:53.381Z INFO  worker::batch_maker] Batch YQuWAFKHSIORV42DNWbT7/n2lHX7haB62vaD32e85ag= contains sample tx 2372
[2026-04-19T03:26:53.381Z INFO  worker::batch_maker] Batch YQuWAFKHSIORV42DNWbT7/n2lHX7haB62vaD32e85ag= contains 204800 B
[2026-04-19T03:26:53.433Z INFO  worker::batch_maker] Batch VFs3dAvd1jk900xibOzWOIbicw6WEhmx91GJkBDt+08= contains sample tx 2373
[2026-04-19T03:26:53.433Z INFO  worker::batch_maker] Batch VFs3dAvd1jk900xibOzWOIbicw6WEhmx91GJkBDt+08= contains 204800 B
[2026-04-19T03:26:53.484Z INFO  worker::batch_maker] Batch tkFotFdzDEExxhCDpwYz+Hf56n+b4jckcUoctUudysk= contains sample tx 2374
[2026-04-19T03:26:53.484Z INFO  worker::batch_maker] Batch tkFotFdzDEExxhCDpwYz+Hf56n+b4jckcUoctUudysk= contains 204800 B
[2026-04-19T03:26:53.537Z INFO  worker::batch_maker] Batch I74L463067c+LEJywMp/76P6+cKvCtvcD2ihLzkJfhc= contains sample tx 2375
[2026-04-19T03:26:53.537Z INFO  worker::batch_maker] Batch I74L463067c+LEJywMp/76P6+cKvCtvcD2ihLzkJfhc= contains 204800 B
[2026-04-19T03:26:53.589Z INFO  worker::batch_maker] Batch UNBhlR2h7q9yeS0owns5kxMW+Emh56R8e6tBQTXNnWY= contains sample tx 2376
[2026-04-19T03:26:53.589Z INFO  worker::batch_maker] Batch UNBhlR2h7q9yeS0owns5kxMW+Emh56R8e6tBQTXNnWY= contains 204800 B
[2026-04-19T03:26:53.641Z INFO  worker::batch_maker] Batch ckSxCFQuBGi6GsV+J1QZbPNQsYAP8OTugXdlYC4obZg= contains sample tx 2377
[2026-04-19T03:26:53.641Z INFO  worker::batch_maker] Batch ckSxCFQuBGi6GsV+J1QZbPNQsYAP8OTugXdlYC4obZg= contains 204800 B
[2026-04-19T03:26:53.693Z INFO  worker::batch_maker] Batch 4abSWQN19r8AxpBvD/CunHv+Xb8DdlRSC4zneON/d80= contains sample tx 2378
[2026-04-19T03:26:53.693Z INFO  worker::batch_maker] Batch 4abSWQN19r8AxpBvD/CunHv+Xb8DdlRSC4zneON/d80= contains 204800 B
[2026-04-19T03:26:53.744Z INFO  worker::batch_maker] Batch 51sf/d2Fn1vpOsgeZz/UjJM3Ui4WLRqaOzRn3BgmXBM= contains sample tx 2379
[2026-04-19T03:26:53.744Z INFO  worker::batch_maker] Batch 51sf/d2Fn1vpOsgeZz/UjJM3Ui4WLRqaOzRn3BgmXBM= contains 204800 B
[2026-04-19T03:26:53.797Z INFO  worker::batch_maker] Batch FPDS72fhj9nGrSjWXCqKjjsWfaa6+0ALM6f39KmIZRE= contains sample tx 2380
[2026-04-19T03:26:53.797Z INFO  worker::batch_maker] Batch FPDS72fhj9nGrSjWXCqKjjsWfaa6+0ALM6f39KmIZRE= contains 204800 B
[2026-04-19T03:26:53.850Z INFO  worker::batch_maker] Batch WHwwIf6QgmUL93qJHkubLG23emCAMzWu92Rgj4JCJ+I= contains sample tx 2381
[2026-04-19T03:26:53.850Z INFO  worker::batch_maker] Batch WHwwIf6QgmUL93qJHkubLG23emCAMzWu92Rgj4JCJ+I= contains 204800 B
[2026-04-19T03:26:53.903Z INFO  worker::batch_maker] Batch GO78G/zfFPOlxzD1nJvtCLpIH9SMldlkiHA2Kax05CE= contains sample tx 2382
[2026-04-19T03:26:53.903Z INFO  worker::batch_maker] Batch GO78G/zfFPOlxzD1nJvtCLpIH9SMldlkiHA2Kax05CE= contains 362496 B
[2026-04-19T03:26:53.955Z INFO  worker::batch_maker] Batch TJATMZtTx8Ji3ZlNxaIDKcToc1gnCNPWP6hXuK4wVHw= contains sample tx 2383
[2026-04-19T03:26:53.955Z INFO  worker::batch_maker] Batch TJATMZtTx8Ji3ZlNxaIDKcToc1gnCNPWP6hXuK4wVHw= contains sample tx 2384
[2026-04-19T03:26:53.955Z INFO  worker::batch_maker] Batch TJATMZtTx8Ji3ZlNxaIDKcToc1gnCNPWP6hXuK4wVHw= contains 251904 B
[2026-04-19T03:26:54.007Z INFO  worker::batch_maker] Batch QIS75Nz8HfW6AUdGZ5rnde7UAtcOcL6Mk0kanWKH/AI= contains 197120 B
[2026-04-19T03:26:54.060Z INFO  worker::batch_maker] Batch LbkmjuZSAdUErk8KmTRe7HtSSiYJQFak0r7z0+5upZM= contains sample tx 2385
[2026-04-19T03:26:54.060Z INFO  worker::batch_maker] Batch LbkmjuZSAdUErk8KmTRe7HtSSiYJQFak0r7z0+5upZM= contains 157696 B
[2026-04-19T03:26:54.114Z INFO  worker::batch_maker] Batch aOWWPEyhLroLc5vgGLOJYDRPv0lKWT51N+iIxJkG/Sk= contains sample tx 2386
[2026-04-19T03:26:54.114Z INFO  worker::batch_maker] Batch aOWWPEyhLroLc5vgGLOJYDRPv0lKWT51N+iIxJkG/Sk= contains sample tx 2387
[2026-04-19T03:26:54.114Z INFO  worker::batch_maker] Batch aOWWPEyhLroLc5vgGLOJYDRPv0lKWT51N+iIxJkG/Sk= contains 259584 B
[2026-04-19T03:26:54.166Z INFO  worker::batch_maker] Batch A/ZtX53e2vk8ClVsMS3c8TPXk6YyTRd87mxCmqo7zI8= contains sample tx 2388
[2026-04-19T03:26:54.166Z INFO  worker::batch_maker] Batch A/ZtX53e2vk8ClVsMS3c8TPXk6YyTRd87mxCmqo7zI8= contains 204800 B
[2026-04-19T03:26:54.218Z INFO  worker::batch_maker] Batch vnNNTHOY7HZl2qvnmZjqWf33EhpUsQpdDjzlbwcdwnM= contains sample tx 2389
[2026-04-19T03:26:54.218Z INFO  worker::batch_maker] Batch vnNNTHOY7HZl2qvnmZjqWf33EhpUsQpdDjzlbwcdwnM= contains 204800 B
[2026-04-19T03:26:54.270Z INFO  worker::batch_maker] Batch dMHnPkgL1U9XgNCFY6G2AZUmTegAbGvxq9R1TXjoutU= contains sample tx 2390
[2026-04-19T03:26:54.270Z INFO  worker::batch_maker] Batch dMHnPkgL1U9XgNCFY6G2AZUmTegAbGvxq9R1TXjoutU= contains 204800 B
[2026-04-19T03:26:54.322Z INFO  worker::batch_maker] Batch Fxmh33hp4wAC7zy1sH5TKci/BKiMi+Seby+yRM92CbI= contains sample tx 2391
[2026-04-19T03:26:54.322Z INFO  worker::batch_maker] Batch Fxmh33hp4wAC7zy1sH5TKci/BKiMi+Seby+yRM92CbI= contains 204800 B
[2026-04-19T03:26:54.374Z INFO  worker::batch_maker] Batch Mh3iQEKgV+98/x5GfQjPggLpZn2y7oNsQvSnug1Vt+0= contains sample tx 2392
[2026-04-19T03:26:54.374Z INFO  worker::batch_maker] Batch Mh3iQEKgV+98/x5GfQjPggLpZn2y7oNsQvSnug1Vt+0= contains 204800 B
[2026-04-19T03:26:54.427Z INFO  worker::batch_maker] Batch eMWy0FE+zPDxJdMU7TMgJ3U41+n95YmFo7E6v0Vv/eA= contains sample tx 2393
[2026-04-19T03:26:54.427Z INFO  worker::batch_maker] Batch eMWy0FE+zPDxJdMU7TMgJ3U41+n95YmFo7E6v0Vv/eA= contains 204800 B
[2026-04-19T03:26:54.480Z INFO  worker::batch_maker] Batch BYqdI+UV59FNaKPnqyXoCKie5NKlV1MyaY5rMxKuTX4= contains sample tx 2394
[2026-04-19T03:26:54.480Z INFO  worker::batch_maker] Batch BYqdI+UV59FNaKPnqyXoCKie5NKlV1MyaY5rMxKuTX4= contains 204800 B
[2026-04-19T03:26:54.531Z INFO  worker::batch_maker] Batch VTcs5EYuwDunU9EK00OnYwj0HJ06NsDygA4ph1244zo= contains sample tx 2395
[2026-04-19T03:26:54.531Z INFO  worker::batch_maker] Batch VTcs5EYuwDunU9EK00OnYwj0HJ06NsDygA4ph1244zo= contains 204800 B
[2026-04-19T03:26:54.584Z INFO  worker::batch_maker] Batch UMNLWKSeP1BSt41ycaGwKVmYJSIuBNbESZw4BMa62+4= contains sample tx 2396
[2026-04-19T03:26:54.584Z INFO  worker::batch_maker] Batch UMNLWKSeP1BSt41ycaGwKVmYJSIuBNbESZw4BMa62+4= contains 204800 B
[2026-04-19T03:26:54.636Z INFO  worker::batch_maker] Batch pU0ardHVpqhlaPJ5BL1F0vK8+tXn5GSawu+A4oT6n5I= contains sample tx 2397
[2026-04-19T03:26:54.636Z INFO  worker::batch_maker] Batch pU0ardHVpqhlaPJ5BL1F0vK8+tXn5GSawu+A4oT6n5I= contains 204800 B
[2026-04-19T03:26:54.690Z INFO  worker::batch_maker] Batch D9ALTjmmo4E6whb25WIkqVZn0eN3DwpFUkDul/3RvJc= contains sample tx 2398
[2026-04-19T03:26:54.690Z INFO  worker::batch_maker] Batch D9ALTjmmo4E6whb25WIkqVZn0eN3DwpFUkDul/3RvJc= contains 204800 B
[2026-04-19T03:26:54.743Z INFO  worker::batch_maker] Batch aTTNT5DdCqSDdDlIUdbZOwOgaRVaf9xkeCeQu79VF2U= contains sample tx 2399
[2026-04-19T03:26:54.743Z INFO  worker::batch_maker] Batch aTTNT5DdCqSDdDlIUdbZOwOgaRVaf9xkeCeQu79VF2U= contains 204800 B
[2026-04-19T03:26:54.796Z INFO  worker::batch_maker] Batch ehaa+sIvJdnwt8zlGihKFhNVfeOlD2aMLYS05dWEu8M= contains sample tx 2400
[2026-04-19T03:26:54.796Z INFO  worker::batch_maker] Batch ehaa+sIvJdnwt8zlGihKFhNVfeOlD2aMLYS05dWEu8M= contains 204800 B
[2026-04-19T03:26:54.848Z INFO  worker::batch_maker] Batch dD4ooPv3UkjaDojxOmdTMUa4SOnJjaTlMXA0nRJfXx4= contains sample tx 2401
[2026-04-19T03:26:54.848Z INFO  worker::batch_maker] Batch dD4ooPv3UkjaDojxOmdTMUa4SOnJjaTlMXA0nRJfXx4= contains 204800 B
[2026-04-19T03:26:54.899Z INFO  worker::batch_maker] Batch +EtX+QfenZI1N2sJXUXbDV1lkxOhV4Pr0VQOZi0G5e8= contains sample tx 2402
[2026-04-19T03:26:54.899Z INFO  worker::batch_maker] Batch +EtX+QfenZI1N2sJXUXbDV1lkxOhV4Pr0VQOZi0G5e8= contains 204800 B
[2026-04-19T03:26:54.951Z INFO  worker::batch_maker] Batch KiSUB+js7Jqqw9bch9417VXur11Mi4hfz9Mhs4NGA84= contains sample tx 2403
[2026-04-19T03:26:54.951Z INFO  worker::batch_maker] Batch KiSUB+js7Jqqw9bch9417VXur11Mi4hfz9Mhs4NGA84= contains 204800 B
[2026-04-19T03:26:55.003Z INFO  worker::batch_maker] Batch eSEtfee+F+7Kk8jOVJ9jXJFJEsirIDmJGpt9MkXvhMU= contains sample tx 2404
[2026-04-19T03:26:55.004Z INFO  worker::batch_maker] Batch eSEtfee+F+7Kk8jOVJ9jXJFJEsirIDmJGpt9MkXvhMU= contains sample tx 2405
[2026-04-19T03:26:55.004Z INFO  worker::batch_maker] Batch eSEtfee+F+7Kk8jOVJ9jXJFJEsirIDmJGpt9MkXvhMU= contains 333824 B
[2026-04-19T03:26:55.055Z INFO  worker::batch_maker] Batch adryX/lhCtLoFn4RYFMo1pszTOKBXAPupZO/rBqAXYk= contains sample tx 2406
[2026-04-19T03:26:55.055Z INFO  worker::batch_maker] Batch adryX/lhCtLoFn4RYFMo1pszTOKBXAPupZO/rBqAXYk= contains 280576 B
[2026-04-19T03:26:55.107Z INFO  worker::batch_maker] Batch zkf40JcuLzz0WxozDVB2MiO8wQSlb7TNTkEpE4mVLEk= contains sample tx 2407
[2026-04-19T03:26:55.107Z INFO  worker::batch_maker] Batch zkf40JcuLzz0WxozDVB2MiO8wQSlb7TNTkEpE4mVLEk= contains 204800 B
[2026-04-19T03:26:55.160Z INFO  worker::batch_maker] Batch 4hAVjx6KUKDp6oV2mq0VpdFb2M2REe5pZIBuvTaw3aM= contains sample tx 2408
[2026-04-19T03:26:55.160Z INFO  worker::batch_maker] Batch 4hAVjx6KUKDp6oV2mq0VpdFb2M2REe5pZIBuvTaw3aM= contains 204800 B
[2026-04-19T03:26:55.211Z INFO  worker::batch_maker] Batch YrtrUo5fwTvr5sAsNgkqpz+lmknncehYW0gsW8Tnd+A= contains sample tx 2409
[2026-04-19T03:26:55.211Z INFO  worker::batch_maker] Batch YrtrUo5fwTvr5sAsNgkqpz+lmknncehYW0gsW8Tnd+A= contains 204800 B
[2026-04-19T03:26:55.264Z INFO  worker::batch_maker] Batch 0ZvE1lPPxJTpRkmY5I8zWIc/estd6cur8FNHXdUMSOU= contains sample tx 2410
[2026-04-19T03:26:55.264Z INFO  worker::batch_maker] Batch 0ZvE1lPPxJTpRkmY5I8zWIc/estd6cur8FNHXdUMSOU= contains 204800 B
[2026-04-19T03:26:55.316Z INFO  worker::batch_maker] Batch CMxnGVG1J1CKzIUN8rZ1EC40KW5PfslSezOyUhHWXUw= contains sample tx 2411
[2026-04-19T03:26:55.316Z INFO  worker::batch_maker] Batch CMxnGVG1J1CKzIUN8rZ1EC40KW5PfslSezOyUhHWXUw= contains 204800 B
[2026-04-19T03:26:55.368Z INFO  worker::batch_maker] Batch vO+O8v8PHy/FV+5zU7vhXO1MxZdRVhTodGPLih2O2GI= contains sample tx 2412
[2026-04-19T03:26:55.368Z INFO  worker::batch_maker] Batch vO+O8v8PHy/FV+5zU7vhXO1MxZdRVhTodGPLih2O2GI= contains 204800 B
[2026-04-19T03:26:55.403Z WARN  network::receiver] Connection closed by peer 10.10.1.4:38910
[2026-04-19T03:26:55.415Z WARN  network::receiver] Connection closed by peer 10.10.1.9:57052
[2026-04-19T03:26:55.420Z INFO  worker::batch_maker] Batch NthzXDQmj4mXO8vJwL0rSkcabPo3p9lMyUUf+ouxcL8= contains sample tx 2413
[2026-04-19T03:26:55.420Z INFO  worker::batch_maker] Batch NthzXDQmj4mXO8vJwL0rSkcabPo3p9lMyUUf+ouxcL8= contains 204800 B
[2026-04-19T03:26:55.420Z WARN  network::receiver] Connection closed by peer 10.10.1.7:50418
[2026-04-19T03:26:55.425Z WARN  network::receiver] Connection closed by peer 10.10.1.8:39092
[2026-04-19T03:26:55.426Z WARN  network::receiver] Connection closed by peer 10.10.1.10:53114
[2026-04-19T03:26:55.427Z WARN  network::simple_sender] Failed to receive ACK from 10.10.1.10:5046
[2026-04-19T03:26:55.433Z WARN  network::receiver] Connection closed by peer 10.10.1.3:51594
[2026-04-19T03:26:55.435Z WARN  network::receiver] Connection closed by peer 10.10.1.5:54812
[2026-04-19T03:26:55.436Z WARN  network::simple_sender] Failed to connect to 10.10.1.10:5046 (retry 0): Connection refused (os error 111)
[2026-04-19T03:26:55.438Z WARN  network::receiver] Connection closed by peer 10.10.1.2:37062
[2026-04-19T03:26:55.438Z WARN  network::simple_sender] Failed to connect to 10.10.1.10:5046 (retry 0): Connection refused (os error 111)
[2026-04-19T03:26:55.440Z WARN  network::receiver] Connection closed by peer 10.10.1.1:49234
[2026-04-19T03:26:55.440Z WARN  network::simple_sender] Failed to connect to 10.10.1.10:5046 (retry 0): Connection refused (os error 111)
[2026-04-19T03:26:55.441Z WARN  network::simple_sender] Failed to connect to 10.10.1.10:5046 (retry 0): Connection refused (os error 111)
[2026-04-19T03:26:55.442Z WARN  network::simple_sender] Failed to connect to 10.10.1.10:5046 (retry 0): Connection refused (os error 111)
[2026-04-19T03:26:55.456Z WARN  network::simple_sender] Failed to connect to 10.10.1.10:5046 (retry 0): Connection refused (os error 111)
[2026-04-19T03:26:55.458Z WARN  network::simple_sender] Failed to connect to 10.10.1.10:5046 (retry 0): Connection refused (os error 111)
[2026-04-19T03:26:55.466Z WARN  network::receiver] Connection closed by peer 10.10.1.6:53290
[2026-04-19T03:26:55.472Z INFO  worker::batch_maker] Batch S6mun/2CdC8uxUuQCA72RWNUUavfb0gfu7tDhTzc6zw= contains sample tx 2414
[2026-04-19T03:26:55.472Z INFO  worker::batch_maker] Batch S6mun/2CdC8uxUuQCA72RWNUUavfb0gfu7tDhTzc6zw= contains 204800 B
[2026-04-19T03:26:55.473Z WARN  network::simple_sender] Failed to connect to 10.10.1.10:5046 (retry 0): Connection refused (os error 111)
[2026-04-19T03:26:55.475Z WARN  network::simple_sender] Failed to connect to 10.10.1.10:5046 (retry 0): Connection refused (os error 111)
[2026-04-19T03:26:55.479Z WARN  network::simple_sender] Failed to connect to 10.10.1.10:5046 (retry 0): Connection refused (os error 111)
[2026-04-19T03:26:55.487Z WARN  network::simple_sender] Failed to connect to 10.10.1.10:5046 (retry 0): Connection refused (os error 111)
[2026-04-19T03:26:55.489Z WARN  network::simple_sender] Failed to connect to 10.10.1.10:5046 (retry 0): Connection refused (os error 111)
[2026-04-19T03:26:55.493Z WARN  network::simple_sender] Failed to connect to 10.10.1.10:5046 (retry 0): Connection refused (os error 111)
[2026-04-19T03:26:55.493Z WARN  network::simple_sender] Failed to connect to 10.10.1.10:5046 (retry 0): Connection refused (os error 111)
[2026-04-19T03:26:55.508Z WARN  network::simple_sender] Failed to connect to 10.10.1.10:5046 (retry 0): Connection refused (os error 111)
[2026-04-19T03:26:55.513Z WARN  network::simple_sender] Failed to connect to 10.10.1.10:5046 (retry 0): Connection refused (os error 111)
[2026-04-19T03:26:55.514Z WARN  network::simple_sender] Failed to connect to 10.10.1.10:5046 (retry 0): Connection refused (os error 111)
[2026-04-19T03:26:55.525Z INFO  worker::batch_maker] Batch jd03Cz1lBwYSdyM2nd10dejwRxsKVZP6HNPIzgzV7Yc= contains sample tx 2415
[2026-04-19T03:26:55.525Z INFO  worker::batch_maker] Batch jd03Cz1lBwYSdyM2nd10dejwRxsKVZP6HNPIzgzV7Yc= contains 204800 B
[2026-04-19T03:26:55.527Z WARN  network::simple_sender] Failed to connect to 10.10.1.10:5046 (retry 0): Connection refused (os error 111)
[2026-04-19T03:26:55.530Z WARN  network::simple_sender] Failed to connect to 10.10.1.10:5046 (retry 0): Connection refused (os error 111)
[2026-04-19T03:26:55.531Z WARN  network::simple_sender] Failed to connect to 10.10.1.10:5046 (retry 0): Connection refused (os error 111)
[2026-04-19T03:26:55.540Z WARN  network::simple_sender] Failed to connect to 10.10.1.10:5046 (retry 0): Connection refused (os error 111)
[2026-04-19T03:26:55.542Z WARN  network::simple_sender] Failed to connect to 10.10.1.10:5046 (retry 0): Connection refused (os error 111)
[2026-04-19T03:26:55.545Z WARN  network::simple_sender] Failed to connect to 10.10.1.10:5046 (retry 0): Connection refused (os error 111)
[2026-04-19T03:26:55.546Z WARN  network::simple_sender] Failed to connect to 10.10.1.10:5046 (retry 0): Connection refused (os error 111)
[2026-04-19T03:26:55.561Z WARN  network::simple_sender] Failed to connect to 10.10.1.10:5046 (retry 0): Connection refused (os error 111)
[2026-04-19T03:26:55.569Z WARN  network::simple_sender] Failed to connect to 10.10.1.10:5046 (retry 0): Connection refused (os error 111)
[2026-04-19T03:26:55.571Z WARN  network::simple_sender] Failed to connect to 10.10.1.10:5046 (retry 0): Connection refused (os error 111)
[2026-04-19T03:26:55.578Z WARN  network::simple_sender] Failed to connect to 10.10.1.10:5046 (retry 0): Connection refused (os error 111)
[2026-04-19T03:26:55.578Z INFO  worker::batch_maker] Batch fv/+C5TkLrGvBQeFOfICdiigDe6/mLn9qiIFU2NaUxs= contains sample tx 2416
[2026-04-19T03:26:55.578Z INFO  worker::batch_maker] Batch fv/+C5TkLrGvBQeFOfICdiigDe6/mLn9qiIFU2NaUxs= contains 204800 B
[2026-04-19T03:26:55.582Z WARN  network::simple_sender] Failed to connect to 10.10.1.10:5046 (retry 0): Connection refused (os error 111)
[2026-04-19T03:26:55.582Z WARN  network::simple_sender] Failed to connect to 10.10.1.10:5046 (retry 0): Connection refused (os error 111)
[2026-04-19T03:26:55.594Z WARN  network::simple_sender] Failed to connect to 10.10.1.10:5046 (retry 0): Connection refused (os error 111)
[2026-04-19T03:26:55.596Z WARN  network::simple_sender] Failed to connect to 10.10.1.10:5046 (retry 0): Connection refused (os error 111)
[2026-04-19T03:26:55.598Z WARN  network::simple_sender] Failed to connect to 10.10.1.10:5046 (retry 0): Connection refused (os error 111)
[2026-04-19T03:26:55.600Z WARN  network::simple_sender] Failed to connect to 10.10.1.10:5046 (retry 0): Connection refused (os error 111)
[2026-04-19T03:26:55.616Z WARN  network::simple_sender] Failed to connect to 10.10.1.10:5046 (retry 0): Connection refused (os error 111)
[2026-04-19T03:26:55.621Z WARN  network::simple_sender] Failed to connect to 10.10.1.10:5046 (retry 0): Connection refused (os error 111)
[2026-04-19T03:26:55.623Z WARN  network::simple_sender] Failed to connect to 10.10.1.10:5046 (retry 0): Connection refused (os error 111)
[2026-04-19T03:26:55.631Z WARN  network::simple_sender] Failed to connect to 10.10.1.10:5046 (retry 0): Connection refused (os error 111)
[2026-04-19T03:26:55.632Z INFO  worker::batch_maker] Batch tU4ppCQqlHkKezkz8KyL8pahk16XNx1kM5tZToM7dMY= contains sample tx 2417
[2026-04-19T03:26:55.632Z INFO  worker::batch_maker] Batch tU4ppCQqlHkKezkz8KyL8pahk16XNx1kM5tZToM7dMY= contains 204800 B
[2026-04-19T03:26:55.635Z WARN  network::simple_sender] Failed to connect to 10.10.1.10:5046 (retry 0): Connection refused (os error 111)
[2026-04-19T03:26:55.636Z WARN  network::simple_sender] Failed to connect to 10.10.1.10:5046 (retry 0): Connection refused (os error 111)
[2026-04-19T03:26:55.646Z WARN  network::simple_sender] Failed to connect to 10.10.1.10:5046 (retry 0): Connection refused (os error 111)
[2026-04-19T03:26:55.648Z WARN  network::simple_sender] Failed to connect to 10.10.1.10:5046 (retry 0): Connection refused (os error 111)
[2026-04-19T03:26:55.651Z WARN  network::simple_sender] Failed to connect to 10.10.1.10:5046 (retry 0): Connection refused (os error 111)
[2026-04-19T03:26:55.653Z WARN  network::simple_sender] Failed to connect to 10.10.1.10:5046 (retry 0): Connection refused (os error 111)
[2026-04-19T03:26:55.669Z WARN  network::simple_sender] Failed to connect to 10.10.1.10:5046 (retry 0): Connection refused (os error 111)
[2026-04-19T03:26:55.675Z WARN  network::simple_sender] Failed to connect to 10.10.1.10:5046 (retry 0): Connection refused (os error 111)
[2026-04-19T03:26:55.679Z WARN  network::simple_sender] Failed to connect to 10.10.1.10:5046 (retry 0): Connection refused (os error 111)
[2026-04-19T03:26:55.683Z WARN  network::simple_sender] Failed to connect to 10.10.1.10:5046 (retry 0): Connection refused (os error 111)
[2026-04-19T03:26:55.686Z WARN  network::simple_sender] Failed to connect to 10.10.1.10:5046 (retry 0): Connection refused (os error 111)
[2026-04-19T03:26:55.688Z INFO  worker::batch_maker] Batch CBog7ODbfknG4QfPyy4em5KOE5PJN8TEGCqbDCTfU2U= contains sample tx 2418
[2026-04-19T03:26:55.688Z INFO  worker::batch_maker] Batch CBog7ODbfknG4QfPyy4em5KOE5PJN8TEGCqbDCTfU2U= contains 204800 B
[2026-04-19T03:26:55.692Z WARN  network::simple_sender] Failed to connect to 10.10.1.10:5046 (retry 0): Connection refused (os error 111)
[2026-04-19T03:26:55.702Z WARN  network::simple_sender] Failed to connect to 10.10.1.10:5046 (retry 0): Connection refused (os error 111)
[2026-04-19T03:26:55.704Z WARN  network::simple_sender] Failed to connect to 10.10.1.10:5046 (retry 0): Connection refused (os error 111)
[2026-04-19T03:26:55.707Z WARN  network::simple_sender] Failed to connect to 10.10.1.10:5046 (retry 0): Connection refused (os error 111)
[2026-04-19T03:26:55.709Z WARN  network::simple_sender] Failed to connect to 10.10.1.10:5046 (retry 0): Connection refused (os error 111)
[2026-04-19T03:26:55.722Z WARN  network::simple_sender] Failed to connect to 10.10.1.10:5046 (retry 0): Connection refused (os error 111)
[2026-04-19T03:26:55.727Z WARN  network::simple_sender] Failed to connect to 10.10.1.10:5046 (retry 0): Connection refused (os error 111)
[2026-04-19T03:26:55.733Z WARN  network::simple_sender] Failed to connect to 10.10.1.10:5046 (retry 0): Connection refused (os error 111)
[2026-04-19T03:26:55.735Z WARN  network::simple_sender] Failed to connect to 10.10.1.10:5046 (retry 0): Connection refused (os error 111)
[2026-04-19T03:26:55.739Z WARN  network::simple_sender] Failed to connect to 10.10.1.10:5046 (retry 0): Connection refused (os error 111)
[2026-04-19T03:26:55.739Z INFO  worker::batch_maker] Batch +iYZIXYxIBKeeN/FEehuoLeYp7M/3tAbUQOTfssqqto= contains sample tx 2419
[2026-04-19T03:26:55.739Z INFO  worker::batch_maker] Batch +iYZIXYxIBKeeN/FEehuoLeYp7M/3tAbUQOTfssqqto= contains 24064 B
[2026-04-19T03:26:55.740Z WARN  network::simple_sender] Failed to connect to 10.10.1.10:5046 (retry 0): Connection refused (os error 111)
[2026-04-19T03:26:55.751Z WARN  network::simple_sender] Failed to connect to 10.10.1.10:5046 (retry 0): Connection refused (os error 111)
[2026-04-19T03:26:55.755Z WARN  network::simple_sender] Failed to connect to 10.10.1.10:5046 (retry 0): Connection refused (os error 111)
[2026-04-19T03:26:55.756Z WARN  network::simple_sender] Failed to connect to 10.10.1.10:5046 (retry 0): Connection refused (os error 111)
[2026-04-19T03:26:55.759Z WARN  network::simple_sender] Failed to connect to 10.10.1.10:5046 (retry 0): Connection refused (os error 111)
[2026-04-19T03:26:55.776Z WARN  network::simple_sender] Failed to connect to 10.10.1.10:5046 (retry 0): Connection refused (os error 111)
[2026-04-19T03:26:55.787Z WARN  network::simple_sender] Failed to connect to 10.10.1.10:5046 (retry 0): Connection refused (os error 111)
[2026-04-19T03:26:55.792Z WARN  network::simple_sender] Failed to connect to 10.10.1.10:5046 (retry 0): Connection refused (os error 111)
[2026-04-19T03:26:55.795Z INFO  worker::batch_maker] Batch IH6UWMnd1mZE9/pD8Axnx9oBkf53G+bjlQwpIzdCc3k= contains sample tx 2420
[2026-04-19T03:26:55.795Z INFO  worker::batch_maker] Batch IH6UWMnd1mZE9/pD8Axnx9oBkf53G+bjlQwpIzdCc3k= contains 385536 B
[2026-04-19T03:26:55.802Z WARN  network::simple_sender] Failed to connect to 10.10.1.10:5046 (retry 0): Connection refused (os error 111)
[2026-04-19T03:26:55.807Z WARN  network::simple_sender] Failed to connect to 10.10.1.10:5046 (retry 0): Connection refused (os error 111)
[2026-04-19T03:26:55.808Z WARN  network::simple_sender] Failed to connect to 10.10.1.10:5046 (retry 0): Connection refused (os error 111)
[2026-04-19T03:26:55.810Z WARN  network::simple_sender] Failed to connect to 10.10.1.10:5046 (retry 0): Connection refused (os error 111)
[2026-04-19T03:26:55.812Z WARN  network::simple_sender] Failed to connect to 10.10.1.10:5046 (retry 0): Connection refused (os error 111)
[2026-04-19T03:26:55.823Z WARN  network::simple_sender] Failed to connect to 10.10.1.10:5046 (retry 0): Connection refused (os error 111)
[2026-04-19T03:26:55.829Z WARN  network::simple_sender] Failed to connect to 10.10.1.10:5046 (retry 0): Connection refused (os error 111)
[2026-04-19T03:26:55.836Z WARN  network::simple_sender] Failed to connect to 10.10.1.10:5046 (retry 0): Connection refused (os error 111)
[2026-04-19T03:26:55.842Z WARN  network::simple_sender] Failed to connect to 10.10.1.10:5046 (retry 0): Connection refused (os error 111)
[2026-04-19T03:26:55.845Z WARN  network::simple_sender] Failed to connect to 10.10.1.10:5046 (retry 0): Connection refused (os error 111)
[2026-04-19T03:26:55.849Z INFO  worker::batch_maker] Batch At7D1EhQrNYWFIN0gNv4K1gLwsqMq9nvNzXk1O1ErKo= contains sample tx 2421
[2026-04-19T03:26:55.849Z INFO  worker::batch_maker] Batch At7D1EhQrNYWFIN0gNv4K1gLwsqMq9nvNzXk1O1ErKo= contains 204800 B
[2026-04-19T03:26:55.854Z WARN  network::simple_sender] Failed to connect to 10.10.1.10:5046 (retry 0): Connection refused (os error 111)
[2026-04-19T03:26:55.855Z WARN  network::simple_sender] Failed to connect to 10.10.1.10:5046 (retry 0): Connection refused (os error 111)
[2026-04-19T03:26:55.860Z WARN  network::simple_sender] Failed to connect to 10.10.1.10:5046 (retry 0): Connection refused (os error 111)
[2026-04-19T03:26:55.863Z WARN  network::simple_sender] Failed to connect to 10.10.1.10:5046 (retry 0): Connection refused (os error 111)
[2026-04-19T03:26:55.867Z WARN  network::simple_sender] Failed to connect to 10.10.1.10:5046 (retry 0): Connection refused (os error 111)
[2026-04-19T03:26:55.883Z WARN  network::simple_sender] Failed to connect to 10.10.1.10:5046 (retry 0): Connection refused (os error 111)
[2026-04-19T03:26:55.885Z WARN  network::simple_sender] Failed to connect to 10.10.1.10:5046 (retry 0): Connection refused (os error 111)
[2026-04-19T03:26:55.887Z WARN  network::simple_sender] Failed to connect to 10.10.1.10:5046 (retry 0): Connection refused (os error 111)
[2026-04-19T03:26:55.895Z WARN  network::simple_sender] Failed to connect to 10.10.1.10:5046 (retry 0): Connection refused (os error 111)
[2026-04-19T03:26:55.897Z WARN  network::simple_sender] Failed to connect to 10.10.1.10:5046 (retry 0): Connection refused (os error 111)
[2026-04-19T03:26:55.901Z INFO  worker::batch_maker] Batch lsfaGwAxr+kqjwGgw/FcH32NrD4YtUyQoh+N/yWIFak= contains sample tx 2422
[2026-04-19T03:26:55.901Z INFO  worker::batch_maker] Batch lsfaGwAxr+kqjwGgw/FcH32NrD4YtUyQoh+N/yWIFak= contains 211456 B
[2026-04-19T03:26:55.904Z WARN  network::simple_sender] Failed to connect to 10.10.1.10:5046 (retry 0): Connection refused (os error 111)
[2026-04-19T03:26:55.907Z WARN  network::simple_sender] Failed to connect to 10.10.1.10:5046 (retry 0): Connection refused (os error 111)
[2026-04-19T03:26:55.913Z WARN  network::simple_sender] Failed to connect to 10.10.1.10:5046 (retry 0): Connection refused (os error 111)
[2026-04-19T03:26:55.915Z WARN  network::simple_sender] Failed to connect to 10.10.1.10:5046 (retry 0): Connection refused (os error 111)
[2026-04-19T03:26:55.916Z WARN  network::simple_sender] Failed to connect to 10.10.1.10:5046 (retry 0): Connection refused (os error 111)
[2026-04-19T03:26:55.929Z WARN  network::simple_sender] Failed to connect to 10.10.1.10:5046 (retry 0): Connection refused (os error 111)
[2026-04-19T03:26:55.934Z WARN  network::simple_sender] Failed to connect to 10.10.1.10:5046 (retry 0): Connection refused (os error 111)
[2026-04-19T03:26:55.935Z WARN  network::simple_sender] Failed to connect to 10.10.1.10:5046 (retry 0): Connection refused (os error 111)
[2026-04-19T03:26:55.946Z WARN  network::simple_sender] Failed to connect to 10.10.1.10:5046 (retry 0): Connection refused (os error 111)
[2026-04-19T03:26:55.950Z WARN  network::simple_sender] Failed to connect to 10.10.1.10:5046 (retry 0): Connection refused (os error 111)
[2026-04-19T03:26:55.954Z INFO  worker::batch_maker] Batch 6nRQwKZxXA4EizHHgvbTrijuuajlMtaPUL07cZaj/mo= contains sample tx 2423
[2026-04-19T03:26:55.954Z INFO  worker::batch_maker] Batch 6nRQwKZxXA4EizHHgvbTrijuuajlMtaPUL07cZaj/mo= contains sample tx 2424
[2026-04-19T03:26:55.954Z INFO  worker::batch_maker] Batch 6nRQwKZxXA4EizHHgvbTrijuuajlMtaPUL07cZaj/mo= contains 402944 B
[2026-04-19T03:26:55.959Z WARN  network::simple_sender] Failed to connect to 10.10.1.10:5046 (retry 0): Connection refused (os error 111)
[2026-04-19T03:26:55.960Z WARN  network::simple_sender] Failed to connect to 10.10.1.10:5046 (retry 0): Connection refused (os error 111)
[2026-04-19T03:26:55.967Z WARN  network::simple_sender] Failed to connect to 10.10.1.10:5046 (retry 0): Connection refused (os error 111)
[2026-04-19T03:26:55.969Z WARN  network::simple_sender] Failed to connect to 10.10.1.10:5046 (retry 0): Connection refused (os error 111)
[2026-04-19T03:26:55.969Z WARN  network::simple_sender] Failed to connect to 10.10.1.10:5046 (retry 0): Connection refused (os error 111)
[2026-04-19T03:26:55.983Z WARN  network::simple_sender] Failed to connect to 10.10.1.10:5046 (retry 0): Connection refused (os error 111)
[2026-04-19T03:26:55.986Z WARN  network::simple_sender] Failed to connect to 10.10.1.10:5046 (retry 0): Connection refused (os error 111)
[2026-04-19T03:26:55.987Z WARN  network::simple_sender] Failed to connect to 10.10.1.10:5046 (retry 0): Connection refused (os error 111)
[2026-04-19T03:26:56.000Z WARN  network::simple_sender] Failed to connect to 10.10.1.10:5046 (retry 0): Connection refused (os error 111)
[2026-04-19T03:26:56.003Z WARN  network::simple_sender] Failed to connect to 10.10.1.10:5046 (retry 0): Connection refused (os error 111)
[2026-04-19T03:26:56.007Z INFO  worker::batch_maker] Batch qXXA48aT6f8UKghMBiR54lJOzK+NxNq4IrLVw2+vymk= contains sample tx 2425
[2026-04-19T03:26:56.007Z INFO  worker::batch_maker] Batch qXXA48aT6f8UKghMBiR54lJOzK+NxNq4IrLVw2+vymk= contains 204800 B
[2026-04-19T03:26:56.009Z WARN  network::simple_sender] Failed to connect to 10.10.1.10:5046 (retry 0): Connection refused (os error 111)
[2026-04-19T03:26:56.014Z WARN  network::simple_sender] Failed to connect to 10.10.1.10:5046 (retry 0): Connection refused (os error 111)
[2026-04-19T03:26:56.019Z WARN  network::simple_sender] Failed to connect to 10.10.1.10:5046 (retry 0): Connection refused (os error 111)
[2026-04-19T03:26:56.020Z WARN  network::simple_sender] Failed to connect to 10.10.1.10:5046 (retry 0): Connection refused (os error 111)
[2026-04-19T03:26:56.026Z WARN  network::simple_sender] Failed to connect to 10.10.1.10:5046 (retry 0): Connection refused (os error 111)
[2026-04-19T03:26:56.036Z WARN  network::simple_sender] Failed to connect to 10.10.1.10:5046 (retry 0): Connection refused (os error 111)
[2026-04-19T03:26:56.038Z WARN  network::simple_sender] Failed to connect to 10.10.1.10:5046 (retry 0): Connection refused (os error 111)
[2026-04-19T03:26:56.040Z WARN  network::simple_sender] Failed to connect to 10.10.1.10:5046 (retry 0): Connection refused (os error 111)
[2026-04-19T03:26:56.052Z WARN  network::simple_sender] Failed to connect to 10.10.1.10:5046 (retry 0): Connection refused (os error 111)
[2026-04-19T03:26:56.058Z INFO  worker::batch_maker] Batch QRj9paNEjcjwJsXv5+K4r5HGy1jSvOOrICFFBnwapYI= contains sample tx 2426
[2026-04-19T03:26:56.058Z INFO  worker::batch_maker] Batch QRj9paNEjcjwJsXv5+K4r5HGy1jSvOOrICFFBnwapYI= contains 204800 B
[2026-04-19T03:26:56.061Z WARN  network::simple_sender] Failed to connect to 10.10.1.10:5046 (retry 0): Connection refused (os error 111)
[2026-04-19T03:26:56.064Z WARN  network::simple_sender] Failed to connect to 10.10.1.10:5046 (retry 0): Connection refused (os error 111)
[2026-04-19T03:26:56.065Z WARN  network::simple_sender] Failed to connect to 10.10.1.10:5046 (retry 0): Connection refused (os error 111)
[2026-04-19T03:26:56.071Z WARN  network::simple_sender] Failed to connect to 10.10.1.10:5046 (retry 0): Connection refused (os error 111)
[2026-04-19T03:26:56.074Z WARN  network::simple_sender] Failed to connect to 10.10.1.10:5046 (retry 0): Connection refused (os error 111)
[2026-04-19T03:26:56.078Z WARN  network::simple_sender] Failed to connect to 10.10.1.10:5046 (retry 0): Connection refused (os error 111)
[2026-04-19T03:26:56.087Z WARN  network::simple_sender] Failed to connect to 10.10.1.10:5046 (retry 0): Connection refused (os error 111)
[2026-04-19T03:26:56.090Z WARN  network::simple_sender] Failed to connect to 10.10.1.10:5046 (retry 0): Connection refused (os error 111)
[2026-04-19T03:26:56.092Z WARN  network::simple_sender] Failed to connect to 10.10.1.10:5046 (retry 0): Connection refused (os error 111)
[2026-04-19T03:26:56.107Z WARN  network::simple_sender] Failed to connect to 10.10.1.10:5046 (retry 0): Connection refused (os error 111)
[2026-04-19T03:26:56.111Z INFO  worker::batch_maker] Batch s8JKSItgSoWcO0/p0QEkaxaMDE1jipxw5bfe13jbCvc= contains sample tx 2427
[2026-04-19T03:26:56.111Z INFO  worker::batch_maker] Batch s8JKSItgSoWcO0/p0QEkaxaMDE1jipxw5bfe13jbCvc= contains 204800 B
[2026-04-19T03:26:56.115Z WARN  network::simple_sender] Failed to connect to 10.10.1.10:5046 (retry 0): Connection refused (os error 111)
[2026-04-19T03:26:56.116Z WARN  network::simple_sender] Failed to connect to 10.10.1.10:5046 (retry 0): Connection refused (os error 111)
[2026-04-19T03:26:56.120Z WARN  network::simple_sender] Failed to connect to 10.10.1.10:5046 (retry 0): Connection refused (os error 111)
[2026-04-19T03:26:56.126Z WARN  network::simple_sender] Failed to connect to 10.10.1.10:5046 (retry 0): Connection refused (os error 111)
[2026-04-19T03:26:56.128Z WARN  network::simple_sender] Failed to connect to 10.10.1.10:5046 (retry 0): Connection refused (os error 111)
[2026-04-19T03:26:56.131Z WARN  network::simple_sender] Failed to connect to 10.10.1.10:5046 (retry 0): Connection refused (os error 111)
[2026-04-19T03:26:56.140Z WARN  network::simple_sender] Failed to connect to 10.10.1.10:5046 (retry 0): Connection refused (os error 111)
[2026-04-19T03:26:56.144Z WARN  network::simple_sender] Failed to connect to 10.10.1.10:5046 (retry 0): Connection refused (os error 111)
[2026-04-19T03:26:56.145Z WARN  network::simple_sender] Failed to connect to 10.10.1.10:5046 (retry 0): Connection refused (os error 111)
[2026-04-19T03:26:56.162Z WARN  network::simple_sender] Failed to connect to 10.10.1.10:5046 (retry 0): Connection refused (os error 111)
[2026-04-19T03:26:56.165Z INFO  worker::batch_maker] Batch Zsd9EUhDbwew/GMoUVuH+d+dEjjib1igTw7moRq6fOo= contains sample tx 2428
[2026-04-19T03:26:56.165Z INFO  worker::batch_maker] Batch Zsd9EUhDbwew/GMoUVuH+d+dEjjib1igTw7moRq6fOo= contains 204800 B
[2026-04-19T03:26:56.169Z WARN  network::simple_sender] Failed to connect to 10.10.1.10:5046 (retry 0): Connection refused (os error 111)
[2026-04-19T03:26:56.172Z WARN  network::simple_sender] Failed to connect to 10.10.1.10:5046 (retry 0): Connection refused (os error 111)
[2026-04-19T03:26:56.178Z WARN  network::simple_sender] Failed to connect to 10.10.1.10:5046 (retry 0): Connection refused (os error 111)
[2026-04-19T03:26:56.182Z WARN  network::simple_sender] Failed to connect to 10.10.1.10:5046 (retry 0): Connection refused (os error 111)
[2026-04-19T03:26:56.185Z WARN  network::simple_sender] Failed to connect to 10.10.1.10:5046 (retry 0): Connection refused (os error 111)
[2026-04-19T03:26:56.193Z WARN  network::simple_sender] Failed to connect to 10.10.1.10:5046 (retry 0): Connection refused (os error 111)
[2026-04-19T03:26:56.197Z WARN  network::simple_sender] Failed to connect to 10.10.1.10:5046 (retry 0): Connection refused (os error 111)
[2026-04-19T03:26:56.198Z WARN  network::simple_sender] Failed to connect to 10.10.1.10:5046 (retry 0): Connection refused (os error 111)
[2026-04-19T03:26:56.219Z INFO  worker::batch_maker] Batch VRBvs6uYhqD91Hb93C1E/8ngYi3CVPWdYaYYc19Nz6g= contains sample tx 2429
[2026-04-19T03:26:56.219Z INFO  worker::batch_maker] Batch VRBvs6uYhqD91Hb93C1E/8ngYi3CVPWdYaYYc19Nz6g= contains 204800 B
[2026-04-19T03:26:56.222Z WARN  network::simple_sender] Failed to connect to 10.10.1.10:5046 (retry 0): Connection refused (os error 111)
[2026-04-19T03:26:56.225Z WARN  network::simple_sender] Failed to connect to 10.10.1.10:5046 (retry 0): Connection refused (os error 111)
[2026-04-19T03:26:56.225Z WARN  network::simple_sender] Failed to connect to 10.10.1.10:5046 (retry 0): Connection refused (os error 111)
[2026-04-19T03:26:56.227Z WARN  network::simple_sender] Failed to connect to 10.10.1.10:5046 (retry 0): Connection refused (os error 111)
[2026-04-19T03:26:56.231Z WARN  network::simple_sender] Failed to connect to 10.10.1.10:5046 (retry 0): Connection refused (os error 111)
[2026-04-19T03:26:56.234Z WARN  network::simple_sender] Failed to connect to 10.10.1.10:5046 (retry 0): Connection refused (os error 111)
[2026-04-19T03:26:56.239Z WARN  network::simple_sender] Failed to connect to 10.10.1.10:5046 (retry 0): Connection refused (os error 111)
[2026-04-19T03:26:56.246Z WARN  network::simple_sender] Failed to connect to 10.10.1.10:5046 (retry 0): Connection refused (os error 111)
[2026-04-19T03:26:56.249Z WARN  network::simple_sender] Failed to connect to 10.10.1.10:5046 (retry 0): Connection refused (os error 111)
[2026-04-19T03:26:56.252Z WARN  network::simple_sender] Failed to connect to 10.10.1.10:5046 (retry 0): Connection refused (os error 111)
[2026-04-19T03:26:56.271Z INFO  worker::batch_maker] Batch CJIZcX5gV524tPgBBwk1L9tB+LkGwLyAnyGRpgWLCnA= contains sample tx 2430
[2026-04-19T03:26:56.271Z INFO  worker::batch_maker] Batch CJIZcX5gV524tPgBBwk1L9tB+LkGwLyAnyGRpgWLCnA= contains 204800 B
[2026-04-19T03:26:56.271Z WARN  network::simple_sender] Failed to connect to 10.10.1.10:5046 (retry 0): Connection refused (os error 111)
[2026-04-19T03:26:56.277Z WARN  network::simple_sender] Failed to connect to 10.10.1.10:5046 (retry 0): Connection refused (os error 111)
[2026-04-19T03:26:56.281Z WARN  network::simple_sender] Failed to connect to 10.10.1.10:5046 (retry 0): Connection refused (os error 111)
[2026-04-19T03:26:56.284Z WARN  network::simple_sender] Failed to connect to 10.10.1.10:5046 (retry 0): Connection refused (os error 111)
[2026-04-19T03:26:56.288Z WARN  network::simple_sender] Failed to connect to 10.10.1.10:5046 (retry 0): Connection refused (os error 111)
[2026-04-19T03:26:56.293Z WARN  network::simple_sender] Failed to connect to 10.10.1.10:5046 (retry 0): Connection refused (os error 111)
[2026-04-19T03:26:56.299Z WARN  network::simple_sender] Failed to connect to 10.10.1.10:5046 (retry 0): Connection refused (os error 111)
[2026-04-19T03:26:56.302Z WARN  network::simple_sender] Failed to connect to 10.10.1.10:5046 (retry 0): Connection refused (os error 111)
[2026-04-19T03:26:56.305Z WARN  network::simple_sender] Failed to connect to 10.10.1.10:5046 (retry 0): Connection refused (os error 111)
[2026-04-19T03:26:56.324Z WARN  network::simple_sender] Failed to connect to 10.10.1.10:5046 (retry 0): Connection refused (os error 111)
[2026-04-19T03:26:56.325Z INFO  worker::batch_maker] Batch pmN/PCiwqLcFV9Z2H1MoQL83HYA67NjvO6sxIC6l9zc= contains sample tx 2431
[2026-04-19T03:26:56.325Z INFO  worker::batch_maker] Batch pmN/PCiwqLcFV9Z2H1MoQL83HYA67NjvO6sxIC6l9zc= contains 204800 B
[2026-04-19T03:26:56.329Z WARN  network::simple_sender] Failed to connect to 10.10.1.10:5046 (retry 0): Connection refused (os error 111)
[2026-04-19T03:26:56.329Z WARN  network::simple_sender] Failed to connect to 10.10.1.10:5046 (retry 0): Connection refused (os error 111)
[2026-04-19T03:26:56.332Z WARN  network::simple_sender] Failed to connect to 10.10.1.10:5046 (retry 0): Connection refused (os error 111)
[2026-04-19T03:26:56.338Z WARN  network::simple_sender] Failed to connect to 10.10.1.10:5046 (retry 0): Connection refused (os error 111)
[2026-04-19T03:26:56.342Z WARN  network::simple_sender] Failed to connect to 10.10.1.10:5046 (retry 0): Connection refused (os error 111)
[2026-04-19T03:26:56.346Z WARN  network::simple_sender] Failed to connect to 10.10.1.10:5046 (retry 0): Connection refused (os error 111)
[2026-04-19T03:26:56.355Z WARN  network::simple_sender] Failed to connect to 10.10.1.10:5046 (retry 0): Connection refused (os error 111)
[2026-04-19T03:26:56.360Z WARN  network::simple_sender] Failed to connect to 10.10.1.10:5046 (retry 0): Connection refused (os error 111)
[2026-04-19T03:26:56.362Z WARN  network::simple_sender] Failed to connect to 10.10.1.10:5046 (retry 0): Connection refused (os error 111)
[2026-04-19T03:26:56.378Z INFO  worker::batch_maker] Batch EPRLNtvt7rYgzfJD4oOpkwk+G0esjBQ0Hur6siQ+Wto= contains sample tx 2432
[2026-04-19T03:26:56.378Z INFO  worker::batch_maker] Batch EPRLNtvt7rYgzfJD4oOpkwk+G0esjBQ0Hur6siQ+Wto= contains 204800 B
[2026-04-19T03:26:56.382Z WARN  network::simple_sender] Failed to connect to 10.10.1.10:5046 (retry 0): Connection refused (os error 111)
[2026-04-19T03:26:56.384Z WARN  network::simple_sender] Failed to connect to 10.10.1.10:5046 (retry 0): Connection refused (os error 111)
[2026-04-19T03:26:56.386Z WARN  network::simple_sender] Failed to connect to 10.10.1.10:5046 (retry 0): Connection refused (os error 111)
[2026-04-19T03:26:56.391Z WARN  network::simple_sender] Failed to connect to 10.10.1.10:5046 (retry 0): Connection refused (os error 111)
[2026-04-19T03:26:56.393Z WARN  network::simple_sender] Failed to connect to 10.10.1.10:5046 (retry 0): Connection refused (os error 111)
[2026-04-19T03:26:56.400Z WARN  network::simple_sender] Failed to connect to 10.10.1.10:5046 (retry 0): Connection refused (os error 111)
[2026-04-19T03:26:56.407Z WARN  network::simple_sender] Failed to connect to 10.10.1.10:5046 (retry 0): Connection refused (os error 111)
[2026-04-19T03:26:56.409Z WARN  network::simple_sender] Failed to connect to 10.10.1.10:5046 (retry 0): Connection refused (os error 111)
[2026-04-19T03:26:56.413Z WARN  network::simple_sender] Failed to connect to 10.10.1.10:5046 (retry 0): Connection refused (os error 111)
[2026-04-19T03:26:56.432Z INFO  worker::batch_maker] Batch jyq/R/P5v1Mm8GYWKxd6IjbHcDWu81ExyoR9TdLOk9k= contains sample tx 2433
[2026-04-19T03:26:56.432Z INFO  worker::batch_maker] Batch jyq/R/P5v1Mm8GYWKxd6IjbHcDWu81ExyoR9TdLOk9k= contains 204800 B
[2026-04-19T03:26:56.434Z WARN  network::simple_sender] Failed to connect to 10.10.1.10:5046 (retry 0): Connection refused (os error 111)
[2026-04-19T03:26:56.436Z WARN  network::simple_sender] Failed to connect to 10.10.1.10:5046 (retry 0): Connection refused (os error 111)
[2026-04-19T03:26:56.436Z WARN  network::simple_sender] Failed to connect to 10.10.1.10:5046 (retry 0): Connection refused (os error 111)
[2026-04-19T03:26:56.439Z WARN  network::simple_sender] Failed to connect to 10.10.1.10:5046 (retry 0): Connection refused (os error 111)
[2026-04-19T03:26:56.444Z WARN  network::simple_sender] Failed to connect to 10.10.1.10:5046 (retry 0): Connection refused (os error 111)
[2026-04-19T03:26:56.447Z WARN  network::simple_sender] Failed to connect to 10.10.1.10:5046 (retry 0): Connection refused (os error 111)
[2026-04-19T03:26:56.455Z WARN  network::simple_sender] Failed to connect to 10.10.1.10:5046 (retry 0): Connection refused (os error 111)
[2026-04-19T03:26:56.458Z WARN  network::simple_sender] Failed to connect to 10.10.1.10:5046 (retry 0): Connection refused (os error 111)
[2026-04-19T03:26:56.459Z WARN  network::simple_sender] Failed to connect to 10.10.1.10:5046 (retry 0): Connection refused (os error 111)
[2026-04-19T03:26:56.485Z INFO  worker::batch_maker] Batch /mxOf3dQFhO8DrHFbrbtsuLcHrovEs50xmTL5ohn82E= contains sample tx 2434
[2026-04-19T03:26:56.486Z INFO  worker::batch_maker] Batch /mxOf3dQFhO8DrHFbrbtsuLcHrovEs50xmTL5ohn82E= contains 204800 B
[2026-04-19T03:26:56.490Z WARN  network::simple_sender] Failed to connect to 10.10.1.10:5046 (retry 0): Connection refused (os error 111)
[2026-04-19T03:26:56.492Z WARN  network::simple_sender] Failed to connect to 10.10.1.10:5046 (retry 0): Connection refused (os error 111)
[2026-04-19T03:26:56.493Z WARN  network::simple_sender] Failed to connect to 10.10.1.10:5046 (retry 0): Connection refused (os error 111)
[2026-04-19T03:26:56.496Z WARN  network::simple_sender] Failed to connect to 10.10.1.10:5046 (retry 0): Connection refused (os error 111)
[2026-04-19T03:26:56.501Z WARN  network::simple_sender] Failed to connect to 10.10.1.10:5046 (retry 0): Connection refused (os error 111)
[2026-04-19T03:26:56.507Z WARN  network::simple_sender] Failed to connect to 10.10.1.10:5046 (retry 0): Connection refused (os error 111)
[2026-04-19T03:26:56.510Z WARN  network::simple_sender] Failed to connect to 10.10.1.10:5046 (retry 0): Connection refused (os error 111)
[2026-04-19T03:26:56.519Z WARN  network::simple_sender] Failed to connect to 10.10.1.10:5046 (retry 0): Connection refused (os error 111)
[2026-04-19T03:26:56.520Z WARN  network::simple_sender] Failed to connect to 10.10.1.10:5046 (retry 0): Connection refused (os error 111)
[2026-04-19T03:26:56.539Z INFO  worker::batch_maker] Batch Z/RnrEpiD+libUGpTofQx72+LWlsGyJ5mIVGwHGycgU= contains sample tx 2435
[2026-04-19T03:26:56.539Z INFO  worker::batch_maker] Batch Z/RnrEpiD+libUGpTofQx72+LWlsGyJ5mIVGwHGycgU= contains 204800 B
[2026-04-19T03:26:56.540Z WARN  network::simple_sender] Failed to connect to 10.10.1.10:5046 (retry 0): Connection refused (os error 111)
[2026-04-19T03:26:56.543Z WARN  network::simple_sender] Failed to connect to 10.10.1.10:5046 (retry 0): Connection refused (os error 111)
[2026-04-19T03:26:56.545Z WARN  network::simple_sender] Failed to connect to 10.10.1.10:5046 (retry 0): Connection refused (os error 111)
[2026-04-19T03:26:56.547Z WARN  network::simple_sender] Failed to connect to 10.10.1.10:5046 (retry 0): Connection refused (os error 111)
[2026-04-19T03:26:56.550Z WARN  network::simple_sender] Failed to connect to 10.10.1.10:5046 (retry 0): Connection refused (os error 111)
[2026-04-19T03:26:56.554Z WARN  network::simple_sender] Failed to connect to 10.10.1.10:5046 (retry 0): Connection refused (os error 111)
[2026-04-19T03:26:56.562Z WARN  network::simple_sender] Failed to connect to 10.10.1.10:5046 (retry 0): Connection refused (os error 111)
[2026-04-19T03:26:56.564Z WARN  network::simple_sender] Failed to connect to 10.10.1.10:5046 (retry 0): Connection refused (os error 111)
[2026-04-19T03:26:56.571Z WARN  network::simple_sender] Failed to connect to 10.10.1.10:5046 (retry 0): Connection refused (os error 111)
[2026-04-19T03:26:56.572Z WARN  network::simple_sender] Failed to connect to 10.10.1.10:5046 (retry 0): Connection refused (os error 111)
[2026-04-19T03:26:56.593Z INFO  worker::batch_maker] Batch dLUMuDdC2gFpl1E+Z7P6/80ucPaBeyVorOZ8+ghQZzc= contains sample tx 2436
[2026-04-19T03:26:56.593Z INFO  worker::batch_maker] Batch dLUMuDdC2gFpl1E+Z7P6/80ucPaBeyVorOZ8+ghQZzc= contains 204800 B
[2026-04-19T03:26:56.597Z WARN  network::simple_sender] Failed to connect to 10.10.1.10:5046 (retry 0): Connection refused (os error 111)
[2026-04-19T03:26:56.598Z WARN  network::simple_sender] Failed to connect to 10.10.1.10:5046 (retry 0): Connection refused (os error 111)
[2026-04-19T03:26:56.603Z WARN  network::simple_sender] Failed to connect to 10.10.1.10:5046 (retry 0): Connection refused (os error 111)
[2026-04-19T03:26:56.607Z WARN  network::simple_sender] Failed to connect to 10.10.1.10:5046 (retry 0): Connection refused (os error 111)
[2026-04-19T03:26:56.609Z WARN  network::simple_sender] Failed to connect to 10.10.1.10:5046 (retry 0): Connection refused (os error 111)
[2026-04-19T03:26:56.615Z WARN  network::simple_sender] Failed to connect to 10.10.1.10:5046 (retry 0): Connection refused (os error 111)
[2026-04-19T03:26:56.617Z WARN  network::simple_sender] Failed to connect to 10.10.1.10:5046 (retry 0): Connection refused (os error 111)
[2026-04-19T03:26:56.624Z WARN  network::simple_sender] Failed to connect to 10.10.1.10:5046 (retry 0): Connection refused (os error 111)
[2026-04-19T03:26:56.626Z WARN  network::simple_sender] Failed to connect to 10.10.1.10:5046 (retry 0): Connection refused (os error 111)
[2026-04-19T03:26:56.645Z INFO  worker::batch_maker] Batch PNDcKiQKW2dpSe/0HSPTYSOlYoCcJpn9U1PA5J/jld4= contains sample tx 2437
[2026-04-19T03:26:56.645Z INFO  worker::batch_maker] Batch PNDcKiQKW2dpSe/0HSPTYSOlYoCcJpn9U1PA5J/jld4= contains 204800 B
[2026-04-19T03:26:56.649Z WARN  network::simple_sender] Failed to connect to 10.10.1.10:5046 (retry 0): Connection refused (os error 111)
[2026-04-19T03:26:56.651Z WARN  network::simple_sender] Failed to connect to 10.10.1.10:5046 (retry 0): Connection refused (os error 111)
[2026-04-19T03:26:56.658Z WARN  network::simple_sender] Failed to connect to 10.10.1.10:5046 (retry 0): Connection refused (os error 111)
[2026-04-19T03:26:56.661Z WARN  network::simple_sender] Failed to connect to 10.10.1.10:5046 (retry 0): Connection refused (os error 111)
[2026-04-19T03:26:56.667Z WARN  network::simple_sender] Failed to connect to 10.10.1.10:5046 (retry 0): Connection refused (os error 111)
[2026-04-19T03:26:56.669Z WARN  network::simple_sender] Failed to connect to 10.10.1.10:5046 (retry 0): Connection refused (os error 111)
[2026-04-19T03:26:56.677Z WARN  network::simple_sender] Failed to connect to 10.10.1.10:5046 (retry 0): Connection refused (os error 111)
[2026-04-19T03:26:56.681Z WARN  network::simple_sender] Failed to connect to 10.10.1.10:5046 (retry 0): Connection refused (os error 111)
[2026-04-19T03:26:56.684Z WARN  network::simple_sender] Failed to connect to 10.10.1.10:5046 (retry 0): Connection refused (os error 111)
[2026-04-19T03:26:56.699Z INFO  worker::batch_maker] Batch Per15w4YL+iULSZiFvPXZAB1Mu0EkksTZfWoLreIis8= contains sample tx 2438
[2026-04-19T03:26:56.699Z INFO  worker::batch_maker] Batch Per15w4YL+iULSZiFvPXZAB1Mu0EkksTZfWoLreIis8= contains 204800 B
[2026-04-19T03:26:56.703Z WARN  network::simple_sender] Failed to connect to 10.10.1.10:5046 (retry 0): Connection refused (os error 111)
[2026-04-19T03:26:56.705Z WARN  network::simple_sender] Failed to connect to 10.10.1.10:5046 (retry 0): Connection refused (os error 111)
[2026-04-19T03:26:56.713Z WARN  network::simple_sender] Failed to connect to 10.10.1.10:5046 (retry 0): Connection refused (os error 111)
[2026-04-19T03:26:56.716Z WARN  network::simple_sender] Failed to connect to 10.10.1.10:5046 (retry 0): Connection refused (os error 111)
[2026-04-19T03:26:56.720Z WARN  network::simple_sender] Failed to connect to 10.10.1.10:5046 (retry 0): Connection refused (os error 111)
[2026-04-19T03:26:56.722Z WARN  network::simple_sender] Failed to connect to 10.10.1.10:5046 (retry 0): Connection refused (os error 111)
[2026-04-19T03:26:56.730Z WARN  network::simple_sender] Failed to connect to 10.10.1.10:5046 (retry 0): Connection refused (os error 111)
[2026-04-19T03:26:56.733Z WARN  network::simple_sender] Failed to connect to 10.10.1.10:5046 (retry 0): Connection refused (os error 111)
[2026-04-19T03:26:56.736Z WARN  network::simple_sender] Failed to connect to 10.10.1.10:5046 (retry 0): Connection refused (os error 111)
[2026-04-19T03:26:56.754Z INFO  worker::batch_maker] Batch WxGNMEHpTO6BEuU/h/UIvvrkX0LklzfSie+qc8U2QKE= contains sample tx 2439
[2026-04-19T03:26:56.755Z INFO  worker::batch_maker] Batch WxGNMEHpTO6BEuU/h/UIvvrkX0LklzfSie+qc8U2QKE= contains 204800 B
[2026-04-19T03:26:56.755Z WARN  network::simple_sender] Failed to connect to 10.10.1.10:5046 (retry 0): Connection refused (os error 111)
[2026-04-19T03:26:56.758Z WARN  network::simple_sender] Failed to connect to 10.10.1.10:5046 (retry 0): Connection refused (os error 111)
[2026-04-19T03:26:56.763Z WARN  network::simple_sender] Failed to connect to 10.10.1.10:5046 (retry 0): Connection refused (os error 111)
[2026-04-19T03:26:56.765Z WARN  network::simple_sender] Failed to connect to 10.10.1.10:5046 (retry 0): Connection refused (os error 111)
[2026-04-19T03:26:56.769Z WARN  network::simple_sender] Failed to connect to 10.10.1.10:5046 (retry 0): Connection refused (os error 111)
[2026-04-19T03:26:56.771Z WARN  network::simple_sender] Failed to connect to 10.10.1.10:5046 (retry 0): Connection refused (os error 111)
[2026-04-19T03:26:56.772Z WARN  network::simple_sender] Failed to connect to 10.10.1.10:5046 (retry 0): Connection refused (os error 111)
[2026-04-19T03:26:56.781Z WARN  network::simple_sender] Failed to connect to 10.10.1.10:5046 (retry 0): Connection refused (os error 111)
[2026-04-19T03:26:56.782Z WARN  network::simple_sender] Failed to connect to 10.10.1.10:5046 (retry 0): Connection refused (os error 111)
[2026-04-19T03:26:56.784Z WARN  network::simple_sender] Failed to connect to 10.10.1.10:5046 (retry 0): Connection refused (os error 111)
[2026-04-19T03:26:56.806Z WARN  network::simple_sender] Failed to connect to 10.10.1.10:5046 (retry 0): Connection refused (os error 111)
[2026-04-19T03:26:56.808Z INFO  worker::batch_maker] Batch 5HqA5oXlVatjaH7/j1ahsOgjEvkW6xfyujIvj41D2aQ= contains sample tx 2440
[2026-04-19T03:26:56.808Z INFO  worker::batch_maker] Batch 5HqA5oXlVatjaH7/j1ahsOgjEvkW6xfyujIvj41D2aQ= contains sample tx 2441
[2026-04-19T03:26:56.808Z INFO  worker::batch_maker] Batch 5HqA5oXlVatjaH7/j1ahsOgjEvkW6xfyujIvj41D2aQ= contains 409600 B
[2026-04-19T03:26:56.811Z WARN  network::simple_sender] Failed to connect to 10.10.1.10:5046 (retry 0): Connection refused (os error 111)
[2026-04-19T03:26:56.814Z WARN  network::simple_sender] Failed to connect to 10.10.1.10:5046 (retry 0): Connection refused (os error 111)
[2026-04-19T03:26:56.814Z WARN  network::simple_sender] Failed to connect to 10.10.1.10:5046 (retry 0): Connection refused (os error 111)
[2026-04-19T03:26:56.820Z WARN  network::simple_sender] Failed to connect to 10.10.1.10:5046 (retry 0): Connection refused (os error 111)
[2026-04-19T03:26:56.821Z WARN  network::simple_sender] Failed to connect to 10.10.1.10:5046 (retry 0): Connection refused (os error 111)
[2026-04-19T03:26:56.822Z WARN  network::simple_sender] Failed to connect to 10.10.1.10:5046 (retry 0): Connection refused (os error 111)
[2026-04-19T03:26:56.832Z WARN  network::simple_sender] Failed to connect to 10.10.1.10:5046 (retry 0): Connection refused (os error 111)
[2026-04-19T03:26:56.834Z WARN  network::simple_sender] Failed to connect to 10.10.1.10:5046 (retry 0): Connection refused (os error 111)
[2026-04-19T03:26:56.835Z WARN  network::simple_sender] Failed to connect to 10.10.1.10:5046 (retry 0): Connection refused (os error 111)
[2026-04-19T03:26:56.860Z INFO  worker::batch_maker] Batch nBl6xaqaUsaFNVJbRWR+vQm6mhH+pbjsslDZE3Fifas= contains sample tx 2442
[2026-04-19T03:26:56.860Z INFO  worker::batch_maker] Batch nBl6xaqaUsaFNVJbRWR+vQm6mhH+pbjsslDZE3Fifas= contains 204800 B
[2026-04-19T03:26:56.862Z WARN  network::simple_sender] Failed to connect to 10.10.1.10:5046 (retry 0): Connection refused (os error 111)
[2026-04-19T03:26:56.863Z WARN  network::simple_sender] Failed to connect to 10.10.1.10:5046 (retry 0): Connection refused (os error 111)
[2026-04-19T03:26:56.865Z WARN  network::simple_sender] Failed to connect to 10.10.1.10:5046 (retry 0): Connection refused (os error 111)
[2026-04-19T03:26:56.867Z WARN  network::simple_sender] Failed to connect to 10.10.1.10:5046 (retry 0): Connection refused (os error 111)
[2026-04-19T03:26:56.873Z WARN  network::simple_sender] Failed to connect to 10.10.1.10:5046 (retry 0): Connection refused (os error 111)
[2026-04-19T03:26:56.874Z WARN  network::simple_sender] Failed to connect to 10.10.1.10:5046 (retry 0): Connection refused (os error 111)
[2026-04-19T03:26:56.883Z WARN  network::simple_sender] Failed to connect to 10.10.1.10:5046 (retry 0): Connection refused (os error 111)
[2026-04-19T03:26:56.886Z WARN  network::simple_sender] Failed to connect to 10.10.1.10:5046 (retry 0): Connection refused (os error 111)
[2026-04-19T03:26:56.887Z WARN  network::simple_sender] Failed to connect to 10.10.1.10:5046 (retry 0): Connection refused (os error 111)
[2026-04-19T03:26:56.888Z WARN  network::simple_sender] Failed to connect to 10.10.1.10:5046 (retry 0): Connection refused (os error 111)
[2026-04-19T03:26:56.912Z INFO  worker::batch_maker] Batch q8IoHbkS1UJL0n2UEtf3DbhypqFfP8ND7yaqcXrJr0I= contains sample tx 2443
[2026-04-19T03:26:56.912Z INFO  worker::batch_maker] Batch q8IoHbkS1UJL0n2UEtf3DbhypqFfP8ND7yaqcXrJr0I= contains 204800 B
[2026-04-19T03:26:56.915Z WARN  network::simple_sender] Failed to connect to 10.10.1.10:5046 (retry 0): Connection refused (os error 111)
[2026-04-19T03:26:56.916Z WARN  network::simple_sender] Failed to connect to 10.10.1.10:5046 (retry 0): Connection refused (os error 111)
[2026-04-19T03:26:56.919Z WARN  network::simple_sender] Failed to connect to 10.10.1.10:5046 (retry 0): Connection refused (os error 111)
[2026-04-19T03:26:56.921Z WARN  network::simple_sender] Failed to connect to 10.10.1.10:5046 (retry 0): Connection refused (os error 111)
[2026-04-19T03:26:56.926Z WARN  network::simple_sender] Failed to connect to 10.10.1.10:5046 (retry 0): Connection refused (os error 111)
[2026-04-19T03:26:56.927Z WARN  network::simple_sender] Failed to connect to 10.10.1.10:5046 (retry 0): Connection refused (os error 111)
[2026-04-19T03:26:56.937Z WARN  network::simple_sender] Failed to connect to 10.10.1.10:5046 (retry 0): Connection refused (os error 111)
[2026-04-19T03:26:56.938Z WARN  network::simple_sender] Failed to connect to 10.10.1.10:5046 (retry 0): Connection refused (os error 111)
[2026-04-19T03:26:56.940Z WARN  network::simple_sender] Failed to connect to 10.10.1.10:5046 (retry 0): Connection refused (os error 111)
[2026-04-19T03:26:56.941Z WARN  network::simple_sender] Failed to connect to 10.10.1.10:5046 (retry 0): Connection refused (os error 111)
[2026-04-19T03:26:56.964Z INFO  worker::batch_maker] Batch sofZt/r7WC6z8RvU6PnUUIJ5kqwAxd56KVY+Mk6Rbag= contains sample tx 2444
[2026-04-19T03:26:56.965Z INFO  worker::batch_maker] Batch sofZt/r7WC6z8RvU6PnUUIJ5kqwAxd56KVY+Mk6Rbag= contains 204800 B
[2026-04-19T03:26:56.967Z WARN  network::simple_sender] Failed to connect to 10.10.1.10:5046 (retry 0): Connection refused (os error 111)
[2026-04-19T03:26:56.969Z WARN  network::simple_sender] Failed to connect to 10.10.1.10:5046 (retry 0): Connection refused (os error 111)
[2026-04-19T03:26:56.973Z WARN  network::simple_sender] Failed to connect to 10.10.1.10:5046 (retry 0): Connection refused (os error 111)
[2026-04-19T03:26:56.979Z WARN  network::simple_sender] Failed to connect to 10.10.1.10:5046 (retry 0): Connection refused (os error 111)
[2026-04-19T03:26:56.980Z WARN  network::simple_sender] Failed to connect to 10.10.1.10:5046 (retry 0): Connection refused (os error 111)
[2026-04-19T03:26:56.990Z WARN  network::simple_sender] Failed to connect to 10.10.1.10:5046 (retry 0): Connection refused (os error 111)
[2026-04-19T03:26:56.991Z WARN  network::simple_sender] Failed to connect to 10.10.1.10:5046 (retry 0): Connection refused (os error 111)
[2026-04-19T03:26:56.993Z WARN  network::simple_sender] Failed to connect to 10.10.1.10:5046 (retry 0): Connection refused (os error 111)
[2026-04-19T03:26:56.996Z WARN  network::simple_sender] Failed to connect to 10.10.1.10:5046 (retry 0): Connection refused (os error 111)
[2026-04-19T03:26:57.016Z INFO  worker::batch_maker] Batch eFinJnmDfeiYNzNUHNO1m1Ngnafjsfv+p5wlIbKHnUM= contains sample tx 2445
[2026-04-19T03:26:57.016Z INFO  worker::batch_maker] Batch eFinJnmDfeiYNzNUHNO1m1Ngnafjsfv+p5wlIbKHnUM= contains 204800 B
[2026-04-19T03:26:57.019Z WARN  network::simple_sender] Failed to connect to 10.10.1.10:5046 (retry 0): Connection refused (os error 111)
[2026-04-19T03:26:57.020Z WARN  network::simple_sender] Failed to connect to 10.10.1.10:5046 (retry 0): Connection refused (os error 111)
[2026-04-19T03:26:57.021Z WARN  network::simple_sender] Failed to connect to 10.10.1.10:5046 (retry 0): Connection refused (os error 111)
[2026-04-19T03:26:57.026Z WARN  network::simple_sender] Failed to connect to 10.10.1.10:5046 (retry 0): Connection refused (os error 111)
[2026-04-19T03:26:57.033Z WARN  network::simple_sender] Failed to connect to 10.10.1.10:5046 (retry 0): Connection refused (os error 111)
[2026-04-19T03:26:57.033Z WARN  network::simple_sender] Failed to connect to 10.10.1.10:5046 (retry 0): Connection refused (os error 111)
[2026-04-19T03:26:57.042Z WARN  network::simple_sender] Failed to connect to 10.10.1.10:5046 (retry 0): Connection refused (os error 111)
[2026-04-19T03:26:57.045Z WARN  network::simple_sender] Failed to connect to 10.10.1.10:5046 (retry 0): Connection refused (os error 111)
[2026-04-19T03:26:57.045Z WARN  network::simple_sender] Failed to connect to 10.10.1.10:5046 (retry 0): Connection refused (os error 111)
[2026-04-19T03:26:57.050Z WARN  network::simple_sender] Failed to connect to 10.10.1.10:5046 (retry 0): Connection refused (os error 111)
[2026-04-19T03:26:57.069Z INFO  worker::batch_maker] Batch CK/HGDQcdi5HZoKUkgrpHKFyPxAFmuwaoPc0RefHaa8= contains sample tx 2446
[2026-04-19T03:26:57.069Z INFO  worker::batch_maker] Batch CK/HGDQcdi5HZoKUkgrpHKFyPxAFmuwaoPc0RefHaa8= contains 204800 B
[2026-04-19T03:26:57.071Z WARN  network::simple_sender] Failed to connect to 10.10.1.10:5046 (retry 0): Connection refused (os error 111)
[2026-04-19T03:26:57.074Z WARN  network::simple_sender] Failed to connect to 10.10.1.10:5046 (retry 0): Connection refused (os error 111)
[2026-04-19T03:26:57.077Z WARN  network::simple_sender] Failed to connect to 10.10.1.10:5046 (retry 0): Connection refused (os error 111)
[2026-04-19T03:26:57.079Z WARN  network::simple_sender] Failed to connect to 10.10.1.10:5046 (retry 0): Connection refused (os error 111)
[2026-04-19T03:26:57.087Z WARN  network::simple_sender] Failed to connect to 10.10.1.10:5046 (retry 0): Connection refused (os error 111)
[2026-04-19T03:26:57.087Z WARN  network::simple_sender] Failed to connect to 10.10.1.10:5046 (retry 0): Connection refused (os error 111)
[2026-04-19T03:26:57.096Z WARN  network::simple_sender] Failed to connect to 10.10.1.10:5046 (retry 0): Connection refused (os error 111)
[2026-04-19T03:26:57.098Z WARN  network::simple_sender] Failed to connect to 10.10.1.10:5046 (retry 0): Connection refused (os error 111)
[2026-04-19T03:26:57.100Z WARN  network::simple_sender] Failed to connect to 10.10.1.10:5046 (retry 0): Connection refused (os error 111)
[2026-04-19T03:26:57.102Z WARN  network::simple_sender] Failed to connect to 10.10.1.10:5046 (retry 0): Connection refused (os error 111)
[2026-04-19T03:26:57.120Z INFO  worker::batch_maker] Batch T7hxxCIu5jpYjHor62jmmHC+0Dq1r82l7HawXOifGKs= contains sample tx 2447
[2026-04-19T03:26:57.120Z INFO  worker::batch_maker] Batch T7hxxCIu5jpYjHor62jmmHC+0Dq1r82l7HawXOifGKs= contains 204800 B
[2026-04-19T03:26:57.123Z WARN  network::simple_sender] Failed to connect to 10.10.1.10:5046 (retry 0): Connection refused (os error 111)
[2026-04-19T03:26:57.128Z WARN  network::simple_sender] Failed to connect to 10.10.1.10:5046 (retry 0): Connection refused (os error 111)
[2026-04-19T03:26:57.129Z WARN  network::simple_sender] Failed to connect to 10.10.1.10:5046 (retry 0): Connection refused (os error 111)
[2026-04-19T03:26:57.132Z WARN  network::simple_sender] Failed to connect to 10.10.1.10:5046 (retry 0): Connection refused (os error 111)
[2026-04-19T03:26:57.140Z WARN  network::simple_sender] Failed to connect to 10.10.1.10:5046 (retry 0): Connection refused (os error 111)
[2026-04-19T03:26:57.140Z WARN  network::simple_sender] Failed to connect to 10.10.1.10:5046 (retry 0): Connection refused (os error 111)
[2026-04-19T03:26:57.149Z WARN  network::simple_sender] Failed to connect to 10.10.1.10:5046 (retry 0): Connection refused (os error 111)
[2026-04-19T03:26:57.151Z WARN  network::simple_sender] Failed to connect to 10.10.1.10:5046 (retry 0): Connection refused (os error 111)
[2026-04-19T03:26:57.152Z WARN  network::simple_sender] Failed to connect to 10.10.1.10:5046 (retry 0): Connection refused (os error 111)
[2026-04-19T03:26:57.155Z WARN  network::simple_sender] Failed to connect to 10.10.1.10:5046 (retry 0): Connection refused (os error 111)
[2026-04-19T03:26:57.172Z INFO  worker::batch_maker] Batch ZNsCZyi/LvHWQ/fhoBBWnArpzYwVT+IdsFlK+D7MzMQ= contains sample tx 2448
[2026-04-19T03:26:57.172Z INFO  worker::batch_maker] Batch ZNsCZyi/LvHWQ/fhoBBWnArpzYwVT+IdsFlK+D7MzMQ= contains 204800 B
[2026-04-19T03:26:57.175Z WARN  network::simple_sender] Failed to connect to 10.10.1.10:5046 (retry 0): Connection refused (os error 111)
[2026-04-19T03:26:57.182Z WARN  network::simple_sender] Failed to connect to 10.10.1.10:5046 (retry 0): Connection refused (os error 111)
[2026-04-19T03:26:57.183Z WARN  network::simple_sender] Failed to connect to 10.10.1.10:5046 (retry 0): Connection refused (os error 111)
[2026-04-19T03:26:57.185Z WARN  network::simple_sender] Failed to connect to 10.10.1.10:5046 (retry 0): Connection refused (os error 111)
[2026-04-19T03:26:57.194Z WARN  network::simple_sender] Failed to connect to 10.10.1.10:5046 (retry 0): Connection refused (os error 111)
[2026-04-19T03:26:57.202Z WARN  network::simple_sender] Failed to connect to 10.10.1.10:5046 (retry 0): Connection refused (os error 111)
[2026-04-19T03:26:57.202Z WARN  network::simple_sender] Failed to connect to 10.10.1.10:5046 (retry 0): Connection refused (os error 111)
[2026-04-19T03:26:57.204Z WARN  network::simple_sender] Failed to connect to 10.10.1.10:5046 (retry 0): Connection refused (os error 111)
[2026-04-19T03:26:57.205Z WARN  network::simple_sender] Failed to connect to 10.10.1.10:5046 (retry 0): Connection refused (os error 111)
[2026-04-19T03:26:57.208Z WARN  network::simple_sender] Failed to connect to 10.10.1.10:5046 (retry 0): Connection refused (os error 111)
[2026-04-19T03:26:57.225Z INFO  worker::batch_maker] Batch 0P0fE/7/+XYL7x53JlQtGfGrYc60ukCN7O0daxar4bY= contains sample tx 2449
[2026-04-19T03:26:57.225Z INFO  worker::batch_maker] Batch 0P0fE/7/+XYL7x53JlQtGfGrYc60ukCN7O0daxar4bY= contains 204800 B
[2026-04-19T03:26:57.228Z WARN  network::simple_sender] Failed to connect to 10.10.1.10:5046 (retry 0): Connection refused (os error 111)
[2026-04-19T03:26:57.235Z WARN  network::simple_sender] Failed to connect to 10.10.1.10:5046 (retry 0): Connection refused (os error 111)
[2026-04-19T03:26:57.236Z WARN  network::simple_sender] Failed to connect to 10.10.1.10:5046 (retry 0): Connection refused (os error 111)
[2026-04-19T03:26:57.238Z WARN  network::simple_sender] Failed to connect to 10.10.1.10:5046 (retry 0): Connection refused (os error 111)
[2026-04-19T03:26:57.248Z WARN  network::simple_sender] Failed to connect to 10.10.1.10:5046 (retry 0): Connection refused (os error 111)
[2026-04-19T03:26:57.253Z WARN  network::simple_sender] Failed to connect to 10.10.1.10:5046 (retry 0): Connection refused (os error 111)
[2026-04-19T03:26:57.257Z WARN  network::simple_sender] Failed to connect to 10.10.1.10:5046 (retry 0): Connection refused (os error 111)
[2026-04-19T03:26:57.258Z WARN  network::simple_sender] Failed to connect to 10.10.1.10:5046 (retry 0): Connection refused (os error 111)
[2026-04-19T03:26:57.260Z WARN  network::simple_sender] Failed to connect to 10.10.1.10:5046 (retry 0): Connection refused (os error 111)
[2026-04-19T03:26:57.261Z WARN  network::simple_sender] Failed to connect to 10.10.1.10:5046 (retry 0): Connection refused (os error 111)
[2026-04-19T03:26:57.277Z INFO  worker::batch_maker] Batch c+quEQ9rrFGmD35dXNLQHzRT09ceX09RT50sRjC9tVw= contains sample tx 2450
[2026-04-19T03:26:57.277Z INFO  worker::batch_maker] Batch c+quEQ9rrFGmD35dXNLQHzRT09ceX09RT50sRjC9tVw= contains 204800 B
[2026-04-19T03:26:57.280Z WARN  network::simple_sender] Failed to connect to 10.10.1.10:5046 (retry 0): Connection refused (os error 111)
[2026-04-19T03:26:57.285Z WARN  network::simple_sender] Failed to connect to 10.10.1.10:5046 (retry 0): Connection refused (os error 111)
[2026-04-19T03:26:57.290Z WARN  network::simple_sender] Failed to connect to 10.10.1.10:5046 (retry 0): Connection refused (os error 111)
[2026-04-19T03:26:57.292Z WARN  network::simple_sender] Failed to connect to 10.10.1.10:5046 (retry 0): Connection refused (os error 111)
[2026-04-19T03:26:57.302Z WARN  network::simple_sender] Failed to connect to 10.10.1.10:5046 (retry 0): Connection refused (os error 111)
[2026-04-19T03:26:57.308Z WARN  network::simple_sender] Failed to connect to 10.10.1.10:5046 (retry 0): Connection refused (os error 111)
[2026-04-19T03:26:57.310Z WARN  network::simple_sender] Failed to connect to 10.10.1.10:5046 (retry 0): Connection refused (os error 111)
[2026-04-19T03:26:57.310Z WARN  network::simple_sender] Failed to connect to 10.10.1.10:5046 (retry 0): Connection refused (os error 111)
[2026-04-19T03:26:57.316Z WARN  network::simple_sender] Failed to connect to 10.10.1.10:5046 (retry 0): Connection refused (os error 111)
[2026-04-19T03:26:57.318Z WARN  network::simple_sender] Failed to connect to 10.10.1.10:5046 (retry 0): Connection refused (os error 111)
[2026-04-19T03:26:57.330Z INFO  worker::batch_maker] Batch 8U8C/nAjdFvs3SBjA345w5EELaqAwLKiKEzhKQDxOxc= contains sample tx 2451
[2026-04-19T03:26:57.330Z INFO  worker::batch_maker] Batch 8U8C/nAjdFvs3SBjA345w5EELaqAwLKiKEzhKQDxOxc= contains 204800 B
[2026-04-19T03:26:57.332Z WARN  network::simple_sender] Failed to connect to 10.10.1.10:5046 (retry 0): Connection refused (os error 111)
[2026-04-19T03:26:57.343Z WARN  network::simple_sender] Failed to connect to 10.10.1.10:5046 (retry 0): Connection refused (os error 111)
[2026-04-19T03:26:57.346Z WARN  network::simple_sender] Failed to connect to 10.10.1.10:5046 (retry 0): Connection refused (os error 111)
[2026-04-19T03:26:57.347Z WARN  network::simple_sender] Failed to connect to 10.10.1.10:5046 (retry 0): Connection refused (os error 111)
[2026-04-19T03:26:57.359Z WARN  network::simple_sender] Failed to connect to 10.10.1.10:5046 (retry 0): Connection refused (os error 111)
[2026-04-19T03:26:57.363Z WARN  network::simple_sender] Failed to connect to 10.10.1.10:5046 (retry 0): Connection refused (os error 111)
[2026-04-19T03:26:57.367Z WARN  network::simple_sender] Failed to connect to 10.10.1.10:5046 (retry 0): Connection refused (os error 111)
[2026-04-19T03:26:57.368Z WARN  network::simple_sender] Failed to connect to 10.10.1.10:5046 (retry 0): Connection refused (os error 111)
[2026-04-19T03:26:57.369Z WARN  network::simple_sender] Failed to connect to 10.10.1.10:5046 (retry 0): Connection refused (os error 111)
[2026-04-19T03:26:57.370Z WARN  network::simple_sender] Failed to connect to 10.10.1.10:5046 (retry 0): Connection refused (os error 111)
[2026-04-19T03:26:57.381Z INFO  worker::batch_maker] Batch z1zdbSEQDvs8yxajlsmCCx2761Xz4C16+xiqAUIPk7U= contains sample tx 2452
[2026-04-19T03:26:57.381Z INFO  worker::batch_maker] Batch z1zdbSEQDvs8yxajlsmCCx2761Xz4C16+xiqAUIPk7U= contains 204800 B
[2026-04-19T03:26:57.384Z WARN  network::simple_sender] Failed to connect to 10.10.1.10:5046 (retry 0): Connection refused (os error 111)
[2026-04-19T03:26:57.395Z WARN  network::simple_sender] Failed to connect to 10.10.1.10:5046 (retry 0): Connection refused (os error 111)
[2026-04-19T03:26:57.397Z WARN  network::simple_sender] Failed to connect to 10.10.1.10:5046 (retry 0): Connection refused (os error 111)
[2026-04-19T03:26:57.399Z WARN  network::simple_sender] Failed to connect to 10.10.1.10:5046 (retry 0): Connection refused (os error 111)
[2026-04-19T03:26:57.412Z WARN  network::simple_sender] Failed to connect to 10.10.1.10:5046 (retry 0): Connection refused (os error 111)
[2026-04-19T03:26:57.415Z WARN  network::simple_sender] Failed to connect to 10.10.1.10:5046 (retry 0): Connection refused (os error 111)
[2026-04-19T03:26:57.418Z WARN  network::simple_sender] Failed to connect to 10.10.1.10:5046 (retry 0): Connection refused (os error 111)
[2026-04-19T03:26:57.420Z WARN  network::simple_sender] Failed to connect to 10.10.1.10:5046 (retry 0): Connection refused (os error 111)
[2026-04-19T03:26:57.421Z WARN  network::simple_sender] Failed to connect to 10.10.1.10:5046 (retry 0): Connection refused (os error 111)
[2026-04-19T03:26:57.424Z WARN  network::simple_sender] Failed to connect to 10.10.1.10:5046 (retry 0): Connection refused (os error 111)
[2026-04-19T03:26:57.434Z INFO  worker::batch_maker] Batch 5twx7Nqy4gMagmloOvzS3N4e20v38vz4MwbCMGG1hXg= contains sample tx 2453
[2026-04-19T03:26:57.434Z INFO  worker::batch_maker] Batch 5twx7Nqy4gMagmloOvzS3N4e20v38vz4MwbCMGG1hXg= contains 204800 B
[2026-04-19T03:26:57.436Z WARN  network::simple_sender] Failed to connect to 10.10.1.10:5046 (retry 0): Connection refused (os error 111)
[2026-04-19T03:26:57.448Z WARN  network::simple_sender] Failed to connect to 10.10.1.10:5046 (retry 0): Connection refused (os error 111)
[2026-04-19T03:26:57.451Z WARN  network::simple_sender] Failed to connect to 10.10.1.10:5046 (retry 0): Connection refused (os error 111)
[2026-04-19T03:26:57.453Z WARN  network::simple_sender] Failed to connect to 10.10.1.10:5046 (retry 0): Connection refused (os error 111)
[2026-04-19T03:26:57.465Z WARN  network::simple_sender] Failed to connect to 10.10.1.10:5046 (retry 0): Connection refused (os error 111)
[2026-04-19T03:26:57.467Z WARN  network::simple_sender] Failed to connect to 10.10.1.10:5046 (retry 0): Connection refused (os error 111)
[2026-04-19T03:26:57.473Z WARN  network::simple_sender] Failed to connect to 10.10.1.10:5046 (retry 0): Connection refused (os error 111)
[2026-04-19T03:26:57.475Z WARN  network::simple_sender] Failed to connect to 10.10.1.10:5046 (retry 0): Connection refused (os error 111)
[2026-04-19T03:26:57.478Z WARN  network::simple_sender] Failed to connect to 10.10.1.10:5046 (retry 0): Connection refused (os error 111)
[2026-04-19T03:26:57.481Z WARN  network::simple_sender] Failed to connect to 10.10.1.10:5046 (retry 0): Connection refused (os error 111)
[2026-04-19T03:26:57.487Z INFO  worker::batch_maker] Batch kCIWkV2f92QB7GfKiCATjDc2B4umey+QPx6DjnTrjcU= contains sample tx 2454
[2026-04-19T03:26:57.487Z INFO  worker::batch_maker] Batch kCIWkV2f92QB7GfKiCATjDc2B4umey+QPx6DjnTrjcU= contains 204800 B
[2026-04-19T03:26:57.491Z WARN  network::simple_sender] Failed to connect to 10.10.1.10:5046 (retry 0): Connection refused (os error 111)
[2026-04-19T03:26:57.500Z WARN  network::simple_sender] Failed to connect to 10.10.1.10:5046 (retry 0): Connection refused (os error 111)
[2026-04-19T03:26:57.503Z WARN  network::simple_sender] Failed to connect to 10.10.1.10:5046 (retry 0): Connection refused (os error 111)
[2026-04-19T03:26:57.508Z WARN  network::simple_sender] Failed to connect to 10.10.1.10:5046 (retry 0): Connection refused (os error 111)
[2026-04-19T03:26:57.517Z WARN  network::simple_sender] Failed to connect to 10.10.1.10:5046 (retry 0): Connection refused (os error 111)
[2026-04-19T03:26:57.519Z WARN  network::simple_sender] Failed to connect to 10.10.1.10:5046 (retry 0): Connection refused (os error 111)
[2026-04-19T03:26:57.524Z WARN  network::simple_sender] Failed to connect to 10.10.1.10:5046 (retry 0): Connection refused (os error 111)
[2026-04-19T03:26:57.529Z WARN  network::simple_sender] Failed to connect to 10.10.1.10:5046 (retry 0): Connection refused (os error 111)
[2026-04-19T03:26:57.530Z WARN  network::simple_sender] Failed to connect to 10.10.1.10:5046 (retry 0): Connection refused (os error 111)
[2026-04-19T03:26:57.532Z WARN  network::simple_sender] Failed to connect to 10.10.1.10:5046 (retry 0): Connection refused (os error 111)
[2026-04-19T03:26:57.539Z INFO  worker::batch_maker] Batch w8ZV0EhnqRjbw2cGMwRueaS+fk64YtBD05aIxs0A6FI= contains sample tx 2455
[2026-04-19T03:26:57.539Z INFO  worker::batch_maker] Batch w8ZV0EhnqRjbw2cGMwRueaS+fk64YtBD05aIxs0A6FI= contains 204800 B
[2026-04-19T03:26:57.542Z WARN  network::simple_sender] Failed to connect to 10.10.1.10:5046 (retry 0): Connection refused (os error 111)
[2026-04-19T03:26:57.554Z WARN  network::simple_sender] Failed to connect to 10.10.1.10:5046 (retry 0): Connection refused (os error 111)
[2026-04-19T03:26:57.559Z WARN  network::simple_sender] Failed to connect to 10.10.1.10:5046 (retry 0): Connection refused (os error 111)
[2026-04-19T03:26:57.559Z WARN  network::simple_sender] Failed to connect to 10.10.1.10:5046 (retry 0): Connection refused (os error 111)
[2026-04-19T03:26:57.574Z WARN  network::simple_sender] Failed to connect to 10.10.1.10:5046 (retry 0): Connection refused (os error 111)
[2026-04-19T03:26:57.576Z WARN  network::simple_sender] Failed to connect to 10.10.1.10:5046 (retry 0): Connection refused (os error 111)
[2026-04-19T03:26:57.578Z WARN  network::simple_sender] Failed to connect to 10.10.1.10:5046 (retry 0): Connection refused (os error 111)
[2026-04-19T03:26:57.579Z WARN  network::simple_sender] Failed to connect to 10.10.1.10:5046 (retry 0): Connection refused (os error 111)
[2026-04-19T03:26:57.583Z WARN  network::simple_sender] Failed to connect to 10.10.1.10:5046 (retry 0): Connection refused (os error 111)
[2026-04-19T03:26:57.583Z WARN  network::simple_sender] Failed to connect to 10.10.1.10:5046 (retry 0): Connection refused (os error 111)
[2026-04-19T03:26:57.593Z INFO  worker::batch_maker] Batch y02l0kNzX3I+XyoNhilP4PEi6UjXNkxZEgI+Zu34tvs= contains sample tx 2456
[2026-04-19T03:26:57.593Z INFO  worker::batch_maker] Batch y02l0kNzX3I+XyoNhilP4PEi6UjXNkxZEgI+Zu34tvs= contains 204800 B
[2026-04-19T03:26:57.596Z WARN  network::simple_sender] Failed to connect to 10.10.1.10:5046 (retry 0): Connection refused (os error 111)
[2026-04-19T03:26:57.609Z WARN  network::simple_sender] Failed to connect to 10.10.1.10:5046 (retry 0): Connection refused (os error 111)
[2026-04-19T03:26:57.611Z WARN  network::simple_sender] Failed to connect to 10.10.1.10:5046 (retry 0): Connection refused (os error 111)
[2026-04-19T03:26:57.614Z WARN  network::simple_sender] Failed to connect to 10.10.1.10:5046 (retry 0): Connection refused (os error 111)
[2026-04-19T03:26:57.627Z WARN  network::simple_sender] Failed to connect to 10.10.1.10:5046 (retry 0): Connection refused (os error 111)
[2026-04-19T03:26:57.628Z WARN  network::simple_sender] Failed to connect to 10.10.1.10:5046 (retry 0): Connection refused (os error 111)
[2026-04-19T03:26:57.633Z WARN  network::simple_sender] Failed to connect to 10.10.1.10:5046 (retry 0): Connection refused (os error 111)
[2026-04-19T03:26:57.634Z WARN  network::simple_sender] Failed to connect to 10.10.1.10:5046 (retry 0): Connection refused (os error 111)
[2026-04-19T03:26:57.637Z WARN  network::simple_sender] Failed to connect to 10.10.1.10:5046 (retry 0): Connection refused (os error 111)
[2026-04-19T03:26:57.639Z WARN  network::simple_sender] Failed to connect to 10.10.1.10:5046 (retry 0): Connection refused (os error 111)
[2026-04-19T03:26:57.646Z INFO  worker::batch_maker] Batch jlGkxz2y/Jmp6XeSe7Z2AZNuY2jLzdC1Gz1/PMzaTxM= contains sample tx 2457
[2026-04-19T03:26:57.646Z INFO  worker::batch_maker] Batch jlGkxz2y/Jmp6XeSe7Z2AZNuY2jLzdC1Gz1/PMzaTxM= contains 204800 B
[2026-04-19T03:26:57.650Z WARN  network::simple_sender] Failed to connect to 10.10.1.10:5046 (retry 0): Connection refused (os error 111)
[2026-04-19T03:26:57.662Z WARN  network::simple_sender] Failed to connect to 10.10.1.10:5046 (retry 0): Connection refused (os error 111)
[2026-04-19T03:26:57.663Z WARN  network::simple_sender] Failed to connect to 10.10.1.10:5046 (retry 0): Connection refused (os error 111)
[2026-04-19T03:26:57.674Z WARN  network::simple_sender] Failed to connect to 10.10.1.10:5046 (retry 0): Connection refused (os error 111)
[2026-04-19T03:26:57.680Z WARN  network::simple_sender] Failed to connect to 10.10.1.10:5046 (retry 0): Connection refused (os error 111)
[2026-04-19T03:26:57.682Z WARN  network::simple_sender] Failed to connect to 10.10.1.10:5046 (retry 0): Connection refused (os error 111)
[2026-04-19T03:26:57.683Z WARN  network::simple_sender] Failed to connect to 10.10.1.10:5046 (retry 0): Connection refused (os error 111)
[2026-04-19T03:26:57.686Z WARN  network::simple_sender] Failed to connect to 10.10.1.10:5046 (retry 0): Connection refused (os error 111)
[2026-04-19T03:26:57.690Z WARN  network::simple_sender] Failed to connect to 10.10.1.10:5046 (retry 0): Connection refused (os error 111)
[2026-04-19T03:26:57.692Z WARN  network::simple_sender] Failed to connect to 10.10.1.10:5046 (retry 0): Connection refused (os error 111)
[2026-04-19T03:26:57.700Z INFO  worker::batch_maker] Batch YUkAax7X13ETWgM8aBUF0BdmPuLnrF40b8uDJ6XZ/fs= contains sample tx 2458
[2026-04-19T03:26:57.700Z INFO  worker::batch_maker] Batch YUkAax7X13ETWgM8aBUF0BdmPuLnrF40b8uDJ6XZ/fs= contains 204800 B
[2026-04-19T03:26:57.703Z WARN  network::simple_sender] Failed to connect to 10.10.1.10:5046 (retry 0): Connection refused (os error 111)
[2026-04-19T03:26:57.715Z WARN  network::simple_sender] Failed to connect to 10.10.1.10:5046 (retry 0): Connection refused (os error 111)
[2026-04-19T03:26:57.717Z WARN  network::simple_sender] Failed to connect to 10.10.1.10:5046 (retry 0): Connection refused (os error 111)
[2026-04-19T03:26:57.722Z WARN  network::simple_sender] Failed to connect to 10.10.1.10:5046 (retry 0): Connection refused (os error 111)
[2026-04-19T03:26:57.732Z WARN  network::simple_sender] Failed to connect to 10.10.1.10:5046 (retry 0): Connection refused (os error 111)
[2026-04-19T03:26:57.733Z WARN  network::simple_sender] Failed to connect to 10.10.1.10:5046 (retry 0): Connection refused (os error 111)
[2026-04-19T03:26:57.737Z WARN  network::simple_sender] Failed to connect to 10.10.1.10:5046 (retry 0): Connection refused (os error 111)
[2026-04-19T03:26:57.739Z WARN  network::simple_sender] Failed to connect to 10.10.1.10:5046 (retry 0): Connection refused (os error 111)
[2026-04-19T03:26:57.741Z WARN  network::simple_sender] Failed to connect to 10.10.1.10:5046 (retry 0): Connection refused (os error 111)
[2026-04-19T03:26:57.742Z WARN  network::simple_sender] Failed to connect to 10.10.1.10:5046 (retry 0): Connection refused (os error 111)
[2026-04-19T03:26:57.753Z INFO  worker::batch_maker] Batch 5K2IZRt6dUo49mchJKmsthoACZKa9s5Vtwh4sGUaI5o= contains sample tx 2459
[2026-04-19T03:26:57.753Z INFO  worker::batch_maker] Batch 5K2IZRt6dUo49mchJKmsthoACZKa9s5Vtwh4sGUaI5o= contains sample tx 2460
[2026-04-19T03:26:57.753Z INFO  worker::batch_maker] Batch 5K2IZRt6dUo49mchJKmsthoACZKa9s5Vtwh4sGUaI5o= contains 345600 B
[2026-04-19T03:26:57.757Z WARN  network::simple_sender] Failed to connect to 10.10.1.10:5046 (retry 0): Connection refused (os error 111)
[2026-04-19T03:26:57.767Z WARN  network::simple_sender] Failed to connect to 10.10.1.10:5046 (retry 0): Connection refused (os error 111)
[2026-04-19T03:26:57.769Z WARN  network::simple_sender] Failed to connect to 10.10.1.10:5046 (retry 0): Connection refused (os error 111)
[2026-04-19T03:26:57.773Z WARN  network::simple_sender] Failed to connect to 10.10.1.10:5046 (retry 0): Connection refused (os error 111)
[2026-04-19T03:26:57.784Z WARN  network::simple_sender] Failed to connect to 10.10.1.10:5046 (retry 0): Connection refused (os error 111)
[2026-04-19T03:26:57.788Z WARN  network::simple_sender] Failed to connect to 10.10.1.10:5046 (retry 0): Connection refused (os error 111)
[2026-04-19T03:26:57.792Z WARN  network::simple_sender] Failed to connect to 10.10.1.10:5046 (retry 0): Connection refused (os error 111)
[2026-04-19T03:26:57.795Z WARN  network::simple_sender] Failed to connect to 10.10.1.10:5046 (retry 0): Connection refused (os error 111)
[2026-04-19T03:26:57.797Z WARN  network::simple_sender] Failed to connect to 10.10.1.10:5046 (retry 0): Connection refused (os error 111)
[2026-04-19T03:26:57.798Z WARN  network::simple_sender] Failed to connect to 10.10.1.10:5046 (retry 0): Connection refused (os error 111)
[2026-04-19T03:26:57.808Z INFO  worker::batch_maker] Batch 9Un+JrMEEku55j+tzP9Qy+0lXBtfST/PCVM/cPbk1jk= contains sample tx 2461
[2026-04-19T03:26:57.808Z INFO  worker::batch_maker] Batch 9Un+JrMEEku55j+tzP9Qy+0lXBtfST/PCVM/cPbk1jk= contains 268800 B
[2026-04-19T03:26:57.813Z WARN  network::simple_sender] Failed to connect to 10.10.1.10:5046 (retry 0): Connection refused (os error 111)
[2026-04-19T03:26:57.822Z WARN  network::simple_sender] Failed to connect to 10.10.1.10:5046 (retry 0): Connection refused (os error 111)
[2026-04-19T03:26:57.824Z WARN  network::simple_sender] Failed to connect to 10.10.1.10:5046 (retry 0): Connection refused (os error 111)
[2026-04-19T03:26:57.828Z WARN  network::simple_sender] Failed to connect to 10.10.1.10:5046 (retry 0): Connection refused (os error 111)
[2026-04-19T03:26:57.840Z WARN  network::simple_sender] Failed to connect to 10.10.1.10:5046 (retry 0): Connection refused (os error 111)
[2026-04-19T03:26:57.842Z WARN  network::simple_sender] Failed to connect to 10.10.1.10:5046 (retry 0): Connection refused (os error 111)
[2026-04-19T03:26:57.845Z WARN  network::simple_sender] Failed to connect to 10.10.1.10:5046 (retry 0): Connection refused (os error 111)
[2026-04-19T03:26:57.847Z WARN  network::simple_sender] Failed to connect to 10.10.1.10:5046 (retry 0): Connection refused (os error 111)
[2026-04-19T03:26:57.848Z WARN  network::simple_sender] Failed to connect to 10.10.1.10:5046 (retry 0): Connection refused (os error 111)
[2026-04-19T03:26:57.850Z WARN  network::simple_sender] Failed to connect to 10.10.1.10:5046 (retry 0): Connection refused (os error 111)
[2026-04-19T03:26:57.860Z INFO  worker::batch_maker] Batch bXTwSRn+pFsZctg3kkfhhlR/KWVz+AZD0IbZ+wcQ/4U= contains sample tx 2462
[2026-04-19T03:26:57.860Z INFO  worker::batch_maker] Batch bXTwSRn+pFsZctg3kkfhhlR/KWVz+AZD0IbZ+wcQ/4U= contains 204800 B
[2026-04-19T03:26:57.864Z WARN  network::simple_sender] Failed to connect to 10.10.1.10:5046 (retry 0): Connection refused (os error 111)
[2026-04-19T03:26:57.872Z WARN  network::simple_sender] Failed to connect to 10.10.1.10:5046 (retry 0): Connection refused (os error 111)
[2026-04-19T03:26:57.876Z WARN  network::simple_sender] Failed to connect to 10.10.1.10:5046 (retry 0): Connection refused (os error 111)
[2026-04-19T03:26:57.883Z WARN  network::simple_sender] Failed to connect to 10.10.1.10:5046 (retry 0): Connection refused (os error 111)
[2026-04-19T03:26:57.891Z WARN  network::simple_sender] Failed to connect to 10.10.1.10:5046 (retry 0): Connection refused (os error 111)
[2026-04-19T03:26:57.892Z WARN  network::simple_sender] Failed to connect to 10.10.1.10:5046 (retry 0): Connection refused (os error 111)
[2026-04-19T03:26:57.894Z WARN  network::simple_sender] Failed to connect to 10.10.1.10:5046 (retry 0): Connection refused (os error 111)
[2026-04-19T03:26:57.899Z WARN  network::simple_sender] Failed to connect to 10.10.1.10:5046 (retry 0): Connection refused (os error 111)
[2026-04-19T03:26:57.901Z WARN  network::simple_sender] Failed to connect to 10.10.1.10:5046 (retry 0): Connection refused (os error 111)
[2026-04-19T03:26:57.903Z WARN  network::simple_sender] Failed to connect to 10.10.1.10:5046 (retry 0): Connection refused (os error 111)
[2026-04-19T03:26:57.914Z INFO  worker::batch_maker] Batch WGvGMmQajW8wJA/xt3Xva/YP10aLnnU5WQsGAMTFXuM= contains sample tx 2463
[2026-04-19T03:26:57.914Z INFO  worker::batch_maker] Batch WGvGMmQajW8wJA/xt3Xva/YP10aLnnU5WQsGAMTFXuM= contains 204800 B
[2026-04-19T03:26:57.918Z WARN  network::simple_sender] Failed to connect to 10.10.1.10:5046 (retry 0): Connection refused (os error 111)
[2026-04-19T03:26:57.928Z WARN  network::simple_sender] Failed to connect to 10.10.1.10:5046 (retry 0): Connection refused (os error 111)
[2026-04-19T03:26:57.930Z WARN  network::simple_sender] Failed to connect to 10.10.1.10:5046 (retry 0): Connection refused (os error 111)
[2026-04-19T03:26:57.935Z WARN  network::simple_sender] Failed to connect to 10.10.1.10:5046 (retry 0): Connection refused (os error 111)
[2026-04-19T03:26:57.944Z WARN  network::simple_sender] Failed to connect to 10.10.1.10:5046 (retry 0): Connection refused (os error 111)
[2026-04-19T03:26:57.948Z WARN  network::simple_sender] Failed to connect to 10.10.1.10:5046 (retry 0): Connection refused (os error 111)
[2026-04-19T03:26:57.950Z WARN  network::simple_sender] Failed to connect to 10.10.1.10:5046 (retry 0): Connection refused (os error 111)
[2026-04-19T03:26:57.951Z WARN  network::simple_sender] Failed to connect to 10.10.1.10:5046 (retry 0): Connection refused (os error 111)
[2026-04-19T03:26:57.952Z WARN  network::simple_sender] Failed to connect to 10.10.1.10:5046 (retry 0): Connection refused (os error 111)
[2026-04-19T03:26:57.954Z WARN  network::simple_sender] Failed to connect to 10.10.1.10:5046 (retry 0): Connection refused (os error 111)
[2026-04-19T03:26:57.968Z INFO  worker::batch_maker] Batch oFO2zD0HRm/9Ca0MhaW0LHeg+yiAVs22PM9S36lbUGw= contains sample tx 2464
[2026-04-19T03:26:57.968Z INFO  worker::batch_maker] Batch oFO2zD0HRm/9Ca0MhaW0LHeg+yiAVs22PM9S36lbUGw= contains 204800 B
[2026-04-19T03:26:57.971Z WARN  network::simple_sender] Failed to connect to 10.10.1.10:5046 (retry 0): Connection refused (os error 111)
[2026-04-19T03:26:57.981Z WARN  network::simple_sender] Failed to connect to 10.10.1.10:5046 (retry 0): Connection refused (os error 111)
[2026-04-19T03:26:57.983Z WARN  network::simple_sender] Failed to connect to 10.10.1.10:5046 (retry 0): Connection refused (os error 111)
[2026-04-19T03:26:57.989Z WARN  network::simple_sender] Failed to connect to 10.10.1.10:5046 (retry 0): Connection refused (os error 111)
[2026-04-19T03:26:57.998Z WARN  network::simple_sender] Failed to connect to 10.10.1.10:5046 (retry 0): Connection refused (os error 111)
[2026-04-19T03:26:58.001Z WARN  network::simple_sender] Failed to connect to 10.10.1.10:5046 (retry 0): Connection refused (os error 111)
[2026-04-19T03:26:58.003Z WARN  network::simple_sender] Failed to connect to 10.10.1.10:5046 (retry 0): Connection refused (os error 111)
[2026-04-19T03:26:58.005Z WARN  network::simple_sender] Failed to connect to 10.10.1.10:5046 (retry 0): Connection refused (os error 111)
[2026-04-19T03:26:58.009Z WARN  network::simple_sender] Failed to connect to 10.10.1.10:5046 (retry 0): Connection refused (os error 111)
[2026-04-19T03:26:58.011Z WARN  network::simple_sender] Failed to connect to 10.10.1.10:5046 (retry 0): Connection refused (os error 111)
[2026-04-19T03:26:58.022Z INFO  worker::batch_maker] Batch X6O85VP7Xdos6SdvUBo9VWRNINp4BsEuvrS98k+QoaE= contains sample tx 2465
[2026-04-19T03:26:58.022Z INFO  worker::batch_maker] Batch X6O85VP7Xdos6SdvUBo9VWRNINp4BsEuvrS98k+QoaE= contains 204800 B
[2026-04-19T03:26:58.026Z WARN  network::simple_sender] Failed to connect to 10.10.1.10:5046 (retry 0): Connection refused (os error 111)
[2026-04-19T03:26:58.034Z WARN  network::simple_sender] Failed to connect to 10.10.1.10:5046 (retry 0): Connection refused (os error 111)
[2026-04-19T03:26:58.037Z WARN  network::simple_sender] Failed to connect to 10.10.1.10:5046 (retry 0): Connection refused (os error 111)
[2026-04-19T03:26:58.039Z WARN  network::simple_sender] Failed to connect to 10.10.1.10:5046 (retry 0): Connection refused (os error 111)
[2026-04-19T03:26:58.052Z WARN  network::simple_sender] Failed to connect to 10.10.1.10:5046 (retry 0): Connection refused (os error 111)
[2026-04-19T03:26:58.053Z WARN  network::simple_sender] Failed to connect to 10.10.1.10:5046 (retry 0): Connection refused (os error 111)
[2026-04-19T03:26:58.055Z WARN  network::simple_sender] Failed to connect to 10.10.1.10:5046 (retry 0): Connection refused (os error 111)
[2026-04-19T03:26:58.060Z WARN  network::simple_sender] Failed to connect to 10.10.1.10:5046 (retry 0): Connection refused (os error 111)
[2026-04-19T03:26:58.066Z WARN  network::simple_sender] Failed to connect to 10.10.1.10:5046 (retry 0): Connection refused (os error 111)
[2026-04-19T03:26:58.069Z WARN  network::simple_sender] Failed to connect to 10.10.1.10:5046 (retry 0): Connection refused (os error 111)
[2026-04-19T03:26:58.075Z INFO  worker::batch_maker] Batch zzlvYfcKU+FcreCbY7trxjc15ZN3H//JzstCoTQfGnw= contains sample tx 2466
[2026-04-19T03:26:58.075Z INFO  worker::batch_maker] Batch zzlvYfcKU+FcreCbY7trxjc15ZN3H//JzstCoTQfGnw= contains 204800 B
[2026-04-19T03:26:58.079Z WARN  network::simple_sender] Failed to connect to 10.10.1.10:5046 (retry 0): Connection refused (os error 111)
[2026-04-19T03:26:58.087Z WARN  network::simple_sender] Failed to connect to 10.10.1.10:5046 (retry 0): Connection refused (os error 111)
[2026-04-19T03:26:58.091Z WARN  network::simple_sender] Failed to connect to 10.10.1.10:5046 (retry 0): Connection refused (os error 111)
[2026-04-19T03:26:58.094Z WARN  network::simple_sender] Failed to connect to 10.10.1.10:5046 (retry 0): Connection refused (os error 111)
[2026-04-19T03:26:58.106Z WARN  network::simple_sender] Failed to connect to 10.10.1.10:5046 (retry 0): Connection refused (os error 111)
[2026-04-19T03:26:58.108Z WARN  network::simple_sender] Failed to connect to 10.10.1.10:5046 (retry 0): Connection refused (os error 111)
[2026-04-19T03:26:58.112Z WARN  network::simple_sender] Failed to connect to 10.10.1.10:5046 (retry 0): Connection refused (os error 111)
[2026-04-19T03:26:58.115Z WARN  network::simple_sender] Failed to connect to 10.10.1.10:5046 (retry 0): Connection refused (os error 111)
[2026-04-19T03:26:58.119Z WARN  network::simple_sender] Failed to connect to 10.10.1.10:5046 (retry 0): Connection refused (os error 111)
[2026-04-19T03:26:58.125Z WARN  network::simple_sender] Failed to connect to 10.10.1.10:5046 (retry 0): Connection refused (os error 111)
[2026-04-19T03:26:58.128Z INFO  worker::batch_maker] Batch 0DVNCx1rxvIZVMCBPebgcuX0TiDfvbadzW3jdLiAz3k= contains sample tx 2467
[2026-04-19T03:26:58.128Z INFO  worker::batch_maker] Batch 0DVNCx1rxvIZVMCBPebgcuX0TiDfvbadzW3jdLiAz3k= contains 204800 B
[2026-04-19T03:26:58.133Z WARN  network::simple_sender] Failed to connect to 10.10.1.10:5046 (retry 0): Connection refused (os error 111)
[2026-04-19T03:26:58.141Z WARN  network::simple_sender] Failed to connect to 10.10.1.10:5046 (retry 0): Connection refused (os error 111)
[2026-04-19T03:26:58.144Z WARN  network::simple_sender] Failed to connect to 10.10.1.10:5046 (retry 0): Connection refused (os error 111)
[2026-04-19T03:26:58.147Z WARN  network::simple_sender] Failed to connect to 10.10.1.10:5046 (retry 0): Connection refused (os error 111)
[2026-04-19T03:26:58.159Z WARN  network::simple_sender] Failed to connect to 10.10.1.10:5046 (retry 0): Connection refused (os error 111)
[2026-04-19T03:26:58.161Z WARN  network::simple_sender] Failed to connect to 10.10.1.10:5046 (retry 0): Connection refused (os error 111)
[2026-04-19T03:26:58.163Z WARN  network::simple_sender] Failed to connect to 10.10.1.10:5046 (retry 0): Connection refused (os error 111)
[2026-04-19T03:26:58.165Z WARN  network::simple_sender] Failed to connect to 10.10.1.10:5046 (retry 0): Connection refused (os error 111)
[2026-04-19T03:26:58.170Z WARN  network::simple_sender] Failed to connect to 10.10.1.10:5046 (retry 0): Connection refused (os error 111)
[2026-04-19T03:26:58.174Z WARN  network::simple_sender] Failed to connect to 10.10.1.10:5046 (retry 0): Connection refused (os error 111)
[2026-04-19T03:26:58.182Z INFO  worker::batch_maker] Batch YM1pwNGtS6b9X6jCKEMmYYwAxWkWMaIDnuLPnlnH4W8= contains sample tx 2468
[2026-04-19T03:26:58.182Z INFO  worker::batch_maker] Batch YM1pwNGtS6b9X6jCKEMmYYwAxWkWMaIDnuLPnlnH4W8= contains 204800 B
[2026-04-19T03:26:58.186Z WARN  network::simple_sender] Failed to connect to 10.10.1.10:5046 (retry 0): Connection refused (os error 111)
[2026-04-19T03:26:58.195Z WARN  network::simple_sender] Failed to connect to 10.10.1.10:5046 (retry 0): Connection refused (os error 111)
[2026-04-19T03:26:58.197Z WARN  network::simple_sender] Failed to connect to 10.10.1.10:5046 (retry 0): Connection refused (os error 111)
[2026-04-19T03:26:58.200Z WARN  network::simple_sender] Failed to connect to 10.10.1.10:5046 (retry 0): Connection refused (os error 111)
[2026-04-19T03:26:58.214Z WARN  network::simple_sender] Failed to connect to 10.10.1.10:5046 (retry 0): Connection refused (os error 111)
[2026-04-19T03:26:58.216Z WARN  network::simple_sender] Failed to connect to 10.10.1.10:5046 (retry 0): Connection refused (os error 111)
[2026-04-19T03:26:58.218Z WARN  network::simple_sender] Failed to connect to 10.10.1.10:5046 (retry 0): Connection refused (os error 111)
[2026-04-19T03:26:58.225Z WARN  network::simple_sender] Failed to connect to 10.10.1.10:5046 (retry 0): Connection refused (os error 111)
[2026-04-19T03:26:58.227Z WARN  network::simple_sender] Failed to connect to 10.10.1.10:5046 (retry 0): Connection refused (os error 111)
[2026-04-19T03:26:58.229Z WARN  network::simple_sender] Failed to connect to 10.10.1.10:5046 (retry 0): Connection refused (os error 111)
[2026-04-19T03:26:58.235Z INFO  worker::batch_maker] Batch gDL5hkfjJWCIZM69I7draQrMwdOqsECfR9VrGu7BaYA= contains sample tx 2469
[2026-04-19T03:26:58.235Z INFO  worker::batch_maker] Batch gDL5hkfjJWCIZM69I7draQrMwdOqsECfR9VrGu7BaYA= contains 204800 B
[2026-04-19T03:26:58.239Z WARN  network::simple_sender] Failed to connect to 10.10.1.10:5046 (retry 0): Connection refused (os error 111)
[2026-04-19T03:26:58.249Z WARN  network::simple_sender] Failed to connect to 10.10.1.10:5046 (retry 0): Connection refused (os error 111)
[2026-04-19T03:26:58.252Z WARN  network::simple_sender] Failed to connect to 10.10.1.10:5046 (retry 0): Connection refused (os error 111)
[2026-04-19T03:26:58.254Z WARN  network::simple_sender] Failed to connect to 10.10.1.10:5046 (retry 0): Connection refused (os error 111)
[2026-04-19T03:26:58.270Z WARN  network::simple_sender] Failed to connect to 10.10.1.10:5046 (retry 0): Connection refused (os error 111)
[2026-04-19T03:26:58.272Z WARN  network::simple_sender] Failed to connect to 10.10.1.10:5046 (retry 0): Connection refused (os error 111)
[2026-04-19T03:26:58.276Z WARN  network::simple_sender] Failed to connect to 10.10.1.10:5046 (retry 0): Connection refused (os error 111)
[2026-04-19T03:26:58.278Z WARN  network::simple_sender] Failed to connect to 10.10.1.10:5046 (retry 0): Connection refused (os error 111)
[2026-04-19T03:26:58.279Z WARN  network::simple_sender] Failed to connect to 10.10.1.10:5046 (retry 0): Connection refused (os error 111)
[2026-04-19T03:26:58.283Z WARN  network::simple_sender] Failed to connect to 10.10.1.10:5046 (retry 0): Connection refused (os error 111)
[2026-04-19T03:26:58.289Z INFO  worker::batch_maker] Batch KVNDWLLdWteJWODBz+6BiPTKNa6tLBtwAr85Vz9wKGM= contains sample tx 2470
[2026-04-19T03:26:58.289Z INFO  worker::batch_maker] Batch KVNDWLLdWteJWODBz+6BiPTKNa6tLBtwAr85Vz9wKGM= contains 204800 B
[2026-04-19T03:26:58.293Z WARN  network::simple_sender] Failed to connect to 10.10.1.10:5046 (retry 0): Connection refused (os error 111)
[2026-04-19T03:26:58.303Z WARN  network::simple_sender] Failed to connect to 10.10.1.10:5046 (retry 0): Connection refused (os error 111)
[2026-04-19T03:26:58.305Z WARN  network::simple_sender] Failed to connect to 10.10.1.10:5046 (retry 0): Connection refused (os error 111)
[2026-04-19T03:26:58.307Z WARN  network::simple_sender] Failed to connect to 10.10.1.10:5046 (retry 0): Connection refused (os error 111)
[2026-04-19T03:26:58.319Z WARN  network::simple_sender] Failed to connect to 10.10.1.10:5046 (retry 0): Connection refused (os error 111)
[2026-04-19T03:26:58.323Z WARN  network::simple_sender] Failed to connect to 10.10.1.10:5046 (retry 0): Connection refused (os error 111)
[2026-04-19T03:26:58.327Z WARN  network::simple_sender] Failed to connect to 10.10.1.10:5046 (retry 0): Connection refused (os error 111)
[2026-04-19T03:26:58.330Z WARN  network::simple_sender] Failed to connect to 10.10.1.10:5046 (retry 0): Connection refused (os error 111)
[2026-04-19T03:26:58.333Z WARN  network::simple_sender] Failed to connect to 10.10.1.10:5046 (retry 0): Connection refused (os error 111)
[2026-04-19T03:26:58.336Z WARN  network::simple_sender] Failed to connect to 10.10.1.10:5046 (retry 0): Connection refused (os error 111)
[2026-04-19T03:26:58.343Z INFO  worker::batch_maker] Batch 6lDV4m2+8ffHMLH4RmhWDK1uTc1D8S2lrwWXtBTnXdg= contains sample tx 2471
[2026-04-19T03:26:58.343Z INFO  worker::batch_maker] Batch 6lDV4m2+8ffHMLH4RmhWDK1uTc1D8S2lrwWXtBTnXdg= contains 204800 B
[2026-04-19T03:26:58.347Z WARN  network::simple_sender] Failed to connect to 10.10.1.10:5046 (retry 0): Connection refused (os error 111)
[2026-04-19T03:26:58.360Z WARN  network::simple_sender] Failed to connect to 10.10.1.10:5046 (retry 0): Connection refused (os error 111)
[2026-04-19T03:26:58.361Z WARN  network::simple_sender] Failed to connect to 10.10.1.10:5046 (retry 0): Connection refused (os error 111)
[2026-04-19T03:26:58.364Z WARN  network::simple_sender] Failed to connect to 10.10.1.10:5046 (retry 0): Connection refused (os error 111)
[2026-04-19T03:26:58.373Z WARN  network::simple_sender] Failed to connect to 10.10.1.10:5046 (retry 0): Connection refused (os error 111)
[2026-04-19T03:26:58.376Z WARN  network::simple_sender] Failed to connect to 10.10.1.10:5046 (retry 0): Connection refused (os error 111)
[2026-04-19T03:26:58.377Z WARN  network::simple_sender] Failed to connect to 10.10.1.10:5046 (retry 0): Connection refused (os error 111)
[2026-04-19T03:26:58.382Z WARN  network::simple_sender] Failed to connect to 10.10.1.10:5046 (retry 0): Connection refused (os error 111)
[2026-04-19T03:26:58.388Z WARN  network::simple_sender] Failed to connect to 10.10.1.10:5046 (retry 0): Connection refused (os error 111)
[2026-04-19T03:26:58.397Z INFO  worker::batch_maker] Batch 2nI5kuZ2x6bsPHhUXuIf9ya1WKSg5nR5+y+688dyj9U= contains sample tx 2472
[2026-04-19T03:26:58.397Z INFO  worker::batch_maker] Batch 2nI5kuZ2x6bsPHhUXuIf9ya1WKSg5nR5+y+688dyj9U= contains 204800 B
[2026-04-19T03:26:58.401Z WARN  network::simple_sender] Failed to connect to 10.10.1.10:5046 (retry 0): Connection refused (os error 111)
[2026-04-19T03:26:58.416Z WARN  network::simple_sender] Failed to connect to 10.10.1.10:5046 (retry 0): Connection refused (os error 111)
[2026-04-19T03:26:58.419Z WARN  network::simple_sender] Failed to connect to 10.10.1.10:5046 (retry 0): Connection refused (os error 111)
[2026-04-19T03:26:58.421Z WARN  network::simple_sender] Failed to connect to 10.10.1.10:5046 (retry 0): Connection refused (os error 111)
[2026-04-19T03:26:58.426Z WARN  network::simple_sender] Failed to connect to 10.10.1.10:5046 (retry 0): Connection refused (os error 111)
[2026-04-19T03:26:58.429Z WARN  network::simple_sender] Failed to connect to 10.10.1.10:5046 (retry 0): Connection refused (os error 111)
[2026-04-19T03:26:58.431Z WARN  network::simple_sender] Failed to connect to 10.10.1.10:5046 (retry 0): Connection refused (os error 111)
[2026-04-19T03:26:58.435Z WARN  network::simple_sender] Failed to connect to 10.10.1.10:5046 (retry 0): Connection refused (os error 111)
[2026-04-19T03:26:58.441Z WARN  network::simple_sender] Failed to connect to 10.10.1.10:5046 (retry 0): Connection refused (os error 111)
[2026-04-19T03:26:58.453Z INFO  worker::batch_maker] Batch CdQPlLb+U4Vw4wTsOJ0uGN8N4/xxnAvpFiHTwfSVO1Q= contains sample tx 2473
[2026-04-19T03:26:58.453Z INFO  worker::batch_maker] Batch CdQPlLb+U4Vw4wTsOJ0uGN8N4/xxnAvpFiHTwfSVO1Q= contains 204800 B
[2026-04-19T03:26:58.456Z WARN  network::simple_sender] Failed to connect to 10.10.1.10:5046 (retry 0): Connection refused (os error 111)
[2026-04-19T03:26:58.467Z WARN  network::simple_sender] Failed to connect to 10.10.1.10:5046 (retry 0): Connection refused (os error 111)
[2026-04-19T03:26:58.469Z WARN  network::simple_sender] Failed to connect to 10.10.1.10:5046 (retry 0): Connection refused (os error 111)
[2026-04-19T03:26:58.473Z WARN  network::simple_sender] Failed to connect to 10.10.1.10:5046 (retry 0): Connection refused (os error 111)
[2026-04-19T03:26:58.475Z WARN  network::simple_sender] Failed to connect to 10.10.1.10:5046 (retry 0): Connection refused (os error 111)
[2026-04-19T03:26:58.478Z WARN  network::simple_sender] Failed to connect to 10.10.1.10:5046 (retry 0): Connection refused (os error 111)
[2026-04-19T03:26:58.483Z WARN  network::simple_sender] Failed to connect to 10.10.1.10:5046 (retry 0): Connection refused (os error 111)
[2026-04-19T03:26:58.484Z WARN  network::simple_sender] Failed to connect to 10.10.1.10:5046 (retry 0): Connection refused (os error 111)
[2026-04-19T03:26:58.491Z WARN  network::simple_sender] Failed to connect to 10.10.1.10:5046 (retry 0): Connection refused (os error 111)
[2026-04-19T03:26:58.494Z WARN  network::simple_sender] Failed to connect to 10.10.1.10:5046 (retry 0): Connection refused (os error 111)
[2026-04-19T03:26:58.508Z INFO  worker::batch_maker] Batch NVwWq+Lm/Fs3aEu+umzk/II/O2ZyJl262VskB5xRge8= contains sample tx 2474
[2026-04-19T03:26:58.508Z INFO  worker::batch_maker] Batch NVwWq+Lm/Fs3aEu+umzk/II/O2ZyJl262VskB5xRge8= contains sample tx 2475
[2026-04-19T03:26:58.509Z INFO  worker::batch_maker] Batch NVwWq+Lm/Fs3aEu+umzk/II/O2ZyJl262VskB5xRge8= contains 409600 B
[2026-04-19T03:26:58.518Z WARN  network::simple_sender] Failed to connect to 10.10.1.10:5046 (retry 0): Connection refused (os error 111)
[2026-04-19T03:26:58.518Z WARN  network::simple_sender] Failed to connect to 10.10.1.10:5046 (retry 0): Connection refused (os error 111)
[2026-04-19T03:26:58.521Z WARN  network::simple_sender] Failed to connect to 10.10.1.10:5046 (retry 0): Connection refused (os error 111)
[2026-04-19T03:26:58.523Z WARN  network::simple_sender] Failed to connect to 10.10.1.10:5046 (retry 0): Connection refused (os error 111)
[2026-04-19T03:26:58.528Z WARN  network::simple_sender] Failed to connect to 10.10.1.10:5046 (retry 0): Connection refused (os error 111)
[2026-04-19T03:26:58.533Z WARN  network::simple_sender] Failed to connect to 10.10.1.10:5046 (retry 0): Connection refused (os error 111)
[2026-04-19T03:26:58.536Z WARN  network::simple_sender] Failed to connect to 10.10.1.10:5046 (retry 0): Connection refused (os error 111)
[2026-04-19T03:26:58.537Z WARN  network::simple_sender] Failed to connect to 10.10.1.10:5046 (retry 0): Connection refused (os error 111)
[2026-04-19T03:26:58.545Z WARN  network::simple_sender] Failed to connect to 10.10.1.10:5046 (retry 0): Connection refused (os error 111)
[2026-04-19T03:26:58.548Z WARN  network::simple_sender] Failed to connect to 10.10.1.10:5046 (retry 0): Connection refused (os error 111)
[2026-04-19T03:26:58.562Z INFO  worker::batch_maker] Batch IWnlauv1WP3LdBWysB0dZgHNtRotg451dKPLAUozjV0= contains sample tx 2476
[2026-04-19T03:26:58.562Z INFO  worker::batch_maker] Batch IWnlauv1WP3LdBWysB0dZgHNtRotg451dKPLAUozjV0= contains 204800 B
[2026-04-19T03:26:58.567Z WARN  network::simple_sender] Failed to connect to 10.10.1.10:5046 (retry 0): Connection refused (os error 111)
[2026-04-19T03:26:58.570Z WARN  network::simple_sender] Failed to connect to 10.10.1.10:5046 (retry 0): Connection refused (os error 111)
[2026-04-19T03:26:58.574Z WARN  network::simple_sender] Failed to connect to 10.10.1.10:5046 (retry 0): Connection refused (os error 111)
[2026-04-19T03:26:58.576Z WARN  network::simple_sender] Failed to connect to 10.10.1.10:5046 (retry 0): Connection refused (os error 111)
[2026-04-19T03:26:58.580Z WARN  network::simple_sender] Failed to connect to 10.10.1.10:5046 (retry 0): Connection refused (os error 111)
[2026-04-19T03:26:58.586Z WARN  network::simple_sender] Failed to connect to 10.10.1.10:5046 (retry 0): Connection refused (os error 111)
[2026-04-19T03:26:58.587Z WARN  network::simple_sender] Failed to connect to 10.10.1.10:5046 (retry 0): Connection refused (os error 111)
[2026-04-19T03:26:58.591Z WARN  network::simple_sender] Failed to connect to 10.10.1.10:5046 (retry 0): Connection refused (os error 111)
[2026-04-19T03:26:58.600Z WARN  network::simple_sender] Failed to connect to 10.10.1.10:5046 (retry 0): Connection refused (os error 111)
[2026-04-19T03:26:58.602Z WARN  network::simple_sender] Failed to connect to 10.10.1.10:5046 (retry 0): Connection refused (os error 111)
[2026-04-19T03:26:58.615Z INFO  worker::batch_maker] Batch xfsN9a5nOaAcKkwVP2OLEV5jOPuGqihh4Ei4xPFPYbU= contains sample tx 2477
[2026-04-19T03:26:58.615Z INFO  worker::batch_maker] Batch xfsN9a5nOaAcKkwVP2OLEV5jOPuGqihh4Ei4xPFPYbU= contains 204800 B
[2026-04-19T03:26:58.619Z WARN  network::simple_sender] Failed to connect to 10.10.1.10:5046 (retry 0): Connection refused (os error 111)
[2026-04-19T03:26:58.621Z WARN  network::simple_sender] Failed to connect to 10.10.1.10:5046 (retry 0): Connection refused (os error 111)
[2026-04-19T03:26:58.627Z WARN  network::simple_sender] Failed to connect to 10.10.1.10:5046 (retry 0): Connection refused (os error 111)
[2026-04-19T03:26:58.629Z WARN  network::simple_sender] Failed to connect to 10.10.1.10:5046 (retry 0): Connection refused (os error 111)
[2026-04-19T03:26:58.632Z WARN  network::simple_sender] Failed to connect to 10.10.1.10:5046 (retry 0): Connection refused (os error 111)
[2026-04-19T03:26:58.640Z WARN  network::simple_sender] Failed to connect to 10.10.1.10:5046 (retry 0): Connection refused (os error 111)
[2026-04-19T03:26:58.641Z WARN  network::simple_sender] Failed to connect to 10.10.1.10:5046 (retry 0): Connection refused (os error 111)
[2026-04-19T03:26:58.644Z WARN  network::simple_sender] Failed to connect to 10.10.1.10:5046 (retry 0): Connection refused (os error 111)
[2026-04-19T03:26:58.653Z WARN  network::simple_sender] Failed to connect to 10.10.1.10:5046 (retry 0): Connection refused (os error 111)
[2026-04-19T03:26:58.658Z WARN  network::simple_sender] Failed to connect to 10.10.1.10:5046 (retry 0): Connection refused (os error 111)
[2026-04-19T03:26:58.669Z INFO  worker::batch_maker] Batch tQ3R9kFuJluds3pA8rW+SD6WVlu19GlUF41Il06hs+I= contains sample tx 2478
[2026-04-19T03:26:58.669Z INFO  worker::batch_maker] Batch tQ3R9kFuJluds3pA8rW+SD6WVlu19GlUF41Il06hs+I= contains 204800 B
[2026-04-19T03:26:58.673Z WARN  network::simple_sender] Failed to connect to 10.10.1.10:5046 (retry 0): Connection refused (os error 111)
[2026-04-19T03:26:58.674Z WARN  network::simple_sender] Failed to connect to 10.10.1.10:5046 (retry 0): Connection refused (os error 111)
[2026-04-19T03:26:58.679Z WARN  network::simple_sender] Failed to connect to 10.10.1.10:5046 (retry 0): Connection refused (os error 111)
[2026-04-19T03:26:58.681Z WARN  network::simple_sender] Failed to connect to 10.10.1.10:5046 (retry 0): Connection refused (os error 111)
[2026-04-19T03:26:58.684Z WARN  network::simple_sender] Failed to connect to 10.10.1.10:5046 (retry 0): Connection refused (os error 111)
[2026-04-19T03:26:58.691Z WARN  network::simple_sender] Failed to connect to 10.10.1.10:5046 (retry 0): Connection refused (os error 111)
[2026-04-19T03:26:58.696Z WARN  network::simple_sender] Failed to connect to 10.10.1.10:5046 (retry 0): Connection refused (os error 111)
[2026-04-19T03:26:58.707Z WARN  network::simple_sender] Failed to connect to 10.10.1.10:5046 (retry 0): Connection refused (os error 111)
[2026-04-19T03:26:58.716Z WARN  network::simple_sender] Failed to connect to 10.10.1.10:5046 (retry 0): Connection refused (os error 111)
[2026-04-19T03:26:58.723Z INFO  worker::batch_maker] Batch QWna67nRuUnyoKAX3ExwZqnM+torlc3e/PXUGc8efmg= contains sample tx 2479
[2026-04-19T03:26:58.723Z INFO  worker::batch_maker] Batch QWna67nRuUnyoKAX3ExwZqnM+torlc3e/PXUGc8efmg= contains 204800 B
[2026-04-19T03:26:58.726Z WARN  network::simple_sender] Failed to connect to 10.10.1.10:5046 (retry 0): Connection refused (os error 111)
[2026-04-19T03:26:58.727Z WARN  network::simple_sender] Failed to connect to 10.10.1.10:5046 (retry 0): Connection refused (os error 111)
[2026-04-19T03:26:58.732Z WARN  network::simple_sender] Failed to connect to 10.10.1.10:5046 (retry 0): Connection refused (os error 111)
[2026-04-19T03:26:58.734Z WARN  network::simple_sender] Failed to connect to 10.10.1.10:5046 (retry 0): Connection refused (os error 111)
[2026-04-19T03:26:58.736Z WARN  network::simple_sender] Failed to connect to 10.10.1.10:5046 (retry 0): Connection refused (os error 111)
[2026-04-19T03:26:58.745Z WARN  network::simple_sender] Failed to connect to 10.10.1.10:5046 (retry 0): Connection refused (os error 111)
[2026-04-19T03:26:58.749Z WARN  network::simple_sender] Failed to connect to 10.10.1.10:5046 (retry 0): Connection refused (os error 111)
[2026-04-19T03:26:58.760Z WARN  network::simple_sender] Failed to connect to 10.10.1.10:5046 (retry 0): Connection refused (os error 111)
[2026-04-19T03:26:58.765Z WARN  network::simple_sender] Failed to connect to 10.10.1.10:5046 (retry 0): Connection refused (os error 111)
[2026-04-19T03:26:58.776Z INFO  worker::batch_maker] Batch 7iJtK5IvMS+IV2t6XmUfq012NhUM5LQfaFiQNqz/gtM= contains sample tx 2480
[2026-04-19T03:26:58.776Z INFO  worker::batch_maker] Batch 7iJtK5IvMS+IV2t6XmUfq012NhUM5LQfaFiQNqz/gtM= contains 204800 B
[2026-04-19T03:26:58.778Z WARN  network::simple_sender] Failed to connect to 10.10.1.10:5046 (retry 0): Connection refused (os error 111)
[2026-04-19T03:26:58.779Z WARN  network::simple_sender] Failed to connect to 10.10.1.10:5046 (retry 0): Connection refused (os error 111)
[2026-04-19T03:26:58.779Z WARN  network::simple_sender] Failed to connect to 10.10.1.10:5046 (retry 0): Connection refused (os error 111)
[2026-04-19T03:26:58.784Z WARN  network::simple_sender] Failed to connect to 10.10.1.10:5046 (retry 0): Connection refused (os error 111)
[2026-04-19T03:26:58.786Z WARN  network::simple_sender] Failed to connect to 10.10.1.10:5046 (retry 0): Connection refused (os error 111)
[2026-04-19T03:26:58.789Z WARN  network::simple_sender] Failed to connect to 10.10.1.10:5046 (retry 0): Connection refused (os error 111)
[2026-04-19T03:26:58.797Z WARN  network::simple_sender] Failed to connect to 10.10.1.10:5046 (retry 0): Connection refused (os error 111)
[2026-04-19T03:26:58.802Z WARN  network::simple_sender] Failed to connect to 10.10.1.10:5046 (retry 0): Connection refused (os error 111)
[2026-04-19T03:26:58.812Z WARN  network::simple_sender] Failed to connect to 10.10.1.10:5046 (retry 0): Connection refused (os error 111)
[2026-04-19T03:26:58.818Z WARN  network::simple_sender] Failed to connect to 10.10.1.10:5046 (retry 0): Connection refused (os error 111)
[2026-04-19T03:26:58.819Z WARN  network::simple_sender] Failed to connect to 10.10.1.10:5046 (retry 0): Connection refused (os error 111)
[2026-04-19T03:26:58.829Z INFO  worker::batch_maker] Batch u/5g3obn93pyEYUWQAFemAWAkjVFIXoPqgHgsQ0Jbek= contains sample tx 2481
[2026-04-19T03:26:58.829Z INFO  worker::batch_maker] Batch u/5g3obn93pyEYUWQAFemAWAkjVFIXoPqgHgsQ0Jbek= contains 204800 B
[2026-04-19T03:26:58.830Z WARN  network::simple_sender] Failed to connect to 10.10.1.10:5046 (retry 0): Connection refused (os error 111)
[2026-04-19T03:26:58.831Z WARN  network::simple_sender] Failed to connect to 10.10.1.10:5046 (retry 0): Connection refused (os error 111)
[2026-04-19T03:26:58.837Z WARN  network::simple_sender] Failed to connect to 10.10.1.10:5046 (retry 0): Connection refused (os error 111)
[2026-04-19T03:26:58.839Z WARN  network::simple_sender] Failed to connect to 10.10.1.10:5046 (retry 0): Connection refused (os error 111)
[2026-04-19T03:26:58.841Z WARN  network::simple_sender] Failed to connect to 10.10.1.10:5046 (retry 0): Connection refused (os error 111)
[2026-04-19T03:26:58.849Z WARN  network::simple_sender] Failed to connect to 10.10.1.10:5046 (retry 0): Connection refused (os error 111)
[2026-04-19T03:26:58.860Z WARN  network::simple_sender] Failed to connect to 10.10.1.10:5046 (retry 0): Connection refused (os error 111)
[2026-04-19T03:26:58.867Z WARN  network::simple_sender] Failed to connect to 10.10.1.10:5046 (retry 0): Connection refused (os error 111)
[2026-04-19T03:26:58.868Z WARN  network::simple_sender] Failed to connect to 10.10.1.10:5046 (retry 0): Connection refused (os error 111)
[2026-04-19T03:26:58.871Z WARN  network::simple_sender] Failed to connect to 10.10.1.10:5046 (retry 0): Connection refused (os error 111)
[2026-04-19T03:26:58.881Z INFO  worker::batch_maker] Batch Uqw+yQPoWiUhYMQgt/RwGDuDm1O7jC7Gk59Gd8ixDZ0= contains sample tx 2482
[2026-04-19T03:26:58.881Z INFO  worker::batch_maker] Batch Uqw+yQPoWiUhYMQgt/RwGDuDm1O7jC7Gk59Gd8ixDZ0= contains 204800 B
[2026-04-19T03:26:58.882Z WARN  network::simple_sender] Failed to connect to 10.10.1.10:5046 (retry 0): Connection refused (os error 111)
[2026-04-19T03:26:58.883Z WARN  network::simple_sender] Failed to connect to 10.10.1.10:5046 (retry 0): Connection refused (os error 111)
[2026-04-19T03:26:58.891Z WARN  network::simple_sender] Failed to connect to 10.10.1.10:5046 (retry 0): Connection refused (os error 111)
[2026-04-19T03:26:58.892Z WARN  network::simple_sender] Failed to connect to 10.10.1.10:5046 (retry 0): Connection refused (os error 111)
[2026-04-19T03:26:58.894Z WARN  network::simple_sender] Failed to connect to 10.10.1.10:5046 (retry 0): Connection refused (os error 111)
[2026-04-19T03:26:58.901Z WARN  network::simple_sender] Failed to connect to 10.10.1.10:5046 (retry 0): Connection refused (os error 111)
[2026-04-19T03:26:58.911Z WARN  network::simple_sender] Failed to connect to 10.10.1.10:5046 (retry 0): Connection refused (os error 111)
[2026-04-19T03:26:58.915Z WARN  network::simple_sender] Failed to connect to 10.10.1.10:5046 (retry 0): Connection refused (os error 111)
[2026-04-19T03:26:58.921Z WARN  network::simple_sender] Failed to connect to 10.10.1.10:5046 (retry 0): Connection refused (os error 111)
[2026-04-19T03:26:58.924Z WARN  network::simple_sender] Failed to connect to 10.10.1.10:5046 (retry 0): Connection refused (os error 111)
[2026-04-19T03:26:58.932Z INFO  worker::batch_maker] Batch HsvPsp52vVkpwypyNYQii5tBDJn1FPRXNlgbY7qfzKg= contains sample tx 2483
[2026-04-19T03:26:58.932Z INFO  worker::batch_maker] Batch HsvPsp52vVkpwypyNYQii5tBDJn1FPRXNlgbY7qfzKg= contains 204800 B
[2026-04-19T03:26:58.934Z WARN  network::simple_sender] Failed to connect to 10.10.1.10:5046 (retry 0): Connection refused (os error 111)
[2026-04-19T03:26:58.936Z WARN  network::simple_sender] Failed to connect to 10.10.1.10:5046 (retry 0): Connection refused (os error 111)
[2026-04-19T03:26:58.946Z WARN  network::simple_sender] Failed to connect to 10.10.1.10:5046 (retry 0): Connection refused (os error 111)
[2026-04-19T03:26:58.947Z WARN  network::simple_sender] Failed to connect to 10.10.1.10:5046 (retry 0): Connection refused (os error 111)
[2026-04-19T03:26:58.951Z WARN  network::simple_sender] Failed to connect to 10.10.1.10:5046 (retry 0): Connection refused (os error 111)
[2026-04-19T03:26:58.954Z WARN  network::simple_sender] Failed to connect to 10.10.1.10:5046 (retry 0): Connection refused (os error 111)
[2026-04-19T03:26:58.965Z WARN  network::simple_sender] Failed to connect to 10.10.1.10:5046 (retry 0): Connection refused (os error 111)
[2026-04-19T03:26:58.972Z WARN  network::simple_sender] Failed to connect to 10.10.1.10:5046 (retry 0): Connection refused (os error 111)
[2026-04-19T03:26:58.973Z WARN  network::simple_sender] Failed to connect to 10.10.1.10:5046 (retry 0): Connection refused (os error 111)
[2026-04-19T03:26:58.980Z WARN  network::simple_sender] Failed to connect to 10.10.1.10:5046 (retry 0): Connection refused (os error 111)
[2026-04-19T03:26:58.984Z INFO  worker::batch_maker] Batch N/GwJYyxYntNpnBonhuYCKjef2a48bgrVgIF5oq+AE4= contains sample tx 2484
[2026-04-19T03:26:58.984Z INFO  worker::batch_maker] Batch N/GwJYyxYntNpnBonhuYCKjef2a48bgrVgIF5oq+AE4= contains 204800 B
[2026-04-19T03:26:58.987Z WARN  network::simple_sender] Failed to connect to 10.10.1.10:5046 (retry 0): Connection refused (os error 111)
[2026-04-19T03:26:58.989Z WARN  network::simple_sender] Failed to connect to 10.10.1.10:5046 (retry 0): Connection refused (os error 111)
[2026-04-19T03:26:59.000Z WARN  network::simple_sender] Failed to connect to 10.10.1.10:5046 (retry 0): Connection refused (os error 111)
[2026-04-19T03:26:59.002Z WARN  network::simple_sender] Failed to connect to 10.10.1.10:5046 (retry 0): Connection refused (os error 111)
[2026-04-19T03:26:59.004Z WARN  network::simple_sender] Failed to connect to 10.10.1.10:5046 (retry 0): Connection refused (os error 111)
[2026-04-19T03:26:59.006Z WARN  network::simple_sender] Failed to connect to 10.10.1.10:5046 (retry 0): Connection refused (os error 111)
[2026-04-19T03:26:59.021Z WARN  network::simple_sender] Failed to connect to 10.10.1.10:5046 (retry 0): Connection refused (os error 111)
[2026-04-19T03:26:59.022Z WARN  network::simple_sender] Failed to connect to 10.10.1.10:5046 (retry 0): Connection refused (os error 111)
[2026-04-19T03:26:59.028Z WARN  network::simple_sender] Failed to connect to 10.10.1.10:5046 (retry 0): Connection refused (os error 111)
[2026-04-19T03:26:59.034Z WARN  network::simple_sender] Failed to connect to 10.10.1.10:5046 (retry 0): Connection refused (os error 111)
[2026-04-19T03:26:59.038Z INFO  worker::batch_maker] Batch zDux7sbVR6/rv/yVhShJ4CnhJd65fAm9IM1XSL6JRQY= contains sample tx 2485
[2026-04-19T03:26:59.038Z INFO  worker::batch_maker] Batch zDux7sbVR6/rv/yVhShJ4CnhJd65fAm9IM1XSL6JRQY= contains 204800 B
[2026-04-19T03:26:59.043Z WARN  network::simple_sender] Failed to connect to 10.10.1.10:5046 (retry 0): Connection refused (os error 111)
[2026-04-19T03:26:59.056Z WARN  network::simple_sender] Failed to connect to 10.10.1.10:5046 (retry 0): Connection refused (os error 111)
[2026-04-19T03:26:59.058Z WARN  network::simple_sender] Failed to connect to 10.10.1.10:5046 (retry 0): Connection refused (os error 111)
[2026-04-19T03:26:59.062Z WARN  network::simple_sender] Failed to connect to 10.10.1.10:5046 (retry 0): Connection refused (os error 111)
[2026-04-19T03:26:59.063Z WARN  network::simple_sender] Failed to connect to 10.10.1.10:5046 (retry 0): Connection refused (os error 111)
[2026-04-19T03:26:59.072Z WARN  network::simple_sender] Failed to connect to 10.10.1.10:5046 (retry 0): Connection refused (os error 111)
[2026-04-19T03:26:59.075Z WARN  network::simple_sender] Failed to connect to 10.10.1.10:5046 (retry 0): Connection refused (os error 111)
[2026-04-19T03:26:59.080Z WARN  network::simple_sender] Failed to connect to 10.10.1.10:5046 (retry 0): Connection refused (os error 111)
[2026-04-19T03:26:59.087Z WARN  network::simple_sender] Failed to connect to 10.10.1.10:5046 (retry 0): Connection refused (os error 111)
[2026-04-19T03:26:59.091Z INFO  worker::batch_maker] Batch /wLlC9Uj4Etzv6EM5m/Ch8x+pwhybfPfa3Hese8SrPg= contains sample tx 2486
[2026-04-19T03:26:59.092Z INFO  worker::batch_maker] Batch /wLlC9Uj4Etzv6EM5m/Ch8x+pwhybfPfa3Hese8SrPg= contains 204800 B
[2026-04-19T03:26:59.095Z WARN  network::simple_sender] Failed to connect to 10.10.1.10:5046 (retry 0): Connection refused (os error 111)
[2026-04-19T03:26:59.096Z WARN  network::simple_sender] Failed to connect to 10.10.1.10:5046 (retry 0): Connection refused (os error 111)
[2026-04-19T03:26:59.105Z WARN  network::simple_sender] Failed to connect to 10.10.1.10:5046 (retry 0): Connection refused (os error 111)
[2026-04-19T03:26:59.106Z WARN  network::simple_sender] Failed to connect to 10.10.1.10:5046 (retry 0): Connection refused (os error 111)
[2026-04-19T03:26:59.114Z WARN  network::simple_sender] Failed to connect to 10.10.1.10:5046 (retry 0): Connection refused (os error 111)
[2026-04-19T03:26:59.117Z WARN  network::simple_sender] Failed to connect to 10.10.1.10:5046 (retry 0): Connection refused (os error 111)
[2026-04-19T03:26:59.125Z WARN  network::simple_sender] Failed to connect to 10.10.1.10:5046 (retry 0): Connection refused (os error 111)
[2026-04-19T03:26:59.131Z WARN  network::simple_sender] Failed to connect to 10.10.1.10:5046 (retry 0): Connection refused (os error 111)
[2026-04-19T03:26:59.133Z WARN  network::simple_sender] Failed to connect to 10.10.1.10:5046 (retry 0): Connection refused (os error 111)
[2026-04-19T03:26:59.138Z WARN  network::simple_sender] Failed to connect to 10.10.1.10:5046 (retry 0): Connection refused (os error 111)
[2026-04-19T03:26:59.145Z INFO  worker::batch_maker] Batch Z18m1ZImAbV1yaaV6K5zeWzpGppHN4wsPpHxi795Fkw= contains sample tx 2487
[2026-04-19T03:26:59.145Z INFO  worker::batch_maker] Batch Z18m1ZImAbV1yaaV6K5zeWzpGppHN4wsPpHxi795Fkw= contains 204800 B
[2026-04-19T03:26:59.149Z WARN  network::simple_sender] Failed to connect to 10.10.1.10:5046 (retry 0): Connection refused (os error 111)
[2026-04-19T03:26:59.149Z WARN  network::simple_sender] Failed to connect to 10.10.1.10:5046 (retry 0): Connection refused (os error 111)
[2026-04-19T03:26:59.157Z WARN  network::simple_sender] Failed to connect to 10.10.1.10:5046 (retry 0): Connection refused (os error 111)
[2026-04-19T03:26:59.162Z WARN  network::simple_sender] Failed to connect to 10.10.1.10:5046 (retry 0): Connection refused (os error 111)
[2026-04-19T03:26:59.164Z WARN  network::simple_sender] Failed to connect to 10.10.1.10:5046 (retry 0): Connection refused (os error 111)
[2026-04-19T03:26:59.168Z WARN  network::simple_sender] Failed to connect to 10.10.1.10:5046 (retry 0): Connection refused (os error 111)
[2026-04-19T03:26:59.180Z WARN  network::simple_sender] Failed to connect to 10.10.1.10:5046 (retry 0): Connection refused (os error 111)
[2026-04-19T03:26:59.181Z WARN  network::simple_sender] Failed to connect to 10.10.1.10:5046 (retry 0): Connection refused (os error 111)
[2026-04-19T03:26:59.186Z WARN  network::simple_sender] Failed to connect to 10.10.1.10:5046 (retry 0): Connection refused (os error 111)
[2026-04-19T03:26:59.192Z WARN  network::simple_sender] Failed to connect to 10.10.1.10:5046 (retry 0): Connection refused (os error 111)
[2026-04-19T03:26:59.196Z INFO  worker::batch_maker] Batch 8fbz8UFTV9TdjO/T55f1/IexqcxXP8DvUoaZzJBLSFE= contains sample tx 2488
[2026-04-19T03:26:59.196Z INFO  worker::batch_maker] Batch 8fbz8UFTV9TdjO/T55f1/IexqcxXP8DvUoaZzJBLSFE= contains 204800 B
[2026-04-19T03:26:59.200Z WARN  network::simple_sender] Failed to connect to 10.10.1.10:5046 (retry 0): Connection refused (os error 111)
[2026-04-19T03:26:59.204Z WARN  network::simple_sender] Failed to connect to 10.10.1.10:5046 (retry 0): Connection refused (os error 111)
[2026-04-19T03:26:59.211Z WARN  network::simple_sender] Failed to connect to 10.10.1.10:5046 (retry 0): Connection refused (os error 111)
[2026-04-19T03:26:59.214Z WARN  network::simple_sender] Failed to connect to 10.10.1.10:5046 (retry 0): Connection refused (os error 111)
[2026-04-19T03:26:59.220Z WARN  network::simple_sender] Failed to connect to 10.10.1.10:5046 (retry 0): Connection refused (os error 111)
[2026-04-19T03:26:59.222Z WARN  network::simple_sender] Failed to connect to 10.10.1.10:5046 (retry 0): Connection refused (os error 111)
[2026-04-19T03:26:59.234Z WARN  network::simple_sender] Failed to connect to 10.10.1.10:5046 (retry 0): Connection refused (os error 111)
[2026-04-19T03:26:59.237Z WARN  network::simple_sender] Failed to connect to 10.10.1.10:5046 (retry 0): Connection refused (os error 111)
[2026-04-19T03:26:59.240Z WARN  network::simple_sender] Failed to connect to 10.10.1.10:5046 (retry 0): Connection refused (os error 111)
[2026-04-19T03:26:59.247Z WARN  network::simple_sender] Failed to connect to 10.10.1.10:5046 (retry 0): Connection refused (os error 111)
[2026-04-19T03:26:59.250Z INFO  worker::batch_maker] Batch 5ciFppJ1DpZ52tHcTKctKwK2K26B7N26HCkoDMUfRgQ= contains sample tx 2489
[2026-04-19T03:26:59.250Z INFO  worker::batch_maker] Batch 5ciFppJ1DpZ52tHcTKctKwK2K26B7N26HCkoDMUfRgQ= contains 204800 B
[2026-04-19T03:26:59.254Z WARN  network::simple_sender] Failed to connect to 10.10.1.10:5046 (retry 0): Connection refused (os error 111)
[2026-04-19T03:26:59.255Z WARN  network::simple_sender] Failed to connect to 10.10.1.10:5046 (retry 0): Connection refused (os error 111)
[2026-04-19T03:26:59.264Z WARN  network::simple_sender] Failed to connect to 10.10.1.10:5046 (retry 0): Connection refused (os error 111)
[2026-04-19T03:26:59.271Z WARN  network::simple_sender] Failed to connect to 10.10.1.10:5046 (retry 0): Connection refused (os error 111)
[2026-04-19T03:26:59.273Z WARN  network::simple_sender] Failed to connect to 10.10.1.10:5046 (retry 0): Connection refused (os error 111)
[2026-04-19T03:26:59.276Z WARN  network::simple_sender] Failed to connect to 10.10.1.10:5046 (retry 0): Connection refused (os error 111)
[2026-04-19T03:26:59.288Z WARN  network::simple_sender] Failed to connect to 10.10.1.10:5046 (retry 0): Connection refused (os error 111)
[2026-04-19T03:26:59.289Z WARN  network::simple_sender] Failed to connect to 10.10.1.10:5046 (retry 0): Connection refused (os error 111)
[2026-04-19T03:26:59.296Z WARN  network::simple_sender] Failed to connect to 10.10.1.10:5046 (retry 0): Connection refused (os error 111)
[2026-04-19T03:26:59.302Z WARN  network::simple_sender] Failed to connect to 10.10.1.10:5046 (retry 0): Connection refused (os error 111)
[2026-04-19T03:26:59.302Z INFO  worker::batch_maker] Batch qiWMHh75hCtHGvuHjatLbttlfYUfv2cgfgwtIhIhuw8= contains sample tx 2490
[2026-04-19T03:26:59.302Z INFO  worker::batch_maker] Batch qiWMHh75hCtHGvuHjatLbttlfYUfv2cgfgwtIhIhuw8= contains sample tx 2491
[2026-04-19T03:26:59.302Z INFO  worker::batch_maker] Batch qiWMHh75hCtHGvuHjatLbttlfYUfv2cgfgwtIhIhuw8= contains 291328 B
[2026-04-19T03:26:59.306Z WARN  network::simple_sender] Failed to connect to 10.10.1.10:5046 (retry 0): Connection refused (os error 111)
[2026-04-19T03:26:59.308Z WARN  network::simple_sender] Failed to connect to 10.10.1.10:5046 (retry 0): Connection refused (os error 111)
[2026-04-19T03:26:59.314Z WARN  network::simple_sender] Failed to connect to 10.10.1.10:5046 (retry 0): Connection refused (os error 111)
[2026-04-19T03:26:59.322Z WARN  network::simple_sender] Failed to connect to 10.10.1.10:5046 (retry 0): Connection refused (os error 111)
[2026-04-19T03:26:59.324Z WARN  network::simple_sender] Failed to connect to 10.10.1.10:5046 (retry 0): Connection refused (os error 111)
[2026-04-19T03:26:59.325Z WARN  network::simple_sender] Failed to connect to 10.10.1.10:5046 (retry 0): Connection refused (os error 111)
[2026-04-19T03:26:59.342Z WARN  network::simple_sender] Failed to connect to 10.10.1.10:5046 (retry 0): Connection refused (os error 111)
[2026-04-19T03:26:59.343Z WARN  network::simple_sender] Failed to connect to 10.10.1.10:5046 (retry 0): Connection refused (os error 111)
[2026-04-19T03:26:59.350Z WARN  network::simple_sender] Failed to connect to 10.10.1.10:5046 (retry 0): Connection refused (os error 111)
[2026-04-19T03:26:59.354Z WARN  network::simple_sender] Failed to connect to 10.10.1.10:5046 (retry 0): Connection refused (os error 111)
[2026-04-19T03:26:59.357Z INFO  worker::batch_maker] Batch FErdP1IdtnQ9QDgjAhPKh+loeiIKlb2LmsHprvqyAx0= contains sample tx 2492
[2026-04-19T03:26:59.357Z INFO  worker::batch_maker] Batch FErdP1IdtnQ9QDgjAhPKh+loeiIKlb2LmsHprvqyAx0= contains 323072 B
[2026-04-19T03:26:59.363Z WARN  network::simple_sender] Failed to connect to 10.10.1.10:5046 (retry 0): Connection refused (os error 111)
[2026-04-19T03:26:59.363Z WARN  network::simple_sender] Failed to connect to 10.10.1.10:5046 (retry 0): Connection refused (os error 111)
[2026-04-19T03:26:59.368Z WARN  network::simple_sender] Failed to connect to 10.10.1.10:5046 (retry 0): Connection refused (os error 111)
[2026-04-19T03:26:59.378Z WARN  network::simple_sender] Failed to connect to 10.10.1.10:5046 (retry 0): Connection refused (os error 111)
[2026-04-19T03:26:59.380Z WARN  network::simple_sender] Failed to connect to 10.10.1.10:5046 (retry 0): Connection refused (os error 111)
[2026-04-19T03:26:59.382Z WARN  network::simple_sender] Failed to connect to 10.10.1.10:5046 (retry 0): Connection refused (os error 111)
[2026-04-19T03:26:59.395Z WARN  network::simple_sender] Failed to connect to 10.10.1.10:5046 (retry 0): Connection refused (os error 111)
[2026-04-19T03:26:59.398Z WARN  network::simple_sender] Failed to connect to 10.10.1.10:5046 (retry 0): Connection refused (os error 111)
[2026-04-19T03:26:59.403Z WARN  network::simple_sender] Failed to connect to 10.10.1.10:5046 (retry 0): Connection refused (os error 111)
[2026-04-19T03:26:59.409Z WARN  network::simple_sender] Failed to connect to 10.10.1.10:5046 (retry 0): Connection refused (os error 111)
[2026-04-19T03:26:59.411Z INFO  worker::batch_maker] Batch LawJniuZbSnIlGqNQSvqkyMRJ1u2Gp+DsR6WN1BCfYQ= contains sample tx 2493
[2026-04-19T03:26:59.411Z INFO  worker::batch_maker] Batch LawJniuZbSnIlGqNQSvqkyMRJ1u2Gp+DsR6WN1BCfYQ= contains 204800 B
[2026-04-19T03:26:59.414Z WARN  network::simple_sender] Failed to connect to 10.10.1.10:5046 (retry 0): Connection refused (os error 111)
[2026-04-19T03:26:59.414Z WARN  network::simple_sender] Failed to connect to 10.10.1.10:5046 (retry 0): Connection refused (os error 111)
[2026-04-19T03:26:59.423Z WARN  network::simple_sender] Failed to connect to 10.10.1.10:5046 (retry 0): Connection refused (os error 111)
[2026-04-19T03:26:59.431Z WARN  network::simple_sender] Failed to connect to 10.10.1.10:5046 (retry 0): Connection refused (os error 111)
[2026-04-19T03:26:59.433Z WARN  network::simple_sender] Failed to connect to 10.10.1.10:5046 (retry 0): Connection refused (os error 111)
[2026-04-19T03:26:59.434Z WARN  network::simple_sender] Failed to connect to 10.10.1.10:5046 (retry 0): Connection refused (os error 111)
[2026-04-19T03:26:59.448Z WARN  network::simple_sender] Failed to connect to 10.10.1.10:5046 (retry 0): Connection refused (os error 111)
[2026-04-19T03:26:59.451Z WARN  network::simple_sender] Failed to connect to 10.10.1.10:5046 (retry 0): Connection refused (os error 111)
[2026-04-19T03:26:59.458Z WARN  network::simple_sender] Failed to connect to 10.10.1.10:5046 (retry 0): Connection refused (os error 111)
[2026-04-19T03:26:59.463Z INFO  worker::batch_maker] Batch unMES6QyWuoGWWohlTmFVbqS+BPOA+8kN4r5pJCymhc= contains sample tx 2494
[2026-04-19T03:26:59.463Z INFO  worker::batch_maker] Batch unMES6QyWuoGWWohlTmFVbqS+BPOA+8kN4r5pJCymhc= contains 204800 B
[2026-04-19T03:26:59.467Z WARN  network::simple_sender] Failed to connect to 10.10.1.10:5046 (retry 0): Connection refused (os error 111)
[2026-04-19T03:26:59.468Z WARN  network::simple_sender] Failed to connect to 10.10.1.10:5046 (retry 0): Connection refused (os error 111)
[2026-04-19T03:26:59.469Z WARN  network::simple_sender] Failed to connect to 10.10.1.10:5046 (retry 0): Connection refused (os error 111)
[2026-04-19T03:26:59.475Z WARN  network::simple_sender] Failed to connect to 10.10.1.10:5046 (retry 0): Connection refused (os error 111)
[2026-04-19T03:26:59.483Z WARN  network::simple_sender] Failed to connect to 10.10.1.10:5046 (retry 0): Connection refused (os error 111)
[2026-04-19T03:26:59.486Z WARN  network::simple_sender] Failed to connect to 10.10.1.10:5046 (retry 0): Connection refused (os error 111)
[2026-04-19T03:26:59.487Z WARN  network::simple_sender] Failed to connect to 10.10.1.10:5046 (retry 0): Connection refused (os error 111)
[2026-04-19T03:26:59.503Z WARN  network::simple_sender] Failed to connect to 10.10.1.10:5046 (retry 0): Connection refused (os error 111)
[2026-04-19T03:26:59.505Z WARN  network::simple_sender] Failed to connect to 10.10.1.10:5046 (retry 0): Connection refused (os error 111)
[2026-04-19T03:26:59.513Z WARN  network::simple_sender] Failed to connect to 10.10.1.10:5046 (retry 0): Connection refused (os error 111)
[2026-04-19T03:26:59.516Z INFO  worker::batch_maker] Batch 8jOZ/T9mCuW+djCaqrQrVdQWkxl89nDXInu7tVZJCds= contains sample tx 2495
[2026-04-19T03:26:59.516Z INFO  worker::batch_maker] Batch 8jOZ/T9mCuW+djCaqrQrVdQWkxl89nDXInu7tVZJCds= contains 204800 B
[2026-04-19T03:26:59.519Z WARN  network::simple_sender] Failed to connect to 10.10.1.10:5046 (retry 0): Connection refused (os error 111)
[2026-04-19T03:26:59.520Z WARN  network::simple_sender] Failed to connect to 10.10.1.10:5046 (retry 0): Connection refused (os error 111)
[2026-04-19T03:26:59.527Z WARN  network::simple_sender] Failed to connect to 10.10.1.10:5046 (retry 0): Connection refused (os error 111)
[2026-04-19T03:26:59.535Z WARN  network::simple_sender] Failed to connect to 10.10.1.10:5046 (retry 0): Connection refused (os error 111)
[2026-04-19T03:26:59.537Z WARN  network::simple_sender] Failed to connect to 10.10.1.10:5046 (retry 0): Connection refused (os error 111)
[2026-04-19T03:26:59.539Z WARN  network::simple_sender] Failed to connect to 10.10.1.10:5046 (retry 0): Connection refused (os error 111)
[2026-04-19T03:26:59.557Z WARN  network::simple_sender] Failed to connect to 10.10.1.10:5046 (retry 0): Connection refused (os error 111)
[2026-04-19T03:26:59.565Z WARN  network::simple_sender] Failed to connect to 10.10.1.10:5046 (retry 0): Connection refused (os error 111)
[2026-04-19T03:26:59.569Z INFO  worker::batch_maker] Batch PKfkGbrC9xF7gabyYIzgJyI5BvCn7O2Xk8Bwj0nvyVk= contains sample tx 2496
[2026-04-19T03:26:59.569Z INFO  worker::batch_maker] Batch PKfkGbrC9xF7gabyYIzgJyI5BvCn7O2Xk8Bwj0nvyVk= contains 204800 B
[2026-04-19T03:26:59.571Z WARN  network::simple_sender] Failed to connect to 10.10.1.10:5046 (retry 0): Connection refused (os error 111)
[2026-04-19T03:26:59.572Z WARN  network::simple_sender] Failed to connect to 10.10.1.10:5046 (retry 0): Connection refused (os error 111)
[2026-04-19T03:26:59.574Z WARN  network::simple_sender] Failed to connect to 10.10.1.10:5046 (retry 0): Connection refused (os error 111)
[2026-04-19T03:26:59.576Z WARN  network::simple_sender] Failed to connect to 10.10.1.10:5046 (retry 0): Connection refused (os error 111)
[2026-04-19T03:26:59.580Z WARN  network::simple_sender] Failed to connect to 10.10.1.10:5046 (retry 0): Connection refused (os error 111)
[2026-04-19T03:26:59.588Z WARN  network::simple_sender] Failed to connect to 10.10.1.10:5046 (retry 0): Connection refused (os error 111)
[2026-04-19T03:26:59.590Z WARN  network::simple_sender] Failed to connect to 10.10.1.10:5046 (retry 0): Connection refused (os error 111)
[2026-04-19T03:26:59.592Z WARN  network::simple_sender] Failed to connect to 10.10.1.10:5046 (retry 0): Connection refused (os error 111)
[2026-04-19T03:26:59.612Z WARN  network::simple_sender] Failed to connect to 10.10.1.10:5046 (retry 0): Connection refused (os error 111)
[2026-04-19T03:26:59.612Z WARN  network::simple_sender] Failed to connect to 10.10.1.10:5046 (retry 0): Connection refused (os error 111)
[2026-04-19T03:26:59.622Z INFO  worker::batch_maker] Batch /9HZlzbuXdGPhAVzIIJxX5jC0FVUrCMnFfGTvQw1bF0= contains sample tx 2497
[2026-04-19T03:26:59.622Z INFO  worker::batch_maker] Batch /9HZlzbuXdGPhAVzIIJxX5jC0FVUrCMnFfGTvQw1bF0= contains 204800 B
[2026-04-19T03:26:59.626Z WARN  network::simple_sender] Failed to connect to 10.10.1.10:5046 (retry 0): Connection refused (os error 111)
[2026-04-19T03:26:59.628Z WARN  network::simple_sender] Failed to connect to 10.10.1.10:5046 (retry 0): Connection refused (os error 111)
[2026-04-19T03:26:59.629Z WARN  network::simple_sender] Failed to connect to 10.10.1.10:5046 (retry 0): Connection refused (os error 111)
[2026-04-19T03:26:59.632Z WARN  network::simple_sender] Failed to connect to 10.10.1.10:5046 (retry 0): Connection refused (os error 111)
[2026-04-19T03:26:59.635Z WARN  network::simple_sender] Failed to connect to 10.10.1.10:5046 (retry 0): Connection refused (os error 111)
[2026-04-19T03:26:59.642Z WARN  network::simple_sender] Failed to connect to 10.10.1.10:5046 (retry 0): Connection refused (os error 111)
[2026-04-19T03:26:59.644Z WARN  network::simple_sender] Failed to connect to 10.10.1.10:5046 (retry 0): Connection refused (os error 111)
[2026-04-19T03:26:59.645Z WARN  network::simple_sender] Failed to connect to 10.10.1.10:5046 (retry 0): Connection refused (os error 111)
[2026-04-19T03:26:59.666Z WARN  network::simple_sender] Failed to connect to 10.10.1.10:5046 (retry 0): Connection refused (os error 111)
[2026-04-19T03:26:59.671Z WARN  network::simple_sender] Failed to connect to 10.10.1.10:5046 (retry 0): Connection refused (os error 111)
[2026-04-19T03:26:59.674Z INFO  worker::batch_maker] Batch HPr+hwZa+YOEswNO/L+HCGInpukEYyQhg7Uo0deQrOQ= contains sample tx 2498
[2026-04-19T03:26:59.674Z INFO  worker::batch_maker] Batch HPr+hwZa+YOEswNO/L+HCGInpukEYyQhg7Uo0deQrOQ= contains 204800 B
[2026-04-19T03:26:59.678Z WARN  network::simple_sender] Failed to connect to 10.10.1.10:5046 (retry 0): Connection refused (os error 111)
[2026-04-19T03:26:59.680Z WARN  network::simple_sender] Failed to connect to 10.10.1.10:5046 (retry 0): Connection refused (os error 111)
[2026-04-19T03:26:59.681Z WARN  network::simple_sender] Failed to connect to 10.10.1.10:5046 (retry 0): Connection refused (os error 111)
[2026-04-19T03:26:59.684Z WARN  network::simple_sender] Failed to connect to 10.10.1.10:5046 (retry 0): Connection refused (os error 111)
[2026-04-19T03:26:59.695Z WARN  network::simple_sender] Failed to connect to 10.10.1.10:5046 (retry 0): Connection refused (os error 111)
[2026-04-19T03:26:59.696Z WARN  network::simple_sender] Failed to connect to 10.10.1.10:5046 (retry 0): Connection refused (os error 111)
[2026-04-19T03:26:59.698Z WARN  network::simple_sender] Failed to connect to 10.10.1.10:5046 (retry 0): Connection refused (os error 111)
[2026-04-19T03:26:59.720Z WARN  network::simple_sender] Failed to connect to 10.10.1.10:5046 (retry 0): Connection refused (os error 111)
[2026-04-19T03:26:59.722Z WARN  network::simple_sender] Failed to connect to 10.10.1.10:5046 (retry 0): Connection refused (os error 111)
[2026-04-19T03:26:59.728Z INFO  worker::batch_maker] Batch vQQpW6mj2c9FnZa98rjArDyntvwkYW9adn/8w5NmVCk= contains sample tx 2499
[2026-04-19T03:26:59.728Z INFO  worker::batch_maker] Batch vQQpW6mj2c9FnZa98rjArDyntvwkYW9adn/8w5NmVCk= contains 204800 B
[2026-04-19T03:26:59.731Z WARN  network::simple_sender] Failed to connect to 10.10.1.10:5046 (retry 0): Connection refused (os error 111)
[2026-04-19T03:26:59.732Z WARN  network::simple_sender] Failed to connect to 10.10.1.10:5046 (retry 0): Connection refused (os error 111)
[2026-04-19T03:26:59.733Z WARN  network::simple_sender] Failed to connect to 10.10.1.10:5046 (retry 0): Connection refused (os error 111)
[2026-04-19T03:26:59.735Z WARN  network::simple_sender] Failed to connect to 10.10.1.10:5046 (retry 0): Connection refused (os error 111)
[2026-04-19T03:26:59.737Z WARN  network::simple_sender] Failed to connect to 10.10.1.10:5046 (retry 0): Connection refused (os error 111)
[2026-04-19T03:26:59.746Z WARN  network::simple_sender] Failed to connect to 10.10.1.10:5046 (retry 0): Connection refused (os error 111)
[2026-04-19T03:26:59.750Z WARN  network::simple_sender] Failed to connect to 10.10.1.10:5046 (retry 0): Connection refused (os error 111)
[2026-04-19T03:26:59.751Z WARN  network::simple_sender] Failed to connect to 10.10.1.10:5046 (retry 0): Connection refused (os error 111)
[2026-04-19T03:26:59.772Z WARN  network::simple_sender] Failed to connect to 10.10.1.10:5046 (retry 0): Connection refused (os error 111)
[2026-04-19T03:26:59.774Z WARN  network::simple_sender] Failed to connect to 10.10.1.10:5046 (retry 0): Connection refused (os error 111)
[2026-04-19T03:26:59.782Z INFO  worker::batch_maker] Batch /Ll99Y9+gZsdSM+56fy899G7okBRXJLjmFb31v7bp2E= contains sample tx 2500
[2026-04-19T03:26:59.782Z INFO  worker::batch_maker] Batch /Ll99Y9+gZsdSM+56fy899G7okBRXJLjmFb31v7bp2E= contains 204800 B
[2026-04-19T03:26:59.787Z WARN  network::simple_sender] Failed to connect to 10.10.1.10:5046 (retry 0): Connection refused (os error 111)
[2026-04-19T03:26:59.788Z WARN  network::simple_sender] Failed to connect to 10.10.1.10:5046 (retry 0): Connection refused (os error 111)
[2026-04-19T03:26:59.790Z WARN  network::simple_sender] Failed to connect to 10.10.1.10:5046 (retry 0): Connection refused (os error 111)
[2026-04-19T03:26:59.792Z WARN  network::simple_sender] Failed to connect to 10.10.1.10:5046 (retry 0): Connection refused (os error 111)
[2026-04-19T03:26:59.793Z WARN  network::simple_sender] Failed to connect to 10.10.1.10:5046 (retry 0): Connection refused (os error 111)
[2026-04-19T03:26:59.804Z WARN  network::simple_sender] Failed to connect to 10.10.1.10:5046 (retry 0): Connection refused (os error 111)
[2026-04-19T03:26:59.806Z WARN  network::simple_sender] Failed to connect to 10.10.1.10:5046 (retry 0): Connection refused (os error 111)
[2026-04-19T03:26:59.808Z WARN  network::simple_sender] Failed to connect to 10.10.1.10:5046 (retry 0): Connection refused (os error 111)
[2026-04-19T03:26:59.830Z WARN  network::simple_sender] Failed to connect to 10.10.1.10:5046 (retry 0): Connection refused (os error 111)
[2026-04-19T03:26:59.832Z WARN  network::simple_sender] Failed to connect to 10.10.1.10:5046 (retry 0): Connection refused (os error 111)
[2026-04-19T03:26:59.837Z INFO  worker::batch_maker] Batch rFzeel6UZ13N/1ARqSuEWqTRZ0ztp2QPxhTFXQWRAag= contains sample tx 2501
[2026-04-19T03:26:59.837Z INFO  worker::batch_maker] Batch rFzeel6UZ13N/1ARqSuEWqTRZ0ztp2QPxhTFXQWRAag= contains 204800 B
[2026-04-19T03:26:59.841Z WARN  network::simple_sender] Failed to connect to 10.10.1.10:5046 (retry 0): Connection refused (os error 111)
[2026-04-19T03:26:59.842Z WARN  network::simple_sender] Failed to connect to 10.10.1.10:5046 (retry 0): Connection refused (os error 111)
[2026-04-19T03:26:59.844Z WARN  network::simple_sender] Failed to connect to 10.10.1.10:5046 (retry 0): Connection refused (os error 111)
[2026-04-19T03:26:59.846Z WARN  network::simple_sender] Failed to connect to 10.10.1.10:5046 (retry 0): Connection refused (os error 111)
[2026-04-19T03:26:59.856Z WARN  network::simple_sender] Failed to connect to 10.10.1.10:5046 (retry 0): Connection refused (os error 111)
[2026-04-19T03:26:59.858Z WARN  network::simple_sender] Failed to connect to 10.10.1.10:5046 (retry 0): Connection refused (os error 111)
[2026-04-19T03:26:59.861Z WARN  network::simple_sender] Failed to connect to 10.10.1.10:5046 (retry 0): Connection refused (os error 111)
[2026-04-19T03:26:59.882Z WARN  network::simple_sender] Failed to connect to 10.10.1.10:5046 (retry 0): Connection refused (os error 111)
[2026-04-19T03:26:59.886Z WARN  network::simple_sender] Failed to connect to 10.10.1.10:5046 (retry 0): Connection refused (os error 111)
[2026-04-19T03:26:59.890Z INFO  worker::batch_maker] Batch e/c7CfJwuzgpeT6VhHtigYc3WX3yCc8CRYoW3/4OY80= contains sample tx 2502
[2026-04-19T03:26:59.890Z INFO  worker::batch_maker] Batch e/c7CfJwuzgpeT6VhHtigYc3WX3yCc8CRYoW3/4OY80= contains 204800 B
[2026-04-19T03:26:59.893Z WARN  network::simple_sender] Failed to connect to 10.10.1.10:5046 (retry 0): Connection refused (os error 111)
[2026-04-19T03:26:59.894Z WARN  network::simple_sender] Failed to connect to 10.10.1.10:5046 (retry 0): Connection refused (os error 111)
[2026-04-19T03:26:59.895Z WARN  network::simple_sender] Failed to connect to 10.10.1.10:5046 (retry 0): Connection refused (os error 111)
[2026-04-19T03:26:59.896Z WARN  network::simple_sender] Failed to connect to 10.10.1.10:5046 (retry 0): Connection refused (os error 111)
[2026-04-19T03:26:59.898Z WARN  network::simple_sender] Failed to connect to 10.10.1.10:5046 (retry 0): Connection refused (os error 111)
[2026-04-19T03:26:59.909Z WARN  network::simple_sender] Failed to connect to 10.10.1.10:5046 (retry 0): Connection refused (os error 111)
[2026-04-19T03:26:59.911Z WARN  network::simple_sender] Failed to connect to 10.10.1.10:5046 (retry 0): Connection refused (os error 111)
[2026-04-19T03:26:59.914Z WARN  network::simple_sender] Failed to connect to 10.10.1.10:5046 (retry 0): Connection refused (os error 111)
[2026-04-19T03:26:59.936Z WARN  network::simple_sender] Failed to connect to 10.10.1.10:5046 (retry 0): Connection refused (os error 111)
[2026-04-19T03:26:59.940Z WARN  network::simple_sender] Failed to connect to 10.10.1.10:5046 (retry 0): Connection refused (os error 111)
[2026-04-19T03:26:59.943Z INFO  worker::batch_maker] Batch Wq/adZaMtWxSIB19RtO4yswNBSdvUdNfG89Xf+gOJ0k= contains sample tx 2503
[2026-04-19T03:26:59.943Z INFO  worker::batch_maker] Batch Wq/adZaMtWxSIB19RtO4yswNBSdvUdNfG89Xf+gOJ0k= contains 204800 B
[2026-04-19T03:26:59.945Z WARN  network::simple_sender] Failed to connect to 10.10.1.10:5046 (retry 0): Connection refused (os error 111)
[2026-04-19T03:26:59.947Z WARN  network::simple_sender] Failed to connect to 10.10.1.10:5046 (retry 0): Connection refused (os error 111)
[2026-04-19T03:26:59.947Z WARN  network::simple_sender] Failed to connect to 10.10.1.10:5046 (retry 0): Connection refused (os error 111)
[2026-04-19T03:26:59.949Z WARN  network::simple_sender] Failed to connect to 10.10.1.10:5046 (retry 0): Connection refused (os error 111)
[2026-04-19T03:26:59.950Z WARN  network::simple_sender] Failed to connect to 10.10.1.10:5046 (retry 0): Connection refused (os error 111)
[2026-04-19T03:26:59.965Z WARN  network::simple_sender] Failed to connect to 10.10.1.10:5046 (retry 0): Connection refused (os error 111)
[2026-04-19T03:26:59.967Z WARN  network::simple_sender] Failed to connect to 10.10.1.10:5046 (retry 0): Connection refused (os error 111)
[2026-04-19T03:26:59.970Z WARN  network::simple_sender] Failed to connect to 10.10.1.10:5046 (retry 0): Connection refused (os error 111)
[2026-04-19T03:26:59.989Z WARN  network::simple_sender] Failed to connect to 10.10.1.10:5046 (retry 0): Connection refused (os error 111)
[2026-04-19T03:26:59.992Z WARN  network::simple_sender] Failed to connect to 10.10.1.10:5046 (retry 0): Connection refused (os error 111)
[2026-04-19T03:26:59.996Z WARN  network::simple_sender] Failed to connect to 10.10.1.10:5046 (retry 0): Connection refused (os error 111)
[2026-04-19T03:26:59.997Z INFO  worker::batch_maker] Batch e8QZlxEY5tTGcxA4nl0r3QNFRWkGg0Ht4HUpajquUUQ= contains sample tx 2504
[2026-04-19T03:26:59.997Z INFO  worker::batch_maker] Batch e8QZlxEY5tTGcxA4nl0r3QNFRWkGg0Ht4HUpajquUUQ= contains 204800 B
[2026-04-19T03:26:59.999Z WARN  network::simple_sender] Failed to connect to 10.10.1.10:5046 (retry 0): Connection refused (os error 111)
[2026-04-19T03:27:00.001Z WARN  network::simple_sender] Failed to connect to 10.10.1.10:5046 (retry 0): Connection refused (os error 111)
[2026-04-19T03:27:00.002Z WARN  network::simple_sender] Failed to connect to 10.10.1.10:5046 (retry 0): Connection refused (os error 111)
[2026-04-19T03:27:00.003Z WARN  network::simple_sender] Failed to connect to 10.10.1.10:5046 (retry 0): Connection refused (os error 111)
[2026-04-19T03:27:00.015Z WARN  network::simple_sender] Failed to connect to 10.10.1.10:5046 (retry 0): Connection refused (os error 111)
[2026-04-19T03:27:00.018Z WARN  network::simple_sender] Failed to connect to 10.10.1.10:5046 (retry 0): Connection refused (os error 111)
[2026-04-19T03:27:00.021Z WARN  network::simple_sender] Failed to connect to 10.10.1.10:5046 (retry 0): Connection refused (os error 111)
[2026-04-19T03:27:00.043Z WARN  network::simple_sender] Failed to connect to 10.10.1.10:5046 (retry 0): Connection refused (os error 111)
[2026-04-19T03:27:00.046Z WARN  network::simple_sender] Failed to connect to 10.10.1.10:5046 (retry 0): Connection refused (os error 111)
[2026-04-19T03:27:00.049Z WARN  network::simple_sender] Failed to connect to 10.10.1.10:5046 (retry 0): Connection refused (os error 111)
[2026-04-19T03:27:00.050Z INFO  worker::batch_maker] Batch uqaVDaXZnGRbCItPaXAyaI72ZX5/O+nVijosAtlAWCA= contains sample tx 2505
[2026-04-19T03:27:00.050Z INFO  worker::batch_maker] Batch uqaVDaXZnGRbCItPaXAyaI72ZX5/O+nVijosAtlAWCA= contains 204800 B
[2026-04-19T03:27:00.053Z WARN  network::simple_sender] Failed to connect to 10.10.1.10:5046 (retry 0): Connection refused (os error 111)
[2026-04-19T03:27:00.056Z WARN  network::simple_sender] Failed to connect to 10.10.1.10:5046 (retry 0): Connection refused (os error 111)
[2026-04-19T03:27:00.056Z WARN  network::simple_sender] Failed to connect to 10.10.1.10:5046 (retry 0): Connection refused (os error 111)
[2026-04-19T03:27:00.058Z WARN  network::simple_sender] Failed to connect to 10.10.1.10:5046 (retry 0): Connection refused (os error 111)
[2026-04-19T03:27:00.074Z WARN  network::simple_sender] Failed to connect to 10.10.1.10:5046 (retry 0): Connection refused (os error 111)
[2026-04-19T03:27:00.076Z WARN  network::simple_sender] Failed to connect to 10.10.1.10:5046 (retry 0): Connection refused (os error 111)
[2026-04-19T03:27:00.080Z WARN  network::simple_sender] Failed to connect to 10.10.1.10:5046 (retry 0): Connection refused (os error 111)
[2026-04-19T03:27:00.095Z WARN  network::simple_sender] Failed to connect to 10.10.1.10:5046 (retry 0): Connection refused (os error 111)
[2026-04-19T03:27:00.099Z WARN  network::simple_sender] Failed to connect to 10.10.1.10:5046 (retry 0): Connection refused (os error 111)
[2026-04-19T03:27:00.103Z WARN  network::simple_sender] Failed to connect to 10.10.1.10:5046 (retry 0): Connection refused (os error 111)
[2026-04-19T03:27:00.106Z WARN  network::simple_sender] Failed to connect to 10.10.1.10:5046 (retry 0): Connection refused (os error 111)
[2026-04-19T03:27:00.106Z INFO  worker::batch_maker] Batch pprl+vJK1hqvhryItFs7JkyTsYohgi60wrRI+iJUtJ0= contains sample tx 2506
[2026-04-19T03:27:00.106Z INFO  worker::batch_maker] Batch pprl+vJK1hqvhryItFs7JkyTsYohgi60wrRI+iJUtJ0= contains 254464 B
[2026-04-19T03:27:00.110Z WARN  network::simple_sender] Failed to connect to 10.10.1.10:5046 (retry 0): Connection refused (os error 111)
[2026-04-19T03:27:00.111Z WARN  network::simple_sender] Failed to connect to 10.10.1.10:5046 (retry 0): Connection refused (os error 111)
[2026-04-19T03:27:00.111Z WARN  network::simple_sender] Failed to connect to 10.10.1.10:5046 (retry 0): Connection refused (os error 111)
[2026-04-19T03:27:00.124Z WARN  network::simple_sender] Failed to connect to 10.10.1.10:5046 (retry 0): Connection refused (os error 111)
[2026-04-19T03:27:00.126Z WARN  network::simple_sender] Failed to connect to 10.10.1.10:5046 (retry 0): Connection refused (os error 111)
[2026-04-19T03:27:00.127Z WARN  network::simple_sender] Failed to connect to 10.10.1.10:5046 (retry 0): Connection refused (os error 111)
[2026-04-19T03:27:00.150Z WARN  network::simple_sender] Failed to connect to 10.10.1.10:5046 (retry 0): Connection refused (os error 111)
[2026-04-19T03:27:00.153Z WARN  network::simple_sender] Failed to connect to 10.10.1.10:5046 (retry 0): Connection refused (os error 111)
[2026-04-19T03:27:00.158Z WARN  network::simple_sender] Failed to connect to 10.10.1.10:5046 (retry 0): Connection refused (os error 111)
[2026-04-19T03:27:00.159Z INFO  worker::batch_maker] Batch xDIq0/QPCOqQkSKBFQIxzMqveENzm5r9/5t5v3Cq+AY= contains sample tx 2507
[2026-04-19T03:27:00.159Z INFO  worker::batch_maker] Batch xDIq0/QPCOqQkSKBFQIxzMqveENzm5r9/5t5v3Cq+AY= contains 210432 B
[2026-04-19T03:27:00.161Z WARN  network::simple_sender] Failed to connect to 10.10.1.10:5046 (retry 0): Connection refused (os error 111)
[2026-04-19T03:27:00.164Z WARN  network::simple_sender] Failed to connect to 10.10.1.10:5046 (retry 0): Connection refused (os error 111)
[2026-04-19T03:27:00.167Z WARN  network::simple_sender] Failed to connect to 10.10.1.10:5046 (retry 0): Connection refused (os error 111)
[2026-04-19T03:27:00.177Z WARN  network::simple_sender] Failed to connect to 10.10.1.10:5046 (retry 0): Connection refused (os error 111)
[2026-04-19T03:27:00.179Z WARN  network::simple_sender] Failed to connect to 10.10.1.10:5046 (retry 0): Connection refused (os error 111)
[2026-04-19T03:27:00.180Z WARN  network::simple_sender] Failed to connect to 10.10.1.10:5046 (retry 0): Connection refused (os error 111)
[2026-04-19T03:27:00.206Z WARN  network::simple_sender] Failed to connect to 10.10.1.10:5046 (retry 0): Connection refused (os error 111)
[2026-04-19T03:27:00.207Z WARN  network::simple_sender] Failed to connect to 10.10.1.10:5046 (retry 0): Connection refused (os error 111)
[2026-04-19T03:27:00.212Z WARN  network::simple_sender] Failed to connect to 10.10.1.10:5046 (retry 0): Connection refused (os error 111)
[2026-04-19T03:27:00.214Z INFO  worker::batch_maker] Batch 4dZ4Mkvnj9EkWCBiWZiFRBNafG6rv3hZgxAwJpEwONY= contains sample tx 2508
[2026-04-19T03:27:00.214Z INFO  worker::batch_maker] Batch 4dZ4Mkvnj9EkWCBiWZiFRBNafG6rv3hZgxAwJpEwONY= contains sample tx 2509
[2026-04-19T03:27:00.214Z INFO  worker::batch_maker] Batch 4dZ4Mkvnj9EkWCBiWZiFRBNafG6rv3hZgxAwJpEwONY= contains 313856 B
[2026-04-19T03:27:00.215Z WARN  network::simple_sender] Failed to connect to 10.10.1.10:5046 (retry 0): Connection refused (os error 111)
[2026-04-19T03:27:00.219Z WARN  network::simple_sender] Failed to connect to 10.10.1.10:5046 (retry 0): Connection refused (os error 111)
[2026-04-19T03:27:00.220Z WARN  network::simple_sender] Failed to connect to 10.10.1.10:5046 (retry 0): Connection refused (os error 111)
[2026-04-19T03:27:00.222Z WARN  network::simple_sender] Failed to connect to 10.10.1.10:5046 (retry 0): Connection refused (os error 111)
[2026-04-19T03:27:00.231Z WARN  network::simple_sender] Failed to connect to 10.10.1.10:5046 (retry 0): Connection refused (os error 111)
[2026-04-19T03:27:00.233Z WARN  network::simple_sender] Failed to connect to 10.10.1.10:5046 (retry 0): Connection refused (os error 111)
[2026-04-19T03:27:00.234Z WARN  network::simple_sender] Failed to connect to 10.10.1.10:5046 (retry 0): Connection refused (os error 111)
[2026-04-19T03:27:00.261Z WARN  network::simple_sender] Failed to connect to 10.10.1.10:5046 (retry 0): Connection refused (os error 111)
[2026-04-19T03:27:00.263Z WARN  network::simple_sender] Failed to connect to 10.10.1.10:5046 (retry 0): Connection refused (os error 111)
[2026-04-19T03:27:00.266Z WARN  network::simple_sender] Failed to connect to 10.10.1.10:5046 (retry 0): Connection refused (os error 111)
[2026-04-19T03:27:00.268Z INFO  worker::batch_maker] Batch QEJkO8cU7eXJGJ4Wrgyu3Y1vsDqt+LOpdriQLoCrqrY= contains sample tx 2510
[2026-04-19T03:27:00.268Z INFO  worker::batch_maker] Batch QEJkO8cU7eXJGJ4Wrgyu3Y1vsDqt+LOpdriQLoCrqrY= contains 245248 B
[2026-04-19T03:27:00.268Z WARN  network::simple_sender] Failed to connect to 10.10.1.10:5046 (retry 0): Connection refused (os error 111)
[2026-04-19T03:27:00.273Z WARN  network::simple_sender] Failed to connect to 10.10.1.10:5046 (retry 0): Connection refused (os error 111)
[2026-04-19T03:27:00.275Z WARN  network::simple_sender] Failed to connect to 10.10.1.10:5046 (retry 0): Connection refused (os error 111)
[2026-04-19T03:27:00.283Z WARN  network::simple_sender] Failed to connect to 10.10.1.10:5046 (retry 0): Connection refused (os error 111)
[2026-04-19T03:27:00.285Z WARN  network::simple_sender] Failed to connect to 10.10.1.10:5046 (retry 0): Connection refused (os error 111)
[2026-04-19T03:27:00.286Z WARN  network::simple_sender] Failed to connect to 10.10.1.10:5046 (retry 0): Connection refused (os error 111)
[2026-04-19T03:27:00.311Z WARN  network::simple_sender] Failed to connect to 10.10.1.10:5046 (retry 0): Connection refused (os error 111)
[2026-04-19T03:27:00.316Z WARN  network::simple_sender] Failed to connect to 10.10.1.10:5046 (retry 0): Connection refused (os error 111)
[2026-04-19T03:27:00.319Z WARN  network::simple_sender] Failed to connect to 10.10.1.10:5046 (retry 0): Connection refused (os error 111)
[2026-04-19T03:27:00.321Z INFO  worker::batch_maker] Batch TTdcNLG0mQqUfGzfATb/j+H3XTbDmuVWomwADv9LOw8= contains 56832 B
[2026-04-19T03:27:00.322Z WARN  network::simple_sender] Failed to connect to 10.10.1.10:5046 (retry 0): Connection refused (os error 111)
[2026-04-19T03:27:00.323Z WARN  network::simple_sender] Failed to connect to 10.10.1.10:5046 (retry 0): Connection refused (os error 111)
[2026-04-19T03:27:00.325Z WARN  network::simple_sender] Failed to connect to 10.10.1.10:5046 (retry 0): Connection refused (os error 111)
[2026-04-19T03:27:00.326Z WARN  network::simple_sender] Failed to connect to 10.10.1.10:5046 (retry 0): Connection refused (os error 111)
[2026-04-19T03:27:00.335Z WARN  network::simple_sender] Failed to connect to 10.10.1.10:5046 (retry 0): Connection refused (os error 111)
[2026-04-19T03:27:00.336Z WARN  network::simple_sender] Failed to connect to 10.10.1.10:5046 (retry 0): Connection refused (os error 111)
[2026-04-19T03:27:00.338Z WARN  network::simple_sender] Failed to connect to 10.10.1.10:5046 (retry 0): Connection refused (os error 111)
[2026-04-19T03:27:00.363Z WARN  network::simple_sender] Failed to connect to 10.10.1.10:5046 (retry 0): Connection refused (os error 111)
[2026-04-19T03:27:00.371Z WARN  network::simple_sender] Failed to connect to 10.10.1.10:5046 (retry 0): Connection refused (os error 111)
[2026-04-19T03:27:00.372Z WARN  network::simple_sender] Failed to connect to 10.10.1.10:5046 (retry 0): Connection refused (os error 111)
[2026-04-19T03:27:00.373Z WARN  network::simple_sender] Failed to connect to 10.10.1.10:5046 (retry 0): Connection refused (os error 111)
[2026-04-19T03:27:00.376Z INFO  worker::batch_maker] Batch Pp/89Rrp/6jbbFrahZeLvnnW5PhN2WD5yFPu9hb9es8= contains sample tx 2511
[2026-04-19T03:27:00.376Z INFO  worker::batch_maker] Batch Pp/89Rrp/6jbbFrahZeLvnnW5PhN2WD5yFPu9hb9es8= contains sample tx 2512
[2026-04-19T03:27:00.376Z INFO  worker::batch_maker] Batch Pp/89Rrp/6jbbFrahZeLvnnW5PhN2WD5yFPu9hb9es8= contains 352768 B
[2026-04-19T03:27:00.378Z WARN  network::simple_sender] Failed to connect to 10.10.1.10:5046 (retry 0): Connection refused (os error 111)
[2026-04-19T03:27:00.378Z WARN  network::simple_sender] Failed to connect to 10.10.1.10:5046 (retry 0): Connection refused (os error 111)
[2026-04-19T03:27:00.381Z WARN  network::simple_sender] Failed to connect to 10.10.1.10:5046 (retry 0): Connection refused (os error 111)
[2026-04-19T03:27:00.387Z WARN  network::simple_sender] Failed to connect to 10.10.1.10:5046 (retry 0): Connection refused (os error 111)
[2026-04-19T03:27:00.388Z WARN  network::simple_sender] Failed to connect to 10.10.1.10:5046 (retry 0): Connection refused (os error 111)
[2026-04-19T03:27:00.389Z WARN  network::simple_sender] Failed to connect to 10.10.1.10:5046 (retry 0): Connection refused (os error 111)
[2026-04-19T03:27:00.415Z WARN  network::simple_sender] Failed to connect to 10.10.1.10:5046 (retry 0): Connection refused (os error 111)
[2026-04-19T03:27:00.422Z WARN  network::simple_sender] Failed to connect to 10.10.1.10:5046 (retry 0): Connection refused (os error 111)
[2026-04-19T03:27:00.424Z WARN  network::simple_sender] Failed to connect to 10.10.1.10:5046 (retry 0): Connection refused (os error 111)
[2026-04-19T03:27:00.427Z WARN  network::simple_sender] Failed to connect to 10.10.1.10:5046 (retry 0): Connection refused (os error 111)
[2026-04-19T03:27:00.428Z INFO  worker::batch_maker] Batch rOUQdaqycsHvDID55ibHbf9nuBVqbcKz2QNleeZwoRw= contains sample tx 2513
[2026-04-19T03:27:00.428Z INFO  worker::batch_maker] Batch rOUQdaqycsHvDID55ibHbf9nuBVqbcKz2QNleeZwoRw= contains 204800 B
[2026-04-19T03:27:00.429Z WARN  network::simple_sender] Failed to connect to 10.10.1.10:5046 (retry 0): Connection refused (os error 111)
[2026-04-19T03:27:00.432Z WARN  network::simple_sender] Failed to connect to 10.10.1.10:5046 (retry 0): Connection refused (os error 111)
[2026-04-19T03:27:00.433Z WARN  network::simple_sender] Failed to connect to 10.10.1.10:5046 (retry 0): Connection refused (os error 111)
[2026-04-19T03:27:00.439Z WARN  network::simple_sender] Failed to connect to 10.10.1.10:5046 (retry 0): Connection refused (os error 111)
[2026-04-19T03:27:00.441Z WARN  network::simple_sender] Failed to connect to 10.10.1.10:5046 (retry 0): Connection refused (os error 111)
[2026-04-19T03:27:00.444Z WARN  network::simple_sender] Failed to connect to 10.10.1.10:5046 (retry 0): Connection refused (os error 111)
[2026-04-19T03:27:00.469Z WARN  network::simple_sender] Failed to connect to 10.10.1.10:5046 (retry 0): Connection refused (os error 111)
[2026-04-19T03:27:00.476Z WARN  network::simple_sender] Failed to connect to 10.10.1.10:5046 (retry 0): Connection refused (os error 111)
[2026-04-19T03:27:00.477Z WARN  network::simple_sender] Failed to connect to 10.10.1.10:5046 (retry 0): Connection refused (os error 111)
[2026-04-19T03:27:00.480Z WARN  network::simple_sender] Failed to connect to 10.10.1.10:5046 (retry 0): Connection refused (os error 111)
[2026-04-19T03:27:00.482Z INFO  worker::batch_maker] Batch y6aDZnVK4uJUkLi31aChdoxwrrszXlaA5ee/huorChs= contains sample tx 2514
[2026-04-19T03:27:00.482Z INFO  worker::batch_maker] Batch y6aDZnVK4uJUkLi31aChdoxwrrszXlaA5ee/huorChs= contains 204800 B
[2026-04-19T03:27:00.485Z WARN  network::simple_sender] Failed to connect to 10.10.1.10:5046 (retry 0): Connection refused (os error 111)
[2026-04-19T03:27:00.486Z WARN  network::simple_sender] Failed to connect to 10.10.1.10:5046 (retry 0): Connection refused (os error 111)
[2026-04-19T03:27:00.487Z WARN  network::simple_sender] Failed to connect to 10.10.1.10:5046 (retry 0): Connection refused (os error 111)
[2026-04-19T03:27:00.489Z WARN  network::simple_sender] Failed to connect to 10.10.1.10:5046 (retry 0): Connection refused (os error 111)
[2026-04-19T03:27:00.491Z WARN  network::simple_sender] Failed to connect to 10.10.1.10:5046 (retry 0): Connection refused (os error 111)
[2026-04-19T03:27:00.495Z WARN  network::simple_sender] Failed to connect to 10.10.1.10:5046 (retry 0): Connection refused (os error 111)
[2026-04-19T03:27:00.524Z WARN  network::simple_sender] Failed to connect to 10.10.1.10:5046 (retry 0): Connection refused (os error 111)
[2026-04-19T03:27:00.529Z WARN  network::simple_sender] Failed to connect to 10.10.1.10:5046 (retry 0): Connection refused (os error 111)
[2026-04-19T03:27:00.532Z WARN  network::simple_sender] Failed to connect to 10.10.1.10:5046 (retry 0): Connection refused (os error 111)
[2026-04-19T03:27:00.533Z WARN  network::simple_sender] Failed to connect to 10.10.1.10:5046 (retry 0): Connection refused (os error 111)
[2026-04-19T03:27:00.534Z WARN  network::simple_sender] Failed to connect to 10.10.1.10:5046 (retry 0): Connection refused (os error 111)
[2026-04-19T03:27:00.535Z WARN  network::simple_sender] Failed to connect to 10.10.1.10:5046 (retry 0): Connection refused (os error 111)
[2026-04-19T03:27:00.535Z INFO  worker::batch_maker] Batch 4QXRdF61HLFnAJWxrDqLpFtLPs9Jp3qYvmY6XeoFoVo= contains sample tx 2515
[2026-04-19T03:27:00.536Z INFO  worker::batch_maker] Batch 4QXRdF61HLFnAJWxrDqLpFtLPs9Jp3qYvmY6XeoFoVo= contains 204800 B
[2026-04-19T03:27:00.538Z WARN  network::simple_sender] Failed to connect to 10.10.1.10:5046 (retry 0): Connection refused (os error 111)
[2026-04-19T03:27:00.541Z WARN  network::simple_sender] Failed to connect to 10.10.1.10:5046 (retry 0): Connection refused (os error 111)
[2026-04-19T03:27:00.542Z WARN  network::simple_sender] Failed to connect to 10.10.1.10:5046 (retry 0): Connection refused (os error 111)
[2026-04-19T03:27:00.549Z WARN  network::simple_sender] Failed to connect to 10.10.1.10:5046 (retry 0): Connection refused (os error 111)
[2026-04-19T03:27:00.576Z WARN  network::simple_sender] Failed to connect to 10.10.1.10:5046 (retry 0): Connection refused (os error 111)
[2026-04-19T03:27:00.582Z WARN  network::simple_sender] Failed to connect to 10.10.1.10:5046 (retry 0): Connection refused (os error 111)
[2026-04-19T03:27:00.583Z WARN  network::simple_sender] Failed to connect to 10.10.1.10:5046 (retry 0): Connection refused (os error 111)
[2026-04-19T03:27:00.587Z WARN  network::simple_sender] Failed to connect to 10.10.1.10:5046 (retry 0): Connection refused (os error 111)
[2026-04-19T03:27:00.588Z INFO  worker::batch_maker] Batch a1BAPMjUc51Jgqw9Ph0tF7h/W41m/tDXW1IFEvWeVDY= contains sample tx 2516
[2026-04-19T03:27:00.588Z INFO  worker::batch_maker] Batch a1BAPMjUc51Jgqw9Ph0tF7h/W41m/tDXW1IFEvWeVDY= contains 204800 B
[2026-04-19T03:27:00.590Z WARN  network::simple_sender] Failed to connect to 10.10.1.10:5046 (retry 0): Connection refused (os error 111)
[2026-04-19T03:27:00.592Z WARN  network::simple_sender] Failed to connect to 10.10.1.10:5046 (retry 0): Connection refused (os error 111)
[2026-04-19T03:27:00.593Z WARN  network::simple_sender] Failed to connect to 10.10.1.10:5046 (retry 0): Connection refused (os error 111)
[2026-04-19T03:27:00.595Z WARN  network::simple_sender] Failed to connect to 10.10.1.10:5046 (retry 0): Connection refused (os error 111)
[2026-04-19T03:27:00.597Z WARN  network::simple_sender] Failed to connect to 10.10.1.10:5046 (retry 0): Connection refused (os error 111)
[2026-04-19T03:27:00.604Z WARN  network::simple_sender] Failed to connect to 10.10.1.10:5046 (retry 0): Connection refused (os error 111)
[2026-04-19T03:27:00.631Z WARN  network::simple_sender] Failed to connect to 10.10.1.10:5046 (retry 0): Connection refused (os error 111)
[2026-04-19T03:27:00.636Z WARN  network::simple_sender] Failed to connect to 10.10.1.10:5046 (retry 0): Connection refused (os error 111)
[2026-04-19T03:27:00.638Z WARN  network::simple_sender] Failed to connect to 10.10.1.10:5046 (retry 0): Connection refused (os error 111)
[2026-04-19T03:27:00.641Z WARN  network::simple_sender] Failed to connect to 10.10.1.10:5046 (retry 0): Connection refused (os error 111)
[2026-04-19T03:27:00.642Z INFO  worker::batch_maker] Batch E5l7ifJZ2H1wdfQWX5jGfKayllfE40rZIDjqV8Wfhrg= contains sample tx 2517
[2026-04-19T03:27:00.642Z INFO  worker::batch_maker] Batch E5l7ifJZ2H1wdfQWX5jGfKayllfE40rZIDjqV8Wfhrg= contains 204800 B
[2026-04-19T03:27:00.644Z WARN  network::simple_sender] Failed to connect to 10.10.1.10:5046 (retry 0): Connection refused (os error 111)
[2026-04-19T03:27:00.646Z WARN  network::simple_sender] Failed to connect to 10.10.1.10:5046 (retry 0): Connection refused (os error 111)
[2026-04-19T03:27:00.647Z WARN  network::simple_sender] Failed to connect to 10.10.1.10:5046 (retry 0): Connection refused (os error 111)
[2026-04-19T03:27:00.648Z WARN  network::simple_sender] Failed to connect to 10.10.1.10:5046 (retry 0): Connection refused (os error 111)
[2026-04-19T03:27:00.650Z WARN  network::simple_sender] Failed to connect to 10.10.1.10:5046 (retry 0): Connection refused (os error 111)
[2026-04-19T03:27:00.658Z WARN  network::simple_sender] Failed to connect to 10.10.1.10:5046 (retry 0): Connection refused (os error 111)
[2026-04-19T03:27:00.684Z WARN  network::simple_sender] Failed to connect to 10.10.1.10:5046 (retry 0): Connection refused (os error 111)
[2026-04-19T03:27:00.688Z WARN  network::simple_sender] Failed to connect to 10.10.1.10:5046 (retry 0): Connection refused (os error 111)
[2026-04-19T03:27:00.688Z WARN  network::simple_sender] Failed to connect to 10.10.1.10:5046 (retry 0): Connection refused (os error 111)
[2026-04-19T03:27:00.691Z WARN  network::simple_sender] Failed to connect to 10.10.1.10:5046 (retry 0): Connection refused (os error 111)
[2026-04-19T03:27:00.692Z WARN  network::simple_sender] Failed to connect to 10.10.1.10:5046 (retry 0): Connection refused (os error 111)
[2026-04-19T03:27:00.693Z INFO  worker::batch_maker] Batch VGHDmOFRjQS5RjEU+hodvEr3FZxGs9pNZgPFDt6SapY= contains sample tx 2518
[2026-04-19T03:27:00.693Z INFO  worker::batch_maker] Batch VGHDmOFRjQS5RjEU+hodvEr3FZxGs9pNZgPFDt6SapY= contains 204800 B
[2026-04-19T03:27:00.696Z WARN  network::simple_sender] Failed to connect to 10.10.1.10:5046 (retry 0): Connection refused (os error 111)
[2026-04-19T03:27:00.697Z WARN  network::simple_sender] Failed to connect to 10.10.1.10:5046 (retry 0): Connection refused (os error 111)
[2026-04-19T03:27:00.698Z WARN  network::simple_sender] Failed to connect to 10.10.1.10:5046 (retry 0): Connection refused (os error 111)
[2026-04-19T03:27:00.698Z WARN  network::simple_sender] Failed to connect to 10.10.1.10:5046 (retry 0): Connection refused (os error 111)
[2026-04-19T03:27:00.709Z WARN  network::simple_sender] Failed to connect to 10.10.1.10:5046 (retry 0): Connection refused (os error 111)
[2026-04-19T03:27:00.736Z WARN  network::simple_sender] Failed to connect to 10.10.1.10:5046 (retry 0): Connection refused (os error 111)
[2026-04-19T03:27:00.742Z WARN  network::simple_sender] Failed to connect to 10.10.1.10:5046 (retry 0): Connection refused (os error 111)
[2026-04-19T03:27:00.742Z WARN  network::simple_sender] Failed to connect to 10.10.1.10:5046 (retry 0): Connection refused (os error 111)
[2026-04-19T03:27:00.744Z WARN  network::simple_sender] Failed to connect to 10.10.1.10:5046 (retry 0): Connection refused (os error 111)
[2026-04-19T03:27:00.745Z INFO  worker::batch_maker] Batch GKhiDjFdRXNXXS/oBEe/SzsZA6EyVLReadMTCsGbrtk= contains sample tx 2519
[2026-04-19T03:27:00.745Z INFO  worker::batch_maker] Batch GKhiDjFdRXNXXS/oBEe/SzsZA6EyVLReadMTCsGbrtk= contains 204800 B
[2026-04-19T03:27:00.745Z WARN  network::simple_sender] Failed to connect to 10.10.1.10:5046 (retry 0): Connection refused (os error 111)
[2026-04-19T03:27:00.747Z WARN  network::simple_sender] Failed to connect to 10.10.1.10:5046 (retry 0): Connection refused (os error 111)
[2026-04-19T03:27:00.752Z WARN  network::simple_sender] Failed to connect to 10.10.1.10:5046 (retry 0): Connection refused (os error 111)
[2026-04-19T03:27:00.753Z WARN  network::simple_sender] Failed to connect to 10.10.1.10:5046 (retry 0): Connection refused (os error 111)
[2026-04-19T03:27:00.755Z WARN  network::simple_sender] Failed to connect to 10.10.1.10:5046 (retry 0): Connection refused (os error 111)
[2026-04-19T03:27:00.765Z WARN  network::simple_sender] Failed to connect to 10.10.1.10:5046 (retry 0): Connection refused (os error 111)
[2026-04-19T03:27:00.791Z WARN  network::simple_sender] Failed to connect to 10.10.1.10:5046 (retry 0): Connection refused (os error 111)
[2026-04-19T03:27:00.796Z WARN  network::simple_sender] Failed to connect to 10.10.1.10:5046 (retry 0): Connection refused (os error 111)
[2026-04-19T03:27:00.797Z INFO  worker::batch_maker] Batch nwOvA6nHB0BmuzbO1jYL0NBs022gZbsTtkDlpK7m65g= contains sample tx 2520
[2026-04-19T03:27:00.797Z INFO  worker::batch_maker] Batch nwOvA6nHB0BmuzbO1jYL0NBs022gZbsTtkDlpK7m65g= contains 204800 B
[2026-04-19T03:27:00.798Z WARN  network::simple_sender] Failed to connect to 10.10.1.10:5046 (retry 0): Connection refused (os error 111)
[2026-04-19T03:27:00.800Z WARN  network::simple_sender] Failed to connect to 10.10.1.10:5046 (retry 0): Connection refused (os error 111)
[2026-04-19T03:27:00.801Z WARN  network::simple_sender] Failed to connect to 10.10.1.10:5046 (retry 0): Connection refused (os error 111)
[2026-04-19T03:27:00.802Z WARN  network::simple_sender] Failed to connect to 10.10.1.10:5046 (retry 0): Connection refused (os error 111)
[2026-04-19T03:27:00.804Z WARN  network::simple_sender] Failed to connect to 10.10.1.10:5046 (retry 0): Connection refused (os error 111)
[2026-04-19T03:27:00.806Z WARN  network::simple_sender] Failed to connect to 10.10.1.10:5046 (retry 0): Connection refused (os error 111)
[2026-04-19T03:27:00.807Z WARN  network::simple_sender] Failed to connect to 10.10.1.10:5046 (retry 0): Connection refused (os error 111)
[2026-04-19T03:27:00.814Z WARN  network::simple_sender] Failed to connect to 10.10.1.10:5046 (retry 0): Connection refused (os error 111)
[2026-04-19T03:27:00.846Z WARN  network::simple_sender] Failed to connect to 10.10.1.10:5046 (retry 0): Connection refused (os error 111)
[2026-04-19T03:27:00.848Z WARN  network::simple_sender] Failed to connect to 10.10.1.10:5046 (retry 0): Connection refused (os error 111)
[2026-04-19T03:27:00.850Z WARN  network::simple_sender] Failed to connect to 10.10.1.10:5046 (retry 0): Connection refused (os error 111)
[2026-04-19T03:27:00.850Z INFO  worker::batch_maker] Batch MLl7O+QaA3oIHY0ciFjE8kRtms5uJpAYvX2lIC0tu+M= contains sample tx 2521
[2026-04-19T03:27:00.850Z INFO  worker::batch_maker] Batch MLl7O+QaA3oIHY0ciFjE8kRtms5uJpAYvX2lIC0tu+M= contains 204800 B
[2026-04-19T03:27:00.852Z WARN  network::simple_sender] Failed to connect to 10.10.1.10:5046 (retry 0): Connection refused (os error 111)
[2026-04-19T03:27:00.854Z WARN  network::simple_sender] Failed to connect to 10.10.1.10:5046 (retry 0): Connection refused (os error 111)
[2026-04-19T03:27:00.854Z WARN  network::simple_sender] Failed to connect to 10.10.1.10:5046 (retry 0): Connection refused (os error 111)
[2026-04-19T03:27:00.855Z WARN  network::simple_sender] Failed to connect to 10.10.1.10:5046 (retry 0): Connection refused (os error 111)
[2026-04-19T03:27:00.856Z WARN  network::simple_sender] Failed to connect to 10.10.1.10:5046 (retry 0): Connection refused (os error 111)
[2026-04-19T03:27:00.860Z WARN  network::simple_sender] Failed to connect to 10.10.1.10:5046 (retry 0): Connection refused (os error 111)
[2026-04-19T03:27:00.873Z WARN  network::simple_sender] Failed to connect to 10.10.1.10:5046 (retry 0): Connection refused (os error 111)
[2026-04-19T03:27:00.902Z WARN  network::simple_sender] Failed to connect to 10.10.1.10:5046 (retry 0): Connection refused (os error 111)
[2026-04-19T03:27:00.904Z INFO  worker::batch_maker] Batch 6k607IHAErHy9UJm5bIAfvjbSOAqrxgCBqH+pEpLQ9s= contains sample tx 2522
[2026-04-19T03:27:00.904Z INFO  worker::batch_maker] Batch 6k607IHAErHy9UJm5bIAfvjbSOAqrxgCBqH+pEpLQ9s= contains 218112 B
[2026-04-19T03:27:00.906Z WARN  network::simple_sender] Failed to connect to 10.10.1.10:5046 (retry 0): Connection refused (os error 111)
[2026-04-19T03:27:00.910Z WARN  network::simple_sender] Failed to connect to 10.10.1.10:5046 (retry 0): Connection refused (os error 111)
[2026-04-19T03:27:00.911Z WARN  network::simple_sender] Failed to connect to 10.10.1.10:5046 (retry 0): Connection refused (os error 111)
[2026-04-19T03:27:00.913Z WARN  network::simple_sender] Failed to connect to 10.10.1.10:5046 (retry 0): Connection refused (os error 111)
[2026-04-19T03:27:00.915Z WARN  network::simple_sender] Failed to connect to 10.10.1.10:5046 (retry 0): Connection refused (os error 111)
[2026-04-19T03:27:00.917Z WARN  network::simple_sender] Failed to connect to 10.10.1.10:5046 (retry 0): Connection refused (os error 111)
[2026-04-19T03:27:00.919Z WARN  network::simple_sender] Failed to connect to 10.10.1.10:5046 (retry 0): Connection refused (os error 111)
[2026-04-19T03:27:00.921Z WARN  network::simple_sender] Failed to connect to 10.10.1.10:5046 (retry 0): Connection refused (os error 111)
[2026-04-19T03:27:00.925Z WARN  network::simple_sender] Failed to connect to 10.10.1.10:5046 (retry 0): Connection refused (os error 111)
[2026-04-19T03:27:00.955Z WARN  network::simple_sender] Failed to connect to 10.10.1.10:5046 (retry 0): Connection refused (os error 111)
[2026-04-19T03:27:00.957Z WARN  network::simple_sender] Failed to connect to 10.10.1.10:5046 (retry 0): Connection refused (os error 111)
[2026-04-19T03:27:00.959Z WARN  network::simple_sender] Failed to connect to 10.10.1.10:5046 (retry 0): Connection refused (os error 111)
[2026-04-19T03:27:00.961Z WARN  network::simple_sender] Failed to connect to 10.10.1.10:5046 (retry 0): Connection refused (os error 111)
[2026-04-19T03:27:00.964Z WARN  network::simple_sender] Failed to connect to 10.10.1.10:5046 (retry 0): Connection refused (os error 111)
[2026-04-19T03:27:00.965Z INFO  worker::batch_maker] Batch K95J8zSL2+tk0flv389g2Pfu7XESseA+/9ovy3X/6iU= contains sample tx 2523
[2026-04-19T03:27:00.965Z INFO  worker::batch_maker] Batch K95J8zSL2+tk0flv389g2Pfu7XESseA+/9ovy3X/6iU= contains sample tx 2524
[2026-04-19T03:27:00.965Z INFO  worker::batch_maker] Batch K95J8zSL2+tk0flv389g2Pfu7XESseA+/9ovy3X/6iU= contains 396288 B
[2026-04-19T03:27:00.966Z WARN  network::simple_sender] Failed to connect to 10.10.1.10:5046 (retry 0): Connection refused (os error 111)
[2026-04-19T03:27:00.972Z WARN  network::simple_sender] Failed to connect to 10.10.1.10:5046 (retry 0): Connection refused (os error 111)
[2026-04-19T03:27:00.973Z WARN  network::simple_sender] Failed to connect to 10.10.1.10:5046 (retry 0): Connection refused (os error 111)
[2026-04-19T03:27:00.977Z WARN  network::simple_sender] Failed to connect to 10.10.1.10:5046 (retry 0): Connection refused (os error 111)
[2026-04-19T03:27:00.980Z WARN  network::simple_sender] Failed to connect to 10.10.1.10:5046 (retry 0): Connection refused (os error 111)
[2026-04-19T03:27:01.011Z WARN  network::simple_sender] Failed to connect to 10.10.1.10:5046 (retry 0): Connection refused (os error 111)
[2026-04-19T03:27:01.015Z WARN  network::simple_sender] Failed to connect to 10.10.1.10:5046 (retry 0): Connection refused (os error 111)
[2026-04-19T03:27:01.019Z WARN  network::simple_sender] Failed to connect to 10.10.1.10:5046 (retry 0): Connection refused (os error 111)
[2026-04-19T03:27:01.019Z INFO  worker::batch_maker] Batch fP0CUIx7AdHPtlmEO205tJWqD6ZHCTTy8mvIMOm+0P4= contains sample tx 2525
[2026-04-19T03:27:01.019Z INFO  worker::batch_maker] Batch fP0CUIx7AdHPtlmEO205tJWqD6ZHCTTy8mvIMOm+0P4= contains 204800 B
[2026-04-19T03:27:01.022Z WARN  network::simple_sender] Failed to connect to 10.10.1.10:5046 (retry 0): Connection refused (os error 111)
[2026-04-19T03:27:01.023Z WARN  network::simple_sender] Failed to connect to 10.10.1.10:5046 (retry 0): Connection refused (os error 111)
[2026-04-19T03:27:01.026Z WARN  network::simple_sender] Failed to connect to 10.10.1.10:5046 (retry 0): Connection refused (os error 111)
[2026-04-19T03:27:01.029Z WARN  network::simple_sender] Failed to connect to 10.10.1.10:5046 (retry 0): Connection refused (os error 111)
[2026-04-19T03:27:01.032Z WARN  network::simple_sender] Failed to connect to 10.10.1.10:5046 (retry 0): Connection refused (os error 111)
[2026-04-19T03:27:01.036Z WARN  network::simple_sender] Failed to connect to 10.10.1.10:5046 (retry 0): Connection refused (os error 111)
[2026-04-19T03:27:01.040Z WARN  network::simple_sender] Failed to connect to 10.10.1.10:5046 (retry 0): Connection refused (os error 111)
[2026-04-19T03:27:01.064Z WARN  network::simple_sender] Failed to connect to 10.10.1.10:5046 (retry 0): Connection refused (os error 111)
[2026-04-19T03:27:01.067Z WARN  network::simple_sender] Failed to connect to 10.10.1.10:5046 (retry 0): Connection refused (os error 111)
[2026-04-19T03:27:01.073Z WARN  network::simple_sender] Failed to connect to 10.10.1.10:5046 (retry 0): Connection refused (os error 111)
[2026-04-19T03:27:01.075Z INFO  worker::batch_maker] Batch vJRaG6BnVdJixt/vaVelVj4lCYSIth4hXW7UaxS+OOw= contains sample tx 2526
[2026-04-19T03:27:01.075Z INFO  worker::batch_maker] Batch vJRaG6BnVdJixt/vaVelVj4lCYSIth4hXW7UaxS+OOw= contains 204800 B
[2026-04-19T03:27:01.078Z WARN  network::simple_sender] Failed to connect to 10.10.1.10:5046 (retry 0): Connection refused (os error 111)
[2026-04-19T03:27:01.079Z WARN  network::simple_sender] Failed to connect to 10.10.1.10:5046 (retry 0): Connection refused (os error 111)
[2026-04-19T03:27:01.080Z WARN  network::simple_sender] Failed to connect to 10.10.1.10:5046 (retry 0): Connection refused (os error 111)
[2026-04-19T03:27:01.081Z WARN  network::simple_sender] Failed to connect to 10.10.1.10:5046 (retry 0): Connection refused (os error 111)
[2026-04-19T03:27:01.083Z WARN  network::simple_sender] Failed to connect to 10.10.1.10:5046 (retry 0): Connection refused (os error 111)
[2026-04-19T03:27:01.087Z WARN  network::simple_sender] Failed to connect to 10.10.1.10:5046 (retry 0): Connection refused (os error 111)
[2026-04-19T03:27:01.089Z WARN  network::simple_sender] Failed to connect to 10.10.1.10:5046 (retry 0): Connection refused (os error 111)
[2026-04-19T03:27:01.117Z WARN  network::simple_sender] Failed to connect to 10.10.1.10:5046 (retry 0): Connection refused (os error 111)
[2026-04-19T03:27:01.119Z WARN  network::simple_sender] Failed to connect to 10.10.1.10:5046 (retry 0): Connection refused (os error 111)
[2026-04-19T03:27:01.121Z WARN  network::simple_sender] Failed to connect to 10.10.1.10:5046 (retry 0): Connection refused (os error 111)
[2026-04-19T03:27:01.122Z WARN  network::simple_sender] Failed to connect to 10.10.1.10:5046 (retry 0): Connection refused (os error 111)
[2026-04-19T03:27:01.124Z WARN  network::simple_sender] Failed to connect to 10.10.1.10:5046 (retry 0): Connection refused (os error 111)
[2026-04-19T03:27:01.126Z WARN  network::simple_sender] Failed to connect to 10.10.1.10:5046 (retry 0): Connection refused (os error 111)
[2026-04-19T03:27:01.128Z WARN  network::simple_sender] Failed to connect to 10.10.1.10:5046 (retry 0): Connection refused (os error 111)
[2026-04-19T03:27:01.129Z INFO  worker::batch_maker] Batch nZcTQyv6bbWLO0hAltszINkEZtqmJwI1fnGtqhjUbRs= contains sample tx 2527
[2026-04-19T03:27:01.129Z INFO  worker::batch_maker] Batch nZcTQyv6bbWLO0hAltszINkEZtqmJwI1fnGtqhjUbRs= contains 204800 B
[2026-04-19T03:27:01.129Z WARN  network::simple_sender] Failed to connect to 10.10.1.10:5046 (retry 0): Connection refused (os error 111)
[2026-04-19T03:27:01.133Z WARN  network::simple_sender] Failed to connect to 10.10.1.10:5046 (retry 0): Connection refused (os error 111)
[2026-04-19T03:27:01.140Z WARN  network::simple_sender] Failed to connect to 10.10.1.10:5046 (retry 0): Connection refused (os error 111)
[2026-04-19T03:27:01.168Z WARN  network::simple_sender] Failed to connect to 10.10.1.10:5046 (retry 0): Connection refused (os error 111)
[2026-04-19T03:27:01.170Z WARN  network::simple_sender] Failed to connect to 10.10.1.10:5046 (retry 0): Connection refused (os error 111)
[2026-04-19T03:27:01.172Z WARN  network::simple_sender] Failed to connect to 10.10.1.10:5046 (retry 0): Connection refused (os error 111)
[2026-04-19T03:27:01.173Z WARN  network::simple_sender] Failed to connect to 10.10.1.10:5046 (retry 0): Connection refused (os error 111)
[2026-04-19T03:27:01.175Z WARN  network::simple_sender] Failed to connect to 10.10.1.10:5046 (retry 0): Connection refused (os error 111)
[2026-04-19T03:27:01.179Z WARN  network::simple_sender] Failed to connect to 10.10.1.10:5046 (retry 0): Connection refused (os error 111)
[2026-04-19T03:27:01.181Z WARN  network::simple_sender] Failed to connect to 10.10.1.10:5046 (retry 0): Connection refused (os error 111)
[2026-04-19T03:27:01.182Z WARN  network::simple_sender] Failed to connect to 10.10.1.10:5046 (retry 0): Connection refused (os error 111)
[2026-04-19T03:27:01.183Z INFO  worker::batch_maker] Batch ANHTbtt3cBHcsH9V3CKzCJhhjlVDm86A6054E2kolLk= contains sample tx 2528
[2026-04-19T03:27:01.183Z INFO  worker::batch_maker] Batch ANHTbtt3cBHcsH9V3CKzCJhhjlVDm86A6054E2kolLk= contains 204800 B
[2026-04-19T03:27:01.187Z WARN  network::simple_sender] Failed to connect to 10.10.1.10:5046 (retry 0): Connection refused (os error 111)
[2026-04-19T03:27:01.192Z WARN  network::simple_sender] Failed to connect to 10.10.1.10:5046 (retry 0): Connection refused (os error 111)
[2026-04-19T03:27:01.221Z WARN  network::simple_sender] Failed to connect to 10.10.1.10:5046 (retry 0): Connection refused (os error 111)
[2026-04-19T03:27:01.223Z WARN  network::simple_sender] Failed to connect to 10.10.1.10:5046 (retry 0): Connection refused (os error 111)
[2026-04-19T03:27:01.225Z WARN  network::simple_sender] Failed to connect to 10.10.1.10:5046 (retry 0): Connection refused (os error 111)
[2026-04-19T03:27:01.227Z WARN  network::simple_sender] Failed to connect to 10.10.1.10:5046 (retry 0): Connection refused (os error 111)
[2026-04-19T03:27:01.229Z WARN  network::simple_sender] Failed to connect to 10.10.1.10:5046 (retry 0): Connection refused (os error 111)
[2026-04-19T03:27:01.233Z WARN  network::simple_sender] Failed to connect to 10.10.1.10:5046 (retry 0): Connection refused (os error 111)
[2026-04-19T03:27:01.235Z INFO  worker::batch_maker] Batch BipkmpSwEdYqgi7QiiAnlCmaArwVolhUlzak9uhEgLU= contains sample tx 2529
[2026-04-19T03:27:01.236Z INFO  worker::batch_maker] Batch BipkmpSwEdYqgi7QiiAnlCmaArwVolhUlzak9uhEgLU= contains 204800 B
[2026-04-19T03:27:01.236Z WARN  network::simple_sender] Failed to connect to 10.10.1.10:5046 (retry 0): Connection refused (os error 111)
[2026-04-19T03:27:01.237Z WARN  network::simple_sender] Failed to connect to 10.10.1.10:5046 (retry 0): Connection refused (os error 111)
[2026-04-19T03:27:01.239Z WARN  network::simple_sender] Failed to connect to 10.10.1.10:5046 (retry 0): Connection refused (os error 111)
[2026-04-19T03:27:01.246Z WARN  network::simple_sender] Failed to connect to 10.10.1.10:5046 (retry 0): Connection refused (os error 111)
[2026-04-19T03:27:01.274Z WARN  network::simple_sender] Failed to connect to 10.10.1.10:5046 (retry 0): Connection refused (os error 111)
[2026-04-19T03:27:01.278Z WARN  network::simple_sender] Failed to connect to 10.10.1.10:5046 (retry 0): Connection refused (os error 111)
[2026-04-19T03:27:01.280Z WARN  network::simple_sender] Failed to connect to 10.10.1.10:5046 (retry 0): Connection refused (os error 111)
[2026-04-19T03:27:01.282Z WARN  network::simple_sender] Failed to connect to 10.10.1.10:5046 (retry 0): Connection refused (os error 111)
[2026-04-19T03:27:01.284Z WARN  network::simple_sender] Failed to connect to 10.10.1.10:5046 (retry 0): Connection refused (os error 111)
[2026-04-19T03:27:01.287Z WARN  network::simple_sender] Failed to connect to 10.10.1.10:5046 (retry 0): Connection refused (os error 111)
[2026-04-19T03:27:01.289Z INFO  worker::batch_maker] Batch UF2nrHaH7DBGOG0iKLuP1IRVcPL9gDzsndKWTYppeAY= contains sample tx 2530
[2026-04-19T03:27:01.289Z INFO  worker::batch_maker] Batch UF2nrHaH7DBGOG0iKLuP1IRVcPL9gDzsndKWTYppeAY= contains 204800 B
[2026-04-19T03:27:01.289Z WARN  network::simple_sender] Failed to connect to 10.10.1.10:5046 (retry 0): Connection refused (os error 111)
[2026-04-19T03:27:01.292Z WARN  network::simple_sender] Failed to connect to 10.10.1.10:5046 (retry 0): Connection refused (os error 111)
[2026-04-19T03:27:01.293Z WARN  network::simple_sender] Failed to connect to 10.10.1.10:5046 (retry 0): Connection refused (os error 111)
[2026-04-19T03:27:01.300Z WARN  network::simple_sender] Failed to connect to 10.10.1.10:5046 (retry 0): Connection refused (os error 111)
[2026-04-19T03:27:01.327Z WARN  network::simple_sender] Failed to connect to 10.10.1.10:5046 (retry 0): Connection refused (os error 111)
[2026-04-19T03:27:01.332Z WARN  network::simple_sender] Failed to connect to 10.10.1.10:5046 (retry 0): Connection refused (os error 111)
[2026-04-19T03:27:01.334Z WARN  network::simple_sender] Failed to connect to 10.10.1.10:5046 (retry 0): Connection refused (os error 111)
[2026-04-19T03:27:01.335Z WARN  network::simple_sender] Failed to connect to 10.10.1.10:5046 (retry 0): Connection refused (os error 111)
[2026-04-19T03:27:01.337Z WARN  network::simple_sender] Failed to connect to 10.10.1.10:5046 (retry 0): Connection refused (os error 111)
[2026-04-19T03:27:01.341Z WARN  network::simple_sender] Failed to connect to 10.10.1.10:5046 (retry 0): Connection refused (os error 111)
[2026-04-19T03:27:01.343Z INFO  worker::batch_maker] Batch vije+wiIzUvxuKrUSmebEUXIr/R7Qf4Jf2Ji5sQwp9E= contains sample tx 2531
[2026-04-19T03:27:01.343Z INFO  worker::batch_maker] Batch vije+wiIzUvxuKrUSmebEUXIr/R7Qf4Jf2Ji5sQwp9E= contains 204800 B
[2026-04-19T03:27:01.343Z WARN  network::simple_sender] Failed to connect to 10.10.1.10:5046 (retry 0): Connection refused (os error 111)
[2026-04-19T03:27:01.345Z WARN  network::simple_sender] Failed to connect to 10.10.1.10:5046 (retry 0): Connection refused (os error 111)
[2026-04-19T03:27:01.347Z WARN  network::simple_sender] Failed to connect to 10.10.1.10:5046 (retry 0): Connection refused (os error 111)
[2026-04-19T03:27:01.353Z WARN  network::simple_sender] Failed to connect to 10.10.1.10:5046 (retry 0): Connection refused (os error 111)
[2026-04-19T03:27:01.379Z WARN  network::simple_sender] Failed to connect to 10.10.1.10:5046 (retry 0): Connection refused (os error 111)
[2026-04-19T03:27:01.385Z WARN  network::simple_sender] Failed to connect to 10.10.1.10:5046 (retry 0): Connection refused (os error 111)
[2026-04-19T03:27:01.387Z WARN  network::simple_sender] Failed to connect to 10.10.1.10:5046 (retry 0): Connection refused (os error 111)
[2026-04-19T03:27:01.389Z WARN  network::simple_sender] Failed to connect to 10.10.1.10:5046 (retry 0): Connection refused (os error 111)
[2026-04-19T03:27:01.390Z WARN  network::simple_sender] Failed to connect to 10.10.1.10:5046 (retry 0): Connection refused (os error 111)
[2026-04-19T03:27:01.395Z WARN  network::simple_sender] Failed to connect to 10.10.1.10:5046 (retry 0): Connection refused (os error 111)
[2026-04-19T03:27:01.395Z INFO  worker::batch_maker] Batch X1Lj2OTmZWjOi37X0YGc0iFaX7FlkVvPJgfTJH57kaQ= contains sample tx 2532
[2026-04-19T03:27:01.395Z INFO  worker::batch_maker] Batch X1Lj2OTmZWjOi37X0YGc0iFaX7FlkVvPJgfTJH57kaQ= contains 204800 B
[2026-04-19T03:27:01.397Z WARN  network::simple_sender] Failed to connect to 10.10.1.10:5046 (retry 0): Connection refused (os error 111)
[2026-04-19T03:27:01.399Z WARN  network::simple_sender] Failed to connect to 10.10.1.10:5046 (retry 0): Connection refused (os error 111)
[2026-04-19T03:27:01.399Z WARN  network::simple_sender] Failed to connect to 10.10.1.10:5046 (retry 0): Connection refused (os error 111)
[2026-04-19T03:27:01.406Z WARN  network::simple_sender] Failed to connect to 10.10.1.10:5046 (retry 0): Connection refused (os error 111)
[2026-04-19T03:27:01.432Z WARN  network::simple_sender] Failed to connect to 10.10.1.10:5046 (retry 0): Connection refused (os error 111)
[2026-04-19T03:27:01.439Z WARN  network::simple_sender] Failed to connect to 10.10.1.10:5046 (retry 0): Connection refused (os error 111)
[2026-04-19T03:27:01.441Z WARN  network::simple_sender] Failed to connect to 10.10.1.10:5046 (retry 0): Connection refused (os error 111)
[2026-04-19T03:27:01.443Z WARN  network::simple_sender] Failed to connect to 10.10.1.10:5046 (retry 0): Connection refused (os error 111)
[2026-04-19T03:27:01.444Z WARN  network::simple_sender] Failed to connect to 10.10.1.10:5046 (retry 0): Connection refused (os error 111)
[2026-04-19T03:27:01.449Z INFO  worker::batch_maker] Batch e9v6izJWKN1AJi9izhmDuyHZ5HF6dpHbyIk973wjDvY= contains sample tx 2533
[2026-04-19T03:27:01.449Z INFO  worker::batch_maker] Batch e9v6izJWKN1AJi9izhmDuyHZ5HF6dpHbyIk973wjDvY= contains 204800 B
[2026-04-19T03:27:01.450Z WARN  network::simple_sender] Failed to connect to 10.10.1.10:5046 (retry 0): Connection refused (os error 111)
[2026-04-19T03:27:01.451Z WARN  network::simple_sender] Failed to connect to 10.10.1.10:5046 (retry 0): Connection refused (os error 111)
[2026-04-19T03:27:01.454Z WARN  network::simple_sender] Failed to connect to 10.10.1.10:5046 (retry 0): Connection refused (os error 111)
[2026-04-19T03:27:01.458Z WARN  network::simple_sender] Failed to connect to 10.10.1.10:5046 (retry 0): Connection refused (os error 111)
[2026-04-19T03:27:01.472Z WARN  network::simple_sender] Failed to connect to 10.10.1.10:5046 (retry 0): Connection refused (os error 111)
[2026-04-19T03:27:01.485Z WARN  network::simple_sender] Failed to connect to 10.10.1.10:5046 (retry 0): Connection refused (os error 111)
[2026-04-19T03:27:01.492Z WARN  network::simple_sender] Failed to connect to 10.10.1.10:5046 (retry 0): Connection refused (os error 111)
[2026-04-19T03:27:01.494Z WARN  network::simple_sender] Failed to connect to 10.10.1.10:5046 (retry 0): Connection refused (os error 111)
[2026-04-19T03:27:01.496Z WARN  network::simple_sender] Failed to connect to 10.10.1.10:5046 (retry 0): Connection refused (os error 111)
[2026-04-19T03:27:01.497Z WARN  network::simple_sender] Failed to connect to 10.10.1.10:5046 (retry 0): Connection refused (os error 111)
[2026-04-19T03:27:01.502Z INFO  worker::batch_maker] Batch OlNrq5kxwFW8UbvP/iK9Z6vnzjHh8a1+xUEaiz2HmXM= contains sample tx 2534
[2026-04-19T03:27:01.502Z INFO  worker::batch_maker] Batch OlNrq5kxwFW8UbvP/iK9Z6vnzjHh8a1+xUEaiz2HmXM= contains 204800 B
[2026-04-19T03:27:01.506Z WARN  network::simple_sender] Failed to connect to 10.10.1.10:5046 (retry 0): Connection refused (os error 111)
[2026-04-19T03:27:01.509Z WARN  network::simple_sender] Failed to connect to 10.10.1.10:5046 (retry 0): Connection refused (os error 111)
[2026-04-19T03:27:01.514Z WARN  network::simple_sender] Failed to connect to 10.10.1.10:5046 (retry 0): Connection refused (os error 111)
[2026-04-19T03:27:01.535Z WARN  network::simple_sender] Failed to connect to 10.10.1.10:5046 (retry 0): Connection refused (os error 111)
[2026-04-19T03:27:01.538Z WARN  network::simple_sender] Failed to connect to 10.10.1.10:5046 (retry 0): Connection refused (os error 111)
[2026-04-19T03:27:01.545Z WARN  network::simple_sender] Failed to connect to 10.10.1.10:5046 (retry 0): Connection refused (os error 111)
[2026-04-19T03:27:01.547Z WARN  network::simple_sender] Failed to connect to 10.10.1.10:5046 (retry 0): Connection refused (os error 111)
[2026-04-19T03:27:01.549Z WARN  network::simple_sender] Failed to connect to 10.10.1.10:5046 (retry 0): Connection refused (os error 111)
[2026-04-19T03:27:01.551Z WARN  network::simple_sender] Failed to connect to 10.10.1.10:5046 (retry 0): Connection refused (os error 111)
[2026-04-19T03:27:01.557Z INFO  worker::batch_maker] Batch l+3R3dS3X0ciGaQtyYUEsrhjNc65Yng9S59TA1qDYw0= contains sample tx 2535
[2026-04-19T03:27:01.557Z INFO  worker::batch_maker] Batch l+3R3dS3X0ciGaQtyYUEsrhjNc65Yng9S59TA1qDYw0= contains sample tx 2536
[2026-04-19T03:27:01.557Z INFO  worker::batch_maker] Batch l+3R3dS3X0ciGaQtyYUEsrhjNc65Yng9S59TA1qDYw0= contains 275968 B
[2026-04-19T03:27:01.561Z WARN  network::simple_sender] Failed to connect to 10.10.1.10:5046 (retry 0): Connection refused (os error 111)
[2026-04-19T03:27:01.564Z WARN  network::simple_sender] Failed to connect to 10.10.1.10:5046 (retry 0): Connection refused (os error 111)
[2026-04-19T03:27:01.569Z WARN  network::simple_sender] Failed to connect to 10.10.1.10:5046 (retry 0): Connection refused (os error 111)
[2026-04-19T03:27:01.571Z WARN  network::simple_sender] Failed to connect to 10.10.1.10:5046 (retry 0): Connection refused (os error 111)
[2026-04-19T03:27:01.584Z WARN  network::simple_sender] Failed to connect to 10.10.1.10:5046 (retry 0): Connection refused (os error 111)
[2026-04-19T03:27:01.592Z WARN  network::simple_sender] Failed to connect to 10.10.1.10:5046 (retry 0): Connection refused (os error 111)
[2026-04-19T03:27:01.598Z WARN  network::simple_sender] Failed to connect to 10.10.1.10:5046 (retry 0): Connection refused (os error 111)
[2026-04-19T03:27:01.600Z WARN  network::simple_sender] Failed to connect to 10.10.1.10:5046 (retry 0): Connection refused (os error 111)
[2026-04-19T03:27:01.601Z WARN  network::simple_sender] Failed to connect to 10.10.1.10:5046 (retry 0): Connection refused (os error 111)
[2026-04-19T03:27:01.604Z WARN  network::simple_sender] Failed to connect to 10.10.1.10:5046 (retry 0): Connection refused (os error 111)
[2026-04-19T03:27:01.611Z WARN  network::simple_sender] Failed to connect to 10.10.1.10:5046 (retry 0): Connection refused (os error 111)
[2026-04-19T03:27:01.613Z INFO  worker::batch_maker] Batch gCkXWPrrUPoHzIe6HaCMhJQycm0/LG9XRhUwcgA20aQ= contains sample tx 2537
[2026-04-19T03:27:01.613Z INFO  worker::batch_maker] Batch gCkXWPrrUPoHzIe6HaCMhJQycm0/LG9XRhUwcgA20aQ= contains 338432 B
[2026-04-19T03:27:01.618Z WARN  network::simple_sender] Failed to connect to 10.10.1.10:5046 (retry 0): Connection refused (os error 111)
[2026-04-19T03:27:01.620Z WARN  network::simple_sender] Failed to connect to 10.10.1.10:5046 (retry 0): Connection refused (os error 111)
[2026-04-19T03:27:01.625Z WARN  network::simple_sender] Failed to connect to 10.10.1.10:5046 (retry 0): Connection refused (os error 111)
[2026-04-19T03:27:01.636Z WARN  network::simple_sender] Failed to connect to 10.10.1.10:5046 (retry 0): Connection refused (os error 111)
[2026-04-19T03:27:01.645Z WARN  network::simple_sender] Failed to connect to 10.10.1.10:5046 (retry 0): Connection refused (os error 111)
[2026-04-19T03:27:01.650Z WARN  network::simple_sender] Failed to connect to 10.10.1.10:5046 (retry 0): Connection refused (os error 111)
[2026-04-19T03:27:01.654Z WARN  network::simple_sender] Failed to connect to 10.10.1.10:5046 (retry 0): Connection refused (os error 111)
[2026-04-19T03:27:01.655Z WARN  network::simple_sender] Failed to connect to 10.10.1.10:5046 (retry 0): Connection refused (os error 111)
[2026-04-19T03:27:01.660Z WARN  network::simple_sender] Failed to connect to 10.10.1.10:5046 (retry 0): Connection refused (os error 111)
[2026-04-19T03:27:01.667Z INFO  worker::batch_maker] Batch 6gg77UJbd41sz5rf+qMp4UAB/ltZyOEJKMaL4Uj0jLY= contains sample tx 2538
[2026-04-19T03:27:01.667Z INFO  worker::batch_maker] Batch 6gg77UJbd41sz5rf+qMp4UAB/ltZyOEJKMaL4Uj0jLY= contains 204800 B
[2026-04-19T03:27:01.668Z WARN  network::simple_sender] Failed to connect to 10.10.1.10:5046 (retry 0): Connection refused (os error 111)
[2026-04-19T03:27:01.671Z WARN  network::simple_sender] Failed to connect to 10.10.1.10:5046 (retry 0): Connection refused (os error 111)
[2026-04-19T03:27:01.672Z WARN  network::simple_sender] Failed to connect to 10.10.1.10:5046 (retry 0): Connection refused (os error 111)
[2026-04-19T03:27:01.678Z WARN  network::simple_sender] Failed to connect to 10.10.1.10:5046 (retry 0): Connection refused (os error 111)
[2026-04-19T03:27:01.689Z WARN  network::simple_sender] Failed to connect to 10.10.1.10:5046 (retry 0): Connection refused (os error 111)
[2026-04-19T03:27:01.699Z WARN  network::simple_sender] Failed to connect to 10.10.1.10:5046 (retry 0): Connection refused (os error 111)
[2026-04-19T03:27:01.704Z WARN  network::simple_sender] Failed to connect to 10.10.1.10:5046 (retry 0): Connection refused (os error 111)
[2026-04-19T03:27:01.710Z WARN  network::simple_sender] Failed to connect to 10.10.1.10:5046 (retry 0): Connection refused (os error 111)
[2026-04-19T03:27:01.715Z WARN  network::simple_sender] Failed to connect to 10.10.1.10:5046 (retry 0): Connection refused (os error 111)
[2026-04-19T03:27:01.719Z INFO  worker::batch_maker] Batch uynkeKZqPSfQoLwNAGMGN5x6MVpsM3p8EyCL0pkzvuQ= contains sample tx 2539
[2026-04-19T03:27:01.719Z INFO  worker::batch_maker] Batch uynkeKZqPSfQoLwNAGMGN5x6MVpsM3p8EyCL0pkzvuQ= contains 204800 B
[2026-04-19T03:27:01.720Z WARN  network::simple_sender] Failed to connect to 10.10.1.10:5046 (retry 0): Connection refused (os error 111)
[2026-04-19T03:27:01.723Z WARN  network::simple_sender] Failed to connect to 10.10.1.10:5046 (retry 0): Connection refused (os error 111)
[2026-04-19T03:27:01.723Z WARN  network::simple_sender] Failed to connect to 10.10.1.10:5046 (retry 0): Connection refused (os error 111)
[2026-04-19T03:27:01.724Z WARN  network::simple_sender] Failed to connect to 10.10.1.10:5046 (retry 0): Connection refused (os error 111)
[2026-04-19T03:27:01.733Z WARN  network::simple_sender] Failed to connect to 10.10.1.10:5046 (retry 0): Connection refused (os error 111)
[2026-04-19T03:27:01.742Z WARN  network::simple_sender] Failed to connect to 10.10.1.10:5046 (retry 0): Connection refused (os error 111)
[2026-04-19T03:27:01.767Z WARN  network::simple_sender] Failed to connect to 10.10.1.10:5046 (retry 0): Connection refused (os error 111)
[2026-04-19T03:27:01.770Z WARN  network::simple_sender] Failed to connect to 10.10.1.10:5046 (retry 0): Connection refused (os error 111)
[2026-04-19T03:27:01.772Z WARN  network::simple_sender] Failed to connect to 10.10.1.10:5046 (retry 0): Connection refused (os error 111)
[2026-04-19T03:27:01.772Z INFO  worker::batch_maker] Batch Nfir/pO4sZYtGdTegYd9AUwXwMU7pwgVKoro2o42ogM= contains sample tx 2540
[2026-04-19T03:27:01.772Z INFO  worker::batch_maker] Batch Nfir/pO4sZYtGdTegYd9AUwXwMU7pwgVKoro2o42ogM= contains 204800 B
[2026-04-19T03:27:01.774Z WARN  network::simple_sender] Failed to connect to 10.10.1.10:5046 (retry 0): Connection refused (os error 111)
[2026-04-19T03:27:01.776Z WARN  network::simple_sender] Failed to connect to 10.10.1.10:5046 (retry 0): Connection refused (os error 111)
[2026-04-19T03:27:01.776Z WARN  network::simple_sender] Failed to connect to 10.10.1.10:5046 (retry 0): Connection refused (os error 111)
[2026-04-19T03:27:01.786Z WARN  network::simple_sender] Failed to connect to 10.10.1.10:5046 (retry 0): Connection refused (os error 111)
[2026-04-19T03:27:01.796Z WARN  network::simple_sender] Failed to connect to 10.10.1.10:5046 (retry 0): Connection refused (os error 111)
[2026-04-19T03:27:01.808Z WARN  network::simple_sender] Failed to connect to 10.10.1.10:5046 (retry 0): Connection refused (os error 111)
[2026-04-19T03:27:01.810Z WARN  network::simple_sender] Failed to connect to 10.10.1.10:5046 (retry 0): Connection refused (os error 111)
[2026-04-19T03:27:01.819Z WARN  network::simple_sender] Failed to connect to 10.10.1.10:5046 (retry 0): Connection refused (os error 111)
[2026-04-19T03:27:01.821Z WARN  network::simple_sender] Failed to connect to 10.10.1.10:5046 (retry 0): Connection refused (os error 111)
[2026-04-19T03:27:01.823Z WARN  network::simple_sender] Failed to connect to 10.10.1.10:5046 (retry 0): Connection refused (os error 111)
[2026-04-19T03:27:01.826Z WARN  network::simple_sender] Failed to connect to 10.10.1.10:5046 (retry 0): Connection refused (os error 111)
[2026-04-19T03:27:01.828Z INFO  worker::batch_maker] Batch DYQN4PLC3GARUuiaRi9q1Z4RGUxPH6VxKNlErp7KwG4= contains sample tx 2541
[2026-04-19T03:27:01.828Z INFO  worker::batch_maker] Batch DYQN4PLC3GARUuiaRi9q1Z4RGUxPH6VxKNlErp7KwG4= contains 204800 B
[2026-04-19T03:27:01.830Z WARN  network::simple_sender] Failed to connect to 10.10.1.10:5046 (retry 0): Connection refused (os error 111)
[2026-04-19T03:27:01.832Z WARN  network::simple_sender] Failed to connect to 10.10.1.10:5046 (retry 0): Connection refused (os error 111)
[2026-04-19T03:27:01.839Z WARN  network::simple_sender] Failed to connect to 10.10.1.10:5046 (retry 0): Connection refused (os error 111)
[2026-04-19T03:27:01.849Z WARN  network::simple_sender] Failed to connect to 10.10.1.10:5046 (retry 0): Connection refused (os error 111)
[2026-04-19T03:27:01.860Z WARN  network::simple_sender] Failed to connect to 10.10.1.10:5046 (retry 0): Connection refused (os error 111)
[2026-04-19T03:27:01.867Z WARN  network::simple_sender] Failed to connect to 10.10.1.10:5046 (retry 0): Connection refused (os error 111)
[2026-04-19T03:27:01.872Z WARN  network::simple_sender] Failed to connect to 10.10.1.10:5046 (retry 0): Connection refused (os error 111)
[2026-04-19T03:27:01.873Z WARN  network::simple_sender] Failed to connect to 10.10.1.10:5046 (retry 0): Connection refused (os error 111)
[2026-04-19T03:27:01.875Z WARN  network::simple_sender] Failed to connect to 10.10.1.10:5046 (retry 0): Connection refused (os error 111)
[2026-04-19T03:27:01.879Z WARN  network::simple_sender] Failed to connect to 10.10.1.10:5046 (retry 0): Connection refused (os error 111)
[2026-04-19T03:27:01.882Z WARN  network::simple_sender] Failed to connect to 10.10.1.10:5046 (retry 0): Connection refused (os error 111)
[2026-04-19T03:27:01.882Z INFO  worker::batch_maker] Batch 6XMs+TaiN0BMUZbO4yX5J3S4++0vZIBPs0fWkkzfrf0= contains sample tx 2542
[2026-04-19T03:27:01.882Z INFO  worker::batch_maker] Batch 6XMs+TaiN0BMUZbO4yX5J3S4++0vZIBPs0fWkkzfrf0= contains 204800 B
[2026-04-19T03:27:01.886Z WARN  network::simple_sender] Failed to connect to 10.10.1.10:5046 (retry 0): Connection refused (os error 111)
[2026-04-19T03:27:01.893Z WARN  network::simple_sender] Failed to connect to 10.10.1.10:5046 (retry 0): Connection refused (os error 111)
[2026-04-19T03:27:01.904Z WARN  network::simple_sender] Failed to connect to 10.10.1.10:5046 (retry 0): Connection refused (os error 111)
[2026-04-19T03:27:01.916Z WARN  network::simple_sender] Failed to connect to 10.10.1.10:5046 (retry 0): Connection refused (os error 111)
[2026-04-19T03:27:01.918Z WARN  network::simple_sender] Failed to connect to 10.10.1.10:5046 (retry 0): Connection refused (os error 111)
[2026-04-19T03:27:01.925Z WARN  network::simple_sender] Failed to connect to 10.10.1.10:5046 (retry 0): Connection refused (os error 111)
[2026-04-19T03:27:01.927Z WARN  network::simple_sender] Failed to connect to 10.10.1.10:5046 (retry 0): Connection refused (os error 111)
[2026-04-19T03:27:01.929Z WARN  network::simple_sender] Failed to connect to 10.10.1.10:5046 (retry 0): Connection refused (os error 111)
[2026-04-19T03:27:01.932Z WARN  network::simple_sender] Failed to connect to 10.10.1.10:5046 (retry 0): Connection refused (os error 111)
[2026-04-19T03:27:01.934Z WARN  network::simple_sender] Failed to connect to 10.10.1.10:5046 (retry 0): Connection refused (os error 111)
[2026-04-19T03:27:01.936Z INFO  worker::batch_maker] Batch Be/ajJWcaYGwBc3sV12HAEtsW4QWzo3ZUNf+6xkbC98= contains sample tx 2543
[2026-04-19T03:27:01.936Z INFO  worker::batch_maker] Batch Be/ajJWcaYGwBc3sV12HAEtsW4QWzo3ZUNf+6xkbC98= contains 204800 B
[2026-04-19T03:27:01.940Z WARN  network::simple_sender] Failed to connect to 10.10.1.10:5046 (retry 0): Connection refused (os error 111)
[2026-04-19T03:27:01.947Z WARN  network::simple_sender] Failed to connect to 10.10.1.10:5046 (retry 0): Connection refused (os error 111)
[2026-04-19T03:27:01.956Z WARN  network::simple_sender] Failed to connect to 10.10.1.10:5046 (retry 0): Connection refused (os error 111)
[2026-04-19T03:27:01.966Z WARN  network::simple_sender] Failed to connect to 10.10.1.10:5046 (retry 0): Connection refused (os error 111)
[2026-04-19T03:27:01.975Z WARN  network::simple_sender] Failed to connect to 10.10.1.10:5046 (retry 0): Connection refused (os error 111)
[2026-04-19T03:27:01.978Z WARN  network::simple_sender] Failed to connect to 10.10.1.10:5046 (retry 0): Connection refused (os error 111)
[2026-04-19T03:27:01.979Z WARN  network::simple_sender] Failed to connect to 10.10.1.10:5046 (retry 0): Connection refused (os error 111)
[2026-04-19T03:27:01.984Z WARN  network::simple_sender] Failed to connect to 10.10.1.10:5046 (retry 0): Connection refused (os error 111)
[2026-04-19T03:27:01.986Z WARN  network::simple_sender] Failed to connect to 10.10.1.10:5046 (retry 0): Connection refused (os error 111)
[2026-04-19T03:27:01.990Z INFO  worker::batch_maker] Batch xBXPGInrEkr6f3lmo4EEmQB+zWZBjeHTm6lXlpNgQ3s= contains sample tx 2544
[2026-04-19T03:27:01.990Z INFO  worker::batch_maker] Batch xBXPGInrEkr6f3lmo4EEmQB+zWZBjeHTm6lXlpNgQ3s= contains 204800 B
[2026-04-19T03:27:01.994Z WARN  network::simple_sender] Failed to connect to 10.10.1.10:5046 (retry 0): Connection refused (os error 111)
[2026-04-19T03:27:02.000Z WARN  network::simple_sender] Failed to connect to 10.10.1.10:5046 (retry 0): Connection refused (os error 111)
[2026-04-19T03:27:02.008Z WARN  network::simple_sender] Failed to connect to 10.10.1.10:5046 (retry 0): Connection refused (os error 111)
[2026-04-19T03:27:02.019Z WARN  network::simple_sender] Failed to connect to 10.10.1.10:5046 (retry 0): Connection refused (os error 111)
[2026-04-19T03:27:02.022Z WARN  network::simple_sender] Failed to connect to 10.10.1.10:5046 (retry 0): Connection refused (os error 111)
[2026-04-19T03:27:02.030Z WARN  network::simple_sender] Failed to connect to 10.10.1.10:5046 (retry 0): Connection refused (os error 111)
[2026-04-19T03:27:02.031Z WARN  network::simple_sender] Failed to connect to 10.10.1.10:5046 (retry 0): Connection refused (os error 111)
[2026-04-19T03:27:02.034Z WARN  network::simple_sender] Failed to connect to 10.10.1.10:5046 (retry 0): Connection refused (os error 111)
[2026-04-19T03:27:02.040Z WARN  network::simple_sender] Failed to connect to 10.10.1.10:5046 (retry 0): Connection refused (os error 111)
[2026-04-19T03:27:02.042Z WARN  network::simple_sender] Failed to connect to 10.10.1.10:5046 (retry 0): Connection refused (os error 111)
[2026-04-19T03:27:02.044Z INFO  worker::batch_maker] Batch 981HmLlRQSDU2TApcVEZoICrVeJeFZLNSvJCj1r1Jxg= contains sample tx 2545
[2026-04-19T03:27:02.044Z INFO  worker::batch_maker] Batch 981HmLlRQSDU2TApcVEZoICrVeJeFZLNSvJCj1r1Jxg= contains 204800 B
[2026-04-19T03:27:02.048Z WARN  network::simple_sender] Failed to connect to 10.10.1.10:5046 (retry 0): Connection refused (os error 111)
[2026-04-19T03:27:02.054Z WARN  network::simple_sender] Failed to connect to 10.10.1.10:5046 (retry 0): Connection refused (os error 111)
[2026-04-19T03:27:02.063Z WARN  network::simple_sender] Failed to connect to 10.10.1.10:5046 (retry 0): Connection refused (os error 111)
[2026-04-19T03:27:02.070Z WARN  network::simple_sender] Failed to connect to 10.10.1.10:5046 (retry 0): Connection refused (os error 111)
[2026-04-19T03:27:02.076Z WARN  network::simple_sender] Failed to connect to 10.10.1.10:5046 (retry 0): Connection refused (os error 111)
[2026-04-19T03:27:02.083Z WARN  network::simple_sender] Failed to connect to 10.10.1.10:5046 (retry 0): Connection refused (os error 111)
[2026-04-19T03:27:02.085Z WARN  network::simple_sender] Failed to connect to 10.10.1.10:5046 (retry 0): Connection refused (os error 111)
[2026-04-19T03:27:02.087Z WARN  network::simple_sender] Failed to connect to 10.10.1.10:5046 (retry 0): Connection refused (os error 111)
[2026-04-19T03:27:02.091Z WARN  network::simple_sender] Failed to connect to 10.10.1.10:5046 (retry 0): Connection refused (os error 111)
[2026-04-19T03:27:02.092Z WARN  network::simple_sender] Failed to connect to 10.10.1.10:5046 (retry 0): Connection refused (os error 111)
[2026-04-19T03:27:02.098Z INFO  worker::batch_maker] Batch d+3tBjg+odeWtfyEA9wzBGC3m422qtR7vAlQeoUBs1s= contains sample tx 2546
[2026-04-19T03:27:02.098Z INFO  worker::batch_maker] Batch d+3tBjg+odeWtfyEA9wzBGC3m422qtR7vAlQeoUBs1s= contains 204800 B
[2026-04-19T03:27:02.101Z WARN  network::simple_sender] Failed to connect to 10.10.1.10:5046 (retry 0): Connection refused (os error 111)
[2026-04-19T03:27:02.107Z WARN  network::simple_sender] Failed to connect to 10.10.1.10:5046 (retry 0): Connection refused (os error 111)
[2026-04-19T03:27:02.120Z WARN  network::simple_sender] Failed to connect to 10.10.1.10:5046 (retry 0): Connection refused (os error 111)
[2026-04-19T03:27:02.125Z WARN  network::simple_sender] Failed to connect to 10.10.1.10:5046 (retry 0): Connection refused (os error 111)
[2026-04-19T03:27:02.131Z WARN  network::simple_sender] Failed to connect to 10.10.1.10:5046 (retry 0): Connection refused (os error 111)
[2026-04-19T03:27:02.136Z WARN  network::simple_sender] Failed to connect to 10.10.1.10:5046 (retry 0): Connection refused (os error 111)
[2026-04-19T03:27:02.138Z WARN  network::simple_sender] Failed to connect to 10.10.1.10:5046 (retry 0): Connection refused (os error 111)
[2026-04-19T03:27:02.140Z WARN  network::simple_sender] Failed to connect to 10.10.1.10:5046 (retry 0): Connection refused (os error 111)
[2026-04-19T03:27:02.145Z WARN  network::simple_sender] Failed to connect to 10.10.1.10:5046 (retry 0): Connection refused (os error 111)
[2026-04-19T03:27:02.148Z WARN  network::simple_sender] Failed to connect to 10.10.1.10:5046 (retry 0): Connection refused (os error 111)
[2026-04-19T03:27:02.151Z INFO  worker::batch_maker] Batch 6jPHfxXJEOfcfxF8DJyAD/ZmE8NqlM7aSLGWtkaULHw= contains sample tx 2547
[2026-04-19T03:27:02.151Z INFO  worker::batch_maker] Batch 6jPHfxXJEOfcfxF8DJyAD/ZmE8NqlM7aSLGWtkaULHw= contains 204800 B
[2026-04-19T03:27:02.154Z WARN  network::simple_sender] Failed to connect to 10.10.1.10:5046 (retry 0): Connection refused (os error 111)
[2026-04-19T03:27:02.161Z WARN  network::simple_sender] Failed to connect to 10.10.1.10:5046 (retry 0): Connection refused (os error 111)
[2026-04-19T03:27:02.172Z WARN  network::simple_sender] Failed to connect to 10.10.1.10:5046 (retry 0): Connection refused (os error 111)
[2026-04-19T03:27:02.177Z WARN  network::simple_sender] Failed to connect to 10.10.1.10:5046 (retry 0): Connection refused (os error 111)
[2026-04-19T03:27:02.180Z WARN  network::simple_sender] Failed to connect to 10.10.1.10:5046 (retry 0): Connection refused (os error 111)
[2026-04-19T03:27:02.189Z WARN  network::simple_sender] Failed to connect to 10.10.1.10:5046 (retry 0): Connection refused (os error 111)
[2026-04-19T03:27:02.191Z WARN  network::simple_sender] Failed to connect to 10.10.1.10:5046 (retry 0): Connection refused (os error 111)
[2026-04-19T03:27:02.194Z WARN  network::simple_sender] Failed to connect to 10.10.1.10:5046 (retry 0): Connection refused (os error 111)
[2026-04-19T03:27:02.197Z WARN  network::simple_sender] Failed to connect to 10.10.1.10:5046 (retry 0): Connection refused (os error 111)
[2026-04-19T03:27:02.203Z WARN  network::simple_sender] Failed to connect to 10.10.1.10:5046 (retry 0): Connection refused (os error 111)
[2026-04-19T03:27:02.205Z INFO  worker::batch_maker] Batch nfxaw4aUBGwEyVfki13dd6KAvhTW2YCiesLIWvORMCw= contains sample tx 2548
[2026-04-19T03:27:02.205Z INFO  worker::batch_maker] Batch nfxaw4aUBGwEyVfki13dd6KAvhTW2YCiesLIWvORMCw= contains sample tx 2549
[2026-04-19T03:27:02.205Z INFO  worker::batch_maker] Batch nfxaw4aUBGwEyVfki13dd6KAvhTW2YCiesLIWvORMCw= contains 283136 B
[2026-04-19T03:27:02.210Z WARN  network::simple_sender] Failed to connect to 10.10.1.10:5046 (retry 0): Connection refused (os error 111)
[2026-04-19T03:27:02.216Z WARN  network::simple_sender] Failed to connect to 10.10.1.10:5046 (retry 0): Connection refused (os error 111)
[2026-04-19T03:27:02.226Z WARN  network::simple_sender] Failed to connect to 10.10.1.10:5046 (retry 0): Connection refused (os error 111)
[2026-04-19T03:27:02.230Z WARN  network::simple_sender] Failed to connect to 10.10.1.10:5046 (retry 0): Connection refused (os error 111)
[2026-04-19T03:27:02.232Z WARN  network::simple_sender] Failed to connect to 10.10.1.10:5046 (retry 0): Connection refused (os error 111)
[2026-04-19T03:27:02.241Z WARN  network::simple_sender] Failed to connect to 10.10.1.10:5046 (retry 0): Connection refused (os error 111)
[2026-04-19T03:27:02.243Z WARN  network::simple_sender] Failed to connect to 10.10.1.10:5046 (retry 0): Connection refused (os error 111)
[2026-04-19T03:27:02.248Z WARN  network::simple_sender] Failed to connect to 10.10.1.10:5046 (retry 0): Connection refused (os error 111)
[2026-04-19T03:27:02.250Z WARN  network::simple_sender] Failed to connect to 10.10.1.10:5046 (retry 0): Connection refused (os error 111)
[2026-04-19T03:27:02.256Z WARN  network::simple_sender] Failed to connect to 10.10.1.10:5046 (retry 0): Connection refused (os error 111)
[2026-04-19T03:27:02.261Z INFO  worker::batch_maker] Batch SU1ENhn24MtCi2VvE/jAgUSc0lXGaln/sgDJmOPNiks= contains sample tx 2550
[2026-04-19T03:27:02.261Z INFO  worker::batch_maker] Batch SU1ENhn24MtCi2VvE/jAgUSc0lXGaln/sgDJmOPNiks= contains 331264 B
[2026-04-19T03:27:02.267Z WARN  network::simple_sender] Failed to connect to 10.10.1.10:5046 (retry 0): Connection refused (os error 111)
[2026-04-19T03:27:02.274Z WARN  network::simple_sender] Failed to connect to 10.10.1.10:5046 (retry 0): Connection refused (os error 111)
[2026-04-19T03:27:02.279Z WARN  network::simple_sender] Failed to connect to 10.10.1.10:5046 (retry 0): Connection refused (os error 111)
[2026-04-19T03:27:02.283Z WARN  network::simple_sender] Failed to connect to 10.10.1.10:5046 (retry 0): Connection refused (os error 111)
[2026-04-19T03:27:02.285Z WARN  network::simple_sender] Failed to connect to 10.10.1.10:5046 (retry 0): Connection refused (os error 111)
[2026-04-19T03:27:02.293Z WARN  network::simple_sender] Failed to connect to 10.10.1.10:5046 (retry 0): Connection refused (os error 111)
[2026-04-19T03:27:02.296Z WARN  network::simple_sender] Failed to connect to 10.10.1.10:5046 (retry 0): Connection refused (os error 111)
[2026-04-19T03:27:02.303Z WARN  network::simple_sender] Failed to connect to 10.10.1.10:5046 (retry 0): Connection refused (os error 111)
[2026-04-19T03:27:02.306Z WARN  network::simple_sender] Failed to connect to 10.10.1.10:5046 (retry 0): Connection refused (os error 111)
[2026-04-19T03:27:02.312Z WARN  network::simple_sender] Failed to connect to 10.10.1.10:5046 (retry 0): Connection refused (os error 111)
[2026-04-19T03:27:02.314Z INFO  worker::batch_maker] Batch 20qG/k7CMYOosOmEpKbsMl61SoLjgjb0EvRpMUfpB+k= contains sample tx 2551
[2026-04-19T03:27:02.314Z INFO  worker::batch_maker] Batch 20qG/k7CMYOosOmEpKbsMl61SoLjgjb0EvRpMUfpB+k= contains 204800 B
[2026-04-19T03:27:02.318Z WARN  network::simple_sender] Failed to connect to 10.10.1.10:5046 (retry 0): Connection refused (os error 111)
[2026-04-19T03:27:02.324Z WARN  network::simple_sender] Failed to connect to 10.10.1.10:5046 (retry 0): Connection refused (os error 111)
[2026-04-19T03:27:02.332Z WARN  network::simple_sender] Failed to connect to 10.10.1.10:5046 (retry 0): Connection refused (os error 111)
[2026-04-19T03:27:02.335Z WARN  network::simple_sender] Failed to connect to 10.10.1.10:5046 (retry 0): Connection refused (os error 111)
[2026-04-19T03:27:02.336Z WARN  network::simple_sender] Failed to connect to 10.10.1.10:5046 (retry 0): Connection refused (os error 111)
[2026-04-19T03:27:02.346Z WARN  network::simple_sender] Failed to connect to 10.10.1.10:5046 (retry 0): Connection refused (os error 111)
[2026-04-19T03:27:02.349Z WARN  network::simple_sender] Failed to connect to 10.10.1.10:5046 (retry 0): Connection refused (os error 111)
[2026-04-19T03:27:02.357Z WARN  network::simple_sender] Failed to connect to 10.10.1.10:5046 (retry 0): Connection refused (os error 111)
[2026-04-19T03:27:02.359Z WARN  network::simple_sender] Failed to connect to 10.10.1.10:5046 (retry 0): Connection refused (os error 111)
[2026-04-19T03:27:02.367Z INFO  worker::batch_maker] Batch 92RB29iPAHfcM+iP6WzfGe1AIL6S7y2TNcBuWy4JCoE= contains sample tx 2552
[2026-04-19T03:27:02.367Z INFO  worker::batch_maker] Batch 92RB29iPAHfcM+iP6WzfGe1AIL6S7y2TNcBuWy4JCoE= contains 204800 B
[2026-04-19T03:27:02.368Z WARN  network::simple_sender] Failed to connect to 10.10.1.10:5046 (retry 0): Connection refused (os error 111)
[2026-04-19T03:27:02.371Z WARN  network::simple_sender] Failed to connect to 10.10.1.10:5046 (retry 0): Connection refused (os error 111)
[2026-04-19T03:27:02.377Z WARN  network::simple_sender] Failed to connect to 10.10.1.10:5046 (retry 0): Connection refused (os error 111)
[2026-04-19T03:27:02.386Z WARN  network::simple_sender] Failed to connect to 10.10.1.10:5046 (retry 0): Connection refused (os error 111)
[2026-04-19T03:27:02.388Z WARN  network::simple_sender] Failed to connect to 10.10.1.10:5046 (retry 0): Connection refused (os error 111)
[2026-04-19T03:27:02.390Z WARN  network::simple_sender] Failed to connect to 10.10.1.10:5046 (retry 0): Connection refused (os error 111)
[2026-04-19T03:27:02.398Z WARN  network::simple_sender] Failed to connect to 10.10.1.10:5046 (retry 0): Connection refused (os error 111)
[2026-04-19T03:27:02.403Z WARN  network::simple_sender] Failed to connect to 10.10.1.10:5046 (retry 0): Connection refused (os error 111)
[2026-04-19T03:27:02.409Z WARN  network::simple_sender] Failed to connect to 10.10.1.10:5046 (retry 0): Connection refused (os error 111)
[2026-04-19T03:27:02.415Z WARN  network::simple_sender] Failed to connect to 10.10.1.10:5046 (retry 0): Connection refused (os error 111)
[2026-04-19T03:27:02.418Z WARN  network::simple_sender] Failed to connect to 10.10.1.10:5046 (retry 0): Connection refused (os error 111)
[2026-04-19T03:27:02.421Z INFO  worker::batch_maker] Batch aZ82wASKQvuNKASCg6BO33sxSS36bL3OVWuQ5AMRTDE= contains sample tx 2553
[2026-04-19T03:27:02.421Z INFO  worker::batch_maker] Batch aZ82wASKQvuNKASCg6BO33sxSS36bL3OVWuQ5AMRTDE= contains 204800 B
[2026-04-19T03:27:02.425Z WARN  network::simple_sender] Failed to connect to 10.10.1.10:5046 (retry 0): Connection refused (os error 111)
[2026-04-19T03:27:02.428Z WARN  network::simple_sender] Failed to connect to 10.10.1.10:5046 (retry 0): Connection refused (os error 111)
[2026-04-19T03:27:02.440Z WARN  network::simple_sender] Failed to connect to 10.10.1.10:5046 (retry 0): Connection refused (os error 111)
[2026-04-19T03:27:02.442Z WARN  network::simple_sender] Failed to connect to 10.10.1.10:5046 (retry 0): Connection refused (os error 111)
[2026-04-19T03:27:02.444Z WARN  network::simple_sender] Failed to connect to 10.10.1.10:5046 (retry 0): Connection refused (os error 111)
[2026-04-19T03:27:02.451Z WARN  network::simple_sender] Failed to connect to 10.10.1.10:5046 (retry 0): Connection refused (os error 111)
[2026-04-19T03:27:02.456Z WARN  network::simple_sender] Failed to connect to 10.10.1.10:5046 (retry 0): Connection refused (os error 111)
[2026-04-19T03:27:02.466Z WARN  network::simple_sender] Failed to connect to 10.10.1.10:5046 (retry 0): Connection refused (os error 111)
[2026-04-19T03:27:02.467Z WARN  network::simple_sender] Failed to connect to 10.10.1.10:5046 (retry 0): Connection refused (os error 111)
[2026-04-19T03:27:02.472Z WARN  network::simple_sender] Failed to connect to 10.10.1.10:5046 (retry 0): Connection refused (os error 111)
[2026-04-19T03:27:02.474Z INFO  worker::batch_maker] Batch UrK7zoxCskSJp946D0zu1wqK4S7nq5jaLRmcaLgcdls= contains sample tx 2554
[2026-04-19T03:27:02.474Z INFO  worker::batch_maker] Batch UrK7zoxCskSJp946D0zu1wqK4S7nq5jaLRmcaLgcdls= contains 204800 B
[2026-04-19T03:27:02.478Z WARN  network::simple_sender] Failed to connect to 10.10.1.10:5046 (retry 0): Connection refused (os error 111)
[2026-04-19T03:27:02.482Z WARN  network::simple_sender] Failed to connect to 10.10.1.10:5046 (retry 0): Connection refused (os error 111)
[2026-04-19T03:27:02.493Z WARN  network::simple_sender] Failed to connect to 10.10.1.10:5046 (retry 0): Connection refused (os error 111)
[2026-04-19T03:27:02.495Z WARN  network::simple_sender] Failed to connect to 10.10.1.10:5046 (retry 0): Connection refused (os error 111)
[2026-04-19T03:27:02.497Z WARN  network::simple_sender] Failed to connect to 10.10.1.10:5046 (retry 0): Connection refused (os error 111)
[2026-04-19T03:27:02.506Z WARN  network::simple_sender] Failed to connect to 10.10.1.10:5046 (retry 0): Connection refused (os error 111)
[2026-04-19T03:27:02.516Z WARN  network::simple_sender] Failed to connect to 10.10.1.10:5046 (retry 0): Connection refused (os error 111)
[2026-04-19T03:27:02.519Z WARN  network::simple_sender] Failed to connect to 10.10.1.10:5046 (retry 0): Connection refused (os error 111)
[2026-04-19T03:27:02.521Z WARN  network::simple_sender] Failed to connect to 10.10.1.10:5046 (retry 0): Connection refused (os error 111)
[2026-04-19T03:27:02.523Z WARN  network::simple_sender] Failed to connect to 10.10.1.10:5046 (retry 0): Connection refused (os error 111)
[2026-04-19T03:27:02.528Z INFO  worker::batch_maker] Batch y9cvmoZTXHkN6d9Am1nfvbWbDRpwZpnRNGV/2LGEZQM= contains sample tx 2555
[2026-04-19T03:27:02.528Z INFO  worker::batch_maker] Batch y9cvmoZTXHkN6d9Am1nfvbWbDRpwZpnRNGV/2LGEZQM= contains 204800 B
[2026-04-19T03:27:02.532Z WARN  network::simple_sender] Failed to connect to 10.10.1.10:5046 (retry 0): Connection refused (os error 111)
[2026-04-19T03:27:02.535Z WARN  network::simple_sender] Failed to connect to 10.10.1.10:5046 (retry 0): Connection refused (os error 111)
[2026-04-19T03:27:02.544Z WARN  network::simple_sender] Failed to connect to 10.10.1.10:5046 (retry 0): Connection refused (os error 111)
[2026-04-19T03:27:02.545Z WARN  network::simple_sender] Failed to connect to 10.10.1.10:5046 (retry 0): Connection refused (os error 111)
[2026-04-19T03:27:02.547Z WARN  network::simple_sender] Failed to connect to 10.10.1.10:5046 (retry 0): Connection refused (os error 111)
[2026-04-19T03:27:02.560Z WARN  network::simple_sender] Failed to connect to 10.10.1.10:5046 (retry 0): Connection refused (os error 111)
[2026-04-19T03:27:02.564Z WARN  network::simple_sender] Failed to connect to 10.10.1.10:5046 (retry 0): Connection refused (os error 111)
[2026-04-19T03:27:02.569Z WARN  network::simple_sender] Failed to connect to 10.10.1.10:5046 (retry 0): Connection refused (os error 111)
[2026-04-19T03:27:02.574Z WARN  network::simple_sender] Failed to connect to 10.10.1.10:5046 (retry 0): Connection refused (os error 111)
[2026-04-19T03:27:02.574Z WARN  network::simple_sender] Failed to connect to 10.10.1.10:5046 (retry 0): Connection refused (os error 111)
[2026-04-19T03:27:02.579Z INFO  worker::batch_maker] Batch SNMmXMjguZ7rgeNDwnmYtZ9DLWs9xTdcLC77c7vd3q0= contains sample tx 2556
[2026-04-19T03:27:02.579Z INFO  worker::batch_maker] Batch SNMmXMjguZ7rgeNDwnmYtZ9DLWs9xTdcLC77c7vd3q0= contains 204800 B
[2026-04-19T03:27:02.582Z WARN  network::simple_sender] Failed to connect to 10.10.1.10:5046 (retry 0): Connection refused (os error 111)
[2026-04-19T03:27:02.588Z WARN  network::simple_sender] Failed to connect to 10.10.1.10:5046 (retry 0): Connection refused (os error 111)
[2026-04-19T03:27:02.600Z WARN  network::simple_sender] Failed to connect to 10.10.1.10:5046 (retry 0): Connection refused (os error 111)
[2026-04-19T03:27:02.601Z WARN  network::simple_sender] Failed to connect to 10.10.1.10:5046 (retry 0): Connection refused (os error 111)
[2026-04-19T03:27:02.603Z WARN  network::simple_sender] Failed to connect to 10.10.1.10:5046 (retry 0): Connection refused (os error 111)
[2026-04-19T03:27:02.614Z WARN  network::simple_sender] Failed to connect to 10.10.1.10:5046 (retry 0): Connection refused (os error 111)
[2026-04-19T03:27:02.619Z WARN  network::simple_sender] Failed to connect to 10.10.1.10:5046 (retry 0): Connection refused (os error 111)
[2026-04-19T03:27:02.623Z WARN  network::simple_sender] Failed to connect to 10.10.1.10:5046 (retry 0): Connection refused (os error 111)
[2026-04-19T03:27:02.624Z WARN  network::simple_sender] Failed to connect to 10.10.1.10:5046 (retry 0): Connection refused (os error 111)
[2026-04-19T03:27:02.626Z WARN  network::simple_sender] Failed to connect to 10.10.1.10:5046 (retry 0): Connection refused (os error 111)
[2026-04-19T03:27:02.631Z INFO  worker::batch_maker] Batch c9i0XUQUhIl45V8kzSUJFLxTfPagz0G7lD1LAUphd24= contains sample tx 2557
[2026-04-19T03:27:02.631Z INFO  worker::batch_maker] Batch c9i0XUQUhIl45V8kzSUJFLxTfPagz0G7lD1LAUphd24= contains 204800 B
[2026-04-19T03:27:02.634Z WARN  network::simple_sender] Failed to connect to 10.10.1.10:5046 (retry 0): Connection refused (os error 111)
[2026-04-19T03:27:02.641Z WARN  network::simple_sender] Failed to connect to 10.10.1.10:5046 (retry 0): Connection refused (os error 111)
[2026-04-19T03:27:02.652Z WARN  network::simple_sender] Failed to connect to 10.10.1.10:5046 (retry 0): Connection refused (os error 111)
[2026-04-19T03:27:02.654Z WARN  network::simple_sender] Failed to connect to 10.10.1.10:5046 (retry 0): Connection refused (os error 111)
[2026-04-19T03:27:02.656Z WARN  network::simple_sender] Failed to connect to 10.10.1.10:5046 (retry 0): Connection refused (os error 111)
[2026-04-19T03:27:02.668Z WARN  network::simple_sender] Failed to connect to 10.10.1.10:5046 (retry 0): Connection refused (os error 111)
[2026-04-19T03:27:02.671Z WARN  network::simple_sender] Failed to connect to 10.10.1.10:5046 (retry 0): Connection refused (os error 111)
[2026-04-19T03:27:02.679Z WARN  network::simple_sender] Failed to connect to 10.10.1.10:5046 (retry 0): Connection refused (os error 111)
[2026-04-19T03:27:02.682Z WARN  network::simple_sender] Failed to connect to 10.10.1.10:5046 (retry 0): Connection refused (os error 111)
[2026-04-19T03:27:02.684Z WARN  network::simple_sender] Failed to connect to 10.10.1.10:5046 (retry 0): Connection refused (os error 111)
[2026-04-19T03:27:02.685Z INFO  worker::batch_maker] Batch 9BDROyrchaUxF0i3Fw1Yj4uQE4ymSe15rOlJ6GF/QDI= contains sample tx 2558
[2026-04-19T03:27:02.685Z INFO  worker::batch_maker] Batch 9BDROyrchaUxF0i3Fw1Yj4uQE4ymSe15rOlJ6GF/QDI= contains 204800 B
[2026-04-19T03:27:02.687Z WARN  network::simple_sender] Failed to connect to 10.10.1.10:5046 (retry 0): Connection refused (os error 111)
[2026-04-19T03:27:02.694Z WARN  network::simple_sender] Failed to connect to 10.10.1.10:5046 (retry 0): Connection refused (os error 111)
[2026-04-19T03:27:02.703Z WARN  network::simple_sender] Failed to connect to 10.10.1.10:5046 (retry 0): Connection refused (os error 111)
[2026-04-19T03:27:02.707Z WARN  network::simple_sender] Failed to connect to 10.10.1.10:5046 (retry 0): Connection refused (os error 111)
[2026-04-19T03:27:02.708Z WARN  network::simple_sender] Failed to connect to 10.10.1.10:5046 (retry 0): Connection refused (os error 111)
[2026-04-19T03:27:02.720Z WARN  network::simple_sender] Failed to connect to 10.10.1.10:5046 (retry 0): Connection refused (os error 111)
[2026-04-19T03:27:02.722Z WARN  network::simple_sender] Failed to connect to 10.10.1.10:5046 (retry 0): Connection refused (os error 111)
[2026-04-19T03:27:02.731Z WARN  network::simple_sender] Failed to connect to 10.10.1.10:5046 (retry 0): Connection refused (os error 111)
[2026-04-19T03:27:02.733Z WARN  network::simple_sender] Failed to connect to 10.10.1.10:5046 (retry 0): Connection refused (os error 111)
[2026-04-19T03:27:02.733Z WARN  network::simple_sender] Failed to connect to 10.10.1.10:5046 (retry 0): Connection refused (os error 111)
[2026-04-19T03:27:02.736Z INFO  worker::batch_maker] Batch gBTZ59tNSs6IfXPC96xufliudjwED64CYEIt8d/CSGU= contains sample tx 2559
[2026-04-19T03:27:02.736Z INFO  worker::batch_maker] Batch gBTZ59tNSs6IfXPC96xufliudjwED64CYEIt8d/CSGU= contains 204800 B
[2026-04-19T03:27:02.739Z WARN  network::simple_sender] Failed to connect to 10.10.1.10:5046 (retry 0): Connection refused (os error 111)
[2026-04-19T03:27:02.747Z WARN  network::simple_sender] Failed to connect to 10.10.1.10:5046 (retry 0): Connection refused (os error 111)
[2026-04-19T03:27:02.756Z WARN  network::simple_sender] Failed to connect to 10.10.1.10:5046 (retry 0): Connection refused (os error 111)
[2026-04-19T03:27:02.758Z WARN  network::simple_sender] Failed to connect to 10.10.1.10:5046 (retry 0): Connection refused (os error 111)
[2026-04-19T03:27:02.765Z WARN  network::simple_sender] Failed to connect to 10.10.1.10:5046 (retry 0): Connection refused (os error 111)
[2026-04-19T03:27:02.776Z WARN  network::simple_sender] Failed to connect to 10.10.1.10:5046 (retry 0): Connection refused (os error 111)
[2026-04-19T03:27:02.777Z WARN  network::simple_sender] Failed to connect to 10.10.1.10:5046 (retry 0): Connection refused (os error 111)
[2026-04-19T03:27:02.784Z WARN  network::simple_sender] Failed to connect to 10.10.1.10:5046 (retry 0): Connection refused (os error 111)
[2026-04-19T03:27:02.786Z WARN  network::simple_sender] Failed to connect to 10.10.1.10:5046 (retry 0): Connection refused (os error 111)
[2026-04-19T03:27:02.788Z WARN  network::simple_sender] Failed to connect to 10.10.1.10:5046 (retry 0): Connection refused (os error 111)
[2026-04-19T03:27:02.789Z INFO  worker::batch_maker] Batch 6U3eBFBd6/aYNQ8f2Lu+p/PlTM9KvHVWmoNgjOqSWuc= contains sample tx 2560
[2026-04-19T03:27:02.789Z INFO  worker::batch_maker] Batch 6U3eBFBd6/aYNQ8f2Lu+p/PlTM9KvHVWmoNgjOqSWuc= contains 204800 B
[2026-04-19T03:27:02.792Z WARN  network::simple_sender] Failed to connect to 10.10.1.10:5046 (retry 0): Connection refused (os error 111)
[2026-04-19T03:27:02.800Z WARN  network::simple_sender] Failed to connect to 10.10.1.10:5046 (retry 0): Connection refused (os error 111)
[2026-04-19T03:27:02.810Z WARN  network::simple_sender] Failed to connect to 10.10.1.10:5046 (retry 0): Connection refused (os error 111)
[2026-04-19T03:27:02.820Z WARN  network::simple_sender] Failed to connect to 10.10.1.10:5046 (retry 0): Connection refused (os error 111)
[2026-04-19T03:27:02.828Z WARN  network::simple_sender] Failed to connect to 10.10.1.10:5046 (retry 0): Connection refused (os error 111)
[2026-04-19T03:27:02.829Z WARN  network::simple_sender] Failed to connect to 10.10.1.10:5046 (retry 0): Connection refused (os error 111)
[2026-04-19T03:27:02.834Z WARN  network::simple_sender] Failed to connect to 10.10.1.10:5046 (retry 0): Connection refused (os error 111)
[2026-04-19T03:27:02.840Z WARN  network::simple_sender] Failed to connect to 10.10.1.10:5046 (retry 0): Connection refused (os error 111)
[2026-04-19T03:27:02.841Z WARN  network::simple_sender] Failed to connect to 10.10.1.10:5046 (retry 0): Connection refused (os error 111)
[2026-04-19T03:27:02.841Z INFO  worker::batch_maker] Batch lxtQtFyPJv2CtcNikTM+/uMyk2oVyQkHK2+TmMEts9w= contains sample tx 2561
[2026-04-19T03:27:02.841Z INFO  worker::batch_maker] Batch lxtQtFyPJv2CtcNikTM+/uMyk2oVyQkHK2+TmMEts9w= contains 204800 B
[2026-04-19T03:27:02.843Z WARN  network::simple_sender] Failed to connect to 10.10.1.10:5046 (retry 0): Connection refused (os error 111)
[2026-04-19T03:27:02.845Z WARN  network::simple_sender] Failed to connect to 10.10.1.10:5046 (retry 0): Connection refused (os error 111)
[2026-04-19T03:27:02.853Z WARN  network::simple_sender] Failed to connect to 10.10.1.10:5046 (retry 0): Connection refused (os error 111)
[2026-04-19T03:27:02.870Z WARN  network::simple_sender] Failed to connect to 10.10.1.10:5046 (retry 0): Connection refused (os error 111)
[2026-04-19T03:27:02.874Z WARN  network::simple_sender] Failed to connect to 10.10.1.10:5046 (retry 0): Connection refused (os error 111)
[2026-04-19T03:27:02.883Z WARN  network::simple_sender] Failed to connect to 10.10.1.10:5046 (retry 0): Connection refused (os error 111)
[2026-04-19T03:27:02.885Z WARN  network::simple_sender] Failed to connect to 10.10.1.10:5046 (retry 0): Connection refused (os error 111)
[2026-04-19T03:27:02.889Z WARN  network::simple_sender] Failed to connect to 10.10.1.10:5046 (retry 0): Connection refused (os error 111)
[2026-04-19T03:27:02.892Z WARN  network::simple_sender] Failed to connect to 10.10.1.10:5046 (retry 0): Connection refused (os error 111)
[2026-04-19T03:27:02.894Z INFO  worker::batch_maker] Batch qN7yFTEebrQ8SI4JFVnLOBzR21VhajQZ0EF4GcPrZrs= contains sample tx 2562
[2026-04-19T03:27:02.894Z INFO  worker::batch_maker] Batch qN7yFTEebrQ8SI4JFVnLOBzR21VhajQZ0EF4GcPrZrs= contains 204800 B
[2026-04-19T03:27:02.895Z WARN  network::simple_sender] Failed to connect to 10.10.1.10:5046 (retry 0): Connection refused (os error 111)
[2026-04-19T03:27:02.899Z WARN  network::simple_sender] Failed to connect to 10.10.1.10:5046 (retry 0): Connection refused (os error 111)
[2026-04-19T03:27:02.899Z WARN  network::simple_sender] Failed to connect to 10.10.1.10:5046 (retry 0): Connection refused (os error 111)
[2026-04-19T03:27:02.906Z WARN  network::simple_sender] Failed to connect to 10.10.1.10:5046 (retry 0): Connection refused (os error 111)
[2026-04-19T03:27:02.920Z WARN  network::simple_sender] Failed to connect to 10.10.1.10:5046 (retry 0): Connection refused (os error 111)
[2026-04-19T03:27:02.927Z WARN  network::simple_sender] Failed to connect to 10.10.1.10:5046 (retry 0): Connection refused (os error 111)
[2026-04-19T03:27:02.937Z WARN  network::simple_sender] Failed to connect to 10.10.1.10:5046 (retry 0): Connection refused (os error 111)
[2026-04-19T03:27:02.938Z WARN  network::simple_sender] Failed to connect to 10.10.1.10:5046 (retry 0): Connection refused (os error 111)
[2026-04-19T03:27:02.940Z WARN  network::simple_sender] Failed to connect to 10.10.1.10:5046 (retry 0): Connection refused (os error 111)
[2026-04-19T03:27:02.945Z WARN  network::simple_sender] Failed to connect to 10.10.1.10:5046 (retry 0): Connection refused (os error 111)
[2026-04-19T03:27:02.947Z INFO  worker::batch_maker] Batch QSGD6ulCnPgTXLndUo/JLTxcmVHSaJ3J9cwA4h0I/dA= contains sample tx 2563
[2026-04-19T03:27:02.947Z INFO  worker::batch_maker] Batch QSGD6ulCnPgTXLndUo/JLTxcmVHSaJ3J9cwA4h0I/dA= contains 204800 B
[2026-04-19T03:27:02.949Z WARN  network::simple_sender] Failed to connect to 10.10.1.10:5046 (retry 0): Connection refused (os error 111)
[2026-04-19T03:27:02.950Z WARN  network::simple_sender] Failed to connect to 10.10.1.10:5046 (retry 0): Connection refused (os error 111)
[2026-04-19T03:27:02.951Z WARN  network::simple_sender] Failed to connect to 10.10.1.10:5046 (retry 0): Connection refused (os error 111)
[2026-04-19T03:27:02.958Z WARN  network::simple_sender] Failed to connect to 10.10.1.10:5046 (retry 0): Connection refused (os error 111)
[2026-04-19T03:27:02.972Z WARN  network::simple_sender] Failed to connect to 10.10.1.10:5046 (retry 0): Connection refused (os error 111)
[2026-04-19T03:27:02.981Z WARN  network::simple_sender] Failed to connect to 10.10.1.10:5046 (retry 0): Connection refused (os error 111)
[2026-04-19T03:27:02.988Z WARN  network::simple_sender] Failed to connect to 10.10.1.10:5046 (retry 0): Connection refused (os error 111)
[2026-04-19T03:27:02.989Z WARN  network::simple_sender] Failed to connect to 10.10.1.10:5046 (retry 0): Connection refused (os error 111)
[2026-04-19T03:27:02.994Z WARN  network::simple_sender] Failed to connect to 10.10.1.10:5046 (retry 0): Connection refused (os error 111)
[2026-04-19T03:27:02.998Z WARN  network::simple_sender] Failed to connect to 10.10.1.10:5046 (retry 0): Connection refused (os error 111)
[2026-04-19T03:27:03.000Z INFO  worker::batch_maker] Batch FYQI8JUzSturXF0ThjjbY1Tg6nSV/qN9NOCTehqYyJM= contains sample tx 2564
[2026-04-19T03:27:03.000Z INFO  worker::batch_maker] Batch FYQI8JUzSturXF0ThjjbY1Tg6nSV/qN9NOCTehqYyJM= contains 204800 B
[2026-04-19T03:27:03.000Z WARN  network::simple_sender] Failed to connect to 10.10.1.10:5046 (retry 0): Connection refused (os error 111)
[2026-04-19T03:27:03.003Z WARN  network::simple_sender] Failed to connect to 10.10.1.10:5046 (retry 0): Connection refused (os error 111)
[2026-04-19T03:27:03.008Z WARN  network::simple_sender] Failed to connect to 10.10.1.10:5046 (retry 0): Connection refused (os error 111)
[2026-04-19T03:27:03.012Z WARN  network::simple_sender] Failed to connect to 10.10.1.10:5046 (retry 0): Connection refused (os error 111)
[2026-04-19T03:27:03.024Z WARN  network::simple_sender] Failed to connect to 10.10.1.10:5046 (retry 0): Connection refused (os error 111)
[2026-04-19T03:27:03.039Z WARN  network::simple_sender] Failed to connect to 10.10.1.10:5046 (retry 0): Connection refused (os error 111)
[2026-04-19T03:27:03.043Z WARN  network::simple_sender] Failed to connect to 10.10.1.10:5046 (retry 0): Connection refused (os error 111)
[2026-04-19T03:27:03.045Z WARN  network::simple_sender] Failed to connect to 10.10.1.10:5046 (retry 0): Connection refused (os error 111)
[2026-04-19T03:27:03.048Z WARN  network::simple_sender] Failed to connect to 10.10.1.10:5046 (retry 0): Connection refused (os error 111)
[2026-04-19T03:27:03.053Z WARN  network::simple_sender] Failed to connect to 10.10.1.10:5046 (retry 0): Connection refused (os error 111)
[2026-04-19T03:27:03.053Z INFO  worker::batch_maker] Batch oteCJUnVn/U9bOhlR0QE0hBJ2EtAYZKNf252HytW3JY= contains sample tx 2565
[2026-04-19T03:27:03.053Z INFO  worker::batch_maker] Batch oteCJUnVn/U9bOhlR0QE0hBJ2EtAYZKNf252HytW3JY= contains 217600 B
[2026-04-19T03:27:03.055Z WARN  network::simple_sender] Failed to connect to 10.10.1.10:5046 (retry 0): Connection refused (os error 111)
[2026-04-19T03:27:03.058Z WARN  network::simple_sender] Failed to connect to 10.10.1.10:5046 (retry 0): Connection refused (os error 111)
[2026-04-19T03:27:03.061Z WARN  network::simple_sender] Failed to connect to 10.10.1.10:5046 (retry 0): Connection refused (os error 111)
[2026-04-19T03:27:03.066Z WARN  network::simple_sender] Failed to connect to 10.10.1.10:5046 (retry 0): Connection refused (os error 111)
[2026-04-19T03:27:03.078Z WARN  network::simple_sender] Failed to connect to 10.10.1.10:5046 (retry 0): Connection refused (os error 111)
[2026-04-19T03:27:03.095Z WARN  network::simple_sender] Failed to connect to 10.10.1.10:5046 (retry 0): Connection refused (os error 111)
[2026-04-19T03:27:03.097Z WARN  network::simple_sender] Failed to connect to 10.10.1.10:5046 (retry 0): Connection refused (os error 111)
[2026-04-19T03:27:03.099Z WARN  network::simple_sender] Failed to connect to 10.10.1.10:5046 (retry 0): Connection refused (os error 111)
[2026-04-19T03:27:03.101Z WARN  network::simple_sender] Failed to connect to 10.10.1.10:5046 (retry 0): Connection refused (os error 111)
[2026-04-19T03:27:03.105Z WARN  network::simple_sender] Failed to connect to 10.10.1.10:5046 (retry 0): Connection refused (os error 111)
[2026-04-19T03:27:03.107Z WARN  network::simple_sender] Failed to connect to 10.10.1.10:5046 (retry 0): Connection refused (os error 111)
[2026-04-19T03:27:03.108Z INFO  worker::batch_maker] Batch BH617/LfTmtQ79PSJLmfPsdj/PU/64rAyTYeJVo4ung= contains sample tx 2566
[2026-04-19T03:27:03.108Z INFO  worker::batch_maker] Batch BH617/LfTmtQ79PSJLmfPsdj/PU/64rAyTYeJVo4ung= contains sample tx 2567
[2026-04-19T03:27:03.108Z INFO  worker::batch_maker] Batch BH617/LfTmtQ79PSJLmfPsdj/PU/64rAyTYeJVo4ung= contains 349696 B
[2026-04-19T03:27:03.115Z WARN  network::simple_sender] Failed to connect to 10.10.1.10:5046 (retry 0): Connection refused (os error 111)
[2026-04-19T03:27:03.118Z WARN  network::simple_sender] Failed to connect to 10.10.1.10:5046 (retry 0): Connection refused (os error 111)
[2026-04-19T03:27:03.120Z WARN  network::simple_sender] Failed to connect to 10.10.1.10:5046 (retry 0): Connection refused (os error 111)
[2026-04-19T03:27:03.131Z WARN  network::simple_sender] Failed to connect to 10.10.1.10:5046 (retry 0): Connection refused (os error 111)
[2026-04-19T03:27:03.147Z WARN  network::simple_sender] Failed to connect to 10.10.1.10:5046 (retry 0): Connection refused (os error 111)
[2026-04-19T03:27:03.150Z WARN  network::simple_sender] Failed to connect to 10.10.1.10:5046 (retry 0): Connection refused (os error 111)
[2026-04-19T03:27:03.152Z WARN  network::simple_sender] Failed to connect to 10.10.1.10:5046 (retry 0): Connection refused (os error 111)
[2026-04-19T03:27:03.154Z WARN  network::simple_sender] Failed to connect to 10.10.1.10:5046 (retry 0): Connection refused (os error 111)
[2026-04-19T03:27:03.161Z WARN  network::simple_sender] Failed to connect to 10.10.1.10:5046 (retry 0): Connection refused (os error 111)
[2026-04-19T03:27:03.162Z INFO  worker::batch_maker] Batch GJhRBoNbli9mll76n1Hvu1s6km1h6l59wlg0zi5V3uA= contains sample tx 2568
[2026-04-19T03:27:03.162Z INFO  worker::batch_maker] Batch GJhRBoNbli9mll76n1Hvu1s6km1h6l59wlg0zi5V3uA= contains 251904 B
[2026-04-19T03:27:03.165Z WARN  network::simple_sender] Failed to connect to 10.10.1.10:5046 (retry 0): Connection refused (os error 111)
[2026-04-19T03:27:03.167Z WARN  network::simple_sender] Failed to connect to 10.10.1.10:5046 (retry 0): Connection refused (os error 111)
[2026-04-19T03:27:03.169Z WARN  network::simple_sender] Failed to connect to 10.10.1.10:5046 (retry 0): Connection refused (os error 111)
[2026-04-19T03:27:03.170Z WARN  network::simple_sender] Failed to connect to 10.10.1.10:5046 (retry 0): Connection refused (os error 111)
[2026-04-19T03:27:03.183Z WARN  network::simple_sender] Failed to connect to 10.10.1.10:5046 (retry 0): Connection refused (os error 111)
[2026-04-19T03:27:03.200Z WARN  network::simple_sender] Failed to connect to 10.10.1.10:5046 (retry 0): Connection refused (os error 111)
[2026-04-19T03:27:03.202Z WARN  network::simple_sender] Failed to connect to 10.10.1.10:5046 (retry 0): Connection refused (os error 111)
[2026-04-19T03:27:03.204Z WARN  network::simple_sender] Failed to connect to 10.10.1.10:5046 (retry 0): Connection refused (os error 111)
[2026-04-19T03:27:03.206Z WARN  network::simple_sender] Failed to connect to 10.10.1.10:5046 (retry 0): Connection refused (os error 111)
[2026-04-19T03:27:03.208Z WARN  network::simple_sender] Failed to connect to 10.10.1.10:5046 (retry 0): Connection refused (os error 111)
[2026-04-19T03:27:03.216Z INFO  worker::batch_maker] Batch tnv2A0tafbpAF5+rLxOCTzfbNlC+5JeYuVsFxr1q2Z8= contains sample tx 2569
[2026-04-19T03:27:03.216Z INFO  worker::batch_maker] Batch tnv2A0tafbpAF5+rLxOCTzfbNlC+5JeYuVsFxr1q2Z8= contains 204800 B
[2026-04-19T03:27:03.220Z WARN  network::simple_sender] Failed to connect to 10.10.1.10:5046 (retry 0): Connection refused (os error 111)
[2026-04-19T03:27:03.222Z WARN  network::simple_sender] Failed to connect to 10.10.1.10:5046 (retry 0): Connection refused (os error 111)
[2026-04-19T03:27:03.269Z INFO  worker::batch_maker] Batch 9RBGeSxmDqwElfvwLd7c6Q8RV+eLg+YWO+Q8HbvGylg= contains 87040 B
[2026-04-19T03:27:03.278Z WARN  network::simple_sender] Failed to connect to 10.10.1.10:5046 (retry 0): Connection refused (os error 111)
[2026-04-19T03:27:03.280Z WARN  network::simple_sender] Failed to connect to 10.10.1.10:5046 (retry 0): Connection refused (os error 111)
[2026-04-19T03:27:03.291Z WARN  network::simple_sender] Failed to connect to 10.10.1.10:5046 (retry 0): Connection refused (os error 111)
[2026-04-19T03:27:03.309Z WARN  network::simple_sender] Failed to connect to 10.10.1.10:5046 (retry 0): Connection refused (os error 111)
[2026-04-19T03:27:03.310Z WARN  network::simple_sender] Failed to connect to 10.10.1.10:5046 (retry 0): Connection refused (os error 111)
[2026-04-19T03:27:03.312Z WARN  network::simple_sender] Failed to connect to 10.10.1.10:5046 (retry 0): Connection refused (os error 111)
[2026-04-19T03:27:03.315Z WARN  network::simple_sender] Failed to connect to 10.10.1.10:5046 (retry 0): Connection refused (os error 111)
[2026-04-19T03:27:03.319Z WARN  network::simple_sender] Failed to connect to 10.10.1.10:5046 (retry 0): Connection refused (os error 111)
[2026-04-19T03:27:03.326Z WARN  network::simple_sender] Failed to connect to 10.10.1.10:5046 (retry 0): Connection refused (os error 111)
[2026-04-19T03:27:03.329Z WARN  network::simple_sender] Failed to connect to 10.10.1.10:5046 (retry 0): Connection refused (os error 111)
[2026-04-19T03:27:03.330Z INFO  worker::batch_maker] Batch PsGbYWfTxe0/ElWcran1WqenvvXV5N6mTwdz8e3Jt8M= contains sample tx 2570
[2026-04-19T03:27:03.330Z INFO  worker::batch_maker] Batch PsGbYWfTxe0/ElWcran1WqenvvXV5N6mTwdz8e3Jt8M= contains sample tx 2571
[2026-04-19T03:27:03.330Z INFO  worker::batch_maker] Batch PsGbYWfTxe0/ElWcran1WqenvvXV5N6mTwdz8e3Jt8M= contains 322560 B
[2026-04-19T03:27:03.334Z WARN  network::simple_sender] Failed to connect to 10.10.1.10:5046 (retry 0): Connection refused (os error 111)
[2026-04-19T03:27:03.336Z WARN  network::simple_sender] Failed to connect to 10.10.1.10:5046 (retry 0): Connection refused (os error 111)
[2026-04-19T03:27:03.343Z WARN  network::simple_sender] Failed to connect to 10.10.1.10:5046 (retry 0): Connection refused (os error 111)
[2026-04-19T03:27:03.360Z WARN  network::simple_sender] Failed to connect to 10.10.1.10:5046 (retry 0): Connection refused (os error 111)
[2026-04-19T03:27:03.362Z WARN  network::simple_sender] Failed to connect to 10.10.1.10:5046 (retry 0): Connection refused (os error 111)
[2026-04-19T03:27:03.364Z WARN  network::simple_sender] Failed to connect to 10.10.1.10:5046 (retry 0): Connection refused (os error 111)
[2026-04-19T03:27:03.366Z WARN  network::simple_sender] Failed to connect to 10.10.1.10:5046 (retry 0): Connection refused (os error 111)
[2026-04-19T03:27:03.371Z WARN  network::simple_sender] Failed to connect to 10.10.1.10:5046 (retry 0): Connection refused (os error 111)
[2026-04-19T03:27:03.380Z WARN  network::simple_sender] Failed to connect to 10.10.1.10:5046 (retry 0): Connection refused (os error 111)
[2026-04-19T03:27:03.382Z WARN  network::simple_sender] Failed to connect to 10.10.1.10:5046 (retry 0): Connection refused (os error 111)
[2026-04-19T03:27:03.382Z INFO  worker::batch_maker] Batch NZzG1D6wzeBbHCD+WutDI/RPJCHklzvYZeIo/S9+YzU= contains sample tx 2572
[2026-04-19T03:27:03.382Z INFO  worker::batch_maker] Batch NZzG1D6wzeBbHCD+WutDI/RPJCHklzvYZeIo/S9+YzU= contains 204800 B
[2026-04-19T03:27:03.386Z WARN  network::simple_sender] Failed to connect to 10.10.1.10:5046 (retry 0): Connection refused (os error 111)
[2026-04-19T03:27:03.396Z WARN  network::simple_sender] Failed to connect to 10.10.1.10:5046 (retry 0): Connection refused (os error 111)
[2026-04-19T03:27:03.412Z WARN  network::simple_sender] Failed to connect to 10.10.1.10:5046 (retry 0): Connection refused (os error 111)
[2026-04-19T03:27:03.419Z WARN  network::simple_sender] Failed to connect to 10.10.1.10:5046 (retry 0): Connection refused (os error 111)
[2026-04-19T03:27:03.421Z WARN  network::simple_sender] Failed to connect to 10.10.1.10:5046 (retry 0): Connection refused (os error 111)
[2026-04-19T03:27:03.424Z WARN  network::simple_sender] Failed to connect to 10.10.1.10:5046 (retry 0): Connection refused (os error 111)
[2026-04-19T03:27:03.425Z WARN  network::simple_sender] Failed to connect to 10.10.1.10:5046 (retry 0): Connection refused (os error 111)
[2026-04-19T03:27:03.432Z WARN  network::simple_sender] Failed to connect to 10.10.1.10:5046 (retry 0): Connection refused (os error 111)
[2026-04-19T03:27:03.435Z INFO  worker::batch_maker] Batch 6QXvv6O/5xWZXwK4NHSVvq4MTXuQ/NeUKtUfh4sgwyQ= contains sample tx 2573
[2026-04-19T03:27:03.435Z INFO  worker::batch_maker] Batch 6QXvv6O/5xWZXwK4NHSVvq4MTXuQ/NeUKtUfh4sgwyQ= contains 204800 B
[2026-04-19T03:27:03.435Z WARN  network::simple_sender] Failed to connect to 10.10.1.10:5046 (retry 0): Connection refused (os error 111)
[2026-04-19T03:27:03.438Z WARN  network::simple_sender] Failed to connect to 10.10.1.10:5046 (retry 0): Connection refused (os error 111)
[2026-04-19T03:27:03.439Z WARN  network::simple_sender] Failed to connect to 10.10.1.10:5046 (retry 0): Connection refused (os error 111)
[2026-04-19T03:27:03.448Z WARN  network::simple_sender] Failed to connect to 10.10.1.10:5046 (retry 0): Connection refused (os error 111)
[2026-04-19T03:27:03.464Z WARN  network::simple_sender] Failed to connect to 10.10.1.10:5046 (retry 0): Connection refused (os error 111)
[2026-04-19T03:27:03.468Z WARN  network::simple_sender] Failed to connect to 10.10.1.10:5046 (retry 0): Connection refused (os error 111)
[2026-04-19T03:27:03.471Z WARN  network::simple_sender] Failed to connect to 10.10.1.10:5046 (retry 0): Connection refused (os error 111)
[2026-04-19T03:27:03.473Z WARN  network::simple_sender] Failed to connect to 10.10.1.10:5046 (retry 0): Connection refused (os error 111)
[2026-04-19T03:27:03.474Z WARN  network::simple_sender] Failed to connect to 10.10.1.10:5046 (retry 0): Connection refused (os error 111)
[2026-04-19T03:27:03.486Z WARN  network::simple_sender] Failed to connect to 10.10.1.10:5046 (retry 0): Connection refused (os error 111)
[2026-04-19T03:27:03.487Z WARN  network::simple_sender] Failed to connect to 10.10.1.10:5046 (retry 0): Connection refused (os error 111)
[2026-04-19T03:27:03.488Z INFO  worker::batch_maker] Batch B7TNhFxbvuuL5lG3Au2ur9MHE6my0Er56mid+4O8XQE= contains sample tx 2574
[2026-04-19T03:27:03.488Z INFO  worker::batch_maker] Batch B7TNhFxbvuuL5lG3Au2ur9MHE6my0Er56mid+4O8XQE= contains 204800 B
[2026-04-19T03:27:03.492Z WARN  network::simple_sender] Failed to connect to 10.10.1.10:5046 (retry 0): Connection refused (os error 111)
[2026-04-19T03:27:03.494Z WARN  network::simple_sender] Failed to connect to 10.10.1.10:5046 (retry 0): Connection refused (os error 111)
[2026-04-19T03:27:03.500Z WARN  network::simple_sender] Failed to connect to 10.10.1.10:5046 (retry 0): Connection refused (os error 111)
[2026-04-19T03:27:03.514Z WARN  network::simple_sender] Failed to connect to 10.10.1.10:5046 (retry 0): Connection refused (os error 111)
[2026-04-19T03:27:03.521Z WARN  network::simple_sender] Failed to connect to 10.10.1.10:5046 (retry 0): Connection refused (os error 111)
[2026-04-19T03:27:03.523Z WARN  network::simple_sender] Failed to connect to 10.10.1.10:5046 (retry 0): Connection refused (os error 111)
[2026-04-19T03:27:03.526Z WARN  network::simple_sender] Failed to connect to 10.10.1.10:5046 (retry 0): Connection refused (os error 111)
[2026-04-19T03:27:03.528Z WARN  network::simple_sender] Failed to connect to 10.10.1.10:5046 (retry 0): Connection refused (os error 111)
[2026-04-19T03:27:03.540Z WARN  network::simple_sender] Failed to connect to 10.10.1.10:5046 (retry 0): Connection refused (os error 111)
[2026-04-19T03:27:03.541Z INFO  worker::batch_maker] Batch wnfTrcqbI/Ff10oeVXV15p8w/uejLFNxue1CptTHZ/Q= contains sample tx 2575
[2026-04-19T03:27:03.542Z INFO  worker::batch_maker] Batch wnfTrcqbI/Ff10oeVXV15p8w/uejLFNxue1CptTHZ/Q= contains 204800 B
[2026-04-19T03:27:03.543Z WARN  network::simple_sender] Failed to connect to 10.10.1.10:5046 (retry 0): Connection refused (os error 111)
[2026-04-19T03:27:03.544Z WARN  network::simple_sender] Failed to connect to 10.10.1.10:5046 (retry 0): Connection refused (os error 111)
[2026-04-19T03:27:03.555Z WARN  network::simple_sender] Failed to connect to 10.10.1.10:5046 (retry 0): Connection refused (os error 111)
[2026-04-19T03:27:03.566Z WARN  network::simple_sender] Failed to connect to 10.10.1.10:5046 (retry 0): Connection refused (os error 111)
[2026-04-19T03:27:03.574Z WARN  network::simple_sender] Failed to connect to 10.10.1.10:5046 (retry 0): Connection refused (os error 111)
[2026-04-19T03:27:03.576Z WARN  network::simple_sender] Failed to connect to 10.10.1.10:5046 (retry 0): Connection refused (os error 111)
[2026-04-19T03:27:03.578Z WARN  network::simple_sender] Failed to connect to 10.10.1.10:5046 (retry 0): Connection refused (os error 111)
[2026-04-19T03:27:03.580Z WARN  network::simple_sender] Failed to connect to 10.10.1.10:5046 (retry 0): Connection refused (os error 111)
[2026-04-19T03:27:03.593Z WARN  network::simple_sender] Failed to connect to 10.10.1.10:5046 (retry 0): Connection refused (os error 111)
[2026-04-19T03:27:03.595Z INFO  worker::batch_maker] Batch qn2cHnpZoQHsWfKQ7ZRuAguUjdaYMq9XhCT1Vg+E7Ps= contains sample tx 2576
[2026-04-19T03:27:03.595Z INFO  worker::batch_maker] Batch qn2cHnpZoQHsWfKQ7ZRuAguUjdaYMq9XhCT1Vg+E7Ps= contains 204800 B
[2026-04-19T03:27:03.596Z WARN  network::simple_sender] Failed to connect to 10.10.1.10:5046 (retry 0): Connection refused (os error 111)
[2026-04-19T03:27:03.599Z WARN  network::simple_sender] Failed to connect to 10.10.1.10:5046 (retry 0): Connection refused (os error 111)
[2026-04-19T03:27:03.607Z WARN  network::simple_sender] Failed to connect to 10.10.1.10:5046 (retry 0): Connection refused (os error 111)
[2026-04-19T03:27:03.620Z WARN  network::simple_sender] Failed to connect to 10.10.1.10:5046 (retry 0): Connection refused (os error 111)
[2026-04-19T03:27:03.627Z WARN  network::simple_sender] Failed to connect to 10.10.1.10:5046 (retry 0): Connection refused (os error 111)
[2026-04-19T03:27:03.630Z WARN  network::simple_sender] Failed to connect to 10.10.1.10:5046 (retry 0): Connection refused (os error 111)
[2026-04-19T03:27:03.632Z WARN  network::simple_sender] Failed to connect to 10.10.1.10:5046 (retry 0): Connection refused (os error 111)
[2026-04-19T03:27:03.633Z WARN  network::simple_sender] Failed to connect to 10.10.1.10:5046 (retry 0): Connection refused (os error 111)
[2026-04-19T03:27:03.647Z WARN  network::simple_sender] Failed to connect to 10.10.1.10:5046 (retry 0): Connection refused (os error 111)
[2026-04-19T03:27:03.649Z INFO  worker::batch_maker] Batch qesaeJx4xmCf8jY6SCWooWkX/HhTPP8GwwaPHpe59JE= contains sample tx 2577
[2026-04-19T03:27:03.649Z INFO  worker::batch_maker] Batch qesaeJx4xmCf8jY6SCWooWkX/HhTPP8GwwaPHpe59JE= contains 204800 B
[2026-04-19T03:27:03.650Z WARN  network::simple_sender] Failed to connect to 10.10.1.10:5046 (retry 0): Connection refused (os error 111)
[2026-04-19T03:27:03.653Z WARN  network::simple_sender] Failed to connect to 10.10.1.10:5046 (retry 0): Connection refused (os error 111)
[2026-04-19T03:27:03.659Z WARN  network::simple_sender] Failed to connect to 10.10.1.10:5046 (retry 0): Connection refused (os error 111)
[2026-04-19T03:27:03.671Z WARN  network::simple_sender] Failed to connect to 10.10.1.10:5046 (retry 0): Connection refused (os error 111)
[2026-04-19T03:27:03.673Z WARN  network::simple_sender] Failed to connect to 10.10.1.10:5046 (retry 0): Connection refused (os error 111)
[2026-04-19T03:27:03.679Z WARN  network::simple_sender] Failed to connect to 10.10.1.10:5046 (retry 0): Connection refused (os error 111)
[2026-04-19T03:27:03.683Z WARN  network::simple_sender] Failed to connect to 10.10.1.10:5046 (retry 0): Connection refused (os error 111)
[2026-04-19T03:27:03.684Z WARN  network::simple_sender] Failed to connect to 10.10.1.10:5046 (retry 0): Connection refused (os error 111)
[2026-04-19T03:27:03.686Z WARN  network::simple_sender] Failed to connect to 10.10.1.10:5046 (retry 0): Connection refused (os error 111)
[2026-04-19T03:27:03.692Z WARN  network::simple_sender] Failed to connect to 10.10.1.10:5046 (retry 0): Connection refused (os error 111)
[2026-04-19T03:27:03.700Z WARN  network::simple_sender] Failed to connect to 10.10.1.10:5046 (retry 0): Connection refused (os error 111)
[2026-04-19T03:27:03.702Z INFO  worker::batch_maker] Batch PyLryIcPcLk6KDnrBfwlxC3a2ykjzCQDiVyCO5aJHmk= contains sample tx 2578
[2026-04-19T03:27:03.702Z INFO  worker::batch_maker] Batch PyLryIcPcLk6KDnrBfwlxC3a2ykjzCQDiVyCO5aJHmk= contains 204800 B
[2026-04-19T03:27:03.704Z WARN  network::simple_sender] Failed to connect to 10.10.1.10:5046 (retry 0): Connection refused (os error 111)
[2026-04-19T03:27:03.705Z WARN  network::simple_sender] Failed to connect to 10.10.1.10:5046 (retry 0): Connection refused (os error 111)
[2026-04-19T03:27:03.713Z WARN  network::simple_sender] Failed to connect to 10.10.1.10:5046 (retry 0): Connection refused (os error 111)
[2026-04-19T03:27:03.724Z WARN  network::simple_sender] Failed to connect to 10.10.1.10:5046 (retry 0): Connection refused (os error 111)
[2026-04-19T03:27:03.734Z WARN  network::simple_sender] Failed to connect to 10.10.1.10:5046 (retry 0): Connection refused (os error 111)
[2026-04-19T03:27:03.735Z WARN  network::simple_sender] Failed to connect to 10.10.1.10:5046 (retry 0): Connection refused (os error 111)
[2026-04-19T03:27:03.738Z WARN  network::simple_sender] Failed to connect to 10.10.1.10:5046 (retry 0): Connection refused (os error 111)
[2026-04-19T03:27:03.741Z WARN  network::simple_sender] Failed to connect to 10.10.1.10:5046 (retry 0): Connection refused (os error 111)
[2026-04-19T03:27:03.744Z WARN  network::simple_sender] Failed to connect to 10.10.1.10:5046 (retry 0): Connection refused (os error 111)
[2026-04-19T03:27:03.754Z WARN  network::simple_sender] Failed to connect to 10.10.1.10:5046 (retry 0): Connection refused (os error 111)
[2026-04-19T03:27:03.756Z INFO  worker::batch_maker] Batch j2PrvKXIBfQi9DCpCtlyFLAdgLXMyIC+Z+kcXcwM/Ck= contains sample tx 2579
[2026-04-19T03:27:03.756Z INFO  worker::batch_maker] Batch j2PrvKXIBfQi9DCpCtlyFLAdgLXMyIC+Z+kcXcwM/Ck= contains sample tx 2580
[2026-04-19T03:27:03.756Z INFO  worker::batch_maker] Batch j2PrvKXIBfQi9DCpCtlyFLAdgLXMyIC+Z+kcXcwM/Ck= contains 315904 B
[2026-04-19T03:27:03.764Z WARN  network::simple_sender] Failed to connect to 10.10.1.10:5046 (retry 0): Connection refused (os error 111)
[2026-04-19T03:27:03.770Z WARN  network::simple_sender] Failed to connect to 10.10.1.10:5046 (retry 0): Connection refused (os error 111)
[2026-04-19T03:27:03.775Z WARN  network::simple_sender] Failed to connect to 10.10.1.10:5046 (retry 0): Connection refused (os error 111)
[2026-04-19T03:27:03.784Z WARN  network::simple_sender] Failed to connect to 10.10.1.10:5046 (retry 0): Connection refused (os error 111)
[2026-04-19T03:27:03.786Z WARN  network::simple_sender] Failed to connect to 10.10.1.10:5046 (retry 0): Connection refused (os error 111)
[2026-04-19T03:27:03.790Z WARN  network::simple_sender] Failed to connect to 10.10.1.10:5046 (retry 0): Connection refused (os error 111)
[2026-04-19T03:27:03.794Z WARN  network::simple_sender] Failed to connect to 10.10.1.10:5046 (retry 0): Connection refused (os error 111)
[2026-04-19T03:27:03.796Z WARN  network::simple_sender] Failed to connect to 10.10.1.10:5046 (retry 0): Connection refused (os error 111)
[2026-04-19T03:27:03.809Z WARN  network::simple_sender] Failed to connect to 10.10.1.10:5046 (retry 0): Connection refused (os error 111)
[2026-04-19T03:27:03.810Z INFO  worker::batch_maker] Batch 08SBLxM49Gwy2d3HVx8LDKAnuwWivsV8xkV5sV4gqY0= contains sample tx 2581
[2026-04-19T03:27:03.810Z INFO  worker::batch_maker] Batch 08SBLxM49Gwy2d3HVx8LDKAnuwWivsV8xkV5sV4gqY0= contains 298496 B
[2026-04-19T03:27:03.811Z WARN  network::simple_sender] Failed to connect to 10.10.1.10:5046 (retry 0): Connection refused (os error 111)
[2026-04-19T03:27:03.816Z WARN  network::simple_sender] Failed to connect to 10.10.1.10:5046 (retry 0): Connection refused (os error 111)
[2026-04-19T03:27:03.821Z WARN  network::simple_sender] Failed to connect to 10.10.1.10:5046 (retry 0): Connection refused (os error 111)
[2026-04-19T03:27:03.829Z WARN  network::simple_sender] Failed to connect to 10.10.1.10:5046 (retry 0): Connection refused (os error 111)
[2026-04-19T03:27:03.841Z WARN  network::simple_sender] Failed to connect to 10.10.1.10:5046 (retry 0): Connection refused (os error 111)
[2026-04-19T03:27:03.843Z WARN  network::simple_sender] Failed to connect to 10.10.1.10:5046 (retry 0): Connection refused (os error 111)
[2026-04-19T03:27:03.845Z WARN  network::simple_sender] Failed to connect to 10.10.1.10:5046 (retry 0): Connection refused (os error 111)
[2026-04-19T03:27:03.846Z WARN  network::simple_sender] Failed to connect to 10.10.1.10:5046 (retry 0): Connection refused (os error 111)
[2026-04-19T03:27:03.849Z WARN  network::simple_sender] Failed to connect to 10.10.1.10:5046 (retry 0): Connection refused (os error 111)
[2026-04-19T03:27:03.862Z WARN  network::simple_sender] Failed to connect to 10.10.1.10:5046 (retry 0): Connection refused (os error 111)
[2026-04-19T03:27:03.864Z INFO  worker::batch_maker] Batch iinEVr1TDsC7as8LIgEWJNUQ11PfPjLVT8eeaEKWeFY= contains sample tx 2582
[2026-04-19T03:27:03.864Z INFO  worker::batch_maker] Batch iinEVr1TDsC7as8LIgEWJNUQ11PfPjLVT8eeaEKWeFY= contains 204800 B
[2026-04-19T03:27:03.866Z WARN  network::simple_sender] Failed to connect to 10.10.1.10:5046 (retry 0): Connection refused (os error 111)
[2026-04-19T03:27:03.868Z WARN  network::simple_sender] Failed to connect to 10.10.1.10:5046 (retry 0): Connection refused (os error 111)
[2026-04-19T03:27:03.873Z WARN  network::simple_sender] Failed to connect to 10.10.1.10:5046 (retry 0): Connection refused (os error 111)
[2026-04-19T03:27:03.882Z WARN  network::simple_sender] Failed to connect to 10.10.1.10:5046 (retry 0): Connection refused (os error 111)
[2026-04-19T03:27:03.891Z WARN  network::simple_sender] Failed to connect to 10.10.1.10:5046 (retry 0): Connection refused (os error 111)
[2026-04-19T03:27:03.893Z WARN  network::simple_sender] Failed to connect to 10.10.1.10:5046 (retry 0): Connection refused (os error 111)
[2026-04-19T03:27:03.895Z WARN  network::simple_sender] Failed to connect to 10.10.1.10:5046 (retry 0): Connection refused (os error 111)
[2026-04-19T03:27:03.899Z WARN  network::simple_sender] Failed to connect to 10.10.1.10:5046 (retry 0): Connection refused (os error 111)
[2026-04-19T03:27:03.902Z WARN  network::simple_sender] Failed to connect to 10.10.1.10:5046 (retry 0): Connection refused (os error 111)
[2026-04-19T03:27:03.917Z INFO  worker::batch_maker] Batch ybhS5W0JTnv5LoxsNhaavYabe968++BQ43IPIabRTPQ= contains sample tx 2583
[2026-04-19T03:27:03.917Z INFO  worker::batch_maker] Batch ybhS5W0JTnv5LoxsNhaavYabe968++BQ43IPIabRTPQ= contains 204800 B
[2026-04-19T03:27:03.918Z WARN  network::simple_sender] Failed to connect to 10.10.1.10:5046 (retry 0): Connection refused (os error 111)
[2026-04-19T03:27:03.921Z WARN  network::simple_sender] Failed to connect to 10.10.1.10:5046 (retry 0): Connection refused (os error 111)
[2026-04-19T03:27:03.923Z WARN  network::simple_sender] Failed to connect to 10.10.1.10:5046 (retry 0): Connection refused (os error 111)
[2026-04-19T03:27:03.926Z WARN  network::simple_sender] Failed to connect to 10.10.1.10:5046 (retry 0): Connection refused (os error 111)
[2026-04-19T03:27:03.935Z WARN  network::simple_sender] Failed to connect to 10.10.1.10:5046 (retry 0): Connection refused (os error 111)
[2026-04-19T03:27:03.944Z WARN  network::simple_sender] Failed to connect to 10.10.1.10:5046 (retry 0): Connection refused (os error 111)
[2026-04-19T03:27:03.947Z WARN  network::simple_sender] Failed to connect to 10.10.1.10:5046 (retry 0): Connection refused (os error 111)
[2026-04-19T03:27:03.949Z WARN  network::simple_sender] Failed to connect to 10.10.1.10:5046 (retry 0): Connection refused (os error 111)
[2026-04-19T03:27:03.951Z WARN  network::simple_sender] Failed to connect to 10.10.1.10:5046 (retry 0): Connection refused (os error 111)
[2026-04-19T03:27:03.955Z WARN  network::simple_sender] Failed to connect to 10.10.1.10:5046 (retry 0): Connection refused (os error 111)
[2026-04-19T03:27:03.971Z INFO  worker::batch_maker] Batch G95jWCr/UyT2eqr6Pg/PDYXFFH4+YfgNxaxkJffK9PM= contains sample tx 2584
[2026-04-19T03:27:03.971Z INFO  worker::batch_maker] Batch G95jWCr/UyT2eqr6Pg/PDYXFFH4+YfgNxaxkJffK9PM= contains 204800 B
[2026-04-19T03:27:03.973Z WARN  network::simple_sender] Failed to connect to 10.10.1.10:5046 (retry 0): Connection refused (os error 111)
[2026-04-19T03:27:03.975Z WARN  network::simple_sender] Failed to connect to 10.10.1.10:5046 (retry 0): Connection refused (os error 111)
[2026-04-19T03:27:03.975Z WARN  network::simple_sender] Failed to connect to 10.10.1.10:5046 (retry 0): Connection refused (os error 111)
[2026-04-19T03:27:03.979Z WARN  network::simple_sender] Failed to connect to 10.10.1.10:5046 (retry 0): Connection refused (os error 111)
[2026-04-19T03:27:03.989Z WARN  network::simple_sender] Failed to connect to 10.10.1.10:5046 (retry 0): Connection refused (os error 111)
[2026-04-19T03:27:03.995Z WARN  network::simple_sender] Failed to connect to 10.10.1.10:5046 (retry 0): Connection refused (os error 111)
[2026-04-19T03:27:03.997Z WARN  network::simple_sender] Failed to connect to 10.10.1.10:5046 (retry 0): Connection refused (os error 111)
[2026-04-19T03:27:04.001Z WARN  network::simple_sender] Failed to connect to 10.10.1.10:5046 (retry 0): Connection refused (os error 111)
[2026-04-19T03:27:04.005Z WARN  network::simple_sender] Failed to connect to 10.10.1.10:5046 (retry 0): Connection refused (os error 111)
[2026-04-19T03:27:04.009Z WARN  network::simple_sender] Failed to connect to 10.10.1.10:5046 (retry 0): Connection refused (os error 111)
[2026-04-19T03:27:04.024Z INFO  worker::batch_maker] Batch owfnzLQWbaBXr/MucR6RvHWbjM1Yl2NUKLmXL1uK5bs= contains sample tx 2585
[2026-04-19T03:27:04.024Z INFO  worker::batch_maker] Batch owfnzLQWbaBXr/MucR6RvHWbjM1Yl2NUKLmXL1uK5bs= contains 204800 B
[2026-04-19T03:27:04.026Z WARN  network::simple_sender] Failed to connect to 10.10.1.10:5046 (retry 0): Connection refused (os error 111)
[2026-04-19T03:27:04.027Z WARN  network::simple_sender] Failed to connect to 10.10.1.10:5046 (retry 0): Connection refused (os error 111)
[2026-04-19T03:27:04.028Z WARN  network::simple_sender] Failed to connect to 10.10.1.10:5046 (retry 0): Connection refused (os error 111)
[2026-04-19T03:27:04.032Z WARN  network::simple_sender] Failed to connect to 10.10.1.10:5046 (retry 0): Connection refused (os error 111)
[2026-04-19T03:27:04.041Z WARN  network::simple_sender] Failed to connect to 10.10.1.10:5046 (retry 0): Connection refused (os error 111)
[2026-04-19T03:27:04.048Z WARN  network::simple_sender] Failed to connect to 10.10.1.10:5046 (retry 0): Connection refused (os error 111)
[2026-04-19T03:27:04.051Z WARN  network::simple_sender] Failed to connect to 10.10.1.10:5046 (retry 0): Connection refused (os error 111)
[2026-04-19T03:27:04.055Z WARN  network::simple_sender] Failed to connect to 10.10.1.10:5046 (retry 0): Connection refused (os error 111)
[2026-04-19T03:27:04.057Z WARN  network::simple_sender] Failed to connect to 10.10.1.10:5046 (retry 0): Connection refused (os error 111)
[2026-04-19T03:27:04.061Z WARN  network::simple_sender] Failed to connect to 10.10.1.10:5046 (retry 0): Connection refused (os error 111)
[2026-04-19T03:27:04.077Z INFO  worker::batch_maker] Batch 75lDRjjpEFnhQLrNxdZVK49wtZQF0MXlQFDMjmaRyTI= contains sample tx 2586
[2026-04-19T03:27:04.077Z INFO  worker::batch_maker] Batch 75lDRjjpEFnhQLrNxdZVK49wtZQF0MXlQFDMjmaRyTI= contains 204800 B
[2026-04-19T03:27:04.078Z WARN  network::simple_sender] Failed to connect to 10.10.1.10:5046 (retry 0): Connection refused (os error 111)
[2026-04-19T03:27:04.080Z WARN  network::simple_sender] Failed to connect to 10.10.1.10:5046 (retry 0): Connection refused (os error 111)
[2026-04-19T03:27:04.081Z WARN  network::simple_sender] Failed to connect to 10.10.1.10:5046 (retry 0): Connection refused (os error 111)
[2026-04-19T03:27:04.085Z WARN  network::simple_sender] Failed to connect to 10.10.1.10:5046 (retry 0): Connection refused (os error 111)
[2026-04-19T03:27:04.092Z WARN  network::simple_sender] Failed to connect to 10.10.1.10:5046 (retry 0): Connection refused (os error 111)
[2026-04-19T03:27:04.101Z WARN  network::simple_sender] Failed to connect to 10.10.1.10:5046 (retry 0): Connection refused (os error 111)
[2026-04-19T03:27:04.104Z WARN  network::simple_sender] Failed to connect to 10.10.1.10:5046 (retry 0): Connection refused (os error 111)
[2026-04-19T03:27:04.107Z WARN  network::simple_sender] Failed to connect to 10.10.1.10:5046 (retry 0): Connection refused (os error 111)
[2026-04-19T03:27:04.112Z WARN  network::simple_sender] Failed to connect to 10.10.1.10:5046 (retry 0): Connection refused (os error 111)
[2026-04-19T03:27:04.115Z WARN  network::simple_sender] Failed to connect to 10.10.1.10:5046 (retry 0): Connection refused (os error 111)
[2026-04-19T03:27:04.131Z WARN  network::simple_sender] Failed to connect to 10.10.1.10:5046 (retry 0): Connection refused (os error 111)
[2026-04-19T03:27:04.131Z INFO  worker::batch_maker] Batch dksKvPS3eKCs7GjbuT2lxtaxAHd38tQc38Uj14zjgNs= contains sample tx 2587
[2026-04-19T03:27:04.131Z INFO  worker::batch_maker] Batch dksKvPS3eKCs7GjbuT2lxtaxAHd38tQc38Uj14zjgNs= contains 204800 B
[2026-04-19T03:27:04.133Z WARN  network::simple_sender] Failed to connect to 10.10.1.10:5046 (retry 0): Connection refused (os error 111)
[2026-04-19T03:27:04.135Z WARN  network::simple_sender] Failed to connect to 10.10.1.10:5046 (retry 0): Connection refused (os error 111)
[2026-04-19T03:27:04.138Z WARN  network::simple_sender] Failed to connect to 10.10.1.10:5046 (retry 0): Connection refused (os error 111)
[2026-04-19T03:27:04.144Z WARN  network::simple_sender] Failed to connect to 10.10.1.10:5046 (retry 0): Connection refused (os error 111)
[2026-04-19T03:27:04.154Z WARN  network::simple_sender] Failed to connect to 10.10.1.10:5046 (retry 0): Connection refused (os error 111)
[2026-04-19T03:27:04.156Z WARN  network::simple_sender] Failed to connect to 10.10.1.10:5046 (retry 0): Connection refused (os error 111)
[2026-04-19T03:27:04.161Z WARN  network::simple_sender] Failed to connect to 10.10.1.10:5046 (retry 0): Connection refused (os error 111)
[2026-04-19T03:27:04.165Z WARN  network::simple_sender] Failed to connect to 10.10.1.10:5046 (retry 0): Connection refused (os error 111)
[2026-04-19T03:27:04.169Z WARN  network::simple_sender] Failed to connect to 10.10.1.10:5046 (retry 0): Connection refused (os error 111)
[2026-04-19T03:27:04.183Z WARN  network::simple_sender] Failed to connect to 10.10.1.10:5046 (retry 0): Connection refused (os error 111)
[2026-04-19T03:27:04.184Z INFO  worker::batch_maker] Batch g8zgu6auoduM/cOgU5d984v+ty4bhJTYjsaHDp+9m5k= contains sample tx 2588
[2026-04-19T03:27:04.184Z INFO  worker::batch_maker] Batch g8zgu6auoduM/cOgU5d984v+ty4bhJTYjsaHDp+9m5k= contains 204800 B
[2026-04-19T03:27:04.187Z WARN  network::simple_sender] Failed to connect to 10.10.1.10:5046 (retry 0): Connection refused (os error 111)
[2026-04-19T03:27:04.188Z WARN  network::simple_sender] Failed to connect to 10.10.1.10:5046 (retry 0): Connection refused (os error 111)
[2026-04-19T03:27:04.191Z WARN  network::simple_sender] Failed to connect to 10.10.1.10:5046 (retry 0): Connection refused (os error 111)
[2026-04-19T03:27:04.197Z WARN  network::simple_sender] Failed to connect to 10.10.1.10:5046 (retry 0): Connection refused (os error 111)
[2026-04-19T03:27:04.207Z WARN  network::simple_sender] Failed to connect to 10.10.1.10:5046 (retry 0): Connection refused (os error 111)
[2026-04-19T03:27:04.209Z WARN  network::simple_sender] Failed to connect to 10.10.1.10:5046 (retry 0): Connection refused (os error 111)
[2026-04-19T03:27:04.216Z WARN  network::simple_sender] Failed to connect to 10.10.1.10:5046 (retry 0): Connection refused (os error 111)
[2026-04-19T03:27:04.219Z WARN  network::simple_sender] Failed to connect to 10.10.1.10:5046 (retry 0): Connection refused (os error 111)
[2026-04-19T03:27:04.223Z WARN  network::simple_sender] Failed to connect to 10.10.1.10:5046 (retry 0): Connection refused (os error 111)
[2026-04-19T03:27:04.236Z WARN  network::simple_sender] Failed to connect to 10.10.1.10:5046 (retry 0): Connection refused (os error 111)
[2026-04-19T03:27:04.237Z INFO  worker::batch_maker] Batch yCebVlq1xGT06GUZ1HLvod3N7A3Xwkb71j35/MpmTrs= contains sample tx 2589
[2026-04-19T03:27:04.237Z INFO  worker::batch_maker] Batch yCebVlq1xGT06GUZ1HLvod3N7A3Xwkb71j35/MpmTrs= contains 204800 B
[2026-04-19T03:27:04.239Z WARN  network::simple_sender] Failed to connect to 10.10.1.10:5046 (retry 0): Connection refused (os error 111)
[2026-04-19T03:27:04.242Z WARN  network::simple_sender] Failed to connect to 10.10.1.10:5046 (retry 0): Connection refused (os error 111)
[2026-04-19T03:27:04.245Z WARN  network::simple_sender] Failed to connect to 10.10.1.10:5046 (retry 0): Connection refused (os error 111)
[2026-04-19T03:27:04.251Z WARN  network::simple_sender] Failed to connect to 10.10.1.10:5046 (retry 0): Connection refused (os error 111)
[2026-04-19T03:27:04.266Z WARN  network::simple_sender] Failed to connect to 10.10.1.10:5046 (retry 0): Connection refused (os error 111)
[2026-04-19T03:27:04.269Z WARN  network::simple_sender] Failed to connect to 10.10.1.10:5046 (retry 0): Connection refused (os error 111)
[2026-04-19T03:27:04.271Z WARN  network::simple_sender] Failed to connect to 10.10.1.10:5046 (retry 0): Connection refused (os error 111)
[2026-04-19T03:27:04.276Z WARN  network::simple_sender] Failed to connect to 10.10.1.10:5046 (retry 0): Connection refused (os error 111)
[2026-04-19T03:27:04.277Z WARN  network::simple_sender] Failed to connect to 10.10.1.10:5046 (retry 0): Connection refused (os error 111)
[2026-04-19T03:27:04.290Z WARN  network::simple_sender] Failed to connect to 10.10.1.10:5046 (retry 0): Connection refused (os error 111)
[2026-04-19T03:27:04.291Z INFO  worker::batch_maker] Batch N7vLUoNgeMuQMynhT1asg0Sg43GqqQcSLXggDgkZ+Mo= contains sample tx 2590
[2026-04-19T03:27:04.291Z INFO  worker::batch_maker] Batch N7vLUoNgeMuQMynhT1asg0Sg43GqqQcSLXggDgkZ+Mo= contains 204800 B
[2026-04-19T03:27:04.294Z WARN  network::simple_sender] Failed to connect to 10.10.1.10:5046 (retry 0): Connection refused (os error 111)
[2026-04-19T03:27:04.295Z WARN  network::simple_sender] Failed to connect to 10.10.1.10:5046 (retry 0): Connection refused (os error 111)
[2026-04-19T03:27:04.299Z WARN  network::simple_sender] Failed to connect to 10.10.1.10:5046 (retry 0): Connection refused (os error 111)
[2026-04-19T03:27:04.307Z WARN  network::simple_sender] Failed to connect to 10.10.1.10:5046 (retry 0): Connection refused (os error 111)
[2026-04-19T03:27:04.314Z WARN  network::simple_sender] Failed to connect to 10.10.1.10:5046 (retry 0): Connection refused (os error 111)
[2026-04-19T03:27:04.321Z WARN  network::simple_sender] Failed to connect to 10.10.1.10:5046 (retry 0): Connection refused (os error 111)
[2026-04-19T03:27:04.326Z WARN  network::simple_sender] Failed to connect to 10.10.1.10:5046 (retry 0): Connection refused (os error 111)
[2026-04-19T03:27:04.328Z WARN  network::simple_sender] Failed to connect to 10.10.1.10:5046 (retry 0): Connection refused (os error 111)
[2026-04-19T03:27:04.329Z WARN  network::simple_sender] Failed to connect to 10.10.1.10:5046 (retry 0): Connection refused (os error 111)
[2026-04-19T03:27:04.343Z WARN  network::simple_sender] Failed to connect to 10.10.1.10:5046 (retry 0): Connection refused (os error 111)
[2026-04-19T03:27:04.345Z INFO  worker::batch_maker] Batch lendfeWNTicQwiTyOfsvdkve/F3UWFQQPd6fHwPfwoo= contains sample tx 2591
[2026-04-19T03:27:04.345Z INFO  worker::batch_maker] Batch lendfeWNTicQwiTyOfsvdkve/F3UWFQQPd6fHwPfwoo= contains 204800 B
[2026-04-19T03:27:04.347Z WARN  network::simple_sender] Failed to connect to 10.10.1.10:5046 (retry 0): Connection refused (os error 111)
[2026-04-19T03:27:04.349Z WARN  network::simple_sender] Failed to connect to 10.10.1.10:5046 (retry 0): Connection refused (os error 111)
[2026-04-19T03:27:04.353Z WARN  network::simple_sender] Failed to connect to 10.10.1.10:5046 (retry 0): Connection refused (os error 111)
[2026-04-19T03:27:04.361Z WARN  network::simple_sender] Failed to connect to 10.10.1.10:5046 (retry 0): Connection refused (os error 111)
[2026-04-19T03:27:04.370Z WARN  network::simple_sender] Failed to connect to 10.10.1.10:5046 (retry 0): Connection refused (os error 111)
[2026-04-19T03:27:04.373Z WARN  network::simple_sender] Failed to connect to 10.10.1.10:5046 (retry 0): Connection refused (os error 111)
[2026-04-19T03:27:04.379Z WARN  network::simple_sender] Failed to connect to 10.10.1.10:5046 (retry 0): Connection refused (os error 111)
[2026-04-19T03:27:04.380Z WARN  network::simple_sender] Failed to connect to 10.10.1.10:5046 (retry 0): Connection refused (os error 111)
[2026-04-19T03:27:04.384Z WARN  network::simple_sender] Failed to connect to 10.10.1.10:5046 (retry 0): Connection refused (os error 111)
[2026-04-19T03:27:04.397Z WARN  network::simple_sender] Failed to connect to 10.10.1.10:5046 (retry 0): Connection refused (os error 111)
[2026-04-19T03:27:04.399Z WARN  network::simple_sender] Failed to connect to 10.10.1.10:5046 (retry 0): Connection refused (os error 111)
[2026-04-19T03:27:04.400Z INFO  worker::batch_maker] Batch fUoD0uiIoYv8plT/8SYdaDE9kla/ARH6C5gi2UEuuxg= contains sample tx 2592
[2026-04-19T03:27:04.400Z INFO  worker::batch_maker] Batch fUoD0uiIoYv8plT/8SYdaDE9kla/ARH6C5gi2UEuuxg= contains 204800 B
[2026-04-19T03:27:04.404Z WARN  network::simple_sender] Failed to connect to 10.10.1.10:5046 (retry 0): Connection refused (os error 111)
[2026-04-19T03:27:04.406Z WARN  network::simple_sender] Failed to connect to 10.10.1.10:5046 (retry 0): Connection refused (os error 111)
[2026-04-19T03:27:04.412Z WARN  network::simple_sender] Failed to connect to 10.10.1.10:5046 (retry 0): Connection refused (os error 111)
[2026-04-19T03:27:04.424Z WARN  network::simple_sender] Failed to connect to 10.10.1.10:5046 (retry 0): Connection refused (os error 111)
[2026-04-19T03:27:04.426Z WARN  network::simple_sender] Failed to connect to 10.10.1.10:5046 (retry 0): Connection refused (os error 111)
[2026-04-19T03:27:04.432Z WARN  network::simple_sender] Failed to connect to 10.10.1.10:5046 (retry 0): Connection refused (os error 111)
[2026-04-19T03:27:04.434Z WARN  network::simple_sender] Failed to connect to 10.10.1.10:5046 (retry 0): Connection refused (os error 111)
[2026-04-19T03:27:04.436Z WARN  network::simple_sender] Failed to connect to 10.10.1.10:5046 (retry 0): Connection refused (os error 111)
[2026-04-19T03:27:04.451Z WARN  network::simple_sender] Failed to connect to 10.10.1.10:5046 (retry 0): Connection refused (os error 111)
[2026-04-19T03:27:04.452Z INFO  worker::batch_maker] Batch c/4xUIAlOvx5cs6hOQnSosfaMtHGO5q9RcprAxyPrLs= contains sample tx 2593
[2026-04-19T03:27:04.452Z INFO  worker::batch_maker] Batch c/4xUIAlOvx5cs6hOQnSosfaMtHGO5q9RcprAxyPrLs= contains 204800 B
[2026-04-19T03:27:04.453Z WARN  network::simple_sender] Failed to connect to 10.10.1.10:5046 (retry 0): Connection refused (os error 111)
[2026-04-19T03:27:04.456Z WARN  network::simple_sender] Failed to connect to 10.10.1.10:5046 (retry 0): Connection refused (os error 111)
[2026-04-19T03:27:04.459Z WARN  network::simple_sender] Failed to connect to 10.10.1.10:5046 (retry 0): Connection refused (os error 111)
[2026-04-19T03:27:04.465Z WARN  network::simple_sender] Failed to connect to 10.10.1.10:5046 (retry 0): Connection refused (os error 111)
[2026-04-19T03:27:04.478Z WARN  network::simple_sender] Failed to connect to 10.10.1.10:5046 (retry 0): Connection refused (os error 111)
[2026-04-19T03:27:04.480Z WARN  network::simple_sender] Failed to connect to 10.10.1.10:5046 (retry 0): Connection refused (os error 111)
[2026-04-19T03:27:04.484Z WARN  network::simple_sender] Failed to connect to 10.10.1.10:5046 (retry 0): Connection refused (os error 111)
[2026-04-19T03:27:04.486Z WARN  network::simple_sender] Failed to connect to 10.10.1.10:5046 (retry 0): Connection refused (os error 111)
[2026-04-19T03:27:04.489Z WARN  network::simple_sender] Failed to connect to 10.10.1.10:5046 (retry 0): Connection refused (os error 111)
[2026-04-19T03:27:04.505Z WARN  network::simple_sender] Failed to connect to 10.10.1.10:5046 (retry 0): Connection refused (os error 111)
[2026-04-19T03:27:04.508Z INFO  worker::batch_maker] Batch lfBo3Fow/udbRsWDi//6/vU9rmtUzs86y4zFKCKqJJ8= contains sample tx 2594
[2026-04-19T03:27:04.508Z INFO  worker::batch_maker] Batch lfBo3Fow/udbRsWDi//6/vU9rmtUzs86y4zFKCKqJJ8= contains sample tx 2595
[2026-04-19T03:27:04.508Z INFO  worker::batch_maker] Batch lfBo3Fow/udbRsWDi//6/vU9rmtUzs86y4zFKCKqJJ8= contains 409600 B
[2026-04-19T03:27:04.510Z WARN  network::simple_sender] Failed to connect to 10.10.1.10:5046 (retry 0): Connection refused (os error 111)
[2026-04-19T03:27:04.515Z WARN  network::simple_sender] Failed to connect to 10.10.1.10:5046 (retry 0): Connection refused (os error 111)
[2026-04-19T03:27:04.516Z WARN  network::simple_sender] Failed to connect to 10.10.1.10:5046 (retry 0): Connection refused (os error 111)
[2026-04-19T03:27:04.518Z WARN  network::simple_sender] Failed to connect to 10.10.1.10:5046 (retry 0): Connection refused (os error 111)
[2026-04-19T03:27:04.532Z WARN  network::simple_sender] Failed to connect to 10.10.1.10:5046 (retry 0): Connection refused (os error 111)
[2026-04-19T03:27:04.533Z WARN  network::simple_sender] Failed to connect to 10.10.1.10:5046 (retry 0): Connection refused (os error 111)
[2026-04-19T03:27:04.538Z WARN  network::simple_sender] Failed to connect to 10.10.1.10:5046 (retry 0): Connection refused (os error 111)
[2026-04-19T03:27:04.540Z WARN  network::simple_sender] Failed to connect to 10.10.1.10:5046 (retry 0): Connection refused (os error 111)
[2026-04-19T03:27:04.542Z WARN  network::simple_sender] Failed to connect to 10.10.1.10:5046 (retry 0): Connection refused (os error 111)
[2026-04-19T03:27:04.558Z WARN  network::simple_sender] Failed to connect to 10.10.1.10:5046 (retry 0): Connection refused (os error 111)
[2026-04-19T03:27:04.561Z INFO  worker::batch_maker] Batch XzqEdyzOuByEGighgwZ3ojI/gBqX8l0c7cE7ssYd7fY= contains sample tx 2596
[2026-04-19T03:27:04.561Z INFO  worker::batch_maker] Batch XzqEdyzOuByEGighgwZ3ojI/gBqX8l0c7cE7ssYd7fY= contains 204800 B
[2026-04-19T03:27:04.563Z WARN  network::simple_sender] Failed to connect to 10.10.1.10:5046 (retry 0): Connection refused (os error 111)
[2026-04-19T03:27:04.565Z WARN  network::simple_sender] Failed to connect to 10.10.1.10:5046 (retry 0): Connection refused (os error 111)
[2026-04-19T03:27:04.572Z WARN  network::simple_sender] Failed to connect to 10.10.1.10:5046 (retry 0): Connection refused (os error 111)
[2026-04-19T03:27:04.573Z WARN  network::simple_sender] Failed to connect to 10.10.1.10:5046 (retry 0): Connection refused (os error 111)
[2026-04-19T03:27:04.585Z WARN  network::simple_sender] Failed to connect to 10.10.1.10:5046 (retry 0): Connection refused (os error 111)
[2026-04-19T03:27:04.586Z WARN  network::simple_sender] Failed to connect to 10.10.1.10:5046 (retry 0): Connection refused (os error 111)
[2026-04-19T03:27:04.590Z WARN  network::simple_sender] Failed to connect to 10.10.1.10:5046 (retry 0): Connection refused (os error 111)
[2026-04-19T03:27:04.591Z WARN  network::simple_sender] Failed to connect to 10.10.1.10:5046 (retry 0): Connection refused (os error 111)
[2026-04-19T03:27:04.596Z WARN  network::simple_sender] Failed to connect to 10.10.1.10:5046 (retry 0): Connection refused (os error 111)
[2026-04-19T03:27:04.611Z WARN  network::simple_sender] Failed to connect to 10.10.1.10:5046 (retry 0): Connection refused (os error 111)
[2026-04-19T03:27:04.614Z WARN  network::simple_sender] Failed to connect to 10.10.1.10:5046 (retry 0): Connection refused (os error 111)
[2026-04-19T03:27:04.614Z INFO  worker::batch_maker] Batch hUWL2d5OT94tBTN8xfrvXWZ4P7dZT8eO3hyq7sC0SR0= contains sample tx 2597
[2026-04-19T03:27:04.614Z INFO  worker::batch_maker] Batch hUWL2d5OT94tBTN8xfrvXWZ4P7dZT8eO3hyq7sC0SR0= contains 204800 B
[2026-04-19T03:27:04.618Z WARN  network::simple_sender] Failed to connect to 10.10.1.10:5046 (retry 0): Connection refused (os error 111)
[2026-04-19T03:27:04.624Z WARN  network::simple_sender] Failed to connect to 10.10.1.10:5046 (retry 0): Connection refused (os error 111)
[2026-04-19T03:27:04.627Z WARN  network::simple_sender] Failed to connect to 10.10.1.10:5046 (retry 0): Connection refused (os error 111)
[2026-04-19T03:27:04.638Z WARN  network::simple_sender] Failed to connect to 10.10.1.10:5046 (retry 0): Connection refused (os error 111)
[2026-04-19T03:27:04.640Z WARN  network::simple_sender] Failed to connect to 10.10.1.10:5046 (retry 0): Connection refused (os error 111)
[2026-04-19T03:27:04.643Z WARN  network::simple_sender] Failed to connect to 10.10.1.10:5046 (retry 0): Connection refused (os error 111)
[2026-04-19T03:27:04.646Z WARN  network::simple_sender] Failed to connect to 10.10.1.10:5046 (retry 0): Connection refused (os error 111)
[2026-04-19T03:27:04.651Z WARN  network::simple_sender] Failed to connect to 10.10.1.10:5046 (retry 0): Connection refused (os error 111)
[2026-04-19T03:27:04.667Z INFO  worker::batch_maker] Batch Ngyghtc3C3yLF/wOGGVSpGSEOCdN0IoUnA7N+6rC3G4= contains sample tx 2598
[2026-04-19T03:27:04.667Z INFO  worker::batch_maker] Batch Ngyghtc3C3yLF/wOGGVSpGSEOCdN0IoUnA7N+6rC3G4= contains 204800 B
[2026-04-19T03:27:04.669Z WARN  network::simple_sender] Failed to connect to 10.10.1.10:5046 (retry 0): Connection refused (os error 111)
[2026-04-19T03:27:04.671Z WARN  network::simple_sender] Failed to connect to 10.10.1.10:5046 (retry 0): Connection refused (os error 111)
[2026-04-19T03:27:04.676Z WARN  network::simple_sender] Failed to connect to 10.10.1.10:5046 (retry 0): Connection refused (os error 111)
[2026-04-19T03:27:04.679Z WARN  network::simple_sender] Failed to connect to 10.10.1.10:5046 (retry 0): Connection refused (os error 111)
[2026-04-19T03:27:04.692Z WARN  network::simple_sender] Failed to connect to 10.10.1.10:5046 (retry 0): Connection refused (os error 111)
[2026-04-19T03:27:04.694Z WARN  network::simple_sender] Failed to connect to 10.10.1.10:5046 (retry 0): Connection refused (os error 111)
[2026-04-19T03:27:04.696Z WARN  network::simple_sender] Failed to connect to 10.10.1.10:5046 (retry 0): Connection refused (os error 111)
[2026-04-19T03:27:04.698Z WARN  network::simple_sender] Failed to connect to 10.10.1.10:5046 (retry 0): Connection refused (os error 111)
[2026-04-19T03:27:04.705Z WARN  network::simple_sender] Failed to connect to 10.10.1.10:5046 (retry 0): Connection refused (os error 111)
[2026-04-19T03:27:04.720Z INFO  worker::batch_maker] Batch HQUwPFcUTK/ltcIV8IQXn23J71osDo8JPhiPEG5sAs4= contains sample tx 2599
[2026-04-19T03:27:04.722Z INFO  worker::batch_maker] Batch HQUwPFcUTK/ltcIV8IQXn23J71osDo8JPhiPEG5sAs4= contains 204800 B
[2026-04-19T03:27:04.723Z WARN  network::simple_sender] Failed to connect to 10.10.1.10:5046 (retry 0): Connection refused (os error 111)
[2026-04-19T03:27:04.725Z WARN  network::simple_sender] Failed to connect to 10.10.1.10:5046 (retry 0): Connection refused (os error 111)
[2026-04-19T03:27:04.726Z WARN  network::simple_sender] Failed to connect to 10.10.1.10:5046 (retry 0): Connection refused (os error 111)
[2026-04-19T03:27:04.729Z WARN  network::simple_sender] Failed to connect to 10.10.1.10:5046 (retry 0): Connection refused (os error 111)
[2026-04-19T03:27:04.734Z WARN  network::simple_sender] Failed to connect to 10.10.1.10:5046 (retry 0): Connection refused (os error 111)
[2026-04-19T03:27:04.746Z WARN  network::simple_sender] Failed to connect to 10.10.1.10:5046 (retry 0): Connection refused (os error 111)
[2026-04-19T03:27:04.748Z WARN  network::simple_sender] Failed to connect to 10.10.1.10:5046 (retry 0): Connection refused (os error 111)
[2026-04-19T03:27:04.749Z WARN  network::simple_sender] Failed to connect to 10.10.1.10:5046 (retry 0): Connection refused (os error 111)
[2026-04-19T03:27:04.752Z WARN  network::simple_sender] Failed to connect to 10.10.1.10:5046 (retry 0): Connection refused (os error 111)
[2026-04-19T03:27:04.759Z WARN  network::simple_sender] Failed to connect to 10.10.1.10:5046 (retry 0): Connection refused (os error 111)
[2026-04-19T03:27:04.775Z WARN  network::simple_sender] Failed to connect to 10.10.1.10:5046 (retry 0): Connection refused (os error 111)
[2026-04-19T03:27:04.776Z INFO  worker::batch_maker] Batch VYwpMSFwsWFTkOR6ZTWRG9xMCXwHH1Lawcy7t1WJ7mQ= contains sample tx 2600
[2026-04-19T03:27:04.776Z INFO  worker::batch_maker] Batch VYwpMSFwsWFTkOR6ZTWRG9xMCXwHH1Lawcy7t1WJ7mQ= contains 204800 B
[2026-04-19T03:27:04.777Z WARN  network::simple_sender] Failed to connect to 10.10.1.10:5046 (retry 0): Connection refused (os error 111)
[2026-04-19T03:27:04.780Z WARN  network::simple_sender] Failed to connect to 10.10.1.10:5046 (retry 0): Connection refused (os error 111)
[2026-04-19T03:27:04.786Z WARN  network::simple_sender] Failed to connect to 10.10.1.10:5046 (retry 0): Connection refused (os error 111)
[2026-04-19T03:27:04.789Z WARN  network::simple_sender] Failed to connect to 10.10.1.10:5046 (retry 0): Connection refused (os error 111)
[2026-04-19T03:27:04.800Z WARN  network::simple_sender] Failed to connect to 10.10.1.10:5046 (retry 0): Connection refused (os error 111)
[2026-04-19T03:27:04.803Z WARN  network::simple_sender] Failed to connect to 10.10.1.10:5046 (retry 0): Connection refused (os error 111)
[2026-04-19T03:27:04.807Z WARN  network::simple_sender] Failed to connect to 10.10.1.10:5046 (retry 0): Connection refused (os error 111)
[2026-04-19T03:27:04.810Z WARN  network::simple_sender] Failed to connect to 10.10.1.10:5046 (retry 0): Connection refused (os error 111)
[2026-04-19T03:27:04.814Z WARN  network::simple_sender] Failed to connect to 10.10.1.10:5046 (retry 0): Connection refused (os error 111)
[2026-04-19T03:27:04.828Z INFO  worker::batch_maker] Batch ttVjqfH0suxe+VMyVxoWVnVRooQT+XZTRY4Ry1lGjzM= contains sample tx 2601
[2026-04-19T03:27:04.828Z INFO  worker::batch_maker] Batch ttVjqfH0suxe+VMyVxoWVnVRooQT+XZTRY4Ry1lGjzM= contains 204800 B
[2026-04-19T03:27:04.831Z WARN  network::simple_sender] Failed to connect to 10.10.1.10:5046 (retry 0): Connection refused (os error 111)
[2026-04-19T03:27:04.832Z WARN  network::simple_sender] Failed to connect to 10.10.1.10:5046 (retry 0): Connection refused (os error 111)
[2026-04-19T03:27:04.835Z WARN  network::simple_sender] Failed to connect to 10.10.1.10:5046 (retry 0): Connection refused (os error 111)
[2026-04-19T03:27:04.837Z WARN  network::simple_sender] Failed to connect to 10.10.1.10:5046 (retry 0): Connection refused (os error 111)
[2026-04-19T03:27:04.838Z WARN  network::simple_sender] Failed to connect to 10.10.1.10:5046 (retry 0): Connection refused (os error 111)
[2026-04-19T03:27:04.849Z WARN  network::simple_sender] Failed to connect to 10.10.1.10:5046 (retry 0): Connection refused (os error 111)
[2026-04-19T03:27:04.851Z WARN  network::simple_sender] Failed to connect to 10.10.1.10:5046 (retry 0): Connection refused (os error 111)
[2026-04-19T03:27:04.853Z WARN  network::simple_sender] Failed to connect to 10.10.1.10:5046 (retry 0): Connection refused (os error 111)
[2026-04-19T03:27:04.859Z WARN  network::simple_sender] Failed to connect to 10.10.1.10:5046 (retry 0): Connection refused (os error 111)
[2026-04-19T03:27:04.867Z WARN  network::simple_sender] Failed to connect to 10.10.1.10:5046 (retry 0): Connection refused (os error 111)
[2026-04-19T03:27:04.880Z INFO  worker::batch_maker] Batch h93pVA2+2xgwD/VC4cW0KvmRFwQLAq1AMwy10pRBluo= contains sample tx 2602
[2026-04-19T03:27:04.880Z INFO  worker::batch_maker] Batch h93pVA2+2xgwD/VC4cW0KvmRFwQLAq1AMwy10pRBluo= contains 204800 B
[2026-04-19T03:27:04.881Z WARN  network::simple_sender] Failed to connect to 10.10.1.10:5046 (retry 0): Connection refused (os error 111)
[2026-04-19T03:27:04.883Z WARN  network::simple_sender] Failed to connect to 10.10.1.10:5046 (retry 0): Connection refused (os error 111)
[2026-04-19T03:27:04.887Z WARN  network::simple_sender] Failed to connect to 10.10.1.10:5046 (retry 0): Connection refused (os error 111)
[2026-04-19T03:27:04.889Z WARN  network::simple_sender] Failed to connect to 10.10.1.10:5046 (retry 0): Connection refused (os error 111)
[2026-04-19T03:27:04.891Z WARN  network::simple_sender] Failed to connect to 10.10.1.10:5046 (retry 0): Connection refused (os error 111)
[2026-04-19T03:27:04.903Z WARN  network::simple_sender] Failed to connect to 10.10.1.10:5046 (retry 0): Connection refused (os error 111)
[2026-04-19T03:27:04.904Z WARN  network::simple_sender] Failed to connect to 10.10.1.10:5046 (retry 0): Connection refused (os error 111)
[2026-04-19T03:27:04.906Z WARN  network::simple_sender] Failed to connect to 10.10.1.10:5046 (retry 0): Connection refused (os error 111)
[2026-04-19T03:27:04.916Z WARN  network::simple_sender] Failed to connect to 10.10.1.10:5046 (retry 0): Connection refused (os error 111)
[2026-04-19T03:27:04.922Z WARN  network::simple_sender] Failed to connect to 10.10.1.10:5046 (retry 0): Connection refused (os error 111)
[2026-04-19T03:27:04.933Z INFO  worker::batch_maker] Batch hZQaOxepsuxfY2Dw7pY4lcJLh6UE/lQg2SlaB/eA4Dg= contains sample tx 2603
[2026-04-19T03:27:04.933Z INFO  worker::batch_maker] Batch hZQaOxepsuxfY2Dw7pY4lcJLh6UE/lQg2SlaB/eA4Dg= contains 204800 B
[2026-04-19T03:27:04.935Z WARN  network::simple_sender] Failed to connect to 10.10.1.10:5046 (retry 0): Connection refused (os error 111)
[2026-04-19T03:27:04.936Z WARN  network::simple_sender] Failed to connect to 10.10.1.10:5046 (retry 0): Connection refused (os error 111)
[2026-04-19T03:27:04.940Z WARN  network::simple_sender] Failed to connect to 10.10.1.10:5046 (retry 0): Connection refused (os error 111)
[2026-04-19T03:27:04.944Z WARN  network::simple_sender] Failed to connect to 10.10.1.10:5046 (retry 0): Connection refused (os error 111)
[2026-04-19T03:27:04.946Z WARN  network::simple_sender] Failed to connect to 10.10.1.10:5046 (retry 0): Connection refused (os error 111)
[2026-04-19T03:27:04.955Z WARN  network::simple_sender] Failed to connect to 10.10.1.10:5046 (retry 0): Connection refused (os error 111)
[2026-04-19T03:27:04.958Z WARN  network::simple_sender] Failed to connect to 10.10.1.10:5046 (retry 0): Connection refused (os error 111)
[2026-04-19T03:27:04.959Z WARN  network::simple_sender] Failed to connect to 10.10.1.10:5046 (retry 0): Connection refused (os error 111)
[2026-04-19T03:27:04.968Z WARN  network::simple_sender] Failed to connect to 10.10.1.10:5046 (retry 0): Connection refused (os error 111)
[2026-04-19T03:27:04.973Z WARN  network::simple_sender] Failed to connect to 10.10.1.10:5046 (retry 0): Connection refused (os error 111)
[2026-04-19T03:27:04.987Z INFO  worker::batch_maker] Batch FgS7M0saobrJQFK0lubaubbH0T2ViXGXZF+hGYO4zWQ= contains sample tx 2604
[2026-04-19T03:27:04.987Z INFO  worker::batch_maker] Batch FgS7M0saobrJQFK0lubaubbH0T2ViXGXZF+hGYO4zWQ= contains 204800 B
[2026-04-19T03:27:04.990Z WARN  network::simple_sender] Failed to connect to 10.10.1.10:5046 (retry 0): Connection refused (os error 111)
[2026-04-19T03:27:04.990Z WARN  network::simple_sender] Failed to connect to 10.10.1.10:5046 (retry 0): Connection refused (os error 111)
[2026-04-19T03:27:04.994Z WARN  network::simple_sender] Failed to connect to 10.10.1.10:5046 (retry 0): Connection refused (os error 111)
[2026-04-19T03:27:04.997Z WARN  network::simple_sender] Failed to connect to 10.10.1.10:5046 (retry 0): Connection refused (os error 111)
[2026-04-19T03:27:05.000Z WARN  network::simple_sender] Failed to connect to 10.10.1.10:5046 (retry 0): Connection refused (os error 111)
[2026-04-19T03:27:05.005Z WARN  network::simple_sender] Failed to connect to 10.10.1.10:5046 (retry 0): Connection refused (os error 111)
[2026-04-19T03:27:05.008Z WARN  network::simple_sender] Failed to connect to 10.10.1.10:5046 (retry 0): Connection refused (os error 111)
[2026-04-19T03:27:05.014Z WARN  network::simple_sender] Failed to connect to 10.10.1.10:5046 (retry 0): Connection refused (os error 111)
[2026-04-19T03:27:05.019Z WARN  network::simple_sender] Failed to connect to 10.10.1.10:5046 (retry 0): Connection refused (os error 111)
[2026-04-19T03:27:05.039Z INFO  worker::batch_maker] Batch 4zjatc578n7wD+7cjcF+9K4GyzrMjoLH6ZRpV3TaoEc= contains sample tx 2605
[2026-04-19T03:27:05.039Z INFO  worker::batch_maker] Batch 4zjatc578n7wD+7cjcF+9K4GyzrMjoLH6ZRpV3TaoEc= contains 204800 B
[2026-04-19T03:27:05.042Z WARN  network::simple_sender] Failed to connect to 10.10.1.10:5046 (retry 0): Connection refused (os error 111)
[2026-04-19T03:27:05.044Z WARN  network::simple_sender] Failed to connect to 10.10.1.10:5046 (retry 0): Connection refused (os error 111)
[2026-04-19T03:27:05.049Z WARN  network::simple_sender] Failed to connect to 10.10.1.10:5046 (retry 0): Connection refused (os error 111)
[2026-04-19T03:27:05.051Z WARN  network::simple_sender] Failed to connect to 10.10.1.10:5046 (retry 0): Connection refused (os error 111)
[2026-04-19T03:27:05.060Z WARN  network::simple_sender] Failed to connect to 10.10.1.10:5046 (retry 0): Connection refused (os error 111)
[2026-04-19T03:27:05.061Z WARN  network::simple_sender] Failed to connect to 10.10.1.10:5046 (retry 0): Connection refused (os error 111)
[2026-04-19T03:27:05.067Z WARN  network::simple_sender] Failed to connect to 10.10.1.10:5046 (retry 0): Connection refused (os error 111)
[2026-04-19T03:27:05.073Z WARN  network::simple_sender] Failed to connect to 10.10.1.10:5046 (retry 0): Connection refused (os error 111)
[2026-04-19T03:27:05.087Z WARN  network::simple_sender] Failed to connect to 10.10.1.10:5046 (retry 0): Connection refused (os error 111)
[2026-04-19T03:27:05.093Z INFO  worker::batch_maker] Batch CKBnhbj6vPXWE4ZofQ+GdQdA6jjUfxgKk8HDhMUog/U= contains sample tx 2606
[2026-04-19T03:27:05.093Z INFO  worker::batch_maker] Batch CKBnhbj6vPXWE4ZofQ+GdQdA6jjUfxgKk8HDhMUog/U= contains 204800 B
[2026-04-19T03:27:05.096Z WARN  network::simple_sender] Failed to connect to 10.10.1.10:5046 (retry 0): Connection refused (os error 111)
[2026-04-19T03:27:05.096Z WARN  network::simple_sender] Failed to connect to 10.10.1.10:5046 (retry 0): Connection refused (os error 111)
[2026-04-19T03:27:05.098Z WARN  network::simple_sender] Failed to connect to 10.10.1.10:5046 (retry 0): Connection refused (os error 111)
[2026-04-19T03:27:05.104Z WARN  network::simple_sender] Failed to connect to 10.10.1.10:5046 (retry 0): Connection refused (os error 111)
[2026-04-19T03:27:05.107Z WARN  network::simple_sender] Failed to connect to 10.10.1.10:5046 (retry 0): Connection refused (os error 111)
[2026-04-19T03:27:05.110Z WARN  network::simple_sender] Failed to connect to 10.10.1.10:5046 (retry 0): Connection refused (os error 111)
[2026-04-19T03:27:05.113Z WARN  network::simple_sender] Failed to connect to 10.10.1.10:5046 (retry 0): Connection refused (os error 111)
[2026-04-19T03:27:05.120Z WARN  network::simple_sender] Failed to connect to 10.10.1.10:5046 (retry 0): Connection refused (os error 111)
[2026-04-19T03:27:05.127Z WARN  network::simple_sender] Failed to connect to 10.10.1.10:5046 (retry 0): Connection refused (os error 111)
[2026-04-19T03:27:05.140Z WARN  network::simple_sender] Failed to connect to 10.10.1.10:5046 (retry 0): Connection refused (os error 111)
[2026-04-19T03:27:05.146Z INFO  worker::batch_maker] Batch TvnYZE/7KLJdevmSxyELcsFHRE6rq0bCDXtfHV91Slo= contains sample tx 2607
[2026-04-19T03:27:05.146Z INFO  worker::batch_maker] Batch TvnYZE/7KLJdevmSxyELcsFHRE6rq0bCDXtfHV91Slo= contains 204800 B
[2026-04-19T03:27:05.148Z WARN  network::simple_sender] Failed to connect to 10.10.1.10:5046 (retry 0): Connection refused (os error 111)
[2026-04-19T03:27:05.150Z WARN  network::simple_sender] Failed to connect to 10.10.1.10:5046 (retry 0): Connection refused (os error 111)
[2026-04-19T03:27:05.150Z WARN  network::simple_sender] Failed to connect to 10.10.1.10:5046 (retry 0): Connection refused (os error 111)
[2026-04-19T03:27:05.156Z WARN  network::simple_sender] Failed to connect to 10.10.1.10:5046 (retry 0): Connection refused (os error 111)
[2026-04-19T03:27:05.157Z WARN  network::simple_sender] Failed to connect to 10.10.1.10:5046 (retry 0): Connection refused (os error 111)
[2026-04-19T03:27:05.162Z WARN  network::simple_sender] Failed to connect to 10.10.1.10:5046 (retry 0): Connection refused (os error 111)
[2026-04-19T03:27:05.162Z WARN  network::simple_sender] Failed to connect to 10.10.1.10:5046 (retry 0): Connection refused (os error 111)
[2026-04-19T03:27:05.177Z WARN  network::simple_sender] Failed to connect to 10.10.1.10:5046 (retry 0): Connection refused (os error 111)
[2026-04-19T03:27:05.181Z WARN  network::simple_sender] Failed to connect to 10.10.1.10:5046 (retry 0): Connection refused (os error 111)
[2026-04-19T03:27:05.194Z WARN  network::simple_sender] Failed to connect to 10.10.1.10:5046 (retry 0): Connection refused (os error 111)
[2026-04-19T03:27:05.197Z INFO  worker::batch_maker] Batch wDhpwTiXcPRxISTTJMHsHoYbYjPOMQK70ypDCj34iu8= contains sample tx 2608
[2026-04-19T03:27:05.197Z INFO  worker::batch_maker] Batch wDhpwTiXcPRxISTTJMHsHoYbYjPOMQK70ypDCj34iu8= contains 204800 B
[2026-04-19T03:27:05.199Z WARN  network::simple_sender] Failed to connect to 10.10.1.10:5046 (retry 0): Connection refused (os error 111)
[2026-04-19T03:27:05.205Z WARN  network::simple_sender] Failed to connect to 10.10.1.10:5046 (retry 0): Connection refused (os error 111)
[2026-04-19T03:27:05.208Z WARN  network::simple_sender] Failed to connect to 10.10.1.10:5046 (retry 0): Connection refused (os error 111)
[2026-04-19T03:27:05.209Z WARN  network::simple_sender] Failed to connect to 10.10.1.10:5046 (retry 0): Connection refused (os error 111)
[2026-04-19T03:27:05.213Z WARN  network::simple_sender] Failed to connect to 10.10.1.10:5046 (retry 0): Connection refused (os error 111)
[2026-04-19T03:27:05.214Z WARN  network::simple_sender] Failed to connect to 10.10.1.10:5046 (retry 0): Connection refused (os error 111)
[2026-04-19T03:27:05.216Z WARN  network::simple_sender] Failed to connect to 10.10.1.10:5046 (retry 0): Connection refused (os error 111)
[2026-04-19T03:27:05.230Z WARN  network::simple_sender] Failed to connect to 10.10.1.10:5046 (retry 0): Connection refused (os error 111)
[2026-04-19T03:27:05.236Z WARN  network::simple_sender] Failed to connect to 10.10.1.10:5046 (retry 0): Connection refused (os error 111)
[2026-04-19T03:27:05.248Z WARN  network::simple_sender] Failed to connect to 10.10.1.10:5046 (retry 0): Connection refused (os error 111)
[2026-04-19T03:27:05.251Z INFO  worker::batch_maker] Batch 9o/SWy2dkgVQeTGOu1CGcZCY6FJvUO5xMp/uIixiXJs= contains sample tx 2609
[2026-04-19T03:27:05.251Z INFO  worker::batch_maker] Batch 9o/SWy2dkgVQeTGOu1CGcZCY6FJvUO5xMp/uIixiXJs= contains 204800 B
[2026-04-19T03:27:05.254Z WARN  network::simple_sender] Failed to connect to 10.10.1.10:5046 (retry 0): Connection refused (os error 111)
[2026-04-19T03:27:05.260Z WARN  network::simple_sender] Failed to connect to 10.10.1.10:5046 (retry 0): Connection refused (os error 111)
[2026-04-19T03:27:05.261Z WARN  network::simple_sender] Failed to connect to 10.10.1.10:5046 (retry 0): Connection refused (os error 111)
[2026-04-19T03:27:05.263Z WARN  network::simple_sender] Failed to connect to 10.10.1.10:5046 (retry 0): Connection refused (os error 111)
[2026-04-19T03:27:05.265Z WARN  network::simple_sender] Failed to connect to 10.10.1.10:5046 (retry 0): Connection refused (os error 111)
[2026-04-19T03:27:05.270Z WARN  network::simple_sender] Failed to connect to 10.10.1.10:5046 (retry 0): Connection refused (os error 111)
[2026-04-19T03:27:05.272Z WARN  network::simple_sender] Failed to connect to 10.10.1.10:5046 (retry 0): Connection refused (os error 111)
[2026-04-19T03:27:05.285Z WARN  network::simple_sender] Failed to connect to 10.10.1.10:5046 (retry 0): Connection refused (os error 111)
[2026-04-19T03:27:05.290Z WARN  network::simple_sender] Failed to connect to 10.10.1.10:5046 (retry 0): Connection refused (os error 111)
[2026-04-19T03:27:05.302Z WARN  network::simple_sender] Failed to connect to 10.10.1.10:5046 (retry 0): Connection refused (os error 111)
[2026-04-19T03:27:05.304Z INFO  worker::batch_maker] Batch +E2NZN2JcnTp4tMvGwDz8fiEgvxA7Aw00zj+zwW4aXo= contains sample tx 2610
[2026-04-19T03:27:05.304Z INFO  worker::batch_maker] Batch +E2NZN2JcnTp4tMvGwDz8fiEgvxA7Aw00zj+zwW4aXo= contains sample tx 2611
[2026-04-19T03:27:05.304Z INFO  worker::batch_maker] Batch +E2NZN2JcnTp4tMvGwDz8fiEgvxA7Aw00zj+zwW4aXo= contains 357376 B
[2026-04-19T03:27:05.310Z WARN  network::simple_sender] Failed to connect to 10.10.1.10:5046 (retry 0): Connection refused (os error 111)
[2026-04-19T03:27:05.315Z WARN  network::simple_sender] Failed to connect to 10.10.1.10:5046 (retry 0): Connection refused (os error 111)
[2026-04-19T03:27:05.316Z WARN  network::simple_sender] Failed to connect to 10.10.1.10:5046 (retry 0): Connection refused (os error 111)
[2026-04-19T03:27:05.317Z WARN  network::simple_sender] Failed to connect to 10.10.1.10:5046 (retry 0): Connection refused (os error 111)
[2026-04-19T03:27:05.318Z WARN  network::simple_sender] Failed to connect to 10.10.1.10:5046 (retry 0): Connection refused (os error 111)
[2026-04-19T03:27:05.322Z WARN  network::simple_sender] Failed to connect to 10.10.1.10:5046 (retry 0): Connection refused (os error 111)
[2026-04-19T03:27:05.323Z WARN  network::simple_sender] Failed to connect to 10.10.1.10:5046 (retry 0): Connection refused (os error 111)
[2026-04-19T03:27:05.337Z WARN  network::simple_sender] Failed to connect to 10.10.1.10:5046 (retry 0): Connection refused (os error 111)
[2026-04-19T03:27:05.344Z WARN  network::simple_sender] Failed to connect to 10.10.1.10:5046 (retry 0): Connection refused (os error 111)
[2026-04-19T03:27:05.355Z INFO  worker::batch_maker] Batch DddaQ300SIxjsMaEW5WpJohY18NT7yGkVrB1VodYJvQ= contains sample tx 2612
[2026-04-19T03:27:05.355Z INFO  worker::batch_maker] Batch DddaQ300SIxjsMaEW5WpJohY18NT7yGkVrB1VodYJvQ= contains 257024 B
[2026-04-19T03:27:05.356Z WARN  network::simple_sender] Failed to connect to 10.10.1.10:5046 (retry 0): Connection refused (os error 111)
[2026-04-19T03:27:05.358Z WARN  network::simple_sender] Failed to connect to 10.10.1.10:5046 (retry 0): Connection refused (os error 111)
[2026-04-19T03:27:05.369Z WARN  network::simple_sender] Failed to connect to 10.10.1.10:5046 (retry 0): Connection refused (os error 111)
[2026-04-19T03:27:05.371Z WARN  network::simple_sender] Failed to connect to 10.10.1.10:5046 (retry 0): Connection refused (os error 111)
[2026-04-19T03:27:05.375Z WARN  network::simple_sender] Failed to connect to 10.10.1.10:5046 (retry 0): Connection refused (os error 111)
[2026-04-19T03:27:05.376Z WARN  network::simple_sender] Failed to connect to 10.10.1.10:5046 (retry 0): Connection refused (os error 111)
[2026-04-19T03:27:05.378Z WARN  network::simple_sender] Failed to connect to 10.10.1.10:5046 (retry 0): Connection refused (os error 111)
[2026-04-19T03:27:05.380Z WARN  network::simple_sender] Failed to connect to 10.10.1.10:5046 (retry 0): Connection refused (os error 111)
[2026-04-19T03:27:05.392Z WARN  network::simple_sender] Failed to connect to 10.10.1.10:5046 (retry 0): Connection refused (os error 111)
[2026-04-19T03:27:05.397Z WARN  network::simple_sender] Failed to connect to 10.10.1.10:5046 (retry 0): Connection refused (os error 111)
[2026-04-19T03:27:05.409Z INFO  worker::batch_maker] Batch xcgerzSLUxOJozVs1Blx3WRkQOb/F0ATY9hmKiyML/M= contains sample tx 2613
[2026-04-19T03:27:05.409Z INFO  worker::batch_maker] Batch xcgerzSLUxOJozVs1Blx3WRkQOb/F0ATY9hmKiyML/M= contains 204800 B
[2026-04-19T03:27:05.411Z WARN  network::simple_sender] Failed to connect to 10.10.1.10:5046 (retry 0): Connection refused (os error 111)
[2026-04-19T03:27:05.412Z WARN  network::simple_sender] Failed to connect to 10.10.1.10:5046 (retry 0): Connection refused (os error 111)
[2026-04-19T03:27:05.420Z WARN  network::simple_sender] Failed to connect to 10.10.1.10:5046 (retry 0): Connection refused (os error 111)
[2026-04-19T03:27:05.422Z WARN  network::simple_sender] Failed to connect to 10.10.1.10:5046 (retry 0): Connection refused (os error 111)
[2026-04-19T03:27:05.424Z WARN  network::simple_sender] Failed to connect to 10.10.1.10:5046 (retry 0): Connection refused (os error 111)
[2026-04-19T03:27:05.425Z WARN  network::simple_sender] Failed to connect to 10.10.1.10:5046 (retry 0): Connection refused (os error 111)
[2026-04-19T03:27:05.427Z WARN  network::simple_sender] Failed to connect to 10.10.1.10:5046 (retry 0): Connection refused (os error 111)
[2026-04-19T03:27:05.429Z WARN  network::simple_sender] Failed to connect to 10.10.1.10:5046 (retry 0): Connection refused (os error 111)
[2026-04-19T03:27:05.446Z WARN  network::simple_sender] Failed to connect to 10.10.1.10:5046 (retry 0): Connection refused (os error 111)
[2026-04-19T03:27:05.451Z WARN  network::simple_sender] Failed to connect to 10.10.1.10:5046 (retry 0): Connection refused (os error 111)
[2026-04-19T03:27:05.463Z INFO  worker::batch_maker] Batch jyY6kYoYolbC0hSfJ2hAdAjEw/2yLEdohz72CPngZWc= contains sample tx 2614
[2026-04-19T03:27:05.463Z INFO  worker::batch_maker] Batch jyY6kYoYolbC0hSfJ2hAdAjEw/2yLEdohz72CPngZWc= contains 204800 B
[2026-04-19T03:27:05.465Z WARN  network::simple_sender] Failed to connect to 10.10.1.10:5046 (retry 0): Connection refused (os error 111)
[2026-04-19T03:27:05.467Z WARN  network::simple_sender] Failed to connect to 10.10.1.10:5046 (retry 0): Connection refused (os error 111)
[2026-04-19T03:27:05.472Z WARN  network::simple_sender] Failed to connect to 10.10.1.10:5046 (retry 0): Connection refused (os error 111)
[2026-04-19T03:27:05.474Z WARN  network::simple_sender] Failed to connect to 10.10.1.10:5046 (retry 0): Connection refused (os error 111)
[2026-04-19T03:27:05.476Z WARN  network::simple_sender] Failed to connect to 10.10.1.10:5046 (retry 0): Connection refused (os error 111)
[2026-04-19T03:27:05.477Z WARN  network::simple_sender] Failed to connect to 10.10.1.10:5046 (retry 0): Connection refused (os error 111)
[2026-04-19T03:27:05.479Z WARN  network::simple_sender] Failed to connect to 10.10.1.10:5046 (retry 0): Connection refused (os error 111)
[2026-04-19T03:27:05.481Z WARN  network::simple_sender] Failed to connect to 10.10.1.10:5046 (retry 0): Connection refused (os error 111)
[2026-04-19T03:27:05.499Z WARN  network::simple_sender] Failed to connect to 10.10.1.10:5046 (retry 0): Connection refused (os error 111)
[2026-04-19T03:27:05.506Z WARN  network::simple_sender] Failed to connect to 10.10.1.10:5046 (retry 0): Connection refused (os error 111)
[2026-04-19T03:27:05.514Z INFO  worker::batch_maker] Batch /kkRSD1H0XIKXKJ2We3Pb+ZPcwQtiV2sza3IOEG7aW0= contains sample tx 2615
[2026-04-19T03:27:05.514Z INFO  worker::batch_maker] Batch /kkRSD1H0XIKXKJ2We3Pb+ZPcwQtiV2sza3IOEG7aW0= contains 204800 B
[2026-04-19T03:27:05.518Z WARN  network::simple_sender] Failed to connect to 10.10.1.10:5046 (retry 0): Connection refused (os error 111)
[2026-04-19T03:27:05.522Z WARN  network::simple_sender] Failed to connect to 10.10.1.10:5046 (retry 0): Connection refused (os error 111)
[2026-04-19T03:27:05.526Z WARN  network::simple_sender] Failed to connect to 10.10.1.10:5046 (retry 0): Connection refused (os error 111)
[2026-04-19T03:27:05.528Z WARN  network::simple_sender] Failed to connect to 10.10.1.10:5046 (retry 0): Connection refused (os error 111)
[2026-04-19T03:27:05.529Z WARN  network::simple_sender] Failed to connect to 10.10.1.10:5046 (retry 0): Connection refused (os error 111)
[2026-04-19T03:27:05.531Z WARN  network::simple_sender] Failed to connect to 10.10.1.10:5046 (retry 0): Connection refused (os error 111)
[2026-04-19T03:27:05.533Z WARN  network::simple_sender] Failed to connect to 10.10.1.10:5046 (retry 0): Connection refused (os error 111)
[2026-04-19T03:27:05.534Z WARN  network::simple_sender] Failed to connect to 10.10.1.10:5046 (retry 0): Connection refused (os error 111)
[2026-04-19T03:27:05.553Z WARN  network::simple_sender] Failed to connect to 10.10.1.10:5046 (retry 0): Connection refused (os error 111)
[2026-04-19T03:27:05.563Z WARN  network::simple_sender] Failed to connect to 10.10.1.10:5046 (retry 0): Connection refused (os error 111)
[2026-04-19T03:27:05.568Z INFO  worker::batch_maker] Batch pLL0d6j8WqoBSFt2AfahE6J06dmNQ/Ssep5n8XCJ2iM= contains sample tx 2616
[2026-04-19T03:27:05.568Z INFO  worker::batch_maker] Batch pLL0d6j8WqoBSFt2AfahE6J06dmNQ/Ssep5n8XCJ2iM= contains 204800 B
[2026-04-19T03:27:05.569Z WARN  network::simple_sender] Failed to connect to 10.10.1.10:5046 (retry 0): Connection refused (os error 111)
[2026-04-19T03:27:05.571Z WARN  network::simple_sender] Failed to connect to 10.10.1.10:5046 (retry 0): Connection refused (os error 111)
[2026-04-19T03:27:05.576Z WARN  network::simple_sender] Failed to connect to 10.10.1.10:5046 (retry 0): Connection refused (os error 111)
[2026-04-19T03:27:05.578Z WARN  network::simple_sender] Failed to connect to 10.10.1.10:5046 (retry 0): Connection refused (os error 111)
[2026-04-19T03:27:05.582Z WARN  network::simple_sender] Failed to connect to 10.10.1.10:5046 (retry 0): Connection refused (os error 111)
[2026-04-19T03:27:05.583Z WARN  network::simple_sender] Failed to connect to 10.10.1.10:5046 (retry 0): Connection refused (os error 111)
[2026-04-19T03:27:05.584Z WARN  network::simple_sender] Failed to connect to 10.10.1.10:5046 (retry 0): Connection refused (os error 111)
[2026-04-19T03:27:05.585Z WARN  network::simple_sender] Failed to connect to 10.10.1.10:5046 (retry 0): Connection refused (os error 111)
[2026-04-19T03:27:05.606Z WARN  network::simple_sender] Failed to connect to 10.10.1.10:5046 (retry 0): Connection refused (os error 111)
[2026-04-19T03:27:05.612Z WARN  network::simple_sender] Failed to connect to 10.10.1.10:5046 (retry 0): Connection refused (os error 111)
[2026-04-19T03:27:05.620Z INFO  worker::batch_maker] Batch kmTfu00Oz7XP//y9ZbYp3+46juaUDg7kzNLBLmRsVzM= contains sample tx 2617
[2026-04-19T03:27:05.620Z INFO  worker::batch_maker] Batch kmTfu00Oz7XP//y9ZbYp3+46juaUDg7kzNLBLmRsVzM= contains 204800 B
[2026-04-19T03:27:05.623Z WARN  network::simple_sender] Failed to connect to 10.10.1.10:5046 (retry 0): Connection refused (os error 111)
[2026-04-19T03:27:05.623Z WARN  network::simple_sender] Failed to connect to 10.10.1.10:5046 (retry 0): Connection refused (os error 111)
[2026-04-19T03:27:05.629Z WARN  network::simple_sender] Failed to connect to 10.10.1.10:5046 (retry 0): Connection refused (os error 111)
[2026-04-19T03:27:05.630Z WARN  network::simple_sender] Failed to connect to 10.10.1.10:5046 (retry 0): Connection refused (os error 111)
[2026-04-19T03:27:05.634Z WARN  network::simple_sender] Failed to connect to 10.10.1.10:5046 (retry 0): Connection refused (os error 111)
[2026-04-19T03:27:05.636Z WARN  network::simple_sender] Failed to connect to 10.10.1.10:5046 (retry 0): Connection refused (os error 111)
[2026-04-19T03:27:05.637Z WARN  network::simple_sender] Failed to connect to 10.10.1.10:5046 (retry 0): Connection refused (os error 111)
[2026-04-19T03:27:05.638Z WARN  network::simple_sender] Failed to connect to 10.10.1.10:5046 (retry 0): Connection refused (os error 111)
[2026-04-19T03:27:05.658Z WARN  network::simple_sender] Failed to connect to 10.10.1.10:5046 (retry 0): Connection refused (os error 111)
[2026-04-19T03:27:05.665Z WARN  network::simple_sender] Failed to connect to 10.10.1.10:5046 (retry 0): Connection refused (os error 111)
[2026-04-19T03:27:05.675Z INFO  worker::batch_maker] Batch OK8cX+6V+QO3HzCcbsjpXJS6tQPnzzuyhAJrl9kLO64= contains sample tx 2618
[2026-04-19T03:27:05.675Z INFO  worker::batch_maker] Batch OK8cX+6V+QO3HzCcbsjpXJS6tQPnzzuyhAJrl9kLO64= contains 204800 B
[2026-04-19T03:27:05.677Z WARN  network::simple_sender] Failed to connect to 10.10.1.10:5046 (retry 0): Connection refused (os error 111)
[2026-04-19T03:27:05.678Z WARN  network::simple_sender] Failed to connect to 10.10.1.10:5046 (retry 0): Connection refused (os error 111)
[2026-04-19T03:27:05.682Z WARN  network::simple_sender] Failed to connect to 10.10.1.10:5046 (retry 0): Connection refused (os error 111)
[2026-04-19T03:27:05.686Z WARN  network::simple_sender] Failed to connect to 10.10.1.10:5046 (retry 0): Connection refused (os error 111)
[2026-04-19T03:27:05.690Z WARN  network::simple_sender] Failed to connect to 10.10.1.10:5046 (retry 0): Connection refused (os error 111)
[2026-04-19T03:27:05.692Z WARN  network::simple_sender] Failed to connect to 10.10.1.10:5046 (retry 0): Connection refused (os error 111)
[2026-04-19T03:27:05.695Z WARN  network::simple_sender] Failed to connect to 10.10.1.10:5046 (retry 0): Connection refused (os error 111)
[2026-04-19T03:27:05.697Z WARN  network::simple_sender] Failed to connect to 10.10.1.10:5046 (retry 0): Connection refused (os error 111)
[2026-04-19T03:27:05.714Z WARN  network::simple_sender] Failed to connect to 10.10.1.10:5046 (retry 0): Connection refused (os error 111)
[2026-04-19T03:27:05.716Z WARN  network::simple_sender] Failed to connect to 10.10.1.10:5046 (retry 0): Connection refused (os error 111)
[2026-04-19T03:27:05.727Z INFO  worker::batch_maker] Batch F2muLhnnB3j0Re9u27DuwMPYKLfygBiOzf75ROwDnwM= contains sample tx 2619
[2026-04-19T03:27:05.727Z INFO  worker::batch_maker] Batch F2muLhnnB3j0Re9u27DuwMPYKLfygBiOzf75ROwDnwM= contains 204800 B
[2026-04-19T03:27:05.731Z WARN  network::simple_sender] Failed to connect to 10.10.1.10:5046 (retry 0): Connection refused (os error 111)
[2026-04-19T03:27:05.731Z WARN  network::simple_sender] Failed to connect to 10.10.1.10:5046 (retry 0): Connection refused (os error 111)
[2026-04-19T03:27:05.735Z WARN  network::simple_sender] Failed to connect to 10.10.1.10:5046 (retry 0): Connection refused (os error 111)
[2026-04-19T03:27:05.737Z WARN  network::simple_sender] Failed to connect to 10.10.1.10:5046 (retry 0): Connection refused (os error 111)
[2026-04-19T03:27:05.742Z WARN  network::simple_sender] Failed to connect to 10.10.1.10:5046 (retry 0): Connection refused (os error 111)
[2026-04-19T03:27:05.744Z WARN  network::simple_sender] Failed to connect to 10.10.1.10:5046 (retry 0): Connection refused (os error 111)
[2026-04-19T03:27:05.745Z WARN  network::simple_sender] Failed to connect to 10.10.1.10:5046 (retry 0): Connection refused (os error 111)
[2026-04-19T03:27:05.746Z WARN  network::simple_sender] Failed to connect to 10.10.1.10:5046 (retry 0): Connection refused (os error 111)
[2026-04-19T03:27:05.769Z WARN  network::simple_sender] Failed to connect to 10.10.1.10:5046 (retry 0): Connection refused (os error 111)
[2026-04-19T03:27:05.770Z WARN  network::simple_sender] Failed to connect to 10.10.1.10:5046 (retry 0): Connection refused (os error 111)
[2026-04-19T03:27:05.779Z INFO  worker::batch_maker] Batch Lni1Ibn+TZ3AwwU+Kh6l0sf/DJWNSDtgYVPf7QGVdLk= contains sample tx 2620
[2026-04-19T03:27:05.779Z INFO  worker::batch_maker] Batch Lni1Ibn+TZ3AwwU+Kh6l0sf/DJWNSDtgYVPf7QGVdLk= contains 204800 B
[2026-04-19T03:27:05.782Z WARN  network::simple_sender] Failed to connect to 10.10.1.10:5046 (retry 0): Connection refused (os error 111)
[2026-04-19T03:27:05.784Z WARN  network::simple_sender] Failed to connect to 10.10.1.10:5046 (retry 0): Connection refused (os error 111)
[2026-04-19T03:27:05.787Z WARN  network::simple_sender] Failed to connect to 10.10.1.10:5046 (retry 0): Connection refused (os error 111)
[2026-04-19T03:27:05.790Z WARN  network::simple_sender] Failed to connect to 10.10.1.10:5046 (retry 0): Connection refused (os error 111)
[2026-04-19T03:27:05.795Z WARN  network::simple_sender] Failed to connect to 10.10.1.10:5046 (retry 0): Connection refused (os error 111)
[2026-04-19T03:27:05.796Z WARN  network::simple_sender] Failed to connect to 10.10.1.10:5046 (retry 0): Connection refused (os error 111)
[2026-04-19T03:27:05.797Z WARN  network::simple_sender] Failed to connect to 10.10.1.10:5046 (retry 0): Connection refused (os error 111)
[2026-04-19T03:27:05.799Z WARN  network::simple_sender] Failed to connect to 10.10.1.10:5046 (retry 0): Connection refused (os error 111)
[2026-04-19T03:27:05.821Z WARN  network::simple_sender] Failed to connect to 10.10.1.10:5046 (retry 0): Connection refused (os error 111)
[2026-04-19T03:27:05.823Z WARN  network::simple_sender] Failed to connect to 10.10.1.10:5046 (retry 0): Connection refused (os error 111)
[2026-04-19T03:27:05.832Z INFO  worker::batch_maker] Batch gpT9X/22JQWbyP9gC7172TpOfWQ0yzY4uj9dvZUAGjE= contains sample tx 2621
[2026-04-19T03:27:05.832Z INFO  worker::batch_maker] Batch gpT9X/22JQWbyP9gC7172TpOfWQ0yzY4uj9dvZUAGjE= contains 204800 B
[2026-04-19T03:27:05.834Z WARN  network::simple_sender] Failed to connect to 10.10.1.10:5046 (retry 0): Connection refused (os error 111)
[2026-04-19T03:27:05.839Z WARN  network::simple_sender] Failed to connect to 10.10.1.10:5046 (retry 0): Connection refused (os error 111)
[2026-04-19T03:27:05.839Z WARN  network::simple_sender] Failed to connect to 10.10.1.10:5046 (retry 0): Connection refused (os error 111)
[2026-04-19T03:27:05.842Z WARN  network::simple_sender] Failed to connect to 10.10.1.10:5046 (retry 0): Connection refused (os error 111)
[2026-04-19T03:27:05.847Z WARN  network::simple_sender] Failed to connect to 10.10.1.10:5046 (retry 0): Connection refused (os error 111)
[2026-04-19T03:27:05.849Z WARN  network::simple_sender] Failed to connect to 10.10.1.10:5046 (retry 0): Connection refused (os error 111)
[2026-04-19T03:27:05.851Z WARN  network::simple_sender] Failed to connect to 10.10.1.10:5046 (retry 0): Connection refused (os error 111)
[2026-04-19T03:27:05.852Z WARN  network::simple_sender] Failed to connect to 10.10.1.10:5046 (retry 0): Connection refused (os error 111)
[2026-04-19T03:27:05.874Z WARN  network::simple_sender] Failed to connect to 10.10.1.10:5046 (retry 0): Connection refused (os error 111)
[2026-04-19T03:27:05.875Z WARN  network::simple_sender] Failed to connect to 10.10.1.10:5046 (retry 0): Connection refused (os error 111)
[2026-04-19T03:27:05.884Z INFO  worker::batch_maker] Batch nImbJhOsrpIaoL51SwOPStk6TXzUMUH3EmhvUBKTGGk= contains sample tx 2622
[2026-04-19T03:27:05.884Z INFO  worker::batch_maker] Batch nImbJhOsrpIaoL51SwOPStk6TXzUMUH3EmhvUBKTGGk= contains 204800 B
[2026-04-19T03:27:05.887Z WARN  network::simple_sender] Failed to connect to 10.10.1.10:5046 (retry 0): Connection refused (os error 111)
[2026-04-19T03:27:05.890Z WARN  network::simple_sender] Failed to connect to 10.10.1.10:5046 (retry 0): Connection refused (os error 111)
[2026-04-19T03:27:05.893Z WARN  network::simple_sender] Failed to connect to 10.10.1.10:5046 (retry 0): Connection refused (os error 111)
[2026-04-19T03:27:05.895Z WARN  network::simple_sender] Failed to connect to 10.10.1.10:5046 (retry 0): Connection refused (os error 111)
[2026-04-19T03:27:05.901Z WARN  network::simple_sender] Failed to connect to 10.10.1.10:5046 (retry 0): Connection refused (os error 111)
[2026-04-19T03:27:05.902Z WARN  network::simple_sender] Failed to connect to 10.10.1.10:5046 (retry 0): Connection refused (os error 111)
[2026-04-19T03:27:05.904Z WARN  network::simple_sender] Failed to connect to 10.10.1.10:5046 (retry 0): Connection refused (os error 111)
[2026-04-19T03:27:05.904Z WARN  network::simple_sender] Failed to connect to 10.10.1.10:5046 (retry 0): Connection refused (os error 111)
[2026-04-19T03:27:05.926Z WARN  network::simple_sender] Failed to connect to 10.10.1.10:5046 (retry 0): Connection refused (os error 111)
[2026-04-19T03:27:05.928Z WARN  network::simple_sender] Failed to connect to 10.10.1.10:5046 (retry 0): Connection refused (os error 111)
[2026-04-19T03:27:05.937Z INFO  worker::batch_maker] Batch yU8uL8hhhXMMKe9xljWUcR9VASeFj5I6EB+4AUPBQFc= contains sample tx 2623
[2026-04-19T03:27:05.937Z INFO  worker::batch_maker] Batch yU8uL8hhhXMMKe9xljWUcR9VASeFj5I6EB+4AUPBQFc= contains 204800 B
[2026-04-19T03:27:05.940Z WARN  network::simple_sender] Failed to connect to 10.10.1.10:5046 (retry 0): Connection refused (os error 111)
[2026-04-19T03:27:05.944Z WARN  network::simple_sender] Failed to connect to 10.10.1.10:5046 (retry 0): Connection refused (os error 111)
[2026-04-19T03:27:05.946Z WARN  network::simple_sender] Failed to connect to 10.10.1.10:5046 (retry 0): Connection refused (os error 111)
[2026-04-19T03:27:05.948Z WARN  network::simple_sender] Failed to connect to 10.10.1.10:5046 (retry 0): Connection refused (os error 111)
[2026-04-19T03:27:05.953Z WARN  network::simple_sender] Failed to connect to 10.10.1.10:5046 (retry 0): Connection refused (os error 111)
[2026-04-19T03:27:05.958Z WARN  network::simple_sender] Failed to connect to 10.10.1.10:5046 (retry 0): Connection refused (os error 111)
[2026-04-19T03:27:05.960Z WARN  network::simple_sender] Failed to connect to 10.10.1.10:5046 (retry 0): Connection refused (os error 111)
[2026-04-19T03:27:05.962Z WARN  network::simple_sender] Failed to connect to 10.10.1.10:5046 (retry 0): Connection refused (os error 111)
[2026-04-19T03:27:05.978Z WARN  network::simple_sender] Failed to connect to 10.10.1.10:5046 (retry 0): Connection refused (os error 111)
[2026-04-19T03:27:05.981Z WARN  network::simple_sender] Failed to connect to 10.10.1.10:5046 (retry 0): Connection refused (os error 111)
[2026-04-19T03:27:05.991Z INFO  worker::batch_maker] Batch eraZwBaT0h8M3RkwPD2H0pxxp+pk9KPbOSi5Xa6U52Y= contains sample tx 2624
[2026-04-19T03:27:05.991Z INFO  worker::batch_maker] Batch eraZwBaT0h8M3RkwPD2H0pxxp+pk9KPbOSi5Xa6U52Y= contains 204800 B
[2026-04-19T03:27:05.994Z WARN  network::simple_sender] Failed to connect to 10.10.1.10:5046 (retry 0): Connection refused (os error 111)
[2026-04-19T03:27:05.997Z WARN  network::simple_sender] Failed to connect to 10.10.1.10:5046 (retry 0): Connection refused (os error 111)
[2026-04-19T03:27:05.999Z WARN  network::simple_sender] Failed to connect to 10.10.1.10:5046 (retry 0): Connection refused (os error 111)
[2026-04-19T03:27:06.002Z WARN  network::simple_sender] Failed to connect to 10.10.1.10:5046 (retry 0): Connection refused (os error 111)
[2026-04-19T03:27:06.008Z WARN  network::simple_sender] Failed to connect to 10.10.1.10:5046 (retry 0): Connection refused (os error 111)
[2026-04-19T03:27:06.010Z WARN  network::simple_sender] Failed to connect to 10.10.1.10:5046 (retry 0): Connection refused (os error 111)
[2026-04-19T03:27:06.012Z WARN  network::simple_sender] Failed to connect to 10.10.1.10:5046 (retry 0): Connection refused (os error 111)
[2026-04-19T03:27:06.016Z WARN  network::simple_sender] Failed to connect to 10.10.1.10:5046 (retry 0): Connection refused (os error 111)
[2026-04-19T03:27:06.033Z WARN  network::simple_sender] Failed to connect to 10.10.1.10:5046 (retry 0): Connection refused (os error 111)
[2026-04-19T03:27:06.035Z WARN  network::simple_sender] Failed to connect to 10.10.1.10:5046 (retry 0): Connection refused (os error 111)
[2026-04-19T03:27:06.045Z INFO  worker::batch_maker] Batch VErHnTOkNh/Ab3f2SLTIQpkkXHvtf8iz8+JxapPBbxY= contains sample tx 2625
[2026-04-19T03:27:06.045Z INFO  worker::batch_maker] Batch VErHnTOkNh/Ab3f2SLTIQpkkXHvtf8iz8+JxapPBbxY= contains 204800 B
[2026-04-19T03:27:06.048Z WARN  network::simple_sender] Failed to connect to 10.10.1.10:5046 (retry 0): Connection refused (os error 111)
[2026-04-19T03:27:06.051Z WARN  network::simple_sender] Failed to connect to 10.10.1.10:5046 (retry 0): Connection refused (os error 111)
[2026-04-19T03:27:06.052Z WARN  network::simple_sender] Failed to connect to 10.10.1.10:5046 (retry 0): Connection refused (os error 111)
[2026-04-19T03:27:06.056Z WARN  network::simple_sender] Failed to connect to 10.10.1.10:5046 (retry 0): Connection refused (os error 111)
[2026-04-19T03:27:06.061Z WARN  network::simple_sender] Failed to connect to 10.10.1.10:5046 (retry 0): Connection refused (os error 111)
[2026-04-19T03:27:06.064Z WARN  network::simple_sender] Failed to connect to 10.10.1.10:5046 (retry 0): Connection refused (os error 111)
[2026-04-19T03:27:06.068Z WARN  network::simple_sender] Failed to connect to 10.10.1.10:5046 (retry 0): Connection refused (os error 111)
[2026-04-19T03:27:06.069Z WARN  network::simple_sender] Failed to connect to 10.10.1.10:5046 (retry 0): Connection refused (os error 111)
[2026-04-19T03:27:06.086Z WARN  network::simple_sender] Failed to connect to 10.10.1.10:5046 (retry 0): Connection refused (os error 111)
[2026-04-19T03:27:06.089Z WARN  network::simple_sender] Failed to connect to 10.10.1.10:5046 (retry 0): Connection refused (os error 111)
[2026-04-19T03:27:06.098Z INFO  worker::batch_maker] Batch v+yUPIXDaFKUoLuh+jfmkYMrwTp6dn7t6nNJvQBw86k= contains sample tx 2626
[2026-04-19T03:27:06.098Z INFO  worker::batch_maker] Batch v+yUPIXDaFKUoLuh+jfmkYMrwTp6dn7t6nNJvQBw86k= contains 204800 B
[2026-04-19T03:27:06.101Z WARN  network::simple_sender] Failed to connect to 10.10.1.10:5046 (retry 0): Connection refused (os error 111)
[2026-04-19T03:27:06.103Z WARN  network::simple_sender] Failed to connect to 10.10.1.10:5046 (retry 0): Connection refused (os error 111)
[2026-04-19T03:27:06.108Z WARN  network::simple_sender] Failed to connect to 10.10.1.10:5046 (retry 0): Connection refused (os error 111)
[2026-04-19T03:27:06.109Z WARN  network::simple_sender] Failed to connect to 10.10.1.10:5046 (retry 0): Connection refused (os error 111)
[2026-04-19T03:27:06.117Z WARN  network::simple_sender] Failed to connect to 10.10.1.10:5046 (retry 0): Connection refused (os error 111)
[2026-04-19T03:27:06.118Z WARN  network::simple_sender] Failed to connect to 10.10.1.10:5046 (retry 0): Connection refused (os error 111)
[2026-04-19T03:27:06.120Z WARN  network::simple_sender] Failed to connect to 10.10.1.10:5046 (retry 0): Connection refused (os error 111)
[2026-04-19T03:27:06.124Z WARN  network::simple_sender] Failed to connect to 10.10.1.10:5046 (retry 0): Connection refused (os error 111)
[2026-04-19T03:27:06.140Z WARN  network::simple_sender] Failed to connect to 10.10.1.10:5046 (retry 0): Connection refused (os error 111)
[2026-04-19T03:27:06.141Z WARN  network::simple_sender] Failed to connect to 10.10.1.10:5046 (retry 0): Connection refused (os error 111)
[2026-04-19T03:27:06.150Z INFO  worker::batch_maker] Batch v/RLqT2Vl7tuWTfxPWn3gfOTxBHntDXXtOi89VqP6Ew= contains sample tx 2627
[2026-04-19T03:27:06.150Z INFO  worker::batch_maker] Batch v/RLqT2Vl7tuWTfxPWn3gfOTxBHntDXXtOi89VqP6Ew= contains 204800 B
[2026-04-19T03:27:06.153Z WARN  network::simple_sender] Failed to connect to 10.10.1.10:5046 (retry 0): Connection refused (os error 111)
[2026-04-19T03:27:06.158Z WARN  network::simple_sender] Failed to connect to 10.10.1.10:5046 (retry 0): Connection refused (os error 111)
[2026-04-19T03:27:06.163Z WARN  network::simple_sender] Failed to connect to 10.10.1.10:5046 (retry 0): Connection refused (os error 111)
[2026-04-19T03:27:06.166Z WARN  network::simple_sender] Failed to connect to 10.10.1.10:5046 (retry 0): Connection refused (os error 111)
[2026-04-19T03:27:06.172Z WARN  network::simple_sender] Failed to connect to 10.10.1.10:5046 (retry 0): Connection refused (os error 111)
[2026-04-19T03:27:06.173Z WARN  network::simple_sender] Failed to connect to 10.10.1.10:5046 (retry 0): Connection refused (os error 111)
[2026-04-19T03:27:06.175Z WARN  network::simple_sender] Failed to connect to 10.10.1.10:5046 (retry 0): Connection refused (os error 111)
[2026-04-19T03:27:06.179Z WARN  network::simple_sender] Failed to connect to 10.10.1.10:5046 (retry 0): Connection refused (os error 111)
