[2026-04-19T03:24:45.899Z INFO  worker::worker] Worker 0 listening to primary messages on 0.0.0.0:5017
[2026-04-19T03:24:45.899Z INFO  worker::worker] Worker 0 listening to client transactions on 0.0.0.0:5018
[2026-04-19T03:24:45.899Z INFO  worker::worker] Worker 0 listening to worker messages on 0.0.0.0:5019
[2026-04-19T03:24:45.899Z INFO  worker::worker] Worker 0 successfully booted on 10.10.1.4
[2026-04-19T03:24:45.901Z INFO  network::receiver] Incoming connection established with 10.10.1.6:45362
[2026-04-19T03:24:45.901Z WARN  network::receiver] Connection closed by peer 10.10.1.6:45362
[2026-04-19T03:24:45.901Z INFO  network::receiver] Incoming connection established with 10.10.1.9:40384
[2026-04-19T03:24:45.902Z WARN  network::receiver] Connection closed by peer 10.10.1.9:40384
[2026-04-19T03:24:45.903Z INFO  network::receiver] Incoming connection established with 10.10.1.1:39930
[2026-04-19T03:24:45.903Z INFO  network::receiver] Incoming connection established with 10.10.1.3:60708
[2026-04-19T03:24:45.903Z WARN  network::receiver] Connection closed by peer 10.10.1.1:39930
[2026-04-19T03:24:45.903Z WARN  network::receiver] Connection closed by peer 10.10.1.3:60708
[2026-04-19T03:24:45.905Z INFO  network::receiver] Incoming connection established with 10.10.1.10:43648
[2026-04-19T03:24:45.905Z WARN  network::receiver] Connection closed by peer 10.10.1.10:43648
[2026-04-19T03:24:45.907Z INFO  network::receiver] Incoming connection established with 10.10.1.2:45048
[2026-04-19T03:24:45.907Z WARN  network::receiver] Connection closed by peer 10.10.1.2:45048
[2026-04-19T03:24:45.908Z INFO  network::receiver] Incoming connection established with 10.10.1.7:46448
[2026-04-19T03:24:45.908Z WARN  network::receiver] Connection closed by peer 10.10.1.7:46448
[2026-04-19T03:24:45.909Z INFO  network::receiver] Incoming connection established with 10.10.1.8:37858
[2026-04-19T03:24:45.909Z INFO  network::receiver] Incoming connection established with 10.10.1.4:39430
[2026-04-19T03:24:45.910Z WARN  network::receiver] Connection closed by peer 10.10.1.4:39430
[2026-04-19T03:24:45.910Z WARN  network::receiver] Connection closed by peer 10.10.1.8:37858
[2026-04-19T03:24:45.911Z INFO  network::receiver] Incoming connection established with 10.10.1.5:43882
[2026-04-19T03:24:45.911Z WARN  network::receiver] Connection closed by peer 10.10.1.5:43882
[2026-04-19T03:24:46.165Z INFO  network::receiver] Incoming connection established with 10.10.1.4:48362
[2026-04-19T03:24:54.745Z INFO  network::receiver] Incoming connection established with 10.10.1.4:52168
[2026-04-19T03:24:54.760Z INFO  network::receiver] Incoming connection established with 10.10.1.5:39092
[2026-04-19T03:24:54.761Z INFO  network::receiver] Incoming connection established with 10.10.1.8:46892
[2026-04-19T03:24:54.766Z INFO  network::simple_sender] Outgoing connection established with 10.10.1.4:5016
[2026-04-19T03:24:54.777Z INFO  network::receiver] Incoming connection established with 10.10.1.7:38114
[2026-04-19T03:24:54.781Z INFO  network::receiver] Incoming connection established with 10.10.1.2:60524
[2026-04-19T03:24:54.794Z INFO  worker::batch_maker] Batch MrTEdFmbPMTvfSGSJQRVtATcnGV173sOiMD2gvai3Ws= contains sample tx 0
[2026-04-19T03:24:54.794Z INFO  worker::batch_maker] Batch MrTEdFmbPMTvfSGSJQRVtATcnGV173sOiMD2gvai3Ws= contains 204800 B
[2026-04-19T03:24:54.795Z INFO  network::reliable_sender] Outgoing connection established with 10.10.1.5:5024
[2026-04-19T03:24:54.795Z INFO  network::reliable_sender] Outgoing connection established with 10.10.1.7:5034
[2026-04-19T03:24:54.795Z INFO  network::receiver] Incoming connection established with 10.10.1.1:60262
[2026-04-19T03:24:54.795Z INFO  network::reliable_sender] Outgoing connection established with 10.10.1.1:5004
[2026-04-19T03:24:54.795Z INFO  network::reliable_sender] Outgoing connection established with 10.10.1.8:5039
[2026-04-19T03:24:54.795Z INFO  network::reliable_sender] Outgoing connection established with 10.10.1.3:5014
[2026-04-19T03:24:54.795Z INFO  network::reliable_sender] Outgoing connection established with 10.10.1.2:5009
[2026-04-19T03:24:54.795Z INFO  network::reliable_sender] Outgoing connection established with 10.10.1.6:5029
[2026-04-19T03:24:54.795Z INFO  network::reliable_sender] Outgoing connection established with 10.10.1.9:5044
[2026-04-19T03:24:54.795Z INFO  network::reliable_sender] Outgoing connection established with 10.10.1.10:5049
[2026-04-19T03:24:54.797Z INFO  network::receiver] Incoming connection established with 10.10.1.9:34674
[2026-04-19T03:24:54.798Z INFO  network::receiver] Incoming connection established with 10.10.1.10:59406
[2026-04-19T03:24:54.800Z INFO  network::receiver] Incoming connection established with 10.10.1.6:44186
[2026-04-19T03:24:54.801Z INFO  network::receiver] Incoming connection established with 10.10.1.3:39300
[2026-04-19T03:24:54.848Z INFO  worker::batch_maker] Batch XKiTeEcKZztNwjoE3KC9fIMFyCz2v48MemN+eiu57Sc= contains sample tx 1
[2026-04-19T03:24:54.848Z INFO  worker::batch_maker] Batch XKiTeEcKZztNwjoE3KC9fIMFyCz2v48MemN+eiu57Sc= contains 204800 B
[2026-04-19T03:24:54.904Z INFO  worker::batch_maker] Batch ep8jRV8I7lCFrQF64Ug4WlIpKXSsR2l9EZwAPa45QiA= contains sample tx 2
[2026-04-19T03:24:54.904Z INFO  worker::batch_maker] Batch ep8jRV8I7lCFrQF64Ug4WlIpKXSsR2l9EZwAPa45QiA= contains sample tx 3
[2026-04-19T03:24:54.904Z INFO  worker::batch_maker] Batch ep8jRV8I7lCFrQF64Ug4WlIpKXSsR2l9EZwAPa45QiA= contains 384000 B
[2026-04-19T03:24:54.959Z INFO  worker::batch_maker] Batch Oz0Q/S93h3U2GPZ2xLVvOVhgWvV0dze1qkbizxBod8A= contains sample tx 4
[2026-04-19T03:24:54.959Z INFO  worker::batch_maker] Batch Oz0Q/S93h3U2GPZ2xLVvOVhgWvV0dze1qkbizxBod8A= contains 230400 B
[2026-04-19T03:24:55.013Z INFO  worker::batch_maker] Batch gLpCWsJuVMpyhWefa76Dgfh9Wk49xg343iu+xkkCZDg= contains sample tx 5
[2026-04-19T03:24:55.013Z INFO  worker::batch_maker] Batch gLpCWsJuVMpyhWefa76Dgfh9Wk49xg343iu+xkkCZDg= contains 204800 B
[2026-04-19T03:24:55.066Z INFO  worker::batch_maker] Batch AF53AZOYLmzpHveOKnIXM7spjFmY9uganNTdwJ6R5CI= contains sample tx 6
[2026-04-19T03:24:55.066Z INFO  worker::batch_maker] Batch AF53AZOYLmzpHveOKnIXM7spjFmY9uganNTdwJ6R5CI= contains 204800 B
[2026-04-19T03:24:55.119Z INFO  worker::batch_maker] Batch /Y3VkTJBEBvIYj6NirTeUS1/deoMeEq8Q8FgXRinoFw= contains sample tx 7
[2026-04-19T03:24:55.119Z INFO  worker::batch_maker] Batch /Y3VkTJBEBvIYj6NirTeUS1/deoMeEq8Q8FgXRinoFw= contains 204800 B
[2026-04-19T03:24:55.171Z INFO  worker::batch_maker] Batch A7yZHbUDClbZn7WPlhJ5NEnDVXdKf2RkQMnqoYHFMYM= contains sample tx 8
[2026-04-19T03:24:55.171Z INFO  worker::batch_maker] Batch A7yZHbUDClbZn7WPlhJ5NEnDVXdKf2RkQMnqoYHFMYM= contains 204800 B
[2026-04-19T03:24:55.225Z INFO  worker::batch_maker] Batch EXIdr/uMBx++ng0JsOCZAx3Om5inBkhmHrvf/3uwdEI= contains sample tx 9
[2026-04-19T03:24:55.225Z INFO  worker::batch_maker] Batch EXIdr/uMBx++ng0JsOCZAx3Om5inBkhmHrvf/3uwdEI= contains 204800 B
[2026-04-19T03:24:55.281Z INFO  worker::batch_maker] Batch 6DMK2aCBb0n4PshhKC9JcZqo/Z3/9hllHAKdP3rPBUg= contains sample tx 10
[2026-04-19T03:24:55.281Z INFO  worker::batch_maker] Batch 6DMK2aCBb0n4PshhKC9JcZqo/Z3/9hllHAKdP3rPBUg= contains 204800 B
[2026-04-19T03:24:55.334Z INFO  worker::batch_maker] Batch ssKNliObkw51AeqRKJBZxDUQKZhBIM0ByzRNpLZULxk= contains sample tx 11
[2026-04-19T03:24:55.334Z INFO  worker::batch_maker] Batch ssKNliObkw51AeqRKJBZxDUQKZhBIM0ByzRNpLZULxk= contains 204800 B
[2026-04-19T03:24:55.387Z INFO  worker::batch_maker] Batch hhAW9sT8wAr+0+J+vWfHA47Do5gc9SBzrARVZmSXFzA= contains sample tx 12
[2026-04-19T03:24:55.387Z INFO  worker::batch_maker] Batch hhAW9sT8wAr+0+J+vWfHA47Do5gc9SBzrARVZmSXFzA= contains 204800 B
[2026-04-19T03:24:55.395Z INFO  network::receiver] Incoming connection established with 10.10.1.8:50620
[2026-04-19T03:24:55.396Z INFO  network::receiver] Incoming connection established with 10.10.1.10:35374
[2026-04-19T03:24:55.396Z INFO  network::simple_sender] Outgoing connection established with 10.10.1.4:5019
[2026-04-19T03:24:55.396Z INFO  network::receiver] Incoming connection established with 10.10.1.4:33106
[2026-04-19T03:24:55.441Z INFO  worker::batch_maker] Batch Vod+KoCC6AstmGrE2Ak+kp6w/XyPhLTI6Vznof/mn84= contains sample tx 13
[2026-04-19T03:24:55.441Z INFO  worker::batch_maker] Batch Vod+KoCC6AstmGrE2Ak+kp6w/XyPhLTI6Vznof/mn84= contains 204800 B
[2026-04-19T03:24:55.494Z INFO  worker::batch_maker] Batch SJAVJjYSkrTNWrHrttH4yXu1zXGrZKzjNvfOrqHDgYI= contains sample tx 14
[2026-04-19T03:24:55.494Z INFO  worker::batch_maker] Batch SJAVJjYSkrTNWrHrttH4yXu1zXGrZKzjNvfOrqHDgYI= contains 204800 B
[2026-04-19T03:24:55.547Z INFO  worker::batch_maker] Batch HTyQ28MvkOKiJJyl924STv3MXQrUtX1qYVtQR7JDDwo= contains sample tx 15
[2026-04-19T03:24:55.547Z INFO  worker::batch_maker] Batch HTyQ28MvkOKiJJyl924STv3MXQrUtX1qYVtQR7JDDwo= contains 204800 B
[2026-04-19T03:24:55.600Z INFO  worker::batch_maker] Batch 4s6gke1xatoufTMRulpXKqWWRaWGG4qtJ6ojbOSVyOY= contains sample tx 16
[2026-04-19T03:24:55.600Z INFO  worker::batch_maker] Batch 4s6gke1xatoufTMRulpXKqWWRaWGG4qtJ6ojbOSVyOY= contains 207360 B
[2026-04-19T03:24:55.655Z INFO  worker::batch_maker] Batch s0H5Nh+xuxDHzWLIgGF6feEIhnSq9CyaqU4hhYqVYd0= contains sample tx 17
[2026-04-19T03:24:55.655Z INFO  worker::batch_maker] Batch s0H5Nh+xuxDHzWLIgGF6feEIhnSq9CyaqU4hhYqVYd0= contains sample tx 18
[2026-04-19T03:24:55.655Z INFO  worker::batch_maker] Batch s0H5Nh+xuxDHzWLIgGF6feEIhnSq9CyaqU4hhYqVYd0= contains 388608 B
[2026-04-19T03:24:55.707Z INFO  worker::batch_maker] Batch 5hISv6zO+SwbDflS0K8gsxLudW+elUw2C/BpDMEYGCI= contains sample tx 19
[2026-04-19T03:24:55.707Z INFO  worker::batch_maker] Batch 5hISv6zO+SwbDflS0K8gsxLudW+elUw2C/BpDMEYGCI= contains 117760 B
[2026-04-19T03:24:55.761Z INFO  worker::batch_maker] Batch Fs3QU6yL7o3wntC9Tsb/mb4XDfPqo8xj5Q4ERcKdfps= contains sample tx 20
[2026-04-19T03:24:55.761Z INFO  worker::batch_maker] Batch Fs3QU6yL7o3wntC9Tsb/mb4XDfPqo8xj5Q4ERcKdfps= contains 310272 B
[2026-04-19T03:24:55.815Z INFO  worker::batch_maker] Batch ec8QCXBLntZpx3ruwExvx05XxZLynKwtfUcyu6pDFDk= contains sample tx 21
[2026-04-19T03:24:55.815Z INFO  worker::batch_maker] Batch ec8QCXBLntZpx3ruwExvx05XxZLynKwtfUcyu6pDFDk= contains 204800 B
[2026-04-19T03:24:55.868Z INFO  worker::batch_maker] Batch 7xnEtM3HWWFq4xy/IZcCj9p+BueUq918F6Qv72ie8i4= contains sample tx 22
[2026-04-19T03:24:55.868Z INFO  worker::batch_maker] Batch 7xnEtM3HWWFq4xy/IZcCj9p+BueUq918F6Qv72ie8i4= contains 204800 B
[2026-04-19T03:24:55.920Z INFO  worker::batch_maker] Batch jQb2KLNQzit+/D5MDiRfGls5WO/epW/Dv5l9dw0xMXc= contains sample tx 23
[2026-04-19T03:24:55.920Z INFO  worker::batch_maker] Batch jQb2KLNQzit+/D5MDiRfGls5WO/epW/Dv5l9dw0xMXc= contains 204800 B
[2026-04-19T03:24:55.973Z INFO  worker::batch_maker] Batch riSwCMoCdmDcfHHiqM5sU4l2HNkc78VZrvc8AchWn7M= contains sample tx 24
[2026-04-19T03:24:55.973Z INFO  worker::batch_maker] Batch riSwCMoCdmDcfHHiqM5sU4l2HNkc78VZrvc8AchWn7M= contains 204800 B
[2026-04-19T03:24:56.027Z INFO  worker::batch_maker] Batch YT8bhigqcu7b62eS4VSz+vfydlqGcGIZhiCpWFIpg0w= contains sample tx 25
[2026-04-19T03:24:56.027Z INFO  worker::batch_maker] Batch YT8bhigqcu7b62eS4VSz+vfydlqGcGIZhiCpWFIpg0w= contains 204800 B
[2026-04-19T03:24:56.079Z INFO  worker::batch_maker] Batch vNA1yyCpSYgayOXAhawdzLMfctCiPr45jCpYdTgDyBg= contains sample tx 26
[2026-04-19T03:24:56.079Z INFO  worker::batch_maker] Batch vNA1yyCpSYgayOXAhawdzLMfctCiPr45jCpYdTgDyBg= contains 204800 B
[2026-04-19T03:24:56.133Z INFO  worker::batch_maker] Batch woBMIOoWBG7g+jYM4DnupYypTWho3hc+uK6BkVt72JE= contains sample tx 27
[2026-04-19T03:24:56.133Z INFO  worker::batch_maker] Batch woBMIOoWBG7g+jYM4DnupYypTWho3hc+uK6BkVt72JE= contains 204800 B
[2026-04-19T03:24:56.187Z INFO  worker::batch_maker] Batch 4zaqWtmVqPtePGyqRtwKAQgV/MO3RLymnKpFTPrMAKY= contains sample tx 28
[2026-04-19T03:24:56.187Z INFO  worker::batch_maker] Batch 4zaqWtmVqPtePGyqRtwKAQgV/MO3RLymnKpFTPrMAKY= contains 204800 B
[2026-04-19T03:24:56.241Z INFO  worker::batch_maker] Batch 081fZhCQ12d2bdWQvHpep6Q/8RZcjY1iQxai0VY9yNY= contains sample tx 29
[2026-04-19T03:24:56.241Z INFO  worker::batch_maker] Batch 081fZhCQ12d2bdWQvHpep6Q/8RZcjY1iQxai0VY9yNY= contains 204800 B
[2026-04-19T03:24:56.294Z INFO  worker::batch_maker] Batch Dw8yX2VeFCkFZCR0O+gNG7gAjUiBKaAGVKKvvrwDhuM= contains sample tx 30
[2026-04-19T03:24:56.294Z INFO  worker::batch_maker] Batch Dw8yX2VeFCkFZCR0O+gNG7gAjUiBKaAGVKKvvrwDhuM= contains 204800 B
[2026-04-19T03:24:56.348Z INFO  worker::batch_maker] Batch T7AKdHlw80uEGtWLdxUuGfJorFqN/Iygcueb5ObzniU= contains sample tx 31
[2026-04-19T03:24:56.348Z INFO  worker::batch_maker] Batch T7AKdHlw80uEGtWLdxUuGfJorFqN/Iygcueb5ObzniU= contains 204800 B
[2026-04-19T03:24:56.403Z INFO  worker::batch_maker] Batch poQQHsbZhu1xboDIDswulM9hafVbKEULeIuGs0xSJvE= contains sample tx 32
[2026-04-19T03:24:56.403Z INFO  worker::batch_maker] Batch poQQHsbZhu1xboDIDswulM9hafVbKEULeIuGs0xSJvE= contains sample tx 33
[2026-04-19T03:24:56.403Z INFO  worker::batch_maker] Batch poQQHsbZhu1xboDIDswulM9hafVbKEULeIuGs0xSJvE= contains 223232 B
[2026-04-19T03:24:56.457Z INFO  worker::batch_maker] Batch I/szl+bl3TENWuldNCuF5pb9QMisnJ+mdgwrUPuNTxQ= contains sample tx 34
[2026-04-19T03:24:56.457Z INFO  worker::batch_maker] Batch I/szl+bl3TENWuldNCuF5pb9QMisnJ+mdgwrUPuNTxQ= contains 303104 B
[2026-04-19T03:24:56.511Z INFO  worker::batch_maker] Batch smr1mm6UdGkT2ZkwCVg/AI5jBGH08LPGL1d556MSaLg= contains sample tx 35
[2026-04-19T03:24:56.511Z INFO  worker::batch_maker] Batch smr1mm6UdGkT2ZkwCVg/AI5jBGH08LPGL1d556MSaLg= contains 292864 B
[2026-04-19T03:24:56.565Z INFO  worker::batch_maker] Batch XKHfIhnkO+0dw9ArJ664lt01gBQb95Jaj/xsJE8ebb8= contains sample tx 36
[2026-04-19T03:24:56.565Z INFO  worker::batch_maker] Batch XKHfIhnkO+0dw9ArJ664lt01gBQb95Jaj/xsJE8ebb8= contains 204800 B
[2026-04-19T03:24:56.618Z INFO  worker::batch_maker] Batch HCQxpceWBv+G0NWiLqgWJ78oCkARlEwYJk4JjsV72SM= contains sample tx 37
[2026-04-19T03:24:56.618Z INFO  worker::batch_maker] Batch HCQxpceWBv+G0NWiLqgWJ78oCkARlEwYJk4JjsV72SM= contains 204800 B
[2026-04-19T03:24:56.672Z INFO  worker::batch_maker] Batch JGE90yCvxW4zWBBXbV/J+4f8ECKW02n+LzfHZyGbt7w= contains sample tx 38
[2026-04-19T03:24:56.672Z INFO  worker::batch_maker] Batch JGE90yCvxW4zWBBXbV/J+4f8ECKW02n+LzfHZyGbt7w= contains 204800 B
[2026-04-19T03:24:56.723Z INFO  worker::batch_maker] Batch 2wAkSMble9zeGxh2/DFRIJ49coiNRR0epuUyPgWSKXc= contains sample tx 39
[2026-04-19T03:24:56.723Z INFO  worker::batch_maker] Batch 2wAkSMble9zeGxh2/DFRIJ49coiNRR0epuUyPgWSKXc= contains 71168 B
[2026-04-19T03:24:56.778Z INFO  worker::batch_maker] Batch lvIZ9DN8tJ0REWDM3WjfDxVfZ1VIE9/PIo5aHG0Y940= contains sample tx 40
[2026-04-19T03:24:56.778Z INFO  worker::batch_maker] Batch lvIZ9DN8tJ0REWDM3WjfDxVfZ1VIE9/PIo5aHG0Y940= contains 338432 B
[2026-04-19T03:24:56.832Z INFO  worker::batch_maker] Batch zaF7fmHbd0r7Ek6U9KJbQJ0YEFSoUjj2IwvBVqsQkpY= contains sample tx 41
[2026-04-19T03:24:56.832Z INFO  worker::batch_maker] Batch zaF7fmHbd0r7Ek6U9KJbQJ0YEFSoUjj2IwvBVqsQkpY= contains 204800 B
[2026-04-19T03:24:56.885Z INFO  worker::batch_maker] Batch zC+q6IN82Ye5LaVE6vf5+QG6u2+LdQY24e4HXcQ3lt8= contains sample tx 42
[2026-04-19T03:24:56.894Z INFO  worker::batch_maker] Batch zC+q6IN82Ye5LaVE6vf5+QG6u2+LdQY24e4HXcQ3lt8= contains 204800 B
[2026-04-19T03:24:56.948Z INFO  worker::batch_maker] Batch Z2Ydpxui1EyIs1dCB8Ab0bcoNhgYHcZKYF9G/MOetWI= contains sample tx 43
[2026-04-19T03:24:56.948Z INFO  worker::batch_maker] Batch Z2Ydpxui1EyIs1dCB8Ab0bcoNhgYHcZKYF9G/MOetWI= contains 204800 B
[2026-04-19T03:24:57.003Z INFO  worker::batch_maker] Batch Xx/TZu04L2XC8Stx8Wqd12pLlIS7pMusXmPjCyFvRqs= contains sample tx 44
[2026-04-19T03:24:57.003Z INFO  worker::batch_maker] Batch Xx/TZu04L2XC8Stx8Wqd12pLlIS7pMusXmPjCyFvRqs= contains sample tx 45
[2026-04-19T03:24:57.003Z INFO  worker::batch_maker] Batch Xx/TZu04L2XC8Stx8Wqd12pLlIS7pMusXmPjCyFvRqs= contains 245760 B
[2026-04-19T03:24:57.059Z INFO  worker::batch_maker] Batch EW0TjpNhjFHwwYnkRDQOZoEZrmfJmysVM/GHUYGPVkU= contains sample tx 46
[2026-04-19T03:24:57.059Z INFO  worker::batch_maker] Batch EW0TjpNhjFHwwYnkRDQOZoEZrmfJmysVM/GHUYGPVkU= contains 368640 B
[2026-04-19T03:24:57.113Z INFO  worker::batch_maker] Batch /iDLMPl+Fj7d4tsxY7ssw+BkalRcOf8svjt4wUfrdWA= contains sample tx 47
[2026-04-19T03:24:57.113Z INFO  worker::batch_maker] Batch /iDLMPl+Fj7d4tsxY7ssw+BkalRcOf8svjt4wUfrdWA= contains 204800 B
[2026-04-19T03:24:57.166Z INFO  worker::batch_maker] Batch 1PDXg9uTTpLUkCHUEOIB8sgzg01qtJzTtRU4be8gnNw= contains sample tx 48
[2026-04-19T03:24:57.166Z INFO  worker::batch_maker] Batch 1PDXg9uTTpLUkCHUEOIB8sgzg01qtJzTtRU4be8gnNw= contains 204800 B
[2026-04-19T03:24:57.219Z INFO  worker::batch_maker] Batch 6julE1m06ImiuIkst1vnTVzn2zCEwcgEBlr3RmzRKK0= contains sample tx 49
[2026-04-19T03:24:57.219Z INFO  worker::batch_maker] Batch 6julE1m06ImiuIkst1vnTVzn2zCEwcgEBlr3RmzRKK0= contains 204800 B
[2026-04-19T03:24:57.272Z INFO  worker::batch_maker] Batch eXZAE+CE5ENyuQZ6ztrpp+LW7TibujwgyRbHyTGMO78= contains sample tx 50
[2026-04-19T03:24:57.272Z INFO  worker::batch_maker] Batch eXZAE+CE5ENyuQZ6ztrpp+LW7TibujwgyRbHyTGMO78= contains 204800 B
[2026-04-19T03:24:57.324Z INFO  worker::batch_maker] Batch GHZAXEUP2lt8XnWLyX/QCtMigGwlmoNi7PSvZErjs8w= contains sample tx 51
[2026-04-19T03:24:57.324Z INFO  worker::batch_maker] Batch GHZAXEUP2lt8XnWLyX/QCtMigGwlmoNi7PSvZErjs8w= contains 204800 B
[2026-04-19T03:24:57.377Z INFO  worker::batch_maker] Batch xeDkNmVOOaqT523BHkcReWxfsJ4n195t8BPW29SYX+w= contains sample tx 52
[2026-04-19T03:24:57.377Z INFO  worker::batch_maker] Batch xeDkNmVOOaqT523BHkcReWxfsJ4n195t8BPW29SYX+w= contains 204800 B
[2026-04-19T03:24:57.430Z INFO  worker::batch_maker] Batch 1W0WrDUF/XEnI9oJ74CcCa01b1ZoY3RyQym0jVekmug= contains sample tx 53
[2026-04-19T03:24:57.430Z INFO  worker::batch_maker] Batch 1W0WrDUF/XEnI9oJ74CcCa01b1ZoY3RyQym0jVekmug= contains 204800 B
[2026-04-19T03:24:57.484Z INFO  worker::batch_maker] Batch LN7WcAgIeuWzs5s+qdqtBOTR/lpe4aIx+8knyL/WWzA= contains sample tx 54
[2026-04-19T03:24:57.484Z INFO  worker::batch_maker] Batch LN7WcAgIeuWzs5s+qdqtBOTR/lpe4aIx+8knyL/WWzA= contains 204800 B
[2026-04-19T03:24:57.536Z INFO  worker::batch_maker] Batch LhtWsZZhG84T/9+XDcab/E852Cch5AIp6iI+1rLybgs= contains sample tx 55
[2026-04-19T03:24:57.536Z INFO  worker::batch_maker] Batch LhtWsZZhG84T/9+XDcab/E852Cch5AIp6iI+1rLybgs= contains 204800 B
[2026-04-19T03:24:57.590Z INFO  worker::batch_maker] Batch q2PuL52j6SO7i5zfDb8TF8K0a/t1E6pdIX7I95lOLlU= contains sample tx 56
[2026-04-19T03:24:57.590Z INFO  worker::batch_maker] Batch q2PuL52j6SO7i5zfDb8TF8K0a/t1E6pdIX7I95lOLlU= contains 204800 B
[2026-04-19T03:24:57.644Z INFO  worker::batch_maker] Batch EW2bisw7C1ufYZKNDVPitkjY5j3LbJx1ElguQ5efRRU= contains sample tx 57
[2026-04-19T03:24:57.644Z INFO  worker::batch_maker] Batch EW2bisw7C1ufYZKNDVPitkjY5j3LbJx1ElguQ5efRRU= contains 204800 B
[2026-04-19T03:24:57.697Z INFO  worker::batch_maker] Batch aMX2S43kWM/YMOn9aaNYmvGJVCKjQZpvPGDYLknCVOY= contains sample tx 58
[2026-04-19T03:24:57.697Z INFO  worker::batch_maker] Batch aMX2S43kWM/YMOn9aaNYmvGJVCKjQZpvPGDYLknCVOY= contains 204800 B
[2026-04-19T03:24:57.750Z INFO  worker::batch_maker] Batch fc1wmBQmciBc/UoENb8nw83pd1iHgH80NROdWhsjnTk= contains sample tx 59
[2026-04-19T03:24:57.750Z INFO  worker::batch_maker] Batch fc1wmBQmciBc/UoENb8nw83pd1iHgH80NROdWhsjnTk= contains 204800 B
[2026-04-19T03:24:57.804Z INFO  worker::batch_maker] Batch Hh4H5DZSAu8uksjf0u41x+nxb6pk4dkFzvOhA2Z7Xhg= contains sample tx 60
[2026-04-19T03:24:57.804Z INFO  worker::batch_maker] Batch Hh4H5DZSAu8uksjf0u41x+nxb6pk4dkFzvOhA2Z7Xhg= contains sample tx 61
[2026-04-19T03:24:57.804Z INFO  worker::batch_maker] Batch Hh4H5DZSAu8uksjf0u41x+nxb6pk4dkFzvOhA2Z7Xhg= contains 379904 B
[2026-04-19T03:24:57.857Z INFO  worker::batch_maker] Batch JpzCnixG6a9vfwcBEDAwRB7/SKlmcSHnqw0qDNWdZ9U= contains sample tx 62
[2026-04-19T03:24:57.857Z INFO  worker::batch_maker] Batch JpzCnixG6a9vfwcBEDAwRB7/SKlmcSHnqw0qDNWdZ9U= contains 234496 B
[2026-04-19T03:24:57.910Z INFO  worker::batch_maker] Batch xPKC6EVI1QupfactzDVvCFf/thd/LNdScOguxvrxJJ4= contains sample tx 63
[2026-04-19T03:24:57.910Z INFO  worker::batch_maker] Batch xPKC6EVI1QupfactzDVvCFf/thd/LNdScOguxvrxJJ4= contains 204800 B
[2026-04-19T03:24:57.962Z INFO  worker::batch_maker] Batch SRH4DYEaiUY6bMxAZDKPX7dpZ0dOG0gXADJd1dHW+Ns= contains sample tx 64
[2026-04-19T03:24:57.962Z INFO  worker::batch_maker] Batch SRH4DYEaiUY6bMxAZDKPX7dpZ0dOG0gXADJd1dHW+Ns= contains 204800 B
[2026-04-19T03:24:58.016Z INFO  worker::batch_maker] Batch IuFsqvQGPt421VkMF9ek48RWOj3vP3UklhaJ2uSBweg= contains sample tx 65
[2026-04-19T03:24:58.016Z INFO  worker::batch_maker] Batch IuFsqvQGPt421VkMF9ek48RWOj3vP3UklhaJ2uSBweg= contains 204800 B
[2026-04-19T03:24:58.070Z INFO  worker::batch_maker] Batch zdYhn9Vavz1MDRFxAu3Kp34V/rV228a04KXi8/NakvU= contains sample tx 66
[2026-04-19T03:24:58.070Z INFO  worker::batch_maker] Batch zdYhn9Vavz1MDRFxAu3Kp34V/rV228a04KXi8/NakvU= contains 204800 B
[2026-04-19T03:24:58.122Z INFO  worker::batch_maker] Batch 6WkXlYnOqB+E1O7UMPsnMbMFOCH41+oT2Nbf6hlwNf4= contains sample tx 67
[2026-04-19T03:24:58.123Z INFO  worker::batch_maker] Batch 6WkXlYnOqB+E1O7UMPsnMbMFOCH41+oT2Nbf6hlwNf4= contains 204800 B
[2026-04-19T03:24:58.176Z INFO  worker::batch_maker] Batch 5B0EiIrHTbgUb52vT3h3Eys9YBHh4AnLd0cEHleKyF0= contains sample tx 68
[2026-04-19T03:24:58.176Z INFO  worker::batch_maker] Batch 5B0EiIrHTbgUb52vT3h3Eys9YBHh4AnLd0cEHleKyF0= contains 204800 B
[2026-04-19T03:24:58.230Z INFO  worker::batch_maker] Batch kNHHXKlcLnGoGQdYUARqqDw3ZmGI3WgzFepIKi0ftYo= contains sample tx 69
[2026-04-19T03:24:58.230Z INFO  worker::batch_maker] Batch kNHHXKlcLnGoGQdYUARqqDw3ZmGI3WgzFepIKi0ftYo= contains 204800 B
[2026-04-19T03:24:58.284Z INFO  worker::batch_maker] Batch aYk53ARMRdKB+ZDK527AM1o6lXnxScNvhvfqeL6WKOU= contains sample tx 70
[2026-04-19T03:24:58.284Z INFO  worker::batch_maker] Batch aYk53ARMRdKB+ZDK527AM1o6lXnxScNvhvfqeL6WKOU= contains 204800 B
[2026-04-19T03:24:58.337Z INFO  worker::batch_maker] Batch oCzKC1rjCoKFufAe9mcBqT+fPSAko5hUYJdAfwjdApU= contains sample tx 71
[2026-04-19T03:24:58.337Z INFO  worker::batch_maker] Batch oCzKC1rjCoKFufAe9mcBqT+fPSAko5hUYJdAfwjdApU= contains 204800 B
[2026-04-19T03:24:58.391Z INFO  worker::batch_maker] Batch ceeg96qhO1gTqk+4ZnRaGL1SX6gAOe8hE2+i33ywunQ= contains sample tx 72
[2026-04-19T03:24:58.391Z INFO  worker::batch_maker] Batch ceeg96qhO1gTqk+4ZnRaGL1SX6gAOe8hE2+i33ywunQ= contains 204800 B
[2026-04-19T03:24:58.445Z INFO  worker::batch_maker] Batch YxV+p1HHpP0/ggYZS94AeH5SNh+T0oeIoAdYJJP47hs= contains sample tx 73
[2026-04-19T03:24:58.446Z INFO  worker::batch_maker] Batch YxV+p1HHpP0/ggYZS94AeH5SNh+T0oeIoAdYJJP47hs= contains 204800 B
[2026-04-19T03:24:58.451Z INFO  network::receiver] Incoming connection established with 10.10.1.9:57342
[2026-04-19T03:24:58.451Z INFO  network::receiver] Incoming connection established with 10.10.1.5:47174
[2026-04-19T03:24:58.498Z INFO  worker::batch_maker] Batch xGwOrpExeNU6taF0B8Up611CPnJN3UCyWyTaiY/jcSc= contains sample tx 74
[2026-04-19T03:24:58.498Z INFO  worker::batch_maker] Batch xGwOrpExeNU6taF0B8Up611CPnJN3UCyWyTaiY/jcSc= contains 204800 B
[2026-04-19T03:24:58.555Z INFO  worker::batch_maker] Batch BOpqzA+pz0/olk/hVrpV0TV/cffDNZt9igX1FoUbR34= contains sample tx 75
[2026-04-19T03:24:58.555Z INFO  worker::batch_maker] Batch BOpqzA+pz0/olk/hVrpV0TV/cffDNZt9igX1FoUbR34= contains sample tx 76
[2026-04-19T03:24:58.555Z INFO  worker::batch_maker] Batch BOpqzA+pz0/olk/hVrpV0TV/cffDNZt9igX1FoUbR34= contains 407040 B
[2026-04-19T03:24:58.609Z INFO  worker::batch_maker] Batch RNktSlbz3sA1KXksuGfTtSB6a1Jql84MdrM9vqfE2G0= contains sample tx 77
[2026-04-19T03:24:58.609Z INFO  worker::batch_maker] Batch RNktSlbz3sA1KXksuGfTtSB6a1Jql84MdrM9vqfE2G0= contains 207360 B
[2026-04-19T03:24:58.661Z INFO  worker::batch_maker] Batch 4AV46JFimJX0Lxb4GVdHoUnyoipElLdIRbIRAXPZMtw= contains sample tx 78
[2026-04-19T03:24:58.661Z INFO  worker::batch_maker] Batch 4AV46JFimJX0Lxb4GVdHoUnyoipElLdIRbIRAXPZMtw= contains 204800 B
[2026-04-19T03:24:58.713Z INFO  worker::batch_maker] Batch DBt4t1vkeHIQNkXB2L5LXvfJzL/Q4DOFeFAvixXrpQc= contains sample tx 79
[2026-04-19T03:24:58.713Z INFO  worker::batch_maker] Batch DBt4t1vkeHIQNkXB2L5LXvfJzL/Q4DOFeFAvixXrpQc= contains 204800 B
[2026-04-19T03:24:58.766Z INFO  worker::batch_maker] Batch hFQR6/3oewjcziRRrxqc3fJrYvJTzNvu15o26U/BVdk= contains sample tx 80
[2026-04-19T03:24:58.766Z INFO  worker::batch_maker] Batch hFQR6/3oewjcziRRrxqc3fJrYvJTzNvu15o26U/BVdk= contains 204800 B
[2026-04-19T03:24:58.819Z INFO  worker::batch_maker] Batch LUEietEyzjLfuWp0bPJmeqbJmt+oMNSWB1DEI3D+El0= contains sample tx 81
[2026-04-19T03:24:58.819Z INFO  worker::batch_maker] Batch LUEietEyzjLfuWp0bPJmeqbJmt+oMNSWB1DEI3D+El0= contains 204800 B
[2026-04-19T03:24:58.871Z INFO  worker::batch_maker] Batch xkoeE4F1NKWtMQuWNAOt5L9m8RvGusIc+RPgC6Nnvfk= contains sample tx 82
[2026-04-19T03:24:58.871Z INFO  worker::batch_maker] Batch xkoeE4F1NKWtMQuWNAOt5L9m8RvGusIc+RPgC6Nnvfk= contains 204800 B
[2026-04-19T03:24:58.924Z INFO  worker::batch_maker] Batch DfhxuIT/A+RWd9m/rpuW0BLghzyiNUnoVpCyO+lWlro= contains sample tx 83
[2026-04-19T03:24:58.924Z INFO  worker::batch_maker] Batch DfhxuIT/A+RWd9m/rpuW0BLghzyiNUnoVpCyO+lWlro= contains 204800 B
[2026-04-19T03:24:58.977Z INFO  worker::batch_maker] Batch Gn01Dniekaa3UkIzo8Hp3H5Hj+TVHFeZ6ToUa7y9FWk= contains sample tx 84
[2026-04-19T03:24:58.977Z INFO  worker::batch_maker] Batch Gn01Dniekaa3UkIzo8Hp3H5Hj+TVHFeZ6ToUa7y9FWk= contains 204800 B
[2026-04-19T03:24:59.031Z INFO  worker::batch_maker] Batch gcDeZCWb1izCul47dUeiUBnsUY/R50mA0IBWgHzyR6Y= contains sample tx 85
[2026-04-19T03:24:59.031Z INFO  worker::batch_maker] Batch gcDeZCWb1izCul47dUeiUBnsUY/R50mA0IBWgHzyR6Y= contains 204800 B
[2026-04-19T03:24:59.084Z INFO  worker::batch_maker] Batch TIVaNWtYbjZP5MsmAW4wGg8L8m52rH1pSafAnJT2YB8= contains sample tx 86
[2026-04-19T03:24:59.084Z INFO  worker::batch_maker] Batch TIVaNWtYbjZP5MsmAW4wGg8L8m52rH1pSafAnJT2YB8= contains 204800 B
[2026-04-19T03:24:59.136Z INFO  worker::batch_maker] Batch lLl/q7M6dk8uxxtXOi7Gtjbo+W87lhliVdspQikAFns= contains sample tx 87
[2026-04-19T03:24:59.136Z INFO  worker::batch_maker] Batch lLl/q7M6dk8uxxtXOi7Gtjbo+W87lhliVdspQikAFns= contains 204800 B
[2026-04-19T03:24:59.190Z INFO  worker::batch_maker] Batch V0xwxmmybqfsfSF5n818kHc51y361xNbIHi++GhTwcU= contains sample tx 88
[2026-04-19T03:24:59.190Z INFO  worker::batch_maker] Batch V0xwxmmybqfsfSF5n818kHc51y361xNbIHi++GhTwcU= contains 204800 B
[2026-04-19T03:24:59.243Z INFO  worker::batch_maker] Batch bUhKLKfIKwUX9IXd5mbClTt/cwLo4FORrI7gWcML1SM= contains sample tx 89
[2026-04-19T03:24:59.243Z INFO  worker::batch_maker] Batch bUhKLKfIKwUX9IXd5mbClTt/cwLo4FORrI7gWcML1SM= contains 204800 B
[2026-04-19T03:24:59.296Z INFO  worker::batch_maker] Batch wYiZ2DopYTxmSje5GUY5/WQy5xk/7h4OZr0EQHshnqA= contains sample tx 90
[2026-04-19T03:24:59.296Z INFO  worker::batch_maker] Batch wYiZ2DopYTxmSje5GUY5/WQy5xk/7h4OZr0EQHshnqA= contains 204800 B
[2026-04-19T03:24:59.351Z INFO  worker::batch_maker] Batch w6oOC2Fk1IR97LYLFc3bSUcovNY/5U3oULrP2mak36w= contains sample tx 91
[2026-04-19T03:24:59.351Z INFO  worker::batch_maker] Batch w6oOC2Fk1IR97LYLFc3bSUcovNY/5U3oULrP2mak36w= contains 225280 B
[2026-04-19T03:24:59.405Z INFO  worker::batch_maker] Batch ISaEyTuw2P5dcyV60uWEXYHp7JK9LmtsHu6OC++voZE= contains sample tx 92
[2026-04-19T03:24:59.405Z INFO  worker::batch_maker] Batch ISaEyTuw2P5dcyV60uWEXYHp7JK9LmtsHu6OC++voZE= contains sample tx 93
[2026-04-19T03:24:59.405Z INFO  worker::batch_maker] Batch ISaEyTuw2P5dcyV60uWEXYHp7JK9LmtsHu6OC++voZE= contains 389120 B
[2026-04-19T03:24:59.459Z INFO  worker::batch_maker] Batch BmIeEC/FX/asSLfPnqC1d/s66yjRJwHI9Gaj9QRADaE= contains sample tx 94
[2026-04-19T03:24:59.459Z INFO  worker::batch_maker] Batch BmIeEC/FX/asSLfPnqC1d/s66yjRJwHI9Gaj9QRADaE= contains 204800 B
[2026-04-19T03:24:59.513Z INFO  worker::batch_maker] Batch rhWn06b/7xnrdW70bB90w4OpEOiHRGG7cCcAqOwj6Ew= contains sample tx 95
[2026-04-19T03:24:59.513Z INFO  worker::batch_maker] Batch rhWn06b/7xnrdW70bB90w4OpEOiHRGG7cCcAqOwj6Ew= contains 204800 B
[2026-04-19T03:24:59.566Z INFO  worker::batch_maker] Batch aaagQTbYmCXpXt6HBCp1QjAcfxfPps3sSSAu9z1iLZI= contains sample tx 96
[2026-04-19T03:24:59.566Z INFO  worker::batch_maker] Batch aaagQTbYmCXpXt6HBCp1QjAcfxfPps3sSSAu9z1iLZI= contains 204800 B
[2026-04-19T03:24:59.620Z INFO  worker::batch_maker] Batch 0FwAWpU8taA2wdg6gMLFr/v90N2QES7Xxkug1hUf0Bg= contains sample tx 97
[2026-04-19T03:24:59.620Z INFO  worker::batch_maker] Batch 0FwAWpU8taA2wdg6gMLFr/v90N2QES7Xxkug1hUf0Bg= contains 204800 B
[2026-04-19T03:24:59.673Z INFO  worker::batch_maker] Batch 7Vf4BtMVc/rNJbHuMKuRQK2pHvVfV6mhYIm/ChpcuhQ= contains sample tx 98
[2026-04-19T03:24:59.673Z INFO  worker::batch_maker] Batch 7Vf4BtMVc/rNJbHuMKuRQK2pHvVfV6mhYIm/ChpcuhQ= contains 204800 B
[2026-04-19T03:24:59.727Z INFO  worker::batch_maker] Batch FRO51jbGfoZIp1B7o/qUQDTXayZ6G6xRCxlI726mipA= contains sample tx 99
[2026-04-19T03:24:59.727Z INFO  worker::batch_maker] Batch FRO51jbGfoZIp1B7o/qUQDTXayZ6G6xRCxlI726mipA= contains 204800 B
[2026-04-19T03:24:59.780Z INFO  worker::batch_maker] Batch UIrBseMZX55SQ24J1Y0+89f8+P1l/IyWuuYHeCMLcyQ= contains sample tx 100
[2026-04-19T03:24:59.780Z INFO  worker::batch_maker] Batch UIrBseMZX55SQ24J1Y0+89f8+P1l/IyWuuYHeCMLcyQ= contains 204800 B
[2026-04-19T03:24:59.833Z INFO  worker::batch_maker] Batch /wtL9zHSxeV393V6L79iHiQTwTKT+TKAps9iQnEGf38= contains sample tx 101
[2026-04-19T03:24:59.833Z INFO  worker::batch_maker] Batch /wtL9zHSxeV393V6L79iHiQTwTKT+TKAps9iQnEGf38= contains 204800 B
[2026-04-19T03:24:59.886Z INFO  worker::batch_maker] Batch zXZyEj5QBv1cyKn7DOzbw3RXah36fEFgzB06MjKvunk= contains sample tx 102
[2026-04-19T03:24:59.886Z INFO  worker::batch_maker] Batch zXZyEj5QBv1cyKn7DOzbw3RXah36fEFgzB06MjKvunk= contains 204800 B
[2026-04-19T03:24:59.940Z INFO  worker::batch_maker] Batch F3uk4e8kJ4mMsvmV/DiKQXy9vxHyFMxoMTS4aUXc898= contains sample tx 103
[2026-04-19T03:24:59.940Z INFO  worker::batch_maker] Batch F3uk4e8kJ4mMsvmV/DiKQXy9vxHyFMxoMTS4aUXc898= contains 204800 B
[2026-04-19T03:24:59.994Z INFO  worker::batch_maker] Batch S/LyoS54T8kawk0p6PAKJcKBVmexSTZ/I7H6pH7dbfI= contains sample tx 104
[2026-04-19T03:25:00.043Z INFO  worker::batch_maker] Batch S/LyoS54T8kawk0p6PAKJcKBVmexSTZ/I7H6pH7dbfI= contains 204800 B
[2026-04-19T03:25:00.100Z INFO  worker::batch_maker] Batch drLQpdEwj+2fEUGPeuh6l6n6vGm+b/mVfQ2bxsXDd8E= contains sample tx 105
[2026-04-19T03:25:00.100Z INFO  worker::batch_maker] Batch drLQpdEwj+2fEUGPeuh6l6n6vGm+b/mVfQ2bxsXDd8E= contains sample tx 106
[2026-04-19T03:25:00.100Z INFO  worker::batch_maker] Batch drLQpdEwj+2fEUGPeuh6l6n6vGm+b/mVfQ2bxsXDd8E= contains 409600 B
[2026-04-19T03:25:00.157Z INFO  worker::batch_maker] Batch 50PWyulwIVhnwpZ1YIhQbQj0LrLKZSGd7gInVKleC+4= contains sample tx 107
[2026-04-19T03:25:00.157Z INFO  worker::batch_maker] Batch 50PWyulwIVhnwpZ1YIhQbQj0LrLKZSGd7gInVKleC+4= contains sample tx 108
[2026-04-19T03:25:00.157Z INFO  worker::batch_maker] Batch 50PWyulwIVhnwpZ1YIhQbQj0LrLKZSGd7gInVKleC+4= contains 409600 B
[2026-04-19T03:25:00.211Z INFO  worker::batch_maker] Batch PHF6T8kXryfoYwcniJmZJKK7FSEuOTBwXms16GW5r1Y= contains sample tx 109
[2026-04-19T03:25:00.212Z INFO  worker::batch_maker] Batch PHF6T8kXryfoYwcniJmZJKK7FSEuOTBwXms16GW5r1Y= contains 204800 B
[2026-04-19T03:25:00.265Z INFO  worker::batch_maker] Batch BnF5zFywASkCw9799zY9V3IXoJHdYZw0I2K1Vr4dRJg= contains sample tx 110
[2026-04-19T03:25:00.265Z INFO  worker::batch_maker] Batch BnF5zFywASkCw9799zY9V3IXoJHdYZw0I2K1Vr4dRJg= contains 204800 B
[2026-04-19T03:25:00.317Z INFO  worker::batch_maker] Batch gn0RthfLQLbUnGiA+6vFM7wFNdTVmZmyQdFDvBD1CEw= contains sample tx 111
[2026-04-19T03:25:00.317Z INFO  worker::batch_maker] Batch gn0RthfLQLbUnGiA+6vFM7wFNdTVmZmyQdFDvBD1CEw= contains 204800 B
[2026-04-19T03:25:00.371Z INFO  worker::batch_maker] Batch rr2cIW+97eLNvHb4q7N7ns5a4YmYS9gtYEZGuuhFTFM= contains sample tx 112
[2026-04-19T03:25:00.371Z INFO  worker::batch_maker] Batch rr2cIW+97eLNvHb4q7N7ns5a4YmYS9gtYEZGuuhFTFM= contains 204800 B
[2026-04-19T03:25:00.424Z INFO  worker::batch_maker] Batch hu7pQnIuUDKqCJjdkCh46amJjcv8EsXmhxT6xrmQzWM= contains sample tx 113
[2026-04-19T03:25:00.424Z INFO  worker::batch_maker] Batch hu7pQnIuUDKqCJjdkCh46amJjcv8EsXmhxT6xrmQzWM= contains 204800 B
[2026-04-19T03:25:00.478Z INFO  worker::batch_maker] Batch uM3LA/hPfzqq46IG+RkWwE7pQHaZAkBcyL9DyM16G4A= contains sample tx 114
[2026-04-19T03:25:00.478Z INFO  worker::batch_maker] Batch uM3LA/hPfzqq46IG+RkWwE7pQHaZAkBcyL9DyM16G4A= contains 204800 B
[2026-04-19T03:25:00.532Z INFO  worker::batch_maker] Batch NfXbTyPUgs9hb70XxE0TjAb23RmaDGYZwuQ0utr30Dc= contains sample tx 115
[2026-04-19T03:25:00.532Z INFO  worker::batch_maker] Batch NfXbTyPUgs9hb70XxE0TjAb23RmaDGYZwuQ0utr30Dc= contains 204800 B
[2026-04-19T03:25:00.584Z INFO  worker::batch_maker] Batch eH/oVEvQj22jqE+M2cDRDyn0VTZ+g20UxUyM3a85WfA= contains sample tx 116
[2026-04-19T03:25:00.584Z INFO  worker::batch_maker] Batch eH/oVEvQj22jqE+M2cDRDyn0VTZ+g20UxUyM3a85WfA= contains 204800 B
[2026-04-19T03:25:00.639Z INFO  worker::batch_maker] Batch MR2fZht8WoETrb3VfiJmDgRiRt99fySjCtc6DpENp5k= contains sample tx 117
[2026-04-19T03:25:00.639Z INFO  worker::batch_maker] Batch MR2fZht8WoETrb3VfiJmDgRiRt99fySjCtc6DpENp5k= contains 204800 B
[2026-04-19T03:25:00.692Z INFO  worker::batch_maker] Batch ugPomTSKJfNv5nfWXv97JzD7FdAUcdub0TrKghAcPMQ= contains sample tx 118
[2026-04-19T03:25:00.692Z INFO  worker::batch_maker] Batch ugPomTSKJfNv5nfWXv97JzD7FdAUcdub0TrKghAcPMQ= contains 204800 B
[2026-04-19T03:25:00.746Z INFO  worker::batch_maker] Batch DR4LWeZc7V1Iy1n/yojqxJWv8rMoQxXn0c99P8tWBRs= contains sample tx 119
[2026-04-19T03:25:00.746Z INFO  worker::batch_maker] Batch DR4LWeZc7V1Iy1n/yojqxJWv8rMoQxXn0c99P8tWBRs= contains 204800 B
[2026-04-19T03:25:00.799Z INFO  worker::batch_maker] Batch 9/WDqzrowSAp096HBCGSq+TxT0hFZrM4Y49s9EZOUwQ= contains sample tx 120
[2026-04-19T03:25:00.799Z INFO  worker::batch_maker] Batch 9/WDqzrowSAp096HBCGSq+TxT0hFZrM4Y49s9EZOUwQ= contains 204800 B
[2026-04-19T03:25:00.856Z INFO  worker::batch_maker] Batch rKDTnMWH+bhLt9KOmDB173Uvp7StSmgTK0TclPGNOXw= contains sample tx 121
[2026-04-19T03:25:00.856Z INFO  worker::batch_maker] Batch rKDTnMWH+bhLt9KOmDB173Uvp7StSmgTK0TclPGNOXw= contains sample tx 122
[2026-04-19T03:25:00.856Z INFO  worker::batch_maker] Batch rKDTnMWH+bhLt9KOmDB173Uvp7StSmgTK0TclPGNOXw= contains 409600 B
[2026-04-19T03:25:00.910Z INFO  worker::batch_maker] Batch Zs7g/rVc2GWVMKHAJIV3cFZfT+D5HtbXIam439wzTAM= contains sample tx 123
[2026-04-19T03:25:00.910Z INFO  worker::batch_maker] Batch Zs7g/rVc2GWVMKHAJIV3cFZfT+D5HtbXIam439wzTAM= contains 204800 B
[2026-04-19T03:25:00.963Z INFO  worker::batch_maker] Batch HIDJRhqf5Bv9EQnOb/otZg1PAL4dMxMlBP62PctjNGA= contains sample tx 124
[2026-04-19T03:25:00.964Z INFO  worker::batch_maker] Batch HIDJRhqf5Bv9EQnOb/otZg1PAL4dMxMlBP62PctjNGA= contains 204800 B
[2026-04-19T03:25:01.017Z INFO  worker::batch_maker] Batch 8jSkwyzkYbfFUIQOk51WAeFWLqG61AW9EZH+GGc4a/A= contains sample tx 125
[2026-04-19T03:25:01.017Z INFO  worker::batch_maker] Batch 8jSkwyzkYbfFUIQOk51WAeFWLqG61AW9EZH+GGc4a/A= contains 204800 B
[2026-04-19T03:25:01.069Z INFO  worker::batch_maker] Batch yWnYoR+uq10LJgVUOuHJgZi5bkWWSsOWBO/bH7BeBGY= contains sample tx 126
[2026-04-19T03:25:01.069Z INFO  worker::batch_maker] Batch yWnYoR+uq10LJgVUOuHJgZi5bkWWSsOWBO/bH7BeBGY= contains 204800 B
[2026-04-19T03:25:01.123Z INFO  worker::batch_maker] Batch Vx66sobuPwyrs7UkfBvDLwUR6moXW2QD/VOFwTTi4Vg= contains sample tx 127
[2026-04-19T03:25:01.123Z INFO  worker::batch_maker] Batch Vx66sobuPwyrs7UkfBvDLwUR6moXW2QD/VOFwTTi4Vg= contains 204800 B
[2026-04-19T03:25:01.175Z INFO  worker::batch_maker] Batch 0yC266j+HKRN1RRFFkBMJSLhpPxUBSJOzKUVsNrdBzo= contains sample tx 128
[2026-04-19T03:25:01.175Z INFO  worker::batch_maker] Batch 0yC266j+HKRN1RRFFkBMJSLhpPxUBSJOzKUVsNrdBzo= contains 204800 B
[2026-04-19T03:25:01.228Z INFO  worker::batch_maker] Batch 2D7EqAYyzDUkmzHJTUMI7nkgzIF5lFiYdxgauzvMrU0= contains sample tx 129
[2026-04-19T03:25:01.228Z INFO  worker::batch_maker] Batch 2D7EqAYyzDUkmzHJTUMI7nkgzIF5lFiYdxgauzvMrU0= contains 204800 B
[2026-04-19T03:25:01.282Z INFO  worker::batch_maker] Batch PJzft9Bsp0LVOXUqD2HOZJtKbGnzA8YFvrmP9B9+NVM= contains sample tx 130
[2026-04-19T03:25:01.282Z INFO  worker::batch_maker] Batch PJzft9Bsp0LVOXUqD2HOZJtKbGnzA8YFvrmP9B9+NVM= contains 204800 B
[2026-04-19T03:25:01.334Z INFO  worker::batch_maker] Batch AVoW0sw2jo6neR4f5v5iHXzKQRtDAXMu3WJj0c3hCzA= contains sample tx 131
[2026-04-19T03:25:01.334Z INFO  worker::batch_maker] Batch AVoW0sw2jo6neR4f5v5iHXzKQRtDAXMu3WJj0c3hCzA= contains 204800 B
[2026-04-19T03:25:01.386Z INFO  worker::batch_maker] Batch 32CvOjcXucG3EMKqyUNm9Bn7KKbWnT+QMBVwxSVR0Ic= contains sample tx 132
[2026-04-19T03:25:01.386Z INFO  worker::batch_maker] Batch 32CvOjcXucG3EMKqyUNm9Bn7KKbWnT+QMBVwxSVR0Ic= contains 204800 B
[2026-04-19T03:25:01.439Z INFO  worker::batch_maker] Batch dEQSPN1tEChpW4z8vI8eb3w9zM4Kmrtoo0gFoDpNMj4= contains sample tx 133
[2026-04-19T03:25:01.439Z INFO  worker::batch_maker] Batch dEQSPN1tEChpW4z8vI8eb3w9zM4Kmrtoo0gFoDpNMj4= contains 204800 B
[2026-04-19T03:25:01.492Z INFO  worker::batch_maker] Batch c+UPB6UQv3E+RJzsUXtmzHyZxZaCUfRw6bq4KnZjIGg= contains sample tx 134
[2026-04-19T03:25:01.492Z INFO  worker::batch_maker] Batch c+UPB6UQv3E+RJzsUXtmzHyZxZaCUfRw6bq4KnZjIGg= contains 204800 B
[2026-04-19T03:25:01.544Z INFO  worker::batch_maker] Batch 5SXMQbGsfaa4P4LhxYx9EF4sYihV/NFqSmycXVlbszs= contains sample tx 135
[2026-04-19T03:25:01.545Z INFO  worker::batch_maker] Batch 5SXMQbGsfaa4P4LhxYx9EF4sYihV/NFqSmycXVlbszs= contains 204800 B
[2026-04-19T03:25:01.598Z INFO  worker::batch_maker] Batch Tu9CbB3orFyj+YettmFSJC+RdHk0Id3i5fvZvEQGzTE= contains sample tx 136
[2026-04-19T03:25:01.598Z INFO  worker::batch_maker] Batch Tu9CbB3orFyj+YettmFSJC+RdHk0Id3i5fvZvEQGzTE= contains 204800 B
[2026-04-19T03:25:01.653Z INFO  worker::batch_maker] Batch oQGSBogC2oM47CSkn4P0QevRA3SD/VMARcBrV7vM5bc= contains sample tx 137
[2026-04-19T03:25:01.653Z INFO  worker::batch_maker] Batch oQGSBogC2oM47CSkn4P0QevRA3SD/VMARcBrV7vM5bc= contains sample tx 138
[2026-04-19T03:25:01.653Z INFO  worker::batch_maker] Batch oQGSBogC2oM47CSkn4P0QevRA3SD/VMARcBrV7vM5bc= contains 339968 B
[2026-04-19T03:25:01.705Z INFO  worker::batch_maker] Batch o0BN5GAi3eQtw3NCZEzjYspaYcbPC8PSlJ8TIthxjU0= contains 140800 B
[2026-04-19T03:25:01.760Z INFO  worker::batch_maker] Batch 2HhGDfxaao+zzjVEJq+e4NlgIvlQR5b0mLtFBN2ftEk= contains sample tx 139
[2026-04-19T03:25:01.760Z INFO  worker::batch_maker] Batch 2HhGDfxaao+zzjVEJq+e4NlgIvlQR5b0mLtFBN2ftEk= contains sample tx 140
[2026-04-19T03:25:01.760Z INFO  worker::batch_maker] Batch 2HhGDfxaao+zzjVEJq+e4NlgIvlQR5b0mLtFBN2ftEk= contains 338432 B
[2026-04-19T03:25:01.812Z INFO  worker::batch_maker] Batch w/63snVnioXBSDpsvbtoCIUwiFAUPoKqWWl/PqKzyLg= contains sample tx 141
[2026-04-19T03:25:01.812Z INFO  worker::batch_maker] Batch w/63snVnioXBSDpsvbtoCIUwiFAUPoKqWWl/PqKzyLg= contains 204800 B
[2026-04-19T03:25:01.864Z INFO  worker::batch_maker] Batch K2npzNOD0mL9ixKJi/zYRDNGF+6EjgBPHpV5VH1cXGE= contains sample tx 142
[2026-04-19T03:25:01.864Z INFO  worker::batch_maker] Batch K2npzNOD0mL9ixKJi/zYRDNGF+6EjgBPHpV5VH1cXGE= contains 204800 B
[2026-04-19T03:25:01.918Z INFO  worker::batch_maker] Batch jcV0xR/mIM/yDR04UBGVdBUq6ZANuELh8jyE1WMjFjg= contains sample tx 143
[2026-04-19T03:25:01.918Z INFO  worker::batch_maker] Batch jcV0xR/mIM/yDR04UBGVdBUq6ZANuELh8jyE1WMjFjg= contains 204800 B
[2026-04-19T03:25:01.970Z INFO  worker::batch_maker] Batch ry3SBy291+U4wo87DixtvOpwm+IQ/uBvZT7IUfmoO7g= contains sample tx 144
[2026-04-19T03:25:01.970Z INFO  worker::batch_maker] Batch ry3SBy291+U4wo87DixtvOpwm+IQ/uBvZT7IUfmoO7g= contains 204800 B
[2026-04-19T03:25:02.021Z INFO  worker::batch_maker] Batch WqElKfsUKAEx6eIvM3ZSk4m7Bs2SOmqxwk1MH/U+vVU= contains sample tx 145
[2026-04-19T03:25:02.021Z INFO  worker::batch_maker] Batch WqElKfsUKAEx6eIvM3ZSk4m7Bs2SOmqxwk1MH/U+vVU= contains 204800 B
[2026-04-19T03:25:02.073Z INFO  worker::batch_maker] Batch vNDCfQKBNpZd3lDwtdKwwvWFC+D/vMfj6RM1ChoXJaE= contains sample tx 146
[2026-04-19T03:25:02.073Z INFO  worker::batch_maker] Batch vNDCfQKBNpZd3lDwtdKwwvWFC+D/vMfj6RM1ChoXJaE= contains 204800 B
[2026-04-19T03:25:02.126Z INFO  worker::batch_maker] Batch y5bXyGe7lG+8g+jyQJZVR36ZoyuA4Zz8FlPw97Fn6xc= contains sample tx 147
[2026-04-19T03:25:02.126Z INFO  worker::batch_maker] Batch y5bXyGe7lG+8g+jyQJZVR36ZoyuA4Zz8FlPw97Fn6xc= contains 204800 B
[2026-04-19T03:25:02.178Z INFO  worker::batch_maker] Batch q55EvpwzEX/OyeqDiF0ebBDQ5IvenBQfdWTYfFi+YzA= contains sample tx 148
[2026-04-19T03:25:02.178Z INFO  worker::batch_maker] Batch q55EvpwzEX/OyeqDiF0ebBDQ5IvenBQfdWTYfFi+YzA= contains 204800 B
[2026-04-19T03:25:02.231Z INFO  worker::batch_maker] Batch UcycaY9c8/fQ/BTbalEaRd3na9xDse5MnYffA48hgkM= contains sample tx 149
[2026-04-19T03:25:02.231Z INFO  worker::batch_maker] Batch UcycaY9c8/fQ/BTbalEaRd3na9xDse5MnYffA48hgkM= contains 204800 B
[2026-04-19T03:25:02.284Z INFO  worker::batch_maker] Batch Jn2pwzWVwjk/hAl3d/0fe6Ur5o0FJGQaG0Uxp/QM/oA= contains sample tx 150
[2026-04-19T03:25:02.284Z INFO  worker::batch_maker] Batch Jn2pwzWVwjk/hAl3d/0fe6Ur5o0FJGQaG0Uxp/QM/oA= contains 204800 B
[2026-04-19T03:25:02.335Z INFO  worker::batch_maker] Batch ya+4e6LhPKGZ6v0GsttQl/0LIfxP6QGfm2LTPMlzL2M= contains sample tx 151
[2026-04-19T03:25:02.335Z INFO  worker::batch_maker] Batch ya+4e6LhPKGZ6v0GsttQl/0LIfxP6QGfm2LTPMlzL2M= contains 204800 B
[2026-04-19T03:25:02.389Z INFO  worker::batch_maker] Batch 87BtKMij3KqqcB/rSlaG5l1dh2P+bmupPdmHQ/+L3ZQ= contains sample tx 152
[2026-04-19T03:25:02.389Z INFO  worker::batch_maker] Batch 87BtKMij3KqqcB/rSlaG5l1dh2P+bmupPdmHQ/+L3ZQ= contains 204800 B
[2026-04-19T03:25:02.442Z INFO  worker::batch_maker] Batch fj5R6vY5j4okxyTK1dg789Cc6wRJG4PnemVwn/UHtW4= contains sample tx 153
[2026-04-19T03:25:02.442Z INFO  worker::batch_maker] Batch fj5R6vY5j4okxyTK1dg789Cc6wRJG4PnemVwn/UHtW4= contains 204800 B
[2026-04-19T03:25:02.494Z INFO  worker::batch_maker] Batch 4JS0SXv8h3AUAKU+OsVQg+yAL1Ny2BFFiHMOeafBc2I= contains sample tx 154
[2026-04-19T03:25:02.494Z INFO  worker::batch_maker] Batch 4JS0SXv8h3AUAKU+OsVQg+yAL1Ny2BFFiHMOeafBc2I= contains 204800 B
[2026-04-19T03:25:02.546Z INFO  worker::batch_maker] Batch bU2Mte3PYduab/CD+VB40MaiQsxJxpC5Geg8/2j7ayA= contains sample tx 155
[2026-04-19T03:25:02.546Z INFO  worker::batch_maker] Batch bU2Mte3PYduab/CD+VB40MaiQsxJxpC5Geg8/2j7ayA= contains 204800 B
[2026-04-19T03:25:02.598Z INFO  worker::batch_maker] Batch b601rPOl1UvY0zHCAZHPAjBygBRHJjlFfOoXW33I6gU= contains sample tx 156
[2026-04-19T03:25:02.598Z INFO  worker::batch_maker] Batch b601rPOl1UvY0zHCAZHPAjBygBRHJjlFfOoXW33I6gU= contains 204800 B
[2026-04-19T03:25:02.653Z INFO  worker::batch_maker] Batch Of8a3g+rmTUFZzzWtHF73TusFGWc1lu9qlB0DtB5fNc= contains sample tx 157
[2026-04-19T03:25:02.653Z INFO  worker::batch_maker] Batch Of8a3g+rmTUFZzzWtHF73TusFGWc1lu9qlB0DtB5fNc= contains sample tx 158
[2026-04-19T03:25:02.653Z INFO  worker::batch_maker] Batch Of8a3g+rmTUFZzzWtHF73TusFGWc1lu9qlB0DtB5fNc= contains 373248 B
[2026-04-19T03:25:02.705Z INFO  worker::batch_maker] Batch 2DCIFyuCr0EkapkZFoJI5fhCrA2JvO39tiMoDBwOstU= contains sample tx 159
[2026-04-19T03:25:02.705Z INFO  worker::batch_maker] Batch 2DCIFyuCr0EkapkZFoJI5fhCrA2JvO39tiMoDBwOstU= contains 241152 B
[2026-04-19T03:25:02.756Z INFO  worker::batch_maker] Batch leaR4LyumC4W1SGiiKRa//f0VXqEaBcINt3oK1m0cwI= contains sample tx 160
[2026-04-19T03:25:02.756Z INFO  worker::batch_maker] Batch leaR4LyumC4W1SGiiKRa//f0VXqEaBcINt3oK1m0cwI= contains 204800 B
[2026-04-19T03:25:02.762Z INFO  network::receiver] Incoming connection established with 10.10.1.2:51394
[2026-04-19T03:25:02.764Z INFO  network::receiver] Incoming connection established with 10.10.1.1:53454
[2026-04-19T03:25:02.810Z INFO  worker::batch_maker] Batch uy942UZRPBqKNRiBahfegq3zonahsixRwcxL85JZcSg= contains sample tx 161
[2026-04-19T03:25:02.810Z INFO  worker::batch_maker] Batch uy942UZRPBqKNRiBahfegq3zonahsixRwcxL85JZcSg= contains 204800 B
[2026-04-19T03:25:02.863Z INFO  worker::batch_maker] Batch +9Tp/fxRvwc1brZqOUznkCmPTtsuEtTapRa1EZvpyAQ= contains sample tx 162
[2026-04-19T03:25:02.863Z INFO  worker::batch_maker] Batch +9Tp/fxRvwc1brZqOUznkCmPTtsuEtTapRa1EZvpyAQ= contains 204800 B
[2026-04-19T03:25:02.917Z INFO  worker::batch_maker] Batch jzrXs5do7hTy0rTcD+P7XakqE6uxIRYNRoXa5NZ4rvI= contains sample tx 163
[2026-04-19T03:25:02.917Z INFO  worker::batch_maker] Batch jzrXs5do7hTy0rTcD+P7XakqE6uxIRYNRoXa5NZ4rvI= contains 204800 B
[2026-04-19T03:25:02.971Z INFO  worker::batch_maker] Batch iHNwYfMQPzi3nNR76Us85tGsDBuBfU/Xye+hvZNqrt4= contains sample tx 164
[2026-04-19T03:25:02.971Z INFO  worker::batch_maker] Batch iHNwYfMQPzi3nNR76Us85tGsDBuBfU/Xye+hvZNqrt4= contains 204800 B
[2026-04-19T03:25:03.025Z INFO  worker::batch_maker] Batch V16A5tdQiuHkxFbjC9IjQLcuhMTqVwtD4dSRwyuoHAc= contains sample tx 165
[2026-04-19T03:25:03.025Z INFO  worker::batch_maker] Batch V16A5tdQiuHkxFbjC9IjQLcuhMTqVwtD4dSRwyuoHAc= contains 204800 B
[2026-04-19T03:25:03.079Z INFO  worker::batch_maker] Batch S94SAJdOUrVbXKWqa3B0TKrpbdTO9ROhIw9xtsEL6W0= contains sample tx 166
[2026-04-19T03:25:03.079Z INFO  worker::batch_maker] Batch S94SAJdOUrVbXKWqa3B0TKrpbdTO9ROhIw9xtsEL6W0= contains 204800 B
[2026-04-19T03:25:03.132Z INFO  worker::batch_maker] Batch tNZpkY8U08Lz50fF3o0ngvr1qO63/Gc4iS3woi4ko4g= contains sample tx 167
[2026-04-19T03:25:03.132Z INFO  worker::batch_maker] Batch tNZpkY8U08Lz50fF3o0ngvr1qO63/Gc4iS3woi4ko4g= contains 204800 B
[2026-04-19T03:25:03.184Z INFO  worker::batch_maker] Batch UZF2vKqdSyev764FTKQrr8Jb7//z5uSgjYyhtJlo+nc= contains sample tx 168
[2026-04-19T03:25:03.184Z INFO  worker::batch_maker] Batch UZF2vKqdSyev764FTKQrr8Jb7//z5uSgjYyhtJlo+nc= contains 204800 B
[2026-04-19T03:25:03.237Z INFO  worker::batch_maker] Batch HecS8BvnyCp4wG76iRQFmuxXj1rX4OJIwcqTKcuadq8= contains sample tx 169
[2026-04-19T03:25:03.237Z INFO  worker::batch_maker] Batch HecS8BvnyCp4wG76iRQFmuxXj1rX4OJIwcqTKcuadq8= contains 204800 B
[2026-04-19T03:25:03.289Z INFO  worker::batch_maker] Batch XmTzUjRou350dGZ+NQ08uU2hTRRrruYC8hW+Cc15yno= contains sample tx 170
[2026-04-19T03:25:03.289Z INFO  worker::batch_maker] Batch XmTzUjRou350dGZ+NQ08uU2hTRRrruYC8hW+Cc15yno= contains 204800 B
[2026-04-19T03:25:03.342Z INFO  worker::batch_maker] Batch GG9fAwU8WX8fhLKrMo6qVL8j33s7EvUv3Z51pz0Cbww= contains sample tx 171
[2026-04-19T03:25:03.342Z INFO  worker::batch_maker] Batch GG9fAwU8WX8fhLKrMo6qVL8j33s7EvUv3Z51pz0Cbww= contains 204800 B
[2026-04-19T03:25:03.396Z INFO  worker::batch_maker] Batch gRlSI4HT6cXuF+xUELOQwRhSEwRmUd4RHL2tLAjb9RA= contains sample tx 172
[2026-04-19T03:25:03.396Z INFO  worker::batch_maker] Batch gRlSI4HT6cXuF+xUELOQwRhSEwRmUd4RHL2tLAjb9RA= contains 204800 B
[2026-04-19T03:25:03.448Z INFO  worker::batch_maker] Batch x9tbaBbikkFGIkdAzOMEIMIZc29+aEG7CprWHFaPQTk= contains sample tx 173
[2026-04-19T03:25:03.448Z INFO  worker::batch_maker] Batch x9tbaBbikkFGIkdAzOMEIMIZc29+aEG7CprWHFaPQTk= contains 204800 B
[2026-04-19T03:25:03.501Z INFO  worker::batch_maker] Batch XTASYcfFVBmavaLEawj6JyWWKbkWPumiDlfVRejFQ68= contains sample tx 174
[2026-04-19T03:25:03.501Z INFO  worker::batch_maker] Batch XTASYcfFVBmavaLEawj6JyWWKbkWPumiDlfVRejFQ68= contains 269824 B
[2026-04-19T03:25:03.557Z INFO  worker::batch_maker] Batch mJz36Y9+BlcJYz2FP+CgvwMvrFK3dwlTh10/qd7UP/c= contains sample tx 175
[2026-04-19T03:25:03.557Z INFO  worker::batch_maker] Batch mJz36Y9+BlcJYz2FP+CgvwMvrFK3dwlTh10/qd7UP/c= contains sample tx 176
[2026-04-19T03:25:03.557Z INFO  worker::batch_maker] Batch mJz36Y9+BlcJYz2FP+CgvwMvrFK3dwlTh10/qd7UP/c= contains 344576 B
[2026-04-19T03:25:03.565Z INFO  network::receiver] Incoming connection established with 10.10.1.7:59568
[2026-04-19T03:25:03.610Z INFO  worker::batch_maker] Batch l53AcmsllcX3eznpn1La2A0LT/wIXzMwnH8VJq143mc= contains sample tx 177
[2026-04-19T03:25:03.610Z INFO  worker::batch_maker] Batch l53AcmsllcX3eznpn1La2A0LT/wIXzMwnH8VJq143mc= contains 204800 B
[2026-04-19T03:25:03.663Z INFO  worker::batch_maker] Batch Py+o/eCYqbIPMiAikmvpEQBzblhDwZKFMt+/zbw/2RE= contains sample tx 178
[2026-04-19T03:25:03.663Z INFO  worker::batch_maker] Batch Py+o/eCYqbIPMiAikmvpEQBzblhDwZKFMt+/zbw/2RE= contains 204800 B
[2026-04-19T03:25:03.718Z INFO  worker::batch_maker] Batch yYdSC3QfPe6GEVPpSVrVe+kymHJwwZONoimiSuTznY4= contains sample tx 179
[2026-04-19T03:25:03.718Z INFO  worker::batch_maker] Batch yYdSC3QfPe6GEVPpSVrVe+kymHJwwZONoimiSuTznY4= contains 204800 B
[2026-04-19T03:25:03.772Z INFO  worker::batch_maker] Batch 34rMZ/hNw/rMlbIrkKRGklDy0mAV3eVhcv5GzqRDWrg= contains sample tx 180
[2026-04-19T03:25:03.772Z INFO  worker::batch_maker] Batch 34rMZ/hNw/rMlbIrkKRGklDy0mAV3eVhcv5GzqRDWrg= contains 204800 B
[2026-04-19T03:25:03.826Z INFO  worker::batch_maker] Batch fqJSKops7d1SpKW4Pt6ZcvoFopF6qj7P88vijRIR4nI= contains sample tx 181
[2026-04-19T03:25:03.826Z INFO  worker::batch_maker] Batch fqJSKops7d1SpKW4Pt6ZcvoFopF6qj7P88vijRIR4nI= contains 204800 B
[2026-04-19T03:25:03.879Z INFO  worker::batch_maker] Batch 6O8zLRJc+1KRLe5eXgUvATH9wVjlNWceN7a/c2313Eg= contains sample tx 182
[2026-04-19T03:25:03.879Z INFO  worker::batch_maker] Batch 6O8zLRJc+1KRLe5eXgUvATH9wVjlNWceN7a/c2313Eg= contains 204800 B
[2026-04-19T03:25:03.933Z INFO  worker::batch_maker] Batch n8WsRitPO5f+/oi23ZIRyBNRNr6JHH98JFzhTuRCXRE= contains sample tx 183
[2026-04-19T03:25:03.933Z INFO  worker::batch_maker] Batch n8WsRitPO5f+/oi23ZIRyBNRNr6JHH98JFzhTuRCXRE= contains 204800 B
[2026-04-19T03:25:03.986Z INFO  worker::batch_maker] Batch 9H7K0T90yHCyGiDxjdBPX/z7EwTFbo/lmQoIitZpgAM= contains sample tx 184
[2026-04-19T03:25:03.986Z INFO  worker::batch_maker] Batch 9H7K0T90yHCyGiDxjdBPX/z7EwTFbo/lmQoIitZpgAM= contains 204800 B
[2026-04-19T03:25:04.041Z INFO  worker::batch_maker] Batch cY7KUv8FZswUfDw5V0CIBSpnOpZG6zBKWyBmanRnHMM= contains sample tx 185
[2026-04-19T03:25:04.041Z INFO  worker::batch_maker] Batch cY7KUv8FZswUfDw5V0CIBSpnOpZG6zBKWyBmanRnHMM= contains 204800 B
[2026-04-19T03:25:04.094Z INFO  worker::batch_maker] Batch Ymnb7vl2ELsMGOrkmk/FcKAdtoPzdIbNM0D9JWqVwBo= contains sample tx 186
[2026-04-19T03:25:04.094Z INFO  worker::batch_maker] Batch Ymnb7vl2ELsMGOrkmk/FcKAdtoPzdIbNM0D9JWqVwBo= contains 204800 B
[2026-04-19T03:25:04.148Z INFO  worker::batch_maker] Batch Jhch5cWpHJaszacryYBLelInlxlw0fRf4Z1We43VC5g= contains sample tx 187
[2026-04-19T03:25:04.148Z INFO  worker::batch_maker] Batch Jhch5cWpHJaszacryYBLelInlxlw0fRf4Z1We43VC5g= contains 204800 B
[2026-04-19T03:25:04.202Z INFO  worker::batch_maker] Batch uMhkKx8ZQo7fJvQObPvar9caQ3HI2e9jrXE4j6g7QdU= contains sample tx 188
[2026-04-19T03:25:04.202Z INFO  worker::batch_maker] Batch uMhkKx8ZQo7fJvQObPvar9caQ3HI2e9jrXE4j6g7QdU= contains sample tx 189
[2026-04-19T03:25:04.202Z INFO  worker::batch_maker] Batch uMhkKx8ZQo7fJvQObPvar9caQ3HI2e9jrXE4j6g7QdU= contains 357888 B
[2026-04-19T03:25:04.255Z INFO  worker::batch_maker] Batch eX3WUpEqNOM5lFmi7nPdrfO0JfTP5L3fP32RK4CJS2s= contains sample tx 190
[2026-04-19T03:25:04.255Z INFO  worker::batch_maker] Batch eX3WUpEqNOM5lFmi7nPdrfO0JfTP5L3fP32RK4CJS2s= contains 256512 B
[2026-04-19T03:25:04.267Z INFO  network::receiver] Incoming connection established with 10.10.1.3:52196
[2026-04-19T03:25:04.309Z INFO  worker::batch_maker] Batch El6H0r0X/nEpSXBCv3s74et/mJW7ZKQ1AjXtR0m75GE= contains sample tx 191
[2026-04-19T03:25:04.309Z INFO  worker::batch_maker] Batch El6H0r0X/nEpSXBCv3s74et/mJW7ZKQ1AjXtR0m75GE= contains 204800 B
[2026-04-19T03:25:04.363Z INFO  worker::batch_maker] Batch wBuoBmqnm3hDO8PR5WmSxpJtL8fVNpN8qB5xa+tLLy0= contains sample tx 192
[2026-04-19T03:25:04.363Z INFO  worker::batch_maker] Batch wBuoBmqnm3hDO8PR5WmSxpJtL8fVNpN8qB5xa+tLLy0= contains 204800 B
[2026-04-19T03:25:04.416Z INFO  worker::batch_maker] Batch 5E93t0UaY4B+jKC99gMjyJMgWkf4cabaopMOwiJVoVQ= contains sample tx 193
[2026-04-19T03:25:04.416Z INFO  worker::batch_maker] Batch 5E93t0UaY4B+jKC99gMjyJMgWkf4cabaopMOwiJVoVQ= contains 204800 B
[2026-04-19T03:25:04.470Z INFO  worker::batch_maker] Batch FNB4lRlc/Eo+KjwSio/zl820vY00Uejw8Gj8a6JcyYM= contains sample tx 194
[2026-04-19T03:25:04.470Z INFO  worker::batch_maker] Batch FNB4lRlc/Eo+KjwSio/zl820vY00Uejw8Gj8a6JcyYM= contains 204800 B
[2026-04-19T03:25:04.523Z INFO  worker::batch_maker] Batch 2lVVc+zGKIenZg32e6RpkU8kYRMGiy3CN9BXeLllX+Q= contains sample tx 195
[2026-04-19T03:25:04.523Z INFO  worker::batch_maker] Batch 2lVVc+zGKIenZg32e6RpkU8kYRMGiy3CN9BXeLllX+Q= contains 204800 B
[2026-04-19T03:25:04.577Z INFO  worker::batch_maker] Batch hR5bCn0WulOiAFTSNyejdNh/op+MfEpg4Oyo/w5BDOI= contains sample tx 196
[2026-04-19T03:25:04.577Z INFO  worker::batch_maker] Batch hR5bCn0WulOiAFTSNyejdNh/op+MfEpg4Oyo/w5BDOI= contains 204800 B
[2026-04-19T03:25:04.630Z INFO  worker::batch_maker] Batch tqKStZtHJzvYR4HhBlojLCq7rJPHJ7oTkdZci50lSJ8= contains sample tx 197
[2026-04-19T03:25:04.630Z INFO  worker::batch_maker] Batch tqKStZtHJzvYR4HhBlojLCq7rJPHJ7oTkdZci50lSJ8= contains 204800 B
[2026-04-19T03:25:04.683Z INFO  worker::batch_maker] Batch 0ZETvu5Wt+aoO7/KJet1HeNmaiE3BhmhcBYCRLesuO8= contains sample tx 198
[2026-04-19T03:25:04.683Z INFO  worker::batch_maker] Batch 0ZETvu5Wt+aoO7/KJet1HeNmaiE3BhmhcBYCRLesuO8= contains 204800 B
[2026-04-19T03:25:04.735Z INFO  worker::batch_maker] Batch NVv0/OlQiH9mnG3Usxi62TlYlAA8zpJTOIJj+EhRGcE= contains sample tx 199
[2026-04-19T03:25:04.735Z INFO  worker::batch_maker] Batch NVv0/OlQiH9mnG3Usxi62TlYlAA8zpJTOIJj+EhRGcE= contains 204800 B
[2026-04-19T03:25:04.789Z INFO  worker::batch_maker] Batch fywe2QzcALo4I01y52NQjgRpkbCe6OOFuNQ1AKvfdk0= contains sample tx 200
[2026-04-19T03:25:04.789Z INFO  worker::batch_maker] Batch fywe2QzcALo4I01y52NQjgRpkbCe6OOFuNQ1AKvfdk0= contains 204800 B
[2026-04-19T03:25:04.843Z INFO  worker::batch_maker] Batch zqZYcHe2csBDQGbDgnezkk/BXtAo8YyyJ4rR4GdeYL4= contains sample tx 201
[2026-04-19T03:25:04.843Z INFO  worker::batch_maker] Batch zqZYcHe2csBDQGbDgnezkk/BXtAo8YyyJ4rR4GdeYL4= contains 204800 B
[2026-04-19T03:25:04.896Z INFO  worker::batch_maker] Batch Sa99Hqy7s6iT1BysQ6IBogmagbX1/G2sOFDpD4P4hao= contains sample tx 202
[2026-04-19T03:25:04.896Z INFO  worker::batch_maker] Batch Sa99Hqy7s6iT1BysQ6IBogmagbX1/G2sOFDpD4P4hao= contains 204800 B
[2026-04-19T03:25:04.954Z INFO  worker::batch_maker] Batch rVJ9YS4nXrYwY8FpeBjmGzHxm194KBzeH1AKEz8OUn4= contains sample tx 203
[2026-04-19T03:25:04.955Z INFO  worker::batch_maker] Batch rVJ9YS4nXrYwY8FpeBjmGzHxm194KBzeH1AKEz8OUn4= contains 243200 B
[2026-04-19T03:25:05.009Z INFO  worker::batch_maker] Batch ujZfLL66J/NBEjyzWvAwHQsqs1YSAvx/iM0JB3dlL/k= contains sample tx 204
[2026-04-19T03:25:05.009Z INFO  worker::batch_maker] Batch ujZfLL66J/NBEjyzWvAwHQsqs1YSAvx/iM0JB3dlL/k= contains sample tx 205
[2026-04-19T03:25:05.009Z INFO  worker::batch_maker] Batch ujZfLL66J/NBEjyzWvAwHQsqs1YSAvx/iM0JB3dlL/k= contains 371200 B
[2026-04-19T03:25:05.062Z INFO  worker::batch_maker] Batch OWOmcAAaLQkrYuHQ1mhcDwYpvDciB2SuYaRLg0+hOF8= contains sample tx 206
[2026-04-19T03:25:05.062Z INFO  worker::batch_maker] Batch OWOmcAAaLQkrYuHQ1mhcDwYpvDciB2SuYaRLg0+hOF8= contains 204800 B
[2026-04-19T03:25:05.115Z INFO  worker::batch_maker] Batch ixz+uSzJQwgsef1awrTkCYZ4vnq5Vi5Dl3UvOyfU7h4= contains sample tx 207
[2026-04-19T03:25:05.115Z INFO  worker::batch_maker] Batch ixz+uSzJQwgsef1awrTkCYZ4vnq5Vi5Dl3UvOyfU7h4= contains 204800 B
[2026-04-19T03:25:05.169Z INFO  worker::batch_maker] Batch KriQ8XhWbVDB1ywzh+PI5IuBRvhQxRMQXuskBw3LaQI= contains sample tx 208
[2026-04-19T03:25:05.169Z INFO  worker::batch_maker] Batch KriQ8XhWbVDB1ywzh+PI5IuBRvhQxRMQXuskBw3LaQI= contains 204800 B
[2026-04-19T03:25:05.223Z INFO  worker::batch_maker] Batch K88eM60+6M7PMwer7+LOiroc3RQYHyJmCKxWeL5zoNU= contains sample tx 209
[2026-04-19T03:25:05.223Z INFO  worker::batch_maker] Batch K88eM60+6M7PMwer7+LOiroc3RQYHyJmCKxWeL5zoNU= contains 204800 B
[2026-04-19T03:25:05.276Z INFO  worker::batch_maker] Batch QbtSuKL4gu53ofq+YtFoGdtxEm0f1pEL84yBYA6Y9GA= contains sample tx 210
[2026-04-19T03:25:05.276Z INFO  worker::batch_maker] Batch QbtSuKL4gu53ofq+YtFoGdtxEm0f1pEL84yBYA6Y9GA= contains 204800 B
[2026-04-19T03:25:05.330Z INFO  worker::batch_maker] Batch oAB++VPQYBMrYTC3nhJes4coBxmmIuip7KSd2x7BGlg= contains sample tx 211
[2026-04-19T03:25:05.330Z INFO  worker::batch_maker] Batch oAB++VPQYBMrYTC3nhJes4coBxmmIuip7KSd2x7BGlg= contains 204800 B
[2026-04-19T03:25:05.382Z INFO  worker::batch_maker] Batch v16iYM5KbCmGO2CQBp/lNOLr7fg4Z+WVabQT1teRKZI= contains sample tx 212
[2026-04-19T03:25:05.382Z INFO  worker::batch_maker] Batch v16iYM5KbCmGO2CQBp/lNOLr7fg4Z+WVabQT1teRKZI= contains 204800 B
[2026-04-19T03:25:05.435Z INFO  worker::batch_maker] Batch ukxks/3b0e7vcHFI6Y4xdy4NxPKSqHuSGEf0cxoTvmY= contains sample tx 213
[2026-04-19T03:25:05.435Z INFO  worker::batch_maker] Batch ukxks/3b0e7vcHFI6Y4xdy4NxPKSqHuSGEf0cxoTvmY= contains 204800 B
[2026-04-19T03:25:05.488Z INFO  worker::batch_maker] Batch duoFvUwE4xEqiye5pejY8Blzl/dXmCSTwVHLl7MYRCI= contains sample tx 214
[2026-04-19T03:25:05.488Z INFO  worker::batch_maker] Batch duoFvUwE4xEqiye5pejY8Blzl/dXmCSTwVHLl7MYRCI= contains 204800 B
[2026-04-19T03:25:05.540Z INFO  worker::batch_maker] Batch mZVVj+iCgRLXu89QAjlqXKHDb3WWi6ZtTJ6yngb+WI0= contains sample tx 215
[2026-04-19T03:25:05.540Z INFO  worker::batch_maker] Batch mZVVj+iCgRLXu89QAjlqXKHDb3WWi6ZtTJ6yngb+WI0= contains 204800 B
[2026-04-19T03:25:05.594Z INFO  worker::batch_maker] Batch qGh9izvwzQZhx9myApnBkBHmN2BuW8Q4lJBkG8uKWW0= contains sample tx 216
[2026-04-19T03:25:05.594Z INFO  worker::batch_maker] Batch qGh9izvwzQZhx9myApnBkBHmN2BuW8Q4lJBkG8uKWW0= contains 204800 B
[2026-04-19T03:25:05.646Z INFO  worker::batch_maker] Batch 7D7hN1cyxWZ/XzK0MxrM5Zde/icj+W+ipqbFRjRtKvY= contains sample tx 217
[2026-04-19T03:25:05.646Z INFO  worker::batch_maker] Batch 7D7hN1cyxWZ/XzK0MxrM5Zde/icj+W+ipqbFRjRtKvY= contains 204800 B
[2026-04-19T03:25:05.697Z INFO  worker::batch_maker] Batch 1+rTScA2GZNxi3hwqvAb8eD2pD/2EpDjtZrP84BiV4I= contains sample tx 218
[2026-04-19T03:25:05.697Z INFO  worker::batch_maker] Batch 1+rTScA2GZNxi3hwqvAb8eD2pD/2EpDjtZrP84BiV4I= contains 204800 B
[2026-04-19T03:25:05.750Z INFO  worker::batch_maker] Batch TX1UTiXgDypuk03D32wSr2lT4+UPE5HrRvoZwfNMWsA= contains sample tx 219
[2026-04-19T03:25:05.750Z INFO  worker::batch_maker] Batch TX1UTiXgDypuk03D32wSr2lT4+UPE5HrRvoZwfNMWsA= contains 246272 B
[2026-04-19T03:25:05.804Z INFO  worker::batch_maker] Batch SXadzKZ/p3ynPoDg7m0VMLjxUf4NgrtfbAkyq9r/COQ= contains sample tx 220
[2026-04-19T03:25:05.804Z INFO  worker::batch_maker] Batch SXadzKZ/p3ynPoDg7m0VMLjxUf4NgrtfbAkyq9r/COQ= contains sample tx 221
[2026-04-19T03:25:05.804Z INFO  worker::batch_maker] Batch SXadzKZ/p3ynPoDg7m0VMLjxUf4NgrtfbAkyq9r/COQ= contains 295936 B
[2026-04-19T03:25:05.857Z INFO  worker::batch_maker] Batch JnzNALCtXqo22fQiJ6R9w6u3xclitU8HR1jCQKsoCHU= contains sample tx 222
[2026-04-19T03:25:05.857Z INFO  worker::batch_maker] Batch JnzNALCtXqo22fQiJ6R9w6u3xclitU8HR1jCQKsoCHU= contains 276992 B
[2026-04-19T03:25:05.911Z INFO  worker::batch_maker] Batch 8s/Yo+MpUkjacFkScS4rIZ2qpDYc037l6/z8Kto4TI4= contains sample tx 223
[2026-04-19T03:25:05.911Z INFO  worker::batch_maker] Batch 8s/Yo+MpUkjacFkScS4rIZ2qpDYc037l6/z8Kto4TI4= contains 204800 B
[2026-04-19T03:25:05.963Z INFO  worker::batch_maker] Batch gpEQsJKv4I4JLuahm7gbYlpeLLfwNFC9FvDIKuJoKTs= contains sample tx 224
[2026-04-19T03:25:05.963Z INFO  worker::batch_maker] Batch gpEQsJKv4I4JLuahm7gbYlpeLLfwNFC9FvDIKuJoKTs= contains 204800 B
[2026-04-19T03:25:06.016Z INFO  worker::batch_maker] Batch xsePa6IPNx/iM83GFbQ/TrhCeJjHl+Ogk+x5MVQYQDA= contains sample tx 225
[2026-04-19T03:25:06.016Z INFO  worker::batch_maker] Batch xsePa6IPNx/iM83GFbQ/TrhCeJjHl+Ogk+x5MVQYQDA= contains 204800 B
[2026-04-19T03:25:06.069Z INFO  worker::batch_maker] Batch l1WqqygqzBpmWea3LWcXS4ZiYQ/MjWQMarq2+ZQvC5I= contains sample tx 226
[2026-04-19T03:25:06.069Z INFO  worker::batch_maker] Batch l1WqqygqzBpmWea3LWcXS4ZiYQ/MjWQMarq2+ZQvC5I= contains 204800 B
[2026-04-19T03:25:06.123Z INFO  worker::batch_maker] Batch +NAiDZu+Xe1XQHYjo29tzeHOFBuMbBrkFaK9+Sk8WaQ= contains sample tx 227
[2026-04-19T03:25:06.123Z INFO  worker::batch_maker] Batch +NAiDZu+Xe1XQHYjo29tzeHOFBuMbBrkFaK9+Sk8WaQ= contains 204800 B
[2026-04-19T03:25:06.176Z INFO  worker::batch_maker] Batch KNgh/xPzZjEs+t/WzUnEqmpQklVoP8is9Ye/EZS8S0A= contains sample tx 228
[2026-04-19T03:25:06.176Z INFO  worker::batch_maker] Batch KNgh/xPzZjEs+t/WzUnEqmpQklVoP8is9Ye/EZS8S0A= contains 204800 B
[2026-04-19T03:25:06.229Z INFO  worker::batch_maker] Batch MmSl+ZzOPm0FRZaJBVaum5rF9rnF55RiqDhvCGmS9oY= contains sample tx 229
[2026-04-19T03:25:06.229Z INFO  worker::batch_maker] Batch MmSl+ZzOPm0FRZaJBVaum5rF9rnF55RiqDhvCGmS9oY= contains 204800 B
[2026-04-19T03:25:06.282Z INFO  worker::batch_maker] Batch PaCmsIdAlpxGn8/ZsCWz7mrLvaShUpwV7EhrzGU5kso= contains sample tx 230
[2026-04-19T03:25:06.282Z INFO  worker::batch_maker] Batch PaCmsIdAlpxGn8/ZsCWz7mrLvaShUpwV7EhrzGU5kso= contains 204800 B
[2026-04-19T03:25:06.336Z INFO  worker::batch_maker] Batch vTD8a4REoFWTAfznnoGi0fnl/+zp8XRPf3Vzgn5IAcc= contains sample tx 231
[2026-04-19T03:25:06.336Z INFO  worker::batch_maker] Batch vTD8a4REoFWTAfznnoGi0fnl/+zp8XRPf3Vzgn5IAcc= contains 204800 B
[2026-04-19T03:25:06.388Z INFO  worker::batch_maker] Batch q1Him0AEeRlllszhvNeon1Pqp7lieBvVSFpiFEQWptg= contains sample tx 232
[2026-04-19T03:25:06.388Z INFO  worker::batch_maker] Batch q1Him0AEeRlllszhvNeon1Pqp7lieBvVSFpiFEQWptg= contains 204800 B
[2026-04-19T03:25:06.441Z INFO  worker::batch_maker] Batch sltlTj8XtZJ/snguIjgur466LbFtuOxv8RJnQU91Ieg= contains sample tx 233
[2026-04-19T03:25:06.441Z INFO  worker::batch_maker] Batch sltlTj8XtZJ/snguIjgur466LbFtuOxv8RJnQU91Ieg= contains 204800 B
[2026-04-19T03:25:06.494Z INFO  worker::batch_maker] Batch bELavjQO0XUXElf0PMdcpGJkjQKGrxuWtbKWnVBzJuo= contains sample tx 234
[2026-04-19T03:25:06.494Z INFO  worker::batch_maker] Batch bELavjQO0XUXElf0PMdcpGJkjQKGrxuWtbKWnVBzJuo= contains 204800 B
[2026-04-19T03:25:06.547Z INFO  worker::batch_maker] Batch ArClm9EDj9EfyJm2WvkeannxyyvlT6rRLtm63GwfiVI= contains sample tx 235
[2026-04-19T03:25:06.547Z INFO  worker::batch_maker] Batch ArClm9EDj9EfyJm2WvkeannxyyvlT6rRLtm63GwfiVI= contains 204800 B
[2026-04-19T03:25:06.600Z INFO  worker::batch_maker] Batch rnUP/vSavFKlCIdC6Jn/dKGjFijeq5ORUksH3qycTjE= contains sample tx 236
[2026-04-19T03:25:06.600Z INFO  worker::batch_maker] Batch rnUP/vSavFKlCIdC6Jn/dKGjFijeq5ORUksH3qycTjE= contains 274944 B
[2026-04-19T03:25:06.655Z INFO  worker::batch_maker] Batch kurNyGuufNxNsPpYUonrgcRVF6+NSjGfNOkd4WslY+4= contains sample tx 237
[2026-04-19T03:25:06.655Z INFO  worker::batch_maker] Batch kurNyGuufNxNsPpYUonrgcRVF6+NSjGfNOkd4WslY+4= contains sample tx 238
[2026-04-19T03:25:06.655Z INFO  worker::batch_maker] Batch kurNyGuufNxNsPpYUonrgcRVF6+NSjGfNOkd4WslY+4= contains 339456 B
[2026-04-19T03:25:06.709Z INFO  worker::batch_maker] Batch tlQbqAgOu1VqC8EC0Vnfp1xu1iXjPWPEzRkYBZCmOyU= contains sample tx 239
[2026-04-19T03:25:06.709Z INFO  worker::batch_maker] Batch tlQbqAgOu1VqC8EC0Vnfp1xu1iXjPWPEzRkYBZCmOyU= contains 204800 B
[2026-04-19T03:25:06.762Z INFO  worker::batch_maker] Batch sXJQDMjQ9tj6VOCNK5LsOEOiWifwxHz1CCHG8Zre9tM= contains sample tx 240
[2026-04-19T03:25:06.762Z INFO  worker::batch_maker] Batch sXJQDMjQ9tj6VOCNK5LsOEOiWifwxHz1CCHG8Zre9tM= contains 204800 B
[2026-04-19T03:25:06.813Z INFO  worker::batch_maker] Batch cVh8V/Wt8T7449gEQs5yMZC+uEnT8g9hNPS/UmwfU7Q= contains sample tx 241
[2026-04-19T03:25:06.813Z INFO  worker::batch_maker] Batch cVh8V/Wt8T7449gEQs5yMZC+uEnT8g9hNPS/UmwfU7Q= contains 204800 B
[2026-04-19T03:25:06.866Z INFO  worker::batch_maker] Batch j3i1fIw58a8NGk5lt7qSbApmnURcLzS3nM3vnxMZvXE= contains sample tx 242
[2026-04-19T03:25:06.866Z INFO  worker::batch_maker] Batch j3i1fIw58a8NGk5lt7qSbApmnURcLzS3nM3vnxMZvXE= contains 204800 B
[2026-04-19T03:25:06.920Z INFO  worker::batch_maker] Batch rjc3tMJFNlSrbkvnnuZKs8k8xgzp4J2WK04QYc4v+Y4= contains sample tx 243
[2026-04-19T03:25:06.920Z INFO  worker::batch_maker] Batch rjc3tMJFNlSrbkvnnuZKs8k8xgzp4J2WK04QYc4v+Y4= contains 204800 B
[2026-04-19T03:25:06.974Z INFO  worker::batch_maker] Batch /9Hdk8f0VwucEBsTRwQKKb1DYcBgGP2fOrIk40hkFS0= contains sample tx 244
[2026-04-19T03:25:06.974Z INFO  worker::batch_maker] Batch /9Hdk8f0VwucEBsTRwQKKb1DYcBgGP2fOrIk40hkFS0= contains 204800 B
[2026-04-19T03:25:07.027Z INFO  worker::batch_maker] Batch qskAMtlc3DQOLjcyTbJbD010wLPk0eOr5GkAuFgGbCA= contains sample tx 245
[2026-04-19T03:25:07.027Z INFO  worker::batch_maker] Batch qskAMtlc3DQOLjcyTbJbD010wLPk0eOr5GkAuFgGbCA= contains 204800 B
[2026-04-19T03:25:07.080Z INFO  worker::batch_maker] Batch XrMiyESP+hfHKob1E2lJ2xbBeO2iALFgWaJqn9MZHFo= contains sample tx 246
[2026-04-19T03:25:07.080Z INFO  worker::batch_maker] Batch XrMiyESP+hfHKob1E2lJ2xbBeO2iALFgWaJqn9MZHFo= contains 204800 B
[2026-04-19T03:25:07.134Z INFO  worker::batch_maker] Batch OFiXPpYgaiMzPqdRA2ybkveai7cGFlAE17jtYs0XkOs= contains sample tx 247
[2026-04-19T03:25:07.134Z INFO  worker::batch_maker] Batch OFiXPpYgaiMzPqdRA2ybkveai7cGFlAE17jtYs0XkOs= contains 204800 B
[2026-04-19T03:25:07.187Z INFO  worker::batch_maker] Batch YqFyYEGqgqN8sjuhjViON6X+mzRNlNouULMcXcZ1Mio= contains sample tx 248
[2026-04-19T03:25:07.187Z INFO  worker::batch_maker] Batch YqFyYEGqgqN8sjuhjViON6X+mzRNlNouULMcXcZ1Mio= contains 204800 B
[2026-04-19T03:25:07.239Z INFO  worker::batch_maker] Batch C09ss6uuBoM4WQ1laSUHi5RbJr+56S1pG1kqxxdFV3U= contains sample tx 249
[2026-04-19T03:25:07.239Z INFO  worker::batch_maker] Batch C09ss6uuBoM4WQ1laSUHi5RbJr+56S1pG1kqxxdFV3U= contains 204800 B
[2026-04-19T03:25:07.293Z INFO  worker::batch_maker] Batch 1kvsAarBAroRjKaHBBg/J7x6Vb8cyOmU7dI43UQSuBI= contains sample tx 250
[2026-04-19T03:25:07.293Z INFO  worker::batch_maker] Batch 1kvsAarBAroRjKaHBBg/J7x6Vb8cyOmU7dI43UQSuBI= contains 204800 B
[2026-04-19T03:25:07.345Z INFO  worker::batch_maker] Batch 0kI1ugBRR1fTRZAwfu6lY7LCVSISg9pnQiEkSbILq+4= contains sample tx 251
[2026-04-19T03:25:07.345Z INFO  worker::batch_maker] Batch 0kI1ugBRR1fTRZAwfu6lY7LCVSISg9pnQiEkSbILq+4= contains 204800 B
[2026-04-19T03:25:07.398Z INFO  worker::batch_maker] Batch Iw2AVlKGn3CL41rxTSe6d2X13zDlff+aZ0ny0zmImDI= contains sample tx 252
[2026-04-19T03:25:07.398Z INFO  worker::batch_maker] Batch Iw2AVlKGn3CL41rxTSe6d2X13zDlff+aZ0ny0zmImDI= contains 205312 B
[2026-04-19T03:25:07.451Z INFO  worker::batch_maker] Batch RS9iOXBKwcogIIyObRiuK2Y56djSg4L8uC0nPbgDJRw= contains sample tx 253
[2026-04-19T03:25:07.451Z INFO  worker::batch_maker] Batch RS9iOXBKwcogIIyObRiuK2Y56djSg4L8uC0nPbgDJRw= contains 305152 B
[2026-04-19T03:25:07.504Z INFO  worker::batch_maker] Batch e9g/duuoHmpLPARx+jfTI7EEt/xVrmrItzA+YNOeUK4= contains sample tx 254
[2026-04-19T03:25:07.536Z INFO  worker::batch_maker] Batch e9g/duuoHmpLPARx+jfTI7EEt/xVrmrItzA+YNOeUK4= contains 234496 B
[2026-04-19T03:25:07.591Z INFO  worker::batch_maker] Batch kD6jJ060kvuqRe8WHJeeFFSyRFWdYxbex/E0dDHPHKY= contains sample tx 255
[2026-04-19T03:25:07.591Z INFO  worker::batch_maker] Batch kD6jJ060kvuqRe8WHJeeFFSyRFWdYxbex/E0dDHPHKY= contains sample tx 256
[2026-04-19T03:25:07.591Z INFO  worker::batch_maker] Batch kD6jJ060kvuqRe8WHJeeFFSyRFWdYxbex/E0dDHPHKY= contains 279040 B
[2026-04-19T03:25:07.643Z INFO  worker::batch_maker] Batch oGtCc2jLtwSDpIiWgm1WLp1uEXGtG6t6N7RZI3w0Ny4= contains sample tx 257
[2026-04-19T03:25:07.653Z INFO  worker::batch_maker] Batch oGtCc2jLtwSDpIiWgm1WLp1uEXGtG6t6N7RZI3w0Ny4= contains 204800 B
[2026-04-19T03:25:07.708Z INFO  worker::batch_maker] Batch 80gxyGaJZ9FfM4Ux3EDLduiRQF7mLOB1YomYH0EbXGk= contains sample tx 258
[2026-04-19T03:25:07.708Z INFO  worker::batch_maker] Batch 80gxyGaJZ9FfM4Ux3EDLduiRQF7mLOB1YomYH0EbXGk= contains sample tx 259
[2026-04-19T03:25:07.708Z INFO  worker::batch_maker] Batch 80gxyGaJZ9FfM4Ux3EDLduiRQF7mLOB1YomYH0EbXGk= contains 409600 B
[2026-04-19T03:25:07.761Z INFO  worker::batch_maker] Batch rt7xUvz3hgXmk+CEKzQ0aqyOaRMWGUUBJ/0gWLB1j40= contains sample tx 260
[2026-04-19T03:25:07.761Z INFO  worker::batch_maker] Batch rt7xUvz3hgXmk+CEKzQ0aqyOaRMWGUUBJ/0gWLB1j40= contains 204800 B
[2026-04-19T03:25:07.814Z INFO  worker::batch_maker] Batch OfdW9Q1NJUadJ+2u8LOBdQKInxz/tu5kwkoN0Y0raNg= contains sample tx 261
[2026-04-19T03:25:07.814Z INFO  worker::batch_maker] Batch OfdW9Q1NJUadJ+2u8LOBdQKInxz/tu5kwkoN0Y0raNg= contains 204800 B
[2026-04-19T03:25:07.866Z INFO  worker::batch_maker] Batch cilA9gu2FHa8l+zFWVlFZWL6L03IZXLru8+J1zqBfX8= contains sample tx 262
[2026-04-19T03:25:07.866Z INFO  worker::batch_maker] Batch cilA9gu2FHa8l+zFWVlFZWL6L03IZXLru8+J1zqBfX8= contains 204800 B
[2026-04-19T03:25:07.919Z INFO  worker::batch_maker] Batch 9WUkqz3RRLabBb1Z2uzH707lJOOeTpUETbNXiKVvQK0= contains sample tx 263
[2026-04-19T03:25:07.919Z INFO  worker::batch_maker] Batch 9WUkqz3RRLabBb1Z2uzH707lJOOeTpUETbNXiKVvQK0= contains 204800 B
[2026-04-19T03:25:07.972Z INFO  worker::batch_maker] Batch zPkS8PGfDuU9aMNSx5QyPyhUTWUxQWMGEVKeQRGVAig= contains sample tx 264
[2026-04-19T03:25:07.972Z INFO  worker::batch_maker] Batch zPkS8PGfDuU9aMNSx5QyPyhUTWUxQWMGEVKeQRGVAig= contains 204800 B
[2026-04-19T03:25:08.025Z INFO  worker::batch_maker] Batch gtV7QzkxIrPAqOM+ukLdaNU9BOkLfHTHG31XiKRG++Y= contains sample tx 265
[2026-04-19T03:25:08.025Z INFO  worker::batch_maker] Batch gtV7QzkxIrPAqOM+ukLdaNU9BOkLfHTHG31XiKRG++Y= contains 204800 B
[2026-04-19T03:25:08.078Z INFO  worker::batch_maker] Batch OQYI/Dnl7tslOg3BcvYRCjpttejRphISE7w3kbkvMeY= contains sample tx 266
[2026-04-19T03:25:08.078Z INFO  worker::batch_maker] Batch OQYI/Dnl7tslOg3BcvYRCjpttejRphISE7w3kbkvMeY= contains 204800 B
[2026-04-19T03:25:08.131Z INFO  worker::batch_maker] Batch wQgmoNG1jkU0q+QN83vQWuyiKV4eeqR3WJ/aiMP9RAM= contains sample tx 267
[2026-04-19T03:25:08.131Z INFO  worker::batch_maker] Batch wQgmoNG1jkU0q+QN83vQWuyiKV4eeqR3WJ/aiMP9RAM= contains 204800 B
[2026-04-19T03:25:08.182Z INFO  worker::batch_maker] Batch 0yC6F5xDypSEUV4TjYEtZGZ5+WknelGirSIlqmvAzxk= contains sample tx 268
[2026-04-19T03:25:08.182Z INFO  worker::batch_maker] Batch 0yC6F5xDypSEUV4TjYEtZGZ5+WknelGirSIlqmvAzxk= contains 204800 B
[2026-04-19T03:25:08.235Z INFO  worker::batch_maker] Batch YXO15ZgwkchyoW5A+nXNvwDltxc9g1bwbbSw8aHe00o= contains sample tx 269
[2026-04-19T03:25:08.235Z INFO  worker::batch_maker] Batch YXO15ZgwkchyoW5A+nXNvwDltxc9g1bwbbSw8aHe00o= contains 204800 B
[2026-04-19T03:25:08.287Z INFO  worker::batch_maker] Batch NMCWqmuan/tR3WdSFWwN+MXTd/El1iCFoIe9KmsNerg= contains sample tx 270
[2026-04-19T03:25:08.287Z INFO  worker::batch_maker] Batch NMCWqmuan/tR3WdSFWwN+MXTd/El1iCFoIe9KmsNerg= contains 204800 B
[2026-04-19T03:25:08.339Z INFO  worker::batch_maker] Batch 2fJnS5Rr86PEZKPhq95SK3j4m8LDJ2V620oA/yDqjhU= contains sample tx 271
[2026-04-19T03:25:08.339Z INFO  worker::batch_maker] Batch 2fJnS5Rr86PEZKPhq95SK3j4m8LDJ2V620oA/yDqjhU= contains 204800 B
[2026-04-19T03:25:08.392Z INFO  worker::batch_maker] Batch dF0JBlkCoJc3GaSO6UEWEkK+yEaA5JdaYRJuSy1mNTw= contains sample tx 272
[2026-04-19T03:25:08.392Z INFO  worker::batch_maker] Batch dF0JBlkCoJc3GaSO6UEWEkK+yEaA5JdaYRJuSy1mNTw= contains 204800 B
[2026-04-19T03:25:08.444Z INFO  worker::batch_maker] Batch POxoTfwnZ49fi23BoqiE8v9WMJMhmRwIG35RVgGW7vQ= contains sample tx 273
[2026-04-19T03:25:08.444Z INFO  worker::batch_maker] Batch POxoTfwnZ49fi23BoqiE8v9WMJMhmRwIG35RVgGW7vQ= contains 204800 B
[2026-04-19T03:25:08.496Z INFO  worker::batch_maker] Batch aYVJfdk2OaY3cuCSKwHdZ5DskChNvEG9onUHkDj8uoM= contains sample tx 274
[2026-04-19T03:25:08.496Z INFO  worker::batch_maker] Batch aYVJfdk2OaY3cuCSKwHdZ5DskChNvEG9onUHkDj8uoM= contains 204800 B
[2026-04-19T03:25:08.550Z INFO  worker::batch_maker] Batch JupAv5fX3Wq0MpJoXB0qKjqWtzpLaOCR5EVjSjoBORQ= contains sample tx 275
[2026-04-19T03:25:08.550Z INFO  worker::batch_maker] Batch JupAv5fX3Wq0MpJoXB0qKjqWtzpLaOCR5EVjSjoBORQ= contains 241152 B
[2026-04-19T03:25:08.605Z INFO  worker::batch_maker] Batch PMExhBvERmSL5O01XPjxGKVxFMakRn4lJMUV8G5g2A8= contains sample tx 276
[2026-04-19T03:25:08.605Z INFO  worker::batch_maker] Batch PMExhBvERmSL5O01XPjxGKVxFMakRn4lJMUV8G5g2A8= contains sample tx 277
[2026-04-19T03:25:08.605Z INFO  worker::batch_maker] Batch PMExhBvERmSL5O01XPjxGKVxFMakRn4lJMUV8G5g2A8= contains 370176 B
[2026-04-19T03:25:08.657Z INFO  worker::batch_maker] Batch kgopqc5QtP0XblhwWkKsIzHDtf2nxuFTCWYWyT9vxuM= contains sample tx 278
[2026-04-19T03:25:08.657Z INFO  worker::batch_maker] Batch kgopqc5QtP0XblhwWkKsIzHDtf2nxuFTCWYWyT9vxuM= contains 207872 B
[2026-04-19T03:25:08.710Z INFO  worker::batch_maker] Batch VcAnyfNryV67rKieAXbqpNoUk+9WTtodgHrxOHbaMi8= contains sample tx 279
[2026-04-19T03:25:08.710Z INFO  worker::batch_maker] Batch VcAnyfNryV67rKieAXbqpNoUk+9WTtodgHrxOHbaMi8= contains 204800 B
[2026-04-19T03:25:08.763Z INFO  worker::batch_maker] Batch 4GnHkusNShUI8F4day7XRjR4kxwyz9AI45nVdElUfvo= contains sample tx 280
[2026-04-19T03:25:08.763Z INFO  worker::batch_maker] Batch 4GnHkusNShUI8F4day7XRjR4kxwyz9AI45nVdElUfvo= contains 204800 B
[2026-04-19T03:25:08.816Z INFO  worker::batch_maker] Batch UMnZWc0p85pYFKGKUkJ7bcZ8rgKytTNBL1IbEvExd3k= contains sample tx 281
[2026-04-19T03:25:08.816Z INFO  worker::batch_maker] Batch UMnZWc0p85pYFKGKUkJ7bcZ8rgKytTNBL1IbEvExd3k= contains 204800 B
[2026-04-19T03:25:08.869Z INFO  worker::batch_maker] Batch SdNneEwT3GQ7Bgtg5mXcB+AQufLN+rWFmrIZFNRlpmg= contains sample tx 282
[2026-04-19T03:25:08.869Z INFO  worker::batch_maker] Batch SdNneEwT3GQ7Bgtg5mXcB+AQufLN+rWFmrIZFNRlpmg= contains 204800 B
[2026-04-19T03:25:08.922Z INFO  worker::batch_maker] Batch eczrnIPzXrGm9bUkHAVsfDaZrVn6yFZ9dveaE7m2/b0= contains sample tx 283
[2026-04-19T03:25:08.922Z INFO  worker::batch_maker] Batch eczrnIPzXrGm9bUkHAVsfDaZrVn6yFZ9dveaE7m2/b0= contains 204800 B
[2026-04-19T03:25:08.974Z INFO  worker::batch_maker] Batch cJYdH+xzuIijFpYeuaq+8zztArdKIaQBYHShAnPueK0= contains sample tx 284
[2026-04-19T03:25:08.974Z INFO  worker::batch_maker] Batch cJYdH+xzuIijFpYeuaq+8zztArdKIaQBYHShAnPueK0= contains 204800 B
[2026-04-19T03:25:09.025Z INFO  worker::batch_maker] Batch Yv4McImsmUXW1mGzLybLo9A9wlxhpFvx8HhKdGwLZCw= contains sample tx 285
[2026-04-19T03:25:09.025Z INFO  worker::batch_maker] Batch Yv4McImsmUXW1mGzLybLo9A9wlxhpFvx8HhKdGwLZCw= contains 204800 B
[2026-04-19T03:25:09.079Z INFO  worker::batch_maker] Batch SyfRWOA3DuU0Ss1NOqnBq+/pw8EEOb2MtGePmVCIcI8= contains sample tx 286
[2026-04-19T03:25:09.079Z INFO  worker::batch_maker] Batch SyfRWOA3DuU0Ss1NOqnBq+/pw8EEOb2MtGePmVCIcI8= contains 204800 B
[2026-04-19T03:25:09.131Z INFO  worker::batch_maker] Batch LB3C5GKm/866hLnd+NcajPVmIEc9oqjQy7iOiKyXMFs= contains sample tx 287
[2026-04-19T03:25:09.139Z INFO  worker::batch_maker] Batch LB3C5GKm/866hLnd+NcajPVmIEc9oqjQy7iOiKyXMFs= contains 204800 B
[2026-04-19T03:25:09.192Z INFO  worker::batch_maker] Batch gi0zLVXBz9bNWI1dm2+JRR6rLZ/yYQBboKQJFM7y3vQ= contains sample tx 288
[2026-04-19T03:25:09.192Z INFO  worker::batch_maker] Batch gi0zLVXBz9bNWI1dm2+JRR6rLZ/yYQBboKQJFM7y3vQ= contains 204800 B
[2026-04-19T03:25:09.244Z INFO  worker::batch_maker] Batch Jfzqyf3dS9u3fNuzhpysqpXzqV8fEe6gol7dVFnlaB8= contains sample tx 289
[2026-04-19T03:25:09.244Z INFO  worker::batch_maker] Batch Jfzqyf3dS9u3fNuzhpysqpXzqV8fEe6gol7dVFnlaB8= contains 204800 B
[2026-04-19T03:25:09.296Z INFO  worker::batch_maker] Batch N/78O9Xdz7FSrCKluA1q5ajOX5tCxDvNL6RBDLz91VY= contains sample tx 290
[2026-04-19T03:25:09.296Z INFO  worker::batch_maker] Batch N/78O9Xdz7FSrCKluA1q5ajOX5tCxDvNL6RBDLz91VY= contains 204800 B
[2026-04-19T03:25:09.349Z INFO  worker::batch_maker] Batch K1W6Q+422Gnh9k3moJ37RzuVXAxmxjikSK6uTopq1fg= contains sample tx 291
[2026-04-19T03:25:09.349Z INFO  worker::batch_maker] Batch K1W6Q+422Gnh9k3moJ37RzuVXAxmxjikSK6uTopq1fg= contains 205312 B
[2026-04-19T03:25:09.404Z INFO  worker::batch_maker] Batch cQtKBPv/3meKJVbapOrog2gj7pt04wl7gxLssIs8HoI= contains sample tx 292
[2026-04-19T03:25:09.404Z INFO  worker::batch_maker] Batch cQtKBPv/3meKJVbapOrog2gj7pt04wl7gxLssIs8HoI= contains 351744 B
[2026-04-19T03:25:09.459Z INFO  worker::batch_maker] Batch nEq3HyqNFrXlmZzomBQh/HUr0pBMbJHPNhetTcP7ESs= contains sample tx 293
[2026-04-19T03:25:09.459Z INFO  worker::batch_maker] Batch nEq3HyqNFrXlmZzomBQh/HUr0pBMbJHPNhetTcP7ESs= contains sample tx 294
[2026-04-19T03:25:09.459Z INFO  worker::batch_maker] Batch nEq3HyqNFrXlmZzomBQh/HUr0pBMbJHPNhetTcP7ESs= contains 262144 B
[2026-04-19T03:25:09.513Z INFO  worker::batch_maker] Batch inr1MZjOeDyr3CEh5HVpCVx8a9t5kVtTJjhOYsnnl0Q= contains sample tx 295
[2026-04-19T03:25:09.513Z INFO  worker::batch_maker] Batch inr1MZjOeDyr3CEh5HVpCVx8a9t5kVtTJjhOYsnnl0Q= contains 204800 B
[2026-04-19T03:25:09.567Z INFO  worker::batch_maker] Batch lvZvcyNa3GQvL8AAQ3cbpJk/nWyAJRxwTW9og7MsgWQ= contains sample tx 296
[2026-04-19T03:25:09.567Z INFO  worker::batch_maker] Batch lvZvcyNa3GQvL8AAQ3cbpJk/nWyAJRxwTW9og7MsgWQ= contains 204800 B
[2026-04-19T03:25:09.620Z INFO  worker::batch_maker] Batch hbUtzUc4bTfReZOUM2ldQC41+JDuEhpIBwh5gBUGZ5k= contains sample tx 297
[2026-04-19T03:25:09.620Z INFO  worker::batch_maker] Batch hbUtzUc4bTfReZOUM2ldQC41+JDuEhpIBwh5gBUGZ5k= contains 204800 B
[2026-04-19T03:25:09.674Z INFO  worker::batch_maker] Batch WceOHkBMZceiL9KxZiSmTAi/gDH/SFF0yZnjrBCU+rE= contains sample tx 298
[2026-04-19T03:25:09.674Z INFO  worker::batch_maker] Batch WceOHkBMZceiL9KxZiSmTAi/gDH/SFF0yZnjrBCU+rE= contains 204800 B
[2026-04-19T03:25:09.728Z INFO  worker::batch_maker] Batch V1htuuO1MsQ1pYXAjY0yPZzGGvZVf56hCm7RaPyK0H8= contains sample tx 299
[2026-04-19T03:25:09.728Z INFO  worker::batch_maker] Batch V1htuuO1MsQ1pYXAjY0yPZzGGvZVf56hCm7RaPyK0H8= contains 204800 B
[2026-04-19T03:25:09.782Z INFO  worker::batch_maker] Batch RooLSEtLlv4SphjwAYQ4RDFiH/dtKe3ThSHpgqvLtoM= contains sample tx 300
[2026-04-19T03:25:09.782Z INFO  worker::batch_maker] Batch RooLSEtLlv4SphjwAYQ4RDFiH/dtKe3ThSHpgqvLtoM= contains 204800 B
[2026-04-19T03:25:09.836Z INFO  worker::batch_maker] Batch 65wK3hWCmPfLrqmYjHRlopA5xroT5DKFFyHKafM44Pc= contains sample tx 301
[2026-04-19T03:25:09.836Z INFO  worker::batch_maker] Batch 65wK3hWCmPfLrqmYjHRlopA5xroT5DKFFyHKafM44Pc= contains 204800 B
[2026-04-19T03:25:09.889Z INFO  worker::batch_maker] Batch cxBOQtJ3EPw3FZsL79mYPDHBuSCV7zz6wY4WSOGNeGA= contains sample tx 302
[2026-04-19T03:25:09.889Z INFO  worker::batch_maker] Batch cxBOQtJ3EPw3FZsL79mYPDHBuSCV7zz6wY4WSOGNeGA= contains 204800 B
[2026-04-19T03:25:09.941Z INFO  worker::batch_maker] Batch R410z4e0YCibwEHCZZPlLPFtwW4qFPfDNS5LMCP75jE= contains sample tx 303
[2026-04-19T03:25:09.941Z INFO  worker::batch_maker] Batch R410z4e0YCibwEHCZZPlLPFtwW4qFPfDNS5LMCP75jE= contains 204800 B
[2026-04-19T03:25:09.994Z INFO  worker::batch_maker] Batch WYBb57fLMaH6jjYXlRTbrubqpJ/7O0GTeUXsaYQK6YQ= contains sample tx 304
[2026-04-19T03:25:09.994Z INFO  worker::batch_maker] Batch WYBb57fLMaH6jjYXlRTbrubqpJ/7O0GTeUXsaYQK6YQ= contains 204800 B
[2026-04-19T03:25:10.047Z INFO  worker::batch_maker] Batch cvDNoVouBYMnRzp12R1C42A3EW1CjkS/DtmVjaBogqI= contains sample tx 305
[2026-04-19T03:25:10.047Z INFO  worker::batch_maker] Batch cvDNoVouBYMnRzp12R1C42A3EW1CjkS/DtmVjaBogqI= contains 204800 B
[2026-04-19T03:25:10.100Z INFO  worker::batch_maker] Batch vsClWAd+ismedoeumdudnW/zkblzwfFgOuAJ27TI0Ls= contains sample tx 306
[2026-04-19T03:25:10.100Z INFO  worker::batch_maker] Batch vsClWAd+ismedoeumdudnW/zkblzwfFgOuAJ27TI0Ls= contains 236544 B
[2026-04-19T03:25:10.153Z INFO  worker::batch_maker] Batch 5PHPRuTYM6mfN2D5yFprVnk8NsHwqNuCYnJB6Pup4WI= contains sample tx 307
[2026-04-19T03:25:10.153Z INFO  worker::batch_maker] Batch 5PHPRuTYM6mfN2D5yFprVnk8NsHwqNuCYnJB6Pup4WI= contains sample tx 308
[2026-04-19T03:25:10.153Z INFO  worker::batch_maker] Batch 5PHPRuTYM6mfN2D5yFprVnk8NsHwqNuCYnJB6Pup4WI= contains 377856 B
[2026-04-19T03:25:10.206Z INFO  worker::batch_maker] Batch nAI7nYGGOtPOPxhob4hqEJeMlM8Tu9MEqofhKOJQGmY= contains sample tx 309
[2026-04-19T03:25:10.206Z INFO  worker::batch_maker] Batch nAI7nYGGOtPOPxhob4hqEJeMlM8Tu9MEqofhKOJQGmY= contains 204800 B
[2026-04-19T03:25:10.260Z INFO  worker::batch_maker] Batch ZVwSo+6EeT64QRZ4p7Zi9DaKHJUWM1ong9YvLQPLDtU= contains sample tx 310
[2026-04-19T03:25:10.260Z INFO  worker::batch_maker] Batch ZVwSo+6EeT64QRZ4p7Zi9DaKHJUWM1ong9YvLQPLDtU= contains 204800 B
[2026-04-19T03:25:10.314Z INFO  worker::batch_maker] Batch p2ftNzj/P1Wc7DEnqg3/ChP3nDKGAU5910ufwIiuHSg= contains sample tx 311
[2026-04-19T03:25:10.314Z INFO  worker::batch_maker] Batch p2ftNzj/P1Wc7DEnqg3/ChP3nDKGAU5910ufwIiuHSg= contains 204800 B
[2026-04-19T03:25:10.369Z INFO  worker::batch_maker] Batch 0DA5jyfWeaK1yHR2s1zS3mnS8sObz9V1uB2nJE8u248= contains sample tx 312
[2026-04-19T03:25:10.369Z INFO  worker::batch_maker] Batch 0DA5jyfWeaK1yHR2s1zS3mnS8sObz9V1uB2nJE8u248= contains 204800 B
[2026-04-19T03:25:10.423Z INFO  worker::batch_maker] Batch ffg00qNOxLkwM1WV4m6bdmtU2AfbStr08F3Cd6gBPqc= contains sample tx 313
[2026-04-19T03:25:10.424Z INFO  worker::batch_maker] Batch ffg00qNOxLkwM1WV4m6bdmtU2AfbStr08F3Cd6gBPqc= contains 204800 B
[2026-04-19T03:25:10.477Z INFO  worker::batch_maker] Batch zCW8yUqYO91ncqYKGR6OQRzack1kfMn8DfbRKCcBqc4= contains sample tx 314
[2026-04-19T03:25:10.477Z INFO  worker::batch_maker] Batch zCW8yUqYO91ncqYKGR6OQRzack1kfMn8DfbRKCcBqc4= contains 204800 B
[2026-04-19T03:25:10.530Z INFO  worker::batch_maker] Batch 4G4JmkehJ5zoyl6dZip4MPUYkThPYqJRCpCgpk7HMV4= contains sample tx 315
[2026-04-19T03:25:10.530Z INFO  worker::batch_maker] Batch 4G4JmkehJ5zoyl6dZip4MPUYkThPYqJRCpCgpk7HMV4= contains 204800 B
[2026-04-19T03:25:10.583Z INFO  worker::batch_maker] Batch 2Pl9lyp2qYATND2RFIIb9lE9qP/9xPLm/lYG/BBoG7o= contains sample tx 316
[2026-04-19T03:25:10.583Z INFO  worker::batch_maker] Batch 2Pl9lyp2qYATND2RFIIb9lE9qP/9xPLm/lYG/BBoG7o= contains 204800 B
[2026-04-19T03:25:10.639Z INFO  worker::batch_maker] Batch JA4Y5Ej3xK7VJ+9eIDGTqp5HH6euumwM0+jzo/xJctU= contains sample tx 317
[2026-04-19T03:25:10.639Z INFO  worker::batch_maker] Batch JA4Y5Ej3xK7VJ+9eIDGTqp5HH6euumwM0+jzo/xJctU= contains 204800 B
[2026-04-19T03:25:10.692Z INFO  worker::batch_maker] Batch Fg38RLuQ8aNRic+NCkSDocKP70QWVGlvbt5EzxlYu60= contains sample tx 318
[2026-04-19T03:25:10.692Z INFO  worker::batch_maker] Batch Fg38RLuQ8aNRic+NCkSDocKP70QWVGlvbt5EzxlYu60= contains 204800 B
[2026-04-19T03:25:10.744Z INFO  worker::batch_maker] Batch MoFA2sXEjr9X6ATKm03TSeNA8wypg7vn/+1PCnC+X8U= contains sample tx 319
[2026-04-19T03:25:10.744Z INFO  worker::batch_maker] Batch MoFA2sXEjr9X6ATKm03TSeNA8wypg7vn/+1PCnC+X8U= contains 204800 B
[2026-04-19T03:25:10.798Z INFO  worker::batch_maker] Batch bKScyDw0/yKNKbNuRcfyzNYgElLHjw/VXzDF2zgXzQE= contains sample tx 320
[2026-04-19T03:25:10.798Z INFO  worker::batch_maker] Batch bKScyDw0/yKNKbNuRcfyzNYgElLHjw/VXzDF2zgXzQE= contains 204800 B
[2026-04-19T03:25:10.853Z INFO  worker::batch_maker] Batch dNFrTiAMvtJ9YWSVkUT7dPYneTYirrM2QjZ3WtbiuFI= contains sample tx 321
[2026-04-19T03:25:10.853Z INFO  worker::batch_maker] Batch dNFrTiAMvtJ9YWSVkUT7dPYneTYirrM2QjZ3WtbiuFI= contains sample tx 322
[2026-04-19T03:25:10.853Z INFO  worker::batch_maker] Batch dNFrTiAMvtJ9YWSVkUT7dPYneTYirrM2QjZ3WtbiuFI= contains 372224 B
[2026-04-19T03:25:10.906Z INFO  worker::batch_maker] Batch X72EvuofcsinlecYiYBDnuKkmNUkfRmVVbUd71vZFTg= contains sample tx 323
[2026-04-19T03:25:10.906Z INFO  worker::batch_maker] Batch X72EvuofcsinlecYiYBDnuKkmNUkfRmVVbUd71vZFTg= contains 242176 B
[2026-04-19T03:25:10.960Z INFO  worker::batch_maker] Batch WhAwaI3ZQLXUo+dWQjMAjTEyxVSwW6ranSLb9N0zKu8= contains sample tx 324
[2026-04-19T03:25:10.960Z INFO  worker::batch_maker] Batch WhAwaI3ZQLXUo+dWQjMAjTEyxVSwW6ranSLb9N0zKu8= contains 204800 B
[2026-04-19T03:25:11.012Z INFO  worker::batch_maker] Batch 60vpuFnZiDoRznuf2rFO6ISzPwK7cCHU/MdyZievHv0= contains sample tx 325
[2026-04-19T03:25:11.012Z INFO  worker::batch_maker] Batch 60vpuFnZiDoRznuf2rFO6ISzPwK7cCHU/MdyZievHv0= contains 204800 B
[2026-04-19T03:25:11.065Z INFO  worker::batch_maker] Batch lbrzPBY8nwybChFGmWog/PM8VU8psT7/f3es7IWkSpM= contains sample tx 326
[2026-04-19T03:25:11.065Z INFO  worker::batch_maker] Batch lbrzPBY8nwybChFGmWog/PM8VU8psT7/f3es7IWkSpM= contains 204800 B
[2026-04-19T03:25:11.117Z INFO  worker::batch_maker] Batch xA0I+j7dUKykyemnFvblHTEb85ai381vwY7Uwq6Qo3s= contains sample tx 327
[2026-04-19T03:25:11.117Z INFO  worker::batch_maker] Batch xA0I+j7dUKykyemnFvblHTEb85ai381vwY7Uwq6Qo3s= contains 204800 B
[2026-04-19T03:25:11.172Z INFO  worker::batch_maker] Batch DtlNF0/A/k1lKxQyRE9e/XMfVlBe9UrUASO8CEasjZc= contains sample tx 328
[2026-04-19T03:25:11.172Z INFO  worker::batch_maker] Batch DtlNF0/A/k1lKxQyRE9e/XMfVlBe9UrUASO8CEasjZc= contains 204800 B
[2026-04-19T03:25:11.225Z INFO  worker::batch_maker] Batch 0E5KoK4QiwVr7ZvzGlK0M8chqAU1nTbI0MyLbH44oHQ= contains sample tx 329
[2026-04-19T03:25:11.225Z INFO  worker::batch_maker] Batch 0E5KoK4QiwVr7ZvzGlK0M8chqAU1nTbI0MyLbH44oHQ= contains 204800 B
[2026-04-19T03:25:11.278Z INFO  worker::batch_maker] Batch 9VyHHOJtiG0+2YRL0qMhDWBRQbeOjSr+7yp7NDpLXHQ= contains sample tx 330
[2026-04-19T03:25:11.278Z INFO  worker::batch_maker] Batch 9VyHHOJtiG0+2YRL0qMhDWBRQbeOjSr+7yp7NDpLXHQ= contains 204800 B
[2026-04-19T03:25:11.330Z INFO  worker::batch_maker] Batch xylTLSQfcZGSjtdygAo3VxEXzzbyHp3QhTCl6Kgh2f4= contains sample tx 331
[2026-04-19T03:25:11.330Z INFO  worker::batch_maker] Batch xylTLSQfcZGSjtdygAo3VxEXzzbyHp3QhTCl6Kgh2f4= contains 204800 B
[2026-04-19T03:25:11.383Z INFO  worker::batch_maker] Batch A81uT+I912lgBbS3LlAYt24SwytfkHXDveUueLrKjqE= contains sample tx 332
[2026-04-19T03:25:11.383Z INFO  worker::batch_maker] Batch A81uT+I912lgBbS3LlAYt24SwytfkHXDveUueLrKjqE= contains 204800 B
[2026-04-19T03:25:11.437Z INFO  worker::batch_maker] Batch GKpYpoh5ogEsvc20qxgA+5t61CzhyAItL7Gn0CDJfIk= contains sample tx 333
[2026-04-19T03:25:11.437Z INFO  worker::batch_maker] Batch GKpYpoh5ogEsvc20qxgA+5t61CzhyAItL7Gn0CDJfIk= contains 204800 B
[2026-04-19T03:25:11.490Z INFO  worker::batch_maker] Batch 4Y6Li5ZJMok55wSd8rf18N9w8IIjt7OgVd9iW/WgW0c= contains sample tx 334
[2026-04-19T03:25:11.490Z INFO  worker::batch_maker] Batch 4Y6Li5ZJMok55wSd8rf18N9w8IIjt7OgVd9iW/WgW0c= contains 204800 B
[2026-04-19T03:25:11.543Z INFO  worker::batch_maker] Batch gXXpuJYCg4LIspneLA1ITdeRTxwr+B938PHXvABadOM= contains sample tx 335
[2026-04-19T03:25:11.543Z INFO  worker::batch_maker] Batch gXXpuJYCg4LIspneLA1ITdeRTxwr+B938PHXvABadOM= contains 204800 B
[2026-04-19T03:25:11.597Z INFO  worker::batch_maker] Batch tZxoX6G8TIbeB4CZUhxgXLguzeuLNR/MeXqXDXfblOs= contains sample tx 336
[2026-04-19T03:25:11.597Z INFO  worker::batch_maker] Batch tZxoX6G8TIbeB4CZUhxgXLguzeuLNR/MeXqXDXfblOs= contains 204800 B
[2026-04-19T03:25:11.649Z INFO  worker::batch_maker] Batch yMtS0BshdP9z653+gJ62P0Ag2UtKjpnz7gs5Zdodf0o= contains sample tx 337
[2026-04-19T03:25:11.649Z INFO  worker::batch_maker] Batch yMtS0BshdP9z653+gJ62P0Ag2UtKjpnz7gs5Zdodf0o= contains 244224 B
[2026-04-19T03:25:11.703Z INFO  worker::batch_maker] Batch RNi+Uyxu3m6Mep0vp+fABAIbciUx9OMenH/hHsE6qVA= contains sample tx 338
[2026-04-19T03:25:11.703Z INFO  worker::batch_maker] Batch RNi+Uyxu3m6Mep0vp+fABAIbciUx9OMenH/hHsE6qVA= contains sample tx 339
[2026-04-19T03:25:11.703Z INFO  worker::batch_maker] Batch RNi+Uyxu3m6Mep0vp+fABAIbciUx9OMenH/hHsE6qVA= contains 370176 B
[2026-04-19T03:25:11.756Z INFO  worker::batch_maker] Batch 4hO8WzaYi5MK6ZH5b6LOMQV+YVcI4z+95JfQsXAjpgM= contains sample tx 340
[2026-04-19T03:25:11.756Z INFO  worker::batch_maker] Batch 4hO8WzaYi5MK6ZH5b6LOMQV+YVcI4z+95JfQsXAjpgM= contains 204800 B
[2026-04-19T03:25:11.809Z INFO  worker::batch_maker] Batch Zeo4hJbpswJdnWZnap4p0Zjh4t7Nsh/iJ4xDdlmBISY= contains sample tx 341
[2026-04-19T03:25:11.809Z INFO  worker::batch_maker] Batch Zeo4hJbpswJdnWZnap4p0Zjh4t7Nsh/iJ4xDdlmBISY= contains 204800 B
[2026-04-19T03:25:11.861Z INFO  worker::batch_maker] Batch mi/F2AWc53s4x/058kf2YI8NOuPkXTp00/lyyi8BYCo= contains sample tx 342
[2026-04-19T03:25:11.861Z INFO  worker::batch_maker] Batch mi/F2AWc53s4x/058kf2YI8NOuPkXTp00/lyyi8BYCo= contains 204800 B
[2026-04-19T03:25:11.915Z INFO  worker::batch_maker] Batch gzeM9B5E0NGZS+cPYCPK1cDhz2TqDYnuxD3W6EWYQVQ= contains sample tx 343
[2026-04-19T03:25:11.915Z INFO  worker::batch_maker] Batch gzeM9B5E0NGZS+cPYCPK1cDhz2TqDYnuxD3W6EWYQVQ= contains 204800 B
[2026-04-19T03:25:11.969Z INFO  worker::batch_maker] Batch pjBUF2gwwHJlVOWmr8h7yNojIwN77fS/2Kb55gPlDpA= contains sample tx 344
[2026-04-19T03:25:11.969Z INFO  worker::batch_maker] Batch pjBUF2gwwHJlVOWmr8h7yNojIwN77fS/2Kb55gPlDpA= contains 204800 B
[2026-04-19T03:25:12.023Z INFO  worker::batch_maker] Batch MFsCwQAHmznISDkNE8e034XlrYTte2WZNAEh+RXMNK4= contains 170496 B
[2026-04-19T03:25:12.078Z INFO  worker::batch_maker] Batch qSJr9Zz4R26tQ8ZzRBaqZFJ36ZBBQtw+KT3wqdBBIjs= contains sample tx 345
[2026-04-19T03:25:12.078Z INFO  worker::batch_maker] Batch qSJr9Zz4R26tQ8ZzRBaqZFJ36ZBBQtw+KT3wqdBBIjs= contains sample tx 346
[2026-04-19T03:25:12.078Z INFO  worker::batch_maker] Batch qSJr9Zz4R26tQ8ZzRBaqZFJ36ZBBQtw+KT3wqdBBIjs= contains 239104 B
[2026-04-19T03:25:12.132Z INFO  worker::batch_maker] Batch IS8RgfcYpuFyWwyfYTplsTTGX6bNynJ3DFZ0Tp96p34= contains sample tx 347
[2026-04-19T03:25:12.132Z INFO  worker::batch_maker] Batch IS8RgfcYpuFyWwyfYTplsTTGX6bNynJ3DFZ0Tp96p34= contains 204800 B
[2026-04-19T03:25:12.185Z INFO  worker::batch_maker] Batch WixSjdPyq1Y92YIvNBF8R+YrpyM//jnXHUFc5iwoPVY= contains sample tx 348
[2026-04-19T03:25:12.185Z INFO  worker::batch_maker] Batch WixSjdPyq1Y92YIvNBF8R+YrpyM//jnXHUFc5iwoPVY= contains 204800 B
[2026-04-19T03:25:12.239Z INFO  worker::batch_maker] Batch 3e+RFB61RKoRr0nQHC+Me6aeWi3CGgrfHX+adc+MvGM= contains sample tx 349
[2026-04-19T03:25:12.239Z INFO  worker::batch_maker] Batch 3e+RFB61RKoRr0nQHC+Me6aeWi3CGgrfHX+adc+MvGM= contains 204800 B
[2026-04-19T03:25:12.293Z INFO  worker::batch_maker] Batch PsM3w9h60RsLUxXOcerbfLs6iE+hnZBuTcyLU6HJRCE= contains sample tx 350
[2026-04-19T03:25:12.301Z INFO  worker::batch_maker] Batch PsM3w9h60RsLUxXOcerbfLs6iE+hnZBuTcyLU6HJRCE= contains 204800 B
[2026-04-19T03:25:12.356Z INFO  worker::batch_maker] Batch ll4qekCu7SQp5OaSOf0ItUh8/Qbr0WUvM+XQq2l+VnI= contains sample tx 351
[2026-04-19T03:25:12.356Z INFO  worker::batch_maker] Batch ll4qekCu7SQp5OaSOf0ItUh8/Qbr0WUvM+XQq2l+VnI= contains sample tx 352
[2026-04-19T03:25:12.356Z INFO  worker::batch_maker] Batch ll4qekCu7SQp5OaSOf0ItUh8/Qbr0WUvM+XQq2l+VnI= contains 409600 B
[2026-04-19T03:25:12.412Z INFO  worker::batch_maker] Batch 3f/eVI45gnJZOu3b+LaIqDmSfsyFFAzlAVrp3+h69nw= contains sample tx 353
[2026-04-19T03:25:12.413Z INFO  worker::batch_maker] Batch 3f/eVI45gnJZOu3b+LaIqDmSfsyFFAzlAVrp3+h69nw= contains 204800 B
[2026-04-19T03:25:12.465Z INFO  worker::batch_maker] Batch CmACt3b8IPCnSzrULitNUo9QN5D06voPKOZXBaGInPg= contains sample tx 354
[2026-04-19T03:25:12.465Z INFO  worker::batch_maker] Batch CmACt3b8IPCnSzrULitNUo9QN5D06voPKOZXBaGInPg= contains 204800 B
[2026-04-19T03:25:12.519Z INFO  worker::batch_maker] Batch shHSjGVRQl09QGGD97blYWnAxuarIX+05HMPgzglvUc= contains sample tx 355
[2026-04-19T03:25:12.519Z INFO  worker::batch_maker] Batch shHSjGVRQl09QGGD97blYWnAxuarIX+05HMPgzglvUc= contains 204800 B
[2026-04-19T03:25:12.572Z INFO  worker::batch_maker] Batch cbYobjHj85NU8pIBLVBqTat58vfaQEYV6aYN43t1+u8= contains sample tx 356
[2026-04-19T03:25:12.572Z INFO  worker::batch_maker] Batch cbYobjHj85NU8pIBLVBqTat58vfaQEYV6aYN43t1+u8= contains 204800 B
[2026-04-19T03:25:12.624Z INFO  worker::batch_maker] Batch cvypl6NOHuiqhillcTsunDPdkXd0MQ1VsMdyMaOGL/o= contains sample tx 357
[2026-04-19T03:25:12.624Z INFO  worker::batch_maker] Batch cvypl6NOHuiqhillcTsunDPdkXd0MQ1VsMdyMaOGL/o= contains 204800 B
[2026-04-19T03:25:12.678Z INFO  worker::batch_maker] Batch zg6RtNE2rSqkj/E6JaM19h6UNjobIsbFFrc85A9tp24= contains sample tx 358
[2026-04-19T03:25:12.678Z INFO  worker::batch_maker] Batch zg6RtNE2rSqkj/E6JaM19h6UNjobIsbFFrc85A9tp24= contains 204800 B
[2026-04-19T03:25:12.730Z INFO  worker::batch_maker] Batch Pq0wxXnMO6xBeJ+0xCicRgFU81DdLjFWgDT+0rJ/RQ4= contains sample tx 359
[2026-04-19T03:25:12.730Z INFO  worker::batch_maker] Batch Pq0wxXnMO6xBeJ+0xCicRgFU81DdLjFWgDT+0rJ/RQ4= contains 204800 B
[2026-04-19T03:25:12.783Z INFO  worker::batch_maker] Batch /zIFPJNb3KdNYhjYlMocluEHd1Y2BepOm1LXr/s8Fp0= contains sample tx 360
[2026-04-19T03:25:12.783Z INFO  worker::batch_maker] Batch /zIFPJNb3KdNYhjYlMocluEHd1Y2BepOm1LXr/s8Fp0= contains 204800 B
[2026-04-19T03:25:12.835Z INFO  worker::batch_maker] Batch zHi/6DIO+2Is9B/1jTuJAE70jgNzUyGjX4qCE1LUgdA= contains sample tx 361
[2026-04-19T03:25:12.835Z INFO  worker::batch_maker] Batch zHi/6DIO+2Is9B/1jTuJAE70jgNzUyGjX4qCE1LUgdA= contains 204800 B
[2026-04-19T03:25:12.888Z INFO  worker::batch_maker] Batch 6YxQn1SWhV8gvyiMRnUiJeY/QR351zDmO6XQhWuVOYY= contains sample tx 362
[2026-04-19T03:25:12.888Z INFO  worker::batch_maker] Batch 6YxQn1SWhV8gvyiMRnUiJeY/QR351zDmO6XQhWuVOYY= contains 204800 B
[2026-04-19T03:25:12.941Z INFO  worker::batch_maker] Batch h+gLlHbySoufyX02OUAqL92YtQiGwxdhh/nUxAS6NN8= contains sample tx 363
[2026-04-19T03:25:12.941Z INFO  worker::batch_maker] Batch h+gLlHbySoufyX02OUAqL92YtQiGwxdhh/nUxAS6NN8= contains 204800 B
[2026-04-19T03:25:12.994Z INFO  worker::batch_maker] Batch tgy7fJcGGz5/Cnic76ixTYBbwoUFXaOxSe9p3StDrZI= contains sample tx 364
[2026-04-19T03:25:12.995Z INFO  worker::batch_maker] Batch tgy7fJcGGz5/Cnic76ixTYBbwoUFXaOxSe9p3StDrZI= contains 204800 B
[2026-04-19T03:25:13.049Z INFO  worker::batch_maker] Batch EzCgdV/6djsBjLUWBxTgE4RCLb2pJpbRZNdPpIaYZis= contains sample tx 365
[2026-04-19T03:25:13.049Z INFO  worker::batch_maker] Batch EzCgdV/6djsBjLUWBxTgE4RCLb2pJpbRZNdPpIaYZis= contains 204800 B
[2026-04-19T03:25:13.106Z INFO  worker::batch_maker] Batch YoGi3o/dEME+LkyPxojNftBmT7v/PKzelUPd4X8L2iA= contains sample tx 366
[2026-04-19T03:25:13.106Z INFO  worker::batch_maker] Batch YoGi3o/dEME+LkyPxojNftBmT7v/PKzelUPd4X8L2iA= contains 239616 B
[2026-04-19T03:25:13.162Z INFO  worker::batch_maker] Batch Flmm62+0rY9URoCoq3vjfIfuEh/5ZSODevqfp5FX0oU= contains sample tx 367
[2026-04-19T03:25:13.162Z INFO  worker::batch_maker] Batch Flmm62+0rY9URoCoq3vjfIfuEh/5ZSODevqfp5FX0oU= contains sample tx 368
[2026-04-19T03:25:13.162Z INFO  worker::batch_maker] Batch Flmm62+0rY9URoCoq3vjfIfuEh/5ZSODevqfp5FX0oU= contains 374784 B
[2026-04-19T03:25:13.172Z INFO  network::receiver] Incoming connection established with 10.10.1.6:34956
[2026-04-19T03:25:13.215Z INFO  worker::batch_maker] Batch gKZyRepReeYya1ZDekqOdaLnn2yWXyhDI1RH+QsB0r8= contains sample tx 369
[2026-04-19T03:25:13.215Z INFO  worker::batch_maker] Batch gKZyRepReeYya1ZDekqOdaLnn2yWXyhDI1RH+QsB0r8= contains 204800 B
[2026-04-19T03:25:13.267Z INFO  worker::batch_maker] Batch JULUsxyEPcI780BrSL1ZLtUvpI8fEyZxFe53+RtnMLQ= contains sample tx 370
[2026-04-19T03:25:13.267Z INFO  worker::batch_maker] Batch JULUsxyEPcI780BrSL1ZLtUvpI8fEyZxFe53+RtnMLQ= contains 204800 B
[2026-04-19T03:25:13.321Z INFO  worker::batch_maker] Batch dXC1i0LyjP7Mq9ssSj2VI/bqPHIngt0OVeLl6YUv3yo= contains sample tx 371
[2026-04-19T03:25:13.321Z INFO  worker::batch_maker] Batch dXC1i0LyjP7Mq9ssSj2VI/bqPHIngt0OVeLl6YUv3yo= contains 204800 B
[2026-04-19T03:25:13.375Z INFO  worker::batch_maker] Batch LRyPkfXYDfGDq1U5GY8+27yvk3llm0p3bfPujdiQEgs= contains sample tx 372
[2026-04-19T03:25:13.376Z INFO  worker::batch_maker] Batch LRyPkfXYDfGDq1U5GY8+27yvk3llm0p3bfPujdiQEgs= contains 204800 B
[2026-04-19T03:25:13.429Z INFO  worker::batch_maker] Batch 1ysXj83dhf31oT7Jc4zjPnLMo64vXbD0+9FLTsouiz8= contains sample tx 373
[2026-04-19T03:25:13.429Z INFO  worker::batch_maker] Batch 1ysXj83dhf31oT7Jc4zjPnLMo64vXbD0+9FLTsouiz8= contains 204800 B
[2026-04-19T03:25:13.482Z INFO  worker::batch_maker] Batch rb+or/UBXOqqeUIFfLjSzzGjqgknMUY2o/Pzvxkn5ig= contains sample tx 374
[2026-04-19T03:25:13.482Z INFO  worker::batch_maker] Batch rb+or/UBXOqqeUIFfLjSzzGjqgknMUY2o/Pzvxkn5ig= contains 204800 B
[2026-04-19T03:25:13.535Z INFO  worker::batch_maker] Batch qK7UGdmhI31n5kOC8SKTnLGOYYuiDwjgDDqPWts6bSU= contains sample tx 375
[2026-04-19T03:25:13.535Z INFO  worker::batch_maker] Batch qK7UGdmhI31n5kOC8SKTnLGOYYuiDwjgDDqPWts6bSU= contains 204800 B
[2026-04-19T03:25:13.588Z INFO  worker::batch_maker] Batch HxVb/8AM9vGPKubION9C4zUf2Csf/iIki7aM1B0c8fw= contains sample tx 376
[2026-04-19T03:25:13.588Z INFO  worker::batch_maker] Batch HxVb/8AM9vGPKubION9C4zUf2Csf/iIki7aM1B0c8fw= contains 204800 B
[2026-04-19T03:25:13.641Z INFO  worker::batch_maker] Batch GchUPeoq2EIICrjl6SyLyp43/1mN/H5I9wyL3m3O89c= contains sample tx 377
[2026-04-19T03:25:13.665Z INFO  worker::batch_maker] Batch GchUPeoq2EIICrjl6SyLyp43/1mN/H5I9wyL3m3O89c= contains 204800 B
[2026-04-19T03:25:13.721Z INFO  worker::batch_maker] Batch v1zWThSoLYK1tmphCW0aJiXibbwjaLPz815WnCQljpI= contains sample tx 378
[2026-04-19T03:25:13.721Z INFO  worker::batch_maker] Batch v1zWThSoLYK1tmphCW0aJiXibbwjaLPz815WnCQljpI= contains sample tx 379
[2026-04-19T03:25:13.721Z INFO  worker::batch_maker] Batch v1zWThSoLYK1tmphCW0aJiXibbwjaLPz815WnCQljpI= contains 409600 B
[2026-04-19T03:25:13.777Z INFO  worker::batch_maker] Batch Jy+7w3AchQFPmULSJcd3T5X+7wLPQXAvsME3xemdcAY= contains sample tx 380
[2026-04-19T03:25:13.796Z INFO  worker::batch_maker] Batch Jy+7w3AchQFPmULSJcd3T5X+7wLPQXAvsME3xemdcAY= contains 204800 B
[2026-04-19T03:25:13.850Z INFO  worker::batch_maker] Batch SF0YTuivv2M53ThyfNAEMigDoevIqhLb7jBhn6s1eAw= contains sample tx 381
[2026-04-19T03:25:13.850Z INFO  worker::batch_maker] Batch SF0YTuivv2M53ThyfNAEMigDoevIqhLb7jBhn6s1eAw= contains 211456 B
[2026-04-19T03:25:13.903Z INFO  worker::batch_maker] Batch HULKVQTkk+7G8Idlwdb2V7gfSWk06KStDQqJJPe9hqM= contains sample tx 382
[2026-04-19T03:25:13.903Z INFO  worker::batch_maker] Batch HULKVQTkk+7G8Idlwdb2V7gfSWk06KStDQqJJPe9hqM= contains 352256 B
[2026-04-19T03:25:13.958Z INFO  worker::batch_maker] Batch AvZLtFfaIWJdO9fPsKDwsByUJDPpy0/S5QiIVOokp1w= contains sample tx 383
[2026-04-19T03:25:13.958Z INFO  worker::batch_maker] Batch AvZLtFfaIWJdO9fPsKDwsByUJDPpy0/S5QiIVOokp1w= contains sample tx 384
[2026-04-19T03:25:13.958Z INFO  worker::batch_maker] Batch AvZLtFfaIWJdO9fPsKDwsByUJDPpy0/S5QiIVOokp1w= contains 255488 B
[2026-04-19T03:25:14.011Z INFO  worker::batch_maker] Batch KRgTdiVaYqH3ql28TK63s8EHL5MlPG4pFA/SsJbv4Lk= contains sample tx 385
[2026-04-19T03:25:14.011Z INFO  worker::batch_maker] Batch KRgTdiVaYqH3ql28TK63s8EHL5MlPG4pFA/SsJbv4Lk= contains 204800 B
[2026-04-19T03:25:14.064Z INFO  worker::batch_maker] Batch sczjfZ2rQJpCXlj+gdvs9fYNKm9Fl4jdGeIWWLwoOhk= contains sample tx 386
[2026-04-19T03:25:14.064Z INFO  worker::batch_maker] Batch sczjfZ2rQJpCXlj+gdvs9fYNKm9Fl4jdGeIWWLwoOhk= contains 204800 B
[2026-04-19T03:25:14.116Z INFO  worker::batch_maker] Batch 9aHvN4c8/tQP/E2wYGUIFyQPuzrmkLyN5QgybI5ir8I= contains sample tx 387
[2026-04-19T03:25:14.116Z INFO  worker::batch_maker] Batch 9aHvN4c8/tQP/E2wYGUIFyQPuzrmkLyN5QgybI5ir8I= contains 204800 B
[2026-04-19T03:25:14.169Z INFO  worker::batch_maker] Batch ZGAuOXX+j9SAyq9YxIvgjNZJiPWo20mst7RAMvvO2Qk= contains sample tx 388
[2026-04-19T03:25:14.169Z INFO  worker::batch_maker] Batch ZGAuOXX+j9SAyq9YxIvgjNZJiPWo20mst7RAMvvO2Qk= contains 204800 B
[2026-04-19T03:25:14.222Z INFO  worker::batch_maker] Batch MSaPF09lidfyJ/R5xB2zok2nydxs2LnwzdsPrfXOa2I= contains sample tx 389
[2026-04-19T03:25:14.222Z INFO  worker::batch_maker] Batch MSaPF09lidfyJ/R5xB2zok2nydxs2LnwzdsPrfXOa2I= contains 204800 B
[2026-04-19T03:25:14.275Z INFO  worker::batch_maker] Batch 0PILeEInJ4NAlTrc9nvS/yXtYj1xH9mTHL6BS1gdNAs= contains sample tx 390
[2026-04-19T03:25:14.275Z INFO  worker::batch_maker] Batch 0PILeEInJ4NAlTrc9nvS/yXtYj1xH9mTHL6BS1gdNAs= contains 204800 B
[2026-04-19T03:25:14.329Z INFO  worker::batch_maker] Batch rIBxoudDZCPgZb75WaVaiOjeQH8pjSE68u0niLlWpOE= contains sample tx 391
[2026-04-19T03:25:14.329Z INFO  worker::batch_maker] Batch rIBxoudDZCPgZb75WaVaiOjeQH8pjSE68u0niLlWpOE= contains 204800 B
[2026-04-19T03:25:14.381Z INFO  worker::batch_maker] Batch iRQfDP+YGEMhOhf4pnVk9LRbcgcpwZD9O1rxNMIpl/U= contains sample tx 392
[2026-04-19T03:25:14.381Z INFO  worker::batch_maker] Batch iRQfDP+YGEMhOhf4pnVk9LRbcgcpwZD9O1rxNMIpl/U= contains 204800 B
[2026-04-19T03:25:14.435Z INFO  worker::batch_maker] Batch 5OZrPkyrnzSO9pVha3Urcf6N80KyNq22vkt7s8oF0+c= contains sample tx 393
[2026-04-19T03:25:14.435Z INFO  worker::batch_maker] Batch 5OZrPkyrnzSO9pVha3Urcf6N80KyNq22vkt7s8oF0+c= contains 204800 B
[2026-04-19T03:25:14.488Z INFO  worker::batch_maker] Batch RsLwXmlQOWSp8TysfU1v6LgxnybvJo3ky0GYIihYOUg= contains sample tx 394
[2026-04-19T03:25:14.488Z INFO  worker::batch_maker] Batch RsLwXmlQOWSp8TysfU1v6LgxnybvJo3ky0GYIihYOUg= contains 204800 B
[2026-04-19T03:25:14.541Z INFO  worker::batch_maker] Batch Rd8M5hOZSbRdiVaU+elr/DAguDqW8nP5PhbC73KIOus= contains sample tx 395
[2026-04-19T03:25:14.541Z INFO  worker::batch_maker] Batch Rd8M5hOZSbRdiVaU+elr/DAguDqW8nP5PhbC73KIOus= contains 204800 B
[2026-04-19T03:25:14.597Z INFO  worker::batch_maker] Batch XDSAKwq6e8m1veC9kOXVRFZjWUvHK8AKhc083EAwimA= contains sample tx 396
[2026-04-19T03:25:14.597Z INFO  worker::batch_maker] Batch XDSAKwq6e8m1veC9kOXVRFZjWUvHK8AKhc083EAwimA= contains 204800 B
[2026-04-19T03:25:14.648Z INFO  worker::batch_maker] Batch la+Xxi+BVg2m9bIGdgNeY0pK1u7DhhfqI1lPusE8V48= contains sample tx 397
[2026-04-19T03:25:14.648Z INFO  worker::batch_maker] Batch la+Xxi+BVg2m9bIGdgNeY0pK1u7DhhfqI1lPusE8V48= contains 217600 B
[2026-04-19T03:25:14.701Z INFO  worker::batch_maker] Batch xshtL8VgIc7mJ7oDTuHemr8Lh5T5cEUOPt/8rUFRFMQ= contains sample tx 398
[2026-04-19T03:25:14.701Z INFO  worker::batch_maker] Batch xshtL8VgIc7mJ7oDTuHemr8Lh5T5cEUOPt/8rUFRFMQ= contains 277504 B
[2026-04-19T03:25:14.757Z INFO  worker::batch_maker] Batch rfGdAd9nec75cEs/uoNKeDHIAxMcW1Z2dbIAE5GQW3A= contains sample tx 399
[2026-04-19T03:25:14.758Z INFO  worker::batch_maker] Batch rfGdAd9nec75cEs/uoNKeDHIAxMcW1Z2dbIAE5GQW3A= contains sample tx 400
[2026-04-19T03:25:14.758Z INFO  worker::batch_maker] Batch rfGdAd9nec75cEs/uoNKeDHIAxMcW1Z2dbIAE5GQW3A= contains 324096 B
[2026-04-19T03:25:14.809Z INFO  worker::batch_maker] Batch ovJ9bDzG8+AJrNMDZqbOptzsgYWEFSwJo5wqx/aVHjE= contains sample tx 401
[2026-04-19T03:25:14.809Z INFO  worker::batch_maker] Batch ovJ9bDzG8+AJrNMDZqbOptzsgYWEFSwJo5wqx/aVHjE= contains 204800 B
[2026-04-19T03:25:14.862Z INFO  worker::batch_maker] Batch X+1+meEnQziTlxQC2Gw8bISMZoXQi70Mn2HejBhngI4= contains sample tx 402
[2026-04-19T03:25:14.862Z INFO  worker::batch_maker] Batch X+1+meEnQziTlxQC2Gw8bISMZoXQi70Mn2HejBhngI4= contains 204800 B
[2026-04-19T03:25:14.914Z INFO  worker::batch_maker] Batch gr21fofRD+VWH8x83iPT9iEDPWjx2vD9sJCz+3S09q8= contains sample tx 403
[2026-04-19T03:25:14.914Z INFO  worker::batch_maker] Batch gr21fofRD+VWH8x83iPT9iEDPWjx2vD9sJCz+3S09q8= contains 204800 B
[2026-04-19T03:25:14.966Z INFO  worker::batch_maker] Batch 6+0GrmNkQ+eAajxewZF8Tp9rxu3/Q0voG3ieBTc8P4k= contains sample tx 404
[2026-04-19T03:25:14.966Z INFO  worker::batch_maker] Batch 6+0GrmNkQ+eAajxewZF8Tp9rxu3/Q0voG3ieBTc8P4k= contains 204800 B
[2026-04-19T03:25:15.019Z INFO  worker::batch_maker] Batch 1Uau3AX6dagbDp1FuhutaXLHQtS825S3j15dgLcwmdw= contains sample tx 405
[2026-04-19T03:25:15.019Z INFO  worker::batch_maker] Batch 1Uau3AX6dagbDp1FuhutaXLHQtS825S3j15dgLcwmdw= contains 204800 B
[2026-04-19T03:25:15.071Z INFO  worker::batch_maker] Batch NmijZ6MW9c8aRj4KG44poz2IWfQJbfUbhljZ8ksG0yI= contains sample tx 406
[2026-04-19T03:25:15.071Z INFO  worker::batch_maker] Batch NmijZ6MW9c8aRj4KG44poz2IWfQJbfUbhljZ8ksG0yI= contains 204800 B
[2026-04-19T03:25:15.125Z INFO  worker::batch_maker] Batch a1mE4oY3NX01Y+/IUr8tO+LYQJvErUeaGskNZZ8ef7o= contains sample tx 407
[2026-04-19T03:25:15.125Z INFO  worker::batch_maker] Batch a1mE4oY3NX01Y+/IUr8tO+LYQJvErUeaGskNZZ8ef7o= contains 204800 B
[2026-04-19T03:25:15.178Z INFO  worker::batch_maker] Batch +G2iPyJOessaNfgA0jAOFmNU8M1tROZ32rAVgDOdqC0= contains sample tx 408
[2026-04-19T03:25:15.178Z INFO  worker::batch_maker] Batch +G2iPyJOessaNfgA0jAOFmNU8M1tROZ32rAVgDOdqC0= contains 204800 B
[2026-04-19T03:25:15.230Z INFO  worker::batch_maker] Batch CYlQVP0pszQsjJwTzAYWu6qfZC9XQH7ZyBGxSDFLwRM= contains sample tx 409
[2026-04-19T03:25:15.230Z INFO  worker::batch_maker] Batch CYlQVP0pszQsjJwTzAYWu6qfZC9XQH7ZyBGxSDFLwRM= contains 204800 B
[2026-04-19T03:25:15.282Z INFO  worker::batch_maker] Batch X/4mnUPzvmejxa0Qs4xBzV+8C0kvdBALFeRwYvMZwSc= contains sample tx 410
[2026-04-19T03:25:15.282Z INFO  worker::batch_maker] Batch X/4mnUPzvmejxa0Qs4xBzV+8C0kvdBALFeRwYvMZwSc= contains 204800 B
[2026-04-19T03:25:15.334Z INFO  worker::batch_maker] Batch K6gxhB4R6/uzzfItCtRH3v0AV4cIe31f7gjaZdgHj50= contains sample tx 411
[2026-04-19T03:25:15.334Z INFO  worker::batch_maker] Batch K6gxhB4R6/uzzfItCtRH3v0AV4cIe31f7gjaZdgHj50= contains 204800 B
[2026-04-19T03:25:15.389Z INFO  worker::batch_maker] Batch eSr4bH2QWpA4WRj7Kz1trp0KAbnPQ1yA46bkaxbKF5g= contains sample tx 412
[2026-04-19T03:25:15.389Z INFO  worker::batch_maker] Batch eSr4bH2QWpA4WRj7Kz1trp0KAbnPQ1yA46bkaxbKF5g= contains 204800 B
[2026-04-19T03:25:15.442Z INFO  worker::batch_maker] Batch NyRQpbRRXRfUODIDqFjFekQdC3ZlEBOFcOvSA51O03c= contains sample tx 413
[2026-04-19T03:25:15.442Z INFO  worker::batch_maker] Batch NyRQpbRRXRfUODIDqFjFekQdC3ZlEBOFcOvSA51O03c= contains 204800 B
[2026-04-19T03:25:15.494Z INFO  worker::batch_maker] Batch zJ8qcFBKIBVQrNKMgiBQEyXI3Q0OCoVETk2yPcWsLUc= contains sample tx 414
[2026-04-19T03:25:15.494Z INFO  worker::batch_maker] Batch zJ8qcFBKIBVQrNKMgiBQEyXI3Q0OCoVETk2yPcWsLUc= contains 204800 B
[2026-04-19T03:25:15.548Z INFO  worker::batch_maker] Batch ETaavxfpfdbeSl18IucaGHRBVVfYJKgNQ3qSzz6lASo= contains sample tx 415
[2026-04-19T03:25:15.548Z INFO  worker::batch_maker] Batch ETaavxfpfdbeSl18IucaGHRBVVfYJKgNQ3qSzz6lASo= contains 204800 B
[2026-04-19T03:25:15.602Z INFO  worker::batch_maker] Batch J6WEwSDXZGG3GJtsur/qNpgO3Cazw/yosML2l2m8z2o= contains sample tx 416
[2026-04-19T03:25:15.602Z INFO  worker::batch_maker] Batch J6WEwSDXZGG3GJtsur/qNpgO3Cazw/yosML2l2m8z2o= contains sample tx 417
[2026-04-19T03:25:15.602Z INFO  worker::batch_maker] Batch J6WEwSDXZGG3GJtsur/qNpgO3Cazw/yosML2l2m8z2o= contains 272896 B
[2026-04-19T03:25:15.657Z INFO  worker::batch_maker] Batch NihyobfunJjSZERMdPb+fe+EnH4juTQ7Vk0klpVGYAE= contains sample tx 418
[2026-04-19T03:25:15.657Z INFO  worker::batch_maker] Batch NihyobfunJjSZERMdPb+fe+EnH4juTQ7Vk0klpVGYAE= contains 241664 B
[2026-04-19T03:25:15.710Z INFO  worker::batch_maker] Batch cAGPN2ZDZuAlHFm+7LpmZyzj+6qjbAR4INg/ASyN58Q= contains 109568 B
[2026-04-19T03:25:15.766Z INFO  worker::batch_maker] Batch EHLX6a2HMmCe4pi+47FdLCkuVEAbWC+3nflSIfjQE8g= contains sample tx 419
[2026-04-19T03:25:15.766Z INFO  worker::batch_maker] Batch EHLX6a2HMmCe4pi+47FdLCkuVEAbWC+3nflSIfjQE8g= contains sample tx 420
[2026-04-19T03:25:15.766Z INFO  worker::batch_maker] Batch EHLX6a2HMmCe4pi+47FdLCkuVEAbWC+3nflSIfjQE8g= contains 399872 B
[2026-04-19T03:25:15.820Z INFO  worker::batch_maker] Batch Nva3OOSd9kBpsH6g6ayxjBdhWKoWSY/lBf7VPw0xXYg= contains sample tx 421
[2026-04-19T03:25:15.820Z INFO  worker::batch_maker] Batch Nva3OOSd9kBpsH6g6ayxjBdhWKoWSY/lBf7VPw0xXYg= contains 204800 B
[2026-04-19T03:25:15.875Z INFO  worker::batch_maker] Batch U12rRItgROZhU2EgTiU3zwr/HLXcTXhj/0S5mOIzt5A= contains sample tx 422
[2026-04-19T03:25:15.875Z INFO  worker::batch_maker] Batch U12rRItgROZhU2EgTiU3zwr/HLXcTXhj/0S5mOIzt5A= contains 204800 B
[2026-04-19T03:25:15.928Z INFO  worker::batch_maker] Batch c4Nk675YdXliHt3sjfk6u7Z1Brh34aad3qxupQyInUk= contains sample tx 423
[2026-04-19T03:25:15.928Z INFO  worker::batch_maker] Batch c4Nk675YdXliHt3sjfk6u7Z1Brh34aad3qxupQyInUk= contains 204800 B
[2026-04-19T03:25:15.983Z INFO  worker::batch_maker] Batch yB39ErN2O3EqPFIvczyLfc0Sw4btHCl9J/0eX9rjupY= contains sample tx 424
[2026-04-19T03:25:15.983Z INFO  worker::batch_maker] Batch yB39ErN2O3EqPFIvczyLfc0Sw4btHCl9J/0eX9rjupY= contains 204800 B
[2026-04-19T03:25:16.036Z INFO  worker::batch_maker] Batch tDQ8hUtMT2U3YpHI0Dtw5w74lhenWHi/zEMQgwwLKLQ= contains sample tx 425
[2026-04-19T03:25:16.036Z INFO  worker::batch_maker] Batch tDQ8hUtMT2U3YpHI0Dtw5w74lhenWHi/zEMQgwwLKLQ= contains 204800 B
[2026-04-19T03:25:16.092Z INFO  worker::batch_maker] Batch A+9LkSMK8duleOAxmC/w2Zn3pISwRsb28gJLfYmk1Cc= contains sample tx 426
[2026-04-19T03:25:16.092Z INFO  worker::batch_maker] Batch A+9LkSMK8duleOAxmC/w2Zn3pISwRsb28gJLfYmk1Cc= contains 204800 B
[2026-04-19T03:25:16.145Z INFO  worker::batch_maker] Batch h6EKyIRSqRaIVxRY8Rm7rkhS8XPs8IAQiq7VlQtjT9A= contains sample tx 427
[2026-04-19T03:25:16.145Z INFO  worker::batch_maker] Batch h6EKyIRSqRaIVxRY8Rm7rkhS8XPs8IAQiq7VlQtjT9A= contains 204800 B
[2026-04-19T03:25:16.200Z INFO  worker::batch_maker] Batch yY78sdGDJagKfvuhJu9Ykdf/LKhW41lLDtLvJ/nssyA= contains sample tx 428
[2026-04-19T03:25:16.200Z INFO  worker::batch_maker] Batch yY78sdGDJagKfvuhJu9Ykdf/LKhW41lLDtLvJ/nssyA= contains 204800 B
[2026-04-19T03:25:16.257Z INFO  worker::batch_maker] Batch zkqMywiiYtAmC7/3cu7zXqm9O5+oPTaH03qkSb3ARZA= contains sample tx 429
[2026-04-19T03:25:16.257Z INFO  worker::batch_maker] Batch zkqMywiiYtAmC7/3cu7zXqm9O5+oPTaH03qkSb3ARZA= contains sample tx 430
[2026-04-19T03:25:16.257Z INFO  worker::batch_maker] Batch zkqMywiiYtAmC7/3cu7zXqm9O5+oPTaH03qkSb3ARZA= contains 409600 B
[2026-04-19T03:25:16.311Z INFO  worker::batch_maker] Batch u6FIwlsJbHoxljpg02dOasyWR86QUWU5+Qqk1KXKBdg= contains sample tx 431
[2026-04-19T03:25:16.311Z INFO  worker::batch_maker] Batch u6FIwlsJbHoxljpg02dOasyWR86QUWU5+Qqk1KXKBdg= contains 204800 B
[2026-04-19T03:25:16.366Z INFO  worker::batch_maker] Batch jctrh1anuqk1YmfESIcTi6r2wiw/OxwYNn0Km3eorDg= contains sample tx 432
[2026-04-19T03:25:16.366Z INFO  worker::batch_maker] Batch jctrh1anuqk1YmfESIcTi6r2wiw/OxwYNn0Km3eorDg= contains 204800 B
[2026-04-19T03:25:16.419Z INFO  worker::batch_maker] Batch AVROfAJETf303XxVNrZ3h1oxV+qx10xD9vM8wY5FYRs= contains sample tx 433
[2026-04-19T03:25:16.419Z INFO  worker::batch_maker] Batch AVROfAJETf303XxVNrZ3h1oxV+qx10xD9vM8wY5FYRs= contains 204800 B
[2026-04-19T03:25:16.471Z INFO  worker::batch_maker] Batch RP7nH70E9uyGyeHHoCoHG1bMvtKDgX+e3xTDCocqEkA= contains sample tx 434
[2026-04-19T03:25:16.471Z INFO  worker::batch_maker] Batch RP7nH70E9uyGyeHHoCoHG1bMvtKDgX+e3xTDCocqEkA= contains 204800 B
[2026-04-19T03:25:16.523Z INFO  worker::batch_maker] Batch XJGJhd4xvXmz9oTlE2YXiLZjSfbaiqsWbCIRWXHaZMU= contains sample tx 435
[2026-04-19T03:25:16.523Z INFO  worker::batch_maker] Batch XJGJhd4xvXmz9oTlE2YXiLZjSfbaiqsWbCIRWXHaZMU= contains 204800 B
[2026-04-19T03:25:16.577Z INFO  worker::batch_maker] Batch 0lqzc4pNcu7Tyv2yY5HKNnIX357GOSXRX0ZXDM1e/co= contains sample tx 436
[2026-04-19T03:25:16.577Z INFO  worker::batch_maker] Batch 0lqzc4pNcu7Tyv2yY5HKNnIX357GOSXRX0ZXDM1e/co= contains 204800 B
[2026-04-19T03:25:16.631Z INFO  worker::batch_maker] Batch fDsbFBZMboFfSLHm/R/xT/duZ/ij8dT1RE+WDnK+LkU= contains sample tx 437
[2026-04-19T03:25:16.631Z INFO  worker::batch_maker] Batch fDsbFBZMboFfSLHm/R/xT/duZ/ij8dT1RE+WDnK+LkU= contains 204800 B
[2026-04-19T03:25:16.683Z INFO  worker::batch_maker] Batch owhfO6yAz0kuw0qJqo8+F/sLDjlgeC4jcjm5/K6wQa4= contains sample tx 438
[2026-04-19T03:25:16.683Z INFO  worker::batch_maker] Batch owhfO6yAz0kuw0qJqo8+F/sLDjlgeC4jcjm5/K6wQa4= contains 204800 B
[2026-04-19T03:25:16.737Z INFO  worker::batch_maker] Batch iuzLBNVzqmPvSEcfHHpl7t3mMf5bHNzdMGA4znAYWJo= contains sample tx 439
[2026-04-19T03:25:16.737Z INFO  worker::batch_maker] Batch iuzLBNVzqmPvSEcfHHpl7t3mMf5bHNzdMGA4znAYWJo= contains 204800 B
[2026-04-19T03:25:16.789Z INFO  worker::batch_maker] Batch Ke23hj8iohWhSFuPtAtyLApcFvb3dPxGR61WZjPtZSI= contains sample tx 440
[2026-04-19T03:25:16.789Z INFO  worker::batch_maker] Batch Ke23hj8iohWhSFuPtAtyLApcFvb3dPxGR61WZjPtZSI= contains 204800 B
[2026-04-19T03:25:16.841Z INFO  worker::batch_maker] Batch oxsE2DKNHHzMN9EEwbFVAY5x+M4aQbc/yx127Ae6TyI= contains sample tx 441
[2026-04-19T03:25:16.841Z INFO  worker::batch_maker] Batch oxsE2DKNHHzMN9EEwbFVAY5x+M4aQbc/yx127Ae6TyI= contains 204800 B
[2026-04-19T03:25:16.893Z INFO  worker::batch_maker] Batch qEcfh2cTnw1ZtgnRViOcpojNmzaVF2CNZVlmFdBe+Ow= contains sample tx 442
[2026-04-19T03:25:16.893Z INFO  worker::batch_maker] Batch qEcfh2cTnw1ZtgnRViOcpojNmzaVF2CNZVlmFdBe+Ow= contains 204800 B
[2026-04-19T03:25:16.947Z INFO  worker::batch_maker] Batch 2vEFU/fC3VHCz511kk+xUUpEDDKnQpWZtfAk54QDPKQ= contains sample tx 443
[2026-04-19T03:25:16.947Z INFO  worker::batch_maker] Batch 2vEFU/fC3VHCz511kk+xUUpEDDKnQpWZtfAk54QDPKQ= contains 204800 B
[2026-04-19T03:25:17.001Z INFO  worker::batch_maker] Batch AxtOR0jtKvCrNe8D3k2Tt4HelKXdYAW9qHgtPcqIIyI= contains sample tx 444
[2026-04-19T03:25:17.001Z INFO  worker::batch_maker] Batch AxtOR0jtKvCrNe8D3k2Tt4HelKXdYAW9qHgtPcqIIyI= contains sample tx 445
[2026-04-19T03:25:17.001Z INFO  worker::batch_maker] Batch AxtOR0jtKvCrNe8D3k2Tt4HelKXdYAW9qHgtPcqIIyI= contains 276992 B
[2026-04-19T03:25:17.057Z INFO  worker::batch_maker] Batch ytgDto3cIm699eGLmv/EkxIw8hJ2/aMbS3bckEEjZ/k= contains sample tx 446
[2026-04-19T03:25:17.057Z INFO  worker::batch_maker] Batch ytgDto3cIm699eGLmv/EkxIw8hJ2/aMbS3bckEEjZ/k= contains 337408 B
[2026-04-19T03:25:17.108Z INFO  worker::batch_maker] Batch IPKCCYraD6g/BsKGGthrAakWcyelxWIUL6cw/wvQOAM= contains sample tx 447
[2026-04-19T03:25:17.109Z INFO  worker::batch_maker] Batch IPKCCYraD6g/BsKGGthrAakWcyelxWIUL6cw/wvQOAM= contains 204800 B
[2026-04-19T03:25:17.162Z INFO  worker::batch_maker] Batch G7bY/eqoQv2DsIkJcUqtRvdlBDgRMHBEm96YaufTtRo= contains sample tx 448
[2026-04-19T03:25:17.162Z INFO  worker::batch_maker] Batch G7bY/eqoQv2DsIkJcUqtRvdlBDgRMHBEm96YaufTtRo= contains 204800 B
[2026-04-19T03:25:17.214Z INFO  worker::batch_maker] Batch XEiO1xv5aOjLaw5fall0ABFhqXFYo3OEiICsujFIYGU= contains sample tx 449
[2026-04-19T03:25:17.214Z INFO  worker::batch_maker] Batch XEiO1xv5aOjLaw5fall0ABFhqXFYo3OEiICsujFIYGU= contains 204800 B
[2026-04-19T03:25:17.268Z INFO  worker::batch_maker] Batch iFVl1C3TmuitW0cIOUhILYWUdKiCjVs1esozfMD9AQ0= contains sample tx 450
[2026-04-19T03:25:17.268Z INFO  worker::batch_maker] Batch iFVl1C3TmuitW0cIOUhILYWUdKiCjVs1esozfMD9AQ0= contains 204800 B
[2026-04-19T03:25:17.321Z INFO  worker::batch_maker] Batch 1EGgH6AwW0UXvtv5ULyw7whJt/aQA8imqH2GMUytZN4= contains sample tx 451
[2026-04-19T03:25:17.321Z INFO  worker::batch_maker] Batch 1EGgH6AwW0UXvtv5ULyw7whJt/aQA8imqH2GMUytZN4= contains 204800 B
[2026-04-19T03:25:17.375Z INFO  worker::batch_maker] Batch R8ISPWOK8JqXr621zqxs+Pp4Yg1RvQgsdXIGz9ox96c= contains sample tx 452
[2026-04-19T03:25:17.375Z INFO  worker::batch_maker] Batch R8ISPWOK8JqXr621zqxs+Pp4Yg1RvQgsdXIGz9ox96c= contains 204800 B
[2026-04-19T03:25:17.429Z INFO  worker::batch_maker] Batch kcIGhcZRDROuvNruLafKlnlHYV3tLmQd265irbxHNAc= contains sample tx 453
[2026-04-19T03:25:17.429Z INFO  worker::batch_maker] Batch kcIGhcZRDROuvNruLafKlnlHYV3tLmQd265irbxHNAc= contains 204800 B
[2026-04-19T03:25:17.482Z INFO  worker::batch_maker] Batch tr7SQt23KIeDFl+EWJ4Y/j9KJNaRfzMqSD5ZQkzIceo= contains sample tx 454
[2026-04-19T03:25:17.482Z INFO  worker::batch_maker] Batch tr7SQt23KIeDFl+EWJ4Y/j9KJNaRfzMqSD5ZQkzIceo= contains 204800 B
[2026-04-19T03:25:17.536Z INFO  worker::batch_maker] Batch L85lPbXIjJAD7VPTasNLlGPZBQo2n01nt3euFIksPyc= contains sample tx 455
[2026-04-19T03:25:17.536Z INFO  worker::batch_maker] Batch L85lPbXIjJAD7VPTasNLlGPZBQo2n01nt3euFIksPyc= contains 204800 B
[2026-04-19T03:25:17.589Z INFO  worker::batch_maker] Batch 5tzVOfOCM7tCXhueDD8uomTkqaagQwIHSQdMxnWvQxE= contains sample tx 456
[2026-04-19T03:25:17.589Z INFO  worker::batch_maker] Batch 5tzVOfOCM7tCXhueDD8uomTkqaagQwIHSQdMxnWvQxE= contains 204800 B
[2026-04-19T03:25:17.643Z INFO  worker::batch_maker] Batch UbZGq3Oqk/cdQO6QMSEE2kxsBMucV9ioOQlV6y/sclc= contains sample tx 457
[2026-04-19T03:25:17.643Z INFO  worker::batch_maker] Batch UbZGq3Oqk/cdQO6QMSEE2kxsBMucV9ioOQlV6y/sclc= contains 204800 B
[2026-04-19T03:25:17.697Z INFO  worker::batch_maker] Batch o2Mbd3mhAzsmy9PAj4TcFTlwev07HoALARcJfBbuiUQ= contains sample tx 458
[2026-04-19T03:25:17.697Z INFO  worker::batch_maker] Batch o2Mbd3mhAzsmy9PAj4TcFTlwev07HoALARcJfBbuiUQ= contains 204800 B
[2026-04-19T03:25:17.750Z INFO  worker::batch_maker] Batch mOb/J1H8z7ovxcsWO3aZ5+jOpmmTf/8/5aghm1MR9X8= contains sample tx 459
[2026-04-19T03:25:17.750Z INFO  worker::batch_maker] Batch mOb/J1H8z7ovxcsWO3aZ5+jOpmmTf/8/5aghm1MR9X8= contains 214528 B
[2026-04-19T03:25:17.806Z INFO  worker::batch_maker] Batch uvJkLUzjgGxJIpFO+xS5o/2i3pwXZwmCNv0cmdgKmPM= contains sample tx 460
[2026-04-19T03:25:17.806Z INFO  worker::batch_maker] Batch uvJkLUzjgGxJIpFO+xS5o/2i3pwXZwmCNv0cmdgKmPM= contains sample tx 461
[2026-04-19T03:25:17.806Z INFO  worker::batch_maker] Batch uvJkLUzjgGxJIpFO+xS5o/2i3pwXZwmCNv0cmdgKmPM= contains 399872 B
[2026-04-19T03:25:17.860Z INFO  worker::batch_maker] Batch 9NvmPR7UBAQv/FWoHtpw7CZjuMLkoqOf5LyV83JSy08= contains sample tx 462
[2026-04-19T03:25:17.860Z INFO  worker::batch_maker] Batch 9NvmPR7UBAQv/FWoHtpw7CZjuMLkoqOf5LyV83JSy08= contains 204800 B
[2026-04-19T03:25:17.913Z INFO  worker::batch_maker] Batch BCj9RDBIViYTbFRTCSkBS2MDsmLiElQy8bvooV7qdxY= contains sample tx 463
[2026-04-19T03:25:17.913Z INFO  worker::batch_maker] Batch BCj9RDBIViYTbFRTCSkBS2MDsmLiElQy8bvooV7qdxY= contains 204800 B
[2026-04-19T03:25:17.967Z INFO  worker::batch_maker] Batch qhKzdAaiZQK6Mc+0f6G6iI3xfPgBJLNRrr9IGhTQj9s= contains sample tx 464
[2026-04-19T03:25:17.967Z INFO  worker::batch_maker] Batch qhKzdAaiZQK6Mc+0f6G6iI3xfPgBJLNRrr9IGhTQj9s= contains 204800 B
[2026-04-19T03:25:18.020Z INFO  worker::batch_maker] Batch MbHTologs+7MmOG+G8QUwsyApsjQ8fsa9LSXh9PPDuM= contains sample tx 465
[2026-04-19T03:25:18.020Z INFO  worker::batch_maker] Batch MbHTologs+7MmOG+G8QUwsyApsjQ8fsa9LSXh9PPDuM= contains 204800 B
[2026-04-19T03:25:18.072Z INFO  worker::batch_maker] Batch kANazvAb+LX52rCrhmB1HjoLTkA7SWc/02Rz2ZS6bHI= contains sample tx 466
[2026-04-19T03:25:18.072Z INFO  worker::batch_maker] Batch kANazvAb+LX52rCrhmB1HjoLTkA7SWc/02Rz2ZS6bHI= contains 204800 B
[2026-04-19T03:25:18.125Z INFO  worker::batch_maker] Batch ZAW2Tjy2bYHhwIHxULRj8gFEcfWCoARyeCeXx0zcP3I= contains sample tx 467
[2026-04-19T03:25:18.125Z INFO  worker::batch_maker] Batch ZAW2Tjy2bYHhwIHxULRj8gFEcfWCoARyeCeXx0zcP3I= contains 204800 B
[2026-04-19T03:25:18.178Z INFO  worker::batch_maker] Batch 5lh7cZOJicl6PQuevtyXLhMOAXrUlvz6aMB2UJok/Kc= contains sample tx 468
[2026-04-19T03:25:18.178Z INFO  worker::batch_maker] Batch 5lh7cZOJicl6PQuevtyXLhMOAXrUlvz6aMB2UJok/Kc= contains 204800 B
[2026-04-19T03:25:18.232Z INFO  worker::batch_maker] Batch Ttccz8k8mV71QwOn0edaUX/xs7BJgpw+9VXgY6U/aOI= contains sample tx 469
[2026-04-19T03:25:18.232Z INFO  worker::batch_maker] Batch Ttccz8k8mV71QwOn0edaUX/xs7BJgpw+9VXgY6U/aOI= contains 204800 B
[2026-04-19T03:25:18.285Z INFO  worker::batch_maker] Batch u5W8eOf2OH31+GVW8BV+O52y8YMKamtQvyKMt1JjosM= contains sample tx 470
[2026-04-19T03:25:18.285Z INFO  worker::batch_maker] Batch u5W8eOf2OH31+GVW8BV+O52y8YMKamtQvyKMt1JjosM= contains 204800 B
[2026-04-19T03:25:18.337Z INFO  worker::batch_maker] Batch FpRsvEeZA8AnDADHHXSIukS5CtcH61jg+Rxd0dAwH0Y= contains sample tx 471
[2026-04-19T03:25:18.337Z INFO  worker::batch_maker] Batch FpRsvEeZA8AnDADHHXSIukS5CtcH61jg+Rxd0dAwH0Y= contains 204800 B
[2026-04-19T03:25:18.392Z INFO  worker::batch_maker] Batch 602oRAHjXWy43yE7u8FtnwBXz+hVRN+LegH2EcYHMxo= contains sample tx 472
[2026-04-19T03:25:18.392Z INFO  worker::batch_maker] Batch 602oRAHjXWy43yE7u8FtnwBXz+hVRN+LegH2EcYHMxo= contains 204800 B
[2026-04-19T03:25:18.445Z INFO  worker::batch_maker] Batch EnMSH1BIXgPhsVdQNvkuQ/eZa/JVM2YivVycnz+F2z8= contains sample tx 473
[2026-04-19T03:25:18.445Z INFO  worker::batch_maker] Batch EnMSH1BIXgPhsVdQNvkuQ/eZa/JVM2YivVycnz+F2z8= contains 204800 B
[2026-04-19T03:25:18.498Z INFO  worker::batch_maker] Batch VHURia/r8PqGwxlB9NW8No76BweYvZx3yBSv0ABhapQ= contains sample tx 474
[2026-04-19T03:25:18.498Z INFO  worker::batch_maker] Batch VHURia/r8PqGwxlB9NW8No76BweYvZx3yBSv0ABhapQ= contains 204800 B
[2026-04-19T03:25:18.554Z INFO  worker::batch_maker] Batch 95omMEzd9HQ9d/XwcCAru4m8sGOgnCd8iDSxgVqdaf8= contains sample tx 475
[2026-04-19T03:25:18.554Z INFO  worker::batch_maker] Batch 95omMEzd9HQ9d/XwcCAru4m8sGOgnCd8iDSxgVqdaf8= contains sample tx 476
[2026-04-19T03:25:18.554Z INFO  worker::batch_maker] Batch 95omMEzd9HQ9d/XwcCAru4m8sGOgnCd8iDSxgVqdaf8= contains 409600 B
[2026-04-19T03:25:18.608Z INFO  worker::batch_maker] Batch OVY1WHrmlafXhBOPCbfHHpMIbaiV3VEJFyP6/DG/o2I= contains sample tx 477
[2026-04-19T03:25:18.608Z INFO  worker::batch_maker] Batch OVY1WHrmlafXhBOPCbfHHpMIbaiV3VEJFyP6/DG/o2I= contains 204800 B
[2026-04-19T03:25:18.661Z INFO  worker::batch_maker] Batch Eqs+6s1xflSvkehtKWnpX1lfZ+tGL71daWUoLHBSEzs= contains sample tx 478
[2026-04-19T03:25:18.661Z INFO  worker::batch_maker] Batch Eqs+6s1xflSvkehtKWnpX1lfZ+tGL71daWUoLHBSEzs= contains 204800 B
[2026-04-19T03:25:18.715Z INFO  worker::batch_maker] Batch QkOtOGUxuDZhVo4hR0+eq5M7jMY0X5Nc6bsn1ZJ8DAE= contains sample tx 479
[2026-04-19T03:25:18.715Z INFO  worker::batch_maker] Batch QkOtOGUxuDZhVo4hR0+eq5M7jMY0X5Nc6bsn1ZJ8DAE= contains 204800 B
[2026-04-19T03:25:18.769Z INFO  worker::batch_maker] Batch cRWvqzSL8lJWqLLaU/Q+84bm3pE2FNIHss22yRybipQ= contains sample tx 480
[2026-04-19T03:25:18.769Z INFO  worker::batch_maker] Batch cRWvqzSL8lJWqLLaU/Q+84bm3pE2FNIHss22yRybipQ= contains 204800 B
[2026-04-19T03:25:18.823Z INFO  worker::batch_maker] Batch /We8nZdByn2cEDIQvzy0m9MeRK6tkH9KzJEO0X9ii3s= contains sample tx 481
[2026-04-19T03:25:18.823Z INFO  worker::batch_maker] Batch /We8nZdByn2cEDIQvzy0m9MeRK6tkH9KzJEO0X9ii3s= contains 204800 B
[2026-04-19T03:25:18.877Z INFO  worker::batch_maker] Batch wU2jh1KrXfgWrrsS5bldvo0ReZ9FtlTcujtswBWbyCo= contains sample tx 482
[2026-04-19T03:25:18.877Z INFO  worker::batch_maker] Batch wU2jh1KrXfgWrrsS5bldvo0ReZ9FtlTcujtswBWbyCo= contains 204800 B
[2026-04-19T03:25:18.931Z INFO  worker::batch_maker] Batch qq9w/ezapxZ87/McDx7D6Ww9unYka24ghB5qu4H7XN8= contains sample tx 483
[2026-04-19T03:25:18.931Z INFO  worker::batch_maker] Batch qq9w/ezapxZ87/McDx7D6Ww9unYka24ghB5qu4H7XN8= contains 204800 B
[2026-04-19T03:25:18.985Z INFO  worker::batch_maker] Batch ghVzvoIDXPZ2pvQKdjzjfnh41/IsSjYwZj9ThjVn2qU= contains sample tx 484
[2026-04-19T03:25:18.985Z INFO  worker::batch_maker] Batch ghVzvoIDXPZ2pvQKdjzjfnh41/IsSjYwZj9ThjVn2qU= contains 204800 B
[2026-04-19T03:25:19.038Z INFO  worker::batch_maker] Batch R7q8RU7UoljbKxWaAyzX/u964RqJFLUF4Ax8DnLbuNc= contains sample tx 485
[2026-04-19T03:25:19.039Z INFO  worker::batch_maker] Batch R7q8RU7UoljbKxWaAyzX/u964RqJFLUF4Ax8DnLbuNc= contains 204800 B
[2026-04-19T03:25:19.092Z INFO  worker::batch_maker] Batch iZuxEM01xvQ65O6JGJqWUvl1YA25RFKI1buqItsf1iw= contains sample tx 486
[2026-04-19T03:25:19.092Z INFO  worker::batch_maker] Batch iZuxEM01xvQ65O6JGJqWUvl1YA25RFKI1buqItsf1iw= contains 204800 B
[2026-04-19T03:25:19.145Z INFO  worker::batch_maker] Batch 1zVQnhojSHLNl26wpaxQ0EiHF1yGC7iU+ScC7e3/KuI= contains sample tx 487
[2026-04-19T03:25:19.145Z INFO  worker::batch_maker] Batch 1zVQnhojSHLNl26wpaxQ0EiHF1yGC7iU+ScC7e3/KuI= contains 204800 B
[2026-04-19T03:25:19.198Z INFO  worker::batch_maker] Batch HKvOeW8TzCfUgdEzvSJIIwi7qXy1r5kczCkywsduuZQ= contains sample tx 488
[2026-04-19T03:25:19.198Z INFO  worker::batch_maker] Batch HKvOeW8TzCfUgdEzvSJIIwi7qXy1r5kczCkywsduuZQ= contains 204800 B
[2026-04-19T03:25:19.253Z INFO  worker::batch_maker] Batch LZBPVYYy7OrMVOEFD8PhbAk4GUhNIgG3TAdrfar1HCI= contains sample tx 489
[2026-04-19T03:25:19.253Z INFO  worker::batch_maker] Batch LZBPVYYy7OrMVOEFD8PhbAk4GUhNIgG3TAdrfar1HCI= contains sample tx 490
[2026-04-19T03:25:19.253Z INFO  worker::batch_maker] Batch LZBPVYYy7OrMVOEFD8PhbAk4GUhNIgG3TAdrfar1HCI= contains 298496 B
[2026-04-19T03:25:19.306Z INFO  worker::batch_maker] Batch /BaCyTn78BvIzoxYvQ3QpHxwe9NSvp4yCUtQtNSP+Ig= contains sample tx 491
[2026-04-19T03:25:19.306Z INFO  worker::batch_maker] Batch /BaCyTn78BvIzoxYvQ3QpHxwe9NSvp4yCUtQtNSP+Ig= contains 315904 B
[2026-04-19T03:25:19.359Z INFO  worker::batch_maker] Batch Bc9xyylXsZex+J4POu+g4NrRxWlX4mqb85gZlZVMk+A= contains sample tx 492
[2026-04-19T03:25:19.359Z INFO  worker::batch_maker] Batch Bc9xyylXsZex+J4POu+g4NrRxWlX4mqb85gZlZVMk+A= contains 204800 B
[2026-04-19T03:25:19.413Z INFO  worker::batch_maker] Batch JB6yyLF8z0MJgJQqIoXvFxYFEoPk4fqSisTtBrfsLPw= contains sample tx 493
[2026-04-19T03:25:19.413Z INFO  worker::batch_maker] Batch JB6yyLF8z0MJgJQqIoXvFxYFEoPk4fqSisTtBrfsLPw= contains 204800 B
[2026-04-19T03:25:19.467Z INFO  worker::batch_maker] Batch mpTFRRKeohj6BZGinGH4eYUfAtmgAydZpektvb/ejOo= contains sample tx 494
[2026-04-19T03:25:19.467Z INFO  worker::batch_maker] Batch mpTFRRKeohj6BZGinGH4eYUfAtmgAydZpektvb/ejOo= contains 204800 B
[2026-04-19T03:25:19.521Z INFO  worker::batch_maker] Batch fCC6KY8DKjMGxhiJ4Wk4EydtSKkcbrPc7hm0eObpOQI= contains sample tx 495
[2026-04-19T03:25:19.521Z INFO  worker::batch_maker] Batch fCC6KY8DKjMGxhiJ4Wk4EydtSKkcbrPc7hm0eObpOQI= contains 204800 B
[2026-04-19T03:25:19.574Z INFO  worker::batch_maker] Batch skkuoZ/TJTtxR5gib+xG64h4VeURtbLxAkL7EVvFsjY= contains sample tx 496
[2026-04-19T03:25:19.574Z INFO  worker::batch_maker] Batch skkuoZ/TJTtxR5gib+xG64h4VeURtbLxAkL7EVvFsjY= contains 204800 B
[2026-04-19T03:25:19.627Z INFO  worker::batch_maker] Batch ilUQKF2Bf8jAWWgN1nLXVzaYw9KvcPmHQUSpaWR8Svk= contains sample tx 497
[2026-04-19T03:25:19.627Z INFO  worker::batch_maker] Batch ilUQKF2Bf8jAWWgN1nLXVzaYw9KvcPmHQUSpaWR8Svk= contains 204800 B
[2026-04-19T03:25:19.679Z INFO  worker::batch_maker] Batch 7Di44T4qA6SdmEbhJtOVOWHP9V8sbVrBlyKHnOUDhxs= contains sample tx 498
[2026-04-19T03:25:19.679Z INFO  worker::batch_maker] Batch 7Di44T4qA6SdmEbhJtOVOWHP9V8sbVrBlyKHnOUDhxs= contains 204800 B
[2026-04-19T03:25:19.733Z INFO  worker::batch_maker] Batch GnMNoP4JckPk5h9i0vHpv/Eh1hb9c4TAulnz0hfELeA= contains sample tx 499
[2026-04-19T03:25:19.773Z INFO  worker::batch_maker] Batch GnMNoP4JckPk5h9i0vHpv/Eh1hb9c4TAulnz0hfELeA= contains 204800 B
[2026-04-19T03:25:19.829Z INFO  worker::batch_maker] Batch Y6HmxB0BWCvhzsnqaz1TSiXwOuIuuGq/tmNKHqNZr4A= contains sample tx 500
[2026-04-19T03:25:19.829Z INFO  worker::batch_maker] Batch Y6HmxB0BWCvhzsnqaz1TSiXwOuIuuGq/tmNKHqNZr4A= contains sample tx 501
[2026-04-19T03:25:19.829Z INFO  worker::batch_maker] Batch Y6HmxB0BWCvhzsnqaz1TSiXwOuIuuGq/tmNKHqNZr4A= contains 409600 B
[2026-04-19T03:25:19.883Z INFO  worker::batch_maker] Batch KfxZUUqy5lTeXF8cLY1VpwmUieAoDVBRh3KQtjygMVA= contains sample tx 502
[2026-04-19T03:25:19.883Z INFO  worker::batch_maker] Batch KfxZUUqy5lTeXF8cLY1VpwmUieAoDVBRh3KQtjygMVA= contains 204800 B
[2026-04-19T03:25:19.937Z INFO  worker::batch_maker] Batch DA1hLC4jl8/8ZMWn7CfAvPPKvvPWnNCaqIjHSHovE2M= contains sample tx 503
[2026-04-19T03:25:19.937Z INFO  worker::batch_maker] Batch DA1hLC4jl8/8ZMWn7CfAvPPKvvPWnNCaqIjHSHovE2M= contains 204800 B
[2026-04-19T03:25:19.992Z INFO  worker::batch_maker] Batch CgbhUlIyu4w4t8+FtiEPTAi1NFeSwaLk7UyeCWyKYak= contains sample tx 504
[2026-04-19T03:25:19.992Z INFO  worker::batch_maker] Batch CgbhUlIyu4w4t8+FtiEPTAi1NFeSwaLk7UyeCWyKYak= contains 204800 B
[2026-04-19T03:25:20.044Z INFO  worker::batch_maker] Batch uouPACvEfza0Z2aGxr2d50poyLp4GRXWz2DjXKBHpM4= contains sample tx 505
[2026-04-19T03:25:20.044Z INFO  worker::batch_maker] Batch uouPACvEfza0Z2aGxr2d50poyLp4GRXWz2DjXKBHpM4= contains 204800 B
[2026-04-19T03:25:20.097Z INFO  worker::batch_maker] Batch hBt3LjA0HtO5ip+crb+xicN5xTdeGoztrR17sCkvhUE= contains sample tx 506
[2026-04-19T03:25:20.097Z INFO  worker::batch_maker] Batch hBt3LjA0HtO5ip+crb+xicN5xTdeGoztrR17sCkvhUE= contains 204800 B
[2026-04-19T03:25:20.149Z INFO  worker::batch_maker] Batch IQodlgUQqFY4NeJiysxZe0Su9eEA7T94iasnS1jCiTk= contains sample tx 507
[2026-04-19T03:25:20.149Z INFO  worker::batch_maker] Batch IQodlgUQqFY4NeJiysxZe0Su9eEA7T94iasnS1jCiTk= contains sample tx 508
[2026-04-19T03:25:20.149Z INFO  worker::batch_maker] Batch IQodlgUQqFY4NeJiysxZe0Su9eEA7T94iasnS1jCiTk= contains 264704 B
[2026-04-19T03:25:20.202Z INFO  worker::batch_maker] Batch mfGSYto66Pl+XDTs/ZXFEwG7PeD7DxVVvlwXXNUn/3s= contains sample tx 509
[2026-04-19T03:25:20.202Z INFO  worker::batch_maker] Batch mfGSYto66Pl+XDTs/ZXFEwG7PeD7DxVVvlwXXNUn/3s= contains 349696 B
[2026-04-19T03:25:20.254Z INFO  worker::batch_maker] Batch FGg93z6fUQHTcvz7ziGsXz4QMuDwi5xj5UYhLC4EFzc= contains sample tx 510
[2026-04-19T03:25:20.254Z INFO  worker::batch_maker] Batch FGg93z6fUQHTcvz7ziGsXz4QMuDwi5xj5UYhLC4EFzc= contains 204800 B
[2026-04-19T03:25:20.307Z INFO  worker::batch_maker] Batch lKoWI0M9BNpKgnBfk2F0r1obIDQxaXS7yNzsb0pJYN8= contains sample tx 511
[2026-04-19T03:25:20.307Z INFO  worker::batch_maker] Batch lKoWI0M9BNpKgnBfk2F0r1obIDQxaXS7yNzsb0pJYN8= contains 204800 B
[2026-04-19T03:25:20.361Z INFO  worker::batch_maker] Batch M5yOrojOECf9JiXMhxbujvyWzwlPHSjeb7vv7cEy5hc= contains sample tx 512
[2026-04-19T03:25:20.361Z INFO  worker::batch_maker] Batch M5yOrojOECf9JiXMhxbujvyWzwlPHSjeb7vv7cEy5hc= contains 204800 B
[2026-04-19T03:25:20.415Z INFO  worker::batch_maker] Batch Lybn727KDkl7JPNtl9wh7iogQxRyKj9i6G/QWRitJUI= contains sample tx 513
[2026-04-19T03:25:20.415Z INFO  worker::batch_maker] Batch Lybn727KDkl7JPNtl9wh7iogQxRyKj9i6G/QWRitJUI= contains 204800 B
[2026-04-19T03:25:20.469Z INFO  worker::batch_maker] Batch wluodXNvrUxUVBx/VqdxIJT4D64m/Hx3B07h6/boZuw= contains sample tx 514
[2026-04-19T03:25:20.469Z INFO  worker::batch_maker] Batch wluodXNvrUxUVBx/VqdxIJT4D64m/Hx3B07h6/boZuw= contains 204800 B
[2026-04-19T03:25:20.522Z INFO  worker::batch_maker] Batch /+kk7ctPpjywS0f9DemVes02zeMZ1+SEn0rtX2u02iU= contains sample tx 515
[2026-04-19T03:25:20.522Z INFO  worker::batch_maker] Batch /+kk7ctPpjywS0f9DemVes02zeMZ1+SEn0rtX2u02iU= contains 204800 B
[2026-04-19T03:25:20.576Z INFO  worker::batch_maker] Batch tPcpbDn5HT1+TrLZc9XP4Qmfkjom65UZvE4ckceqg1E= contains sample tx 516
[2026-04-19T03:25:20.576Z INFO  worker::batch_maker] Batch tPcpbDn5HT1+TrLZc9XP4Qmfkjom65UZvE4ckceqg1E= contains 204800 B
[2026-04-19T03:25:20.629Z INFO  worker::batch_maker] Batch 0na87wrQ0sGfSYnkw8FxHBF5Nitr6ILT2dsXsBa63JI= contains sample tx 517
[2026-04-19T03:25:20.629Z INFO  worker::batch_maker] Batch 0na87wrQ0sGfSYnkw8FxHBF5Nitr6ILT2dsXsBa63JI= contains 204800 B
[2026-04-19T03:25:20.681Z INFO  worker::batch_maker] Batch 4r2VZdCm1BfzZc/g5InFcpVUwjohh7FVjjo4CgwVLdo= contains sample tx 518
[2026-04-19T03:25:20.681Z INFO  worker::batch_maker] Batch 4r2VZdCm1BfzZc/g5InFcpVUwjohh7FVjjo4CgwVLdo= contains 204800 B
[2026-04-19T03:25:20.734Z INFO  worker::batch_maker] Batch mlZEW0txDwTn6A0fyTkvebezbKq/DEJZCxtuQAExtEQ= contains sample tx 519
[2026-04-19T03:25:20.734Z INFO  worker::batch_maker] Batch mlZEW0txDwTn6A0fyTkvebezbKq/DEJZCxtuQAExtEQ= contains 204800 B
[2026-04-19T03:25:20.787Z INFO  worker::batch_maker] Batch MRP4QQ53ygK9H0dzZum13rEriRho415qH/1x+wj/aW8= contains sample tx 520
[2026-04-19T03:25:20.787Z INFO  worker::batch_maker] Batch MRP4QQ53ygK9H0dzZum13rEriRho415qH/1x+wj/aW8= contains 204800 B
[2026-04-19T03:25:20.838Z INFO  worker::batch_maker] Batch Khb5TBCIHoOc1pxJNDeuJVxGwMES41If+taaApR9xaI= contains sample tx 521
[2026-04-19T03:25:20.838Z INFO  worker::batch_maker] Batch Khb5TBCIHoOc1pxJNDeuJVxGwMES41If+taaApR9xaI= contains 204800 B
[2026-04-19T03:25:20.891Z INFO  worker::batch_maker] Batch VblYxRgPFw2B3za3fXeu5Y2EEHR3XlkhgoXEHh2b5MI= contains sample tx 522
[2026-04-19T03:25:20.891Z INFO  worker::batch_maker] Batch VblYxRgPFw2B3za3fXeu5Y2EEHR3XlkhgoXEHh2b5MI= contains 204800 B
[2026-04-19T03:25:20.945Z INFO  worker::batch_maker] Batch UdQOA37SHbJgX3OPFajSRCIO539TtQPLC+gG5WPygms= contains sample tx 523
[2026-04-19T03:25:20.945Z INFO  worker::batch_maker] Batch UdQOA37SHbJgX3OPFajSRCIO539TtQPLC+gG5WPygms= contains 204800 B
[2026-04-19T03:25:20.998Z INFO  worker::batch_maker] Batch 1MCEPN/PtoyW2yxRyxDhU0AG4jRLcTazgt18Ikk5PME= contains sample tx 524
[2026-04-19T03:25:20.998Z INFO  worker::batch_maker] Batch 1MCEPN/PtoyW2yxRyxDhU0AG4jRLcTazgt18Ikk5PME= contains 204800 B
[2026-04-19T03:25:21.051Z INFO  worker::batch_maker] Batch r7u4l4vIMvnVvL7n28k7TIMCxClebI2bwLhLRdgGbZc= contains sample tx 525
[2026-04-19T03:25:21.051Z INFO  worker::batch_maker] Batch r7u4l4vIMvnVvL7n28k7TIMCxClebI2bwLhLRdgGbZc= contains 233472 B
[2026-04-19T03:25:21.107Z INFO  worker::batch_maker] Batch QEf1znUuwzoHGnu26R5OXy1EuT11hCflWmacerKG/Wk= contains sample tx 526
[2026-04-19T03:25:21.107Z INFO  worker::batch_maker] Batch QEf1znUuwzoHGnu26R5OXy1EuT11hCflWmacerKG/Wk= contains sample tx 527
[2026-04-19T03:25:21.107Z INFO  worker::batch_maker] Batch QEf1znUuwzoHGnu26R5OXy1EuT11hCflWmacerKG/Wk= contains 276992 B
[2026-04-19T03:25:21.161Z INFO  worker::batch_maker] Batch ryor7bNowu+6giSj7DPqcSLgBNLNsVyTjRPQ30ZqTpg= contains sample tx 528
[2026-04-19T03:25:21.161Z INFO  worker::batch_maker] Batch ryor7bNowu+6giSj7DPqcSLgBNLNsVyTjRPQ30ZqTpg= contains 308736 B
[2026-04-19T03:25:21.214Z INFO  worker::batch_maker] Batch Vx9Tv4rsbLDZ/7FSEXZugxLmjqQazff3PcyjvzbNylc= contains sample tx 529
[2026-04-19T03:25:21.214Z INFO  worker::batch_maker] Batch Vx9Tv4rsbLDZ/7FSEXZugxLmjqQazff3PcyjvzbNylc= contains 204800 B
[2026-04-19T03:25:21.268Z INFO  worker::batch_maker] Batch 14lwKYIo0Xpuz5c4bbObIrkCJoGLesvyYjNvMDBmKf4= contains sample tx 530
[2026-04-19T03:25:21.268Z INFO  worker::batch_maker] Batch 14lwKYIo0Xpuz5c4bbObIrkCJoGLesvyYjNvMDBmKf4= contains 204800 B
[2026-04-19T03:25:21.323Z INFO  worker::batch_maker] Batch max8j9lEHAHq/wWOsPvfmeiZNjphwDSFI8hQflEglTg= contains sample tx 531
[2026-04-19T03:25:21.323Z INFO  worker::batch_maker] Batch max8j9lEHAHq/wWOsPvfmeiZNjphwDSFI8hQflEglTg= contains 204800 B
[2026-04-19T03:25:21.376Z INFO  worker::batch_maker] Batch NBzY87Pv8IkJEN5mQoE1dwaNCkgnC8KuDHMmSxHHypM= contains sample tx 532
[2026-04-19T03:25:21.376Z INFO  worker::batch_maker] Batch NBzY87Pv8IkJEN5mQoE1dwaNCkgnC8KuDHMmSxHHypM= contains 204800 B
[2026-04-19T03:25:21.429Z INFO  worker::batch_maker] Batch XX4sa9Lk4E3MdyTfa5s00ZxUn4VrV9w2/DqnqeIgBfs= contains sample tx 533
[2026-04-19T03:25:21.429Z INFO  worker::batch_maker] Batch XX4sa9Lk4E3MdyTfa5s00ZxUn4VrV9w2/DqnqeIgBfs= contains 204800 B
[2026-04-19T03:25:21.483Z INFO  worker::batch_maker] Batch 9OAJWK1U5C/wB8Ztej/0dERP1ch4Zbnj0uHjZDkT2ew= contains sample tx 534
[2026-04-19T03:25:21.483Z INFO  worker::batch_maker] Batch 9OAJWK1U5C/wB8Ztej/0dERP1ch4Zbnj0uHjZDkT2ew= contains 204800 B
[2026-04-19T03:25:21.535Z INFO  worker::batch_maker] Batch 5c/3KnZ3hnLzFkjDpawNtKE1zbUsT886F9sQW2pLt54= contains sample tx 535
[2026-04-19T03:25:21.535Z INFO  worker::batch_maker] Batch 5c/3KnZ3hnLzFkjDpawNtKE1zbUsT886F9sQW2pLt54= contains 204800 B
[2026-04-19T03:25:21.589Z INFO  worker::batch_maker] Batch W1X/vsbFHT89AVhFZBo+qhbZY37m4Eu4nIo+MswuUMM= contains sample tx 536
[2026-04-19T03:25:21.589Z INFO  worker::batch_maker] Batch W1X/vsbFHT89AVhFZBo+qhbZY37m4Eu4nIo+MswuUMM= contains 204800 B
[2026-04-19T03:25:21.642Z INFO  worker::batch_maker] Batch Q5CFiBjBVTGr111GIe45JK2J2614GRC5wD7AYtoiU0s= contains sample tx 537
[2026-04-19T03:25:21.642Z INFO  worker::batch_maker] Batch Q5CFiBjBVTGr111GIe45JK2J2614GRC5wD7AYtoiU0s= contains 204800 B
[2026-04-19T03:25:21.695Z INFO  worker::batch_maker] Batch mQbaHomhiXHNxOM7m41Ug1f5XOAZwtClIsBuNcvmEaA= contains sample tx 538
[2026-04-19T03:25:21.695Z INFO  worker::batch_maker] Batch mQbaHomhiXHNxOM7m41Ug1f5XOAZwtClIsBuNcvmEaA= contains 204800 B
[2026-04-19T03:25:21.750Z INFO  worker::batch_maker] Batch eEFDjDokzDpeXxNPV+NhQIDmZI62azef9RuzY9Bokr4= contains sample tx 539
[2026-04-19T03:25:21.750Z INFO  worker::batch_maker] Batch eEFDjDokzDpeXxNPV+NhQIDmZI62azef9RuzY9Bokr4= contains 204800 B
[2026-04-19T03:25:21.802Z INFO  worker::batch_maker] Batch dYqMEqdzDsYO9sIli8aB8o+pVIjR48BD1NLiVW0ASn0= contains sample tx 540
[2026-04-19T03:25:21.802Z INFO  worker::batch_maker] Batch dYqMEqdzDsYO9sIli8aB8o+pVIjR48BD1NLiVW0ASn0= contains sample tx 541
[2026-04-19T03:25:21.802Z INFO  worker::batch_maker] Batch dYqMEqdzDsYO9sIli8aB8o+pVIjR48BD1NLiVW0ASn0= contains 331264 B
[2026-04-19T03:25:21.855Z INFO  worker::batch_maker] Batch 9gXqStJTx5ecQvFOxPyBPL2kMm5++BaFYIIrQF7y51o= contains sample tx 542
[2026-04-19T03:25:21.855Z INFO  worker::batch_maker] Batch 9gXqStJTx5ecQvFOxPyBPL2kMm5++BaFYIIrQF7y51o= contains 152064 B
[2026-04-19T03:25:21.910Z INFO  worker::batch_maker] Batch fdaEuSwyB/gUQDnKDVubOJYtxyEhgr0ypy4YCT7YMG0= contains sample tx 543
[2026-04-19T03:25:21.910Z INFO  worker::batch_maker] Batch fdaEuSwyB/gUQDnKDVubOJYtxyEhgr0ypy4YCT7YMG0= contains 316928 B
[2026-04-19T03:25:21.963Z INFO  worker::batch_maker] Batch D15R+ML8mT8AUnMgBXe6j5/yhWXW4k4IxkIfzZLI3+U= contains sample tx 544
[2026-04-19T03:25:21.963Z INFO  worker::batch_maker] Batch D15R+ML8mT8AUnMgBXe6j5/yhWXW4k4IxkIfzZLI3+U= contains 223744 B
[2026-04-19T03:25:22.014Z INFO  worker::batch_maker] Batch YzEQ0PjvcSYruB5TK8Zh27odrM6miNvTOHgvf675Alc= contains 74240 B
[2026-04-19T03:25:22.075Z INFO  worker::batch_maker] Batch tcJ55B4y9gf+ExfECCsQUaHKD7iiKTncWJoLmNrCP5A= contains sample tx 545
[2026-04-19T03:25:22.075Z INFO  worker::batch_maker] Batch tcJ55B4y9gf+ExfECCsQUaHKD7iiKTncWJoLmNrCP5A= contains sample tx 546
[2026-04-19T03:25:22.075Z INFO  worker::batch_maker] Batch tcJ55B4y9gf+ExfECCsQUaHKD7iiKTncWJoLmNrCP5A= contains 335360 B
[2026-04-19T03:25:22.128Z INFO  worker::batch_maker] Batch WspNY8zKd5cuGc781C+BBy6E55x1cpGN50q83p77e70= contains sample tx 547
[2026-04-19T03:25:22.128Z INFO  worker::batch_maker] Batch WspNY8zKd5cuGc781C+BBy6E55x1cpGN50q83p77e70= contains 204800 B
[2026-04-19T03:25:22.181Z INFO  worker::batch_maker] Batch n06dC0qIDPTdRNP8Rb5ZFqvFUarMtJADYcI3o3AWAlU= contains sample tx 548
[2026-04-19T03:25:22.181Z INFO  worker::batch_maker] Batch n06dC0qIDPTdRNP8Rb5ZFqvFUarMtJADYcI3o3AWAlU= contains 204800 B
[2026-04-19T03:25:22.235Z INFO  worker::batch_maker] Batch cmrtHB5nQwmJ53kh5vQmfutsOGgrmF4pfrhzrUye0H8= contains sample tx 549
[2026-04-19T03:25:22.235Z INFO  worker::batch_maker] Batch cmrtHB5nQwmJ53kh5vQmfutsOGgrmF4pfrhzrUye0H8= contains 204800 B
[2026-04-19T03:25:22.288Z INFO  worker::batch_maker] Batch RAPbJR7vGp9YdF0yVoRSLS+RminWuvTbXzPlcxevOlI= contains sample tx 550
[2026-04-19T03:25:22.290Z INFO  worker::batch_maker] Batch RAPbJR7vGp9YdF0yVoRSLS+RminWuvTbXzPlcxevOlI= contains 204800 B
[2026-04-19T03:25:22.344Z INFO  worker::batch_maker] Batch dkr9e/4p3HTah9EBIHLXyPMkvxvG+NGbBYuPA1j6rfE= contains sample tx 551
[2026-04-19T03:25:22.344Z INFO  worker::batch_maker] Batch dkr9e/4p3HTah9EBIHLXyPMkvxvG+NGbBYuPA1j6rfE= contains 204800 B
[2026-04-19T03:25:22.396Z INFO  worker::batch_maker] Batch +ymMVvcRzv7wjsVfR3XDnOwZOhtV9YtFD9PGR5uBy3s= contains sample tx 552
[2026-04-19T03:25:22.396Z INFO  worker::batch_maker] Batch +ymMVvcRzv7wjsVfR3XDnOwZOhtV9YtFD9PGR5uBy3s= contains 204800 B
[2026-04-19T03:25:22.448Z INFO  worker::batch_maker] Batch LaXk5nGp+/NCTC3xK2nsIlBMYIcDxxv19XVur+3mYg8= contains sample tx 553
[2026-04-19T03:25:22.448Z INFO  worker::batch_maker] Batch LaXk5nGp+/NCTC3xK2nsIlBMYIcDxxv19XVur+3mYg8= contains 204800 B
[2026-04-19T03:25:22.503Z INFO  worker::batch_maker] Batch vZOKI9pFb6jVl6wxEUl/tirodpbhV5z4Y6CqkHGhUhs= contains sample tx 554
[2026-04-19T03:25:22.503Z INFO  worker::batch_maker] Batch vZOKI9pFb6jVl6wxEUl/tirodpbhV5z4Y6CqkHGhUhs= contains sample tx 555
[2026-04-19T03:25:22.503Z INFO  worker::batch_maker] Batch vZOKI9pFb6jVl6wxEUl/tirodpbhV5z4Y6CqkHGhUhs= contains 353792 B
[2026-04-19T03:25:22.558Z INFO  worker::batch_maker] Batch VDNKWc5tXtOFC8XEqUXtYTBxsABqweeJh5M5i6CCF3Y= contains sample tx 556
[2026-04-19T03:25:22.558Z INFO  worker::batch_maker] Batch VDNKWc5tXtOFC8XEqUXtYTBxsABqweeJh5M5i6CCF3Y= contains 260608 B
[2026-04-19T03:25:22.612Z INFO  worker::batch_maker] Batch B3ytOQAPOjolILiaI7Hhq8Q6nAhXX4o3zYr+1aHoTQ4= contains sample tx 557
[2026-04-19T03:25:22.612Z INFO  worker::batch_maker] Batch B3ytOQAPOjolILiaI7Hhq8Q6nAhXX4o3zYr+1aHoTQ4= contains 158208 B
[2026-04-19T03:25:22.666Z INFO  worker::batch_maker] Batch XdXp8uvXvOzxyCUdB3U9sxL+rCd7bePPkwtQsWuGwdo= contains sample tx 558
[2026-04-19T03:25:22.666Z INFO  worker::batch_maker] Batch XdXp8uvXvOzxyCUdB3U9sxL+rCd7bePPkwtQsWuGwdo= contains 251392 B
[2026-04-19T03:25:22.719Z INFO  worker::batch_maker] Batch eA0FjYHer+Hu6aSV7JsgBquN5uGqqQ3fPyaDaEnd4aY= contains sample tx 559
[2026-04-19T03:25:22.719Z INFO  worker::batch_maker] Batch eA0FjYHer+Hu6aSV7JsgBquN5uGqqQ3fPyaDaEnd4aY= contains 204800 B
[2026-04-19T03:25:22.771Z INFO  worker::batch_maker] Batch O0TUdef4p+jw79LeL1hosMxy4U+oWnc0ujQAqzMuTjc= contains sample tx 560
[2026-04-19T03:25:22.771Z INFO  worker::batch_maker] Batch O0TUdef4p+jw79LeL1hosMxy4U+oWnc0ujQAqzMuTjc= contains 204800 B
[2026-04-19T03:25:22.825Z INFO  worker::batch_maker] Batch 11I7ZeYbCSbqitRKitHhqmazRHMjH6k/Qle6d8wX0g8= contains sample tx 561
[2026-04-19T03:25:22.825Z INFO  worker::batch_maker] Batch 11I7ZeYbCSbqitRKitHhqmazRHMjH6k/Qle6d8wX0g8= contains 204800 B
[2026-04-19T03:25:22.878Z INFO  worker::batch_maker] Batch 1/hf+o+DhxWZ46xTIKFA8cIruMhlIwYx3IADAOD0eOk= contains sample tx 562
[2026-04-19T03:25:22.878Z INFO  worker::batch_maker] Batch 1/hf+o+DhxWZ46xTIKFA8cIruMhlIwYx3IADAOD0eOk= contains 204800 B
[2026-04-19T03:25:22.931Z INFO  worker::batch_maker] Batch p81ksYY3z9hZGk02XgdEiBWA0zUm3NHbT+18qrSxYOY= contains sample tx 563
[2026-04-19T03:25:22.931Z INFO  worker::batch_maker] Batch p81ksYY3z9hZGk02XgdEiBWA0zUm3NHbT+18qrSxYOY= contains 204800 B
[2026-04-19T03:25:22.983Z INFO  worker::batch_maker] Batch vPCCe3fneLB9VCPe3XeT4sFUIAbNVkKi32vAFmbTrKM= contains sample tx 564
[2026-04-19T03:25:22.983Z INFO  worker::batch_maker] Batch vPCCe3fneLB9VCPe3XeT4sFUIAbNVkKi32vAFmbTrKM= contains 204800 B
[2026-04-19T03:25:23.035Z INFO  worker::batch_maker] Batch a7HbgQ/Bu3Ky3/11dc+htx1DPQVNJB7eAOMwBCPuRF8= contains sample tx 565
[2026-04-19T03:25:23.035Z INFO  worker::batch_maker] Batch a7HbgQ/Bu3Ky3/11dc+htx1DPQVNJB7eAOMwBCPuRF8= contains 204800 B
[2026-04-19T03:25:23.088Z INFO  worker::batch_maker] Batch xHZaYgSEDw7SNOUPnfsFPXI6Vf/8R8bxA4RPtcVprEU= contains sample tx 566
[2026-04-19T03:25:23.088Z INFO  worker::batch_maker] Batch xHZaYgSEDw7SNOUPnfsFPXI6Vf/8R8bxA4RPtcVprEU= contains 204800 B
[2026-04-19T03:25:23.142Z INFO  worker::batch_maker] Batch 0Du/pzpQtQwrW7Tl1v3/6opoKOyEIfOTHwOhgx2p06w= contains sample tx 567
[2026-04-19T03:25:23.142Z INFO  worker::batch_maker] Batch 0Du/pzpQtQwrW7Tl1v3/6opoKOyEIfOTHwOhgx2p06w= contains 204800 B
[2026-04-19T03:25:23.194Z INFO  worker::batch_maker] Batch rq6P6tPf8gfgG6XgX+rD4YMQqK8Jc/AbinpQLgOvAKk= contains sample tx 568
[2026-04-19T03:25:23.194Z INFO  worker::batch_maker] Batch rq6P6tPf8gfgG6XgX+rD4YMQqK8Jc/AbinpQLgOvAKk= contains 204800 B
[2026-04-19T03:25:23.248Z INFO  worker::batch_maker] Batch GqW3kcJzirArEuN9exWecdbSZf1QhAiu1Ygmb7w+3Go= contains sample tx 569
[2026-04-19T03:25:23.248Z INFO  worker::batch_maker] Batch GqW3kcJzirArEuN9exWecdbSZf1QhAiu1Ygmb7w+3Go= contains 204800 B
[2026-04-19T03:25:23.301Z INFO  worker::batch_maker] Batch B9Gm6HAmwcM9++EEAGzhZG52mGH+y3Ay+Zn8z60LM2c= contains sample tx 570
[2026-04-19T03:25:23.301Z INFO  worker::batch_maker] Batch B9Gm6HAmwcM9++EEAGzhZG52mGH+y3Ay+Zn8z60LM2c= contains 265216 B
[2026-04-19T03:25:23.357Z INFO  worker::batch_maker] Batch 34iQFuJY/zxii1EUtCw0PXBBUUUIydGgcova8qxzV7I= contains sample tx 571
[2026-04-19T03:25:23.357Z INFO  worker::batch_maker] Batch 34iQFuJY/zxii1EUtCw0PXBBUUUIydGgcova8qxzV7I= contains sample tx 572
[2026-04-19T03:25:23.357Z INFO  worker::batch_maker] Batch 34iQFuJY/zxii1EUtCw0PXBBUUUIydGgcova8qxzV7I= contains 349184 B
[2026-04-19T03:25:23.411Z INFO  worker::batch_maker] Batch qwnBRuW5IlrcvZv2pD1zme1OX+kXFAywlbXP1G3Rf4g= contains sample tx 573
[2026-04-19T03:25:23.411Z INFO  worker::batch_maker] Batch qwnBRuW5IlrcvZv2pD1zme1OX+kXFAywlbXP1G3Rf4g= contains 204800 B
[2026-04-19T03:25:23.465Z INFO  worker::batch_maker] Batch xoV1b5ZFJ515uWBpevdog/aVGElUT+Oot5ehBq6FSlE= contains sample tx 574
[2026-04-19T03:25:23.465Z INFO  worker::batch_maker] Batch xoV1b5ZFJ515uWBpevdog/aVGElUT+Oot5ehBq6FSlE= contains 204800 B
[2026-04-19T03:25:23.518Z INFO  worker::batch_maker] Batch RXXzu+T2m4ptzOmylY93moR/tLiC4crBl29Ij6EO62Y= contains sample tx 575
[2026-04-19T03:25:23.518Z INFO  worker::batch_maker] Batch RXXzu+T2m4ptzOmylY93moR/tLiC4crBl29Ij6EO62Y= contains 204800 B
[2026-04-19T03:25:23.571Z INFO  worker::batch_maker] Batch w7TciV7yRZdhvy0slF6EEPcLFl5NzMgjjE9y0RrQfIU= contains sample tx 576
[2026-04-19T03:25:23.571Z INFO  worker::batch_maker] Batch w7TciV7yRZdhvy0slF6EEPcLFl5NzMgjjE9y0RrQfIU= contains 204800 B
[2026-04-19T03:25:23.624Z INFO  worker::batch_maker] Batch +PEPw6DS11OP6kkAjAJ1xhYS/+U9AL9k9GQv1GwDOC4= contains sample tx 577
[2026-04-19T03:25:23.624Z INFO  worker::batch_maker] Batch +PEPw6DS11OP6kkAjAJ1xhYS/+U9AL9k9GQv1GwDOC4= contains 204800 B
[2026-04-19T03:25:23.677Z INFO  worker::batch_maker] Batch +Dd4xQJIFGAU1/kIhGU2DDmfCOp55oSOPVF46ekE6NI= contains sample tx 578
[2026-04-19T03:25:23.677Z INFO  worker::batch_maker] Batch +Dd4xQJIFGAU1/kIhGU2DDmfCOp55oSOPVF46ekE6NI= contains 204800 B
[2026-04-19T03:25:23.730Z INFO  worker::batch_maker] Batch Fgwzxx0at9tNrE0e3B92Eg9XyRAPKlsM/Nf8N5YOjlI= contains sample tx 579
[2026-04-19T03:25:23.730Z INFO  worker::batch_maker] Batch Fgwzxx0at9tNrE0e3B92Eg9XyRAPKlsM/Nf8N5YOjlI= contains 204800 B
[2026-04-19T03:25:23.783Z INFO  worker::batch_maker] Batch fLE9W8GEG97YHb/GYZZLBSRgfeQQyk4Qrd/bMJDgF4g= contains sample tx 580
[2026-04-19T03:25:23.783Z INFO  worker::batch_maker] Batch fLE9W8GEG97YHb/GYZZLBSRgfeQQyk4Qrd/bMJDgF4g= contains 204800 B
[2026-04-19T03:25:23.836Z INFO  worker::batch_maker] Batch n37cr5U2DbxWy2DtLYzKyJSPKKY8X6bt2Cd7bOUe/ro= contains sample tx 581
[2026-04-19T03:25:23.837Z INFO  worker::batch_maker] Batch n37cr5U2DbxWy2DtLYzKyJSPKKY8X6bt2Cd7bOUe/ro= contains 204800 B
[2026-04-19T03:25:23.889Z INFO  worker::batch_maker] Batch NvgtRgzg5D+q2q8URV71XAUwa/ItwYbC4pGnymsVbFs= contains sample tx 582
[2026-04-19T03:25:23.889Z INFO  worker::batch_maker] Batch NvgtRgzg5D+q2q8URV71XAUwa/ItwYbC4pGnymsVbFs= contains 204800 B
[2026-04-19T03:25:23.942Z INFO  worker::batch_maker] Batch JDAI8XUgrywNrkD6Wc4AXNa+QuK5bssokMYxhAWU+IE= contains sample tx 583
[2026-04-19T03:25:23.942Z INFO  worker::batch_maker] Batch JDAI8XUgrywNrkD6Wc4AXNa+QuK5bssokMYxhAWU+IE= contains 204800 B
[2026-04-19T03:25:23.994Z INFO  worker::batch_maker] Batch bW1oqZGwKYoyAxp3WW5N9MRXBV38uma4uI0vW0IW5TU= contains sample tx 584
[2026-04-19T03:25:23.995Z INFO  worker::batch_maker] Batch bW1oqZGwKYoyAxp3WW5N9MRXBV38uma4uI0vW0IW5TU= contains 204800 B
[2026-04-19T03:25:24.048Z INFO  worker::batch_maker] Batch /1FnSxc3F5TNaBrRXfqJh/+79SVhkldKEmRruYHEZn4= contains sample tx 585
[2026-04-19T03:25:24.048Z INFO  worker::batch_maker] Batch /1FnSxc3F5TNaBrRXfqJh/+79SVhkldKEmRruYHEZn4= contains 204800 B
[2026-04-19T03:25:24.102Z INFO  worker::batch_maker] Batch kuTx19iZP0ncA1GRp3OOxqVUQiWHKhtkfBwd6gTOiI4= contains sample tx 586
[2026-04-19T03:25:24.102Z INFO  worker::batch_maker] Batch kuTx19iZP0ncA1GRp3OOxqVUQiWHKhtkfBwd6gTOiI4= contains sample tx 587
[2026-04-19T03:25:24.102Z INFO  worker::batch_maker] Batch kuTx19iZP0ncA1GRp3OOxqVUQiWHKhtkfBwd6gTOiI4= contains 322048 B
[2026-04-19T03:25:24.155Z INFO  worker::batch_maker] Batch J59yKBwft0u8AEowD1P2v70/FCr/yr+FcpFEeCS2rlg= contains sample tx 588
[2026-04-19T03:25:24.155Z INFO  worker::batch_maker] Batch J59yKBwft0u8AEowD1P2v70/FCr/yr+FcpFEeCS2rlg= contains 292352 B
[2026-04-19T03:25:24.207Z INFO  worker::batch_maker] Batch +CgoZY7LpnTxJD1f5FZEt2Qat6IuWfpGVIbHRw2cqXI= contains sample tx 589
[2026-04-19T03:25:24.207Z INFO  worker::batch_maker] Batch +CgoZY7LpnTxJD1f5FZEt2Qat6IuWfpGVIbHRw2cqXI= contains 204800 B
[2026-04-19T03:25:24.261Z INFO  worker::batch_maker] Batch SP/5eIqSn5pxqW1wQcy3iTHh7iq+1NzmSuNU4g/ZPGs= contains sample tx 590
[2026-04-19T03:25:24.370Z INFO  worker::batch_maker] Batch SP/5eIqSn5pxqW1wQcy3iTHh7iq+1NzmSuNU4g/ZPGs= contains 204800 B
[2026-04-19T03:25:24.409Z INFO  worker::batch_maker] Batch OvXkkYqqfIOrCXHQklDCNB6vCuI0Tme6PnPs5BR9pyE= contains sample tx 591
[2026-04-19T03:25:24.409Z INFO  worker::batch_maker] Batch OvXkkYqqfIOrCXHQklDCNB6vCuI0Tme6PnPs5BR9pyE= contains sample tx 592
[2026-04-19T03:25:24.409Z INFO  worker::batch_maker] Batch OvXkkYqqfIOrCXHQklDCNB6vCuI0Tme6PnPs5BR9pyE= contains 500224 B
[2026-04-19T03:25:24.464Z INFO  worker::batch_maker] Batch pvMgIanBrj7X777xf3yuZJCVCtssxAeDcXyM4ahqhr0= contains sample tx 593
[2026-04-19T03:25:24.464Z INFO  worker::batch_maker] Batch pvMgIanBrj7X777xf3yuZJCVCtssxAeDcXyM4ahqhr0= contains sample tx 594
[2026-04-19T03:25:24.464Z INFO  worker::batch_maker] Batch pvMgIanBrj7X777xf3yuZJCVCtssxAeDcXyM4ahqhr0= contains 318976 B
[2026-04-19T03:25:24.517Z INFO  worker::batch_maker] Batch GCCPICaqAqJ2UN21DFiNUB1OURdY+sMCmys7kHoVhYM= contains sample tx 595
[2026-04-19T03:25:24.517Z INFO  worker::batch_maker] Batch GCCPICaqAqJ2UN21DFiNUB1OURdY+sMCmys7kHoVhYM= contains 204800 B
[2026-04-19T03:25:24.571Z INFO  worker::batch_maker] Batch jJNp9MAfOSOT+lH0FlnfRjNiRaFA/f0R6zYjmBCj1Ys= contains sample tx 596
[2026-04-19T03:25:24.571Z INFO  worker::batch_maker] Batch jJNp9MAfOSOT+lH0FlnfRjNiRaFA/f0R6zYjmBCj1Ys= contains 204800 B
[2026-04-19T03:25:24.624Z INFO  worker::batch_maker] Batch /2yBvzxA77rQm5yBcw32pT+9YlIEtZwSA04f2CLWZiM= contains sample tx 597
[2026-04-19T03:25:24.624Z INFO  worker::batch_maker] Batch /2yBvzxA77rQm5yBcw32pT+9YlIEtZwSA04f2CLWZiM= contains 204800 B
[2026-04-19T03:25:24.676Z INFO  worker::batch_maker] Batch CNzsUOAt/9JAxeFtrPTnyL759A5wRrM4Ray3WSpA4DM= contains sample tx 598
[2026-04-19T03:25:24.676Z INFO  worker::batch_maker] Batch CNzsUOAt/9JAxeFtrPTnyL759A5wRrM4Ray3WSpA4DM= contains 204800 B
[2026-04-19T03:25:24.731Z INFO  worker::batch_maker] Batch pSW+6LPjkjHRmgauYvHp+4efJ6sEic93IXrxv2mVsGE= contains sample tx 599
[2026-04-19T03:25:24.731Z INFO  worker::batch_maker] Batch pSW+6LPjkjHRmgauYvHp+4efJ6sEic93IXrxv2mVsGE= contains 204800 B
[2026-04-19T03:25:24.785Z INFO  worker::batch_maker] Batch jf0TMgTR0GW0mvN+Cuub5VCVcO4+TGtFaminWziHY3E= contains sample tx 600
[2026-04-19T03:25:24.785Z INFO  worker::batch_maker] Batch jf0TMgTR0GW0mvN+Cuub5VCVcO4+TGtFaminWziHY3E= contains 204800 B
[2026-04-19T03:25:24.839Z INFO  worker::batch_maker] Batch P8XYyY29cjEgM2IXluY5J/iCcXlcNfvtMaVMOm/eu88= contains sample tx 601
[2026-04-19T03:25:24.839Z INFO  worker::batch_maker] Batch P8XYyY29cjEgM2IXluY5J/iCcXlcNfvtMaVMOm/eu88= contains 204800 B
[2026-04-19T03:25:24.892Z INFO  worker::batch_maker] Batch C2KL7z3Vaj9OxRYjPQnoIF9ZwnrFJluZOza/xR0GgcY= contains sample tx 602
[2026-04-19T03:25:24.892Z INFO  worker::batch_maker] Batch C2KL7z3Vaj9OxRYjPQnoIF9ZwnrFJluZOza/xR0GgcY= contains 204800 B
[2026-04-19T03:25:24.944Z INFO  worker::batch_maker] Batch z3yH5xH46rV+szloFOSmgTDRN1p4buycyWNwhbetyvs= contains sample tx 603
[2026-04-19T03:25:24.944Z INFO  worker::batch_maker] Batch z3yH5xH46rV+szloFOSmgTDRN1p4buycyWNwhbetyvs= contains 204800 B
[2026-04-19T03:25:24.998Z INFO  worker::batch_maker] Batch ISZUc4MNrpsJpGESJyBNFML15DvkA22xe1OH+nzPjvs= contains sample tx 604
[2026-04-19T03:25:24.998Z INFO  worker::batch_maker] Batch ISZUc4MNrpsJpGESJyBNFML15DvkA22xe1OH+nzPjvs= contains 204800 B
[2026-04-19T03:25:25.050Z INFO  worker::batch_maker] Batch I4MRyBqejG6cNJe8uOoZz5rpj5DiRRZhi77LdFnjHpQ= contains sample tx 605
[2026-04-19T03:25:25.050Z INFO  worker::batch_maker] Batch I4MRyBqejG6cNJe8uOoZz5rpj5DiRRZhi77LdFnjHpQ= contains 224256 B
[2026-04-19T03:25:25.103Z INFO  worker::batch_maker] Batch pT2qUljHBXBkDBpn3o5543IcgkYlrsYVCODNE5H0s2Y= contains sample tx 606
[2026-04-19T03:25:25.103Z INFO  worker::batch_maker] Batch pT2qUljHBXBkDBpn3o5543IcgkYlrsYVCODNE5H0s2Y= contains sample tx 607
[2026-04-19T03:25:25.103Z INFO  worker::batch_maker] Batch pT2qUljHBXBkDBpn3o5543IcgkYlrsYVCODNE5H0s2Y= contains 390144 B
[2026-04-19T03:25:25.155Z INFO  worker::batch_maker] Batch oFbZNIB+oZFa2t5jl0zFiNr+l0uJzSic+/RuFZ/t4m4= contains sample tx 608
[2026-04-19T03:25:25.155Z INFO  worker::batch_maker] Batch oFbZNIB+oZFa2t5jl0zFiNr+l0uJzSic+/RuFZ/t4m4= contains 204800 B
[2026-04-19T03:25:25.209Z INFO  worker::batch_maker] Batch yuFXVvVH1X08EEyasW+tgWa7mdWARvMD7+IWPkNzO6E= contains sample tx 609
[2026-04-19T03:25:25.209Z INFO  worker::batch_maker] Batch yuFXVvVH1X08EEyasW+tgWa7mdWARvMD7+IWPkNzO6E= contains 204800 B
[2026-04-19T03:25:25.261Z INFO  worker::batch_maker] Batch aZgkm80X68H+ReG4dhGQQcpYtkeFvnwLKOE9kBlCZlE= contains sample tx 610
[2026-04-19T03:25:25.261Z INFO  worker::batch_maker] Batch aZgkm80X68H+ReG4dhGQQcpYtkeFvnwLKOE9kBlCZlE= contains 204800 B
[2026-04-19T03:25:25.315Z INFO  worker::batch_maker] Batch mALTKCNFYtOAHp2iSbhb2tmSN9pNMTRIiDTjkdD0BCs= contains sample tx 611
[2026-04-19T03:25:25.315Z INFO  worker::batch_maker] Batch mALTKCNFYtOAHp2iSbhb2tmSN9pNMTRIiDTjkdD0BCs= contains 204800 B
[2026-04-19T03:25:25.367Z INFO  worker::batch_maker] Batch a48kHDffQFYCf6sB82jHWyjhMvVhiXfremDd6kzkKM4= contains sample tx 612
[2026-04-19T03:25:25.367Z INFO  worker::batch_maker] Batch a48kHDffQFYCf6sB82jHWyjhMvVhiXfremDd6kzkKM4= contains 204800 B
[2026-04-19T03:25:25.421Z INFO  worker::batch_maker] Batch ti0odD7IdFfyUaG8MUvEc00Qu9Bx2/H1sNYC04Ex6MM= contains sample tx 613
[2026-04-19T03:25:25.421Z INFO  worker::batch_maker] Batch ti0odD7IdFfyUaG8MUvEc00Qu9Bx2/H1sNYC04Ex6MM= contains 204800 B
[2026-04-19T03:25:25.473Z INFO  worker::batch_maker] Batch WbK1SiGQASaQeZ5zRj04Wvg9d6cbhu1g2GtlmtkpqkM= contains sample tx 614
[2026-04-19T03:25:25.473Z INFO  worker::batch_maker] Batch WbK1SiGQASaQeZ5zRj04Wvg9d6cbhu1g2GtlmtkpqkM= contains 204800 B
[2026-04-19T03:25:25.525Z INFO  worker::batch_maker] Batch 5N+iF8t2DO0Daf2+V0NzDvouwRkM+6AcmMDysx0svHc= contains sample tx 615
[2026-04-19T03:25:25.525Z INFO  worker::batch_maker] Batch 5N+iF8t2DO0Daf2+V0NzDvouwRkM+6AcmMDysx0svHc= contains 204800 B
[2026-04-19T03:25:25.578Z INFO  worker::batch_maker] Batch 0WWK0P5RTV/ztfPBosoWlrSlp0mfY1tKK8lQPSdQYd0= contains sample tx 616
[2026-04-19T03:25:25.578Z INFO  worker::batch_maker] Batch 0WWK0P5RTV/ztfPBosoWlrSlp0mfY1tKK8lQPSdQYd0= contains 204800 B
[2026-04-19T03:25:25.631Z INFO  worker::batch_maker] Batch MNszxaY19XYdGS8Mvy41z8xM7b1hDaIw4N5w9im/GvI= contains sample tx 617
[2026-04-19T03:25:25.631Z INFO  worker::batch_maker] Batch MNszxaY19XYdGS8Mvy41z8xM7b1hDaIw4N5w9im/GvI= contains 204800 B
[2026-04-19T03:25:25.684Z INFO  worker::batch_maker] Batch TDb1lqMR+AtQRCl5ZD0AB4xu/+INXI2Qo5sWRYF0edM= contains sample tx 618
[2026-04-19T03:25:25.684Z INFO  worker::batch_maker] Batch TDb1lqMR+AtQRCl5ZD0AB4xu/+INXI2Qo5sWRYF0edM= contains 204800 B
[2026-04-19T03:25:25.737Z INFO  worker::batch_maker] Batch 5PLWywPShzSoxlyKwwxZR9enCoXyOueVF75dkakg31A= contains sample tx 619
[2026-04-19T03:25:25.737Z INFO  worker::batch_maker] Batch 5PLWywPShzSoxlyKwwxZR9enCoXyOueVF75dkakg31A= contains 204800 B
[2026-04-19T03:25:25.791Z INFO  worker::batch_maker] Batch I8Tt+Hb3glqhVqbKHMMGw8HzGOKCe1/qfX2MJSP4yWo= contains sample tx 620
[2026-04-19T03:25:25.812Z INFO  worker::batch_maker] Batch I8Tt+Hb3glqhVqbKHMMGw8HzGOKCe1/qfX2MJSP4yWo= contains 204800 B
[2026-04-19T03:25:25.866Z INFO  worker::batch_maker] Batch UGbNdDBC6QyEfEZnYZpLuPRH1CYpEq/B+hyfBi8+4W0= contains sample tx 621
[2026-04-19T03:25:25.866Z INFO  worker::batch_maker] Batch UGbNdDBC6QyEfEZnYZpLuPRH1CYpEq/B+hyfBi8+4W0= contains sample tx 622
[2026-04-19T03:25:25.866Z INFO  worker::batch_maker] Batch UGbNdDBC6QyEfEZnYZpLuPRH1CYpEq/B+hyfBi8+4W0= contains 409600 B
[2026-04-19T03:25:25.919Z INFO  worker::batch_maker] Batch HsX02YBEOj2kPvVM1kVVxWhK2A6mIqvsBtMrPFA42Io= contains sample tx 623
[2026-04-19T03:25:25.919Z INFO  worker::batch_maker] Batch HsX02YBEOj2kPvVM1kVVxWhK2A6mIqvsBtMrPFA42Io= contains 204800 B
[2026-04-19T03:25:25.972Z INFO  worker::batch_maker] Batch Nt7++mMVAM14SIZYetzbJVLu35SNgRYfiihx1Ax3o/o= contains sample tx 624
[2026-04-19T03:25:25.972Z INFO  worker::batch_maker] Batch Nt7++mMVAM14SIZYetzbJVLu35SNgRYfiihx1Ax3o/o= contains 204800 B
[2026-04-19T03:25:26.026Z INFO  worker::batch_maker] Batch MqwgCQLrF2BncqG9WHvxfGUdgpdwZdq4UjwXWEg86bw= contains sample tx 625
[2026-04-19T03:25:26.026Z INFO  worker::batch_maker] Batch MqwgCQLrF2BncqG9WHvxfGUdgpdwZdq4UjwXWEg86bw= contains 204800 B
[2026-04-19T03:25:26.078Z INFO  worker::batch_maker] Batch eIwk/eeWk0f13fiLtmVbvXRVWuqytahUyJ/kPTc7Lsc= contains sample tx 626
[2026-04-19T03:25:26.078Z INFO  worker::batch_maker] Batch eIwk/eeWk0f13fiLtmVbvXRVWuqytahUyJ/kPTc7Lsc= contains 204800 B
[2026-04-19T03:25:26.132Z INFO  worker::batch_maker] Batch jKm8OxetW4v9/fgNXRWHXVYgVcGYXJpb/ODwXYh1DkI= contains sample tx 627
[2026-04-19T03:25:26.132Z INFO  worker::batch_maker] Batch jKm8OxetW4v9/fgNXRWHXVYgVcGYXJpb/ODwXYh1DkI= contains 204800 B
[2026-04-19T03:25:26.184Z INFO  worker::batch_maker] Batch qePgaqsobRi4p1Wo3EMGtJLEGJdqvxmvGohQkCctnkY= contains sample tx 628
[2026-04-19T03:25:26.184Z INFO  worker::batch_maker] Batch qePgaqsobRi4p1Wo3EMGtJLEGJdqvxmvGohQkCctnkY= contains 204800 B
[2026-04-19T03:25:26.237Z INFO  worker::batch_maker] Batch edA9mnIOri32XMtmPideeBqHy8vVNY1Z+D3s1qjGtZU= contains sample tx 629
[2026-04-19T03:25:26.237Z INFO  worker::batch_maker] Batch edA9mnIOri32XMtmPideeBqHy8vVNY1Z+D3s1qjGtZU= contains 204800 B
[2026-04-19T03:25:26.290Z INFO  worker::batch_maker] Batch 8B7Jy4wTooOMXwYjPsWK8DY62+w+evD6x2KD26nUhYk= contains sample tx 630
[2026-04-19T03:25:26.290Z INFO  worker::batch_maker] Batch 8B7Jy4wTooOMXwYjPsWK8DY62+w+evD6x2KD26nUhYk= contains 204800 B
[2026-04-19T03:25:26.341Z INFO  worker::batch_maker] Batch AiQtmKOzkyl4+sasiJzM3ZtMyH5IuE6Fa7Gy9XBu818= contains sample tx 631
[2026-04-19T03:25:26.341Z INFO  worker::batch_maker] Batch AiQtmKOzkyl4+sasiJzM3ZtMyH5IuE6Fa7Gy9XBu818= contains 204800 B
[2026-04-19T03:25:26.394Z INFO  worker::batch_maker] Batch GbbsuzMDaAPGhtgmuvgZDLBFzckmsqbXQGxjXBjgqz0= contains sample tx 632
[2026-04-19T03:25:26.394Z INFO  worker::batch_maker] Batch GbbsuzMDaAPGhtgmuvgZDLBFzckmsqbXQGxjXBjgqz0= contains 204800 B
[2026-04-19T03:25:26.446Z INFO  worker::batch_maker] Batch pg1cTOwSdvyquLtqpi60Jyv5DJXOnU/m6D3vKoCjabU= contains sample tx 633
[2026-04-19T03:25:26.446Z INFO  worker::batch_maker] Batch pg1cTOwSdvyquLtqpi60Jyv5DJXOnU/m6D3vKoCjabU= contains 204800 B
[2026-04-19T03:25:26.498Z INFO  worker::batch_maker] Batch bHaWFAbMvz6FiSH2JzMc4IUGNMpWAR7Y0YE3uvl04WA= contains sample tx 634
[2026-04-19T03:25:26.498Z INFO  worker::batch_maker] Batch bHaWFAbMvz6FiSH2JzMc4IUGNMpWAR7Y0YE3uvl04WA= contains 204800 B
[2026-04-19T03:25:26.550Z INFO  worker::batch_maker] Batch xJDeTWONJkdUQzwXRW1VGPpkE/4nLfInd2NCocTnrew= contains sample tx 635
[2026-04-19T03:25:26.550Z INFO  worker::batch_maker] Batch xJDeTWONJkdUQzwXRW1VGPpkE/4nLfInd2NCocTnrew= contains sample tx 636
[2026-04-19T03:25:26.550Z INFO  worker::batch_maker] Batch xJDeTWONJkdUQzwXRW1VGPpkE/4nLfInd2NCocTnrew= contains 326144 B
[2026-04-19T03:25:26.603Z INFO  worker::batch_maker] Batch A8mRkAXAGiQxHOdliBiX6vTqPvyKn7keK+dshPM4KNQ= contains sample tx 637
[2026-04-19T03:25:26.603Z INFO  worker::batch_maker] Batch A8mRkAXAGiQxHOdliBiX6vTqPvyKn7keK+dshPM4KNQ= contains 288256 B
[2026-04-19T03:25:26.654Z INFO  worker::batch_maker] Batch QbdzQ9XpQ7AEcDfZ/NIKkJlp6IWoMQsx0nzdwlfSBKo= contains sample tx 638
[2026-04-19T03:25:26.654Z INFO  worker::batch_maker] Batch QbdzQ9XpQ7AEcDfZ/NIKkJlp6IWoMQsx0nzdwlfSBKo= contains 148480 B
[2026-04-19T03:25:26.708Z INFO  worker::batch_maker] Batch NJF4soJ81hr6FD2vcficecKvwlUYHBWCWQCqLPPil2M= contains sample tx 639
[2026-04-19T03:25:26.708Z INFO  worker::batch_maker] Batch NJF4soJ81hr6FD2vcficecKvwlUYHBWCWQCqLPPil2M= contains 261120 B
[2026-04-19T03:25:26.759Z INFO  worker::batch_maker] Batch q4EaVyvfVpJq7haUFuUYJ2KqyVKQ1IxC/Gtyrpekbtw= contains sample tx 640
[2026-04-19T03:25:26.759Z INFO  worker::batch_maker] Batch q4EaVyvfVpJq7haUFuUYJ2KqyVKQ1IxC/Gtyrpekbtw= contains 204800 B
[2026-04-19T03:25:26.812Z INFO  worker::batch_maker] Batch ODRzyyA7QMwNkI89djrN5IW36us1WQaDWxZCgZq1+hk= contains sample tx 641
[2026-04-19T03:25:26.812Z INFO  worker::batch_maker] Batch ODRzyyA7QMwNkI89djrN5IW36us1WQaDWxZCgZq1+hk= contains 204800 B
[2026-04-19T03:25:26.865Z INFO  worker::batch_maker] Batch EMQ0pQZAiDJ9CbBDtlzYn0fD/6RVuQETE9fJkTXY/KE= contains sample tx 642
[2026-04-19T03:25:26.865Z INFO  worker::batch_maker] Batch EMQ0pQZAiDJ9CbBDtlzYn0fD/6RVuQETE9fJkTXY/KE= contains 204800 B
[2026-04-19T03:25:26.917Z INFO  worker::batch_maker] Batch y7QDKJDOMiWC1kWotIIi9zdLBWthfDY/M/7826IueSg= contains sample tx 643
[2026-04-19T03:25:26.917Z INFO  worker::batch_maker] Batch y7QDKJDOMiWC1kWotIIi9zdLBWthfDY/M/7826IueSg= contains 204800 B
[2026-04-19T03:25:26.969Z INFO  worker::batch_maker] Batch h+8ovfRiEbHM3botQ/34NDTaS7B/uh90+sxqduE/1lY= contains sample tx 644
[2026-04-19T03:25:26.969Z INFO  worker::batch_maker] Batch h+8ovfRiEbHM3botQ/34NDTaS7B/uh90+sxqduE/1lY= contains 204800 B
[2026-04-19T03:25:27.021Z INFO  worker::batch_maker] Batch LCKXYD7/0I0nwWQvlNgrI3jtBg9C5/uCAnqAZMT67Xs= contains sample tx 645
[2026-04-19T03:25:27.021Z INFO  worker::batch_maker] Batch LCKXYD7/0I0nwWQvlNgrI3jtBg9C5/uCAnqAZMT67Xs= contains 204800 B
[2026-04-19T03:25:27.073Z INFO  worker::batch_maker] Batch d8sKt2gsjEY6u7N29Uz+q5GRvYyPrb2ZH7ll1IL8Lb4= contains sample tx 646
[2026-04-19T03:25:27.073Z INFO  worker::batch_maker] Batch d8sKt2gsjEY6u7N29Uz+q5GRvYyPrb2ZH7ll1IL8Lb4= contains 204800 B
[2026-04-19T03:25:27.130Z INFO  worker::batch_maker] Batch BTB8I5FKXw4dGuPHeGmM+94J6Q63rlIc2qd3fh4KQeY= contains sample tx 647
[2026-04-19T03:25:27.130Z INFO  worker::batch_maker] Batch BTB8I5FKXw4dGuPHeGmM+94J6Q63rlIc2qd3fh4KQeY= contains 204800 B
[2026-04-19T03:25:27.184Z INFO  worker::batch_maker] Batch JiSLMCIlXRa4MBXE7hTySa34j8t5OLzUEOAfW1nXrDI= contains sample tx 648
[2026-04-19T03:25:27.184Z INFO  worker::batch_maker] Batch JiSLMCIlXRa4MBXE7hTySa34j8t5OLzUEOAfW1nXrDI= contains 204800 B
[2026-04-19T03:25:27.238Z INFO  worker::batch_maker] Batch hbJj1sy+YQBBuzYyk7skuPLOc/PZfGPqJ9RLOI9a9ys= contains sample tx 649
[2026-04-19T03:25:27.238Z INFO  worker::batch_maker] Batch hbJj1sy+YQBBuzYyk7skuPLOc/PZfGPqJ9RLOI9a9ys= contains 204800 B
[2026-04-19T03:25:27.290Z INFO  worker::batch_maker] Batch DGHEcuPUZ9wtcIdooEJHFvvsMTolyKFjAlTQCj1Yn2M= contains sample tx 650
[2026-04-19T03:25:27.290Z INFO  worker::batch_maker] Batch DGHEcuPUZ9wtcIdooEJHFvvsMTolyKFjAlTQCj1Yn2M= contains 204800 B
[2026-04-19T03:25:27.344Z INFO  worker::batch_maker] Batch +Tyiue+PUE7PLaIC+dmvmmA8OoY80XtHP4aioiJ4u3w= contains sample tx 651
[2026-04-19T03:25:27.344Z INFO  worker::batch_maker] Batch +Tyiue+PUE7PLaIC+dmvmmA8OoY80XtHP4aioiJ4u3w= contains 204800 B
[2026-04-19T03:25:27.397Z INFO  worker::batch_maker] Batch O3jfbhtWDypWw9Tf7vOs/nJk91ZyY6jqV3BXe5FIgIc= contains sample tx 652
[2026-04-19T03:25:27.397Z INFO  worker::batch_maker] Batch O3jfbhtWDypWw9Tf7vOs/nJk91ZyY6jqV3BXe5FIgIc= contains 204800 B
[2026-04-19T03:25:27.450Z INFO  worker::batch_maker] Batch 4s39JMKRLIKOHkmjhpmyv9ucQcw+ymqD/JiGzjtvn5c= contains sample tx 653
[2026-04-19T03:25:27.450Z INFO  worker::batch_maker] Batch 4s39JMKRLIKOHkmjhpmyv9ucQcw+ymqD/JiGzjtvn5c= contains 216576 B
[2026-04-19T03:25:27.505Z INFO  worker::batch_maker] Batch KjfCkEI2tjG/H2JAXrk7II3J6ZFjobGioCh+rQr/4ew= contains sample tx 654
[2026-04-19T03:25:27.505Z INFO  worker::batch_maker] Batch KjfCkEI2tjG/H2JAXrk7II3J6ZFjobGioCh+rQr/4ew= contains sample tx 655
[2026-04-19T03:25:27.505Z INFO  worker::batch_maker] Batch KjfCkEI2tjG/H2JAXrk7II3J6ZFjobGioCh+rQr/4ew= contains 397824 B
[2026-04-19T03:25:27.558Z INFO  worker::batch_maker] Batch p9bqjxLzW8o+kM58Lc4k1Cmtp8ebxZVb1uLM2Udzunw= contains sample tx 656
[2026-04-19T03:25:27.558Z INFO  worker::batch_maker] Batch p9bqjxLzW8o+kM58Lc4k1Cmtp8ebxZVb1uLM2Udzunw= contains 204800 B
[2026-04-19T03:25:27.612Z INFO  worker::batch_maker] Batch mXYpGfaMozYlEuHszoYumaROMRw0Q0qSmBWQLLpxjJQ= contains sample tx 657
[2026-04-19T03:25:27.612Z INFO  worker::batch_maker] Batch mXYpGfaMozYlEuHszoYumaROMRw0Q0qSmBWQLLpxjJQ= contains 204800 B
[2026-04-19T03:25:27.664Z INFO  worker::batch_maker] Batch VYZzOy3RpQ57hQ7OI9GBqncNAUaLKqEltsWDpDZsVFk= contains sample tx 658
[2026-04-19T03:25:27.664Z INFO  worker::batch_maker] Batch VYZzOy3RpQ57hQ7OI9GBqncNAUaLKqEltsWDpDZsVFk= contains 204800 B
[2026-04-19T03:25:27.717Z INFO  worker::batch_maker] Batch TArV9RfYR2cOr6aD5EXBKTjHojyLPkXuCrA0FVCUHS0= contains sample tx 659
[2026-04-19T03:25:27.717Z INFO  worker::batch_maker] Batch TArV9RfYR2cOr6aD5EXBKTjHojyLPkXuCrA0FVCUHS0= contains 204800 B
[2026-04-19T03:25:27.770Z INFO  worker::batch_maker] Batch 5S6EWKblkiBWqAHXQyze+f4UrrsyGVU7NW3XnersWG0= contains sample tx 660
[2026-04-19T03:25:27.770Z INFO  worker::batch_maker] Batch 5S6EWKblkiBWqAHXQyze+f4UrrsyGVU7NW3XnersWG0= contains 204800 B
[2026-04-19T03:25:27.825Z INFO  worker::batch_maker] Batch sP8Xgg38juDrHdZ5jGgZlG2MlS/lfV/qXFB4dwPGeRw= contains sample tx 661
[2026-04-19T03:25:27.825Z INFO  worker::batch_maker] Batch sP8Xgg38juDrHdZ5jGgZlG2MlS/lfV/qXFB4dwPGeRw= contains 204800 B
[2026-04-19T03:25:27.878Z INFO  worker::batch_maker] Batch YbFXrRG02pC60oYRx051ComwLDRnvlnEo567IY04bHk= contains sample tx 662
[2026-04-19T03:25:27.878Z INFO  worker::batch_maker] Batch YbFXrRG02pC60oYRx051ComwLDRnvlnEo567IY04bHk= contains 204800 B
[2026-04-19T03:25:27.931Z INFO  worker::batch_maker] Batch aLPZo/1v6EOfhtZ11soPBoEcQCNjss3FwZOZyppwRZo= contains sample tx 663
[2026-04-19T03:25:27.931Z INFO  worker::batch_maker] Batch aLPZo/1v6EOfhtZ11soPBoEcQCNjss3FwZOZyppwRZo= contains 204800 B
[2026-04-19T03:25:27.984Z INFO  worker::batch_maker] Batch c1O+UQbFA3PsM/mzQwX7tkCibfMctinQKg4WdGozacY= contains sample tx 664
[2026-04-19T03:25:27.984Z INFO  worker::batch_maker] Batch c1O+UQbFA3PsM/mzQwX7tkCibfMctinQKg4WdGozacY= contains 204800 B
[2026-04-19T03:25:28.037Z INFO  worker::batch_maker] Batch ScF510jQKraOdO4F1/8G8gI+cHc6J9nC1ZOInQ+zq5c= contains sample tx 665
[2026-04-19T03:25:28.037Z INFO  worker::batch_maker] Batch ScF510jQKraOdO4F1/8G8gI+cHc6J9nC1ZOInQ+zq5c= contains 204800 B
[2026-04-19T03:25:28.091Z INFO  worker::batch_maker] Batch 6MOxmYVmoT9p8V+CisV5nFEzRtQAWn3tXuknLLWT+6Y= contains sample tx 666
[2026-04-19T03:25:28.091Z INFO  worker::batch_maker] Batch 6MOxmYVmoT9p8V+CisV5nFEzRtQAWn3tXuknLLWT+6Y= contains 204800 B
[2026-04-19T03:25:28.144Z INFO  worker::batch_maker] Batch GWI/A3Ef76cMmq5Y+xw9WwNm18RmFEDbxgjMHOHNQUg= contains sample tx 667
[2026-04-19T03:25:28.144Z INFO  worker::batch_maker] Batch GWI/A3Ef76cMmq5Y+xw9WwNm18RmFEDbxgjMHOHNQUg= contains 204800 B
[2026-04-19T03:25:28.197Z INFO  worker::batch_maker] Batch Ji3WJgjfHWGEAAF3cit+L3nQRj3p0ikXfD4ujfeXcOI= contains sample tx 668
[2026-04-19T03:25:28.197Z INFO  worker::batch_maker] Batch Ji3WJgjfHWGEAAF3cit+L3nQRj3p0ikXfD4ujfeXcOI= contains 204800 B
[2026-04-19T03:25:28.253Z INFO  worker::batch_maker] Batch sO0A/axtAFu58Kmk1Q8Zc5SehpTO5ZKS/ZQFSqGWsKU= contains sample tx 669
[2026-04-19T03:25:28.253Z INFO  worker::batch_maker] Batch sO0A/axtAFu58Kmk1Q8Zc5SehpTO5ZKS/ZQFSqGWsKU= contains 290304 B
[2026-04-19T03:25:28.310Z INFO  worker::batch_maker] Batch aXpvXOue9+JbDiE55aKZpojBdQXHrpw/iqTpdAjSt8A= contains sample tx 670
[2026-04-19T03:25:28.310Z INFO  worker::batch_maker] Batch aXpvXOue9+JbDiE55aKZpojBdQXHrpw/iqTpdAjSt8A= contains sample tx 671
[2026-04-19T03:25:28.310Z INFO  worker::batch_maker] Batch aXpvXOue9+JbDiE55aKZpojBdQXHrpw/iqTpdAjSt8A= contains 324096 B
[2026-04-19T03:25:28.364Z INFO  worker::batch_maker] Batch Eg0N7OItFk5c7+urphzrsjzO3Ri6s6T2eBHjHUs6Xqk= contains sample tx 672
[2026-04-19T03:25:28.364Z INFO  worker::batch_maker] Batch Eg0N7OItFk5c7+urphzrsjzO3Ri6s6T2eBHjHUs6Xqk= contains 204800 B
[2026-04-19T03:25:28.418Z INFO  worker::batch_maker] Batch BVD8jtdmg7dLQNOOvmVzoHug+mWkfAOWzzaezSopbjQ= contains sample tx 673
[2026-04-19T03:25:28.418Z INFO  worker::batch_maker] Batch BVD8jtdmg7dLQNOOvmVzoHug+mWkfAOWzzaezSopbjQ= contains 204800 B
[2026-04-19T03:25:28.471Z INFO  worker::batch_maker] Batch 5Ldocpc18NEjX9JfljXzxHgPZqsNXNJh9mBLNBNBIpo= contains sample tx 674
[2026-04-19T03:25:28.471Z INFO  worker::batch_maker] Batch 5Ldocpc18NEjX9JfljXzxHgPZqsNXNJh9mBLNBNBIpo= contains 204800 B
[2026-04-19T03:25:28.524Z INFO  worker::batch_maker] Batch iSEYGsz4EdcdPC0mBnfUOqZDuffqYjZ1x+xAhj6nAwU= contains sample tx 675
[2026-04-19T03:25:28.524Z INFO  worker::batch_maker] Batch iSEYGsz4EdcdPC0mBnfUOqZDuffqYjZ1x+xAhj6nAwU= contains 204800 B
[2026-04-19T03:25:28.577Z INFO  worker::batch_maker] Batch IIG7Q95fP4FiQzEvxWMlFF44wCyER8kb0wNOFHtCzD4= contains sample tx 676
[2026-04-19T03:25:28.577Z INFO  worker::batch_maker] Batch IIG7Q95fP4FiQzEvxWMlFF44wCyER8kb0wNOFHtCzD4= contains 204800 B
[2026-04-19T03:25:28.631Z INFO  worker::batch_maker] Batch ouxaEkzSqBcUYhFQ0MnD4DAEq+8GK3bdKd33h/YafiM= contains sample tx 677
[2026-04-19T03:25:28.631Z INFO  worker::batch_maker] Batch ouxaEkzSqBcUYhFQ0MnD4DAEq+8GK3bdKd33h/YafiM= contains 204800 B
[2026-04-19T03:25:28.685Z INFO  worker::batch_maker] Batch lzxSdTQciou8f6Wsqf4yGP/CWnyPfQ62y5Wo06NOcWw= contains sample tx 678
[2026-04-19T03:25:28.685Z INFO  worker::batch_maker] Batch lzxSdTQciou8f6Wsqf4yGP/CWnyPfQ62y5Wo06NOcWw= contains 204800 B
[2026-04-19T03:25:28.738Z INFO  worker::batch_maker] Batch Iv9SpnhDXx1tTD+4KWzdGHua5oNarIT6dbRHUnOjWxc= contains sample tx 679
[2026-04-19T03:25:28.738Z INFO  worker::batch_maker] Batch Iv9SpnhDXx1tTD+4KWzdGHua5oNarIT6dbRHUnOjWxc= contains 204800 B
[2026-04-19T03:25:28.791Z INFO  worker::batch_maker] Batch bXU16n9Xo41K2DX6luRjSvR7TI5/J7vM3ekWyhLm8hU= contains sample tx 680
[2026-04-19T03:25:28.791Z INFO  worker::batch_maker] Batch bXU16n9Xo41K2DX6luRjSvR7TI5/J7vM3ekWyhLm8hU= contains 204800 B
[2026-04-19T03:25:28.845Z INFO  worker::batch_maker] Batch N2Rf7zOg/CL9lP7Bi+Go1kN17k3WXj6s8I9WDgzt+3I= contains sample tx 681
[2026-04-19T03:25:28.845Z INFO  worker::batch_maker] Batch N2Rf7zOg/CL9lP7Bi+Go1kN17k3WXj6s8I9WDgzt+3I= contains 204800 B
[2026-04-19T03:25:28.900Z INFO  worker::batch_maker] Batch ZW3mTaqSpADyc7PyMTjdANDhT3R/r+lqt5kgjwNlcz8= contains sample tx 682
[2026-04-19T03:25:28.900Z INFO  worker::batch_maker] Batch ZW3mTaqSpADyc7PyMTjdANDhT3R/r+lqt5kgjwNlcz8= contains 204800 B
[2026-04-19T03:25:28.955Z INFO  worker::batch_maker] Batch clFk3DyxjBAgBCShV0nKjIc28GNMbEC/NM2LfIw51PM= contains sample tx 683
[2026-04-19T03:25:28.955Z INFO  worker::batch_maker] Batch clFk3DyxjBAgBCShV0nKjIc28GNMbEC/NM2LfIw51PM= contains 264704 B
[2026-04-19T03:25:29.010Z INFO  worker::batch_maker] Batch 0Pq83Z0dvtR5RnikLXVyVedJqIge2GKQnwuN9flqKOs= contains sample tx 684
[2026-04-19T03:25:29.010Z INFO  worker::batch_maker] Batch 0Pq83Z0dvtR5RnikLXVyVedJqIge2GKQnwuN9flqKOs= contains sample tx 685
[2026-04-19T03:25:29.010Z INFO  worker::batch_maker] Batch 0Pq83Z0dvtR5RnikLXVyVedJqIge2GKQnwuN9flqKOs= contains 349696 B
[2026-04-19T03:25:29.065Z INFO  worker::batch_maker] Batch CCeV6I3UkaIyfnPUXbPAASpRyuIAzETvKtdvccOesh4= contains sample tx 686
[2026-04-19T03:25:29.065Z INFO  worker::batch_maker] Batch CCeV6I3UkaIyfnPUXbPAASpRyuIAzETvKtdvccOesh4= contains 204800 B
[2026-04-19T03:25:29.119Z INFO  worker::batch_maker] Batch Vy36H+NmJlKlpeCjn/pFjb3GXaJNOI4A2F5C+WoSkJw= contains sample tx 687
[2026-04-19T03:25:29.119Z INFO  worker::batch_maker] Batch Vy36H+NmJlKlpeCjn/pFjb3GXaJNOI4A2F5C+WoSkJw= contains 204800 B
[2026-04-19T03:25:29.175Z INFO  worker::batch_maker] Batch UHIByk8dKQGMJnE5VmdsljYxWXb3moW1XhUJQS32YbA= contains sample tx 688
[2026-04-19T03:25:29.175Z INFO  worker::batch_maker] Batch UHIByk8dKQGMJnE5VmdsljYxWXb3moW1XhUJQS32YbA= contains 204800 B
[2026-04-19T03:25:29.229Z INFO  worker::batch_maker] Batch G3FV6B0Jx4Y7ZgFrCLGHwZ+Xfg+8eNLlZmHP2uhR0oI= contains sample tx 689
[2026-04-19T03:25:29.229Z INFO  worker::batch_maker] Batch G3FV6B0Jx4Y7ZgFrCLGHwZ+Xfg+8eNLlZmHP2uhR0oI= contains 204800 B
[2026-04-19T03:25:29.283Z INFO  worker::batch_maker] Batch QGwC9zVOZQW3wrdXTcBuCyhHSkLnStBXBufHXyWqPkQ= contains sample tx 690
[2026-04-19T03:25:29.283Z INFO  worker::batch_maker] Batch QGwC9zVOZQW3wrdXTcBuCyhHSkLnStBXBufHXyWqPkQ= contains 204800 B
[2026-04-19T03:25:29.338Z INFO  worker::batch_maker] Batch JwaGk8D5uOrDpALDsIaHEi2gMqo6B/RFO0zqqIsJhuY= contains sample tx 691
[2026-04-19T03:25:29.338Z INFO  worker::batch_maker] Batch JwaGk8D5uOrDpALDsIaHEi2gMqo6B/RFO0zqqIsJhuY= contains 204800 B
[2026-04-19T03:25:29.390Z INFO  worker::batch_maker] Batch ULp56J2tJer3wPb1Yf9+MDRSZ3CHTDUJvJrEaHZLWos= contains sample tx 692
[2026-04-19T03:25:29.390Z INFO  worker::batch_maker] Batch ULp56J2tJer3wPb1Yf9+MDRSZ3CHTDUJvJrEaHZLWos= contains 204800 B
[2026-04-19T03:25:29.443Z INFO  worker::batch_maker] Batch ddU/PV0qb+3WDv/LqfHa+GfnRi09ycYDjwVDCvHCkVk= contains sample tx 693
[2026-04-19T03:25:29.443Z INFO  worker::batch_maker] Batch ddU/PV0qb+3WDv/LqfHa+GfnRi09ycYDjwVDCvHCkVk= contains 204800 B
[2026-04-19T03:25:29.496Z INFO  worker::batch_maker] Batch p1Q5L8OhSgnoqpzkMCf0Xwb+YstoVDgyUgI3CuvgLuk= contains sample tx 694
[2026-04-19T03:25:29.496Z INFO  worker::batch_maker] Batch p1Q5L8OhSgnoqpzkMCf0Xwb+YstoVDgyUgI3CuvgLuk= contains 204800 B
[2026-04-19T03:25:29.549Z INFO  worker::batch_maker] Batch 72aMuHPvieQ4Av5bsX6Qry3mZuGL52KSJdl8bdBVn/Y= contains sample tx 695
[2026-04-19T03:25:29.549Z INFO  worker::batch_maker] Batch 72aMuHPvieQ4Av5bsX6Qry3mZuGL52KSJdl8bdBVn/Y= contains 204800 B
[2026-04-19T03:25:29.604Z INFO  worker::batch_maker] Batch GeMOvaVnGIaBVbglFdR5/pGDvZkl5B7wAnsrGySNjSI= contains sample tx 696
[2026-04-19T03:25:29.604Z INFO  worker::batch_maker] Batch GeMOvaVnGIaBVbglFdR5/pGDvZkl5B7wAnsrGySNjSI= contains 339968 B
[2026-04-19T03:25:29.658Z INFO  worker::batch_maker] Batch 5xU66LYVw1cl5MDty05VG4M8+hHQq/SnF8bcPXyKDpE= contains sample tx 697
[2026-04-19T03:25:29.658Z INFO  worker::batch_maker] Batch 5xU66LYVw1cl5MDty05VG4M8+hHQq/SnF8bcPXyKDpE= contains sample tx 698
[2026-04-19T03:25:29.658Z INFO  worker::batch_maker] Batch 5xU66LYVw1cl5MDty05VG4M8+hHQq/SnF8bcPXyKDpE= contains 274432 B
[2026-04-19T03:25:29.712Z INFO  worker::batch_maker] Batch 7UHE4q6QvYhcn54jWC97X7ykxsHl6IQsNdmqfTjQrQo= contains sample tx 699
[2026-04-19T03:25:29.712Z INFO  worker::batch_maker] Batch 7UHE4q6QvYhcn54jWC97X7ykxsHl6IQsNdmqfTjQrQo= contains 204800 B
[2026-04-19T03:25:29.765Z INFO  worker::batch_maker] Batch WiUgJLw8dWcr2BNv3StDhmzZd9hCphA6x7AZfK84tOM= contains sample tx 700
[2026-04-19T03:25:29.765Z INFO  worker::batch_maker] Batch WiUgJLw8dWcr2BNv3StDhmzZd9hCphA6x7AZfK84tOM= contains 204800 B
[2026-04-19T03:25:29.819Z INFO  worker::batch_maker] Batch 8pgUCUVuai54X1VmOZ3ZcpEZb9snJ5DEjL+y0DnsA3o= contains sample tx 701
[2026-04-19T03:25:29.819Z INFO  worker::batch_maker] Batch 8pgUCUVuai54X1VmOZ3ZcpEZb9snJ5DEjL+y0DnsA3o= contains 204800 B
[2026-04-19T03:25:29.872Z INFO  worker::batch_maker] Batch XBdUZrlzaXBjJO9o8AyVsWFOxAp+jklnVmoAolJ833g= contains sample tx 702
[2026-04-19T03:25:29.872Z INFO  worker::batch_maker] Batch XBdUZrlzaXBjJO9o8AyVsWFOxAp+jklnVmoAolJ833g= contains 204800 B
[2026-04-19T03:25:29.926Z INFO  worker::batch_maker] Batch x7QFV8oltQWAy+j7DorEOq+mbA+ifcVv/7Ubv++dD5U= contains sample tx 703
[2026-04-19T03:25:29.926Z INFO  worker::batch_maker] Batch x7QFV8oltQWAy+j7DorEOq+mbA+ifcVv/7Ubv++dD5U= contains 204800 B
[2026-04-19T03:25:29.980Z INFO  worker::batch_maker] Batch EbGLfLrzqOzjj01uC23YnkHwrHMlsqppeGZxXF5b0+M= contains sample tx 704
[2026-04-19T03:25:29.980Z INFO  worker::batch_maker] Batch EbGLfLrzqOzjj01uC23YnkHwrHMlsqppeGZxXF5b0+M= contains 204800 B
[2026-04-19T03:25:30.032Z INFO  worker::batch_maker] Batch 8/dx5scKbbUZFEiveJsjViXF4lovqKYdjxrVY4OT77k= contains sample tx 705
[2026-04-19T03:25:30.032Z INFO  worker::batch_maker] Batch 8/dx5scKbbUZFEiveJsjViXF4lovqKYdjxrVY4OT77k= contains 204800 B
[2026-04-19T03:25:30.084Z INFO  worker::batch_maker] Batch McSozCII/9GKke6wbucgcdysuqJTvsF3Lvcdf5BiFvE= contains sample tx 706
[2026-04-19T03:25:30.084Z INFO  worker::batch_maker] Batch McSozCII/9GKke6wbucgcdysuqJTvsF3Lvcdf5BiFvE= contains 204800 B
[2026-04-19T03:25:30.136Z INFO  worker::batch_maker] Batch oQkg3PXYt/guKKknvqGTUwGqkl/Wa/G162+fceB/EOI= contains sample tx 707
[2026-04-19T03:25:30.136Z INFO  worker::batch_maker] Batch oQkg3PXYt/guKKknvqGTUwGqkl/Wa/G162+fceB/EOI= contains 204800 B
[2026-04-19T03:25:30.188Z INFO  worker::batch_maker] Batch 88m1Xcd+4TG0xkx1aebM7JZX4sX2GT2qDogJIKngph0= contains sample tx 708
[2026-04-19T03:25:30.188Z INFO  worker::batch_maker] Batch 88m1Xcd+4TG0xkx1aebM7JZX4sX2GT2qDogJIKngph0= contains 204800 B
[2026-04-19T03:25:30.241Z INFO  worker::batch_maker] Batch 2PTAdDFsUxU3j3Vj2icm787ZLAErrF84OgZhV3jM6JM= contains sample tx 709
[2026-04-19T03:25:30.241Z INFO  worker::batch_maker] Batch 2PTAdDFsUxU3j3Vj2icm787ZLAErrF84OgZhV3jM6JM= contains 204800 B
[2026-04-19T03:25:30.295Z INFO  worker::batch_maker] Batch uCLVpO/TujfJAmBAoLsztdQFThk577vSjGhQFwOD0pk= contains sample tx 710
[2026-04-19T03:25:30.295Z INFO  worker::batch_maker] Batch uCLVpO/TujfJAmBAoLsztdQFThk577vSjGhQFwOD0pk= contains 204800 B
[2026-04-19T03:25:30.348Z INFO  worker::batch_maker] Batch BzyZwksDlj/sRfYC0Cew1SEaVGvNsp+njQMMPswRacc= contains sample tx 711
[2026-04-19T03:25:30.348Z INFO  worker::batch_maker] Batch BzyZwksDlj/sRfYC0Cew1SEaVGvNsp+njQMMPswRacc= contains 204800 B
[2026-04-19T03:25:30.400Z INFO  worker::batch_maker] Batch fQhFGjKKBY6hbKBwYOw1maMwTaFeoQYGX+l9wjjHZ4A= contains sample tx 712
[2026-04-19T03:25:30.400Z INFO  worker::batch_maker] Batch fQhFGjKKBY6hbKBwYOw1maMwTaFeoQYGX+l9wjjHZ4A= contains 251904 B
[2026-04-19T03:25:30.455Z INFO  worker::batch_maker] Batch hwOcrAgXgCAhY9QZy3mOX868rGeTlZd8ikBKip5RFTY= contains sample tx 713
[2026-04-19T03:25:30.455Z INFO  worker::batch_maker] Batch hwOcrAgXgCAhY9QZy3mOX868rGeTlZd8ikBKip5RFTY= contains sample tx 714
[2026-04-19T03:25:30.455Z INFO  worker::batch_maker] Batch hwOcrAgXgCAhY9QZy3mOX868rGeTlZd8ikBKip5RFTY= contains 333312 B
[2026-04-19T03:25:30.509Z INFO  worker::batch_maker] Batch 1f7e/+J1kCdYxKibFCG2otiK0s+hKIU11kpEKMZdfPQ= contains sample tx 715
[2026-04-19T03:25:30.509Z INFO  worker::batch_maker] Batch 1f7e/+J1kCdYxKibFCG2otiK0s+hKIU11kpEKMZdfPQ= contains 233984 B
[2026-04-19T03:25:30.563Z INFO  worker::batch_maker] Batch 8stuR4kGmI8rYedREJJnet1IBRqeiIuYopxOf1kQJBY= contains sample tx 716
[2026-04-19T03:25:30.563Z INFO  worker::batch_maker] Batch 8stuR4kGmI8rYedREJJnet1IBRqeiIuYopxOf1kQJBY= contains 204800 B
[2026-04-19T03:25:30.617Z INFO  worker::batch_maker] Batch wTrNtd66L6LuB2w9NorhBklXUq4hHnk7usKMOff97LI= contains sample tx 717
[2026-04-19T03:25:30.617Z INFO  worker::batch_maker] Batch wTrNtd66L6LuB2w9NorhBklXUq4hHnk7usKMOff97LI= contains 204800 B
[2026-04-19T03:25:30.671Z INFO  worker::batch_maker] Batch Bcs2Un6cHBOJVm05DGkuH6Npvwn57eGM7xfK0INnuz0= contains sample tx 718
[2026-04-19T03:25:30.671Z INFO  worker::batch_maker] Batch Bcs2Un6cHBOJVm05DGkuH6Npvwn57eGM7xfK0INnuz0= contains 204800 B
[2026-04-19T03:25:30.725Z INFO  worker::batch_maker] Batch pTJEC1IMiehlH0ApYEQ723WeYBr4guDUYFU0X6jL+Uk= contains sample tx 719
[2026-04-19T03:25:30.725Z INFO  worker::batch_maker] Batch pTJEC1IMiehlH0ApYEQ723WeYBr4guDUYFU0X6jL+Uk= contains 204800 B
[2026-04-19T03:25:30.778Z INFO  worker::batch_maker] Batch p/uXCPvx9tHp+AReZBzKIkwtjQaC8LKmi999o7oSxvA= contains sample tx 720
[2026-04-19T03:25:30.778Z INFO  worker::batch_maker] Batch p/uXCPvx9tHp+AReZBzKIkwtjQaC8LKmi999o7oSxvA= contains 204800 B
[2026-04-19T03:25:30.832Z INFO  worker::batch_maker] Batch jJSQ/gOsammpTqQmZtLzkINRqU+0sJULBOzj9rBz0XQ= contains sample tx 721
[2026-04-19T03:25:30.832Z INFO  worker::batch_maker] Batch jJSQ/gOsammpTqQmZtLzkINRqU+0sJULBOzj9rBz0XQ= contains 204800 B
[2026-04-19T03:25:30.886Z INFO  worker::batch_maker] Batch q8Er1KW/emVEYbRMOmLcIvug+zNFdKJr490EDQmIaB8= contains sample tx 722
[2026-04-19T03:25:30.886Z INFO  worker::batch_maker] Batch q8Er1KW/emVEYbRMOmLcIvug+zNFdKJr490EDQmIaB8= contains 204800 B
[2026-04-19T03:25:30.939Z INFO  worker::batch_maker] Batch Opavxsp9GKb+Bs8pzmknSEF9WPukpEYLqjRydGkN5cg= contains sample tx 723
[2026-04-19T03:25:30.939Z INFO  worker::batch_maker] Batch Opavxsp9GKb+Bs8pzmknSEF9WPukpEYLqjRydGkN5cg= contains 204800 B
[2026-04-19T03:25:30.992Z INFO  worker::batch_maker] Batch p/dXPl4uElXCH/drMBXAmiWIE/ggEm4bmE3tQqybX8g= contains sample tx 724
[2026-04-19T03:25:30.992Z INFO  worker::batch_maker] Batch p/dXPl4uElXCH/drMBXAmiWIE/ggEm4bmE3tQqybX8g= contains 204800 B
[2026-04-19T03:25:31.046Z INFO  worker::batch_maker] Batch /3KyM5BFe/bSvAvSK8wj4OHaAo1wuBtXtwoJ+W+EbJ8= contains sample tx 725
[2026-04-19T03:25:31.046Z INFO  worker::batch_maker] Batch /3KyM5BFe/bSvAvSK8wj4OHaAo1wuBtXtwoJ+W+EbJ8= contains 204800 B
[2026-04-19T03:25:31.100Z INFO  worker::batch_maker] Batch PH+YxkSxXrMPz4xfdHDYfIbT8jq/mXqWqx+32Xas4TI= contains sample tx 726
[2026-04-19T03:25:31.100Z INFO  worker::batch_maker] Batch PH+YxkSxXrMPz4xfdHDYfIbT8jq/mXqWqx+32Xas4TI= contains 212480 B
[2026-04-19T03:25:31.154Z INFO  worker::batch_maker] Batch kSBqFTbOu7xFDd/n6k2rTUJsHOBbKsDNR9HMjDQZ+HA= contains sample tx 727
[2026-04-19T03:25:31.154Z INFO  worker::batch_maker] Batch kSBqFTbOu7xFDd/n6k2rTUJsHOBbKsDNR9HMjDQZ+HA= contains 298496 B
[2026-04-19T03:25:31.210Z INFO  worker::batch_maker] Batch F/YPyY8MYm7l1IiMUGPp1i9geeJeFq7aiPEsLqhl1ok= contains sample tx 728
[2026-04-19T03:25:31.210Z INFO  worker::batch_maker] Batch F/YPyY8MYm7l1IiMUGPp1i9geeJeFq7aiPEsLqhl1ok= contains sample tx 729
[2026-04-19T03:25:31.210Z INFO  worker::batch_maker] Batch F/YPyY8MYm7l1IiMUGPp1i9geeJeFq7aiPEsLqhl1ok= contains 308224 B
[2026-04-19T03:25:31.264Z INFO  worker::batch_maker] Batch ZEvwoTv8V2o6wgP8sKvvIs+YcKepSJ7MS4mIXzJp9Xw= contains sample tx 730
[2026-04-19T03:25:31.264Z INFO  worker::batch_maker] Batch ZEvwoTv8V2o6wgP8sKvvIs+YcKepSJ7MS4mIXzJp9Xw= contains 204800 B
[2026-04-19T03:25:31.319Z INFO  worker::batch_maker] Batch PdGKghvtqhW1Qj0i4GTGCijbQAj5KQF9XSBRddULN4E= contains sample tx 731
[2026-04-19T03:25:31.319Z INFO  worker::batch_maker] Batch PdGKghvtqhW1Qj0i4GTGCijbQAj5KQF9XSBRddULN4E= contains 204800 B
[2026-04-19T03:25:31.374Z INFO  worker::batch_maker] Batch mRYDL2V3yQ1vX1K93oQE+Ztq8eYIq/g+XI1yjdK7lvo= contains sample tx 732
[2026-04-19T03:25:31.374Z INFO  worker::batch_maker] Batch mRYDL2V3yQ1vX1K93oQE+Ztq8eYIq/g+XI1yjdK7lvo= contains 204800 B
[2026-04-19T03:25:31.428Z INFO  worker::batch_maker] Batch HaTFeVRQX7Gq8zbd3kxNkMW3LwUt7In8LnAzBYp+So4= contains sample tx 733
[2026-04-19T03:25:31.428Z INFO  worker::batch_maker] Batch HaTFeVRQX7Gq8zbd3kxNkMW3LwUt7In8LnAzBYp+So4= contains 204800 B
[2026-04-19T03:25:31.482Z INFO  worker::batch_maker] Batch LEuVHAPiYKpQDofCop6C1v79IrG6tXagz3mOPWxnE7U= contains sample tx 734
[2026-04-19T03:25:31.482Z INFO  worker::batch_maker] Batch LEuVHAPiYKpQDofCop6C1v79IrG6tXagz3mOPWxnE7U= contains 204800 B
[2026-04-19T03:25:31.536Z INFO  worker::batch_maker] Batch 5KCP5sCHqUdfkMaPWRoZG7V1XmGsxsOqIyuvqBhq3Oc= contains sample tx 735
[2026-04-19T03:25:31.536Z INFO  worker::batch_maker] Batch 5KCP5sCHqUdfkMaPWRoZG7V1XmGsxsOqIyuvqBhq3Oc= contains 204800 B
[2026-04-19T03:25:31.589Z INFO  worker::batch_maker] Batch i3m9AvQpZjGZ/HB6+ewZXADZBuGOth+wZB9mBdHvAOU= contains sample tx 736
[2026-04-19T03:25:31.589Z INFO  worker::batch_maker] Batch i3m9AvQpZjGZ/HB6+ewZXADZBuGOth+wZB9mBdHvAOU= contains 204800 B
[2026-04-19T03:25:31.643Z INFO  worker::batch_maker] Batch solZO9Y1+YHGIiXfvmjA+8USNO4W9vPjajb1UZ5STrc= contains sample tx 737
[2026-04-19T03:25:31.643Z INFO  worker::batch_maker] Batch solZO9Y1+YHGIiXfvmjA+8USNO4W9vPjajb1UZ5STrc= contains 204800 B
[2026-04-19T03:25:31.696Z INFO  worker::batch_maker] Batch 2N+22LpvBQzzdkX4dE2aYN79E27c+pRE0jVT3REeZPA= contains sample tx 738
[2026-04-19T03:25:31.696Z INFO  worker::batch_maker] Batch 2N+22LpvBQzzdkX4dE2aYN79E27c+pRE0jVT3REeZPA= contains 204800 B
[2026-04-19T03:25:31.750Z INFO  worker::batch_maker] Batch KKMNkS5vwNszV1AeLBxzd2wd1WBBhQiUMfyOynExWpg= contains sample tx 739
[2026-04-19T03:25:31.750Z INFO  worker::batch_maker] Batch KKMNkS5vwNszV1AeLBxzd2wd1WBBhQiUMfyOynExWpg= contains 221184 B
[2026-04-19T03:25:31.806Z INFO  worker::batch_maker] Batch hfxtNSnGvQAX6PdXz4Oo/UEDAsJxY02DXthP+aT2z78= contains sample tx 740
[2026-04-19T03:25:31.806Z INFO  worker::batch_maker] Batch hfxtNSnGvQAX6PdXz4Oo/UEDAsJxY02DXthP+aT2z78= contains sample tx 741
[2026-04-19T03:25:31.806Z INFO  worker::batch_maker] Batch hfxtNSnGvQAX6PdXz4Oo/UEDAsJxY02DXthP+aT2z78= contains 393216 B
[2026-04-19T03:25:31.860Z INFO  worker::batch_maker] Batch VhvfFce59WJEBNEY2/jf1zr+5oPCJgUIqHQqLINc5DY= contains sample tx 742
[2026-04-19T03:25:31.860Z INFO  worker::batch_maker] Batch VhvfFce59WJEBNEY2/jf1zr+5oPCJgUIqHQqLINc5DY= contains 204800 B
[2026-04-19T03:25:31.915Z INFO  worker::batch_maker] Batch MdZo+EBEY0vOzseTvzlWaNI/xz3HsucfLDtkX2NJaB8= contains sample tx 743
[2026-04-19T03:25:31.915Z INFO  worker::batch_maker] Batch MdZo+EBEY0vOzseTvzlWaNI/xz3HsucfLDtkX2NJaB8= contains 204800 B
[2026-04-19T03:25:31.971Z INFO  worker::batch_maker] Batch UnUr0Myr3fW4Fcu2LTd34Uo+6wIbwalI6LY74dl59NY= contains sample tx 744
[2026-04-19T03:25:31.971Z INFO  worker::batch_maker] Batch UnUr0Myr3fW4Fcu2LTd34Uo+6wIbwalI6LY74dl59NY= contains 204800 B
[2026-04-19T03:25:32.024Z INFO  worker::batch_maker] Batch WvuXlT4JlU2Mi4jktdApcXOLembst5OBjeHyJBtRUOM= contains sample tx 745
[2026-04-19T03:25:32.024Z INFO  worker::batch_maker] Batch WvuXlT4JlU2Mi4jktdApcXOLembst5OBjeHyJBtRUOM= contains 204800 B
[2026-04-19T03:25:32.078Z INFO  worker::batch_maker] Batch QU4AfBo4PH/3SnxA5Z7S29U3chghrmjVFJAY2hFM3Jk= contains sample tx 746
[2026-04-19T03:25:32.078Z INFO  worker::batch_maker] Batch QU4AfBo4PH/3SnxA5Z7S29U3chghrmjVFJAY2hFM3Jk= contains 204800 B
[2026-04-19T03:25:32.132Z INFO  worker::batch_maker] Batch KhMZmtuX2ycNzkQMaO2LCdS14RxxiddTlL+wBrlxGMk= contains sample tx 747
[2026-04-19T03:25:32.132Z INFO  worker::batch_maker] Batch KhMZmtuX2ycNzkQMaO2LCdS14RxxiddTlL+wBrlxGMk= contains 204800 B
[2026-04-19T03:25:32.186Z INFO  worker::batch_maker] Batch rm6oJmxTsdljuqUnsPMMhK+bofEHKxIkc3CnDEEh640= contains sample tx 748
[2026-04-19T03:25:32.186Z INFO  worker::batch_maker] Batch rm6oJmxTsdljuqUnsPMMhK+bofEHKxIkc3CnDEEh640= contains 204800 B
[2026-04-19T03:25:32.242Z INFO  worker::batch_maker] Batch Ocg8O7y8kPvyVi0ezKErxo0pEcerQxFUXa20OYzBHGk= contains sample tx 749
[2026-04-19T03:25:32.242Z INFO  worker::batch_maker] Batch Ocg8O7y8kPvyVi0ezKErxo0pEcerQxFUXa20OYzBHGk= contains 204800 B
[2026-04-19T03:25:32.295Z INFO  worker::batch_maker] Batch kb6oXg5v6H9lL27u0pW0+nB6I+s4lLRBrT8BxzZjnsA= contains sample tx 750
[2026-04-19T03:25:32.295Z INFO  worker::batch_maker] Batch kb6oXg5v6H9lL27u0pW0+nB6I+s4lLRBrT8BxzZjnsA= contains 204800 B
[2026-04-19T03:25:32.350Z INFO  worker::batch_maker] Batch xvrFow16Ja5goLAv8+CbopMCCkTc5/m5PQXe06voEEE= contains sample tx 751
[2026-04-19T03:25:32.350Z INFO  worker::batch_maker] Batch xvrFow16Ja5goLAv8+CbopMCCkTc5/m5PQXe06voEEE= contains 204800 B
[2026-04-19T03:25:32.402Z INFO  worker::batch_maker] Batch J8zc/vdYfz43iRXbSu8OlK3AFGsAQSYzXvGnRLUsI+E= contains sample tx 752
[2026-04-19T03:25:32.402Z INFO  worker::batch_maker] Batch J8zc/vdYfz43iRXbSu8OlK3AFGsAQSYzXvGnRLUsI+E= contains sample tx 753
[2026-04-19T03:25:32.402Z INFO  worker::batch_maker] Batch J8zc/vdYfz43iRXbSu8OlK3AFGsAQSYzXvGnRLUsI+E= contains 409600 B
[2026-04-19T03:25:32.457Z INFO  worker::batch_maker] Batch /jK7XuqvLRieISst/ZjIpQfcjOe7NgvavaAPCfa3jhk= contains sample tx 754
[2026-04-19T03:25:32.457Z INFO  worker::batch_maker] Batch /jK7XuqvLRieISst/ZjIpQfcjOe7NgvavaAPCfa3jhk= contains 204800 B
[2026-04-19T03:25:32.510Z INFO  worker::batch_maker] Batch wFYSa2vbV3GOz5Usx2OJleSCay6cw1/kRuRudCO2HNk= contains sample tx 755
[2026-04-19T03:25:32.510Z INFO  worker::batch_maker] Batch wFYSa2vbV3GOz5Usx2OJleSCay6cw1/kRuRudCO2HNk= contains 204800 B
[2026-04-19T03:25:32.564Z INFO  worker::batch_maker] Batch 0qUx1CHC+7zZ+xrzNkvUcVzv8SRZt8uITX8luB0MEhE= contains sample tx 756
[2026-04-19T03:25:32.564Z INFO  worker::batch_maker] Batch 0qUx1CHC+7zZ+xrzNkvUcVzv8SRZt8uITX8luB0MEhE= contains 204800 B
[2026-04-19T03:25:32.617Z INFO  worker::batch_maker] Batch 8Rll5IZvt+9IyKcPtQa9WAlFJzH0yj6y3rRIr+PR8BQ= contains sample tx 757
[2026-04-19T03:25:32.617Z INFO  worker::batch_maker] Batch 8Rll5IZvt+9IyKcPtQa9WAlFJzH0yj6y3rRIr+PR8BQ= contains 204800 B
[2026-04-19T03:25:32.672Z INFO  worker::batch_maker] Batch olkZs9uhn7Thr/+ritpqJTNbIDIA7rXG03HrBAkaOnQ= contains sample tx 758
[2026-04-19T03:25:32.672Z INFO  worker::batch_maker] Batch olkZs9uhn7Thr/+ritpqJTNbIDIA7rXG03HrBAkaOnQ= contains 204800 B
[2026-04-19T03:25:32.725Z INFO  worker::batch_maker] Batch VH560c2OHM1AIe+wxaI4SVG2uwiByW5a9Ff2myoYmN0= contains sample tx 759
[2026-04-19T03:25:32.725Z INFO  worker::batch_maker] Batch VH560c2OHM1AIe+wxaI4SVG2uwiByW5a9Ff2myoYmN0= contains 204800 B
[2026-04-19T03:25:32.779Z INFO  worker::batch_maker] Batch dMy2xptqFRl9izeCWUsCaUkZK61kFbm+//TMEqXRzvM= contains sample tx 760
[2026-04-19T03:25:32.779Z INFO  worker::batch_maker] Batch dMy2xptqFRl9izeCWUsCaUkZK61kFbm+//TMEqXRzvM= contains 204800 B
[2026-04-19T03:25:32.832Z INFO  worker::batch_maker] Batch AZT4zBNcVwtKMkLPErCDZtjzSa+UkcTYB7Vt4ONz+ac= contains sample tx 761
[2026-04-19T03:25:32.833Z INFO  worker::batch_maker] Batch AZT4zBNcVwtKMkLPErCDZtjzSa+UkcTYB7Vt4ONz+ac= contains 204800 B
[2026-04-19T03:25:32.886Z INFO  worker::batch_maker] Batch aA0KFpiWDftcFd/Xtdd5Ay7fPGFBglg+veAlSKEWQ6E= contains sample tx 762
[2026-04-19T03:25:32.886Z INFO  worker::batch_maker] Batch aA0KFpiWDftcFd/Xtdd5Ay7fPGFBglg+veAlSKEWQ6E= contains 204800 B
[2026-04-19T03:25:32.940Z INFO  worker::batch_maker] Batch rudpefDbvBNxN61DjalgwnbThxKKJbW4E5zzov9z9WI= contains sample tx 763
[2026-04-19T03:25:32.940Z INFO  worker::batch_maker] Batch rudpefDbvBNxN61DjalgwnbThxKKJbW4E5zzov9z9WI= contains 204800 B
[2026-04-19T03:25:32.995Z INFO  worker::batch_maker] Batch E/qiTxFfqvxOcNOvUIZf0r2gAmYN9NjFrfnxkYymFTw= contains sample tx 764
[2026-04-19T03:25:32.995Z INFO  worker::batch_maker] Batch E/qiTxFfqvxOcNOvUIZf0r2gAmYN9NjFrfnxkYymFTw= contains 204800 B
[2026-04-19T03:25:33.048Z INFO  worker::batch_maker] Batch XxZc5Vkf0JPOblkCJNi0MDpY0PzdsaiDCuW+3a9wWVg= contains sample tx 765
[2026-04-19T03:25:33.048Z INFO  worker::batch_maker] Batch XxZc5Vkf0JPOblkCJNi0MDpY0PzdsaiDCuW+3a9wWVg= contains 204800 B
[2026-04-19T03:25:33.107Z INFO  worker::batch_maker] Batch +INsHm9SHj8ZFVRpOhdu5G4lhVxGD/l0gqoipZF8Mn4= contains sample tx 766
[2026-04-19T03:25:33.107Z INFO  worker::batch_maker] Batch +INsHm9SHj8ZFVRpOhdu5G4lhVxGD/l0gqoipZF8Mn4= contains 355328 B
[2026-04-19T03:25:33.158Z INFO  worker::batch_maker] Batch AqKhDEW/WIlW5wMgBiC/SJj3VBrKmawYhH5U3TMsStY= contains sample tx 767
[2026-04-19T03:25:33.158Z INFO  worker::batch_maker] Batch AqKhDEW/WIlW5wMgBiC/SJj3VBrKmawYhH5U3TMsStY= contains sample tx 768
[2026-04-19T03:25:33.158Z INFO  worker::batch_maker] Batch AqKhDEW/WIlW5wMgBiC/SJj3VBrKmawYhH5U3TMsStY= contains 259072 B
[2026-04-19T03:25:33.210Z INFO  worker::batch_maker] Batch f6u6WWOfXXXSn1aON2CawwbnvmLBn/WoBp14V4UNqks= contains sample tx 769
[2026-04-19T03:25:33.210Z INFO  worker::batch_maker] Batch f6u6WWOfXXXSn1aON2CawwbnvmLBn/WoBp14V4UNqks= contains 204800 B
[2026-04-19T03:25:33.266Z INFO  worker::batch_maker] Batch jwzq2tD0Fb0g6m6zxcfAFwrDm0Fy9zNCdClrWZZwDF4= contains sample tx 770
[2026-04-19T03:25:33.266Z INFO  worker::batch_maker] Batch jwzq2tD0Fb0g6m6zxcfAFwrDm0Fy9zNCdClrWZZwDF4= contains 204800 B
[2026-04-19T03:25:33.319Z INFO  worker::batch_maker] Batch KxkYwiWCz8U1BpEz3P9wbx8fvsruIdOJoDivlyJOYPI= contains sample tx 771
[2026-04-19T03:25:33.319Z INFO  worker::batch_maker] Batch KxkYwiWCz8U1BpEz3P9wbx8fvsruIdOJoDivlyJOYPI= contains 204800 B
[2026-04-19T03:25:33.372Z INFO  worker::batch_maker] Batch BmQ5h305NqiyTUQ2IoExnVttIpLR+S1ih0hoaFUZM9o= contains sample tx 772
[2026-04-19T03:25:33.372Z INFO  worker::batch_maker] Batch BmQ5h305NqiyTUQ2IoExnVttIpLR+S1ih0hoaFUZM9o= contains 204800 B
[2026-04-19T03:25:33.425Z INFO  worker::batch_maker] Batch PTnfyiXgFaLMwQpWvQ2RVbV8vcgb4OiQm3z9tN5kV3s= contains sample tx 773
[2026-04-19T03:25:33.425Z INFO  worker::batch_maker] Batch PTnfyiXgFaLMwQpWvQ2RVbV8vcgb4OiQm3z9tN5kV3s= contains 204800 B
[2026-04-19T03:25:33.478Z INFO  worker::batch_maker] Batch G4jqs37vtluRbbBSzE0Ig8Wf/045WmylXUUMOqnIfCc= contains sample tx 774
[2026-04-19T03:25:33.478Z INFO  worker::batch_maker] Batch G4jqs37vtluRbbBSzE0Ig8Wf/045WmylXUUMOqnIfCc= contains 204800 B
[2026-04-19T03:25:33.531Z INFO  worker::batch_maker] Batch FUJYSMdL14Q8ibecbO209+5kBuYsvnfNHAfbRB73nUk= contains sample tx 775
[2026-04-19T03:25:33.531Z INFO  worker::batch_maker] Batch FUJYSMdL14Q8ibecbO209+5kBuYsvnfNHAfbRB73nUk= contains 204800 B
[2026-04-19T03:25:33.585Z INFO  worker::batch_maker] Batch dFuveDVKg9vrceou5t1zCbVEujoy/iZEFHzKfb1d7RA= contains sample tx 776
[2026-04-19T03:25:33.585Z INFO  worker::batch_maker] Batch dFuveDVKg9vrceou5t1zCbVEujoy/iZEFHzKfb1d7RA= contains 204800 B
[2026-04-19T03:25:33.640Z INFO  worker::batch_maker] Batch erehlWaPttAu0BUa94KE2r65muuEhtxNYLADzQB0o6U= contains sample tx 777
[2026-04-19T03:25:33.640Z INFO  worker::batch_maker] Batch erehlWaPttAu0BUa94KE2r65muuEhtxNYLADzQB0o6U= contains 204800 B
[2026-04-19T03:25:33.694Z INFO  worker::batch_maker] Batch q4n2q9rnyZmVL5OfJYyETVgTN7aanHm8xFz/sh9OCpE= contains sample tx 778
[2026-04-19T03:25:33.695Z INFO  worker::batch_maker] Batch q4n2q9rnyZmVL5OfJYyETVgTN7aanHm8xFz/sh9OCpE= contains 204800 B
[2026-04-19T03:25:33.748Z INFO  worker::batch_maker] Batch O60gvWZYNCOvQVVzM5Rey3ZIl+fUWGOadYa2ilOffe8= contains sample tx 779
[2026-04-19T03:25:33.749Z INFO  worker::batch_maker] Batch O60gvWZYNCOvQVVzM5Rey3ZIl+fUWGOadYa2ilOffe8= contains 204800 B
[2026-04-19T03:25:33.806Z INFO  worker::batch_maker] Batch SJtvaEsi3W4qsKbEPJgbqCIFhgfsaQn+3LkWK5e54kw= contains sample tx 780
[2026-04-19T03:25:33.806Z INFO  worker::batch_maker] Batch SJtvaEsi3W4qsKbEPJgbqCIFhgfsaQn+3LkWK5e54kw= contains 321024 B
[2026-04-19T03:25:33.862Z INFO  worker::batch_maker] Batch bxqrrbWlPX0a4dZOCuAgyiUBCsddT791n25W/tFuBfI= contains sample tx 781
[2026-04-19T03:25:33.862Z INFO  worker::batch_maker] Batch bxqrrbWlPX0a4dZOCuAgyiUBCsddT791n25W/tFuBfI= contains sample tx 782
[2026-04-19T03:25:33.862Z INFO  worker::batch_maker] Batch bxqrrbWlPX0a4dZOCuAgyiUBCsddT791n25W/tFuBfI= contains 293376 B
[2026-04-19T03:25:33.916Z INFO  worker::batch_maker] Batch 4P7TXYCyBjQ9Bkt9yRN+ndTl59WuGNJdrjj45sIgZss= contains sample tx 783
[2026-04-19T03:25:33.916Z INFO  worker::batch_maker] Batch 4P7TXYCyBjQ9Bkt9yRN+ndTl59WuGNJdrjj45sIgZss= contains 204800 B
[2026-04-19T03:25:33.970Z INFO  worker::batch_maker] Batch g9CIizpcZn9mMJlWdvRRnxhdQo8//Qqxq9K9fqGPZY8= contains sample tx 784
[2026-04-19T03:25:33.970Z INFO  worker::batch_maker] Batch g9CIizpcZn9mMJlWdvRRnxhdQo8//Qqxq9K9fqGPZY8= contains 204800 B
[2026-04-19T03:25:34.023Z INFO  worker::batch_maker] Batch 5jJnm3ohGHJ83ZmrLVBtuMV15vsATsIgngJ+REQYDCc= contains sample tx 785
[2026-04-19T03:25:34.023Z INFO  worker::batch_maker] Batch 5jJnm3ohGHJ83ZmrLVBtuMV15vsATsIgngJ+REQYDCc= contains 204800 B
[2026-04-19T03:25:34.076Z INFO  worker::batch_maker] Batch 9P7JrMc9wZHyftJDMfRo8fnNbcR364ybcKrH5+qz2UE= contains sample tx 786
[2026-04-19T03:25:34.076Z INFO  worker::batch_maker] Batch 9P7JrMc9wZHyftJDMfRo8fnNbcR364ybcKrH5+qz2UE= contains 204800 B
[2026-04-19T03:25:34.129Z INFO  worker::batch_maker] Batch 5k3volmZoOh11/zrULL177sokvc6kFWsljNZVoSUzqI= contains sample tx 787
[2026-04-19T03:25:34.129Z INFO  worker::batch_maker] Batch 5k3volmZoOh11/zrULL177sokvc6kFWsljNZVoSUzqI= contains 204800 B
[2026-04-19T03:25:34.182Z INFO  worker::batch_maker] Batch HHhoP9bXvmpAnfbjECzL7AFbTE7Srtg3hALLVp6FUr0= contains sample tx 788
[2026-04-19T03:25:34.182Z INFO  worker::batch_maker] Batch HHhoP9bXvmpAnfbjECzL7AFbTE7Srtg3hALLVp6FUr0= contains 204800 B
[2026-04-19T03:25:34.235Z INFO  worker::batch_maker] Batch /o7xrZiNElwucUvA87N53+2su5w8Nu9AGqiT5/btKwQ= contains 161280 B
[2026-04-19T03:25:34.289Z INFO  worker::batch_maker] Batch d7Y0oxCSeQIehn52LdS+JUThnIJ4R0gEfTBtunl/60g= contains sample tx 789
[2026-04-19T03:25:34.289Z INFO  worker::batch_maker] Batch d7Y0oxCSeQIehn52LdS+JUThnIJ4R0gEfTBtunl/60g= contains sample tx 790
[2026-04-19T03:25:34.289Z INFO  worker::batch_maker] Batch d7Y0oxCSeQIehn52LdS+JUThnIJ4R0gEfTBtunl/60g= contains 248320 B
[2026-04-19T03:25:34.343Z INFO  worker::batch_maker] Batch 1eAN5MtfwJonqUrySE0qxFFC1/sQ8zXB1G7x+pSIm5U= contains sample tx 791
[2026-04-19T03:25:34.343Z INFO  worker::batch_maker] Batch 1eAN5MtfwJonqUrySE0qxFFC1/sQ8zXB1G7x+pSIm5U= contains 204800 B
[2026-04-19T03:25:34.399Z INFO  worker::batch_maker] Batch E4wP73fxrrUW7k2iiKm3b2sClcMUKYSTXeSKVtxka9c= contains sample tx 792
[2026-04-19T03:25:34.399Z INFO  worker::batch_maker] Batch E4wP73fxrrUW7k2iiKm3b2sClcMUKYSTXeSKVtxka9c= contains 204800 B
[2026-04-19T03:25:34.454Z INFO  worker::batch_maker] Batch pvR+0+ZT5+M113bdW3BZlakKqvMPed/QzLCC5zKVMYk= contains sample tx 793
[2026-04-19T03:25:34.454Z INFO  worker::batch_maker] Batch pvR+0+ZT5+M113bdW3BZlakKqvMPed/QzLCC5zKVMYk= contains 364032 B
[2026-04-19T03:25:34.509Z INFO  worker::batch_maker] Batch OnP38TxaN5oCYoBsEE1wYA7go9bLvBqgdvzKsHj48pQ= contains sample tx 794
[2026-04-19T03:25:34.553Z INFO  worker::batch_maker] Batch OnP38TxaN5oCYoBsEE1wYA7go9bLvBqgdvzKsHj48pQ= contains sample tx 795
[2026-04-19T03:25:34.553Z INFO  worker::batch_maker] Batch OnP38TxaN5oCYoBsEE1wYA7go9bLvBqgdvzKsHj48pQ= contains 250368 B
[2026-04-19T03:25:34.611Z INFO  worker::batch_maker] Batch rHnNWG2HjttglwouR+a9uuJMg2jquXso4iinuj4Rmd8= contains sample tx 796
[2026-04-19T03:25:34.611Z INFO  worker::batch_maker] Batch rHnNWG2HjttglwouR+a9uuJMg2jquXso4iinuj4Rmd8= contains sample tx 797
[2026-04-19T03:25:34.612Z INFO  worker::batch_maker] Batch rHnNWG2HjttglwouR+a9uuJMg2jquXso4iinuj4Rmd8= contains 409600 B
[2026-04-19T03:25:34.667Z INFO  worker::batch_maker] Batch xGzEU5LjWdyAzqIj2+Y/hLy7aO04y6/UsmijYCKb+WE= contains sample tx 798
[2026-04-19T03:25:34.667Z INFO  worker::batch_maker] Batch xGzEU5LjWdyAzqIj2+Y/hLy7aO04y6/UsmijYCKb+WE= contains 204800 B
[2026-04-19T03:25:34.719Z INFO  worker::batch_maker] Batch zHohi/5MJAtmEvfdkP1BWMaui4/w27yIummEd3RKeQg= contains sample tx 799
[2026-04-19T03:25:34.719Z INFO  worker::batch_maker] Batch zHohi/5MJAtmEvfdkP1BWMaui4/w27yIummEd3RKeQg= contains 204800 B
[2026-04-19T03:25:34.772Z INFO  worker::batch_maker] Batch xro7dX3r3rWTJHAqdBqP+m9C6H4Y7RYuKZhEzMkq0HY= contains sample tx 800
[2026-04-19T03:25:34.772Z INFO  worker::batch_maker] Batch xro7dX3r3rWTJHAqdBqP+m9C6H4Y7RYuKZhEzMkq0HY= contains 204800 B
[2026-04-19T03:25:34.825Z INFO  worker::batch_maker] Batch x2JmyMmBmmrEnOdE23P8WQ9Le0WWzjVNr2mLl8rS3lw= contains sample tx 801
[2026-04-19T03:25:34.825Z INFO  worker::batch_maker] Batch x2JmyMmBmmrEnOdE23P8WQ9Le0WWzjVNr2mLl8rS3lw= contains 204800 B
[2026-04-19T03:25:34.877Z INFO  worker::batch_maker] Batch qHTVCagqpsGA/qWW1DhJJ9Vvai+r/c3o+IClYHrv1gQ= contains sample tx 802
[2026-04-19T03:25:34.877Z INFO  worker::batch_maker] Batch qHTVCagqpsGA/qWW1DhJJ9Vvai+r/c3o+IClYHrv1gQ= contains 204800 B
[2026-04-19T03:25:34.928Z INFO  worker::batch_maker] Batch AIVlqxi4E+Qyc2uB3ElX9GaiN0OJHKpiIPKCl/verWw= contains sample tx 803
[2026-04-19T03:25:34.928Z INFO  worker::batch_maker] Batch AIVlqxi4E+Qyc2uB3ElX9GaiN0OJHKpiIPKCl/verWw= contains 204800 B
[2026-04-19T03:25:34.982Z INFO  worker::batch_maker] Batch w4INs6UIFKH3pq1Jq84cga3xmB1uiC5AYoeeQR4HOGQ= contains sample tx 804
[2026-04-19T03:25:34.982Z INFO  worker::batch_maker] Batch w4INs6UIFKH3pq1Jq84cga3xmB1uiC5AYoeeQR4HOGQ= contains 204800 B
[2026-04-19T03:25:35.035Z INFO  worker::batch_maker] Batch 0lQgfZLOgARjmhVIGnBgf4qDF2pNT48O9yNTIC0W8zM= contains sample tx 805
[2026-04-19T03:25:35.035Z INFO  worker::batch_maker] Batch 0lQgfZLOgARjmhVIGnBgf4qDF2pNT48O9yNTIC0W8zM= contains 204800 B
[2026-04-19T03:25:35.086Z INFO  worker::batch_maker] Batch umGNHGADldcqkLLU5Ocam6kJt5aOwHDhd1o3tJmUy/k= contains sample tx 806
[2026-04-19T03:25:35.086Z INFO  worker::batch_maker] Batch umGNHGADldcqkLLU5Ocam6kJt5aOwHDhd1o3tJmUy/k= contains 204800 B
[2026-04-19T03:25:35.139Z INFO  worker::batch_maker] Batch e5q0XJY8m726wk4UMHlT9iVnEJEtpJ9CSQM4Ul9ovbA= contains sample tx 807
[2026-04-19T03:25:35.139Z INFO  worker::batch_maker] Batch e5q0XJY8m726wk4UMHlT9iVnEJEtpJ9CSQM4Ul9ovbA= contains 204800 B
[2026-04-19T03:25:35.192Z INFO  worker::batch_maker] Batch SA0ZR98MWjYDio93yiT415jS8R3cUk4zyMDAOLSR1/k= contains sample tx 808
[2026-04-19T03:25:35.192Z INFO  worker::batch_maker] Batch SA0ZR98MWjYDio93yiT415jS8R3cUk4zyMDAOLSR1/k= contains 204800 B
[2026-04-19T03:25:35.246Z INFO  worker::batch_maker] Batch DBUqbuTEQiJfIct/tXVKsqBUsIs7CiABSDT1ZqUBoWc= contains sample tx 809
[2026-04-19T03:25:35.246Z INFO  worker::batch_maker] Batch DBUqbuTEQiJfIct/tXVKsqBUsIs7CiABSDT1ZqUBoWc= contains 204800 B
[2026-04-19T03:25:35.298Z INFO  worker::batch_maker] Batch PsdMOXoPYda/GV4fGYDXqNCeky9UVLSDbiYuTc1nJuA= contains sample tx 810
[2026-04-19T03:25:35.299Z INFO  worker::batch_maker] Batch PsdMOXoPYda/GV4fGYDXqNCeky9UVLSDbiYuTc1nJuA= contains 204800 B
[2026-04-19T03:25:35.352Z INFO  worker::batch_maker] Batch DPCznfSNjyi9E4llD8mPG5f2NTftDgsIveNHzBdZoQA= contains sample tx 811
[2026-04-19T03:25:35.352Z INFO  worker::batch_maker] Batch DPCznfSNjyi9E4llD8mPG5f2NTftDgsIveNHzBdZoQA= contains sample tx 812
[2026-04-19T03:25:35.352Z INFO  worker::batch_maker] Batch DPCznfSNjyi9E4llD8mPG5f2NTftDgsIveNHzBdZoQA= contains 245248 B
[2026-04-19T03:25:35.405Z INFO  worker::batch_maker] Batch NhBUTI6QepcuRNJXjwtRoBAvhl25I8s/nZx+nlzIMu0= contains sample tx 813
[2026-04-19T03:25:35.405Z INFO  worker::batch_maker] Batch NhBUTI6QepcuRNJXjwtRoBAvhl25I8s/nZx+nlzIMu0= contains 369152 B
[2026-04-19T03:25:35.459Z INFO  worker::batch_maker] Batch yywouRMK6Qg+s1iw5znkGNFkEZzza8np/8Jx8aZdGo8= contains sample tx 814
[2026-04-19T03:25:35.459Z INFO  worker::batch_maker] Batch yywouRMK6Qg+s1iw5znkGNFkEZzza8np/8Jx8aZdGo8= contains 204800 B
[2026-04-19T03:25:35.512Z INFO  worker::batch_maker] Batch 01RanNUpprU+0M0hD5G0bJYjiEVNvhs6itYRPf0eSh0= contains sample tx 815
[2026-04-19T03:25:35.512Z INFO  worker::batch_maker] Batch 01RanNUpprU+0M0hD5G0bJYjiEVNvhs6itYRPf0eSh0= contains 204800 B
[2026-04-19T03:25:35.566Z INFO  worker::batch_maker] Batch tlIzAr5VdOQNdwBLfXeAf+k0y8j1LOvY89CxyiI667g= contains sample tx 816
[2026-04-19T03:25:35.566Z INFO  worker::batch_maker] Batch tlIzAr5VdOQNdwBLfXeAf+k0y8j1LOvY89CxyiI667g= contains 204800 B
[2026-04-19T03:25:35.619Z INFO  worker::batch_maker] Batch 2CQr+xGE8o1VQmJfgz6+76vKK+T6r9g4wZ0zxvbyQwE= contains sample tx 817
[2026-04-19T03:25:35.619Z INFO  worker::batch_maker] Batch 2CQr+xGE8o1VQmJfgz6+76vKK+T6r9g4wZ0zxvbyQwE= contains 204800 B
[2026-04-19T03:25:35.672Z INFO  worker::batch_maker] Batch BbalnoCQVT3jqI5FU1pfGp44Qn4xd2gouaFzCeJQrZA= contains sample tx 818
[2026-04-19T03:25:35.672Z INFO  worker::batch_maker] Batch BbalnoCQVT3jqI5FU1pfGp44Qn4xd2gouaFzCeJQrZA= contains 204800 B
[2026-04-19T03:25:35.725Z INFO  worker::batch_maker] Batch 5ZeGWch2kKE7+qnURIFeGAy5ne7OPDK76wMRZHZB0P0= contains sample tx 819
[2026-04-19T03:25:35.725Z INFO  worker::batch_maker] Batch 5ZeGWch2kKE7+qnURIFeGAy5ne7OPDK76wMRZHZB0P0= contains 204800 B
[2026-04-19T03:25:35.778Z INFO  worker::batch_maker] Batch psDSYI5sttu/Mly4MsrjIJADLPeVv1w/pGHT96w2uXk= contains sample tx 820
[2026-04-19T03:25:35.779Z INFO  worker::batch_maker] Batch psDSYI5sttu/Mly4MsrjIJADLPeVv1w/pGHT96w2uXk= contains 204800 B
[2026-04-19T03:25:35.832Z INFO  worker::batch_maker] Batch CXzibtHi0pg0xTf1x5R8n/1mGXSi9OccUSzbzHDyB3s= contains sample tx 821
[2026-04-19T03:25:35.832Z INFO  worker::batch_maker] Batch CXzibtHi0pg0xTf1x5R8n/1mGXSi9OccUSzbzHDyB3s= contains 204800 B
[2026-04-19T03:25:35.885Z INFO  worker::batch_maker] Batch W4KdzvuUUNfjkJ+RyJdijn+Dj14J5BCP5EpEDBacits= contains sample tx 822
[2026-04-19T03:25:35.885Z INFO  worker::batch_maker] Batch W4KdzvuUUNfjkJ+RyJdijn+Dj14J5BCP5EpEDBacits= contains 204800 B
[2026-04-19T03:25:35.938Z INFO  worker::batch_maker] Batch 01UcdIjgv0Ozj3nuDsvKJAIqRMvucxH9vIdE4u/qNvM= contains sample tx 823
[2026-04-19T03:25:35.938Z INFO  worker::batch_maker] Batch 01UcdIjgv0Ozj3nuDsvKJAIqRMvucxH9vIdE4u/qNvM= contains 204800 B
[2026-04-19T03:25:35.991Z INFO  worker::batch_maker] Batch g9ugkQA822Nlk5Aw+cdmp+XIYFGBfn5C3taLzbA9ooY= contains sample tx 824
[2026-04-19T03:25:35.991Z INFO  worker::batch_maker] Batch g9ugkQA822Nlk5Aw+cdmp+XIYFGBfn5C3taLzbA9ooY= contains 204800 B
[2026-04-19T03:25:36.045Z INFO  worker::batch_maker] Batch 8JCyTZMwmr78gTS/qftkHL8gAXWoTJgyZ9Kvxqrv7dA= contains sample tx 825
[2026-04-19T03:25:36.045Z INFO  worker::batch_maker] Batch 8JCyTZMwmr78gTS/qftkHL8gAXWoTJgyZ9Kvxqrv7dA= contains 204800 B
[2026-04-19T03:25:36.098Z INFO  worker::batch_maker] Batch vugYDw6TvGl5/pI4GliBGczacEsAuhgSOO5bYrIgxzU= contains sample tx 826
[2026-04-19T03:25:36.098Z INFO  worker::batch_maker] Batch vugYDw6TvGl5/pI4GliBGczacEsAuhgSOO5bYrIgxzU= contains 204800 B
[2026-04-19T03:25:36.152Z INFO  worker::batch_maker] Batch MQoNzJnCqAiUB34e8B88V5ESIkN36CMdFTs8n+E1Y/8= contains sample tx 827
[2026-04-19T03:25:36.152Z INFO  worker::batch_maker] Batch MQoNzJnCqAiUB34e8B88V5ESIkN36CMdFTs8n+E1Y/8= contains sample tx 828
[2026-04-19T03:25:36.152Z INFO  worker::batch_maker] Batch MQoNzJnCqAiUB34e8B88V5ESIkN36CMdFTs8n+E1Y/8= contains 389632 B
[2026-04-19T03:25:36.206Z INFO  worker::batch_maker] Batch SrMdwIpcddAWtl/BA4ABzuSQ5dTsOOJotKq1M9WhRrg= contains sample tx 829
[2026-04-19T03:25:36.206Z INFO  worker::batch_maker] Batch SrMdwIpcddAWtl/BA4ABzuSQ5dTsOOJotKq1M9WhRrg= contains 224768 B
[2026-04-19T03:25:36.260Z INFO  worker::batch_maker] Batch xVyieRMOb4K/o4ZPL/VvGYk+33Hf7A2wFtuTpxIPZJE= contains sample tx 830
[2026-04-19T03:25:36.260Z INFO  worker::batch_maker] Batch xVyieRMOb4K/o4ZPL/VvGYk+33Hf7A2wFtuTpxIPZJE= contains 204800 B
[2026-04-19T03:25:36.314Z INFO  worker::batch_maker] Batch uejL+q87nPNx82tAgv6zYkxbUnxC7+xA9VIVJpCOUls= contains sample tx 831
[2026-04-19T03:25:36.314Z INFO  worker::batch_maker] Batch uejL+q87nPNx82tAgv6zYkxbUnxC7+xA9VIVJpCOUls= contains 204800 B
[2026-04-19T03:25:36.367Z INFO  worker::batch_maker] Batch LWfc2gW24IyR3tm+aVkjRLLnRbFqTS+mBWBIaXcPpPw= contains sample tx 832
[2026-04-19T03:25:36.367Z INFO  worker::batch_maker] Batch LWfc2gW24IyR3tm+aVkjRLLnRbFqTS+mBWBIaXcPpPw= contains 204800 B
[2026-04-19T03:25:36.420Z INFO  worker::batch_maker] Batch bWJuPCJHFbRyBzVYhGHGHqoMvusCVURJIJKXaZjz1d4= contains sample tx 833
[2026-04-19T03:25:36.420Z INFO  worker::batch_maker] Batch bWJuPCJHFbRyBzVYhGHGHqoMvusCVURJIJKXaZjz1d4= contains 204800 B
[2026-04-19T03:25:36.473Z INFO  worker::batch_maker] Batch PvUDI1Tv2qMT+J0qNY7Ln0DrYB+lLFnxpFlS93QB5Rc= contains sample tx 834
[2026-04-19T03:25:36.473Z INFO  worker::batch_maker] Batch PvUDI1Tv2qMT+J0qNY7Ln0DrYB+lLFnxpFlS93QB5Rc= contains 204800 B
[2026-04-19T03:25:36.527Z INFO  worker::batch_maker] Batch Z2pIkESb4j9t50XgfSGletyaCVFucR78GkGpAgkblF8= contains sample tx 835
[2026-04-19T03:25:36.527Z INFO  worker::batch_maker] Batch Z2pIkESb4j9t50XgfSGletyaCVFucR78GkGpAgkblF8= contains 204800 B
[2026-04-19T03:25:36.581Z INFO  worker::batch_maker] Batch b7tnLWbtsXPHD6b7aXnJKLHMSBxg+87LkKdSP5PuBQQ= contains sample tx 836
[2026-04-19T03:25:36.616Z INFO  worker::batch_maker] Batch b7tnLWbtsXPHD6b7aXnJKLHMSBxg+87LkKdSP5PuBQQ= contains 204800 B
[2026-04-19T03:25:36.671Z INFO  worker::batch_maker] Batch I5zbHcyEbLn1zOJUSQXda2zMi7vvpor/1YBVrP+c/XY= contains sample tx 837
[2026-04-19T03:25:36.671Z INFO  worker::batch_maker] Batch I5zbHcyEbLn1zOJUSQXda2zMi7vvpor/1YBVrP+c/XY= contains sample tx 838
[2026-04-19T03:25:36.671Z INFO  worker::batch_maker] Batch I5zbHcyEbLn1zOJUSQXda2zMi7vvpor/1YBVrP+c/XY= contains 409600 B
[2026-04-19T03:25:36.724Z INFO  worker::batch_maker] Batch ghD7JtMMcmPAVXJV2g7Gmnhfo0LGAJYMO5URueG3cqM= contains sample tx 839
[2026-04-19T03:25:36.725Z INFO  worker::batch_maker] Batch ghD7JtMMcmPAVXJV2g7Gmnhfo0LGAJYMO5URueG3cqM= contains 204800 B
[2026-04-19T03:25:36.777Z INFO  worker::batch_maker] Batch Rn8sbI4Mu+wnVvowgqTi0wu/4p6YUfcd7Gl2o1NgkdE= contains sample tx 840
[2026-04-19T03:25:36.777Z INFO  worker::batch_maker] Batch Rn8sbI4Mu+wnVvowgqTi0wu/4p6YUfcd7Gl2o1NgkdE= contains 204800 B
[2026-04-19T03:25:36.830Z INFO  worker::batch_maker] Batch ZvxBzmGewM0XH6xK51UAN8YWtlSFkfAJs7bjKWxliu4= contains sample tx 841
[2026-04-19T03:25:36.831Z INFO  worker::batch_maker] Batch ZvxBzmGewM0XH6xK51UAN8YWtlSFkfAJs7bjKWxliu4= contains 204800 B
[2026-04-19T03:25:36.883Z INFO  worker::batch_maker] Batch 3rvH/RfrogiY0vUdYheP24gPY7ndJtazI1EGOLRDGW4= contains sample tx 842
[2026-04-19T03:25:36.883Z INFO  worker::batch_maker] Batch 3rvH/RfrogiY0vUdYheP24gPY7ndJtazI1EGOLRDGW4= contains 204800 B
[2026-04-19T03:25:36.935Z INFO  worker::batch_maker] Batch eafw/VEY6RQtMGMGWZhz1iKha0adu5AZ0l1sf8IxUWc= contains sample tx 843
[2026-04-19T03:25:36.935Z INFO  worker::batch_maker] Batch eafw/VEY6RQtMGMGWZhz1iKha0adu5AZ0l1sf8IxUWc= contains 204800 B
[2026-04-19T03:25:36.988Z INFO  worker::batch_maker] Batch HuO7f9zVLFeg8xCrFcYZkWPNFGHeGnhZeD9KLvY1maA= contains sample tx 844
[2026-04-19T03:25:36.988Z INFO  worker::batch_maker] Batch HuO7f9zVLFeg8xCrFcYZkWPNFGHeGnhZeD9KLvY1maA= contains 204800 B
[2026-04-19T03:25:37.041Z INFO  worker::batch_maker] Batch Jh9xmu/YxauJwvadjmzOifaZYq09+RIdlTH18o5t+lA= contains sample tx 845
[2026-04-19T03:25:37.041Z INFO  worker::batch_maker] Batch Jh9xmu/YxauJwvadjmzOifaZYq09+RIdlTH18o5t+lA= contains 204800 B
[2026-04-19T03:25:37.094Z INFO  worker::batch_maker] Batch 2l+40NlhvlkF5U8lFSQPwmhrjhCQLEE6XwwV7VImIhU= contains sample tx 846
[2026-04-19T03:25:37.094Z INFO  worker::batch_maker] Batch 2l+40NlhvlkF5U8lFSQPwmhrjhCQLEE6XwwV7VImIhU= contains 204800 B
[2026-04-19T03:25:37.147Z INFO  worker::batch_maker] Batch cmlBYDyKcxOgPG4Lk6SQup1UdxMXXcNjQGgxS5KnWyo= contains sample tx 847
[2026-04-19T03:25:37.147Z INFO  worker::batch_maker] Batch cmlBYDyKcxOgPG4Lk6SQup1UdxMXXcNjQGgxS5KnWyo= contains 204800 B
[2026-04-19T03:25:37.201Z INFO  worker::batch_maker] Batch 7xy3+RftoJ8IpBmoLuYmYoiwb9PSo/cdkUteSfK4NW4= contains sample tx 848
[2026-04-19T03:25:37.201Z INFO  worker::batch_maker] Batch 7xy3+RftoJ8IpBmoLuYmYoiwb9PSo/cdkUteSfK4NW4= contains sample tx 849
[2026-04-19T03:25:37.201Z INFO  worker::batch_maker] Batch 7xy3+RftoJ8IpBmoLuYmYoiwb9PSo/cdkUteSfK4NW4= contains 275968 B
[2026-04-19T03:25:37.254Z INFO  worker::batch_maker] Batch rF1sFstGr9puLOfM60UKoGve3cKy8BTa89zDSejK5Hg= contains sample tx 850
[2026-04-19T03:25:37.254Z INFO  worker::batch_maker] Batch rF1sFstGr9puLOfM60UKoGve3cKy8BTa89zDSejK5Hg= contains 199168 B
[2026-04-19T03:25:37.310Z INFO  worker::batch_maker] Batch PDQjcSrMJVuVIrKKTi3u/tMh9GBZ2jLxApmBIMyEwy4= contains sample tx 851
[2026-04-19T03:25:37.310Z INFO  worker::batch_maker] Batch PDQjcSrMJVuVIrKKTi3u/tMh9GBZ2jLxApmBIMyEwy4= contains 344064 B
[2026-04-19T03:25:37.363Z INFO  worker::batch_maker] Batch pozkn5qQrLxbwm6gEw/1yBMY9G8Qugw0Zcu5f+SxJq4= contains sample tx 852
[2026-04-19T03:25:37.363Z INFO  worker::batch_maker] Batch pozkn5qQrLxbwm6gEw/1yBMY9G8Qugw0Zcu5f+SxJq4= contains 204800 B
[2026-04-19T03:25:37.416Z INFO  worker::batch_maker] Batch y6AKA2MkYnofZgf+yIge6pehOozt9e4n8GodlhiHXwU= contains sample tx 853
[2026-04-19T03:25:37.416Z INFO  worker::batch_maker] Batch y6AKA2MkYnofZgf+yIge6pehOozt9e4n8GodlhiHXwU= contains 204800 B
[2026-04-19T03:25:37.468Z INFO  worker::batch_maker] Batch fm2Nen4ks5oDJGVrGxOgmlmmlSG2tPHQdRmHNw7C6LQ= contains sample tx 854
[2026-04-19T03:25:37.468Z INFO  worker::batch_maker] Batch fm2Nen4ks5oDJGVrGxOgmlmmlSG2tPHQdRmHNw7C6LQ= contains 204800 B
[2026-04-19T03:25:37.523Z INFO  worker::batch_maker] Batch Vh2yk1NZGw0AhutuOscbYXTFDwwhC6GVZ9MM58KnN3g= contains sample tx 855
[2026-04-19T03:25:37.523Z INFO  worker::batch_maker] Batch Vh2yk1NZGw0AhutuOscbYXTFDwwhC6GVZ9MM58KnN3g= contains 204800 B
[2026-04-19T03:25:37.575Z INFO  worker::batch_maker] Batch qH0Nmla2hMkTVfID0pvTE7gy+GZOfzKxrzDjPQ+8UAs= contains sample tx 856
[2026-04-19T03:25:37.575Z INFO  worker::batch_maker] Batch qH0Nmla2hMkTVfID0pvTE7gy+GZOfzKxrzDjPQ+8UAs= contains 204800 B
[2026-04-19T03:25:37.628Z INFO  worker::batch_maker] Batch 3hbQtlVPKo124+2hXdvdCDlXGEhQn4bnCN7FmATQrlc= contains sample tx 857
[2026-04-19T03:25:37.629Z INFO  worker::batch_maker] Batch 3hbQtlVPKo124+2hXdvdCDlXGEhQn4bnCN7FmATQrlc= contains 204800 B
[2026-04-19T03:25:37.682Z INFO  worker::batch_maker] Batch 5wQBZMyzaAkmJLuI8aiA+fg/izMBi5zlwsK1nYOfdTw= contains sample tx 858
[2026-04-19T03:25:37.682Z INFO  worker::batch_maker] Batch 5wQBZMyzaAkmJLuI8aiA+fg/izMBi5zlwsK1nYOfdTw= contains 204800 B
[2026-04-19T03:25:37.735Z INFO  worker::batch_maker] Batch LIzilb2u1uEKzZmJWTlKTgykqT4Kfn7Y0h/GwnouZjg= contains sample tx 859
[2026-04-19T03:25:37.735Z INFO  worker::batch_maker] Batch LIzilb2u1uEKzZmJWTlKTgykqT4Kfn7Y0h/GwnouZjg= contains 204800 B
[2026-04-19T03:25:37.787Z INFO  worker::batch_maker] Batch couUL8VV06EDEZFJRHFQ+yplITg453/oj6/37jl3+6s= contains sample tx 860
[2026-04-19T03:25:37.788Z INFO  worker::batch_maker] Batch couUL8VV06EDEZFJRHFQ+yplITg453/oj6/37jl3+6s= contains 204800 B
[2026-04-19T03:25:37.841Z INFO  worker::batch_maker] Batch ByE45FLTm14XIP0OmtKPES70Bp8ip80fnTotYZP5dMY= contains sample tx 861
[2026-04-19T03:25:37.841Z INFO  worker::batch_maker] Batch ByE45FLTm14XIP0OmtKPES70Bp8ip80fnTotYZP5dMY= contains 204800 B
[2026-04-19T03:25:37.893Z INFO  worker::batch_maker] Batch ZBHAkroUplkk/ImzIIUu0q1XVw6Mo74KvJdlZHRZ1aU= contains sample tx 862
[2026-04-19T03:25:37.893Z INFO  worker::batch_maker] Batch ZBHAkroUplkk/ImzIIUu0q1XVw6Mo74KvJdlZHRZ1aU= contains 204800 B
[2026-04-19T03:25:37.946Z INFO  worker::batch_maker] Batch hnHcf8DOtj5VXaXiR240erwV/PEpn1WyFRDlil1kevc= contains sample tx 863
[2026-04-19T03:25:37.946Z INFO  worker::batch_maker] Batch hnHcf8DOtj5VXaXiR240erwV/PEpn1WyFRDlil1kevc= contains 204800 B
[2026-04-19T03:25:37.999Z INFO  worker::batch_maker] Batch 0bkw1Vu73B46JYp3lLawrHXhtR0/nnmjVUpV+uG/obE= contains sample tx 864
[2026-04-19T03:25:37.999Z INFO  worker::batch_maker] Batch 0bkw1Vu73B46JYp3lLawrHXhtR0/nnmjVUpV+uG/obE= contains 218112 B
[2026-04-19T03:25:38.052Z INFO  worker::batch_maker] Batch rbb01J84H0+ESBoN5DqfBJmE9X8D9h++UAifLASPeAc= contains sample tx 865
[2026-04-19T03:25:38.052Z INFO  worker::batch_maker] Batch rbb01J84H0+ESBoN5DqfBJmE9X8D9h++UAifLASPeAc= contains sample tx 866
[2026-04-19T03:25:38.052Z INFO  worker::batch_maker] Batch rbb01J84H0+ESBoN5DqfBJmE9X8D9h++UAifLASPeAc= contains 283648 B
[2026-04-19T03:25:38.107Z INFO  worker::batch_maker] Batch ENtCa43x18m/7GpxRV/e23QykqdeqepXymFpHBXVRs4= contains sample tx 867
[2026-04-19T03:25:38.107Z INFO  worker::batch_maker] Batch ENtCa43x18m/7GpxRV/e23QykqdeqepXymFpHBXVRs4= contains 317440 B
[2026-04-19T03:25:38.159Z INFO  worker::batch_maker] Batch MW4pzuhuiUnDSD+J6FDQ/SwR/1Asgvl9TCh7oySmddU= contains sample tx 868
[2026-04-19T03:25:38.159Z INFO  worker::batch_maker] Batch MW4pzuhuiUnDSD+J6FDQ/SwR/1Asgvl9TCh7oySmddU= contains 204800 B
[2026-04-19T03:25:38.212Z INFO  worker::batch_maker] Batch eHz9+lFdpnlOtGQGbJlbO3njdsYNTRCa5+EcBc46A7o= contains sample tx 869
[2026-04-19T03:25:38.212Z INFO  worker::batch_maker] Batch eHz9+lFdpnlOtGQGbJlbO3njdsYNTRCa5+EcBc46A7o= contains 204800 B
[2026-04-19T03:25:38.264Z INFO  worker::batch_maker] Batch KbYycMzKtOiPrrI1FF3+vDpOUV4ALsp58VIko8v3LE4= contains sample tx 870
[2026-04-19T03:25:38.264Z INFO  worker::batch_maker] Batch KbYycMzKtOiPrrI1FF3+vDpOUV4ALsp58VIko8v3LE4= contains 204800 B
[2026-04-19T03:25:38.318Z INFO  worker::batch_maker] Batch n+D6T+0vEb9iayG/Ze3PdvAH+1UXznrAPYFYtSmSBCs= contains sample tx 871
[2026-04-19T03:25:38.318Z INFO  worker::batch_maker] Batch n+D6T+0vEb9iayG/Ze3PdvAH+1UXznrAPYFYtSmSBCs= contains 204800 B
[2026-04-19T03:25:38.370Z INFO  worker::batch_maker] Batch FCt2K+VKllwc4vlKgw+XeEJffyIsjvPfBdIM6mIQd7k= contains sample tx 872
[2026-04-19T03:25:38.370Z INFO  worker::batch_maker] Batch FCt2K+VKllwc4vlKgw+XeEJffyIsjvPfBdIM6mIQd7k= contains 204800 B
[2026-04-19T03:25:38.422Z INFO  worker::batch_maker] Batch NYDyiP8E55Si/RJOtUIgGjmuuyzr+ZufN5CSVUlGj/U= contains sample tx 873
[2026-04-19T03:25:38.422Z INFO  worker::batch_maker] Batch NYDyiP8E55Si/RJOtUIgGjmuuyzr+ZufN5CSVUlGj/U= contains 204800 B
[2026-04-19T03:25:38.476Z INFO  worker::batch_maker] Batch NkoZFxOGYLpnubZ5GsLkbzlphFlt76ZudtpLhMw96WQ= contains sample tx 874
[2026-04-19T03:25:38.476Z INFO  worker::batch_maker] Batch NkoZFxOGYLpnubZ5GsLkbzlphFlt76ZudtpLhMw96WQ= contains 204800 B
[2026-04-19T03:25:38.530Z INFO  worker::batch_maker] Batch pNekQ899DuYn3/2CF02fI9YTW6RTTL5f1YCFsQZDPSI= contains sample tx 875
[2026-04-19T03:25:38.530Z INFO  worker::batch_maker] Batch pNekQ899DuYn3/2CF02fI9YTW6RTTL5f1YCFsQZDPSI= contains 204800 B
[2026-04-19T03:25:38.581Z INFO  worker::batch_maker] Batch 0XlJhYkj/HXzJtfc6KRr4Q1vPUYmHHPri8pe6mJaA4I= contains sample tx 876
[2026-04-19T03:25:38.581Z INFO  worker::batch_maker] Batch 0XlJhYkj/HXzJtfc6KRr4Q1vPUYmHHPri8pe6mJaA4I= contains 204800 B
[2026-04-19T03:25:38.635Z INFO  worker::batch_maker] Batch dsc1BhpbtXVMjRDlAabPtc7RLhiSHNnOEHYDtPLNYAg= contains sample tx 877
[2026-04-19T03:25:38.635Z INFO  worker::batch_maker] Batch dsc1BhpbtXVMjRDlAabPtc7RLhiSHNnOEHYDtPLNYAg= contains 204800 B
[2026-04-19T03:25:38.689Z INFO  worker::batch_maker] Batch UGLvEIbvSyYcbt+Jv62UV0WMSsc1SAQAkfUSdcz3YCk= contains sample tx 878
[2026-04-19T03:25:38.689Z INFO  worker::batch_maker] Batch UGLvEIbvSyYcbt+Jv62UV0WMSsc1SAQAkfUSdcz3YCk= contains 204800 B
[2026-04-19T03:25:38.741Z INFO  worker::batch_maker] Batch 7StOvbPq62hYg8kJeh3HPSJLihLQI+E6K0ym0XgPKUI= contains sample tx 879
[2026-04-19T03:25:38.741Z INFO  worker::batch_maker] Batch 7StOvbPq62hYg8kJeh3HPSJLihLQI+E6K0ym0XgPKUI= contains 204800 B
[2026-04-19T03:25:38.795Z INFO  worker::batch_maker] Batch K+1HtuCt/NqHayeAbH9OIFNI+XxT3L5bm3nC12/3ljw= contains sample tx 880
[2026-04-19T03:25:38.795Z INFO  worker::batch_maker] Batch K+1HtuCt/NqHayeAbH9OIFNI+XxT3L5bm3nC12/3ljw= contains 204800 B
[2026-04-19T03:25:38.848Z INFO  worker::batch_maker] Batch wSpFOQhpjGFVnHBTXBbvbfK7zc1cEJEyjJQj/PlnrYA= contains sample tx 881
[2026-04-19T03:25:38.848Z INFO  worker::batch_maker] Batch wSpFOQhpjGFVnHBTXBbvbfK7zc1cEJEyjJQj/PlnrYA= contains 204800 B
[2026-04-19T03:25:38.900Z INFO  worker::batch_maker] Batch kugG1GaL+QAjPVcf3/d+mysR5hCczw0Q3MN0P/Ldzrs= contains sample tx 882
[2026-04-19T03:25:38.900Z INFO  worker::batch_maker] Batch kugG1GaL+QAjPVcf3/d+mysR5hCczw0Q3MN0P/Ldzrs= contains sample tx 883
[2026-04-19T03:25:38.900Z INFO  worker::batch_maker] Batch kugG1GaL+QAjPVcf3/d+mysR5hCczw0Q3MN0P/Ldzrs= contains 273920 B
[2026-04-19T03:25:38.955Z INFO  worker::batch_maker] Batch YtKrCbIiRWpfWnbWMSElb+8CkmZt6DYOWEJPeMFhOa8= contains sample tx 884
[2026-04-19T03:25:38.955Z INFO  worker::batch_maker] Batch YtKrCbIiRWpfWnbWMSElb+8CkmZt6DYOWEJPeMFhOa8= contains 340480 B
[2026-04-19T03:25:39.007Z INFO  worker::batch_maker] Batch 6pAhgH17sxgbdmywMvxm8gwL27UdeDa1mpzQ8Hhdjio= contains sample tx 885
[2026-04-19T03:25:39.007Z INFO  worker::batch_maker] Batch 6pAhgH17sxgbdmywMvxm8gwL27UdeDa1mpzQ8Hhdjio= contains 204800 B
[2026-04-19T03:25:39.060Z INFO  worker::batch_maker] Batch THmF1LPV6V3z5QFWTnHkTdRcFqie3EYMTGJDGOVoiJo= contains sample tx 886
[2026-04-19T03:25:39.060Z INFO  worker::batch_maker] Batch THmF1LPV6V3z5QFWTnHkTdRcFqie3EYMTGJDGOVoiJo= contains 204800 B
[2026-04-19T03:25:39.113Z INFO  worker::batch_maker] Batch N85i6BSW5jbs8hazPRsaE9JAqK66arb0xCeXdydGC6w= contains sample tx 887
[2026-04-19T03:25:39.113Z INFO  worker::batch_maker] Batch N85i6BSW5jbs8hazPRsaE9JAqK66arb0xCeXdydGC6w= contains 204800 B
[2026-04-19T03:25:39.165Z INFO  worker::batch_maker] Batch s7X7s1Ysai5F35Jok8DoVrOBCg7OB6mUmimuhqa6hZg= contains sample tx 888
[2026-04-19T03:25:39.165Z INFO  worker::batch_maker] Batch s7X7s1Ysai5F35Jok8DoVrOBCg7OB6mUmimuhqa6hZg= contains 204800 B
[2026-04-19T03:25:39.217Z INFO  worker::batch_maker] Batch NaUv+/DQ9BG5+sIwXmoZUkdSlRUZuR2ZUuhShBKRd+w= contains sample tx 889
[2026-04-19T03:25:39.217Z INFO  worker::batch_maker] Batch NaUv+/DQ9BG5+sIwXmoZUkdSlRUZuR2ZUuhShBKRd+w= contains 204800 B
[2026-04-19T03:25:39.269Z INFO  worker::batch_maker] Batch HMGe8SjgsCur+SAmOO+XncH1rPG2LFeUzdgI9FMz+Ms= contains sample tx 890
[2026-04-19T03:25:39.269Z INFO  worker::batch_maker] Batch HMGe8SjgsCur+SAmOO+XncH1rPG2LFeUzdgI9FMz+Ms= contains 204800 B
[2026-04-19T03:25:39.322Z INFO  worker::batch_maker] Batch dlG5YQL3xCGOEFuSOSjm9JrHHsQZRniklNlHQ0RpITc= contains sample tx 891
[2026-04-19T03:25:39.322Z INFO  worker::batch_maker] Batch dlG5YQL3xCGOEFuSOSjm9JrHHsQZRniklNlHQ0RpITc= contains 204800 B
[2026-04-19T03:25:39.376Z INFO  worker::batch_maker] Batch 7E7oBiOyeashxNasD3M/J3xkofhcr94WKq1u50gWI4M= contains sample tx 892
[2026-04-19T03:25:39.376Z INFO  worker::batch_maker] Batch 7E7oBiOyeashxNasD3M/J3xkofhcr94WKq1u50gWI4M= contains 204800 B
[2026-04-19T03:25:39.428Z INFO  worker::batch_maker] Batch QvoNWvsOjK/6Gc4F/ylm25rbrFoHaTo7x4tERqeP1jY= contains sample tx 893
[2026-04-19T03:25:39.428Z INFO  worker::batch_maker] Batch QvoNWvsOjK/6Gc4F/ylm25rbrFoHaTo7x4tERqeP1jY= contains 204800 B
[2026-04-19T03:25:39.481Z INFO  worker::batch_maker] Batch xu7iANfoTvAV08RMYr9b0a5oE+fdjD1kbuZfnZISKfE= contains sample tx 894
[2026-04-19T03:25:39.481Z INFO  worker::batch_maker] Batch xu7iANfoTvAV08RMYr9b0a5oE+fdjD1kbuZfnZISKfE= contains 204800 B
[2026-04-19T03:25:39.532Z INFO  worker::batch_maker] Batch AfRjGO57BYFfCd1/24lugCaS/Xb0gVJe7RJUKkbO3vk= contains sample tx 895
[2026-04-19T03:25:39.532Z INFO  worker::batch_maker] Batch AfRjGO57BYFfCd1/24lugCaS/Xb0gVJe7RJUKkbO3vk= contains 204800 B
[2026-04-19T03:25:39.584Z INFO  worker::batch_maker] Batch oosM4VUfjYQsr8ZpR7K75I2suvXLphukAmXOUNVoL9M= contains sample tx 896
[2026-04-19T03:25:39.584Z INFO  worker::batch_maker] Batch oosM4VUfjYQsr8ZpR7K75I2suvXLphukAmXOUNVoL9M= contains 204800 B
[2026-04-19T03:25:39.638Z INFO  worker::batch_maker] Batch k8Die8pZIL68Yz1s0s193KiBD/2K0EnFj85ZStaEp+E= contains sample tx 897
[2026-04-19T03:25:39.638Z INFO  worker::batch_maker] Batch k8Die8pZIL68Yz1s0s193KiBD/2K0EnFj85ZStaEp+E= contains 204800 B
[2026-04-19T03:25:39.691Z INFO  worker::batch_maker] Batch dUsojkVIxJH1VfVhE8kx9yguqApBeVdGu5XARKOf/wk= contains sample tx 898
[2026-04-19T03:25:39.691Z INFO  worker::batch_maker] Batch dUsojkVIxJH1VfVhE8kx9yguqApBeVdGu5XARKOf/wk= contains 204800 B
[2026-04-19T03:25:39.744Z INFO  worker::batch_maker] Batch UPgAAXcm6LNVrhexXgf+iRknO869gI7XyfdFY0o3BPA= contains sample tx 899
[2026-04-19T03:25:39.744Z INFO  worker::batch_maker] Batch UPgAAXcm6LNVrhexXgf+iRknO869gI7XyfdFY0o3BPA= contains 204800 B
[2026-04-19T03:25:39.798Z INFO  worker::batch_maker] Batch M8qWBnBUJsgxWPpMh7zwVKZLlwI7mGYijLubKDbFUy0= contains sample tx 900
[2026-04-19T03:25:39.798Z INFO  worker::batch_maker] Batch M8qWBnBUJsgxWPpMh7zwVKZLlwI7mGYijLubKDbFUy0= contains 204800 B
[2026-04-19T03:25:39.851Z INFO  worker::batch_maker] Batch NHhZsWEQIo64tPGmHXsqdya4Kht1dthTBvgj8eP6dYg= contains sample tx 901
[2026-04-19T03:25:39.851Z INFO  worker::batch_maker] Batch NHhZsWEQIo64tPGmHXsqdya4Kht1dthTBvgj8eP6dYg= contains 225792 B
[2026-04-19T03:25:39.911Z INFO  worker::batch_maker] Batch oBnOdUwROtqWZnGqQLmb1ine+7hLp1v8PhiEFcON/Fs= contains sample tx 902
[2026-04-19T03:25:39.911Z INFO  worker::batch_maker] Batch oBnOdUwROtqWZnGqQLmb1ine+7hLp1v8PhiEFcON/Fs= contains sample tx 903
[2026-04-19T03:25:39.911Z INFO  worker::batch_maker] Batch oBnOdUwROtqWZnGqQLmb1ine+7hLp1v8PhiEFcON/Fs= contains 376320 B
[2026-04-19T03:25:39.966Z INFO  worker::batch_maker] Batch dEkYALKblLPirdeTBSEQ+FPpEArcmR1/RG1U1JYlGGI= contains sample tx 904
[2026-04-19T03:25:39.966Z INFO  worker::batch_maker] Batch dEkYALKblLPirdeTBSEQ+FPpEArcmR1/RG1U1JYlGGI= contains 217088 B
[2026-04-19T03:25:40.018Z INFO  worker::batch_maker] Batch h1Vj28zsNpiUH0mVW3NAINNL2K+D2170Em0PCtU53mU= contains sample tx 905
[2026-04-19T03:25:40.018Z INFO  worker::batch_maker] Batch h1Vj28zsNpiUH0mVW3NAINNL2K+D2170Em0PCtU53mU= contains 204800 B
[2026-04-19T03:25:40.070Z INFO  worker::batch_maker] Batch v4C8YANy67xWkryK27OS2BMQwFmEeK27VyQ1enfcdcw= contains sample tx 906
[2026-04-19T03:25:40.070Z INFO  worker::batch_maker] Batch v4C8YANy67xWkryK27OS2BMQwFmEeK27VyQ1enfcdcw= contains 204800 B
[2026-04-19T03:25:40.122Z INFO  worker::batch_maker] Batch QYhhwI1PUI8t6IigODHyst1BmsF8tF2GuEQlavCZj8Q= contains sample tx 907
[2026-04-19T03:25:40.122Z INFO  worker::batch_maker] Batch QYhhwI1PUI8t6IigODHyst1BmsF8tF2GuEQlavCZj8Q= contains 204800 B
[2026-04-19T03:25:40.174Z INFO  worker::batch_maker] Batch OwfcYawbIdP7KBsPNl65Fwx4QNGrn8DLHEtjzy5zZSs= contains sample tx 908
[2026-04-19T03:25:40.174Z INFO  worker::batch_maker] Batch OwfcYawbIdP7KBsPNl65Fwx4QNGrn8DLHEtjzy5zZSs= contains 204800 B
[2026-04-19T03:25:40.228Z INFO  worker::batch_maker] Batch NLmL0zaOgd0aOGQhQBJ7J/vLsBX6LxdyTXl0oUuCb5Y= contains sample tx 909
[2026-04-19T03:25:40.228Z INFO  worker::batch_maker] Batch NLmL0zaOgd0aOGQhQBJ7J/vLsBX6LxdyTXl0oUuCb5Y= contains 204800 B
[2026-04-19T03:25:40.282Z INFO  worker::batch_maker] Batch zEHU+XbOL7fcRaFMXiCsCPgD4xYSaWiYITcGCi543/U= contains sample tx 910
[2026-04-19T03:25:40.282Z INFO  worker::batch_maker] Batch zEHU+XbOL7fcRaFMXiCsCPgD4xYSaWiYITcGCi543/U= contains 204800 B
[2026-04-19T03:25:40.335Z INFO  worker::batch_maker] Batch Rtww5cV8UTX1IDI5II0lKBw3eYN5hEQ1EbWWLU5fLBk= contains sample tx 911
[2026-04-19T03:25:40.335Z INFO  worker::batch_maker] Batch Rtww5cV8UTX1IDI5II0lKBw3eYN5hEQ1EbWWLU5fLBk= contains 204800 B
[2026-04-19T03:25:40.388Z INFO  worker::batch_maker] Batch I+5SN59VHOG6rGD28AHVwJ07m/uHxvv7vhTyYdzGpF8= contains sample tx 912
[2026-04-19T03:25:40.388Z INFO  worker::batch_maker] Batch I+5SN59VHOG6rGD28AHVwJ07m/uHxvv7vhTyYdzGpF8= contains 204800 B
[2026-04-19T03:25:40.441Z INFO  worker::batch_maker] Batch 4PIYidd/ileRsFcrGrvpX6GByB2rmprusqfdSVEqFuQ= contains sample tx 913
[2026-04-19T03:25:40.441Z INFO  worker::batch_maker] Batch 4PIYidd/ileRsFcrGrvpX6GByB2rmprusqfdSVEqFuQ= contains 204800 B
[2026-04-19T03:25:40.495Z INFO  worker::batch_maker] Batch vdHh0sRIMGyiQSw0cWfH9NUzgZ+9f0O8HYo/5LSuu1E= contains sample tx 914
[2026-04-19T03:25:40.495Z INFO  worker::batch_maker] Batch vdHh0sRIMGyiQSw0cWfH9NUzgZ+9f0O8HYo/5LSuu1E= contains 204800 B
[2026-04-19T03:25:40.548Z INFO  worker::batch_maker] Batch 6dLCT1Qx0yJsp94hbgzyT4HYZsOh5pNnEQDIH9HEq7s= contains sample tx 915
[2026-04-19T03:25:40.566Z INFO  worker::batch_maker] Batch 6dLCT1Qx0yJsp94hbgzyT4HYZsOh5pNnEQDIH9HEq7s= contains 204800 B
[2026-04-19T03:25:40.620Z INFO  worker::batch_maker] Batch F96cXpUAzooR61q72pQm5AaSRT7KaeBi+KlguPXp9mY= contains sample tx 916
[2026-04-19T03:25:40.620Z INFO  worker::batch_maker] Batch F96cXpUAzooR61q72pQm5AaSRT7KaeBi+KlguPXp9mY= contains sample tx 917
[2026-04-19T03:25:40.620Z INFO  worker::batch_maker] Batch F96cXpUAzooR61q72pQm5AaSRT7KaeBi+KlguPXp9mY= contains 409600 B
[2026-04-19T03:25:40.673Z INFO  worker::batch_maker] Batch T1F8KaV12cw7eRXchshsxDaFmiMaHo+MErQIPLFEQn4= contains sample tx 918
[2026-04-19T03:25:40.673Z INFO  worker::batch_maker] Batch T1F8KaV12cw7eRXchshsxDaFmiMaHo+MErQIPLFEQn4= contains 204800 B
[2026-04-19T03:25:40.725Z INFO  worker::batch_maker] Batch OSoxvnKWgCwSn75VmGdHxZ//ho67n5Wo8jYvqCMswsE= contains sample tx 919
[2026-04-19T03:25:40.725Z INFO  worker::batch_maker] Batch OSoxvnKWgCwSn75VmGdHxZ//ho67n5Wo8jYvqCMswsE= contains 204800 B
[2026-04-19T03:25:40.776Z INFO  worker::batch_maker] Batch ZkfefupkGk2/wlFIg+/j1ZVE7bYY6+HR2+yjl5pdDKI= contains sample tx 920
[2026-04-19T03:25:40.776Z INFO  worker::batch_maker] Batch ZkfefupkGk2/wlFIg+/j1ZVE7bYY6+HR2+yjl5pdDKI= contains 204800 B
[2026-04-19T03:25:40.829Z INFO  worker::batch_maker] Batch V0E4DpU6i6TryndeRmWW0LEkD6vczuLeqq2TjvzmxSw= contains sample tx 921
[2026-04-19T03:25:40.829Z INFO  worker::batch_maker] Batch V0E4DpU6i6TryndeRmWW0LEkD6vczuLeqq2TjvzmxSw= contains 204800 B
[2026-04-19T03:25:40.880Z INFO  worker::batch_maker] Batch vxBDO7uTMjyNcahS+ckuwIFkludyl8ij1CL1NvsEqC8= contains sample tx 922
[2026-04-19T03:25:40.880Z INFO  worker::batch_maker] Batch vxBDO7uTMjyNcahS+ckuwIFkludyl8ij1CL1NvsEqC8= contains 204800 B
[2026-04-19T03:25:40.933Z INFO  worker::batch_maker] Batch jsGmhscxG1Ka6tKSDLoR6Mqf8C+x8ZQdoGhtzIlfWLo= contains sample tx 923
[2026-04-19T03:25:40.933Z INFO  worker::batch_maker] Batch jsGmhscxG1Ka6tKSDLoR6Mqf8C+x8ZQdoGhtzIlfWLo= contains 204800 B
[2026-04-19T03:25:40.986Z INFO  worker::batch_maker] Batch QZaFAkNDW/KxnGiQVOkRlcx/y7wqUGRuO946PVS5KXA= contains sample tx 924
[2026-04-19T03:25:40.986Z INFO  worker::batch_maker] Batch QZaFAkNDW/KxnGiQVOkRlcx/y7wqUGRuO946PVS5KXA= contains 204800 B
[2026-04-19T03:25:41.038Z INFO  worker::batch_maker] Batch FD3PSKnoOXShcSBhBTqOu0nvjX/KRbEv+tC7OWYnUaQ= contains sample tx 925
[2026-04-19T03:25:41.038Z INFO  worker::batch_maker] Batch FD3PSKnoOXShcSBhBTqOu0nvjX/KRbEv+tC7OWYnUaQ= contains 204800 B
[2026-04-19T03:25:41.090Z INFO  worker::batch_maker] Batch HnshvPqi6gsSv+anEKWlRefaJnRpkcd7dKnYn+U9GQw= contains sample tx 926
[2026-04-19T03:25:41.090Z INFO  worker::batch_maker] Batch HnshvPqi6gsSv+anEKWlRefaJnRpkcd7dKnYn+U9GQw= contains 204800 B
[2026-04-19T03:25:41.142Z INFO  worker::batch_maker] Batch WSQmXtQtS0xLMB+fm6twE7AsHCQTsbpQZh6BCutR3C8= contains sample tx 927
[2026-04-19T03:25:41.142Z INFO  worker::batch_maker] Batch WSQmXtQtS0xLMB+fm6twE7AsHCQTsbpQZh6BCutR3C8= contains 204800 B
[2026-04-19T03:25:41.194Z INFO  worker::batch_maker] Batch CVsILD7e88HXvpKvlZbdkMaK0i+xd3t1ryFWyhCEsCE= contains sample tx 928
[2026-04-19T03:25:41.194Z INFO  worker::batch_maker] Batch CVsILD7e88HXvpKvlZbdkMaK0i+xd3t1ryFWyhCEsCE= contains 204800 B
[2026-04-19T03:25:41.248Z INFO  worker::batch_maker] Batch dvtUhi7qU2Tefs88KCc8X920Fz4IZIGhYujE5vr0TuE= contains sample tx 929
[2026-04-19T03:25:41.248Z INFO  worker::batch_maker] Batch dvtUhi7qU2Tefs88KCc8X920Fz4IZIGhYujE5vr0TuE= contains 204800 B
[2026-04-19T03:25:41.303Z INFO  worker::batch_maker] Batch rCx/0N66zD+nJ9bBARTM7NRNSpmBKaJeUSj6ldt6XT4= contains sample tx 930
[2026-04-19T03:25:41.303Z INFO  worker::batch_maker] Batch rCx/0N66zD+nJ9bBARTM7NRNSpmBKaJeUSj6ldt6XT4= contains sample tx 931
[2026-04-19T03:25:41.303Z INFO  worker::batch_maker] Batch rCx/0N66zD+nJ9bBARTM7NRNSpmBKaJeUSj6ldt6XT4= contains 326656 B
[2026-04-19T03:25:41.357Z INFO  worker::batch_maker] Batch TwOwI83BELpaIA5ZLSyyCcyYWuPC5qveDYXQX2o71WM= contains 150528 B
[2026-04-19T03:25:41.432Z INFO  worker::batch_maker] Batch iAkSaxYLgtvtVMDXlteBw0EKnpeLSwJTXVRXI14U7CM= contains sample tx 932
[2026-04-19T03:25:41.432Z INFO  worker::batch_maker] Batch iAkSaxYLgtvtVMDXlteBw0EKnpeLSwJTXVRXI14U7CM= contains sample tx 933
[2026-04-19T03:25:41.432Z INFO  worker::batch_maker] Batch iAkSaxYLgtvtVMDXlteBw0EKnpeLSwJTXVRXI14U7CM= contains 342016 B
[2026-04-19T03:25:41.485Z INFO  worker::batch_maker] Batch 7K0z0NiD11V5tsCZqvZwn/EW//4T1k57xFNKb7JkVXo= contains sample tx 934
[2026-04-19T03:25:41.492Z INFO  worker::batch_maker] Batch 7K0z0NiD11V5tsCZqvZwn/EW//4T1k57xFNKb7JkVXo= contains 204800 B
[2026-04-19T03:25:41.546Z INFO  worker::batch_maker] Batch //Jg1nwNLaOTXzPcG8/yBAa0APmZSs90d7Ui+aATakw= contains sample tx 935
[2026-04-19T03:25:41.546Z INFO  worker::batch_maker] Batch //Jg1nwNLaOTXzPcG8/yBAa0APmZSs90d7Ui+aATakw= contains 204800 B
[2026-04-19T03:25:41.601Z INFO  worker::batch_maker] Batch T+7Ki6zfqLDTgMFZpMUymbfod3DiEfGv6Qvnp2Y05G4= contains sample tx 936
[2026-04-19T03:25:41.601Z INFO  worker::batch_maker] Batch T+7Ki6zfqLDTgMFZpMUymbfod3DiEfGv6Qvnp2Y05G4= contains 204800 B
[2026-04-19T03:25:41.655Z INFO  worker::batch_maker] Batch K8LLmyx8R98pWRAVpMl7VV9OAinpiiYjTgwucowbQY8= contains sample tx 937
[2026-04-19T03:25:41.655Z INFO  worker::batch_maker] Batch K8LLmyx8R98pWRAVpMl7VV9OAinpiiYjTgwucowbQY8= contains sample tx 938
[2026-04-19T03:25:41.655Z INFO  worker::batch_maker] Batch K8LLmyx8R98pWRAVpMl7VV9OAinpiiYjTgwucowbQY8= contains 409600 B
[2026-04-19T03:25:41.706Z INFO  worker::batch_maker] Batch ws3ttxoOpBw93BnAO8nJCN3nkbO9JmZgcXW/UsOMcNA= contains sample tx 939
[2026-04-19T03:25:41.706Z INFO  worker::batch_maker] Batch ws3ttxoOpBw93BnAO8nJCN3nkbO9JmZgcXW/UsOMcNA= contains 204800 B
[2026-04-19T03:25:41.759Z INFO  worker::batch_maker] Batch BVsTx+jrkmhmUZtOJFtP0ThRkuRRxOYVd2xpiBrkOPU= contains sample tx 940
[2026-04-19T03:25:41.759Z INFO  worker::batch_maker] Batch BVsTx+jrkmhmUZtOJFtP0ThRkuRRxOYVd2xpiBrkOPU= contains 204800 B
[2026-04-19T03:25:41.812Z INFO  worker::batch_maker] Batch bFLStNJ1vJnGeapQTrZkdcqQ7Qmq9202xKfMabZI9f0= contains sample tx 941
[2026-04-19T03:25:41.812Z INFO  worker::batch_maker] Batch bFLStNJ1vJnGeapQTrZkdcqQ7Qmq9202xKfMabZI9f0= contains 204800 B
[2026-04-19T03:25:41.866Z INFO  worker::batch_maker] Batch cfVb8mlrUzrXYhX46AOWCAKiJcY4jVpGp779nctley8= contains sample tx 942
[2026-04-19T03:25:41.866Z INFO  worker::batch_maker] Batch cfVb8mlrUzrXYhX46AOWCAKiJcY4jVpGp779nctley8= contains 204800 B
[2026-04-19T03:25:41.918Z INFO  worker::batch_maker] Batch b469xRe+vNyZCfE09oO7DI1FtfIdgXfT4Gu1ozFBvVY= contains sample tx 943
[2026-04-19T03:25:41.918Z INFO  worker::batch_maker] Batch b469xRe+vNyZCfE09oO7DI1FtfIdgXfT4Gu1ozFBvVY= contains 204800 B
[2026-04-19T03:25:41.972Z INFO  worker::batch_maker] Batch 2pT12zGQNm80GnEa7f8ledH0jQw7dm1R1sHjxwZJ/RY= contains sample tx 944
[2026-04-19T03:25:41.972Z INFO  worker::batch_maker] Batch 2pT12zGQNm80GnEa7f8ledH0jQw7dm1R1sHjxwZJ/RY= contains 204800 B
[2026-04-19T03:25:42.026Z INFO  worker::batch_maker] Batch rmZSIHzEfoGaqSbKmOBBml/gmlCc5YbOTXElNKpxKLM= contains sample tx 945
[2026-04-19T03:25:42.026Z INFO  worker::batch_maker] Batch rmZSIHzEfoGaqSbKmOBBml/gmlCc5YbOTXElNKpxKLM= contains 204800 B
[2026-04-19T03:25:42.079Z INFO  worker::batch_maker] Batch CVAKgnIiBuJHq1+OaT2WTACVyRvSnNTJlOHos7erdfU= contains sample tx 946
[2026-04-19T03:25:42.079Z INFO  worker::batch_maker] Batch CVAKgnIiBuJHq1+OaT2WTACVyRvSnNTJlOHos7erdfU= contains 204800 B
[2026-04-19T03:25:42.134Z INFO  worker::batch_maker] Batch EEsohmJOMVj0HA8EVZmE7tFZqWHwoykekiJ6sGuVlP0= contains sample tx 947
[2026-04-19T03:25:42.134Z INFO  worker::batch_maker] Batch EEsohmJOMVj0HA8EVZmE7tFZqWHwoykekiJ6sGuVlP0= contains 204800 B
[2026-04-19T03:25:42.186Z INFO  worker::batch_maker] Batch UaF//zd7s9rQjOZUA62zRdDj4vQmhyjBzeD9o3zKqjc= contains sample tx 948
[2026-04-19T03:25:42.186Z INFO  worker::batch_maker] Batch UaF//zd7s9rQjOZUA62zRdDj4vQmhyjBzeD9o3zKqjc= contains 204800 B
[2026-04-19T03:25:42.238Z INFO  worker::batch_maker] Batch b6u/cMJLzkH/hK7Mw7/XybtO4whPr2Qjs/3W4uiZdAQ= contains sample tx 949
[2026-04-19T03:25:42.238Z INFO  worker::batch_maker] Batch b6u/cMJLzkH/hK7Mw7/XybtO4whPr2Qjs/3W4uiZdAQ= contains 204800 B
[2026-04-19T03:25:42.291Z INFO  worker::batch_maker] Batch K5LIDf9s9yF1cSlE4OR1yW+15zIGWLgff2ATNfY10ZA= contains sample tx 950
[2026-04-19T03:25:42.291Z INFO  worker::batch_maker] Batch K5LIDf9s9yF1cSlE4OR1yW+15zIGWLgff2ATNfY10ZA= contains 204800 B
[2026-04-19T03:25:42.343Z INFO  worker::batch_maker] Batch ZyarRNsAUkbsohtcvIw8ykncd9Hby4gqmA2axr2aDvY= contains sample tx 951
[2026-04-19T03:25:42.343Z INFO  worker::batch_maker] Batch ZyarRNsAUkbsohtcvIw8ykncd9Hby4gqmA2axr2aDvY= contains 204800 B
[2026-04-19T03:25:42.396Z INFO  worker::batch_maker] Batch EA36TC9PZ5HCLRveMKNjassTbtJnk2POy+ryar/hLmc= contains sample tx 952
[2026-04-19T03:25:42.396Z INFO  worker::batch_maker] Batch EA36TC9PZ5HCLRveMKNjassTbtJnk2POy+ryar/hLmc= contains 204800 B
[2026-04-19T03:25:42.450Z INFO  worker::batch_maker] Batch EzSupcZwQ8ygDJWxDT7RoiUQaKeu4pUWt9JTRLOD7R4= contains sample tx 953
[2026-04-19T03:25:42.450Z INFO  worker::batch_maker] Batch EzSupcZwQ8ygDJWxDT7RoiUQaKeu4pUWt9JTRLOD7R4= contains 237568 B
[2026-04-19T03:25:42.508Z INFO  worker::batch_maker] Batch tQV96F/E835pNliRFhG4v5BSey3/NSCTmwLzHTfDlSc= contains sample tx 954
[2026-04-19T03:25:42.508Z INFO  worker::batch_maker] Batch tQV96F/E835pNliRFhG4v5BSey3/NSCTmwLzHTfDlSc= contains sample tx 955
[2026-04-19T03:25:42.508Z INFO  worker::batch_maker] Batch tQV96F/E835pNliRFhG4v5BSey3/NSCTmwLzHTfDlSc= contains 352256 B
[2026-04-19T03:25:42.561Z INFO  worker::batch_maker] Batch 13aYgeeJTwk2t346mc+JVknEVqOAeOOAEmkxFIuRf8k= contains sample tx 956
[2026-04-19T03:25:42.561Z INFO  worker::batch_maker] Batch 13aYgeeJTwk2t346mc+JVknEVqOAeOOAEmkxFIuRf8k= contains 229376 B
[2026-04-19T03:25:42.614Z INFO  worker::batch_maker] Batch rZPQGXrKUcPe5z2QJC2q6cYDlM7+i/AO3rI6XJUE3+w= contains sample tx 957
[2026-04-19T03:25:42.614Z INFO  worker::batch_maker] Batch rZPQGXrKUcPe5z2QJC2q6cYDlM7+i/AO3rI6XJUE3+w= contains 204800 B
[2026-04-19T03:25:42.667Z INFO  worker::batch_maker] Batch 1nt34wD2s9L3MQEM0pZ/gHYDWYUmJyPGhvbyhUTxM+I= contains sample tx 958
[2026-04-19T03:25:42.667Z INFO  worker::batch_maker] Batch 1nt34wD2s9L3MQEM0pZ/gHYDWYUmJyPGhvbyhUTxM+I= contains 204800 B
[2026-04-19T03:25:42.720Z INFO  worker::batch_maker] Batch /tHmKC5Z+RI6VCZAeG0q70R1O9frNGtM1pGyQkV7WV8= contains sample tx 959
[2026-04-19T03:25:42.720Z INFO  worker::batch_maker] Batch /tHmKC5Z+RI6VCZAeG0q70R1O9frNGtM1pGyQkV7WV8= contains 204800 B
[2026-04-19T03:25:42.773Z INFO  worker::batch_maker] Batch jbVNTK5f+yfJp9mPtHEeezYo8A5Ca8tZlmzlaVcwLb8= contains sample tx 960
[2026-04-19T03:25:42.773Z INFO  worker::batch_maker] Batch jbVNTK5f+yfJp9mPtHEeezYo8A5Ca8tZlmzlaVcwLb8= contains 204800 B
[2026-04-19T03:25:42.827Z INFO  worker::batch_maker] Batch ZgUSukeKw8aec11XVxoIsxw9ktBnxUKtkrf2DVnKSmE= contains sample tx 961
[2026-04-19T03:25:42.827Z INFO  worker::batch_maker] Batch ZgUSukeKw8aec11XVxoIsxw9ktBnxUKtkrf2DVnKSmE= contains 204800 B
[2026-04-19T03:25:42.879Z INFO  worker::batch_maker] Batch 5hLwf78efVfc8l3brL/HaDL2L8oK8kkOXCHAUmU8glA= contains sample tx 962
[2026-04-19T03:25:42.879Z INFO  worker::batch_maker] Batch 5hLwf78efVfc8l3brL/HaDL2L8oK8kkOXCHAUmU8glA= contains 204800 B
[2026-04-19T03:25:42.933Z INFO  worker::batch_maker] Batch KJyXh4peH1LRd7cCig/9ANh9sMfldgM30SiLuOI9Zsc= contains sample tx 963
[2026-04-19T03:25:42.933Z INFO  worker::batch_maker] Batch KJyXh4peH1LRd7cCig/9ANh9sMfldgM30SiLuOI9Zsc= contains 204800 B
[2026-04-19T03:25:42.987Z INFO  worker::batch_maker] Batch 0j1+GNGcK5kbriN0AXNWzUYgCHj/KbIukBcsKtByKRk= contains sample tx 964
[2026-04-19T03:25:42.987Z INFO  worker::batch_maker] Batch 0j1+GNGcK5kbriN0AXNWzUYgCHj/KbIukBcsKtByKRk= contains 204800 B
[2026-04-19T03:25:43.042Z INFO  worker::batch_maker] Batch +fk3Aj3ne/9FTrKK7wUM6I1IZ+iqlB6ta15j18Y2TuQ= contains sample tx 965
[2026-04-19T03:25:43.042Z INFO  worker::batch_maker] Batch +fk3Aj3ne/9FTrKK7wUM6I1IZ+iqlB6ta15j18Y2TuQ= contains 204800 B
[2026-04-19T03:25:43.095Z INFO  worker::batch_maker] Batch WrHirnKy++Uq62TREzqtyp3FMmNC+3qVFcewcaK9JM4= contains sample tx 966
[2026-04-19T03:25:43.095Z INFO  worker::batch_maker] Batch WrHirnKy++Uq62TREzqtyp3FMmNC+3qVFcewcaK9JM4= contains 204800 B
[2026-04-19T03:25:43.149Z INFO  worker::batch_maker] Batch 9MqCyoa6nq+xK0nb162mZjhN/v/5tSsL6e3mk1PyKEk= contains sample tx 967
[2026-04-19T03:25:43.149Z INFO  worker::batch_maker] Batch 9MqCyoa6nq+xK0nb162mZjhN/v/5tSsL6e3mk1PyKEk= contains 204800 B
[2026-04-19T03:25:43.203Z INFO  worker::batch_maker] Batch VVWWBuc+Hdz+JdPqqZDq/0vhPbnUY4RxvuaMP4ERM9U= contains sample tx 968
[2026-04-19T03:25:43.203Z INFO  worker::batch_maker] Batch VVWWBuc+Hdz+JdPqqZDq/0vhPbnUY4RxvuaMP4ERM9U= contains sample tx 969
[2026-04-19T03:25:43.203Z INFO  worker::batch_maker] Batch VVWWBuc+Hdz+JdPqqZDq/0vhPbnUY4RxvuaMP4ERM9U= contains 396800 B
[2026-04-19T03:25:43.256Z INFO  worker::batch_maker] Batch 40y1M4gyzOpixgKu1H9p+BeAgusRdGsutp7Sf7PfhSw= contains sample tx 970
[2026-04-19T03:25:43.256Z INFO  worker::batch_maker] Batch 40y1M4gyzOpixgKu1H9p+BeAgusRdGsutp7Sf7PfhSw= contains 217600 B
[2026-04-19T03:25:43.310Z INFO  worker::batch_maker] Batch DK5RUrUHCv+oUnztX8ZWdCl16xmK258f36BYfWPP10g= contains sample tx 971
[2026-04-19T03:25:43.310Z INFO  worker::batch_maker] Batch DK5RUrUHCv+oUnztX8ZWdCl16xmK258f36BYfWPP10g= contains 204800 B
[2026-04-19T03:25:43.363Z INFO  worker::batch_maker] Batch NpDqKFCUlDhbRUG4JbWi4BIiszqT9VcknieGtl52QDo= contains sample tx 972
[2026-04-19T03:25:43.363Z INFO  worker::batch_maker] Batch NpDqKFCUlDhbRUG4JbWi4BIiszqT9VcknieGtl52QDo= contains 204800 B
[2026-04-19T03:25:43.417Z INFO  worker::batch_maker] Batch le8Z8hnF5Zba5Nh/RyY4gRTWwK4w73pXgvDFf0sqM4k= contains sample tx 973
[2026-04-19T03:25:43.417Z INFO  worker::batch_maker] Batch le8Z8hnF5Zba5Nh/RyY4gRTWwK4w73pXgvDFf0sqM4k= contains 204800 B
[2026-04-19T03:25:43.470Z INFO  worker::batch_maker] Batch NpaM01/qgIzBb+1QaksyrGUlnslcWQuJZqFLJJC8C6g= contains sample tx 974
[2026-04-19T03:25:43.470Z INFO  worker::batch_maker] Batch NpaM01/qgIzBb+1QaksyrGUlnslcWQuJZqFLJJC8C6g= contains 204800 B
[2026-04-19T03:25:43.523Z INFO  worker::batch_maker] Batch XjDaUuLkSz2ZEIae+uUIEr1o1lJYF6nTzpoOsQvTR10= contains sample tx 975
[2026-04-19T03:25:43.523Z INFO  worker::batch_maker] Batch XjDaUuLkSz2ZEIae+uUIEr1o1lJYF6nTzpoOsQvTR10= contains 204800 B
[2026-04-19T03:25:43.576Z INFO  worker::batch_maker] Batch Qh+ZBQ361mnuS1OKcwvME8NQVlh3qEEIJybCEXRk190= contains sample tx 976
[2026-04-19T03:25:43.576Z INFO  worker::batch_maker] Batch Qh+ZBQ361mnuS1OKcwvME8NQVlh3qEEIJybCEXRk190= contains 204800 B
[2026-04-19T03:25:43.631Z INFO  worker::batch_maker] Batch x9KWQSr7I565K9yHwmQhoMLk/l6dNahJXwyRQ4fYH10= contains sample tx 977
[2026-04-19T03:25:43.631Z INFO  worker::batch_maker] Batch x9KWQSr7I565K9yHwmQhoMLk/l6dNahJXwyRQ4fYH10= contains 204800 B
[2026-04-19T03:25:43.683Z INFO  worker::batch_maker] Batch 5UcodQHjzCMjxxP5nzzn9TNjM+8xxCPXo0q1EDkFqKM= contains sample tx 978
[2026-04-19T03:25:43.683Z INFO  worker::batch_maker] Batch 5UcodQHjzCMjxxP5nzzn9TNjM+8xxCPXo0q1EDkFqKM= contains 204800 B
[2026-04-19T03:25:43.735Z INFO  worker::batch_maker] Batch T+/Ln9sswl+3OKk11HObib3pEgCIHdnrriYcptRCezo= contains sample tx 979
[2026-04-19T03:25:43.735Z INFO  worker::batch_maker] Batch T+/Ln9sswl+3OKk11HObib3pEgCIHdnrriYcptRCezo= contains 204800 B
[2026-04-19T03:25:43.788Z INFO  worker::batch_maker] Batch EWuoaGzy2emvZXW0P9uD02bedFh1COqK+LSuW/orWn4= contains sample tx 980
[2026-04-19T03:25:43.788Z INFO  worker::batch_maker] Batch EWuoaGzy2emvZXW0P9uD02bedFh1COqK+LSuW/orWn4= contains 204800 B
[2026-04-19T03:25:43.842Z INFO  worker::batch_maker] Batch V+W1xJago8Wbe3IDfZ+P8/8HJrKLTMt9gsH1rGGsbUI= contains sample tx 981
[2026-04-19T03:25:43.842Z INFO  worker::batch_maker] Batch V+W1xJago8Wbe3IDfZ+P8/8HJrKLTMt9gsH1rGGsbUI= contains 204800 B
[2026-04-19T03:25:43.895Z INFO  worker::batch_maker] Batch g3wXpkYYTFJ81CeNr3rkIYKdZDJaBWzD8sGo8q42To8= contains sample tx 982
[2026-04-19T03:25:43.895Z INFO  worker::batch_maker] Batch g3wXpkYYTFJ81CeNr3rkIYKdZDJaBWzD8sGo8q42To8= contains 204800 B
[2026-04-19T03:25:43.951Z INFO  worker::batch_maker] Batch UwsDaLOrtti9usXCjQFwCRJxpUuwLcEu6xsJ6FERTEA= contains sample tx 983
[2026-04-19T03:25:43.951Z INFO  worker::batch_maker] Batch UwsDaLOrtti9usXCjQFwCRJxpUuwLcEu6xsJ6FERTEA= contains 204800 B
[2026-04-19T03:25:44.004Z INFO  worker::batch_maker] Batch yYwx+rhaCzG4fL8R0oBmkFmG4We845zKX/lbTLbJcZo= contains sample tx 984
[2026-04-19T03:25:44.004Z INFO  worker::batch_maker] Batch yYwx+rhaCzG4fL8R0oBmkFmG4We845zKX/lbTLbJcZo= contains sample tx 985
[2026-04-19T03:25:44.004Z INFO  worker::batch_maker] Batch yYwx+rhaCzG4fL8R0oBmkFmG4We845zKX/lbTLbJcZo= contains 409600 B
[2026-04-19T03:25:44.059Z INFO  worker::batch_maker] Batch QWxWAl0YdNPpmlM/Axtryj9hHzDm3oJNzsrblCKQd0o= contains sample tx 986
[2026-04-19T03:25:44.059Z INFO  worker::batch_maker] Batch QWxWAl0YdNPpmlM/Axtryj9hHzDm3oJNzsrblCKQd0o= contains 204800 B
[2026-04-19T03:25:44.111Z INFO  worker::batch_maker] Batch eJp/UbFKCP8AgfpRBlsIijXGVZpwg5xlb9drPgej9gI= contains sample tx 987
[2026-04-19T03:25:44.111Z INFO  worker::batch_maker] Batch eJp/UbFKCP8AgfpRBlsIijXGVZpwg5xlb9drPgej9gI= contains 204800 B
[2026-04-19T03:25:44.163Z INFO  worker::batch_maker] Batch o29RZLiOeiu/QNGZCQlshpaxu8gxgLXoWYpSWVr1IF8= contains sample tx 988
[2026-04-19T03:25:44.163Z INFO  worker::batch_maker] Batch o29RZLiOeiu/QNGZCQlshpaxu8gxgLXoWYpSWVr1IF8= contains 204800 B
[2026-04-19T03:25:44.216Z INFO  worker::batch_maker] Batch dl+t5dfu3FXAzQnMRL1FzX+CyvjMUWXuUHPzACf6kgU= contains sample tx 989
[2026-04-19T03:25:44.216Z INFO  worker::batch_maker] Batch dl+t5dfu3FXAzQnMRL1FzX+CyvjMUWXuUHPzACf6kgU= contains 204800 B
[2026-04-19T03:25:44.269Z INFO  worker::batch_maker] Batch dvNXCBegRsLLHSLVJLuiKooSmvsSWVVC2lD/qeG4JFE= contains sample tx 990
[2026-04-19T03:25:44.269Z INFO  worker::batch_maker] Batch dvNXCBegRsLLHSLVJLuiKooSmvsSWVVC2lD/qeG4JFE= contains 204800 B
[2026-04-19T03:25:44.323Z INFO  worker::batch_maker] Batch PVahXk5CNcx0R/8HwBzOFKWEgrr7VLJjGt7qUmE6Vug= contains sample tx 991
[2026-04-19T03:25:44.323Z INFO  worker::batch_maker] Batch PVahXk5CNcx0R/8HwBzOFKWEgrr7VLJjGt7qUmE6Vug= contains 204800 B
[2026-04-19T03:25:44.377Z INFO  worker::batch_maker] Batch IGhETTzECUFKtt6xshH7jFvkcsS1PY9Nu/wwZ4ApVTY= contains sample tx 992
[2026-04-19T03:25:44.377Z INFO  worker::batch_maker] Batch IGhETTzECUFKtt6xshH7jFvkcsS1PY9Nu/wwZ4ApVTY= contains 204800 B
[2026-04-19T03:25:44.429Z INFO  worker::batch_maker] Batch /FaMnD5+VOwsiDWVhg95weGjPiBDxcdtwbGEngjc6Kc= contains sample tx 993
[2026-04-19T03:25:44.429Z INFO  worker::batch_maker] Batch /FaMnD5+VOwsiDWVhg95weGjPiBDxcdtwbGEngjc6Kc= contains 204800 B
[2026-04-19T03:25:44.482Z INFO  worker::batch_maker] Batch gZGMAYxvfKMXpTV0ONhEGGKcoLbx8f8y4lQqQWhtQAg= contains sample tx 994
[2026-04-19T03:25:44.482Z INFO  worker::batch_maker] Batch gZGMAYxvfKMXpTV0ONhEGGKcoLbx8f8y4lQqQWhtQAg= contains 204800 B
[2026-04-19T03:25:44.536Z INFO  worker::batch_maker] Batch ceUESNSfkgeSjBoXbYjICrtHlrqdJdFel1OfefcbAmY= contains sample tx 995
[2026-04-19T03:25:44.536Z INFO  worker::batch_maker] Batch ceUESNSfkgeSjBoXbYjICrtHlrqdJdFel1OfefcbAmY= contains 204800 B
[2026-04-19T03:25:44.588Z INFO  worker::batch_maker] Batch PwmUkykJLfYAr3qzvREDgFYfcg3y59fqb68L6onx9Uk= contains sample tx 996
[2026-04-19T03:25:44.588Z INFO  worker::batch_maker] Batch PwmUkykJLfYAr3qzvREDgFYfcg3y59fqb68L6onx9Uk= contains 204800 B
[2026-04-19T03:25:44.640Z INFO  worker::batch_maker] Batch W+adSrHIQuPxiVqc6vt0ojcmBZ/KRUptLB/gl9DO8Rs= contains sample tx 997
[2026-04-19T03:25:44.640Z INFO  worker::batch_maker] Batch W+adSrHIQuPxiVqc6vt0ojcmBZ/KRUptLB/gl9DO8Rs= contains 204800 B
[2026-04-19T03:25:44.696Z INFO  worker::batch_maker] Batch BFbrbmRVeJeZjxaeSGhdmvJuZWkfkjnWbR/ZEtfZ67c= contains sample tx 998
[2026-04-19T03:25:44.696Z INFO  worker::batch_maker] Batch BFbrbmRVeJeZjxaeSGhdmvJuZWkfkjnWbR/ZEtfZ67c= contains 204800 B
[2026-04-19T03:25:44.747Z INFO  worker::batch_maker] Batch NnNIWuwvZJqCfuzNKtX6oF4ShpEm5YmyWwQ4dusWqbQ= contains sample tx 999
[2026-04-19T03:25:44.747Z INFO  worker::batch_maker] Batch NnNIWuwvZJqCfuzNKtX6oF4ShpEm5YmyWwQ4dusWqbQ= contains 204800 B
[2026-04-19T03:25:44.801Z INFO  worker::batch_maker] Batch IeTBASFCh+KdMOBmg4EmoJygmcqy8VEv+5u5KLsCuQ4= contains sample tx 1000
[2026-04-19T03:25:44.801Z INFO  worker::batch_maker] Batch IeTBASFCh+KdMOBmg4EmoJygmcqy8VEv+5u5KLsCuQ4= contains sample tx 1001
[2026-04-19T03:25:44.801Z INFO  worker::batch_maker] Batch IeTBASFCh+KdMOBmg4EmoJygmcqy8VEv+5u5KLsCuQ4= contains 309760 B
[2026-04-19T03:25:44.853Z INFO  worker::batch_maker] Batch C4Mvodhr373BfWY6PcDldi6LP+cYrZ6yphVa+/f2ktM= contains sample tx 1002
[2026-04-19T03:25:44.853Z INFO  worker::batch_maker] Batch C4Mvodhr373BfWY6PcDldi6LP+cYrZ6yphVa+/f2ktM= contains 304640 B
[2026-04-19T03:25:44.905Z INFO  worker::batch_maker] Batch 4924SBQs7lYIQ9J0nJ7qR4ejg2FdRhV+Lpjhc+fePwU= contains sample tx 1003
[2026-04-19T03:25:44.905Z INFO  worker::batch_maker] Batch 4924SBQs7lYIQ9J0nJ7qR4ejg2FdRhV+Lpjhc+fePwU= contains 204800 B
[2026-04-19T03:25:44.956Z INFO  worker::batch_maker] Batch cZ4/afEEDjU4rN+ktAIg/FApm/qWQ7oK/NgEjCrkiWg= contains sample tx 1004
[2026-04-19T03:25:44.956Z INFO  worker::batch_maker] Batch cZ4/afEEDjU4rN+ktAIg/FApm/qWQ7oK/NgEjCrkiWg= contains 204800 B
[2026-04-19T03:25:45.009Z INFO  worker::batch_maker] Batch K917hYqn7lVz9gPJJ7YUkAy+q8DXa7Xn9Ui+TX20+pQ= contains sample tx 1005
[2026-04-19T03:25:45.009Z INFO  worker::batch_maker] Batch K917hYqn7lVz9gPJJ7YUkAy+q8DXa7Xn9Ui+TX20+pQ= contains 204800 B
[2026-04-19T03:25:45.060Z INFO  worker::batch_maker] Batch 3lfSr8BJrRBTxvNVwwI+eO9FCVlmx9e1W1q4yk5+E2Y= contains sample tx 1006
[2026-04-19T03:25:45.060Z INFO  worker::batch_maker] Batch 3lfSr8BJrRBTxvNVwwI+eO9FCVlmx9e1W1q4yk5+E2Y= contains 204800 B
[2026-04-19T03:25:45.113Z INFO  worker::batch_maker] Batch m7KotjF14JVIodt0/CGvYHqBi0+GBM2ruahlu5U6T1Y= contains sample tx 1007
[2026-04-19T03:25:45.113Z INFO  worker::batch_maker] Batch m7KotjF14JVIodt0/CGvYHqBi0+GBM2ruahlu5U6T1Y= contains 204800 B
[2026-04-19T03:25:45.166Z INFO  worker::batch_maker] Batch RI14Tgw6WaM+2n/aIFWahE+IcH9FRkuJtrPGF8Cbal8= contains sample tx 1008
[2026-04-19T03:25:45.166Z INFO  worker::batch_maker] Batch RI14Tgw6WaM+2n/aIFWahE+IcH9FRkuJtrPGF8Cbal8= contains 204800 B
[2026-04-19T03:25:45.218Z INFO  worker::batch_maker] Batch 3guFsCc6jyrcaRuTHdcxCXDyaZ5mGl98eyhLVBFhs2k= contains sample tx 1009
[2026-04-19T03:25:45.218Z INFO  worker::batch_maker] Batch 3guFsCc6jyrcaRuTHdcxCXDyaZ5mGl98eyhLVBFhs2k= contains 204800 B
[2026-04-19T03:25:45.270Z INFO  worker::batch_maker] Batch vMF0nfvOkBTqXvjvWWdvOdS9hxnmBpm8qvjNcFtVXoo= contains sample tx 1010
[2026-04-19T03:25:45.270Z INFO  worker::batch_maker] Batch vMF0nfvOkBTqXvjvWWdvOdS9hxnmBpm8qvjNcFtVXoo= contains 204800 B
[2026-04-19T03:25:45.323Z INFO  worker::batch_maker] Batch q2qyheNDkCsRgaZtaghImCRpMMp7JD5Zrh4MMK0aAug= contains sample tx 1011
[2026-04-19T03:25:45.323Z INFO  worker::batch_maker] Batch q2qyheNDkCsRgaZtaghImCRpMMp7JD5Zrh4MMK0aAug= contains 204800 B
[2026-04-19T03:25:45.376Z INFO  worker::batch_maker] Batch /gfAYvSMVDxKXYjjwpncLu24luxupgdOBkvYv3b7OCY= contains sample tx 1012
[2026-04-19T03:25:45.376Z INFO  worker::batch_maker] Batch /gfAYvSMVDxKXYjjwpncLu24luxupgdOBkvYv3b7OCY= contains 204800 B
[2026-04-19T03:25:45.428Z INFO  worker::batch_maker] Batch BglvLbTqbYQ4V0V1anGYt0BO8QVcTErcpuAnit1h0ME= contains sample tx 1013
[2026-04-19T03:25:45.428Z INFO  worker::batch_maker] Batch BglvLbTqbYQ4V0V1anGYt0BO8QVcTErcpuAnit1h0ME= contains 204800 B
[2026-04-19T03:25:45.482Z INFO  worker::batch_maker] Batch YanFduoGsK+/OJojcwp9MHnGwFAWjT5McEzGGkn6fcU= contains sample tx 1014
[2026-04-19T03:25:45.482Z INFO  worker::batch_maker] Batch YanFduoGsK+/OJojcwp9MHnGwFAWjT5McEzGGkn6fcU= contains 204800 B
[2026-04-19T03:25:45.533Z INFO  worker::batch_maker] Batch TplHhf4OFzgo/inPfZN3MKArlIiDzOLhKG1z+2ucRTw= contains sample tx 1015
[2026-04-19T03:25:45.533Z INFO  worker::batch_maker] Batch TplHhf4OFzgo/inPfZN3MKArlIiDzOLhKG1z+2ucRTw= contains 204800 B
[2026-04-19T03:25:45.586Z INFO  worker::batch_maker] Batch dVvKjrXZP2pQvAyJKVjaTvW/u4rG1elm2kSOwmlrKcM= contains sample tx 1016
[2026-04-19T03:25:45.586Z INFO  worker::batch_maker] Batch dVvKjrXZP2pQvAyJKVjaTvW/u4rG1elm2kSOwmlrKcM= contains 204800 B
[2026-04-19T03:25:45.639Z INFO  worker::batch_maker] Batch quz6f+Pw2Vh4ZTGwkZjP8u0bVhyEcousi54QXv+ki6g= contains sample tx 1017
[2026-04-19T03:25:45.639Z INFO  worker::batch_maker] Batch quz6f+Pw2Vh4ZTGwkZjP8u0bVhyEcousi54QXv+ki6g= contains 204800 B
[2026-04-19T03:25:45.691Z INFO  worker::batch_maker] Batch JcgLPR60eD7Wv1bIyUs/nu0YhEwBltldJ7bGgUz8+5s= contains sample tx 1018
[2026-04-19T03:25:45.691Z INFO  worker::batch_maker] Batch JcgLPR60eD7Wv1bIyUs/nu0YhEwBltldJ7bGgUz8+5s= contains 204800 B
[2026-04-19T03:25:45.744Z INFO  worker::batch_maker] Batch MR/Ft29abWbocR137aeG8Rz/uXKDCw/OrlaJGEPGdLs= contains sample tx 1019
[2026-04-19T03:25:45.745Z INFO  worker::batch_maker] Batch MR/Ft29abWbocR137aeG8Rz/uXKDCw/OrlaJGEPGdLs= contains 204800 B
[2026-04-19T03:25:45.797Z INFO  worker::batch_maker] Batch h4Pb/9qF09u8jKsTOXgoxoGD+h5ghjcP1nTPxn0cTjo= contains sample tx 1020
[2026-04-19T03:25:45.797Z INFO  worker::batch_maker] Batch h4Pb/9qF09u8jKsTOXgoxoGD+h5ghjcP1nTPxn0cTjo= contains 204800 B
[2026-04-19T03:25:45.850Z INFO  worker::batch_maker] Batch T2ghIFMvSeBYNxGvzOva45Mts7Wf6NKw/Qv5QJFe0vw= contains sample tx 1021
[2026-04-19T03:25:45.850Z INFO  worker::batch_maker] Batch T2ghIFMvSeBYNxGvzOva45Mts7Wf6NKw/Qv5QJFe0vw= contains 223744 B
[2026-04-19T03:25:45.904Z INFO  worker::batch_maker] Batch w6S0AtJybg5nJD0nU2GIyqGmHZuNGNQnRj25N3ix1dg= contains sample tx 1022
[2026-04-19T03:25:45.904Z INFO  worker::batch_maker] Batch w6S0AtJybg5nJD0nU2GIyqGmHZuNGNQnRj25N3ix1dg= contains sample tx 1023
[2026-04-19T03:25:45.904Z INFO  worker::batch_maker] Batch w6S0AtJybg5nJD0nU2GIyqGmHZuNGNQnRj25N3ix1dg= contains 390656 B
[2026-04-19T03:25:45.957Z INFO  worker::batch_maker] Batch N1lTroOptUBCXg4WUwKp79pLRwVe6FEODv9OueIBCLc= contains sample tx 1024
[2026-04-19T03:25:45.957Z INFO  worker::batch_maker] Batch N1lTroOptUBCXg4WUwKp79pLRwVe6FEODv9OueIBCLc= contains 204800 B
[2026-04-19T03:25:46.011Z INFO  worker::batch_maker] Batch 9Gp8eHk+94uvQ/mbSpjxsCNyg7CJMcXBF8UppizLzRY= contains sample tx 1025
[2026-04-19T03:25:46.011Z INFO  worker::batch_maker] Batch 9Gp8eHk+94uvQ/mbSpjxsCNyg7CJMcXBF8UppizLzRY= contains 204800 B
[2026-04-19T03:25:46.063Z INFO  worker::batch_maker] Batch C6laSd3uTB5c3xZNtmBv2MCzW1WLkcXhEmlZ0/VocZA= contains sample tx 1026
[2026-04-19T03:25:46.063Z INFO  worker::batch_maker] Batch C6laSd3uTB5c3xZNtmBv2MCzW1WLkcXhEmlZ0/VocZA= contains 152576 B
[2026-04-19T03:25:46.115Z INFO  worker::batch_maker] Batch jLDnuhxCHxOJTPY35oMzGL9Xb93bQv1htKx63lv/4DA= contains sample tx 1027
[2026-04-19T03:25:46.115Z INFO  worker::batch_maker] Batch jLDnuhxCHxOJTPY35oMzGL9Xb93bQv1htKx63lv/4DA= contains 257024 B
[2026-04-19T03:25:46.167Z INFO  worker::batch_maker] Batch lYXmevKBle43wUIp6UTg1/O8uFKG+uwuzNU7qpBYZ5s= contains sample tx 1028
[2026-04-19T03:25:46.167Z INFO  worker::batch_maker] Batch lYXmevKBle43wUIp6UTg1/O8uFKG+uwuzNU7qpBYZ5s= contains 204800 B
[2026-04-19T03:25:46.220Z INFO  worker::batch_maker] Batch oJH93Le16N5JRFnqRjBGyAOBubyYv8SML6w8kVR24bI= contains sample tx 1029
[2026-04-19T03:25:46.220Z INFO  worker::batch_maker] Batch oJH93Le16N5JRFnqRjBGyAOBubyYv8SML6w8kVR24bI= contains 204800 B
[2026-04-19T03:25:46.273Z INFO  worker::batch_maker] Batch Yi/hDhGHoa371k1DrUnPHIudXUOTwJFfcfCiTceh29Q= contains sample tx 1030
[2026-04-19T03:25:46.274Z INFO  worker::batch_maker] Batch Yi/hDhGHoa371k1DrUnPHIudXUOTwJFfcfCiTceh29Q= contains 204800 B
[2026-04-19T03:25:46.327Z INFO  worker::batch_maker] Batch v0TXNXIoLg/KJ24cz9C1Ufka6HZ4lxEL1lSPpjciULM= contains sample tx 1031
[2026-04-19T03:25:46.327Z INFO  worker::batch_maker] Batch v0TXNXIoLg/KJ24cz9C1Ufka6HZ4lxEL1lSPpjciULM= contains 204800 B
[2026-04-19T03:25:46.382Z INFO  worker::batch_maker] Batch iQW4cv/ojIC8zzLyeU2bXSyG9AomQrirgvB+MQF730c= contains sample tx 1032
[2026-04-19T03:25:46.382Z INFO  worker::batch_maker] Batch iQW4cv/ojIC8zzLyeU2bXSyG9AomQrirgvB+MQF730c= contains 204800 B
[2026-04-19T03:25:46.434Z INFO  worker::batch_maker] Batch S9dcOsun909bQpWQFt4jU6lOfnfitVaf+utGXGMRApY= contains sample tx 1033
[2026-04-19T03:25:46.435Z INFO  worker::batch_maker] Batch S9dcOsun909bQpWQFt4jU6lOfnfitVaf+utGXGMRApY= contains 204800 B
[2026-04-19T03:25:46.488Z INFO  worker::batch_maker] Batch m5tDx1S9aRHt9zZXFled+jTyrEFQgerqMe6kNuTIO7Y= contains sample tx 1034
[2026-04-19T03:25:46.488Z INFO  worker::batch_maker] Batch m5tDx1S9aRHt9zZXFled+jTyrEFQgerqMe6kNuTIO7Y= contains 204800 B
[2026-04-19T03:25:46.540Z INFO  worker::batch_maker] Batch GJaOkV99YKKKAZ8RdMC7tfTrJLXsxX6c1w77/AZjOQU= contains sample tx 1035
[2026-04-19T03:25:46.540Z INFO  worker::batch_maker] Batch GJaOkV99YKKKAZ8RdMC7tfTrJLXsxX6c1w77/AZjOQU= contains 204800 B
[2026-04-19T03:25:46.593Z INFO  worker::batch_maker] Batch sYLBi3fV/sKi+Pfj4Mrwq+VIsy6d+j69+mYuVgEfH3s= contains sample tx 1036
[2026-04-19T03:25:46.593Z INFO  worker::batch_maker] Batch sYLBi3fV/sKi+Pfj4Mrwq+VIsy6d+j69+mYuVgEfH3s= contains 204800 B
[2026-04-19T03:25:46.647Z INFO  worker::batch_maker] Batch 2q+nhu0aGCfwMhkcAKQNNK66utrjckXGaWXok1jpQDw= contains sample tx 1037
[2026-04-19T03:25:46.647Z INFO  worker::batch_maker] Batch 2q+nhu0aGCfwMhkcAKQNNK66utrjckXGaWXok1jpQDw= contains 204800 B
[2026-04-19T03:25:46.701Z INFO  worker::batch_maker] Batch YLMyKrvOQeYDsoq3FKu/aIRSnwWFM4iLCwG6X/Xl1+I= contains sample tx 1038
[2026-04-19T03:25:46.701Z INFO  worker::batch_maker] Batch YLMyKrvOQeYDsoq3FKu/aIRSnwWFM4iLCwG6X/Xl1+I= contains 207360 B
[2026-04-19T03:25:46.754Z INFO  worker::batch_maker] Batch IQgNbDKpNiLZtOvT+sf9VgE9TvhI34q6MQOmVazEut0= contains sample tx 1039
[2026-04-19T03:25:46.754Z INFO  worker::batch_maker] Batch IQgNbDKpNiLZtOvT+sf9VgE9TvhI34q6MQOmVazEut0= contains sample tx 1040
[2026-04-19T03:25:46.754Z INFO  worker::batch_maker] Batch IQgNbDKpNiLZtOvT+sf9VgE9TvhI34q6MQOmVazEut0= contains 407040 B
[2026-04-19T03:25:46.807Z INFO  worker::batch_maker] Batch E+yhvn+cYz4GPYN3KwaqroCmUlmfInY/X/AJnOjt+f4= contains sample tx 1041
[2026-04-19T03:25:46.807Z INFO  worker::batch_maker] Batch E+yhvn+cYz4GPYN3KwaqroCmUlmfInY/X/AJnOjt+f4= contains 204800 B
[2026-04-19T03:25:46.859Z INFO  worker::batch_maker] Batch cg3xyTFm11bRy1J5mXHLF59txvorXVt7P+w9fyabuyg= contains sample tx 1042
[2026-04-19T03:25:46.860Z INFO  worker::batch_maker] Batch cg3xyTFm11bRy1J5mXHLF59txvorXVt7P+w9fyabuyg= contains 204800 B
[2026-04-19T03:25:46.912Z INFO  worker::batch_maker] Batch vK5bWJEpoR4LX0/sme2V6XZvnuphKFQLFolwxQg4JhA= contains sample tx 1043
[2026-04-19T03:25:46.912Z INFO  worker::batch_maker] Batch vK5bWJEpoR4LX0/sme2V6XZvnuphKFQLFolwxQg4JhA= contains 204800 B
[2026-04-19T03:25:46.965Z INFO  worker::batch_maker] Batch 2nR/mrsvL3ssNTAlPpdWKGF1aoPW3ul+vnbB6gAlkxk= contains sample tx 1044
[2026-04-19T03:25:46.965Z INFO  worker::batch_maker] Batch 2nR/mrsvL3ssNTAlPpdWKGF1aoPW3ul+vnbB6gAlkxk= contains 168960 B
[2026-04-19T03:25:47.018Z INFO  worker::batch_maker] Batch ZUyn6YRqfRCspJQugbLHR8gWx0szmlmGOsslY9cAkAc= contains sample tx 1045
[2026-04-19T03:25:47.018Z INFO  worker::batch_maker] Batch ZUyn6YRqfRCspJQugbLHR8gWx0szmlmGOsslY9cAkAc= contains 240640 B
[2026-04-19T03:25:47.070Z INFO  worker::batch_maker] Batch fJn+pPXn1C2ju/G4TP8lgpsRFkWomojiYdyENkuXEeA= contains sample tx 1046
[2026-04-19T03:25:47.070Z INFO  worker::batch_maker] Batch fJn+pPXn1C2ju/G4TP8lgpsRFkWomojiYdyENkuXEeA= contains 204800 B
[2026-04-19T03:25:47.123Z INFO  worker::batch_maker] Batch 6wNcwLsPzi0PROBtMET7F6egq3Cy6AzzLvuWrOWaf1s= contains sample tx 1047
[2026-04-19T03:25:47.123Z INFO  worker::batch_maker] Batch 6wNcwLsPzi0PROBtMET7F6egq3Cy6AzzLvuWrOWaf1s= contains 204800 B
[2026-04-19T03:25:47.175Z INFO  worker::batch_maker] Batch CyF/zX2oYbRI3JBaAhVLHoYWObPfCjJZrFbgSxII6e4= contains sample tx 1048
[2026-04-19T03:25:47.175Z INFO  worker::batch_maker] Batch CyF/zX2oYbRI3JBaAhVLHoYWObPfCjJZrFbgSxII6e4= contains 204800 B
[2026-04-19T03:25:47.228Z INFO  worker::batch_maker] Batch wW37z4ooBdtIOfErS1PLo+gAQJ0tNkxAZnDWsyD9p3Y= contains sample tx 1049
[2026-04-19T03:25:47.228Z INFO  worker::batch_maker] Batch wW37z4ooBdtIOfErS1PLo+gAQJ0tNkxAZnDWsyD9p3Y= contains 204800 B
[2026-04-19T03:25:47.280Z INFO  worker::batch_maker] Batch YuQy8yUWmHxQnsxWL2SE6cOiWfKivei3oFi6J71/K0o= contains sample tx 1050
[2026-04-19T03:25:47.280Z INFO  worker::batch_maker] Batch YuQy8yUWmHxQnsxWL2SE6cOiWfKivei3oFi6J71/K0o= contains 204800 B
[2026-04-19T03:25:47.333Z INFO  worker::batch_maker] Batch IwquyDPhTWmiv3OXErqa15rwAhz+AVxmp4bjcSnhzzo= contains sample tx 1051
[2026-04-19T03:25:47.333Z INFO  worker::batch_maker] Batch IwquyDPhTWmiv3OXErqa15rwAhz+AVxmp4bjcSnhzzo= contains 204800 B
[2026-04-19T03:25:47.385Z INFO  worker::batch_maker] Batch UmJemOjMjgY8Ixo0pD1ngGjM/aviBqjaOaeZVN+413s= contains sample tx 1052
[2026-04-19T03:25:47.385Z INFO  worker::batch_maker] Batch UmJemOjMjgY8Ixo0pD1ngGjM/aviBqjaOaeZVN+413s= contains 204800 B
[2026-04-19T03:25:47.438Z INFO  worker::batch_maker] Batch q0BYrsSu5ttbDTlW6aG2loPteYVdn6EBMX64CmFJLXo= contains sample tx 1053
[2026-04-19T03:25:47.438Z INFO  worker::batch_maker] Batch q0BYrsSu5ttbDTlW6aG2loPteYVdn6EBMX64CmFJLXo= contains 204800 B
[2026-04-19T03:25:47.491Z INFO  worker::batch_maker] Batch NZuRMHtotTwbSPcRrDsfW0uM1GtXvpMc54lEOIDi8xs= contains sample tx 1054
[2026-04-19T03:25:47.491Z INFO  worker::batch_maker] Batch NZuRMHtotTwbSPcRrDsfW0uM1GtXvpMc54lEOIDi8xs= contains 204800 B
[2026-04-19T03:25:47.543Z INFO  worker::batch_maker] Batch 6b0QGP8knBmTjxv/2hnncg2nUZlubxeP513ey9qeft8= contains sample tx 1055
[2026-04-19T03:25:47.543Z INFO  worker::batch_maker] Batch 6b0QGP8knBmTjxv/2hnncg2nUZlubxeP513ey9qeft8= contains 204800 B
[2026-04-19T03:25:47.596Z INFO  worker::batch_maker] Batch 7Y1Te6N7X/s68qJiYDa9p/Z+PDxzaxw2fvHt1d2kk70= contains sample tx 1056
[2026-04-19T03:25:47.596Z INFO  worker::batch_maker] Batch 7Y1Te6N7X/s68qJiYDa9p/Z+PDxzaxw2fvHt1d2kk70= contains 204800 B
[2026-04-19T03:25:47.648Z INFO  worker::batch_maker] Batch A6zPVCG3umJmQiM9EMsRFOIWgY+GAzyuNgs0DSBW5tM= contains sample tx 1057
[2026-04-19T03:25:47.648Z INFO  worker::batch_maker] Batch A6zPVCG3umJmQiM9EMsRFOIWgY+GAzyuNgs0DSBW5tM= contains 221184 B
[2026-04-19T03:25:47.705Z INFO  worker::batch_maker] Batch hbGgo4UCZhNL7p7BNk9EUkXK4YaWJHZwXMvGDaVN1h0= contains sample tx 1058
[2026-04-19T03:25:47.705Z INFO  worker::batch_maker] Batch hbGgo4UCZhNL7p7BNk9EUkXK4YaWJHZwXMvGDaVN1h0= contains sample tx 1059
[2026-04-19T03:25:47.705Z INFO  worker::batch_maker] Batch hbGgo4UCZhNL7p7BNk9EUkXK4YaWJHZwXMvGDaVN1h0= contains 355328 B
[2026-04-19T03:25:47.758Z INFO  worker::batch_maker] Batch UANeHlQQ69S3vwXKeWUJkANWHDSutRUH8Bb8aa5yn7I= contains sample tx 1060
[2026-04-19T03:25:47.758Z INFO  worker::batch_maker] Batch UANeHlQQ69S3vwXKeWUJkANWHDSutRUH8Bb8aa5yn7I= contains 242688 B
[2026-04-19T03:25:47.811Z INFO  worker::batch_maker] Batch IkwsMeCUhdWJgaGB2GROZquBMLrtEHMpcJgENV62sHE= contains sample tx 1061
[2026-04-19T03:25:47.811Z INFO  worker::batch_maker] Batch IkwsMeCUhdWJgaGB2GROZquBMLrtEHMpcJgENV62sHE= contains 204800 B
[2026-04-19T03:25:47.865Z INFO  worker::batch_maker] Batch pEAbWe83X7gMtV+7WR1UE9cep1gGfwSYhqT66QGdzbk= contains sample tx 1062
[2026-04-19T03:25:47.865Z INFO  worker::batch_maker] Batch pEAbWe83X7gMtV+7WR1UE9cep1gGfwSYhqT66QGdzbk= contains 204800 B
[2026-04-19T03:25:47.918Z INFO  worker::batch_maker] Batch 5qi9ozXeAW12qlGejDsuMBJmrFrq2I+gd+0FqW41jv8= contains sample tx 1063
[2026-04-19T03:25:47.918Z INFO  worker::batch_maker] Batch 5qi9ozXeAW12qlGejDsuMBJmrFrq2I+gd+0FqW41jv8= contains 204800 B
[2026-04-19T03:25:47.970Z INFO  worker::batch_maker] Batch WzPH26Hi7m4mWzBJhHCzTSQ0KiyTG4haaHxaIadtmXE= contains sample tx 1064
[2026-04-19T03:25:47.970Z INFO  worker::batch_maker] Batch WzPH26Hi7m4mWzBJhHCzTSQ0KiyTG4haaHxaIadtmXE= contains 204800 B
[2026-04-19T03:25:48.022Z INFO  worker::batch_maker] Batch ka547e6T3TN/JDNT9kA7qUPo/zKCUMwc1DKN8WlpRSE= contains sample tx 1065
[2026-04-19T03:25:48.022Z INFO  worker::batch_maker] Batch ka547e6T3TN/JDNT9kA7qUPo/zKCUMwc1DKN8WlpRSE= contains 204800 B
[2026-04-19T03:25:48.077Z INFO  worker::batch_maker] Batch qSJ0z8Y5uonnGzh7n68wN4b4Sc1IGukjFvs4E+JMzhE= contains sample tx 1066
[2026-04-19T03:25:48.077Z INFO  worker::batch_maker] Batch qSJ0z8Y5uonnGzh7n68wN4b4Sc1IGukjFvs4E+JMzhE= contains 204800 B
[2026-04-19T03:25:48.131Z INFO  worker::batch_maker] Batch 1q90ky+X82tX5O6qLXXaqtBINODkPyXvnD+czhC7gxI= contains sample tx 1067
[2026-04-19T03:25:48.131Z INFO  worker::batch_maker] Batch 1q90ky+X82tX5O6qLXXaqtBINODkPyXvnD+czhC7gxI= contains 204800 B
[2026-04-19T03:25:48.183Z INFO  worker::batch_maker] Batch RAhh6xTaqsFL6FSVM3eAue2HrIHsDSU81VxglVEOC0k= contains sample tx 1068
[2026-04-19T03:25:48.183Z INFO  worker::batch_maker] Batch RAhh6xTaqsFL6FSVM3eAue2HrIHsDSU81VxglVEOC0k= contains 204800 B
[2026-04-19T03:25:48.236Z INFO  worker::batch_maker] Batch Q6YAFoMOUNdjPx5bG3LfOZ50hlVszbRNyURkRvJjyVk= contains sample tx 1069
[2026-04-19T03:25:48.236Z INFO  worker::batch_maker] Batch Q6YAFoMOUNdjPx5bG3LfOZ50hlVszbRNyURkRvJjyVk= contains 204800 B
[2026-04-19T03:25:48.289Z INFO  worker::batch_maker] Batch CZX2SzLeu0QYrNbOx74Y9buraPxU0YbzOqvtBZ4zdr4= contains sample tx 1070
[2026-04-19T03:25:48.289Z INFO  worker::batch_maker] Batch CZX2SzLeu0QYrNbOx74Y9buraPxU0YbzOqvtBZ4zdr4= contains 204800 B
[2026-04-19T03:25:48.342Z INFO  worker::batch_maker] Batch qmNcTpsUolViDJ91uNGmGTn81tLVPhlURtlkYcyGKwY= contains sample tx 1071
[2026-04-19T03:25:48.342Z INFO  worker::batch_maker] Batch qmNcTpsUolViDJ91uNGmGTn81tLVPhlURtlkYcyGKwY= contains 204800 B
[2026-04-19T03:25:48.394Z INFO  worker::batch_maker] Batch dlVsh4tcmiSxeZVx88hEJpWmv/hAMHyJIPxo2xKZGj8= contains sample tx 1072
[2026-04-19T03:25:48.394Z INFO  worker::batch_maker] Batch dlVsh4tcmiSxeZVx88hEJpWmv/hAMHyJIPxo2xKZGj8= contains 204800 B
[2026-04-19T03:25:48.448Z INFO  worker::batch_maker] Batch AZH0TtHrBEdrvw2xBl6gfm4B0Pn4QOVTaP2j/UlMad8= contains sample tx 1073
[2026-04-19T03:25:48.448Z INFO  worker::batch_maker] Batch AZH0TtHrBEdrvw2xBl6gfm4B0Pn4QOVTaP2j/UlMad8= contains 204800 B
[2026-04-19T03:25:48.501Z INFO  worker::batch_maker] Batch XVLDQ36I9AJxpMazu89baLgSNdSTcLeK4lqTZ+sl+N4= contains sample tx 1074
[2026-04-19T03:25:48.527Z INFO  worker::batch_maker] Batch XVLDQ36I9AJxpMazu89baLgSNdSTcLeK4lqTZ+sl+N4= contains 229376 B
[2026-04-19T03:25:48.582Z INFO  worker::batch_maker] Batch y/hWMBr7Afn9i71oQaeyk5ZUHue8Rnk2JCHEQ3jAgpk= contains sample tx 1075
[2026-04-19T03:25:48.582Z INFO  worker::batch_maker] Batch y/hWMBr7Afn9i71oQaeyk5ZUHue8Rnk2JCHEQ3jAgpk= contains sample tx 1076
[2026-04-19T03:25:48.582Z INFO  worker::batch_maker] Batch y/hWMBr7Afn9i71oQaeyk5ZUHue8Rnk2JCHEQ3jAgpk= contains 385024 B
[2026-04-19T03:25:48.636Z INFO  worker::batch_maker] Batch QUnx035DZ6z5tWxcCPndgHqQ3vepb0J7AFrZbf5wymQ= contains sample tx 1077
[2026-04-19T03:25:48.636Z INFO  worker::batch_maker] Batch QUnx035DZ6z5tWxcCPndgHqQ3vepb0J7AFrZbf5wymQ= contains 204800 B
[2026-04-19T03:25:48.690Z INFO  worker::batch_maker] Batch vi0gSte+cXWOhiLWhEbCTtVMXbT/ndHJXJiakXehgNM= contains sample tx 1078
[2026-04-19T03:25:48.690Z INFO  worker::batch_maker] Batch vi0gSte+cXWOhiLWhEbCTtVMXbT/ndHJXJiakXehgNM= contains 204800 B
[2026-04-19T03:25:48.742Z INFO  worker::batch_maker] Batch 0YYX3nkXR/7304wj/VS/aJ82Ha+2aKaRBjb03cdc0Hg= contains sample tx 1079
[2026-04-19T03:25:48.742Z INFO  worker::batch_maker] Batch 0YYX3nkXR/7304wj/VS/aJ82Ha+2aKaRBjb03cdc0Hg= contains 204800 B
[2026-04-19T03:25:48.797Z INFO  worker::batch_maker] Batch hw9wcXFpArOTDchEtm1pdFZNgN3hnWjoqD24X4ds9Vg= contains sample tx 1080
[2026-04-19T03:25:48.797Z INFO  worker::batch_maker] Batch hw9wcXFpArOTDchEtm1pdFZNgN3hnWjoqD24X4ds9Vg= contains 204800 B
[2026-04-19T03:25:48.849Z INFO  worker::batch_maker] Batch hoO+djfA11eGCni7uChnMWuZKQzFdVC8xd9daONPdrE= contains sample tx 1081
[2026-04-19T03:25:48.849Z INFO  worker::batch_maker] Batch hoO+djfA11eGCni7uChnMWuZKQzFdVC8xd9daONPdrE= contains 238080 B
[2026-04-19T03:25:48.901Z INFO  worker::batch_maker] Batch e3HQ/YfkfcP8jmf0Fx85NPoidhIdn5+eMhI0tsIoq9o= contains sample tx 1082
[2026-04-19T03:25:48.901Z INFO  worker::batch_maker] Batch e3HQ/YfkfcP8jmf0Fx85NPoidhIdn5+eMhI0tsIoq9o= contains 280064 B
[2026-04-19T03:25:48.954Z INFO  worker::batch_maker] Batch wlXzQrHVnLf2x4qurC0Kcv+/vZfN3oeGI+2SP44TEm8= contains sample tx 1083
[2026-04-19T03:25:48.954Z INFO  worker::batch_maker] Batch wlXzQrHVnLf2x4qurC0Kcv+/vZfN3oeGI+2SP44TEm8= contains 238592 B
[2026-04-19T03:25:49.009Z INFO  worker::batch_maker] Batch FGv8h1C56SZDG+CpWF3RUWBNsiOE7TIJjcd94XyELos= contains sample tx 1084
[2026-04-19T03:25:49.009Z INFO  worker::batch_maker] Batch FGv8h1C56SZDG+CpWF3RUWBNsiOE7TIJjcd94XyELos= contains sample tx 1085
[2026-04-19T03:25:49.009Z INFO  worker::batch_maker] Batch FGv8h1C56SZDG+CpWF3RUWBNsiOE7TIJjcd94XyELos= contains 267264 B
[2026-04-19T03:25:49.063Z INFO  worker::batch_maker] Batch +Jdcn6mcB+Dd+A/eZR2JGeFt9eeVaCW2TcfHsnO84W4= contains sample tx 1086
[2026-04-19T03:25:49.063Z INFO  worker::batch_maker] Batch +Jdcn6mcB+Dd+A/eZR2JGeFt9eeVaCW2TcfHsnO84W4= contains 204800 B
[2026-04-19T03:25:49.115Z INFO  worker::batch_maker] Batch QqA3P/kcJMNTUhuaTV18PlY61sEq3PUVcrJumthOxBU= contains sample tx 1087
[2026-04-19T03:25:49.115Z INFO  worker::batch_maker] Batch QqA3P/kcJMNTUhuaTV18PlY61sEq3PUVcrJumthOxBU= contains 204800 B
[2026-04-19T03:25:49.169Z INFO  worker::batch_maker] Batch eKeuRnjOcM2VTsPZkT0tmuaSnl/rcJ0QFZbN1dGNNgQ= contains sample tx 1088
[2026-04-19T03:25:49.169Z INFO  worker::batch_maker] Batch eKeuRnjOcM2VTsPZkT0tmuaSnl/rcJ0QFZbN1dGNNgQ= contains 204800 B
[2026-04-19T03:25:49.223Z INFO  worker::batch_maker] Batch gloiaNa9GOOAI5Ok7sR+RGhZzFQhKFC5uuFAtZ2y62w= contains sample tx 1089
[2026-04-19T03:25:49.223Z INFO  worker::batch_maker] Batch gloiaNa9GOOAI5Ok7sR+RGhZzFQhKFC5uuFAtZ2y62w= contains 204800 B
[2026-04-19T03:25:49.277Z INFO  worker::batch_maker] Batch e2Dvgn29Mr4REjQb7XWexvY1kst1J/jymrw4uAtm/hA= contains sample tx 1090
[2026-04-19T03:25:49.277Z INFO  worker::batch_maker] Batch e2Dvgn29Mr4REjQb7XWexvY1kst1J/jymrw4uAtm/hA= contains 204800 B
[2026-04-19T03:25:49.329Z INFO  worker::batch_maker] Batch bb0jLCZ/Xw26ljLf8yVFYLvIuuAtxrq9XZ/GALI18RQ= contains sample tx 1091
[2026-04-19T03:25:49.330Z INFO  worker::batch_maker] Batch bb0jLCZ/Xw26ljLf8yVFYLvIuuAtxrq9XZ/GALI18RQ= contains 204800 B
[2026-04-19T03:25:49.385Z INFO  worker::batch_maker] Batch GIuwr0EeB928mnYGnfWMxNZO7ZFqbUK2APRbmmPclLQ= contains sample tx 1092
[2026-04-19T03:25:49.385Z INFO  worker::batch_maker] Batch GIuwr0EeB928mnYGnfWMxNZO7ZFqbUK2APRbmmPclLQ= contains 204800 B
[2026-04-19T03:25:49.439Z INFO  worker::batch_maker] Batch LoRvK0OfXjJ1M3yr7oj13zIug/ns9ltZjuM7GEIKvJw= contains sample tx 1093
[2026-04-19T03:25:49.439Z INFO  worker::batch_maker] Batch LoRvK0OfXjJ1M3yr7oj13zIug/ns9ltZjuM7GEIKvJw= contains 204800 B
[2026-04-19T03:25:49.492Z INFO  worker::batch_maker] Batch Dbx2bhqcVoyQUzD5N+RDZE00rQXoOwHfKCAJYXTznHs= contains sample tx 1094
[2026-04-19T03:25:49.492Z INFO  worker::batch_maker] Batch Dbx2bhqcVoyQUzD5N+RDZE00rQXoOwHfKCAJYXTznHs= contains 204800 B
[2026-04-19T03:25:49.545Z INFO  worker::batch_maker] Batch 8H+mO53oj40azNHdi3LI8XAPWlKG1o0uyvqdjF2lEzE= contains sample tx 1095
[2026-04-19T03:25:49.545Z INFO  worker::batch_maker] Batch 8H+mO53oj40azNHdi3LI8XAPWlKG1o0uyvqdjF2lEzE= contains 204800 B
[2026-04-19T03:25:49.599Z INFO  worker::batch_maker] Batch ZeisUTU++m5w/6qCeAItVkFfFRqgBtpgodF6kHUX5eQ= contains sample tx 1096
[2026-04-19T03:25:49.599Z INFO  worker::batch_maker] Batch ZeisUTU++m5w/6qCeAItVkFfFRqgBtpgodF6kHUX5eQ= contains 204800 B
[2026-04-19T03:25:49.652Z INFO  worker::batch_maker] Batch ZQxBlMQBR40qxkniMx0+vx+/6SPuqlSDtZxpUvqaZ8M= contains sample tx 1097
[2026-04-19T03:25:49.652Z INFO  worker::batch_maker] Batch ZQxBlMQBR40qxkniMx0+vx+/6SPuqlSDtZxpUvqaZ8M= contains sample tx 1098
[2026-04-19T03:25:49.652Z INFO  worker::batch_maker] Batch ZQxBlMQBR40qxkniMx0+vx+/6SPuqlSDtZxpUvqaZ8M= contains 386048 B
[2026-04-19T03:25:49.706Z INFO  worker::batch_maker] Batch 3kU0aXVajk36TXkwKGESfOIbqwCA3RVJLWwxjxcOFCw= contains sample tx 1099
[2026-04-19T03:25:49.706Z INFO  worker::batch_maker] Batch 3kU0aXVajk36TXkwKGESfOIbqwCA3RVJLWwxjxcOFCw= contains 228352 B
[2026-04-19T03:25:49.758Z INFO  worker::batch_maker] Batch 8R87ZreKoR+soxKtQlCyI2VDNYK45IpKQ1aKNR0rDXk= contains sample tx 1100
[2026-04-19T03:25:49.758Z INFO  worker::batch_maker] Batch 8R87ZreKoR+soxKtQlCyI2VDNYK45IpKQ1aKNR0rDXk= contains 204800 B
[2026-04-19T03:25:49.810Z INFO  worker::batch_maker] Batch /LpsKBQz7qFcOQzwWMlXIakiVZoxk4rIPJDRmZR5qKs= contains sample tx 1101
[2026-04-19T03:25:49.810Z INFO  worker::batch_maker] Batch /LpsKBQz7qFcOQzwWMlXIakiVZoxk4rIPJDRmZR5qKs= contains 204800 B
[2026-04-19T03:25:49.862Z INFO  worker::batch_maker] Batch /1F44E+vIiW+5pKuAqUXaJJ23cPhiLPkbXH1cGNVDPA= contains sample tx 1102
[2026-04-19T03:25:49.862Z INFO  worker::batch_maker] Batch /1F44E+vIiW+5pKuAqUXaJJ23cPhiLPkbXH1cGNVDPA= contains 204800 B
[2026-04-19T03:25:49.914Z INFO  worker::batch_maker] Batch PFgMGITg7k+2Kk34Q/S7uYdFbOmnhUk16sc+YnfK+R0= contains sample tx 1103
[2026-04-19T03:25:49.914Z INFO  worker::batch_maker] Batch PFgMGITg7k+2Kk34Q/S7uYdFbOmnhUk16sc+YnfK+R0= contains 204800 B
[2026-04-19T03:25:49.970Z INFO  worker::batch_maker] Batch oWYoabGzsTi+6a+jvQxI8lrJSr6WlKOBEw3y/3Xa174= contains sample tx 1104
[2026-04-19T03:25:49.970Z INFO  worker::batch_maker] Batch oWYoabGzsTi+6a+jvQxI8lrJSr6WlKOBEw3y/3Xa174= contains 204800 B
[2026-04-19T03:25:50.023Z INFO  worker::batch_maker] Batch oVIGrchPwr3oYDO2CI/uSMar0j79/erXjofoyDALz/E= contains sample tx 1105
[2026-04-19T03:25:50.023Z INFO  worker::batch_maker] Batch oVIGrchPwr3oYDO2CI/uSMar0j79/erXjofoyDALz/E= contains 204800 B
[2026-04-19T03:25:50.076Z INFO  worker::batch_maker] Batch NmHlRA8b49po1r0QuLzSbuGp2dWDUfDYwndwm9WyW2k= contains sample tx 1106
[2026-04-19T03:25:50.076Z INFO  worker::batch_maker] Batch NmHlRA8b49po1r0QuLzSbuGp2dWDUfDYwndwm9WyW2k= contains 204800 B
[2026-04-19T03:25:50.127Z INFO  worker::batch_maker] Batch DPRd6u4EHrvo5jtL15ehYSEVhYk+NzwvpPHc3x4ZyoM= contains sample tx 1107
[2026-04-19T03:25:50.127Z INFO  worker::batch_maker] Batch DPRd6u4EHrvo5jtL15ehYSEVhYk+NzwvpPHc3x4ZyoM= contains 204800 B
[2026-04-19T03:25:50.181Z INFO  worker::batch_maker] Batch PG5RTu+YKv5/zIFe5oSYitbpR6zViwh+a7OArMCvpTA= contains sample tx 1108
[2026-04-19T03:25:50.181Z INFO  worker::batch_maker] Batch PG5RTu+YKv5/zIFe5oSYitbpR6zViwh+a7OArMCvpTA= contains 204800 B
[2026-04-19T03:25:50.234Z INFO  worker::batch_maker] Batch wnx0sBgTQM17V1amHtnWcu9YC3L5FemSoHIqZuQZ4ws= contains sample tx 1109
[2026-04-19T03:25:50.234Z INFO  worker::batch_maker] Batch wnx0sBgTQM17V1amHtnWcu9YC3L5FemSoHIqZuQZ4ws= contains 204800 B
[2026-04-19T03:25:50.287Z INFO  worker::batch_maker] Batch 4lTxPzh0pTjO8ogFwJMi7H3GGhAWiLX3L7bQak4mv8k= contains sample tx 1110
[2026-04-19T03:25:50.287Z INFO  worker::batch_maker] Batch 4lTxPzh0pTjO8ogFwJMi7H3GGhAWiLX3L7bQak4mv8k= contains 204800 B
[2026-04-19T03:25:50.339Z INFO  worker::batch_maker] Batch /FLaLqGE9XVPGhejTpf5tBrcJUgqB5FjVcCpodDTW9M= contains sample tx 1111
[2026-04-19T03:25:50.339Z INFO  worker::batch_maker] Batch /FLaLqGE9XVPGhejTpf5tBrcJUgqB5FjVcCpodDTW9M= contains 204800 B
[2026-04-19T03:25:50.392Z INFO  worker::batch_maker] Batch Cv87X5PZLMCk4azhrK0JvyLaQ2x1tBiJsY9e0SVk0Is= contains sample tx 1112
[2026-04-19T03:25:50.392Z INFO  worker::batch_maker] Batch Cv87X5PZLMCk4azhrK0JvyLaQ2x1tBiJsY9e0SVk0Is= contains 204800 B
[2026-04-19T03:25:50.444Z INFO  worker::batch_maker] Batch kgRvJ+jNODvWWm579RVjF2mC5yssc9eDXxvi0T3JIYM= contains sample tx 1113
[2026-04-19T03:25:50.444Z INFO  worker::batch_maker] Batch kgRvJ+jNODvWWm579RVjF2mC5yssc9eDXxvi0T3JIYM= contains 204800 B
[2026-04-19T03:25:50.498Z INFO  worker::batch_maker] Batch PyWsobP1FlfacXEY1fs/AZPgwN+ltRzRnDNOCA6kCpc= contains sample tx 1114
[2026-04-19T03:25:50.498Z INFO  worker::batch_maker] Batch PyWsobP1FlfacXEY1fs/AZPgwN+ltRzRnDNOCA6kCpc= contains 204800 B
[2026-04-19T03:25:50.553Z INFO  worker::batch_maker] Batch 5F2D6NEoxnYWVYqkfEYVgQ2bY1JAiSI8kn/hIE/uy1A= contains sample tx 1115
[2026-04-19T03:25:50.553Z INFO  worker::batch_maker] Batch 5F2D6NEoxnYWVYqkfEYVgQ2bY1JAiSI8kn/hIE/uy1A= contains 340480 B
[2026-04-19T03:25:50.608Z INFO  worker::batch_maker] Batch BLckIZWnRBqR+4CqoDMOTaeeBZwDk11u4Zka+Dn8EYk= contains sample tx 1116
[2026-04-19T03:25:50.608Z INFO  worker::batch_maker] Batch BLckIZWnRBqR+4CqoDMOTaeeBZwDk11u4Zka+Dn8EYk= contains sample tx 1117
[2026-04-19T03:25:50.608Z INFO  worker::batch_maker] Batch BLckIZWnRBqR+4CqoDMOTaeeBZwDk11u4Zka+Dn8EYk= contains 273920 B
[2026-04-19T03:25:50.660Z INFO  worker::batch_maker] Batch wwJ7kvlzyLXSOwPsiHQ4TYJGC7UeOuWlgx1WIcgKReE= contains sample tx 1118
[2026-04-19T03:25:50.660Z INFO  worker::batch_maker] Batch wwJ7kvlzyLXSOwPsiHQ4TYJGC7UeOuWlgx1WIcgKReE= contains 204800 B
[2026-04-19T03:25:50.713Z INFO  worker::batch_maker] Batch ji+qtAKqNwNs0TaGnbOIugKU2Ndtc6piYgFtEUtmEzA= contains sample tx 1119
[2026-04-19T03:25:50.713Z INFO  worker::batch_maker] Batch ji+qtAKqNwNs0TaGnbOIugKU2Ndtc6piYgFtEUtmEzA= contains 204800 B
[2026-04-19T03:25:50.766Z INFO  worker::batch_maker] Batch n7pXl45HUcFHWbRjGwhhep+98xjIVRbKd4zdPG5Kqd0= contains sample tx 1120
[2026-04-19T03:25:50.766Z INFO  worker::batch_maker] Batch n7pXl45HUcFHWbRjGwhhep+98xjIVRbKd4zdPG5Kqd0= contains 204800 B
[2026-04-19T03:25:50.819Z INFO  worker::batch_maker] Batch 7ws1Omhrm7OWIT73TDlsyMRsMDU/lWKkcWssevw2uJM= contains sample tx 1121
[2026-04-19T03:25:50.819Z INFO  worker::batch_maker] Batch 7ws1Omhrm7OWIT73TDlsyMRsMDU/lWKkcWssevw2uJM= contains 204800 B
[2026-04-19T03:25:50.873Z INFO  worker::batch_maker] Batch eepXGlvUL0vakNxay93y53wn3OZ+9yYgcHd25qjTRbs= contains sample tx 1122
[2026-04-19T03:25:50.873Z INFO  worker::batch_maker] Batch eepXGlvUL0vakNxay93y53wn3OZ+9yYgcHd25qjTRbs= contains 204800 B
[2026-04-19T03:25:50.927Z INFO  worker::batch_maker] Batch Wp4EDSu8VyJ2f9hPLFJyacUry3hRVH3N8yoWpRpr8sg= contains sample tx 1123
[2026-04-19T03:25:50.927Z INFO  worker::batch_maker] Batch Wp4EDSu8VyJ2f9hPLFJyacUry3hRVH3N8yoWpRpr8sg= contains 204800 B
[2026-04-19T03:25:50.984Z INFO  worker::batch_maker] Batch x3lPULn2tEKYcGheQVQZg+WzWubyLG3p0FG89Rc2Vlo= contains sample tx 1124
[2026-04-19T03:25:50.984Z INFO  worker::batch_maker] Batch x3lPULn2tEKYcGheQVQZg+WzWubyLG3p0FG89Rc2Vlo= contains 204800 B
[2026-04-19T03:25:51.036Z INFO  worker::batch_maker] Batch //P6fPzfYKGa2NSwGTJjBfThxu8OMaGq2BJz4Av7aR4= contains sample tx 1125
[2026-04-19T03:25:51.036Z INFO  worker::batch_maker] Batch //P6fPzfYKGa2NSwGTJjBfThxu8OMaGq2BJz4Av7aR4= contains 204800 B
[2026-04-19T03:25:51.090Z INFO  worker::batch_maker] Batch wmUru0BHRfDcrI82o+1L15ymyV0AmqmgeMLQv7Dymk8= contains sample tx 1126
[2026-04-19T03:25:51.090Z INFO  worker::batch_maker] Batch wmUru0BHRfDcrI82o+1L15ymyV0AmqmgeMLQv7Dymk8= contains 204800 B
[2026-04-19T03:25:51.142Z INFO  worker::batch_maker] Batch S47jsn0B+t4BNBV+qNZXYyuXcbmgACi/M2ZbHwjGskk= contains sample tx 1127
[2026-04-19T03:25:51.142Z INFO  worker::batch_maker] Batch S47jsn0B+t4BNBV+qNZXYyuXcbmgACi/M2ZbHwjGskk= contains 204800 B
[2026-04-19T03:25:51.194Z INFO  worker::batch_maker] Batch WmqVj18f5Fw/0piQXBZDQw0FSu4Y388ciMnIgxzukt4= contains sample tx 1128
[2026-04-19T03:25:51.194Z INFO  worker::batch_maker] Batch WmqVj18f5Fw/0piQXBZDQw0FSu4Y388ciMnIgxzukt4= contains 204800 B
[2026-04-19T03:25:51.247Z INFO  worker::batch_maker] Batch A1PkT5HAUJ7r+GqD+ZLGbQHoTTFc7L3bPKdla8SKB2o= contains sample tx 1129
[2026-04-19T03:25:51.247Z INFO  worker::batch_maker] Batch A1PkT5HAUJ7r+GqD+ZLGbQHoTTFc7L3bPKdla8SKB2o= contains 204800 B
[2026-04-19T03:25:51.301Z INFO  worker::batch_maker] Batch l/umeFvM1Al+XekBnEM8Yszf3omSypIVj87V0Btl6cg= contains sample tx 1130
[2026-04-19T03:25:51.302Z INFO  worker::batch_maker] Batch l/umeFvM1Al+XekBnEM8Yszf3omSypIVj87V0Btl6cg= contains sample tx 1131
[2026-04-19T03:25:51.302Z INFO  worker::batch_maker] Batch l/umeFvM1Al+XekBnEM8Yszf3omSypIVj87V0Btl6cg= contains 409600 B
[2026-04-19T03:25:51.354Z INFO  worker::batch_maker] Batch a2mr8j6GTogpq/OGCD04o7Rp3jdC1qfycdcyptQTGD4= contains sample tx 1132
[2026-04-19T03:25:51.354Z INFO  worker::batch_maker] Batch a2mr8j6GTogpq/OGCD04o7Rp3jdC1qfycdcyptQTGD4= contains 204800 B
[2026-04-19T03:25:51.406Z INFO  worker::batch_maker] Batch egE0WbOgdFcnAli3dmW8vBW+ZzgHQRBublzCakuyFuw= contains sample tx 1133
[2026-04-19T03:25:51.406Z INFO  worker::batch_maker] Batch egE0WbOgdFcnAli3dmW8vBW+ZzgHQRBublzCakuyFuw= contains 204800 B
[2026-04-19T03:25:51.458Z INFO  worker::batch_maker] Batch YEicPSRuv8OZXYeAeOlIJO08d2XonWj2iOlS0lIty28= contains sample tx 1134
[2026-04-19T03:25:51.458Z INFO  worker::batch_maker] Batch YEicPSRuv8OZXYeAeOlIJO08d2XonWj2iOlS0lIty28= contains 204800 B
[2026-04-19T03:25:51.510Z INFO  worker::batch_maker] Batch rtu8q2Oz1a47hzYbqcQJg7e4ovgPU0UqYmcWG+mIiu4= contains sample tx 1135
[2026-04-19T03:25:51.510Z INFO  worker::batch_maker] Batch rtu8q2Oz1a47hzYbqcQJg7e4ovgPU0UqYmcWG+mIiu4= contains 204800 B
[2026-04-19T03:25:51.562Z INFO  worker::batch_maker] Batch XEJp4GB70XTf7/tlO/h2jC4gkYmxVC38vEnN7eAeljk= contains sample tx 1136
[2026-04-19T03:25:51.562Z INFO  worker::batch_maker] Batch XEJp4GB70XTf7/tlO/h2jC4gkYmxVC38vEnN7eAeljk= contains 204800 B
[2026-04-19T03:25:51.615Z INFO  worker::batch_maker] Batch x5C7PHMXu+b2iST0BFpKm4Q14dUSfgscSH/+5D95b5c= contains sample tx 1137
[2026-04-19T03:25:51.615Z INFO  worker::batch_maker] Batch x5C7PHMXu+b2iST0BFpKm4Q14dUSfgscSH/+5D95b5c= contains 204800 B
[2026-04-19T03:25:51.666Z INFO  worker::batch_maker] Batch sRCV4pp2bdk+MSdoovP+KxL+wvym6uZ/3n1lydmpaOw= contains sample tx 1138
[2026-04-19T03:25:51.666Z INFO  worker::batch_maker] Batch sRCV4pp2bdk+MSdoovP+KxL+wvym6uZ/3n1lydmpaOw= contains 204800 B
[2026-04-19T03:25:51.718Z INFO  worker::batch_maker] Batch MuPgmcZ7egU4xJguhu0jZiFelvev77feTpUn3fGf+LA= contains sample tx 1139
[2026-04-19T03:25:51.718Z INFO  worker::batch_maker] Batch MuPgmcZ7egU4xJguhu0jZiFelvev77feTpUn3fGf+LA= contains 204800 B
[2026-04-19T03:25:51.770Z INFO  worker::batch_maker] Batch hpYr7cow67/PBCvlo+a0puRhzx9aFbOD/IY3aZM2bWw= contains sample tx 1140
[2026-04-19T03:25:51.770Z INFO  worker::batch_maker] Batch hpYr7cow67/PBCvlo+a0puRhzx9aFbOD/IY3aZM2bWw= contains 204800 B
[2026-04-19T03:25:51.823Z INFO  worker::batch_maker] Batch vmvVY/TYaoRAxg2f+MUDWZQSwD9iY86RZRTj/7RkCb8= contains sample tx 1141
[2026-04-19T03:25:51.823Z INFO  worker::batch_maker] Batch vmvVY/TYaoRAxg2f+MUDWZQSwD9iY86RZRTj/7RkCb8= contains 204800 B
[2026-04-19T03:25:51.875Z INFO  worker::batch_maker] Batch bfmmYDD/SBhHiKGlRmzcSGdYRxCAdQrw+/OXSja5huY= contains sample tx 1142
[2026-04-19T03:25:51.875Z INFO  worker::batch_maker] Batch bfmmYDD/SBhHiKGlRmzcSGdYRxCAdQrw+/OXSja5huY= contains 204800 B
[2026-04-19T03:25:51.926Z INFO  worker::batch_maker] Batch cxGq4UyZRFHpj6hIN6Uk6Z35z8lvVqaHRyQz6BN1qFE= contains sample tx 1143
[2026-04-19T03:25:51.926Z INFO  worker::batch_maker] Batch cxGq4UyZRFHpj6hIN6Uk6Z35z8lvVqaHRyQz6BN1qFE= contains 204800 B
[2026-04-19T03:25:51.978Z INFO  worker::batch_maker] Batch Gm8cXmCTgL5PKn2MCoSW66Z1ObSaBsgnmEV0liS7FTI= contains sample tx 1144
[2026-04-19T03:25:51.978Z INFO  worker::batch_maker] Batch Gm8cXmCTgL5PKn2MCoSW66Z1ObSaBsgnmEV0liS7FTI= contains 204800 B
[2026-04-19T03:25:52.031Z INFO  worker::batch_maker] Batch KUNEj0lndlqkdm/M6HqDzoyAHyU8rjNGxzm/kJmPVGM= contains sample tx 1145
[2026-04-19T03:25:52.031Z INFO  worker::batch_maker] Batch KUNEj0lndlqkdm/M6HqDzoyAHyU8rjNGxzm/kJmPVGM= contains 204800 B
[2026-04-19T03:25:52.083Z INFO  worker::batch_maker] Batch lqXwQLtxpQVRWmsfy0BwjP5V7jwKEGu0s28R9TJakCM= contains sample tx 1146
[2026-04-19T03:25:52.083Z INFO  worker::batch_maker] Batch lqXwQLtxpQVRWmsfy0BwjP5V7jwKEGu0s28R9TJakCM= contains 204800 B
[2026-04-19T03:25:52.138Z INFO  worker::batch_maker] Batch nQVY1HFc0casQXYrCnFpz8UMKdmj9cTM/KiCYHVx4y8= contains sample tx 1147
[2026-04-19T03:25:52.138Z INFO  worker::batch_maker] Batch nQVY1HFc0casQXYrCnFpz8UMKdmj9cTM/KiCYHVx4y8= contains 204800 B
[2026-04-19T03:25:52.189Z INFO  worker::batch_maker] Batch UTL5p0g0jBbz9WagjX2rAAokMM9M196xhDDDCZTbx4w= contains sample tx 1148
[2026-04-19T03:25:52.189Z INFO  worker::batch_maker] Batch UTL5p0g0jBbz9WagjX2rAAokMM9M196xhDDDCZTbx4w= contains 204800 B
[2026-04-19T03:25:52.243Z INFO  worker::batch_maker] Batch tWiLt5Ctq8IVX3kmvLoRiU1ebTGzYa6PFiyevb7El4o= contains sample tx 1149
[2026-04-19T03:25:52.243Z INFO  worker::batch_maker] Batch tWiLt5Ctq8IVX3kmvLoRiU1ebTGzYa6PFiyevb7El4o= contains 204800 B
[2026-04-19T03:25:52.297Z INFO  worker::batch_maker] Batch ya7GT6GNW2grtPkpsD26FYEpMbUdcph0NNfV7F22Oog= contains sample tx 1150
[2026-04-19T03:25:52.297Z INFO  worker::batch_maker] Batch ya7GT6GNW2grtPkpsD26FYEpMbUdcph0NNfV7F22Oog= contains 204800 B
[2026-04-19T03:25:52.350Z INFO  worker::batch_maker] Batch pK2txLOJBhxz/4Tji5kMVSHV32Jrd+ldePv6V+1/dF8= contains sample tx 1151
[2026-04-19T03:25:52.350Z INFO  worker::batch_maker] Batch pK2txLOJBhxz/4Tji5kMVSHV32Jrd+ldePv6V+1/dF8= contains 236032 B
[2026-04-19T03:25:52.403Z INFO  worker::batch_maker] Batch pI3Bz82M6TtYCc1JhLVMNVPK6YRomzqyo4hrAVUpS4k= contains sample tx 1152
[2026-04-19T03:25:52.403Z INFO  worker::batch_maker] Batch pI3Bz82M6TtYCc1JhLVMNVPK6YRomzqyo4hrAVUpS4k= contains sample tx 1153
[2026-04-19T03:25:52.403Z INFO  worker::batch_maker] Batch pI3Bz82M6TtYCc1JhLVMNVPK6YRomzqyo4hrAVUpS4k= contains 378368 B
[2026-04-19T03:25:52.457Z INFO  worker::batch_maker] Batch jQonX3/MFTEQFlqMpNQ/tidbFQTDTzyIFdFkKKZupiE= contains sample tx 1154
[2026-04-19T03:25:52.458Z INFO  worker::batch_maker] Batch jQonX3/MFTEQFlqMpNQ/tidbFQTDTzyIFdFkKKZupiE= contains 204800 B
[2026-04-19T03:25:52.511Z INFO  worker::batch_maker] Batch h8iORC+onIh2fw+21FmlT1oG8ZoxrJvxrWqzadTjSj4= contains sample tx 1155
[2026-04-19T03:25:52.511Z INFO  worker::batch_maker] Batch h8iORC+onIh2fw+21FmlT1oG8ZoxrJvxrWqzadTjSj4= contains 204800 B
[2026-04-19T03:25:52.564Z INFO  worker::batch_maker] Batch MOok5DG4WBnHVfZRWPd5nXE6nCO7jcWlGXTULs50Gaw= contains sample tx 1156
[2026-04-19T03:25:52.564Z INFO  worker::batch_maker] Batch MOok5DG4WBnHVfZRWPd5nXE6nCO7jcWlGXTULs50Gaw= contains 204800 B
[2026-04-19T03:25:52.616Z INFO  worker::batch_maker] Batch Xdk+dc21HLXfbe9TTLv4OODQKOfG9tvlyXxqF28GDEE= contains sample tx 1157
[2026-04-19T03:25:52.616Z INFO  worker::batch_maker] Batch Xdk+dc21HLXfbe9TTLv4OODQKOfG9tvlyXxqF28GDEE= contains 204800 B
[2026-04-19T03:25:52.669Z INFO  worker::batch_maker] Batch aWFALcjOimxJyLQObmiTk+LfyvWz3teKz0a5gHIWx1U= contains sample tx 1158
[2026-04-19T03:25:52.705Z INFO  worker::batch_maker] Batch aWFALcjOimxJyLQObmiTk+LfyvWz3teKz0a5gHIWx1U= contains 204800 B
[2026-04-19T03:25:52.758Z INFO  worker::batch_maker] Batch mwvOmU8ruvYPeUl6mGjBhXC8ZZXnZf/+aGbzoe+CL1Q= contains sample tx 1159
[2026-04-19T03:25:52.758Z INFO  worker::batch_maker] Batch mwvOmU8ruvYPeUl6mGjBhXC8ZZXnZf/+aGbzoe+CL1Q= contains sample tx 1160
[2026-04-19T03:25:52.758Z INFO  worker::batch_maker] Batch mwvOmU8ruvYPeUl6mGjBhXC8ZZXnZf/+aGbzoe+CL1Q= contains 409600 B
[2026-04-19T03:25:52.809Z INFO  worker::batch_maker] Batch 83cYomdIGv4nWyjSykqrWiCxr3KK3Wa+tH8KXIARDiY= contains sample tx 1161
[2026-04-19T03:25:52.809Z INFO  worker::batch_maker] Batch 83cYomdIGv4nWyjSykqrWiCxr3KK3Wa+tH8KXIARDiY= contains 204800 B
[2026-04-19T03:25:52.862Z INFO  worker::batch_maker] Batch TI5+E2XogYGsfw4iDtedLLRhXBfkaPvO4Pv3Z6HpmDo= contains sample tx 1162
[2026-04-19T03:25:52.862Z INFO  worker::batch_maker] Batch TI5+E2XogYGsfw4iDtedLLRhXBfkaPvO4Pv3Z6HpmDo= contains 204800 B
[2026-04-19T03:25:52.914Z INFO  worker::batch_maker] Batch /jy/urFrN4Z0PdGKka/AlkdWX4mIRCVipVHY2J06q6I= contains sample tx 1163
[2026-04-19T03:25:52.914Z INFO  worker::batch_maker] Batch /jy/urFrN4Z0PdGKka/AlkdWX4mIRCVipVHY2J06q6I= contains 204800 B
[2026-04-19T03:25:52.967Z INFO  worker::batch_maker] Batch NacjMZ8fI6NPgfeTt4YWVFGUMD92tahblw5vUgU7Z/w= contains sample tx 1164
[2026-04-19T03:25:52.967Z INFO  worker::batch_maker] Batch NacjMZ8fI6NPgfeTt4YWVFGUMD92tahblw5vUgU7Z/w= contains 204800 B
[2026-04-19T03:25:53.019Z INFO  worker::batch_maker] Batch WUiNsSA8N9HValLiOXfPp3d06HGvmTVVdp7odXt3rtM= contains sample tx 1165
[2026-04-19T03:25:53.019Z INFO  worker::batch_maker] Batch WUiNsSA8N9HValLiOXfPp3d06HGvmTVVdp7odXt3rtM= contains 204800 B
[2026-04-19T03:25:53.072Z INFO  worker::batch_maker] Batch LJId0nDHaMNvfs3DdD/WdcPo/wIIqceSf36RLtGJ/7M= contains sample tx 1166
[2026-04-19T03:25:53.072Z INFO  worker::batch_maker] Batch LJId0nDHaMNvfs3DdD/WdcPo/wIIqceSf36RLtGJ/7M= contains 204800 B
[2026-04-19T03:25:53.124Z INFO  worker::batch_maker] Batch YSgDs/jMS5LTjmCOciwaoaBUFX5R+TXrXAsWH5PJrs4= contains sample tx 1167
[2026-04-19T03:25:53.124Z INFO  worker::batch_maker] Batch YSgDs/jMS5LTjmCOciwaoaBUFX5R+TXrXAsWH5PJrs4= contains 204800 B
[2026-04-19T03:25:53.177Z INFO  worker::batch_maker] Batch IER2HIP/K/+GXqYHM4xsXUTIZwXOuFFUEuh4xW7kQAc= contains sample tx 1168
[2026-04-19T03:25:53.177Z INFO  worker::batch_maker] Batch IER2HIP/K/+GXqYHM4xsXUTIZwXOuFFUEuh4xW7kQAc= contains 204800 B
[2026-04-19T03:25:53.230Z INFO  worker::batch_maker] Batch +ETrzZKxCasFk2aQluqyT8b2iAjLYJSyYnnsnLHgOgE= contains sample tx 1169
[2026-04-19T03:25:53.230Z INFO  worker::batch_maker] Batch +ETrzZKxCasFk2aQluqyT8b2iAjLYJSyYnnsnLHgOgE= contains 204800 B
[2026-04-19T03:25:53.285Z INFO  worker::batch_maker] Batch kfE3Y9RDlMVFTHDMzkg5PmA2zzjKE85y+ex9AbFyy7s= contains sample tx 1170
[2026-04-19T03:25:53.285Z INFO  worker::batch_maker] Batch kfE3Y9RDlMVFTHDMzkg5PmA2zzjKE85y+ex9AbFyy7s= contains 204800 B
[2026-04-19T03:25:53.338Z INFO  worker::batch_maker] Batch 2tlBkKFWT0she6scdA+LjFYUudCgwi3hEtpmEOFgGq0= contains sample tx 1171
[2026-04-19T03:25:53.338Z INFO  worker::batch_maker] Batch 2tlBkKFWT0she6scdA+LjFYUudCgwi3hEtpmEOFgGq0= contains 204800 B
[2026-04-19T03:25:53.391Z INFO  worker::batch_maker] Batch OQIOVnUUvoT81eWOxj8Lx92tKEH2aPsS3rfsTCkQGhY= contains sample tx 1172
[2026-04-19T03:25:53.391Z INFO  worker::batch_maker] Batch OQIOVnUUvoT81eWOxj8Lx92tKEH2aPsS3rfsTCkQGhY= contains 204800 B
[2026-04-19T03:25:53.443Z INFO  worker::batch_maker] Batch C5L69npHw6XbOG9rL+Til1WKiLZVm03RdhHyj19uad4= contains sample tx 1173
[2026-04-19T03:25:53.443Z INFO  worker::batch_maker] Batch C5L69npHw6XbOG9rL+Til1WKiLZVm03RdhHyj19uad4= contains 204800 B
[2026-04-19T03:25:53.496Z INFO  worker::batch_maker] Batch kZ7pcB2BSPWAR4Cvik9Hm1CQB9x/bynwqThzAWGlbwI= contains sample tx 1174
[2026-04-19T03:25:53.496Z INFO  worker::batch_maker] Batch kZ7pcB2BSPWAR4Cvik9Hm1CQB9x/bynwqThzAWGlbwI= contains 204800 B
[2026-04-19T03:25:53.550Z INFO  worker::batch_maker] Batch G9iBl6DI1zPqv9x3fkSSGNb4WEc6jlmzXGgc4a9ZqKo= contains sample tx 1175
[2026-04-19T03:25:53.550Z INFO  worker::batch_maker] Batch G9iBl6DI1zPqv9x3fkSSGNb4WEc6jlmzXGgc4a9ZqKo= contains 216064 B
[2026-04-19T03:25:53.605Z INFO  worker::batch_maker] Batch jTBR+FCdhE9y6q+f/CNpI6C7AEv235A2GnahAAwAzn8= contains sample tx 1176
[2026-04-19T03:25:53.605Z INFO  worker::batch_maker] Batch jTBR+FCdhE9y6q+f/CNpI6C7AEv235A2GnahAAwAzn8= contains sample tx 1177
[2026-04-19T03:25:53.605Z INFO  worker::batch_maker] Batch jTBR+FCdhE9y6q+f/CNpI6C7AEv235A2GnahAAwAzn8= contains 398336 B
[2026-04-19T03:25:53.659Z INFO  worker::batch_maker] Batch KErlpz5CIoNjx3r5DsWKVcpg7YmA+HII0GMvkh8u0I8= contains sample tx 1178
[2026-04-19T03:25:53.659Z INFO  worker::batch_maker] Batch KErlpz5CIoNjx3r5DsWKVcpg7YmA+HII0GMvkh8u0I8= contains 204800 B
[2026-04-19T03:25:53.712Z INFO  worker::batch_maker] Batch Q3pk0URrjKBzCbebalM+2sthIgMX0FbzgWtO6COxdCw= contains sample tx 1179
[2026-04-19T03:25:53.712Z INFO  worker::batch_maker] Batch Q3pk0URrjKBzCbebalM+2sthIgMX0FbzgWtO6COxdCw= contains 204800 B
[2026-04-19T03:25:53.765Z INFO  worker::batch_maker] Batch 2CE41ju+b0qtoJuOcvS8aUo9IC0vqgHEX49NQIMsNjY= contains sample tx 1180
[2026-04-19T03:25:53.765Z INFO  worker::batch_maker] Batch 2CE41ju+b0qtoJuOcvS8aUo9IC0vqgHEX49NQIMsNjY= contains 204800 B
[2026-04-19T03:25:53.817Z INFO  worker::batch_maker] Batch 13sCcj+uD18Xr1eSi3vpoXsEN7+fbC1+udtWmBQ1g24= contains sample tx 1181
[2026-04-19T03:25:53.817Z INFO  worker::batch_maker] Batch 13sCcj+uD18Xr1eSi3vpoXsEN7+fbC1+udtWmBQ1g24= contains 204800 B
[2026-04-19T03:25:53.869Z INFO  worker::batch_maker] Batch G3yX7rJs/eIkJ0TpbFzBP8xBrOe3bcmgU+MWUxW61Ts= contains sample tx 1182
[2026-04-19T03:25:53.869Z INFO  worker::batch_maker] Batch G3yX7rJs/eIkJ0TpbFzBP8xBrOe3bcmgU+MWUxW61Ts= contains 204800 B
[2026-04-19T03:25:53.922Z INFO  worker::batch_maker] Batch YzuaAlmkkyU3J8KUt+MWGeJ+sWmQqqelZStTSx0oDiE= contains sample tx 1183
[2026-04-19T03:25:53.922Z INFO  worker::batch_maker] Batch YzuaAlmkkyU3J8KUt+MWGeJ+sWmQqqelZStTSx0oDiE= contains 204800 B
[2026-04-19T03:25:53.975Z INFO  worker::batch_maker] Batch 4j62kot3o06yUzAsoVT8T7NJpAECjpxjlJbVVQi7IG0= contains sample tx 1184
[2026-04-19T03:25:53.975Z INFO  worker::batch_maker] Batch 4j62kot3o06yUzAsoVT8T7NJpAECjpxjlJbVVQi7IG0= contains 204800 B
[2026-04-19T03:25:54.028Z INFO  worker::batch_maker] Batch hCouJRBa4GERYWRll/3KH3xw04r77d0YdRV13+MlObY= contains sample tx 1185
[2026-04-19T03:25:54.028Z INFO  worker::batch_maker] Batch hCouJRBa4GERYWRll/3KH3xw04r77d0YdRV13+MlObY= contains 204800 B
[2026-04-19T03:25:54.082Z INFO  worker::batch_maker] Batch cIpXP5h89MO55FMoHShQ0KN7Dv67a8ptCnuK7oCv0z8= contains sample tx 1186
[2026-04-19T03:25:54.083Z INFO  worker::batch_maker] Batch cIpXP5h89MO55FMoHShQ0KN7Dv67a8ptCnuK7oCv0z8= contains 204800 B
[2026-04-19T03:25:54.136Z INFO  worker::batch_maker] Batch iwVhC5rNt8CO1vkO9Lz6o+vMHbTnhUpslRr8PCLpHy0= contains sample tx 1187
[2026-04-19T03:25:54.136Z INFO  worker::batch_maker] Batch iwVhC5rNt8CO1vkO9Lz6o+vMHbTnhUpslRr8PCLpHy0= contains 204800 B
[2026-04-19T03:25:54.189Z INFO  worker::batch_maker] Batch Qfjpc2wYPzO4vACZ5Gw0ycHYSLijmUMGzoDbdSKiCuI= contains sample tx 1188
[2026-04-19T03:25:54.189Z INFO  worker::batch_maker] Batch Qfjpc2wYPzO4vACZ5Gw0ycHYSLijmUMGzoDbdSKiCuI= contains 204800 B
[2026-04-19T03:25:54.241Z INFO  worker::batch_maker] Batch BQvdXWFFSxw4BXtB/Hblge3esl55hMRgTNeZSf0LYU8= contains sample tx 1189
[2026-04-19T03:25:54.262Z INFO  worker::batch_maker] Batch BQvdXWFFSxw4BXtB/Hblge3esl55hMRgTNeZSf0LYU8= contains 204800 B
[2026-04-19T03:25:54.317Z INFO  worker::batch_maker] Batch zncOsUaEau9yJSzSh4Qm6707LjEFjtntsip+3bfV7F0= contains sample tx 1190
[2026-04-19T03:25:54.317Z INFO  worker::batch_maker] Batch zncOsUaEau9yJSzSh4Qm6707LjEFjtntsip+3bfV7F0= contains sample tx 1191
[2026-04-19T03:25:54.317Z INFO  worker::batch_maker] Batch zncOsUaEau9yJSzSh4Qm6707LjEFjtntsip+3bfV7F0= contains 409600 B
[2026-04-19T03:25:54.370Z INFO  worker::batch_maker] Batch vOFA6G3uQ3sbY2lPVeA0igOqqQTCByP1qP2NjaNrpjY= contains sample tx 1192
[2026-04-19T03:25:54.370Z INFO  worker::batch_maker] Batch vOFA6G3uQ3sbY2lPVeA0igOqqQTCByP1qP2NjaNrpjY= contains 204800 B
[2026-04-19T03:25:54.423Z INFO  worker::batch_maker] Batch w9pFICxAaA4tRxlBtHtNcWzGEHliqUoCnmwq37H3Kpg= contains sample tx 1193
[2026-04-19T03:25:54.424Z INFO  worker::batch_maker] Batch w9pFICxAaA4tRxlBtHtNcWzGEHliqUoCnmwq37H3Kpg= contains 204800 B
[2026-04-19T03:25:54.476Z INFO  worker::batch_maker] Batch o9ukbfhutEJDmYoVDwI9oDhj82yfdmiJgcS4sjTVtqQ= contains sample tx 1194
[2026-04-19T03:25:54.477Z INFO  worker::batch_maker] Batch o9ukbfhutEJDmYoVDwI9oDhj82yfdmiJgcS4sjTVtqQ= contains 204800 B
[2026-04-19T03:25:54.530Z INFO  worker::batch_maker] Batch VU0Xp1m5CCAJWC3+5SWpFFYJax5jXNoTLipDxiTbzyo= contains sample tx 1195
[2026-04-19T03:25:54.530Z INFO  worker::batch_maker] Batch VU0Xp1m5CCAJWC3+5SWpFFYJax5jXNoTLipDxiTbzyo= contains 204800 B
[2026-04-19T03:25:54.583Z INFO  worker::batch_maker] Batch TRSnlxnVuqQ29IClJ4MkZsX58+tCJRplZ3LbAyx9gHA= contains sample tx 1196
[2026-04-19T03:25:54.583Z INFO  worker::batch_maker] Batch TRSnlxnVuqQ29IClJ4MkZsX58+tCJRplZ3LbAyx9gHA= contains 204800 B
[2026-04-19T03:25:54.637Z INFO  worker::batch_maker] Batch U73O5z7jRNmjJYOkMsXxEVXBVoDhuaM+72Ai2pNTX58= contains sample tx 1197
[2026-04-19T03:25:54.637Z INFO  worker::batch_maker] Batch U73O5z7jRNmjJYOkMsXxEVXBVoDhuaM+72Ai2pNTX58= contains 204800 B
[2026-04-19T03:25:54.690Z INFO  worker::batch_maker] Batch pCAtcbri3XBgYHUH+pvsSmuesFH26Wjp+8xedmCk5O0= contains sample tx 1198
[2026-04-19T03:25:54.690Z INFO  worker::batch_maker] Batch pCAtcbri3XBgYHUH+pvsSmuesFH26Wjp+8xedmCk5O0= contains 204800 B
[2026-04-19T03:25:54.743Z INFO  worker::batch_maker] Batch Ku9kEFoUr341N/fNBZh3aqS+LaHJsAEcdHzoQJs2LRs= contains sample tx 1199
[2026-04-19T03:25:54.743Z INFO  worker::batch_maker] Batch Ku9kEFoUr341N/fNBZh3aqS+LaHJsAEcdHzoQJs2LRs= contains 204800 B
[2026-04-19T03:25:54.794Z INFO  worker::batch_maker] Batch GxgqshTQrPJd8CRv0+YJqHNcCPLWq4BhYTkrrzlUvrE= contains sample tx 1200
[2026-04-19T03:25:54.794Z INFO  worker::batch_maker] Batch GxgqshTQrPJd8CRv0+YJqHNcCPLWq4BhYTkrrzlUvrE= contains 204800 B
[2026-04-19T03:25:54.848Z INFO  worker::batch_maker] Batch LEM9a2pEXy0ziUGsMrXqIDFoenwlQj9aYv1We4pAgi8= contains sample tx 1201
[2026-04-19T03:25:54.848Z INFO  worker::batch_maker] Batch LEM9a2pEXy0ziUGsMrXqIDFoenwlQj9aYv1We4pAgi8= contains 204800 B
[2026-04-19T03:25:54.901Z INFO  worker::batch_maker] Batch wxYZNnoapcz7YCFIGIZXiMVBVzHzbVCaNPeJvsrPEyA= contains sample tx 1202
[2026-04-19T03:25:54.901Z INFO  worker::batch_maker] Batch wxYZNnoapcz7YCFIGIZXiMVBVzHzbVCaNPeJvsrPEyA= contains sample tx 1203
[2026-04-19T03:25:54.901Z INFO  worker::batch_maker] Batch wxYZNnoapcz7YCFIGIZXiMVBVzHzbVCaNPeJvsrPEyA= contains 247296 B
[2026-04-19T03:25:54.956Z INFO  worker::batch_maker] Batch 7o6A7eBuHIkIdoxmG9Q9fg24NBWvwCxhE/rV/11fI+g= contains sample tx 1204
[2026-04-19T03:25:54.956Z INFO  worker::batch_maker] Batch 7o6A7eBuHIkIdoxmG9Q9fg24NBWvwCxhE/rV/11fI+g= contains 367104 B
[2026-04-19T03:25:55.010Z INFO  worker::batch_maker] Batch A1IAzDF+fS35IeGEAbX2ijTmiFNyjohmGWapPiJz584= contains sample tx 1205
[2026-04-19T03:25:55.010Z INFO  worker::batch_maker] Batch A1IAzDF+fS35IeGEAbX2ijTmiFNyjohmGWapPiJz584= contains 204800 B
[2026-04-19T03:25:55.063Z INFO  worker::batch_maker] Batch 1w/0+LrPDSnuZp+rfCeX13mrcKQXO6W3CVc4+yneBIw= contains sample tx 1206
[2026-04-19T03:25:55.063Z INFO  worker::batch_maker] Batch 1w/0+LrPDSnuZp+rfCeX13mrcKQXO6W3CVc4+yneBIw= contains 204800 B
[2026-04-19T03:25:55.117Z INFO  worker::batch_maker] Batch zqpWkxFSS2TerJjSRxL4+8R7uPwzODwNBhPDxj6lBr4= contains sample tx 1207
[2026-04-19T03:25:55.117Z INFO  worker::batch_maker] Batch zqpWkxFSS2TerJjSRxL4+8R7uPwzODwNBhPDxj6lBr4= contains 204800 B
[2026-04-19T03:25:55.169Z INFO  worker::batch_maker] Batch Re3xctQfXardQIevHcU3PdrKTMJVjYsmv92hCElFSHg= contains sample tx 1208
[2026-04-19T03:25:55.169Z INFO  worker::batch_maker] Batch Re3xctQfXardQIevHcU3PdrKTMJVjYsmv92hCElFSHg= contains 204800 B
[2026-04-19T03:25:55.221Z INFO  worker::batch_maker] Batch 7w2pp2hn41brPMiQfgYHmBwySQlE+fukYPG4Zz2372A= contains sample tx 1209
[2026-04-19T03:25:55.221Z INFO  worker::batch_maker] Batch 7w2pp2hn41brPMiQfgYHmBwySQlE+fukYPG4Zz2372A= contains 204800 B
[2026-04-19T03:25:55.274Z INFO  worker::batch_maker] Batch d+NMbRK0klYce4DuT32Unh8+szFWGgdefODy7uoQDEk= contains sample tx 1210
[2026-04-19T03:25:55.274Z INFO  worker::batch_maker] Batch d+NMbRK0klYce4DuT32Unh8+szFWGgdefODy7uoQDEk= contains 204800 B
[2026-04-19T03:25:55.327Z INFO  worker::batch_maker] Batch iW8d92e8uBRxDbt769l6iYJRm+G5uf8XC0dCpTB0m8Y= contains sample tx 1211
[2026-04-19T03:25:55.327Z INFO  worker::batch_maker] Batch iW8d92e8uBRxDbt769l6iYJRm+G5uf8XC0dCpTB0m8Y= contains 204800 B
[2026-04-19T03:25:55.379Z INFO  worker::batch_maker] Batch nmdDN+Npr4d9f/D4EE4nObQIAphK0TW14sC4VnJibYM= contains sample tx 1212
[2026-04-19T03:25:55.380Z INFO  worker::batch_maker] Batch nmdDN+Npr4d9f/D4EE4nObQIAphK0TW14sC4VnJibYM= contains 204800 B
[2026-04-19T03:25:55.433Z INFO  worker::batch_maker] Batch gDlkqrQNAPvUl6W1QqqvlpSC4IHD5CIK8vNE0xKaXlk= contains sample tx 1213
[2026-04-19T03:25:55.433Z INFO  worker::batch_maker] Batch gDlkqrQNAPvUl6W1QqqvlpSC4IHD5CIK8vNE0xKaXlk= contains 204800 B
[2026-04-19T03:25:55.487Z INFO  worker::batch_maker] Batch DPFYgACuaWdY2mrEgaUNhS/ORRexQYnCpCePfVHtU/w= contains sample tx 1214
[2026-04-19T03:25:55.487Z INFO  worker::batch_maker] Batch DPFYgACuaWdY2mrEgaUNhS/ORRexQYnCpCePfVHtU/w= contains 204800 B
[2026-04-19T03:25:55.539Z INFO  worker::batch_maker] Batch H9Ihgq2SIw9Ssl2zO4NY0OpY4zwGbZobSgU893V+uDo= contains sample tx 1215
[2026-04-19T03:25:55.539Z INFO  worker::batch_maker] Batch H9Ihgq2SIw9Ssl2zO4NY0OpY4zwGbZobSgU893V+uDo= contains 204800 B
[2026-04-19T03:25:55.593Z INFO  worker::batch_maker] Batch apkiWWAaa7K1ouupzDbuEiyv5mOj+DhbQkvQ/Sodgv4= contains sample tx 1216
[2026-04-19T03:25:55.593Z INFO  worker::batch_maker] Batch apkiWWAaa7K1ouupzDbuEiyv5mOj+DhbQkvQ/Sodgv4= contains 204800 B
[2026-04-19T03:25:55.647Z INFO  worker::batch_maker] Batch CumCAF5KzuL8QLnsTZEML+9a7HPNx2y+hAQTfjnyIK8= contains sample tx 1217
[2026-04-19T03:25:55.647Z INFO  worker::batch_maker] Batch CumCAF5KzuL8QLnsTZEML+9a7HPNx2y+hAQTfjnyIK8= contains 204800 B
[2026-04-19T03:25:55.699Z INFO  worker::batch_maker] Batch OY5U+PaLr5bfJNzA4mvWQUSNHq467RLm76viQI55Nfs= contains sample tx 1218
[2026-04-19T03:25:55.699Z INFO  worker::batch_maker] Batch OY5U+PaLr5bfJNzA4mvWQUSNHq467RLm76viQI55Nfs= contains sample tx 1219
[2026-04-19T03:25:55.699Z INFO  worker::batch_maker] Batch OY5U+PaLr5bfJNzA4mvWQUSNHq467RLm76viQI55Nfs= contains 233984 B
[2026-04-19T03:25:55.753Z INFO  worker::batch_maker] Batch GA+UoZYxEPuemwN2/s7mzoHdkc1pQi1EM41UtXcKzVY= contains sample tx 1220
[2026-04-19T03:25:55.753Z INFO  worker::batch_maker] Batch GA+UoZYxEPuemwN2/s7mzoHdkc1pQi1EM41UtXcKzVY= contains 380416 B
[2026-04-19T03:25:55.805Z INFO  worker::batch_maker] Batch 2uNvxnLTgtL+tM4sEJYA/JfyROjmb+c8Ad2xbMbXCPc= contains sample tx 1221
[2026-04-19T03:25:55.806Z INFO  worker::batch_maker] Batch 2uNvxnLTgtL+tM4sEJYA/JfyROjmb+c8Ad2xbMbXCPc= contains 204800 B
[2026-04-19T03:25:55.858Z INFO  worker::batch_maker] Batch 8tZBRz0XeUVVNGcxsFecKJXfcWMKCsy+twgdTxnwdw4= contains sample tx 1222
[2026-04-19T03:25:55.858Z INFO  worker::batch_maker] Batch 8tZBRz0XeUVVNGcxsFecKJXfcWMKCsy+twgdTxnwdw4= contains 204800 B
[2026-04-19T03:25:55.912Z INFO  worker::batch_maker] Batch X3znXRFZz3kRdzBf20/6P31Rf7ktx3vsWYDYLTkyf+0= contains sample tx 1223
[2026-04-19T03:25:55.912Z INFO  worker::batch_maker] Batch X3znXRFZz3kRdzBf20/6P31Rf7ktx3vsWYDYLTkyf+0= contains 204800 B
[2026-04-19T03:25:55.964Z INFO  worker::batch_maker] Batch FDr/o2n/dUuyV/1MtuCPbDz6N2bKM/w37JnH63aK31c= contains sample tx 1224
[2026-04-19T03:25:55.964Z INFO  worker::batch_maker] Batch FDr/o2n/dUuyV/1MtuCPbDz6N2bKM/w37JnH63aK31c= contains 204800 B
[2026-04-19T03:25:56.017Z INFO  worker::batch_maker] Batch BNcXa+s1/pBRBMHl+kGyEtQml1mwtLqwqfPMhi0NYfA= contains sample tx 1225
[2026-04-19T03:25:56.017Z INFO  worker::batch_maker] Batch BNcXa+s1/pBRBMHl+kGyEtQml1mwtLqwqfPMhi0NYfA= contains 204800 B
[2026-04-19T03:25:56.070Z INFO  worker::batch_maker] Batch aJKnw3Uun0t0DZKOskaHSbnONCSmBJ9gKPl2YFkd+pk= contains sample tx 1226
[2026-04-19T03:25:56.070Z INFO  worker::batch_maker] Batch aJKnw3Uun0t0DZKOskaHSbnONCSmBJ9gKPl2YFkd+pk= contains 204800 B
[2026-04-19T03:25:56.124Z INFO  worker::batch_maker] Batch UYa0O/wD/NDNYsynpUr2oRn4wlj9JZD31+bK1yPjZD0= contains sample tx 1227
[2026-04-19T03:25:56.124Z INFO  worker::batch_maker] Batch UYa0O/wD/NDNYsynpUr2oRn4wlj9JZD31+bK1yPjZD0= contains 204800 B
[2026-04-19T03:25:56.176Z INFO  worker::batch_maker] Batch RFd5Q/vMtxGyoqhniyHHZkFLfv7j1tiwTejdJYhqsQ8= contains sample tx 1228
[2026-04-19T03:25:56.176Z INFO  worker::batch_maker] Batch RFd5Q/vMtxGyoqhniyHHZkFLfv7j1tiwTejdJYhqsQ8= contains 204800 B
[2026-04-19T03:25:56.228Z INFO  worker::batch_maker] Batch B9QFE+EL22y7iuyr4g5+wBmtfG7329xjTtcxwwg99Lo= contains sample tx 1229
[2026-04-19T03:25:56.228Z INFO  worker::batch_maker] Batch B9QFE+EL22y7iuyr4g5+wBmtfG7329xjTtcxwwg99Lo= contains 204800 B
[2026-04-19T03:25:56.281Z INFO  worker::batch_maker] Batch 5mp39dQSZ67UNqtvMb8HlzpXPaMXpg+ElQCxKjJ9efc= contains sample tx 1230
[2026-04-19T03:25:56.281Z INFO  worker::batch_maker] Batch 5mp39dQSZ67UNqtvMb8HlzpXPaMXpg+ElQCxKjJ9efc= contains 204800 B
[2026-04-19T03:25:56.334Z INFO  worker::batch_maker] Batch 24osNsxgFBsxAhBwV4IXWb6qNdaYxvJfvl4nk1M99l4= contains sample tx 1231
[2026-04-19T03:25:56.334Z INFO  worker::batch_maker] Batch 24osNsxgFBsxAhBwV4IXWb6qNdaYxvJfvl4nk1M99l4= contains 204800 B
[2026-04-19T03:25:56.389Z INFO  worker::batch_maker] Batch 00Rpc34vLsXjy1SjeMB2CLWiBjWwW58GX3X7nt0E+HQ= contains sample tx 1232
[2026-04-19T03:25:56.389Z INFO  worker::batch_maker] Batch 00Rpc34vLsXjy1SjeMB2CLWiBjWwW58GX3X7nt0E+HQ= contains 204800 B
[2026-04-19T03:25:56.441Z INFO  worker::batch_maker] Batch hZx3IjIsOdQeCnLrPJdb+nK//UbphbtTsd6j6SaiNUw= contains sample tx 1233
[2026-04-19T03:25:56.441Z INFO  worker::batch_maker] Batch hZx3IjIsOdQeCnLrPJdb+nK//UbphbtTsd6j6SaiNUw= contains 204800 B
[2026-04-19T03:25:56.493Z INFO  worker::batch_maker] Batch Y4bk7c9oDU5jGGw+XGSdmCzuZ+LHTR30bHYtZ5SS+YE= contains sample tx 1234
[2026-04-19T03:25:56.493Z INFO  worker::batch_maker] Batch Y4bk7c9oDU5jGGw+XGSdmCzuZ+LHTR30bHYtZ5SS+YE= contains 204800 B
[2026-04-19T03:25:56.547Z INFO  worker::batch_maker] Batch zxSZN3odNSL+vehhE3dJLgdfdbEohHUs5+P2Kf3cX6E= contains sample tx 1235
[2026-04-19T03:25:56.547Z INFO  worker::batch_maker] Batch zxSZN3odNSL+vehhE3dJLgdfdbEohHUs5+P2Kf3cX6E= contains 204800 B
[2026-04-19T03:25:56.599Z INFO  worker::batch_maker] Batch /0PFLb0yLj48CoDVB3oMyYYmOMSDkfEYrtP8Qigpc8M= contains sample tx 1236
[2026-04-19T03:25:56.599Z INFO  worker::batch_maker] Batch /0PFLb0yLj48CoDVB3oMyYYmOMSDkfEYrtP8Qigpc8M= contains 210432 B
[2026-04-19T03:25:56.653Z INFO  worker::batch_maker] Batch 6n5dH+ywHDSOFBdPFN0+x1XCoCHHBCNLDwxF7e+n/vM= contains sample tx 1237
[2026-04-19T03:25:56.653Z INFO  worker::batch_maker] Batch 6n5dH+ywHDSOFBdPFN0+x1XCoCHHBCNLDwxF7e+n/vM= contains sample tx 1238
[2026-04-19T03:25:56.653Z INFO  worker::batch_maker] Batch 6n5dH+ywHDSOFBdPFN0+x1XCoCHHBCNLDwxF7e+n/vM= contains 333312 B
[2026-04-19T03:25:56.707Z INFO  worker::batch_maker] Batch sCSAHUoFX7Fp9WZEfgRw+X8LdVEflgVfJl7I/0xQckk= contains sample tx 1239
[2026-04-19T03:25:56.707Z INFO  worker::batch_maker] Batch sCSAHUoFX7Fp9WZEfgRw+X8LdVEflgVfJl7I/0xQckk= contains 275456 B
[2026-04-19T03:25:56.760Z INFO  worker::batch_maker] Batch uq0k/DJj5tujngkLuuE1SWnkfMh+R/d76PjC4A2PR20= contains sample tx 1240
[2026-04-19T03:25:56.760Z INFO  worker::batch_maker] Batch uq0k/DJj5tujngkLuuE1SWnkfMh+R/d76PjC4A2PR20= contains 204800 B
[2026-04-19T03:25:56.813Z INFO  worker::batch_maker] Batch ELEjImumwFyaHvy8fT0PCsp1b3XnQ0LjotsQ0jIo59A= contains sample tx 1241
[2026-04-19T03:25:56.813Z INFO  worker::batch_maker] Batch ELEjImumwFyaHvy8fT0PCsp1b3XnQ0LjotsQ0jIo59A= contains 204800 B
[2026-04-19T03:25:56.865Z INFO  worker::batch_maker] Batch IzyYwgSkog3pmBIfz1hOJvCJPmRFzrXyjtDL/48/FJ0= contains sample tx 1242
[2026-04-19T03:25:56.866Z INFO  worker::batch_maker] Batch IzyYwgSkog3pmBIfz1hOJvCJPmRFzrXyjtDL/48/FJ0= contains 204800 B
[2026-04-19T03:25:56.919Z INFO  worker::batch_maker] Batch yBzyWtLZqL801A1gXolQHe6OSy5Xk5FG2Deuxs51hEc= contains sample tx 1243
[2026-04-19T03:25:56.919Z INFO  worker::batch_maker] Batch yBzyWtLZqL801A1gXolQHe6OSy5Xk5FG2Deuxs51hEc= contains 204800 B
[2026-04-19T03:25:56.973Z INFO  worker::batch_maker] Batch qxFbAbWKNiTPzcDzgzw/VdBfjWoPiyeJL+ffD5hhajU= contains sample tx 1244
[2026-04-19T03:25:56.973Z INFO  worker::batch_maker] Batch qxFbAbWKNiTPzcDzgzw/VdBfjWoPiyeJL+ffD5hhajU= contains 204800 B
[2026-04-19T03:25:57.026Z INFO  worker::batch_maker] Batch A/SsG9jss/IRtdBw7fVPIGwJUncF0kk4Gy1xDpdb5ko= contains sample tx 1245
[2026-04-19T03:25:57.026Z INFO  worker::batch_maker] Batch A/SsG9jss/IRtdBw7fVPIGwJUncF0kk4Gy1xDpdb5ko= contains 204800 B
[2026-04-19T03:25:57.078Z INFO  worker::batch_maker] Batch /NLjzgs87Kv1T/SX2ND8z9klJvKMOXo6Nr9CdIzg+6E= contains sample tx 1246
[2026-04-19T03:25:57.078Z INFO  worker::batch_maker] Batch /NLjzgs87Kv1T/SX2ND8z9klJvKMOXo6Nr9CdIzg+6E= contains 204800 B
[2026-04-19T03:25:57.132Z INFO  worker::batch_maker] Batch JqFSwZaNMGjbj2cYhvfYPeYp0aVK7EL/cQdKoEgAd3s= contains sample tx 1247
[2026-04-19T03:25:57.132Z INFO  worker::batch_maker] Batch JqFSwZaNMGjbj2cYhvfYPeYp0aVK7EL/cQdKoEgAd3s= contains 204800 B
[2026-04-19T03:25:57.185Z INFO  worker::batch_maker] Batch AjUmgHIx69Qy7o+iPKsmSJMa8NFWIASyRzl7LtU5uh4= contains sample tx 1248
[2026-04-19T03:25:57.185Z INFO  worker::batch_maker] Batch AjUmgHIx69Qy7o+iPKsmSJMa8NFWIASyRzl7LtU5uh4= contains 204800 B
[2026-04-19T03:25:57.237Z INFO  worker::batch_maker] Batch xa8USzSjGkpby9+JG+WWuxq9+PHEarsSRqHeYPhJCxc= contains sample tx 1249
[2026-04-19T03:25:57.237Z INFO  worker::batch_maker] Batch xa8USzSjGkpby9+JG+WWuxq9+PHEarsSRqHeYPhJCxc= contains 204800 B
[2026-04-19T03:25:57.290Z INFO  worker::batch_maker] Batch 0ucv9bXrlJ2iF74AWJWht2Si02I0hZkqrmWjxjM6GJA= contains sample tx 1250
[2026-04-19T03:25:57.290Z INFO  worker::batch_maker] Batch 0ucv9bXrlJ2iF74AWJWht2Si02I0hZkqrmWjxjM6GJA= contains 204800 B
[2026-04-19T03:25:57.344Z INFO  worker::batch_maker] Batch iYCPt8W3zyNeeidRIpdY5FN67dwXXww9GYl3BwnhazU= contains sample tx 1251
[2026-04-19T03:25:57.344Z INFO  worker::batch_maker] Batch iYCPt8W3zyNeeidRIpdY5FN67dwXXww9GYl3BwnhazU= contains 204800 B
[2026-04-19T03:25:57.397Z INFO  worker::batch_maker] Batch NjcnPwCTZNHABYvzuz3T+tsmGxaEmU+HZRrXF9iuiTE= contains sample tx 1252
[2026-04-19T03:25:57.397Z INFO  worker::batch_maker] Batch NjcnPwCTZNHABYvzuz3T+tsmGxaEmU+HZRrXF9iuiTE= contains 204800 B
[2026-04-19T03:25:57.451Z INFO  worker::batch_maker] Batch iTyqw0k6zyKbpXgNaGO6ovmrFk2qB9RdobK3sRNU/K0= contains sample tx 1253
[2026-04-19T03:25:57.451Z INFO  worker::batch_maker] Batch iTyqw0k6zyKbpXgNaGO6ovmrFk2qB9RdobK3sRNU/K0= contains sample tx 1254
[2026-04-19T03:25:57.451Z INFO  worker::batch_maker] Batch iTyqw0k6zyKbpXgNaGO6ovmrFk2qB9RdobK3sRNU/K0= contains 251904 B
[2026-04-19T03:25:57.506Z INFO  worker::batch_maker] Batch 7MGbrWuy3tUBaBPJ9Bt95J8sImGuLUp0+Oh1mtlLUQg= contains sample tx 1255
[2026-04-19T03:25:57.506Z INFO  worker::batch_maker] Batch 7MGbrWuy3tUBaBPJ9Bt95J8sImGuLUp0+Oh1mtlLUQg= contains 362496 B
[2026-04-19T03:25:57.558Z INFO  worker::batch_maker] Batch hxEMuQzFjnvtKtdcnolu/VbIAl9GPOJmotBLXJvVhTk= contains sample tx 1256
[2026-04-19T03:25:57.558Z INFO  worker::batch_maker] Batch hxEMuQzFjnvtKtdcnolu/VbIAl9GPOJmotBLXJvVhTk= contains 204800 B
[2026-04-19T03:25:57.611Z INFO  worker::batch_maker] Batch Mxob+hsuCgQ31I+KAWg6wlkBIAm+y/wPaE5KTyegLA0= contains sample tx 1257
[2026-04-19T03:25:57.611Z INFO  worker::batch_maker] Batch Mxob+hsuCgQ31I+KAWg6wlkBIAm+y/wPaE5KTyegLA0= contains 204800 B
[2026-04-19T03:25:57.663Z INFO  worker::batch_maker] Batch 5OeQ99JKt9QDDk7XMfViBskX2H2oG4/yZa8rOTISki4= contains sample tx 1258
[2026-04-19T03:25:57.663Z INFO  worker::batch_maker] Batch 5OeQ99JKt9QDDk7XMfViBskX2H2oG4/yZa8rOTISki4= contains 204800 B
[2026-04-19T03:25:57.716Z INFO  worker::batch_maker] Batch K4U8ZySS9t6OyLfHb0+2zBItujwEv4bTLlMB5Zksqpc= contains sample tx 1259
[2026-04-19T03:25:57.716Z INFO  worker::batch_maker] Batch K4U8ZySS9t6OyLfHb0+2zBItujwEv4bTLlMB5Zksqpc= contains 204800 B
[2026-04-19T03:25:57.768Z INFO  worker::batch_maker] Batch pzJYG3grIAGQmJZ0QQcnGzSmE4rs3ARhDNg4dSdknbM= contains sample tx 1260
[2026-04-19T03:25:57.768Z INFO  worker::batch_maker] Batch pzJYG3grIAGQmJZ0QQcnGzSmE4rs3ARhDNg4dSdknbM= contains 204800 B
[2026-04-19T03:25:57.820Z INFO  worker::batch_maker] Batch l1jvYX8k7e29d6ko4am0FjycbtJk47gR+l/+9mPeOS4= contains sample tx 1261
[2026-04-19T03:25:57.820Z INFO  worker::batch_maker] Batch l1jvYX8k7e29d6ko4am0FjycbtJk47gR+l/+9mPeOS4= contains 204800 B
[2026-04-19T03:25:57.873Z INFO  worker::batch_maker] Batch OtlVALJIKIEnLUEMnvcIhv+U9Fv4UGrHqqqtTpJQBC4= contains sample tx 1262
[2026-04-19T03:25:57.873Z INFO  worker::batch_maker] Batch OtlVALJIKIEnLUEMnvcIhv+U9Fv4UGrHqqqtTpJQBC4= contains 204800 B
[2026-04-19T03:25:57.925Z INFO  worker::batch_maker] Batch Is6Gr3RZ7yVrIqj4EWX9t3/1go5K2kp3fJ2kHxrZteQ= contains sample tx 1263
[2026-04-19T03:25:57.925Z INFO  worker::batch_maker] Batch Is6Gr3RZ7yVrIqj4EWX9t3/1go5K2kp3fJ2kHxrZteQ= contains 204800 B
[2026-04-19T03:25:57.978Z INFO  worker::batch_maker] Batch 7NRv9ki/gEB5+J3siVcVBhaZhsRPfQpx54o6YW2/tEw= contains sample tx 1264
[2026-04-19T03:25:57.978Z INFO  worker::batch_maker] Batch 7NRv9ki/gEB5+J3siVcVBhaZhsRPfQpx54o6YW2/tEw= contains 204800 B
[2026-04-19T03:25:58.030Z INFO  worker::batch_maker] Batch xwwegGZ2+6hmSfHcu8nOv6ga72uLn+3NV6yx5l8O1PA= contains sample tx 1265
[2026-04-19T03:25:58.030Z INFO  worker::batch_maker] Batch xwwegGZ2+6hmSfHcu8nOv6ga72uLn+3NV6yx5l8O1PA= contains 204800 B
[2026-04-19T03:25:58.083Z INFO  worker::batch_maker] Batch coEZKOXntfsgXokKDZ/QCUT5/D4Cb8hr98ekfxPkM/Q= contains sample tx 1266
[2026-04-19T03:25:58.083Z INFO  worker::batch_maker] Batch coEZKOXntfsgXokKDZ/QCUT5/D4Cb8hr98ekfxPkM/Q= contains 204800 B
[2026-04-19T03:25:58.137Z INFO  worker::batch_maker] Batch zUpc8JgyyONIktZOPbwFoWth26+bOvyDVgkp8cVwyxc= contains sample tx 1267
[2026-04-19T03:25:58.137Z INFO  worker::batch_maker] Batch zUpc8JgyyONIktZOPbwFoWth26+bOvyDVgkp8cVwyxc= contains 204800 B
[2026-04-19T03:25:58.191Z INFO  worker::batch_maker] Batch snyVeyjb+l3mx1sxYQPRIAfB0pTMac1Dgu29wiZy1ks= contains sample tx 1268
[2026-04-19T03:25:58.191Z INFO  worker::batch_maker] Batch snyVeyjb+l3mx1sxYQPRIAfB0pTMac1Dgu29wiZy1ks= contains 204800 B
[2026-04-19T03:25:58.245Z INFO  worker::batch_maker] Batch UIdryv39tm3XvXta68F1SZWxyYHoKTBFGtbwVfa8X+o= contains sample tx 1269
[2026-04-19T03:25:58.245Z INFO  worker::batch_maker] Batch UIdryv39tm3XvXta68F1SZWxyYHoKTBFGtbwVfa8X+o= contains 204800 B
[2026-04-19T03:25:58.298Z INFO  worker::batch_maker] Batch 6wjklDh28MQcV27WzxDW5XnpgsG0ZUukBwkAK+Uym3M= contains sample tx 1270
[2026-04-19T03:25:58.298Z INFO  worker::batch_maker] Batch 6wjklDh28MQcV27WzxDW5XnpgsG0ZUukBwkAK+Uym3M= contains 204800 B
[2026-04-19T03:25:58.351Z INFO  worker::batch_maker] Batch kcBoQ7xhEa9+x/m7qmBbvEaH8o7Ie2CZcNfwwmgbFno= contains sample tx 1271
[2026-04-19T03:25:58.351Z INFO  worker::batch_maker] Batch kcBoQ7xhEa9+x/m7qmBbvEaH8o7Ie2CZcNfwwmgbFno= contains sample tx 1272
[2026-04-19T03:25:58.351Z INFO  worker::batch_maker] Batch kcBoQ7xhEa9+x/m7qmBbvEaH8o7Ie2CZcNfwwmgbFno= contains 375808 B
[2026-04-19T03:25:58.404Z INFO  worker::batch_maker] Batch J167c051ulLsb5SQU8E7hsgbHnPxkBBweKx9QEFhkbg= contains sample tx 1273
[2026-04-19T03:25:58.404Z INFO  worker::batch_maker] Batch J167c051ulLsb5SQU8E7hsgbHnPxkBBweKx9QEFhkbg= contains 238592 B
[2026-04-19T03:25:58.458Z INFO  worker::batch_maker] Batch /VqSTXgUtzQVczel5EwLF1HJvn5l8/2KHvGae6Gsw54= contains sample tx 1274
[2026-04-19T03:25:58.458Z INFO  worker::batch_maker] Batch /VqSTXgUtzQVczel5EwLF1HJvn5l8/2KHvGae6Gsw54= contains 204800 B
[2026-04-19T03:25:58.511Z INFO  worker::batch_maker] Batch PrB4/OPyevHBgmjGEfZzVY/4olo6iaMQP6EkmwI6PSI= contains sample tx 1275
[2026-04-19T03:25:58.511Z INFO  worker::batch_maker] Batch PrB4/OPyevHBgmjGEfZzVY/4olo6iaMQP6EkmwI6PSI= contains 204800 B
[2026-04-19T03:25:58.565Z INFO  worker::batch_maker] Batch 9Pwt0dNqkqM/3OxtJO2cGgGm4e8SaVP/Is89Ofs8ko8= contains sample tx 1276
[2026-04-19T03:25:58.565Z INFO  worker::batch_maker] Batch 9Pwt0dNqkqM/3OxtJO2cGgGm4e8SaVP/Is89Ofs8ko8= contains 204800 B
[2026-04-19T03:25:58.618Z INFO  worker::batch_maker] Batch PbOSajMqtQr0Z/sZNq/NcGfX9KAxtEFyF/cpLBBd0mA= contains sample tx 1277
[2026-04-19T03:25:58.618Z INFO  worker::batch_maker] Batch PbOSajMqtQr0Z/sZNq/NcGfX9KAxtEFyF/cpLBBd0mA= contains 204800 B
[2026-04-19T03:25:58.672Z INFO  worker::batch_maker] Batch TCb0V/5jIl0OVQPhjhJqa9//UL6z6MmMmrv+QjyAiMo= contains sample tx 1278
[2026-04-19T03:25:58.672Z INFO  worker::batch_maker] Batch TCb0V/5jIl0OVQPhjhJqa9//UL6z6MmMmrv+QjyAiMo= contains 204800 B
[2026-04-19T03:25:58.725Z INFO  worker::batch_maker] Batch xKl1VvykrPjBDQJ7wW40w51ovzR9y8ev1SkvNTCH2+0= contains sample tx 1279
[2026-04-19T03:25:58.725Z INFO  worker::batch_maker] Batch xKl1VvykrPjBDQJ7wW40w51ovzR9y8ev1SkvNTCH2+0= contains 204800 B
[2026-04-19T03:25:58.778Z INFO  worker::batch_maker] Batch RGfQ5gpkPLu1ge2Srsluxag8RgK3qLTpgONHI0agzuo= contains sample tx 1280
[2026-04-19T03:25:58.778Z INFO  worker::batch_maker] Batch RGfQ5gpkPLu1ge2Srsluxag8RgK3qLTpgONHI0agzuo= contains 204800 B
[2026-04-19T03:25:58.830Z INFO  worker::batch_maker] Batch hvzfzyx0UD/zfUX9/fiKiLgsgX3wwvovW2IkGzlhIHM= contains sample tx 1281
[2026-04-19T03:25:58.830Z INFO  worker::batch_maker] Batch hvzfzyx0UD/zfUX9/fiKiLgsgX3wwvovW2IkGzlhIHM= contains 204800 B
[2026-04-19T03:25:58.883Z INFO  worker::batch_maker] Batch bX/F6d3Jt38tWD5e7kgNhWEm3KzRsUoi/f7NiaLCno8= contains sample tx 1282
[2026-04-19T03:25:58.883Z INFO  worker::batch_maker] Batch bX/F6d3Jt38tWD5e7kgNhWEm3KzRsUoi/f7NiaLCno8= contains 204800 B
[2026-04-19T03:25:58.935Z INFO  worker::batch_maker] Batch otms+jDmvxAoSlZ+EoujzFFjfhYwCNoumRej/pKp2Yk= contains sample tx 1283
[2026-04-19T03:25:58.935Z INFO  worker::batch_maker] Batch otms+jDmvxAoSlZ+EoujzFFjfhYwCNoumRej/pKp2Yk= contains 204800 B
[2026-04-19T03:25:58.988Z INFO  worker::batch_maker] Batch xt5lsKqlkZ04sHJvgz/Il3GESsdrTsy5PZr6hqk1x3s= contains sample tx 1284
[2026-04-19T03:25:58.988Z INFO  worker::batch_maker] Batch xt5lsKqlkZ04sHJvgz/Il3GESsdrTsy5PZr6hqk1x3s= contains 204800 B
[2026-04-19T03:25:59.039Z INFO  worker::batch_maker] Batch Wb9SR1fURdEKSQmSGTNxtKDpYX9AWeRoSJmyFJPTo88= contains sample tx 1285
[2026-04-19T03:25:59.040Z INFO  worker::batch_maker] Batch Wb9SR1fURdEKSQmSGTNxtKDpYX9AWeRoSJmyFJPTo88= contains 204800 B
[2026-04-19T03:25:59.092Z INFO  worker::batch_maker] Batch W8aJMp5PjrpfDcyVthZ16TxSJ4uiPpGyVighXfcXJJ0= contains sample tx 1286
[2026-04-19T03:25:59.092Z INFO  worker::batch_maker] Batch W8aJMp5PjrpfDcyVthZ16TxSJ4uiPpGyVighXfcXJJ0= contains 204800 B
[2026-04-19T03:25:59.144Z INFO  worker::batch_maker] Batch Wy//zgsdN/6qxLCWXV6XNhu957ACfv7U63VtPVnFLhQ= contains sample tx 1287
[2026-04-19T03:25:59.144Z INFO  worker::batch_maker] Batch Wy//zgsdN/6qxLCWXV6XNhu957ACfv7U63VtPVnFLhQ= contains 204800 B
[2026-04-19T03:25:59.197Z INFO  worker::batch_maker] Batch y/v49bcnwSkYm9CCs9sLJbzlIjxaDaREkwjE5Fc+604= contains sample tx 1288
[2026-04-19T03:25:59.197Z INFO  worker::batch_maker] Batch y/v49bcnwSkYm9CCs9sLJbzlIjxaDaREkwjE5Fc+604= contains 204800 B
[2026-04-19T03:25:59.249Z INFO  worker::batch_maker] Batch nVD39ySwmiUvcDVwDI6qZzDK7JvDA/IRSQCFoRha6eA= contains sample tx 1289
[2026-04-19T03:25:59.249Z INFO  worker::batch_maker] Batch nVD39ySwmiUvcDVwDI6qZzDK7JvDA/IRSQCFoRha6eA= contains sample tx 1290
[2026-04-19T03:25:59.249Z INFO  worker::batch_maker] Batch nVD39ySwmiUvcDVwDI6qZzDK7JvDA/IRSQCFoRha6eA= contains 263680 B
[2026-04-19T03:25:59.302Z INFO  worker::batch_maker] Batch kSJ8mqAHwFtkH8iC9PD+1u8VujuP79zMnpc7OoxVgwE= contains sample tx 1291
[2026-04-19T03:25:59.302Z INFO  worker::batch_maker] Batch kSJ8mqAHwFtkH8iC9PD+1u8VujuP79zMnpc7OoxVgwE= contains 350720 B
[2026-04-19T03:25:59.355Z INFO  worker::batch_maker] Batch iRwd6oRJJ/32NnpeAKyMmS/UanbERK8A1oJPFUg2QY8= contains sample tx 1292
[2026-04-19T03:25:59.355Z INFO  worker::batch_maker] Batch iRwd6oRJJ/32NnpeAKyMmS/UanbERK8A1oJPFUg2QY8= contains 204800 B
[2026-04-19T03:25:59.407Z INFO  worker::batch_maker] Batch q208wy7Z48wu+ZhyXSyqj3MUomo6G6VO3wZcUgSQvVc= contains sample tx 1293
[2026-04-19T03:25:59.407Z INFO  worker::batch_maker] Batch q208wy7Z48wu+ZhyXSyqj3MUomo6G6VO3wZcUgSQvVc= contains 204800 B
[2026-04-19T03:25:59.459Z INFO  worker::batch_maker] Batch 8FW7+Ejl7fqf2f/ghwWb9hWMqU6fUZRZNPKS+V7w1FE= contains sample tx 1294
[2026-04-19T03:25:59.459Z INFO  worker::batch_maker] Batch 8FW7+Ejl7fqf2f/ghwWb9hWMqU6fUZRZNPKS+V7w1FE= contains 204800 B
[2026-04-19T03:25:59.511Z INFO  worker::batch_maker] Batch Mrd0e1k6FhR55ECKYvLB4xmEEIQCrC5g4pTsgtqOvEI= contains sample tx 1295
[2026-04-19T03:25:59.511Z INFO  worker::batch_maker] Batch Mrd0e1k6FhR55ECKYvLB4xmEEIQCrC5g4pTsgtqOvEI= contains 204800 B
[2026-04-19T03:25:59.565Z INFO  worker::batch_maker] Batch hBFuWycGln+9D19UDBxn+IpRTtxYvRAxXf97i9HM3fw= contains sample tx 1296
[2026-04-19T03:25:59.565Z INFO  worker::batch_maker] Batch hBFuWycGln+9D19UDBxn+IpRTtxYvRAxXf97i9HM3fw= contains 204800 B
[2026-04-19T03:25:59.617Z INFO  worker::batch_maker] Batch fzE8cYbTuTOCAWBDBYNiG35cwpWk3BAfBJKwawCM1ew= contains sample tx 1297
[2026-04-19T03:25:59.617Z INFO  worker::batch_maker] Batch fzE8cYbTuTOCAWBDBYNiG35cwpWk3BAfBJKwawCM1ew= contains 204800 B
[2026-04-19T03:25:59.670Z INFO  worker::batch_maker] Batch IBhMhWlmK2qsYDKXc9HRYfEAPXKkW+Kq1mZCSXT6E80= contains sample tx 1298
[2026-04-19T03:25:59.670Z INFO  worker::batch_maker] Batch IBhMhWlmK2qsYDKXc9HRYfEAPXKkW+Kq1mZCSXT6E80= contains 204800 B
[2026-04-19T03:25:59.723Z INFO  worker::batch_maker] Batch 1W5Z/sgm8/mM00Q7rgr/AXvL4QCS44yJy5N4yff9ubM= contains sample tx 1299
[2026-04-19T03:25:59.723Z INFO  worker::batch_maker] Batch 1W5Z/sgm8/mM00Q7rgr/AXvL4QCS44yJy5N4yff9ubM= contains 204800 B
[2026-04-19T03:25:59.778Z INFO  worker::batch_maker] Batch 6uxbSFSmYVYMorwm2EdjJKCngUMvistJikItDWn5hyk= contains sample tx 1300
[2026-04-19T03:25:59.778Z INFO  worker::batch_maker] Batch 6uxbSFSmYVYMorwm2EdjJKCngUMvistJikItDWn5hyk= contains 204800 B
[2026-04-19T03:25:59.830Z INFO  worker::batch_maker] Batch Prsrn5elcDLEAkka7oeOMLbZs/pGdqOmSOxTv2MHO+Q= contains sample tx 1301
[2026-04-19T03:25:59.830Z INFO  worker::batch_maker] Batch Prsrn5elcDLEAkka7oeOMLbZs/pGdqOmSOxTv2MHO+Q= contains 204800 B
[2026-04-19T03:25:59.883Z INFO  worker::batch_maker] Batch LWSbEzuIQe9EOEzY6UoQfGs7yCcKNwB4+ivpgCGhEfE= contains sample tx 1302
[2026-04-19T03:25:59.883Z INFO  worker::batch_maker] Batch LWSbEzuIQe9EOEzY6UoQfGs7yCcKNwB4+ivpgCGhEfE= contains 204800 B
[2026-04-19T03:25:59.935Z INFO  worker::batch_maker] Batch ICozQN4Sioqyfd2fLUEekO+Rmy7br0SNzH3KpZQjSas= contains sample tx 1303
[2026-04-19T03:25:59.935Z INFO  worker::batch_maker] Batch ICozQN4Sioqyfd2fLUEekO+Rmy7br0SNzH3KpZQjSas= contains 204800 B
[2026-04-19T03:25:59.988Z INFO  worker::batch_maker] Batch qyloKoGAmW9692vaZRU/+uo9pyn6JpoSGjSKxW8k8aI= contains sample tx 1304
[2026-04-19T03:25:59.988Z INFO  worker::batch_maker] Batch qyloKoGAmW9692vaZRU/+uo9pyn6JpoSGjSKxW8k8aI= contains 204800 B
[2026-04-19T03:26:00.042Z INFO  worker::batch_maker] Batch lr3WyN/ySmtJgKL8cJM1v97QafJzcMU4Qv6nLQQppbA= contains sample tx 1305
[2026-04-19T03:26:00.042Z INFO  worker::batch_maker] Batch lr3WyN/ySmtJgKL8cJM1v97QafJzcMU4Qv6nLQQppbA= contains 204800 B
[2026-04-19T03:26:00.093Z INFO  worker::batch_maker] Batch 6TBvafsLpWfdSiuK90QpN7TxAn6tUVVaJkC1xCAr4+4= contains sample tx 1306
[2026-04-19T03:26:00.093Z INFO  worker::batch_maker] Batch 6TBvafsLpWfdSiuK90QpN7TxAn6tUVVaJkC1xCAr4+4= contains 204800 B
[2026-04-19T03:26:00.147Z INFO  worker::batch_maker] Batch ppRDQVu6sqTgafmu7FC2I3TXVI5jjDIs6nQv438Wz78= contains sample tx 1307
[2026-04-19T03:26:00.196Z INFO  worker::batch_maker] Batch ppRDQVu6sqTgafmu7FC2I3TXVI5jjDIs6nQv438Wz78= contains 204800 B
[2026-04-19T03:26:00.251Z INFO  worker::batch_maker] Batch 3chAWiDaW+fS34Bbl+tw/Qg4xuEFVTBarueu0FCZtPU= contains sample tx 1308
[2026-04-19T03:26:00.251Z INFO  worker::batch_maker] Batch 3chAWiDaW+fS34Bbl+tw/Qg4xuEFVTBarueu0FCZtPU= contains sample tx 1309
[2026-04-19T03:26:00.251Z INFO  worker::batch_maker] Batch 3chAWiDaW+fS34Bbl+tw/Qg4xuEFVTBarueu0FCZtPU= contains 410112 B
[2026-04-19T03:26:00.307Z INFO  worker::batch_maker] Batch N0UgBcodTItEPHTkkVZln1JPMce+Jj1f07ksfKMisOY= contains sample tx 1310
[2026-04-19T03:26:00.307Z INFO  worker::batch_maker] Batch N0UgBcodTItEPHTkkVZln1JPMce+Jj1f07ksfKMisOY= contains sample tx 1311
[2026-04-19T03:26:00.307Z INFO  worker::batch_maker] Batch N0UgBcodTItEPHTkkVZln1JPMce+Jj1f07ksfKMisOY= contains 409088 B
[2026-04-19T03:26:00.360Z INFO  worker::batch_maker] Batch 8jr2w8CzajFfwNb9vNTvLgQjr9uGOu8ALC/DkDEV7PA= contains sample tx 1312
[2026-04-19T03:26:00.360Z INFO  worker::batch_maker] Batch 8jr2w8CzajFfwNb9vNTvLgQjr9uGOu8ALC/DkDEV7PA= contains 204800 B
[2026-04-19T03:26:00.412Z INFO  worker::batch_maker] Batch uYR4YYgw8jBS2Vw2Z719z5Qtrpf3vc2weXWtqxNyJMs= contains sample tx 1313
[2026-04-19T03:26:00.412Z INFO  worker::batch_maker] Batch uYR4YYgw8jBS2Vw2Z719z5Qtrpf3vc2weXWtqxNyJMs= contains 204800 B
[2026-04-19T03:26:00.464Z INFO  worker::batch_maker] Batch yHgGHse6c5HMK3HbX1m3eTfbBSG2/KCkyoVLq4uDxuo= contains sample tx 1314
[2026-04-19T03:26:00.464Z INFO  worker::batch_maker] Batch yHgGHse6c5HMK3HbX1m3eTfbBSG2/KCkyoVLq4uDxuo= contains 204800 B
[2026-04-19T03:26:00.515Z INFO  worker::batch_maker] Batch CGWxrLzBcq1PhEaH8V9F8MhJ45o0Q9FhNtLUT7TsQeo= contains sample tx 1315
[2026-04-19T03:26:00.515Z INFO  worker::batch_maker] Batch CGWxrLzBcq1PhEaH8V9F8MhJ45o0Q9FhNtLUT7TsQeo= contains 204800 B
[2026-04-19T03:26:00.568Z INFO  worker::batch_maker] Batch 0h9I+FS/uvkSFQCjsEj/ngsrIq3xHiE/B7adqaCRenI= contains sample tx 1316
[2026-04-19T03:26:00.568Z INFO  worker::batch_maker] Batch 0h9I+FS/uvkSFQCjsEj/ngsrIq3xHiE/B7adqaCRenI= contains 204800 B
[2026-04-19T03:26:00.619Z INFO  worker::batch_maker] Batch yiokX2zudPxoAyrw4866rb3rjgOyj4dE7ood6h4N87g= contains sample tx 1317
[2026-04-19T03:26:00.619Z INFO  worker::batch_maker] Batch yiokX2zudPxoAyrw4866rb3rjgOyj4dE7ood6h4N87g= contains 204800 B
[2026-04-19T03:26:00.672Z INFO  worker::batch_maker] Batch Axwf5rES0gbLmVKfDcIOIi4uNwpDMIczu+8FJtaWjBo= contains sample tx 1318
[2026-04-19T03:26:00.672Z INFO  worker::batch_maker] Batch Axwf5rES0gbLmVKfDcIOIi4uNwpDMIczu+8FJtaWjBo= contains 165888 B
[2026-04-19T03:26:00.724Z INFO  worker::batch_maker] Batch AJWeBTPdDRn+n5+cJaMjiiiusx5NOAIO4bBfmFdaJAM= contains sample tx 1319
[2026-04-19T03:26:00.724Z INFO  worker::batch_maker] Batch AJWeBTPdDRn+n5+cJaMjiiiusx5NOAIO4bBfmFdaJAM= contains 243712 B
[2026-04-19T03:26:00.777Z INFO  worker::batch_maker] Batch ICKWz8N50laZ4n1MCfuw+tuvwLtPuXQc/pUF8IWiEv8= contains sample tx 1320
[2026-04-19T03:26:00.777Z INFO  worker::batch_maker] Batch ICKWz8N50laZ4n1MCfuw+tuvwLtPuXQc/pUF8IWiEv8= contains 204800 B
[2026-04-19T03:26:00.830Z INFO  worker::batch_maker] Batch d4c1Kp5QB2BsAEVdSAI62kPP6P17u7lrc49g3wHNxlA= contains sample tx 1321
[2026-04-19T03:26:00.830Z INFO  worker::batch_maker] Batch d4c1Kp5QB2BsAEVdSAI62kPP6P17u7lrc49g3wHNxlA= contains 204800 B
[2026-04-19T03:26:00.884Z INFO  worker::batch_maker] Batch OEMoOZrZxojklvCDpG1+tFJD3iaQNk97PM2AwwJV0ng= contains sample tx 1322
[2026-04-19T03:26:00.884Z INFO  worker::batch_maker] Batch OEMoOZrZxojklvCDpG1+tFJD3iaQNk97PM2AwwJV0ng= contains 204800 B
[2026-04-19T03:26:00.937Z INFO  worker::batch_maker] Batch j97yqBZt4QSU8NMwy1/C+o0Mvt0kUy6fLxqlG/PihNE= contains sample tx 1323
[2026-04-19T03:26:00.937Z INFO  worker::batch_maker] Batch j97yqBZt4QSU8NMwy1/C+o0Mvt0kUy6fLxqlG/PihNE= contains 204800 B
[2026-04-19T03:26:00.989Z INFO  worker::batch_maker] Batch KYIoDiPq5QwFHZVu6fogqohzL4VuU1ZhJv/D7otdDCI= contains sample tx 1324
[2026-04-19T03:26:00.989Z INFO  worker::batch_maker] Batch KYIoDiPq5QwFHZVu6fogqohzL4VuU1ZhJv/D7otdDCI= contains 204800 B
[2026-04-19T03:26:01.041Z INFO  worker::batch_maker] Batch eE4gYA4PlJBXg3yxE0eR8wLJibj2A9vSFGpOTb94xP4= contains sample tx 1325
[2026-04-19T03:26:01.078Z INFO  worker::batch_maker] Batch eE4gYA4PlJBXg3yxE0eR8wLJibj2A9vSFGpOTb94xP4= contains 204800 B
[2026-04-19T03:26:01.133Z INFO  worker::batch_maker] Batch lkq8kWBfNacYHTkb0T0OsQZn2CEcH2A1prWBOpzOX6Q= contains sample tx 1326
[2026-04-19T03:26:01.133Z INFO  worker::batch_maker] Batch lkq8kWBfNacYHTkb0T0OsQZn2CEcH2A1prWBOpzOX6Q= contains sample tx 1327
[2026-04-19T03:26:01.133Z INFO  worker::batch_maker] Batch lkq8kWBfNacYHTkb0T0OsQZn2CEcH2A1prWBOpzOX6Q= contains 409600 B
[2026-04-19T03:26:01.187Z INFO  worker::batch_maker] Batch Uu+N8nRh2hm5pix7m4M1ND5NhbuXZzfMTP4soIEAqLc= contains sample tx 1328
[2026-04-19T03:26:01.187Z INFO  worker::batch_maker] Batch Uu+N8nRh2hm5pix7m4M1ND5NhbuXZzfMTP4soIEAqLc= contains 204800 B
[2026-04-19T03:26:01.240Z INFO  worker::batch_maker] Batch oB/HBW5G07u3fIXSpeY1D37q6P6WMj3nPj9EVM/gnFE= contains sample tx 1329
[2026-04-19T03:26:01.240Z INFO  worker::batch_maker] Batch oB/HBW5G07u3fIXSpeY1D37q6P6WMj3nPj9EVM/gnFE= contains 204800 B
[2026-04-19T03:26:01.293Z INFO  worker::batch_maker] Batch LUnR4RE9Rkdll0Zpi3oBRPm3avozAHA5YV/m4xP0EKU= contains sample tx 1330
[2026-04-19T03:26:01.293Z INFO  worker::batch_maker] Batch LUnR4RE9Rkdll0Zpi3oBRPm3avozAHA5YV/m4xP0EKU= contains 204800 B
[2026-04-19T03:26:01.346Z INFO  worker::batch_maker] Batch OqExJnqxpEara1+56bSLUEDHM17GawBwBghM9JWAg9s= contains sample tx 1331
[2026-04-19T03:26:01.346Z INFO  worker::batch_maker] Batch OqExJnqxpEara1+56bSLUEDHM17GawBwBghM9JWAg9s= contains 204800 B
[2026-04-19T03:26:01.401Z INFO  worker::batch_maker] Batch 2yn3KiU1fMma55p9y48cSrhMqkaX3y81audTe519Fso= contains sample tx 1332
[2026-04-19T03:26:01.401Z INFO  worker::batch_maker] Batch 2yn3KiU1fMma55p9y48cSrhMqkaX3y81audTe519Fso= contains 230400 B
[2026-04-19T03:26:01.456Z INFO  worker::batch_maker] Batch TJ9Nj0gloG/AeYsif4zj6GpBE4g3WnZcksh++A1xwMo= contains sample tx 1333
[2026-04-19T03:26:01.456Z INFO  worker::batch_maker] Batch TJ9Nj0gloG/AeYsif4zj6GpBE4g3WnZcksh++A1xwMo= contains sample tx 1334
[2026-04-19T03:26:01.456Z INFO  worker::batch_maker] Batch TJ9Nj0gloG/AeYsif4zj6GpBE4g3WnZcksh++A1xwMo= contains 384000 B
[2026-04-19T03:26:01.509Z INFO  worker::batch_maker] Batch RtnAEoEHmZOD+fmqnzm1E4lVzlyWvZXnrMeH2Pz4lFc= contains sample tx 1335
[2026-04-19T03:26:01.509Z INFO  worker::batch_maker] Batch RtnAEoEHmZOD+fmqnzm1E4lVzlyWvZXnrMeH2Pz4lFc= contains 204800 B
[2026-04-19T03:26:01.562Z INFO  worker::batch_maker] Batch R7cExMQKMq2D5A1d1IN3L4t2ipNaSeMaTXhxsShyPR8= contains sample tx 1336
[2026-04-19T03:26:01.562Z INFO  worker::batch_maker] Batch R7cExMQKMq2D5A1d1IN3L4t2ipNaSeMaTXhxsShyPR8= contains 204800 B
[2026-04-19T03:26:01.616Z INFO  worker::batch_maker] Batch tugWYXx8Fdc/HrxSLfuPW3lHbNzu5/YagocqSMN5ogU= contains sample tx 1337
[2026-04-19T03:26:01.616Z INFO  worker::batch_maker] Batch tugWYXx8Fdc/HrxSLfuPW3lHbNzu5/YagocqSMN5ogU= contains 204800 B
[2026-04-19T03:26:01.670Z INFO  worker::batch_maker] Batch fJN1PvfasjvOs9Q9VmA5aeu/0eYhfRB4GQQj4tXxGsY= contains sample tx 1338
[2026-04-19T03:26:01.670Z INFO  worker::batch_maker] Batch fJN1PvfasjvOs9Q9VmA5aeu/0eYhfRB4GQQj4tXxGsY= contains 204800 B
[2026-04-19T03:26:01.723Z INFO  worker::batch_maker] Batch dXu/NGWZozt90f94zsS5ULuVfPPg5/Ma+TnnClejQqU= contains sample tx 1339
[2026-04-19T03:26:01.723Z INFO  worker::batch_maker] Batch dXu/NGWZozt90f94zsS5ULuVfPPg5/Ma+TnnClejQqU= contains 204800 B
[2026-04-19T03:26:01.777Z INFO  worker::batch_maker] Batch fp2IcH9NmRUXo/BneVx+M0DoG9DjNYPrmWtzkAfdVlI= contains sample tx 1340
[2026-04-19T03:26:01.777Z INFO  worker::batch_maker] Batch fp2IcH9NmRUXo/BneVx+M0DoG9DjNYPrmWtzkAfdVlI= contains 204800 B
[2026-04-19T03:26:01.830Z INFO  worker::batch_maker] Batch BmPXxeIQKUEUpTgeyP2oMyiKiOQUeXe5t3iIYm8DCc8= contains sample tx 1341
[2026-04-19T03:26:01.830Z INFO  worker::batch_maker] Batch BmPXxeIQKUEUpTgeyP2oMyiKiOQUeXe5t3iIYm8DCc8= contains 204800 B
[2026-04-19T03:26:01.883Z INFO  worker::batch_maker] Batch 6dcX5Xu5bJxciDmbG7oEwEUHbNYAA5DmqNCaSbIUecc= contains sample tx 1342
[2026-04-19T03:26:01.883Z INFO  worker::batch_maker] Batch 6dcX5Xu5bJxciDmbG7oEwEUHbNYAA5DmqNCaSbIUecc= contains 204800 B
[2026-04-19T03:26:01.937Z INFO  worker::batch_maker] Batch M23a9S1s3aVRoiMtK2N1hN4zs6jwW15yGxroyqOkkrs= contains sample tx 1343
[2026-04-19T03:26:01.937Z INFO  worker::batch_maker] Batch M23a9S1s3aVRoiMtK2N1hN4zs6jwW15yGxroyqOkkrs= contains 204800 B
[2026-04-19T03:26:01.990Z INFO  worker::batch_maker] Batch NBgmP7HMpCnprPgTXxxw1Kwrra0BhGAQ2rowoagOv2M= contains sample tx 1344
[2026-04-19T03:26:01.990Z INFO  worker::batch_maker] Batch NBgmP7HMpCnprPgTXxxw1Kwrra0BhGAQ2rowoagOv2M= contains 204800 B
[2026-04-19T03:26:02.044Z INFO  worker::batch_maker] Batch dewSR8melHSW2WumcwjBwtOb5pGPsrEhw/+YOX78r+Q= contains sample tx 1345
[2026-04-19T03:26:02.044Z INFO  worker::batch_maker] Batch dewSR8melHSW2WumcwjBwtOb5pGPsrEhw/+YOX78r+Q= contains 204800 B
[2026-04-19T03:26:02.098Z INFO  worker::batch_maker] Batch KNUTQT0NOEZSl0XAMu34EBlkYe/9WIFztWAKiUVmljo= contains sample tx 1346
[2026-04-19T03:26:02.098Z INFO  worker::batch_maker] Batch KNUTQT0NOEZSl0XAMu34EBlkYe/9WIFztWAKiUVmljo= contains 204800 B
[2026-04-19T03:26:02.151Z INFO  worker::batch_maker] Batch ZEJhNgSjjD68HNwwa8seD2oUn/BK3upVX6HdY7K8Xcg= contains sample tx 1347
[2026-04-19T03:26:02.151Z INFO  worker::batch_maker] Batch ZEJhNgSjjD68HNwwa8seD2oUn/BK3upVX6HdY7K8Xcg= contains sample tx 1348
[2026-04-19T03:26:02.151Z INFO  worker::batch_maker] Batch ZEJhNgSjjD68HNwwa8seD2oUn/BK3upVX6HdY7K8Xcg= contains 341504 B
[2026-04-19T03:26:02.205Z INFO  worker::batch_maker] Batch RmUw3XCi6rBAunCzSJnnWiT8k8yPBvxuB1PZaCktulo= contains sample tx 1349
[2026-04-19T03:26:02.205Z INFO  worker::batch_maker] Batch RmUw3XCi6rBAunCzSJnnWiT8k8yPBvxuB1PZaCktulo= contains 272896 B
[2026-04-19T03:26:02.258Z INFO  worker::batch_maker] Batch Lv7K3VYYON5JuDSL0m0tbf+SywkhaEPkL/M8EVKdlRA= contains sample tx 1350
[2026-04-19T03:26:02.258Z INFO  worker::batch_maker] Batch Lv7K3VYYON5JuDSL0m0tbf+SywkhaEPkL/M8EVKdlRA= contains 204800 B
[2026-04-19T03:26:02.311Z INFO  worker::batch_maker] Batch odlFsw9l0K80HtPm/NJwvR7oWsQZSgTud8NbPHUGY+s= contains sample tx 1351
[2026-04-19T03:26:02.311Z INFO  worker::batch_maker] Batch odlFsw9l0K80HtPm/NJwvR7oWsQZSgTud8NbPHUGY+s= contains 204800 B
[2026-04-19T03:26:02.365Z INFO  worker::batch_maker] Batch lrOzau3Axm6jtKaS6cQ7/me50mlbJb01/LRBsArpP/s= contains sample tx 1352
[2026-04-19T03:26:02.365Z INFO  worker::batch_maker] Batch lrOzau3Axm6jtKaS6cQ7/me50mlbJb01/LRBsArpP/s= contains 204800 B
[2026-04-19T03:26:02.417Z INFO  worker::batch_maker] Batch NOxEWXLXw3y6B0rc0RBxmAMUl9o4t+o7PYv2rlCuYJU= contains sample tx 1353
[2026-04-19T03:26:02.417Z INFO  worker::batch_maker] Batch NOxEWXLXw3y6B0rc0RBxmAMUl9o4t+o7PYv2rlCuYJU= contains 204800 B
[2026-04-19T03:26:02.470Z INFO  worker::batch_maker] Batch n0loJpZfWEQSEGyfJoi9iE9A/S+XwDzEBY9fd89Co4g= contains sample tx 1354
[2026-04-19T03:26:02.470Z INFO  worker::batch_maker] Batch n0loJpZfWEQSEGyfJoi9iE9A/S+XwDzEBY9fd89Co4g= contains 204800 B
[2026-04-19T03:26:02.522Z INFO  worker::batch_maker] Batch G7rv70Mfb8F6Uo9kBbwYSX6thV3iDAd+8Bict1edESE= contains sample tx 1355
[2026-04-19T03:26:02.549Z INFO  worker::batch_maker] Batch G7rv70Mfb8F6Uo9kBbwYSX6thV3iDAd+8Bict1edESE= contains 204800 B
[2026-04-19T03:26:02.603Z INFO  worker::batch_maker] Batch 8DahRfJxXkTfkbazpypwRnbqDTgihklYRZezPYTBcqA= contains sample tx 1356
[2026-04-19T03:26:02.603Z INFO  worker::batch_maker] Batch 8DahRfJxXkTfkbazpypwRnbqDTgihklYRZezPYTBcqA= contains sample tx 1357
[2026-04-19T03:26:02.603Z INFO  worker::batch_maker] Batch 8DahRfJxXkTfkbazpypwRnbqDTgihklYRZezPYTBcqA= contains 409600 B
[2026-04-19T03:26:02.656Z INFO  worker::batch_maker] Batch V5gprDpFBTi0QF3hBpoGsoxYVD46lgmNwtoxfP2hAJo= contains sample tx 1358
[2026-04-19T03:26:02.656Z INFO  worker::batch_maker] Batch V5gprDpFBTi0QF3hBpoGsoxYVD46lgmNwtoxfP2hAJo= contains 204800 B
[2026-04-19T03:26:02.709Z INFO  worker::batch_maker] Batch yOcvBQwVyjUctcAn/WyW7PSicBtVzfkTdIblyhtX0E4= contains sample tx 1359
[2026-04-19T03:26:02.709Z INFO  worker::batch_maker] Batch yOcvBQwVyjUctcAn/WyW7PSicBtVzfkTdIblyhtX0E4= contains 204800 B
[2026-04-19T03:26:02.762Z INFO  worker::batch_maker] Batch 0qKL0p9PlSpYcePyTZxTfRhxpyLFqm24lSC/0hT1Tgo= contains sample tx 1360
[2026-04-19T03:26:02.762Z INFO  worker::batch_maker] Batch 0qKL0p9PlSpYcePyTZxTfRhxpyLFqm24lSC/0hT1Tgo= contains 204800 B
[2026-04-19T03:26:02.818Z INFO  worker::batch_maker] Batch 7UiLIzxLBk6AwFCdLFLjg4J0OsiWkMjxWxd8TrDbpCw= contains sample tx 1361
[2026-04-19T03:26:02.818Z INFO  worker::batch_maker] Batch 7UiLIzxLBk6AwFCdLFLjg4J0OsiWkMjxWxd8TrDbpCw= contains 204800 B
[2026-04-19T03:26:02.871Z INFO  worker::batch_maker] Batch UtPJwQyIs5jQf9Dn3cpVkjBYfn4t8Mlpk6l3sRDwAJY= contains sample tx 1362
[2026-04-19T03:26:02.871Z INFO  worker::batch_maker] Batch UtPJwQyIs5jQf9Dn3cpVkjBYfn4t8Mlpk6l3sRDwAJY= contains 204800 B
[2026-04-19T03:26:02.925Z INFO  worker::batch_maker] Batch AhrAcj6I4acSBQqwEEZJkzrU4NGiJbpNjfyyqlgqirE= contains sample tx 1363
[2026-04-19T03:26:02.925Z INFO  worker::batch_maker] Batch AhrAcj6I4acSBQqwEEZJkzrU4NGiJbpNjfyyqlgqirE= contains 204800 B
[2026-04-19T03:26:02.979Z INFO  worker::batch_maker] Batch bcRh3Fomih8V0uPovUf2ZcV6CbZ+/2D4N4EH+s2eTKo= contains sample tx 1364
[2026-04-19T03:26:02.979Z INFO  worker::batch_maker] Batch bcRh3Fomih8V0uPovUf2ZcV6CbZ+/2D4N4EH+s2eTKo= contains 204800 B
[2026-04-19T03:26:03.031Z INFO  worker::batch_maker] Batch Xx5AdeBfHlcIXYmUvoOInMP4eZDZ3eV13cl2qiBDy4U= contains sample tx 1365
[2026-04-19T03:26:03.031Z INFO  worker::batch_maker] Batch Xx5AdeBfHlcIXYmUvoOInMP4eZDZ3eV13cl2qiBDy4U= contains 204800 B
[2026-04-19T03:26:03.083Z INFO  worker::batch_maker] Batch vCk9JJqgAuyzZ6ZIG+5SO5LWv7TDM3/Pedw8+6CuF8g= contains sample tx 1366
[2026-04-19T03:26:03.083Z INFO  worker::batch_maker] Batch vCk9JJqgAuyzZ6ZIG+5SO5LWv7TDM3/Pedw8+6CuF8g= contains 204800 B
[2026-04-19T03:26:03.136Z INFO  worker::batch_maker] Batch lz4S+YCWQG2HqT9wjx71eTKAhzurtuH23ymJUjrf3fU= contains sample tx 1367
[2026-04-19T03:26:03.136Z INFO  worker::batch_maker] Batch lz4S+YCWQG2HqT9wjx71eTKAhzurtuH23ymJUjrf3fU= contains 204800 B
[2026-04-19T03:26:03.188Z INFO  worker::batch_maker] Batch NQ6zaLXN5+llqmrhBocTQ0m/+eilm8jjd7KUdhvp1HA= contains sample tx 1368
[2026-04-19T03:26:03.188Z INFO  worker::batch_maker] Batch NQ6zaLXN5+llqmrhBocTQ0m/+eilm8jjd7KUdhvp1HA= contains 204800 B
[2026-04-19T03:26:03.240Z INFO  worker::batch_maker] Batch GIjtdlrN8lGPP8Qo/yFtUS5MackKOAnbeRkiEJUG80k= contains sample tx 1369
[2026-04-19T03:26:03.240Z INFO  worker::batch_maker] Batch GIjtdlrN8lGPP8Qo/yFtUS5MackKOAnbeRkiEJUG80k= contains 204800 B
[2026-04-19T03:26:03.291Z INFO  worker::batch_maker] Batch epOQKEuXcDZSqI6AKLPJtb6oabe0SYMSEB03ahKjqB8= contains sample tx 1370
[2026-04-19T03:26:03.291Z INFO  worker::batch_maker] Batch epOQKEuXcDZSqI6AKLPJtb6oabe0SYMSEB03ahKjqB8= contains 204800 B
[2026-04-19T03:26:03.343Z INFO  worker::batch_maker] Batch jbPU6BcSGduj3afMsr++w+VDzTW0+WIw/ikc6f92v14= contains sample tx 1371
[2026-04-19T03:26:03.343Z INFO  worker::batch_maker] Batch jbPU6BcSGduj3afMsr++w+VDzTW0+WIw/ikc6f92v14= contains 204800 B
[2026-04-19T03:26:03.395Z INFO  worker::batch_maker] Batch gYTLOxR+riGh+HnIjQtSRt44AqYb77ZCzCpKu5Z9M3s= contains sample tx 1372
[2026-04-19T03:26:03.395Z INFO  worker::batch_maker] Batch gYTLOxR+riGh+HnIjQtSRt44AqYb77ZCzCpKu5Z9M3s= contains 204800 B
[2026-04-19T03:26:03.448Z INFO  worker::batch_maker] Batch ctwl1N6A5Q4j8PzNJSm4T0K3MEL8QripFtaqyFykz1M= contains sample tx 1373
[2026-04-19T03:26:03.448Z INFO  worker::batch_maker] Batch ctwl1N6A5Q4j8PzNJSm4T0K3MEL8QripFtaqyFykz1M= contains 204800 B
[2026-04-19T03:26:03.500Z INFO  worker::batch_maker] Batch tqPaGKO0gZ58aXauRiVtBD6Mc6Zp4GNVcJLlTeBszm4= contains sample tx 1374
[2026-04-19T03:26:03.500Z INFO  worker::batch_maker] Batch tqPaGKO0gZ58aXauRiVtBD6Mc6Zp4GNVcJLlTeBszm4= contains sample tx 1375
[2026-04-19T03:26:03.500Z INFO  worker::batch_maker] Batch tqPaGKO0gZ58aXauRiVtBD6Mc6Zp4GNVcJLlTeBszm4= contains 398336 B
[2026-04-19T03:26:03.553Z INFO  worker::batch_maker] Batch HBGHRaHk3cB7aRhtbLYVl7GJQTEEu/66qMqfwlfUIVQ= contains sample tx 1376
[2026-04-19T03:26:03.553Z INFO  worker::batch_maker] Batch HBGHRaHk3cB7aRhtbLYVl7GJQTEEu/66qMqfwlfUIVQ= contains 216064 B
[2026-04-19T03:26:03.605Z INFO  worker::batch_maker] Batch RW3fSF/frbJwDJ1bP53FElsx7Tx4ij+y8AS0HE9lleI= contains sample tx 1377
[2026-04-19T03:26:03.605Z INFO  worker::batch_maker] Batch RW3fSF/frbJwDJ1bP53FElsx7Tx4ij+y8AS0HE9lleI= contains 204800 B
[2026-04-19T03:26:03.657Z INFO  worker::batch_maker] Batch bqKUqJ6ZnY9nAiqXaTqdkWWCfT/DukA3nHVUQGcboag= contains sample tx 1378
[2026-04-19T03:26:03.657Z INFO  worker::batch_maker] Batch bqKUqJ6ZnY9nAiqXaTqdkWWCfT/DukA3nHVUQGcboag= contains 204800 B
[2026-04-19T03:26:03.709Z INFO  worker::batch_maker] Batch WrFB6fKM/Cbp4c3E+LkdkXVI9bURd0dya6HbiTv3Bzk= contains sample tx 1379
[2026-04-19T03:26:03.709Z INFO  worker::batch_maker] Batch WrFB6fKM/Cbp4c3E+LkdkXVI9bURd0dya6HbiTv3Bzk= contains 204800 B
[2026-04-19T03:26:03.761Z INFO  worker::batch_maker] Batch qrLlcoJkjCKXhPg6eVD7LFUmqAcOU0/ia6JUZmnaki0= contains sample tx 1380
[2026-04-19T03:26:03.761Z INFO  worker::batch_maker] Batch qrLlcoJkjCKXhPg6eVD7LFUmqAcOU0/ia6JUZmnaki0= contains 204800 B
[2026-04-19T03:26:03.813Z INFO  worker::batch_maker] Batch 5tmMl31b/fSgCTCXhkLDcb7xG1khauBV8hD6sMlOKsQ= contains sample tx 1381
[2026-04-19T03:26:03.813Z INFO  worker::batch_maker] Batch 5tmMl31b/fSgCTCXhkLDcb7xG1khauBV8hD6sMlOKsQ= contains 204800 B
[2026-04-19T03:26:03.864Z INFO  worker::batch_maker] Batch t9qzk7ZB7fAfpEk88oJo3s/0xGuGaLPOCMaNeZ+rHdc= contains sample tx 1382
[2026-04-19T03:26:03.864Z INFO  worker::batch_maker] Batch t9qzk7ZB7fAfpEk88oJo3s/0xGuGaLPOCMaNeZ+rHdc= contains 204800 B
[2026-04-19T03:26:03.917Z INFO  worker::batch_maker] Batch erZybvjvFkCYKn19kWSNvU7T8gKBIhTq+yG5rvSAYq8= contains sample tx 1383
[2026-04-19T03:26:03.917Z INFO  worker::batch_maker] Batch erZybvjvFkCYKn19kWSNvU7T8gKBIhTq+yG5rvSAYq8= contains 204800 B
[2026-04-19T03:26:03.969Z INFO  worker::batch_maker] Batch COGML9tQ3ycm5jhtzP8r62UPbq/ADQCezmdVwiJqBsw= contains sample tx 1384
[2026-04-19T03:26:03.969Z INFO  worker::batch_maker] Batch COGML9tQ3ycm5jhtzP8r62UPbq/ADQCezmdVwiJqBsw= contains 204800 B
[2026-04-19T03:26:04.020Z INFO  worker::batch_maker] Batch b+lrjqL2OoVqlDbvTwaah+d7BXbKut39+2CakB5Br7k= contains sample tx 1385
[2026-04-19T03:26:04.020Z INFO  worker::batch_maker] Batch b+lrjqL2OoVqlDbvTwaah+d7BXbKut39+2CakB5Br7k= contains 204800 B
[2026-04-19T03:26:04.073Z INFO  worker::batch_maker] Batch ZIXUhdfqWAb3dpveGp+/RW65cv6dTqIU/RQCt+SnA7U= contains sample tx 1386
[2026-04-19T03:26:04.073Z INFO  worker::batch_maker] Batch ZIXUhdfqWAb3dpveGp+/RW65cv6dTqIU/RQCt+SnA7U= contains 204800 B
[2026-04-19T03:26:04.125Z INFO  worker::batch_maker] Batch NJK7ChCNaXz20WDPGsRoYdMWcNCRTv2wpuEgDeHhFLU= contains sample tx 1387
[2026-04-19T03:26:04.125Z INFO  worker::batch_maker] Batch NJK7ChCNaXz20WDPGsRoYdMWcNCRTv2wpuEgDeHhFLU= contains 204800 B
[2026-04-19T03:26:04.176Z INFO  worker::batch_maker] Batch u6WY0AQfMlRSo/Skh42OUeNdWBtP8hoV5K6vPXtJ73M= contains sample tx 1388
[2026-04-19T03:26:04.176Z INFO  worker::batch_maker] Batch u6WY0AQfMlRSo/Skh42OUeNdWBtP8hoV5K6vPXtJ73M= contains 204800 B
[2026-04-19T03:26:04.230Z INFO  worker::batch_maker] Batch z5DIXbsA/3L5Ml/lAWlkERtm9nGaaec3ACH3MoOXVQQ= contains sample tx 1389
[2026-04-19T03:26:04.230Z INFO  worker::batch_maker] Batch z5DIXbsA/3L5Ml/lAWlkERtm9nGaaec3ACH3MoOXVQQ= contains 204800 B
[2026-04-19T03:26:04.281Z INFO  worker::batch_maker] Batch Q1Ngw/KQaPn9r0zGk1+JJ+T9GghI0r5DbQVsheRnF8s= contains sample tx 1390
[2026-04-19T03:26:04.281Z INFO  worker::batch_maker] Batch Q1Ngw/KQaPn9r0zGk1+JJ+T9GghI0r5DbQVsheRnF8s= contains 204800 B
[2026-04-19T03:26:04.333Z INFO  worker::batch_maker] Batch wXhLMb9MZYt+0u13xvWZtF73iXQpBLBSdbvwEddJP5Y= contains sample tx 1391
[2026-04-19T03:26:04.333Z INFO  worker::batch_maker] Batch wXhLMb9MZYt+0u13xvWZtF73iXQpBLBSdbvwEddJP5Y= contains 204800 B
[2026-04-19T03:26:04.386Z INFO  worker::batch_maker] Batch SpQ34rUPvYfSXplG1mfU73AVGtGHHE8EiT9LqfqGLQI= contains sample tx 1392
[2026-04-19T03:26:04.386Z INFO  worker::batch_maker] Batch SpQ34rUPvYfSXplG1mfU73AVGtGHHE8EiT9LqfqGLQI= contains 204800 B
[2026-04-19T03:26:04.439Z INFO  worker::batch_maker] Batch ds3KBg0Md4RSqXIzDxE3u9BK7sF3u4qzUXwIuH1QAfc= contains sample tx 1393
[2026-04-19T03:26:04.439Z INFO  worker::batch_maker] Batch ds3KBg0Md4RSqXIzDxE3u9BK7sF3u4qzUXwIuH1QAfc= contains 204800 B
[2026-04-19T03:26:04.491Z INFO  worker::batch_maker] Batch 3chKlnBJVihSG0UfWfUkfq8gZMKQiOJQwRT/j2wZHuk= contains sample tx 1394
[2026-04-19T03:26:04.491Z INFO  worker::batch_maker] Batch 3chKlnBJVihSG0UfWfUkfq8gZMKQiOJQwRT/j2wZHuk= contains 204800 B
[2026-04-19T03:26:04.544Z INFO  worker::batch_maker] Batch OwbPdICPPmIDcy7Jn2ancEsb9vUqo4uJFnyC5jG/D2Q= contains sample tx 1395
[2026-04-19T03:26:04.544Z INFO  worker::batch_maker] Batch OwbPdICPPmIDcy7Jn2ancEsb9vUqo4uJFnyC5jG/D2Q= contains 204800 B
[2026-04-19T03:26:04.596Z INFO  worker::batch_maker] Batch 4//Tw3Ethtm+bbz3DS2Rj0YcH0uyYVRsOaPoKA43/ho= contains sample tx 1396
[2026-04-19T03:26:04.596Z INFO  worker::batch_maker] Batch 4//Tw3Ethtm+bbz3DS2Rj0YcH0uyYVRsOaPoKA43/ho= contains 204800 B
[2026-04-19T03:26:04.648Z INFO  worker::batch_maker] Batch NlEVhdR1t63xZslypLKBygzn4TDpA2Xt8vluRYp9m/g= contains sample tx 1397
[2026-04-19T03:26:04.648Z INFO  worker::batch_maker] Batch NlEVhdR1t63xZslypLKBygzn4TDpA2Xt8vluRYp9m/g= contains 204800 B
[2026-04-19T03:26:04.702Z INFO  worker::batch_maker] Batch IfzieYuS3AYZETg/qd4Ap2Oc9ipH62mgh+Zzr5g+glg= contains sample tx 1398
[2026-04-19T03:26:04.702Z INFO  worker::batch_maker] Batch IfzieYuS3AYZETg/qd4Ap2Oc9ipH62mgh+Zzr5g+glg= contains sample tx 1399
[2026-04-19T03:26:04.702Z INFO  worker::batch_maker] Batch IfzieYuS3AYZETg/qd4Ap2Oc9ipH62mgh+Zzr5g+glg= contains 310784 B
[2026-04-19T03:26:04.754Z INFO  worker::batch_maker] Batch lcgDHcDUbWI9WFuLui0Oo4kABDsTWIeeaxEyUia+MU8= contains sample tx 1400
[2026-04-19T03:26:04.754Z INFO  worker::batch_maker] Batch lcgDHcDUbWI9WFuLui0Oo4kABDsTWIeeaxEyUia+MU8= contains 260608 B
[2026-04-19T03:26:04.808Z INFO  worker::batch_maker] Batch zQdMJ/euHsvp2Af2WBh10qEySB+jXhRV0qX/9pbMwV0= contains sample tx 1401
[2026-04-19T03:26:04.808Z INFO  worker::batch_maker] Batch zQdMJ/euHsvp2Af2WBh10qEySB+jXhRV0qX/9pbMwV0= contains 247808 B
[2026-04-19T03:26:04.861Z INFO  worker::batch_maker] Batch Skirx+C/3FuPlThlT+uKqMQHLTOqahmwHyhu1GF1CPY= contains sample tx 1402
[2026-04-19T03:26:04.861Z INFO  worker::batch_maker] Batch Skirx+C/3FuPlThlT+uKqMQHLTOqahmwHyhu1GF1CPY= contains 204800 B
[2026-04-19T03:26:04.913Z INFO  worker::batch_maker] Batch NeisVBI61WC7oQnMewYGU8OCD6H+0tW7KiNMRnsU2Rc= contains sample tx 1403
[2026-04-19T03:26:04.913Z INFO  worker::batch_maker] Batch NeisVBI61WC7oQnMewYGU8OCD6H+0tW7KiNMRnsU2Rc= contains 204800 B
[2026-04-19T03:26:04.967Z INFO  worker::batch_maker] Batch JSpVyWHAifTxOhQppOZa4LVxnyjWovX4OnfO+uQE+x8= contains sample tx 1404
[2026-04-19T03:26:04.967Z INFO  worker::batch_maker] Batch JSpVyWHAifTxOhQppOZa4LVxnyjWovX4OnfO+uQE+x8= contains 204800 B
[2026-04-19T03:26:05.020Z INFO  worker::batch_maker] Batch c9Pzko2SgqXbsRaj2WHEQomRLaJiwurPRSl1/sFhP7I= contains sample tx 1405
[2026-04-19T03:26:05.020Z INFO  worker::batch_maker] Batch c9Pzko2SgqXbsRaj2WHEQomRLaJiwurPRSl1/sFhP7I= contains 204800 B
[2026-04-19T03:26:05.074Z INFO  worker::batch_maker] Batch V7dzONvuXSEYG2A8Bs62HMCSL6534xO33VaKeSfssaY= contains sample tx 1406
[2026-04-19T03:26:05.074Z INFO  worker::batch_maker] Batch V7dzONvuXSEYG2A8Bs62HMCSL6534xO33VaKeSfssaY= contains 204800 B
[2026-04-19T03:26:05.126Z INFO  worker::batch_maker] Batch fZElBIlYbN+lfq6vSWMkAJfyh4BfcvAa8Fs51qfXDDk= contains sample tx 1407
[2026-04-19T03:26:05.126Z INFO  worker::batch_maker] Batch fZElBIlYbN+lfq6vSWMkAJfyh4BfcvAa8Fs51qfXDDk= contains 204800 B
[2026-04-19T03:26:05.177Z INFO  worker::batch_maker] Batch aIZ7Bln/ipIt3tdA4Xcvi36d1ITj4NJ4PcIEGDt3kqg= contains sample tx 1408
[2026-04-19T03:26:05.177Z INFO  worker::batch_maker] Batch aIZ7Bln/ipIt3tdA4Xcvi36d1ITj4NJ4PcIEGDt3kqg= contains 204800 B
[2026-04-19T03:26:05.231Z INFO  worker::batch_maker] Batch TOn/eYu/xGhIPfVF3mT8fuet+XNw5wTkG+wv+HZU2PU= contains sample tx 1409
[2026-04-19T03:26:05.231Z INFO  worker::batch_maker] Batch TOn/eYu/xGhIPfVF3mT8fuet+XNw5wTkG+wv+HZU2PU= contains 204800 B
[2026-04-19T03:26:05.284Z INFO  worker::batch_maker] Batch sA7qShKK4JH4nrC8k9slOuvD1q2n5ZHanD6NLoMQKRE= contains sample tx 1410
[2026-04-19T03:26:05.284Z INFO  worker::batch_maker] Batch sA7qShKK4JH4nrC8k9slOuvD1q2n5ZHanD6NLoMQKRE= contains 204800 B
[2026-04-19T03:26:05.338Z INFO  worker::batch_maker] Batch BBhGeqicKV8GzeJ0EFgl6QCRtxHnElrBXxNVB7BvWtA= contains sample tx 1411
[2026-04-19T03:26:05.338Z INFO  worker::batch_maker] Batch BBhGeqicKV8GzeJ0EFgl6QCRtxHnElrBXxNVB7BvWtA= contains 204800 B
[2026-04-19T03:26:05.390Z INFO  worker::batch_maker] Batch sw1kPlP6dNrjHYOl0Bide/ag+RJB+TJuRXocFhNtcJk= contains sample tx 1412
[2026-04-19T03:26:05.390Z INFO  worker::batch_maker] Batch sw1kPlP6dNrjHYOl0Bide/ag+RJB+TJuRXocFhNtcJk= contains 204800 B
[2026-04-19T03:26:05.443Z INFO  worker::batch_maker] Batch QGrbdpCnWdTpMAbMcsTCHDdMlid8WGeutAPLwGzxNag= contains sample tx 1413
[2026-04-19T03:26:05.443Z INFO  worker::batch_maker] Batch QGrbdpCnWdTpMAbMcsTCHDdMlid8WGeutAPLwGzxNag= contains 204800 B
[2026-04-19T03:26:05.495Z INFO  worker::batch_maker] Batch 25+vDQk71hbXbvsYmzR3ynXZZSGO9UJUjyk345EgH0Q= contains sample tx 1414
[2026-04-19T03:26:05.495Z INFO  worker::batch_maker] Batch 25+vDQk71hbXbvsYmzR3ynXZZSGO9UJUjyk345EgH0Q= contains 204800 B
[2026-04-19T03:26:05.547Z INFO  worker::batch_maker] Batch jyFR4b7lR4bVjPZ4aTdWYQvCfnpucIW40I8HvFERZEA= contains sample tx 1415
[2026-04-19T03:26:05.547Z INFO  worker::batch_maker] Batch jyFR4b7lR4bVjPZ4aTdWYQvCfnpucIW40I8HvFERZEA= contains 204800 B
[2026-04-19T03:26:05.600Z INFO  worker::batch_maker] Batch izjMCBS6ZMbGtarlA5nOngHDGoQBcgeCC7IaG7BdqKA= contains sample tx 1416
[2026-04-19T03:26:05.600Z INFO  worker::batch_maker] Batch izjMCBS6ZMbGtarlA5nOngHDGoQBcgeCC7IaG7BdqKA= contains sample tx 1417
[2026-04-19T03:26:05.600Z INFO  worker::batch_maker] Batch izjMCBS6ZMbGtarlA5nOngHDGoQBcgeCC7IaG7BdqKA= contains 335360 B
[2026-04-19T03:26:05.654Z INFO  worker::batch_maker] Batch mC9O3MXVLLx2jXiA/SCCwuAVTu+3i3C+B6VwoQwp14Q= contains sample tx 1418
[2026-04-19T03:26:05.654Z INFO  worker::batch_maker] Batch mC9O3MXVLLx2jXiA/SCCwuAVTu+3i3C+B6VwoQwp14Q= contains 279040 B
[2026-04-19T03:26:05.707Z INFO  worker::batch_maker] Batch fyBtYz9nntyeRRS52J35gYzb2EmxKygvEJTsQAd1ATc= contains sample tx 1419
[2026-04-19T03:26:05.707Z INFO  worker::batch_maker] Batch fyBtYz9nntyeRRS52J35gYzb2EmxKygvEJTsQAd1ATc= contains 204800 B
[2026-04-19T03:26:05.761Z INFO  worker::batch_maker] Batch G9+wtH7/39/a0Z1q7Vaok+/Mrvq0HQFHCdjQ2GFQGNs= contains sample tx 1420
[2026-04-19T03:26:05.761Z INFO  worker::batch_maker] Batch G9+wtH7/39/a0Z1q7Vaok+/Mrvq0HQFHCdjQ2GFQGNs= contains 204800 B
[2026-04-19T03:26:05.813Z INFO  worker::batch_maker] Batch cUE8EJ12u0OJ8pTgCzH6nmZm6omWBCaUCEckgVYRN6I= contains sample tx 1421
[2026-04-19T03:26:05.813Z INFO  worker::batch_maker] Batch cUE8EJ12u0OJ8pTgCzH6nmZm6omWBCaUCEckgVYRN6I= contains 204800 B
[2026-04-19T03:26:05.867Z INFO  worker::batch_maker] Batch 7BQjGRIYkgerNFNo1tJN5qnOk232IiwL72rqjHyr1xI= contains sample tx 1422
[2026-04-19T03:26:05.867Z INFO  worker::batch_maker] Batch 7BQjGRIYkgerNFNo1tJN5qnOk232IiwL72rqjHyr1xI= contains 204800 B
[2026-04-19T03:26:05.919Z INFO  worker::batch_maker] Batch kmtEdx9dPSwW3Q2wUP8RmGl329W12sTELGIoFYEZ2p4= contains sample tx 1423
[2026-04-19T03:26:05.919Z INFO  worker::batch_maker] Batch kmtEdx9dPSwW3Q2wUP8RmGl329W12sTELGIoFYEZ2p4= contains 204800 B
[2026-04-19T03:26:05.972Z INFO  worker::batch_maker] Batch Lt9yyPM/GV0Frh05/O/Y5X1abMlALNp54GriLtAz8uU= contains sample tx 1424
[2026-04-19T03:26:05.973Z INFO  worker::batch_maker] Batch Lt9yyPM/GV0Frh05/O/Y5X1abMlALNp54GriLtAz8uU= contains 204800 B
[2026-04-19T03:26:06.027Z INFO  worker::batch_maker] Batch 1nNvIsVILfhP5Whu8gx0E0YgFAdKhVh7iF3lCsqyvxo= contains sample tx 1425
[2026-04-19T03:26:06.027Z INFO  worker::batch_maker] Batch 1nNvIsVILfhP5Whu8gx0E0YgFAdKhVh7iF3lCsqyvxo= contains 204800 B
[2026-04-19T03:26:06.081Z INFO  worker::batch_maker] Batch 23+OwS+xK5yVXSxDrXQZd8lY9h64hLVAdZ04t98c2Yg= contains sample tx 1426
[2026-04-19T03:26:06.081Z INFO  worker::batch_maker] Batch 23+OwS+xK5yVXSxDrXQZd8lY9h64hLVAdZ04t98c2Yg= contains 204800 B
[2026-04-19T03:26:06.132Z INFO  worker::batch_maker] Batch QFDh42PD5Ow0jKWRlAOrleVZBpsTEchqbpAu1swz2ns= contains sample tx 1427
[2026-04-19T03:26:06.132Z INFO  worker::batch_maker] Batch QFDh42PD5Ow0jKWRlAOrleVZBpsTEchqbpAu1swz2ns= contains 204800 B
[2026-04-19T03:26:06.184Z INFO  worker::batch_maker] Batch 3aVreeXf3Gaf/jEO3qqqCWZXKAd0X5gZIo53GcChDqU= contains sample tx 1428
[2026-04-19T03:26:06.184Z INFO  worker::batch_maker] Batch 3aVreeXf3Gaf/jEO3qqqCWZXKAd0X5gZIo53GcChDqU= contains 204800 B
[2026-04-19T03:26:06.236Z INFO  worker::batch_maker] Batch vWlukFw5NLqF6FWjhL9tZjvPcwceeNCPhaxZ13ogTNA= contains sample tx 1429
[2026-04-19T03:26:06.236Z INFO  worker::batch_maker] Batch vWlukFw5NLqF6FWjhL9tZjvPcwceeNCPhaxZ13ogTNA= contains 204800 B
[2026-04-19T03:26:06.289Z INFO  worker::batch_maker] Batch ymO3IM0H4YAK5YO1KWZGIsIz87H7JfS6pcRikg30zTM= contains sample tx 1430
[2026-04-19T03:26:06.289Z INFO  worker::batch_maker] Batch ymO3IM0H4YAK5YO1KWZGIsIz87H7JfS6pcRikg30zTM= contains 204800 B
[2026-04-19T03:26:06.341Z INFO  worker::batch_maker] Batch Rfy7GSk3sLOGCdFNRM6oGSgS1lyxIDGhAEIfw8p2j7Y= contains sample tx 1431
[2026-04-19T03:26:06.341Z INFO  worker::batch_maker] Batch Rfy7GSk3sLOGCdFNRM6oGSgS1lyxIDGhAEIfw8p2j7Y= contains 204800 B
[2026-04-19T03:26:06.394Z INFO  worker::batch_maker] Batch cF6jXL1jG5I7lh41LiB17tUWD5FRakLJKaTsWenmFOk= contains sample tx 1432
[2026-04-19T03:26:06.394Z INFO  worker::batch_maker] Batch cF6jXL1jG5I7lh41LiB17tUWD5FRakLJKaTsWenmFOk= contains 204800 B
[2026-04-19T03:26:06.447Z INFO  worker::batch_maker] Batch 63qWQrUcKQfLoI+ZEX3QK9jwwpnbc3j09L+pYDZaKLQ= contains sample tx 1433
[2026-04-19T03:26:06.447Z INFO  worker::batch_maker] Batch 63qWQrUcKQfLoI+ZEX3QK9jwwpnbc3j09L+pYDZaKLQ= contains 204800 B
[2026-04-19T03:26:06.501Z INFO  worker::batch_maker] Batch 5P4uIeDq8943JpmG3hRs8+L8Mavf9ldtJVfR9f1EtMg= contains sample tx 1434
[2026-04-19T03:26:06.501Z INFO  worker::batch_maker] Batch 5P4uIeDq8943JpmG3hRs8+L8Mavf9ldtJVfR9f1EtMg= contains 309248 B
[2026-04-19T03:26:06.555Z INFO  worker::batch_maker] Batch 7eTFB5flN5DY4+Pt+YIKzZPojZwtPvDugcttVKnKAHo= contains sample tx 1435
[2026-04-19T03:26:06.555Z INFO  worker::batch_maker] Batch 7eTFB5flN5DY4+Pt+YIKzZPojZwtPvDugcttVKnKAHo= contains sample tx 1436
[2026-04-19T03:26:06.555Z INFO  worker::batch_maker] Batch 7eTFB5flN5DY4+Pt+YIKzZPojZwtPvDugcttVKnKAHo= contains 305152 B
[2026-04-19T03:26:06.609Z INFO  worker::batch_maker] Batch Pg8/YoCMF5DXn2vmLlfd2Nj3/n2O6P4fUkeH7HRhfnc= contains sample tx 1437
[2026-04-19T03:26:06.609Z INFO  worker::batch_maker] Batch Pg8/YoCMF5DXn2vmLlfd2Nj3/n2O6P4fUkeH7HRhfnc= contains 204800 B
[2026-04-19T03:26:06.662Z INFO  worker::batch_maker] Batch dLoEDBuXFmY3V1Jo4if00rv4jvSKTwBYqcc4NxMo8uI= contains sample tx 1438
[2026-04-19T03:26:06.662Z INFO  worker::batch_maker] Batch dLoEDBuXFmY3V1Jo4if00rv4jvSKTwBYqcc4NxMo8uI= contains 204800 B
[2026-04-19T03:26:06.714Z INFO  worker::batch_maker] Batch sbLeHzqaI+7sHRiDgrc65RtPLSt6vWaZUQlVTL1Kxzk= contains sample tx 1439
[2026-04-19T03:26:06.714Z INFO  worker::batch_maker] Batch sbLeHzqaI+7sHRiDgrc65RtPLSt6vWaZUQlVTL1Kxzk= contains 204800 B
[2026-04-19T03:26:06.767Z INFO  worker::batch_maker] Batch Uzz4xzvg3Vw1h948IHCX05lGI+1IV5jt496guDyV1y8= contains sample tx 1440
[2026-04-19T03:26:06.767Z INFO  worker::batch_maker] Batch Uzz4xzvg3Vw1h948IHCX05lGI+1IV5jt496guDyV1y8= contains 204800 B
[2026-04-19T03:26:06.818Z INFO  worker::batch_maker] Batch A8CJ/U8TSeekkPW33nIEOk3MsVOIaHj4noGCafkQGz8= contains sample tx 1441
[2026-04-19T03:26:06.818Z INFO  worker::batch_maker] Batch A8CJ/U8TSeekkPW33nIEOk3MsVOIaHj4noGCafkQGz8= contains 204800 B
[2026-04-19T03:26:06.871Z INFO  worker::batch_maker] Batch ONg/DXh3QmwcHxI5qcVo+EO1Wxf041DB6Y6It4+9/xU= contains sample tx 1442
[2026-04-19T03:26:06.871Z INFO  worker::batch_maker] Batch ONg/DXh3QmwcHxI5qcVo+EO1Wxf041DB6Y6It4+9/xU= contains 204800 B
[2026-04-19T03:26:06.923Z INFO  worker::batch_maker] Batch zEEH8hZWghlYWibuaOdvUwvrxNyUYRAN8DVwFnsa1S4= contains sample tx 1443
[2026-04-19T03:26:06.923Z INFO  worker::batch_maker] Batch zEEH8hZWghlYWibuaOdvUwvrxNyUYRAN8DVwFnsa1S4= contains 204800 B
[2026-04-19T03:26:06.976Z INFO  worker::batch_maker] Batch 6y/7/aBZ/aOaQkM8bQqUuLTyTSFpF3HDsbmkAHkNqsQ= contains sample tx 1444
[2026-04-19T03:26:06.976Z INFO  worker::batch_maker] Batch 6y/7/aBZ/aOaQkM8bQqUuLTyTSFpF3HDsbmkAHkNqsQ= contains 204800 B
[2026-04-19T03:26:07.027Z INFO  worker::batch_maker] Batch 3M9AAmVhL3JYFcQQGB+03IMldEFmFDNb7pIvdzOsxeI= contains sample tx 1445
[2026-04-19T03:26:07.027Z INFO  worker::batch_maker] Batch 3M9AAmVhL3JYFcQQGB+03IMldEFmFDNb7pIvdzOsxeI= contains 204800 B
[2026-04-19T03:26:07.078Z INFO  worker::batch_maker] Batch ItT498K85ygjgIVPXHIPEIoxyO7CKl/A9Z0JMmwL+ho= contains sample tx 1446
[2026-04-19T03:26:07.078Z INFO  worker::batch_maker] Batch ItT498K85ygjgIVPXHIPEIoxyO7CKl/A9Z0JMmwL+ho= contains 204800 B
[2026-04-19T03:26:07.130Z INFO  worker::batch_maker] Batch BEWmpTKmGICOCAdtlvJzBSdZ2uwAtmRJIUMRM2l1L/g= contains sample tx 1447
[2026-04-19T03:26:07.130Z INFO  worker::batch_maker] Batch BEWmpTKmGICOCAdtlvJzBSdZ2uwAtmRJIUMRM2l1L/g= contains 204800 B
[2026-04-19T03:26:07.183Z INFO  worker::batch_maker] Batch IrOl2DsCgaXBj9b4oEi0tyukSVnjaMNj/JtYx+b3p2U= contains sample tx 1448
[2026-04-19T03:26:07.183Z INFO  worker::batch_maker] Batch IrOl2DsCgaXBj9b4oEi0tyukSVnjaMNj/JtYx+b3p2U= contains 204800 B
[2026-04-19T03:26:07.234Z INFO  worker::batch_maker] Batch i68vwWE+ra2Jb5xrcdl48L1VfO+DFZsHcoF+A4FsQxo= contains sample tx 1449
[2026-04-19T03:26:07.234Z INFO  worker::batch_maker] Batch i68vwWE+ra2Jb5xrcdl48L1VfO+DFZsHcoF+A4FsQxo= contains 204800 B
[2026-04-19T03:26:07.290Z INFO  worker::batch_maker] Batch zCDJa55yL/1jRNfAPbb1g1hB4ofQZtIx+CessMqrJ74= contains sample tx 1450
[2026-04-19T03:26:07.290Z INFO  worker::batch_maker] Batch zCDJa55yL/1jRNfAPbb1g1hB4ofQZtIx+CessMqrJ74= contains 204800 B
[2026-04-19T03:26:07.346Z INFO  worker::batch_maker] Batch brRNZ6AoURGgxNhU89mfMKrfU8PScAKA7pMrBgq3mwc= contains sample tx 1451
[2026-04-19T03:26:07.346Z INFO  worker::batch_maker] Batch brRNZ6AoURGgxNhU89mfMKrfU8PScAKA7pMrBgq3mwc= contains 204800 B
[2026-04-19T03:26:07.400Z INFO  worker::batch_maker] Batch NurVl7jwS7yiC0Y4f1F5J1dIzEhr8W86GELni+amroA= contains sample tx 1452
[2026-04-19T03:26:07.400Z INFO  worker::batch_maker] Batch NurVl7jwS7yiC0Y4f1F5J1dIzEhr8W86GELni+amroA= contains 252928 B
[2026-04-19T03:26:07.458Z INFO  worker::batch_maker] Batch v81WfP1TgJsX5DnbPc1hwKTmEZGxiKmmNr0d/8AKBFI= contains sample tx 1453
[2026-04-19T03:26:07.458Z INFO  worker::batch_maker] Batch v81WfP1TgJsX5DnbPc1hwKTmEZGxiKmmNr0d/8AKBFI= contains sample tx 1454
[2026-04-19T03:26:07.458Z INFO  worker::batch_maker] Batch v81WfP1TgJsX5DnbPc1hwKTmEZGxiKmmNr0d/8AKBFI= contains 323072 B
[2026-04-19T03:26:07.513Z INFO  worker::batch_maker] Batch i6XhfukXoeT7wrdxNAyJZTQD3kQ2j8LkprQao1327uA= contains sample tx 1455
[2026-04-19T03:26:07.513Z INFO  worker::batch_maker] Batch i6XhfukXoeT7wrdxNAyJZTQD3kQ2j8LkprQao1327uA= contains 243200 B
[2026-04-19T03:26:07.566Z INFO  worker::batch_maker] Batch 97DBEkN3Cx5b+tn4LH7D927+lXRkKTCUi16E5t0NiEM= contains sample tx 1456
[2026-04-19T03:26:07.566Z INFO  worker::batch_maker] Batch 97DBEkN3Cx5b+tn4LH7D927+lXRkKTCUi16E5t0NiEM= contains 204800 B
[2026-04-19T03:26:07.619Z INFO  worker::batch_maker] Batch 6tBklFXrwsFntrOPj24yIkGeasQ6d7jM2UeF0uB6lcE= contains sample tx 1457
[2026-04-19T03:26:07.619Z INFO  worker::batch_maker] Batch 6tBklFXrwsFntrOPj24yIkGeasQ6d7jM2UeF0uB6lcE= contains 204800 B
[2026-04-19T03:26:07.671Z INFO  worker::batch_maker] Batch IqKSNOTTigUghhFyR+Nq/+D1pLKph2vVmKTXznDc9bw= contains sample tx 1458
[2026-04-19T03:26:07.671Z INFO  worker::batch_maker] Batch IqKSNOTTigUghhFyR+Nq/+D1pLKph2vVmKTXznDc9bw= contains 204800 B
[2026-04-19T03:26:07.724Z INFO  worker::batch_maker] Batch AJWlRedWV+tSqxXb1GJ68tA5bI45kEw4/7IkETVKlE0= contains sample tx 1459
[2026-04-19T03:26:07.724Z INFO  worker::batch_maker] Batch AJWlRedWV+tSqxXb1GJ68tA5bI45kEw4/7IkETVKlE0= contains 204800 B
[2026-04-19T03:26:07.776Z INFO  worker::batch_maker] Batch v9oMchWnkDhYBU+f3U0ONuIQtV1vSNrjgRhEK2RRGvw= contains sample tx 1460
[2026-04-19T03:26:07.776Z INFO  worker::batch_maker] Batch v9oMchWnkDhYBU+f3U0ONuIQtV1vSNrjgRhEK2RRGvw= contains 204800 B
[2026-04-19T03:26:07.829Z INFO  worker::batch_maker] Batch 6LXsb6E5M8t79qLw/Nh9PLxQ8FxjOTuVqGCySO7cnb8= contains sample tx 1461
[2026-04-19T03:26:07.829Z INFO  worker::batch_maker] Batch 6LXsb6E5M8t79qLw/Nh9PLxQ8FxjOTuVqGCySO7cnb8= contains 204800 B
[2026-04-19T03:26:07.883Z INFO  worker::batch_maker] Batch V3VfmbPuSAAe+EEiGzGJr1Sgpv+vdyGzdwcQvtsqjcE= contains sample tx 1462
[2026-04-19T03:26:07.883Z INFO  worker::batch_maker] Batch V3VfmbPuSAAe+EEiGzGJr1Sgpv+vdyGzdwcQvtsqjcE= contains 204800 B
[2026-04-19T03:26:07.937Z INFO  worker::batch_maker] Batch zbIUEO1cKQMXDJEi4oQ/bi3ywOANJ0KWl1411KoHIvE= contains sample tx 1463
[2026-04-19T03:26:07.937Z INFO  worker::batch_maker] Batch zbIUEO1cKQMXDJEi4oQ/bi3ywOANJ0KWl1411KoHIvE= contains 204800 B
[2026-04-19T03:26:07.989Z INFO  worker::batch_maker] Batch FN4s1lc9EjU9qBbi5Cp/AUJZtB9oqn9NakIoq5FhXnY= contains sample tx 1464
[2026-04-19T03:26:07.989Z INFO  worker::batch_maker] Batch FN4s1lc9EjU9qBbi5Cp/AUJZtB9oqn9NakIoq5FhXnY= contains 204800 B
[2026-04-19T03:26:08.043Z INFO  worker::batch_maker] Batch jaCogsq/6mEfgNZwqlPciu8sH+MtTdM9GUPt7rtkzTo= contains sample tx 1465
[2026-04-19T03:26:08.044Z INFO  worker::batch_maker] Batch jaCogsq/6mEfgNZwqlPciu8sH+MtTdM9GUPt7rtkzTo= contains 204800 B
[2026-04-19T03:26:08.098Z INFO  worker::batch_maker] Batch 2FAB0A/sapqK1C89uC3KZBV7do+YFVvVYMTF4mjanV0= contains sample tx 1466
[2026-04-19T03:26:08.098Z INFO  worker::batch_maker] Batch 2FAB0A/sapqK1C89uC3KZBV7do+YFVvVYMTF4mjanV0= contains 204800 B
[2026-04-19T03:26:08.152Z INFO  worker::batch_maker] Batch XvpIg34Q1d7VPuP/aQ9hq05GlgKJjSXUBe6xrtMKWH4= contains sample tx 1467
[2026-04-19T03:26:08.152Z INFO  worker::batch_maker] Batch XvpIg34Q1d7VPuP/aQ9hq05GlgKJjSXUBe6xrtMKWH4= contains 302080 B
[2026-04-19T03:26:08.207Z INFO  worker::batch_maker] Batch 2KaxQJD5q3x7mgo00Iyjdq8mp3w8zyZxzxbU+IxWHHQ= contains sample tx 1468
[2026-04-19T03:26:08.207Z INFO  worker::batch_maker] Batch 2KaxQJD5q3x7mgo00Iyjdq8mp3w8zyZxzxbU+IxWHHQ= contains sample tx 1469
[2026-04-19T03:26:08.207Z INFO  worker::batch_maker] Batch 2KaxQJD5q3x7mgo00Iyjdq8mp3w8zyZxzxbU+IxWHHQ= contains 312320 B
[2026-04-19T03:26:08.260Z INFO  worker::batch_maker] Batch X0kxXVmMIJEOQJOGlzEzYZAIDAmQDxFFSBRzEipvPWI= contains sample tx 1470
[2026-04-19T03:26:08.260Z INFO  worker::batch_maker] Batch X0kxXVmMIJEOQJOGlzEzYZAIDAmQDxFFSBRzEipvPWI= contains 204800 B
[2026-04-19T03:26:08.313Z INFO  worker::batch_maker] Batch rXjkGb60AWeXEIXNYkFouvKHhZq0Rkb3R8UqWbyh+iY= contains sample tx 1471
[2026-04-19T03:26:08.313Z INFO  worker::batch_maker] Batch rXjkGb60AWeXEIXNYkFouvKHhZq0Rkb3R8UqWbyh+iY= contains 204800 B
[2026-04-19T03:26:08.365Z INFO  worker::batch_maker] Batch ur2ZcBcZYSShd1c+ym70hDOUYAfTcSYXcrpI2HAtqaU= contains sample tx 1472
[2026-04-19T03:26:08.365Z INFO  worker::batch_maker] Batch ur2ZcBcZYSShd1c+ym70hDOUYAfTcSYXcrpI2HAtqaU= contains 204800 B
[2026-04-19T03:26:08.419Z INFO  worker::batch_maker] Batch aNYXw43ySjiEHS6NWHT3KhQ0VogTGtwmoZonEzZTSbY= contains sample tx 1473
[2026-04-19T03:26:08.419Z INFO  worker::batch_maker] Batch aNYXw43ySjiEHS6NWHT3KhQ0VogTGtwmoZonEzZTSbY= contains 204800 B
[2026-04-19T03:26:08.473Z INFO  worker::batch_maker] Batch iEl51ai3TDIRXQHmu3TcUSO8s5ulY+YXgeGZHypqFpE= contains sample tx 1474
[2026-04-19T03:26:08.473Z INFO  worker::batch_maker] Batch iEl51ai3TDIRXQHmu3TcUSO8s5ulY+YXgeGZHypqFpE= contains 204800 B
[2026-04-19T03:26:08.526Z INFO  worker::batch_maker] Batch MF95tbL3HdBnyNccaydFPFp3itkBq3dbJu9HLCUnF/E= contains sample tx 1475
[2026-04-19T03:26:08.526Z INFO  worker::batch_maker] Batch MF95tbL3HdBnyNccaydFPFp3itkBq3dbJu9HLCUnF/E= contains 204800 B
[2026-04-19T03:26:08.580Z INFO  worker::batch_maker] Batch CHbZPuHBEgglC3lcVhkfd96XiGS/B5jZUFm+77c7NwE= contains sample tx 1476
[2026-04-19T03:26:08.580Z INFO  worker::batch_maker] Batch CHbZPuHBEgglC3lcVhkfd96XiGS/B5jZUFm+77c7NwE= contains 204800 B
[2026-04-19T03:26:08.635Z INFO  worker::batch_maker] Batch dDFa3zrV0hmMPVEz+8LiG1wWEkRe3E4jlcLGjBxUUSE= contains sample tx 1477
[2026-04-19T03:26:08.635Z INFO  worker::batch_maker] Batch dDFa3zrV0hmMPVEz+8LiG1wWEkRe3E4jlcLGjBxUUSE= contains 204800 B
[2026-04-19T03:26:08.689Z INFO  worker::batch_maker] Batch Q1cN09RrBv57bKaTicGOuJ2ZiGxQOl7gJnwtAv13EA4= contains sample tx 1478
[2026-04-19T03:26:08.689Z INFO  worker::batch_maker] Batch Q1cN09RrBv57bKaTicGOuJ2ZiGxQOl7gJnwtAv13EA4= contains 204800 B
[2026-04-19T03:26:08.741Z INFO  worker::batch_maker] Batch UrYRPaj82ZcfNv6LcnPjiPhr4vwt7g4Fb4kXNcPp4Ys= contains sample tx 1479
[2026-04-19T03:26:08.741Z INFO  worker::batch_maker] Batch UrYRPaj82ZcfNv6LcnPjiPhr4vwt7g4Fb4kXNcPp4Ys= contains 204800 B
[2026-04-19T03:26:08.795Z INFO  worker::batch_maker] Batch iXSDzvytWvHfjWeF4QeoSNHxyyiM/HRWN5jmIx5/adw= contains sample tx 1480
[2026-04-19T03:26:08.795Z INFO  worker::batch_maker] Batch iXSDzvytWvHfjWeF4QeoSNHxyyiM/HRWN5jmIx5/adw= contains 204800 B
[2026-04-19T03:26:08.848Z INFO  worker::batch_maker] Batch Vj4mdX8iyzSgckavv/fK4sUf19jJ1u3DpQTGJE43bvk= contains sample tx 1481
[2026-04-19T03:26:08.848Z INFO  worker::batch_maker] Batch Vj4mdX8iyzSgckavv/fK4sUf19jJ1u3DpQTGJE43bvk= contains 204800 B
[2026-04-19T03:26:08.902Z INFO  worker::batch_maker] Batch rBTpYftmrgQKAfbrooaQpMGSL1SD4/+bZWY8H3Uu/24= contains sample tx 1482
[2026-04-19T03:26:08.902Z INFO  worker::batch_maker] Batch rBTpYftmrgQKAfbrooaQpMGSL1SD4/+bZWY8H3Uu/24= contains sample tx 1483
[2026-04-19T03:26:08.902Z INFO  worker::batch_maker] Batch rBTpYftmrgQKAfbrooaQpMGSL1SD4/+bZWY8H3Uu/24= contains 409600 B
[2026-04-19T03:26:08.956Z INFO  worker::batch_maker] Batch RTM+A5mW2kzIlpXreq6oCqwk62Krzu5e0hHlMGkhh0o= contains sample tx 1484
[2026-04-19T03:26:08.956Z INFO  worker::batch_maker] Batch RTM+A5mW2kzIlpXreq6oCqwk62Krzu5e0hHlMGkhh0o= contains 204800 B
[2026-04-19T03:26:09.009Z INFO  worker::batch_maker] Batch aKIIGEJM3kRDacjF0T1nFwsiuEXUUNxrE21wE7JC0I4= contains sample tx 1485
[2026-04-19T03:26:09.009Z INFO  worker::batch_maker] Batch aKIIGEJM3kRDacjF0T1nFwsiuEXUUNxrE21wE7JC0I4= contains 204800 B
[2026-04-19T03:26:09.060Z INFO  worker::batch_maker] Batch garre8m8E1GrS/OE1WLBd/Vnbr2qE04DP86tMXskOY8= contains sample tx 1486
[2026-04-19T03:26:09.060Z INFO  worker::batch_maker] Batch garre8m8E1GrS/OE1WLBd/Vnbr2qE04DP86tMXskOY8= contains 204800 B
[2026-04-19T03:26:09.114Z INFO  worker::batch_maker] Batch jkp/bkHgX11mRZO/6/Mz5sg7ak67KQNqS2gyWZi8sXo= contains sample tx 1487
[2026-04-19T03:26:09.114Z INFO  worker::batch_maker] Batch jkp/bkHgX11mRZO/6/Mz5sg7ak67KQNqS2gyWZi8sXo= contains 204800 B
[2026-04-19T03:26:09.168Z INFO  worker::batch_maker] Batch jNQP+cDEwl2Q2CyvhhiCwOGpu+hXEPR2Y9EbV71VUZ4= contains sample tx 1488
[2026-04-19T03:26:09.168Z INFO  worker::batch_maker] Batch jNQP+cDEwl2Q2CyvhhiCwOGpu+hXEPR2Y9EbV71VUZ4= contains 204800 B
[2026-04-19T03:26:09.223Z INFO  worker::batch_maker] Batch xUbhuCyyHoOPp7bsRuuFuwxbzVgWk1TvarP2G4slO+o= contains sample tx 1489
[2026-04-19T03:26:09.223Z INFO  worker::batch_maker] Batch xUbhuCyyHoOPp7bsRuuFuwxbzVgWk1TvarP2G4slO+o= contains 204800 B
[2026-04-19T03:26:09.276Z INFO  worker::batch_maker] Batch NTHG97d+SDW4BAkq1c1rxBEgY8VtCr7CgcBYrcfuJdQ= contains sample tx 1490
[2026-04-19T03:26:09.276Z INFO  worker::batch_maker] Batch NTHG97d+SDW4BAkq1c1rxBEgY8VtCr7CgcBYrcfuJdQ= contains 204800 B
[2026-04-19T03:26:09.329Z INFO  worker::batch_maker] Batch EccctQecBHmBorWxgnfdCW2R1i9hXQbFQldXUTQKSQM= contains sample tx 1491
[2026-04-19T03:26:09.329Z INFO  worker::batch_maker] Batch EccctQecBHmBorWxgnfdCW2R1i9hXQbFQldXUTQKSQM= contains 204800 B
[2026-04-19T03:26:09.384Z INFO  worker::batch_maker] Batch VICBDBtOJufAJWKV27unFTcj/gzAcIz+VdWUCZBU/88= contains sample tx 1492
[2026-04-19T03:26:09.384Z INFO  worker::batch_maker] Batch VICBDBtOJufAJWKV27unFTcj/gzAcIz+VdWUCZBU/88= contains 204800 B
[2026-04-19T03:26:09.439Z INFO  worker::batch_maker] Batch UEmnmVJwf08yP6V7JhmobzHqCvMPqiF2m3h+yfXp7N8= contains sample tx 1493
[2026-04-19T03:26:09.439Z INFO  worker::batch_maker] Batch UEmnmVJwf08yP6V7JhmobzHqCvMPqiF2m3h+yfXp7N8= contains 204800 B
[2026-04-19T03:26:09.493Z INFO  worker::batch_maker] Batch SDhTkxUxW/G9dcuGIQzwl1olgdYCvmWXTtKqYeECTCc= contains sample tx 1494
[2026-04-19T03:26:09.493Z INFO  worker::batch_maker] Batch SDhTkxUxW/G9dcuGIQzwl1olgdYCvmWXTtKqYeECTCc= contains 204800 B
[2026-04-19T03:26:09.547Z INFO  worker::batch_maker] Batch FgUqvFIBeatt7Zo8rhKEmSRDfeVRDEvlUxKkpBfMNUk= contains sample tx 1495
[2026-04-19T03:26:09.547Z INFO  worker::batch_maker] Batch FgUqvFIBeatt7Zo8rhKEmSRDfeVRDEvlUxKkpBfMNUk= contains 204800 B
[2026-04-19T03:26:09.604Z INFO  worker::batch_maker] Batch 8WePv5Zcb6vtwb4vs62llSmKPx0HsGyYcrw3Y1q6HiU= contains sample tx 1496
[2026-04-19T03:26:09.604Z INFO  worker::batch_maker] Batch 8WePv5Zcb6vtwb4vs62llSmKPx0HsGyYcrw3Y1q6HiU= contains 290816 B
[2026-04-19T03:26:09.658Z INFO  worker::batch_maker] Batch kMRDdT6yLjse7x+XeLEusybZTMJO+KFCwicX+P5CBm4= contains sample tx 1497
[2026-04-19T03:26:09.658Z INFO  worker::batch_maker] Batch kMRDdT6yLjse7x+XeLEusybZTMJO+KFCwicX+P5CBm4= contains sample tx 1498
[2026-04-19T03:26:09.658Z INFO  worker::batch_maker] Batch kMRDdT6yLjse7x+XeLEusybZTMJO+KFCwicX+P5CBm4= contains 323584 B
[2026-04-19T03:26:09.711Z INFO  worker::batch_maker] Batch wRRIb/M0Ti/Sj3FQn2Aleu/+Rgf+dv4cWC9c/AgAmDs= contains sample tx 1499
[2026-04-19T03:26:09.711Z INFO  worker::batch_maker] Batch wRRIb/M0Ti/Sj3FQn2Aleu/+Rgf+dv4cWC9c/AgAmDs= contains 204800 B
[2026-04-19T03:26:09.764Z INFO  worker::batch_maker] Batch IFLp+bu1j+nL1i8Dd+i3mKCq7WEN+tA6JRp/oJZ10sM= contains sample tx 1500
[2026-04-19T03:26:09.764Z INFO  worker::batch_maker] Batch IFLp+bu1j+nL1i8Dd+i3mKCq7WEN+tA6JRp/oJZ10sM= contains 204800 B
[2026-04-19T03:26:09.816Z INFO  worker::batch_maker] Batch pnIqhbsYUeYN9GwFjncdoAuQiCLIX/6xm4bPEhcBdxM= contains sample tx 1501
[2026-04-19T03:26:09.816Z INFO  worker::batch_maker] Batch pnIqhbsYUeYN9GwFjncdoAuQiCLIX/6xm4bPEhcBdxM= contains 204800 B
[2026-04-19T03:26:09.871Z INFO  worker::batch_maker] Batch 9G+h/4V57GQwyKeMIEuMd57rQLRjo7wMq3egkp8mbgY= contains sample tx 1502
[2026-04-19T03:26:09.871Z INFO  worker::batch_maker] Batch 9G+h/4V57GQwyKeMIEuMd57rQLRjo7wMq3egkp8mbgY= contains 204800 B
[2026-04-19T03:26:09.923Z INFO  worker::batch_maker] Batch 4+RJ3pScKKWKZCntE6UDJ57dgyF6j5fXHYz+81gwOLo= contains sample tx 1503
[2026-04-19T03:26:09.923Z INFO  worker::batch_maker] Batch 4+RJ3pScKKWKZCntE6UDJ57dgyF6j5fXHYz+81gwOLo= contains 204800 B
[2026-04-19T03:26:09.975Z INFO  worker::batch_maker] Batch xerDk8odYPX+Tfa3VXXQHGsVWy8J/Hk5ykvxZdR+KUc= contains sample tx 1504
[2026-04-19T03:26:09.975Z INFO  worker::batch_maker] Batch xerDk8odYPX+Tfa3VXXQHGsVWy8J/Hk5ykvxZdR+KUc= contains 204800 B
[2026-04-19T03:26:10.028Z INFO  worker::batch_maker] Batch b2KonbETR2+mHllusDYrEc1PfNzAE9jTE/lWrNMH180= contains sample tx 1505
[2026-04-19T03:26:10.028Z INFO  worker::batch_maker] Batch b2KonbETR2+mHllusDYrEc1PfNzAE9jTE/lWrNMH180= contains 204800 B
[2026-04-19T03:26:10.081Z INFO  worker::batch_maker] Batch 10W4/NdIZiGHSM2hgl+KIZ9TlXQquOeiabS0chHr5aA= contains sample tx 1506
[2026-04-19T03:26:10.081Z INFO  worker::batch_maker] Batch 10W4/NdIZiGHSM2hgl+KIZ9TlXQquOeiabS0chHr5aA= contains 204800 B
[2026-04-19T03:26:10.134Z INFO  worker::batch_maker] Batch FB3w4DpKbOLf10qwR9VHEIhv0Ze3KOdbPH9tjC/jrpE= contains sample tx 1507
[2026-04-19T03:26:10.134Z INFO  worker::batch_maker] Batch FB3w4DpKbOLf10qwR9VHEIhv0Ze3KOdbPH9tjC/jrpE= contains 204800 B
[2026-04-19T03:26:10.186Z INFO  worker::batch_maker] Batch CDFXN283LUWXJoMVK6+B1E1Ua+Fv3gT6c/YBxlCq/zo= contains sample tx 1508
[2026-04-19T03:26:10.186Z INFO  worker::batch_maker] Batch CDFXN283LUWXJoMVK6+B1E1Ua+Fv3gT6c/YBxlCq/zo= contains 204800 B
[2026-04-19T03:26:10.239Z INFO  worker::batch_maker] Batch ccom2WnJCh4OtbGy9ImJV/X9obd7b+7exs9qsxesE2o= contains sample tx 1509
[2026-04-19T03:26:10.239Z INFO  worker::batch_maker] Batch ccom2WnJCh4OtbGy9ImJV/X9obd7b+7exs9qsxesE2o= contains 204800 B
[2026-04-19T03:26:10.291Z INFO  worker::batch_maker] Batch m+sD4+q8QhBvid5G46dwS5VyvUIAfRuYB/OHqhGAQhQ= contains sample tx 1510
[2026-04-19T03:26:10.292Z INFO  worker::batch_maker] Batch m+sD4+q8QhBvid5G46dwS5VyvUIAfRuYB/OHqhGAQhQ= contains 204800 B
[2026-04-19T03:26:10.345Z INFO  worker::batch_maker] Batch HEj4ccErPTjY+/p4cefgOQNK5mtVtck5c44y/YW84W8= contains sample tx 1511
[2026-04-19T03:26:10.345Z INFO  worker::batch_maker] Batch HEj4ccErPTjY+/p4cefgOQNK5mtVtck5c44y/YW84W8= contains 204800 B
[2026-04-19T03:26:10.401Z INFO  worker::batch_maker] Batch i46OuzgeUQz9ESDhx5e9DpmBiPbBfQaQrpKgGX5iwmk= contains sample tx 1512
[2026-04-19T03:26:10.402Z INFO  worker::batch_maker] Batch i46OuzgeUQz9ESDhx5e9DpmBiPbBfQaQrpKgGX5iwmk= contains 204800 B
[2026-04-19T03:26:10.457Z INFO  worker::batch_maker] Batch Mgc+NfRDEF/hoJoxNhJaEAQ+uMSH+Fhg+VCoB7AULUQ= contains sample tx 1513
[2026-04-19T03:26:10.457Z INFO  worker::batch_maker] Batch Mgc+NfRDEF/hoJoxNhJaEAQ+uMSH+Fhg+VCoB7AULUQ= contains sample tx 1514
[2026-04-19T03:26:10.457Z INFO  worker::batch_maker] Batch Mgc+NfRDEF/hoJoxNhJaEAQ+uMSH+Fhg+VCoB7AULUQ= contains 409600 B
[2026-04-19T03:26:10.512Z INFO  worker::batch_maker] Batch 8cG+vlEGAJDakRwW45esJf1dLjWNP2mc8zBXrC5TFAQ= contains sample tx 1515
[2026-04-19T03:26:10.512Z INFO  worker::batch_maker] Batch 8cG+vlEGAJDakRwW45esJf1dLjWNP2mc8zBXrC5TFAQ= contains 204800 B
[2026-04-19T03:26:10.565Z INFO  worker::batch_maker] Batch CtuMJ2sQliIluD0r8Qtv7+uG5WNM5UX75sq+J1LKuqg= contains sample tx 1516
[2026-04-19T03:26:10.565Z INFO  worker::batch_maker] Batch CtuMJ2sQliIluD0r8Qtv7+uG5WNM5UX75sq+J1LKuqg= contains 204800 B
[2026-04-19T03:26:10.618Z INFO  worker::batch_maker] Batch UllMnRPKc1w8HLZlrR6rBsP8lx9Bp8jYhoJ+ODTveBc= contains sample tx 1517
[2026-04-19T03:26:10.618Z INFO  worker::batch_maker] Batch UllMnRPKc1w8HLZlrR6rBsP8lx9Bp8jYhoJ+ODTveBc= contains 204800 B
[2026-04-19T03:26:10.673Z INFO  worker::batch_maker] Batch iIPCtCpBVuFD3Vfeh0yll4A53iiyRLB0ymMTrsoD9Aw= contains sample tx 1518
[2026-04-19T03:26:10.674Z INFO  worker::batch_maker] Batch iIPCtCpBVuFD3Vfeh0yll4A53iiyRLB0ymMTrsoD9Aw= contains 204800 B
[2026-04-19T03:26:10.728Z INFO  worker::batch_maker] Batch Ox3Bc+2jTCjXTZ962O1JrJiNZBd5fk+BWU8eCrIk0I0= contains sample tx 1519
[2026-04-19T03:26:10.728Z INFO  worker::batch_maker] Batch Ox3Bc+2jTCjXTZ962O1JrJiNZBd5fk+BWU8eCrIk0I0= contains 204800 B
[2026-04-19T03:26:10.781Z INFO  worker::batch_maker] Batch D4iIuJNOxOUCA1B4fTvoVa+0Q/VLTIppjsrFkFVBbmA= contains sample tx 1520
[2026-04-19T03:26:10.781Z INFO  worker::batch_maker] Batch D4iIuJNOxOUCA1B4fTvoVa+0Q/VLTIppjsrFkFVBbmA= contains 204800 B
[2026-04-19T03:26:10.835Z INFO  worker::batch_maker] Batch pgNKn84LAyX4dZZtKQtlDbVT4am2rkMi6HGDYPfeRnI= contains sample tx 1521
[2026-04-19T03:26:10.835Z INFO  worker::batch_maker] Batch pgNKn84LAyX4dZZtKQtlDbVT4am2rkMi6HGDYPfeRnI= contains 204800 B
[2026-04-19T03:26:10.888Z INFO  worker::batch_maker] Batch jZdQftElJ/Z64x5esUtUGgLYkfOLbezy+Sw6qjhU2Ho= contains sample tx 1522
[2026-04-19T03:26:10.888Z INFO  worker::batch_maker] Batch jZdQftElJ/Z64x5esUtUGgLYkfOLbezy+Sw6qjhU2Ho= contains 204800 B
[2026-04-19T03:26:10.942Z INFO  worker::batch_maker] Batch XehQl+BG89IZQhcLQ1KoFGQKzD+Fl9QeTnlw0CzyxlY= contains sample tx 1523
[2026-04-19T03:26:10.942Z INFO  worker::batch_maker] Batch XehQl+BG89IZQhcLQ1KoFGQKzD+Fl9QeTnlw0CzyxlY= contains 204800 B
[2026-04-19T03:26:10.996Z INFO  worker::batch_maker] Batch ABEJagH7Y6aY+Yf6bXL0+h6OKi1ZWCUXuIBBfxbue+U= contains sample tx 1524
[2026-04-19T03:26:10.996Z INFO  worker::batch_maker] Batch ABEJagH7Y6aY+Yf6bXL0+h6OKi1ZWCUXuIBBfxbue+U= contains 204800 B
[2026-04-19T03:26:11.049Z INFO  worker::batch_maker] Batch Y6JQCcd/6zMq1Km9Hyrytj93AioXg7fskYBh//fZGfY= contains sample tx 1525
[2026-04-19T03:26:11.049Z INFO  worker::batch_maker] Batch Y6JQCcd/6zMq1Km9Hyrytj93AioXg7fskYBh//fZGfY= contains 205312 B
[2026-04-19T03:26:11.102Z INFO  worker::batch_maker] Batch yxEZEjtLlIM5YDfT9x5/CBUKHB9IkQgggm1dn7qckAE= contains sample tx 1526
[2026-04-19T03:26:11.102Z INFO  worker::batch_maker] Batch yxEZEjtLlIM5YDfT9x5/CBUKHB9IkQgggm1dn7qckAE= contains 241664 B
[2026-04-19T03:26:11.158Z INFO  worker::batch_maker] Batch uKj+neHVb1tDqdsXAaWdCna3Z+EIHhybiuwBIV8pPPY= contains sample tx 1527
[2026-04-19T03:26:11.158Z INFO  worker::batch_maker] Batch uKj+neHVb1tDqdsXAaWdCna3Z+EIHhybiuwBIV8pPPY= contains sample tx 1528
[2026-04-19T03:26:11.158Z INFO  worker::batch_maker] Batch uKj+neHVb1tDqdsXAaWdCna3Z+EIHhybiuwBIV8pPPY= contains 372224 B
[2026-04-19T03:26:11.212Z INFO  worker::batch_maker] Batch MWOZwP9elNAOJnebRsl7Pan1Ny33kE9wcNissMkgwCE= contains sample tx 1529
[2026-04-19T03:26:11.212Z INFO  worker::batch_maker] Batch MWOZwP9elNAOJnebRsl7Pan1Ny33kE9wcNissMkgwCE= contains 204800 B
[2026-04-19T03:26:11.266Z INFO  worker::batch_maker] Batch 09APwTfzeZu5hLd2+CPs2+Dq/bqyj0dE7UmzMFjV88U= contains sample tx 1530
[2026-04-19T03:26:11.266Z INFO  worker::batch_maker] Batch 09APwTfzeZu5hLd2+CPs2+Dq/bqyj0dE7UmzMFjV88U= contains 204800 B
[2026-04-19T03:26:11.320Z INFO  worker::batch_maker] Batch a6yfSe+O1p2B06B+Yw9uiRaXYsy7FPvDBEw6WjHrEh8= contains sample tx 1531
[2026-04-19T03:26:11.320Z INFO  worker::batch_maker] Batch a6yfSe+O1p2B06B+Yw9uiRaXYsy7FPvDBEw6WjHrEh8= contains 204800 B
[2026-04-19T03:26:11.373Z INFO  worker::batch_maker] Batch XlJ/mj6E4MkZ74DzAR5bUFkHouTWwWKq6FPdYUITLyk= contains sample tx 1532
[2026-04-19T03:26:11.373Z INFO  worker::batch_maker] Batch XlJ/mj6E4MkZ74DzAR5bUFkHouTWwWKq6FPdYUITLyk= contains 204800 B
[2026-04-19T03:26:11.426Z INFO  worker::batch_maker] Batch WS8rWsuehANp2bUa6iI8wE8+68urxCyZB7xR/mGUxmA= contains sample tx 1533
[2026-04-19T03:26:11.426Z INFO  worker::batch_maker] Batch WS8rWsuehANp2bUa6iI8wE8+68urxCyZB7xR/mGUxmA= contains 204800 B
[2026-04-19T03:26:11.480Z INFO  worker::batch_maker] Batch ioS8fBtkqb8bBm1Yn7njjKbkUWqBuzsOHu8uiUIKLgk= contains sample tx 1534
[2026-04-19T03:26:11.480Z INFO  worker::batch_maker] Batch ioS8fBtkqb8bBm1Yn7njjKbkUWqBuzsOHu8uiUIKLgk= contains 204800 B
[2026-04-19T03:26:11.536Z INFO  worker::batch_maker] Batch FxI6+HlCH5J4Sv0ECK1nR9NqB2SisLzHO25I38njhMU= contains sample tx 1535
[2026-04-19T03:26:11.536Z INFO  worker::batch_maker] Batch FxI6+HlCH5J4Sv0ECK1nR9NqB2SisLzHO25I38njhMU= contains 204800 B
[2026-04-19T03:26:11.590Z INFO  worker::batch_maker] Batch QWbgM9ZRNb0vNSbvgfkN1s3NheR/4fHqVW7lWMwqO1U= contains sample tx 1536
[2026-04-19T03:26:11.590Z INFO  worker::batch_maker] Batch QWbgM9ZRNb0vNSbvgfkN1s3NheR/4fHqVW7lWMwqO1U= contains 204800 B
[2026-04-19T03:26:11.645Z INFO  worker::batch_maker] Batch m/whw/hmGjsLLF8R18BH8d8wVSUpWKOIDgdHCosTwuQ= contains sample tx 1537
[2026-04-19T03:26:11.645Z INFO  worker::batch_maker] Batch m/whw/hmGjsLLF8R18BH8d8wVSUpWKOIDgdHCosTwuQ= contains 204800 B
[2026-04-19T03:26:11.698Z INFO  worker::batch_maker] Batch sUmDyPhEkgPzxfznWnYG7tUkXa6F4j1IFagvdHVijEA= contains sample tx 1538
[2026-04-19T03:26:11.698Z INFO  worker::batch_maker] Batch sUmDyPhEkgPzxfznWnYG7tUkXa6F4j1IFagvdHVijEA= contains 204800 B
[2026-04-19T03:26:11.753Z INFO  worker::batch_maker] Batch gPexatHOwLutV32Gj/vGA9SCSSRB5VeR/ziEprOBMUg= contains sample tx 1539
[2026-04-19T03:26:11.753Z INFO  worker::batch_maker] Batch gPexatHOwLutV32Gj/vGA9SCSSRB5VeR/ziEprOBMUg= contains sample tx 1540
[2026-04-19T03:26:11.753Z INFO  worker::batch_maker] Batch gPexatHOwLutV32Gj/vGA9SCSSRB5VeR/ziEprOBMUg= contains 409600 B
[2026-04-19T03:26:11.807Z INFO  worker::batch_maker] Batch sWx+31SDQdqC5ky8NGh28bFfMJSLr33ZG95IhoGTtJQ= contains sample tx 1541
[2026-04-19T03:26:11.807Z INFO  worker::batch_maker] Batch sWx+31SDQdqC5ky8NGh28bFfMJSLr33ZG95IhoGTtJQ= contains 204800 B
[2026-04-19T03:26:11.861Z INFO  worker::batch_maker] Batch 2RCtYh6FjzGsB7EOnaab5/DhvZuL/92F6FQIsgqCM2g= contains sample tx 1542
[2026-04-19T03:26:11.861Z INFO  worker::batch_maker] Batch 2RCtYh6FjzGsB7EOnaab5/DhvZuL/92F6FQIsgqCM2g= contains 204800 B
[2026-04-19T03:26:11.916Z INFO  worker::batch_maker] Batch K0J9m2iw/pFvexxFNmVmytER8sO8NqgX2qK0RGjS4YQ= contains sample tx 1543
[2026-04-19T03:26:11.916Z INFO  worker::batch_maker] Batch K0J9m2iw/pFvexxFNmVmytER8sO8NqgX2qK0RGjS4YQ= contains 204800 B
[2026-04-19T03:26:11.970Z INFO  worker::batch_maker] Batch AvPgE/v2seg2u4yeMAKi46jf3RCoShV7p2VnHWEx0QY= contains sample tx 1544
[2026-04-19T03:26:11.970Z INFO  worker::batch_maker] Batch AvPgE/v2seg2u4yeMAKi46jf3RCoShV7p2VnHWEx0QY= contains 204800 B
[2026-04-19T03:26:12.023Z INFO  worker::batch_maker] Batch OVH5qH4p09xF/cBByetVq/f5qztQotfOmy558UlpAOw= contains sample tx 1545
[2026-04-19T03:26:12.023Z INFO  worker::batch_maker] Batch OVH5qH4p09xF/cBByetVq/f5qztQotfOmy558UlpAOw= contains 204800 B
[2026-04-19T03:26:12.078Z INFO  worker::batch_maker] Batch um2Wji7jbGaBxO2qqXBYK1TvqJbffg1EBNfs9JJoJXs= contains sample tx 1546
[2026-04-19T03:26:12.078Z INFO  worker::batch_maker] Batch um2Wji7jbGaBxO2qqXBYK1TvqJbffg1EBNfs9JJoJXs= contains 204800 B
[2026-04-19T03:26:12.132Z INFO  worker::batch_maker] Batch Uu9yz/OUi6WymP5pDCWZObT6IhILLOuJ1ag1/1L5khM= contains sample tx 1547
[2026-04-19T03:26:12.132Z INFO  worker::batch_maker] Batch Uu9yz/OUi6WymP5pDCWZObT6IhILLOuJ1ag1/1L5khM= contains 204800 B
[2026-04-19T03:26:12.186Z INFO  worker::batch_maker] Batch UBIdiMO5TmcLuJOOhhp4VMMJfLPfktFEdjdPYZu22Eg= contains sample tx 1548
[2026-04-19T03:26:12.186Z INFO  worker::batch_maker] Batch UBIdiMO5TmcLuJOOhhp4VMMJfLPfktFEdjdPYZu22Eg= contains 204800 B
[2026-04-19T03:26:12.240Z INFO  worker::batch_maker] Batch hX2F2FFjCYczTM545PtUAePwxSpzRcB86BZ8CBqadIs= contains sample tx 1549
[2026-04-19T03:26:12.240Z INFO  worker::batch_maker] Batch hX2F2FFjCYczTM545PtUAePwxSpzRcB86BZ8CBqadIs= contains 204800 B
[2026-04-19T03:26:12.294Z INFO  worker::batch_maker] Batch XGfrre2C4t3RJzxPxEmClkU+FRkRiHQVz7njl2dPfpM= contains sample tx 1550
[2026-04-19T03:26:12.294Z INFO  worker::batch_maker] Batch XGfrre2C4t3RJzxPxEmClkU+FRkRiHQVz7njl2dPfpM= contains 204800 B
[2026-04-19T03:26:12.348Z INFO  worker::batch_maker] Batch 6Ujn7A6F0rt4aNc3Z4pKY7gFNpYfH3RGffQi/CM85QI= contains sample tx 1551
[2026-04-19T03:26:12.348Z INFO  worker::batch_maker] Batch 6Ujn7A6F0rt4aNc3Z4pKY7gFNpYfH3RGffQi/CM85QI= contains 204800 B
[2026-04-19T03:26:12.402Z INFO  worker::batch_maker] Batch Sll8MiHj+51vekdRtU+YF38ngghNHyLTJyu6NpFFjO8= contains sample tx 1552
[2026-04-19T03:26:12.402Z INFO  worker::batch_maker] Batch Sll8MiHj+51vekdRtU+YF38ngghNHyLTJyu6NpFFjO8= contains 317952 B
[2026-04-19T03:26:12.458Z INFO  worker::batch_maker] Batch 87CNcHoyw94gjNn+DYA86FYuS13AHoI6hpwYDiSvWgk= contains sample tx 1553
[2026-04-19T03:26:12.458Z INFO  worker::batch_maker] Batch 87CNcHoyw94gjNn+DYA86FYuS13AHoI6hpwYDiSvWgk= contains sample tx 1554
[2026-04-19T03:26:12.458Z INFO  worker::batch_maker] Batch 87CNcHoyw94gjNn+DYA86FYuS13AHoI6hpwYDiSvWgk= contains 296448 B
[2026-04-19T03:26:12.512Z INFO  worker::batch_maker] Batch 2cO4l2hTtNca3ab0rozgaYVHenUsAAYIyMy4qMrrwjY= contains sample tx 1555
[2026-04-19T03:26:12.512Z INFO  worker::batch_maker] Batch 2cO4l2hTtNca3ab0rozgaYVHenUsAAYIyMy4qMrrwjY= contains 204800 B
[2026-04-19T03:26:12.566Z INFO  worker::batch_maker] Batch eCy4LROOo6o2yFU9PMrHDxy7+x2IpR+lUXNjnMslI/E= contains sample tx 1556
[2026-04-19T03:26:12.566Z INFO  worker::batch_maker] Batch eCy4LROOo6o2yFU9PMrHDxy7+x2IpR+lUXNjnMslI/E= contains 204800 B
[2026-04-19T03:26:12.620Z INFO  worker::batch_maker] Batch rWOyK0yc1a2CSeiREOwPFb9yEbVRHajew9mpj1r7qFQ= contains sample tx 1557
[2026-04-19T03:26:12.620Z INFO  worker::batch_maker] Batch rWOyK0yc1a2CSeiREOwPFb9yEbVRHajew9mpj1r7qFQ= contains 204800 B
[2026-04-19T03:26:12.674Z INFO  worker::batch_maker] Batch BytpxgjiYludIDXhUi7x63YRFgwp6JKU4Wv8tXsglsI= contains sample tx 1558
[2026-04-19T03:26:12.674Z INFO  worker::batch_maker] Batch BytpxgjiYludIDXhUi7x63YRFgwp6JKU4Wv8tXsglsI= contains 204800 B
[2026-04-19T03:26:12.728Z INFO  worker::batch_maker] Batch ICli6EwtEp8I8G7pbmLnSZs15K67R28D/fs3KayQXvY= contains sample tx 1559
[2026-04-19T03:26:12.728Z INFO  worker::batch_maker] Batch ICli6EwtEp8I8G7pbmLnSZs15K67R28D/fs3KayQXvY= contains 204800 B
[2026-04-19T03:26:12.783Z INFO  worker::batch_maker] Batch wvEUeRtyeHe/peRQkNiABte70yi1+CEreLlIH4HU4Ew= contains sample tx 1560
[2026-04-19T03:26:12.783Z INFO  worker::batch_maker] Batch wvEUeRtyeHe/peRQkNiABte70yi1+CEreLlIH4HU4Ew= contains 204800 B
[2026-04-19T03:26:12.836Z INFO  worker::batch_maker] Batch tI5VBJM+ZjWKEDRmXSCmTMPrzbM0JEAy8fkVeMzWmVQ= contains sample tx 1561
[2026-04-19T03:26:12.836Z INFO  worker::batch_maker] Batch tI5VBJM+ZjWKEDRmXSCmTMPrzbM0JEAy8fkVeMzWmVQ= contains 204800 B
[2026-04-19T03:26:12.890Z INFO  worker::batch_maker] Batch 3JSBHWaPXIVg/GteSjQUp0WYE+w5mcuqeoNDoAbLexU= contains sample tx 1562
[2026-04-19T03:26:12.890Z INFO  worker::batch_maker] Batch 3JSBHWaPXIVg/GteSjQUp0WYE+w5mcuqeoNDoAbLexU= contains 204800 B
[2026-04-19T03:26:12.946Z INFO  worker::batch_maker] Batch IZ5RVWfszYE2fsaMpgXZHMKRlFU9lp9vLlDUCmQ1SOE= contains sample tx 1563
[2026-04-19T03:26:12.946Z INFO  worker::batch_maker] Batch IZ5RVWfszYE2fsaMpgXZHMKRlFU9lp9vLlDUCmQ1SOE= contains 204800 B
[2026-04-19T03:26:12.997Z INFO  worker::batch_maker] Batch rHDe5Ak/7l3/91ozncL7JxKXsgZ2f2Xeef5Hnl1o4tc= contains sample tx 1564
[2026-04-19T03:26:12.997Z INFO  worker::batch_maker] Batch rHDe5Ak/7l3/91ozncL7JxKXsgZ2f2Xeef5Hnl1o4tc= contains 204800 B
[2026-04-19T03:26:13.051Z INFO  worker::batch_maker] Batch RnwdKhFKmjJAbFGa6x1HJr38+v50uVFVgzYEmU/6G4s= contains sample tx 1565
[2026-04-19T03:26:13.051Z INFO  worker::batch_maker] Batch RnwdKhFKmjJAbFGa6x1HJr38+v50uVFVgzYEmU/6G4s= contains 240640 B
[2026-04-19T03:26:13.107Z INFO  worker::batch_maker] Batch +0k4ATg2ACDd/cIixNN9JPNMVsIXpa9mtHUGB5GyipE= contains sample tx 1566
[2026-04-19T03:26:13.107Z INFO  worker::batch_maker] Batch +0k4ATg2ACDd/cIixNN9JPNMVsIXpa9mtHUGB5GyipE= contains sample tx 1567
[2026-04-19T03:26:13.107Z INFO  worker::batch_maker] Batch +0k4ATg2ACDd/cIixNN9JPNMVsIXpa9mtHUGB5GyipE= contains 373760 B
[2026-04-19T03:26:13.162Z INFO  worker::batch_maker] Batch SFX8ecoUP38oP0I7GjwC4CH1cB3JzKRMkFRzPAUPT9k= contains sample tx 1568
[2026-04-19T03:26:13.162Z INFO  worker::batch_maker] Batch SFX8ecoUP38oP0I7GjwC4CH1cB3JzKRMkFRzPAUPT9k= contains 204800 B
[2026-04-19T03:26:13.215Z INFO  worker::batch_maker] Batch 3PsLPANGL2ihtW7FMzjOVR/sV6zRBiaXQAR0sfNkVRo= contains sample tx 1569
[2026-04-19T03:26:13.215Z INFO  worker::batch_maker] Batch 3PsLPANGL2ihtW7FMzjOVR/sV6zRBiaXQAR0sfNkVRo= contains 204800 B
[2026-04-19T03:26:13.269Z INFO  worker::batch_maker] Batch jjLZoV2+mLxkoDnaouh18neeXIkmrvezaTB40I1dzD4= contains sample tx 1570
[2026-04-19T03:26:13.269Z INFO  worker::batch_maker] Batch jjLZoV2+mLxkoDnaouh18neeXIkmrvezaTB40I1dzD4= contains 204800 B
[2026-04-19T03:26:13.322Z INFO  worker::batch_maker] Batch Lo/x0HCryZyoKVgL5Vb2WQWHeUYptz3T8ySASr8DtLQ= contains sample tx 1571
[2026-04-19T03:26:13.322Z INFO  worker::batch_maker] Batch Lo/x0HCryZyoKVgL5Vb2WQWHeUYptz3T8ySASr8DtLQ= contains 204800 B
[2026-04-19T03:26:13.375Z INFO  worker::batch_maker] Batch DpXAvhwPz1L+fclNMHQXvNMKkiiKebuc57/iCYVOchM= contains sample tx 1572
[2026-04-19T03:26:13.375Z INFO  worker::batch_maker] Batch DpXAvhwPz1L+fclNMHQXvNMKkiiKebuc57/iCYVOchM= contains 204800 B
[2026-04-19T03:26:13.429Z INFO  worker::batch_maker] Batch Ki03kn4uLvwci6108AYWY2yLS24ZCCzhJysgICF2pyc= contains sample tx 1573
[2026-04-19T03:26:13.429Z INFO  worker::batch_maker] Batch Ki03kn4uLvwci6108AYWY2yLS24ZCCzhJysgICF2pyc= contains 204800 B
[2026-04-19T03:26:13.459Z INFO  network::simple_sender] Outgoing connection established with 10.10.1.6:5029
[2026-04-19T03:26:13.459Z INFO  network::simple_sender] Outgoing connection established with 10.10.1.8:5039
[2026-04-19T03:26:13.459Z INFO  network::simple_sender] Outgoing connection established with 10.10.1.2:5009
[2026-04-19T03:26:13.459Z INFO  network::simple_sender] Outgoing connection established with 10.10.1.7:5034
[2026-04-19T03:26:13.459Z INFO  network::simple_sender] Outgoing connection established with 10.10.1.10:5049
[2026-04-19T03:26:13.459Z INFO  network::simple_sender] Outgoing connection established with 10.10.1.3:5014
[2026-04-19T03:26:13.459Z INFO  network::simple_sender] Outgoing connection established with 10.10.1.5:5024
[2026-04-19T03:26:13.460Z INFO  network::receiver] Incoming connection established with 10.10.1.10:47356
[2026-04-19T03:26:13.460Z INFO  network::receiver] Incoming connection established with 10.10.1.3:47524
[2026-04-19T03:26:13.460Z INFO  network::receiver] Incoming connection established with 10.10.1.6:58000
[2026-04-19T03:26:13.460Z INFO  network::receiver] Incoming connection established with 10.10.1.7:51318
[2026-04-19T03:26:13.460Z INFO  network::receiver] Incoming connection established with 10.10.1.5:45440
[2026-04-19T03:26:13.460Z INFO  network::receiver] Incoming connection established with 10.10.1.8:48268
[2026-04-19T03:26:13.461Z INFO  network::receiver] Incoming connection established with 10.10.1.2:46002
[2026-04-19T03:26:13.481Z INFO  worker::batch_maker] Batch EpmttkHBpAfILNs6/YMm0IxPYotwp766zX2ohwzKMnw= contains sample tx 1574
[2026-04-19T03:26:13.481Z INFO  worker::batch_maker] Batch EpmttkHBpAfILNs6/YMm0IxPYotwp766zX2ohwzKMnw= contains 204800 B
[2026-04-19T03:26:13.532Z INFO  worker::batch_maker] Batch p8hauujEbNVx9n41DyIhypIuSK9/c7AMPRA9tdTUUiY= contains sample tx 1575
[2026-04-19T03:26:13.532Z INFO  worker::batch_maker] Batch p8hauujEbNVx9n41DyIhypIuSK9/c7AMPRA9tdTUUiY= contains 204800 B
[2026-04-19T03:26:13.585Z INFO  worker::batch_maker] Batch yKVEkC4coNO5J3LRwsS3M2C/fmbujJNseX/hmqW5t/Y= contains sample tx 1576
[2026-04-19T03:26:13.585Z INFO  worker::batch_maker] Batch yKVEkC4coNO5J3LRwsS3M2C/fmbujJNseX/hmqW5t/Y= contains 204800 B
[2026-04-19T03:26:13.636Z INFO  worker::batch_maker] Batch hI8/YtMMaIjciHvdtQY+0JzUdHhvGkk0Yv7LfdR6ZXw= contains sample tx 1577
[2026-04-19T03:26:13.636Z INFO  worker::batch_maker] Batch hI8/YtMMaIjciHvdtQY+0JzUdHhvGkk0Yv7LfdR6ZXw= contains 204800 B
[2026-04-19T03:26:13.689Z INFO  worker::batch_maker] Batch 2VzSk5ydQ0+hFPEbNVjorksnn/UpZf4OLjKLoy1E+7A= contains sample tx 1578
[2026-04-19T03:26:13.689Z INFO  worker::batch_maker] Batch 2VzSk5ydQ0+hFPEbNVjorksnn/UpZf4OLjKLoy1E+7A= contains 204800 B
[2026-04-19T03:26:13.740Z INFO  worker::batch_maker] Batch Mk0dIgFRu81pC5wc4zaHfpJKXSmgGhYeglbqFUP5AOg= contains sample tx 1579
[2026-04-19T03:26:13.740Z INFO  worker::batch_maker] Batch Mk0dIgFRu81pC5wc4zaHfpJKXSmgGhYeglbqFUP5AOg= contains 204800 B
[2026-04-19T03:26:13.793Z INFO  worker::batch_maker] Batch uiHP2R/SgbFDqlxd8oVH2YtDQPygIg3LAKIiHXZ3WyM= contains sample tx 1580
[2026-04-19T03:26:13.793Z INFO  worker::batch_maker] Batch uiHP2R/SgbFDqlxd8oVH2YtDQPygIg3LAKIiHXZ3WyM= contains 204800 B
[2026-04-19T03:26:13.848Z INFO  worker::batch_maker] Batch vkYaGbXA3MYG0zqEakPsy+qPWlUZmqUGC0oS+GNrfhI= contains sample tx 1581
[2026-04-19T03:26:13.848Z INFO  worker::batch_maker] Batch vkYaGbXA3MYG0zqEakPsy+qPWlUZmqUGC0oS+GNrfhI= contains 204800 B
[2026-04-19T03:26:13.900Z INFO  worker::batch_maker] Batch EhFW93t0M+HBxoe3qiQBSC9va4TJ7qrJ0+CNFo5mcXU= contains sample tx 1582
[2026-04-19T03:26:13.900Z INFO  worker::batch_maker] Batch EhFW93t0M+HBxoe3qiQBSC9va4TJ7qrJ0+CNFo5mcXU= contains 339456 B
[2026-04-19T03:26:13.951Z INFO  worker::batch_maker] Batch suXGjyKTxqI16hSQBld0tJgq3mUmKJ9Z6Br3BxyaRmE= contains sample tx 1583
[2026-04-19T03:26:13.951Z INFO  worker::batch_maker] Batch suXGjyKTxqI16hSQBld0tJgq3mUmKJ9Z6Br3BxyaRmE= contains sample tx 1584
[2026-04-19T03:26:13.951Z INFO  worker::batch_maker] Batch suXGjyKTxqI16hSQBld0tJgq3mUmKJ9Z6Br3BxyaRmE= contains 274944 B
[2026-04-19T03:26:14.005Z INFO  worker::batch_maker] Batch oeyBAwlLfg2R5/tLs2O88rpmsYjE/oBJLDpJAIuG0mY= contains sample tx 1585
[2026-04-19T03:26:14.005Z INFO  worker::batch_maker] Batch oeyBAwlLfg2R5/tLs2O88rpmsYjE/oBJLDpJAIuG0mY= contains 204800 B
[2026-04-19T03:26:14.059Z INFO  worker::batch_maker] Batch QsBi3SrOgV789AagyPDu9UvECBNCwQtPgYs9OAsvVQQ= contains sample tx 1586
[2026-04-19T03:26:14.059Z INFO  worker::batch_maker] Batch QsBi3SrOgV789AagyPDu9UvECBNCwQtPgYs9OAsvVQQ= contains 204800 B
[2026-04-19T03:26:14.112Z INFO  worker::batch_maker] Batch H8Xxk79TZARLRnH504nX/60rh7Gl1p4tinnky1gC4fI= contains sample tx 1587
[2026-04-19T03:26:14.113Z INFO  worker::batch_maker] Batch H8Xxk79TZARLRnH504nX/60rh7Gl1p4tinnky1gC4fI= contains 204800 B
[2026-04-19T03:26:14.166Z INFO  worker::batch_maker] Batch GfhR2rLPvRFcfuLa5sdBAxyltHA/JamT3rnz90ncqp8= contains sample tx 1588
[2026-04-19T03:26:14.166Z INFO  worker::batch_maker] Batch GfhR2rLPvRFcfuLa5sdBAxyltHA/JamT3rnz90ncqp8= contains 204800 B
[2026-04-19T03:26:14.219Z INFO  worker::batch_maker] Batch yRkrzZWCBPBkNMurIDT6zeAOwFBhk2hDvAOmjENPvuo= contains sample tx 1589
[2026-04-19T03:26:14.219Z INFO  worker::batch_maker] Batch yRkrzZWCBPBkNMurIDT6zeAOwFBhk2hDvAOmjENPvuo= contains 204800 B
[2026-04-19T03:26:14.272Z INFO  worker::batch_maker] Batch Fm+GrOorXrcbZ6rgAt6eqru4UpVyQ6CFKDIFog3/2kQ= contains sample tx 1590
[2026-04-19T03:26:14.272Z INFO  worker::batch_maker] Batch Fm+GrOorXrcbZ6rgAt6eqru4UpVyQ6CFKDIFog3/2kQ= contains 204800 B
[2026-04-19T03:26:14.325Z INFO  worker::batch_maker] Batch H1Pcl+0gH0VHG23kymeQQHWMFQRyh4wUNF23ml14DUA= contains sample tx 1591
[2026-04-19T03:26:14.325Z INFO  worker::batch_maker] Batch H1Pcl+0gH0VHG23kymeQQHWMFQRyh4wUNF23ml14DUA= contains 204800 B
[2026-04-19T03:26:14.379Z INFO  worker::batch_maker] Batch CPSywfOraYN1f5ogYeHKCcqgxcmM5+KeNx2HkUR3Wc4= contains sample tx 1592
[2026-04-19T03:26:14.379Z INFO  worker::batch_maker] Batch CPSywfOraYN1f5ogYeHKCcqgxcmM5+KeNx2HkUR3Wc4= contains 204800 B
[2026-04-19T03:26:14.432Z INFO  worker::batch_maker] Batch WxAE5i++dyOYNGSse0wp/nBXBlkaU9nkQD+gaEvtcZw= contains sample tx 1593
[2026-04-19T03:26:14.432Z INFO  worker::batch_maker] Batch WxAE5i++dyOYNGSse0wp/nBXBlkaU9nkQD+gaEvtcZw= contains 204800 B
[2026-04-19T03:26:14.483Z INFO  worker::batch_maker] Batch jL0NbZ1Nl1aKm4/Tzz7pzwAvHJAtXzWqLr1IllGoQNc= contains sample tx 1594
[2026-04-19T03:26:14.483Z INFO  worker::batch_maker] Batch jL0NbZ1Nl1aKm4/Tzz7pzwAvHJAtXzWqLr1IllGoQNc= contains 204800 B
[2026-04-19T03:26:14.535Z INFO  worker::batch_maker] Batch 17plLn6lmCuGfh37ALUHEq3uD9pR4cTudPW5PmFxLPQ= contains sample tx 1595
[2026-04-19T03:26:14.536Z INFO  worker::batch_maker] Batch 17plLn6lmCuGfh37ALUHEq3uD9pR4cTudPW5PmFxLPQ= contains 204800 B
[2026-04-19T03:26:14.587Z INFO  worker::batch_maker] Batch GZdqAXG5BUpsHt6r6ieAtdaf0iX81moe3y+r+JvxYeQ= contains sample tx 1596
[2026-04-19T03:26:14.587Z INFO  worker::batch_maker] Batch GZdqAXG5BUpsHt6r6ieAtdaf0iX81moe3y+r+JvxYeQ= contains 204800 B
[2026-04-19T03:26:14.639Z INFO  worker::batch_maker] Batch Fs9edG029stgTgJFGBrsSIpujeDbru6BXOqMgkCBEYM= contains sample tx 1597
[2026-04-19T03:26:14.639Z INFO  worker::batch_maker] Batch Fs9edG029stgTgJFGBrsSIpujeDbru6BXOqMgkCBEYM= contains 204800 B
[2026-04-19T03:26:14.691Z INFO  worker::batch_maker] Batch 1Dh2lcn1sLAHxzjfuVosfiisUSUD30Fl+4b9l2dIT5k= contains sample tx 1598
[2026-04-19T03:26:14.691Z INFO  worker::batch_maker] Batch 1Dh2lcn1sLAHxzjfuVosfiisUSUD30Fl+4b9l2dIT5k= contains 204800 B
[2026-04-19T03:26:14.744Z INFO  worker::batch_maker] Batch GBsoOVet7W0eV98pNl5u91JsCdvTLVirVrcU7nOZpoU= contains sample tx 1599
[2026-04-19T03:26:14.744Z INFO  worker::batch_maker] Batch GBsoOVet7W0eV98pNl5u91JsCdvTLVirVrcU7nOZpoU= contains 204800 B
[2026-04-19T03:26:14.796Z INFO  worker::batch_maker] Batch xXBmSLLTC96wyfmv0vW/hUE1tWTqBhaHYWd4h0M8uy0= contains sample tx 1600
[2026-04-19T03:26:14.796Z INFO  worker::batch_maker] Batch xXBmSLLTC96wyfmv0vW/hUE1tWTqBhaHYWd4h0M8uy0= contains 204800 B
[2026-04-19T03:26:14.850Z INFO  worker::batch_maker] Batch 9QYNB0diJwUnB7aMwvGX2EFGRqKIW+2MfzgVg3DrJBc= contains sample tx 1601
[2026-04-19T03:26:14.850Z INFO  worker::batch_maker] Batch 9QYNB0diJwUnB7aMwvGX2EFGRqKIW+2MfzgVg3DrJBc= contains sample tx 1602
[2026-04-19T03:26:14.850Z INFO  worker::batch_maker] Batch 9QYNB0diJwUnB7aMwvGX2EFGRqKIW+2MfzgVg3DrJBc= contains 243712 B
[2026-04-19T03:26:14.907Z INFO  worker::batch_maker] Batch TY1seNipJyDzEihAjHXQKjHXWat7T3U0vBm4DOVHn60= contains sample tx 1603
[2026-04-19T03:26:14.907Z INFO  worker::batch_maker] Batch TY1seNipJyDzEihAjHXQKjHXWat7T3U0vBm4DOVHn60= contains 370688 B
[2026-04-19T03:26:14.961Z INFO  worker::batch_maker] Batch Nag0CsyQyre+mnOZbQHGomD5/at2z2MzFiJW/saCgG8= contains sample tx 1604
[2026-04-19T03:26:14.961Z INFO  worker::batch_maker] Batch Nag0CsyQyre+mnOZbQHGomD5/at2z2MzFiJW/saCgG8= contains 204800 B
[2026-04-19T03:26:15.014Z INFO  worker::batch_maker] Batch B30GtEYXgDMacyXjp0r8+mlBu8g/y3VHUuNr/lxU/1Y= contains sample tx 1605
[2026-04-19T03:26:15.015Z INFO  worker::batch_maker] Batch B30GtEYXgDMacyXjp0r8+mlBu8g/y3VHUuNr/lxU/1Y= contains 204800 B
[2026-04-19T03:26:15.066Z INFO  worker::batch_maker] Batch YOGYOhQwqn4PZKGdkpYN3niUdoU4UdmqkCXG+UAno1I= contains sample tx 1606
[2026-04-19T03:26:15.066Z INFO  worker::batch_maker] Batch YOGYOhQwqn4PZKGdkpYN3niUdoU4UdmqkCXG+UAno1I= contains 204800 B
[2026-04-19T03:26:15.120Z INFO  worker::batch_maker] Batch 8eh75WrKAA2niFoypbqiRa/krJxmUg0u7IezBhZpVKc= contains sample tx 1607
[2026-04-19T03:26:15.120Z INFO  worker::batch_maker] Batch 8eh75WrKAA2niFoypbqiRa/krJxmUg0u7IezBhZpVKc= contains 204800 B
[2026-04-19T03:26:15.172Z INFO  worker::batch_maker] Batch Xfg6x9Qiq5jRl9ugW5zwEQ+wF0JJ0uktJveJIPLkSk0= contains sample tx 1608
[2026-04-19T03:26:15.172Z INFO  worker::batch_maker] Batch Xfg6x9Qiq5jRl9ugW5zwEQ+wF0JJ0uktJveJIPLkSk0= contains 204800 B
[2026-04-19T03:26:15.226Z INFO  worker::batch_maker] Batch hbJ8dfEi52Q7bPaeMKS/u8wbKUcbTl/QX0S/9THuxAU= contains sample tx 1609
[2026-04-19T03:26:15.226Z INFO  worker::batch_maker] Batch hbJ8dfEi52Q7bPaeMKS/u8wbKUcbTl/QX0S/9THuxAU= contains 204800 B
[2026-04-19T03:26:15.282Z INFO  worker::batch_maker] Batch SumsIjM5Fko14kdN+WldoZTtRTKKlgFpl/SxVigkL7E= contains sample tx 1610
[2026-04-19T03:26:15.282Z INFO  worker::batch_maker] Batch SumsIjM5Fko14kdN+WldoZTtRTKKlgFpl/SxVigkL7E= contains 204800 B
[2026-04-19T03:26:15.335Z INFO  worker::batch_maker] Batch MR3jHAGCZdBCwWMC33LYnjWqQKBbhdOf275pzIyx9Ls= contains sample tx 1611
[2026-04-19T03:26:15.336Z INFO  worker::batch_maker] Batch MR3jHAGCZdBCwWMC33LYnjWqQKBbhdOf275pzIyx9Ls= contains 204800 B
[2026-04-19T03:26:15.389Z INFO  worker::batch_maker] Batch 9brslKbeFSmzSco9RS+w5/vTOpL8xysWsf2xGrQ5CMQ= contains sample tx 1612
[2026-04-19T03:26:15.389Z INFO  worker::batch_maker] Batch 9brslKbeFSmzSco9RS+w5/vTOpL8xysWsf2xGrQ5CMQ= contains 204800 B
[2026-04-19T03:26:15.442Z INFO  worker::batch_maker] Batch dzoOtBIJ5Moukg8wKr6WmeMr/FYwZwf2D2SFY6Fd+Ac= contains sample tx 1613
[2026-04-19T03:26:15.443Z INFO  worker::batch_maker] Batch dzoOtBIJ5Moukg8wKr6WmeMr/FYwZwf2D2SFY6Fd+Ac= contains 204800 B
[2026-04-19T03:26:15.498Z INFO  worker::batch_maker] Batch JTNnJx48aP5vP2qr5HiKaVeXirKqYlR+E47ZRMqc+Jk= contains sample tx 1614
[2026-04-19T03:26:15.498Z INFO  worker::batch_maker] Batch JTNnJx48aP5vP2qr5HiKaVeXirKqYlR+E47ZRMqc+Jk= contains 204800 B
[2026-04-19T03:26:15.552Z INFO  worker::batch_maker] Batch jPe5/IdLgFgSdHpxd9mtJxx++FUnSxEprB/4yTlkEpM= contains sample tx 1615
[2026-04-19T03:26:15.552Z INFO  worker::batch_maker] Batch jPe5/IdLgFgSdHpxd9mtJxx++FUnSxEprB/4yTlkEpM= contains sample tx 1616
[2026-04-19T03:26:15.552Z INFO  worker::batch_maker] Batch jPe5/IdLgFgSdHpxd9mtJxx++FUnSxEprB/4yTlkEpM= contains 409600 B
[2026-04-19T03:26:15.604Z INFO  worker::batch_maker] Batch GVHSGrjw16nbIg22FkVlDwwUkPuQV+eSbNAy4YWqrTs= contains sample tx 1617
[2026-04-19T03:26:15.604Z INFO  worker::batch_maker] Batch GVHSGrjw16nbIg22FkVlDwwUkPuQV+eSbNAy4YWqrTs= contains 204800 B
[2026-04-19T03:26:15.658Z INFO  worker::batch_maker] Batch ndeYKX+7PIVF7tdVNFQHIUaHJJv0Bi+eZGxhyuN9DRE= contains sample tx 1618
[2026-04-19T03:26:15.658Z INFO  worker::batch_maker] Batch ndeYKX+7PIVF7tdVNFQHIUaHJJv0Bi+eZGxhyuN9DRE= contains 204800 B
[2026-04-19T03:26:15.711Z INFO  worker::batch_maker] Batch e2fs3KBm68PAcHvpvuro8OkhPndqhJZ0TftaufKZXE4= contains sample tx 1619
[2026-04-19T03:26:15.711Z INFO  worker::batch_maker] Batch e2fs3KBm68PAcHvpvuro8OkhPndqhJZ0TftaufKZXE4= contains 204800 B
[2026-04-19T03:26:15.764Z INFO  worker::batch_maker] Batch PqkLvZ3kjR/tCowkCDKqb0u6nsaV0UqvF9cdDT7LC0c= contains sample tx 1620
[2026-04-19T03:26:15.764Z INFO  worker::batch_maker] Batch PqkLvZ3kjR/tCowkCDKqb0u6nsaV0UqvF9cdDT7LC0c= contains 204800 B
[2026-04-19T03:26:15.818Z INFO  worker::batch_maker] Batch U+es72NdVWTfxDNe6U2NEOZ/MoCqc92JbsD5Im63Xio= contains sample tx 1621
[2026-04-19T03:26:15.818Z INFO  worker::batch_maker] Batch U+es72NdVWTfxDNe6U2NEOZ/MoCqc92JbsD5Im63Xio= contains 204800 B
[2026-04-19T03:26:15.872Z INFO  worker::batch_maker] Batch l9DC0x2kSbsNI0N341/3LFIfeWTyNoTn/dXx0gYN98M= contains sample tx 1622
[2026-04-19T03:26:15.872Z INFO  worker::batch_maker] Batch l9DC0x2kSbsNI0N341/3LFIfeWTyNoTn/dXx0gYN98M= contains 204800 B
[2026-04-19T03:26:15.926Z INFO  worker::batch_maker] Batch ENte1xlf6AApjKHywpDxoa2k60OZnvHTCR2hu3x3mWM= contains sample tx 1623
[2026-04-19T03:26:15.926Z INFO  worker::batch_maker] Batch ENte1xlf6AApjKHywpDxoa2k60OZnvHTCR2hu3x3mWM= contains 204800 B
[2026-04-19T03:26:15.979Z INFO  worker::batch_maker] Batch n5cynZyFdDUkVDgwezpufnyJu48R0wd5LVZdI04va/c= contains sample tx 1624
[2026-04-19T03:26:15.979Z INFO  worker::batch_maker] Batch n5cynZyFdDUkVDgwezpufnyJu48R0wd5LVZdI04va/c= contains 204800 B
[2026-04-19T03:26:16.032Z INFO  worker::batch_maker] Batch q5WqBxIrmQ8xhYEYo45CM74nBi2UmhI9GMbIfaYQLac= contains sample tx 1625
[2026-04-19T03:26:16.032Z INFO  worker::batch_maker] Batch q5WqBxIrmQ8xhYEYo45CM74nBi2UmhI9GMbIfaYQLac= contains 204800 B
[2026-04-19T03:26:16.086Z INFO  worker::batch_maker] Batch T6Ee7a7OCFESJpfm06HRALexO5bjMI3nLv4B5db2uxE= contains sample tx 1626
[2026-04-19T03:26:16.086Z INFO  worker::batch_maker] Batch T6Ee7a7OCFESJpfm06HRALexO5bjMI3nLv4B5db2uxE= contains 204800 B
[2026-04-19T03:26:16.140Z INFO  worker::batch_maker] Batch q7lmrStrLHHKeS3YD4dw3LBBgK9NxOZAGcIAmuatXAo= contains sample tx 1627
[2026-04-19T03:26:16.140Z INFO  worker::batch_maker] Batch q7lmrStrLHHKeS3YD4dw3LBBgK9NxOZAGcIAmuatXAo= contains 204800 B
[2026-04-19T03:26:16.194Z INFO  worker::batch_maker] Batch m07CFBPf4ynJ5vXqSkbv2OzR4ssgSE01RyFBXczYYfY= contains sample tx 1628
[2026-04-19T03:26:16.194Z INFO  worker::batch_maker] Batch m07CFBPf4ynJ5vXqSkbv2OzR4ssgSE01RyFBXczYYfY= contains 204800 B
[2026-04-19T03:26:16.249Z INFO  worker::batch_maker] Batch bqlpNhx0zUcJZhLTEM7neOpzpRWkmXoCyLXZGxxrLjM= contains sample tx 1629
[2026-04-19T03:26:16.250Z INFO  worker::batch_maker] Batch bqlpNhx0zUcJZhLTEM7neOpzpRWkmXoCyLXZGxxrLjM= contains 204800 B
[2026-04-19T03:26:16.302Z INFO  worker::batch_maker] Batch P8LRlItV6CMbAilZZAnrinqOrkBzC2LjlQpmDOdvYfc= contains sample tx 1630
[2026-04-19T03:26:16.303Z INFO  worker::batch_maker] Batch P8LRlItV6CMbAilZZAnrinqOrkBzC2LjlQpmDOdvYfc= contains sample tx 1631
[2026-04-19T03:26:16.303Z INFO  worker::batch_maker] Batch P8LRlItV6CMbAilZZAnrinqOrkBzC2LjlQpmDOdvYfc= contains 409600 B
[2026-04-19T03:26:16.356Z INFO  worker::batch_maker] Batch rdvpc2a6mQ7ClE5EZvpF+dPzsnXAUgjoDGY+DB32Ic0= contains sample tx 1632
[2026-04-19T03:26:16.356Z INFO  worker::batch_maker] Batch rdvpc2a6mQ7ClE5EZvpF+dPzsnXAUgjoDGY+DB32Ic0= contains 204800 B
[2026-04-19T03:26:16.408Z INFO  worker::batch_maker] Batch Hiu5spxYMCU/tYLV1ySrIwsTDDl2W91xE2N+gJea9pk= contains sample tx 1633
[2026-04-19T03:26:16.408Z INFO  worker::batch_maker] Batch Hiu5spxYMCU/tYLV1ySrIwsTDDl2W91xE2N+gJea9pk= contains 204800 B
[2026-04-19T03:26:16.461Z INFO  worker::batch_maker] Batch SYG0JI7Pt8XsEtWbKbBfuiYymHyluFv1zxJUWsw3fnY= contains sample tx 1634
[2026-04-19T03:26:16.461Z INFO  worker::batch_maker] Batch SYG0JI7Pt8XsEtWbKbBfuiYymHyluFv1zxJUWsw3fnY= contains 204800 B
[2026-04-19T03:26:16.516Z INFO  worker::batch_maker] Batch YKyRmLuHvVrhNDVf1eR1Bfrpi9vmmErPZ2ixHXwukZY= contains sample tx 1635
[2026-04-19T03:26:16.516Z INFO  worker::batch_maker] Batch YKyRmLuHvVrhNDVf1eR1Bfrpi9vmmErPZ2ixHXwukZY= contains 204800 B
[2026-04-19T03:26:16.570Z INFO  worker::batch_maker] Batch aUmuL2GMvUYPhm9ao6zOTUJZa+/eZ+JyMdijqRmFAnY= contains sample tx 1636
[2026-04-19T03:26:16.570Z INFO  worker::batch_maker] Batch aUmuL2GMvUYPhm9ao6zOTUJZa+/eZ+JyMdijqRmFAnY= contains 204800 B
[2026-04-19T03:26:16.625Z INFO  worker::batch_maker] Batch MJ9o6AXNc1tYSMxlayYax9IG+6qyX/HUDEctMBJt854= contains sample tx 1637
[2026-04-19T03:26:16.625Z INFO  worker::batch_maker] Batch MJ9o6AXNc1tYSMxlayYax9IG+6qyX/HUDEctMBJt854= contains 204800 B
[2026-04-19T03:26:16.680Z INFO  worker::batch_maker] Batch +cjk5bI8HkWQYRTQ4gR9k0qguU2XZIqWq4QQPEFR93s= contains sample tx 1638
[2026-04-19T03:26:16.680Z INFO  worker::batch_maker] Batch +cjk5bI8HkWQYRTQ4gR9k0qguU2XZIqWq4QQPEFR93s= contains 204800 B
[2026-04-19T03:26:16.734Z INFO  worker::batch_maker] Batch IVclH/erKRDNW6jVPEdzVeFHdkm0AXBc/md7/C9D6VU= contains sample tx 1639
[2026-04-19T03:26:16.734Z INFO  worker::batch_maker] Batch IVclH/erKRDNW6jVPEdzVeFHdkm0AXBc/md7/C9D6VU= contains 204800 B
[2026-04-19T03:26:16.787Z INFO  worker::batch_maker] Batch SHnQWMnvA2CGatH3qVtaJs2TcaGHs8ClpQOQIBlt/FY= contains sample tx 1640
[2026-04-19T03:26:16.787Z INFO  worker::batch_maker] Batch SHnQWMnvA2CGatH3qVtaJs2TcaGHs8ClpQOQIBlt/FY= contains 204800 B
[2026-04-19T03:26:16.844Z INFO  worker::batch_maker] Batch H0lVm4PTKodumMJ+EYk8CScdSZWSyka+A5tCZuxq8y0= contains sample tx 1641
[2026-04-19T03:26:16.844Z INFO  worker::batch_maker] Batch H0lVm4PTKodumMJ+EYk8CScdSZWSyka+A5tCZuxq8y0= contains 204800 B
[2026-04-19T03:26:16.897Z INFO  worker::batch_maker] Batch Vn+7fdWN29EETu5KQuPWwZu3J0RlXjkSXH2QLXVM4NA= contains sample tx 1642
[2026-04-19T03:26:16.897Z INFO  worker::batch_maker] Batch Vn+7fdWN29EETu5KQuPWwZu3J0RlXjkSXH2QLXVM4NA= contains 204800 B
[2026-04-19T03:26:16.950Z INFO  worker::batch_maker] Batch l+04a2wBdc5e0XmoCEz4tP5Z59Cvnj++/vse3u0J39g= contains sample tx 1643
[2026-04-19T03:26:16.950Z INFO  worker::batch_maker] Batch l+04a2wBdc5e0XmoCEz4tP5Z59Cvnj++/vse3u0J39g= contains 225792 B
[2026-04-19T03:26:17.003Z INFO  worker::batch_maker] Batch oZxdArsU63nS7MuljJYH7OrXBHmaf/yUszU3/SRh+qY= contains sample tx 1644
[2026-04-19T03:26:17.003Z INFO  worker::batch_maker] Batch oZxdArsU63nS7MuljJYH7OrXBHmaf/yUszU3/SRh+qY= contains 188928 B
[2026-04-19T03:26:17.058Z INFO  worker::batch_maker] Batch t3PkQnm4L2YJDSzeSLAm+HSy0y6EBWdT+mb2S026iqk= contains sample tx 1645
[2026-04-19T03:26:17.059Z INFO  worker::batch_maker] Batch t3PkQnm4L2YJDSzeSLAm+HSy0y6EBWdT+mb2S026iqk= contains sample tx 1646
[2026-04-19T03:26:17.059Z INFO  worker::batch_maker] Batch t3PkQnm4L2YJDSzeSLAm+HSy0y6EBWdT+mb2S026iqk= contains 404480 B
[2026-04-19T03:26:17.112Z INFO  worker::batch_maker] Batch 66dpn36UpYoG6oPr151gTPPbZiZc+sx8R1ZtrWkUKZs= contains sample tx 1647
[2026-04-19T03:26:17.112Z INFO  worker::batch_maker] Batch 66dpn36UpYoG6oPr151gTPPbZiZc+sx8R1ZtrWkUKZs= contains 204800 B
[2026-04-19T03:26:17.166Z INFO  worker::batch_maker] Batch W2QibZKr7TYr+v2zaeNGyctkjNY3UbWCbBYARxpwBTw= contains sample tx 1648
[2026-04-19T03:26:17.166Z INFO  worker::batch_maker] Batch W2QibZKr7TYr+v2zaeNGyctkjNY3UbWCbBYARxpwBTw= contains 204800 B
[2026-04-19T03:26:17.220Z INFO  worker::batch_maker] Batch vfGoGl3D3ERMbbc+r8zKB6YFgQl4EBVPdkT/LcLgeKU= contains sample tx 1649
[2026-04-19T03:26:17.220Z INFO  worker::batch_maker] Batch vfGoGl3D3ERMbbc+r8zKB6YFgQl4EBVPdkT/LcLgeKU= contains 204800 B
[2026-04-19T03:26:17.274Z INFO  worker::batch_maker] Batch w3vE446+VMco3GA+C37BeTxqi7X/JRz0y+kzUl5Q3+o= contains sample tx 1650
[2026-04-19T03:26:17.274Z INFO  worker::batch_maker] Batch w3vE446+VMco3GA+C37BeTxqi7X/JRz0y+kzUl5Q3+o= contains 204800 B
[2026-04-19T03:26:17.326Z INFO  worker::batch_maker] Batch 8S/0fcsyGveKGXfUC4sR4cTPiJgYP1FFXFCgOGSHNaU= contains sample tx 1651
[2026-04-19T03:26:17.326Z INFO  worker::batch_maker] Batch 8S/0fcsyGveKGXfUC4sR4cTPiJgYP1FFXFCgOGSHNaU= contains 204800 B
[2026-04-19T03:26:17.377Z INFO  worker::batch_maker] Batch tBM9tt4OxLj0qNjCscAfCky50v3x8mu40pVHyZDt0uI= contains sample tx 1652
[2026-04-19T03:26:17.377Z INFO  worker::batch_maker] Batch tBM9tt4OxLj0qNjCscAfCky50v3x8mu40pVHyZDt0uI= contains 204800 B
[2026-04-19T03:26:17.431Z INFO  worker::batch_maker] Batch 0TGBOBtpTA3lJZbHgYyYRlFBAJZWFbhb0jP7EmBOsKg= contains sample tx 1653
[2026-04-19T03:26:17.431Z INFO  worker::batch_maker] Batch 0TGBOBtpTA3lJZbHgYyYRlFBAJZWFbhb0jP7EmBOsKg= contains 204800 B
[2026-04-19T03:26:17.486Z INFO  worker::batch_maker] Batch 1zNY1+3fNwQWSBpvVpTKAbPygOb7OD0udVb8jKs2C2s= contains sample tx 1654
[2026-04-19T03:26:17.486Z INFO  worker::batch_maker] Batch 1zNY1+3fNwQWSBpvVpTKAbPygOb7OD0udVb8jKs2C2s= contains 204800 B
[2026-04-19T03:26:17.538Z INFO  worker::batch_maker] Batch RxZz3P6CEcqE/FWJbtIy/HbAE7uVhuryngVjcjtyC4A= contains sample tx 1655
[2026-04-19T03:26:17.538Z INFO  worker::batch_maker] Batch RxZz3P6CEcqE/FWJbtIy/HbAE7uVhuryngVjcjtyC4A= contains 204800 B
[2026-04-19T03:26:17.593Z INFO  worker::batch_maker] Batch Ci/ak4+dDR7jK+lYBUmoM+2ZfjX5RnMoXv6vyAvk+ow= contains sample tx 1656
[2026-04-19T03:26:17.593Z INFO  worker::batch_maker] Batch Ci/ak4+dDR7jK+lYBUmoM+2ZfjX5RnMoXv6vyAvk+ow= contains 204800 B
[2026-04-19T03:26:17.646Z INFO  worker::batch_maker] Batch FDb5g2IYP3sSrrzpntPqbx6hhbMhsOp/aTkqA6e4hYU= contains sample tx 1657
[2026-04-19T03:26:17.646Z INFO  worker::batch_maker] Batch FDb5g2IYP3sSrrzpntPqbx6hhbMhsOp/aTkqA6e4hYU= contains 204800 B
[2026-04-19T03:26:17.700Z INFO  worker::batch_maker] Batch xshwuJXJjmLlRgUBxVmvqJb3SHwVD/N7wUVhH5NbIt8= contains sample tx 1658
[2026-04-19T03:26:17.700Z INFO  worker::batch_maker] Batch xshwuJXJjmLlRgUBxVmvqJb3SHwVD/N7wUVhH5NbIt8= contains sample tx 1659
[2026-04-19T03:26:17.700Z INFO  worker::batch_maker] Batch xshwuJXJjmLlRgUBxVmvqJb3SHwVD/N7wUVhH5NbIt8= contains 267776 B
[2026-04-19T03:26:17.755Z INFO  worker::batch_maker] Batch cXEMhxF/9yALJH9IltV5R7OhdiCsAS/kQBz0AAHdx7Q= contains sample tx 1660
[2026-04-19T03:26:17.755Z INFO  worker::batch_maker] Batch cXEMhxF/9yALJH9IltV5R7OhdiCsAS/kQBz0AAHdx7Q= contains 346624 B
[2026-04-19T03:26:17.809Z INFO  worker::batch_maker] Batch eSAI8YWoh1LMfnd/jgqHSz47U6gKF0CHVYZdB2CPadA= contains sample tx 1661
[2026-04-19T03:26:17.809Z INFO  worker::batch_maker] Batch eSAI8YWoh1LMfnd/jgqHSz47U6gKF0CHVYZdB2CPadA= contains 204800 B
[2026-04-19T03:26:17.862Z INFO  worker::batch_maker] Batch bT5BgmrhW9qtNcZA/00aSgOeEqs0kuPzGGfNVsHgQQ8= contains sample tx 1662
[2026-04-19T03:26:17.862Z INFO  worker::batch_maker] Batch bT5BgmrhW9qtNcZA/00aSgOeEqs0kuPzGGfNVsHgQQ8= contains 204800 B
[2026-04-19T03:26:17.917Z INFO  worker::batch_maker] Batch CTClY01dcMUFv/j/o/+2cbSw+T/yRy7bs9Hkn1fwm/o= contains sample tx 1663
[2026-04-19T03:26:17.917Z INFO  worker::batch_maker] Batch CTClY01dcMUFv/j/o/+2cbSw+T/yRy7bs9Hkn1fwm/o= contains 204800 B
[2026-04-19T03:26:17.970Z INFO  worker::batch_maker] Batch 3Q9MU6HZlcUAwTDVR/P/fEAen2rUTYDpvs1NOa/wgAg= contains sample tx 1664
[2026-04-19T03:26:17.970Z INFO  worker::batch_maker] Batch 3Q9MU6HZlcUAwTDVR/P/fEAen2rUTYDpvs1NOa/wgAg= contains 204800 B
[2026-04-19T03:26:18.023Z INFO  worker::batch_maker] Batch doW+tmFhfVG/+ZbNBzJyErqmT6TZ8AN1GpPvBbzSUe4= contains sample tx 1665
[2026-04-19T03:26:18.023Z INFO  worker::batch_maker] Batch doW+tmFhfVG/+ZbNBzJyErqmT6TZ8AN1GpPvBbzSUe4= contains 204800 B
[2026-04-19T03:26:18.075Z INFO  worker::batch_maker] Batch m+s02okObF/kAtadWmMjGaaZ7uWZWgR4Kyn5W/nqUsY= contains sample tx 1666
[2026-04-19T03:26:18.075Z INFO  worker::batch_maker] Batch m+s02okObF/kAtadWmMjGaaZ7uWZWgR4Kyn5W/nqUsY= contains 204800 B
[2026-04-19T03:26:18.129Z INFO  worker::batch_maker] Batch NDx3BT2yQlq4JB+4BfT/NcCccik6MYqKMgey4QGCjZc= contains sample tx 1667
[2026-04-19T03:26:18.130Z INFO  worker::batch_maker] Batch NDx3BT2yQlq4JB+4BfT/NcCccik6MYqKMgey4QGCjZc= contains 204800 B
[2026-04-19T03:26:18.185Z INFO  worker::batch_maker] Batch PmIh+ILVqezFbMC4sA1FMdisDRrnTgyUwse0Lkv8Bu0= contains sample tx 1668
[2026-04-19T03:26:18.185Z INFO  worker::batch_maker] Batch PmIh+ILVqezFbMC4sA1FMdisDRrnTgyUwse0Lkv8Bu0= contains 204800 B
[2026-04-19T03:26:18.239Z INFO  worker::batch_maker] Batch 71NfV4XIHboXvu75qYmVjTXCRmfgvKXNAF2OtiZ58uo= contains sample tx 1669
[2026-04-19T03:26:18.239Z INFO  worker::batch_maker] Batch 71NfV4XIHboXvu75qYmVjTXCRmfgvKXNAF2OtiZ58uo= contains 204800 B
[2026-04-19T03:26:18.293Z INFO  worker::batch_maker] Batch QhOhAd9CZH9dKU6NMLjBhfovQsXXPPlQMDa1CxeD9+8= contains sample tx 1670
[2026-04-19T03:26:18.293Z INFO  worker::batch_maker] Batch QhOhAd9CZH9dKU6NMLjBhfovQsXXPPlQMDa1CxeD9+8= contains 204800 B
[2026-04-19T03:26:18.347Z INFO  worker::batch_maker] Batch 8Q0P+3KBbN840dOMXAeqU67qTzB2e8iYixKiI59YEfw= contains sample tx 1671
[2026-04-19T03:26:18.347Z INFO  worker::batch_maker] Batch 8Q0P+3KBbN840dOMXAeqU67qTzB2e8iYixKiI59YEfw= contains 204800 B
[2026-04-19T03:26:18.403Z INFO  worker::batch_maker] Batch i5vxFSVxqh3VwEO6Z2jYx+jd+nE51x8FvLkysFiTWhc= contains sample tx 1672
[2026-04-19T03:26:18.403Z INFO  worker::batch_maker] Batch i5vxFSVxqh3VwEO6Z2jYx+jd+nE51x8FvLkysFiTWhc= contains sample tx 1673
[2026-04-19T03:26:18.403Z INFO  worker::batch_maker] Batch i5vxFSVxqh3VwEO6Z2jYx+jd+nE51x8FvLkysFiTWhc= contains 246272 B
[2026-04-19T03:26:18.458Z INFO  worker::batch_maker] Batch /LP1x4BRw6Z3k9pBG0smBuF5uE37yl6cFNa4Ro6/sNY= contains sample tx 1674
[2026-04-19T03:26:18.459Z INFO  worker::batch_maker] Batch /LP1x4BRw6Z3k9pBG0smBuF5uE37yl6cFNa4Ro6/sNY= contains 368128 B
[2026-04-19T03:26:18.512Z INFO  worker::batch_maker] Batch F9grTctvT2L0fcIDGQKsmeg/OnLUA5ORzaj7gI83DWM= contains sample tx 1675
[2026-04-19T03:26:18.512Z INFO  worker::batch_maker] Batch F9grTctvT2L0fcIDGQKsmeg/OnLUA5ORzaj7gI83DWM= contains 204800 B
[2026-04-19T03:26:18.565Z INFO  worker::batch_maker] Batch x+useGuzKI23UgVliKN3zxj6WNk0nBUYYZ/HaglA1TQ= contains sample tx 1676
[2026-04-19T03:26:18.565Z INFO  worker::batch_maker] Batch x+useGuzKI23UgVliKN3zxj6WNk0nBUYYZ/HaglA1TQ= contains 204800 B
[2026-04-19T03:26:18.618Z INFO  worker::batch_maker] Batch s06X5sH0ldG6vSvuCwNHox4V4yshHNPUS8+ag8a5jnU= contains sample tx 1677
[2026-04-19T03:26:18.618Z INFO  worker::batch_maker] Batch s06X5sH0ldG6vSvuCwNHox4V4yshHNPUS8+ag8a5jnU= contains 204800 B
[2026-04-19T03:26:18.669Z INFO  worker::batch_maker] Batch 2mu4ciVav08M+oWSuhn3jQv2+uwh9vzAJzF8K9Abfpw= contains sample tx 1678
[2026-04-19T03:26:18.669Z INFO  worker::batch_maker] Batch 2mu4ciVav08M+oWSuhn3jQv2+uwh9vzAJzF8K9Abfpw= contains 204800 B
[2026-04-19T03:26:18.723Z INFO  worker::batch_maker] Batch G8P7MC0S44qP/NG6DprF4wm6/VsQMayzKn2xmGYxw60= contains sample tx 1679
[2026-04-19T03:26:18.723Z INFO  worker::batch_maker] Batch G8P7MC0S44qP/NG6DprF4wm6/VsQMayzKn2xmGYxw60= contains 204800 B
[2026-04-19T03:26:18.774Z INFO  worker::batch_maker] Batch ZakR4AcSF+7stihRW/LL2vfAvwhh/hk6rvQeRdjUmzc= contains sample tx 1680
[2026-04-19T03:26:18.774Z INFO  worker::batch_maker] Batch ZakR4AcSF+7stihRW/LL2vfAvwhh/hk6rvQeRdjUmzc= contains 204800 B
[2026-04-19T03:26:18.827Z INFO  worker::batch_maker] Batch WT3ngwzq11H7xlfKgPBrpJARsch912HPb+A1RDICdc0= contains sample tx 1681
[2026-04-19T03:26:18.827Z INFO  worker::batch_maker] Batch WT3ngwzq11H7xlfKgPBrpJARsch912HPb+A1RDICdc0= contains 204800 B
[2026-04-19T03:26:18.882Z INFO  worker::batch_maker] Batch pRA0VQYglvE5tYYyQJODC0ZCV/Iqw5dOLLHMOAMRYEM= contains sample tx 1682
[2026-04-19T03:26:18.882Z INFO  worker::batch_maker] Batch pRA0VQYglvE5tYYyQJODC0ZCV/Iqw5dOLLHMOAMRYEM= contains 204800 B
[2026-04-19T03:26:18.935Z INFO  worker::batch_maker] Batch x3PtMqfA3xqwtrgPo5e6Xa5GLVk1FKUDCFihUGi+fj0= contains sample tx 1683
[2026-04-19T03:26:18.935Z INFO  worker::batch_maker] Batch x3PtMqfA3xqwtrgPo5e6Xa5GLVk1FKUDCFihUGi+fj0= contains 204800 B
[2026-04-19T03:26:18.988Z INFO  worker::batch_maker] Batch 33YHwb/24i+VLI/f0RyaPqwBTfAgVEwx3XBEhk3Q/sw= contains sample tx 1684
[2026-04-19T03:26:18.988Z INFO  worker::batch_maker] Batch 33YHwb/24i+VLI/f0RyaPqwBTfAgVEwx3XBEhk3Q/sw= contains 204800 B
[2026-04-19T03:26:19.041Z INFO  worker::batch_maker] Batch oRSR3+GO00GHEBNTkqBlL9IKPONPYddvQMXhKE+qnjE= contains sample tx 1685
[2026-04-19T03:26:19.041Z INFO  worker::batch_maker] Batch oRSR3+GO00GHEBNTkqBlL9IKPONPYddvQMXhKE+qnjE= contains 204800 B
[2026-04-19T03:26:19.094Z INFO  worker::batch_maker] Batch NY5B1NF9F53x3p/GyHQRPMw2ivIFiNMYyJ2N6NvNslk= contains sample tx 1686
[2026-04-19T03:26:19.094Z INFO  worker::batch_maker] Batch NY5B1NF9F53x3p/GyHQRPMw2ivIFiNMYyJ2N6NvNslk= contains 204800 B
[2026-04-19T03:26:19.147Z INFO  worker::batch_maker] Batch OFfIYMQiCfXowIGcZ1qY65yWvXxg++i+reBXtC1VjdA= contains sample tx 1687
[2026-04-19T03:26:19.147Z INFO  worker::batch_maker] Batch OFfIYMQiCfXowIGcZ1qY65yWvXxg++i+reBXtC1VjdA= contains 204800 B
[2026-04-19T03:26:19.201Z INFO  worker::batch_maker] Batch SOFZL0RAxQfFKthTxBxoG6f3WhHI0etw7NaSJrVXtEQ= contains sample tx 1688
[2026-04-19T03:26:19.201Z INFO  worker::batch_maker] Batch SOFZL0RAxQfFKthTxBxoG6f3WhHI0etw7NaSJrVXtEQ= contains 217600 B
[2026-04-19T03:26:19.258Z INFO  worker::batch_maker] Batch c1U3IQaBj9M2oQxD0rEkU28uJw4aPiplrdpBC3/7xi0= contains sample tx 1689
[2026-04-19T03:26:19.258Z INFO  worker::batch_maker] Batch c1U3IQaBj9M2oQxD0rEkU28uJw4aPiplrdpBC3/7xi0= contains sample tx 1690
[2026-04-19T03:26:19.259Z INFO  worker::batch_maker] Batch c1U3IQaBj9M2oQxD0rEkU28uJw4aPiplrdpBC3/7xi0= contains 342528 B
[2026-04-19T03:26:19.312Z INFO  worker::batch_maker] Batch 7CJ3hO3XyBi0NLapvJoTbWzQHQIeuClS+lGd6tvUMH0= contains sample tx 1691
[2026-04-19T03:26:19.312Z INFO  worker::batch_maker] Batch 7CJ3hO3XyBi0NLapvJoTbWzQHQIeuClS+lGd6tvUMH0= contains 259072 B
[2026-04-19T03:26:19.366Z INFO  worker::batch_maker] Batch Bn+t37vIlyjGRU4w5aXEfSKLyX+CIzqbFQ4LIUhJWPs= contains sample tx 1692
[2026-04-19T03:26:19.366Z INFO  worker::batch_maker] Batch Bn+t37vIlyjGRU4w5aXEfSKLyX+CIzqbFQ4LIUhJWPs= contains 204800 B
[2026-04-19T03:26:19.420Z INFO  worker::batch_maker] Batch RJ4kp2MXQO85z9Fq4knPPvMPBBMw35FuUxaBI8zbXDI= contains sample tx 1693
[2026-04-19T03:26:19.420Z INFO  worker::batch_maker] Batch RJ4kp2MXQO85z9Fq4knPPvMPBBMw35FuUxaBI8zbXDI= contains 204800 B
[2026-04-19T03:26:19.474Z INFO  worker::batch_maker] Batch xLzm0YI2US7NuU4tkvDVvGEWp6h+ms5V5ZrKAVYWlNg= contains sample tx 1694
[2026-04-19T03:26:19.474Z INFO  worker::batch_maker] Batch xLzm0YI2US7NuU4tkvDVvGEWp6h+ms5V5ZrKAVYWlNg= contains 204800 B
[2026-04-19T03:26:19.526Z INFO  worker::batch_maker] Batch 3b73c/YnCmnBoZC4FRl5ocXJv40EOoN7XAARj8AXWhA= contains sample tx 1695
[2026-04-19T03:26:19.526Z INFO  worker::batch_maker] Batch 3b73c/YnCmnBoZC4FRl5ocXJv40EOoN7XAARj8AXWhA= contains 204800 B
[2026-04-19T03:26:19.578Z INFO  worker::batch_maker] Batch zcGWZNQM07bsCOSZHDZcRldu5GreFK9yGZc3qsqJ264= contains sample tx 1696
[2026-04-19T03:26:19.578Z INFO  worker::batch_maker] Batch zcGWZNQM07bsCOSZHDZcRldu5GreFK9yGZc3qsqJ264= contains 204800 B
[2026-04-19T03:26:19.632Z INFO  worker::batch_maker] Batch F53+ScHCQeyXCYJ0vCAgh7Bve4VtaZ5xa2awf3cjMtA= contains sample tx 1697
[2026-04-19T03:26:19.632Z INFO  worker::batch_maker] Batch F53+ScHCQeyXCYJ0vCAgh7Bve4VtaZ5xa2awf3cjMtA= contains 204800 B
[2026-04-19T03:26:19.684Z INFO  worker::batch_maker] Batch zXlfaj4+NwmERqXpoDyUUnwe8n9VqZYmrvMhBN1oyLQ= contains sample tx 1698
[2026-04-19T03:26:19.684Z INFO  worker::batch_maker] Batch zXlfaj4+NwmERqXpoDyUUnwe8n9VqZYmrvMhBN1oyLQ= contains 204800 B
[2026-04-19T03:26:19.739Z INFO  worker::batch_maker] Batch PRWj56nPeGTjkXYWB35ZlUjdqocDEiFJay3kZeT8Mjc= contains sample tx 1699
[2026-04-19T03:26:19.739Z INFO  worker::batch_maker] Batch PRWj56nPeGTjkXYWB35ZlUjdqocDEiFJay3kZeT8Mjc= contains 204800 B
[2026-04-19T03:26:19.792Z INFO  worker::batch_maker] Batch jdEHRxIPZhq+4TmO+C8XpxxUv/r1Cz5TlFqNbKr5VV8= contains sample tx 1700
[2026-04-19T03:26:19.792Z INFO  worker::batch_maker] Batch jdEHRxIPZhq+4TmO+C8XpxxUv/r1Cz5TlFqNbKr5VV8= contains 204800 B
[2026-04-19T03:26:19.845Z INFO  worker::batch_maker] Batch 02JAeMVD3O2csACtS7n9waGUfARMG2pKvua9TEIHkn4= contains sample tx 1701
[2026-04-19T03:26:19.845Z INFO  worker::batch_maker] Batch 02JAeMVD3O2csACtS7n9waGUfARMG2pKvua9TEIHkn4= contains 204800 B
[2026-04-19T03:26:19.898Z INFO  worker::batch_maker] Batch Y+o6k7uEPxR9AYV1NqX0GKeD3QOl2Qm7Xh4aGfpgE2Q= contains sample tx 1702
[2026-04-19T03:26:19.898Z INFO  worker::batch_maker] Batch Y+o6k7uEPxR9AYV1NqX0GKeD3QOl2Qm7Xh4aGfpgE2Q= contains 204800 B
[2026-04-19T03:26:19.951Z INFO  worker::batch_maker] Batch d71JiIfXXKVkIJVQU6LAiYVPJ/glhOZT7mj8SwiTC6c= contains sample tx 1703
[2026-04-19T03:26:19.951Z INFO  worker::batch_maker] Batch d71JiIfXXKVkIJVQU6LAiYVPJ/glhOZT7mj8SwiTC6c= contains sample tx 1704
[2026-04-19T03:26:19.951Z INFO  worker::batch_maker] Batch d71JiIfXXKVkIJVQU6LAiYVPJ/glhOZT7mj8SwiTC6c= contains 328192 B
[2026-04-19T03:26:20.003Z INFO  worker::batch_maker] Batch Co8hAGjYRI2WgYvGqdwer8zreYh+NZ1M45AjPbDpg3A= contains sample tx 1705
[2026-04-19T03:26:20.003Z INFO  worker::batch_maker] Batch Co8hAGjYRI2WgYvGqdwer8zreYh+NZ1M45AjPbDpg3A= contains 158208 B
[2026-04-19T03:26:20.058Z INFO  worker::batch_maker] Batch yOdMcK4OcGOAGmRwQ3k+9FoOQpk+5Iym1aqeWmilZ2U= contains sample tx 1706
[2026-04-19T03:26:20.058Z INFO  worker::batch_maker] Batch yOdMcK4OcGOAGmRwQ3k+9FoOQpk+5Iym1aqeWmilZ2U= contains 332800 B
[2026-04-19T03:26:20.112Z INFO  worker::batch_maker] Batch HpxAmBcG5YE/7wkdYMjPgimUBfCoo/kQ/0Wau2o7Wtw= contains sample tx 1707
[2026-04-19T03:26:20.112Z INFO  worker::batch_maker] Batch HpxAmBcG5YE/7wkdYMjPgimUBfCoo/kQ/0Wau2o7Wtw= contains 204800 B
[2026-04-19T03:26:20.167Z INFO  worker::batch_maker] Batch p4ZW4OoIhpjS75eIc42+ZPE3JevjtSoRAx5XKqqyai8= contains sample tx 1708
[2026-04-19T03:26:20.167Z INFO  worker::batch_maker] Batch p4ZW4OoIhpjS75eIc42+ZPE3JevjtSoRAx5XKqqyai8= contains 204800 B
[2026-04-19T03:26:20.221Z INFO  worker::batch_maker] Batch 88bKxoS4QCEwj8g4doWRl64XNm5u6ohu8X59QsekQz0= contains sample tx 1709
[2026-04-19T03:26:20.221Z INFO  worker::batch_maker] Batch 88bKxoS4QCEwj8g4doWRl64XNm5u6ohu8X59QsekQz0= contains 204800 B
[2026-04-19T03:26:20.275Z INFO  worker::batch_maker] Batch 6wPRXy7svXEMR27X36E80zN3FulCmbynqenpNXxSUzY= contains sample tx 1710
[2026-04-19T03:26:20.275Z INFO  worker::batch_maker] Batch 6wPRXy7svXEMR27X36E80zN3FulCmbynqenpNXxSUzY= contains 204800 B
[2026-04-19T03:26:20.329Z INFO  worker::batch_maker] Batch R9e5uXnswuVfawj0pfjfxTERvbWOvwhfohmGdUafus4= contains sample tx 1711
[2026-04-19T03:26:20.329Z INFO  worker::batch_maker] Batch R9e5uXnswuVfawj0pfjfxTERvbWOvwhfohmGdUafus4= contains 204800 B
[2026-04-19T03:26:20.382Z INFO  worker::batch_maker] Batch P13nCp2hIezNaPWJDBOuknjxzi97CDmQ3W45GlWjaFI= contains sample tx 1712
[2026-04-19T03:26:20.382Z INFO  worker::batch_maker] Batch P13nCp2hIezNaPWJDBOuknjxzi97CDmQ3W45GlWjaFI= contains 204800 B
[2026-04-19T03:26:20.436Z INFO  worker::batch_maker] Batch 0OT/oNvZwHVpIbkpUNhZM4kefjaQrQySW5poWTgzTJ0= contains sample tx 1713
[2026-04-19T03:26:20.436Z INFO  worker::batch_maker] Batch 0OT/oNvZwHVpIbkpUNhZM4kefjaQrQySW5poWTgzTJ0= contains 204800 B
[2026-04-19T03:26:20.488Z INFO  worker::batch_maker] Batch 3JKzlrqMJ7vQp96UJA8mTz7aHzFLkqS5tpw2YscvbzU= contains sample tx 1714
[2026-04-19T03:26:20.488Z INFO  worker::batch_maker] Batch 3JKzlrqMJ7vQp96UJA8mTz7aHzFLkqS5tpw2YscvbzU= contains 204800 B
[2026-04-19T03:26:20.540Z INFO  worker::batch_maker] Batch /FfkdgSeiXOrJyNO9BJ6AlYvGcW/d+Xba6N6td9Sr7k= contains sample tx 1715
[2026-04-19T03:26:20.540Z INFO  worker::batch_maker] Batch /FfkdgSeiXOrJyNO9BJ6AlYvGcW/d+Xba6N6td9Sr7k= contains 204800 B
[2026-04-19T03:26:20.595Z INFO  worker::batch_maker] Batch JvJ5bSwRcYqrENLUUeNWIQ7V6+K7M6zmuS97T1YaFzA= contains sample tx 1716
[2026-04-19T03:26:20.595Z INFO  worker::batch_maker] Batch JvJ5bSwRcYqrENLUUeNWIQ7V6+K7M6zmuS97T1YaFzA= contains 204800 B
[2026-04-19T03:26:20.646Z INFO  worker::batch_maker] Batch 6GvJHgFQGwJy5j9kJBgb/f6QtJo6lYuMnDJ03H2u0cU= contains sample tx 1717
[2026-04-19T03:26:20.646Z INFO  worker::batch_maker] Batch 6GvJHgFQGwJy5j9kJBgb/f6QtJo6lYuMnDJ03H2u0cU= contains 204800 B
[2026-04-19T03:26:20.699Z INFO  worker::batch_maker] Batch 9q3rgJerWdAx2ejW6rlBxLaEgKabkQM8XAYcHHcXAOU= contains sample tx 1718
[2026-04-19T03:26:20.699Z INFO  worker::batch_maker] Batch 9q3rgJerWdAx2ejW6rlBxLaEgKabkQM8XAYcHHcXAOU= contains sample tx 1719
[2026-04-19T03:26:20.699Z INFO  worker::batch_maker] Batch 9q3rgJerWdAx2ejW6rlBxLaEgKabkQM8XAYcHHcXAOU= contains 286208 B
[2026-04-19T03:26:20.755Z INFO  worker::batch_maker] Batch IMubMjBN5g1HOEJCE8B33ClS0sXiQvlWi2y/uGNrpsw= contains sample tx 1720
[2026-04-19T03:26:20.755Z INFO  worker::batch_maker] Batch IMubMjBN5g1HOEJCE8B33ClS0sXiQvlWi2y/uGNrpsw= contains 328192 B
[2026-04-19T03:26:20.808Z INFO  worker::batch_maker] Batch hPukWjeZfwfXkdQOyQqAaER96EoWUVRDebM43Got6I0= contains sample tx 1721
[2026-04-19T03:26:20.808Z INFO  worker::batch_maker] Batch hPukWjeZfwfXkdQOyQqAaER96EoWUVRDebM43Got6I0= contains 204800 B
[2026-04-19T03:26:20.864Z INFO  worker::batch_maker] Batch 4F+uKlpxiv6W9MSF8B2AiHSpcuv78qKRD4xLTKmWtYg= contains sample tx 1722
[2026-04-19T03:26:20.864Z INFO  worker::batch_maker] Batch 4F+uKlpxiv6W9MSF8B2AiHSpcuv78qKRD4xLTKmWtYg= contains 204800 B
[2026-04-19T03:26:20.919Z INFO  worker::batch_maker] Batch 2R3T3sWCmJW9iw6EpQvME1IGRRPFrKQ8osQIr5d+tBs= contains sample tx 1723
[2026-04-19T03:26:20.919Z INFO  worker::batch_maker] Batch 2R3T3sWCmJW9iw6EpQvME1IGRRPFrKQ8osQIr5d+tBs= contains 204800 B
[2026-04-19T03:26:20.971Z INFO  worker::batch_maker] Batch tep7ll8Vp+EZ6WeVPhY4pEGpzWNwrWfd8BdQElENP1E= contains sample tx 1724
[2026-04-19T03:26:20.971Z INFO  worker::batch_maker] Batch tep7ll8Vp+EZ6WeVPhY4pEGpzWNwrWfd8BdQElENP1E= contains 204800 B
[2026-04-19T03:26:21.022Z INFO  worker::batch_maker] Batch hnKLRhCWJZNIGtbK+aWcKt+fJDIa8KAOv8LKAmVCM8A= contains sample tx 1725
[2026-04-19T03:26:21.022Z INFO  worker::batch_maker] Batch hnKLRhCWJZNIGtbK+aWcKt+fJDIa8KAOv8LKAmVCM8A= contains 204800 B
[2026-04-19T03:26:21.080Z INFO  worker::batch_maker] Batch 7HQRFN8ndefolEYNvyDSURzYPzY7OlR2EZa2eE9TEBw= contains sample tx 1726
[2026-04-19T03:26:21.080Z INFO  worker::batch_maker] Batch 7HQRFN8ndefolEYNvyDSURzYPzY7OlR2EZa2eE9TEBw= contains 204800 B
[2026-04-19T03:26:21.133Z INFO  worker::batch_maker] Batch eGxldEIA45r1DBM3bF1QjKdCGyq+btbr3Fa4qCmfejk= contains sample tx 1727
[2026-04-19T03:26:21.133Z INFO  worker::batch_maker] Batch eGxldEIA45r1DBM3bF1QjKdCGyq+btbr3Fa4qCmfejk= contains 204800 B
[2026-04-19T03:26:21.187Z INFO  worker::batch_maker] Batch MLaw6GWFiJ7eH+CFmEz4XYiF0zcvuMP5Vo+dx67ZsOI= contains sample tx 1728
[2026-04-19T03:26:21.187Z INFO  worker::batch_maker] Batch MLaw6GWFiJ7eH+CFmEz4XYiF0zcvuMP5Vo+dx67ZsOI= contains 204800 B
[2026-04-19T03:26:21.241Z INFO  worker::batch_maker] Batch sYkfi8q6I9gCzkBdVxJc3yir2PY3Bm4OTejQx2TP6Tc= contains sample tx 1729
[2026-04-19T03:26:21.241Z INFO  worker::batch_maker] Batch sYkfi8q6I9gCzkBdVxJc3yir2PY3Bm4OTejQx2TP6Tc= contains 204800 B
[2026-04-19T03:26:21.298Z INFO  worker::batch_maker] Batch E0MognyxxZOT4DRUofyELgdS/KWKPE1Lug2oOt2PY0g= contains sample tx 1730
[2026-04-19T03:26:21.298Z INFO  worker::batch_maker] Batch E0MognyxxZOT4DRUofyELgdS/KWKPE1Lug2oOt2PY0g= contains 204800 B
[2026-04-19T03:26:21.351Z INFO  worker::batch_maker] Batch 5hUQh80m3463Y8EYrXz8oQSIMa5C5qwlDITeyrgcy8I= contains sample tx 1731
[2026-04-19T03:26:21.351Z INFO  worker::batch_maker] Batch 5hUQh80m3463Y8EYrXz8oQSIMa5C5qwlDITeyrgcy8I= contains 225792 B
[2026-04-19T03:26:21.406Z INFO  worker::batch_maker] Batch 3F3ynDzhAfzd/KL4WT+/K5NkrrBtL6OxhNAhbIdypjk= contains sample tx 1732
[2026-04-19T03:26:21.406Z INFO  worker::batch_maker] Batch 3F3ynDzhAfzd/KL4WT+/K5NkrrBtL6OxhNAhbIdypjk= contains sample tx 1733
[2026-04-19T03:26:21.406Z INFO  worker::batch_maker] Batch 3F3ynDzhAfzd/KL4WT+/K5NkrrBtL6OxhNAhbIdypjk= contains 295424 B
[2026-04-19T03:26:21.461Z INFO  worker::batch_maker] Batch VVxW2ea8ffQ0YGnjn5e7nb/nSMlw+DUnCVdqfCq0Bt8= contains sample tx 1734
[2026-04-19T03:26:21.461Z INFO  worker::batch_maker] Batch VVxW2ea8ffQ0YGnjn5e7nb/nSMlw+DUnCVdqfCq0Bt8= contains 297984 B
[2026-04-19T03:26:21.515Z INFO  worker::batch_maker] Batch oS/dUu5bZspASQskEy57GP+v+2oleAp9UrlUtdamljA= contains sample tx 1735
[2026-04-19T03:26:21.515Z INFO  worker::batch_maker] Batch oS/dUu5bZspASQskEy57GP+v+2oleAp9UrlUtdamljA= contains 204800 B
[2026-04-19T03:26:21.568Z INFO  worker::batch_maker] Batch Vfn24CscrxWjVYppOzQ+uEO5Gixt851J31fCtiBvMv8= contains sample tx 1736
[2026-04-19T03:26:21.568Z INFO  worker::batch_maker] Batch Vfn24CscrxWjVYppOzQ+uEO5Gixt851J31fCtiBvMv8= contains 204800 B
[2026-04-19T03:26:21.621Z INFO  worker::batch_maker] Batch Amdc4FFI4IztZqieLK0Hx5PZm6BtjkbCU+yzUmXhyis= contains sample tx 1737
[2026-04-19T03:26:21.621Z INFO  worker::batch_maker] Batch Amdc4FFI4IztZqieLK0Hx5PZm6BtjkbCU+yzUmXhyis= contains 204800 B
[2026-04-19T03:26:21.674Z INFO  worker::batch_maker] Batch nVux/1tWoEWJJy/HpLwz7MLeiCu8MgMAMlVwl5H5otY= contains sample tx 1738
[2026-04-19T03:26:21.674Z INFO  worker::batch_maker] Batch nVux/1tWoEWJJy/HpLwz7MLeiCu8MgMAMlVwl5H5otY= contains 204800 B
[2026-04-19T03:26:21.727Z INFO  worker::batch_maker] Batch b2lg5F0Fr+/lAOE+6CKgI+8G+6c8VFvjHumJ5euLro4= contains sample tx 1739
[2026-04-19T03:26:21.727Z INFO  worker::batch_maker] Batch b2lg5F0Fr+/lAOE+6CKgI+8G+6c8VFvjHumJ5euLro4= contains 204800 B
[2026-04-19T03:26:21.781Z INFO  worker::batch_maker] Batch 5CIaBlubs8kXoh3H15QDu9wIpD0KNCAI3Rm0HZmHhvA= contains sample tx 1740
[2026-04-19T03:26:21.781Z INFO  worker::batch_maker] Batch 5CIaBlubs8kXoh3H15QDu9wIpD0KNCAI3Rm0HZmHhvA= contains 204800 B
[2026-04-19T03:26:21.834Z INFO  worker::batch_maker] Batch HaTu3JTbspCykEwzqGnjot990tWYaLU23QHlByqtxlg= contains sample tx 1741
[2026-04-19T03:26:21.834Z INFO  worker::batch_maker] Batch HaTu3JTbspCykEwzqGnjot990tWYaLU23QHlByqtxlg= contains 204800 B
[2026-04-19T03:26:21.887Z INFO  worker::batch_maker] Batch oK5PDY3gBKbr5SAy8sckJVmdEgU7IvaQRTIjrdZA5ao= contains sample tx 1742
[2026-04-19T03:26:21.887Z INFO  worker::batch_maker] Batch oK5PDY3gBKbr5SAy8sckJVmdEgU7IvaQRTIjrdZA5ao= contains 204800 B
[2026-04-19T03:26:21.939Z INFO  worker::batch_maker] Batch x28wsvu5bcDie8xwI+o0acK/QEra/7K2FJ6mudu9n4Y= contains sample tx 1743
[2026-04-19T03:26:21.939Z INFO  worker::batch_maker] Batch x28wsvu5bcDie8xwI+o0acK/QEra/7K2FJ6mudu9n4Y= contains 204800 B
[2026-04-19T03:26:21.991Z INFO  worker::batch_maker] Batch atgwwsXZeSOxrHCG9ibYeQVoG+9WTRxx3Zuor1cRGOE= contains sample tx 1744
[2026-04-19T03:26:21.991Z INFO  worker::batch_maker] Batch atgwwsXZeSOxrHCG9ibYeQVoG+9WTRxx3Zuor1cRGOE= contains 204800 B
[2026-04-19T03:26:22.044Z INFO  worker::batch_maker] Batch bKJdfT/SOqi2kdmYiJaz1mDydWfCayFUJb3nOFMdtoI= contains sample tx 1745
[2026-04-19T03:26:22.044Z INFO  worker::batch_maker] Batch bKJdfT/SOqi2kdmYiJaz1mDydWfCayFUJb3nOFMdtoI= contains 204800 B
[2026-04-19T03:26:22.097Z INFO  worker::batch_maker] Batch ZqQG+PJs5xDclYblh/d4kFBP/U1MiZzRI0BJgRVABVQ= contains sample tx 1746
[2026-04-19T03:26:22.097Z INFO  worker::batch_maker] Batch ZqQG+PJs5xDclYblh/d4kFBP/U1MiZzRI0BJgRVABVQ= contains 204800 B
[2026-04-19T03:26:22.152Z INFO  worker::batch_maker] Batch deWq/7wuQpzwwzfiCTXLYaVuMT4n1EHvvWF92rOYJr0= contains sample tx 1747
[2026-04-19T03:26:22.152Z INFO  worker::batch_maker] Batch deWq/7wuQpzwwzfiCTXLYaVuMT4n1EHvvWF92rOYJr0= contains sample tx 1748
[2026-04-19T03:26:22.152Z INFO  worker::batch_maker] Batch deWq/7wuQpzwwzfiCTXLYaVuMT4n1EHvvWF92rOYJr0= contains 347136 B
[2026-04-19T03:26:22.209Z INFO  worker::batch_maker] Batch Ho/b/U5ee0CLroQ3uLBv9xbXmmywvYKTw02qw2NYb0g= contains sample tx 1749
[2026-04-19T03:26:22.209Z INFO  worker::batch_maker] Batch Ho/b/U5ee0CLroQ3uLBv9xbXmmywvYKTw02qw2NYb0g= contains 267264 B
[2026-04-19T03:26:22.260Z INFO  worker::batch_maker] Batch nMj84/CB408wguKEO32SoFpNXuW6C2/G4CFIeBjdeLk= contains sample tx 1750
[2026-04-19T03:26:22.260Z INFO  worker::batch_maker] Batch nMj84/CB408wguKEO32SoFpNXuW6C2/G4CFIeBjdeLk= contains 204800 B
[2026-04-19T03:26:22.314Z INFO  worker::batch_maker] Batch XT35y96Dmx5B+C8r0+KaRW2BByl0xJQxxMOQscBEz7w= contains sample tx 1751
[2026-04-19T03:26:22.314Z INFO  worker::batch_maker] Batch XT35y96Dmx5B+C8r0+KaRW2BByl0xJQxxMOQscBEz7w= contains 204800 B
[2026-04-19T03:26:22.367Z INFO  worker::batch_maker] Batch jn8kAvmggmusiFCxwkliku8Gtss1KK+pibWuL+NLdPA= contains sample tx 1752
[2026-04-19T03:26:22.367Z INFO  worker::batch_maker] Batch jn8kAvmggmusiFCxwkliku8Gtss1KK+pibWuL+NLdPA= contains 204800 B
[2026-04-19T03:26:22.421Z INFO  worker::batch_maker] Batch WSp4SozNDFRh5MEDt1Yv/GHc1PO2RdOTAhSy5PILWxw= contains sample tx 1753
[2026-04-19T03:26:22.421Z INFO  worker::batch_maker] Batch WSp4SozNDFRh5MEDt1Yv/GHc1PO2RdOTAhSy5PILWxw= contains 204800 B
[2026-04-19T03:26:22.474Z INFO  worker::batch_maker] Batch fWrTgF7n9j6/ls9fmaWIp6ENMriZBIOdBM5EdE05OZ4= contains sample tx 1754
[2026-04-19T03:26:22.474Z INFO  worker::batch_maker] Batch fWrTgF7n9j6/ls9fmaWIp6ENMriZBIOdBM5EdE05OZ4= contains 204800 B
[2026-04-19T03:26:22.527Z INFO  worker::batch_maker] Batch UBrhtAUY6SqRVsZqBB79j9vQ70IzYTUujZDF/OmINtI= contains sample tx 1755
[2026-04-19T03:26:22.527Z INFO  worker::batch_maker] Batch UBrhtAUY6SqRVsZqBB79j9vQ70IzYTUujZDF/OmINtI= contains 204800 B
[2026-04-19T03:26:22.581Z INFO  worker::batch_maker] Batch w7Sh/8WznxezhZaxV4bbRfyiSDHQyPIQonP4Uq2cN3Y= contains sample tx 1756
[2026-04-19T03:26:22.581Z INFO  worker::batch_maker] Batch w7Sh/8WznxezhZaxV4bbRfyiSDHQyPIQonP4Uq2cN3Y= contains 204800 B
[2026-04-19T03:26:22.634Z INFO  worker::batch_maker] Batch IPIhTUmcu1gQf+pJ50HYVlOAKHc5foqzb9qeAr+5VQE= contains sample tx 1757
[2026-04-19T03:26:22.634Z INFO  worker::batch_maker] Batch IPIhTUmcu1gQf+pJ50HYVlOAKHc5foqzb9qeAr+5VQE= contains 204800 B
[2026-04-19T03:26:22.687Z INFO  worker::batch_maker] Batch 62/AfCmYAOGrPjCw+mD7o8X/kxQwdmeEFLcCfuwr5ig= contains sample tx 1758
[2026-04-19T03:26:22.687Z INFO  worker::batch_maker] Batch 62/AfCmYAOGrPjCw+mD7o8X/kxQwdmeEFLcCfuwr5ig= contains 204800 B
[2026-04-19T03:26:22.741Z INFO  worker::batch_maker] Batch Z09FJc+d6ZbEQuD//aq+tBD2PRdoUaDl/0LWw9SO/2g= contains sample tx 1759
[2026-04-19T03:26:22.741Z INFO  worker::batch_maker] Batch Z09FJc+d6ZbEQuD//aq+tBD2PRdoUaDl/0LWw9SO/2g= contains 204800 B
[2026-04-19T03:26:22.795Z INFO  worker::batch_maker] Batch 24/dVuQGoDSO5CC8ZFJGp/0eEwDPMAD9YYH1zNOKZp4= contains sample tx 1760
[2026-04-19T03:26:22.795Z INFO  worker::batch_maker] Batch 24/dVuQGoDSO5CC8ZFJGp/0eEwDPMAD9YYH1zNOKZp4= contains 204800 B
[2026-04-19T03:26:22.849Z INFO  worker::batch_maker] Batch HKqN+9/X6wZ/XuZvJbvo2ig8LTH50KywN1hIMMzDvjA= contains sample tx 1761
[2026-04-19T03:26:22.849Z INFO  worker::batch_maker] Batch HKqN+9/X6wZ/XuZvJbvo2ig8LTH50KywN1hIMMzDvjA= contains 204800 B
[2026-04-19T03:26:22.904Z INFO  worker::batch_maker] Batch fBegqiI94pBwKjIB9Wlyl1XHEHSJa8NghF3wlS8JvXg= contains sample tx 1762
[2026-04-19T03:26:22.904Z INFO  worker::batch_maker] Batch fBegqiI94pBwKjIB9Wlyl1XHEHSJa8NghF3wlS8JvXg= contains sample tx 1763
[2026-04-19T03:26:22.904Z INFO  worker::batch_maker] Batch fBegqiI94pBwKjIB9Wlyl1XHEHSJa8NghF3wlS8JvXg= contains 409600 B
[2026-04-19T03:26:22.958Z INFO  worker::batch_maker] Batch JHzapOCkHTuhZz8df0gHCknRfLUAJCOs1v17JLKN0V0= contains sample tx 1764
[2026-04-19T03:26:22.958Z INFO  worker::batch_maker] Batch JHzapOCkHTuhZz8df0gHCknRfLUAJCOs1v17JLKN0V0= contains 204800 B
[2026-04-19T03:26:23.012Z INFO  worker::batch_maker] Batch 9SaAl8e/9e3OVatl+b+0YyvX23WTqpQ4DBzb3nM88lk= contains sample tx 1765
[2026-04-19T03:26:23.012Z INFO  worker::batch_maker] Batch 9SaAl8e/9e3OVatl+b+0YyvX23WTqpQ4DBzb3nM88lk= contains 204800 B
[2026-04-19T03:26:23.066Z INFO  worker::batch_maker] Batch hDhdtpp9sm62dWiS5ky3VXVTplXKBo7JYwoNkcORwTQ= contains sample tx 1766
[2026-04-19T03:26:23.066Z INFO  worker::batch_maker] Batch hDhdtpp9sm62dWiS5ky3VXVTplXKBo7JYwoNkcORwTQ= contains 204800 B
[2026-04-19T03:26:23.121Z INFO  worker::batch_maker] Batch bhkexmFuJoCCkfpdqdJpTU/8+6sOeQGoA8UFEL8T9PM= contains sample tx 1767
[2026-04-19T03:26:23.121Z INFO  worker::batch_maker] Batch bhkexmFuJoCCkfpdqdJpTU/8+6sOeQGoA8UFEL8T9PM= contains 204800 B
[2026-04-19T03:26:23.174Z INFO  worker::batch_maker] Batch 4UpF1FHsbgaB8ILTKUhaa6EMbN/jR/kyqmAVjz6ZAy4= contains sample tx 1768
[2026-04-19T03:26:23.174Z INFO  worker::batch_maker] Batch 4UpF1FHsbgaB8ILTKUhaa6EMbN/jR/kyqmAVjz6ZAy4= contains 204800 B
[2026-04-19T03:26:23.229Z INFO  worker::batch_maker] Batch XsdcdQo9m4G55IBw6rTqFH5z2I08pbzPvFXd6y/uQb4= contains sample tx 1769
[2026-04-19T03:26:23.229Z INFO  worker::batch_maker] Batch XsdcdQo9m4G55IBw6rTqFH5z2I08pbzPvFXd6y/uQb4= contains 204800 B
[2026-04-19T03:26:23.282Z INFO  worker::batch_maker] Batch r3qe9Zy3xTxtOxudZk5Oahgwa69+F53KDCi33rAq5vQ= contains sample tx 1770
[2026-04-19T03:26:23.282Z INFO  worker::batch_maker] Batch r3qe9Zy3xTxtOxudZk5Oahgwa69+F53KDCi33rAq5vQ= contains 204800 B
[2026-04-19T03:26:23.335Z INFO  worker::batch_maker] Batch aJmkEAJmCd5Du85JTlrPvQ7cqgj4hmj0j8LK5NjfW2c= contains sample tx 1771
[2026-04-19T03:26:23.335Z INFO  worker::batch_maker] Batch aJmkEAJmCd5Du85JTlrPvQ7cqgj4hmj0j8LK5NjfW2c= contains 204800 B
[2026-04-19T03:26:23.389Z INFO  worker::batch_maker] Batch BfbK1VK4G45lLX+MfVBh4N+4CIFwcYMUMO086AkhBbQ= contains sample tx 1772
[2026-04-19T03:26:23.389Z INFO  worker::batch_maker] Batch BfbK1VK4G45lLX+MfVBh4N+4CIFwcYMUMO086AkhBbQ= contains 204800 B
[2026-04-19T03:26:23.443Z INFO  worker::batch_maker] Batch uS0pKN201ZXC+A/s2+d05Y51NXq8M8JRh4GRK9uruFI= contains sample tx 1773
[2026-04-19T03:26:23.443Z INFO  worker::batch_maker] Batch uS0pKN201ZXC+A/s2+d05Y51NXq8M8JRh4GRK9uruFI= contains 204800 B
[2026-04-19T03:26:23.497Z INFO  worker::batch_maker] Batch zgvKDc0F8Ta0YAZTxpfYJ/M+nF8piVbXDQs863gMMNs= contains sample tx 1774
[2026-04-19T03:26:23.497Z INFO  worker::batch_maker] Batch zgvKDc0F8Ta0YAZTxpfYJ/M+nF8piVbXDQs863gMMNs= contains 204800 B
[2026-04-19T03:26:23.550Z INFO  worker::batch_maker] Batch AQO3Pmmf3LwXrNFQ9WqaFPdv6K37pihbNgfMjNbNcpM= contains sample tx 1775
[2026-04-19T03:26:23.550Z INFO  worker::batch_maker] Batch AQO3Pmmf3LwXrNFQ9WqaFPdv6K37pihbNgfMjNbNcpM= contains sample tx 1776
[2026-04-19T03:26:23.550Z INFO  worker::batch_maker] Batch AQO3Pmmf3LwXrNFQ9WqaFPdv6K37pihbNgfMjNbNcpM= contains 342528 B
[2026-04-19T03:26:23.605Z INFO  worker::batch_maker] Batch NhWxaA2d7wV81zOloYfOJh9DAW64+dtMclYgpOCY4G4= contains sample tx 1777
[2026-04-19T03:26:23.605Z INFO  worker::batch_maker] Batch NhWxaA2d7wV81zOloYfOJh9DAW64+dtMclYgpOCY4G4= contains 271872 B
[2026-04-19T03:26:23.658Z INFO  worker::batch_maker] Batch XyZJs4+a62bxvXJi9S+ujMyG7tn1Stz7keI2KZBHcvs= contains sample tx 1778
[2026-04-19T03:26:23.658Z INFO  worker::batch_maker] Batch XyZJs4+a62bxvXJi9S+ujMyG7tn1Stz7keI2KZBHcvs= contains 204800 B
[2026-04-19T03:26:23.711Z INFO  worker::batch_maker] Batch pLeBw0mWFPpvs4BtBVV5571SsYfMkLW9bUUejLdY/Y0= contains sample tx 1779
[2026-04-19T03:26:23.711Z INFO  worker::batch_maker] Batch pLeBw0mWFPpvs4BtBVV5571SsYfMkLW9bUUejLdY/Y0= contains 204800 B
[2026-04-19T03:26:23.765Z INFO  worker::batch_maker] Batch ItOhCA9exZ4gWr0KLAkSnNTsWZX/0LKv+SwQY8JInwY= contains sample tx 1780
[2026-04-19T03:26:23.765Z INFO  worker::batch_maker] Batch ItOhCA9exZ4gWr0KLAkSnNTsWZX/0LKv+SwQY8JInwY= contains 204800 B
[2026-04-19T03:26:23.819Z INFO  worker::batch_maker] Batch G+rJlTMp6Kayx09jQyDMJPMrnYHXALMWcKQ0FM6knRQ= contains sample tx 1781
[2026-04-19T03:26:23.819Z INFO  worker::batch_maker] Batch G+rJlTMp6Kayx09jQyDMJPMrnYHXALMWcKQ0FM6knRQ= contains 204800 B
[2026-04-19T03:26:23.872Z INFO  worker::batch_maker] Batch TMsMU+O7s7ZodddktnNpeqvPxE6RK1Sgwahce2FpCBA= contains sample tx 1782
[2026-04-19T03:26:23.872Z INFO  worker::batch_maker] Batch TMsMU+O7s7ZodddktnNpeqvPxE6RK1Sgwahce2FpCBA= contains 204800 B
[2026-04-19T03:26:23.927Z INFO  worker::batch_maker] Batch 3IsYaCIb2fJRnb87uEtBfvoqjrwsUw1Nd3SEAG6U8jE= contains sample tx 1783
[2026-04-19T03:26:23.927Z INFO  worker::batch_maker] Batch 3IsYaCIb2fJRnb87uEtBfvoqjrwsUw1Nd3SEAG6U8jE= contains 204800 B
[2026-04-19T03:26:23.979Z INFO  worker::batch_maker] Batch DupuL0fY5ULvXE4Mp0TSommL335xVfIx+92CVxrD7og= contains sample tx 1784
[2026-04-19T03:26:23.979Z INFO  worker::batch_maker] Batch DupuL0fY5ULvXE4Mp0TSommL335xVfIx+92CVxrD7og= contains 204800 B
[2026-04-19T03:26:24.031Z INFO  worker::batch_maker] Batch 9LPVRDtwYUmneAdzm3nP2nLKohHttBS9Jm4Veop2raE= contains sample tx 1785
[2026-04-19T03:26:24.031Z INFO  worker::batch_maker] Batch 9LPVRDtwYUmneAdzm3nP2nLKohHttBS9Jm4Veop2raE= contains 204800 B
[2026-04-19T03:26:24.084Z INFO  worker::batch_maker] Batch US2jV8ZpRxQoeZKJGx2uJ7FmZRgYs4FY1VBEUrZHf1Q= contains sample tx 1786
[2026-04-19T03:26:24.084Z INFO  worker::batch_maker] Batch US2jV8ZpRxQoeZKJGx2uJ7FmZRgYs4FY1VBEUrZHf1Q= contains 204800 B
[2026-04-19T03:26:24.138Z INFO  worker::batch_maker] Batch mOiedoJhzkazqoXuNUfR8fZZo55hITIyV8FoK05tOAg= contains sample tx 1787
[2026-04-19T03:26:24.138Z INFO  worker::batch_maker] Batch mOiedoJhzkazqoXuNUfR8fZZo55hITIyV8FoK05tOAg= contains 204800 B
[2026-04-19T03:26:24.191Z INFO  worker::batch_maker] Batch dT5bkMGqtLSar2fFoGmxDxWugoHvzg9g8Zu0l2X/AMo= contains sample tx 1788
[2026-04-19T03:26:24.191Z INFO  worker::batch_maker] Batch dT5bkMGqtLSar2fFoGmxDxWugoHvzg9g8Zu0l2X/AMo= contains 204800 B
[2026-04-19T03:26:24.245Z INFO  worker::batch_maker] Batch dwjRXtmq2SHr/Ck+B1eZsWNaUdpfsvSxmN3y09NIHxY= contains sample tx 1789
[2026-04-19T03:26:24.254Z INFO  worker::batch_maker] Batch dwjRXtmq2SHr/Ck+B1eZsWNaUdpfsvSxmN3y09NIHxY= contains 204800 B
[2026-04-19T03:26:24.310Z INFO  worker::batch_maker] Batch aYnnL9wn/A6y8/yYDH3uoXJHWh5l6d69enic5EbMU0M= contains sample tx 1790
[2026-04-19T03:26:24.310Z INFO  worker::batch_maker] Batch aYnnL9wn/A6y8/yYDH3uoXJHWh5l6d69enic5EbMU0M= contains sample tx 1791
[2026-04-19T03:26:24.310Z INFO  worker::batch_maker] Batch aYnnL9wn/A6y8/yYDH3uoXJHWh5l6d69enic5EbMU0M= contains 409600 B
[2026-04-19T03:26:24.363Z INFO  worker::batch_maker] Batch YLlb5yAcrXQ5XudYgsq7zrZRULeZrGBVGe53BNCMFTQ= contains sample tx 1792
[2026-04-19T03:26:24.363Z INFO  worker::batch_maker] Batch YLlb5yAcrXQ5XudYgsq7zrZRULeZrGBVGe53BNCMFTQ= contains 204800 B
[2026-04-19T03:26:24.416Z INFO  worker::batch_maker] Batch fIcy6wOasgzi5Im8V/Lx4ojETGd0DSOjjsUFw/whGEg= contains sample tx 1793
[2026-04-19T03:26:24.416Z INFO  worker::batch_maker] Batch fIcy6wOasgzi5Im8V/Lx4ojETGd0DSOjjsUFw/whGEg= contains 204800 B
[2026-04-19T03:26:24.471Z INFO  worker::batch_maker] Batch 1rvwX2p/LOBU6T4Y76sZbN+1tM+/xNVU5Qxnl2jhgdo= contains sample tx 1794
[2026-04-19T03:26:24.471Z INFO  worker::batch_maker] Batch 1rvwX2p/LOBU6T4Y76sZbN+1tM+/xNVU5Qxnl2jhgdo= contains 204800 B
[2026-04-19T03:26:24.524Z INFO  worker::batch_maker] Batch cIyGvZQr3yYV/iqiU+gitZM/mWdEp/puoN/oruJ2V9A= contains sample tx 1795
[2026-04-19T03:26:24.524Z INFO  worker::batch_maker] Batch cIyGvZQr3yYV/iqiU+gitZM/mWdEp/puoN/oruJ2V9A= contains 204800 B
[2026-04-19T03:26:24.578Z INFO  worker::batch_maker] Batch pnCS9YlyEYfiMnYqlWPCbp8qAk6MFlooUqp+1rU02QY= contains sample tx 1796
[2026-04-19T03:26:24.578Z INFO  worker::batch_maker] Batch pnCS9YlyEYfiMnYqlWPCbp8qAk6MFlooUqp+1rU02QY= contains 204800 B
[2026-04-19T03:26:24.632Z INFO  worker::batch_maker] Batch RpBnqwobkzlw4crhRRZNwBSZeC1szroBqjLcC10AJmk= contains sample tx 1797
[2026-04-19T03:26:24.632Z INFO  worker::batch_maker] Batch RpBnqwobkzlw4crhRRZNwBSZeC1szroBqjLcC10AJmk= contains 204800 B
[2026-04-19T03:26:24.685Z INFO  worker::batch_maker] Batch M0x2zSoRmpHqKGPlB55EyL2OMOscaIqScK0z9L8IWFA= contains sample tx 1798
[2026-04-19T03:26:24.685Z INFO  worker::batch_maker] Batch M0x2zSoRmpHqKGPlB55EyL2OMOscaIqScK0z9L8IWFA= contains 204800 B
[2026-04-19T03:26:24.738Z INFO  worker::batch_maker] Batch DRSsilFuDI5q8uC/NpF2O7VlVDtMfb8jk9XUeCPJrbE= contains sample tx 1799
[2026-04-19T03:26:24.738Z INFO  worker::batch_maker] Batch DRSsilFuDI5q8uC/NpF2O7VlVDtMfb8jk9XUeCPJrbE= contains 204800 B
[2026-04-19T03:26:24.791Z INFO  worker::batch_maker] Batch HNytrHr/ANU6xATk3hKsnjjhT3HPrTo9OMdnHFYYEos= contains sample tx 1800
[2026-04-19T03:26:24.791Z INFO  worker::batch_maker] Batch HNytrHr/ANU6xATk3hKsnjjhT3HPrTo9OMdnHFYYEos= contains 204800 B
[2026-04-19T03:26:24.846Z INFO  worker::batch_maker] Batch vywk/lqUz+PEIsQ7SKraNav8zlJXjAQhQBwnbo8zdHs= contains sample tx 1801
[2026-04-19T03:26:24.846Z INFO  worker::batch_maker] Batch vywk/lqUz+PEIsQ7SKraNav8zlJXjAQhQBwnbo8zdHs= contains 204800 B
[2026-04-19T03:26:24.898Z INFO  worker::batch_maker] Batch xYeFqBK15yVXa7tZXzT1Bj57EHUw2CjIpVtOnR1mcwQ= contains sample tx 1802
[2026-04-19T03:26:24.898Z INFO  worker::batch_maker] Batch xYeFqBK15yVXa7tZXzT1Bj57EHUw2CjIpVtOnR1mcwQ= contains 204800 B
[2026-04-19T03:26:24.951Z INFO  worker::batch_maker] Batch jGqiEmXSJ2a6j/7eyEXGzkS6ztZloKlT1UX+ByZpDZk= contains sample tx 1803
[2026-04-19T03:26:24.951Z INFO  worker::batch_maker] Batch jGqiEmXSJ2a6j/7eyEXGzkS6ztZloKlT1UX+ByZpDZk= contains 250880 B
[2026-04-19T03:26:25.004Z INFO  worker::batch_maker] Batch lpr+CoTdLCP0PIgTWrsS5ZwgUNb9NL3vaYMHcdDhIQA= contains sample tx 1804
[2026-04-19T03:26:25.005Z INFO  worker::batch_maker] Batch lpr+CoTdLCP0PIgTWrsS5ZwgUNb9NL3vaYMHcdDhIQA= contains sample tx 1805
[2026-04-19T03:26:25.005Z INFO  worker::batch_maker] Batch lpr+CoTdLCP0PIgTWrsS5ZwgUNb9NL3vaYMHcdDhIQA= contains 363520 B
[2026-04-19T03:26:25.058Z INFO  worker::batch_maker] Batch GSVxaGpXQg0s2aMWQJWHmBTN0MVxdS5TpbefLEH9r6E= contains sample tx 1806
[2026-04-19T03:26:25.058Z INFO  worker::batch_maker] Batch GSVxaGpXQg0s2aMWQJWHmBTN0MVxdS5TpbefLEH9r6E= contains 204800 B
[2026-04-19T03:26:25.112Z INFO  worker::batch_maker] Batch RwtxfjOe+Kf1OpkV1+hhcmRxffaAFg7mYJ3/MV62nmc= contains sample tx 1807
[2026-04-19T03:26:25.112Z INFO  worker::batch_maker] Batch RwtxfjOe+Kf1OpkV1+hhcmRxffaAFg7mYJ3/MV62nmc= contains 204800 B
[2026-04-19T03:26:25.167Z INFO  worker::batch_maker] Batch 33lxJGKwy9jJTzj6bqUuJsOUXy9yYQnKowdsXkZQnbE= contains sample tx 1808
[2026-04-19T03:26:25.167Z INFO  worker::batch_maker] Batch 33lxJGKwy9jJTzj6bqUuJsOUXy9yYQnKowdsXkZQnbE= contains 204800 B
[2026-04-19T03:26:25.221Z INFO  worker::batch_maker] Batch yEHn4elGFvHD5P0m+7N84N7SBF++yVnbw2fwogOo6lc= contains sample tx 1809
[2026-04-19T03:26:25.221Z INFO  worker::batch_maker] Batch yEHn4elGFvHD5P0m+7N84N7SBF++yVnbw2fwogOo6lc= contains 204800 B
[2026-04-19T03:26:25.275Z INFO  worker::batch_maker] Batch bimHA+eWu4OBkSq5HOXp3g9Ex8lby7navf+rRtjyYs4= contains sample tx 1810
[2026-04-19T03:26:25.275Z INFO  worker::batch_maker] Batch bimHA+eWu4OBkSq5HOXp3g9Ex8lby7navf+rRtjyYs4= contains 204800 B
[2026-04-19T03:26:25.329Z INFO  worker::batch_maker] Batch yA3ySfjqTrkpBBa0BBt6y21h3zTYWSJRAkrN8kbg5so= contains sample tx 1811
[2026-04-19T03:26:25.329Z INFO  worker::batch_maker] Batch yA3ySfjqTrkpBBa0BBt6y21h3zTYWSJRAkrN8kbg5so= contains 204800 B
[2026-04-19T03:26:25.382Z INFO  worker::batch_maker] Batch gzmV0SnKZSuHwZ1KYHfrteJzHL7/KkT8h/hGFBdlGvQ= contains sample tx 1812
[2026-04-19T03:26:25.382Z INFO  worker::batch_maker] Batch gzmV0SnKZSuHwZ1KYHfrteJzHL7/KkT8h/hGFBdlGvQ= contains 204800 B
[2026-04-19T03:26:25.436Z INFO  worker::batch_maker] Batch u65+22PsZJ1MZO74p9Ez++RzLHTAlaxi2ZJV1gDSRdQ= contains sample tx 1813
[2026-04-19T03:26:25.436Z INFO  worker::batch_maker] Batch u65+22PsZJ1MZO74p9Ez++RzLHTAlaxi2ZJV1gDSRdQ= contains 204800 B
[2026-04-19T03:26:25.488Z INFO  worker::batch_maker] Batch jrVddWWndgdE68xQnl5AQcG4m3K25Kf3HqrtC+/rGn0= contains sample tx 1814
[2026-04-19T03:26:25.488Z INFO  worker::batch_maker] Batch jrVddWWndgdE68xQnl5AQcG4m3K25Kf3HqrtC+/rGn0= contains 204800 B
[2026-04-19T03:26:25.545Z INFO  worker::batch_maker] Batch 4fKMl9KratuyRHAOk+v6o5Bvr/OpAZAPBz+YYsi4kCQ= contains sample tx 1815
[2026-04-19T03:26:25.545Z INFO  worker::batch_maker] Batch 4fKMl9KratuyRHAOk+v6o5Bvr/OpAZAPBz+YYsi4kCQ= contains 204800 B
[2026-04-19T03:26:25.598Z INFO  worker::batch_maker] Batch XC85US4ErnHdusQ/IxXLx3lD7+Ncb/1hY4jx1OiIglU= contains sample tx 1816
[2026-04-19T03:26:25.598Z INFO  worker::batch_maker] Batch XC85US4ErnHdusQ/IxXLx3lD7+Ncb/1hY4jx1OiIglU= contains 204800 B
[2026-04-19T03:26:25.649Z INFO  worker::batch_maker] Batch A2aZ0472ykS0F5jXy2zFc/DzGf6L9XxSbwVDc2O1QWo= contains sample tx 1817
[2026-04-19T03:26:25.649Z INFO  worker::batch_maker] Batch A2aZ0472ykS0F5jXy2zFc/DzGf6L9XxSbwVDc2O1QWo= contains 279552 B
[2026-04-19T03:26:25.704Z INFO  worker::batch_maker] Batch /rmZ1mM/ZSpFmHbllG73RS/JVOUj5ExN1cjDfrGYUok= contains sample tx 1818
[2026-04-19T03:26:25.704Z INFO  worker::batch_maker] Batch /rmZ1mM/ZSpFmHbllG73RS/JVOUj5ExN1cjDfrGYUok= contains sample tx 1819
[2026-04-19T03:26:25.704Z INFO  worker::batch_maker] Batch /rmZ1mM/ZSpFmHbllG73RS/JVOUj5ExN1cjDfrGYUok= contains 333824 B
[2026-04-19T03:26:25.758Z INFO  worker::batch_maker] Batch uWjWOusoEZjDWm+NJZtZMe77XhGeiC0w3v5Hdvy2hBo= contains sample tx 1820
[2026-04-19T03:26:25.758Z INFO  worker::batch_maker] Batch uWjWOusoEZjDWm+NJZtZMe77XhGeiC0w3v5Hdvy2hBo= contains 205824 B
[2026-04-19T03:26:25.811Z INFO  worker::batch_maker] Batch FRUtKFdMsRU/+xiK3kQnL6DrFoGL33HU2RasLuFo9vI= contains sample tx 1821
[2026-04-19T03:26:25.811Z INFO  worker::batch_maker] Batch FRUtKFdMsRU/+xiK3kQnL6DrFoGL33HU2RasLuFo9vI= contains 204800 B
[2026-04-19T03:26:25.864Z INFO  worker::batch_maker] Batch KUKM67Opt0ge7h1l5Ha0oDE2Pjzh0TPKIWww7kVTcWk= contains sample tx 1822
[2026-04-19T03:26:25.864Z INFO  worker::batch_maker] Batch KUKM67Opt0ge7h1l5Ha0oDE2Pjzh0TPKIWww7kVTcWk= contains 204800 B
[2026-04-19T03:26:25.917Z INFO  worker::batch_maker] Batch ZqteEyR+4yqv+Lu827ErNnhNfmGiVcc1ZIiRY9+xOZU= contains sample tx 1823
[2026-04-19T03:26:25.918Z INFO  worker::batch_maker] Batch ZqteEyR+4yqv+Lu827ErNnhNfmGiVcc1ZIiRY9+xOZU= contains 204800 B
[2026-04-19T03:26:25.971Z INFO  worker::batch_maker] Batch 4zRf4g8pmIb6gm3B18DeX+jJKs0Z1ZhGmDLoegMSWkY= contains sample tx 1824
[2026-04-19T03:26:25.971Z INFO  worker::batch_maker] Batch 4zRf4g8pmIb6gm3B18DeX+jJKs0Z1ZhGmDLoegMSWkY= contains 204800 B
[2026-04-19T03:26:26.024Z INFO  worker::batch_maker] Batch Xo18riDqwOeCGZNNMS4Q6rWStumOBEbcwyeCCXBcNxw= contains sample tx 1825
[2026-04-19T03:26:26.024Z INFO  worker::batch_maker] Batch Xo18riDqwOeCGZNNMS4Q6rWStumOBEbcwyeCCXBcNxw= contains 204800 B
[2026-04-19T03:26:26.077Z INFO  worker::batch_maker] Batch /BTIYQvZjoEHV3lJ/rmx5sPVNsz63Ru8c0f/kTO8P/s= contains sample tx 1826
[2026-04-19T03:26:26.077Z INFO  worker::batch_maker] Batch /BTIYQvZjoEHV3lJ/rmx5sPVNsz63Ru8c0f/kTO8P/s= contains 204800 B
[2026-04-19T03:26:26.130Z INFO  worker::batch_maker] Batch UQ0VITtbtAP/FPfREPetGBw1Lr+WDAlg9TuMyiKXG8I= contains sample tx 1827
[2026-04-19T03:26:26.130Z INFO  worker::batch_maker] Batch UQ0VITtbtAP/FPfREPetGBw1Lr+WDAlg9TuMyiKXG8I= contains 204800 B
[2026-04-19T03:26:26.184Z INFO  worker::batch_maker] Batch NkS+CgXVN4ie0T2fuNwNt9q4z3EdNXBXF8XcsJ1xT+k= contains sample tx 1828
[2026-04-19T03:26:26.184Z INFO  worker::batch_maker] Batch NkS+CgXVN4ie0T2fuNwNt9q4z3EdNXBXF8XcsJ1xT+k= contains 204800 B
[2026-04-19T03:26:26.238Z INFO  worker::batch_maker] Batch yG5U/wUGZXhtIlRTkGWc61vJNF3xs7q7BVLo2+utdSk= contains sample tx 1829
[2026-04-19T03:26:26.238Z INFO  worker::batch_maker] Batch yG5U/wUGZXhtIlRTkGWc61vJNF3xs7q7BVLo2+utdSk= contains 204800 B
[2026-04-19T03:26:26.291Z INFO  worker::batch_maker] Batch +qNsmx2QS+l//gd+W8EUD0CKtHrzRUER3W5xxpadfFQ= contains sample tx 1830
[2026-04-19T03:26:26.291Z INFO  worker::batch_maker] Batch +qNsmx2QS+l//gd+W8EUD0CKtHrzRUER3W5xxpadfFQ= contains 204800 B
[2026-04-19T03:26:26.345Z INFO  worker::batch_maker] Batch 2r/92xR5mssL7Hd0w+boH7DkLQGkBfDRYffaFiRmiU4= contains sample tx 1831
[2026-04-19T03:26:26.345Z INFO  worker::batch_maker] Batch 2r/92xR5mssL7Hd0w+boH7DkLQGkBfDRYffaFiRmiU4= contains 204800 B
[2026-04-19T03:26:26.399Z INFO  worker::batch_maker] Batch JK8udluCVQF6NpFhVlfa4v0kOFNGgWsu6qYsfmAc6cw= contains sample tx 1832
[2026-04-19T03:26:26.399Z INFO  worker::batch_maker] Batch JK8udluCVQF6NpFhVlfa4v0kOFNGgWsu6qYsfmAc6cw= contains 204800 B
[2026-04-19T03:26:26.452Z INFO  worker::batch_maker] Batch WQA+l3/NijPiayCTdxiLmyIAgaNbH8qz2iJR11W2Hv0= contains sample tx 1833
[2026-04-19T03:26:26.452Z INFO  worker::batch_maker] Batch WQA+l3/NijPiayCTdxiLmyIAgaNbH8qz2iJR11W2Hv0= contains 252928 B
[2026-04-19T03:26:26.508Z INFO  worker::batch_maker] Batch nP9eEtrw8aUvyMzcbBumdrE3AknrfJWi5eQ6wd4xKk4= contains sample tx 1834
[2026-04-19T03:26:26.508Z INFO  worker::batch_maker] Batch nP9eEtrw8aUvyMzcbBumdrE3AknrfJWi5eQ6wd4xKk4= contains sample tx 1835
[2026-04-19T03:26:26.508Z INFO  worker::batch_maker] Batch nP9eEtrw8aUvyMzcbBumdrE3AknrfJWi5eQ6wd4xKk4= contains 361472 B
[2026-04-19T03:26:26.561Z INFO  worker::batch_maker] Batch dq3yB151zPR/C+0Dc9tP/R7mbWHTGtzF2xChTI/hTsY= contains sample tx 1836
[2026-04-19T03:26:26.561Z INFO  worker::batch_maker] Batch dq3yB151zPR/C+0Dc9tP/R7mbWHTGtzF2xChTI/hTsY= contains 204800 B
[2026-04-19T03:26:26.614Z INFO  worker::batch_maker] Batch GSV6MNox3IMUQiGtstqs66lQgXj0/u3fShnkn8Iu+48= contains sample tx 1837
[2026-04-19T03:26:26.614Z INFO  worker::batch_maker] Batch GSV6MNox3IMUQiGtstqs66lQgXj0/u3fShnkn8Iu+48= contains 204800 B
[2026-04-19T03:26:26.669Z INFO  worker::batch_maker] Batch 5jgEIQhtguJXs4FuDQiY4+UYWjhnUu1WoyfpUx2gArw= contains sample tx 1838
[2026-04-19T03:26:26.669Z INFO  worker::batch_maker] Batch 5jgEIQhtguJXs4FuDQiY4+UYWjhnUu1WoyfpUx2gArw= contains 204800 B
[2026-04-19T03:26:26.725Z INFO  worker::batch_maker] Batch OT2P3f6nMWdGvQzTHNJrZeMgFl4gr8VPQFm0AuQN+mk= contains sample tx 1839
[2026-04-19T03:26:26.725Z INFO  worker::batch_maker] Batch OT2P3f6nMWdGvQzTHNJrZeMgFl4gr8VPQFm0AuQN+mk= contains 204800 B
[2026-04-19T03:26:26.779Z INFO  worker::batch_maker] Batch u1Ze6jH2LXcPpyjCvn6vHv7BmoeXTs3pgVgXg1gW8ug= contains sample tx 1840
[2026-04-19T03:26:26.779Z INFO  worker::batch_maker] Batch u1Ze6jH2LXcPpyjCvn6vHv7BmoeXTs3pgVgXg1gW8ug= contains 204800 B
[2026-04-19T03:26:26.831Z INFO  worker::batch_maker] Batch y1xztVZ/0BTXq87c5U800quIOGoSGbMw5NZLJYz8kag= contains sample tx 1841
[2026-04-19T03:26:26.831Z INFO  worker::batch_maker] Batch y1xztVZ/0BTXq87c5U800quIOGoSGbMw5NZLJYz8kag= contains 204800 B
[2026-04-19T03:26:26.885Z INFO  worker::batch_maker] Batch Gjbtx8eCHTPQS6Kttb+30NBJL4zXa6wowekF1lOvABY= contains sample tx 1842
[2026-04-19T03:26:26.885Z INFO  worker::batch_maker] Batch Gjbtx8eCHTPQS6Kttb+30NBJL4zXa6wowekF1lOvABY= contains 204800 B
[2026-04-19T03:26:26.939Z INFO  worker::batch_maker] Batch 37D50aq4aPqShzHfGEblIqw49Ee9NfsQ6U3lBVaOFv0= contains sample tx 1843
[2026-04-19T03:26:26.939Z INFO  worker::batch_maker] Batch 37D50aq4aPqShzHfGEblIqw49Ee9NfsQ6U3lBVaOFv0= contains 204800 B
[2026-04-19T03:26:26.993Z INFO  worker::batch_maker] Batch 0jpnpvejg0quQLZGWkzKb10ZjA+8MyEECKlVHAycea0= contains sample tx 1844
[2026-04-19T03:26:26.993Z INFO  worker::batch_maker] Batch 0jpnpvejg0quQLZGWkzKb10ZjA+8MyEECKlVHAycea0= contains 204800 B
[2026-04-19T03:26:27.047Z INFO  worker::batch_maker] Batch y1Yo4wdck2rkKdBW+8Q7crg9+FWks8FAxKT+mPjRoWI= contains sample tx 1845
[2026-04-19T03:26:27.047Z INFO  worker::batch_maker] Batch y1Yo4wdck2rkKdBW+8Q7crg9+FWks8FAxKT+mPjRoWI= contains 204800 B
[2026-04-19T03:26:27.100Z INFO  worker::batch_maker] Batch vIvCqqTdqIwEC9kgGyrpBwu+ACJ1ccVFXyYvIH66B18= contains sample tx 1846
[2026-04-19T03:26:27.100Z INFO  worker::batch_maker] Batch vIvCqqTdqIwEC9kgGyrpBwu+ACJ1ccVFXyYvIH66B18= contains 204800 B
[2026-04-19T03:26:27.156Z INFO  worker::batch_maker] Batch UM8bCrwDYCi/oXHvv2iBoh3IskMWNc/uS9UZoFuXRQU= contains sample tx 1847
[2026-04-19T03:26:27.156Z INFO  worker::batch_maker] Batch UM8bCrwDYCi/oXHvv2iBoh3IskMWNc/uS9UZoFuXRQU= contains sample tx 1848
[2026-04-19T03:26:27.156Z INFO  worker::batch_maker] Batch UM8bCrwDYCi/oXHvv2iBoh3IskMWNc/uS9UZoFuXRQU= contains 394752 B
[2026-04-19T03:26:27.209Z INFO  worker::batch_maker] Batch i2vkPHkPRmZoIOv6Pl/proBrqkPjAyo/pj1DhhYx870= contains sample tx 1849
[2026-04-19T03:26:27.210Z INFO  worker::batch_maker] Batch i2vkPHkPRmZoIOv6Pl/proBrqkPjAyo/pj1DhhYx870= contains 219648 B
[2026-04-19T03:26:27.263Z INFO  worker::batch_maker] Batch PGArvzDky4tKw6FIU/FA31TZ3rbhOoBxrmpDzJwqLn4= contains sample tx 1850
[2026-04-19T03:26:27.263Z INFO  worker::batch_maker] Batch PGArvzDky4tKw6FIU/FA31TZ3rbhOoBxrmpDzJwqLn4= contains 204800 B
[2026-04-19T03:26:27.316Z INFO  worker::batch_maker] Batch 8LILDrUeCR5cNPTYJZGohgSMPxx2LRi8bIYo48OM6vM= contains sample tx 1851
[2026-04-19T03:26:27.317Z INFO  worker::batch_maker] Batch 8LILDrUeCR5cNPTYJZGohgSMPxx2LRi8bIYo48OM6vM= contains 204800 B
[2026-04-19T03:26:27.370Z INFO  worker::batch_maker] Batch As6JSR82c7IlzzUI50UDYrfktadQ442RpQww4Vw4G1Y= contains sample tx 1852
[2026-04-19T03:26:27.370Z INFO  worker::batch_maker] Batch As6JSR82c7IlzzUI50UDYrfktadQ442RpQww4Vw4G1Y= contains 204800 B
[2026-04-19T03:26:27.423Z INFO  worker::batch_maker] Batch yy0oiXzrCpAC7ERHhYkLTye3AMrNGf3r4/5JxN0fUMM= contains sample tx 1853
[2026-04-19T03:26:27.423Z INFO  worker::batch_maker] Batch yy0oiXzrCpAC7ERHhYkLTye3AMrNGf3r4/5JxN0fUMM= contains 204800 B
[2026-04-19T03:26:27.478Z INFO  worker::batch_maker] Batch Q/QfYsrH7ELeatScBBwoLQRSO2UEzKO+2dpc8zhc3WY= contains sample tx 1854
[2026-04-19T03:26:27.478Z INFO  worker::batch_maker] Batch Q/QfYsrH7ELeatScBBwoLQRSO2UEzKO+2dpc8zhc3WY= contains 204800 B
[2026-04-19T03:26:27.531Z INFO  worker::batch_maker] Batch doArc777rny82AP5vhDrvFreMrWy2B2lc1DMn33mSCk= contains sample tx 1855
[2026-04-19T03:26:27.531Z INFO  worker::batch_maker] Batch doArc777rny82AP5vhDrvFreMrWy2B2lc1DMn33mSCk= contains 204800 B
[2026-04-19T03:26:27.584Z INFO  worker::batch_maker] Batch SJFO+eaF9Vie4pOpOKuYiBOtN0Z7sv8iAx0FWWf9QBs= contains sample tx 1856
[2026-04-19T03:26:27.584Z INFO  worker::batch_maker] Batch SJFO+eaF9Vie4pOpOKuYiBOtN0Z7sv8iAx0FWWf9QBs= contains 204800 B
[2026-04-19T03:26:27.638Z INFO  worker::batch_maker] Batch 20GSpCPoJXRjtjJN+/GBLFcmlIfrfQzbLM2kZfsqfbc= contains sample tx 1857
[2026-04-19T03:26:27.638Z INFO  worker::batch_maker] Batch 20GSpCPoJXRjtjJN+/GBLFcmlIfrfQzbLM2kZfsqfbc= contains 204800 B
[2026-04-19T03:26:27.693Z INFO  worker::batch_maker] Batch 3cR2QMKluXov6UWwwQR3fV2IxOhWFu+AKm9jAKvQpBQ= contains sample tx 1858
[2026-04-19T03:26:27.693Z INFO  worker::batch_maker] Batch 3cR2QMKluXov6UWwwQR3fV2IxOhWFu+AKm9jAKvQpBQ= contains 204800 B
[2026-04-19T03:26:27.746Z INFO  worker::batch_maker] Batch xlkCEW9e9Cv3hG3/IDQOnRwCVIe4x1lBIuD1TJPyA1k= contains sample tx 1859
[2026-04-19T03:26:27.746Z INFO  worker::batch_maker] Batch xlkCEW9e9Cv3hG3/IDQOnRwCVIe4x1lBIuD1TJPyA1k= contains 204800 B
[2026-04-19T03:26:27.797Z INFO  worker::batch_maker] Batch DP/bK6ABI3PIENrsiCqivlDHC9CkX5DM8DbeIzd0R8M= contains sample tx 1860
[2026-04-19T03:26:27.797Z INFO  worker::batch_maker] Batch DP/bK6ABI3PIENrsiCqivlDHC9CkX5DM8DbeIzd0R8M= contains 204800 B
[2026-04-19T03:26:27.853Z INFO  worker::batch_maker] Batch 83ClUounyWiuV90E4dY0oLrK1HTtjA+/ln/o6hOklFk= contains sample tx 1861
[2026-04-19T03:26:27.853Z INFO  worker::batch_maker] Batch 83ClUounyWiuV90E4dY0oLrK1HTtjA+/ln/o6hOklFk= contains 307712 B
[2026-04-19T03:26:27.909Z INFO  worker::batch_maker] Batch EwMyDrjT672ddPE7d7ip8I8K0N+s0CocKQts94WOSOA= contains sample tx 1862
[2026-04-19T03:26:27.909Z INFO  worker::batch_maker] Batch EwMyDrjT672ddPE7d7ip8I8K0N+s0CocKQts94WOSOA= contains sample tx 1863
[2026-04-19T03:26:27.909Z INFO  worker::batch_maker] Batch EwMyDrjT672ddPE7d7ip8I8K0N+s0CocKQts94WOSOA= contains 306688 B
[2026-04-19T03:26:27.964Z INFO  worker::batch_maker] Batch 1OGcepP2UrzOY/5IL5TzqQjw8+QYj8g5Y1stBY90nKU= contains sample tx 1864
[2026-04-19T03:26:27.964Z INFO  worker::batch_maker] Batch 1OGcepP2UrzOY/5IL5TzqQjw8+QYj8g5Y1stBY90nKU= contains 204800 B
[2026-04-19T03:26:28.019Z INFO  worker::batch_maker] Batch SINMWCL10WPWhKjv5LpRlPqAq4T/eRlzYr15aec8PxU= contains sample tx 1865
[2026-04-19T03:26:28.019Z INFO  worker::batch_maker] Batch SINMWCL10WPWhKjv5LpRlPqAq4T/eRlzYr15aec8PxU= contains 204800 B
[2026-04-19T03:26:28.072Z INFO  worker::batch_maker] Batch gUH5uX2CG3Xp3GeTl9zebZbtUBrFqQ8zkd3/58ZcaLU= contains sample tx 1866
[2026-04-19T03:26:28.072Z INFO  worker::batch_maker] Batch gUH5uX2CG3Xp3GeTl9zebZbtUBrFqQ8zkd3/58ZcaLU= contains 204800 B
[2026-04-19T03:26:28.125Z INFO  worker::batch_maker] Batch a1Ml9cDCeRLcj8Ui6wkW5u411SIsGO/s6jHUu8RDDlk= contains sample tx 1867
[2026-04-19T03:26:28.125Z INFO  worker::batch_maker] Batch a1Ml9cDCeRLcj8Ui6wkW5u411SIsGO/s6jHUu8RDDlk= contains 204800 B
[2026-04-19T03:26:28.178Z INFO  worker::batch_maker] Batch Rmwq8U7kcvbnXGibOrRhgYLkRh/0s49tCyeYmEppYSs= contains sample tx 1868
[2026-04-19T03:26:28.178Z INFO  worker::batch_maker] Batch Rmwq8U7kcvbnXGibOrRhgYLkRh/0s49tCyeYmEppYSs= contains 204800 B
[2026-04-19T03:26:28.230Z INFO  worker::batch_maker] Batch l8hCs7pmBjjKU09flZbGGbgr+PQ0WCVGyn+jxt98RCo= contains sample tx 1869
[2026-04-19T03:26:28.230Z INFO  worker::batch_maker] Batch l8hCs7pmBjjKU09flZbGGbgr+PQ0WCVGyn+jxt98RCo= contains 204800 B
[2026-04-19T03:26:28.284Z INFO  worker::batch_maker] Batch sCsVyI7eYZSk0o+20Zv5aK5qQ8hvVAERxz7TCbRVJB8= contains sample tx 1870
[2026-04-19T03:26:28.284Z INFO  worker::batch_maker] Batch sCsVyI7eYZSk0o+20Zv5aK5qQ8hvVAERxz7TCbRVJB8= contains 204800 B
[2026-04-19T03:26:28.336Z INFO  worker::batch_maker] Batch 0Y6DqJ7ldOvHYygJDlfXeezuWtAUmYIQIiPwKGvie2o= contains sample tx 1871
[2026-04-19T03:26:28.336Z INFO  worker::batch_maker] Batch 0Y6DqJ7ldOvHYygJDlfXeezuWtAUmYIQIiPwKGvie2o= contains 204800 B
[2026-04-19T03:26:28.389Z INFO  worker::batch_maker] Batch 4zpnBTd/dt0ZcB5I4ShF6+5XtES9YzybAD5fPK15mG0= contains sample tx 1872
[2026-04-19T03:26:28.389Z INFO  worker::batch_maker] Batch 4zpnBTd/dt0ZcB5I4ShF6+5XtES9YzybAD5fPK15mG0= contains 204800 B
[2026-04-19T03:26:28.442Z INFO  worker::batch_maker] Batch Hwb9QWCBVasVweuqefMq5pg9yoVm0HIArFbWUwYXkTo= contains sample tx 1873
[2026-04-19T03:26:28.442Z INFO  worker::batch_maker] Batch Hwb9QWCBVasVweuqefMq5pg9yoVm0HIArFbWUwYXkTo= contains 204800 B
[2026-04-19T03:26:28.495Z INFO  worker::batch_maker] Batch 7GGUfsMt0gQvxo9VhB5EapJ7JaGdZqfNr7XhvLSj0wc= contains sample tx 1874
[2026-04-19T03:26:28.495Z INFO  worker::batch_maker] Batch 7GGUfsMt0gQvxo9VhB5EapJ7JaGdZqfNr7XhvLSj0wc= contains 204800 B
[2026-04-19T03:26:28.549Z INFO  worker::batch_maker] Batch WOXFB4lsCjQRKluz9sSMBcNLrtjVTnMhKbz4xMaISLo= contains sample tx 1875
[2026-04-19T03:26:28.549Z INFO  worker::batch_maker] Batch WOXFB4lsCjQRKluz9sSMBcNLrtjVTnMhKbz4xMaISLo= contains 204800 B
[2026-04-19T03:26:28.608Z INFO  worker::batch_maker] Batch biG6SzNPcKYIu3a65OHBMPTwpf5OhchGPdUxzpOiZbE= contains sample tx 1876
[2026-04-19T03:26:28.608Z INFO  worker::batch_maker] Batch biG6SzNPcKYIu3a65OHBMPTwpf5OhchGPdUxzpOiZbE= contains sample tx 1877
[2026-04-19T03:26:28.608Z INFO  worker::batch_maker] Batch biG6SzNPcKYIu3a65OHBMPTwpf5OhchGPdUxzpOiZbE= contains 409600 B
[2026-04-19T03:26:28.661Z INFO  worker::batch_maker] Batch r6xWlO3onabfVnLcPNDnRqeQa2It0V4T0YZuDiYJYEU= contains sample tx 1878
[2026-04-19T03:26:28.661Z INFO  worker::batch_maker] Batch r6xWlO3onabfVnLcPNDnRqeQa2It0V4T0YZuDiYJYEU= contains 204800 B
[2026-04-19T03:26:28.714Z INFO  worker::batch_maker] Batch V4skmY1yXMQpUVGO1RkfVOqnbiBTaZuAmWyR8jCIx6Y= contains sample tx 1879
[2026-04-19T03:26:28.714Z INFO  worker::batch_maker] Batch V4skmY1yXMQpUVGO1RkfVOqnbiBTaZuAmWyR8jCIx6Y= contains 204800 B
[2026-04-19T03:26:28.770Z INFO  worker::batch_maker] Batch vHQXVkE82dmxj4zlNphpr0tcSEq2ZdkFnFNptA2o+WY= contains sample tx 1880
[2026-04-19T03:26:28.770Z INFO  worker::batch_maker] Batch vHQXVkE82dmxj4zlNphpr0tcSEq2ZdkFnFNptA2o+WY= contains 204800 B
[2026-04-19T03:26:28.822Z INFO  worker::batch_maker] Batch XOmNNNN1T1ATSeAGEI8ws9AE10J2dmy+zQtDQHX9iY0= contains sample tx 1881
[2026-04-19T03:26:28.822Z INFO  worker::batch_maker] Batch XOmNNNN1T1ATSeAGEI8ws9AE10J2dmy+zQtDQHX9iY0= contains 204800 B
[2026-04-19T03:26:28.875Z INFO  worker::batch_maker] Batch 4V0fEoHlOaCW1ii19Jiv/56Mo/9t3aYhMcH3LeUDVqA= contains sample tx 1882
[2026-04-19T03:26:28.875Z INFO  worker::batch_maker] Batch 4V0fEoHlOaCW1ii19Jiv/56Mo/9t3aYhMcH3LeUDVqA= contains 204800 B
[2026-04-19T03:26:28.928Z INFO  worker::batch_maker] Batch zUzROe/aG+Ap8wLtz+bvX6VKIdq/v3tupoaTTljrFrU= contains sample tx 1883
[2026-04-19T03:26:28.928Z INFO  worker::batch_maker] Batch zUzROe/aG+Ap8wLtz+bvX6VKIdq/v3tupoaTTljrFrU= contains 204800 B
[2026-04-19T03:26:28.982Z INFO  worker::batch_maker] Batch oI506j6IjvMhZGj/FSZs0a5NnN9vUKaQx/sKGHjrmhc= contains sample tx 1884
[2026-04-19T03:26:28.982Z INFO  worker::batch_maker] Batch oI506j6IjvMhZGj/FSZs0a5NnN9vUKaQx/sKGHjrmhc= contains 204800 B
[2026-04-19T03:26:29.036Z INFO  worker::batch_maker] Batch CaT4q0jIVCxsHDNwZIqkbzDLeKS8eh/9L1FUmKY44+Y= contains sample tx 1885
[2026-04-19T03:26:29.036Z INFO  worker::batch_maker] Batch CaT4q0jIVCxsHDNwZIqkbzDLeKS8eh/9L1FUmKY44+Y= contains 204800 B
[2026-04-19T03:26:29.089Z INFO  worker::batch_maker] Batch 3+3q1FgDePV3wxdXkkoDP3DKyrP3F56Qo17/7GmiwzQ= contains sample tx 1886
[2026-04-19T03:26:29.089Z INFO  worker::batch_maker] Batch 3+3q1FgDePV3wxdXkkoDP3DKyrP3F56Qo17/7GmiwzQ= contains 204800 B
[2026-04-19T03:26:29.143Z INFO  worker::batch_maker] Batch KRZp7adNkjDroHqx4K7p/jKzGIuiNZLUu9zpfgP4vIY= contains sample tx 1887
[2026-04-19T03:26:29.143Z INFO  worker::batch_maker] Batch KRZp7adNkjDroHqx4K7p/jKzGIuiNZLUu9zpfgP4vIY= contains 204800 B
[2026-04-19T03:26:29.196Z INFO  worker::batch_maker] Batch 0LdqBLRQLam5Da1khi7pN/Bhem86iwhnJrCbey3WwBQ= contains sample tx 1888
[2026-04-19T03:26:29.196Z INFO  worker::batch_maker] Batch 0LdqBLRQLam5Da1khi7pN/Bhem86iwhnJrCbey3WwBQ= contains 204800 B
[2026-04-19T03:26:29.250Z INFO  worker::batch_maker] Batch vb5fMDVjnSwfvx9r2ngdME1N4cJrCwLKpXo0oWJU/js= contains sample tx 1889
[2026-04-19T03:26:29.250Z INFO  worker::batch_maker] Batch vb5fMDVjnSwfvx9r2ngdME1N4cJrCwLKpXo0oWJU/js= contains 213504 B
[2026-04-19T03:26:29.308Z INFO  worker::batch_maker] Batch FoUEg7fXd9yI2BQZHtK5trlV1blPsBmS0VjGToq4rrM= contains sample tx 1890
[2026-04-19T03:26:29.308Z INFO  worker::batch_maker] Batch FoUEg7fXd9yI2BQZHtK5trlV1blPsBmS0VjGToq4rrM= contains sample tx 1891
[2026-04-19T03:26:29.308Z INFO  worker::batch_maker] Batch FoUEg7fXd9yI2BQZHtK5trlV1blPsBmS0VjGToq4rrM= contains 400896 B
[2026-04-19T03:26:29.361Z INFO  worker::batch_maker] Batch WpJVh7rM5VxzUyI4+lip8XqIT5Dy/HZEgI3gRSacTY8= contains sample tx 1892
[2026-04-19T03:26:29.361Z INFO  worker::batch_maker] Batch WpJVh7rM5VxzUyI4+lip8XqIT5Dy/HZEgI3gRSacTY8= contains 204800 B
[2026-04-19T03:26:29.414Z INFO  worker::batch_maker] Batch snNh2pyVPsy6uvH/3NbciSWWSIOyuK8bn3FwqLeM5EI= contains sample tx 1893
[2026-04-19T03:26:29.414Z INFO  worker::batch_maker] Batch snNh2pyVPsy6uvH/3NbciSWWSIOyuK8bn3FwqLeM5EI= contains 204800 B
[2026-04-19T03:26:29.468Z INFO  worker::batch_maker] Batch pkX5KN60vb9MD+vtfo6H/EN+EX0b0IG3CeRJ1+66Sag= contains sample tx 1894
[2026-04-19T03:26:29.468Z INFO  worker::batch_maker] Batch pkX5KN60vb9MD+vtfo6H/EN+EX0b0IG3CeRJ1+66Sag= contains 204800 B
[2026-04-19T03:26:29.522Z INFO  worker::batch_maker] Batch TpgP3d5GSnGqWP5WScgfFpOjziP54kKccdAP7eR1Ta4= contains sample tx 1895
[2026-04-19T03:26:29.522Z INFO  worker::batch_maker] Batch TpgP3d5GSnGqWP5WScgfFpOjziP54kKccdAP7eR1Ta4= contains 204800 B
[2026-04-19T03:26:29.575Z INFO  worker::batch_maker] Batch 3/5ubWTuZdk494WVjwl88QTuoAtYcSxBO8c5iPerVwU= contains sample tx 1896
[2026-04-19T03:26:29.575Z INFO  worker::batch_maker] Batch 3/5ubWTuZdk494WVjwl88QTuoAtYcSxBO8c5iPerVwU= contains 204800 B
[2026-04-19T03:26:29.628Z INFO  worker::batch_maker] Batch w1qnviWKcTxXsyPoK+1siVSCjf5MbKuzY5vpcQS4CzQ= contains sample tx 1897
[2026-04-19T03:26:29.628Z INFO  worker::batch_maker] Batch w1qnviWKcTxXsyPoK+1siVSCjf5MbKuzY5vpcQS4CzQ= contains 204800 B
[2026-04-19T03:26:29.681Z INFO  worker::batch_maker] Batch /F9RjTVMUkklqwRdcVrd7puMXoKOnL/jf9FDpA4N4WI= contains sample tx 1898
[2026-04-19T03:26:29.681Z INFO  worker::batch_maker] Batch /F9RjTVMUkklqwRdcVrd7puMXoKOnL/jf9FDpA4N4WI= contains 204800 B
[2026-04-19T03:26:29.736Z INFO  worker::batch_maker] Batch Dowud27AtuxGHl9vMpgoriKSWZBBRPmM7hjpiwbyNp8= contains sample tx 1899
[2026-04-19T03:26:29.736Z INFO  worker::batch_maker] Batch Dowud27AtuxGHl9vMpgoriKSWZBBRPmM7hjpiwbyNp8= contains 204800 B
[2026-04-19T03:26:29.791Z INFO  worker::batch_maker] Batch 1V4CNYhxh0jWugAvew+dg2WnSnWbLQC/wEOzLiI7y8I= contains sample tx 1900
[2026-04-19T03:26:29.791Z INFO  worker::batch_maker] Batch 1V4CNYhxh0jWugAvew+dg2WnSnWbLQC/wEOzLiI7y8I= contains 204800 B
[2026-04-19T03:26:29.844Z INFO  worker::batch_maker] Batch SFG0qm77MvIhTM6SaM3BY/cMf74FAKuDyAjDMMP3K5A= contains sample tx 1901
[2026-04-19T03:26:29.844Z INFO  worker::batch_maker] Batch SFG0qm77MvIhTM6SaM3BY/cMf74FAKuDyAjDMMP3K5A= contains 204800 B
[2026-04-19T03:26:29.897Z INFO  worker::batch_maker] Batch aSo8CSNYfkiodAkPK+pqCbm3WSJZj00QisplynKxkG0= contains sample tx 1902
[2026-04-19T03:26:29.897Z INFO  worker::batch_maker] Batch aSo8CSNYfkiodAkPK+pqCbm3WSJZj00QisplynKxkG0= contains 204800 B
[2026-04-19T03:26:29.949Z INFO  worker::batch_maker] Batch UdtBATQlthczp4Sne6ihoF0qQJOd/AUfJH7C1m6FpOE= contains sample tx 1903
[2026-04-19T03:26:29.949Z INFO  worker::batch_maker] Batch UdtBATQlthczp4Sne6ihoF0qQJOd/AUfJH7C1m6FpOE= contains 237568 B
[2026-04-19T03:26:30.005Z INFO  worker::batch_maker] Batch 7d9gkIGAt+2mMtAHqtiCqBanoGBx6IvOAQPNHzUlcpw= contains sample tx 1904
[2026-04-19T03:26:30.005Z INFO  worker::batch_maker] Batch 7d9gkIGAt+2mMtAHqtiCqBanoGBx6IvOAQPNHzUlcpw= contains sample tx 1905
[2026-04-19T03:26:30.005Z INFO  worker::batch_maker] Batch 7d9gkIGAt+2mMtAHqtiCqBanoGBx6IvOAQPNHzUlcpw= contains 376832 B
[2026-04-19T03:26:30.059Z INFO  worker::batch_maker] Batch A1xpJD4BSIKR4ZKF9axxePbbBKVEb8XeqUUP+gEFROY= contains sample tx 1906
[2026-04-19T03:26:30.059Z INFO  worker::batch_maker] Batch A1xpJD4BSIKR4ZKF9axxePbbBKVEb8XeqUUP+gEFROY= contains 204800 B
[2026-04-19T03:26:30.115Z INFO  worker::batch_maker] Batch cO5FFvnu1hkneD+pvYmoPC2HqEpSqbdQrpsyw7z3aRo= contains sample tx 1907
[2026-04-19T03:26:30.115Z INFO  worker::batch_maker] Batch cO5FFvnu1hkneD+pvYmoPC2HqEpSqbdQrpsyw7z3aRo= contains 204800 B
[2026-04-19T03:26:30.169Z INFO  worker::batch_maker] Batch XyrqFiCbmSlQuhLhuVVQ4yJFKsoGO/3JIpIPXbWfL+E= contains sample tx 1908
[2026-04-19T03:26:30.169Z INFO  worker::batch_maker] Batch XyrqFiCbmSlQuhLhuVVQ4yJFKsoGO/3JIpIPXbWfL+E= contains 204800 B
[2026-04-19T03:26:30.222Z INFO  worker::batch_maker] Batch jykiqRN3uUCCGnP0wMGPKOu63RxqKR5xoVWkhLnT2bc= contains sample tx 1909
[2026-04-19T03:26:30.222Z INFO  worker::batch_maker] Batch jykiqRN3uUCCGnP0wMGPKOu63RxqKR5xoVWkhLnT2bc= contains 204800 B
[2026-04-19T03:26:30.273Z INFO  worker::batch_maker] Batch N+4xEhrgfhBrZVEt2GzP+BnD7QXl9ukw3YGGnnBFCAw= contains sample tx 1910
[2026-04-19T03:26:30.273Z INFO  worker::batch_maker] Batch N+4xEhrgfhBrZVEt2GzP+BnD7QXl9ukw3YGGnnBFCAw= contains 204800 B
[2026-04-19T03:26:30.327Z INFO  worker::batch_maker] Batch cl4uSa6a8crswiiOXYRA1492ySksdF3VIoq4FOyBfwg= contains sample tx 1911
[2026-04-19T03:26:30.327Z INFO  worker::batch_maker] Batch cl4uSa6a8crswiiOXYRA1492ySksdF3VIoq4FOyBfwg= contains 204800 B
[2026-04-19T03:26:30.380Z INFO  worker::batch_maker] Batch SMBD8+Yr56SgDf/22z58RBRsX9XOr3EDK5uyIP5fVA0= contains sample tx 1912
[2026-04-19T03:26:30.380Z INFO  worker::batch_maker] Batch SMBD8+Yr56SgDf/22z58RBRsX9XOr3EDK5uyIP5fVA0= contains 204800 B
[2026-04-19T03:26:30.433Z INFO  worker::batch_maker] Batch lUExo8RMarGb1JJ30p90KEsKaB/fpt0djr0O9CPaGYw= contains sample tx 1913
[2026-04-19T03:26:30.433Z INFO  worker::batch_maker] Batch lUExo8RMarGb1JJ30p90KEsKaB/fpt0djr0O9CPaGYw= contains 204800 B
[2026-04-19T03:26:30.485Z INFO  worker::batch_maker] Batch 10XYbaIz3DkoOdONcLhIWRzjoGgmzpYho4mC2G59UU4= contains sample tx 1914
[2026-04-19T03:26:30.485Z INFO  worker::batch_maker] Batch 10XYbaIz3DkoOdONcLhIWRzjoGgmzpYho4mC2G59UU4= contains 204800 B
[2026-04-19T03:26:30.538Z INFO  worker::batch_maker] Batch 0r1bwRwokAvUkduIKtKaLynoAX2qtm/3N9HETllloZ8= contains sample tx 1915
[2026-04-19T03:26:30.538Z INFO  worker::batch_maker] Batch 0r1bwRwokAvUkduIKtKaLynoAX2qtm/3N9HETllloZ8= contains 204800 B
[2026-04-19T03:26:30.591Z INFO  worker::batch_maker] Batch sRIV6rNtlTMYsW41XdIzWHzSE+My8he5bOMIy9ESoDk= contains sample tx 1916
[2026-04-19T03:26:30.591Z INFO  worker::batch_maker] Batch sRIV6rNtlTMYsW41XdIzWHzSE+My8he5bOMIy9ESoDk= contains 204800 B
[2026-04-19T03:26:30.644Z INFO  worker::batch_maker] Batch BFt3DoNogLOftUuWDGwWyKKIRzkPbOADjx8Hq53WwXc= contains sample tx 1917
[2026-04-19T03:26:30.644Z INFO  worker::batch_maker] Batch BFt3DoNogLOftUuWDGwWyKKIRzkPbOADjx8Hq53WwXc= contains 204800 B
[2026-04-19T03:26:30.698Z INFO  worker::batch_maker] Batch fPJo8xOViLn8VNdMJU2r8VDzyvZkNajDgUYNo6LPdOA= contains sample tx 1918
[2026-04-19T03:26:30.698Z INFO  worker::batch_maker] Batch fPJo8xOViLn8VNdMJU2r8VDzyvZkNajDgUYNo6LPdOA= contains 204800 B
[2026-04-19T03:26:30.752Z INFO  worker::batch_maker] Batch bq/Ox+9h9O78DJLKh+mMHMW1gxAWShgENKLR8XuKw+Y= contains sample tx 1919
[2026-04-19T03:26:30.752Z INFO  worker::batch_maker] Batch bq/Ox+9h9O78DJLKh+mMHMW1gxAWShgENKLR8XuKw+Y= contains 321024 B
[2026-04-19T03:26:30.806Z INFO  worker::batch_maker] Batch cHQL3CGt7esMsW8V4rSJIvSo5Zj93bMwX2is5mYSNvE= contains sample tx 1920
[2026-04-19T03:26:30.806Z INFO  worker::batch_maker] Batch cHQL3CGt7esMsW8V4rSJIvSo5Zj93bMwX2is5mYSNvE= contains sample tx 1921
[2026-04-19T03:26:30.806Z INFO  worker::batch_maker] Batch cHQL3CGt7esMsW8V4rSJIvSo5Zj93bMwX2is5mYSNvE= contains 293376 B
[2026-04-19T03:26:30.860Z INFO  worker::batch_maker] Batch LeRBYx/i517BOVqKlZafgNQrLu5j8p0rFMUyZTraKK0= contains sample tx 1922
[2026-04-19T03:26:30.860Z INFO  worker::batch_maker] Batch LeRBYx/i517BOVqKlZafgNQrLu5j8p0rFMUyZTraKK0= contains 204800 B
[2026-04-19T03:26:30.913Z INFO  worker::batch_maker] Batch ojWAMIX8HRCGQT62BJ5IeYnMJJFMkgKVfnjxQEDMhdI= contains sample tx 1923
[2026-04-19T03:26:30.913Z INFO  worker::batch_maker] Batch ojWAMIX8HRCGQT62BJ5IeYnMJJFMkgKVfnjxQEDMhdI= contains 204800 B
[2026-04-19T03:26:30.968Z INFO  worker::batch_maker] Batch 16vSw8w3FY4hfnMk6QPyitFlToOI0Yj7ZgkBDqxhhBg= contains sample tx 1924
[2026-04-19T03:26:30.968Z INFO  worker::batch_maker] Batch 16vSw8w3FY4hfnMk6QPyitFlToOI0Yj7ZgkBDqxhhBg= contains 204800 B
[2026-04-19T03:26:31.022Z INFO  worker::batch_maker] Batch +LZZjANPWIAiI+LAJFlT/R6gUA1RckkEch8uEeyF03g= contains sample tx 1925
[2026-04-19T03:26:31.022Z INFO  worker::batch_maker] Batch +LZZjANPWIAiI+LAJFlT/R6gUA1RckkEch8uEeyF03g= contains 204800 B
[2026-04-19T03:26:31.075Z INFO  worker::batch_maker] Batch rVW+9O91E7VbQAZSINUlRWecjeWOxDqBAg65iTqO87A= contains sample tx 1926
[2026-04-19T03:26:31.075Z INFO  worker::batch_maker] Batch rVW+9O91E7VbQAZSINUlRWecjeWOxDqBAg65iTqO87A= contains 204800 B
[2026-04-19T03:26:31.129Z INFO  worker::batch_maker] Batch ACcAnhv2Exuu8WkX5lmM6mW+VgF4vlbnGh8HlE58Dfo= contains sample tx 1927
[2026-04-19T03:26:31.129Z INFO  worker::batch_maker] Batch ACcAnhv2Exuu8WkX5lmM6mW+VgF4vlbnGh8HlE58Dfo= contains 204800 B
[2026-04-19T03:26:31.183Z INFO  worker::batch_maker] Batch aSg6Nnnbug822kHk8Hsn7m9B9pzRqE43Q61iL6QCbTc= contains sample tx 1928
[2026-04-19T03:26:31.183Z INFO  worker::batch_maker] Batch aSg6Nnnbug822kHk8Hsn7m9B9pzRqE43Q61iL6QCbTc= contains 204800 B
[2026-04-19T03:26:31.236Z INFO  worker::batch_maker] Batch yDu880jkRMNWZyYiLW+1H7VoBHTFYLZWmRCHOvUVKqU= contains sample tx 1929
[2026-04-19T03:26:31.236Z INFO  worker::batch_maker] Batch yDu880jkRMNWZyYiLW+1H7VoBHTFYLZWmRCHOvUVKqU= contains 204800 B
[2026-04-19T03:26:31.290Z INFO  worker::batch_maker] Batch kI5HUpaRvzLK426Jxjs6BuEBMZmNnCeh3EQqHcoPcmM= contains sample tx 1930
[2026-04-19T03:26:31.290Z INFO  worker::batch_maker] Batch kI5HUpaRvzLK426Jxjs6BuEBMZmNnCeh3EQqHcoPcmM= contains 204800 B
[2026-04-19T03:26:31.344Z INFO  worker::batch_maker] Batch q9avpGUCictP7Rvnoni9nVVFfeYaEyPicsCv/b4bcjU= contains sample tx 1931
[2026-04-19T03:26:31.344Z INFO  worker::batch_maker] Batch q9avpGUCictP7Rvnoni9nVVFfeYaEyPicsCv/b4bcjU= contains 204800 B
[2026-04-19T03:26:31.397Z INFO  worker::batch_maker] Batch BeFM6QapuOXUhYjiacAhPQJ+EabIapJm5fP7QtFmNQ0= contains sample tx 1932
[2026-04-19T03:26:31.397Z INFO  worker::batch_maker] Batch BeFM6QapuOXUhYjiacAhPQJ+EabIapJm5fP7QtFmNQ0= contains 204800 B
[2026-04-19T03:26:31.450Z INFO  worker::batch_maker] Batch jzlIG5TgSD9gTmcY+1tSNpFl6WN63ECUbs/dzr//5BE= contains sample tx 1933
[2026-04-19T03:26:31.450Z INFO  worker::batch_maker] Batch jzlIG5TgSD9gTmcY+1tSNpFl6WN63ECUbs/dzr//5BE= contains 239104 B
[2026-04-19T03:26:31.505Z INFO  worker::batch_maker] Batch ghJreOiJGrt+e9UanVW1rAvMgNa2pEXfFXx2OSMRPeE= contains sample tx 1934
[2026-04-19T03:26:31.505Z INFO  worker::batch_maker] Batch ghJreOiJGrt+e9UanVW1rAvMgNa2pEXfFXx2OSMRPeE= contains sample tx 1935
[2026-04-19T03:26:31.505Z INFO  worker::batch_maker] Batch ghJreOiJGrt+e9UanVW1rAvMgNa2pEXfFXx2OSMRPeE= contains 375296 B
[2026-04-19T03:26:31.558Z INFO  worker::batch_maker] Batch sQ525nmBqSSbTX7IGU9pgnGHAcPxjHW0sLappKKDtXs= contains sample tx 1936
[2026-04-19T03:26:31.558Z INFO  worker::batch_maker] Batch sQ525nmBqSSbTX7IGU9pgnGHAcPxjHW0sLappKKDtXs= contains 204800 B
[2026-04-19T03:26:31.612Z INFO  worker::batch_maker] Batch HFviJ36w/LhCOVC52BOg8xFRDTwyVxPz6JG9dX8RGhg= contains sample tx 1937
[2026-04-19T03:26:31.612Z INFO  worker::batch_maker] Batch HFviJ36w/LhCOVC52BOg8xFRDTwyVxPz6JG9dX8RGhg= contains 204800 B
[2026-04-19T03:26:31.664Z INFO  worker::batch_maker] Batch KsmeBnxRdWnM0PEMkZx13x0E5XdeUYtT7nKnAs0ZxQ8= contains sample tx 1938
[2026-04-19T03:26:31.664Z INFO  worker::batch_maker] Batch KsmeBnxRdWnM0PEMkZx13x0E5XdeUYtT7nKnAs0ZxQ8= contains 204800 B
[2026-04-19T03:26:31.718Z INFO  worker::batch_maker] Batch uOSDHGCigT6S175FkpqLPDVVVXYzDMhoXdaryuTZaP8= contains sample tx 1939
[2026-04-19T03:26:31.718Z INFO  worker::batch_maker] Batch uOSDHGCigT6S175FkpqLPDVVVXYzDMhoXdaryuTZaP8= contains 204800 B
[2026-04-19T03:26:31.771Z INFO  worker::batch_maker] Batch /xNzO0fZSrJdHfuWxOq5IXR5RwVoUexpG/2nF04+llM= contains sample tx 1940
[2026-04-19T03:26:31.771Z INFO  worker::batch_maker] Batch /xNzO0fZSrJdHfuWxOq5IXR5RwVoUexpG/2nF04+llM= contains 204800 B
[2026-04-19T03:26:31.825Z INFO  worker::batch_maker] Batch 910ILiS9Tnoj8oYWYzvDGKONPfSRdrgWjloZPP6Wa78= contains sample tx 1941
[2026-04-19T03:26:31.825Z INFO  worker::batch_maker] Batch 910ILiS9Tnoj8oYWYzvDGKONPfSRdrgWjloZPP6Wa78= contains 204800 B
[2026-04-19T03:26:31.878Z INFO  worker::batch_maker] Batch q8tx8Un91loslhPyW6bk2ALbVmSuftvac6Ov91+A+T0= contains sample tx 1942
[2026-04-19T03:26:31.878Z INFO  worker::batch_maker] Batch q8tx8Un91loslhPyW6bk2ALbVmSuftvac6Ov91+A+T0= contains 204800 B
[2026-04-19T03:26:31.929Z INFO  worker::batch_maker] Batch X40KXYy/E35DAdApzPURJQsOFsglXKu7wu2l/CQ3f/k= contains sample tx 1943
[2026-04-19T03:26:31.929Z INFO  worker::batch_maker] Batch X40KXYy/E35DAdApzPURJQsOFsglXKu7wu2l/CQ3f/k= contains 204800 B
[2026-04-19T03:26:31.983Z INFO  worker::batch_maker] Batch bSxnfnaL2NRM9MRSZzlsKtqIN8NdmAnsu6icg0KKjfo= contains sample tx 1944
[2026-04-19T03:26:31.983Z INFO  worker::batch_maker] Batch bSxnfnaL2NRM9MRSZzlsKtqIN8NdmAnsu6icg0KKjfo= contains 204800 B
[2026-04-19T03:26:32.036Z INFO  worker::batch_maker] Batch k+EvIm6CRDaV9dpj4z5zqWggfRhUq3aZjsPcJv+e/JE= contains sample tx 1945
[2026-04-19T03:26:32.036Z INFO  worker::batch_maker] Batch k+EvIm6CRDaV9dpj4z5zqWggfRhUq3aZjsPcJv+e/JE= contains 204800 B
[2026-04-19T03:26:32.090Z INFO  worker::batch_maker] Batch 5jW8dGqOdtiudvMl9xvnDKhXxDzCbMPbT/EeQVXCyeQ= contains sample tx 1946
[2026-04-19T03:26:32.090Z INFO  worker::batch_maker] Batch 5jW8dGqOdtiudvMl9xvnDKhXxDzCbMPbT/EeQVXCyeQ= contains 204800 B
[2026-04-19T03:26:32.143Z INFO  worker::batch_maker] Batch qQBD5G9qmVGMbsJSUjku6hjAG1mOtiKsTBEWht44vD0= contains sample tx 1947
[2026-04-19T03:26:32.143Z INFO  worker::batch_maker] Batch qQBD5G9qmVGMbsJSUjku6hjAG1mOtiKsTBEWht44vD0= contains 204800 B
[2026-04-19T03:26:32.196Z INFO  worker::batch_maker] Batch BXKstxpZmDb5P7iCwTfVWO+FnGYZ0uhSH6mkoqR0kuw= contains sample tx 1948
[2026-04-19T03:26:32.196Z INFO  worker::batch_maker] Batch BXKstxpZmDb5P7iCwTfVWO+FnGYZ0uhSH6mkoqR0kuw= contains 204800 B
[2026-04-19T03:26:32.250Z INFO  worker::batch_maker] Batch xLzVE021bgMolSYZJr/uunHNOeYC0knnrqcU6DjVxSg= contains sample tx 1949
[2026-04-19T03:26:32.250Z INFO  worker::batch_maker] Batch xLzVE021bgMolSYZJr/uunHNOeYC0knnrqcU6DjVxSg= contains 215040 B
[2026-04-19T03:26:32.303Z INFO  worker::batch_maker] Batch Zdf1wi2KODg41DTQqFjKOiLi2bZDnwzZa4zhoR6A1ks= contains sample tx 1950
[2026-04-19T03:26:32.303Z INFO  worker::batch_maker] Batch Zdf1wi2KODg41DTQqFjKOiLi2bZDnwzZa4zhoR6A1ks= contains 320000 B
[2026-04-19T03:26:32.358Z INFO  worker::batch_maker] Batch 0smUJ4U5QL6bEQqeCANYzLNxu4bt8X3YKMx2sJr67Tk= contains sample tx 1951
[2026-04-19T03:26:32.358Z INFO  worker::batch_maker] Batch 0smUJ4U5QL6bEQqeCANYzLNxu4bt8X3YKMx2sJr67Tk= contains sample tx 1952
[2026-04-19T03:26:32.358Z INFO  worker::batch_maker] Batch 0smUJ4U5QL6bEQqeCANYzLNxu4bt8X3YKMx2sJr67Tk= contains 284160 B
[2026-04-19T03:26:32.412Z INFO  worker::batch_maker] Batch hxfhkiZTAMN9T5eY/ze9mUuzgBBdURY/9Hb2qAH1sOM= contains sample tx 1953
[2026-04-19T03:26:32.412Z INFO  worker::batch_maker] Batch hxfhkiZTAMN9T5eY/ze9mUuzgBBdURY/9Hb2qAH1sOM= contains 204800 B
[2026-04-19T03:26:32.465Z INFO  worker::batch_maker] Batch 0OpcAiWqMUTKKFDiJVjJjTQcTdiZY8sBYKbwDIracdM= contains sample tx 1954
[2026-04-19T03:26:32.465Z INFO  worker::batch_maker] Batch 0OpcAiWqMUTKKFDiJVjJjTQcTdiZY8sBYKbwDIracdM= contains 204800 B
[2026-04-19T03:26:32.519Z INFO  worker::batch_maker] Batch SNBMVuuQcsuzJiPtWgBK6bv3HFLY5FGqRaQUXtcs1h8= contains sample tx 1955
[2026-04-19T03:26:32.519Z INFO  worker::batch_maker] Batch SNBMVuuQcsuzJiPtWgBK6bv3HFLY5FGqRaQUXtcs1h8= contains 204800 B
[2026-04-19T03:26:32.572Z INFO  worker::batch_maker] Batch TgHMi81eItq9h9cLty4rOLPUp+bSTw7G7n4x7zTSjSA= contains sample tx 1956
[2026-04-19T03:26:32.572Z INFO  worker::batch_maker] Batch TgHMi81eItq9h9cLty4rOLPUp+bSTw7G7n4x7zTSjSA= contains 204800 B
[2026-04-19T03:26:32.626Z INFO  worker::batch_maker] Batch RWEAvg8GhHlnvKNR4Mqq04VceoFo7C4FV/ITKQjAuEk= contains sample tx 1957
[2026-04-19T03:26:32.626Z INFO  worker::batch_maker] Batch RWEAvg8GhHlnvKNR4Mqq04VceoFo7C4FV/ITKQjAuEk= contains 204800 B
[2026-04-19T03:26:32.679Z INFO  worker::batch_maker] Batch zcUDGZiFgMKGw5gGp8LxgW14P/2pTNo70snqfLXEMXg= contains sample tx 1958
[2026-04-19T03:26:32.679Z INFO  worker::batch_maker] Batch zcUDGZiFgMKGw5gGp8LxgW14P/2pTNo70snqfLXEMXg= contains 204800 B
[2026-04-19T03:26:32.733Z INFO  worker::batch_maker] Batch 7jhYqeY4xZeNtEGlWgtLQLIpr6n9SxMKZFAoXcWqGEE= contains sample tx 1959
[2026-04-19T03:26:32.733Z INFO  worker::batch_maker] Batch 7jhYqeY4xZeNtEGlWgtLQLIpr6n9SxMKZFAoXcWqGEE= contains 204800 B
[2026-04-19T03:26:32.786Z INFO  worker::batch_maker] Batch 0hy5PqhTtrvxtS6hO3jYYX+PfEAI2bwrDpdbE54Z3pA= contains sample tx 1960
[2026-04-19T03:26:32.786Z INFO  worker::batch_maker] Batch 0hy5PqhTtrvxtS6hO3jYYX+PfEAI2bwrDpdbE54Z3pA= contains 204800 B
[2026-04-19T03:26:32.840Z INFO  worker::batch_maker] Batch 6m5zoQpx2XZo5IgJf5RucO7FhPFGZP2F8qhtps9yFOI= contains sample tx 1961
[2026-04-19T03:26:32.840Z INFO  worker::batch_maker] Batch 6m5zoQpx2XZo5IgJf5RucO7FhPFGZP2F8qhtps9yFOI= contains 204800 B
[2026-04-19T03:26:32.893Z INFO  worker::batch_maker] Batch tJt/sKD19jvjuip6kbKjt1ncf2bbnzCa4N0dpsfqyWQ= contains sample tx 1962
[2026-04-19T03:26:32.893Z INFO  worker::batch_maker] Batch tJt/sKD19jvjuip6kbKjt1ncf2bbnzCa4N0dpsfqyWQ= contains 204800 B
[2026-04-19T03:26:32.947Z INFO  worker::batch_maker] Batch hQg/tV5wEPOPSusud8N2w5VA4ydvIASoKjLQYDFpl9Q= contains sample tx 1963
[2026-04-19T03:26:32.947Z INFO  worker::batch_maker] Batch hQg/tV5wEPOPSusud8N2w5VA4ydvIASoKjLQYDFpl9Q= contains 204800 B
[2026-04-19T03:26:33.002Z INFO  worker::batch_maker] Batch NHmAR+2AzW5QKgCNWl4DDjE7Mr5yohQV03KpHBY7qEE= contains sample tx 1964
[2026-04-19T03:26:33.002Z INFO  worker::batch_maker] Batch NHmAR+2AzW5QKgCNWl4DDjE7Mr5yohQV03KpHBY7qEE= contains 324096 B
[2026-04-19T03:26:33.058Z INFO  worker::batch_maker] Batch MbeO9un9ACXXC+D6SGIfMPH8vYjsfU/OSkUKOFIlayw= contains sample tx 1965
[2026-04-19T03:26:33.058Z INFO  worker::batch_maker] Batch MbeO9un9ACXXC+D6SGIfMPH8vYjsfU/OSkUKOFIlayw= contains sample tx 1966
[2026-04-19T03:26:33.058Z INFO  worker::batch_maker] Batch MbeO9un9ACXXC+D6SGIfMPH8vYjsfU/OSkUKOFIlayw= contains 290304 B
[2026-04-19T03:26:33.112Z INFO  worker::batch_maker] Batch sDhOX8cR6LY4TOXrXaUZKgos2gStqz9yp011lCluclk= contains sample tx 1967
[2026-04-19T03:26:33.112Z INFO  worker::batch_maker] Batch sDhOX8cR6LY4TOXrXaUZKgos2gStqz9yp011lCluclk= contains 204800 B
[2026-04-19T03:26:33.165Z INFO  worker::batch_maker] Batch zO86KZ2G3OxKINoRfx7inD7RPRQL1rHmb4HIqagb5EQ= contains sample tx 1968
[2026-04-19T03:26:33.165Z INFO  worker::batch_maker] Batch zO86KZ2G3OxKINoRfx7inD7RPRQL1rHmb4HIqagb5EQ= contains 204800 B
[2026-04-19T03:26:33.219Z INFO  worker::batch_maker] Batch gmKckI8N4FgD0gp967d0dOW7aYrYd78tb3djHtRvf1c= contains sample tx 1969
[2026-04-19T03:26:33.219Z INFO  worker::batch_maker] Batch gmKckI8N4FgD0gp967d0dOW7aYrYd78tb3djHtRvf1c= contains 204800 B
[2026-04-19T03:26:33.272Z INFO  worker::batch_maker] Batch 8dA01KZ6v9dksdCVPEmJdPlB9kZ7L8wiZMQTgjdMljA= contains sample tx 1970
[2026-04-19T03:26:33.272Z INFO  worker::batch_maker] Batch 8dA01KZ6v9dksdCVPEmJdPlB9kZ7L8wiZMQTgjdMljA= contains 204800 B
[2026-04-19T03:26:33.325Z INFO  worker::batch_maker] Batch W7+F9QI45WfUh98otc1kEhMc5CU7endMH6QXnkoWFrQ= contains sample tx 1971
[2026-04-19T03:26:33.325Z INFO  worker::batch_maker] Batch W7+F9QI45WfUh98otc1kEhMc5CU7endMH6QXnkoWFrQ= contains 204800 B
[2026-04-19T03:26:33.379Z INFO  worker::batch_maker] Batch k9A20JMTZj/xMfZGiSCLFjN3I4b33BHuqKo58FbU2i0= contains sample tx 1972
[2026-04-19T03:26:33.379Z INFO  worker::batch_maker] Batch k9A20JMTZj/xMfZGiSCLFjN3I4b33BHuqKo58FbU2i0= contains 204800 B
[2026-04-19T03:26:33.432Z INFO  worker::batch_maker] Batch w+3bBXxwjehykLzvbQxG+M7YRNgOQmkkaGO+6b6uPIg= contains sample tx 1973
[2026-04-19T03:26:33.432Z INFO  worker::batch_maker] Batch w+3bBXxwjehykLzvbQxG+M7YRNgOQmkkaGO+6b6uPIg= contains 204800 B
[2026-04-19T03:26:33.487Z INFO  worker::batch_maker] Batch uNI5ncISx2CV9MAwKe5vaG5QPQ4DSayt7yF1FKK2xso= contains sample tx 1974
[2026-04-19T03:26:33.487Z INFO  worker::batch_maker] Batch uNI5ncISx2CV9MAwKe5vaG5QPQ4DSayt7yF1FKK2xso= contains 204800 B
[2026-04-19T03:26:33.540Z INFO  worker::batch_maker] Batch t9mCarM+jCg7h400d5uZhh9DFzsLcjTXyA97xv6WZo4= contains sample tx 1975
[2026-04-19T03:26:33.541Z INFO  worker::batch_maker] Batch t9mCarM+jCg7h400d5uZhh9DFzsLcjTXyA97xv6WZo4= contains 204800 B
[2026-04-19T03:26:33.594Z INFO  worker::batch_maker] Batch ckUIf+ub7qjHDoA06pIwjhR3klzpZ+/v5FS1b9l5XWE= contains sample tx 1976
[2026-04-19T03:26:33.594Z INFO  worker::batch_maker] Batch ckUIf+ub7qjHDoA06pIwjhR3klzpZ+/v5FS1b9l5XWE= contains 204800 B
[2026-04-19T03:26:33.647Z INFO  worker::batch_maker] Batch dmJkX15/ppjYEI7YwvWV1g7eJWIC4Y0xX22SyNeBszY= contains sample tx 1977
[2026-04-19T03:26:33.665Z INFO  worker::batch_maker] Batch dmJkX15/ppjYEI7YwvWV1g7eJWIC4Y0xX22SyNeBszY= contains 204800 B
[2026-04-19T03:26:33.721Z INFO  worker::batch_maker] Batch YPT51CbznAlNpZoBriMPU5mLp2cgnuoZCqhMRFlnGQA= contains sample tx 1978
[2026-04-19T03:26:33.721Z INFO  worker::batch_maker] Batch YPT51CbznAlNpZoBriMPU5mLp2cgnuoZCqhMRFlnGQA= contains sample tx 1979
[2026-04-19T03:26:33.721Z INFO  worker::batch_maker] Batch YPT51CbznAlNpZoBriMPU5mLp2cgnuoZCqhMRFlnGQA= contains 409600 B
[2026-04-19T03:26:33.775Z INFO  worker::batch_maker] Batch JhA03z0RuQQ9q9FAUbeAiq3n82dwIQ91/JNsvBrM0Gk= contains sample tx 1980
[2026-04-19T03:26:33.775Z INFO  worker::batch_maker] Batch JhA03z0RuQQ9q9FAUbeAiq3n82dwIQ91/JNsvBrM0Gk= contains 204800 B
[2026-04-19T03:26:33.828Z INFO  worker::batch_maker] Batch my/R2lrjIBjokM+yYEBwwfBEWUlKJEtRZUIe8NHlmKQ= contains sample tx 1981
[2026-04-19T03:26:33.828Z INFO  worker::batch_maker] Batch my/R2lrjIBjokM+yYEBwwfBEWUlKJEtRZUIe8NHlmKQ= contains 204800 B
[2026-04-19T03:26:33.881Z INFO  worker::batch_maker] Batch IqzMYB8W3qtq01A7RD0e63qmw7dqW+Ro5Sz3LBb4IR8= contains sample tx 1982
[2026-04-19T03:26:33.885Z INFO  worker::batch_maker] Batch IqzMYB8W3qtq01A7RD0e63qmw7dqW+Ro5Sz3LBb4IR8= contains 204800 B
[2026-04-19T03:26:33.940Z INFO  worker::batch_maker] Batch pqs6Iq8QaOdxsVZGWHWvYhRU8wK3kxZRcwwTjNVtPhs= contains sample tx 1983
[2026-04-19T03:26:33.940Z INFO  worker::batch_maker] Batch pqs6Iq8QaOdxsVZGWHWvYhRU8wK3kxZRcwwTjNVtPhs= contains 204800 B
[2026-04-19T03:26:33.993Z INFO  worker::batch_maker] Batch pf1a8dMliUxaDpb8EqMkFesHyfqpVizQWfSPvtKv9tM= contains sample tx 1984
[2026-04-19T03:26:33.993Z INFO  worker::batch_maker] Batch pf1a8dMliUxaDpb8EqMkFesHyfqpVizQWfSPvtKv9tM= contains 204800 B
[2026-04-19T03:26:34.047Z INFO  worker::batch_maker] Batch GO1v0ttkkRNFUHICCq2+PKF55WmWJ2ruliRzVj/T3U0= contains sample tx 1985
[2026-04-19T03:26:34.047Z INFO  worker::batch_maker] Batch GO1v0ttkkRNFUHICCq2+PKF55WmWJ2ruliRzVj/T3U0= contains 204800 B
[2026-04-19T03:26:34.099Z INFO  worker::batch_maker] Batch OJbIOcSWPWoJ1nHcTJQyg8Ee594GplgH3Z7re+vgGDE= contains sample tx 1986
[2026-04-19T03:26:34.099Z INFO  worker::batch_maker] Batch OJbIOcSWPWoJ1nHcTJQyg8Ee594GplgH3Z7re+vgGDE= contains 239104 B
[2026-04-19T03:26:34.154Z INFO  worker::batch_maker] Batch ShsGJKYsfIScDx1u7BP3KDpSocM69AtPAisyNYGQJrc= contains sample tx 1987
[2026-04-19T03:26:34.154Z INFO  worker::batch_maker] Batch ShsGJKYsfIScDx1u7BP3KDpSocM69AtPAisyNYGQJrc= contains 295424 B
[2026-04-19T03:26:34.206Z INFO  worker::batch_maker] Batch FC97vrUMJZypRCzWO3IdNM2rxF7WtEq3VCCEtVt6dMM= contains sample tx 1988
[2026-04-19T03:26:34.206Z INFO  worker::batch_maker] Batch FC97vrUMJZypRCzWO3IdNM2rxF7WtEq3VCCEtVt6dMM= contains sample tx 1989
[2026-04-19T03:26:34.206Z INFO  worker::batch_maker] Batch FC97vrUMJZypRCzWO3IdNM2rxF7WtEq3VCCEtVt6dMM= contains 284672 B
[2026-04-19T03:26:34.259Z INFO  worker::batch_maker] Batch MdpC4zv8fLvob62v1mqBXQpOyae/6atzYOfUFpceCL4= contains sample tx 1990
[2026-04-19T03:26:34.259Z INFO  worker::batch_maker] Batch MdpC4zv8fLvob62v1mqBXQpOyae/6atzYOfUFpceCL4= contains 204800 B
[2026-04-19T03:26:34.313Z INFO  worker::batch_maker] Batch ApB6bZAJVsCQR+FBw2I6EA4nZMlREGF/xuGhdjwG2zc= contains sample tx 1991
[2026-04-19T03:26:34.313Z INFO  worker::batch_maker] Batch ApB6bZAJVsCQR+FBw2I6EA4nZMlREGF/xuGhdjwG2zc= contains 204800 B
[2026-04-19T03:26:34.368Z INFO  worker::batch_maker] Batch Hzubq9IeexdbQezhpbT2H2N/TbBLwDw6Nu0ozdrOUeQ= contains sample tx 1992
[2026-04-19T03:26:34.368Z INFO  worker::batch_maker] Batch Hzubq9IeexdbQezhpbT2H2N/TbBLwDw6Nu0ozdrOUeQ= contains 204800 B
[2026-04-19T03:26:34.422Z INFO  worker::batch_maker] Batch YqPDdhXXKVtIOcCvc9Vrkg2SCEMM7TZE3GVMIqpTVd0= contains sample tx 1993
[2026-04-19T03:26:34.422Z INFO  worker::batch_maker] Batch YqPDdhXXKVtIOcCvc9Vrkg2SCEMM7TZE3GVMIqpTVd0= contains 204800 B
[2026-04-19T03:26:34.475Z INFO  worker::batch_maker] Batch 7Caq/UoN/FmdC+qzgmr0O6M8Y7NJgOh/wpZmrhbXVI8= contains sample tx 1994
[2026-04-19T03:26:34.475Z INFO  worker::batch_maker] Batch 7Caq/UoN/FmdC+qzgmr0O6M8Y7NJgOh/wpZmrhbXVI8= contains 204800 B
[2026-04-19T03:26:34.530Z INFO  worker::batch_maker] Batch XFFfaQ6EfjpbLEvfxNW6CEKjOgJx7lhBD/IA+4Vh+2o= contains sample tx 1995
[2026-04-19T03:26:34.530Z INFO  worker::batch_maker] Batch XFFfaQ6EfjpbLEvfxNW6CEKjOgJx7lhBD/IA+4Vh+2o= contains 204800 B
[2026-04-19T03:26:34.583Z INFO  worker::batch_maker] Batch Z/pSM7MOuwiWYb11K2w4kwj1mgNYA9ZNhx2LXaopU54= contains sample tx 1996
[2026-04-19T03:26:34.583Z INFO  worker::batch_maker] Batch Z/pSM7MOuwiWYb11K2w4kwj1mgNYA9ZNhx2LXaopU54= contains 204800 B
[2026-04-19T03:26:34.636Z INFO  worker::batch_maker] Batch tknC+5pCWGMO9j2KJmXlUmcjOxphZjrnXqyK0C9gEcI= contains sample tx 1997
[2026-04-19T03:26:34.636Z INFO  worker::batch_maker] Batch tknC+5pCWGMO9j2KJmXlUmcjOxphZjrnXqyK0C9gEcI= contains 204800 B
[2026-04-19T03:26:34.689Z INFO  worker::batch_maker] Batch 5Pen7g67XGT/SwcaIC+u3sy47ubu6xPjjLqHzjgMqOo= contains sample tx 1998
[2026-04-19T03:26:34.689Z INFO  worker::batch_maker] Batch 5Pen7g67XGT/SwcaIC+u3sy47ubu6xPjjLqHzjgMqOo= contains 204800 B
[2026-04-19T03:26:34.745Z INFO  worker::batch_maker] Batch aG1mUSc4XLaDFasNYfG+bQe1hfT9YUVbMNbJFq35w9w= contains sample tx 1999
[2026-04-19T03:26:34.745Z INFO  worker::batch_maker] Batch aG1mUSc4XLaDFasNYfG+bQe1hfT9YUVbMNbJFq35w9w= contains 204800 B
[2026-04-19T03:26:34.799Z INFO  worker::batch_maker] Batch CCfA8HD0D6ZTcvZgSALk3nBJJzfzoLGen2s2AHB2xh4= contains sample tx 2000
[2026-04-19T03:26:34.799Z INFO  worker::batch_maker] Batch CCfA8HD0D6ZTcvZgSALk3nBJJzfzoLGen2s2AHB2xh4= contains 204800 B
[2026-04-19T03:26:34.854Z INFO  worker::batch_maker] Batch wY86OMPnO67NMErM18HkoUfnYz6+jJmLuioIJeHBDfA= contains sample tx 2001
[2026-04-19T03:26:34.854Z INFO  worker::batch_maker] Batch wY86OMPnO67NMErM18HkoUfnYz6+jJmLuioIJeHBDfA= contains sample tx 2002
[2026-04-19T03:26:34.854Z INFO  worker::batch_maker] Batch wY86OMPnO67NMErM18HkoUfnYz6+jJmLuioIJeHBDfA= contains 301056 B
[2026-04-19T03:26:34.908Z INFO  worker::batch_maker] Batch M6iwCJyQEUd4HmV9a6XzkjVOSnaucZ/GiIbQJ8E6490= contains sample tx 2003
[2026-04-19T03:26:34.909Z INFO  worker::batch_maker] Batch M6iwCJyQEUd4HmV9a6XzkjVOSnaucZ/GiIbQJ8E6490= contains 313344 B
[2026-04-19T03:26:34.962Z INFO  worker::batch_maker] Batch Ngfiv/SVlO8Y8R76Fvl+/Z8VP5BlvcBSRm2EJAiLoWY= contains sample tx 2004
[2026-04-19T03:26:34.962Z INFO  worker::batch_maker] Batch Ngfiv/SVlO8Y8R76Fvl+/Z8VP5BlvcBSRm2EJAiLoWY= contains 204800 B
[2026-04-19T03:26:35.015Z INFO  worker::batch_maker] Batch K/CdMoeOGeJ/uF6UhOdXupBJtAk8H6QikGeQNnXst1k= contains sample tx 2005
[2026-04-19T03:26:35.015Z INFO  worker::batch_maker] Batch K/CdMoeOGeJ/uF6UhOdXupBJtAk8H6QikGeQNnXst1k= contains 204800 B
[2026-04-19T03:26:35.068Z INFO  worker::batch_maker] Batch PHEPzo3LExycrrcBsEsI8emEx8rAW3Shmh7muYs93QE= contains sample tx 2006
[2026-04-19T03:26:35.068Z INFO  worker::batch_maker] Batch PHEPzo3LExycrrcBsEsI8emEx8rAW3Shmh7muYs93QE= contains 204800 B
[2026-04-19T03:26:35.122Z INFO  worker::batch_maker] Batch zFC+ge9iSQLRUvXS3vG+2FjTWDFs61V5YrIJAiStx/U= contains sample tx 2007
[2026-04-19T03:26:35.122Z INFO  worker::batch_maker] Batch zFC+ge9iSQLRUvXS3vG+2FjTWDFs61V5YrIJAiStx/U= contains 204800 B
[2026-04-19T03:26:35.175Z INFO  worker::batch_maker] Batch YopiTdbJitZ9gCDYtq8SAqcQz0zmpSFMv1D7jEvdm8I= contains sample tx 2008
[2026-04-19T03:26:35.175Z INFO  worker::batch_maker] Batch YopiTdbJitZ9gCDYtq8SAqcQz0zmpSFMv1D7jEvdm8I= contains 204800 B
[2026-04-19T03:26:35.230Z INFO  worker::batch_maker] Batch RFSD5/J1dqzDGU9dXvT1dVpKn07j860rXds2KGqcbzg= contains sample tx 2009
[2026-04-19T03:26:35.230Z INFO  worker::batch_maker] Batch RFSD5/J1dqzDGU9dXvT1dVpKn07j860rXds2KGqcbzg= contains 204800 B
[2026-04-19T03:26:35.283Z INFO  worker::batch_maker] Batch pZ7qwKc7weJuR/GURGevD+JvAe8ZLgyjolIyoNekhig= contains sample tx 2010
[2026-04-19T03:26:35.283Z INFO  worker::batch_maker] Batch pZ7qwKc7weJuR/GURGevD+JvAe8ZLgyjolIyoNekhig= contains 204800 B
[2026-04-19T03:26:35.336Z INFO  worker::batch_maker] Batch XrZZy5LL/BmkgBfnIxPaocSgHmifx6CDfpzUhuhRW6k= contains sample tx 2011
[2026-04-19T03:26:35.336Z INFO  worker::batch_maker] Batch XrZZy5LL/BmkgBfnIxPaocSgHmifx6CDfpzUhuhRW6k= contains 204800 B
[2026-04-19T03:26:35.389Z INFO  worker::batch_maker] Batch Wxeha5XO9Fk8gBokDPf+m/Kbq37ABJ2GCVUuLWc8mJg= contains sample tx 2012
[2026-04-19T03:26:35.389Z INFO  worker::batch_maker] Batch Wxeha5XO9Fk8gBokDPf+m/Kbq37ABJ2GCVUuLWc8mJg= contains 204800 B
[2026-04-19T03:26:35.443Z INFO  worker::batch_maker] Batch Ipk51pOEycxviVmMhn2j+XDEESumOdDd7UXRBlqPTa0= contains sample tx 2013
[2026-04-19T03:26:35.443Z INFO  worker::batch_maker] Batch Ipk51pOEycxviVmMhn2j+XDEESumOdDd7UXRBlqPTa0= contains 204800 B
[2026-04-19T03:26:35.496Z INFO  worker::batch_maker] Batch 0BctQTt0bWfm+OHNDSQSzxu0ZeFC94wzytmlWJ6GE9A= contains sample tx 2014
[2026-04-19T03:26:35.524Z INFO  worker::batch_maker] Batch 0BctQTt0bWfm+OHNDSQSzxu0ZeFC94wzytmlWJ6GE9A= contains 204800 B
[2026-04-19T03:26:35.580Z INFO  worker::batch_maker] Batch j50D/4SySjpaOlzdhvtMunrjbo8l5b90Wbh/bBq5wNY= contains sample tx 2015
[2026-04-19T03:26:35.580Z INFO  worker::batch_maker] Batch j50D/4SySjpaOlzdhvtMunrjbo8l5b90Wbh/bBq5wNY= contains sample tx 2016
[2026-04-19T03:26:35.580Z INFO  worker::batch_maker] Batch j50D/4SySjpaOlzdhvtMunrjbo8l5b90Wbh/bBq5wNY= contains 409600 B
[2026-04-19T03:26:35.633Z INFO  worker::batch_maker] Batch aWv7P9fG/HolEEC+e3JodgfAv5LU4tea4WfhqylWDIs= contains sample tx 2017
[2026-04-19T03:26:35.633Z INFO  worker::batch_maker] Batch aWv7P9fG/HolEEC+e3JodgfAv5LU4tea4WfhqylWDIs= contains 204800 B
[2026-04-19T03:26:35.687Z INFO  worker::batch_maker] Batch w2Bn1yl5tCp/DDv7zCxqpc8YGKjDXUeNaVlG5wsSLyA= contains sample tx 2018
[2026-04-19T03:26:35.687Z INFO  worker::batch_maker] Batch w2Bn1yl5tCp/DDv7zCxqpc8YGKjDXUeNaVlG5wsSLyA= contains 204800 B
[2026-04-19T03:26:35.741Z INFO  worker::batch_maker] Batch e3/HkK89bu1PDO0/NAH/jR/hhUJJ1N4Gd8/xqBuZCMA= contains sample tx 2019
[2026-04-19T03:26:35.741Z INFO  worker::batch_maker] Batch e3/HkK89bu1PDO0/NAH/jR/hhUJJ1N4Gd8/xqBuZCMA= contains 204800 B
[2026-04-19T03:26:35.794Z INFO  worker::batch_maker] Batch jIUrKmB/sCkUkNqvMx7GzHOHw5qNcMKZRfKLV1ofLx8= contains sample tx 2020
[2026-04-19T03:26:35.794Z INFO  worker::batch_maker] Batch jIUrKmB/sCkUkNqvMx7GzHOHw5qNcMKZRfKLV1ofLx8= contains 204800 B
[2026-04-19T03:26:35.848Z INFO  worker::batch_maker] Batch 7pzTge/zXUD2DiLu0hADoEPBQFv+bfn0uAZoyb9SVa8= contains sample tx 2021
[2026-04-19T03:26:35.848Z INFO  worker::batch_maker] Batch 7pzTge/zXUD2DiLu0hADoEPBQFv+bfn0uAZoyb9SVa8= contains 204800 B
[2026-04-19T03:26:35.902Z INFO  worker::batch_maker] Batch aDnd3tQxshV+ODhCxf82y7Qr//zWViKBnGbCLZPK5H4= contains sample tx 2022
[2026-04-19T03:26:35.902Z INFO  worker::batch_maker] Batch aDnd3tQxshV+ODhCxf82y7Qr//zWViKBnGbCLZPK5H4= contains sample tx 2023
[2026-04-19T03:26:35.902Z INFO  worker::batch_maker] Batch aDnd3tQxshV+ODhCxf82y7Qr//zWViKBnGbCLZPK5H4= contains 217088 B
[2026-04-19T03:26:35.961Z INFO  worker::batch_maker] Batch t583MONG7SgTDAEWyptRv86Id2cBXljS6aKHPP5iKQc= contains sample tx 2024
[2026-04-19T03:26:35.961Z INFO  worker::batch_maker] Batch t583MONG7SgTDAEWyptRv86Id2cBXljS6aKHPP5iKQc= contains 397312 B
[2026-04-19T03:26:36.015Z INFO  worker::batch_maker] Batch x+g98JPPEQHjELqM3iAbaEQ8f8jFUIL3tz5WgpI52Js= contains sample tx 2025
[2026-04-19T03:26:36.015Z INFO  worker::batch_maker] Batch x+g98JPPEQHjELqM3iAbaEQ8f8jFUIL3tz5WgpI52Js= contains 204800 B
[2026-04-19T03:26:36.068Z INFO  worker::batch_maker] Batch pQycFqY4GEcKM+RpRylpDooCHt5KFwu4FKRw6+qvhpI= contains sample tx 2026
[2026-04-19T03:26:36.068Z INFO  worker::batch_maker] Batch pQycFqY4GEcKM+RpRylpDooCHt5KFwu4FKRw6+qvhpI= contains 204800 B
[2026-04-19T03:26:36.121Z INFO  worker::batch_maker] Batch kDuummc8KigHW9egA0FzX+GlvTpUkX+rhCmwVvhrKSc= contains sample tx 2027
[2026-04-19T03:26:36.121Z INFO  worker::batch_maker] Batch kDuummc8KigHW9egA0FzX+GlvTpUkX+rhCmwVvhrKSc= contains 204800 B
[2026-04-19T03:26:36.174Z INFO  worker::batch_maker] Batch AwXdfJot7arVjD+oNqE3MVx4lf2bbXBVffHT54sPkUk= contains sample tx 2028
[2026-04-19T03:26:36.174Z INFO  worker::batch_maker] Batch AwXdfJot7arVjD+oNqE3MVx4lf2bbXBVffHT54sPkUk= contains 204800 B
[2026-04-19T03:26:36.228Z INFO  worker::batch_maker] Batch zr3dNMzk/z0vhoUQOlMSIMJN3XNqI9HnIao6FaJAHTM= contains sample tx 2029
[2026-04-19T03:26:36.228Z INFO  worker::batch_maker] Batch zr3dNMzk/z0vhoUQOlMSIMJN3XNqI9HnIao6FaJAHTM= contains 204800 B
[2026-04-19T03:26:36.282Z INFO  worker::batch_maker] Batch eIN7kxKc0uOhcVjv+soHTAWBPwVPFyZCqxlBQchs7lA= contains sample tx 2030
[2026-04-19T03:26:36.282Z INFO  worker::batch_maker] Batch eIN7kxKc0uOhcVjv+soHTAWBPwVPFyZCqxlBQchs7lA= contains 204800 B
[2026-04-19T03:26:36.336Z INFO  worker::batch_maker] Batch ijHSmIsyQXU2NFr7E+FZZY6wWceoT3R9cqLyGArKzXQ= contains sample tx 2031
[2026-04-19T03:26:36.336Z INFO  worker::batch_maker] Batch ijHSmIsyQXU2NFr7E+FZZY6wWceoT3R9cqLyGArKzXQ= contains 204800 B
[2026-04-19T03:26:36.389Z INFO  worker::batch_maker] Batch BfGVZ1p27mMk7WSbeiSKDq9MOfcmlwgsVVeMJeUIl/4= contains sample tx 2032
[2026-04-19T03:26:36.389Z INFO  worker::batch_maker] Batch BfGVZ1p27mMk7WSbeiSKDq9MOfcmlwgsVVeMJeUIl/4= contains 204800 B
[2026-04-19T03:26:36.443Z INFO  worker::batch_maker] Batch wOA7IF73r2LtbOkmdPUbbKG114PzYfWg7gTge3os8ZM= contains sample tx 2033
[2026-04-19T03:26:36.443Z INFO  worker::batch_maker] Batch wOA7IF73r2LtbOkmdPUbbKG114PzYfWg7gTge3os8ZM= contains 204800 B
[2026-04-19T03:26:36.498Z INFO  worker::batch_maker] Batch 4OYyH4Uo7JIvrCnCpI3v/80dALYAIu8XZsEAEd9BLWQ= contains sample tx 2034
[2026-04-19T03:26:36.498Z INFO  worker::batch_maker] Batch 4OYyH4Uo7JIvrCnCpI3v/80dALYAIu8XZsEAEd9BLWQ= contains 204800 B
[2026-04-19T03:26:36.555Z INFO  worker::batch_maker] Batch 2U55BYUtkdmIdcER3+jciKJh7IER7Bw2jbNDAcTdJmE= contains sample tx 2035
[2026-04-19T03:26:36.556Z INFO  worker::batch_maker] Batch 2U55BYUtkdmIdcER3+jciKJh7IER7Bw2jbNDAcTdJmE= contains sample tx 2036
[2026-04-19T03:26:36.556Z INFO  worker::batch_maker] Batch 2U55BYUtkdmIdcER3+jciKJh7IER7Bw2jbNDAcTdJmE= contains 375296 B
[2026-04-19T03:26:36.610Z INFO  worker::batch_maker] Batch aSpaoYqnss84Az6oRBJtginei5DRafkk9cLaH40HNMM= contains sample tx 2037
[2026-04-19T03:26:36.610Z INFO  worker::batch_maker] Batch aSpaoYqnss84Az6oRBJtginei5DRafkk9cLaH40HNMM= contains 239104 B
[2026-04-19T03:26:36.665Z INFO  worker::batch_maker] Batch mu6rQISfUN2FcybSxB4h0C2DIYMbhNj1XzNVEiBoHDI= contains sample tx 2038
[2026-04-19T03:26:36.665Z INFO  worker::batch_maker] Batch mu6rQISfUN2FcybSxB4h0C2DIYMbhNj1XzNVEiBoHDI= contains 204800 B
[2026-04-19T03:26:36.719Z INFO  worker::batch_maker] Batch HsiWe58MmkFEDP13KtlHoR9nSsYtav+6WBI/jyCHW60= contains sample tx 2039
[2026-04-19T03:26:36.719Z INFO  worker::batch_maker] Batch HsiWe58MmkFEDP13KtlHoR9nSsYtav+6WBI/jyCHW60= contains 204800 B
[2026-04-19T03:26:36.773Z INFO  worker::batch_maker] Batch 6ZOn9mV6qNSs71vwXmCRxMN1hWNtNScjzL1T5CqBFvs= contains sample tx 2040
[2026-04-19T03:26:36.773Z INFO  worker::batch_maker] Batch 6ZOn9mV6qNSs71vwXmCRxMN1hWNtNScjzL1T5CqBFvs= contains 204800 B
[2026-04-19T03:26:36.826Z INFO  worker::batch_maker] Batch CNAf5uF4fTHYky90Z56Z7xjViIGJA3ylOsobRNKb7uE= contains sample tx 2041
[2026-04-19T03:26:36.826Z INFO  worker::batch_maker] Batch CNAf5uF4fTHYky90Z56Z7xjViIGJA3ylOsobRNKb7uE= contains 204800 B
[2026-04-19T03:26:36.880Z INFO  worker::batch_maker] Batch 8MqIDPIhaZvkbXUZaH6jiBDDwBm6CLfNE1EkuiWeI14= contains sample tx 2042
[2026-04-19T03:26:36.880Z INFO  worker::batch_maker] Batch 8MqIDPIhaZvkbXUZaH6jiBDDwBm6CLfNE1EkuiWeI14= contains 204800 B
[2026-04-19T03:26:36.933Z INFO  worker::batch_maker] Batch fkPmBbpR7PSrGgxlpSDIEYwkxiZZrv6MVlD4B4Dd8KY= contains sample tx 2043
[2026-04-19T03:26:36.933Z INFO  worker::batch_maker] Batch fkPmBbpR7PSrGgxlpSDIEYwkxiZZrv6MVlD4B4Dd8KY= contains 204800 B
[2026-04-19T03:26:36.988Z INFO  worker::batch_maker] Batch jLcIDRb5+Fd/afJgZoafI8cgiEW1VCWPDfmyZ28KCLA= contains sample tx 2044
[2026-04-19T03:26:36.988Z INFO  worker::batch_maker] Batch jLcIDRb5+Fd/afJgZoafI8cgiEW1VCWPDfmyZ28KCLA= contains 204800 B
[2026-04-19T03:26:37.043Z INFO  worker::batch_maker] Batch a/P40xNRsndOjPPT+ZKD2rzu4+1WOH9Qb5tKYsetE5s= contains sample tx 2045
[2026-04-19T03:26:37.043Z INFO  worker::batch_maker] Batch a/P40xNRsndOjPPT+ZKD2rzu4+1WOH9Qb5tKYsetE5s= contains 204800 B
[2026-04-19T03:26:37.097Z INFO  worker::batch_maker] Batch MPA6X5dQT1x12WD9ekzKDZkws5+2kVf05gqrCUPotPA= contains sample tx 2046
[2026-04-19T03:26:37.097Z INFO  worker::batch_maker] Batch MPA6X5dQT1x12WD9ekzKDZkws5+2kVf05gqrCUPotPA= contains 204800 B
[2026-04-19T03:26:37.150Z INFO  worker::batch_maker] Batch lurypCKsc6XH/MXJ0gT/NGdaQPyoC4KWzPz0e2Ms//I= contains sample tx 2047
[2026-04-19T03:26:37.150Z INFO  worker::batch_maker] Batch lurypCKsc6XH/MXJ0gT/NGdaQPyoC4KWzPz0e2Ms//I= contains 205824 B
[2026-04-19T03:26:37.205Z INFO  worker::batch_maker] Batch yiQjiha7XFWaN24vDHb67l5NXo+WPcS0oZOSeV5Ohy8= contains sample tx 2048
[2026-04-19T03:26:37.205Z INFO  worker::batch_maker] Batch yiQjiha7XFWaN24vDHb67l5NXo+WPcS0oZOSeV5Ohy8= contains sample tx 2049
[2026-04-19T03:26:37.205Z INFO  worker::batch_maker] Batch yiQjiha7XFWaN24vDHb67l5NXo+WPcS0oZOSeV5Ohy8= contains 385024 B
[2026-04-19T03:26:37.258Z INFO  worker::batch_maker] Batch 5gj0uBKEk3rJlVJVMfSbIaMRCmZbpaSpXLMTxkrj0GI= contains sample tx 2050
[2026-04-19T03:26:37.258Z INFO  worker::batch_maker] Batch 5gj0uBKEk3rJlVJVMfSbIaMRCmZbpaSpXLMTxkrj0GI= contains 228352 B
[2026-04-19T03:26:37.313Z INFO  worker::batch_maker] Batch HfB2Xup0Qu69utPvQUmlRbSpnSm65FUdjGiKjD5XH3o= contains sample tx 2051
[2026-04-19T03:26:37.313Z INFO  worker::batch_maker] Batch HfB2Xup0Qu69utPvQUmlRbSpnSm65FUdjGiKjD5XH3o= contains 204800 B
[2026-04-19T03:26:37.366Z INFO  worker::batch_maker] Batch I3HqHQV42eUhlKGreCTbyUm09VCfH6ZZWjgX6dv4u2U= contains sample tx 2052
[2026-04-19T03:26:37.367Z INFO  worker::batch_maker] Batch I3HqHQV42eUhlKGreCTbyUm09VCfH6ZZWjgX6dv4u2U= contains 204800 B
[2026-04-19T03:26:37.420Z INFO  worker::batch_maker] Batch 26SKq3/4yuWhhvypalep3Ki0m5C+T0pmdDVdkKx6sv0= contains sample tx 2053
[2026-04-19T03:26:37.420Z INFO  worker::batch_maker] Batch 26SKq3/4yuWhhvypalep3Ki0m5C+T0pmdDVdkKx6sv0= contains 204800 B
[2026-04-19T03:26:37.474Z INFO  worker::batch_maker] Batch TvlB6do/8yIz03yIHrl0guLDpRxIOW84VFSTdupn44U= contains sample tx 2054
[2026-04-19T03:26:37.474Z INFO  worker::batch_maker] Batch TvlB6do/8yIz03yIHrl0guLDpRxIOW84VFSTdupn44U= contains 204800 B
[2026-04-19T03:26:37.526Z INFO  worker::batch_maker] Batch ZW1pDlwfrTGrCBTkNp1SilOa6RGRsQ2VLayDKBA3+0Q= contains sample tx 2055
[2026-04-19T03:26:37.526Z INFO  worker::batch_maker] Batch ZW1pDlwfrTGrCBTkNp1SilOa6RGRsQ2VLayDKBA3+0Q= contains 204800 B
[2026-04-19T03:26:37.580Z INFO  worker::batch_maker] Batch 4L6/AOSDrjIK5tAg5pdOBhVTD/T+Hsy5POOHptO0BMM= contains sample tx 2056
[2026-04-19T03:26:37.580Z INFO  worker::batch_maker] Batch 4L6/AOSDrjIK5tAg5pdOBhVTD/T+Hsy5POOHptO0BMM= contains 204800 B
[2026-04-19T03:26:37.633Z INFO  worker::batch_maker] Batch d3Ms9Z2CgNi1VcpCTRRbJr7pNJPJQkYgLAohC21/Tts= contains sample tx 2057
[2026-04-19T03:26:37.633Z INFO  worker::batch_maker] Batch d3Ms9Z2CgNi1VcpCTRRbJr7pNJPJQkYgLAohC21/Tts= contains 204800 B
[2026-04-19T03:26:37.687Z INFO  worker::batch_maker] Batch Lyw52P2bHs0ZQIofXh84H+Qhz3UtYhDGAVanSozGUA8= contains sample tx 2058
[2026-04-19T03:26:37.687Z INFO  worker::batch_maker] Batch Lyw52P2bHs0ZQIofXh84H+Qhz3UtYhDGAVanSozGUA8= contains 204800 B
[2026-04-19T03:26:37.740Z INFO  worker::batch_maker] Batch KGInK15PZ0O1/juKP096I/+DKEkm/raV0MWN5OnfquY= contains sample tx 2059
[2026-04-19T03:26:37.740Z INFO  worker::batch_maker] Batch KGInK15PZ0O1/juKP096I/+DKEkm/raV0MWN5OnfquY= contains 204800 B
[2026-04-19T03:26:37.795Z INFO  worker::batch_maker] Batch grSz6Jt9E5HeeBZZzaLH6UvX8ALwhTKXdNTlKJxNKUw= contains sample tx 2060
[2026-04-19T03:26:37.795Z INFO  worker::batch_maker] Batch grSz6Jt9E5HeeBZZzaLH6UvX8ALwhTKXdNTlKJxNKUw= contains 204800 B
[2026-04-19T03:26:37.848Z INFO  worker::batch_maker] Batch AJXJecLca2hYuuz9lMsozJ+q/6jwh/qT7Y3WRRif8bE= contains sample tx 2061
[2026-04-19T03:26:37.848Z INFO  worker::batch_maker] Batch AJXJecLca2hYuuz9lMsozJ+q/6jwh/qT7Y3WRRif8bE= contains 204800 B
[2026-04-19T03:26:37.902Z INFO  worker::batch_maker] Batch eA7CtTAveTv+bPnFp9nvZQSKuESAh2O8qlkHiuImgpU= contains sample tx 2062
[2026-04-19T03:26:37.902Z INFO  worker::batch_maker] Batch eA7CtTAveTv+bPnFp9nvZQSKuESAh2O8qlkHiuImgpU= contains sample tx 2063
[2026-04-19T03:26:37.902Z INFO  worker::batch_maker] Batch eA7CtTAveTv+bPnFp9nvZQSKuESAh2O8qlkHiuImgpU= contains 307712 B
[2026-04-19T03:26:37.957Z INFO  worker::batch_maker] Batch qSas7ahRERqsUhNrc98QDuoKCDTuHl0zNWM3Rvf1jvQ= contains sample tx 2064
[2026-04-19T03:26:37.957Z INFO  worker::batch_maker] Batch qSas7ahRERqsUhNrc98QDuoKCDTuHl0zNWM3Rvf1jvQ= contains 306688 B
[2026-04-19T03:26:38.013Z INFO  worker::batch_maker] Batch S7pxpUbDFysGl9oWAdT8COlfnwgElVXMHA5cYWi2gxA= contains sample tx 2065
[2026-04-19T03:26:38.013Z INFO  worker::batch_maker] Batch S7pxpUbDFysGl9oWAdT8COlfnwgElVXMHA5cYWi2gxA= contains 204800 B
[2026-04-19T03:26:38.066Z INFO  worker::batch_maker] Batch qiKNtmmk7tLImPD+dFoyMddsT2eMgjszOgbVxjW7MJQ= contains sample tx 2066
[2026-04-19T03:26:38.066Z INFO  worker::batch_maker] Batch qiKNtmmk7tLImPD+dFoyMddsT2eMgjszOgbVxjW7MJQ= contains 204800 B
[2026-04-19T03:26:38.119Z INFO  worker::batch_maker] Batch v0AaNSUiV0iB+WMWVCLT8CZl1NLCu4ZdmUaHZhYot1E= contains sample tx 2067
[2026-04-19T03:26:38.119Z INFO  worker::batch_maker] Batch v0AaNSUiV0iB+WMWVCLT8CZl1NLCu4ZdmUaHZhYot1E= contains 204800 B
[2026-04-19T03:26:38.173Z INFO  worker::batch_maker] Batch 3j4z6tlqCGSUeZ3BuMEy0TVgaHzCxGEkOaJUssWSIVA= contains sample tx 2068
[2026-04-19T03:26:38.173Z INFO  worker::batch_maker] Batch 3j4z6tlqCGSUeZ3BuMEy0TVgaHzCxGEkOaJUssWSIVA= contains 204800 B
[2026-04-19T03:26:38.225Z INFO  worker::batch_maker] Batch 4RQL7qzyA8xV14BWnEenNf2IgzmXfFWP6tKxxADkmW4= contains sample tx 2069
[2026-04-19T03:26:38.225Z INFO  worker::batch_maker] Batch 4RQL7qzyA8xV14BWnEenNf2IgzmXfFWP6tKxxADkmW4= contains 204800 B
[2026-04-19T03:26:38.280Z INFO  worker::batch_maker] Batch Wzjsj5QLzVdSuFlVsRzzvo0J126+8JBYU1WAJmtlUjo= contains sample tx 2070
[2026-04-19T03:26:38.280Z INFO  worker::batch_maker] Batch Wzjsj5QLzVdSuFlVsRzzvo0J126+8JBYU1WAJmtlUjo= contains 204800 B
[2026-04-19T03:26:38.333Z INFO  worker::batch_maker] Batch HZGlD3wIbgrbN31ygdvcETPNVXCh+oIc7bT2fMKMoFI= contains sample tx 2071
[2026-04-19T03:26:38.333Z INFO  worker::batch_maker] Batch HZGlD3wIbgrbN31ygdvcETPNVXCh+oIc7bT2fMKMoFI= contains 204800 B
[2026-04-19T03:26:38.386Z INFO  worker::batch_maker] Batch tP0ayMhAwfWAtm0vz4tJq1/7sgBEi631RS2hYoYev5Y= contains sample tx 2072
[2026-04-19T03:26:38.386Z INFO  worker::batch_maker] Batch tP0ayMhAwfWAtm0vz4tJq1/7sgBEi631RS2hYoYev5Y= contains 204800 B
[2026-04-19T03:26:38.438Z INFO  worker::batch_maker] Batch CXemo50gH8Arx2a8DszjWp41RhA1grg0ItdeuzDQCyw= contains sample tx 2073
[2026-04-19T03:26:38.438Z INFO  worker::batch_maker] Batch CXemo50gH8Arx2a8DszjWp41RhA1grg0ItdeuzDQCyw= contains 204800 B
[2026-04-19T03:26:38.492Z INFO  worker::batch_maker] Batch 05gzAxD0yGqQR03rJcqs9T6GSk0YVLnqHKF3nF3EBb4= contains sample tx 2074
[2026-04-19T03:26:38.492Z INFO  worker::batch_maker] Batch 05gzAxD0yGqQR03rJcqs9T6GSk0YVLnqHKF3nF3EBb4= contains 204800 B
[2026-04-19T03:26:38.546Z INFO  worker::batch_maker] Batch TJY03wIBsHjTifqf1T07kmZRz0tvpEuqbTjGx3gp8MQ= contains sample tx 2075
[2026-04-19T03:26:38.546Z INFO  worker::batch_maker] Batch TJY03wIBsHjTifqf1T07kmZRz0tvpEuqbTjGx3gp8MQ= contains 204800 B
[2026-04-19T03:26:38.600Z INFO  worker::batch_maker] Batch IO0A2M6T6GdphCWToVcfuoR5Etv4oTtMvCIp/R25DPo= contains sample tx 2076
[2026-04-19T03:26:38.600Z INFO  worker::batch_maker] Batch IO0A2M6T6GdphCWToVcfuoR5Etv4oTtMvCIp/R25DPo= contains 210432 B
[2026-04-19T03:26:38.653Z INFO  worker::batch_maker] Batch hDwh7cIe8DZMGhT7mjVB3l+/RsscVUj6tybnf+aRUMk= contains sample tx 2077
[2026-04-19T03:26:38.653Z INFO  worker::batch_maker] Batch hDwh7cIe8DZMGhT7mjVB3l+/RsscVUj6tybnf+aRUMk= contains sample tx 2078
[2026-04-19T03:26:38.653Z INFO  worker::batch_maker] Batch hDwh7cIe8DZMGhT7mjVB3l+/RsscVUj6tybnf+aRUMk= contains 239616 B
[2026-04-19T03:26:38.709Z INFO  worker::batch_maker] Batch xUIGaJcGkhuGYX/Mn1QH9Lf5cYVq2+btwerTaMqWKuE= contains sample tx 2079
[2026-04-19T03:26:38.709Z INFO  worker::batch_maker] Batch xUIGaJcGkhuGYX/Mn1QH9Lf5cYVq2+btwerTaMqWKuE= contains 369152 B
[2026-04-19T03:26:38.763Z INFO  worker::batch_maker] Batch 4iuURxkRWmUjNfVRkd3IslvC1E7Vr+D1GPzqKv/iTBw= contains sample tx 2080
[2026-04-19T03:26:38.763Z INFO  worker::batch_maker] Batch 4iuURxkRWmUjNfVRkd3IslvC1E7Vr+D1GPzqKv/iTBw= contains 204800 B
[2026-04-19T03:26:38.817Z INFO  worker::batch_maker] Batch L6ZR+2NLEhDLbdAsvD1d0LhXotpPjy++rLRS+RK4CEw= contains sample tx 2081
[2026-04-19T03:26:38.817Z INFO  worker::batch_maker] Batch L6ZR+2NLEhDLbdAsvD1d0LhXotpPjy++rLRS+RK4CEw= contains 204800 B
[2026-04-19T03:26:38.870Z INFO  worker::batch_maker] Batch TfhQaE2aCrHLd5BzyGMrB7m5AfhCapxcj7OrovL++Wg= contains sample tx 2082
[2026-04-19T03:26:38.870Z INFO  worker::batch_maker] Batch TfhQaE2aCrHLd5BzyGMrB7m5AfhCapxcj7OrovL++Wg= contains 204800 B
[2026-04-19T03:26:38.923Z INFO  worker::batch_maker] Batch enBGme9FpHQBy2HkS42/rw6dYkZ70VXJCLWTI/A7gyc= contains sample tx 2083
[2026-04-19T03:26:38.923Z INFO  worker::batch_maker] Batch enBGme9FpHQBy2HkS42/rw6dYkZ70VXJCLWTI/A7gyc= contains 204800 B
[2026-04-19T03:26:38.976Z INFO  worker::batch_maker] Batch yOpuaMyq0Bspd+jHwxk8xoCryCrl8K9ZXp1AOfj1u+Y= contains sample tx 2084
[2026-04-19T03:26:38.976Z INFO  worker::batch_maker] Batch yOpuaMyq0Bspd+jHwxk8xoCryCrl8K9ZXp1AOfj1u+Y= contains 204800 B
[2026-04-19T03:26:39.030Z INFO  worker::batch_maker] Batch 8qWNxYdaR7yljFmNd6Nr+e8qp6FbDSW948RN296AUuk= contains sample tx 2085
[2026-04-19T03:26:39.030Z INFO  worker::batch_maker] Batch 8qWNxYdaR7yljFmNd6Nr+e8qp6FbDSW948RN296AUuk= contains 204800 B
[2026-04-19T03:26:39.084Z INFO  worker::batch_maker] Batch 9/N6K0zFsQvAmC8PjU3HV+8L9BXRtMnjz4F8Dw0DUnA= contains sample tx 2086
[2026-04-19T03:26:39.084Z INFO  worker::batch_maker] Batch 9/N6K0zFsQvAmC8PjU3HV+8L9BXRtMnjz4F8Dw0DUnA= contains 204800 B
[2026-04-19T03:26:39.137Z INFO  worker::batch_maker] Batch 674IoxNSWsz8XrkeE6CVRZPYZhk14Yie4yt5HV2ulHA= contains sample tx 2087
[2026-04-19T03:26:39.137Z INFO  worker::batch_maker] Batch 674IoxNSWsz8XrkeE6CVRZPYZhk14Yie4yt5HV2ulHA= contains 204800 B
[2026-04-19T03:26:39.191Z INFO  worker::batch_maker] Batch AGxRcRBAoeSOD6nIeuCb+5i8mXkbfcivjeQY4ZE2NGM= contains sample tx 2088
[2026-04-19T03:26:39.191Z INFO  worker::batch_maker] Batch AGxRcRBAoeSOD6nIeuCb+5i8mXkbfcivjeQY4ZE2NGM= contains 204800 B
[2026-04-19T03:26:39.243Z INFO  worker::batch_maker] Batch CVSyp0zg5QwYol0PISCoQKXBcVlb2SA8Z4NaDiux/zU= contains sample tx 2089
[2026-04-19T03:26:39.243Z INFO  worker::batch_maker] Batch CVSyp0zg5QwYol0PISCoQKXBcVlb2SA8Z4NaDiux/zU= contains 204800 B
[2026-04-19T03:26:39.299Z INFO  worker::batch_maker] Batch jWr9FChnrajR5CRRjCCqTyx8f2ZcUCize2QlCHMN5vM= contains sample tx 2090
[2026-04-19T03:26:39.299Z INFO  worker::batch_maker] Batch jWr9FChnrajR5CRRjCCqTyx8f2ZcUCize2QlCHMN5vM= contains 204800 B
[2026-04-19T03:26:39.354Z INFO  worker::batch_maker] Batch K9icYPdwKL42xPZImLiToWgmCfSKoYv4EMzPziY8hsI= contains sample tx 2091
[2026-04-19T03:26:39.354Z INFO  worker::batch_maker] Batch K9icYPdwKL42xPZImLiToWgmCfSKoYv4EMzPziY8hsI= contains sample tx 2092
[2026-04-19T03:26:39.354Z INFO  worker::batch_maker] Batch K9icYPdwKL42xPZImLiToWgmCfSKoYv4EMzPziY8hsI= contains 296960 B
[2026-04-19T03:26:39.408Z INFO  worker::batch_maker] Batch RteHLKsy2YeT3LBo3sS/4HJbN+uH40dOazaG/vV3D0w= contains sample tx 2093
[2026-04-19T03:26:39.408Z INFO  worker::batch_maker] Batch RteHLKsy2YeT3LBo3sS/4HJbN+uH40dOazaG/vV3D0w= contains 317440 B
[2026-04-19T03:26:39.462Z INFO  worker::batch_maker] Batch +u914+GR6TR8RTbVxfNi6bpLUcU6ZnaFyy3+/z0DAWU= contains sample tx 2094
[2026-04-19T03:26:39.462Z INFO  worker::batch_maker] Batch +u914+GR6TR8RTbVxfNi6bpLUcU6ZnaFyy3+/z0DAWU= contains 204800 B
[2026-04-19T03:26:39.513Z INFO  worker::batch_maker] Batch Oo5LUPRYcYw9o3D1A2qrxeYNENNqHJjYfH30u/NTjjE= contains sample tx 2095
[2026-04-19T03:26:39.513Z INFO  worker::batch_maker] Batch Oo5LUPRYcYw9o3D1A2qrxeYNENNqHJjYfH30u/NTjjE= contains 204800 B
[2026-04-19T03:26:39.567Z INFO  worker::batch_maker] Batch TJasaw+WKcubhA0oOI7V22261YQZtH2vEMIQ9HKmRjc= contains sample tx 2096
[2026-04-19T03:26:39.567Z INFO  worker::batch_maker] Batch TJasaw+WKcubhA0oOI7V22261YQZtH2vEMIQ9HKmRjc= contains 204800 B
[2026-04-19T03:26:39.622Z INFO  worker::batch_maker] Batch vYRVbsdQR/AhZPYC15Hd1dIsmwQ2+NbRYzlMjXVDygM= contains sample tx 2097
[2026-04-19T03:26:39.623Z INFO  worker::batch_maker] Batch vYRVbsdQR/AhZPYC15Hd1dIsmwQ2+NbRYzlMjXVDygM= contains 204800 B
[2026-04-19T03:26:39.676Z INFO  worker::batch_maker] Batch o49nVzuzzxMeFy/AMJcTdlauCXHXTtXWMOBzA4M/im0= contains sample tx 2098
[2026-04-19T03:26:39.676Z INFO  worker::batch_maker] Batch o49nVzuzzxMeFy/AMJcTdlauCXHXTtXWMOBzA4M/im0= contains 204800 B
[2026-04-19T03:26:39.729Z INFO  worker::batch_maker] Batch G2ddfK8hm15cD4exbsaNO4TngcJgUj9dcgbbC5Fmrto= contains sample tx 2099
[2026-04-19T03:26:39.729Z INFO  worker::batch_maker] Batch G2ddfK8hm15cD4exbsaNO4TngcJgUj9dcgbbC5Fmrto= contains 204800 B
[2026-04-19T03:26:39.782Z INFO  worker::batch_maker] Batch UFEL0MYpv/AsuOXzs/wvo+6SKtmNA4z7Hgwt5paJ6xw= contains sample tx 2100
[2026-04-19T03:26:39.782Z INFO  worker::batch_maker] Batch UFEL0MYpv/AsuOXzs/wvo+6SKtmNA4z7Hgwt5paJ6xw= contains 204800 B
[2026-04-19T03:26:39.837Z INFO  worker::batch_maker] Batch dyZHGeedflLA4V4Q7F2c9JZCbxbfshFV3ELChhmx2RM= contains sample tx 2101
[2026-04-19T03:26:39.837Z INFO  worker::batch_maker] Batch dyZHGeedflLA4V4Q7F2c9JZCbxbfshFV3ELChhmx2RM= contains 204800 B
[2026-04-19T03:26:39.890Z INFO  worker::batch_maker] Batch gv/vDB0F8SemH45KBuR+oJrUObSz8w5foS2wx8yfv+g= contains sample tx 2102
[2026-04-19T03:26:39.890Z INFO  worker::batch_maker] Batch gv/vDB0F8SemH45KBuR+oJrUObSz8w5foS2wx8yfv+g= contains 204800 B
[2026-04-19T03:26:39.944Z INFO  worker::batch_maker] Batch 1L3VHgurYmeirhCCmdFRtzltCrKJexTdinpfLZLJqSo= contains sample tx 2103
[2026-04-19T03:26:39.944Z INFO  worker::batch_maker] Batch 1L3VHgurYmeirhCCmdFRtzltCrKJexTdinpfLZLJqSo= contains 204800 B
[2026-04-19T03:26:39.997Z INFO  worker::batch_maker] Batch tVPqwpNbCXD3SeW0frcQQ5vum/041RGhwWLie82UL+0= contains sample tx 2104
[2026-04-19T03:26:39.997Z INFO  worker::batch_maker] Batch tVPqwpNbCXD3SeW0frcQQ5vum/041RGhwWLie82UL+0= contains 204800 B
[2026-04-19T03:26:40.050Z INFO  worker::batch_maker] Batch GCKN9Tc/6ow8giL0DTNOQ32ZgNFr5sB9RIFIztHPdLU= contains sample tx 2105
[2026-04-19T03:26:40.050Z INFO  worker::batch_maker] Batch GCKN9Tc/6ow8giL0DTNOQ32ZgNFr5sB9RIFIztHPdLU= contains 239616 B
[2026-04-19T03:26:40.105Z INFO  worker::batch_maker] Batch /IghH/buAZouMfL90Xip5JNTKrxYQf7j3CGNIJXsLpM= contains sample tx 2106
[2026-04-19T03:26:40.105Z INFO  worker::batch_maker] Batch /IghH/buAZouMfL90Xip5JNTKrxYQf7j3CGNIJXsLpM= contains sample tx 2107
[2026-04-19T03:26:40.105Z INFO  worker::batch_maker] Batch /IghH/buAZouMfL90Xip5JNTKrxYQf7j3CGNIJXsLpM= contains 330240 B
[2026-04-19T03:26:40.161Z INFO  worker::batch_maker] Batch zOj/jEe1NQnj7xaR6esHGPNIhQOjOswrWgYvMU3oA5U= contains sample tx 2108
[2026-04-19T03:26:40.169Z INFO  worker::batch_maker] Batch zOj/jEe1NQnj7xaR6esHGPNIhQOjOswrWgYvMU3oA5U= contains 249344 B
[2026-04-19T03:26:40.223Z INFO  worker::batch_maker] Batch EC72gOJntspagy2cDqY9QiY7RkolxXMIQgc4Ep3wIpM= contains sample tx 2109
[2026-04-19T03:26:40.223Z INFO  worker::batch_maker] Batch EC72gOJntspagy2cDqY9QiY7RkolxXMIQgc4Ep3wIpM= contains 204800 B
[2026-04-19T03:26:40.277Z INFO  worker::batch_maker] Batch HdpoJ80ZfiSNvgKIo0MBOL908xgjKqNKXJczBdMV4Tw= contains sample tx 2110
[2026-04-19T03:26:40.277Z INFO  worker::batch_maker] Batch HdpoJ80ZfiSNvgKIo0MBOL908xgjKqNKXJczBdMV4Tw= contains 204800 B
[2026-04-19T03:26:40.328Z INFO  worker::batch_maker] Batch oHywcMLxnfilgg+UE0xd9Iba6pIDtRcZtooovpm1KMU= contains sample tx 2111
[2026-04-19T03:26:40.328Z INFO  worker::batch_maker] Batch oHywcMLxnfilgg+UE0xd9Iba6pIDtRcZtooovpm1KMU= contains 204800 B
[2026-04-19T03:26:40.382Z INFO  worker::batch_maker] Batch OyPzZT417yU2C+LnYOLQfX3zB5EpPMgnpuVtul9qyUw= contains sample tx 2112
[2026-04-19T03:26:40.382Z INFO  worker::batch_maker] Batch OyPzZT417yU2C+LnYOLQfX3zB5EpPMgnpuVtul9qyUw= contains 204800 B
[2026-04-19T03:26:40.435Z INFO  worker::batch_maker] Batch RuFuqtv1e7VBmViPRsVzD3cLzfo9KwAm7z8DoXhuofc= contains sample tx 2113
[2026-04-19T03:26:40.435Z INFO  worker::batch_maker] Batch RuFuqtv1e7VBmViPRsVzD3cLzfo9KwAm7z8DoXhuofc= contains 204800 B
[2026-04-19T03:26:40.486Z INFO  worker::batch_maker] Batch WC18dJLVuEY2vlZ26fyTUYz37j20XzqP12J4l4bjSAQ= contains sample tx 2114
[2026-04-19T03:26:40.486Z INFO  worker::batch_maker] Batch WC18dJLVuEY2vlZ26fyTUYz37j20XzqP12J4l4bjSAQ= contains 204800 B
[2026-04-19T03:26:40.539Z INFO  worker::batch_maker] Batch gQZ3QCQUSSQmNTyF574LtBQSPDnhqLNHzqCxojIM1Ek= contains sample tx 2115
[2026-04-19T03:26:40.539Z INFO  worker::batch_maker] Batch gQZ3QCQUSSQmNTyF574LtBQSPDnhqLNHzqCxojIM1Ek= contains 204800 B
[2026-04-19T03:26:40.592Z INFO  worker::batch_maker] Batch EoDfsaRmVYnPuRsQPX9KaBzm0MmMEcSzYezGE27ss6g= contains sample tx 2116
[2026-04-19T03:26:40.592Z INFO  worker::batch_maker] Batch EoDfsaRmVYnPuRsQPX9KaBzm0MmMEcSzYezGE27ss6g= contains 204800 B
[2026-04-19T03:26:40.646Z INFO  worker::batch_maker] Batch GkHVt5Ft00tzQyjtOZ+PInXaGec7fNvoi1EGHf8mKdA= contains sample tx 2117
[2026-04-19T03:26:40.646Z INFO  worker::batch_maker] Batch GkHVt5Ft00tzQyjtOZ+PInXaGec7fNvoi1EGHf8mKdA= contains 204800 B
[2026-04-19T03:26:40.698Z INFO  worker::batch_maker] Batch JOc7a9W4Cvd5mcG5H0dNyPy6yE37uh96HM1rnyiRjuE= contains sample tx 2118
[2026-04-19T03:26:40.698Z INFO  worker::batch_maker] Batch JOc7a9W4Cvd5mcG5H0dNyPy6yE37uh96HM1rnyiRjuE= contains 204800 B
[2026-04-19T03:26:40.750Z INFO  worker::batch_maker] Batch Cn30qCVaI01GNPM1UgDNGqM3kdRf+n278eSZ3I/Puxs= contains sample tx 2119
[2026-04-19T03:26:40.750Z INFO  worker::batch_maker] Batch Cn30qCVaI01GNPM1UgDNGqM3kdRf+n278eSZ3I/Puxs= contains sample tx 2120
[2026-04-19T03:26:40.750Z INFO  worker::batch_maker] Batch Cn30qCVaI01GNPM1UgDNGqM3kdRf+n278eSZ3I/Puxs= contains 334848 B
[2026-04-19T03:26:40.805Z INFO  worker::batch_maker] Batch Yeo/GS+tXJKyADGUG7P0LkqdpZRs1sBty7x3qJZ9F6Q= contains sample tx 2121
[2026-04-19T03:26:40.805Z INFO  worker::batch_maker] Batch Yeo/GS+tXJKyADGUG7P0LkqdpZRs1sBty7x3qJZ9F6Q= contains 279552 B
[2026-04-19T03:26:40.858Z INFO  worker::batch_maker] Batch i14B7a3w0/9qUP01MW3JExyRya+y7G2lJrhR/dOospg= contains sample tx 2122
[2026-04-19T03:26:40.858Z INFO  worker::batch_maker] Batch i14B7a3w0/9qUP01MW3JExyRya+y7G2lJrhR/dOospg= contains 204800 B
[2026-04-19T03:26:40.912Z INFO  worker::batch_maker] Batch mmnx330a0QKTLt6YsoiP916mTvdswLsIxp+d2HODPR8= contains sample tx 2123
[2026-04-19T03:26:40.912Z INFO  worker::batch_maker] Batch mmnx330a0QKTLt6YsoiP916mTvdswLsIxp+d2HODPR8= contains 204800 B
[2026-04-19T03:26:40.967Z INFO  worker::batch_maker] Batch 1i0FtIfB3tEn0spumi5CShjVj2zs/NYZZwYOvqlvaK8= contains sample tx 2124
[2026-04-19T03:26:40.967Z INFO  worker::batch_maker] Batch 1i0FtIfB3tEn0spumi5CShjVj2zs/NYZZwYOvqlvaK8= contains 204800 B
[2026-04-19T03:26:41.022Z INFO  worker::batch_maker] Batch EpMe7752EkE2ma0zbWl84cGlcRZ8mPfmpgqYGLe3+Ac= contains sample tx 2125
[2026-04-19T03:26:41.022Z INFO  worker::batch_maker] Batch EpMe7752EkE2ma0zbWl84cGlcRZ8mPfmpgqYGLe3+Ac= contains 204800 B
[2026-04-19T03:26:41.075Z INFO  worker::batch_maker] Batch 0b8ZPUSMIWL++2tlLSE8W5jQgXNf3XXwQvAoyukSUNU= contains sample tx 2126
[2026-04-19T03:26:41.075Z INFO  worker::batch_maker] Batch 0b8ZPUSMIWL++2tlLSE8W5jQgXNf3XXwQvAoyukSUNU= contains 204800 B
[2026-04-19T03:26:41.130Z INFO  worker::batch_maker] Batch qpC4d2fbSlHHB6HVVtgJg08PyTX7Yjj6J2iJeCcKyjY= contains sample tx 2127
[2026-04-19T03:26:41.130Z INFO  worker::batch_maker] Batch qpC4d2fbSlHHB6HVVtgJg08PyTX7Yjj6J2iJeCcKyjY= contains 204800 B
[2026-04-19T03:26:41.183Z INFO  worker::batch_maker] Batch eBbZEGMJPr/kLQH2pCcw+QvmJbjhCi6XoB0Dzw97nm0= contains sample tx 2128
[2026-04-19T03:26:41.183Z INFO  worker::batch_maker] Batch eBbZEGMJPr/kLQH2pCcw+QvmJbjhCi6XoB0Dzw97nm0= contains 204800 B
[2026-04-19T03:26:41.237Z INFO  worker::batch_maker] Batch OQyo2sB6Hfj/x+Myzw4nTESB5lY12Ydir9GUBzLmbU4= contains sample tx 2129
[2026-04-19T03:26:41.237Z INFO  worker::batch_maker] Batch OQyo2sB6Hfj/x+Myzw4nTESB5lY12Ydir9GUBzLmbU4= contains 204800 B
[2026-04-19T03:26:41.290Z INFO  worker::batch_maker] Batch OromF7yQUq1J6m3hLOgRJ1LRrMVhV+bSdlBTciXjDZU= contains sample tx 2130
[2026-04-19T03:26:41.290Z INFO  worker::batch_maker] Batch OromF7yQUq1J6m3hLOgRJ1LRrMVhV+bSdlBTciXjDZU= contains 204800 B
[2026-04-19T03:26:41.343Z INFO  worker::batch_maker] Batch FfBS1fQ//bO1k3nVojuncoEk4QAngoOgKhTE5TtUQUg= contains sample tx 2131
[2026-04-19T03:26:41.343Z INFO  worker::batch_maker] Batch FfBS1fQ//bO1k3nVojuncoEk4QAngoOgKhTE5TtUQUg= contains 204800 B
[2026-04-19T03:26:41.397Z INFO  worker::batch_maker] Batch ofX4CIMAcj/h2SdxVZmEFGx7pRor2z3auJvGKDoim+A= contains sample tx 2132
[2026-04-19T03:26:41.397Z INFO  worker::batch_maker] Batch ofX4CIMAcj/h2SdxVZmEFGx7pRor2z3auJvGKDoim+A= contains 204800 B
[2026-04-19T03:26:41.452Z INFO  worker::batch_maker] Batch HGt+gC7w9Lle64iIi+8xzjJWyzf8TKC5y9PDjJ68uyo= contains sample tx 2133
[2026-04-19T03:26:41.452Z INFO  worker::batch_maker] Batch HGt+gC7w9Lle64iIi+8xzjJWyzf8TKC5y9PDjJ68uyo= contains sample tx 2134
[2026-04-19T03:26:41.452Z INFO  worker::batch_maker] Batch HGt+gC7w9Lle64iIi+8xzjJWyzf8TKC5y9PDjJ68uyo= contains 335360 B
[2026-04-19T03:26:41.507Z INFO  worker::batch_maker] Batch bDKljYhvJi8PvZm05uNTkunhTD3W1Yh5viUX2pn+Pv8= contains sample tx 2135
[2026-04-19T03:26:41.507Z INFO  worker::batch_maker] Batch bDKljYhvJi8PvZm05uNTkunhTD3W1Yh5viUX2pn+Pv8= contains 279040 B
[2026-04-19T03:26:41.560Z INFO  worker::batch_maker] Batch DQDB9Q6VFyqoWqzURdiPRIbOqbAHDQoocryLOtdLo6c= contains sample tx 2136
[2026-04-19T03:26:41.561Z INFO  worker::batch_maker] Batch DQDB9Q6VFyqoWqzURdiPRIbOqbAHDQoocryLOtdLo6c= contains 204800 B
[2026-04-19T03:26:41.614Z INFO  worker::batch_maker] Batch QqvcrpAR52IUbP7vl9hRjCiH4gpxjaC6OFyb+oq933c= contains sample tx 2137
[2026-04-19T03:26:41.614Z INFO  worker::batch_maker] Batch QqvcrpAR52IUbP7vl9hRjCiH4gpxjaC6OFyb+oq933c= contains 204800 B
[2026-04-19T03:26:41.667Z INFO  worker::batch_maker] Batch qBUsLIQZZo8gOGTXrI1PLJokIyHP5mFgUSvkg0IYvXo= contains 70656 B
[2026-04-19T03:26:41.750Z INFO  worker::batch_maker] Batch 9G45uHkSGBAFZA3Lc3bsYtwHMi30/Ylqx0gISuIXn/g= contains sample tx 2138
[2026-04-19T03:26:41.750Z INFO  worker::batch_maker] Batch 9G45uHkSGBAFZA3Lc3bsYtwHMi30/Ylqx0gISuIXn/g= contains sample tx 2139
[2026-04-19T03:26:41.750Z INFO  worker::batch_maker] Batch 9G45uHkSGBAFZA3Lc3bsYtwHMi30/Ylqx0gISuIXn/g= contains 338944 B
[2026-04-19T03:26:41.806Z INFO  worker::batch_maker] Batch ppBmK8DCpAcH9CntmwL14Wcn8QuwAzp3MFslwE6AJmA= contains sample tx 2140
[2026-04-19T03:26:41.806Z INFO  worker::batch_maker] Batch ppBmK8DCpAcH9CntmwL14Wcn8QuwAzp3MFslwE6AJmA= contains sample tx 2141
[2026-04-19T03:26:41.806Z INFO  worker::batch_maker] Batch ppBmK8DCpAcH9CntmwL14Wcn8QuwAzp3MFslwE6AJmA= contains 409600 B
[2026-04-19T03:26:41.860Z INFO  worker::batch_maker] Batch MCq0m2dHSZGVG4ok31LbV8f2uE/gxKpn15mJ5ZsO1/A= contains sample tx 2142
[2026-04-19T03:26:41.861Z INFO  worker::batch_maker] Batch MCq0m2dHSZGVG4ok31LbV8f2uE/gxKpn15mJ5ZsO1/A= contains 204800 B
[2026-04-19T03:26:41.914Z INFO  worker::batch_maker] Batch CL2SVBqQpYatcIKor4csLg0uwPY0Q2P98EHg8lIVSG4= contains sample tx 2143
[2026-04-19T03:26:41.914Z INFO  worker::batch_maker] Batch CL2SVBqQpYatcIKor4csLg0uwPY0Q2P98EHg8lIVSG4= contains 204800 B
[2026-04-19T03:26:41.967Z INFO  worker::batch_maker] Batch 7/VXKbxa7VNRgL8Qscyq62EvKAMNPvzae3RdTTGbMSI= contains sample tx 2144
[2026-04-19T03:26:41.967Z INFO  worker::batch_maker] Batch 7/VXKbxa7VNRgL8Qscyq62EvKAMNPvzae3RdTTGbMSI= contains 204800 B
[2026-04-19T03:26:42.020Z INFO  worker::batch_maker] Batch mG0ZPYjy3VWVHMXqsY3Rx1FPbwS0cstqF5Nfh0YdGlg= contains sample tx 2145
[2026-04-19T03:26:42.020Z INFO  worker::batch_maker] Batch mG0ZPYjy3VWVHMXqsY3Rx1FPbwS0cstqF5Nfh0YdGlg= contains 204800 B
[2026-04-19T03:26:42.074Z INFO  worker::batch_maker] Batch ngD0XqsvZBHs1MH+Sp3ntJOwwqT7crEz1ssSjY4/oIk= contains sample tx 2146
[2026-04-19T03:26:42.074Z INFO  worker::batch_maker] Batch ngD0XqsvZBHs1MH+Sp3ntJOwwqT7crEz1ssSjY4/oIk= contains 204800 B
[2026-04-19T03:26:42.129Z INFO  worker::batch_maker] Batch AXSiK+hTUmUh8UPVpfVo3y/bhAv6CGibNN2v5ch3bjA= contains sample tx 2147
[2026-04-19T03:26:42.129Z INFO  worker::batch_maker] Batch AXSiK+hTUmUh8UPVpfVo3y/bhAv6CGibNN2v5ch3bjA= contains 204800 B
[2026-04-19T03:26:42.182Z INFO  worker::batch_maker] Batch F0lawyBv+6yKSXiQImZi2m53pp0lwjzB7dc03dXkmN8= contains sample tx 2148
[2026-04-19T03:26:42.182Z INFO  worker::batch_maker] Batch F0lawyBv+6yKSXiQImZi2m53pp0lwjzB7dc03dXkmN8= contains 204800 B
[2026-04-19T03:26:42.234Z INFO  worker::batch_maker] Batch 249pZijYol0vLD2LsyhIMzXTfmcsyrGQWBv8ceRu5do= contains sample tx 2149
[2026-04-19T03:26:42.234Z INFO  worker::batch_maker] Batch 249pZijYol0vLD2LsyhIMzXTfmcsyrGQWBv8ceRu5do= contains 204800 B
[2026-04-19T03:26:42.288Z INFO  worker::batch_maker] Batch NNkg/YDjSBRyBo4kc2YokNQE+4htBIgnIaT0ZQAkUs4= contains sample tx 2150
[2026-04-19T03:26:42.288Z INFO  worker::batch_maker] Batch NNkg/YDjSBRyBo4kc2YokNQE+4htBIgnIaT0ZQAkUs4= contains 204800 B
[2026-04-19T03:26:42.341Z INFO  worker::batch_maker] Batch N2W3WxGwOEQPKUkFgBR4aWamPj9fw5WCmQ78MMPRbow= contains sample tx 2151
[2026-04-19T03:26:42.342Z INFO  worker::batch_maker] Batch N2W3WxGwOEQPKUkFgBR4aWamPj9fw5WCmQ78MMPRbow= contains 204800 B
[2026-04-19T03:26:42.395Z INFO  worker::batch_maker] Batch 3JaWnUidSlujQr++2QNo5DpDhvNsgKWy7QDzirB+VwM= contains sample tx 2152
[2026-04-19T03:26:42.395Z INFO  worker::batch_maker] Batch 3JaWnUidSlujQr++2QNo5DpDhvNsgKWy7QDzirB+VwM= contains 204800 B
[2026-04-19T03:26:42.447Z INFO  worker::batch_maker] Batch xfRRkkTA/KcPnd5lAqGECDP08t5q8mptwCck/RDJTHY= contains sample tx 2153
[2026-04-19T03:26:42.447Z INFO  worker::batch_maker] Batch xfRRkkTA/KcPnd5lAqGECDP08t5q8mptwCck/RDJTHY= contains 204800 B
[2026-04-19T03:26:42.501Z INFO  worker::batch_maker] Batch UcwWfSNqcqta/TsjOcI3tR6vv7UKUV6EQhteXPYjwJo= contains sample tx 2154
[2026-04-19T03:26:42.501Z INFO  worker::batch_maker] Batch UcwWfSNqcqta/TsjOcI3tR6vv7UKUV6EQhteXPYjwJo= contains 228864 B
[2026-04-19T03:26:42.554Z INFO  worker::batch_maker] Batch EDFdQhCJGGzbBRvkXNVkJ1QhQiIneJZMmAuWpuQouhU= contains sample tx 2155
[2026-04-19T03:26:42.554Z INFO  worker::batch_maker] Batch EDFdQhCJGGzbBRvkXNVkJ1QhQiIneJZMmAuWpuQouhU= contains sample tx 2156
[2026-04-19T03:26:42.554Z INFO  worker::batch_maker] Batch EDFdQhCJGGzbBRvkXNVkJ1QhQiIneJZMmAuWpuQouhU= contains 385536 B
[2026-04-19T03:26:42.607Z INFO  worker::batch_maker] Batch ff4KVrxitImGX4++GwpL5ozJtgJO8Te0Oruxjkimsro= contains sample tx 2157
[2026-04-19T03:26:42.607Z INFO  worker::batch_maker] Batch ff4KVrxitImGX4++GwpL5ozJtgJO8Te0Oruxjkimsro= contains 194048 B
[2026-04-19T03:26:42.658Z INFO  worker::batch_maker] Batch Vq9/l/HcahBFpFjQuMIHhxRAUimHhnmdDXmlY5F4XJA= contains sample tx 2158
[2026-04-19T03:26:42.658Z INFO  worker::batch_maker] Batch Vq9/l/HcahBFpFjQuMIHhxRAUimHhnmdDXmlY5F4XJA= contains 215552 B
[2026-04-19T03:26:42.711Z INFO  worker::batch_maker] Batch GbxDBRpDAMIuwvIlNTqUGBZN1AR2c2XdiUt7LiboJ+E= contains sample tx 2159
[2026-04-19T03:26:42.711Z INFO  worker::batch_maker] Batch GbxDBRpDAMIuwvIlNTqUGBZN1AR2c2XdiUt7LiboJ+E= contains 204800 B
[2026-04-19T03:26:42.764Z INFO  worker::batch_maker] Batch zfjtbgeISJiMb0ECH1T9n0p00hhd/7FSJ/YReOyah7M= contains sample tx 2160
[2026-04-19T03:26:42.764Z INFO  worker::batch_maker] Batch zfjtbgeISJiMb0ECH1T9n0p00hhd/7FSJ/YReOyah7M= contains 204800 B
[2026-04-19T03:26:42.818Z INFO  worker::batch_maker] Batch i3cejCP/K+D+bCy92HAFvkiHSCJuFeh9WvroCsjnEPs= contains sample tx 2161
[2026-04-19T03:26:42.818Z INFO  worker::batch_maker] Batch i3cejCP/K+D+bCy92HAFvkiHSCJuFeh9WvroCsjnEPs= contains 204800 B
[2026-04-19T03:26:42.871Z INFO  worker::batch_maker] Batch /5tV3ZPgDNXrMZi0aXyovs5duNDnlZWHs3abzWR6b/Q= contains sample tx 2162
[2026-04-19T03:26:42.871Z INFO  worker::batch_maker] Batch /5tV3ZPgDNXrMZi0aXyovs5duNDnlZWHs3abzWR6b/Q= contains 204800 B
[2026-04-19T03:26:42.925Z INFO  worker::batch_maker] Batch IJd/wI/LZK0cyQOXEwJyZ/fN3hrwoCFZuN4+yrVjdxs= contains sample tx 2163
[2026-04-19T03:26:42.925Z INFO  worker::batch_maker] Batch IJd/wI/LZK0cyQOXEwJyZ/fN3hrwoCFZuN4+yrVjdxs= contains 204800 B
[2026-04-19T03:26:42.979Z INFO  worker::batch_maker] Batch 9DNy3yd7xo7V9U9IlE/tWqbdnB0vao5poKCAoY4ZtKc= contains sample tx 2164
[2026-04-19T03:26:42.980Z INFO  worker::batch_maker] Batch 9DNy3yd7xo7V9U9IlE/tWqbdnB0vao5poKCAoY4ZtKc= contains 204800 B
[2026-04-19T03:26:43.034Z INFO  worker::batch_maker] Batch 8dcsGAAJzQpiSFqMIqz+WUWaxezQKM98Wnt7NGryMRM= contains sample tx 2165
[2026-04-19T03:26:43.034Z INFO  worker::batch_maker] Batch 8dcsGAAJzQpiSFqMIqz+WUWaxezQKM98Wnt7NGryMRM= contains 204800 B
[2026-04-19T03:26:43.089Z INFO  worker::batch_maker] Batch vsBsmmKxK19wnz6lDehyPMPSg/yirB2gEVIuq/fkJkA= contains sample tx 2166
[2026-04-19T03:26:43.089Z INFO  worker::batch_maker] Batch vsBsmmKxK19wnz6lDehyPMPSg/yirB2gEVIuq/fkJkA= contains 204800 B
[2026-04-19T03:26:43.143Z INFO  worker::batch_maker] Batch zYXZBWVS6KPb2HQbU8ijhYDQogLDgWNz5xdxbjk21uM= contains sample tx 2167
[2026-04-19T03:26:43.144Z INFO  worker::batch_maker] Batch zYXZBWVS6KPb2HQbU8ijhYDQogLDgWNz5xdxbjk21uM= contains 204800 B
[2026-04-19T03:26:43.197Z INFO  worker::batch_maker] Batch hZKFaCmVEujSej/xiiO5HRN3o4WXja8p8KgehEPmKQ8= contains sample tx 2168
[2026-04-19T03:26:43.197Z INFO  worker::batch_maker] Batch hZKFaCmVEujSej/xiiO5HRN3o4WXja8p8KgehEPmKQ8= contains 204800 B
[2026-04-19T03:26:43.250Z INFO  worker::batch_maker] Batch 7e2UEPRtkXXPpcV1/I3ClB60r9t71/qgutCcsgWu3No= contains sample tx 2169
[2026-04-19T03:26:43.250Z INFO  worker::batch_maker] Batch 7e2UEPRtkXXPpcV1/I3ClB60r9t71/qgutCcsgWu3No= contains 252416 B
[2026-04-19T03:26:43.308Z INFO  worker::batch_maker] Batch XSeIFnij8r881MMWcQyvPJWu0b/tOM0yfFtTruJS1sA= contains sample tx 2170
[2026-04-19T03:26:43.308Z INFO  worker::batch_maker] Batch XSeIFnij8r881MMWcQyvPJWu0b/tOM0yfFtTruJS1sA= contains sample tx 2171
[2026-04-19T03:26:43.308Z INFO  worker::batch_maker] Batch XSeIFnij8r881MMWcQyvPJWu0b/tOM0yfFtTruJS1sA= contains 361984 B
[2026-04-19T03:26:43.362Z INFO  worker::batch_maker] Batch T9uM2OYH1kwsTkgoCWJ1/SV1+ikfUrPkNPj2N5jH/3s= contains sample tx 2172
[2026-04-19T03:26:43.362Z INFO  worker::batch_maker] Batch T9uM2OYH1kwsTkgoCWJ1/SV1+ikfUrPkNPj2N5jH/3s= contains 204800 B
[2026-04-19T03:26:43.415Z INFO  worker::batch_maker] Batch UuD8nJhEHoG7lVl+JOqnogaq4LmwwuUKA3eVACSsd4g= contains sample tx 2173
[2026-04-19T03:26:43.415Z INFO  worker::batch_maker] Batch UuD8nJhEHoG7lVl+JOqnogaq4LmwwuUKA3eVACSsd4g= contains 204800 B
[2026-04-19T03:26:43.468Z INFO  worker::batch_maker] Batch XpQYNrn95KskXLQItfvjLXTaZTqGsckS0eRiPBP0RrE= contains sample tx 2174
[2026-04-19T03:26:43.468Z INFO  worker::batch_maker] Batch XpQYNrn95KskXLQItfvjLXTaZTqGsckS0eRiPBP0RrE= contains 204800 B
[2026-04-19T03:26:43.520Z INFO  worker::batch_maker] Batch OT5gW43juhjFoqoPWsESNySYSjVQD9+xH+4j6u68gmM= contains sample tx 2175
[2026-04-19T03:26:43.520Z INFO  worker::batch_maker] Batch OT5gW43juhjFoqoPWsESNySYSjVQD9+xH+4j6u68gmM= contains 204800 B
[2026-04-19T03:26:43.574Z INFO  worker::batch_maker] Batch 4N7OVj+i1bISZLt9DHKl57iGYRmuaHnJd8ak+v3Qcb8= contains sample tx 2176
[2026-04-19T03:26:43.574Z INFO  worker::batch_maker] Batch 4N7OVj+i1bISZLt9DHKl57iGYRmuaHnJd8ak+v3Qcb8= contains 204800 B
[2026-04-19T03:26:43.626Z INFO  worker::batch_maker] Batch nNT38EzcqgSXNjgP4uDBURsZGuNXgVmIrXg/Olfxe+4= contains sample tx 2177
[2026-04-19T03:26:43.626Z INFO  worker::batch_maker] Batch nNT38EzcqgSXNjgP4uDBURsZGuNXgVmIrXg/Olfxe+4= contains 204800 B
[2026-04-19T03:26:43.679Z INFO  worker::batch_maker] Batch g1JBKfDFcWr11XAge41ccoLvPvrbdwhx6OkJy9ksABc= contains sample tx 2178
[2026-04-19T03:26:43.679Z INFO  worker::batch_maker] Batch g1JBKfDFcWr11XAge41ccoLvPvrbdwhx6OkJy9ksABc= contains 204800 B
[2026-04-19T03:26:43.731Z INFO  worker::batch_maker] Batch huWCwF3gL8QRDZchyLuvn7sF9x652CP9VkP30y2MsLM= contains sample tx 2179
[2026-04-19T03:26:43.731Z INFO  worker::batch_maker] Batch huWCwF3gL8QRDZchyLuvn7sF9x652CP9VkP30y2MsLM= contains 204800 B
[2026-04-19T03:26:43.783Z INFO  worker::batch_maker] Batch IvE3CeuVzhcgUSfGN4MT9Odr0vovp9A6VzfgmF3rUU0= contains sample tx 2180
[2026-04-19T03:26:43.784Z INFO  worker::batch_maker] Batch IvE3CeuVzhcgUSfGN4MT9Odr0vovp9A6VzfgmF3rUU0= contains 204800 B
[2026-04-19T03:26:43.837Z INFO  worker::batch_maker] Batch wz9HabwyAHAbLbtykEH5d1Fpr/QSpO5A6v4I0CsFlYM= contains sample tx 2181
[2026-04-19T03:26:43.837Z INFO  worker::batch_maker] Batch wz9HabwyAHAbLbtykEH5d1Fpr/QSpO5A6v4I0CsFlYM= contains 204800 B
[2026-04-19T03:26:43.890Z INFO  worker::batch_maker] Batch 6w6cyUEghy8hrPUv+7kRBiFm43eeHxUZ2ulPJZkqT48= contains sample tx 2182
[2026-04-19T03:26:43.890Z INFO  worker::batch_maker] Batch 6w6cyUEghy8hrPUv+7kRBiFm43eeHxUZ2ulPJZkqT48= contains 204800 B
[2026-04-19T03:26:43.943Z INFO  worker::batch_maker] Batch Z+L5Bx63FY9JKiamHnxjhNNqkg6S/4PIZqGvdjJHHV0= contains sample tx 2183
[2026-04-19T03:26:43.943Z INFO  worker::batch_maker] Batch Z+L5Bx63FY9JKiamHnxjhNNqkg6S/4PIZqGvdjJHHV0= contains 204800 B
[2026-04-19T03:26:43.996Z INFO  worker::batch_maker] Batch jBhVzAcXj9cYKtL5U3fp/fXkiZT3BIP0Y1Mo/80R2lw= contains sample tx 2184
[2026-04-19T03:26:43.996Z INFO  worker::batch_maker] Batch jBhVzAcXj9cYKtL5U3fp/fXkiZT3BIP0Y1Mo/80R2lw= contains 204800 B
[2026-04-19T03:26:44.047Z INFO  worker::batch_maker] Batch 777ruYw3NbM/N6OYnrvB7Rayu3QrEMffMFLl+L5uccw= contains sample tx 2185
[2026-04-19T03:26:44.047Z INFO  worker::batch_maker] Batch 777ruYw3NbM/N6OYnrvB7Rayu3QrEMffMFLl+L5uccw= contains 215040 B
[2026-04-19T03:26:44.104Z INFO  worker::batch_maker] Batch KXd/6UCJeqCkzjR5/PCKivbSV1Ar8AMFbR3tcjiYCSA= contains sample tx 2186
[2026-04-19T03:26:44.104Z INFO  worker::batch_maker] Batch KXd/6UCJeqCkzjR5/PCKivbSV1Ar8AMFbR3tcjiYCSA= contains 218624 B
[2026-04-19T03:26:44.156Z INFO  worker::batch_maker] Batch KkFDocDI98AZQs8LWgioS7UBUPXg5QXY3u25ddHRADY= contains sample tx 2187
[2026-04-19T03:26:44.156Z INFO  worker::batch_maker] Batch KkFDocDI98AZQs8LWgioS7UBUPXg5QXY3u25ddHRADY= contains sample tx 2188
[2026-04-19T03:26:44.156Z INFO  worker::batch_maker] Batch KkFDocDI98AZQs8LWgioS7UBUPXg5QXY3u25ddHRADY= contains 385536 B
[2026-04-19T03:26:44.209Z INFO  worker::batch_maker] Batch 0HZNAqZiXUvwIQjNLDrqh6ShJR+Y0lRaCUlnfSCUAEo= contains sample tx 2189
[2026-04-19T03:26:44.209Z INFO  worker::batch_maker] Batch 0HZNAqZiXUvwIQjNLDrqh6ShJR+Y0lRaCUlnfSCUAEo= contains 204800 B
[2026-04-19T03:26:44.261Z INFO  worker::batch_maker] Batch GV9UqpdDS+s/d6p9EVC0bv3b+ZyMpa7ZKd5euormjzE= contains sample tx 2190
[2026-04-19T03:26:44.261Z INFO  worker::batch_maker] Batch GV9UqpdDS+s/d6p9EVC0bv3b+ZyMpa7ZKd5euormjzE= contains 204800 B
[2026-04-19T03:26:44.316Z INFO  worker::batch_maker] Batch Vvtql7sRMlw4gEkxBftbq87I6+feMhKB3oQgWdFSFgE= contains sample tx 2191
[2026-04-19T03:26:44.316Z INFO  worker::batch_maker] Batch Vvtql7sRMlw4gEkxBftbq87I6+feMhKB3oQgWdFSFgE= contains 204800 B
[2026-04-19T03:26:44.367Z INFO  worker::batch_maker] Batch Frb19rqcsE6LqzPvV1NNLhG0/yHeHwCxuGnhigVkI1c= contains sample tx 2192
[2026-04-19T03:26:44.367Z INFO  worker::batch_maker] Batch Frb19rqcsE6LqzPvV1NNLhG0/yHeHwCxuGnhigVkI1c= contains 204800 B
[2026-04-19T03:26:44.421Z INFO  worker::batch_maker] Batch bZYoBExvu98BckbCXS2Xi6B5/LQgBcRwyCLP2UcajNs= contains sample tx 2193
[2026-04-19T03:26:44.421Z INFO  worker::batch_maker] Batch bZYoBExvu98BckbCXS2Xi6B5/LQgBcRwyCLP2UcajNs= contains 204800 B
[2026-04-19T03:26:44.477Z INFO  worker::batch_maker] Batch C5DY30d2onVzDrWJyn6wvzMJyRZTnO+1urSppPEABq4= contains sample tx 2194
[2026-04-19T03:26:44.477Z INFO  worker::batch_maker] Batch C5DY30d2onVzDrWJyn6wvzMJyRZTnO+1urSppPEABq4= contains 204800 B
[2026-04-19T03:26:44.530Z INFO  worker::batch_maker] Batch wHXwTbmr0Du/1dKjJksoQEyhlXHflEVTFjc4vhCGylM= contains sample tx 2195
[2026-04-19T03:26:44.530Z INFO  worker::batch_maker] Batch wHXwTbmr0Du/1dKjJksoQEyhlXHflEVTFjc4vhCGylM= contains 204800 B
[2026-04-19T03:26:44.583Z INFO  worker::batch_maker] Batch +gsFK920zqaDO8tS2rMx2iOis3py3U/aR2KKsHGN5UM= contains sample tx 2196
[2026-04-19T03:26:44.583Z INFO  worker::batch_maker] Batch +gsFK920zqaDO8tS2rMx2iOis3py3U/aR2KKsHGN5UM= contains 204800 B
[2026-04-19T03:26:44.636Z INFO  worker::batch_maker] Batch GPTDwevJn7gdQ3XnRozgPnaQ9HYlExjpaWogLM1DFok= contains sample tx 2197
[2026-04-19T03:26:44.636Z INFO  worker::batch_maker] Batch GPTDwevJn7gdQ3XnRozgPnaQ9HYlExjpaWogLM1DFok= contains 204800 B
[2026-04-19T03:26:44.689Z INFO  worker::batch_maker] Batch VKyF2EKB5Pt6GSch7s9pxFl+gpbCma9q/yRajmYB4w4= contains sample tx 2198
[2026-04-19T03:26:44.689Z INFO  worker::batch_maker] Batch VKyF2EKB5Pt6GSch7s9pxFl+gpbCma9q/yRajmYB4w4= contains 204800 B
[2026-04-19T03:26:44.742Z INFO  worker::batch_maker] Batch rG9Q2LZd0jedybdiN/SSqGqi5AQaaD6zB/CZbvAhw3o= contains sample tx 2199
[2026-04-19T03:26:44.742Z INFO  worker::batch_maker] Batch rG9Q2LZd0jedybdiN/SSqGqi5AQaaD6zB/CZbvAhw3o= contains 204800 B
[2026-04-19T03:26:44.795Z INFO  worker::batch_maker] Batch QRryxKt4L8xcQXnNiXK1mEAMj8xjSGuXBDnBzG4YKoY= contains sample tx 2200
[2026-04-19T03:26:44.795Z INFO  worker::batch_maker] Batch QRryxKt4L8xcQXnNiXK1mEAMj8xjSGuXBDnBzG4YKoY= contains 204800 B
[2026-04-19T03:26:44.849Z INFO  worker::batch_maker] Batch c/PCczcDpk9yY379OfeuyQXJSbWVLEjxFfUaEwHOtto= contains sample tx 2201
[2026-04-19T03:26:44.850Z INFO  worker::batch_maker] Batch c/PCczcDpk9yY379OfeuyQXJSbWVLEjxFfUaEwHOtto= contains 204800 B
[2026-04-19T03:26:44.910Z INFO  worker::batch_maker] Batch KYOtN9yWJqA5vwitzwi1jL8XOaaj8dVyiUZSx+6d2NE= contains sample tx 2202
[2026-04-19T03:26:44.910Z INFO  worker::batch_maker] Batch KYOtN9yWJqA5vwitzwi1jL8XOaaj8dVyiUZSx+6d2NE= contains sample tx 2203
[2026-04-19T03:26:44.910Z INFO  worker::batch_maker] Batch KYOtN9yWJqA5vwitzwi1jL8XOaaj8dVyiUZSx+6d2NE= contains 356864 B
[2026-04-19T03:26:44.964Z INFO  worker::batch_maker] Batch rP5u0Qf549skvg6NEMD3nOu/2Vr0C1LzmE4T5qA4SNk= contains sample tx 2204
[2026-04-19T03:26:44.964Z INFO  worker::batch_maker] Batch rP5u0Qf549skvg6NEMD3nOu/2Vr0C1LzmE4T5qA4SNk= contains 257536 B
[2026-04-19T03:26:45.019Z INFO  worker::batch_maker] Batch sE8Cxx4V8yq4smzOFoh3wkT0ZXRFCLQ+772A+Vlhgtk= contains sample tx 2205
[2026-04-19T03:26:45.019Z INFO  worker::batch_maker] Batch sE8Cxx4V8yq4smzOFoh3wkT0ZXRFCLQ+772A+Vlhgtk= contains 204800 B
[2026-04-19T03:26:45.074Z INFO  worker::batch_maker] Batch Plxf2xQma+gNeFrne9SgbcpXKE677N1c7RpEeh9ZgcM= contains sample tx 2206
[2026-04-19T03:26:45.074Z INFO  worker::batch_maker] Batch Plxf2xQma+gNeFrne9SgbcpXKE677N1c7RpEeh9ZgcM= contains 204800 B
[2026-04-19T03:26:45.127Z INFO  worker::batch_maker] Batch Mzjo7qxXPN5XflFDcjkW1u07SWTf/UibPfYNterYPJ0= contains sample tx 2207
[2026-04-19T03:26:45.127Z INFO  worker::batch_maker] Batch Mzjo7qxXPN5XflFDcjkW1u07SWTf/UibPfYNterYPJ0= contains 204800 B
[2026-04-19T03:26:45.182Z INFO  worker::batch_maker] Batch /CLEqi5yZCKyYDXXrUf/EhGnZPMtLjdkUMkBldwLvMs= contains sample tx 2208
[2026-04-19T03:26:45.182Z INFO  worker::batch_maker] Batch /CLEqi5yZCKyYDXXrUf/EhGnZPMtLjdkUMkBldwLvMs= contains 204800 B
[2026-04-19T03:26:45.236Z INFO  worker::batch_maker] Batch PXdbGHaVUVkAgGUZGsid7w/iziNTW8w6wLJW0tTjyFU= contains sample tx 2209
[2026-04-19T03:26:45.236Z INFO  worker::batch_maker] Batch PXdbGHaVUVkAgGUZGsid7w/iziNTW8w6wLJW0tTjyFU= contains 204800 B
[2026-04-19T03:26:45.289Z INFO  worker::batch_maker] Batch 5x2sIpO9NVrLi04OAsLso0wfKpNC9HEtxD/HMN5xMo8= contains sample tx 2210
[2026-04-19T03:26:45.289Z INFO  worker::batch_maker] Batch 5x2sIpO9NVrLi04OAsLso0wfKpNC9HEtxD/HMN5xMo8= contains 204800 B
[2026-04-19T03:26:45.340Z INFO  worker::batch_maker] Batch tlgWBoJfjiYoPkFN7QZ2zE5BRH3q9iBk/Xyvk3yhOVE= contains sample tx 2211
[2026-04-19T03:26:45.340Z INFO  worker::batch_maker] Batch tlgWBoJfjiYoPkFN7QZ2zE5BRH3q9iBk/Xyvk3yhOVE= contains 204800 B
[2026-04-19T03:26:45.395Z INFO  worker::batch_maker] Batch QJK/d6Lv5zF7K/Tlluz4lSaCriG0+KEr8M785a7pBV8= contains sample tx 2212
[2026-04-19T03:26:45.395Z INFO  worker::batch_maker] Batch QJK/d6Lv5zF7K/Tlluz4lSaCriG0+KEr8M785a7pBV8= contains 204800 B
[2026-04-19T03:26:45.448Z INFO  worker::batch_maker] Batch 3Mp7VcJ/aLUjoQuz+84ZuMxK3rDZpvwT3uUddK/NA3I= contains sample tx 2213
[2026-04-19T03:26:45.448Z INFO  worker::batch_maker] Batch 3Mp7VcJ/aLUjoQuz+84ZuMxK3rDZpvwT3uUddK/NA3I= contains 204800 B
[2026-04-19T03:26:45.525Z INFO  worker::batch_maker] Batch 9CQuvPEkLgD/yoiGu47u2dywlvQLC7XOur4qrr9GKhc= contains sample tx 2214
[2026-04-19T03:26:45.525Z INFO  worker::batch_maker] Batch 9CQuvPEkLgD/yoiGu47u2dywlvQLC7XOur4qrr9GKhc= contains sample tx 2215
[2026-04-19T03:26:45.525Z INFO  worker::batch_maker] Batch 9CQuvPEkLgD/yoiGu47u2dywlvQLC7XOur4qrr9GKhc= contains 409600 B
[2026-04-19T03:26:45.580Z INFO  worker::batch_maker] Batch 0zhGekakRd0dIBoFtwvXDIqirA6kFRpkSHNaREjV6PI= contains sample tx 2216
[2026-04-19T03:26:45.580Z INFO  worker::batch_maker] Batch 0zhGekakRd0dIBoFtwvXDIqirA6kFRpkSHNaREjV6PI= contains 204800 B
[2026-04-19T03:26:45.633Z INFO  worker::batch_maker] Batch lY5+49gp5DReJMge6G2VpVQctXsgVAM8GHS+Mn0VLbQ= contains sample tx 2217
[2026-04-19T03:26:45.633Z INFO  worker::batch_maker] Batch lY5+49gp5DReJMge6G2VpVQctXsgVAM8GHS+Mn0VLbQ= contains 204800 B
[2026-04-19T03:26:45.685Z INFO  worker::batch_maker] Batch VitEGE/0ZnqMKQL6kW8OMDQgFcMdnwclg4C4qPhhaS8= contains sample tx 2218
[2026-04-19T03:26:45.685Z INFO  worker::batch_maker] Batch VitEGE/0ZnqMKQL6kW8OMDQgFcMdnwclg4C4qPhhaS8= contains 204800 B
[2026-04-19T03:26:45.738Z INFO  worker::batch_maker] Batch heYISfiiAJ9pJX68Eb0TcRXaZALfF6qOxwM7GFXGmWY= contains sample tx 2219
[2026-04-19T03:26:45.738Z INFO  worker::batch_maker] Batch heYISfiiAJ9pJX68Eb0TcRXaZALfF6qOxwM7GFXGmWY= contains 204800 B
[2026-04-19T03:26:45.793Z INFO  worker::batch_maker] Batch hKiPWDcU6qab6wV0eurNv4XY0VfhbYo0j4sflfAjles= contains sample tx 2220
[2026-04-19T03:26:45.793Z INFO  worker::batch_maker] Batch hKiPWDcU6qab6wV0eurNv4XY0VfhbYo0j4sflfAjles= contains 204800 B
[2026-04-19T03:26:45.847Z INFO  worker::batch_maker] Batch I3h3W5Zh3UcgvP6GLFbD+FovnryWAY3C+B4HSUSO0FQ= contains sample tx 2221
[2026-04-19T03:26:45.847Z INFO  worker::batch_maker] Batch I3h3W5Zh3UcgvP6GLFbD+FovnryWAY3C+B4HSUSO0FQ= contains 204800 B
[2026-04-19T03:26:45.900Z INFO  worker::batch_maker] Batch 2kQN19M6Aj2poJrGS26Td0qoTxRwHagSglUOB8LgE/s= contains sample tx 2222
[2026-04-19T03:26:45.900Z INFO  worker::batch_maker] Batch 2kQN19M6Aj2poJrGS26Td0qoTxRwHagSglUOB8LgE/s= contains 242688 B
[2026-04-19T03:26:45.956Z INFO  worker::batch_maker] Batch nZeb58OV2y//MOOhf+QqNvCJS4LqnfQyJJTsNDnUuLE= contains sample tx 2223
[2026-04-19T03:26:45.956Z INFO  worker::batch_maker] Batch nZeb58OV2y//MOOhf+QqNvCJS4LqnfQyJJTsNDnUuLE= contains sample tx 2224
[2026-04-19T03:26:45.956Z INFO  worker::batch_maker] Batch nZeb58OV2y//MOOhf+QqNvCJS4LqnfQyJJTsNDnUuLE= contains 371712 B
[2026-04-19T03:26:46.010Z INFO  worker::batch_maker] Batch uhJH6pLIzQKGd9gorbGNU4G/eZLo2xvt0oqWJ2KnGHM= contains sample tx 2225
[2026-04-19T03:26:46.010Z INFO  worker::batch_maker] Batch uhJH6pLIzQKGd9gorbGNU4G/eZLo2xvt0oqWJ2KnGHM= contains 204800 B
[2026-04-19T03:26:46.065Z INFO  worker::batch_maker] Batch Cst43ZtIHZ++O1FReXkG/dNhEbLQoGN8Rwj4N/KhODA= contains sample tx 2226
[2026-04-19T03:26:46.065Z INFO  worker::batch_maker] Batch Cst43ZtIHZ++O1FReXkG/dNhEbLQoGN8Rwj4N/KhODA= contains 204800 B
[2026-04-19T03:26:46.119Z INFO  worker::batch_maker] Batch z/KAEfrTizJbJMX/YuyrrupXC/SwmC6zEUucUEsUXQc= contains sample tx 2227
[2026-04-19T03:26:46.119Z INFO  worker::batch_maker] Batch z/KAEfrTizJbJMX/YuyrrupXC/SwmC6zEUucUEsUXQc= contains 204800 B
[2026-04-19T03:26:46.173Z INFO  worker::batch_maker] Batch sxW8Cg18tiAd9qP2/3GP1qD+NfpDYbcS49c7RncN+rc= contains sample tx 2228
[2026-04-19T03:26:46.173Z INFO  worker::batch_maker] Batch sxW8Cg18tiAd9qP2/3GP1qD+NfpDYbcS49c7RncN+rc= contains 204800 B
[2026-04-19T03:26:46.226Z INFO  worker::batch_maker] Batch 6HVuL64Wi1Jr+X+bOtzh66T/0M9kATFcvGS0z5TTKwM= contains sample tx 2229
[2026-04-19T03:26:46.226Z INFO  worker::batch_maker] Batch 6HVuL64Wi1Jr+X+bOtzh66T/0M9kATFcvGS0z5TTKwM= contains 204800 B
[2026-04-19T03:26:46.279Z INFO  worker::batch_maker] Batch +TxzMUIFDOBTavKsEVVeXYUCGa6YCAxAw0UKJINTwsg= contains sample tx 2230
[2026-04-19T03:26:46.279Z INFO  worker::batch_maker] Batch +TxzMUIFDOBTavKsEVVeXYUCGa6YCAxAw0UKJINTwsg= contains 204800 B
[2026-04-19T03:26:46.332Z INFO  worker::batch_maker] Batch 97Xul8nCm6i9YYnBoS/CfFbVuXfKk/4oQaG8Kp28bTk= contains sample tx 2231
[2026-04-19T03:26:46.332Z INFO  worker::batch_maker] Batch 97Xul8nCm6i9YYnBoS/CfFbVuXfKk/4oQaG8Kp28bTk= contains 204800 B
[2026-04-19T03:26:46.386Z INFO  worker::batch_maker] Batch /w0lhToKgFiqCb2+6q2aleGb00mFTvjEY1/HMJxVY94= contains sample tx 2232
[2026-04-19T03:26:46.386Z INFO  worker::batch_maker] Batch /w0lhToKgFiqCb2+6q2aleGb00mFTvjEY1/HMJxVY94= contains 204800 B
[2026-04-19T03:26:46.439Z INFO  worker::batch_maker] Batch HpWmqKyYrq+TRZRrAaFm2zRvyv+oSoVRvWas4bFWmZE= contains sample tx 2233
[2026-04-19T03:26:46.439Z INFO  worker::batch_maker] Batch HpWmqKyYrq+TRZRrAaFm2zRvyv+oSoVRvWas4bFWmZE= contains 204800 B
[2026-04-19T03:26:46.493Z INFO  worker::batch_maker] Batch yay3/rhBr5p/s5l8HtvgiXY9m8eu3dHh30LU0D10Hi0= contains sample tx 2234
[2026-04-19T03:26:46.504Z INFO  worker::batch_maker] Batch yay3/rhBr5p/s5l8HtvgiXY9m8eu3dHh30LU0D10Hi0= contains 204800 B
[2026-04-19T03:26:46.560Z INFO  worker::batch_maker] Batch HxGhc0PV1fC56o7dsmVzaaGxHBfFveiIacvscRR2qbY= contains sample tx 2235
[2026-04-19T03:26:46.560Z INFO  worker::batch_maker] Batch HxGhc0PV1fC56o7dsmVzaaGxHBfFveiIacvscRR2qbY= contains sample tx 2236
[2026-04-19T03:26:46.560Z INFO  worker::batch_maker] Batch HxGhc0PV1fC56o7dsmVzaaGxHBfFveiIacvscRR2qbY= contains 409600 B
[2026-04-19T03:26:46.614Z INFO  worker::batch_maker] Batch R7cELuRawU666PCHir3ZcHToCTCgzY8H8nC9t5SPEY8= contains sample tx 2237
[2026-04-19T03:26:46.614Z INFO  worker::batch_maker] Batch R7cELuRawU666PCHir3ZcHToCTCgzY8H8nC9t5SPEY8= contains 204800 B
[2026-04-19T03:26:46.667Z INFO  worker::batch_maker] Batch mC5sjCplvs0/GbvY3XqBlD5/ZSFHI8Osjs4wjpIZUP8= contains sample tx 2238
[2026-04-19T03:26:46.667Z INFO  worker::batch_maker] Batch mC5sjCplvs0/GbvY3XqBlD5/ZSFHI8Osjs4wjpIZUP8= contains 204800 B
[2026-04-19T03:26:46.720Z INFO  worker::batch_maker] Batch Fic4Xq0rk61ZT2bjDVyQwcAdZlc5AbS3wJYG+QG797s= contains sample tx 2239
[2026-04-19T03:26:46.720Z INFO  worker::batch_maker] Batch Fic4Xq0rk61ZT2bjDVyQwcAdZlc5AbS3wJYG+QG797s= contains 204800 B
[2026-04-19T03:26:46.773Z INFO  worker::batch_maker] Batch 7puZXr7BVrJwDHvrrEdvDw+KoUSx48wxoPR0xgzjW+I= contains sample tx 2240
[2026-04-19T03:26:46.773Z INFO  worker::batch_maker] Batch 7puZXr7BVrJwDHvrrEdvDw+KoUSx48wxoPR0xgzjW+I= contains 204800 B
[2026-04-19T03:26:46.826Z INFO  worker::batch_maker] Batch E4TicqKNivMV51435uqL1dYYTOOa05vGLBT3dxOvsiY= contains sample tx 2241
[2026-04-19T03:26:46.826Z INFO  worker::batch_maker] Batch E4TicqKNivMV51435uqL1dYYTOOa05vGLBT3dxOvsiY= contains 204800 B
[2026-04-19T03:26:46.880Z INFO  worker::batch_maker] Batch OhvjNXrz1Vznx54DVvm6ZsuaMp/pxK+OOUwKL63nbHQ= contains sample tx 2242
[2026-04-19T03:26:46.880Z INFO  worker::batch_maker] Batch OhvjNXrz1Vznx54DVvm6ZsuaMp/pxK+OOUwKL63nbHQ= contains 204800 B
[2026-04-19T03:26:46.934Z INFO  worker::batch_maker] Batch vbNVszV3sSzwfsGyYhardNhnGqEzgKKU9N5jLgnq4oI= contains sample tx 2243
[2026-04-19T03:26:46.934Z INFO  worker::batch_maker] Batch vbNVszV3sSzwfsGyYhardNhnGqEzgKKU9N5jLgnq4oI= contains 204800 B
[2026-04-19T03:26:46.988Z INFO  worker::batch_maker] Batch pAd1uZaI9HYpaZBBY178EKAmxrtCq1F8YeDbC5gqRGQ= contains sample tx 2244
[2026-04-19T03:26:46.988Z INFO  worker::batch_maker] Batch pAd1uZaI9HYpaZBBY178EKAmxrtCq1F8YeDbC5gqRGQ= contains 204800 B
[2026-04-19T03:26:47.042Z INFO  worker::batch_maker] Batch hPOS6G07IJGLtyLTvtAHHho40DvIVB5LOlfdKHr/JBY= contains sample tx 2245
[2026-04-19T03:26:47.042Z INFO  worker::batch_maker] Batch hPOS6G07IJGLtyLTvtAHHho40DvIVB5LOlfdKHr/JBY= contains 204800 B
[2026-04-19T03:26:47.096Z INFO  worker::batch_maker] Batch ZKCBsugH1t8D1ssbPNnGX9EqMclTnCCZ0HcHaZeulwE= contains sample tx 2246
[2026-04-19T03:26:47.096Z INFO  worker::batch_maker] Batch ZKCBsugH1t8D1ssbPNnGX9EqMclTnCCZ0HcHaZeulwE= contains 204800 B
[2026-04-19T03:26:47.147Z INFO  worker::batch_maker] Batch +MKwbTQ4ZxaMywgFlVFkXJKyJG8d+JUWA/KgeXmFLW0= contains sample tx 2247
[2026-04-19T03:26:47.147Z INFO  worker::batch_maker] Batch +MKwbTQ4ZxaMywgFlVFkXJKyJG8d+JUWA/KgeXmFLW0= contains 204800 B
[2026-04-19T03:26:47.200Z INFO  worker::batch_maker] Batch 0YaA6wO1pWBk0R71jGxjoq3rFblSyK25/fc5EYIr0z0= contains sample tx 2248
[2026-04-19T03:26:47.200Z INFO  worker::batch_maker] Batch 0YaA6wO1pWBk0R71jGxjoq3rFblSyK25/fc5EYIr0z0= contains 302592 B
[2026-04-19T03:26:47.252Z INFO  worker::batch_maker] Batch 61AfFAjk7mCbz/K0Y/rrAcjHwyn2ugD7wN9n9NFa/oI= contains sample tx 2249
[2026-04-19T03:26:47.252Z INFO  worker::batch_maker] Batch 61AfFAjk7mCbz/K0Y/rrAcjHwyn2ugD7wN9n9NFa/oI= contains sample tx 2250
[2026-04-19T03:26:47.252Z INFO  worker::batch_maker] Batch 61AfFAjk7mCbz/K0Y/rrAcjHwyn2ugD7wN9n9NFa/oI= contains 311808 B
[2026-04-19T03:26:47.305Z INFO  worker::batch_maker] Batch 7jTGNQm363DDX3T3GpqlIf/tFN10OqxlgtJdOc2gITo= contains sample tx 2251
[2026-04-19T03:26:47.305Z INFO  worker::batch_maker] Batch 7jTGNQm363DDX3T3GpqlIf/tFN10OqxlgtJdOc2gITo= contains 204800 B
[2026-04-19T03:26:47.359Z INFO  worker::batch_maker] Batch 9dxhvv31gsHR8U98SJod8wrTdGiBe873fU0MNkOzx1A= contains sample tx 2252
[2026-04-19T03:26:47.359Z INFO  worker::batch_maker] Batch 9dxhvv31gsHR8U98SJod8wrTdGiBe873fU0MNkOzx1A= contains 204800 B
[2026-04-19T03:26:47.413Z INFO  worker::batch_maker] Batch 8YfAhGCMPH4uYRVCEXpDcusIeKGb/756dY6TOrwwqXY= contains sample tx 2253
[2026-04-19T03:26:47.413Z INFO  worker::batch_maker] Batch 8YfAhGCMPH4uYRVCEXpDcusIeKGb/756dY6TOrwwqXY= contains 204800 B
[2026-04-19T03:26:47.467Z INFO  worker::batch_maker] Batch jpkZ4qaqgMNM91FO1FjHVkziuGYejmUpi3OMp5Flcfk= contains sample tx 2254
[2026-04-19T03:26:47.467Z INFO  worker::batch_maker] Batch jpkZ4qaqgMNM91FO1FjHVkziuGYejmUpi3OMp5Flcfk= contains 204800 B
[2026-04-19T03:26:47.520Z INFO  worker::batch_maker] Batch cvhZR7hZnri+IXduka4A/pi8M+lsekBC4WlcFTKOmXU= contains sample tx 2255
[2026-04-19T03:26:47.520Z INFO  worker::batch_maker] Batch cvhZR7hZnri+IXduka4A/pi8M+lsekBC4WlcFTKOmXU= contains 204800 B
[2026-04-19T03:26:47.573Z INFO  worker::batch_maker] Batch d55PYDWPfYfCRj5SEuSAKAWPLE5r3+QSjFRGFkA5yZo= contains sample tx 2256
[2026-04-19T03:26:47.573Z INFO  worker::batch_maker] Batch d55PYDWPfYfCRj5SEuSAKAWPLE5r3+QSjFRGFkA5yZo= contains 204800 B
[2026-04-19T03:26:47.626Z INFO  worker::batch_maker] Batch uoSzDL9bzOT4lhNx9ycnNL8qqs4ActdiLU3NJxSab4A= contains sample tx 2257
[2026-04-19T03:26:47.626Z INFO  worker::batch_maker] Batch uoSzDL9bzOT4lhNx9ycnNL8qqs4ActdiLU3NJxSab4A= contains 204800 B
[2026-04-19T03:26:47.680Z INFO  worker::batch_maker] Batch /dzC18bs22/G9ACAZIpbr+YqZ/k2w2sUvJp6/uJecig= contains sample tx 2258
[2026-04-19T03:26:47.680Z INFO  worker::batch_maker] Batch /dzC18bs22/G9ACAZIpbr+YqZ/k2w2sUvJp6/uJecig= contains 204800 B
[2026-04-19T03:26:47.735Z INFO  worker::batch_maker] Batch g4DF3zSDkkw8OeGF4RLA9jJYkjCgOQaRq21dHaQ8RmY= contains sample tx 2259
[2026-04-19T03:26:47.735Z INFO  worker::batch_maker] Batch g4DF3zSDkkw8OeGF4RLA9jJYkjCgOQaRq21dHaQ8RmY= contains 204800 B
[2026-04-19T03:26:47.789Z INFO  worker::batch_maker] Batch PvlYvsiq8B7Osiq5bCzyiQYQayIkg0aESwF5jx2Kugo= contains sample tx 2260
[2026-04-19T03:26:47.789Z INFO  worker::batch_maker] Batch PvlYvsiq8B7Osiq5bCzyiQYQayIkg0aESwF5jx2Kugo= contains 204800 B
[2026-04-19T03:26:47.843Z INFO  worker::batch_maker] Batch Orf93SqYxtLe9PKuQmzCuVhUKnmHFG8rQWKKPP6zgV4= contains sample tx 2261
[2026-04-19T03:26:47.843Z INFO  worker::batch_maker] Batch Orf93SqYxtLe9PKuQmzCuVhUKnmHFG8rQWKKPP6zgV4= contains 204800 B
[2026-04-19T03:26:47.896Z INFO  worker::batch_maker] Batch skHZdMIjOHpm0e0dmcoCXZzw9M1Zmo3qdD3ouLMJMxE= contains sample tx 2262
[2026-04-19T03:26:47.896Z INFO  worker::batch_maker] Batch skHZdMIjOHpm0e0dmcoCXZzw9M1Zmo3qdD3ouLMJMxE= contains 204800 B
[2026-04-19T03:26:47.952Z INFO  worker::batch_maker] Batch ijrotnoijaA6puy2Z4sY/T7ycMQMgj+6FZYk+KCVvL4= contains sample tx 2263
[2026-04-19T03:26:47.952Z INFO  worker::batch_maker] Batch ijrotnoijaA6puy2Z4sY/T7ycMQMgj+6FZYk+KCVvL4= contains 214016 B
[2026-04-19T03:26:48.006Z INFO  worker::batch_maker] Batch QyFfIN0M1zgWxW5xe8aSnyV345IDQZwUSXQvv/s4k6E= contains sample tx 2264
[2026-04-19T03:26:48.006Z INFO  worker::batch_maker] Batch QyFfIN0M1zgWxW5xe8aSnyV345IDQZwUSXQvv/s4k6E= contains sample tx 2265
[2026-04-19T03:26:48.006Z INFO  worker::batch_maker] Batch QyFfIN0M1zgWxW5xe8aSnyV345IDQZwUSXQvv/s4k6E= contains 400384 B
[2026-04-19T03:26:48.060Z INFO  worker::batch_maker] Batch jzZBc4gXs/VacqvkPLtfsnJGtSHNeLID/6nbkHz7yww= contains sample tx 2266
[2026-04-19T03:26:48.060Z INFO  worker::batch_maker] Batch jzZBc4gXs/VacqvkPLtfsnJGtSHNeLID/6nbkHz7yww= contains 204800 B
[2026-04-19T03:26:48.114Z INFO  worker::batch_maker] Batch bBXmAYDZLv/CZTC9tWn0Ve7yCu2HKMZXheV5LPI7c5g= contains sample tx 2267
[2026-04-19T03:26:48.114Z INFO  worker::batch_maker] Batch bBXmAYDZLv/CZTC9tWn0Ve7yCu2HKMZXheV5LPI7c5g= contains 204800 B
[2026-04-19T03:26:48.167Z INFO  worker::batch_maker] Batch CMOVol2rXyoz8ZYXuqJZRGoOzGrICNVAHg8q78PoVwE= contains sample tx 2268
[2026-04-19T03:26:48.167Z INFO  worker::batch_maker] Batch CMOVol2rXyoz8ZYXuqJZRGoOzGrICNVAHg8q78PoVwE= contains 204800 B
[2026-04-19T03:26:48.220Z INFO  worker::batch_maker] Batch lKnzUd+Sv5ZRvh2K1wJKupW74YuU8zN3luvJdMhCWq0= contains sample tx 2269
[2026-04-19T03:26:48.220Z INFO  worker::batch_maker] Batch lKnzUd+Sv5ZRvh2K1wJKupW74YuU8zN3luvJdMhCWq0= contains 204800 B
[2026-04-19T03:26:48.274Z INFO  worker::batch_maker] Batch MxL4W/iuGFc/GE4ejro1w1/GfgBMHY4ru6cix42AAEM= contains sample tx 2270
[2026-04-19T03:26:48.274Z INFO  worker::batch_maker] Batch MxL4W/iuGFc/GE4ejro1w1/GfgBMHY4ru6cix42AAEM= contains 204800 B
[2026-04-19T03:26:48.328Z INFO  worker::batch_maker] Batch U3L2vQWYBjKM+mVluSiiqfTaTkJmkAAGVtZLP+ecAaY= contains sample tx 2271
[2026-04-19T03:26:48.328Z INFO  worker::batch_maker] Batch U3L2vQWYBjKM+mVluSiiqfTaTkJmkAAGVtZLP+ecAaY= contains 204800 B
[2026-04-19T03:26:48.381Z INFO  worker::batch_maker] Batch VcdogmN3JQbSJ6isBRwIdg4yIGPl9V/9OxMuUp0P4aM= contains sample tx 2272
[2026-04-19T03:26:48.381Z INFO  worker::batch_maker] Batch VcdogmN3JQbSJ6isBRwIdg4yIGPl9V/9OxMuUp0P4aM= contains 204800 B
[2026-04-19T03:26:48.435Z INFO  worker::batch_maker] Batch WAZKFq4u7cq+X5BtRKuL0w09CTyJWdQ4Q9kwA2MPZDg= contains sample tx 2273
[2026-04-19T03:26:48.435Z INFO  worker::batch_maker] Batch WAZKFq4u7cq+X5BtRKuL0w09CTyJWdQ4Q9kwA2MPZDg= contains 204800 B
[2026-04-19T03:26:48.488Z INFO  worker::batch_maker] Batch 9yfkARS1Y94/yyoeIimnjOUV2guTxt88OlZZvw9o3eo= contains sample tx 2274
[2026-04-19T03:26:48.488Z INFO  worker::batch_maker] Batch 9yfkARS1Y94/yyoeIimnjOUV2guTxt88OlZZvw9o3eo= contains 204800 B
[2026-04-19T03:26:48.541Z INFO  worker::batch_maker] Batch r2Q4V+Cz1VScftThm/vfkI1ju91nMEFuQBVut0uRt6Y= contains sample tx 2275
[2026-04-19T03:26:48.541Z INFO  worker::batch_maker] Batch r2Q4V+Cz1VScftThm/vfkI1ju91nMEFuQBVut0uRt6Y= contains 204800 B
[2026-04-19T03:26:48.594Z INFO  worker::batch_maker] Batch 0UdU54kJsWH12nnnt5QSysDJQ88h0z3CEYOAXNN1LAA= contains sample tx 2276
[2026-04-19T03:26:48.594Z INFO  worker::batch_maker] Batch 0UdU54kJsWH12nnnt5QSysDJQ88h0z3CEYOAXNN1LAA= contains 204800 B
[2026-04-19T03:26:48.648Z INFO  worker::batch_maker] Batch 98qvUnSSpi4027vMUw1Bb72L5uH4bNzWS+u23xtYJQk= contains sample tx 2277
[2026-04-19T03:26:48.648Z INFO  worker::batch_maker] Batch 98qvUnSSpi4027vMUw1Bb72L5uH4bNzWS+u23xtYJQk= contains 204800 B
[2026-04-19T03:26:48.706Z INFO  worker::batch_maker] Batch hcFrt0l2jNT9hivJsh3kBaEF0Y42dK3OQoz5zjYtCtY= contains sample tx 2278
[2026-04-19T03:26:48.706Z INFO  worker::batch_maker] Batch hcFrt0l2jNT9hivJsh3kBaEF0Y42dK3OQoz5zjYtCtY= contains sample tx 2279
[2026-04-19T03:26:48.706Z INFO  worker::batch_maker] Batch hcFrt0l2jNT9hivJsh3kBaEF0Y42dK3OQoz5zjYtCtY= contains 369664 B
[2026-04-19T03:26:48.758Z INFO  worker::batch_maker] Batch HhXE3C8rCo6QFGq4wr+gtl0yug2KwAt1+SgCfSAkW9E= contains sample tx 2280
[2026-04-19T03:26:48.758Z INFO  worker::batch_maker] Batch HhXE3C8rCo6QFGq4wr+gtl0yug2KwAt1+SgCfSAkW9E= contains 244736 B
[2026-04-19T03:26:48.811Z INFO  worker::batch_maker] Batch amVsEf1av789zCiA74XhIYVqC5XFkBC6lm1J6YFNmMQ= contains sample tx 2281
[2026-04-19T03:26:48.811Z INFO  worker::batch_maker] Batch amVsEf1av789zCiA74XhIYVqC5XFkBC6lm1J6YFNmMQ= contains 204800 B
[2026-04-19T03:26:48.864Z INFO  worker::batch_maker] Batch Dh2+XdDDsYAHB6IJpEM4xZqkwaSQWa60oE2s5qEKx7s= contains sample tx 2282
[2026-04-19T03:26:48.864Z INFO  worker::batch_maker] Batch Dh2+XdDDsYAHB6IJpEM4xZqkwaSQWa60oE2s5qEKx7s= contains 204800 B
[2026-04-19T03:26:48.918Z INFO  worker::batch_maker] Batch URugH9psB5vtXwnCr4FbTcb48q76HQVGykDg61DFVX0= contains sample tx 2283
[2026-04-19T03:26:48.918Z INFO  worker::batch_maker] Batch URugH9psB5vtXwnCr4FbTcb48q76HQVGykDg61DFVX0= contains 204800 B
[2026-04-19T03:26:48.971Z INFO  worker::batch_maker] Batch wgO0qvnSXfJxpLY9RYfXkyYIC2+YDqExQW4ui9DYo8o= contains sample tx 2284
[2026-04-19T03:26:48.971Z INFO  worker::batch_maker] Batch wgO0qvnSXfJxpLY9RYfXkyYIC2+YDqExQW4ui9DYo8o= contains 204800 B
[2026-04-19T03:26:49.024Z INFO  worker::batch_maker] Batch 7ZURY6ANZ8JAf7I4QIpf2KfBMISj4+A2fM7P2zcrYeM= contains sample tx 2285
[2026-04-19T03:26:49.024Z INFO  worker::batch_maker] Batch 7ZURY6ANZ8JAf7I4QIpf2KfBMISj4+A2fM7P2zcrYeM= contains 204800 B
[2026-04-19T03:26:49.078Z INFO  worker::batch_maker] Batch ovN/PFD0Z7RAvUJ+TTuC6zCkvx7Wtu0ZTWeB/GHFUBg= contains sample tx 2286
[2026-04-19T03:26:49.078Z INFO  worker::batch_maker] Batch ovN/PFD0Z7RAvUJ+TTuC6zCkvx7Wtu0ZTWeB/GHFUBg= contains 204800 B
[2026-04-19T03:26:49.134Z INFO  worker::batch_maker] Batch UjatiN0cdcbIwwPnaVXX/jQMR2seG+80ej2T3R6ho8k= contains sample tx 2287
[2026-04-19T03:26:49.134Z INFO  worker::batch_maker] Batch UjatiN0cdcbIwwPnaVXX/jQMR2seG+80ej2T3R6ho8k= contains 204800 B
[2026-04-19T03:26:49.188Z INFO  worker::batch_maker] Batch MZGO+1Cwjo+L1DABVLT2c1NLqH9SvadOcL9FbCWvAI4= contains sample tx 2288
[2026-04-19T03:26:49.188Z INFO  worker::batch_maker] Batch MZGO+1Cwjo+L1DABVLT2c1NLqH9SvadOcL9FbCWvAI4= contains 204800 B
[2026-04-19T03:26:49.241Z INFO  worker::batch_maker] Batch wJb/02v0NTva7UbK2/CxVZ1x7N/yzWghEuMskdkitcY= contains sample tx 2289
[2026-04-19T03:26:49.241Z INFO  worker::batch_maker] Batch wJb/02v0NTva7UbK2/CxVZ1x7N/yzWghEuMskdkitcY= contains 204800 B
[2026-04-19T03:26:49.294Z INFO  worker::batch_maker] Batch 6xVR5h75cPIpwvuUwDzPnztkoTU2Yx0/7vphGA+MDzs= contains sample tx 2290
[2026-04-19T03:26:49.294Z INFO  worker::batch_maker] Batch 6xVR5h75cPIpwvuUwDzPnztkoTU2Yx0/7vphGA+MDzs= contains 204800 B
[2026-04-19T03:26:49.348Z INFO  worker::batch_maker] Batch z+89tmQJZfEltNMsKo8ToWWfRgvXy0qwJwX3jpVF8VE= contains sample tx 2291
[2026-04-19T03:26:49.349Z INFO  worker::batch_maker] Batch z+89tmQJZfEltNMsKo8ToWWfRgvXy0qwJwX3jpVF8VE= contains 204800 B
[2026-04-19T03:26:49.401Z INFO  worker::batch_maker] Batch m9bRRUbADfxVmNkSuKZMpH4Da6uDFs1E0YI6181xpLM= contains sample tx 2292
[2026-04-19T03:26:49.401Z INFO  worker::batch_maker] Batch m9bRRUbADfxVmNkSuKZMpH4Da6uDFs1E0YI6181xpLM= contains sample tx 2293
[2026-04-19T03:26:49.401Z INFO  worker::batch_maker] Batch m9bRRUbADfxVmNkSuKZMpH4Da6uDFs1E0YI6181xpLM= contains 409600 B
[2026-04-19T03:26:49.455Z INFO  worker::batch_maker] Batch YJfcpEYyGrFvx+/RgadWmsLX1mq5rQT0xgib8m7HpNQ= contains sample tx 2294
[2026-04-19T03:26:49.455Z INFO  worker::batch_maker] Batch YJfcpEYyGrFvx+/RgadWmsLX1mq5rQT0xgib8m7HpNQ= contains 204800 B
[2026-04-19T03:26:49.509Z INFO  worker::batch_maker] Batch BQ4G5gL64Pv0cNJ51jyV8+tIy+bx8Zpgk135SOa+uxI= contains sample tx 2295
[2026-04-19T03:26:49.509Z INFO  worker::batch_maker] Batch BQ4G5gL64Pv0cNJ51jyV8+tIy+bx8Zpgk135SOa+uxI= contains 204800 B
[2026-04-19T03:26:49.563Z INFO  worker::batch_maker] Batch QydMuektsNy1jnTNvoqeWFHHRnrPZPiRicECtGhj61w= contains sample tx 2296
[2026-04-19T03:26:49.563Z INFO  worker::batch_maker] Batch QydMuektsNy1jnTNvoqeWFHHRnrPZPiRicECtGhj61w= contains 204800 B
[2026-04-19T03:26:49.616Z INFO  worker::batch_maker] Batch Kq1RtSsO2yFh6hr0ji3bkxWTZkMEPW/r09ZovM/T/fE= contains sample tx 2297
[2026-04-19T03:26:49.616Z INFO  worker::batch_maker] Batch Kq1RtSsO2yFh6hr0ji3bkxWTZkMEPW/r09ZovM/T/fE= contains 204800 B
[2026-04-19T03:26:49.670Z INFO  worker::batch_maker] Batch 1S91YGFHGERBfpkWGyPYuc8X6KojSn2ZodRhoGKczv8= contains sample tx 2298
[2026-04-19T03:26:49.670Z INFO  worker::batch_maker] Batch 1S91YGFHGERBfpkWGyPYuc8X6KojSn2ZodRhoGKczv8= contains 204800 B
[2026-04-19T03:26:49.723Z INFO  worker::batch_maker] Batch oLH7hobl5v2jinHdWkJDDzL5fGvzc2ouFUsDx4Fs0Ls= contains sample tx 2299
[2026-04-19T03:26:49.723Z INFO  worker::batch_maker] Batch oLH7hobl5v2jinHdWkJDDzL5fGvzc2ouFUsDx4Fs0Ls= contains 204800 B
[2026-04-19T03:26:49.775Z INFO  worker::batch_maker] Batch ScLv9cLuakb/gp2RpCQxyZJs1FCN+a+JUoaz6vQR5EI= contains sample tx 2300
[2026-04-19T03:26:49.775Z INFO  worker::batch_maker] Batch ScLv9cLuakb/gp2RpCQxyZJs1FCN+a+JUoaz6vQR5EI= contains 204800 B
[2026-04-19T03:26:49.829Z INFO  worker::batch_maker] Batch iQhUcwDkBsiA9V0/mPit9jTAdu6f+WiTCdv9k9CM250= contains sample tx 2301
[2026-04-19T03:26:49.829Z INFO  worker::batch_maker] Batch iQhUcwDkBsiA9V0/mPit9jTAdu6f+WiTCdv9k9CM250= contains 204800 B
[2026-04-19T03:26:49.881Z INFO  worker::batch_maker] Batch +05Zt3M7SqOgL+LjqIMx3tPPOKA6I1omDgnUOcoFunY= contains sample tx 2302
[2026-04-19T03:26:49.881Z INFO  worker::batch_maker] Batch +05Zt3M7SqOgL+LjqIMx3tPPOKA6I1omDgnUOcoFunY= contains 204800 B
[2026-04-19T03:26:49.934Z INFO  worker::batch_maker] Batch u6aPSnDjpHFEjIcZSklLae9p48WXHCvjgkVwMUda20c= contains sample tx 2303
[2026-04-19T03:26:49.934Z INFO  worker::batch_maker] Batch u6aPSnDjpHFEjIcZSklLae9p48WXHCvjgkVwMUda20c= contains 204800 B
[2026-04-19T03:26:49.988Z INFO  worker::batch_maker] Batch IbfpIsCslppLJxz8kWaTR8bkN86WQezIDzGiZ3KFEdI= contains sample tx 2304
[2026-04-19T03:26:49.988Z INFO  worker::batch_maker] Batch IbfpIsCslppLJxz8kWaTR8bkN86WQezIDzGiZ3KFEdI= contains 204800 B
[2026-04-19T03:26:50.043Z INFO  worker::batch_maker] Batch RQAbQPUBvhOfobAJX+zvTYZPXoiflCj0xlcvVYzLAPQ= contains sample tx 2305
[2026-04-19T03:26:50.043Z INFO  worker::batch_maker] Batch RQAbQPUBvhOfobAJX+zvTYZPXoiflCj0xlcvVYzLAPQ= contains 204800 B
[2026-04-19T03:26:50.096Z INFO  worker::batch_maker] Batch TrbaYOs/cu671I+W38h4lOujlj0gTiWAfQLYPZqu88M= contains sample tx 2306
[2026-04-19T03:26:50.096Z INFO  worker::batch_maker] Batch TrbaYOs/cu671I+W38h4lOujlj0gTiWAfQLYPZqu88M= contains 204800 B
[2026-04-19T03:26:50.149Z INFO  worker::batch_maker] Batch 5urgXRu35HJJEvck9hFXeA4bXp98/d+FtRXCdYhnpeQ= contains sample tx 2307
[2026-04-19T03:26:50.149Z INFO  worker::batch_maker] Batch 5urgXRu35HJJEvck9hFXeA4bXp98/d+FtRXCdYhnpeQ= contains 204800 B
[2026-04-19T03:26:50.203Z INFO  worker::batch_maker] Batch ZpCBa7IFaWoOVreJT/5Ja83hZLHPR6nVU5HyIBfXESU= contains sample tx 2308
[2026-04-19T03:26:50.204Z INFO  worker::batch_maker] Batch ZpCBa7IFaWoOVreJT/5Ja83hZLHPR6nVU5HyIBfXESU= contains 259072 B
[2026-04-19T03:26:50.259Z INFO  worker::batch_maker] Batch APrh1xDFg5X9veAPQiPB/XYYBMjg/IczSVZvn9ryoDA= contains sample tx 2309
[2026-04-19T03:26:50.259Z INFO  worker::batch_maker] Batch APrh1xDFg5X9veAPQiPB/XYYBMjg/IczSVZvn9ryoDA= contains sample tx 2310
[2026-04-19T03:26:50.259Z INFO  worker::batch_maker] Batch APrh1xDFg5X9veAPQiPB/XYYBMjg/IczSVZvn9ryoDA= contains 355328 B
[2026-04-19T03:26:50.312Z INFO  worker::batch_maker] Batch 4YKTN8p202JBu3ixfdvsn0Ea8EH8nZdDUKtQp0XiqSQ= contains sample tx 2311
[2026-04-19T03:26:50.312Z INFO  worker::batch_maker] Batch 4YKTN8p202JBu3ixfdvsn0Ea8EH8nZdDUKtQp0XiqSQ= contains 204800 B
[2026-04-19T03:26:50.365Z INFO  worker::batch_maker] Batch UYReay4P9wUWjawZM0wF4CNnWzCF/+U6ktZrpxjs6Sw= contains sample tx 2312
[2026-04-19T03:26:50.365Z INFO  worker::batch_maker] Batch UYReay4P9wUWjawZM0wF4CNnWzCF/+U6ktZrpxjs6Sw= contains 204800 B
[2026-04-19T03:26:50.418Z INFO  worker::batch_maker] Batch wyvbxP452CVubfB3P1lvjTifmaRnJ8tHZNIZiuwg9m4= contains sample tx 2313
[2026-04-19T03:26:50.418Z INFO  worker::batch_maker] Batch wyvbxP452CVubfB3P1lvjTifmaRnJ8tHZNIZiuwg9m4= contains 204800 B
[2026-04-19T03:26:50.472Z INFO  worker::batch_maker] Batch m6n9toIK+7Y+BuGSs0QEnga/NjEJIPNfckpqYZTPtbA= contains sample tx 2314
[2026-04-19T03:26:50.472Z INFO  worker::batch_maker] Batch m6n9toIK+7Y+BuGSs0QEnga/NjEJIPNfckpqYZTPtbA= contains 204800 B
[2026-04-19T03:26:50.525Z INFO  worker::batch_maker] Batch aZNOwgb1ysMQ65PjzC4LJKsG+VcdkmdEdHmSw+qtdr4= contains sample tx 2315
[2026-04-19T03:26:50.525Z INFO  worker::batch_maker] Batch aZNOwgb1ysMQ65PjzC4LJKsG+VcdkmdEdHmSw+qtdr4= contains 204800 B
[2026-04-19T03:26:50.578Z INFO  worker::batch_maker] Batch kJy9c+brs740jSoBbz1khaBjNpglGmZ0r0eTwwpr67g= contains sample tx 2316
[2026-04-19T03:26:50.578Z INFO  worker::batch_maker] Batch kJy9c+brs740jSoBbz1khaBjNpglGmZ0r0eTwwpr67g= contains 204800 B
[2026-04-19T03:26:50.633Z INFO  worker::batch_maker] Batch aV91P2d1Hb344tZ8gwyeIJGqTM1hJ5MG84Yo+Tek4Ek= contains sample tx 2317
[2026-04-19T03:26:50.633Z INFO  worker::batch_maker] Batch aV91P2d1Hb344tZ8gwyeIJGqTM1hJ5MG84Yo+Tek4Ek= contains 204800 B
[2026-04-19T03:26:50.686Z INFO  worker::batch_maker] Batch fcrbJ3WhHk/b+3wUbcwgaMgtK3bMGlJarUeCKVoV5K8= contains sample tx 2318
[2026-04-19T03:26:50.686Z INFO  worker::batch_maker] Batch fcrbJ3WhHk/b+3wUbcwgaMgtK3bMGlJarUeCKVoV5K8= contains 204800 B
[2026-04-19T03:26:50.739Z INFO  worker::batch_maker] Batch mRA90vCfBh5gal7XurdhbLG90D02k4EM9z3rL08xYM4= contains sample tx 2319
[2026-04-19T03:26:50.739Z INFO  worker::batch_maker] Batch mRA90vCfBh5gal7XurdhbLG90D02k4EM9z3rL08xYM4= contains 204800 B
[2026-04-19T03:26:50.792Z INFO  worker::batch_maker] Batch 22JxuR3lg4hNor3qbmil9JA90lZu+DF17CgEN8v+44Q= contains sample tx 2320
[2026-04-19T03:26:50.792Z INFO  worker::batch_maker] Batch 22JxuR3lg4hNor3qbmil9JA90lZu+DF17CgEN8v+44Q= contains 204800 B
[2026-04-19T03:26:50.846Z INFO  worker::batch_maker] Batch NDtb8zibMVNx0vv3UnwuixPEvcEL0KC8KpvjKqeV81M= contains sample tx 2321
[2026-04-19T03:26:50.846Z INFO  worker::batch_maker] Batch NDtb8zibMVNx0vv3UnwuixPEvcEL0KC8KpvjKqeV81M= contains 204800 B
[2026-04-19T03:26:50.899Z INFO  worker::batch_maker] Batch Z5mTKLfUKwPr7xKnVTDC14N6qYpVG2vnLIrthPEvbV4= contains sample tx 2322
[2026-04-19T03:26:50.900Z INFO  worker::batch_maker] Batch Z5mTKLfUKwPr7xKnVTDC14N6qYpVG2vnLIrthPEvbV4= contains 204800 B
[2026-04-19T03:26:50.953Z INFO  worker::batch_maker] Batch BVvhNf8GMDP3LpcBQ2LluhCBc39kRyiwBuLnwpemdCc= contains sample tx 2323
[2026-04-19T03:26:50.953Z INFO  worker::batch_maker] Batch BVvhNf8GMDP3LpcBQ2LluhCBc39kRyiwBuLnwpemdCc= contains sample tx 2324
[2026-04-19T03:26:50.953Z INFO  worker::batch_maker] Batch BVvhNf8GMDP3LpcBQ2LluhCBc39kRyiwBuLnwpemdCc= contains 409600 B
[2026-04-19T03:26:51.007Z INFO  worker::batch_maker] Batch YDNnp1BkJmImqWxwRVGD561d7PidQ8GsX7pB9zhYhVY= contains sample tx 2325
[2026-04-19T03:26:51.008Z INFO  worker::batch_maker] Batch YDNnp1BkJmImqWxwRVGD561d7PidQ8GsX7pB9zhYhVY= contains 204800 B
[2026-04-19T03:26:51.061Z INFO  worker::batch_maker] Batch 4D/b2RNcEA2AEeDLWjWkNBXjl+7gxgaaonsLSLGAsIQ= contains sample tx 2326
[2026-04-19T03:26:51.061Z INFO  worker::batch_maker] Batch 4D/b2RNcEA2AEeDLWjWkNBXjl+7gxgaaonsLSLGAsIQ= contains 204800 B
[2026-04-19T03:26:51.114Z INFO  worker::batch_maker] Batch Ya1hZWeUOodWU9LJKeRphIk2O2bjSbBe6K+Y+Yu4l6g= contains sample tx 2327
[2026-04-19T03:26:51.114Z INFO  worker::batch_maker] Batch Ya1hZWeUOodWU9LJKeRphIk2O2bjSbBe6K+Y+Yu4l6g= contains 204800 B
[2026-04-19T03:26:51.167Z INFO  worker::batch_maker] Batch 4qc87oC9aAqgon2WRoYvMIZXp4GYnraEGjJyoqx6YNA= contains sample tx 2328
[2026-04-19T03:26:51.167Z INFO  worker::batch_maker] Batch 4qc87oC9aAqgon2WRoYvMIZXp4GYnraEGjJyoqx6YNA= contains 204800 B
[2026-04-19T03:26:51.220Z INFO  worker::batch_maker] Batch qmsCCKQeIXE54Xxjvo/N1E6LpdWJzjHwDK38QW7BpUo= contains sample tx 2329
[2026-04-19T03:26:51.220Z INFO  worker::batch_maker] Batch qmsCCKQeIXE54Xxjvo/N1E6LpdWJzjHwDK38QW7BpUo= contains 204800 B
[2026-04-19T03:26:51.273Z INFO  worker::batch_maker] Batch 3kfUz919HKcrCmgtHn7sCnjUTRzs5V3p68KP++vECQY= contains sample tx 2330
[2026-04-19T03:26:51.273Z INFO  worker::batch_maker] Batch 3kfUz919HKcrCmgtHn7sCnjUTRzs5V3p68KP++vECQY= contains 204800 B
[2026-04-19T03:26:51.328Z INFO  worker::batch_maker] Batch +xe4vr0zUXW861PIq0GUZlpeMtP501g5Ki+dfVviRjw= contains sample tx 2331
[2026-04-19T03:26:51.328Z INFO  worker::batch_maker] Batch +xe4vr0zUXW861PIq0GUZlpeMtP501g5Ki+dfVviRjw= contains 204800 B
[2026-04-19T03:26:51.381Z INFO  worker::batch_maker] Batch L4BSc5QZNJrXpsFLZvyziVuho7fBJ4QPX+NA8WteC6M= contains sample tx 2332
[2026-04-19T03:26:51.381Z INFO  worker::batch_maker] Batch L4BSc5QZNJrXpsFLZvyziVuho7fBJ4QPX+NA8WteC6M= contains 204800 B
[2026-04-19T03:26:51.433Z INFO  worker::batch_maker] Batch nQCjjExWYkXwUbFScjXJSa23QbmyCr4yTeSS5B73ET4= contains sample tx 2333
[2026-04-19T03:26:51.433Z INFO  worker::batch_maker] Batch nQCjjExWYkXwUbFScjXJSa23QbmyCr4yTeSS5B73ET4= contains 204800 B
[2026-04-19T03:26:51.486Z INFO  worker::batch_maker] Batch 9TxOlge6gENUWMaRQwQQJid1JjOlfH3g1uRnqUdCMo4= contains sample tx 2334
[2026-04-19T03:26:51.486Z INFO  worker::batch_maker] Batch 9TxOlge6gENUWMaRQwQQJid1JjOlfH3g1uRnqUdCMo4= contains 204800 B
[2026-04-19T03:26:51.540Z INFO  worker::batch_maker] Batch cAok6PxN0gqSQcEPUVfjW50AmzbN76VLZ87m3uRixxc= contains sample tx 2335
[2026-04-19T03:26:51.540Z INFO  worker::batch_maker] Batch cAok6PxN0gqSQcEPUVfjW50AmzbN76VLZ87m3uRixxc= contains 204800 B
[2026-04-19T03:26:51.593Z INFO  worker::batch_maker] Batch 0uoQFeIi7oSfPsd74plJze7rqQedm6A94nawG5YHdek= contains sample tx 2336
[2026-04-19T03:26:51.593Z INFO  worker::batch_maker] Batch 0uoQFeIi7oSfPsd74plJze7rqQedm6A94nawG5YHdek= contains 204800 B
[2026-04-19T03:26:51.647Z INFO  worker::batch_maker] Batch qD3BXrV53umk1iVoMABpEVT3Aq2Cx+xw+JDlIxYf7Uw= contains sample tx 2337
[2026-04-19T03:26:51.647Z INFO  worker::batch_maker] Batch qD3BXrV53umk1iVoMABpEVT3Aq2Cx+xw+JDlIxYf7Uw= contains 204800 B
[2026-04-19T03:26:51.701Z INFO  worker::batch_maker] Batch vMfsYinEB2IsDAV1cRt3dhGW7yBObsM0+qE5OnNCJp0= contains sample tx 2338
[2026-04-19T03:26:51.701Z INFO  worker::batch_maker] Batch vMfsYinEB2IsDAV1cRt3dhGW7yBObsM0+qE5OnNCJp0= contains 268800 B
[2026-04-19T03:26:51.756Z INFO  worker::batch_maker] Batch W3RTUwIYSYd3O2Iv1qDXUMyozArR8hQksLSKKqoJf08= contains sample tx 2339
[2026-04-19T03:26:51.756Z INFO  worker::batch_maker] Batch W3RTUwIYSYd3O2Iv1qDXUMyozArR8hQksLSKKqoJf08= contains sample tx 2340
[2026-04-19T03:26:51.756Z INFO  worker::batch_maker] Batch W3RTUwIYSYd3O2Iv1qDXUMyozArR8hQksLSKKqoJf08= contains 345600 B
[2026-04-19T03:26:51.811Z INFO  worker::batch_maker] Batch K154ha54+3ocrQ4RRlrVwHvNHu1ddvKIJ0tp02adPAk= contains sample tx 2341
[2026-04-19T03:26:51.811Z INFO  worker::batch_maker] Batch K154ha54+3ocrQ4RRlrVwHvNHu1ddvKIJ0tp02adPAk= contains 204800 B
[2026-04-19T03:26:51.865Z INFO  worker::batch_maker] Batch f61vRk5JqsDK7tx74Zum8leinkIbhiYefnOoI6zUnl4= contains sample tx 2342
[2026-04-19T03:26:51.865Z INFO  worker::batch_maker] Batch f61vRk5JqsDK7tx74Zum8leinkIbhiYefnOoI6zUnl4= contains 204800 B
[2026-04-19T03:26:51.918Z INFO  worker::batch_maker] Batch 3agpbrkBWUJiL7PPZV/0ZgHB27pbJVUIc1QXJCTtM8U= contains sample tx 2343
[2026-04-19T03:26:51.918Z INFO  worker::batch_maker] Batch 3agpbrkBWUJiL7PPZV/0ZgHB27pbJVUIc1QXJCTtM8U= contains 204800 B
[2026-04-19T03:26:51.971Z INFO  worker::batch_maker] Batch jBiXUI7M6vfKRcCzMxEJgVYoCHerB9JqgARYrd7N590= contains sample tx 2344
[2026-04-19T03:26:51.971Z INFO  worker::batch_maker] Batch jBiXUI7M6vfKRcCzMxEJgVYoCHerB9JqgARYrd7N590= contains 204800 B
[2026-04-19T03:26:52.025Z INFO  worker::batch_maker] Batch btpI7V/zHNNGtRy2SGuuZXUUFoM5OSStHZzob5VR0PI= contains sample tx 2345
[2026-04-19T03:26:52.025Z INFO  worker::batch_maker] Batch btpI7V/zHNNGtRy2SGuuZXUUFoM5OSStHZzob5VR0PI= contains 204800 B
[2026-04-19T03:26:52.079Z INFO  worker::batch_maker] Batch CCH5WzTXBQrpyHGdpn/NP8QDEVvJZpJ2wUsLqHhYr3U= contains sample tx 2346
[2026-04-19T03:26:52.080Z INFO  worker::batch_maker] Batch CCH5WzTXBQrpyHGdpn/NP8QDEVvJZpJ2wUsLqHhYr3U= contains 204800 B
[2026-04-19T03:26:52.136Z INFO  worker::batch_maker] Batch UM3GobqriF+IV46JZeXP734KlosnncPpwOkLgk1/+uw= contains sample tx 2347
[2026-04-19T03:26:52.136Z INFO  worker::batch_maker] Batch UM3GobqriF+IV46JZeXP734KlosnncPpwOkLgk1/+uw= contains 204800 B
[2026-04-19T03:26:52.189Z INFO  worker::batch_maker] Batch b0DRCXGrm0tOplBLZ8njLobs97WUJEsJCGLm2jnZ0L0= contains sample tx 2348
[2026-04-19T03:26:52.189Z INFO  worker::batch_maker] Batch b0DRCXGrm0tOplBLZ8njLobs97WUJEsJCGLm2jnZ0L0= contains 204800 B
[2026-04-19T03:26:52.243Z INFO  worker::batch_maker] Batch /RUWRWcqTlZfP2ihBcEsYYjyJjHmZdmQNNcVP3nJm5w= contains sample tx 2349
[2026-04-19T03:26:52.243Z INFO  worker::batch_maker] Batch /RUWRWcqTlZfP2ihBcEsYYjyJjHmZdmQNNcVP3nJm5w= contains 204800 B
[2026-04-19T03:26:52.296Z INFO  worker::batch_maker] Batch zd54cpIjyVVfSiRn1D38w6RqV95dtgnUzbF18SxV9o8= contains sample tx 2350
[2026-04-19T03:26:52.296Z INFO  worker::batch_maker] Batch zd54cpIjyVVfSiRn1D38w6RqV95dtgnUzbF18SxV9o8= contains 204800 B
[2026-04-19T03:26:52.350Z INFO  worker::batch_maker] Batch fMDJQbjcwSJDPFdvK5kSd0si+9P+zULq6Qf2cXuScyk= contains sample tx 2351
[2026-04-19T03:26:52.350Z INFO  worker::batch_maker] Batch fMDJQbjcwSJDPFdvK5kSd0si+9P+zULq6Qf2cXuScyk= contains 205312 B
[2026-04-19T03:26:52.405Z INFO  worker::batch_maker] Batch 8o/piBM9BRfOigRIffUFh2hbfjcbyuIueIYVKEFDri4= contains sample tx 2352
[2026-04-19T03:26:52.405Z INFO  worker::batch_maker] Batch 8o/piBM9BRfOigRIffUFh2hbfjcbyuIueIYVKEFDri4= contains sample tx 2353
[2026-04-19T03:26:52.405Z INFO  worker::batch_maker] Batch 8o/piBM9BRfOigRIffUFh2hbfjcbyuIueIYVKEFDri4= contains 388608 B
[2026-04-19T03:26:52.459Z INFO  worker::batch_maker] Batch Z0dSV0wW1JAFz0TFZbtBn0CPgXYstndIVE9ulNzLNDc= contains sample tx 2354
[2026-04-19T03:26:52.459Z INFO  worker::batch_maker] Batch Z0dSV0wW1JAFz0TFZbtBn0CPgXYstndIVE9ulNzLNDc= contains 225280 B
[2026-04-19T03:26:52.512Z INFO  worker::batch_maker] Batch 6UVJHudMDwJu07xIJs6BfvBTWVaMcfIrBflkOtdVh58= contains sample tx 2355
[2026-04-19T03:26:52.553Z INFO  worker::batch_maker] Batch 6UVJHudMDwJu07xIJs6BfvBTWVaMcfIrBflkOtdVh58= contains 204800 B
[2026-04-19T03:26:52.606Z INFO  worker::batch_maker] Batch QcqUa5FY8TkjWEJoMGeZTgOuwjjGrvW/pDhWWuaoVqs= contains sample tx 2356
[2026-04-19T03:26:52.606Z INFO  worker::batch_maker] Batch QcqUa5FY8TkjWEJoMGeZTgOuwjjGrvW/pDhWWuaoVqs= contains sample tx 2357
[2026-04-19T03:26:52.606Z INFO  worker::batch_maker] Batch QcqUa5FY8TkjWEJoMGeZTgOuwjjGrvW/pDhWWuaoVqs= contains 409600 B
[2026-04-19T03:26:52.658Z INFO  worker::batch_maker] Batch xEGP9R27tx8GB+xkBhYC0woZ4sQ5Y4rBiqj3Uls9yTg= contains sample tx 2358
[2026-04-19T03:26:52.658Z INFO  worker::batch_maker] Batch xEGP9R27tx8GB+xkBhYC0woZ4sQ5Y4rBiqj3Uls9yTg= contains 204800 B
[2026-04-19T03:26:52.710Z INFO  worker::batch_maker] Batch TxmuekP2IUslFOMFEYXUtfgfe8k0WX1TdTVH6aYHAyk= contains sample tx 2359
[2026-04-19T03:26:52.710Z INFO  worker::batch_maker] Batch TxmuekP2IUslFOMFEYXUtfgfe8k0WX1TdTVH6aYHAyk= contains 204800 B
[2026-04-19T03:26:52.763Z INFO  worker::batch_maker] Batch pXDiDoltWjWzWgFaJlnkK7SLVv7x7IbYrjtFMECCgG8= contains sample tx 2360
[2026-04-19T03:26:52.763Z INFO  worker::batch_maker] Batch pXDiDoltWjWzWgFaJlnkK7SLVv7x7IbYrjtFMECCgG8= contains 204800 B
[2026-04-19T03:26:52.815Z INFO  worker::batch_maker] Batch wdnFexWTOYJ4+Bt3mi96wSFPJbSmgrbDJFJp/juBHWY= contains sample tx 2361
[2026-04-19T03:26:52.815Z INFO  worker::batch_maker] Batch wdnFexWTOYJ4+Bt3mi96wSFPJbSmgrbDJFJp/juBHWY= contains 204800 B
[2026-04-19T03:26:52.866Z INFO  worker::batch_maker] Batch azn6+2K3E9+vGUeoKL5Km4SeGwJuxJAza3lx0oD5mk8= contains sample tx 2362
[2026-04-19T03:26:52.866Z INFO  worker::batch_maker] Batch azn6+2K3E9+vGUeoKL5Km4SeGwJuxJAza3lx0oD5mk8= contains 204800 B
[2026-04-19T03:26:52.919Z INFO  worker::batch_maker] Batch Hs6wh0b1YzqvVhd3oLPnTJnO0TdlR071stfxWOxpaSs= contains sample tx 2363
[2026-04-19T03:26:52.919Z INFO  worker::batch_maker] Batch Hs6wh0b1YzqvVhd3oLPnTJnO0TdlR071stfxWOxpaSs= contains 204800 B
[2026-04-19T03:26:52.971Z INFO  worker::batch_maker] Batch ZYgg9Iwd1G8rASdfh9LvRijs1/Olzdm8Ozg6jtOD4BA= contains sample tx 2364
[2026-04-19T03:26:52.971Z INFO  worker::batch_maker] Batch ZYgg9Iwd1G8rASdfh9LvRijs1/Olzdm8Ozg6jtOD4BA= contains 204800 B
[2026-04-19T03:26:53.022Z INFO  worker::batch_maker] Batch GfqCwC+8odzsT9zYuIA8cFVsvTlV14wKbFJSqUj7vAg= contains sample tx 2365
[2026-04-19T03:26:53.022Z INFO  worker::batch_maker] Batch GfqCwC+8odzsT9zYuIA8cFVsvTlV14wKbFJSqUj7vAg= contains 204800 B
[2026-04-19T03:26:53.074Z INFO  worker::batch_maker] Batch VtSPm3fPBR79U8QvrC5G2ahwV5kHIFmFb0aMAZiepY4= contains sample tx 2366
[2026-04-19T03:26:53.074Z INFO  worker::batch_maker] Batch VtSPm3fPBR79U8QvrC5G2ahwV5kHIFmFb0aMAZiepY4= contains 204800 B
[2026-04-19T03:26:53.126Z INFO  worker::batch_maker] Batch DE3DOhXKFUyU+543Z+fRuMp5a+JU8rWdRu+Q2816C1s= contains sample tx 2367
[2026-04-19T03:26:53.126Z INFO  worker::batch_maker] Batch DE3DOhXKFUyU+543Z+fRuMp5a+JU8rWdRu+Q2816C1s= contains 204800 B
[2026-04-19T03:26:53.178Z INFO  worker::batch_maker] Batch etNJIwm4jIfFhRn4QVJI+WCzSH6xA+P4EfAtpA2V0iQ= contains sample tx 2368
[2026-04-19T03:26:53.178Z INFO  worker::batch_maker] Batch etNJIwm4jIfFhRn4QVJI+WCzSH6xA+P4EfAtpA2V0iQ= contains 204800 B
[2026-04-19T03:26:53.231Z INFO  worker::batch_maker] Batch ixX3kt/o/Bv9iSFRFls93WDp37jTRPsnT13R7KA5YOo= contains sample tx 2369
[2026-04-19T03:26:53.231Z INFO  worker::batch_maker] Batch ixX3kt/o/Bv9iSFRFls93WDp37jTRPsnT13R7KA5YOo= contains 204800 B
[2026-04-19T03:26:53.284Z INFO  worker::batch_maker] Batch FB9hwal+yJ55goiC+8+8tl+0p7lebkGNHhslGrWctGc= contains sample tx 2370
[2026-04-19T03:26:53.284Z INFO  worker::batch_maker] Batch FB9hwal+yJ55goiC+8+8tl+0p7lebkGNHhslGrWctGc= contains 204800 B
[2026-04-19T03:26:53.336Z INFO  worker::batch_maker] Batch x9QqdBBDxO01twDGw1DHMjU2dw5avhziquq1IU4HAvs= contains sample tx 2371
[2026-04-19T03:26:53.336Z INFO  worker::batch_maker] Batch x9QqdBBDxO01twDGw1DHMjU2dw5avhziquq1IU4HAvs= contains 204800 B
[2026-04-19T03:26:53.388Z INFO  worker::batch_maker] Batch ZYH5KzOtzRxQAcnBcYDVRgvFOuwvffnhvWIpSkG0Jgs= contains sample tx 2372
[2026-04-19T03:26:53.388Z INFO  worker::batch_maker] Batch ZYH5KzOtzRxQAcnBcYDVRgvFOuwvffnhvWIpSkG0Jgs= contains 204800 B
[2026-04-19T03:26:53.441Z INFO  worker::batch_maker] Batch Jdg1a7DIfNsOG6WjonXmnPtj9/xMf3v0ya/9Hk5Q7tY= contains sample tx 2373
[2026-04-19T03:26:53.441Z INFO  worker::batch_maker] Batch Jdg1a7DIfNsOG6WjonXmnPtj9/xMf3v0ya/9Hk5Q7tY= contains 204800 B
[2026-04-19T03:26:53.494Z INFO  worker::batch_maker] Batch 7Mjw8R7vZA/d2/66JfC6RKT17lybrVpjoVGsjtuq2dw= contains sample tx 2374
[2026-04-19T03:26:53.494Z INFO  worker::batch_maker] Batch 7Mjw8R7vZA/d2/66JfC6RKT17lybrVpjoVGsjtuq2dw= contains 204800 B
[2026-04-19T03:26:53.547Z INFO  worker::batch_maker] Batch vekW0H5BUJq0yzOOonAr/dFophltpScs+NHuz5qjhr4= contains sample tx 2375
[2026-04-19T03:26:53.547Z INFO  worker::batch_maker] Batch vekW0H5BUJq0yzOOonAr/dFophltpScs+NHuz5qjhr4= contains 204800 B
[2026-04-19T03:26:53.601Z INFO  worker::batch_maker] Batch LNOKP9hFfCm+DyGUlplTJ+zS6UVSHPzzatg+C4NUj3c= contains sample tx 2376
[2026-04-19T03:26:53.601Z INFO  worker::batch_maker] Batch LNOKP9hFfCm+DyGUlplTJ+zS6UVSHPzzatg+C4NUj3c= contains sample tx 2377
[2026-04-19T03:26:53.601Z INFO  worker::batch_maker] Batch LNOKP9hFfCm+DyGUlplTJ+zS6UVSHPzzatg+C4NUj3c= contains 409600 B
[2026-04-19T03:26:53.653Z INFO  worker::batch_maker] Batch QjcAhLWScJZUQJr6Puj/WZl6a7/9KbN/73Nw9GnfoPw= contains sample tx 2378
[2026-04-19T03:26:53.653Z INFO  worker::batch_maker] Batch QjcAhLWScJZUQJr6Puj/WZl6a7/9KbN/73Nw9GnfoPw= contains 204800 B
[2026-04-19T03:26:53.705Z INFO  worker::batch_maker] Batch RzMljbrstKce2atH/U9x/FQziyPs8ZQZ64q/ajVBeqY= contains sample tx 2379
[2026-04-19T03:26:53.705Z INFO  worker::batch_maker] Batch RzMljbrstKce2atH/U9x/FQziyPs8ZQZ64q/ajVBeqY= contains 204800 B
[2026-04-19T03:26:53.757Z INFO  worker::batch_maker] Batch f9mcnxanDwCugzimAzcNTp16zOb718995NBjPqEIsbY= contains sample tx 2380
[2026-04-19T03:26:53.757Z INFO  worker::batch_maker] Batch f9mcnxanDwCugzimAzcNTp16zOb718995NBjPqEIsbY= contains 204800 B
[2026-04-19T03:26:53.810Z INFO  worker::batch_maker] Batch kWK5ZFHCdtyYJZJzQofMeUJCKjIRGsKEicbXEtc/CjQ= contains sample tx 2381
[2026-04-19T03:26:53.810Z INFO  worker::batch_maker] Batch kWK5ZFHCdtyYJZJzQofMeUJCKjIRGsKEicbXEtc/CjQ= contains 204800 B
[2026-04-19T03:26:53.863Z INFO  worker::batch_maker] Batch yJMtDUHvtNPblw14iolSgRfqKZlrwxv79/Y+aUj3Zvs= contains sample tx 2382
[2026-04-19T03:26:53.863Z INFO  worker::batch_maker] Batch yJMtDUHvtNPblw14iolSgRfqKZlrwxv79/Y+aUj3Zvs= contains 204800 B
[2026-04-19T03:26:53.917Z INFO  worker::batch_maker] Batch XBAJlZEV6TcQjmufaaCQzSiERHGwiWzRUfTE5Ig8oqE= contains sample tx 2383
[2026-04-19T03:26:53.917Z INFO  worker::batch_maker] Batch XBAJlZEV6TcQjmufaaCQzSiERHGwiWzRUfTE5Ig8oqE= contains 204800 B
[2026-04-19T03:26:53.970Z INFO  worker::batch_maker] Batch PTX6B22RF1yifjY8Jf0KcGb8xM/MAKn2+CtIUaQJKPs= contains sample tx 2384
[2026-04-19T03:26:53.970Z INFO  worker::batch_maker] Batch PTX6B22RF1yifjY8Jf0KcGb8xM/MAKn2+CtIUaQJKPs= contains 204800 B
[2026-04-19T03:26:54.023Z INFO  worker::batch_maker] Batch 7KHzUvEuKs15r0dCWBAlJgsQFAbGUxyHbCJWwG/zeGA= contains sample tx 2385
[2026-04-19T03:26:54.023Z INFO  worker::batch_maker] Batch 7KHzUvEuKs15r0dCWBAlJgsQFAbGUxyHbCJWwG/zeGA= contains 204800 B
[2026-04-19T03:26:54.076Z INFO  worker::batch_maker] Batch El+ZaRFfjXNcSSjis+nWnve1Z2WwvwBKtpo5Bucy2kw= contains sample tx 2386
[2026-04-19T03:26:54.076Z INFO  worker::batch_maker] Batch El+ZaRFfjXNcSSjis+nWnve1Z2WwvwBKtpo5Bucy2kw= contains 204800 B
[2026-04-19T03:26:54.128Z INFO  worker::batch_maker] Batch n5bM/ArBUPrja8djqIu0vdyyny46z6MM4uNpKN1Uy7A= contains sample tx 2387
[2026-04-19T03:26:54.128Z INFO  worker::batch_maker] Batch n5bM/ArBUPrja8djqIu0vdyyny46z6MM4uNpKN1Uy7A= contains 204800 B
[2026-04-19T03:26:54.181Z INFO  worker::batch_maker] Batch SBPE8I7OIVqHDdAtAxTSI4IIA1eOxNVNtB40GBD72no= contains sample tx 2388
[2026-04-19T03:26:54.181Z INFO  worker::batch_maker] Batch SBPE8I7OIVqHDdAtAxTSI4IIA1eOxNVNtB40GBD72no= contains 204800 B
[2026-04-19T03:26:54.234Z INFO  worker::batch_maker] Batch +JRyyAjoQNt0iUEju4XFl3+SDwhj0VOBXPT/POizX6U= contains sample tx 2389
[2026-04-19T03:26:54.234Z INFO  worker::batch_maker] Batch +JRyyAjoQNt0iUEju4XFl3+SDwhj0VOBXPT/POizX6U= contains 204800 B
[2026-04-19T03:26:54.287Z INFO  worker::batch_maker] Batch aCj06rTpFuOY/kjvfLJxXM3Q4CJSxzf407eRbpkrZbc= contains sample tx 2390
[2026-04-19T03:26:54.287Z INFO  worker::batch_maker] Batch aCj06rTpFuOY/kjvfLJxXM3Q4CJSxzf407eRbpkrZbc= contains 204800 B
[2026-04-19T03:26:54.342Z INFO  worker::batch_maker] Batch oJNVTYDHEkiLef50EGiYVP3HKpOmIvdfJbcHMBSUdWk= contains sample tx 2391
[2026-04-19T03:26:54.342Z INFO  worker::batch_maker] Batch oJNVTYDHEkiLef50EGiYVP3HKpOmIvdfJbcHMBSUdWk= contains 204800 B
[2026-04-19T03:26:54.395Z INFO  worker::batch_maker] Batch mP0dHyD2jUKPduFEysvhRXFdZe42brbbA3RZw25oaxw= contains sample tx 2392
[2026-04-19T03:26:54.395Z INFO  worker::batch_maker] Batch mP0dHyD2jUKPduFEysvhRXFdZe42brbbA3RZw25oaxw= contains 204800 B
[2026-04-19T03:26:54.447Z INFO  worker::batch_maker] Batch XGWJgTLVAfKQJQyfoeNMsD+uafnDscJHZ4v78Qv8JHQ= contains sample tx 2393
[2026-04-19T03:26:54.456Z INFO  worker::batch_maker] Batch XGWJgTLVAfKQJQyfoeNMsD+uafnDscJHZ4v78Qv8JHQ= contains 204800 B
[2026-04-19T03:26:54.510Z INFO  worker::batch_maker] Batch qkMOQNNfAeEHQcLhPft2HE8Oxg6m6qBDc/JL3iYDVok= contains sample tx 2394
[2026-04-19T03:26:54.510Z INFO  worker::batch_maker] Batch qkMOQNNfAeEHQcLhPft2HE8Oxg6m6qBDc/JL3iYDVok= contains sample tx 2395
[2026-04-19T03:26:54.510Z INFO  worker::batch_maker] Batch qkMOQNNfAeEHQcLhPft2HE8Oxg6m6qBDc/JL3iYDVok= contains 409600 B
[2026-04-19T03:26:54.563Z INFO  worker::batch_maker] Batch FFa9qLYxujLG2EtTJ/fcQzqFXvju8NfyxNTwm+RcEI4= contains sample tx 2396
[2026-04-19T03:26:54.563Z INFO  worker::batch_maker] Batch FFa9qLYxujLG2EtTJ/fcQzqFXvju8NfyxNTwm+RcEI4= contains 204800 B
[2026-04-19T03:26:54.617Z INFO  worker::batch_maker] Batch 8oRqSmA9Hn0o05A03EAVJO0gKVeP6WaykMjjyXFAnOQ= contains sample tx 2397
[2026-04-19T03:26:54.617Z INFO  worker::batch_maker] Batch 8oRqSmA9Hn0o05A03EAVJO0gKVeP6WaykMjjyXFAnOQ= contains 204800 B
[2026-04-19T03:26:54.671Z INFO  worker::batch_maker] Batch ta9rHh7MJR9obM2MKzszNqiHseVddmuy8SqH3QGRF5Q= contains sample tx 2398
[2026-04-19T03:26:54.672Z INFO  worker::batch_maker] Batch ta9rHh7MJR9obM2MKzszNqiHseVddmuy8SqH3QGRF5Q= contains 204800 B
[2026-04-19T03:26:54.725Z INFO  worker::batch_maker] Batch 87TBFqdhEmdpGbHc29XvBwunVJphfUJ03k3sTghpJqc= contains sample tx 2399
[2026-04-19T03:26:54.725Z INFO  worker::batch_maker] Batch 87TBFqdhEmdpGbHc29XvBwunVJphfUJ03k3sTghpJqc= contains 204800 B
[2026-04-19T03:26:54.778Z INFO  worker::batch_maker] Batch 0/I88gz8sbCYkTe2sn0I1T+eMWofTS+zZ6XfQqtrSkg= contains sample tx 2400
[2026-04-19T03:26:54.778Z INFO  worker::batch_maker] Batch 0/I88gz8sbCYkTe2sn0I1T+eMWofTS+zZ6XfQqtrSkg= contains 204800 B
[2026-04-19T03:26:54.829Z INFO  worker::batch_maker] Batch /mhX8LaOxX9TgXT/0hgByNk6MB6V7cTxaeXymjj/R5I= contains sample tx 2401
[2026-04-19T03:26:54.829Z INFO  worker::batch_maker] Batch /mhX8LaOxX9TgXT/0hgByNk6MB6V7cTxaeXymjj/R5I= contains 204800 B
[2026-04-19T03:26:54.882Z INFO  worker::batch_maker] Batch eFsgRaoAfKiJO/kWie3/x5+Q/x3kGct6G5glLW0+UoQ= contains sample tx 2402
[2026-04-19T03:26:54.882Z INFO  worker::batch_maker] Batch eFsgRaoAfKiJO/kWie3/x5+Q/x3kGct6G5glLW0+UoQ= contains 204800 B
[2026-04-19T03:26:54.934Z INFO  worker::batch_maker] Batch d7exdAAQ62NqqazA4uXgScq9z3dzHDnzVfCyDc8fCtY= contains sample tx 2403
[2026-04-19T03:26:54.961Z INFO  worker::batch_maker] Batch d7exdAAQ62NqqazA4uXgScq9z3dzHDnzVfCyDc8fCtY= contains 204800 B
[2026-04-19T03:26:55.013Z INFO  worker::batch_maker] Batch mY34MneVVUbevTh4hxhHUg36OdmyGr7doE34O62j52w= contains sample tx 2404
[2026-04-19T03:26:55.013Z INFO  worker::batch_maker] Batch mY34MneVVUbevTh4hxhHUg36OdmyGr7doE34O62j52w= contains sample tx 2405
[2026-04-19T03:26:55.013Z INFO  worker::batch_maker] Batch mY34MneVVUbevTh4hxhHUg36OdmyGr7doE34O62j52w= contains 409600 B
[2026-04-19T03:26:55.065Z INFO  worker::batch_maker] Batch NVRDARiWUyui3vLx0Sq0jrxkzi+nJMU/ONbTR2UP9+I= contains sample tx 2406
[2026-04-19T03:26:55.065Z INFO  worker::batch_maker] Batch NVRDARiWUyui3vLx0Sq0jrxkzi+nJMU/ONbTR2UP9+I= contains 204800 B
[2026-04-19T03:26:55.118Z INFO  worker::batch_maker] Batch Ab+T+VUZXldr1vovu4UpNjc6Kr6az/5UsmAdxa4wLTU= contains sample tx 2407
[2026-04-19T03:26:55.118Z INFO  worker::batch_maker] Batch Ab+T+VUZXldr1vovu4UpNjc6Kr6az/5UsmAdxa4wLTU= contains 204800 B
[2026-04-19T03:26:55.172Z INFO  worker::batch_maker] Batch E5G3b2D7zPKjnGBs9/90vsch24nAs+2xqV548ULGGu8= contains sample tx 2408
[2026-04-19T03:26:55.172Z INFO  worker::batch_maker] Batch E5G3b2D7zPKjnGBs9/90vsch24nAs+2xqV548ULGGu8= contains 204800 B
[2026-04-19T03:26:55.224Z INFO  worker::batch_maker] Batch DwAZWJk8mcf2gSZeDaPq1RkyhclRVM8/US8xg7zekeE= contains sample tx 2409
[2026-04-19T03:26:55.224Z INFO  worker::batch_maker] Batch DwAZWJk8mcf2gSZeDaPq1RkyhclRVM8/US8xg7zekeE= contains 204800 B
[2026-04-19T03:26:55.277Z INFO  worker::batch_maker] Batch YEbNnBDocLzUXPG5JXM0K1O8PaAKFxy64ZpWYQSUyB8= contains sample tx 2410
[2026-04-19T03:26:55.277Z INFO  worker::batch_maker] Batch YEbNnBDocLzUXPG5JXM0K1O8PaAKFxy64ZpWYQSUyB8= contains 204800 B
[2026-04-19T03:26:55.329Z INFO  worker::batch_maker] Batch ogM8T/9EftkFFk9r1FLQmadBFsQMHaVmOrVbaC31PIo= contains sample tx 2411
[2026-04-19T03:26:55.329Z INFO  worker::batch_maker] Batch ogM8T/9EftkFFk9r1FLQmadBFsQMHaVmOrVbaC31PIo= contains 204800 B
[2026-04-19T03:26:55.382Z INFO  worker::batch_maker] Batch q7DUJklRKuk199zTp4Fqsq406WwagnR/dARoUY8+gKg= contains sample tx 2412
[2026-04-19T03:26:55.382Z INFO  worker::batch_maker] Batch q7DUJklRKuk199zTp4Fqsq406WwagnR/dARoUY8+gKg= contains 204800 B
[2026-04-19T03:26:55.404Z WARN  network::simple_sender] Failed to receive ACK from 10.10.1.4:5016
[2026-04-19T03:26:55.405Z WARN  network::receiver] Connection closed by peer 10.10.1.4:48362
[2026-04-19T03:26:55.407Z WARN  network::simple_sender] Failed to connect to 10.10.1.4:5016 (retry 0): Connection refused (os error 111)
[2026-04-19T03:26:55.417Z WARN  network::receiver] Connection closed by peer 10.10.1.9:57342
[2026-04-19T03:26:55.420Z WARN  network::simple_sender] Failed to connect to 10.10.1.4:5016 (retry 0): Connection refused (os error 111)
[2026-04-19T03:26:55.422Z WARN  network::receiver] Connection closed by peer 10.10.1.7:59568
[2026-04-19T03:26:55.423Z WARN  network::simple_sender] Failed to connect to 10.10.1.4:5016 (retry 0): Connection refused (os error 111)
[2026-04-19T03:26:55.424Z WARN  network::simple_sender] Failed to connect to 10.10.1.4:5016 (retry 0): Connection refused (os error 111)
[2026-04-19T03:26:55.427Z WARN  network::receiver] Connection closed by peer 10.10.1.8:50620
[2026-04-19T03:26:55.428Z WARN  network::receiver] Connection closed by peer 10.10.1.10:35374
[2026-04-19T03:26:55.434Z INFO  worker::batch_maker] Batch dLv6wuTmgbVjYWx9i8VvSxh6Xe4FPsr2BbpNxq4T9a4= contains sample tx 2413
[2026-04-19T03:26:55.434Z INFO  worker::batch_maker] Batch dLv6wuTmgbVjYWx9i8VvSxh6Xe4FPsr2BbpNxq4T9a4= contains 204800 B
[2026-04-19T03:26:55.434Z WARN  network::receiver] Connection closed by peer 10.10.1.3:52196
[2026-04-19T03:26:55.436Z WARN  network::receiver] Connection closed by peer 10.10.1.5:47174
[2026-04-19T03:26:55.436Z WARN  network::simple_sender] Failed to connect to 10.10.1.4:5016 (retry 0): Connection refused (os error 111)
[2026-04-19T03:26:55.439Z WARN  network::receiver] Connection closed by peer 10.10.1.2:51394
[2026-04-19T03:26:55.439Z WARN  network::simple_sender] Failed to connect to 10.10.1.4:5016 (retry 0): Connection refused (os error 111)
[2026-04-19T03:26:55.442Z WARN  network::receiver] Connection closed by peer 10.10.1.1:53454
[2026-04-19T03:26:55.442Z WARN  network::simple_sender] Failed to connect to 10.10.1.4:5016 (retry 0): Connection refused (os error 111)
[2026-04-19T03:26:55.443Z WARN  network::simple_sender] Failed to connect to 10.10.1.4:5016 (retry 0): Connection refused (os error 111)
[2026-04-19T03:26:55.443Z WARN  network::simple_sender] Failed to connect to 10.10.1.4:5016 (retry 0): Connection refused (os error 111)
[2026-04-19T03:26:55.459Z WARN  network::simple_sender] Failed to connect to 10.10.1.4:5016 (retry 0): Connection refused (os error 111)
[2026-04-19T03:26:55.459Z WARN  network::simple_sender] Failed to connect to 10.10.1.4:5016 (retry 0): Connection refused (os error 111)
[2026-04-19T03:26:55.467Z WARN  network::receiver] Connection closed by peer 10.10.1.6:34956
[2026-04-19T03:26:55.475Z WARN  network::simple_sender] Failed to connect to 10.10.1.4:5016 (retry 0): Connection refused (os error 111)
[2026-04-19T03:26:55.477Z WARN  network::simple_sender] Failed to connect to 10.10.1.4:5016 (retry 0): Connection refused (os error 111)
[2026-04-19T03:26:55.480Z WARN  network::simple_sender] Failed to connect to 10.10.1.4:5016 (retry 0): Connection refused (os error 111)
[2026-04-19T03:26:55.485Z INFO  worker::batch_maker] Batch 9UfqocN+TImTNpJUYLvx5frINFXmvEV91oMb11e2dU4= contains sample tx 2414
[2026-04-19T03:26:55.485Z INFO  worker::batch_maker] Batch 9UfqocN+TImTNpJUYLvx5frINFXmvEV91oMb11e2dU4= contains 204800 B
[2026-04-19T03:26:55.488Z WARN  network::simple_sender] Failed to connect to 10.10.1.4:5016 (retry 0): Connection refused (os error 111)
[2026-04-19T03:26:55.491Z WARN  network::simple_sender] Failed to connect to 10.10.1.4:5016 (retry 0): Connection refused (os error 111)
[2026-04-19T03:26:55.495Z WARN  network::simple_sender] Failed to connect to 10.10.1.4:5016 (retry 0): Connection refused (os error 111)
[2026-04-19T03:26:55.495Z WARN  network::simple_sender] Failed to connect to 10.10.1.4:5016 (retry 0): Connection refused (os error 111)
[2026-04-19T03:26:55.510Z WARN  network::simple_sender] Failed to connect to 10.10.1.4:5016 (retry 0): Connection refused (os error 111)
[2026-04-19T03:26:55.514Z WARN  network::simple_sender] Failed to connect to 10.10.1.4:5016 (retry 0): Connection refused (os error 111)
[2026-04-19T03:26:55.515Z WARN  network::simple_sender] Failed to connect to 10.10.1.4:5016 (retry 0): Connection refused (os error 111)
[2026-04-19T03:26:55.527Z WARN  network::simple_sender] Failed to connect to 10.10.1.4:5016 (retry 0): Connection refused (os error 111)
[2026-04-19T03:26:55.529Z WARN  network::simple_sender] Failed to connect to 10.10.1.4:5016 (retry 0): Connection refused (os error 111)
[2026-04-19T03:26:55.530Z WARN  network::simple_sender] Failed to connect to 10.10.1.4:5016 (retry 0): Connection refused (os error 111)
[2026-04-19T03:26:55.537Z INFO  worker::batch_maker] Batch RnGXUJzyTSyjMvAUxxJHL1H4YmuTzC7jqmU12hLp/KU= contains sample tx 2415
[2026-04-19T03:26:55.537Z INFO  worker::batch_maker] Batch RnGXUJzyTSyjMvAUxxJHL1H4YmuTzC7jqmU12hLp/KU= contains 204800 B
[2026-04-19T03:26:55.541Z WARN  network::simple_sender] Failed to connect to 10.10.1.4:5016 (retry 0): Connection refused (os error 111)
[2026-04-19T03:26:55.543Z WARN  network::simple_sender] Failed to connect to 10.10.1.4:5016 (retry 0): Connection refused (os error 111)
[2026-04-19T03:26:55.547Z WARN  network::simple_sender] Failed to connect to 10.10.1.4:5016 (retry 0): Connection refused (os error 111)
[2026-04-19T03:26:55.549Z WARN  network::simple_sender] Failed to connect to 10.10.1.4:5016 (retry 0): Connection refused (os error 111)
[2026-04-19T03:26:55.564Z WARN  network::simple_sender] Failed to connect to 10.10.1.4:5016 (retry 0): Connection refused (os error 111)
[2026-04-19T03:26:55.571Z WARN  network::simple_sender] Failed to connect to 10.10.1.4:5016 (retry 0): Connection refused (os error 111)
[2026-04-19T03:26:55.573Z WARN  network::simple_sender] Failed to connect to 10.10.1.4:5016 (retry 0): Connection refused (os error 111)
[2026-04-19T03:26:55.578Z WARN  network::simple_sender] Failed to connect to 10.10.1.4:5016 (retry 0): Connection refused (os error 111)
[2026-04-19T03:26:55.584Z WARN  network::simple_sender] Failed to connect to 10.10.1.4:5016 (retry 0): Connection refused (os error 111)
[2026-04-19T03:26:55.586Z WARN  network::simple_sender] Failed to connect to 10.10.1.4:5016 (retry 0): Connection refused (os error 111)
[2026-04-19T03:26:55.591Z INFO  worker::batch_maker] Batch Mw5In1IzoH0e2AQ1ZATRRh2vT+eKBULF/m9JCqm83Fo= contains sample tx 2416
[2026-04-19T03:26:55.591Z INFO  worker::batch_maker] Batch Mw5In1IzoH0e2AQ1ZATRRh2vT+eKBULF/m9JCqm83Fo= contains 204800 B
[2026-04-19T03:26:55.594Z WARN  network::simple_sender] Failed to connect to 10.10.1.4:5016 (retry 0): Connection refused (os error 111)
[2026-04-19T03:26:55.595Z WARN  network::simple_sender] Failed to connect to 10.10.1.4:5016 (retry 0): Connection refused (os error 111)
[2026-04-19T03:26:55.598Z WARN  network::simple_sender] Failed to connect to 10.10.1.4:5016 (retry 0): Connection refused (os error 111)
[2026-04-19T03:26:55.600Z WARN  network::simple_sender] Failed to connect to 10.10.1.4:5016 (retry 0): Connection refused (os error 111)
[2026-04-19T03:26:55.618Z WARN  network::simple_sender] Failed to connect to 10.10.1.4:5016 (retry 0): Connection refused (os error 111)
[2026-04-19T03:26:55.621Z WARN  network::simple_sender] Failed to connect to 10.10.1.4:5016 (retry 0): Connection refused (os error 111)
[2026-04-19T03:26:55.622Z WARN  network::simple_sender] Failed to connect to 10.10.1.4:5016 (retry 0): Connection refused (os error 111)
[2026-04-19T03:26:55.632Z WARN  network::simple_sender] Failed to connect to 10.10.1.4:5016 (retry 0): Connection refused (os error 111)
[2026-04-19T03:26:55.634Z WARN  network::simple_sender] Failed to connect to 10.10.1.4:5016 (retry 0): Connection refused (os error 111)
[2026-04-19T03:26:55.637Z WARN  network::simple_sender] Failed to connect to 10.10.1.4:5016 (retry 0): Connection refused (os error 111)
[2026-04-19T03:26:55.643Z INFO  worker::batch_maker] Batch WUfHPipBlEo5zkv5z8nb5shE/sGKOv/nmxgyUFDRmao= contains sample tx 2417
[2026-04-19T03:26:55.643Z INFO  worker::batch_maker] Batch WUfHPipBlEo5zkv5z8nb5shE/sGKOv/nmxgyUFDRmao= contains 204800 B
[2026-04-19T03:26:55.645Z WARN  network::simple_sender] Failed to connect to 10.10.1.4:5016 (retry 0): Connection refused (os error 111)
[2026-04-19T03:26:55.647Z WARN  network::simple_sender] Failed to connect to 10.10.1.4:5016 (retry 0): Connection refused (os error 111)
[2026-04-19T03:26:55.650Z WARN  network::simple_sender] Failed to connect to 10.10.1.4:5016 (retry 0): Connection refused (os error 111)
[2026-04-19T03:26:55.651Z WARN  network::simple_sender] Failed to connect to 10.10.1.4:5016 (retry 0): Connection refused (os error 111)
[2026-04-19T03:26:55.671Z WARN  network::simple_sender] Failed to connect to 10.10.1.4:5016 (retry 0): Connection refused (os error 111)
[2026-04-19T03:26:55.677Z WARN  network::simple_sender] Failed to connect to 10.10.1.4:5016 (retry 0): Connection refused (os error 111)
[2026-04-19T03:26:55.679Z WARN  network::simple_sender] Failed to connect to 10.10.1.4:5016 (retry 0): Connection refused (os error 111)
[2026-04-19T03:26:55.685Z WARN  network::simple_sender] Failed to connect to 10.10.1.4:5016 (retry 0): Connection refused (os error 111)
[2026-04-19T03:26:55.688Z WARN  network::simple_sender] Failed to connect to 10.10.1.4:5016 (retry 0): Connection refused (os error 111)
[2026-04-19T03:26:55.692Z WARN  network::simple_sender] Failed to connect to 10.10.1.4:5016 (retry 0): Connection refused (os error 111)
[2026-04-19T03:26:55.696Z INFO  worker::batch_maker] Batch gaF0zub80mYhGuOMcJFqGNTTtbVZ0QKhs5BZUnQkVig= contains sample tx 2418
[2026-04-19T03:26:55.696Z INFO  worker::batch_maker] Batch gaF0zub80mYhGuOMcJFqGNTTtbVZ0QKhs5BZUnQkVig= contains 204800 B
[2026-04-19T03:26:55.699Z WARN  network::simple_sender] Failed to connect to 10.10.1.4:5016 (retry 0): Connection refused (os error 111)
[2026-04-19T03:26:55.700Z WARN  network::simple_sender] Failed to connect to 10.10.1.4:5016 (retry 0): Connection refused (os error 111)
[2026-04-19T03:26:55.702Z WARN  network::simple_sender] Failed to connect to 10.10.1.4:5016 (retry 0): Connection refused (os error 111)
[2026-04-19T03:26:55.704Z WARN  network::simple_sender] Failed to connect to 10.10.1.4:5016 (retry 0): Connection refused (os error 111)
[2026-04-19T03:26:55.723Z WARN  network::simple_sender] Failed to connect to 10.10.1.4:5016 (retry 0): Connection refused (os error 111)
[2026-04-19T03:26:55.730Z WARN  network::simple_sender] Failed to connect to 10.10.1.4:5016 (retry 0): Connection refused (os error 111)
[2026-04-19T03:26:55.734Z WARN  network::simple_sender] Failed to connect to 10.10.1.4:5016 (retry 0): Connection refused (os error 111)
[2026-04-19T03:26:55.736Z WARN  network::simple_sender] Failed to connect to 10.10.1.4:5016 (retry 0): Connection refused (os error 111)
[2026-04-19T03:26:55.739Z WARN  network::simple_sender] Failed to connect to 10.10.1.4:5016 (retry 0): Connection refused (os error 111)
[2026-04-19T03:26:55.742Z WARN  network::simple_sender] Failed to connect to 10.10.1.4:5016 (retry 0): Connection refused (os error 111)
[2026-04-19T03:26:55.747Z INFO  worker::batch_maker] Batch Lq7ybYAk41wMpL93BFdefTsji/4moXG3GGS1xdSwaYU= contains sample tx 2419
[2026-04-19T03:26:55.747Z INFO  worker::batch_maker] Batch Lq7ybYAk41wMpL93BFdefTsji/4moXG3GGS1xdSwaYU= contains 204800 B
[2026-04-19T03:26:55.750Z WARN  network::simple_sender] Failed to connect to 10.10.1.4:5016 (retry 0): Connection refused (os error 111)
[2026-04-19T03:26:55.756Z WARN  network::simple_sender] Failed to connect to 10.10.1.4:5016 (retry 0): Connection refused (os error 111)
[2026-04-19T03:26:55.757Z WARN  network::simple_sender] Failed to connect to 10.10.1.4:5016 (retry 0): Connection refused (os error 111)
[2026-04-19T03:26:55.760Z WARN  network::simple_sender] Failed to connect to 10.10.1.4:5016 (retry 0): Connection refused (os error 111)
[2026-04-19T03:26:55.777Z WARN  network::simple_sender] Failed to connect to 10.10.1.4:5016 (retry 0): Connection refused (os error 111)
[2026-04-19T03:26:55.789Z WARN  network::simple_sender] Failed to connect to 10.10.1.4:5016 (retry 0): Connection refused (os error 111)
[2026-04-19T03:26:55.792Z WARN  network::simple_sender] Failed to connect to 10.10.1.4:5016 (retry 0): Connection refused (os error 111)
[2026-04-19T03:26:55.800Z INFO  worker::batch_maker] Batch zBgcDEk7m1XBLsJJlK/mWitGPmi1F8Jos9f2tgcz0TQ= contains sample tx 2420
[2026-04-19T03:26:55.800Z INFO  worker::batch_maker] Batch zBgcDEk7m1XBLsJJlK/mWitGPmi1F8Jos9f2tgcz0TQ= contains sample tx 2421
[2026-04-19T03:26:55.800Z INFO  worker::batch_maker] Batch zBgcDEk7m1XBLsJJlK/mWitGPmi1F8Jos9f2tgcz0TQ= contains 371200 B
[2026-04-19T03:26:55.803Z WARN  network::simple_sender] Failed to connect to 10.10.1.4:5016 (retry 0): Connection refused (os error 111)
[2026-04-19T03:26:55.805Z WARN  network::simple_sender] Failed to connect to 10.10.1.4:5016 (retry 0): Connection refused (os error 111)
[2026-04-19T03:26:55.807Z WARN  network::simple_sender] Failed to connect to 10.10.1.4:5016 (retry 0): Connection refused (os error 111)
[2026-04-19T03:26:55.809Z WARN  network::simple_sender] Failed to connect to 10.10.1.4:5016 (retry 0): Connection refused (os error 111)
[2026-04-19T03:26:55.810Z WARN  network::simple_sender] Failed to connect to 10.10.1.4:5016 (retry 0): Connection refused (os error 111)
[2026-04-19T03:26:55.824Z WARN  network::simple_sender] Failed to connect to 10.10.1.4:5016 (retry 0): Connection refused (os error 111)
[2026-04-19T03:26:55.831Z WARN  network::simple_sender] Failed to connect to 10.10.1.4:5016 (retry 0): Connection refused (os error 111)
[2026-04-19T03:26:55.837Z WARN  network::simple_sender] Failed to connect to 10.10.1.4:5016 (retry 0): Connection refused (os error 111)
[2026-04-19T03:26:55.843Z WARN  network::simple_sender] Failed to connect to 10.10.1.4:5016 (retry 0): Connection refused (os error 111)
[2026-04-19T03:26:55.847Z WARN  network::simple_sender] Failed to connect to 10.10.1.4:5016 (retry 0): Connection refused (os error 111)
[2026-04-19T03:26:55.852Z INFO  worker::batch_maker] Batch Jry/nBpIAH+DaCarZCmHPjleW+We9rsbfk0Tg9BR+8s= contains sample tx 2422
[2026-04-19T03:26:55.852Z INFO  worker::batch_maker] Batch Jry/nBpIAH+DaCarZCmHPjleW+We9rsbfk0Tg9BR+8s= contains 243200 B
[2026-04-19T03:26:55.854Z WARN  network::simple_sender] Failed to connect to 10.10.1.4:5016 (retry 0): Connection refused (os error 111)
[2026-04-19T03:26:55.855Z WARN  network::simple_sender] Failed to connect to 10.10.1.4:5016 (retry 0): Connection refused (os error 111)
[2026-04-19T03:26:55.859Z WARN  network::simple_sender] Failed to connect to 10.10.1.4:5016 (retry 0): Connection refused (os error 111)
[2026-04-19T03:26:55.862Z WARN  network::simple_sender] Failed to connect to 10.10.1.4:5016 (retry 0): Connection refused (os error 111)
[2026-04-19T03:26:55.866Z WARN  network::simple_sender] Failed to connect to 10.10.1.4:5016 (retry 0): Connection refused (os error 111)
[2026-04-19T03:26:55.882Z WARN  network::simple_sender] Failed to connect to 10.10.1.4:5016 (retry 0): Connection refused (os error 111)
[2026-04-19T03:26:55.884Z WARN  network::simple_sender] Failed to connect to 10.10.1.4:5016 (retry 0): Connection refused (os error 111)
[2026-04-19T03:26:55.886Z WARN  network::simple_sender] Failed to connect to 10.10.1.4:5016 (retry 0): Connection refused (os error 111)
[2026-04-19T03:26:55.897Z WARN  network::simple_sender] Failed to connect to 10.10.1.4:5016 (retry 0): Connection refused (os error 111)
[2026-04-19T03:26:55.900Z WARN  network::simple_sender] Failed to connect to 10.10.1.4:5016 (retry 0): Connection refused (os error 111)
[2026-04-19T03:26:55.905Z INFO  worker::batch_maker] Batch 9RFuM4g38K96ZQh8mlh6BRaSBt0+fsVyN35lslN23b8= contains sample tx 2423
[2026-04-19T03:26:55.905Z INFO  worker::batch_maker] Batch 9RFuM4g38K96ZQh8mlh6BRaSBt0+fsVyN35lslN23b8= contains 204800 B
[2026-04-19T03:26:55.908Z WARN  network::simple_sender] Failed to connect to 10.10.1.4:5016 (retry 0): Connection refused (os error 111)
[2026-04-19T03:26:55.908Z WARN  network::simple_sender] Failed to connect to 10.10.1.4:5016 (retry 0): Connection refused (os error 111)
[2026-04-19T03:26:55.917Z WARN  network::simple_sender] Failed to connect to 10.10.1.4:5016 (retry 0): Connection refused (os error 111)
[2026-04-19T03:26:55.919Z WARN  network::simple_sender] Failed to connect to 10.10.1.4:5016 (retry 0): Connection refused (os error 111)
[2026-04-19T03:26:55.921Z WARN  network::simple_sender] Failed to connect to 10.10.1.4:5016 (retry 0): Connection refused (os error 111)
[2026-04-19T03:26:55.932Z WARN  network::simple_sender] Failed to connect to 10.10.1.4:5016 (retry 0): Connection refused (os error 111)
[2026-04-19T03:26:55.937Z WARN  network::simple_sender] Failed to connect to 10.10.1.4:5016 (retry 0): Connection refused (os error 111)
[2026-04-19T03:26:55.939Z WARN  network::simple_sender] Failed to connect to 10.10.1.4:5016 (retry 0): Connection refused (os error 111)
[2026-04-19T03:26:55.949Z WARN  network::simple_sender] Failed to connect to 10.10.1.4:5016 (retry 0): Connection refused (os error 111)
[2026-04-19T03:26:55.954Z WARN  network::simple_sender] Failed to connect to 10.10.1.4:5016 (retry 0): Connection refused (os error 111)
[2026-04-19T03:26:55.958Z INFO  worker::batch_maker] Batch 9HHhW8WUqxH2bPHQFCI8GU9fXDGKWDBtTRSxv8bPM78= contains sample tx 2424
[2026-04-19T03:26:55.958Z INFO  worker::batch_maker] Batch 9HHhW8WUqxH2bPHQFCI8GU9fXDGKWDBtTRSxv8bPM78= contains 204800 B
[2026-04-19T03:26:55.964Z WARN  network::simple_sender] Failed to connect to 10.10.1.4:5016 (retry 0): Connection refused (os error 111)
[2026-04-19T03:26:55.965Z WARN  network::simple_sender] Failed to connect to 10.10.1.4:5016 (retry 0): Connection refused (os error 111)
[2026-04-19T03:26:55.970Z WARN  network::simple_sender] Failed to connect to 10.10.1.4:5016 (retry 0): Connection refused (os error 111)
[2026-04-19T03:26:55.973Z WARN  network::simple_sender] Failed to connect to 10.10.1.4:5016 (retry 0): Connection refused (os error 111)
[2026-04-19T03:26:55.976Z WARN  network::simple_sender] Failed to connect to 10.10.1.4:5016 (retry 0): Connection refused (os error 111)
[2026-04-19T03:26:55.987Z WARN  network::simple_sender] Failed to connect to 10.10.1.4:5016 (retry 0): Connection refused (os error 111)
[2026-04-19T03:26:55.989Z WARN  network::simple_sender] Failed to connect to 10.10.1.4:5016 (retry 0): Connection refused (os error 111)
[2026-04-19T03:26:55.991Z WARN  network::simple_sender] Failed to connect to 10.10.1.4:5016 (retry 0): Connection refused (os error 111)
[2026-04-19T03:26:56.003Z WARN  network::simple_sender] Failed to connect to 10.10.1.4:5016 (retry 0): Connection refused (os error 111)
[2026-04-19T03:26:56.006Z WARN  network::simple_sender] Failed to connect to 10.10.1.4:5016 (retry 0): Connection refused (os error 111)
[2026-04-19T03:26:56.012Z INFO  worker::batch_maker] Batch rPlhdcXXyRjRKFJYMGuQeI7CgWyxO+ofdbtkT2LatRs= contains sample tx 2425
[2026-04-19T03:26:56.012Z INFO  worker::batch_maker] Batch rPlhdcXXyRjRKFJYMGuQeI7CgWyxO+ofdbtkT2LatRs= contains 204800 B
[2026-04-19T03:26:56.014Z WARN  network::simple_sender] Failed to connect to 10.10.1.4:5016 (retry 0): Connection refused (os error 111)
[2026-04-19T03:26:56.014Z WARN  network::simple_sender] Failed to connect to 10.10.1.4:5016 (retry 0): Connection refused (os error 111)
[2026-04-19T03:26:56.021Z WARN  network::simple_sender] Failed to connect to 10.10.1.4:5016 (retry 0): Connection refused (os error 111)
[2026-04-19T03:26:56.022Z WARN  network::simple_sender] Failed to connect to 10.10.1.4:5016 (retry 0): Connection refused (os error 111)
[2026-04-19T03:26:56.028Z WARN  network::simple_sender] Failed to connect to 10.10.1.4:5016 (retry 0): Connection refused (os error 111)
[2026-04-19T03:26:56.038Z WARN  network::simple_sender] Failed to connect to 10.10.1.4:5016 (retry 0): Connection refused (os error 111)
[2026-04-19T03:26:56.042Z WARN  network::simple_sender] Failed to connect to 10.10.1.4:5016 (retry 0): Connection refused (os error 111)
[2026-04-19T03:26:56.043Z WARN  network::simple_sender] Failed to connect to 10.10.1.4:5016 (retry 0): Connection refused (os error 111)
[2026-04-19T03:26:56.056Z WARN  network::simple_sender] Failed to connect to 10.10.1.4:5016 (retry 0): Connection refused (os error 111)
[2026-04-19T03:26:56.063Z WARN  network::simple_sender] Failed to connect to 10.10.1.4:5016 (retry 0): Connection refused (os error 111)
[2026-04-19T03:26:56.063Z INFO  worker::batch_maker] Batch ZYmINzrqVfK/RASeY+E7BpKz2eAzIRHzEDSfIMbh6UQ= contains sample tx 2426
[2026-04-19T03:26:56.063Z INFO  worker::batch_maker] Batch ZYmINzrqVfK/RASeY+E7BpKz2eAzIRHzEDSfIMbh6UQ= contains 204800 B
[2026-04-19T03:26:56.065Z WARN  network::simple_sender] Failed to connect to 10.10.1.4:5016 (retry 0): Connection refused (os error 111)
[2026-04-19T03:26:56.066Z WARN  network::simple_sender] Failed to connect to 10.10.1.4:5016 (retry 0): Connection refused (os error 111)
[2026-04-19T03:26:56.073Z WARN  network::simple_sender] Failed to connect to 10.10.1.4:5016 (retry 0): Connection refused (os error 111)
[2026-04-19T03:26:56.077Z WARN  network::simple_sender] Failed to connect to 10.10.1.4:5016 (retry 0): Connection refused (os error 111)
[2026-04-19T03:26:56.080Z WARN  network::simple_sender] Failed to connect to 10.10.1.4:5016 (retry 0): Connection refused (os error 111)
[2026-04-19T03:26:56.091Z WARN  network::simple_sender] Failed to connect to 10.10.1.4:5016 (retry 0): Connection refused (os error 111)
[2026-04-19T03:26:56.094Z WARN  network::simple_sender] Failed to connect to 10.10.1.4:5016 (retry 0): Connection refused (os error 111)
[2026-04-19T03:26:56.096Z WARN  network::simple_sender] Failed to connect to 10.10.1.4:5016 (retry 0): Connection refused (os error 111)
[2026-04-19T03:26:56.110Z WARN  network::simple_sender] Failed to connect to 10.10.1.4:5016 (retry 0): Connection refused (os error 111)
[2026-04-19T03:26:56.117Z INFO  worker::batch_maker] Batch NHrmBixgoEX6n/o9AbW5Mw1iHug9+EC8skqp+SF+4Ug= contains sample tx 2427
[2026-04-19T03:26:56.117Z INFO  worker::batch_maker] Batch NHrmBixgoEX6n/o9AbW5Mw1iHug9+EC8skqp+SF+4Ug= contains 204800 B
[2026-04-19T03:26:56.117Z WARN  network::simple_sender] Failed to connect to 10.10.1.4:5016 (retry 0): Connection refused (os error 111)
[2026-04-19T03:26:56.119Z WARN  network::simple_sender] Failed to connect to 10.10.1.4:5016 (retry 0): Connection refused (os error 111)
[2026-04-19T03:26:56.120Z WARN  network::simple_sender] Failed to connect to 10.10.1.4:5016 (retry 0): Connection refused (os error 111)
[2026-04-19T03:26:56.128Z WARN  network::simple_sender] Failed to connect to 10.10.1.4:5016 (retry 0): Connection refused (os error 111)
[2026-04-19T03:26:56.130Z WARN  network::simple_sender] Failed to connect to 10.10.1.4:5016 (retry 0): Connection refused (os error 111)
[2026-04-19T03:26:56.134Z WARN  network::simple_sender] Failed to connect to 10.10.1.4:5016 (retry 0): Connection refused (os error 111)
[2026-04-19T03:26:56.142Z WARN  network::simple_sender] Failed to connect to 10.10.1.4:5016 (retry 0): Connection refused (os error 111)
[2026-04-19T03:26:56.145Z WARN  network::simple_sender] Failed to connect to 10.10.1.4:5016 (retry 0): Connection refused (os error 111)
[2026-04-19T03:26:56.147Z WARN  network::simple_sender] Failed to connect to 10.10.1.4:5016 (retry 0): Connection refused (os error 111)
[2026-04-19T03:26:56.162Z WARN  network::simple_sender] Failed to connect to 10.10.1.4:5016 (retry 0): Connection refused (os error 111)
[2026-04-19T03:26:56.169Z INFO  worker::batch_maker] Batch g1k2lSvsS5rzQOt8Nh2QJTjzPkkc14yH4yD1TECHYy8= contains sample tx 2428
[2026-04-19T03:26:56.169Z INFO  worker::batch_maker] Batch g1k2lSvsS5rzQOt8Nh2QJTjzPkkc14yH4yD1TECHYy8= contains 204800 B
[2026-04-19T03:26:56.170Z WARN  network::simple_sender] Failed to connect to 10.10.1.4:5016 (retry 0): Connection refused (os error 111)
[2026-04-19T03:26:56.172Z WARN  network::simple_sender] Failed to connect to 10.10.1.4:5016 (retry 0): Connection refused (os error 111)
[2026-04-19T03:26:56.172Z WARN  network::simple_sender] Failed to connect to 10.10.1.4:5016 (retry 0): Connection refused (os error 111)
[2026-04-19T03:26:56.179Z WARN  network::simple_sender] Failed to connect to 10.10.1.4:5016 (retry 0): Connection refused (os error 111)
[2026-04-19T03:26:56.183Z WARN  network::simple_sender] Failed to connect to 10.10.1.4:5016 (retry 0): Connection refused (os error 111)
[2026-04-19T03:26:56.187Z WARN  network::simple_sender] Failed to connect to 10.10.1.4:5016 (retry 0): Connection refused (os error 111)
[2026-04-19T03:26:56.194Z WARN  network::simple_sender] Failed to connect to 10.10.1.4:5016 (retry 0): Connection refused (os error 111)
[2026-04-19T03:26:56.200Z WARN  network::simple_sender] Failed to connect to 10.10.1.4:5016 (retry 0): Connection refused (os error 111)
[2026-04-19T03:26:56.201Z WARN  network::simple_sender] Failed to connect to 10.10.1.4:5016 (retry 0): Connection refused (os error 111)
[2026-04-19T03:26:56.222Z INFO  worker::batch_maker] Batch fytG2gTCi1blBqLwgGuVlu+p8nOzmAJvSvtpmQZon+8= contains sample tx 2429
[2026-04-19T03:26:56.222Z INFO  worker::batch_maker] Batch fytG2gTCi1blBqLwgGuVlu+p8nOzmAJvSvtpmQZon+8= contains 204800 B
[2026-04-19T03:26:56.222Z WARN  network::simple_sender] Failed to connect to 10.10.1.4:5016 (retry 0): Connection refused (os error 111)
[2026-04-19T03:26:56.224Z WARN  network::simple_sender] Failed to connect to 10.10.1.4:5016 (retry 0): Connection refused (os error 111)
[2026-04-19T03:26:56.226Z WARN  network::simple_sender] Failed to connect to 10.10.1.4:5016 (retry 0): Connection refused (os error 111)
[2026-04-19T03:26:56.226Z WARN  network::simple_sender] Failed to connect to 10.10.1.4:5016 (retry 0): Connection refused (os error 111)
[2026-04-19T03:26:56.233Z WARN  network::simple_sender] Failed to connect to 10.10.1.4:5016 (retry 0): Connection refused (os error 111)
[2026-04-19T03:26:56.236Z WARN  network::simple_sender] Failed to connect to 10.10.1.4:5016 (retry 0): Connection refused (os error 111)
[2026-04-19T03:26:56.241Z WARN  network::simple_sender] Failed to connect to 10.10.1.4:5016 (retry 0): Connection refused (os error 111)
[2026-04-19T03:26:56.248Z WARN  network::simple_sender] Failed to connect to 10.10.1.4:5016 (retry 0): Connection refused (os error 111)
[2026-04-19T03:26:56.251Z WARN  network::simple_sender] Failed to connect to 10.10.1.4:5016 (retry 0): Connection refused (os error 111)
[2026-04-19T03:26:56.254Z WARN  network::simple_sender] Failed to connect to 10.10.1.4:5016 (retry 0): Connection refused (os error 111)
[2026-04-19T03:26:56.273Z WARN  network::simple_sender] Failed to connect to 10.10.1.4:5016 (retry 0): Connection refused (os error 111)
[2026-04-19T03:26:56.275Z INFO  worker::batch_maker] Batch Qowuf+PC5yWTn9eK89oIGnoYZehYpmPSxZ+qcbJ4ztE= contains sample tx 2430
[2026-04-19T03:26:56.275Z INFO  worker::batch_maker] Batch Qowuf+PC5yWTn9eK89oIGnoYZehYpmPSxZ+qcbJ4ztE= contains 204800 B
[2026-04-19T03:26:56.277Z WARN  network::simple_sender] Failed to connect to 10.10.1.4:5016 (retry 0): Connection refused (os error 111)
[2026-04-19T03:26:56.279Z WARN  network::simple_sender] Failed to connect to 10.10.1.4:5016 (retry 0): Connection refused (os error 111)
[2026-04-19T03:26:56.285Z WARN  network::simple_sender] Failed to connect to 10.10.1.4:5016 (retry 0): Connection refused (os error 111)
[2026-04-19T03:26:56.289Z WARN  network::simple_sender] Failed to connect to 10.10.1.4:5016 (retry 0): Connection refused (os error 111)
[2026-04-19T03:26:56.294Z WARN  network::simple_sender] Failed to connect to 10.10.1.4:5016 (retry 0): Connection refused (os error 111)
[2026-04-19T03:26:56.301Z WARN  network::simple_sender] Failed to connect to 10.10.1.4:5016 (retry 0): Connection refused (os error 111)
[2026-04-19T03:26:56.304Z WARN  network::simple_sender] Failed to connect to 10.10.1.4:5016 (retry 0): Connection refused (os error 111)
[2026-04-19T03:26:56.307Z WARN  network::simple_sender] Failed to connect to 10.10.1.4:5016 (retry 0): Connection refused (os error 111)
[2026-04-19T03:26:56.325Z WARN  network::simple_sender] Failed to connect to 10.10.1.4:5016 (retry 0): Connection refused (os error 111)
[2026-04-19T03:26:56.328Z INFO  worker::batch_maker] Batch d33pUH7DzSO2tVbANArub3JOYrmkXCDxX2KOZxZUxWs= contains sample tx 2431
[2026-04-19T03:26:56.328Z INFO  worker::batch_maker] Batch d33pUH7DzSO2tVbANArub3JOYrmkXCDxX2KOZxZUxWs= contains 204800 B
[2026-04-19T03:26:56.330Z WARN  network::simple_sender] Failed to connect to 10.10.1.4:5016 (retry 0): Connection refused (os error 111)
[2026-04-19T03:26:56.332Z WARN  network::simple_sender] Failed to connect to 10.10.1.4:5016 (retry 0): Connection refused (os error 111)
[2026-04-19T03:26:56.332Z WARN  network::simple_sender] Failed to connect to 10.10.1.4:5016 (retry 0): Connection refused (os error 111)
[2026-04-19T03:26:56.339Z WARN  network::simple_sender] Failed to connect to 10.10.1.4:5016 (retry 0): Connection refused (os error 111)
[2026-04-19T03:26:56.343Z WARN  network::simple_sender] Failed to connect to 10.10.1.4:5016 (retry 0): Connection refused (os error 111)
[2026-04-19T03:26:56.348Z WARN  network::simple_sender] Failed to connect to 10.10.1.4:5016 (retry 0): Connection refused (os error 111)
[2026-04-19T03:26:56.356Z WARN  network::simple_sender] Failed to connect to 10.10.1.4:5016 (retry 0): Connection refused (os error 111)
[2026-04-19T03:26:56.362Z WARN  network::simple_sender] Failed to connect to 10.10.1.4:5016 (retry 0): Connection refused (os error 111)
[2026-04-19T03:26:56.364Z WARN  network::simple_sender] Failed to connect to 10.10.1.4:5016 (retry 0): Connection refused (os error 111)
[2026-04-19T03:26:56.381Z WARN  network::simple_sender] Failed to connect to 10.10.1.4:5016 (retry 0): Connection refused (os error 111)
[2026-04-19T03:26:56.381Z INFO  worker::batch_maker] Batch HVjSRHVn0tGFEvydVqBfRHS6wYPfc/S2QtjKXSPJr+g= contains sample tx 2432
[2026-04-19T03:26:56.381Z INFO  worker::batch_maker] Batch HVjSRHVn0tGFEvydVqBfRHS6wYPfc/S2QtjKXSPJr+g= contains 204800 B
[2026-04-19T03:26:56.384Z WARN  network::simple_sender] Failed to connect to 10.10.1.4:5016 (retry 0): Connection refused (os error 111)
[2026-04-19T03:26:56.385Z WARN  network::simple_sender] Failed to connect to 10.10.1.4:5016 (retry 0): Connection refused (os error 111)
[2026-04-19T03:26:56.386Z WARN  network::simple_sender] Failed to connect to 10.10.1.4:5016 (retry 0): Connection refused (os error 111)
[2026-04-19T03:26:56.393Z WARN  network::simple_sender] Failed to connect to 10.10.1.4:5016 (retry 0): Connection refused (os error 111)
[2026-04-19T03:26:56.395Z WARN  network::simple_sender] Failed to connect to 10.10.1.4:5016 (retry 0): Connection refused (os error 111)
[2026-04-19T03:26:56.402Z WARN  network::simple_sender] Failed to connect to 10.10.1.4:5016 (retry 0): Connection refused (os error 111)
[2026-04-19T03:26:56.409Z WARN  network::simple_sender] Failed to connect to 10.10.1.4:5016 (retry 0): Connection refused (os error 111)
[2026-04-19T03:26:56.411Z WARN  network::simple_sender] Failed to connect to 10.10.1.4:5016 (retry 0): Connection refused (os error 111)
[2026-04-19T03:26:56.414Z WARN  network::simple_sender] Failed to connect to 10.10.1.4:5016 (retry 0): Connection refused (os error 111)
[2026-04-19T03:26:56.435Z WARN  network::simple_sender] Failed to connect to 10.10.1.4:5016 (retry 0): Connection refused (os error 111)
[2026-04-19T03:26:56.435Z INFO  worker::batch_maker] Batch rTaqA2jNrUatQve1WjypBo5BCKKsZ/OzAIoc1sPHu3g= contains sample tx 2433
[2026-04-19T03:26:56.435Z INFO  worker::batch_maker] Batch rTaqA2jNrUatQve1WjypBo5BCKKsZ/OzAIoc1sPHu3g= contains 204800 B
[2026-04-19T03:26:56.439Z WARN  network::simple_sender] Failed to connect to 10.10.1.4:5016 (retry 0): Connection refused (os error 111)
[2026-04-19T03:26:56.439Z WARN  network::simple_sender] Failed to connect to 10.10.1.4:5016 (retry 0): Connection refused (os error 111)
[2026-04-19T03:26:56.440Z WARN  network::simple_sender] Failed to connect to 10.10.1.4:5016 (retry 0): Connection refused (os error 111)
[2026-04-19T03:26:56.446Z WARN  network::simple_sender] Failed to connect to 10.10.1.4:5016 (retry 0): Connection refused (os error 111)
[2026-04-19T03:26:56.449Z WARN  network::simple_sender] Failed to connect to 10.10.1.4:5016 (retry 0): Connection refused (os error 111)
[2026-04-19T03:26:56.457Z WARN  network::simple_sender] Failed to connect to 10.10.1.4:5016 (retry 0): Connection refused (os error 111)
[2026-04-19T03:26:56.461Z WARN  network::simple_sender] Failed to connect to 10.10.1.4:5016 (retry 0): Connection refused (os error 111)
[2026-04-19T03:26:56.463Z WARN  network::simple_sender] Failed to connect to 10.10.1.4:5016 (retry 0): Connection refused (os error 111)
[2026-04-19T03:26:56.474Z WARN  network::simple_sender] Failed to connect to 10.10.1.4:5016 (retry 0): Connection refused (os error 111)
[2026-04-19T03:26:56.489Z WARN  network::simple_sender] Failed to connect to 10.10.1.4:5016 (retry 0): Connection refused (os error 111)
[2026-04-19T03:26:56.490Z INFO  worker::batch_maker] Batch Pb1sVBgrcdmRoDZ4a5RoPc01lc747JQge2X4138etNs= contains sample tx 2434
[2026-04-19T03:26:56.490Z INFO  worker::batch_maker] Batch Pb1sVBgrcdmRoDZ4a5RoPc01lc747JQge2X4138etNs= contains 204800 B
[2026-04-19T03:26:56.491Z WARN  network::simple_sender] Failed to connect to 10.10.1.4:5016 (retry 0): Connection refused (os error 111)
[2026-04-19T03:26:56.493Z WARN  network::simple_sender] Failed to connect to 10.10.1.4:5016 (retry 0): Connection refused (os error 111)
[2026-04-19T03:26:56.494Z WARN  network::simple_sender] Failed to connect to 10.10.1.4:5016 (retry 0): Connection refused (os error 111)
[2026-04-19T03:26:56.498Z WARN  network::simple_sender] Failed to connect to 10.10.1.4:5016 (retry 0): Connection refused (os error 111)
[2026-04-19T03:26:56.501Z WARN  network::simple_sender] Failed to connect to 10.10.1.4:5016 (retry 0): Connection refused (os error 111)
[2026-04-19T03:26:56.510Z WARN  network::simple_sender] Failed to connect to 10.10.1.4:5016 (retry 0): Connection refused (os error 111)
[2026-04-19T03:26:56.513Z WARN  network::simple_sender] Failed to connect to 10.10.1.4:5016 (retry 0): Connection refused (os error 111)
[2026-04-19T03:26:56.523Z WARN  network::simple_sender] Failed to connect to 10.10.1.4:5016 (retry 0): Connection refused (os error 111)
[2026-04-19T03:26:56.525Z WARN  network::simple_sender] Failed to connect to 10.10.1.4:5016 (retry 0): Connection refused (os error 111)
[2026-04-19T03:26:56.543Z WARN  network::simple_sender] Failed to connect to 10.10.1.4:5016 (retry 0): Connection refused (os error 111)
[2026-04-19T03:26:56.544Z INFO  worker::batch_maker] Batch LO3cKLjTk3pxxzD0FnJt2rIgpnJQ6IvpEAbrDD5NMMc= contains sample tx 2435
[2026-04-19T03:26:56.544Z INFO  worker::batch_maker] Batch LO3cKLjTk3pxxzD0FnJt2rIgpnJQ6IvpEAbrDD5NMMc= contains 204800 B
[2026-04-19T03:26:56.546Z WARN  network::simple_sender] Failed to connect to 10.10.1.4:5016 (retry 0): Connection refused (os error 111)
[2026-04-19T03:26:56.548Z WARN  network::simple_sender] Failed to connect to 10.10.1.4:5016 (retry 0): Connection refused (os error 111)
[2026-04-19T03:26:56.548Z WARN  network::simple_sender] Failed to connect to 10.10.1.4:5016 (retry 0): Connection refused (os error 111)
[2026-04-19T03:26:56.552Z WARN  network::simple_sender] Failed to connect to 10.10.1.4:5016 (retry 0): Connection refused (os error 111)
[2026-04-19T03:26:56.555Z WARN  network::simple_sender] Failed to connect to 10.10.1.4:5016 (retry 0): Connection refused (os error 111)
[2026-04-19T03:26:56.564Z WARN  network::simple_sender] Failed to connect to 10.10.1.4:5016 (retry 0): Connection refused (os error 111)
[2026-04-19T03:26:56.566Z WARN  network::simple_sender] Failed to connect to 10.10.1.4:5016 (retry 0): Connection refused (os error 111)
[2026-04-19T03:26:56.572Z WARN  network::simple_sender] Failed to connect to 10.10.1.4:5016 (retry 0): Connection refused (os error 111)
[2026-04-19T03:26:56.574Z WARN  network::simple_sender] Failed to connect to 10.10.1.4:5016 (retry 0): Connection refused (os error 111)
[2026-04-19T03:26:56.597Z WARN  network::simple_sender] Failed to connect to 10.10.1.4:5016 (retry 0): Connection refused (os error 111)
[2026-04-19T03:26:56.598Z INFO  worker::batch_maker] Batch kHaeq7VkuLEjLPOqUpG+ee6gqvTVwjvb2ozl7Pk4zTM= contains sample tx 2436
[2026-04-19T03:26:56.598Z INFO  worker::batch_maker] Batch kHaeq7VkuLEjLPOqUpG+ee6gqvTVwjvb2ozl7Pk4zTM= contains 204800 B
[2026-04-19T03:26:56.599Z WARN  network::simple_sender] Failed to connect to 10.10.1.4:5016 (retry 0): Connection refused (os error 111)
[2026-04-19T03:26:56.600Z WARN  network::simple_sender] Failed to connect to 10.10.1.4:5016 (retry 0): Connection refused (os error 111)
[2026-04-19T03:26:56.602Z WARN  network::simple_sender] Failed to connect to 10.10.1.4:5016 (retry 0): Connection refused (os error 111)
[2026-04-19T03:26:56.607Z WARN  network::simple_sender] Failed to connect to 10.10.1.4:5016 (retry 0): Connection refused (os error 111)
[2026-04-19T03:26:56.609Z WARN  network::simple_sender] Failed to connect to 10.10.1.4:5016 (retry 0): Connection refused (os error 111)
[2026-04-19T03:26:56.617Z WARN  network::simple_sender] Failed to connect to 10.10.1.4:5016 (retry 0): Connection refused (os error 111)
[2026-04-19T03:26:56.619Z WARN  network::simple_sender] Failed to connect to 10.10.1.4:5016 (retry 0): Connection refused (os error 111)
[2026-04-19T03:26:56.626Z WARN  network::simple_sender] Failed to connect to 10.10.1.4:5016 (retry 0): Connection refused (os error 111)
[2026-04-19T03:26:56.628Z WARN  network::simple_sender] Failed to connect to 10.10.1.4:5016 (retry 0): Connection refused (os error 111)
[2026-04-19T03:26:56.650Z WARN  network::simple_sender] Failed to connect to 10.10.1.4:5016 (retry 0): Connection refused (os error 111)
[2026-04-19T03:26:56.651Z INFO  worker::batch_maker] Batch pgto77baFnAefflpxbwmZ9F6kr1mr6Zoj0BxGMhRfJo= contains sample tx 2437
[2026-04-19T03:26:56.652Z INFO  worker::batch_maker] Batch pgto77baFnAefflpxbwmZ9F6kr1mr6Zoj0BxGMhRfJo= contains sample tx 2438
[2026-04-19T03:26:56.652Z INFO  worker::batch_maker] Batch pgto77baFnAefflpxbwmZ9F6kr1mr6Zoj0BxGMhRfJo= contains 288768 B
[2026-04-19T03:26:56.652Z WARN  network::simple_sender] Failed to connect to 10.10.1.4:5016 (retry 0): Connection refused (os error 111)
[2026-04-19T03:26:56.655Z WARN  network::simple_sender] Failed to connect to 10.10.1.4:5016 (retry 0): Connection refused (os error 111)
[2026-04-19T03:26:56.657Z WARN  network::simple_sender] Failed to connect to 10.10.1.4:5016 (retry 0): Connection refused (os error 111)
[2026-04-19T03:26:56.660Z WARN  network::simple_sender] Failed to connect to 10.10.1.4:5016 (retry 0): Connection refused (os error 111)
[2026-04-19T03:26:56.667Z WARN  network::simple_sender] Failed to connect to 10.10.1.4:5016 (retry 0): Connection refused (os error 111)
[2026-04-19T03:26:56.669Z WARN  network::simple_sender] Failed to connect to 10.10.1.4:5016 (retry 0): Connection refused (os error 111)
[2026-04-19T03:26:56.678Z WARN  network::simple_sender] Failed to connect to 10.10.1.4:5016 (retry 0): Connection refused (os error 111)
[2026-04-19T03:26:56.679Z WARN  network::simple_sender] Failed to connect to 10.10.1.4:5016 (retry 0): Connection refused (os error 111)
[2026-04-19T03:26:56.682Z WARN  network::simple_sender] Failed to connect to 10.10.1.4:5016 (retry 0): Connection refused (os error 111)
[2026-04-19T03:26:56.703Z WARN  network::simple_sender] Failed to connect to 10.10.1.4:5016 (retry 0): Connection refused (os error 111)
[2026-04-19T03:26:56.705Z WARN  network::simple_sender] Failed to connect to 10.10.1.4:5016 (retry 0): Connection refused (os error 111)
[2026-04-19T03:26:56.706Z INFO  worker::batch_maker] Batch Vmzfrw+sH3fhl0m//2TwOpPBa5sflU9pkcVz3FgG3tQ= contains sample tx 2439
[2026-04-19T03:26:56.706Z INFO  worker::batch_maker] Batch Vmzfrw+sH3fhl0m//2TwOpPBa5sflU9pkcVz3FgG3tQ= contains 325632 B
[2026-04-19T03:26:56.707Z WARN  network::simple_sender] Failed to connect to 10.10.1.4:5016 (retry 0): Connection refused (os error 111)
[2026-04-19T03:26:56.712Z WARN  network::simple_sender] Failed to connect to 10.10.1.4:5016 (retry 0): Connection refused (os error 111)
[2026-04-19T03:26:56.714Z WARN  network::simple_sender] Failed to connect to 10.10.1.4:5016 (retry 0): Connection refused (os error 111)
[2026-04-19T03:26:56.719Z WARN  network::simple_sender] Failed to connect to 10.10.1.4:5016 (retry 0): Connection refused (os error 111)
[2026-04-19T03:26:56.721Z WARN  network::simple_sender] Failed to connect to 10.10.1.4:5016 (retry 0): Connection refused (os error 111)
[2026-04-19T03:26:56.732Z WARN  network::simple_sender] Failed to connect to 10.10.1.4:5016 (retry 0): Connection refused (os error 111)
[2026-04-19T03:26:56.733Z WARN  network::simple_sender] Failed to connect to 10.10.1.4:5016 (retry 0): Connection refused (os error 111)
[2026-04-19T03:26:56.735Z WARN  network::simple_sender] Failed to connect to 10.10.1.4:5016 (retry 0): Connection refused (os error 111)
[2026-04-19T03:26:56.756Z WARN  network::simple_sender] Failed to connect to 10.10.1.4:5016 (retry 0): Connection refused (os error 111)
[2026-04-19T03:26:56.760Z INFO  worker::batch_maker] Batch kyYBbulVo31keHYatUZaK4CgAy5rapmcPBv0fezHuuY= contains sample tx 2440
[2026-04-19T03:26:56.760Z INFO  worker::batch_maker] Batch kyYBbulVo31keHYatUZaK4CgAy5rapmcPBv0fezHuuY= contains 204800 B
[2026-04-19T03:26:56.762Z WARN  network::simple_sender] Failed to connect to 10.10.1.4:5016 (retry 0): Connection refused (os error 111)
[2026-04-19T03:26:56.764Z WARN  network::simple_sender] Failed to connect to 10.10.1.4:5016 (retry 0): Connection refused (os error 111)
[2026-04-19T03:26:56.766Z WARN  network::simple_sender] Failed to connect to 10.10.1.4:5016 (retry 0): Connection refused (os error 111)
[2026-04-19T03:26:56.771Z WARN  network::simple_sender] Failed to connect to 10.10.1.4:5016 (retry 0): Connection refused (os error 111)
[2026-04-19T03:26:56.773Z WARN  network::simple_sender] Failed to connect to 10.10.1.4:5016 (retry 0): Connection refused (os error 111)
[2026-04-19T03:26:56.775Z WARN  network::simple_sender] Failed to connect to 10.10.1.4:5016 (retry 0): Connection refused (os error 111)
[2026-04-19T03:26:56.784Z WARN  network::simple_sender] Failed to connect to 10.10.1.4:5016 (retry 0): Connection refused (os error 111)
[2026-04-19T03:26:56.785Z WARN  network::simple_sender] Failed to connect to 10.10.1.4:5016 (retry 0): Connection refused (os error 111)
[2026-04-19T03:26:56.787Z WARN  network::simple_sender] Failed to connect to 10.10.1.4:5016 (retry 0): Connection refused (os error 111)
[2026-04-19T03:26:56.808Z WARN  network::simple_sender] Failed to connect to 10.10.1.4:5016 (retry 0): Connection refused (os error 111)
[2026-04-19T03:26:56.812Z INFO  worker::batch_maker] Batch kzAm0Pht2tci6QtHyh+iGXOBI9nLXzgnKhaRNr94MnU= contains sample tx 2441
[2026-04-19T03:26:56.812Z INFO  worker::batch_maker] Batch kzAm0Pht2tci6QtHyh+iGXOBI9nLXzgnKhaRNr94MnU= contains 204800 B
[2026-04-19T03:26:56.815Z WARN  network::simple_sender] Failed to connect to 10.10.1.4:5016 (retry 0): Connection refused (os error 111)
[2026-04-19T03:26:56.819Z WARN  network::simple_sender] Failed to connect to 10.10.1.4:5016 (retry 0): Connection refused (os error 111)
[2026-04-19T03:26:56.823Z WARN  network::simple_sender] Failed to connect to 10.10.1.4:5016 (retry 0): Connection refused (os error 111)
[2026-04-19T03:26:56.825Z WARN  network::simple_sender] Failed to connect to 10.10.1.4:5016 (retry 0): Connection refused (os error 111)
[2026-04-19T03:26:56.827Z WARN  network::simple_sender] Failed to connect to 10.10.1.4:5016 (retry 0): Connection refused (os error 111)
[2026-04-19T03:26:56.836Z WARN  network::simple_sender] Failed to connect to 10.10.1.4:5016 (retry 0): Connection refused (os error 111)
[2026-04-19T03:26:56.838Z WARN  network::simple_sender] Failed to connect to 10.10.1.4:5016 (retry 0): Connection refused (os error 111)
[2026-04-19T03:26:56.839Z WARN  network::simple_sender] Failed to connect to 10.10.1.4:5016 (retry 0): Connection refused (os error 111)
[2026-04-19T03:26:56.865Z WARN  network::simple_sender] Failed to connect to 10.10.1.4:5016 (retry 0): Connection refused (os error 111)
[2026-04-19T03:26:56.866Z INFO  worker::batch_maker] Batch bk2PcKyyddmYIBomomOZskAWEP+YcIeIJcjcEX3zqfA= contains sample tx 2442
[2026-04-19T03:26:56.866Z INFO  worker::batch_maker] Batch bk2PcKyyddmYIBomomOZskAWEP+YcIeIJcjcEX3zqfA= contains 204800 B
[2026-04-19T03:26:56.868Z WARN  network::simple_sender] Failed to connect to 10.10.1.4:5016 (retry 0): Connection refused (os error 111)
[2026-04-19T03:26:56.870Z WARN  network::simple_sender] Failed to connect to 10.10.1.4:5016 (retry 0): Connection refused (os error 111)
[2026-04-19T03:26:56.870Z WARN  network::simple_sender] Failed to connect to 10.10.1.4:5016 (retry 0): Connection refused (os error 111)
[2026-04-19T03:26:56.876Z WARN  network::simple_sender] Failed to connect to 10.10.1.4:5016 (retry 0): Connection refused (os error 111)
[2026-04-19T03:26:56.878Z WARN  network::simple_sender] Failed to connect to 10.10.1.4:5016 (retry 0): Connection refused (os error 111)
[2026-04-19T03:26:56.887Z WARN  network::simple_sender] Failed to connect to 10.10.1.4:5016 (retry 0): Connection refused (os error 111)
[2026-04-19T03:26:56.888Z WARN  network::simple_sender] Failed to connect to 10.10.1.4:5016 (retry 0): Connection refused (os error 111)
[2026-04-19T03:26:56.891Z WARN  network::simple_sender] Failed to connect to 10.10.1.4:5016 (retry 0): Connection refused (os error 111)
[2026-04-19T03:26:56.892Z WARN  network::simple_sender] Failed to connect to 10.10.1.4:5016 (retry 0): Connection refused (os error 111)
[2026-04-19T03:26:56.917Z WARN  network::simple_sender] Failed to connect to 10.10.1.4:5016 (retry 0): Connection refused (os error 111)
[2026-04-19T03:26:56.917Z INFO  worker::batch_maker] Batch XFxEFkYGXMsqOGPS80yVbRIqD4hJTpub8HHRDt8kfLk= contains sample tx 2443
[2026-04-19T03:26:56.917Z INFO  worker::batch_maker] Batch XFxEFkYGXMsqOGPS80yVbRIqD4hJTpub8HHRDt8kfLk= contains 204800 B
[2026-04-19T03:26:56.920Z WARN  network::simple_sender] Failed to connect to 10.10.1.4:5016 (retry 0): Connection refused (os error 111)
[2026-04-19T03:26:56.923Z WARN  network::simple_sender] Failed to connect to 10.10.1.4:5016 (retry 0): Connection refused (os error 111)
[2026-04-19T03:26:56.930Z WARN  network::simple_sender] Failed to connect to 10.10.1.4:5016 (retry 0): Connection refused (os error 111)
[2026-04-19T03:26:56.932Z WARN  network::simple_sender] Failed to connect to 10.10.1.4:5016 (retry 0): Connection refused (os error 111)
[2026-04-19T03:26:56.941Z WARN  network::simple_sender] Failed to connect to 10.10.1.4:5016 (retry 0): Connection refused (os error 111)
[2026-04-19T03:26:56.942Z WARN  network::simple_sender] Failed to connect to 10.10.1.4:5016 (retry 0): Connection refused (os error 111)
[2026-04-19T03:26:56.944Z WARN  network::simple_sender] Failed to connect to 10.10.1.4:5016 (retry 0): Connection refused (os error 111)
[2026-04-19T03:26:56.946Z WARN  network::simple_sender] Failed to connect to 10.10.1.4:5016 (retry 0): Connection refused (os error 111)
[2026-04-19T03:26:56.971Z WARN  network::simple_sender] Failed to connect to 10.10.1.4:5016 (retry 0): Connection refused (os error 111)
[2026-04-19T03:26:56.972Z INFO  worker::batch_maker] Batch LZH1gUQm5E8iICwXwJyzH89PH4/OPXZ8T2RPVr8w3xg= contains sample tx 2444
[2026-04-19T03:26:56.972Z INFO  worker::batch_maker] Batch LZH1gUQm5E8iICwXwJyzH89PH4/OPXZ8T2RPVr8w3xg= contains 204800 B
[2026-04-19T03:26:56.973Z WARN  network::simple_sender] Failed to connect to 10.10.1.4:5016 (retry 0): Connection refused (os error 111)
[2026-04-19T03:26:56.974Z WARN  network::simple_sender] Failed to connect to 10.10.1.4:5016 (retry 0): Connection refused (os error 111)
[2026-04-19T03:26:56.983Z WARN  network::simple_sender] Failed to connect to 10.10.1.4:5016 (retry 0): Connection refused (os error 111)
[2026-04-19T03:26:56.985Z WARN  network::simple_sender] Failed to connect to 10.10.1.4:5016 (retry 0): Connection refused (os error 111)
[2026-04-19T03:26:56.994Z WARN  network::simple_sender] Failed to connect to 10.10.1.4:5016 (retry 0): Connection refused (os error 111)
[2026-04-19T03:26:56.996Z WARN  network::simple_sender] Failed to connect to 10.10.1.4:5016 (retry 0): Connection refused (os error 111)
[2026-04-19T03:26:56.998Z WARN  network::simple_sender] Failed to connect to 10.10.1.4:5016 (retry 0): Connection refused (os error 111)
[2026-04-19T03:26:56.999Z WARN  network::simple_sender] Failed to connect to 10.10.1.4:5016 (retry 0): Connection refused (os error 111)
[2026-04-19T03:26:57.022Z WARN  network::simple_sender] Failed to connect to 10.10.1.4:5016 (retry 0): Connection refused (os error 111)
[2026-04-19T03:26:57.024Z WARN  network::simple_sender] Failed to connect to 10.10.1.4:5016 (retry 0): Connection refused (os error 111)
[2026-04-19T03:26:57.025Z INFO  worker::batch_maker] Batch 6lMrsw+RdCWMFgVS0HzLdtrfkPmQ0AYs3gjCuhEtwo8= contains sample tx 2445
[2026-04-19T03:26:57.025Z INFO  worker::batch_maker] Batch 6lMrsw+RdCWMFgVS0HzLdtrfkPmQ0AYs3gjCuhEtwo8= contains 204800 B
[2026-04-19T03:26:57.026Z WARN  network::simple_sender] Failed to connect to 10.10.1.4:5016 (retry 0): Connection refused (os error 111)
[2026-04-19T03:26:57.029Z WARN  network::simple_sender] Failed to connect to 10.10.1.4:5016 (retry 0): Connection refused (os error 111)
[2026-04-19T03:26:57.037Z WARN  network::simple_sender] Failed to connect to 10.10.1.4:5016 (retry 0): Connection refused (os error 111)
[2026-04-19T03:26:57.039Z WARN  network::simple_sender] Failed to connect to 10.10.1.4:5016 (retry 0): Connection refused (os error 111)
[2026-04-19T03:26:57.047Z WARN  network::simple_sender] Failed to connect to 10.10.1.4:5016 (retry 0): Connection refused (os error 111)
[2026-04-19T03:26:57.048Z WARN  network::simple_sender] Failed to connect to 10.10.1.4:5016 (retry 0): Connection refused (os error 111)
[2026-04-19T03:26:57.050Z WARN  network::simple_sender] Failed to connect to 10.10.1.4:5016 (retry 0): Connection refused (os error 111)
[2026-04-19T03:26:57.053Z WARN  network::simple_sender] Failed to connect to 10.10.1.4:5016 (retry 0): Connection refused (os error 111)
[2026-04-19T03:26:57.075Z WARN  network::simple_sender] Failed to connect to 10.10.1.4:5016 (retry 0): Connection refused (os error 111)
[2026-04-19T03:26:57.078Z INFO  worker::batch_maker] Batch nw9QNpWWRkOXhaKI4+KqkqvuCj9skY5JGFVRC3m4vm0= contains sample tx 2446
[2026-04-19T03:26:57.078Z INFO  worker::batch_maker] Batch nw9QNpWWRkOXhaKI4+KqkqvuCj9skY5JGFVRC3m4vm0= contains 204800 B
[2026-04-19T03:26:57.078Z WARN  network::simple_sender] Failed to connect to 10.10.1.4:5016 (retry 0): Connection refused (os error 111)
[2026-04-19T03:26:57.081Z WARN  network::simple_sender] Failed to connect to 10.10.1.4:5016 (retry 0): Connection refused (os error 111)
[2026-04-19T03:26:57.083Z WARN  network::simple_sender] Failed to connect to 10.10.1.4:5016 (retry 0): Connection refused (os error 111)
[2026-04-19T03:26:57.090Z WARN  network::simple_sender] Failed to connect to 10.10.1.4:5016 (retry 0): Connection refused (os error 111)
[2026-04-19T03:26:57.092Z WARN  network::simple_sender] Failed to connect to 10.10.1.4:5016 (retry 0): Connection refused (os error 111)
[2026-04-19T03:26:57.100Z WARN  network::simple_sender] Failed to connect to 10.10.1.4:5016 (retry 0): Connection refused (os error 111)
[2026-04-19T03:26:57.104Z WARN  network::simple_sender] Failed to connect to 10.10.1.4:5016 (retry 0): Connection refused (os error 111)
[2026-04-19T03:26:57.106Z WARN  network::simple_sender] Failed to connect to 10.10.1.4:5016 (retry 0): Connection refused (os error 111)
[2026-04-19T03:26:57.108Z WARN  network::simple_sender] Failed to connect to 10.10.1.4:5016 (retry 0): Connection refused (os error 111)
[2026-04-19T03:26:57.126Z WARN  network::simple_sender] Failed to connect to 10.10.1.4:5016 (retry 0): Connection refused (os error 111)
[2026-04-19T03:26:57.131Z INFO  worker::batch_maker] Batch 4JeQhelyq2y25x0N+uMC26hRFuE4IBp0lY+oa+O6sds= contains sample tx 2447
[2026-04-19T03:26:57.131Z INFO  worker::batch_maker] Batch 4JeQhelyq2y25x0N+uMC26hRFuE4IBp0lY+oa+O6sds= contains 204800 B
[2026-04-19T03:26:57.132Z WARN  network::simple_sender] Failed to connect to 10.10.1.4:5016 (retry 0): Connection refused (os error 111)
[2026-04-19T03:26:57.134Z WARN  network::simple_sender] Failed to connect to 10.10.1.4:5016 (retry 0): Connection refused (os error 111)
[2026-04-19T03:26:57.134Z WARN  network::simple_sender] Failed to connect to 10.10.1.4:5016 (retry 0): Connection refused (os error 111)
[2026-04-19T03:26:57.144Z WARN  network::simple_sender] Failed to connect to 10.10.1.4:5016 (retry 0): Connection refused (os error 111)
[2026-04-19T03:26:57.146Z WARN  network::simple_sender] Failed to connect to 10.10.1.4:5016 (retry 0): Connection refused (os error 111)
[2026-04-19T03:26:57.153Z WARN  network::simple_sender] Failed to connect to 10.10.1.4:5016 (retry 0): Connection refused (os error 111)
[2026-04-19T03:26:57.155Z WARN  network::simple_sender] Failed to connect to 10.10.1.4:5016 (retry 0): Connection refused (os error 111)
[2026-04-19T03:26:57.156Z WARN  network::simple_sender] Failed to connect to 10.10.1.4:5016 (retry 0): Connection refused (os error 111)
[2026-04-19T03:26:57.159Z WARN  network::simple_sender] Failed to connect to 10.10.1.4:5016 (retry 0): Connection refused (os error 111)
[2026-04-19T03:26:57.178Z WARN  network::simple_sender] Failed to connect to 10.10.1.4:5016 (retry 0): Connection refused (os error 111)
[2026-04-19T03:26:57.184Z INFO  worker::batch_maker] Batch UCzZeMngE69WQjRyTR48MVaxA6iek8RjIbKtSKy2u5o= contains sample tx 2448
[2026-04-19T03:26:57.184Z INFO  worker::batch_maker] Batch UCzZeMngE69WQjRyTR48MVaxA6iek8RjIbKtSKy2u5o= contains 204800 B
[2026-04-19T03:26:57.186Z WARN  network::simple_sender] Failed to connect to 10.10.1.4:5016 (retry 0): Connection refused (os error 111)
[2026-04-19T03:26:57.188Z WARN  network::simple_sender] Failed to connect to 10.10.1.4:5016 (retry 0): Connection refused (os error 111)
[2026-04-19T03:26:57.198Z WARN  network::simple_sender] Failed to connect to 10.10.1.4:5016 (retry 0): Connection refused (os error 111)
[2026-04-19T03:26:57.203Z WARN  network::simple_sender] Failed to connect to 10.10.1.4:5016 (retry 0): Connection refused (os error 111)
[2026-04-19T03:26:57.206Z WARN  network::simple_sender] Failed to connect to 10.10.1.4:5016 (retry 0): Connection refused (os error 111)
[2026-04-19T03:26:57.208Z WARN  network::simple_sender] Failed to connect to 10.10.1.4:5016 (retry 0): Connection refused (os error 111)
[2026-04-19T03:26:57.210Z WARN  network::simple_sender] Failed to connect to 10.10.1.4:5016 (retry 0): Connection refused (os error 111)
[2026-04-19T03:26:57.212Z WARN  network::simple_sender] Failed to connect to 10.10.1.4:5016 (retry 0): Connection refused (os error 111)
[2026-04-19T03:26:57.231Z WARN  network::simple_sender] Failed to connect to 10.10.1.4:5016 (retry 0): Connection refused (os error 111)
[2026-04-19T03:26:57.237Z INFO  worker::batch_maker] Batch fk0uMNOTks+d7S/UbXWgzRkSZBzXR8/862/lrxWzRDY= contains sample tx 2449
[2026-04-19T03:26:57.237Z INFO  worker::batch_maker] Batch fk0uMNOTks+d7S/UbXWgzRkSZBzXR8/862/lrxWzRDY= contains 204800 B
[2026-04-19T03:26:57.241Z WARN  network::simple_sender] Failed to connect to 10.10.1.4:5016 (retry 0): Connection refused (os error 111)
[2026-04-19T03:26:57.243Z WARN  network::simple_sender] Failed to connect to 10.10.1.4:5016 (retry 0): Connection refused (os error 111)
[2026-04-19T03:26:57.251Z WARN  network::simple_sender] Failed to connect to 10.10.1.4:5016 (retry 0): Connection refused (os error 111)
[2026-04-19T03:26:57.256Z WARN  network::simple_sender] Failed to connect to 10.10.1.4:5016 (retry 0): Connection refused (os error 111)
[2026-04-19T03:26:57.260Z WARN  network::simple_sender] Failed to connect to 10.10.1.4:5016 (retry 0): Connection refused (os error 111)
[2026-04-19T03:26:57.262Z WARN  network::simple_sender] Failed to connect to 10.10.1.4:5016 (retry 0): Connection refused (os error 111)
[2026-04-19T03:26:57.265Z WARN  network::simple_sender] Failed to connect to 10.10.1.4:5016 (retry 0): Connection refused (os error 111)
[2026-04-19T03:26:57.267Z WARN  network::simple_sender] Failed to connect to 10.10.1.4:5016 (retry 0): Connection refused (os error 111)
[2026-04-19T03:26:57.284Z WARN  network::simple_sender] Failed to connect to 10.10.1.4:5016 (retry 0): Connection refused (os error 111)
[2026-04-19T03:26:57.287Z WARN  network::simple_sender] Failed to connect to 10.10.1.4:5016 (retry 0): Connection refused (os error 111)
[2026-04-19T03:26:57.290Z INFO  worker::batch_maker] Batch EZlZeSAHGBtrvNJ/fT7oz6QkhT1cBPadVp4YhpQ8zo0= contains sample tx 2450
[2026-04-19T03:26:57.290Z INFO  worker::batch_maker] Batch EZlZeSAHGBtrvNJ/fT7oz6QkhT1cBPadVp4YhpQ8zo0= contains 204800 B
[2026-04-19T03:26:57.293Z WARN  network::simple_sender] Failed to connect to 10.10.1.4:5016 (retry 0): Connection refused (os error 111)
[2026-04-19T03:26:57.294Z WARN  network::simple_sender] Failed to connect to 10.10.1.4:5016 (retry 0): Connection refused (os error 111)
[2026-04-19T03:26:57.303Z WARN  network::simple_sender] Failed to connect to 10.10.1.4:5016 (retry 0): Connection refused (os error 111)
[2026-04-19T03:26:57.311Z WARN  network::simple_sender] Failed to connect to 10.10.1.4:5016 (retry 0): Connection refused (os error 111)
[2026-04-19T03:26:57.314Z WARN  network::simple_sender] Failed to connect to 10.10.1.4:5016 (retry 0): Connection refused (os error 111)
[2026-04-19T03:26:57.316Z WARN  network::simple_sender] Failed to connect to 10.10.1.4:5016 (retry 0): Connection refused (os error 111)
[2026-04-19T03:26:57.320Z WARN  network::simple_sender] Failed to connect to 10.10.1.4:5016 (retry 0): Connection refused (os error 111)
[2026-04-19T03:26:57.323Z WARN  network::simple_sender] Failed to connect to 10.10.1.4:5016 (retry 0): Connection refused (os error 111)
[2026-04-19T03:26:57.336Z WARN  network::simple_sender] Failed to connect to 10.10.1.4:5016 (retry 0): Connection refused (os error 111)
[2026-04-19T03:26:57.344Z INFO  worker::batch_maker] Batch MPxNQuKVaew8iofL5+qYymfrHUcoMvUVyva1VF+hvcM= contains sample tx 2451
[2026-04-19T03:26:57.344Z INFO  worker::batch_maker] Batch MPxNQuKVaew8iofL5+qYymfrHUcoMvUVyva1VF+hvcM= contains 204800 B
[2026-04-19T03:26:57.348Z WARN  network::simple_sender] Failed to connect to 10.10.1.4:5016 (retry 0): Connection refused (os error 111)
[2026-04-19T03:26:57.348Z WARN  network::simple_sender] Failed to connect to 10.10.1.4:5016 (retry 0): Connection refused (os error 111)
[2026-04-19T03:26:57.351Z WARN  network::simple_sender] Failed to connect to 10.10.1.4:5016 (retry 0): Connection refused (os error 111)
[2026-04-19T03:26:57.362Z WARN  network::simple_sender] Failed to connect to 10.10.1.4:5016 (retry 0): Connection refused (os error 111)
[2026-04-19T03:26:57.367Z WARN  network::simple_sender] Failed to connect to 10.10.1.4:5016 (retry 0): Connection refused (os error 111)
[2026-04-19T03:26:57.371Z WARN  network::simple_sender] Failed to connect to 10.10.1.4:5016 (retry 0): Connection refused (os error 111)
[2026-04-19T03:26:57.373Z WARN  network::simple_sender] Failed to connect to 10.10.1.4:5016 (retry 0): Connection refused (os error 111)
[2026-04-19T03:26:57.376Z WARN  network::simple_sender] Failed to connect to 10.10.1.4:5016 (retry 0): Connection refused (os error 111)
[2026-04-19T03:26:57.377Z WARN  network::simple_sender] Failed to connect to 10.10.1.4:5016 (retry 0): Connection refused (os error 111)
[2026-04-19T03:26:57.387Z WARN  network::simple_sender] Failed to connect to 10.10.1.4:5016 (retry 0): Connection refused (os error 111)
[2026-04-19T03:26:57.397Z INFO  worker::batch_maker] Batch w6B0rqq3CAMKhDLmuEFGjqcYH0+6RounHH7Ld2XCRsE= contains sample tx 2452
[2026-04-19T03:26:57.397Z INFO  worker::batch_maker] Batch w6B0rqq3CAMKhDLmuEFGjqcYH0+6RounHH7Ld2XCRsE= contains 204800 B
[2026-04-19T03:26:57.399Z WARN  network::simple_sender] Failed to connect to 10.10.1.4:5016 (retry 0): Connection refused (os error 111)
[2026-04-19T03:26:57.401Z WARN  network::simple_sender] Failed to connect to 10.10.1.4:5016 (retry 0): Connection refused (os error 111)
[2026-04-19T03:26:57.416Z WARN  network::simple_sender] Failed to connect to 10.10.1.4:5016 (retry 0): Connection refused (os error 111)
[2026-04-19T03:26:57.419Z WARN  network::simple_sender] Failed to connect to 10.10.1.4:5016 (retry 0): Connection refused (os error 111)
[2026-04-19T03:26:57.423Z WARN  network::simple_sender] Failed to connect to 10.10.1.4:5016 (retry 0): Connection refused (os error 111)
[2026-04-19T03:26:57.425Z WARN  network::simple_sender] Failed to connect to 10.10.1.4:5016 (retry 0): Connection refused (os error 111)
[2026-04-19T03:26:57.427Z WARN  network::simple_sender] Failed to connect to 10.10.1.4:5016 (retry 0): Connection refused (os error 111)
[2026-04-19T03:26:57.429Z WARN  network::simple_sender] Failed to connect to 10.10.1.4:5016 (retry 0): Connection refused (os error 111)
[2026-04-19T03:26:57.440Z WARN  network::simple_sender] Failed to connect to 10.10.1.4:5016 (retry 0): Connection refused (os error 111)
[2026-04-19T03:26:57.451Z WARN  network::simple_sender] Failed to connect to 10.10.1.4:5016 (retry 0): Connection refused (os error 111)
[2026-04-19T03:26:57.451Z INFO  worker::batch_maker] Batch Fm+veM7W1cTL3OkuTlUOS8s8Z3p6Q2M2MWs4q6maSkQ= contains sample tx 2453
[2026-04-19T03:26:57.451Z INFO  worker::batch_maker] Batch Fm+veM7W1cTL3OkuTlUOS8s8Z3p6Q2M2MWs4q6maSkQ= contains sample tx 2454
[2026-04-19T03:26:57.451Z INFO  worker::batch_maker] Batch Fm+veM7W1cTL3OkuTlUOS8s8Z3p6Q2M2MWs4q6maSkQ= contains 258048 B
[2026-04-19T03:26:57.454Z WARN  network::simple_sender] Failed to connect to 10.10.1.4:5016 (retry 0): Connection refused (os error 111)
[2026-04-19T03:26:57.456Z WARN  network::simple_sender] Failed to connect to 10.10.1.4:5016 (retry 0): Connection refused (os error 111)
[2026-04-19T03:26:57.469Z WARN  network::simple_sender] Failed to connect to 10.10.1.4:5016 (retry 0): Connection refused (os error 111)
[2026-04-19T03:26:57.470Z WARN  network::simple_sender] Failed to connect to 10.10.1.4:5016 (retry 0): Connection refused (os error 111)
[2026-04-19T03:26:57.475Z WARN  network::simple_sender] Failed to connect to 10.10.1.4:5016 (retry 0): Connection refused (os error 111)
[2026-04-19T03:26:57.477Z WARN  network::simple_sender] Failed to connect to 10.10.1.4:5016 (retry 0): Connection refused (os error 111)
[2026-04-19T03:26:57.479Z WARN  network::simple_sender] Failed to connect to 10.10.1.4:5016 (retry 0): Connection refused (os error 111)
[2026-04-19T03:26:57.481Z WARN  network::simple_sender] Failed to connect to 10.10.1.4:5016 (retry 0): Connection refused (os error 111)
[2026-04-19T03:26:57.492Z WARN  network::simple_sender] Failed to connect to 10.10.1.4:5016 (retry 0): Connection refused (os error 111)
[2026-04-19T03:26:57.502Z WARN  network::simple_sender] Failed to connect to 10.10.1.4:5016 (retry 0): Connection refused (os error 111)
[2026-04-19T03:26:57.504Z INFO  worker::batch_maker] Batch 2JDZ0LRdXAM/9CFrWo7c0TDT0EmfC2r9TK+mfE9tp2E= contains sample tx 2455
[2026-04-19T03:26:57.504Z INFO  worker::batch_maker] Batch 2JDZ0LRdXAM/9CFrWo7c0TDT0EmfC2r9TK+mfE9tp2E= contains 356352 B
[2026-04-19T03:26:57.509Z WARN  network::simple_sender] Failed to connect to 10.10.1.4:5016 (retry 0): Connection refused (os error 111)
[2026-04-19T03:26:57.522Z WARN  network::simple_sender] Failed to connect to 10.10.1.4:5016 (retry 0): Connection refused (os error 111)
[2026-04-19T03:26:57.523Z WARN  network::simple_sender] Failed to connect to 10.10.1.4:5016 (retry 0): Connection refused (os error 111)
[2026-04-19T03:26:57.528Z WARN  network::simple_sender] Failed to connect to 10.10.1.4:5016 (retry 0): Connection refused (os error 111)
[2026-04-19T03:26:57.529Z WARN  network::simple_sender] Failed to connect to 10.10.1.4:5016 (retry 0): Connection refused (os error 111)
[2026-04-19T03:26:57.532Z WARN  network::simple_sender] Failed to connect to 10.10.1.4:5016 (retry 0): Connection refused (os error 111)
[2026-04-19T03:26:57.533Z WARN  network::simple_sender] Failed to connect to 10.10.1.4:5016 (retry 0): Connection refused (os error 111)
[2026-04-19T03:26:57.545Z WARN  network::simple_sender] Failed to connect to 10.10.1.4:5016 (retry 0): Connection refused (os error 111)
[2026-04-19T03:26:57.556Z WARN  network::simple_sender] Failed to connect to 10.10.1.4:5016 (retry 0): Connection refused (os error 111)
[2026-04-19T03:26:57.556Z INFO  worker::batch_maker] Batch +2nstylkKQAWXZd3phQU2rP3WMb6TlMbiOH0pX79XAE= contains sample tx 2456
[2026-04-19T03:26:57.556Z INFO  worker::batch_maker] Batch +2nstylkKQAWXZd3phQU2rP3WMb6TlMbiOH0pX79XAE= contains 204800 B
[2026-04-19T03:26:57.559Z WARN  network::simple_sender] Failed to connect to 10.10.1.4:5016 (retry 0): Connection refused (os error 111)
[2026-04-19T03:26:57.563Z WARN  network::simple_sender] Failed to connect to 10.10.1.4:5016 (retry 0): Connection refused (os error 111)
[2026-04-19T03:26:57.575Z WARN  network::simple_sender] Failed to connect to 10.10.1.4:5016 (retry 0): Connection refused (os error 111)
[2026-04-19T03:26:57.577Z WARN  network::simple_sender] Failed to connect to 10.10.1.4:5016 (retry 0): Connection refused (os error 111)
[2026-04-19T03:26:57.580Z WARN  network::simple_sender] Failed to connect to 10.10.1.4:5016 (retry 0): Connection refused (os error 111)
[2026-04-19T03:26:57.584Z WARN  network::simple_sender] Failed to connect to 10.10.1.4:5016 (retry 0): Connection refused (os error 111)
[2026-04-19T03:26:57.587Z WARN  network::simple_sender] Failed to connect to 10.10.1.4:5016 (retry 0): Connection refused (os error 111)
[2026-04-19T03:26:57.590Z WARN  network::simple_sender] Failed to connect to 10.10.1.4:5016 (retry 0): Connection refused (os error 111)
[2026-04-19T03:26:57.599Z WARN  network::simple_sender] Failed to connect to 10.10.1.4:5016 (retry 0): Connection refused (os error 111)
[2026-04-19T03:26:57.609Z INFO  worker::batch_maker] Batch 75iAPNQmwVb0YuR7LtsWf1g6+DdKDNLGhPCmoqfJsXk= contains sample tx 2457
[2026-04-19T03:26:57.609Z INFO  worker::batch_maker] Batch 75iAPNQmwVb0YuR7LtsWf1g6+DdKDNLGhPCmoqfJsXk= contains 204800 B
[2026-04-19T03:26:57.611Z WARN  network::simple_sender] Failed to connect to 10.10.1.4:5016 (retry 0): Connection refused (os error 111)
[2026-04-19T03:26:57.612Z WARN  network::simple_sender] Failed to connect to 10.10.1.4:5016 (retry 0): Connection refused (os error 111)
[2026-04-19T03:26:57.614Z WARN  network::simple_sender] Failed to connect to 10.10.1.4:5016 (retry 0): Connection refused (os error 111)
[2026-04-19T03:26:57.629Z WARN  network::simple_sender] Failed to connect to 10.10.1.4:5016 (retry 0): Connection refused (os error 111)
[2026-04-19T03:26:57.630Z WARN  network::simple_sender] Failed to connect to 10.10.1.4:5016 (retry 0): Connection refused (os error 111)
[2026-04-19T03:26:57.632Z WARN  network::simple_sender] Failed to connect to 10.10.1.4:5016 (retry 0): Connection refused (os error 111)
[2026-04-19T03:26:57.633Z WARN  network::simple_sender] Failed to connect to 10.10.1.4:5016 (retry 0): Connection refused (os error 111)
[2026-04-19T03:26:57.638Z WARN  network::simple_sender] Failed to connect to 10.10.1.4:5016 (retry 0): Connection refused (os error 111)
[2026-04-19T03:26:57.638Z WARN  network::simple_sender] Failed to connect to 10.10.1.4:5016 (retry 0): Connection refused (os error 111)
[2026-04-19T03:26:57.651Z WARN  network::simple_sender] Failed to connect to 10.10.1.4:5016 (retry 0): Connection refused (os error 111)
[2026-04-19T03:26:57.661Z INFO  worker::batch_maker] Batch xPr2RMgzRz5FLMHIiJogMn69OmUywlnHofTGIdw7PHs= contains sample tx 2458
[2026-04-19T03:26:57.661Z INFO  worker::batch_maker] Batch xPr2RMgzRz5FLMHIiJogMn69OmUywlnHofTGIdw7PHs= contains 204800 B
[2026-04-19T03:26:57.664Z WARN  network::simple_sender] Failed to connect to 10.10.1.4:5016 (retry 0): Connection refused (os error 111)
[2026-04-19T03:26:57.664Z WARN  network::simple_sender] Failed to connect to 10.10.1.4:5016 (retry 0): Connection refused (os error 111)
[2026-04-19T03:26:57.673Z WARN  network::simple_sender] Failed to connect to 10.10.1.4:5016 (retry 0): Connection refused (os error 111)
[2026-04-19T03:26:57.681Z WARN  network::simple_sender] Failed to connect to 10.10.1.4:5016 (retry 0): Connection refused (os error 111)
[2026-04-19T03:26:57.681Z WARN  network::simple_sender] Failed to connect to 10.10.1.4:5016 (retry 0): Connection refused (os error 111)
[2026-04-19T03:26:57.685Z WARN  network::simple_sender] Failed to connect to 10.10.1.4:5016 (retry 0): Connection refused (os error 111)
[2026-04-19T03:26:57.686Z WARN  network::simple_sender] Failed to connect to 10.10.1.4:5016 (retry 0): Connection refused (os error 111)
[2026-04-19T03:26:57.690Z WARN  network::simple_sender] Failed to connect to 10.10.1.4:5016 (retry 0): Connection refused (os error 111)
[2026-04-19T03:26:57.691Z WARN  network::simple_sender] Failed to connect to 10.10.1.4:5016 (retry 0): Connection refused (os error 111)
[2026-04-19T03:26:57.704Z WARN  network::simple_sender] Failed to connect to 10.10.1.4:5016 (retry 0): Connection refused (os error 111)
[2026-04-19T03:26:57.712Z INFO  worker::batch_maker] Batch 1L+JirZwOyyvwAkMv7yx2/85Htq9B2UdW2RQtMa5sqc= contains sample tx 2459
[2026-04-19T03:26:57.712Z INFO  worker::batch_maker] Batch 1L+JirZwOyyvwAkMv7yx2/85Htq9B2UdW2RQtMa5sqc= contains 204800 B
[2026-04-19T03:26:57.715Z WARN  network::simple_sender] Failed to connect to 10.10.1.4:5016 (retry 0): Connection refused (os error 111)
[2026-04-19T03:26:57.717Z WARN  network::simple_sender] Failed to connect to 10.10.1.4:5016 (retry 0): Connection refused (os error 111)
[2026-04-19T03:26:57.723Z WARN  network::simple_sender] Failed to connect to 10.10.1.4:5016 (retry 0): Connection refused (os error 111)
[2026-04-19T03:26:57.733Z WARN  network::simple_sender] Failed to connect to 10.10.1.4:5016 (retry 0): Connection refused (os error 111)
[2026-04-19T03:26:57.736Z WARN  network::simple_sender] Failed to connect to 10.10.1.4:5016 (retry 0): Connection refused (os error 111)
[2026-04-19T03:26:57.738Z WARN  network::simple_sender] Failed to connect to 10.10.1.4:5016 (retry 0): Connection refused (os error 111)
[2026-04-19T03:26:57.740Z WARN  network::simple_sender] Failed to connect to 10.10.1.4:5016 (retry 0): Connection refused (os error 111)
[2026-04-19T03:26:57.743Z WARN  network::simple_sender] Failed to connect to 10.10.1.4:5016 (retry 0): Connection refused (os error 111)
[2026-04-19T03:26:57.744Z WARN  network::simple_sender] Failed to connect to 10.10.1.4:5016 (retry 0): Connection refused (os error 111)
[2026-04-19T03:26:57.759Z WARN  network::simple_sender] Failed to connect to 10.10.1.4:5016 (retry 0): Connection refused (os error 111)
[2026-04-19T03:26:57.765Z INFO  worker::batch_maker] Batch T7B87o6FP2Hrxrm2oM+Ev7S22f8q89Vz5EsyXTTNX84= contains sample tx 2460
[2026-04-19T03:26:57.765Z INFO  worker::batch_maker] Batch T7B87o6FP2Hrxrm2oM+Ev7S22f8q89Vz5EsyXTTNX84= contains 204800 B
[2026-04-19T03:26:57.767Z WARN  network::simple_sender] Failed to connect to 10.10.1.4:5016 (retry 0): Connection refused (os error 111)
[2026-04-19T03:26:57.769Z WARN  network::simple_sender] Failed to connect to 10.10.1.4:5016 (retry 0): Connection refused (os error 111)
[2026-04-19T03:26:57.776Z WARN  network::simple_sender] Failed to connect to 10.10.1.4:5016 (retry 0): Connection refused (os error 111)
[2026-04-19T03:26:57.786Z WARN  network::simple_sender] Failed to connect to 10.10.1.4:5016 (retry 0): Connection refused (os error 111)
[2026-04-19T03:26:57.789Z WARN  network::simple_sender] Failed to connect to 10.10.1.4:5016 (retry 0): Connection refused (os error 111)
[2026-04-19T03:26:57.793Z WARN  network::simple_sender] Failed to connect to 10.10.1.4:5016 (retry 0): Connection refused (os error 111)
[2026-04-19T03:26:57.796Z WARN  network::simple_sender] Failed to connect to 10.10.1.4:5016 (retry 0): Connection refused (os error 111)
[2026-04-19T03:26:57.796Z WARN  network::simple_sender] Failed to connect to 10.10.1.4:5016 (retry 0): Connection refused (os error 111)
[2026-04-19T03:26:57.797Z WARN  network::simple_sender] Failed to connect to 10.10.1.4:5016 (retry 0): Connection refused (os error 111)
[2026-04-19T03:26:57.813Z WARN  network::simple_sender] Failed to connect to 10.10.1.4:5016 (retry 0): Connection refused (os error 111)
[2026-04-19T03:26:57.819Z INFO  worker::batch_maker] Batch NtVkkA1rkP537tRxEY2VK90C8hOOp025qBUtZqWBiBA= contains sample tx 2461
[2026-04-19T03:26:57.819Z INFO  worker::batch_maker] Batch NtVkkA1rkP537tRxEY2VK90C8hOOp025qBUtZqWBiBA= contains 204800 B
[2026-04-19T03:26:57.821Z WARN  network::simple_sender] Failed to connect to 10.10.1.4:5016 (retry 0): Connection refused (os error 111)
[2026-04-19T03:26:57.822Z WARN  network::simple_sender] Failed to connect to 10.10.1.4:5016 (retry 0): Connection refused (os error 111)
[2026-04-19T03:26:57.828Z WARN  network::simple_sender] Failed to connect to 10.10.1.4:5016 (retry 0): Connection refused (os error 111)
[2026-04-19T03:26:57.840Z WARN  network::simple_sender] Failed to connect to 10.10.1.4:5016 (retry 0): Connection refused (os error 111)
[2026-04-19T03:26:57.841Z WARN  network::simple_sender] Failed to connect to 10.10.1.4:5016 (retry 0): Connection refused (os error 111)
[2026-04-19T03:26:57.845Z WARN  network::simple_sender] Failed to connect to 10.10.1.4:5016 (retry 0): Connection refused (os error 111)
[2026-04-19T03:26:57.846Z WARN  network::simple_sender] Failed to connect to 10.10.1.4:5016 (retry 0): Connection refused (os error 111)
[2026-04-19T03:26:57.848Z WARN  network::simple_sender] Failed to connect to 10.10.1.4:5016 (retry 0): Connection refused (os error 111)
[2026-04-19T03:26:57.849Z WARN  network::simple_sender] Failed to connect to 10.10.1.4:5016 (retry 0): Connection refused (os error 111)
[2026-04-19T03:26:57.865Z WARN  network::simple_sender] Failed to connect to 10.10.1.4:5016 (retry 0): Connection refused (os error 111)
[2026-04-19T03:26:57.871Z INFO  worker::batch_maker] Batch oPl9cYZybiKwFOnpKEvzekhiw0PYsa+nw/WSiTHvlLI= contains sample tx 2462
[2026-04-19T03:26:57.871Z INFO  worker::batch_maker] Batch oPl9cYZybiKwFOnpKEvzekhiw0PYsa+nw/WSiTHvlLI= contains 204800 B
[2026-04-19T03:26:57.873Z WARN  network::simple_sender] Failed to connect to 10.10.1.4:5016 (retry 0): Connection refused (os error 111)
[2026-04-19T03:26:57.878Z WARN  network::simple_sender] Failed to connect to 10.10.1.4:5016 (retry 0): Connection refused (os error 111)
[2026-04-19T03:26:57.884Z WARN  network::simple_sender] Failed to connect to 10.10.1.4:5016 (retry 0): Connection refused (os error 111)
[2026-04-19T03:26:57.892Z WARN  network::simple_sender] Failed to connect to 10.10.1.4:5016 (retry 0): Connection refused (os error 111)
[2026-04-19T03:26:57.896Z WARN  network::simple_sender] Failed to connect to 10.10.1.4:5016 (retry 0): Connection refused (os error 111)
[2026-04-19T03:26:57.897Z WARN  network::simple_sender] Failed to connect to 10.10.1.4:5016 (retry 0): Connection refused (os error 111)
[2026-04-19T03:26:57.901Z WARN  network::simple_sender] Failed to connect to 10.10.1.4:5016 (retry 0): Connection refused (os error 111)
[2026-04-19T03:26:57.901Z WARN  network::simple_sender] Failed to connect to 10.10.1.4:5016 (retry 0): Connection refused (os error 111)
[2026-04-19T03:26:57.903Z WARN  network::simple_sender] Failed to connect to 10.10.1.4:5016 (retry 0): Connection refused (os error 111)
[2026-04-19T03:26:57.920Z WARN  network::simple_sender] Failed to connect to 10.10.1.4:5016 (retry 0): Connection refused (os error 111)
[2026-04-19T03:26:57.924Z INFO  worker::batch_maker] Batch ORvchVJf1fx2CBmWLOV6+VYqGpIYtQbhWWXorRZIxuA= contains sample tx 2463
[2026-04-19T03:26:57.924Z INFO  worker::batch_maker] Batch ORvchVJf1fx2CBmWLOV6+VYqGpIYtQbhWWXorRZIxuA= contains 204800 B
[2026-04-19T03:26:57.928Z WARN  network::simple_sender] Failed to connect to 10.10.1.4:5016 (retry 0): Connection refused (os error 111)
[2026-04-19T03:26:57.932Z WARN  network::simple_sender] Failed to connect to 10.10.1.4:5016 (retry 0): Connection refused (os error 111)
[2026-04-19T03:26:57.937Z WARN  network::simple_sender] Failed to connect to 10.10.1.4:5016 (retry 0): Connection refused (os error 111)
[2026-04-19T03:26:57.945Z WARN  network::simple_sender] Failed to connect to 10.10.1.4:5016 (retry 0): Connection refused (os error 111)
[2026-04-19T03:26:57.949Z WARN  network::simple_sender] Failed to connect to 10.10.1.4:5016 (retry 0): Connection refused (os error 111)
[2026-04-19T03:26:57.952Z WARN  network::simple_sender] Failed to connect to 10.10.1.4:5016 (retry 0): Connection refused (os error 111)
[2026-04-19T03:26:57.953Z WARN  network::simple_sender] Failed to connect to 10.10.1.4:5016 (retry 0): Connection refused (os error 111)
[2026-04-19T03:26:57.955Z WARN  network::simple_sender] Failed to connect to 10.10.1.4:5016 (retry 0): Connection refused (os error 111)
[2026-04-19T03:26:57.957Z WARN  network::simple_sender] Failed to connect to 10.10.1.4:5016 (retry 0): Connection refused (os error 111)
[2026-04-19T03:26:57.974Z WARN  network::simple_sender] Failed to connect to 10.10.1.4:5016 (retry 0): Connection refused (os error 111)
[2026-04-19T03:26:57.978Z INFO  worker::batch_maker] Batch iLS6qe1HXkubdqmO6SHg5568Tbcin5auaIMhL1EEadE= contains sample tx 2464
[2026-04-19T03:26:57.978Z INFO  worker::batch_maker] Batch iLS6qe1HXkubdqmO6SHg5568Tbcin5auaIMhL1EEadE= contains 204800 B
[2026-04-19T03:26:57.981Z WARN  network::simple_sender] Failed to connect to 10.10.1.4:5016 (retry 0): Connection refused (os error 111)
[2026-04-19T03:26:57.985Z WARN  network::simple_sender] Failed to connect to 10.10.1.4:5016 (retry 0): Connection refused (os error 111)
[2026-04-19T03:26:57.990Z WARN  network::simple_sender] Failed to connect to 10.10.1.4:5016 (retry 0): Connection refused (os error 111)
[2026-04-19T03:26:58.000Z WARN  network::simple_sender] Failed to connect to 10.10.1.4:5016 (retry 0): Connection refused (os error 111)
[2026-04-19T03:26:58.001Z WARN  network::simple_sender] Failed to connect to 10.10.1.4:5016 (retry 0): Connection refused (os error 111)
[2026-04-19T03:26:58.003Z WARN  network::simple_sender] Failed to connect to 10.10.1.4:5016 (retry 0): Connection refused (os error 111)
[2026-04-19T03:26:58.006Z WARN  network::simple_sender] Failed to connect to 10.10.1.4:5016 (retry 0): Connection refused (os error 111)
[2026-04-19T03:26:58.010Z WARN  network::simple_sender] Failed to connect to 10.10.1.4:5016 (retry 0): Connection refused (os error 111)
[2026-04-19T03:26:58.012Z WARN  network::simple_sender] Failed to connect to 10.10.1.4:5016 (retry 0): Connection refused (os error 111)
[2026-04-19T03:26:58.027Z WARN  network::simple_sender] Failed to connect to 10.10.1.4:5016 (retry 0): Connection refused (os error 111)
[2026-04-19T03:26:58.031Z INFO  worker::batch_maker] Batch 7QOj6+EGV9Mk6NGjC8ZmfISwuehSkVQ0jv4L879YyQY= contains sample tx 2465
[2026-04-19T03:26:58.031Z INFO  worker::batch_maker] Batch 7QOj6+EGV9Mk6NGjC8ZmfISwuehSkVQ0jv4L879YyQY= contains 204800 B
[2026-04-19T03:26:58.034Z WARN  network::simple_sender] Failed to connect to 10.10.1.4:5016 (retry 0): Connection refused (os error 111)
[2026-04-19T03:26:58.039Z WARN  network::simple_sender] Failed to connect to 10.10.1.4:5016 (retry 0): Connection refused (os error 111)
[2026-04-19T03:26:58.041Z WARN  network::simple_sender] Failed to connect to 10.10.1.4:5016 (retry 0): Connection refused (os error 111)
[2026-04-19T03:26:58.055Z WARN  network::simple_sender] Failed to connect to 10.10.1.4:5016 (retry 0): Connection refused (os error 111)
[2026-04-19T03:26:58.056Z WARN  network::simple_sender] Failed to connect to 10.10.1.4:5016 (retry 0): Connection refused (os error 111)
[2026-04-19T03:26:58.058Z WARN  network::simple_sender] Failed to connect to 10.10.1.4:5016 (retry 0): Connection refused (os error 111)
[2026-04-19T03:26:58.061Z WARN  network::simple_sender] Failed to connect to 10.10.1.4:5016 (retry 0): Connection refused (os error 111)
[2026-04-19T03:26:58.067Z WARN  network::simple_sender] Failed to connect to 10.10.1.4:5016 (retry 0): Connection refused (os error 111)
[2026-04-19T03:26:58.069Z WARN  network::simple_sender] Failed to connect to 10.10.1.4:5016 (retry 0): Connection refused (os error 111)
[2026-04-19T03:26:58.081Z WARN  network::simple_sender] Failed to connect to 10.10.1.4:5016 (retry 0): Connection refused (os error 111)
[2026-04-19T03:26:58.084Z INFO  worker::batch_maker] Batch QNz0tJc6Si9qPB6unJpsx2D381lS4PFNO3HMzaqVAFQ= contains sample tx 2466
[2026-04-19T03:26:58.084Z INFO  worker::batch_maker] Batch QNz0tJc6Si9qPB6unJpsx2D381lS4PFNO3HMzaqVAFQ= contains 204800 B
[2026-04-19T03:26:58.088Z WARN  network::simple_sender] Failed to connect to 10.10.1.4:5016 (retry 0): Connection refused (os error 111)
[2026-04-19T03:26:58.092Z WARN  network::simple_sender] Failed to connect to 10.10.1.4:5016 (retry 0): Connection refused (os error 111)
[2026-04-19T03:26:58.095Z WARN  network::simple_sender] Failed to connect to 10.10.1.4:5016 (retry 0): Connection refused (os error 111)
[2026-04-19T03:26:58.108Z WARN  network::simple_sender] Failed to connect to 10.10.1.4:5016 (retry 0): Connection refused (os error 111)
[2026-04-19T03:26:58.109Z WARN  network::simple_sender] Failed to connect to 10.10.1.4:5016 (retry 0): Connection refused (os error 111)
[2026-04-19T03:26:58.113Z WARN  network::simple_sender] Failed to connect to 10.10.1.4:5016 (retry 0): Connection refused (os error 111)
[2026-04-19T03:26:58.117Z WARN  network::simple_sender] Failed to connect to 10.10.1.4:5016 (retry 0): Connection refused (os error 111)
[2026-04-19T03:26:58.119Z WARN  network::simple_sender] Failed to connect to 10.10.1.4:5016 (retry 0): Connection refused (os error 111)
[2026-04-19T03:26:58.125Z WARN  network::simple_sender] Failed to connect to 10.10.1.4:5016 (retry 0): Connection refused (os error 111)
[2026-04-19T03:26:58.135Z WARN  network::simple_sender] Failed to connect to 10.10.1.4:5016 (retry 0): Connection refused (os error 111)
[2026-04-19T03:26:58.137Z INFO  worker::batch_maker] Batch f0f6Zjefm9dX77YOqfvcsWMYGXPNHbhJV/R6jY3nMu8= contains sample tx 2467
[2026-04-19T03:26:58.137Z INFO  worker::batch_maker] Batch f0f6Zjefm9dX77YOqfvcsWMYGXPNHbhJV/R6jY3nMu8= contains 204800 B
[2026-04-19T03:26:58.141Z WARN  network::simple_sender] Failed to connect to 10.10.1.4:5016 (retry 0): Connection refused (os error 111)
[2026-04-19T03:26:58.145Z WARN  network::simple_sender] Failed to connect to 10.10.1.4:5016 (retry 0): Connection refused (os error 111)
[2026-04-19T03:26:58.149Z WARN  network::simple_sender] Failed to connect to 10.10.1.4:5016 (retry 0): Connection refused (os error 111)
[2026-04-19T03:26:58.161Z WARN  network::simple_sender] Failed to connect to 10.10.1.4:5016 (retry 0): Connection refused (os error 111)
[2026-04-19T03:26:58.163Z WARN  network::simple_sender] Failed to connect to 10.10.1.4:5016 (retry 0): Connection refused (os error 111)
[2026-04-19T03:26:58.165Z WARN  network::simple_sender] Failed to connect to 10.10.1.4:5016 (retry 0): Connection refused (os error 111)
[2026-04-19T03:26:58.167Z WARN  network::simple_sender] Failed to connect to 10.10.1.4:5016 (retry 0): Connection refused (os error 111)
[2026-04-19T03:26:58.172Z WARN  network::simple_sender] Failed to connect to 10.10.1.4:5016 (retry 0): Connection refused (os error 111)
[2026-04-19T03:26:58.176Z WARN  network::simple_sender] Failed to connect to 10.10.1.4:5016 (retry 0): Connection refused (os error 111)
[2026-04-19T03:26:58.189Z WARN  network::simple_sender] Failed to connect to 10.10.1.4:5016 (retry 0): Connection refused (os error 111)
[2026-04-19T03:26:58.191Z INFO  worker::batch_maker] Batch L8F/xXwSkFdG6sWMaXDXxOSWA6iXMHqIeBb2e6KTyoQ= contains sample tx 2468
[2026-04-19T03:26:58.191Z INFO  worker::batch_maker] Batch L8F/xXwSkFdG6sWMaXDXxOSWA6iXMHqIeBb2e6KTyoQ= contains 204800 B
[2026-04-19T03:26:58.195Z WARN  network::simple_sender] Failed to connect to 10.10.1.4:5016 (retry 0): Connection refused (os error 111)
[2026-04-19T03:26:58.199Z WARN  network::simple_sender] Failed to connect to 10.10.1.4:5016 (retry 0): Connection refused (os error 111)
[2026-04-19T03:26:58.202Z WARN  network::simple_sender] Failed to connect to 10.10.1.4:5016 (retry 0): Connection refused (os error 111)
[2026-04-19T03:26:58.216Z WARN  network::simple_sender] Failed to connect to 10.10.1.4:5016 (retry 0): Connection refused (os error 111)
[2026-04-19T03:26:58.218Z WARN  network::simple_sender] Failed to connect to 10.10.1.4:5016 (retry 0): Connection refused (os error 111)
[2026-04-19T03:26:58.220Z WARN  network::simple_sender] Failed to connect to 10.10.1.4:5016 (retry 0): Connection refused (os error 111)
[2026-04-19T03:26:58.227Z WARN  network::simple_sender] Failed to connect to 10.10.1.4:5016 (retry 0): Connection refused (os error 111)
[2026-04-19T03:26:58.229Z WARN  network::simple_sender] Failed to connect to 10.10.1.4:5016 (retry 0): Connection refused (os error 111)
[2026-04-19T03:26:58.231Z WARN  network::simple_sender] Failed to connect to 10.10.1.4:5016 (retry 0): Connection refused (os error 111)
[2026-04-19T03:26:58.242Z WARN  network::simple_sender] Failed to connect to 10.10.1.4:5016 (retry 0): Connection refused (os error 111)
[2026-04-19T03:26:58.245Z INFO  worker::batch_maker] Batch aue+6xjWlVOcMKFQcJyp7d73lI3V0V27GA5h9U7JXyo= contains sample tx 2469
[2026-04-19T03:26:58.245Z INFO  worker::batch_maker] Batch aue+6xjWlVOcMKFQcJyp7d73lI3V0V27GA5h9U7JXyo= contains 204800 B
[2026-04-19T03:26:58.249Z WARN  network::simple_sender] Failed to connect to 10.10.1.4:5016 (retry 0): Connection refused (os error 111)
[2026-04-19T03:26:58.253Z WARN  network::simple_sender] Failed to connect to 10.10.1.4:5016 (retry 0): Connection refused (os error 111)
[2026-04-19T03:26:58.256Z WARN  network::simple_sender] Failed to connect to 10.10.1.4:5016 (retry 0): Connection refused (os error 111)
[2026-04-19T03:26:58.269Z WARN  network::simple_sender] Failed to connect to 10.10.1.4:5016 (retry 0): Connection refused (os error 111)
[2026-04-19T03:26:58.271Z WARN  network::simple_sender] Failed to connect to 10.10.1.4:5016 (retry 0): Connection refused (os error 111)
[2026-04-19T03:26:58.276Z WARN  network::simple_sender] Failed to connect to 10.10.1.4:5016 (retry 0): Connection refused (os error 111)
[2026-04-19T03:26:58.278Z WARN  network::simple_sender] Failed to connect to 10.10.1.4:5016 (retry 0): Connection refused (os error 111)
[2026-04-19T03:26:58.279Z WARN  network::simple_sender] Failed to connect to 10.10.1.4:5016 (retry 0): Connection refused (os error 111)
[2026-04-19T03:26:58.285Z WARN  network::simple_sender] Failed to connect to 10.10.1.4:5016 (retry 0): Connection refused (os error 111)
[2026-04-19T03:26:58.297Z WARN  network::simple_sender] Failed to connect to 10.10.1.4:5016 (retry 0): Connection refused (os error 111)
[2026-04-19T03:26:58.300Z INFO  worker::batch_maker] Batch pxureJUqxBln0RgWLEOCa6PxHP8eQppblxx32nkahII= contains sample tx 2470
[2026-04-19T03:26:58.300Z INFO  worker::batch_maker] Batch pxureJUqxBln0RgWLEOCa6PxHP8eQppblxx32nkahII= contains 204800 B
[2026-04-19T03:26:58.304Z WARN  network::simple_sender] Failed to connect to 10.10.1.4:5016 (retry 0): Connection refused (os error 111)
[2026-04-19T03:26:58.307Z WARN  network::simple_sender] Failed to connect to 10.10.1.4:5016 (retry 0): Connection refused (os error 111)
[2026-04-19T03:26:58.309Z WARN  network::simple_sender] Failed to connect to 10.10.1.4:5016 (retry 0): Connection refused (os error 111)
[2026-04-19T03:26:58.321Z WARN  network::simple_sender] Failed to connect to 10.10.1.4:5016 (retry 0): Connection refused (os error 111)
[2026-04-19T03:26:58.324Z WARN  network::simple_sender] Failed to connect to 10.10.1.4:5016 (retry 0): Connection refused (os error 111)
[2026-04-19T03:26:58.326Z WARN  network::simple_sender] Failed to connect to 10.10.1.4:5016 (retry 0): Connection refused (os error 111)
[2026-04-19T03:26:58.330Z WARN  network::simple_sender] Failed to connect to 10.10.1.4:5016 (retry 0): Connection refused (os error 111)
[2026-04-19T03:26:58.332Z WARN  network::simple_sender] Failed to connect to 10.10.1.4:5016 (retry 0): Connection refused (os error 111)
[2026-04-19T03:26:58.336Z WARN  network::simple_sender] Failed to connect to 10.10.1.4:5016 (retry 0): Connection refused (os error 111)
[2026-04-19T03:26:58.350Z WARN  network::simple_sender] Failed to connect to 10.10.1.4:5016 (retry 0): Connection refused (os error 111)
[2026-04-19T03:26:58.355Z INFO  worker::batch_maker] Batch pRLGgCQBAvsdCyc2SXw+t5b9kHGnUuf9NGNEBPP1YSU= contains sample tx 2471
[2026-04-19T03:26:58.355Z INFO  worker::batch_maker] Batch pRLGgCQBAvsdCyc2SXw+t5b9kHGnUuf9NGNEBPP1YSU= contains sample tx 2472
[2026-04-19T03:26:58.355Z INFO  worker::batch_maker] Batch pRLGgCQBAvsdCyc2SXw+t5b9kHGnUuf9NGNEBPP1YSU= contains 292864 B
[2026-04-19T03:26:58.360Z WARN  network::simple_sender] Failed to connect to 10.10.1.4:5016 (retry 0): Connection refused (os error 111)
[2026-04-19T03:26:58.362Z WARN  network::simple_sender] Failed to connect to 10.10.1.4:5016 (retry 0): Connection refused (os error 111)
[2026-04-19T03:26:58.365Z WARN  network::simple_sender] Failed to connect to 10.10.1.4:5016 (retry 0): Connection refused (os error 111)
[2026-04-19T03:26:58.375Z WARN  network::simple_sender] Failed to connect to 10.10.1.4:5016 (retry 0): Connection refused (os error 111)
[2026-04-19T03:26:58.378Z WARN  network::simple_sender] Failed to connect to 10.10.1.4:5016 (retry 0): Connection refused (os error 111)
[2026-04-19T03:26:58.379Z WARN  network::simple_sender] Failed to connect to 10.10.1.4:5016 (retry 0): Connection refused (os error 111)
[2026-04-19T03:26:58.384Z WARN  network::simple_sender] Failed to connect to 10.10.1.4:5016 (retry 0): Connection refused (os error 111)
[2026-04-19T03:26:58.390Z WARN  network::simple_sender] Failed to connect to 10.10.1.4:5016 (retry 0): Connection refused (os error 111)
[2026-04-19T03:26:58.404Z WARN  network::simple_sender] Failed to connect to 10.10.1.4:5016 (retry 0): Connection refused (os error 111)
[2026-04-19T03:26:58.410Z INFO  worker::batch_maker] Batch BPSX/itCV6YsAWD7GTyTW0OVN21SXgi+72p8pdhGow8= contains sample tx 2473
[2026-04-19T03:26:58.410Z INFO  worker::batch_maker] Batch BPSX/itCV6YsAWD7GTyTW0OVN21SXgi+72p8pdhGow8= contains 321536 B
[2026-04-19T03:26:58.416Z WARN  network::simple_sender] Failed to connect to 10.10.1.4:5016 (retry 0): Connection refused (os error 111)
[2026-04-19T03:26:58.417Z WARN  network::simple_sender] Failed to connect to 10.10.1.4:5016 (retry 0): Connection refused (os error 111)
[2026-04-19T03:26:58.420Z WARN  network::simple_sender] Failed to connect to 10.10.1.4:5016 (retry 0): Connection refused (os error 111)
[2026-04-19T03:26:58.428Z WARN  network::simple_sender] Failed to connect to 10.10.1.4:5016 (retry 0): Connection refused (os error 111)
[2026-04-19T03:26:58.432Z WARN  network::simple_sender] Failed to connect to 10.10.1.4:5016 (retry 0): Connection refused (os error 111)
[2026-04-19T03:26:58.433Z WARN  network::simple_sender] Failed to connect to 10.10.1.4:5016 (retry 0): Connection refused (os error 111)
[2026-04-19T03:26:58.438Z WARN  network::simple_sender] Failed to connect to 10.10.1.4:5016 (retry 0): Connection refused (os error 111)
[2026-04-19T03:26:58.443Z WARN  network::simple_sender] Failed to connect to 10.10.1.4:5016 (retry 0): Connection refused (os error 111)
[2026-04-19T03:26:58.459Z WARN  network::simple_sender] Failed to connect to 10.10.1.4:5016 (retry 0): Connection refused (os error 111)
[2026-04-19T03:26:58.464Z INFO  worker::batch_maker] Batch zN+TAeyqINOJ3SJZfE7jl+PZnLmYVzYcW2oU37PNom0= contains sample tx 2474
[2026-04-19T03:26:58.464Z INFO  worker::batch_maker] Batch zN+TAeyqINOJ3SJZfE7jl+PZnLmYVzYcW2oU37PNom0= contains 204800 B
[2026-04-19T03:26:58.468Z WARN  network::simple_sender] Failed to connect to 10.10.1.4:5016 (retry 0): Connection refused (os error 111)
[2026-04-19T03:26:58.471Z WARN  network::simple_sender] Failed to connect to 10.10.1.4:5016 (retry 0): Connection refused (os error 111)
[2026-04-19T03:26:58.474Z WARN  network::simple_sender] Failed to connect to 10.10.1.4:5016 (retry 0): Connection refused (os error 111)
[2026-04-19T03:26:58.477Z WARN  network::simple_sender] Failed to connect to 10.10.1.4:5016 (retry 0): Connection refused (os error 111)
[2026-04-19T03:26:58.481Z WARN  network::simple_sender] Failed to connect to 10.10.1.4:5016 (retry 0): Connection refused (os error 111)
[2026-04-19T03:26:58.485Z WARN  network::simple_sender] Failed to connect to 10.10.1.4:5016 (retry 0): Connection refused (os error 111)
[2026-04-19T03:26:58.486Z WARN  network::simple_sender] Failed to connect to 10.10.1.4:5016 (retry 0): Connection refused (os error 111)
[2026-04-19T03:26:58.493Z WARN  network::simple_sender] Failed to connect to 10.10.1.4:5016 (retry 0): Connection refused (os error 111)
[2026-04-19T03:26:58.496Z WARN  network::simple_sender] Failed to connect to 10.10.1.4:5016 (retry 0): Connection refused (os error 111)
[2026-04-19T03:26:58.518Z INFO  worker::batch_maker] Batch 6yNgBjZ2oHv4VnGOSn+xKdAKiJJTBfU23z2SwNCodzY= contains sample tx 2475
[2026-04-19T03:26:58.518Z INFO  worker::batch_maker] Batch 6yNgBjZ2oHv4VnGOSn+xKdAKiJJTBfU23z2SwNCodzY= contains 204800 B
[2026-04-19T03:26:58.520Z WARN  network::simple_sender] Failed to connect to 10.10.1.4:5016 (retry 0): Connection refused (os error 111)
[2026-04-19T03:26:58.522Z WARN  network::simple_sender] Failed to connect to 10.10.1.4:5016 (retry 0): Connection refused (os error 111)
[2026-04-19T03:26:58.524Z WARN  network::simple_sender] Failed to connect to 10.10.1.4:5016 (retry 0): Connection refused (os error 111)
[2026-04-19T03:26:58.525Z WARN  network::simple_sender] Failed to connect to 10.10.1.4:5016 (retry 0): Connection refused (os error 111)
[2026-04-19T03:26:58.529Z WARN  network::simple_sender] Failed to connect to 10.10.1.4:5016 (retry 0): Connection refused (os error 111)
[2026-04-19T03:26:58.534Z WARN  network::simple_sender] Failed to connect to 10.10.1.4:5016 (retry 0): Connection refused (os error 111)
[2026-04-19T03:26:58.536Z WARN  network::simple_sender] Failed to connect to 10.10.1.4:5016 (retry 0): Connection refused (os error 111)
[2026-04-19T03:26:58.538Z WARN  network::simple_sender] Failed to connect to 10.10.1.4:5016 (retry 0): Connection refused (os error 111)
[2026-04-19T03:26:58.546Z WARN  network::simple_sender] Failed to connect to 10.10.1.4:5016 (retry 0): Connection refused (os error 111)
[2026-04-19T03:26:58.549Z WARN  network::simple_sender] Failed to connect to 10.10.1.4:5016 (retry 0): Connection refused (os error 111)
[2026-04-19T03:26:58.567Z WARN  network::simple_sender] Failed to connect to 10.10.1.4:5016 (retry 0): Connection refused (os error 111)
[2026-04-19T03:26:58.569Z WARN  network::simple_sender] Failed to connect to 10.10.1.4:5016 (retry 0): Connection refused (os error 111)
[2026-04-19T03:26:58.571Z INFO  worker::batch_maker] Batch nDvUBFWWh9EtOWm/mjEtWc4KErM1i2VAab/+U0KbFh4= contains sample tx 2476
[2026-04-19T03:26:58.571Z INFO  worker::batch_maker] Batch nDvUBFWWh9EtOWm/mjEtWc4KErM1i2VAab/+U0KbFh4= contains 204800 B
[2026-04-19T03:26:58.573Z WARN  network::simple_sender] Failed to connect to 10.10.1.4:5016 (retry 0): Connection refused (os error 111)
[2026-04-19T03:26:58.576Z WARN  network::simple_sender] Failed to connect to 10.10.1.4:5016 (retry 0): Connection refused (os error 111)
[2026-04-19T03:26:58.580Z WARN  network::simple_sender] Failed to connect to 10.10.1.4:5016 (retry 0): Connection refused (os error 111)
[2026-04-19T03:26:58.586Z WARN  network::simple_sender] Failed to connect to 10.10.1.4:5016 (retry 0): Connection refused (os error 111)
[2026-04-19T03:26:58.587Z WARN  network::simple_sender] Failed to connect to 10.10.1.4:5016 (retry 0): Connection refused (os error 111)
[2026-04-19T03:26:58.590Z WARN  network::simple_sender] Failed to connect to 10.10.1.4:5016 (retry 0): Connection refused (os error 111)
[2026-04-19T03:26:58.599Z WARN  network::simple_sender] Failed to connect to 10.10.1.4:5016 (retry 0): Connection refused (os error 111)
[2026-04-19T03:26:58.602Z WARN  network::simple_sender] Failed to connect to 10.10.1.4:5016 (retry 0): Connection refused (os error 111)
[2026-04-19T03:26:58.622Z WARN  network::simple_sender] Failed to connect to 10.10.1.4:5016 (retry 0): Connection refused (os error 111)
[2026-04-19T03:26:58.624Z WARN  network::simple_sender] Failed to connect to 10.10.1.4:5016 (retry 0): Connection refused (os error 111)
[2026-04-19T03:26:58.624Z INFO  worker::batch_maker] Batch ZAcpne9JWIhp1S/9ZFwAxL5gT8jjS0gmrqja0oGWqYw= contains sample tx 2477
[2026-04-19T03:26:58.624Z INFO  worker::batch_maker] Batch ZAcpne9JWIhp1S/9ZFwAxL5gT8jjS0gmrqja0oGWqYw= contains 204800 B
[2026-04-19T03:26:58.628Z WARN  network::simple_sender] Failed to connect to 10.10.1.4:5016 (retry 0): Connection refused (os error 111)
[2026-04-19T03:26:58.630Z WARN  network::simple_sender] Failed to connect to 10.10.1.4:5016 (retry 0): Connection refused (os error 111)
[2026-04-19T03:26:58.633Z WARN  network::simple_sender] Failed to connect to 10.10.1.4:5016 (retry 0): Connection refused (os error 111)
[2026-04-19T03:26:58.639Z WARN  network::simple_sender] Failed to connect to 10.10.1.4:5016 (retry 0): Connection refused (os error 111)
[2026-04-19T03:26:58.642Z WARN  network::simple_sender] Failed to connect to 10.10.1.4:5016 (retry 0): Connection refused (os error 111)
[2026-04-19T03:26:58.643Z WARN  network::simple_sender] Failed to connect to 10.10.1.4:5016 (retry 0): Connection refused (os error 111)
[2026-04-19T03:26:58.653Z WARN  network::simple_sender] Failed to connect to 10.10.1.4:5016 (retry 0): Connection refused (os error 111)
[2026-04-19T03:26:58.657Z WARN  network::simple_sender] Failed to connect to 10.10.1.4:5016 (retry 0): Connection refused (os error 111)
[2026-04-19T03:26:58.674Z WARN  network::simple_sender] Failed to connect to 10.10.1.4:5016 (retry 0): Connection refused (os error 111)
[2026-04-19T03:26:58.674Z WARN  network::simple_sender] Failed to connect to 10.10.1.4:5016 (retry 0): Connection refused (os error 111)
[2026-04-19T03:26:58.675Z INFO  worker::batch_maker] Batch 3tKaUaRRo3e2uaSAbO9TxY9vARAXCzMR4ojXaSMFkf8= contains sample tx 2478
[2026-04-19T03:26:58.675Z INFO  worker::batch_maker] Batch 3tKaUaRRo3e2uaSAbO9TxY9vARAXCzMR4ojXaSMFkf8= contains 204800 B
[2026-04-19T03:26:58.678Z WARN  network::simple_sender] Failed to connect to 10.10.1.4:5016 (retry 0): Connection refused (os error 111)
[2026-04-19T03:26:58.681Z WARN  network::simple_sender] Failed to connect to 10.10.1.4:5016 (retry 0): Connection refused (os error 111)
[2026-04-19T03:26:58.683Z WARN  network::simple_sender] Failed to connect to 10.10.1.4:5016 (retry 0): Connection refused (os error 111)
[2026-04-19T03:26:58.692Z WARN  network::simple_sender] Failed to connect to 10.10.1.4:5016 (retry 0): Connection refused (os error 111)
[2026-04-19T03:26:58.696Z WARN  network::simple_sender] Failed to connect to 10.10.1.4:5016 (retry 0): Connection refused (os error 111)
[2026-04-19T03:26:58.708Z WARN  network::simple_sender] Failed to connect to 10.10.1.4:5016 (retry 0): Connection refused (os error 111)
[2026-04-19T03:26:58.715Z WARN  network::simple_sender] Failed to connect to 10.10.1.4:5016 (retry 0): Connection refused (os error 111)
[2026-04-19T03:26:58.727Z WARN  network::simple_sender] Failed to connect to 10.10.1.4:5016 (retry 0): Connection refused (os error 111)
[2026-04-19T03:26:58.728Z WARN  network::simple_sender] Failed to connect to 10.10.1.4:5016 (retry 0): Connection refused (os error 111)
[2026-04-19T03:26:58.729Z INFO  worker::batch_maker] Batch wpSGfnGO8QaUtq1FltZ9RMazh9bCNZfn8iLGGHmsbVc= contains sample tx 2479
[2026-04-19T03:26:58.729Z INFO  worker::batch_maker] Batch wpSGfnGO8QaUtq1FltZ9RMazh9bCNZfn8iLGGHmsbVc= contains 204800 B
[2026-04-19T03:26:58.731Z WARN  network::simple_sender] Failed to connect to 10.10.1.4:5016 (retry 0): Connection refused (os error 111)
[2026-04-19T03:26:58.735Z WARN  network::simple_sender] Failed to connect to 10.10.1.4:5016 (retry 0): Connection refused (os error 111)
[2026-04-19T03:26:58.737Z WARN  network::simple_sender] Failed to connect to 10.10.1.4:5016 (retry 0): Connection refused (os error 111)
[2026-04-19T03:26:58.745Z WARN  network::simple_sender] Failed to connect to 10.10.1.4:5016 (retry 0): Connection refused (os error 111)
[2026-04-19T03:26:58.750Z WARN  network::simple_sender] Failed to connect to 10.10.1.4:5016 (retry 0): Connection refused (os error 111)
[2026-04-19T03:26:58.761Z WARN  network::simple_sender] Failed to connect to 10.10.1.4:5016 (retry 0): Connection refused (os error 111)
[2026-04-19T03:26:58.767Z WARN  network::simple_sender] Failed to connect to 10.10.1.4:5016 (retry 0): Connection refused (os error 111)
[2026-04-19T03:26:58.780Z WARN  network::simple_sender] Failed to connect to 10.10.1.4:5016 (retry 0): Connection refused (os error 111)
[2026-04-19T03:26:58.781Z WARN  network::simple_sender] Failed to connect to 10.10.1.4:5016 (retry 0): Connection refused (os error 111)
[2026-04-19T03:26:58.782Z WARN  network::simple_sender] Failed to connect to 10.10.1.4:5016 (retry 0): Connection refused (os error 111)
[2026-04-19T03:26:58.782Z INFO  worker::batch_maker] Batch J1/uSAi1smdnsR0xYa7AXhPf1zicYSfU21LSUbLW1p4= contains sample tx 2480
[2026-04-19T03:26:58.782Z INFO  worker::batch_maker] Batch J1/uSAi1smdnsR0xYa7AXhPf1zicYSfU21LSUbLW1p4= contains 204800 B
[2026-04-19T03:26:58.785Z WARN  network::simple_sender] Failed to connect to 10.10.1.4:5016 (retry 0): Connection refused (os error 111)
[2026-04-19T03:26:58.788Z WARN  network::simple_sender] Failed to connect to 10.10.1.4:5016 (retry 0): Connection refused (os error 111)
[2026-04-19T03:26:58.790Z WARN  network::simple_sender] Failed to connect to 10.10.1.4:5016 (retry 0): Connection refused (os error 111)
[2026-04-19T03:26:58.800Z WARN  network::simple_sender] Failed to connect to 10.10.1.4:5016 (retry 0): Connection refused (os error 111)
[2026-04-19T03:26:58.806Z WARN  network::simple_sender] Failed to connect to 10.10.1.4:5016 (retry 0): Connection refused (os error 111)
[2026-04-19T03:26:58.815Z WARN  network::simple_sender] Failed to connect to 10.10.1.4:5016 (retry 0): Connection refused (os error 111)
[2026-04-19T03:26:58.820Z WARN  network::simple_sender] Failed to connect to 10.10.1.4:5016 (retry 0): Connection refused (os error 111)
[2026-04-19T03:26:58.825Z WARN  network::simple_sender] Failed to connect to 10.10.1.4:5016 (retry 0): Connection refused (os error 111)
[2026-04-19T03:26:58.834Z WARN  network::simple_sender] Failed to connect to 10.10.1.4:5016 (retry 0): Connection refused (os error 111)
[2026-04-19T03:26:58.835Z INFO  worker::batch_maker] Batch vScDGgCIB0/6Q0NvCrkmjZ4MsCIPOOypKNP5lp8KpNE= contains sample tx 2481
[2026-04-19T03:26:58.835Z INFO  worker::batch_maker] Batch vScDGgCIB0/6Q0NvCrkmjZ4MsCIPOOypKNP5lp8KpNE= contains 204800 B
[2026-04-19T03:26:58.836Z WARN  network::simple_sender] Failed to connect to 10.10.1.4:5016 (retry 0): Connection refused (os error 111)
[2026-04-19T03:26:58.839Z WARN  network::simple_sender] Failed to connect to 10.10.1.4:5016 (retry 0): Connection refused (os error 111)
[2026-04-19T03:26:58.841Z WARN  network::simple_sender] Failed to connect to 10.10.1.4:5016 (retry 0): Connection refused (os error 111)
[2026-04-19T03:26:58.844Z WARN  network::simple_sender] Failed to connect to 10.10.1.4:5016 (retry 0): Connection refused (os error 111)
[2026-04-19T03:26:58.851Z WARN  network::simple_sender] Failed to connect to 10.10.1.4:5016 (retry 0): Connection refused (os error 111)
[2026-04-19T03:26:58.862Z WARN  network::simple_sender] Failed to connect to 10.10.1.4:5016 (retry 0): Connection refused (os error 111)
[2026-04-19T03:26:58.869Z WARN  network::simple_sender] Failed to connect to 10.10.1.4:5016 (retry 0): Connection refused (os error 111)
[2026-04-19T03:26:58.870Z WARN  network::simple_sender] Failed to connect to 10.10.1.4:5016 (retry 0): Connection refused (os error 111)
[2026-04-19T03:26:58.874Z WARN  network::simple_sender] Failed to connect to 10.10.1.4:5016 (retry 0): Connection refused (os error 111)
[2026-04-19T03:26:58.886Z WARN  network::simple_sender] Failed to connect to 10.10.1.4:5016 (retry 0): Connection refused (os error 111)
[2026-04-19T03:26:58.887Z WARN  network::simple_sender] Failed to connect to 10.10.1.4:5016 (retry 0): Connection refused (os error 111)
[2026-04-19T03:26:58.889Z INFO  worker::batch_maker] Batch l9/NMGlwZtjVgHrsUnlEzqycjiQvUGOv6TBm9WlLyXs= contains sample tx 2482
[2026-04-19T03:26:58.889Z INFO  worker::batch_maker] Batch l9/NMGlwZtjVgHrsUnlEzqycjiQvUGOv6TBm9WlLyXs= contains 204800 B
[2026-04-19T03:26:58.893Z WARN  network::simple_sender] Failed to connect to 10.10.1.4:5016 (retry 0): Connection refused (os error 111)
[2026-04-19T03:26:58.896Z WARN  network::simple_sender] Failed to connect to 10.10.1.4:5016 (retry 0): Connection refused (os error 111)
[2026-04-19T03:26:58.898Z WARN  network::simple_sender] Failed to connect to 10.10.1.4:5016 (retry 0): Connection refused (os error 111)
[2026-04-19T03:26:58.904Z WARN  network::simple_sender] Failed to connect to 10.10.1.4:5016 (retry 0): Connection refused (os error 111)
[2026-04-19T03:26:58.915Z WARN  network::simple_sender] Failed to connect to 10.10.1.4:5016 (retry 0): Connection refused (os error 111)
[2026-04-19T03:26:58.917Z WARN  network::simple_sender] Failed to connect to 10.10.1.4:5016 (retry 0): Connection refused (os error 111)
[2026-04-19T03:26:58.926Z WARN  network::simple_sender] Failed to connect to 10.10.1.4:5016 (retry 0): Connection refused (os error 111)
[2026-04-19T03:26:58.928Z WARN  network::simple_sender] Failed to connect to 10.10.1.4:5016 (retry 0): Connection refused (os error 111)
[2026-04-19T03:26:58.938Z WARN  network::simple_sender] Failed to connect to 10.10.1.4:5016 (retry 0): Connection refused (os error 111)
[2026-04-19T03:26:58.940Z WARN  network::simple_sender] Failed to connect to 10.10.1.4:5016 (retry 0): Connection refused (os error 111)
[2026-04-19T03:26:58.943Z INFO  worker::batch_maker] Batch aL4cHpcXfSXz0Tanmo3XSyA6Na+LsfkyRnipOnga7ys= contains sample tx 2483
[2026-04-19T03:26:58.943Z INFO  worker::batch_maker] Batch aL4cHpcXfSXz0Tanmo3XSyA6Na+LsfkyRnipOnga7ys= contains 204800 B
[2026-04-19T03:26:58.947Z WARN  network::simple_sender] Failed to connect to 10.10.1.4:5016 (retry 0): Connection refused (os error 111)
[2026-04-19T03:26:58.950Z WARN  network::simple_sender] Failed to connect to 10.10.1.4:5016 (retry 0): Connection refused (os error 111)
[2026-04-19T03:26:58.951Z WARN  network::simple_sender] Failed to connect to 10.10.1.4:5016 (retry 0): Connection refused (os error 111)
[2026-04-19T03:26:58.955Z WARN  network::simple_sender] Failed to connect to 10.10.1.4:5016 (retry 0): Connection refused (os error 111)
[2026-04-19T03:26:58.969Z WARN  network::simple_sender] Failed to connect to 10.10.1.4:5016 (retry 0): Connection refused (os error 111)
[2026-04-19T03:26:58.977Z WARN  network::simple_sender] Failed to connect to 10.10.1.4:5016 (retry 0): Connection refused (os error 111)
[2026-04-19T03:26:58.979Z WARN  network::simple_sender] Failed to connect to 10.10.1.4:5016 (retry 0): Connection refused (os error 111)
[2026-04-19T03:26:58.982Z WARN  network::simple_sender] Failed to connect to 10.10.1.4:5016 (retry 0): Connection refused (os error 111)
[2026-04-19T03:26:58.991Z WARN  network::simple_sender] Failed to connect to 10.10.1.4:5016 (retry 0): Connection refused (os error 111)
[2026-04-19T03:26:58.993Z WARN  network::simple_sender] Failed to connect to 10.10.1.4:5016 (retry 0): Connection refused (os error 111)
[2026-04-19T03:26:58.997Z INFO  worker::batch_maker] Batch FAR7lPapbH1QQ2c4eTt3OLBlz/jUCU0XI0HIaeETydQ= contains sample tx 2484
[2026-04-19T03:26:58.997Z INFO  worker::batch_maker] Batch FAR7lPapbH1QQ2c4eTt3OLBlz/jUCU0XI0HIaeETydQ= contains 204800 B
[2026-04-19T03:26:59.001Z WARN  network::simple_sender] Failed to connect to 10.10.1.4:5016 (retry 0): Connection refused (os error 111)
[2026-04-19T03:26:59.004Z WARN  network::simple_sender] Failed to connect to 10.10.1.4:5016 (retry 0): Connection refused (os error 111)
[2026-04-19T03:26:59.006Z WARN  network::simple_sender] Failed to connect to 10.10.1.4:5016 (retry 0): Connection refused (os error 111)
[2026-04-19T03:26:59.010Z WARN  network::simple_sender] Failed to connect to 10.10.1.4:5016 (retry 0): Connection refused (os error 111)
[2026-04-19T03:26:59.023Z WARN  network::simple_sender] Failed to connect to 10.10.1.4:5016 (retry 0): Connection refused (os error 111)
[2026-04-19T03:26:59.025Z WARN  network::simple_sender] Failed to connect to 10.10.1.4:5016 (retry 0): Connection refused (os error 111)
[2026-04-19T03:26:59.029Z WARN  network::simple_sender] Failed to connect to 10.10.1.4:5016 (retry 0): Connection refused (os error 111)
[2026-04-19T03:26:59.034Z WARN  network::simple_sender] Failed to connect to 10.10.1.4:5016 (retry 0): Connection refused (os error 111)
[2026-04-19T03:26:59.043Z WARN  network::simple_sender] Failed to connect to 10.10.1.4:5016 (retry 0): Connection refused (os error 111)
[2026-04-19T03:26:59.044Z WARN  network::simple_sender] Failed to connect to 10.10.1.4:5016 (retry 0): Connection refused (os error 111)
[2026-04-19T03:26:59.051Z INFO  worker::batch_maker] Batch r7eWBw9Y/5LjNYmhHfG17XF0oG7yu4LGybammpUG4rI= contains sample tx 2485
[2026-04-19T03:26:59.051Z INFO  worker::batch_maker] Batch r7eWBw9Y/5LjNYmhHfG17XF0oG7yu4LGybammpUG4rI= contains sample tx 2486
[2026-04-19T03:26:59.051Z INFO  worker::batch_maker] Batch r7eWBw9Y/5LjNYmhHfG17XF0oG7yu4LGybammpUG4rI= contains 409600 B
[2026-04-19T03:26:59.056Z WARN  network::simple_sender] Failed to connect to 10.10.1.4:5016 (retry 0): Connection refused (os error 111)
[2026-04-19T03:26:59.057Z WARN  network::simple_sender] Failed to connect to 10.10.1.4:5016 (retry 0): Connection refused (os error 111)
[2026-04-19T03:26:59.057Z WARN  network::simple_sender] Failed to connect to 10.10.1.4:5016 (retry 0): Connection refused (os error 111)
[2026-04-19T03:26:59.060Z WARN  network::simple_sender] Failed to connect to 10.10.1.4:5016 (retry 0): Connection refused (os error 111)
[2026-04-19T03:26:59.073Z WARN  network::simple_sender] Failed to connect to 10.10.1.4:5016 (retry 0): Connection refused (os error 111)
[2026-04-19T03:26:59.075Z WARN  network::simple_sender] Failed to connect to 10.10.1.4:5016 (retry 0): Connection refused (os error 111)
[2026-04-19T03:26:59.080Z WARN  network::simple_sender] Failed to connect to 10.10.1.4:5016 (retry 0): Connection refused (os error 111)
[2026-04-19T03:26:59.087Z WARN  network::simple_sender] Failed to connect to 10.10.1.4:5016 (retry 0): Connection refused (os error 111)
[2026-04-19T03:26:59.096Z WARN  network::simple_sender] Failed to connect to 10.10.1.4:5016 (retry 0): Connection refused (os error 111)
[2026-04-19T03:26:59.097Z WARN  network::simple_sender] Failed to connect to 10.10.1.4:5016 (retry 0): Connection refused (os error 111)
[2026-04-19T03:26:59.103Z INFO  worker::batch_maker] Batch fM1/g1LmcumZjhsG09uz73YkctWX8QgMKxOLi6SV0k4= contains sample tx 2487
[2026-04-19T03:26:59.103Z INFO  worker::batch_maker] Batch fM1/g1LmcumZjhsG09uz73YkctWX8QgMKxOLi6SV0k4= contains 204800 B
[2026-04-19T03:26:59.106Z WARN  network::simple_sender] Failed to connect to 10.10.1.4:5016 (retry 0): Connection refused (os error 111)
[2026-04-19T03:26:59.109Z WARN  network::simple_sender] Failed to connect to 10.10.1.4:5016 (retry 0): Connection refused (os error 111)
[2026-04-19T03:26:59.114Z WARN  network::simple_sender] Failed to connect to 10.10.1.4:5016 (retry 0): Connection refused (os error 111)
[2026-04-19T03:26:59.116Z WARN  network::simple_sender] Failed to connect to 10.10.1.4:5016 (retry 0): Connection refused (os error 111)
[2026-04-19T03:26:59.128Z WARN  network::simple_sender] Failed to connect to 10.10.1.4:5016 (retry 0): Connection refused (os error 111)
[2026-04-19T03:26:59.132Z WARN  network::simple_sender] Failed to connect to 10.10.1.4:5016 (retry 0): Connection refused (os error 111)
[2026-04-19T03:26:59.134Z WARN  network::simple_sender] Failed to connect to 10.10.1.4:5016 (retry 0): Connection refused (os error 111)
[2026-04-19T03:26:59.141Z WARN  network::simple_sender] Failed to connect to 10.10.1.4:5016 (retry 0): Connection refused (os error 111)
[2026-04-19T03:26:59.150Z WARN  network::simple_sender] Failed to connect to 10.10.1.4:5016 (retry 0): Connection refused (os error 111)
[2026-04-19T03:26:59.150Z WARN  network::simple_sender] Failed to connect to 10.10.1.4:5016 (retry 0): Connection refused (os error 111)
[2026-04-19T03:26:59.156Z INFO  worker::batch_maker] Batch 6GvYoKjQ1jb/ZGbLwiIZtpsMKhSJvhpdXSP4UwFNu7A= contains sample tx 2488
[2026-04-19T03:26:59.156Z INFO  worker::batch_maker] Batch 6GvYoKjQ1jb/ZGbLwiIZtpsMKhSJvhpdXSP4UwFNu7A= contains 204800 B
[2026-04-19T03:26:59.158Z WARN  network::simple_sender] Failed to connect to 10.10.1.4:5016 (retry 0): Connection refused (os error 111)
[2026-04-19T03:26:59.164Z WARN  network::simple_sender] Failed to connect to 10.10.1.4:5016 (retry 0): Connection refused (os error 111)
[2026-04-19T03:26:59.166Z WARN  network::simple_sender] Failed to connect to 10.10.1.4:5016 (retry 0): Connection refused (os error 111)
[2026-04-19T03:26:59.170Z WARN  network::simple_sender] Failed to connect to 10.10.1.4:5016 (retry 0): Connection refused (os error 111)
[2026-04-19T03:26:59.181Z WARN  network::simple_sender] Failed to connect to 10.10.1.4:5016 (retry 0): Connection refused (os error 111)
[2026-04-19T03:26:59.184Z WARN  network::simple_sender] Failed to connect to 10.10.1.4:5016 (retry 0): Connection refused (os error 111)
[2026-04-19T03:26:59.187Z WARN  network::simple_sender] Failed to connect to 10.10.1.4:5016 (retry 0): Connection refused (os error 111)
[2026-04-19T03:26:59.195Z WARN  network::simple_sender] Failed to connect to 10.10.1.4:5016 (retry 0): Connection refused (os error 111)
[2026-04-19T03:26:59.201Z WARN  network::simple_sender] Failed to connect to 10.10.1.4:5016 (retry 0): Connection refused (os error 111)
[2026-04-19T03:26:59.203Z WARN  network::simple_sender] Failed to connect to 10.10.1.4:5016 (retry 0): Connection refused (os error 111)
[2026-04-19T03:26:59.208Z INFO  worker::batch_maker] Batch oROUeNTrc5lDtEORCoPAJ+Qyhd48rIURIGBDSJhENw0= contains sample tx 2489
[2026-04-19T03:26:59.208Z INFO  worker::batch_maker] Batch oROUeNTrc5lDtEORCoPAJ+Qyhd48rIURIGBDSJhENw0= contains 204800 B
[2026-04-19T03:26:59.210Z WARN  network::simple_sender] Failed to connect to 10.10.1.4:5016 (retry 0): Connection refused (os error 111)
[2026-04-19T03:26:59.215Z WARN  network::simple_sender] Failed to connect to 10.10.1.4:5016 (retry 0): Connection refused (os error 111)
[2026-04-19T03:26:59.219Z WARN  network::simple_sender] Failed to connect to 10.10.1.4:5016 (retry 0): Connection refused (os error 111)
[2026-04-19T03:26:59.220Z WARN  network::simple_sender] Failed to connect to 10.10.1.4:5016 (retry 0): Connection refused (os error 111)
[2026-04-19T03:26:59.235Z WARN  network::simple_sender] Failed to connect to 10.10.1.4:5016 (retry 0): Connection refused (os error 111)
[2026-04-19T03:26:59.239Z WARN  network::simple_sender] Failed to connect to 10.10.1.4:5016 (retry 0): Connection refused (os error 111)
[2026-04-19T03:26:59.242Z WARN  network::simple_sender] Failed to connect to 10.10.1.4:5016 (retry 0): Connection refused (os error 111)
[2026-04-19T03:26:59.250Z WARN  network::simple_sender] Failed to connect to 10.10.1.4:5016 (retry 0): Connection refused (os error 111)
[2026-04-19T03:26:59.256Z WARN  network::simple_sender] Failed to connect to 10.10.1.4:5016 (retry 0): Connection refused (os error 111)
[2026-04-19T03:26:59.258Z WARN  network::simple_sender] Failed to connect to 10.10.1.4:5016 (retry 0): Connection refused (os error 111)
[2026-04-19T03:26:59.261Z INFO  worker::batch_maker] Batch h8h388YEvYSC66KVCH7KeUKxxL/H9ozVbdZO1bhlbUg= contains sample tx 2490
[2026-04-19T03:26:59.261Z INFO  worker::batch_maker] Batch h8h388YEvYSC66KVCH7KeUKxxL/H9ozVbdZO1bhlbUg= contains 204800 B
[2026-04-19T03:26:59.264Z WARN  network::simple_sender] Failed to connect to 10.10.1.4:5016 (retry 0): Connection refused (os error 111)
[2026-04-19T03:26:59.273Z WARN  network::simple_sender] Failed to connect to 10.10.1.4:5016 (retry 0): Connection refused (os error 111)
[2026-04-19T03:26:59.274Z WARN  network::simple_sender] Failed to connect to 10.10.1.4:5016 (retry 0): Connection refused (os error 111)
[2026-04-19T03:26:59.275Z WARN  network::simple_sender] Failed to connect to 10.10.1.4:5016 (retry 0): Connection refused (os error 111)
[2026-04-19T03:26:59.289Z WARN  network::simple_sender] Failed to connect to 10.10.1.4:5016 (retry 0): Connection refused (os error 111)
[2026-04-19T03:26:59.293Z WARN  network::simple_sender] Failed to connect to 10.10.1.4:5016 (retry 0): Connection refused (os error 111)
[2026-04-19T03:26:59.297Z WARN  network::simple_sender] Failed to connect to 10.10.1.4:5016 (retry 0): Connection refused (os error 111)
[2026-04-19T03:26:59.302Z WARN  network::simple_sender] Failed to connect to 10.10.1.4:5016 (retry 0): Connection refused (os error 111)
[2026-04-19T03:26:59.309Z WARN  network::simple_sender] Failed to connect to 10.10.1.4:5016 (retry 0): Connection refused (os error 111)
[2026-04-19T03:26:59.312Z WARN  network::simple_sender] Failed to connect to 10.10.1.4:5016 (retry 0): Connection refused (os error 111)
[2026-04-19T03:26:59.313Z INFO  worker::batch_maker] Batch qrkgPAXybepiRhFNcWp6qdf/CtlaDsNqs/QYWijy1co= contains sample tx 2491
[2026-04-19T03:26:59.313Z INFO  worker::batch_maker] Batch qrkgPAXybepiRhFNcWp6qdf/CtlaDsNqs/QYWijy1co= contains 204800 B
[2026-04-19T03:26:59.316Z WARN  network::simple_sender] Failed to connect to 10.10.1.4:5016 (retry 0): Connection refused (os error 111)
[2026-04-19T03:26:59.324Z WARN  network::simple_sender] Failed to connect to 10.10.1.4:5016 (retry 0): Connection refused (os error 111)
[2026-04-19T03:26:59.327Z WARN  network::simple_sender] Failed to connect to 10.10.1.4:5016 (retry 0): Connection refused (os error 111)
[2026-04-19T03:26:59.328Z WARN  network::simple_sender] Failed to connect to 10.10.1.4:5016 (retry 0): Connection refused (os error 111)
[2026-04-19T03:26:59.343Z WARN  network::simple_sender] Failed to connect to 10.10.1.4:5016 (retry 0): Connection refused (os error 111)
[2026-04-19T03:26:59.345Z WARN  network::simple_sender] Failed to connect to 10.10.1.4:5016 (retry 0): Connection refused (os error 111)
[2026-04-19T03:26:59.351Z WARN  network::simple_sender] Failed to connect to 10.10.1.4:5016 (retry 0): Connection refused (os error 111)
[2026-04-19T03:26:59.357Z WARN  network::simple_sender] Failed to connect to 10.10.1.4:5016 (retry 0): Connection refused (os error 111)
[2026-04-19T03:26:59.365Z WARN  network::simple_sender] Failed to connect to 10.10.1.4:5016 (retry 0): Connection refused (os error 111)
[2026-04-19T03:26:59.366Z INFO  worker::batch_maker] Batch 0Mj3japzXCMpPG5LC7CROsGTkkHlmnLIHpEy1KB9We0= contains sample tx 2492
[2026-04-19T03:26:59.366Z INFO  worker::batch_maker] Batch 0Mj3japzXCMpPG5LC7CROsGTkkHlmnLIHpEy1KB9We0= contains 204800 B
[2026-04-19T03:26:59.367Z WARN  network::simple_sender] Failed to connect to 10.10.1.4:5016 (retry 0): Connection refused (os error 111)
[2026-04-19T03:26:59.369Z WARN  network::simple_sender] Failed to connect to 10.10.1.4:5016 (retry 0): Connection refused (os error 111)
[2026-04-19T03:26:59.380Z WARN  network::simple_sender] Failed to connect to 10.10.1.4:5016 (retry 0): Connection refused (os error 111)
[2026-04-19T03:26:59.382Z WARN  network::simple_sender] Failed to connect to 10.10.1.4:5016 (retry 0): Connection refused (os error 111)
[2026-04-19T03:26:59.383Z WARN  network::simple_sender] Failed to connect to 10.10.1.4:5016 (retry 0): Connection refused (os error 111)
[2026-04-19T03:26:59.397Z WARN  network::simple_sender] Failed to connect to 10.10.1.4:5016 (retry 0): Connection refused (os error 111)
[2026-04-19T03:26:59.399Z WARN  network::simple_sender] Failed to connect to 10.10.1.4:5016 (retry 0): Connection refused (os error 111)
[2026-04-19T03:26:59.403Z WARN  network::simple_sender] Failed to connect to 10.10.1.4:5016 (retry 0): Connection refused (os error 111)
[2026-04-19T03:26:59.409Z WARN  network::simple_sender] Failed to connect to 10.10.1.4:5016 (retry 0): Connection refused (os error 111)
[2026-04-19T03:26:59.415Z WARN  network::simple_sender] Failed to connect to 10.10.1.4:5016 (retry 0): Connection refused (os error 111)
[2026-04-19T03:26:59.416Z WARN  network::simple_sender] Failed to connect to 10.10.1.4:5016 (retry 0): Connection refused (os error 111)
[2026-04-19T03:26:59.419Z INFO  worker::batch_maker] Batch T1r1m3afUYCRhaltH4j7Q2b655PrxnKJsOq1KZ825qE= contains sample tx 2493
[2026-04-19T03:26:59.419Z INFO  worker::batch_maker] Batch T1r1m3afUYCRhaltH4j7Q2b655PrxnKJsOq1KZ825qE= contains 204800 B
[2026-04-19T03:26:59.422Z WARN  network::simple_sender] Failed to connect to 10.10.1.4:5016 (retry 0): Connection refused (os error 111)
[2026-04-19T03:26:59.432Z WARN  network::simple_sender] Failed to connect to 10.10.1.4:5016 (retry 0): Connection refused (os error 111)
[2026-04-19T03:26:59.433Z WARN  network::simple_sender] Failed to connect to 10.10.1.4:5016 (retry 0): Connection refused (os error 111)
[2026-04-19T03:26:59.433Z WARN  network::simple_sender] Failed to connect to 10.10.1.4:5016 (retry 0): Connection refused (os error 111)
[2026-04-19T03:26:59.451Z WARN  network::simple_sender] Failed to connect to 10.10.1.4:5016 (retry 0): Connection refused (os error 111)
[2026-04-19T03:26:59.452Z WARN  network::simple_sender] Failed to connect to 10.10.1.4:5016 (retry 0): Connection refused (os error 111)
[2026-04-19T03:26:59.460Z WARN  network::simple_sender] Failed to connect to 10.10.1.4:5016 (retry 0): Connection refused (os error 111)
[2026-04-19T03:26:59.468Z WARN  network::simple_sender] Failed to connect to 10.10.1.4:5016 (retry 0): Connection refused (os error 111)
[2026-04-19T03:26:59.469Z WARN  network::simple_sender] Failed to connect to 10.10.1.4:5016 (retry 0): Connection refused (os error 111)
[2026-04-19T03:26:59.470Z WARN  network::simple_sender] Failed to connect to 10.10.1.4:5016 (retry 0): Connection refused (os error 111)
[2026-04-19T03:26:59.472Z INFO  worker::batch_maker] Batch Wlh5HxwyyVs25Vr0zxjrB04R5io5PFXvCdFYNvYNsg4= contains sample tx 2494
[2026-04-19T03:26:59.472Z INFO  worker::batch_maker] Batch Wlh5HxwyyVs25Vr0zxjrB04R5io5PFXvCdFYNvYNsg4= contains 204800 B
[2026-04-19T03:26:59.474Z WARN  network::simple_sender] Failed to connect to 10.10.1.4:5016 (retry 0): Connection refused (os error 111)
[2026-04-19T03:26:59.482Z WARN  network::simple_sender] Failed to connect to 10.10.1.4:5016 (retry 0): Connection refused (os error 111)
[2026-04-19T03:26:59.485Z WARN  network::simple_sender] Failed to connect to 10.10.1.4:5016 (retry 0): Connection refused (os error 111)
[2026-04-19T03:26:59.486Z WARN  network::simple_sender] Failed to connect to 10.10.1.4:5016 (retry 0): Connection refused (os error 111)
[2026-04-19T03:26:59.503Z WARN  network::simple_sender] Failed to connect to 10.10.1.4:5016 (retry 0): Connection refused (os error 111)
[2026-04-19T03:26:59.505Z WARN  network::simple_sender] Failed to connect to 10.10.1.4:5016 (retry 0): Connection refused (os error 111)
[2026-04-19T03:26:59.513Z WARN  network::simple_sender] Failed to connect to 10.10.1.4:5016 (retry 0): Connection refused (os error 111)
[2026-04-19T03:26:59.519Z WARN  network::simple_sender] Failed to connect to 10.10.1.4:5016 (retry 0): Connection refused (os error 111)
[2026-04-19T03:26:59.521Z WARN  network::simple_sender] Failed to connect to 10.10.1.4:5016 (retry 0): Connection refused (os error 111)
[2026-04-19T03:26:59.522Z WARN  network::simple_sender] Failed to connect to 10.10.1.4:5016 (retry 0): Connection refused (os error 111)
[2026-04-19T03:26:59.524Z INFO  worker::batch_maker] Batch nehggNAeETG1RyDInW9AJiCIDYXcPbSon9KLudtcEzE= contains sample tx 2495
[2026-04-19T03:26:59.524Z INFO  worker::batch_maker] Batch nehggNAeETG1RyDInW9AJiCIDYXcPbSon9KLudtcEzE= contains 204800 B
[2026-04-19T03:26:59.527Z WARN  network::simple_sender] Failed to connect to 10.10.1.4:5016 (retry 0): Connection refused (os error 111)
[2026-04-19T03:26:59.535Z WARN  network::simple_sender] Failed to connect to 10.10.1.4:5016 (retry 0): Connection refused (os error 111)
[2026-04-19T03:26:59.537Z WARN  network::simple_sender] Failed to connect to 10.10.1.4:5016 (retry 0): Connection refused (os error 111)
[2026-04-19T03:26:59.538Z WARN  network::simple_sender] Failed to connect to 10.10.1.4:5016 (retry 0): Connection refused (os error 111)
[2026-04-19T03:26:59.558Z WARN  network::simple_sender] Failed to connect to 10.10.1.4:5016 (retry 0): Connection refused (os error 111)
[2026-04-19T03:26:59.563Z WARN  network::simple_sender] Failed to connect to 10.10.1.4:5016 (retry 0): Connection refused (os error 111)
[2026-04-19T03:26:59.571Z WARN  network::simple_sender] Failed to connect to 10.10.1.4:5016 (retry 0): Connection refused (os error 111)
[2026-04-19T03:26:59.572Z WARN  network::simple_sender] Failed to connect to 10.10.1.4:5016 (retry 0): Connection refused (os error 111)
[2026-04-19T03:26:59.573Z WARN  network::simple_sender] Failed to connect to 10.10.1.4:5016 (retry 0): Connection refused (os error 111)
[2026-04-19T03:26:59.574Z WARN  network::simple_sender] Failed to connect to 10.10.1.4:5016 (retry 0): Connection refused (os error 111)
[2026-04-19T03:26:59.576Z INFO  worker::batch_maker] Batch oq+iOMDFDowvf6qXmscUL5cga+bODqbw4xcMZRCs1Fg= contains sample tx 2496
[2026-04-19T03:26:59.576Z INFO  worker::batch_maker] Batch oq+iOMDFDowvf6qXmscUL5cga+bODqbw4xcMZRCs1Fg= contains 204800 B
[2026-04-19T03:26:59.579Z WARN  network::simple_sender] Failed to connect to 10.10.1.4:5016 (retry 0): Connection refused (os error 111)
[2026-04-19T03:26:59.588Z WARN  network::simple_sender] Failed to connect to 10.10.1.4:5016 (retry 0): Connection refused (os error 111)
[2026-04-19T03:26:59.589Z WARN  network::simple_sender] Failed to connect to 10.10.1.4:5016 (retry 0): Connection refused (os error 111)
[2026-04-19T03:26:59.590Z WARN  network::simple_sender] Failed to connect to 10.10.1.4:5016 (retry 0): Connection refused (os error 111)
[2026-04-19T03:26:59.613Z WARN  network::simple_sender] Failed to connect to 10.10.1.4:5016 (retry 0): Connection refused (os error 111)
[2026-04-19T03:26:59.614Z WARN  network::simple_sender] Failed to connect to 10.10.1.4:5016 (retry 0): Connection refused (os error 111)
[2026-04-19T03:26:59.624Z WARN  network::simple_sender] Failed to connect to 10.10.1.4:5016 (retry 0): Connection refused (os error 111)
[2026-04-19T03:26:59.625Z WARN  network::simple_sender] Failed to connect to 10.10.1.4:5016 (retry 0): Connection refused (os error 111)
[2026-04-19T03:26:59.626Z WARN  network::simple_sender] Failed to connect to 10.10.1.4:5016 (retry 0): Connection refused (os error 111)
[2026-04-19T03:26:59.627Z WARN  network::simple_sender] Failed to connect to 10.10.1.4:5016 (retry 0): Connection refused (os error 111)
[2026-04-19T03:26:59.629Z INFO  worker::batch_maker] Batch h1b49kSegcg5IJnHhoSpmYttxmrSulokdLZ7jowBGiU= contains sample tx 2497
[2026-04-19T03:26:59.629Z INFO  worker::batch_maker] Batch h1b49kSegcg5IJnHhoSpmYttxmrSulokdLZ7jowBGiU= contains 204800 B
[2026-04-19T03:26:59.632Z WARN  network::simple_sender] Failed to connect to 10.10.1.4:5016 (retry 0): Connection refused (os error 111)
[2026-04-19T03:26:59.641Z WARN  network::simple_sender] Failed to connect to 10.10.1.4:5016 (retry 0): Connection refused (os error 111)
[2026-04-19T03:26:59.642Z WARN  network::simple_sender] Failed to connect to 10.10.1.4:5016 (retry 0): Connection refused (os error 111)
[2026-04-19T03:26:59.643Z WARN  network::simple_sender] Failed to connect to 10.10.1.4:5016 (retry 0): Connection refused (os error 111)
[2026-04-19T03:26:59.668Z WARN  network::simple_sender] Failed to connect to 10.10.1.4:5016 (retry 0): Connection refused (os error 111)
[2026-04-19T03:26:59.673Z WARN  network::simple_sender] Failed to connect to 10.10.1.4:5016 (retry 0): Connection refused (os error 111)
[2026-04-19T03:26:59.677Z WARN  network::simple_sender] Failed to connect to 10.10.1.4:5016 (retry 0): Connection refused (os error 111)
[2026-04-19T03:26:59.678Z WARN  network::simple_sender] Failed to connect to 10.10.1.4:5016 (retry 0): Connection refused (os error 111)
[2026-04-19T03:26:59.679Z WARN  network::simple_sender] Failed to connect to 10.10.1.4:5016 (retry 0): Connection refused (os error 111)
[2026-04-19T03:26:59.680Z WARN  network::simple_sender] Failed to connect to 10.10.1.4:5016 (retry 0): Connection refused (os error 111)
[2026-04-19T03:26:59.681Z INFO  worker::batch_maker] Batch xyjD3Zq5joFJhVKw8IPIUVUi8Z2DvhyzrT+X8a1QEPs= contains sample tx 2498
[2026-04-19T03:26:59.681Z INFO  worker::batch_maker] Batch xyjD3Zq5joFJhVKw8IPIUVUi8Z2DvhyzrT+X8a1QEPs= contains 204800 B
[2026-04-19T03:26:59.683Z WARN  network::simple_sender] Failed to connect to 10.10.1.4:5016 (retry 0): Connection refused (os error 111)
[2026-04-19T03:26:59.695Z WARN  network::simple_sender] Failed to connect to 10.10.1.4:5016 (retry 0): Connection refused (os error 111)
[2026-04-19T03:26:59.696Z WARN  network::simple_sender] Failed to connect to 10.10.1.4:5016 (retry 0): Connection refused (os error 111)
[2026-04-19T03:26:59.699Z WARN  network::simple_sender] Failed to connect to 10.10.1.4:5016 (retry 0): Connection refused (os error 111)
[2026-04-19T03:26:59.722Z WARN  network::simple_sender] Failed to connect to 10.10.1.4:5016 (retry 0): Connection refused (os error 111)
[2026-04-19T03:26:59.723Z WARN  network::simple_sender] Failed to connect to 10.10.1.4:5016 (retry 0): Connection refused (os error 111)
